{
  "status": "FAIL_CANON300_ATTRIBUTION_UNRESOLVED",
  "pass": false,
  "classification": null,
  "permanent_exclusion": null,
  "evidence": [
    {
      "failure_id": "CANON300_AM3_1",
      "original_row": {
        "panel": "A",
        "latent_id": "AM3_M0.98_H0.02_Full_4",
        "m_base": 0.98,
        "h_base": 0.02,
        "mask_category": "Full",
        "replicate": 4,
        "light": "FL2",
        "camera": "Canon 300D",
        "valid_skin_fraction": 1.0,
        "mask_hash": "916b144867c340614f515c7b0e5415c74832d899c05264ded2a277a6e81d81ff",
        "appearance_seed": 12984866444794481566,
        "attempt_count": 128,
        "exposure_ev": -0.2060046012059814,
        "high_clip_element_fraction": 0.0,
        "low_clip_element_fraction": 0.11573282877604167,
        "nonfinite_count": 0,
        "all_zero": false,
        "all_one": false,
        "R_zero_fraction": 0.0,
        "R_one_fraction": 0.0,
        "G_zero_fraction": 0.0,
        "G_one_fraction": 0.0,
        "B_zero_fraction": 0.3466644287109375,
        "B_one_fraction": 0.0
      },
      "reproduction_pass": false,
      "best_attempt": {
        "panel": "A",
        "latent_id": "AM3_M0.98_H0.02_Full_4",
        "m_base": 0.98,
        "h_base": 0.02,
        "mask_category": "Full",
        "replicate": 4,
        "light": "FL2",
        "camera": "Canon 300D",
        "valid_skin_fraction": 1.0,
        "mask_hash": "916b144867c340614f515c7b0e5415c74832d899c05264ded2a277a6e81d81ff",
        "appearance_seed": 6174000897671373164,
        "attempt_count": 100,
        "exposure_ev": -0.07675716738006833,
        "p_zero": false,
        "high_clip_element_fraction": 0.0,
        "low_clip_element_fraction": 0.10112508138020833,
        "nonfinite_count": 0,
        "all_zero": false,
        "all_one": false,
        "R_zero_fraction": 0.0,
        "R_one_fraction": 0.0,
        "G_zero_fraction": 0.0,
        "G_one_fraction": 0.0,
        "B_zero_fraction": 0.3028564453125,
        "B_one_fraction": 0.0,
        "retry_exhausted": true
      },
      "retry_sequence": [
        {
          "panel": "A",
          "latent_id": "AM3_M0.98_H0.02_Full_4",
          "m_base": 0.98,
          "h_base": 0.02,
          "mask_category": "Full",
          "replicate": 4,
          "light": "FL2",
          "camera": "Canon 300D",
          "valid_skin_fraction": 1.0,
          "mask_hash": "916b144867c340614f515c7b0e5415c74832d899c05264ded2a277a6e81d81ff",
          "appearance_seed": 6227078342550532333,
          "attempt_count": 1,
          "exposure_ev": -0.18648042967002243,
          "p_zero": false,
          "high_clip_element_fraction": 0.0,
          "low_clip_element_fraction": 0.12070210774739583,
          "nonfinite_count": 0,
          "all_zero": false,
          "all_one": false,
          "R_zero_fraction": 0.0,
          "R_one_fraction": 0.0,
          "G_zero_fraction": 0.0,
          "G_one_fraction": 0.0,
          "B_zero_fraction": 0.3615570068359375,
          "B_one_fraction": 0.0,
          "retry_exhausted": true
        },
        {
          "panel": "A",
          "latent_id": "AM3_M0.98_H0.02_Full_4",
          "m_base": 0.98,
          "h_base": 0.02,
          "mask_category": "Full",
          "replicate": 4,
          "light": "FL2",
          "camera": "Canon 300D",
          "valid_skin_fraction": 1.0,
          "mask_hash": "916b144867c340614f515c7b0e5415c74832d899c05264ded2a277a6e81d81ff",
          "appearance_seed": 7788965212419954457,
          "attempt_count": 2,
          "exposure_ev": 0.006653165319029486,
          "p_zero": false,
          "high_clip_element_fraction": 0.0,
          "low_clip_element_fraction": 0.11004130045572917,
          "nonfinite_count": 0,
          "all_zero": false,
          "all_one": false,
          "R_zero_fraction": 0.0,
          "R_one_fraction": 0.0,
          "G_zero_fraction": 0.0,
          "G_one_fraction": 0.0,
          "B_zero_fraction": 0.3296966552734375,
          "B_one_fraction": 0.0,
          "retry_exhausted": true
        },
        {
          "panel": "A",
          "latent_id": "AM3_M0.98_H0.02_Full_4",
          "m_base": 0.98,
          "h_base": 0.02,
          "mask_category": "Full",
          "replicate": 4,
          "light": "FL2",
          "camera": "Canon 300D",
          "valid_skin_fraction": 1.0,
          "mask_hash": "916b144867c340614f515c7b0e5415c74832d899c05264ded2a277a6e81d81ff",
          "appearance_seed": 9396699054814469835,
          "attempt_count": 3,
          "exposure_ev": -0.14575754383111272,
          "p_zero": false,
          "high_clip_element_fraction": 0.0,
          "low_clip_element_fraction": 0.12076822916666667,
          "nonfinite_count": 0,
          "all_zero": false,
          "all_one": false,
          "R_zero_fraction": 0.0,
          "R_one_fraction": 0.0,
          "G_zero_fraction": 0.0,
          "G_one_fraction": 0.0,
          "B_zero_fraction": 0.3617706298828125,
          "B_one_fraction": 0.0,
          "retry_exhausted": true
        },
        {
          "panel": "A",
          "latent_id": "AM3_M0.98_H0.02_Full_4",
          "m_base": 0.98,
          "h_base": 0.02,
          "mask_category": "Full",
          "replicate": 4,
          "light": "FL2",
          "camera": "Canon 300D",
          "valid_skin_fraction": 1.0,
          "mask_hash": "916b144867c340614f515c7b0e5415c74832d899c05264ded2a277a6e81d81ff",
          "appearance_seed": 4585070861172732946,
          "attempt_count": 4,
          "exposure_ev": -0.29051394251087315,
          "p_zero": false,
          "high_clip_element_fraction": 0.0,
          "low_clip_element_fraction": 0.11382039388020833,
          "nonfinite_count": 0,
          "all_zero": false,
          "all_one": false,
          "R_zero_fraction": 0.0,
          "R_one_fraction": 0.0,
          "G_zero_fraction": 0.0,
          "G_one_fraction": 0.0,
          "B_zero_fraction": 0.3409271240234375,
          "B_one_fraction": 0.0,
          "retry_exhausted": true
        },
        {
          "panel": "A",
          "latent_id": "AM3_M0.98_H0.02_Full_4",
          "m_base": 0.98,
          "h_base": 0.02,
          "mask_category": "Full",
          "replicate": 4,
          "light": "FL2",
          "camera": "Canon 300D",
          "valid_skin_fraction": 1.0,
          "mask_hash": "916b144867c340614f515c7b0e5415c74832d899c05264ded2a277a6e81d81ff",
          "appearance_seed": 18326055707741721028,
          "attempt_count": 5,
          "exposure_ev": -0.15866286385919726,
          "p_zero": false,
          "high_clip_element_fraction": 0.0,
          "low_clip_element_fraction": 0.11974589029947917,
          "nonfinite_count": 0,
          "all_zero": false,
          "all_one": false,
          "R_zero_fraction": 0.0,
          "R_one_fraction": 0.0,
          "G_zero_fraction": 0.0,
          "G_one_fraction": 0.0,
          "B_zero_fraction": 0.3586883544921875,
          "B_one_fraction": 0.0,
          "retry_exhausted": true
        },
        {
          "panel": "A",
          "latent_id": "AM3_M0.98_H0.02_Full_4",
          "m_base": 0.98,
          "h_base": 0.02,
          "mask_category": "Full",
          "replicate": 4,
          "light": "FL2",
          "camera": "Canon 300D",
          "valid_skin_fraction": 1.0,
          "mask_hash": "916b144867c340614f515c7b0e5415c74832d899c05264ded2a277a6e81d81ff",
          "appearance_seed": 9681471948567424338,
          "attempt_count": 6,
          "exposure_ev": 0.11797862508517165,
          "p_zero": false,
          "high_clip_element_fraction": 0.0,
          "low_clip_element_fraction": 0.12073771158854167,
          "nonfinite_count": 0,
          "all_zero": false,
          "all_one": false,
          "R_zero_fraction": 0.0,
          "R_one_fraction": 0.0,
          "G_zero_fraction": 0.0,
          "G_one_fraction": 0.0,
          "B_zero_fraction": 0.3617706298828125,
          "B_one_fraction": 0.0,
          "retry_exhausted": true
        },
        {
          "panel": "A",
          "latent_id": "AM3_M0.98_H0.02_Full_4",
          "m_base": 0.98,
          "h_base": 0.02,
          "mask_category": "Full",
          "replicate": 4,
          "light": "FL2",
          "camera": "Canon 300D",
          "valid_skin_fraction": 1.0,
          "mask_hash": "916b144867c340614f515c7b0e5415c74832d899c05264ded2a277a6e81d81ff",
          "appearance_seed": 16955122869602594966,
          "attempt_count": 7,
          "exposure_ev": 0.1994026748149148,
          "p_zero": false,
          "high_clip_element_fraction": 0.0,
          "low_clip_element_fraction": 0.10782877604166667,
          "nonfinite_count": 0,
          "all_zero": false,
          "all_one": false,
          "R_zero_fraction": 0.0,
          "R_one_fraction": 0.0,
          "G_zero_fraction": 0.0,
          "G_one_fraction": 0.0,
          "B_zero_fraction": 0.323089599609375,
          "B_one_fraction": 0.0,
          "retry_exhausted": true
        },
        {
          "panel": "A",
          "latent_id": "AM3_M0.98_H0.02_Full_4",
          "m_base": 0.98,
          "h_base": 0.02,
          "mask_category": "Full",
          "replicate": 4,
          "light": "FL2",
          "camera": "Canon 300D",
          "valid_skin_fraction": 1.0,
          "mask_hash": "916b144867c340614f515c7b0e5415c74832d899c05264ded2a277a6e81d81ff",
          "appearance_seed": 16205573101662712253,
          "attempt_count": 8,
          "exposure_ev": -0.45619632229639123,
          "p_zero": false,
          "high_clip_element_fraction": 0.0,
          "low_clip_element_fraction": 0.10501607259114583,
          "nonfinite_count": 0,
          "all_zero": false,
          "all_one": false,
          "R_zero_fraction": 0.0,
          "R_one_fraction": 0.0,
          "G_zero_fraction": 0.0,
          "G_one_fraction": 0.0,
          "B_zero_fraction": 0.314544677734375,
          "B_one_fraction": 0.0,
          "retry_exhausted": true
        },
        {
          "panel": "A",
          "latent_id": "AM3_M0.98_H0.02_Full_4",
          "m_base": 0.98,
          "h_base": 0.02,
          "mask_category": "Full",
          "replicate": 4,
          "light": "FL2",
          "camera": "Canon 300D",
          "valid_skin_fraction": 1.0,
          "mask_hash": "916b144867c340614f515c7b0e5415c74832d899c05264ded2a277a6e81d81ff",
          "appearance_seed": 3639608738645914355,
          "attempt_count": 9,
          "exposure_ev": -0.4116643195606189,
          "p_zero": false,
          "high_clip_element_fraction": 0.0,
          "low_clip_element_fraction": 0.11787923177083333,
          "nonfinite_count": 0,
          "all_zero": false,
          "all_one": false,
          "R_zero_fraction": 0.0,
          "R_one_fraction": 0.0,
          "G_zero_fraction": 0.0,
          "G_one_fraction": 0.0,
          "B_zero_fraction": 0.3530120849609375,
          "B_one_fraction": 0.0,
          "retry_exhausted": true
        },
        {
          "panel": "A",
          "latent_id": "AM3_M0.98_H0.02_Full_4",
          "m_base": 0.98,
          "h_base": 0.02,
          "mask_category": "Full",
          "replicate": 4,
          "light": "FL2",
          "camera": "Canon 300D",
          "valid_skin_fraction": 1.0,
          "mask_hash": "916b144867c340614f515c7b0e5415c74832d899c05264ded2a277a6e81d81ff",
          "appearance_seed": 13097724706411195968,
          "attempt_count": 10,
          "exposure_ev": -0.2988220801396456,
          "p_zero": false,
          "high_clip_element_fraction": 0.0,
          "low_clip_element_fraction": 0.12078348795572917,
          "nonfinite_count": 0,
          "all_zero": false,
          "all_one": false,
          "R_zero_fraction": 0.0,
          "R_one_fraction": 0.0,
          "G_zero_fraction": 0.0,
          "G_one_fraction": 0.0,
          "B_zero_fraction": 0.3617706298828125,
          "B_one_fraction": 0.0,
          "retry_exhausted": true
        },
        {
          "panel": "A",
          "latent_id": "AM3_M0.98_H0.02_Full_4",
          "m_base": 0.98,
          "h_base": 0.02,
          "mask_category": "Full",
          "replicate": 4,
          "light": "FL2",
          "camera": "Canon 300D",
          "valid_skin_fraction": 1.0,
          "mask_hash": "916b144867c340614f515c7b0e5415c74832d899c05264ded2a277a6e81d81ff",
          "appearance_seed": 1305736496022561645,
          "attempt_count": 11,
          "exposure_ev": 0.05772721183264118,
          "p_zero": false,
          "high_clip_element_fraction": 0.0,
          "low_clip_element_fraction": 0.12076314290364583,
          "nonfinite_count": 0,
          "all_zero": false,
          "all_one": false,
          "R_zero_fraction": 0.0,
          "R_one_fraction": 0.0,
          "G_zero_fraction": 0.0,
          "G_one_fraction": 0.0,
          "B_zero_fraction": 0.3617706298828125,
          "B_one_fraction": 0.0,
          "retry_exhausted": true
        },
        {
          "panel": "A",
          "latent_id": "AM3_M0.98_H0.02_Full_4",
          "m_base": 0.98,
          "h_base": 0.02,
          "mask_category": "Full",
          "replicate": 4,
          "light": "FL2",
          "camera": "Canon 300D",
          "valid_skin_fraction": 1.0,
          "mask_hash": "916b144867c340614f515c7b0e5415c74832d899c05264ded2a277a6e81d81ff",
          "appearance_seed": 5374224191196635173,
          "attempt_count": 12,
          "exposure_ev": -0.11295337294039637,
          "p_zero": false,
          "high_clip_element_fraction": 0.0,
          "low_clip_element_fraction": 0.10699462890625,
          "nonfinite_count": 0,
          "all_zero": false,
          "all_one": false,
          "R_zero_fraction": 0.0,
          "R_one_fraction": 0.0,
          "G_zero_fraction": 0.0,
          "G_one_fraction": 0.0,
          "B_zero_fraction": 0.320526123046875,
          "B_one_fraction": 0.0,
          "retry_exhausted": true
        },
        {
          "panel": "A",
          "latent_id": "AM3_M0.98_H0.02_Full_4",
          "m_base": 0.98,
          "h_base": 0.02,
          "mask_category": "Full",
          "replicate": 4,
          "light": "FL2",
          "camera": "Canon 300D",
          "valid_skin_fraction": 1.0,
          "mask_hash": "916b144867c340614f515c7b0e5415c74832d899c05264ded2a277a6e81d81ff",
          "appearance_seed": 15693225013697003696,
          "attempt_count": 13,
          "exposure_ev": 0.1277183518447369,
          "p_zero": false,
          "high_clip_element_fraction": 0.0,
          "low_clip_element_fraction": 0.1047210693359375,
          "nonfinite_count": 0,
          "all_zero": false,
          "all_one": false,
          "R_zero_fraction": 0.0,
          "R_one_fraction": 0.0,
          "G_zero_fraction": 0.0,
          "G_one_fraction": 0.0,
          "B_zero_fraction": 0.3137054443359375,
          "B_one_fraction": 0.0,
          "retry_exhausted": true
        },
        {
          "panel": "A",
          "latent_id": "AM3_M0.98_H0.02_Full_4",
          "m_base": 0.98,
          "h_base": 0.02,
          "mask_category": "Full",
          "replicate": 4,
          "light": "FL2",
          "camera": "Canon 300D",
          "valid_skin_fraction": 1.0,
          "mask_hash": "916b144867c340614f515c7b0e5415c74832d899c05264ded2a277a6e81d81ff",
          "appearance_seed": 5043283345446104777,
          "attempt_count": 14,
          "exposure_ev": 0.05778170373045077,
          "p_zero": false,
          "high_clip_element_fraction": 0.0,
          "low_clip_element_fraction": 0.10891215006510417,
          "nonfinite_count": 0,
          "all_zero": false,
          "all_one": false,
          "R_zero_fraction": 0.0,
          "R_one_fraction": 0.0,
          "G_zero_fraction": 0.0,
          "G_one_fraction": 0.0,
          "B_zero_fraction": 0.32623291015625,
          "B_one_fraction": 0.0,
          "retry_exhausted": true
        },
        {
          "panel": "A",
          "latent_id": "AM3_M0.98_H0.02_Full_4",
          "m_base": 0.98,
          "h_base": 0.02,
          "mask_category": "Full",
          "replicate": 4,
          "light": "FL2",
          "camera": "Canon 300D",
          "valid_skin_fraction": 1.0,
          "mask_hash": "916b144867c340614f515c7b0e5415c74832d899c05264ded2a277a6e81d81ff",
          "appearance_seed": 14239997415941902388,
          "attempt_count": 15,
          "exposure_ev": -0.29875474810348834,
          "p_zero": false,
          "high_clip_element_fraction": 0.0,
          "low_clip_element_fraction": 0.11957804361979167,
          "nonfinite_count": 0,
          "all_zero": false,
          "all_one": false,
          "R_zero_fraction": 0.0,
          "R_one_fraction": 0.0,
          "G_zero_fraction": 0.0,
          "G_one_fraction": 0.0,
          "B_zero_fraction": 0.358184814453125,
          "B_one_fraction": 0.0,
          "retry_exhausted": true
        },
        {
          "panel": "A",
          "latent_id": "AM3_M0.98_H0.02_Full_4",
          "m_base": 0.98,
          "h_base": 0.02,
          "mask_category": "Full",
          "replicate": 4,
          "light": "FL2",
          "camera": "Canon 300D",
          "valid_skin_fraction": 1.0,
          "mask_hash": "916b144867c340614f515c7b0e5415c74832d899c05264ded2a277a6e81d81ff",
          "appearance_seed": 5019563072990219448,
          "attempt_count": 16,
          "exposure_ev": 0.1900914570078147,
          "p_zero": false,
          "high_clip_element_fraction": 0.0,
          "low_clip_element_fraction": 0.1207427978515625,
          "nonfinite_count": 0,
          "all_zero": false,
          "all_one": false,
          "R_zero_fraction": 0.0,
          "R_one_fraction": 0.0,
          "G_zero_fraction": 0.0,
          "G_one_fraction": 0.0,
          "B_zero_fraction": 0.3617706298828125,
          "B_one_fraction": 0.0,
          "retry_exhausted": true
        },
        {
          "panel": "A",
          "latent_id": "AM3_M0.98_H0.02_Full_4",
          "m_base": 0.98,
          "h_base": 0.02,
          "mask_category": "Full",
          "replicate": 4,
          "light": "FL2",
          "camera": "Canon 300D",
          "valid_skin_fraction": 1.0,
          "mask_hash": "916b144867c340614f515c7b0e5415c74832d899c05264ded2a277a6e81d81ff",
          "appearance_seed": 17015449954756356917,
          "attempt_count": 17,
          "exposure_ev": 0.04793582073373637,
          "p_zero": false,
          "high_clip_element_fraction": 0.0,
          "low_clip_element_fraction": 0.1085662841796875,
          "nonfinite_count": 0,
          "all_zero": false,
          "all_one": false,
          "R_zero_fraction": 0.0,
          "R_one_fraction": 0.0,
          "G_zero_fraction": 0.0,
          "G_one_fraction": 0.0,
          "B_zero_fraction": 0.3252410888671875,
          "B_one_fraction": 0.0,
          "retry_exhausted": true
        },
        {
          "panel": "A",
          "latent_id": "AM3_M0.98_H0.02_Full_4",
          "m_base": 0.98,
          "h_base": 0.02,
          "mask_category": "Full",
          "replicate": 4,
          "light": "FL2",
          "camera": "Canon 300D",
          "valid_skin_fraction": 1.0,
          "mask_hash": "916b144867c340614f515c7b0e5415c74832d899c05264ded2a277a6e81d81ff",
          "appearance_seed": 6437277859932174942,
          "attempt_count": 18,
          "exposure_ev": 0.07282843272953277,
          "p_zero": false,
          "high_clip_element_fraction": 0.0,
          "low_clip_element_fraction": 0.12075297037760417,
          "nonfinite_count": 0,
          "all_zero": false,
          "all_one": false,
          "R_zero_fraction": 0.0,
          "R_one_fraction": 0.0,
          "G_zero_fraction": 0.0,
          "G_one_fraction": 0.0,
          "B_zero_fraction": 0.3617706298828125,
          "B_one_fraction": 0.0,
          "retry_exhausted": true
        },
        {
          "panel": "A",
          "latent_id": "AM3_M0.98_H0.02_Full_4",
          "m_base": 0.98,
          "h_base": 0.02,
          "mask_category": "Full",
          "replicate": 4,
          "light": "FL2",
          "camera": "Canon 300D",
          "valid_skin_fraction": 1.0,
          "mask_hash": "916b144867c340614f515c7b0e5415c74832d899c05264ded2a277a6e81d81ff",
          "appearance_seed": 4495165978997201179,
          "attempt_count": 19,
          "exposure_ev": -0.4740449913442647,
          "p_zero": false,
          "high_clip_element_fraction": 0.0,
          "low_clip_element_fraction": 0.11456298828125,
          "nonfinite_count": 0,
          "all_zero": false,
          "all_one": false,
          "R_zero_fraction": 0.0,
          "R_one_fraction": 0.0,
          "G_zero_fraction": 0.0,
          "G_one_fraction": 0.0,
          "B_zero_fraction": 0.3430328369140625,
          "B_one_fraction": 0.0,
          "retry_exhausted": true
        },
        {
          "panel": "A",
          "latent_id": "AM3_M0.98_H0.02_Full_4",
          "m_base": 0.98,
          "h_base": 0.02,
          "mask_category": "Full",
          "replicate": 4,
          "light": "FL2",
          "camera": "Canon 300D",
          "valid_skin_fraction": 1.0,
          "mask_hash": "916b144867c340614f515c7b0e5415c74832d899c05264ded2a277a6e81d81ff",
          "appearance_seed": 11673429786203844496,
          "attempt_count": 20,
          "exposure_ev": 0.1473159079006554,
          "p_zero": false,
          "high_clip_element_fraction": 0.0,
          "low_clip_element_fraction": 0.12048848470052083,
          "nonfinite_count": 0,
          "all_zero": false,
          "all_one": false,
          "R_zero_fraction": 0.0,
          "R_one_fraction": 0.0,
          "G_zero_fraction": 0.0,
          "G_one_fraction": 0.0,
          "B_zero_fraction": 0.3609771728515625,
          "B_one_fraction": 0.0,
          "retry_exhausted": true
        },
        {
          "panel": "A",
          "latent_id": "AM3_M0.98_H0.02_Full_4",
          "m_base": 0.98,
          "h_base": 0.02,
          "mask_category": "Full",
          "replicate": 4,
          "light": "FL2",
          "camera": "Canon 300D",
          "valid_skin_fraction": 1.0,
          "mask_hash": "916b144867c340614f515c7b0e5415c74832d899c05264ded2a277a6e81d81ff",
          "appearance_seed": 96561262204039258,
          "attempt_count": 21,
          "exposure_ev": 0.2858706099599648,
          "p_zero": false,
          "high_clip_element_fraction": 0.0,
          "low_clip_element_fraction": 0.11877950032552083,
          "nonfinite_count": 0,
          "all_zero": false,
          "all_one": false,
          "R_zero_fraction": 0.0,
          "R_one_fraction": 0.0,
          "G_zero_fraction": 0.0,
          "G_one_fraction": 0.0,
          "B_zero_fraction": 0.3559417724609375,
          "B_one_fraction": 0.0,
          "retry_exhausted": true
        },
        {
          "panel": "A",
          "latent_id": "AM3_M0.98_H0.02_Full_4",
          "m_base": 0.98,
          "h_base": 0.02,
          "mask_category": "Full",
          "replicate": 4,
          "light": "FL2",
          "camera": "Canon 300D",
          "valid_skin_fraction": 1.0,
          "mask_hash": "916b144867c340614f515c7b0e5415c74832d899c05264ded2a277a6e81d81ff",
          "appearance_seed": 2710627772830592230,
          "attempt_count": 22,
          "exposure_ev": 0.2051375679129186,
          "p_zero": false,
          "high_clip_element_fraction": 0.0,
          "low_clip_element_fraction": 0.11960856119791667,
          "nonfinite_count": 0,
          "all_zero": false,
          "all_one": false,
          "R_zero_fraction": 0.0,
          "R_one_fraction": 0.0,
          "G_zero_fraction": 0.0,
          "G_one_fraction": 0.0,
          "B_zero_fraction": 0.3583221435546875,
          "B_one_fraction": 0.0,
          "retry_exhausted": true
        },
        {
          "panel": "A",
          "latent_id": "AM3_M0.98_H0.02_Full_4",
          "m_base": 0.98,
          "h_base": 0.02,
          "mask_category": "Full",
          "replicate": 4,
          "light": "FL2",
          "camera": "Canon 300D",
          "valid_skin_fraction": 1.0,
          "mask_hash": "916b144867c340614f515c7b0e5415c74832d899c05264ded2a277a6e81d81ff",
          "appearance_seed": 3656914265893201639,
          "attempt_count": 23,
          "exposure_ev": -0.492222908540373,
          "p_zero": false,
          "high_clip_element_fraction": 0.0,
          "low_clip_element_fraction": 0.10688273111979167,
          "nonfinite_count": 0,
          "all_zero": false,
          "all_one": false,
          "R_zero_fraction": 0.0,
          "R_one_fraction": 0.0,
          "G_zero_fraction": 0.0,
          "G_one_fraction": 0.0,
          "B_zero_fraction": 0.320037841796875,
          "B_one_fraction": 0.0,
          "retry_exhausted": true
        },
        {
          "panel": "A",
          "latent_id": "AM3_M0.98_H0.02_Full_4",
          "m_base": 0.98,
          "h_base": 0.02,
          "mask_category": "Full",
          "replicate": 4,
          "light": "FL2",
          "camera": "Canon 300D",
          "valid_skin_fraction": 1.0,
          "mask_hash": "916b144867c340614f515c7b0e5415c74832d899c05264ded2a277a6e81d81ff",
          "appearance_seed": 10946184817682568425,
          "attempt_count": 24,
          "exposure_ev": 0.05034196232864874,
          "p_zero": false,
          "high_clip_element_fraction": 0.0,
          "low_clip_element_fraction": 0.10435994466145833,
          "nonfinite_count": 0,
          "all_zero": false,
          "all_one": false,
          "R_zero_fraction": 0.0,
          "R_one_fraction": 0.0,
          "G_zero_fraction": 0.0,
          "G_one_fraction": 0.0,
          "B_zero_fraction": 0.3126068115234375,
          "B_one_fraction": 0.0,
          "retry_exhausted": true
        },
        {
          "panel": "A",
          "latent_id": "AM3_M0.98_H0.02_Full_4",
          "m_base": 0.98,
          "h_base": 0.02,
          "mask_category": "Full",
          "replicate": 4,
          "light": "FL2",
          "camera": "Canon 300D",
          "valid_skin_fraction": 1.0,
          "mask_hash": "916b144867c340614f515c7b0e5415c74832d899c05264ded2a277a6e81d81ff",
          "appearance_seed": 4802029010831345488,
          "attempt_count": 25,
          "exposure_ev": -0.11302640921397389,
          "p_zero": false,
          "high_clip_element_fraction": 0.0,
          "low_clip_element_fraction": 0.11023457845052083,
          "nonfinite_count": 0,
          "all_zero": false,
          "all_one": false,
          "R_zero_fraction": 0.0,
          "R_one_fraction": 0.0,
          "G_zero_fraction": 0.0,
          "G_one_fraction": 0.0,
          "B_zero_fraction": 0.3301849365234375,
          "B_one_fraction": 0.0,
          "retry_exhausted": true
        },
        {
          "panel": "A",
          "latent_id": "AM3_M0.98_H0.02_Full_4",
          "m_base": 0.98,
          "h_base": 0.02,
          "mask_category": "Full",
          "replicate": 4,
          "light": "FL2",
          "camera": "Canon 300D",
          "valid_skin_fraction": 1.0,
          "mask_hash": "916b144867c340614f515c7b0e5415c74832d899c05264ded2a277a6e81d81ff",
          "appearance_seed": 12234337807588294441,
          "attempt_count": 26,
          "exposure_ev": -0.2438752288426817,
          "p_zero": false,
          "high_clip_element_fraction": 0.0,
          "low_clip_element_fraction": 0.12078857421875,
          "nonfinite_count": 0,
          "all_zero": false,
          "all_one": false,
          "R_zero_fraction": 0.0,
          "R_one_fraction": 0.0,
          "G_zero_fraction": 0.0,
          "G_one_fraction": 0.0,
          "B_zero_fraction": 0.3617706298828125,
          "B_one_fraction": 0.0,
          "retry_exhausted": true
        },
        {
          "panel": "A",
          "latent_id": "AM3_M0.98_H0.02_Full_4",
          "m_base": 0.98,
          "h_base": 0.02,
          "mask_category": "Full",
          "replicate": 4,
          "light": "FL2",
          "camera": "Canon 300D",
          "valid_skin_fraction": 1.0,
          "mask_hash": "916b144867c340614f515c7b0e5415c74832d899c05264ded2a277a6e81d81ff",
          "appearance_seed": 3074214119044921387,
          "attempt_count": 27,
          "exposure_ev": 0.15971885539160213,
          "p_zero": false,
          "high_clip_element_fraction": 0.0,
          "low_clip_element_fraction": 0.10642496744791667,
          "nonfinite_count": 0,
          "all_zero": false,
          "all_one": false,
          "R_zero_fraction": 0.0,
          "R_one_fraction": 0.0,
          "G_zero_fraction": 0.0,
          "G_one_fraction": 0.0,
          "B_zero_fraction": 0.3188323974609375,
          "B_one_fraction": 0.0,
          "retry_exhausted": true
        },
        {
          "panel": "A",
          "latent_id": "AM3_M0.98_H0.02_Full_4",
          "m_base": 0.98,
          "h_base": 0.02,
          "mask_category": "Full",
          "replicate": 4,
          "light": "FL2",
          "camera": "Canon 300D",
          "valid_skin_fraction": 1.0,
          "mask_hash": "916b144867c340614f515c7b0e5415c74832d899c05264ded2a277a6e81d81ff",
          "appearance_seed": 11216083002745302220,
          "attempt_count": 28,
          "exposure_ev": -0.37192008178882374,
          "p_zero": false,
          "high_clip_element_fraction": 0.0,
          "low_clip_element_fraction": 0.117095947265625,
          "nonfinite_count": 0,
          "all_zero": false,
          "all_one": false,
          "R_zero_fraction": 0.0,
          "R_one_fraction": 0.0,
          "G_zero_fraction": 0.0,
          "G_one_fraction": 0.0,
          "B_zero_fraction": 0.3506622314453125,
          "B_one_fraction": 0.0,
          "retry_exhausted": true
        },
        {
          "panel": "A",
          "latent_id": "AM3_M0.98_H0.02_Full_4",
          "m_base": 0.98,
          "h_base": 0.02,
          "mask_category": "Full",
          "replicate": 4,
          "light": "FL2",
          "camera": "Canon 300D",
          "valid_skin_fraction": 1.0,
          "mask_hash": "916b144867c340614f515c7b0e5415c74832d899c05264ded2a277a6e81d81ff",
          "appearance_seed": 11816179269080893293,
          "attempt_count": 29,
          "exposure_ev": -0.30426538079416143,
          "p_zero": false,
          "high_clip_element_fraction": 0.0,
          "low_clip_element_fraction": 0.12080891927083333,
          "nonfinite_count": 0,
          "all_zero": false,
          "all_one": false,
          "R_zero_fraction": 0.0,
          "R_one_fraction": 0.0,
          "G_zero_fraction": 0.0,
          "G_one_fraction": 0.0,
          "B_zero_fraction": 0.3617706298828125,
          "B_one_fraction": 0.0,
          "retry_exhausted": true
        },
        {
          "panel": "A",
          "latent_id": "AM3_M0.98_H0.02_Full_4",
          "m_base": 0.98,
          "h_base": 0.02,
          "mask_category": "Full",
          "replicate": 4,
          "light": "FL2",
          "camera": "Canon 300D",
          "valid_skin_fraction": 1.0,
          "mask_hash": "916b144867c340614f515c7b0e5415c74832d899c05264ded2a277a6e81d81ff",
          "appearance_seed": 701955957017748340,
          "attempt_count": 30,
          "exposure_ev": -0.26084837570709735,
          "p_zero": false,
          "high_clip_element_fraction": 0.0,
          "low_clip_element_fraction": 0.113677978515625,
          "nonfinite_count": 0,
          "all_zero": false,
          "all_one": false,
          "R_zero_fraction": 0.0,
          "R_one_fraction": 0.0,
          "G_zero_fraction": 0.0,
          "G_one_fraction": 0.0,
          "B_zero_fraction": 0.340545654296875,
          "B_one_fraction": 0.0,
          "retry_exhausted": true
        },
        {
          "panel": "A",
          "latent_id": "AM3_M0.98_H0.02_Full_4",
          "m_base": 0.98,
          "h_base": 0.02,
          "mask_category": "Full",
          "replicate": 4,
          "light": "FL2",
          "camera": "Canon 300D",
          "valid_skin_fraction": 1.0,
          "mask_hash": "916b144867c340614f515c7b0e5415c74832d899c05264ded2a277a6e81d81ff",
          "appearance_seed": 11879780621796939442,
          "attempt_count": 31,
          "exposure_ev": -0.15667506297991257,
          "p_zero": false,
          "high_clip_element_fraction": 0.0,
          "low_clip_element_fraction": 0.12074788411458333,
          "nonfinite_count": 0,
          "all_zero": false,
          "all_one": false,
          "R_zero_fraction": 0.0,
          "R_one_fraction": 0.0,
          "G_zero_fraction": 0.0,
          "G_one_fraction": 0.0,
          "B_zero_fraction": 0.3617095947265625,
          "B_one_fraction": 0.0,
          "retry_exhausted": true
        },
        {
          "panel": "A",
          "latent_id": "AM3_M0.98_H0.02_Full_4",
          "m_base": 0.98,
          "h_base": 0.02,
          "mask_category": "Full",
          "replicate": 4,
          "light": "FL2",
          "camera": "Canon 300D",
          "valid_skin_fraction": 1.0,
          "mask_hash": "916b144867c340614f515c7b0e5415c74832d899c05264ded2a277a6e81d81ff",
          "appearance_seed": 3795893979793982454,
          "attempt_count": 32,
          "exposure_ev": -0.030797192858158517,
          "p_zero": false,
          "high_clip_element_fraction": 0.0,
          "low_clip_element_fraction": 0.12076822916666667,
          "nonfinite_count": 0,
          "all_zero": false,
          "all_one": false,
          "R_zero_fraction": 0.0,
          "R_one_fraction": 0.0,
          "G_zero_fraction": 0.0,
          "G_one_fraction": 0.0,
          "B_zero_fraction": 0.3617706298828125,
          "B_one_fraction": 0.0,
          "retry_exhausted": true
        },
        {
          "panel": "A",
          "latent_id": "AM3_M0.98_H0.02_Full_4",
          "m_base": 0.98,
          "h_base": 0.02,
          "mask_category": "Full",
          "replicate": 4,
          "light": "FL2",
          "camera": "Canon 300D",
          "valid_skin_fraction": 1.0,
          "mask_hash": "916b144867c340614f515c7b0e5415c74832d899c05264ded2a277a6e81d81ff",
          "appearance_seed": 17347088714863509612,
          "attempt_count": 33,
          "exposure_ev": -0.21294864275393205,
          "p_zero": false,
          "high_clip_element_fraction": 0.0,
          "low_clip_element_fraction": 0.12077840169270833,
          "nonfinite_count": 0,
          "all_zero": false,
          "all_one": false,
          "R_zero_fraction": 0.0,
          "R_one_fraction": 0.0,
          "G_zero_fraction": 0.0,
          "G_one_fraction": 0.0,
          "B_zero_fraction": 0.3617706298828125,
          "B_one_fraction": 0.0,
          "retry_exhausted": true
        },
        {
          "panel": "A",
          "latent_id": "AM3_M0.98_H0.02_Full_4",
          "m_base": 0.98,
          "h_base": 0.02,
          "mask_category": "Full",
          "replicate": 4,
          "light": "FL2",
          "camera": "Canon 300D",
          "valid_skin_fraction": 1.0,
          "mask_hash": "916b144867c340614f515c7b0e5415c74832d899c05264ded2a277a6e81d81ff",
          "appearance_seed": 9783698893409221100,
          "attempt_count": 34,
          "exposure_ev": -0.07580456585032813,
          "p_zero": false,
          "high_clip_element_fraction": 0.0,
          "low_clip_element_fraction": 0.11609903971354167,
          "nonfinite_count": 0,
          "all_zero": false,
          "all_one": false,
          "R_zero_fraction": 0.0,
          "R_one_fraction": 0.0,
          "G_zero_fraction": 0.0,
          "G_one_fraction": 0.0,
          "B_zero_fraction": 0.3477630615234375,
          "B_one_fraction": 0.0,
          "retry_exhausted": true
        },
        {
          "panel": "A",
          "latent_id": "AM3_M0.98_H0.02_Full_4",
          "m_base": 0.98,
          "h_base": 0.02,
          "mask_category": "Full",
          "replicate": 4,
          "light": "FL2",
          "camera": "Canon 300D",
          "valid_skin_fraction": 1.0,
          "mask_hash": "916b144867c340614f515c7b0e5415c74832d899c05264ded2a277a6e81d81ff",
          "appearance_seed": 16775943765467888933,
          "attempt_count": 35,
          "exposure_ev": -0.059843513469863774,
          "p_zero": false,
          "high_clip_element_fraction": 0.0,
          "low_clip_element_fraction": 0.11546834309895833,
          "nonfinite_count": 0,
          "all_zero": false,
          "all_one": false,
          "R_zero_fraction": 0.0,
          "R_one_fraction": 0.0,
          "G_zero_fraction": 0.0,
          "G_one_fraction": 0.0,
          "B_zero_fraction": 0.3459320068359375,
          "B_one_fraction": 0.0,
          "retry_exhausted": true
        },
        {
          "panel": "A",
          "latent_id": "AM3_M0.98_H0.02_Full_4",
          "m_base": 0.98,
          "h_base": 0.02,
          "mask_category": "Full",
          "replicate": 4,
          "light": "FL2",
          "camera": "Canon 300D",
          "valid_skin_fraction": 1.0,
          "mask_hash": "916b144867c340614f515c7b0e5415c74832d899c05264ded2a277a6e81d81ff",
          "appearance_seed": 8703027448743918702,
          "attempt_count": 36,
          "exposure_ev": 0.16183748701092482,
          "p_zero": false,
          "high_clip_element_fraction": 0.0,
          "low_clip_element_fraction": 0.12074788411458333,
          "nonfinite_count": 0,
          "all_zero": false,
          "all_one": false,
          "R_zero_fraction": 0.0,
          "R_one_fraction": 0.0,
          "G_zero_fraction": 0.0,
          "G_one_fraction": 0.0,
          "B_zero_fraction": 0.3617706298828125,
          "B_one_fraction": 0.0,
          "retry_exhausted": true
        },
        {
          "panel": "A",
          "latent_id": "AM3_M0.98_H0.02_Full_4",
          "m_base": 0.98,
          "h_base": 0.02,
          "mask_category": "Full",
          "replicate": 4,
          "light": "FL2",
          "camera": "Canon 300D",
          "valid_skin_fraction": 1.0,
          "mask_hash": "916b144867c340614f515c7b0e5415c74832d899c05264ded2a277a6e81d81ff",
          "appearance_seed": 4520374524797209331,
          "attempt_count": 37,
          "exposure_ev": 0.008569278953054704,
          "p_zero": false,
          "high_clip_element_fraction": 0.0,
          "low_clip_element_fraction": 0.10274251302083333,
          "nonfinite_count": 0,
          "all_zero": false,
          "all_one": false,
          "R_zero_fraction": 0.0,
          "R_one_fraction": 0.0,
          "G_zero_fraction": 0.0,
          "G_one_fraction": 0.0,
          "B_zero_fraction": 0.307708740234375,
          "B_one_fraction": 0.0,
          "retry_exhausted": true
        },
        {
          "panel": "A",
          "latent_id": "AM3_M0.98_H0.02_Full_4",
          "m_base": 0.98,
          "h_base": 0.02,
          "mask_category": "Full",
          "replicate": 4,
          "light": "FL2",
          "camera": "Canon 300D",
          "valid_skin_fraction": 1.0,
          "mask_hash": "916b144867c340614f515c7b0e5415c74832d899c05264ded2a277a6e81d81ff",
          "appearance_seed": 6678530748819145600,
          "attempt_count": 38,
          "exposure_ev": 0.13889037097186852,
          "p_zero": false,
          "high_clip_element_fraction": 0.0,
          "low_clip_element_fraction": 0.12075297037760417,
          "nonfinite_count": 0,
          "all_zero": false,
          "all_one": false,
          "R_zero_fraction": 0.0,
          "R_one_fraction": 0.0,
          "G_zero_fraction": 0.0,
          "G_one_fraction": 0.0,
          "B_zero_fraction": 0.3617706298828125,
          "B_one_fraction": 0.0,
          "retry_exhausted": true
        },
        {
          "panel": "A",
          "latent_id": "AM3_M0.98_H0.02_Full_4",
          "m_base": 0.98,
          "h_base": 0.02,
          "mask_category": "Full",
          "replicate": 4,
          "light": "FL2",
          "camera": "Canon 300D",
          "valid_skin_fraction": 1.0,
          "mask_hash": "916b144867c340614f515c7b0e5415c74832d899c05264ded2a277a6e81d81ff",
          "appearance_seed": 17878650987230237684,
          "attempt_count": 39,
          "exposure_ev": 0.16111941573248945,
          "p_zero": false,
          "high_clip_element_fraction": 0.0,
          "low_clip_element_fraction": 0.11221822102864583,
          "nonfinite_count": 0,
          "all_zero": false,
          "all_one": false,
          "R_zero_fraction": 0.0,
          "R_one_fraction": 0.0,
          "G_zero_fraction": 0.0,
          "G_one_fraction": 0.0,
          "B_zero_fraction": 0.3361053466796875,
          "B_one_fraction": 0.0,
          "retry_exhausted": true
        },
        {
          "panel": "A",
          "latent_id": "AM3_M0.98_H0.02_Full_4",
          "m_base": 0.98,
          "h_base": 0.02,
          "mask_category": "Full",
          "replicate": 4,
          "light": "FL2",
          "camera": "Canon 300D",
          "valid_skin_fraction": 1.0,
          "mask_hash": "916b144867c340614f515c7b0e5415c74832d899c05264ded2a277a6e81d81ff",
          "appearance_seed": 17157666153785516130,
          "attempt_count": 40,
          "exposure_ev": -0.3190397248848287,
          "p_zero": false,
          "high_clip_element_fraction": 0.0,
          "low_clip_element_fraction": 0.12078857421875,
          "nonfinite_count": 0,
          "all_zero": false,
          "all_one": false,
          "R_zero_fraction": 0.0,
          "R_one_fraction": 0.0,
          "G_zero_fraction": 0.0,
          "G_one_fraction": 0.0,
          "B_zero_fraction": 0.3617706298828125,
          "B_one_fraction": 0.0,
          "retry_exhausted": true
        },
        {
          "panel": "A",
          "latent_id": "AM3_M0.98_H0.02_Full_4",
          "m_base": 0.98,
          "h_base": 0.02,
          "mask_category": "Full",
          "replicate": 4,
          "light": "FL2",
          "camera": "Canon 300D",
          "valid_skin_fraction": 1.0,
          "mask_hash": "916b144867c340614f515c7b0e5415c74832d899c05264ded2a277a6e81d81ff",
          "appearance_seed": 2352885875530071897,
          "attempt_count": 41,
          "exposure_ev": -0.4650932601067249,
          "p_zero": false,
          "high_clip_element_fraction": 0.0,
          "low_clip_element_fraction": 0.120819091796875,
          "nonfinite_count": 0,
          "all_zero": false,
          "all_one": false,
          "R_zero_fraction": 0.0,
          "R_one_fraction": 0.0,
          "G_zero_fraction": 0.0,
          "G_one_fraction": 0.0,
          "B_zero_fraction": 0.3617706298828125,
          "B_one_fraction": 0.0,
          "retry_exhausted": true
        },
        {
          "panel": "A",
          "latent_id": "AM3_M0.98_H0.02_Full_4",
          "m_base": 0.98,
          "h_base": 0.02,
          "mask_category": "Full",
          "replicate": 4,
          "light": "FL2",
          "camera": "Canon 300D",
          "valid_skin_fraction": 1.0,
          "mask_hash": "916b144867c340614f515c7b0e5415c74832d899c05264ded2a277a6e81d81ff",
          "appearance_seed": 15313221870080890596,
          "attempt_count": 42,
          "exposure_ev": -0.4393209156034461,
          "p_zero": false,
          "high_clip_element_fraction": 0.0,
          "low_clip_element_fraction": 0.12081400553385417,
          "nonfinite_count": 0,
          "all_zero": false,
          "all_one": false,
          "R_zero_fraction": 0.0,
          "R_one_fraction": 0.0,
          "G_zero_fraction": 0.0,
          "G_one_fraction": 0.0,
          "B_zero_fraction": 0.3617706298828125,
          "B_one_fraction": 0.0,
          "retry_exhausted": true
        },
        {
          "panel": "A",
          "latent_id": "AM3_M0.98_H0.02_Full_4",
          "m_base": 0.98,
          "h_base": 0.02,
          "mask_category": "Full",
          "replicate": 4,
          "light": "FL2",
          "camera": "Canon 300D",
          "valid_skin_fraction": 1.0,
          "mask_hash": "916b144867c340614f515c7b0e5415c74832d899c05264ded2a277a6e81d81ff",
          "appearance_seed": 2462827953535788991,
          "attempt_count": 43,
          "exposure_ev": -0.16144094915445334,
          "p_zero": false,
          "high_clip_element_fraction": 0.0,
          "low_clip_element_fraction": 0.10796610514322917,
          "nonfinite_count": 0,
          "all_zero": false,
          "all_one": false,
          "R_zero_fraction": 0.0,
          "R_one_fraction": 0.0,
          "G_zero_fraction": 0.0,
          "G_one_fraction": 0.0,
          "B_zero_fraction": 0.3233795166015625,
          "B_one_fraction": 0.0,
          "retry_exhausted": true
        },
        {
          "panel": "A",
          "latent_id": "AM3_M0.98_H0.02_Full_4",
          "m_base": 0.98,
          "h_base": 0.02,
          "mask_category": "Full",
          "replicate": 4,
          "light": "FL2",
          "camera": "Canon 300D",
          "valid_skin_fraction": 1.0,
          "mask_hash": "916b144867c340614f515c7b0e5415c74832d899c05264ded2a277a6e81d81ff",
          "appearance_seed": 18076796638348506570,
          "attempt_count": 44,
          "exposure_ev": -0.08874774924554779,
          "p_zero": false,
          "high_clip_element_fraction": 0.0,
          "low_clip_element_fraction": 0.12076822916666667,
          "nonfinite_count": 0,
          "all_zero": false,
          "all_one": false,
          "R_zero_fraction": 0.0,
          "R_one_fraction": 0.0,
          "G_zero_fraction": 0.0,
          "G_one_fraction": 0.0,
          "B_zero_fraction": 0.3617706298828125,
          "B_one_fraction": 0.0,
          "retry_exhausted": true
        },
        {
          "panel": "A",
          "latent_id": "AM3_M0.98_H0.02_Full_4",
          "m_base": 0.98,
          "h_base": 0.02,
          "mask_category": "Full",
          "replicate": 4,
          "light": "FL2",
          "camera": "Canon 300D",
          "valid_skin_fraction": 1.0,
          "mask_hash": "916b144867c340614f515c7b0e5415c74832d899c05264ded2a277a6e81d81ff",
          "appearance_seed": 9004613078163500616,
          "attempt_count": 45,
          "exposure_ev": -0.42661648183430734,
          "p_zero": false,
          "high_clip_element_fraction": 0.0,
          "low_clip_element_fraction": 0.12080891927083333,
          "nonfinite_count": 0,
          "all_zero": false,
          "all_one": false,
          "R_zero_fraction": 0.0,
          "R_one_fraction": 0.0,
          "G_zero_fraction": 0.0,
          "G_one_fraction": 0.0,
          "B_zero_fraction": 0.3617706298828125,
          "B_one_fraction": 0.0,
          "retry_exhausted": true
        },
        {
          "panel": "A",
          "latent_id": "AM3_M0.98_H0.02_Full_4",
          "m_base": 0.98,
          "h_base": 0.02,
          "mask_category": "Full",
          "replicate": 4,
          "light": "FL2",
          "camera": "Canon 300D",
          "valid_skin_fraction": 1.0,
          "mask_hash": "916b144867c340614f515c7b0e5415c74832d899c05264ded2a277a6e81d81ff",
          "appearance_seed": 14568985913695940983,
          "attempt_count": 46,
          "exposure_ev": 0.10354831022703082,
          "p_zero": false,
          "high_clip_element_fraction": 0.0,
          "low_clip_element_fraction": 0.11552937825520833,
          "nonfinite_count": 0,
          "all_zero": false,
          "all_one": false,
          "R_zero_fraction": 0.0,
          "R_one_fraction": 0.0,
          "G_zero_fraction": 0.0,
          "G_one_fraction": 0.0,
          "B_zero_fraction": 0.346160888671875,
          "B_one_fraction": 0.0,
          "retry_exhausted": true
        },
        {
          "panel": "A",
          "latent_id": "AM3_M0.98_H0.02_Full_4",
          "m_base": 0.98,
          "h_base": 0.02,
          "mask_category": "Full",
          "replicate": 4,
          "light": "FL2",
          "camera": "Canon 300D",
          "valid_skin_fraction": 1.0,
          "mask_hash": "916b144867c340614f515c7b0e5415c74832d899c05264ded2a277a6e81d81ff",
          "appearance_seed": 2411685658080845487,
          "attempt_count": 47,
          "exposure_ev": -0.25196788076393073,
          "p_zero": false,
          "high_clip_element_fraction": 0.0,
          "low_clip_element_fraction": 0.12078857421875,
          "nonfinite_count": 0,
          "all_zero": false,
          "all_one": false,
          "R_zero_fraction": 0.0,
          "R_one_fraction": 0.0,
          "G_zero_fraction": 0.0,
          "G_one_fraction": 0.0,
          "B_zero_fraction": 0.3617706298828125,
          "B_one_fraction": 0.0,
          "retry_exhausted": true
        },
        {
          "panel": "A",
          "latent_id": "AM3_M0.98_H0.02_Full_4",
          "m_base": 0.98,
          "h_base": 0.02,
          "mask_category": "Full",
          "replicate": 4,
          "light": "FL2",
          "camera": "Canon 300D",
          "valid_skin_fraction": 1.0,
          "mask_hash": "916b144867c340614f515c7b0e5415c74832d899c05264ded2a277a6e81d81ff",
          "appearance_seed": 17322431402399241077,
          "attempt_count": 48,
          "exposure_ev": -0.24215990546434646,
          "p_zero": false,
          "high_clip_element_fraction": 0.0,
          "low_clip_element_fraction": 0.11014302571614583,
          "nonfinite_count": 0,
          "all_zero": false,
          "all_one": false,
          "R_zero_fraction": 0.0,
          "R_one_fraction": 0.0,
          "G_zero_fraction": 0.0,
          "G_one_fraction": 0.0,
          "B_zero_fraction": 0.329864501953125,
          "B_one_fraction": 0.0,
          "retry_exhausted": true
        },
        {
          "panel": "A",
          "latent_id": "AM3_M0.98_H0.02_Full_4",
          "m_base": 0.98,
          "h_base": 0.02,
          "mask_category": "Full",
          "replicate": 4,
          "light": "FL2",
          "camera": "Canon 300D",
          "valid_skin_fraction": 1.0,
          "mask_hash": "916b144867c340614f515c7b0e5415c74832d899c05264ded2a277a6e81d81ff",
          "appearance_seed": 12010843041154655332,
          "attempt_count": 49,
          "exposure_ev": -0.42706042137551276,
          "p_zero": false,
          "high_clip_element_fraction": 0.0,
          "low_clip_element_fraction": 0.11668904622395833,
          "nonfinite_count": 0,
          "all_zero": false,
          "all_one": false,
          "R_zero_fraction": 0.0,
          "R_one_fraction": 0.0,
          "G_zero_fraction": 0.0,
          "G_one_fraction": 0.0,
          "B_zero_fraction": 0.3494415283203125,
          "B_one_fraction": 0.0,
          "retry_exhausted": true
        },
        {
          "panel": "A",
          "latent_id": "AM3_M0.98_H0.02_Full_4",
          "m_base": 0.98,
          "h_base": 0.02,
          "mask_category": "Full",
          "replicate": 4,
          "light": "FL2",
          "camera": "Canon 300D",
          "valid_skin_fraction": 1.0,
          "mask_hash": "916b144867c340614f515c7b0e5415c74832d899c05264ded2a277a6e81d81ff",
          "appearance_seed": 10223150466901557927,
          "attempt_count": 50,
          "exposure_ev": -0.21425924914951483,
          "p_zero": false,
          "high_clip_element_fraction": 0.0,
          "low_clip_element_fraction": 0.12078348795572917,
          "nonfinite_count": 0,
          "all_zero": false,
          "all_one": false,
          "R_zero_fraction": 0.0,
          "R_one_fraction": 0.0,
          "G_zero_fraction": 0.0,
          "G_one_fraction": 0.0,
          "B_zero_fraction": 0.3617706298828125,
          "B_one_fraction": 0.0,
          "retry_exhausted": true
        },
        {
          "panel": "A",
          "latent_id": "AM3_M0.98_H0.02_Full_4",
          "m_base": 0.98,
          "h_base": 0.02,
          "mask_category": "Full",
          "replicate": 4,
          "light": "FL2",
          "camera": "Canon 300D",
          "valid_skin_fraction": 1.0,
          "mask_hash": "916b144867c340614f515c7b0e5415c74832d899c05264ded2a277a6e81d81ff",
          "appearance_seed": 14324825652812344382,
          "attempt_count": 51,
          "exposure_ev": 0.26793703425910564,
          "p_zero": false,
          "high_clip_element_fraction": 0.0,
          "low_clip_element_fraction": 0.1131439208984375,
          "nonfinite_count": 0,
          "all_zero": false,
          "all_one": false,
          "R_zero_fraction": 0.0,
          "R_one_fraction": 0.0,
          "G_zero_fraction": 0.0,
          "G_one_fraction": 0.0,
          "B_zero_fraction": 0.3391265869140625,
          "B_one_fraction": 0.0,
          "retry_exhausted": true
        },
        {
          "panel": "A",
          "latent_id": "AM3_M0.98_H0.02_Full_4",
          "m_base": 0.98,
          "h_base": 0.02,
          "mask_category": "Full",
          "replicate": 4,
          "light": "FL2",
          "camera": "Canon 300D",
          "valid_skin_fraction": 1.0,
          "mask_hash": "916b144867c340614f515c7b0e5415c74832d899c05264ded2a277a6e81d81ff",
          "appearance_seed": 4058462233498797870,
          "attempt_count": 52,
          "exposure_ev": -0.013439267509049557,
          "p_zero": false,
          "high_clip_element_fraction": 0.0,
          "low_clip_element_fraction": 0.1207733154296875,
          "nonfinite_count": 0,
          "all_zero": false,
          "all_one": false,
          "R_zero_fraction": 0.0,
          "R_one_fraction": 0.0,
          "G_zero_fraction": 0.0,
          "G_one_fraction": 0.0,
          "B_zero_fraction": 0.3617706298828125,
          "B_one_fraction": 0.0,
          "retry_exhausted": true
        },
        {
          "panel": "A",
          "latent_id": "AM3_M0.98_H0.02_Full_4",
          "m_base": 0.98,
          "h_base": 0.02,
          "mask_category": "Full",
          "replicate": 4,
          "light": "FL2",
          "camera": "Canon 300D",
          "valid_skin_fraction": 1.0,
          "mask_hash": "916b144867c340614f515c7b0e5415c74832d899c05264ded2a277a6e81d81ff",
          "appearance_seed": 14850585597839416697,
          "attempt_count": 53,
          "exposure_ev": -0.434146525771144,
          "p_zero": false,
          "high_clip_element_fraction": 0.0,
          "low_clip_element_fraction": 0.10730489095052083,
          "nonfinite_count": 0,
          "all_zero": false,
          "all_one": false,
          "R_zero_fraction": 0.0,
          "R_one_fraction": 0.0,
          "G_zero_fraction": 0.0,
          "G_one_fraction": 0.0,
          "B_zero_fraction": 0.32122802734375,
          "B_one_fraction": 0.0,
          "retry_exhausted": true
        },
        {
          "panel": "A",
          "latent_id": "AM3_M0.98_H0.02_Full_4",
          "m_base": 0.98,
          "h_base": 0.02,
          "mask_category": "Full",
          "replicate": 4,
          "light": "FL2",
          "camera": "Canon 300D",
          "valid_skin_fraction": 1.0,
          "mask_hash": "916b144867c340614f515c7b0e5415c74832d899c05264ded2a277a6e81d81ff",
          "appearance_seed": 9883123170446867366,
          "attempt_count": 54,
          "exposure_ev": 0.0916457903816108,
          "p_zero": false,
          "high_clip_element_fraction": 0.0,
          "low_clip_element_fraction": 0.10297648111979167,
          "nonfinite_count": 0,
          "all_zero": false,
          "all_one": false,
          "R_zero_fraction": 0.0,
          "R_one_fraction": 0.0,
          "G_zero_fraction": 0.0,
          "G_one_fraction": 0.0,
          "B_zero_fraction": 0.308502197265625,
          "B_one_fraction": 0.0,
          "retry_exhausted": true
        },
        {
          "panel": "A",
          "latent_id": "AM3_M0.98_H0.02_Full_4",
          "m_base": 0.98,
          "h_base": 0.02,
          "mask_category": "Full",
          "replicate": 4,
          "light": "FL2",
          "camera": "Canon 300D",
          "valid_skin_fraction": 1.0,
          "mask_hash": "916b144867c340614f515c7b0e5415c74832d899c05264ded2a277a6e81d81ff",
          "appearance_seed": 636645631437793003,
          "attempt_count": 55,
          "exposure_ev": -0.08526867825221573,
          "p_zero": false,
          "high_clip_element_fraction": 0.0,
          "low_clip_element_fraction": 0.11857096354166667,
          "nonfinite_count": 0,
          "all_zero": false,
          "all_one": false,
          "R_zero_fraction": 0.0,
          "R_one_fraction": 0.0,
          "G_zero_fraction": 0.0,
          "G_one_fraction": 0.0,
          "B_zero_fraction": 0.35516357421875,
          "B_one_fraction": 0.0,
          "retry_exhausted": true
        },
        {
          "panel": "A",
          "latent_id": "AM3_M0.98_H0.02_Full_4",
          "m_base": 0.98,
          "h_base": 0.02,
          "mask_category": "Full",
          "replicate": 4,
          "light": "FL2",
          "camera": "Canon 300D",
          "valid_skin_fraction": 1.0,
          "mask_hash": "916b144867c340614f515c7b0e5415c74832d899c05264ded2a277a6e81d81ff",
          "appearance_seed": 2861369739565335985,
          "attempt_count": 56,
          "exposure_ev": -0.12753524249898235,
          "p_zero": false,
          "high_clip_element_fraction": 0.0,
          "low_clip_element_fraction": 0.11023457845052083,
          "nonfinite_count": 0,
          "all_zero": false,
          "all_one": false,
          "R_zero_fraction": 0.0,
          "R_one_fraction": 0.0,
          "G_zero_fraction": 0.0,
          "G_one_fraction": 0.0,
          "B_zero_fraction": 0.3301239013671875,
          "B_one_fraction": 0.0,
          "retry_exhausted": true
        },
        {
          "panel": "A",
          "latent_id": "AM3_M0.98_H0.02_Full_4",
          "m_base": 0.98,
          "h_base": 0.02,
          "mask_category": "Full",
          "replicate": 4,
          "light": "FL2",
          "camera": "Canon 300D",
          "valid_skin_fraction": 1.0,
          "mask_hash": "916b144867c340614f515c7b0e5415c74832d899c05264ded2a277a6e81d81ff",
          "appearance_seed": 9903044796306309351,
          "attempt_count": 57,
          "exposure_ev": -0.38703152299105015,
          "p_zero": false,
          "high_clip_element_fraction": 0.0,
          "low_clip_element_fraction": 0.12078857421875,
          "nonfinite_count": 0,
          "all_zero": false,
          "all_one": false,
          "R_zero_fraction": 0.0,
          "R_one_fraction": 0.0,
          "G_zero_fraction": 0.0,
          "G_one_fraction": 0.0,
          "B_zero_fraction": 0.3617706298828125,
          "B_one_fraction": 0.0,
          "retry_exhausted": true
        },
        {
          "panel": "A",
          "latent_id": "AM3_M0.98_H0.02_Full_4",
          "m_base": 0.98,
          "h_base": 0.02,
          "mask_category": "Full",
          "replicate": 4,
          "light": "FL2",
          "camera": "Canon 300D",
          "valid_skin_fraction": 1.0,
          "mask_hash": "916b144867c340614f515c7b0e5415c74832d899c05264ded2a277a6e81d81ff",
          "appearance_seed": 549526741831477269,
          "attempt_count": 58,
          "exposure_ev": -0.22208989353751718,
          "p_zero": false,
          "high_clip_element_fraction": 0.0,
          "low_clip_element_fraction": 0.12077840169270833,
          "nonfinite_count": 0,
          "all_zero": false,
          "all_one": false,
          "R_zero_fraction": 0.0,
          "R_one_fraction": 0.0,
          "G_zero_fraction": 0.0,
          "G_one_fraction": 0.0,
          "B_zero_fraction": 0.3617706298828125,
          "B_one_fraction": 0.0,
          "retry_exhausted": true
        },
        {
          "panel": "A",
          "latent_id": "AM3_M0.98_H0.02_Full_4",
          "m_base": 0.98,
          "h_base": 0.02,
          "mask_category": "Full",
          "replicate": 4,
          "light": "FL2",
          "camera": "Canon 300D",
          "valid_skin_fraction": 1.0,
          "mask_hash": "916b144867c340614f515c7b0e5415c74832d899c05264ded2a277a6e81d81ff",
          "appearance_seed": 8698683872530622843,
          "attempt_count": 59,
          "exposure_ev": 0.2772962118805792,
          "p_zero": false,
          "high_clip_element_fraction": 0.0,
          "low_clip_element_fraction": 0.11377970377604167,
          "nonfinite_count": 0,
          "all_zero": false,
          "all_one": false,
          "R_zero_fraction": 0.0,
          "R_one_fraction": 0.0,
          "G_zero_fraction": 0.0,
          "G_one_fraction": 0.0,
          "B_zero_fraction": 0.34088134765625,
          "B_one_fraction": 0.0,
          "retry_exhausted": true
        },
        {
          "panel": "A",
          "latent_id": "AM3_M0.98_H0.02_Full_4",
          "m_base": 0.98,
          "h_base": 0.02,
          "mask_category": "Full",
          "replicate": 4,
          "light": "FL2",
          "camera": "Canon 300D",
          "valid_skin_fraction": 1.0,
          "mask_hash": "916b144867c340614f515c7b0e5415c74832d899c05264ded2a277a6e81d81ff",
          "appearance_seed": 3989002475315801087,
          "attempt_count": 60,
          "exposure_ev": -0.37348187185667325,
          "p_zero": false,
          "high_clip_element_fraction": 0.0,
          "low_clip_element_fraction": 0.10971577962239583,
          "nonfinite_count": 0,
          "all_zero": false,
          "all_one": false,
          "R_zero_fraction": 0.0,
          "R_one_fraction": 0.0,
          "G_zero_fraction": 0.0,
          "G_one_fraction": 0.0,
          "B_zero_fraction": 0.3285675048828125,
          "B_one_fraction": 0.0,
          "retry_exhausted": true
        },
        {
          "panel": "A",
          "latent_id": "AM3_M0.98_H0.02_Full_4",
          "m_base": 0.98,
          "h_base": 0.02,
          "mask_category": "Full",
          "replicate": 4,
          "light": "FL2",
          "camera": "Canon 300D",
          "valid_skin_fraction": 1.0,
          "mask_hash": "916b144867c340614f515c7b0e5415c74832d899c05264ded2a277a6e81d81ff",
          "appearance_seed": 12993540810385522469,
          "attempt_count": 61,
          "exposure_ev": -0.4897680281266374,
          "p_zero": false,
          "high_clip_element_fraction": 0.0,
          "low_clip_element_fraction": 0.1167755126953125,
          "nonfinite_count": 0,
          "all_zero": false,
          "all_one": false,
          "R_zero_fraction": 0.0,
          "R_one_fraction": 0.0,
          "G_zero_fraction": 0.0,
          "G_one_fraction": 0.0,
          "B_zero_fraction": 0.349639892578125,
          "B_one_fraction": 0.0,
          "retry_exhausted": true
        },
        {
          "panel": "A",
          "latent_id": "AM3_M0.98_H0.02_Full_4",
          "m_base": 0.98,
          "h_base": 0.02,
          "mask_category": "Full",
          "replicate": 4,
          "light": "FL2",
          "camera": "Canon 300D",
          "valid_skin_fraction": 1.0,
          "mask_hash": "916b144867c340614f515c7b0e5415c74832d899c05264ded2a277a6e81d81ff",
          "appearance_seed": 13920649032061313523,
          "attempt_count": 62,
          "exposure_ev": 0.01838433555792851,
          "p_zero": false,
          "high_clip_element_fraction": 0.0,
          "low_clip_element_fraction": 0.120758056640625,
          "nonfinite_count": 0,
          "all_zero": false,
          "all_one": false,
          "R_zero_fraction": 0.0,
          "R_one_fraction": 0.0,
          "G_zero_fraction": 0.0,
          "G_one_fraction": 0.0,
          "B_zero_fraction": 0.3617706298828125,
          "B_one_fraction": 0.0,
          "retry_exhausted": true
        },
        {
          "panel": "A",
          "latent_id": "AM3_M0.98_H0.02_Full_4",
          "m_base": 0.98,
          "h_base": 0.02,
          "mask_category": "Full",
          "replicate": 4,
          "light": "FL2",
          "camera": "Canon 300D",
          "valid_skin_fraction": 1.0,
          "mask_hash": "916b144867c340614f515c7b0e5415c74832d899c05264ded2a277a6e81d81ff",
          "appearance_seed": 5746708512255838949,
          "attempt_count": 63,
          "exposure_ev": 0.2710548502227942,
          "p_zero": false,
          "high_clip_element_fraction": 0.0,
          "low_clip_element_fraction": 0.1110076904296875,
          "nonfinite_count": 0,
          "all_zero": false,
          "all_one": false,
          "R_zero_fraction": 0.0,
          "R_one_fraction": 0.0,
          "G_zero_fraction": 0.0,
          "G_one_fraction": 0.0,
          "B_zero_fraction": 0.33258056640625,
          "B_one_fraction": 0.0,
          "retry_exhausted": true
        },
        {
          "panel": "A",
          "latent_id": "AM3_M0.98_H0.02_Full_4",
          "m_base": 0.98,
          "h_base": 0.02,
          "mask_category": "Full",
          "replicate": 4,
          "light": "FL2",
          "camera": "Canon 300D",
          "valid_skin_fraction": 1.0,
          "mask_hash": "916b144867c340614f515c7b0e5415c74832d899c05264ded2a277a6e81d81ff",
          "appearance_seed": 13416407319250588914,
          "attempt_count": 64,
          "exposure_ev": 0.2897282887336562,
          "p_zero": false,
          "high_clip_element_fraction": 0.0,
          "low_clip_element_fraction": 0.1207427978515625,
          "nonfinite_count": 0,
          "all_zero": false,
          "all_one": false,
          "R_zero_fraction": 0.0,
          "R_one_fraction": 0.0,
          "G_zero_fraction": 0.0,
          "G_one_fraction": 0.0,
          "B_zero_fraction": 0.3617706298828125,
          "B_one_fraction": 0.0,
          "retry_exhausted": true
        },
        {
          "panel": "A",
          "latent_id": "AM3_M0.98_H0.02_Full_4",
          "m_base": 0.98,
          "h_base": 0.02,
          "mask_category": "Full",
          "replicate": 4,
          "light": "FL2",
          "camera": "Canon 300D",
          "valid_skin_fraction": 1.0,
          "mask_hash": "916b144867c340614f515c7b0e5415c74832d899c05264ded2a277a6e81d81ff",
          "appearance_seed": 2906355296662036889,
          "attempt_count": 65,
          "exposure_ev": -0.3024508453752477,
          "p_zero": false,
          "high_clip_element_fraction": 0.0,
          "low_clip_element_fraction": 0.11011759440104167,
          "nonfinite_count": 0,
          "all_zero": false,
          "all_one": false,
          "R_zero_fraction": 0.0,
          "R_one_fraction": 0.0,
          "G_zero_fraction": 0.0,
          "G_one_fraction": 0.0,
          "B_zero_fraction": 0.3298492431640625,
          "B_one_fraction": 0.0,
          "retry_exhausted": true
        },
        {
          "panel": "A",
          "latent_id": "AM3_M0.98_H0.02_Full_4",
          "m_base": 0.98,
          "h_base": 0.02,
          "mask_category": "Full",
          "replicate": 4,
          "light": "FL2",
          "camera": "Canon 300D",
          "valid_skin_fraction": 1.0,
          "mask_hash": "916b144867c340614f515c7b0e5415c74832d899c05264ded2a277a6e81d81ff",
          "appearance_seed": 15830952561749821052,
          "attempt_count": 66,
          "exposure_ev": 0.039221232794266814,
          "p_zero": false,
          "high_clip_element_fraction": 0.0,
          "low_clip_element_fraction": 0.10619099934895833,
          "nonfinite_count": 0,
          "all_zero": false,
          "all_one": false,
          "R_zero_fraction": 0.0,
          "R_one_fraction": 0.0,
          "G_zero_fraction": 0.0,
          "G_one_fraction": 0.0,
          "B_zero_fraction": 0.318145751953125,
          "B_one_fraction": 0.0,
          "retry_exhausted": true
        },
        {
          "panel": "A",
          "latent_id": "AM3_M0.98_H0.02_Full_4",
          "m_base": 0.98,
          "h_base": 0.02,
          "mask_category": "Full",
          "replicate": 4,
          "light": "FL2",
          "camera": "Canon 300D",
          "valid_skin_fraction": 1.0,
          "mask_hash": "916b144867c340614f515c7b0e5415c74832d899c05264ded2a277a6e81d81ff",
          "appearance_seed": 1052827846502297804,
          "attempt_count": 67,
          "exposure_ev": -0.4360213578346137,
          "p_zero": false,
          "high_clip_element_fraction": 0.0,
          "low_clip_element_fraction": 0.11077880859375,
          "nonfinite_count": 0,
          "all_zero": false,
          "all_one": false,
          "R_zero_fraction": 0.0,
          "R_one_fraction": 0.0,
          "G_zero_fraction": 0.0,
          "G_one_fraction": 0.0,
          "B_zero_fraction": 0.33172607421875,
          "B_one_fraction": 0.0,
          "retry_exhausted": true
        },
        {
          "panel": "A",
          "latent_id": "AM3_M0.98_H0.02_Full_4",
          "m_base": 0.98,
          "h_base": 0.02,
          "mask_category": "Full",
          "replicate": 4,
          "light": "FL2",
          "camera": "Canon 300D",
          "valid_skin_fraction": 1.0,
          "mask_hash": "916b144867c340614f515c7b0e5415c74832d899c05264ded2a277a6e81d81ff",
          "appearance_seed": 13202281179975840472,
          "attempt_count": 68,
          "exposure_ev": 0.2923024028589615,
          "p_zero": false,
          "high_clip_element_fraction": 0.0,
          "low_clip_element_fraction": 0.10819498697916667,
          "nonfinite_count": 0,
          "all_zero": false,
          "all_one": false,
          "R_zero_fraction": 0.0,
          "R_one_fraction": 0.0,
          "G_zero_fraction": 0.0,
          "G_one_fraction": 0.0,
          "B_zero_fraction": 0.324127197265625,
          "B_one_fraction": 0.0,
          "retry_exhausted": true
        },
        {
          "panel": "A",
          "latent_id": "AM3_M0.98_H0.02_Full_4",
          "m_base": 0.98,
          "h_base": 0.02,
          "mask_category": "Full",
          "replicate": 4,
          "light": "FL2",
          "camera": "Canon 300D",
          "valid_skin_fraction": 1.0,
          "mask_hash": "916b144867c340614f515c7b0e5415c74832d899c05264ded2a277a6e81d81ff",
          "appearance_seed": 2047368820054187664,
          "attempt_count": 69,
          "exposure_ev": -0.08157934941527928,
          "p_zero": false,
          "high_clip_element_fraction": 0.0,
          "low_clip_element_fraction": 0.1207733154296875,
          "nonfinite_count": 0,
          "all_zero": false,
          "all_one": false,
          "R_zero_fraction": 0.0,
          "R_one_fraction": 0.0,
          "G_zero_fraction": 0.0,
          "G_one_fraction": 0.0,
          "B_zero_fraction": 0.3617706298828125,
          "B_one_fraction": 0.0,
          "retry_exhausted": true
        },
        {
          "panel": "A",
          "latent_id": "AM3_M0.98_H0.02_Full_4",
          "m_base": 0.98,
          "h_base": 0.02,
          "mask_category": "Full",
          "replicate": 4,
          "light": "FL2",
          "camera": "Canon 300D",
          "valid_skin_fraction": 1.0,
          "mask_hash": "916b144867c340614f515c7b0e5415c74832d899c05264ded2a277a6e81d81ff",
          "appearance_seed": 12320817182216133304,
          "attempt_count": 70,
          "exposure_ev": 0.24076872657450987,
          "p_zero": false,
          "high_clip_element_fraction": 0.0,
          "low_clip_element_fraction": 0.116790771484375,
          "nonfinite_count": 0,
          "all_zero": false,
          "all_one": false,
          "R_zero_fraction": 0.0,
          "R_one_fraction": 0.0,
          "G_zero_fraction": 0.0,
          "G_one_fraction": 0.0,
          "B_zero_fraction": 0.349945068359375,
          "B_one_fraction": 0.0,
          "retry_exhausted": true
        },
        {
          "panel": "A",
          "latent_id": "AM3_M0.98_H0.02_Full_4",
          "m_base": 0.98,
          "h_base": 0.02,
          "mask_category": "Full",
          "replicate": 4,
          "light": "FL2",
          "camera": "Canon 300D",
          "valid_skin_fraction": 1.0,
          "mask_hash": "916b144867c340614f515c7b0e5415c74832d899c05264ded2a277a6e81d81ff",
          "appearance_seed": 18429453733363141028,
          "attempt_count": 71,
          "exposure_ev": -0.4228750688649607,
          "p_zero": false,
          "high_clip_element_fraction": 0.0,
          "low_clip_element_fraction": 0.11366780598958333,
          "nonfinite_count": 0,
          "all_zero": false,
          "all_one": false,
          "R_zero_fraction": 0.0,
          "R_one_fraction": 0.0,
          "G_zero_fraction": 0.0,
          "G_one_fraction": 0.0,
          "B_zero_fraction": 0.3403778076171875,
          "B_one_fraction": 0.0,
          "retry_exhausted": true
        },
        {
          "panel": "A",
          "latent_id": "AM3_M0.98_H0.02_Full_4",
          "m_base": 0.98,
          "h_base": 0.02,
          "mask_category": "Full",
          "replicate": 4,
          "light": "FL2",
          "camera": "Canon 300D",
          "valid_skin_fraction": 1.0,
          "mask_hash": "916b144867c340614f515c7b0e5415c74832d899c05264ded2a277a6e81d81ff",
          "appearance_seed": 1471716364433744667,
          "attempt_count": 72,
          "exposure_ev": -0.3124508589985184,
          "p_zero": false,
          "high_clip_element_fraction": 0.0,
          "low_clip_element_fraction": 0.12078857421875,
          "nonfinite_count": 0,
          "all_zero": false,
          "all_one": false,
          "R_zero_fraction": 0.0,
          "R_one_fraction": 0.0,
          "G_zero_fraction": 0.0,
          "G_one_fraction": 0.0,
          "B_zero_fraction": 0.3617706298828125,
          "B_one_fraction": 0.0,
          "retry_exhausted": true
        },
        {
          "panel": "A",
          "latent_id": "AM3_M0.98_H0.02_Full_4",
          "m_base": 0.98,
          "h_base": 0.02,
          "mask_category": "Full",
          "replicate": 4,
          "light": "FL2",
          "camera": "Canon 300D",
          "valid_skin_fraction": 1.0,
          "mask_hash": "916b144867c340614f515c7b0e5415c74832d899c05264ded2a277a6e81d81ff",
          "appearance_seed": 11940619185280633293,
          "attempt_count": 73,
          "exposure_ev": 0.2864004297602747,
          "p_zero": false,
          "high_clip_element_fraction": 0.0,
          "low_clip_element_fraction": 0.12073262532552083,
          "nonfinite_count": 0,
          "all_zero": false,
          "all_one": false,
          "R_zero_fraction": 0.0,
          "R_one_fraction": 0.0,
          "G_zero_fraction": 0.0,
          "G_one_fraction": 0.0,
          "B_zero_fraction": 0.3617706298828125,
          "B_one_fraction": 0.0,
          "retry_exhausted": true
        },
        {
          "panel": "A",
          "latent_id": "AM3_M0.98_H0.02_Full_4",
          "m_base": 0.98,
          "h_base": 0.02,
          "mask_category": "Full",
          "replicate": 4,
          "light": "FL2",
          "camera": "Canon 300D",
          "valid_skin_fraction": 1.0,
          "mask_hash": "916b144867c340614f515c7b0e5415c74832d899c05264ded2a277a6e81d81ff",
          "appearance_seed": 17855785977865083362,
          "attempt_count": 74,
          "exposure_ev": -0.03979949443391656,
          "p_zero": false,
          "high_clip_element_fraction": 0.0,
          "low_clip_element_fraction": 0.10324605305989583,
          "nonfinite_count": 0,
          "all_zero": false,
          "all_one": false,
          "R_zero_fraction": 0.0,
          "R_one_fraction": 0.0,
          "G_zero_fraction": 0.0,
          "G_one_fraction": 0.0,
          "B_zero_fraction": 0.3091888427734375,
          "B_one_fraction": 0.0,
          "retry_exhausted": true
        },
        {
          "panel": "A",
          "latent_id": "AM3_M0.98_H0.02_Full_4",
          "m_base": 0.98,
          "h_base": 0.02,
          "mask_category": "Full",
          "replicate": 4,
          "light": "FL2",
          "camera": "Canon 300D",
          "valid_skin_fraction": 1.0,
          "mask_hash": "916b144867c340614f515c7b0e5415c74832d899c05264ded2a277a6e81d81ff",
          "appearance_seed": 8834900292847630886,
          "attempt_count": 75,
          "exposure_ev": 0.016313763956757543,
          "p_zero": false,
          "high_clip_element_fraction": 0.0,
          "low_clip_element_fraction": 0.106292724609375,
          "nonfinite_count": 0,
          "all_zero": false,
          "all_one": false,
          "R_zero_fraction": 0.0,
          "R_one_fraction": 0.0,
          "G_zero_fraction": 0.0,
          "G_one_fraction": 0.0,
          "B_zero_fraction": 0.3183441162109375,
          "B_one_fraction": 0.0,
          "retry_exhausted": true
        },
        {
          "panel": "A",
          "latent_id": "AM3_M0.98_H0.02_Full_4",
          "m_base": 0.98,
          "h_base": 0.02,
          "mask_category": "Full",
          "replicate": 4,
          "light": "FL2",
          "camera": "Canon 300D",
          "valid_skin_fraction": 1.0,
          "mask_hash": "916b144867c340614f515c7b0e5415c74832d899c05264ded2a277a6e81d81ff",
          "appearance_seed": 10281118357416187503,
          "attempt_count": 76,
          "exposure_ev": 0.06088947976748915,
          "p_zero": false,
          "high_clip_element_fraction": 0.0,
          "low_clip_element_fraction": 0.12074788411458333,
          "nonfinite_count": 0,
          "all_zero": false,
          "all_one": false,
          "R_zero_fraction": 0.0,
          "R_one_fraction": 0.0,
          "G_zero_fraction": 0.0,
          "G_one_fraction": 0.0,
          "B_zero_fraction": 0.3617706298828125,
          "B_one_fraction": 0.0,
          "retry_exhausted": true
        },
        {
          "panel": "A",
          "latent_id": "AM3_M0.98_H0.02_Full_4",
          "m_base": 0.98,
          "h_base": 0.02,
          "mask_category": "Full",
          "replicate": 4,
          "light": "FL2",
          "camera": "Canon 300D",
          "valid_skin_fraction": 1.0,
          "mask_hash": "916b144867c340614f515c7b0e5415c74832d899c05264ded2a277a6e81d81ff",
          "appearance_seed": 14695576138136766187,
          "attempt_count": 77,
          "exposure_ev": -0.13220527428355555,
          "p_zero": false,
          "high_clip_element_fraction": 0.0,
          "low_clip_element_fraction": 0.11829121907552083,
          "nonfinite_count": 0,
          "all_zero": false,
          "all_one": false,
          "R_zero_fraction": 0.0,
          "R_one_fraction": 0.0,
          "G_zero_fraction": 0.0,
          "G_one_fraction": 0.0,
          "B_zero_fraction": 0.3544158935546875,
          "B_one_fraction": 0.0,
          "retry_exhausted": true
        },
        {
          "panel": "A",
          "latent_id": "AM3_M0.98_H0.02_Full_4",
          "m_base": 0.98,
          "h_base": 0.02,
          "mask_category": "Full",
          "replicate": 4,
          "light": "FL2",
          "camera": "Canon 300D",
          "valid_skin_fraction": 1.0,
          "mask_hash": "916b144867c340614f515c7b0e5415c74832d899c05264ded2a277a6e81d81ff",
          "appearance_seed": 7845264373401319739,
          "attempt_count": 78,
          "exposure_ev": -0.22364344020568044,
          "p_zero": false,
          "high_clip_element_fraction": 0.0,
          "low_clip_element_fraction": 0.11223347981770833,
          "nonfinite_count": 0,
          "all_zero": false,
          "all_one": false,
          "R_zero_fraction": 0.0,
          "R_one_fraction": 0.0,
          "G_zero_fraction": 0.0,
          "G_one_fraction": 0.0,
          "B_zero_fraction": 0.336181640625,
          "B_one_fraction": 0.0,
          "retry_exhausted": true
        },
        {
          "panel": "A",
          "latent_id": "AM3_M0.98_H0.02_Full_4",
          "m_base": 0.98,
          "h_base": 0.02,
          "mask_category": "Full",
          "replicate": 4,
          "light": "FL2",
          "camera": "Canon 300D",
          "valid_skin_fraction": 1.0,
          "mask_hash": "916b144867c340614f515c7b0e5415c74832d899c05264ded2a277a6e81d81ff",
          "appearance_seed": 13067411609875498687,
          "attempt_count": 79,
          "exposure_ev": 0.009118716458515919,
          "p_zero": false,
          "high_clip_element_fraction": 0.0,
          "low_clip_element_fraction": 0.11526997884114583,
          "nonfinite_count": 0,
          "all_zero": false,
          "all_one": false,
          "R_zero_fraction": 0.0,
          "R_one_fraction": 0.0,
          "G_zero_fraction": 0.0,
          "G_one_fraction": 0.0,
          "B_zero_fraction": 0.345306396484375,
          "B_one_fraction": 0.0,
          "retry_exhausted": true
        },
        {
          "panel": "A",
          "latent_id": "AM3_M0.98_H0.02_Full_4",
          "m_base": 0.98,
          "h_base": 0.02,
          "mask_category": "Full",
          "replicate": 4,
          "light": "FL2",
          "camera": "Canon 300D",
          "valid_skin_fraction": 1.0,
          "mask_hash": "916b144867c340614f515c7b0e5415c74832d899c05264ded2a277a6e81d81ff",
          "appearance_seed": 12128624846420341330,
          "attempt_count": 80,
          "exposure_ev": -0.03060403100255371,
          "p_zero": false,
          "high_clip_element_fraction": 0.0,
          "low_clip_element_fraction": 0.11270650227864583,
          "nonfinite_count": 0,
          "all_zero": false,
          "all_one": false,
          "R_zero_fraction": 0.0,
          "R_one_fraction": 0.0,
          "G_zero_fraction": 0.0,
          "G_one_fraction": 0.0,
          "B_zero_fraction": 0.3375701904296875,
          "B_one_fraction": 0.0,
          "retry_exhausted": true
        },
        {
          "panel": "A",
          "latent_id": "AM3_M0.98_H0.02_Full_4",
          "m_base": 0.98,
          "h_base": 0.02,
          "mask_category": "Full",
          "replicate": 4,
          "light": "FL2",
          "camera": "Canon 300D",
          "valid_skin_fraction": 1.0,
          "mask_hash": "916b144867c340614f515c7b0e5415c74832d899c05264ded2a277a6e81d81ff",
          "appearance_seed": 8097161828876497418,
          "attempt_count": 81,
          "exposure_ev": -0.45805855006735674,
          "p_zero": false,
          "high_clip_element_fraction": 0.0,
          "low_clip_element_fraction": 0.1125946044921875,
          "nonfinite_count": 0,
          "all_zero": false,
          "all_one": false,
          "R_zero_fraction": 0.0,
          "R_one_fraction": 0.0,
          "G_zero_fraction": 0.0,
          "G_one_fraction": 0.0,
          "B_zero_fraction": 0.337188720703125,
          "B_one_fraction": 0.0,
          "retry_exhausted": true
        },
        {
          "panel": "A",
          "latent_id": "AM3_M0.98_H0.02_Full_4",
          "m_base": 0.98,
          "h_base": 0.02,
          "mask_category": "Full",
          "replicate": 4,
          "light": "FL2",
          "camera": "Canon 300D",
          "valid_skin_fraction": 1.0,
          "mask_hash": "916b144867c340614f515c7b0e5415c74832d899c05264ded2a277a6e81d81ff",
          "appearance_seed": 12365029610678040599,
          "attempt_count": 82,
          "exposure_ev": -0.19734494024566185,
          "p_zero": false,
          "high_clip_element_fraction": 0.0,
          "low_clip_element_fraction": 0.1084442138671875,
          "nonfinite_count": 0,
          "all_zero": false,
          "all_one": false,
          "R_zero_fraction": 0.0,
          "R_one_fraction": 0.0,
          "G_zero_fraction": 0.0,
          "G_one_fraction": 0.0,
          "B_zero_fraction": 0.3248138427734375,
          "B_one_fraction": 0.0,
          "retry_exhausted": true
        },
        {
          "panel": "A",
          "latent_id": "AM3_M0.98_H0.02_Full_4",
          "m_base": 0.98,
          "h_base": 0.02,
          "mask_category": "Full",
          "replicate": 4,
          "light": "FL2",
          "camera": "Canon 300D",
          "valid_skin_fraction": 1.0,
          "mask_hash": "916b144867c340614f515c7b0e5415c74832d899c05264ded2a277a6e81d81ff",
          "appearance_seed": 12240971940769926252,
          "attempt_count": 83,
          "exposure_ev": -0.2650198832178696,
          "p_zero": false,
          "high_clip_element_fraction": 0.0,
          "low_clip_element_fraction": 0.1208038330078125,
          "nonfinite_count": 0,
          "all_zero": false,
          "all_one": false,
          "R_zero_fraction": 0.0,
          "R_one_fraction": 0.0,
          "G_zero_fraction": 0.0,
          "G_one_fraction": 0.0,
          "B_zero_fraction": 0.3617706298828125,
          "B_one_fraction": 0.0,
          "retry_exhausted": true
        },
        {
          "panel": "A",
          "latent_id": "AM3_M0.98_H0.02_Full_4",
          "m_base": 0.98,
          "h_base": 0.02,
          "mask_category": "Full",
          "replicate": 4,
          "light": "FL2",
          "camera": "Canon 300D",
          "valid_skin_fraction": 1.0,
          "mask_hash": "916b144867c340614f515c7b0e5415c74832d899c05264ded2a277a6e81d81ff",
          "appearance_seed": 1273581605487039787,
          "attempt_count": 84,
          "exposure_ev": -0.2534928662808057,
          "p_zero": false,
          "high_clip_element_fraction": 0.0,
          "low_clip_element_fraction": 0.11660257975260417,
          "nonfinite_count": 0,
          "all_zero": false,
          "all_one": false,
          "R_zero_fraction": 0.0,
          "R_one_fraction": 0.0,
          "G_zero_fraction": 0.0,
          "G_one_fraction": 0.0,
          "B_zero_fraction": 0.3492431640625,
          "B_one_fraction": 0.0,
          "retry_exhausted": true
        },
        {
          "panel": "A",
          "latent_id": "AM3_M0.98_H0.02_Full_4",
          "m_base": 0.98,
          "h_base": 0.02,
          "mask_category": "Full",
          "replicate": 4,
          "light": "FL2",
          "camera": "Canon 300D",
          "valid_skin_fraction": 1.0,
          "mask_hash": "916b144867c340614f515c7b0e5415c74832d899c05264ded2a277a6e81d81ff",
          "appearance_seed": 15756046137051541088,
          "attempt_count": 85,
          "exposure_ev": 0.126087023697657,
          "p_zero": false,
          "high_clip_element_fraction": 0.0,
          "low_clip_element_fraction": 0.11011250813802083,
          "nonfinite_count": 0,
          "all_zero": false,
          "all_one": false,
          "R_zero_fraction": 0.0,
          "R_one_fraction": 0.0,
          "G_zero_fraction": 0.0,
          "G_one_fraction": 0.0,
          "B_zero_fraction": 0.3299560546875,
          "B_one_fraction": 0.0,
          "retry_exhausted": true
        },
        {
          "panel": "A",
          "latent_id": "AM3_M0.98_H0.02_Full_4",
          "m_base": 0.98,
          "h_base": 0.02,
          "mask_category": "Full",
          "replicate": 4,
          "light": "FL2",
          "camera": "Canon 300D",
          "valid_skin_fraction": 1.0,
          "mask_hash": "916b144867c340614f515c7b0e5415c74832d899c05264ded2a277a6e81d81ff",
          "appearance_seed": 4056994691483805234,
          "attempt_count": 86,
          "exposure_ev": 0.22802940440843367,
          "p_zero": false,
          "high_clip_element_fraction": 0.0,
          "low_clip_element_fraction": 0.1207427978515625,
          "nonfinite_count": 0,
          "all_zero": false,
          "all_one": false,
          "R_zero_fraction": 0.0,
          "R_one_fraction": 0.0,
          "G_zero_fraction": 0.0,
          "G_one_fraction": 0.0,
          "B_zero_fraction": 0.3617706298828125,
          "B_one_fraction": 0.0,
          "retry_exhausted": true
        },
        {
          "panel": "A",
          "latent_id": "AM3_M0.98_H0.02_Full_4",
          "m_base": 0.98,
          "h_base": 0.02,
          "mask_category": "Full",
          "replicate": 4,
          "light": "FL2",
          "camera": "Canon 300D",
          "valid_skin_fraction": 1.0,
          "mask_hash": "916b144867c340614f515c7b0e5415c74832d899c05264ded2a277a6e81d81ff",
          "appearance_seed": 13792703118614138560,
          "attempt_count": 87,
          "exposure_ev": -0.28365661362997346,
          "p_zero": false,
          "high_clip_element_fraction": 0.0,
          "low_clip_element_fraction": 0.11692301432291667,
          "nonfinite_count": 0,
          "all_zero": false,
          "all_one": false,
          "R_zero_fraction": 0.0,
          "R_one_fraction": 0.0,
          "G_zero_fraction": 0.0,
          "G_one_fraction": 0.0,
          "B_zero_fraction": 0.35015869140625,
          "B_one_fraction": 0.0,
          "retry_exhausted": true
        },
        {
          "panel": "A",
          "latent_id": "AM3_M0.98_H0.02_Full_4",
          "m_base": 0.98,
          "h_base": 0.02,
          "mask_category": "Full",
          "replicate": 4,
          "light": "FL2",
          "camera": "Canon 300D",
          "valid_skin_fraction": 1.0,
          "mask_hash": "916b144867c340614f515c7b0e5415c74832d899c05264ded2a277a6e81d81ff",
          "appearance_seed": 12765862311059464631,
          "attempt_count": 88,
          "exposure_ev": 0.28391943432740374,
          "p_zero": false,
          "high_clip_element_fraction": 0.0,
          "low_clip_element_fraction": 0.11158243815104167,
          "nonfinite_count": 0,
          "all_zero": false,
          "all_one": false,
          "R_zero_fraction": 0.0,
          "R_one_fraction": 0.0,
          "G_zero_fraction": 0.0,
          "G_one_fraction": 0.0,
          "B_zero_fraction": 0.3343963623046875,
          "B_one_fraction": 0.0,
          "retry_exhausted": true
        },
        {
          "panel": "A",
          "latent_id": "AM3_M0.98_H0.02_Full_4",
          "m_base": 0.98,
          "h_base": 0.02,
          "mask_category": "Full",
          "replicate": 4,
          "light": "FL2",
          "camera": "Canon 300D",
          "valid_skin_fraction": 1.0,
          "mask_hash": "916b144867c340614f515c7b0e5415c74832d899c05264ded2a277a6e81d81ff",
          "appearance_seed": 13004893114973993185,
          "attempt_count": 89,
          "exposure_ev": -0.032405510077645694,
          "p_zero": false,
          "high_clip_element_fraction": 0.0,
          "low_clip_element_fraction": 0.11476643880208333,
          "nonfinite_count": 0,
          "all_zero": false,
          "all_one": false,
          "R_zero_fraction": 0.0,
          "R_one_fraction": 0.0,
          "G_zero_fraction": 0.0,
          "G_one_fraction": 0.0,
          "B_zero_fraction": 0.34381103515625,
          "B_one_fraction": 0.0,
          "retry_exhausted": true
        },
        {
          "panel": "A",
          "latent_id": "AM3_M0.98_H0.02_Full_4",
          "m_base": 0.98,
          "h_base": 0.02,
          "mask_category": "Full",
          "replicate": 4,
          "light": "FL2",
          "camera": "Canon 300D",
          "valid_skin_fraction": 1.0,
          "mask_hash": "916b144867c340614f515c7b0e5415c74832d899c05264ded2a277a6e81d81ff",
          "appearance_seed": 869194865714099924,
          "attempt_count": 90,
          "exposure_ev": 0.19730798432809438,
          "p_zero": false,
          "high_clip_element_fraction": 0.0,
          "low_clip_element_fraction": 0.10152689615885417,
          "nonfinite_count": 0,
          "all_zero": false,
          "all_one": false,
          "R_zero_fraction": 0.0,
          "R_one_fraction": 0.0,
          "G_zero_fraction": 0.0,
          "G_one_fraction": 0.0,
          "B_zero_fraction": 0.30419921875,
          "B_one_fraction": 0.0,
          "retry_exhausted": true
        },
        {
          "panel": "A",
          "latent_id": "AM3_M0.98_H0.02_Full_4",
          "m_base": 0.98,
          "h_base": 0.02,
          "mask_category": "Full",
          "replicate": 4,
          "light": "FL2",
          "camera": "Canon 300D",
          "valid_skin_fraction": 1.0,
          "mask_hash": "916b144867c340614f515c7b0e5415c74832d899c05264ded2a277a6e81d81ff",
          "appearance_seed": 1582848023579774464,
          "attempt_count": 91,
          "exposure_ev": 0.28299378981603973,
          "p_zero": false,
          "high_clip_element_fraction": 0.0,
          "low_clip_element_fraction": 0.114654541015625,
          "nonfinite_count": 0,
          "all_zero": false,
          "all_one": false,
          "R_zero_fraction": 0.0,
          "R_one_fraction": 0.0,
          "G_zero_fraction": 0.0,
          "G_one_fraction": 0.0,
          "B_zero_fraction": 0.3435211181640625,
          "B_one_fraction": 0.0,
          "retry_exhausted": true
        },
        {
          "panel": "A",
          "latent_id": "AM3_M0.98_H0.02_Full_4",
          "m_base": 0.98,
          "h_base": 0.02,
          "mask_category": "Full",
          "replicate": 4,
          "light": "FL2",
          "camera": "Canon 300D",
          "valid_skin_fraction": 1.0,
          "mask_hash": "916b144867c340614f515c7b0e5415c74832d899c05264ded2a277a6e81d81ff",
          "appearance_seed": 2584134048883031900,
          "attempt_count": 92,
          "exposure_ev": -0.07302071909199676,
          "p_zero": false,
          "high_clip_element_fraction": 0.0,
          "low_clip_element_fraction": 0.10667928059895833,
          "nonfinite_count": 0,
          "all_zero": false,
          "all_one": false,
          "R_zero_fraction": 0.0,
          "R_one_fraction": 0.0,
          "G_zero_fraction": 0.0,
          "G_one_fraction": 0.0,
          "B_zero_fraction": 0.3195343017578125,
          "B_one_fraction": 0.0,
          "retry_exhausted": true
        },
        {
          "panel": "A",
          "latent_id": "AM3_M0.98_H0.02_Full_4",
          "m_base": 0.98,
          "h_base": 0.02,
          "mask_category": "Full",
          "replicate": 4,
          "light": "FL2",
          "camera": "Canon 300D",
          "valid_skin_fraction": 1.0,
          "mask_hash": "916b144867c340614f515c7b0e5415c74832d899c05264ded2a277a6e81d81ff",
          "appearance_seed": 15714024164816025082,
          "attempt_count": 93,
          "exposure_ev": -0.35711368366604035,
          "p_zero": false,
          "high_clip_element_fraction": 0.0,
          "low_clip_element_fraction": 0.11829121907552083,
          "nonfinite_count": 0,
          "all_zero": false,
          "all_one": false,
          "R_zero_fraction": 0.0,
          "R_one_fraction": 0.0,
          "G_zero_fraction": 0.0,
          "G_one_fraction": 0.0,
          "B_zero_fraction": 0.3542938232421875,
          "B_one_fraction": 0.0,
          "retry_exhausted": true
        },
        {
          "panel": "A",
          "latent_id": "AM3_M0.98_H0.02_Full_4",
          "m_base": 0.98,
          "h_base": 0.02,
          "mask_category": "Full",
          "replicate": 4,
          "light": "FL2",
          "camera": "Canon 300D",
          "valid_skin_fraction": 1.0,
          "mask_hash": "916b144867c340614f515c7b0e5415c74832d899c05264ded2a277a6e81d81ff",
          "appearance_seed": 14383243725282216034,
          "attempt_count": 94,
          "exposure_ev": -0.15417198954353467,
          "p_zero": false,
          "high_clip_element_fraction": 0.0,
          "low_clip_element_fraction": 0.11024983723958333,
          "nonfinite_count": 0,
          "all_zero": false,
          "all_one": false,
          "R_zero_fraction": 0.0,
          "R_one_fraction": 0.0,
          "G_zero_fraction": 0.0,
          "G_one_fraction": 0.0,
          "B_zero_fraction": 0.330169677734375,
          "B_one_fraction": 0.0,
          "retry_exhausted": true
        },
        {
          "panel": "A",
          "latent_id": "AM3_M0.98_H0.02_Full_4",
          "m_base": 0.98,
          "h_base": 0.02,
          "mask_category": "Full",
          "replicate": 4,
          "light": "FL2",
          "camera": "Canon 300D",
          "valid_skin_fraction": 1.0,
          "mask_hash": "916b144867c340614f515c7b0e5415c74832d899c05264ded2a277a6e81d81ff",
          "appearance_seed": 2420201011716873767,
          "attempt_count": 95,
          "exposure_ev": 0.08984580104494844,
          "p_zero": false,
          "high_clip_element_fraction": 0.0,
          "low_clip_element_fraction": 0.11091105143229167,
          "nonfinite_count": 0,
          "all_zero": false,
          "all_one": false,
          "R_zero_fraction": 0.0,
          "R_one_fraction": 0.0,
          "G_zero_fraction": 0.0,
          "G_one_fraction": 0.0,
          "B_zero_fraction": 0.332305908203125,
          "B_one_fraction": 0.0,
          "retry_exhausted": true
        },
        {
          "panel": "A",
          "latent_id": "AM3_M0.98_H0.02_Full_4",
          "m_base": 0.98,
          "h_base": 0.02,
          "mask_category": "Full",
          "replicate": 4,
          "light": "FL2",
          "camera": "Canon 300D",
          "valid_skin_fraction": 1.0,
          "mask_hash": "916b144867c340614f515c7b0e5415c74832d899c05264ded2a277a6e81d81ff",
          "appearance_seed": 17876248294807153452,
          "attempt_count": 96,
          "exposure_ev": -0.2799541444375462,
          "p_zero": false,
          "high_clip_element_fraction": 0.0,
          "low_clip_element_fraction": 0.12078348795572917,
          "nonfinite_count": 0,
          "all_zero": false,
          "all_one": false,
          "R_zero_fraction": 0.0,
          "R_one_fraction": 0.0,
          "G_zero_fraction": 0.0,
          "G_one_fraction": 0.0,
          "B_zero_fraction": 0.3617706298828125,
          "B_one_fraction": 0.0,
          "retry_exhausted": true
        },
        {
          "panel": "A",
          "latent_id": "AM3_M0.98_H0.02_Full_4",
          "m_base": 0.98,
          "h_base": 0.02,
          "mask_category": "Full",
          "replicate": 4,
          "light": "FL2",
          "camera": "Canon 300D",
          "valid_skin_fraction": 1.0,
          "mask_hash": "916b144867c340614f515c7b0e5415c74832d899c05264ded2a277a6e81d81ff",
          "appearance_seed": 5013467082087140258,
          "attempt_count": 97,
          "exposure_ev": -0.2245089292753335,
          "p_zero": false,
          "high_clip_element_fraction": 0.0,
          "low_clip_element_fraction": 0.1102294921875,
          "nonfinite_count": 0,
          "all_zero": false,
          "all_one": false,
          "R_zero_fraction": 0.0,
          "R_one_fraction": 0.0,
          "G_zero_fraction": 0.0,
          "G_one_fraction": 0.0,
          "B_zero_fraction": 0.3302001953125,
          "B_one_fraction": 0.0,
          "retry_exhausted": true
        },
        {
          "panel": "A",
          "latent_id": "AM3_M0.98_H0.02_Full_4",
          "m_base": 0.98,
          "h_base": 0.02,
          "mask_category": "Full",
          "replicate": 4,
          "light": "FL2",
          "camera": "Canon 300D",
          "valid_skin_fraction": 1.0,
          "mask_hash": "916b144867c340614f515c7b0e5415c74832d899c05264ded2a277a6e81d81ff",
          "appearance_seed": 5252636936660389942,
          "attempt_count": 98,
          "exposure_ev": -0.08867646181910566,
          "p_zero": false,
          "high_clip_element_fraction": 0.0,
          "low_clip_element_fraction": 0.111846923828125,
          "nonfinite_count": 0,
          "all_zero": false,
          "all_one": false,
          "R_zero_fraction": 0.0,
          "R_one_fraction": 0.0,
          "G_zero_fraction": 0.0,
          "G_one_fraction": 0.0,
          "B_zero_fraction": 0.3350372314453125,
          "B_one_fraction": 0.0,
          "retry_exhausted": true
        },
        {
          "panel": "A",
          "latent_id": "AM3_M0.98_H0.02_Full_4",
          "m_base": 0.98,
          "h_base": 0.02,
          "mask_category": "Full",
          "replicate": 4,
          "light": "FL2",
          "camera": "Canon 300D",
          "valid_skin_fraction": 1.0,
          "mask_hash": "916b144867c340614f515c7b0e5415c74832d899c05264ded2a277a6e81d81ff",
          "appearance_seed": 10651525108506541255,
          "attempt_count": 99,
          "exposure_ev": -0.4888349807282939,
          "p_zero": false,
          "high_clip_element_fraction": 0.0,
          "low_clip_element_fraction": 0.1157073974609375,
          "nonfinite_count": 0,
          "all_zero": false,
          "all_one": false,
          "R_zero_fraction": 0.0,
          "R_one_fraction": 0.0,
          "G_zero_fraction": 0.0,
          "G_one_fraction": 0.0,
          "B_zero_fraction": 0.3463592529296875,
          "B_one_fraction": 0.0,
          "retry_exhausted": true
        },
        {
          "panel": "A",
          "latent_id": "AM3_M0.98_H0.02_Full_4",
          "m_base": 0.98,
          "h_base": 0.02,
          "mask_category": "Full",
          "replicate": 4,
          "light": "FL2",
          "camera": "Canon 300D",
          "valid_skin_fraction": 1.0,
          "mask_hash": "916b144867c340614f515c7b0e5415c74832d899c05264ded2a277a6e81d81ff",
          "appearance_seed": 6174000897671373164,
          "attempt_count": 100,
          "exposure_ev": -0.07675716738006833,
          "p_zero": false,
          "high_clip_element_fraction": 0.0,
          "low_clip_element_fraction": 0.10112508138020833,
          "nonfinite_count": 0,
          "all_zero": false,
          "all_one": false,
          "R_zero_fraction": 0.0,
          "R_one_fraction": 0.0,
          "G_zero_fraction": 0.0,
          "G_one_fraction": 0.0,
          "B_zero_fraction": 0.3028564453125,
          "B_one_fraction": 0.0,
          "retry_exhausted": true
        },
        {
          "panel": "A",
          "latent_id": "AM3_M0.98_H0.02_Full_4",
          "m_base": 0.98,
          "h_base": 0.02,
          "mask_category": "Full",
          "replicate": 4,
          "light": "FL2",
          "camera": "Canon 300D",
          "valid_skin_fraction": 1.0,
          "mask_hash": "916b144867c340614f515c7b0e5415c74832d899c05264ded2a277a6e81d81ff",
          "appearance_seed": 17805410735315057396,
          "attempt_count": 101,
          "exposure_ev": -0.09995385256459272,
          "p_zero": false,
          "high_clip_element_fraction": 0.0,
          "low_clip_element_fraction": 0.103424072265625,
          "nonfinite_count": 0,
          "all_zero": false,
          "all_one": false,
          "R_zero_fraction": 0.0,
          "R_one_fraction": 0.0,
          "G_zero_fraction": 0.0,
          "G_one_fraction": 0.0,
          "B_zero_fraction": 0.3096923828125,
          "B_one_fraction": 0.0,
          "retry_exhausted": true
        },
        {
          "panel": "A",
          "latent_id": "AM3_M0.98_H0.02_Full_4",
          "m_base": 0.98,
          "h_base": 0.02,
          "mask_category": "Full",
          "replicate": 4,
          "light": "FL2",
          "camera": "Canon 300D",
          "valid_skin_fraction": 1.0,
          "mask_hash": "916b144867c340614f515c7b0e5415c74832d899c05264ded2a277a6e81d81ff",
          "appearance_seed": 15015703406956594055,
          "attempt_count": 102,
          "exposure_ev": -0.3559661351465985,
          "p_zero": false,
          "high_clip_element_fraction": 0.0,
          "low_clip_element_fraction": 0.11128743489583333,
          "nonfinite_count": 0,
          "all_zero": false,
          "all_one": false,
          "R_zero_fraction": 0.0,
          "R_one_fraction": 0.0,
          "G_zero_fraction": 0.0,
          "G_one_fraction": 0.0,
          "B_zero_fraction": 0.3333282470703125,
          "B_one_fraction": 0.0,
          "retry_exhausted": true
        },
        {
          "panel": "A",
          "latent_id": "AM3_M0.98_H0.02_Full_4",
          "m_base": 0.98,
          "h_base": 0.02,
          "mask_category": "Full",
          "replicate": 4,
          "light": "FL2",
          "camera": "Canon 300D",
          "valid_skin_fraction": 1.0,
          "mask_hash": "916b144867c340614f515c7b0e5415c74832d899c05264ded2a277a6e81d81ff",
          "appearance_seed": 6120063097338118058,
          "attempt_count": 103,
          "exposure_ev": -0.196829176656728,
          "p_zero": false,
          "high_clip_element_fraction": 0.0,
          "low_clip_element_fraction": 0.11553446451822917,
          "nonfinite_count": 0,
          "all_zero": false,
          "all_one": false,
          "R_zero_fraction": 0.0,
          "R_one_fraction": 0.0,
          "G_zero_fraction": 0.0,
          "G_one_fraction": 0.0,
          "B_zero_fraction": 0.3461151123046875,
          "B_one_fraction": 0.0,
          "retry_exhausted": true
        },
        {
          "panel": "A",
          "latent_id": "AM3_M0.98_H0.02_Full_4",
          "m_base": 0.98,
          "h_base": 0.02,
          "mask_category": "Full",
          "replicate": 4,
          "light": "FL2",
          "camera": "Canon 300D",
          "valid_skin_fraction": 1.0,
          "mask_hash": "916b144867c340614f515c7b0e5415c74832d899c05264ded2a277a6e81d81ff",
          "appearance_seed": 1795194867880872449,
          "attempt_count": 104,
          "exposure_ev": -0.36244597936398465,
          "p_zero": false,
          "high_clip_element_fraction": 0.0,
          "low_clip_element_fraction": 0.11826578776041667,
          "nonfinite_count": 0,
          "all_zero": false,
          "all_one": false,
          "R_zero_fraction": 0.0,
          "R_one_fraction": 0.0,
          "G_zero_fraction": 0.0,
          "G_one_fraction": 0.0,
          "B_zero_fraction": 0.3541717529296875,
          "B_one_fraction": 0.0,
          "retry_exhausted": true
        },
        {
          "panel": "A",
          "latent_id": "AM3_M0.98_H0.02_Full_4",
          "m_base": 0.98,
          "h_base": 0.02,
          "mask_category": "Full",
          "replicate": 4,
          "light": "FL2",
          "camera": "Canon 300D",
          "valid_skin_fraction": 1.0,
          "mask_hash": "916b144867c340614f515c7b0e5415c74832d899c05264ded2a277a6e81d81ff",
          "appearance_seed": 5623025113006034248,
          "attempt_count": 105,
          "exposure_ev": -0.29331087930082794,
          "p_zero": false,
          "high_clip_element_fraction": 0.0,
          "low_clip_element_fraction": 0.1188507080078125,
          "nonfinite_count": 0,
          "all_zero": false,
          "all_one": false,
          "R_zero_fraction": 0.0,
          "R_one_fraction": 0.0,
          "G_zero_fraction": 0.0,
          "G_one_fraction": 0.0,
          "B_zero_fraction": 0.35595703125,
          "B_one_fraction": 0.0,
          "retry_exhausted": true
        },
        {
          "panel": "A",
          "latent_id": "AM3_M0.98_H0.02_Full_4",
          "m_base": 0.98,
          "h_base": 0.02,
          "mask_category": "Full",
          "replicate": 4,
          "light": "FL2",
          "camera": "Canon 300D",
          "valid_skin_fraction": 1.0,
          "mask_hash": "916b144867c340614f515c7b0e5415c74832d899c05264ded2a277a6e81d81ff",
          "appearance_seed": 11842668022778067545,
          "attempt_count": 106,
          "exposure_ev": 0.1535662263813815,
          "p_zero": false,
          "high_clip_element_fraction": 0.0,
          "low_clip_element_fraction": 0.10987345377604167,
          "nonfinite_count": 0,
          "all_zero": false,
          "all_one": false,
          "R_zero_fraction": 0.0,
          "R_one_fraction": 0.0,
          "G_zero_fraction": 0.0,
          "G_one_fraction": 0.0,
          "B_zero_fraction": 0.32928466796875,
          "B_one_fraction": 0.0,
          "retry_exhausted": true
        },
        {
          "panel": "A",
          "latent_id": "AM3_M0.98_H0.02_Full_4",
          "m_base": 0.98,
          "h_base": 0.02,
          "mask_category": "Full",
          "replicate": 4,
          "light": "FL2",
          "camera": "Canon 300D",
          "valid_skin_fraction": 1.0,
          "mask_hash": "916b144867c340614f515c7b0e5415c74832d899c05264ded2a277a6e81d81ff",
          "appearance_seed": 17723606345430082891,
          "attempt_count": 107,
          "exposure_ev": -0.3662075872338176,
          "p_zero": false,
          "high_clip_element_fraction": 0.0,
          "low_clip_element_fraction": 0.12050374348958333,
          "nonfinite_count": 0,
          "all_zero": false,
          "all_one": false,
          "R_zero_fraction": 0.0,
          "R_one_fraction": 0.0,
          "G_zero_fraction": 0.0,
          "G_one_fraction": 0.0,
          "B_zero_fraction": 0.3607940673828125,
          "B_one_fraction": 0.0,
          "retry_exhausted": true
        },
        {
          "panel": "A",
          "latent_id": "AM3_M0.98_H0.02_Full_4",
          "m_base": 0.98,
          "h_base": 0.02,
          "mask_category": "Full",
          "replicate": 4,
          "light": "FL2",
          "camera": "Canon 300D",
          "valid_skin_fraction": 1.0,
          "mask_hash": "916b144867c340614f515c7b0e5415c74832d899c05264ded2a277a6e81d81ff",
          "appearance_seed": 10565993655368332222,
          "attempt_count": 108,
          "exposure_ev": -0.4612016311308726,
          "p_zero": false,
          "high_clip_element_fraction": 0.0,
          "low_clip_element_fraction": 0.11688741048177083,
          "nonfinite_count": 0,
          "all_zero": false,
          "all_one": false,
          "R_zero_fraction": 0.0,
          "R_one_fraction": 0.0,
          "G_zero_fraction": 0.0,
          "G_one_fraction": 0.0,
          "B_zero_fraction": 0.3500213623046875,
          "B_one_fraction": 0.0,
          "retry_exhausted": true
        },
        {
          "panel": "A",
          "latent_id": "AM3_M0.98_H0.02_Full_4",
          "m_base": 0.98,
          "h_base": 0.02,
          "mask_category": "Full",
          "replicate": 4,
          "light": "FL2",
          "camera": "Canon 300D",
          "valid_skin_fraction": 1.0,
          "mask_hash": "916b144867c340614f515c7b0e5415c74832d899c05264ded2a277a6e81d81ff",
          "appearance_seed": 5629834835668365570,
          "attempt_count": 109,
          "exposure_ev": -0.4592725012471502,
          "p_zero": false,
          "high_clip_element_fraction": 0.0,
          "low_clip_element_fraction": 0.12079874674479167,
          "nonfinite_count": 0,
          "all_zero": false,
          "all_one": false,
          "R_zero_fraction": 0.0,
          "R_one_fraction": 0.0,
          "G_zero_fraction": 0.0,
          "G_one_fraction": 0.0,
          "B_zero_fraction": 0.3617706298828125,
          "B_one_fraction": 0.0,
          "retry_exhausted": true
        },
        {
          "panel": "A",
          "latent_id": "AM3_M0.98_H0.02_Full_4",
          "m_base": 0.98,
          "h_base": 0.02,
          "mask_category": "Full",
          "replicate": 4,
          "light": "FL2",
          "camera": "Canon 300D",
          "valid_skin_fraction": 1.0,
          "mask_hash": "916b144867c340614f515c7b0e5415c74832d899c05264ded2a277a6e81d81ff",
          "appearance_seed": 11767072290235920043,
          "attempt_count": 110,
          "exposure_ev": -0.4764641879187494,
          "p_zero": false,
          "high_clip_element_fraction": 0.0,
          "low_clip_element_fraction": 0.11876424153645833,
          "nonfinite_count": 0,
          "all_zero": false,
          "all_one": false,
          "R_zero_fraction": 0.0,
          "R_one_fraction": 0.0,
          "G_zero_fraction": 0.0,
          "G_one_fraction": 0.0,
          "B_zero_fraction": 0.3556976318359375,
          "B_one_fraction": 0.0,
          "retry_exhausted": true
        },
        {
          "panel": "A",
          "latent_id": "AM3_M0.98_H0.02_Full_4",
          "m_base": 0.98,
          "h_base": 0.02,
          "mask_category": "Full",
          "replicate": 4,
          "light": "FL2",
          "camera": "Canon 300D",
          "valid_skin_fraction": 1.0,
          "mask_hash": "916b144867c340614f515c7b0e5415c74832d899c05264ded2a277a6e81d81ff",
          "appearance_seed": 14541471306453042608,
          "attempt_count": 111,
          "exposure_ev": -0.3999709625691643,
          "p_zero": false,
          "high_clip_element_fraction": 0.0,
          "low_clip_element_fraction": 0.11612955729166667,
          "nonfinite_count": 0,
          "all_zero": false,
          "all_one": false,
          "R_zero_fraction": 0.0,
          "R_one_fraction": 0.0,
          "G_zero_fraction": 0.0,
          "G_one_fraction": 0.0,
          "B_zero_fraction": 0.3477325439453125,
          "B_one_fraction": 0.0,
          "retry_exhausted": true
        },
        {
          "panel": "A",
          "latent_id": "AM3_M0.98_H0.02_Full_4",
          "m_base": 0.98,
          "h_base": 0.02,
          "mask_category": "Full",
          "replicate": 4,
          "light": "FL2",
          "camera": "Canon 300D",
          "valid_skin_fraction": 1.0,
          "mask_hash": "916b144867c340614f515c7b0e5415c74832d899c05264ded2a277a6e81d81ff",
          "appearance_seed": 9300745814547046139,
          "attempt_count": 112,
          "exposure_ev": 0.016185141235578793,
          "p_zero": false,
          "high_clip_element_fraction": 0.0,
          "low_clip_element_fraction": 0.112945556640625,
          "nonfinite_count": 0,
          "all_zero": false,
          "all_one": false,
          "R_zero_fraction": 0.0,
          "R_one_fraction": 0.0,
          "G_zero_fraction": 0.0,
          "G_one_fraction": 0.0,
          "B_zero_fraction": 0.3383636474609375,
          "B_one_fraction": 0.0,
          "retry_exhausted": true
        },
        {
          "panel": "A",
          "latent_id": "AM3_M0.98_H0.02_Full_4",
          "m_base": 0.98,
          "h_base": 0.02,
          "mask_category": "Full",
          "replicate": 4,
          "light": "FL2",
          "camera": "Canon 300D",
          "valid_skin_fraction": 1.0,
          "mask_hash": "916b144867c340614f515c7b0e5415c74832d899c05264ded2a277a6e81d81ff",
          "appearance_seed": 15611723298860298675,
          "attempt_count": 113,
          "exposure_ev": -0.27011267437555847,
          "p_zero": false,
          "high_clip_element_fraction": 0.0,
          "low_clip_element_fraction": 0.12078348795572917,
          "nonfinite_count": 0,
          "all_zero": false,
          "all_one": false,
          "R_zero_fraction": 0.0,
          "R_one_fraction": 0.0,
          "G_zero_fraction": 0.0,
          "G_one_fraction": 0.0,
          "B_zero_fraction": 0.3617706298828125,
          "B_one_fraction": 0.0,
          "retry_exhausted": true
        },
        {
          "panel": "A",
          "latent_id": "AM3_M0.98_H0.02_Full_4",
          "m_base": 0.98,
          "h_base": 0.02,
          "mask_category": "Full",
          "replicate": 4,
          "light": "FL2",
          "camera": "Canon 300D",
          "valid_skin_fraction": 1.0,
          "mask_hash": "916b144867c340614f515c7b0e5415c74832d899c05264ded2a277a6e81d81ff",
          "appearance_seed": 10504062297377743331,
          "attempt_count": 114,
          "exposure_ev": 0.08015035345991373,
          "p_zero": false,
          "high_clip_element_fraction": 0.0,
          "low_clip_element_fraction": 0.10272216796875,
          "nonfinite_count": 0,
          "all_zero": false,
          "all_one": false,
          "R_zero_fraction": 0.0,
          "R_one_fraction": 0.0,
          "G_zero_fraction": 0.0,
          "G_one_fraction": 0.0,
          "B_zero_fraction": 0.3076934814453125,
          "B_one_fraction": 0.0,
          "retry_exhausted": true
        },
        {
          "panel": "A",
          "latent_id": "AM3_M0.98_H0.02_Full_4",
          "m_base": 0.98,
          "h_base": 0.02,
          "mask_category": "Full",
          "replicate": 4,
          "light": "FL2",
          "camera": "Canon 300D",
          "valid_skin_fraction": 1.0,
          "mask_hash": "916b144867c340614f515c7b0e5415c74832d899c05264ded2a277a6e81d81ff",
          "appearance_seed": 8231881566754956460,
          "attempt_count": 115,
          "exposure_ev": 0.016668372326921643,
          "p_zero": false,
          "high_clip_element_fraction": 0.0,
          "low_clip_element_fraction": 0.1125030517578125,
          "nonfinite_count": 0,
          "all_zero": false,
          "all_one": false,
          "R_zero_fraction": 0.0,
          "R_one_fraction": 0.0,
          "G_zero_fraction": 0.0,
          "G_one_fraction": 0.0,
          "B_zero_fraction": 0.3369598388671875,
          "B_one_fraction": 0.0,
          "retry_exhausted": true
        },
        {
          "panel": "A",
          "latent_id": "AM3_M0.98_H0.02_Full_4",
          "m_base": 0.98,
          "h_base": 0.02,
          "mask_category": "Full",
          "replicate": 4,
          "light": "FL2",
          "camera": "Canon 300D",
          "valid_skin_fraction": 1.0,
          "mask_hash": "916b144867c340614f515c7b0e5415c74832d899c05264ded2a277a6e81d81ff",
          "appearance_seed": 1709935182220671096,
          "attempt_count": 116,
          "exposure_ev": -0.049690644373407644,
          "p_zero": false,
          "high_clip_element_fraction": 0.0,
          "low_clip_element_fraction": 0.12076822916666667,
          "nonfinite_count": 0,
          "all_zero": false,
          "all_one": false,
          "R_zero_fraction": 0.0,
          "R_one_fraction": 0.0,
          "G_zero_fraction": 0.0,
          "G_one_fraction": 0.0,
          "B_zero_fraction": 0.3617706298828125,
          "B_one_fraction": 0.0,
          "retry_exhausted": true
        },
        {
          "panel": "A",
          "latent_id": "AM3_M0.98_H0.02_Full_4",
          "m_base": 0.98,
          "h_base": 0.02,
          "mask_category": "Full",
          "replicate": 4,
          "light": "FL2",
          "camera": "Canon 300D",
          "valid_skin_fraction": 1.0,
          "mask_hash": "916b144867c340614f515c7b0e5415c74832d899c05264ded2a277a6e81d81ff",
          "appearance_seed": 4780406994314509653,
          "attempt_count": 117,
          "exposure_ev": -0.36672691001077495,
          "p_zero": false,
          "high_clip_element_fraction": 0.0,
          "low_clip_element_fraction": 0.12079366048177083,
          "nonfinite_count": 0,
          "all_zero": false,
          "all_one": false,
          "R_zero_fraction": 0.0,
          "R_one_fraction": 0.0,
          "G_zero_fraction": 0.0,
          "G_one_fraction": 0.0,
          "B_zero_fraction": 0.3617706298828125,
          "B_one_fraction": 0.0,
          "retry_exhausted": true
        },
        {
          "panel": "A",
          "latent_id": "AM3_M0.98_H0.02_Full_4",
          "m_base": 0.98,
          "h_base": 0.02,
          "mask_category": "Full",
          "replicate": 4,
          "light": "FL2",
          "camera": "Canon 300D",
          "valid_skin_fraction": 1.0,
          "mask_hash": "916b144867c340614f515c7b0e5415c74832d899c05264ded2a277a6e81d81ff",
          "appearance_seed": 13522067144956283346,
          "attempt_count": 118,
          "exposure_ev": 0.1996706691783353,
          "p_zero": false,
          "high_clip_element_fraction": 0.0,
          "low_clip_element_fraction": 0.12074788411458333,
          "nonfinite_count": 0,
          "all_zero": false,
          "all_one": false,
          "R_zero_fraction": 0.0,
          "R_one_fraction": 0.0,
          "G_zero_fraction": 0.0,
          "G_one_fraction": 0.0,
          "B_zero_fraction": 0.3617706298828125,
          "B_one_fraction": 0.0,
          "retry_exhausted": true
        },
        {
          "panel": "A",
          "latent_id": "AM3_M0.98_H0.02_Full_4",
          "m_base": 0.98,
          "h_base": 0.02,
          "mask_category": "Full",
          "replicate": 4,
          "light": "FL2",
          "camera": "Canon 300D",
          "valid_skin_fraction": 1.0,
          "mask_hash": "916b144867c340614f515c7b0e5415c74832d899c05264ded2a277a6e81d81ff",
          "appearance_seed": 1721627482342496403,
          "attempt_count": 119,
          "exposure_ev": -0.3789176427134994,
          "p_zero": false,
          "high_clip_element_fraction": 0.0,
          "low_clip_element_fraction": 0.12079366048177083,
          "nonfinite_count": 0,
          "all_zero": false,
          "all_one": false,
          "R_zero_fraction": 0.0,
          "R_one_fraction": 0.0,
          "G_zero_fraction": 0.0,
          "G_one_fraction": 0.0,
          "B_zero_fraction": 0.3617706298828125,
          "B_one_fraction": 0.0,
          "retry_exhausted": true
        },
        {
          "panel": "A",
          "latent_id": "AM3_M0.98_H0.02_Full_4",
          "m_base": 0.98,
          "h_base": 0.02,
          "mask_category": "Full",
          "replicate": 4,
          "light": "FL2",
          "camera": "Canon 300D",
          "valid_skin_fraction": 1.0,
          "mask_hash": "916b144867c340614f515c7b0e5415c74832d899c05264ded2a277a6e81d81ff",
          "appearance_seed": 7924976570244252879,
          "attempt_count": 120,
          "exposure_ev": 0.2916984448712815,
          "p_zero": false,
          "high_clip_element_fraction": 0.0,
          "low_clip_element_fraction": 0.1207275390625,
          "nonfinite_count": 0,
          "all_zero": false,
          "all_one": false,
          "R_zero_fraction": 0.0,
          "R_one_fraction": 0.0,
          "G_zero_fraction": 0.0,
          "G_one_fraction": 0.0,
          "B_zero_fraction": 0.3617706298828125,
          "B_one_fraction": 0.0,
          "retry_exhausted": true
        },
        {
          "panel": "A",
          "latent_id": "AM3_M0.98_H0.02_Full_4",
          "m_base": 0.98,
          "h_base": 0.02,
          "mask_category": "Full",
          "replicate": 4,
          "light": "FL2",
          "camera": "Canon 300D",
          "valid_skin_fraction": 1.0,
          "mask_hash": "916b144867c340614f515c7b0e5415c74832d899c05264ded2a277a6e81d81ff",
          "appearance_seed": 204413960583279587,
          "attempt_count": 121,
          "exposure_ev": -0.014772764393345073,
          "p_zero": false,
          "high_clip_element_fraction": 0.0,
          "low_clip_element_fraction": 0.11778767903645833,
          "nonfinite_count": 0,
          "all_zero": false,
          "all_one": false,
          "R_zero_fraction": 0.0,
          "R_one_fraction": 0.0,
          "G_zero_fraction": 0.0,
          "G_one_fraction": 0.0,
          "B_zero_fraction": 0.3528594970703125,
          "B_one_fraction": 0.0,
          "retry_exhausted": true
        },
        {
          "panel": "A",
          "latent_id": "AM3_M0.98_H0.02_Full_4",
          "m_base": 0.98,
          "h_base": 0.02,
          "mask_category": "Full",
          "replicate": 4,
          "light": "FL2",
          "camera": "Canon 300D",
          "valid_skin_fraction": 1.0,
          "mask_hash": "916b144867c340614f515c7b0e5415c74832d899c05264ded2a277a6e81d81ff",
          "appearance_seed": 11799339357473342656,
          "attempt_count": 122,
          "exposure_ev": -0.17347286007378793,
          "p_zero": false,
          "high_clip_element_fraction": 0.0,
          "low_clip_element_fraction": 0.114776611328125,
          "nonfinite_count": 0,
          "all_zero": false,
          "all_one": false,
          "R_zero_fraction": 0.0,
          "R_one_fraction": 0.0,
          "G_zero_fraction": 0.0,
          "G_one_fraction": 0.0,
          "B_zero_fraction": 0.34381103515625,
          "B_one_fraction": 0.0,
          "retry_exhausted": true
        },
        {
          "panel": "A",
          "latent_id": "AM3_M0.98_H0.02_Full_4",
          "m_base": 0.98,
          "h_base": 0.02,
          "mask_category": "Full",
          "replicate": 4,
          "light": "FL2",
          "camera": "Canon 300D",
          "valid_skin_fraction": 1.0,
          "mask_hash": "916b144867c340614f515c7b0e5415c74832d899c05264ded2a277a6e81d81ff",
          "appearance_seed": 4922434773607708575,
          "attempt_count": 123,
          "exposure_ev": -0.19592276089921995,
          "p_zero": false,
          "high_clip_element_fraction": 0.0,
          "low_clip_element_fraction": 0.12077840169270833,
          "nonfinite_count": 0,
          "all_zero": false,
          "all_one": false,
          "R_zero_fraction": 0.0,
          "R_one_fraction": 0.0,
          "G_zero_fraction": 0.0,
          "G_one_fraction": 0.0,
          "B_zero_fraction": 0.3617706298828125,
          "B_one_fraction": 0.0,
          "retry_exhausted": true
        },
        {
          "panel": "A",
          "latent_id": "AM3_M0.98_H0.02_Full_4",
          "m_base": 0.98,
          "h_base": 0.02,
          "mask_category": "Full",
          "replicate": 4,
          "light": "FL2",
          "camera": "Canon 300D",
          "valid_skin_fraction": 1.0,
          "mask_hash": "916b144867c340614f515c7b0e5415c74832d899c05264ded2a277a6e81d81ff",
          "appearance_seed": 7452797777971941873,
          "attempt_count": 124,
          "exposure_ev": 0.25577435801291637,
          "p_zero": false,
          "high_clip_element_fraction": 0.0,
          "low_clip_element_fraction": 0.1207427978515625,
          "nonfinite_count": 0,
          "all_zero": false,
          "all_one": false,
          "R_zero_fraction": 0.0,
          "R_one_fraction": 0.0,
          "G_zero_fraction": 0.0,
          "G_one_fraction": 0.0,
          "B_zero_fraction": 0.3617706298828125,
          "B_one_fraction": 0.0,
          "retry_exhausted": true
        },
        {
          "panel": "A",
          "latent_id": "AM3_M0.98_H0.02_Full_4",
          "m_base": 0.98,
          "h_base": 0.02,
          "mask_category": "Full",
          "replicate": 4,
          "light": "FL2",
          "camera": "Canon 300D",
          "valid_skin_fraction": 1.0,
          "mask_hash": "916b144867c340614f515c7b0e5415c74832d899c05264ded2a277a6e81d81ff",
          "appearance_seed": 16699647846969074077,
          "attempt_count": 125,
          "exposure_ev": 0.2170522875263894,
          "p_zero": false,
          "high_clip_element_fraction": 0.0,
          "low_clip_element_fraction": 0.11279805501302083,
          "nonfinite_count": 0,
          "all_zero": false,
          "all_one": false,
          "R_zero_fraction": 0.0,
          "R_one_fraction": 0.0,
          "G_zero_fraction": 0.0,
          "G_one_fraction": 0.0,
          "B_zero_fraction": 0.3379974365234375,
          "B_one_fraction": 0.0,
          "retry_exhausted": true
        },
        {
          "panel": "A",
          "latent_id": "AM3_M0.98_H0.02_Full_4",
          "m_base": 0.98,
          "h_base": 0.02,
          "mask_category": "Full",
          "replicate": 4,
          "light": "FL2",
          "camera": "Canon 300D",
          "valid_skin_fraction": 1.0,
          "mask_hash": "916b144867c340614f515c7b0e5415c74832d899c05264ded2a277a6e81d81ff",
          "appearance_seed": 9742165041308591204,
          "attempt_count": 126,
          "exposure_ev": -0.4052152437871919,
          "p_zero": false,
          "high_clip_element_fraction": 0.0,
          "low_clip_element_fraction": 0.11646525065104167,
          "nonfinite_count": 0,
          "all_zero": false,
          "all_one": false,
          "R_zero_fraction": 0.0,
          "R_one_fraction": 0.0,
          "G_zero_fraction": 0.0,
          "G_one_fraction": 0.0,
          "B_zero_fraction": 0.3488311767578125,
          "B_one_fraction": 0.0,
          "retry_exhausted": true
        },
        {
          "panel": "A",
          "latent_id": "AM3_M0.98_H0.02_Full_4",
          "m_base": 0.98,
          "h_base": 0.02,
          "mask_category": "Full",
          "replicate": 4,
          "light": "FL2",
          "camera": "Canon 300D",
          "valid_skin_fraction": 1.0,
          "mask_hash": "916b144867c340614f515c7b0e5415c74832d899c05264ded2a277a6e81d81ff",
          "appearance_seed": 11523098490192120166,
          "attempt_count": 127,
          "exposure_ev": 0.09903470966005712,
          "p_zero": false,
          "high_clip_element_fraction": 0.0,
          "low_clip_element_fraction": 0.11801656087239583,
          "nonfinite_count": 0,
          "all_zero": false,
          "all_one": false,
          "R_zero_fraction": 0.0,
          "R_one_fraction": 0.0,
          "G_zero_fraction": 0.0,
          "G_one_fraction": 0.0,
          "B_zero_fraction": 0.3535614013671875,
          "B_one_fraction": 0.0,
          "retry_exhausted": true
        },
        {
          "panel": "A",
          "latent_id": "AM3_M0.98_H0.02_Full_4",
          "m_base": 0.98,
          "h_base": 0.02,
          "mask_category": "Full",
          "replicate": 4,
          "light": "FL2",
          "camera": "Canon 300D",
          "valid_skin_fraction": 1.0,
          "mask_hash": "916b144867c340614f515c7b0e5415c74832d899c05264ded2a277a6e81d81ff",
          "appearance_seed": 12984866444794481566,
          "attempt_count": 128,
          "exposure_ev": -0.2060046012059814,
          "p_zero": false,
          "high_clip_element_fraction": 0.0,
          "low_clip_element_fraction": 0.11573282877604167,
          "nonfinite_count": 0,
          "all_zero": false,
          "all_one": false,
          "R_zero_fraction": 0.0,
          "R_one_fraction": 0.0,
          "G_zero_fraction": 0.0,
          "G_one_fraction": 0.0,
          "B_zero_fraction": 0.3466644287109375,
          "B_one_fraction": 0.0,
          "retry_exhausted": true
        }
      ],
      "camera_swap": [
        {
          "high_clip_element_fraction": 0.0,
          "low_clip_element_fraction": 0.0,
          "nonfinite_count": 0,
          "all_zero": false,
          "all_one": false,
          "R_zero_fraction": 0.0,
          "R_one_fraction": 0.0,
          "G_zero_fraction": 0.0,
          "G_one_fraction": 0.0,
          "B_zero_fraction": 0.0,
          "B_one_fraction": 0.0,
          "camera": "Canon 5DMarkII",
          "light": "FL2",
          "attempt": 100,
          "pass": true
        },
        {
          "high_clip_element_fraction": 0.0,
          "low_clip_element_fraction": 0.0,
          "nonfinite_count": 0,
          "all_zero": false,
          "all_one": false,
          "R_zero_fraction": 0.0,
          "R_one_fraction": 0.0,
          "G_zero_fraction": 0.0,
          "G_one_fraction": 0.0,
          "B_zero_fraction": 0.0,
          "B_one_fraction": 0.0,
          "camera": "Nikon D80",
          "light": "FL2",
          "attempt": 100,
          "pass": true
        },
        {
          "high_clip_element_fraction": 0.0,
          "low_clip_element_fraction": 0.0,
          "nonfinite_count": 0,
          "all_zero": false,
          "all_one": false,
          "R_zero_fraction": 0.0,
          "R_one_fraction": 0.0,
          "G_zero_fraction": 0.0,
          "G_one_fraction": 0.0,
          "B_zero_fraction": 0.0,
          "B_one_fraction": 0.0,
          "camera": "Canon 20D",
          "light": "FL2",
          "attempt": 100,
          "pass": true
        },
        {
          "high_clip_element_fraction": 0.0,
          "low_clip_element_fraction": 0.0,
          "nonfinite_count": 0,
          "all_zero": false,
          "all_one": false,
          "R_zero_fraction": 0.0,
          "R_one_fraction": 0.0,
          "G_zero_fraction": 0.0,
          "G_one_fraction": 0.0,
          "B_zero_fraction": 0.0,
          "B_one_fraction": 0.0,
          "camera": "Canon 1DMarkIII",
          "light": "FL2",
          "attempt": 100,
          "pass": true
        },
        {
          "high_clip_element_fraction": 0.0,
          "low_clip_element_fraction": 0.0,
          "nonfinite_count": 0,
          "all_zero": false,
          "all_one": false,
          "R_zero_fraction": 0.0,
          "R_one_fraction": 0.0,
          "G_zero_fraction": 0.0,
          "G_one_fraction": 0.0,
          "B_zero_fraction": 0.0,
          "B_one_fraction": 0.0,
          "camera": "Nikon D5100",
          "light": "FL2",
          "attempt": 100,
          "pass": true
        }
      ],
      "exposure_sweep": [
        {
          "high_clip_element_fraction": 0.0,
          "low_clip_element_fraction": 0.10116068522135417,
          "nonfinite_count": 0,
          "all_zero": false,
          "all_one": false,
          "R_zero_fraction": 0.0,
          "R_one_fraction": 0.0,
          "G_zero_fraction": 0.0,
          "G_one_fraction": 0.0,
          "B_zero_fraction": 0.3028564453125,
          "B_one_fraction": 0.0,
          "exposure_ev": -0.5,
          "pass": false
        },
        {
          "high_clip_element_fraction": 0.0,
          "low_clip_element_fraction": 0.10114542643229167,
          "nonfinite_count": 0,
          "all_zero": false,
          "all_one": false,
          "R_zero_fraction": 0.0,
          "R_one_fraction": 0.0,
          "G_zero_fraction": 0.0,
          "G_one_fraction": 0.0,
          "B_zero_fraction": 0.3028564453125,
          "B_one_fraction": 0.0,
          "exposure_ev": -0.4,
          "pass": false
        },
        {
          "high_clip_element_fraction": 0.0,
          "low_clip_element_fraction": 0.10114034016927083,
          "nonfinite_count": 0,
          "all_zero": false,
          "all_one": false,
          "R_zero_fraction": 0.0,
          "R_one_fraction": 0.0,
          "G_zero_fraction": 0.0,
          "G_one_fraction": 0.0,
          "B_zero_fraction": 0.3028564453125,
          "B_one_fraction": 0.0,
          "exposure_ev": -0.3,
          "pass": false
        },
        {
          "high_clip_element_fraction": 0.0,
          "low_clip_element_fraction": 0.10113525390625,
          "nonfinite_count": 0,
          "all_zero": false,
          "all_one": false,
          "R_zero_fraction": 0.0,
          "R_one_fraction": 0.0,
          "G_zero_fraction": 0.0,
          "G_one_fraction": 0.0,
          "B_zero_fraction": 0.3028564453125,
          "B_one_fraction": 0.0,
          "exposure_ev": -0.2,
          "pass": false
        },
        {
          "high_clip_element_fraction": 0.0,
          "low_clip_element_fraction": 0.10112508138020833,
          "nonfinite_count": 0,
          "all_zero": false,
          "all_one": false,
          "R_zero_fraction": 0.0,
          "R_one_fraction": 0.0,
          "G_zero_fraction": 0.0,
          "G_one_fraction": 0.0,
          "B_zero_fraction": 0.3028564453125,
          "B_one_fraction": 0.0,
          "exposure_ev": -0.1,
          "pass": false
        },
        {
          "high_clip_element_fraction": 0.0,
          "low_clip_element_fraction": 0.10111490885416667,
          "nonfinite_count": 0,
          "all_zero": false,
          "all_one": false,
          "R_zero_fraction": 0.0,
          "R_one_fraction": 0.0,
          "G_zero_fraction": 0.0,
          "G_one_fraction": 0.0,
          "B_zero_fraction": 0.3028564453125,
          "B_one_fraction": 0.0,
          "exposure_ev": 0,
          "pass": false
        },
        {
          "high_clip_element_fraction": 0.0,
          "low_clip_element_fraction": 0.10109965006510417,
          "nonfinite_count": 0,
          "all_zero": false,
          "all_one": false,
          "R_zero_fraction": 0.0,
          "R_one_fraction": 0.0,
          "G_zero_fraction": 0.0,
          "G_one_fraction": 0.0,
          "B_zero_fraction": 0.3028564453125,
          "B_one_fraction": 0.0,
          "exposure_ev": 0.1,
          "pass": false
        },
        {
          "high_clip_element_fraction": 0.0,
          "low_clip_element_fraction": 0.10108439127604167,
          "nonfinite_count": 0,
          "all_zero": false,
          "all_one": false,
          "R_zero_fraction": 0.0,
          "R_one_fraction": 0.0,
          "G_zero_fraction": 0.0,
          "G_one_fraction": 0.0,
          "B_zero_fraction": 0.3028564453125,
          "B_one_fraction": 0.0,
          "exposure_ev": 0.2,
          "pass": false
        },
        {
          "high_clip_element_fraction": 0.0,
          "low_clip_element_fraction": 0.10107421875,
          "nonfinite_count": 0,
          "all_zero": false,
          "all_one": false,
          "R_zero_fraction": 0.0,
          "R_one_fraction": 0.0,
          "G_zero_fraction": 0.0,
          "G_one_fraction": 0.0,
          "B_zero_fraction": 0.3028564453125,
          "B_one_fraction": 0.0,
          "exposure_ev": 0.31,
          "pass": false
        }
      ],
      "p_zero": {
        "high_clip_element_fraction": 0.0,
        "low_clip_element_fraction": 0.12077840169270833,
        "nonfinite_count": 0,
        "all_zero": false,
        "all_one": false,
        "R_zero_fraction": 0.0,
        "R_one_fraction": 0.0,
        "G_zero_fraction": 0.0,
        "G_one_fraction": 0.0,
        "B_zero_fraction": 0.3617706298828125,
        "B_one_fraction": 0.0,
        "p_zero": true,
        "pass": false
      },
      "camera_specific": false
    },
    {
      "failure_id": "CANON300_AM3_2",
      "original_row": {
        "panel": "A",
        "latent_id": "AM3_M0.98_H0.02_Full_6",
        "m_base": 0.98,
        "h_base": 0.02,
        "mask_category": "Full",
        "replicate": 6,
        "light": "FL2",
        "camera": "Canon 300D",
        "valid_skin_fraction": 1.0,
        "mask_hash": "916b144867c340614f515c7b0e5415c74832d899c05264ded2a277a6e81d81ff",
        "appearance_seed": 8674545351956445604,
        "attempt_count": 128,
        "exposure_ev": -0.25083234218454575,
        "high_clip_element_fraction": 0.0,
        "low_clip_element_fraction": 0.11410013834635417,
        "nonfinite_count": 0,
        "all_zero": false,
        "all_one": false,
        "R_zero_fraction": 0.0,
        "R_one_fraction": 0.0,
        "G_zero_fraction": 0.0,
        "G_one_fraction": 0.0,
        "B_zero_fraction": 0.3417510986328125,
        "B_one_fraction": 0.0
      },
      "reproduction_pass": false,
      "best_attempt": {
        "panel": "A",
        "latent_id": "AM3_M0.98_H0.02_Full_6",
        "m_base": 0.98,
        "h_base": 0.02,
        "mask_category": "Full",
        "replicate": 6,
        "light": "FL2",
        "camera": "Canon 300D",
        "valid_skin_fraction": 1.0,
        "mask_hash": "916b144867c340614f515c7b0e5415c74832d899c05264ded2a277a6e81d81ff",
        "appearance_seed": 24179924633255576,
        "attempt_count": 74,
        "exposure_ev": 0.19149790995853833,
        "p_zero": false,
        "high_clip_element_fraction": 0.0,
        "low_clip_element_fraction": 0.10394795735677083,
        "nonfinite_count": 0,
        "all_zero": false,
        "all_one": false,
        "R_zero_fraction": 0.0,
        "R_one_fraction": 0.0,
        "G_zero_fraction": 0.0,
        "G_one_fraction": 0.0,
        "B_zero_fraction": 0.3114166259765625,
        "B_one_fraction": 0.0,
        "retry_exhausted": true
      },
      "retry_sequence": [
        {
          "panel": "A",
          "latent_id": "AM3_M0.98_H0.02_Full_6",
          "m_base": 0.98,
          "h_base": 0.02,
          "mask_category": "Full",
          "replicate": 6,
          "light": "FL2",
          "camera": "Canon 300D",
          "valid_skin_fraction": 1.0,
          "mask_hash": "916b144867c340614f515c7b0e5415c74832d899c05264ded2a277a6e81d81ff",
          "appearance_seed": 12326199182260933904,
          "attempt_count": 1,
          "exposure_ev": -0.19329928960310755,
          "p_zero": false,
          "high_clip_element_fraction": 0.0,
          "low_clip_element_fraction": 0.115814208984375,
          "nonfinite_count": 0,
          "all_zero": false,
          "all_one": false,
          "R_zero_fraction": 0.0,
          "R_one_fraction": 0.0,
          "G_zero_fraction": 0.0,
          "G_one_fraction": 0.0,
          "B_zero_fraction": 0.3469085693359375,
          "B_one_fraction": 0.0,
          "retry_exhausted": true
        },
        {
          "panel": "A",
          "latent_id": "AM3_M0.98_H0.02_Full_6",
          "m_base": 0.98,
          "h_base": 0.02,
          "mask_category": "Full",
          "replicate": 6,
          "light": "FL2",
          "camera": "Canon 300D",
          "valid_skin_fraction": 1.0,
          "mask_hash": "916b144867c340614f515c7b0e5415c74832d899c05264ded2a277a6e81d81ff",
          "appearance_seed": 16793167043337102596,
          "attempt_count": 2,
          "exposure_ev": 0.0046792208182460104,
          "p_zero": false,
          "high_clip_element_fraction": 0.0,
          "low_clip_element_fraction": 0.11676534016927083,
          "nonfinite_count": 0,
          "all_zero": false,
          "all_one": false,
          "R_zero_fraction": 0.0,
          "R_one_fraction": 0.0,
          "G_zero_fraction": 0.0,
          "G_one_fraction": 0.0,
          "B_zero_fraction": 0.3498077392578125,
          "B_one_fraction": 0.0,
          "retry_exhausted": true
        },
        {
          "panel": "A",
          "latent_id": "AM3_M0.98_H0.02_Full_6",
          "m_base": 0.98,
          "h_base": 0.02,
          "mask_category": "Full",
          "replicate": 6,
          "light": "FL2",
          "camera": "Canon 300D",
          "valid_skin_fraction": 1.0,
          "mask_hash": "916b144867c340614f515c7b0e5415c74832d899c05264ded2a277a6e81d81ff",
          "appearance_seed": 4966477416069155518,
          "attempt_count": 3,
          "exposure_ev": -0.3423840776788287,
          "p_zero": false,
          "high_clip_element_fraction": 0.0,
          "low_clip_element_fraction": 0.1245269775390625,
          "nonfinite_count": 0,
          "all_zero": false,
          "all_one": false,
          "R_zero_fraction": 0.0,
          "R_one_fraction": 0.0,
          "G_zero_fraction": 0.0,
          "G_one_fraction": 0.0,
          "B_zero_fraction": 0.3729705810546875,
          "B_one_fraction": 0.0,
          "retry_exhausted": true
        },
        {
          "panel": "A",
          "latent_id": "AM3_M0.98_H0.02_Full_6",
          "m_base": 0.98,
          "h_base": 0.02,
          "mask_category": "Full",
          "replicate": 6,
          "light": "FL2",
          "camera": "Canon 300D",
          "valid_skin_fraction": 1.0,
          "mask_hash": "916b144867c340614f515c7b0e5415c74832d899c05264ded2a277a6e81d81ff",
          "appearance_seed": 17979699192112671904,
          "attempt_count": 4,
          "exposure_ev": 0.05857189417024611,
          "p_zero": false,
          "high_clip_element_fraction": 0.0,
          "low_clip_element_fraction": 0.12068684895833333,
          "nonfinite_count": 0,
          "all_zero": false,
          "all_one": false,
          "R_zero_fraction": 0.0,
          "R_one_fraction": 0.0,
          "G_zero_fraction": 0.0,
          "G_one_fraction": 0.0,
          "B_zero_fraction": 0.3615264892578125,
          "B_one_fraction": 0.0,
          "retry_exhausted": true
        },
        {
          "panel": "A",
          "latent_id": "AM3_M0.98_H0.02_Full_6",
          "m_base": 0.98,
          "h_base": 0.02,
          "mask_category": "Full",
          "replicate": 6,
          "light": "FL2",
          "camera": "Canon 300D",
          "valid_skin_fraction": 1.0,
          "mask_hash": "916b144867c340614f515c7b0e5415c74832d899c05264ded2a277a6e81d81ff",
          "appearance_seed": 4086719131734252869,
          "attempt_count": 5,
          "exposure_ev": 0.15537523703810363,
          "p_zero": false,
          "high_clip_element_fraction": 0.0,
          "low_clip_element_fraction": 0.11369832356770833,
          "nonfinite_count": 0,
          "all_zero": false,
          "all_one": false,
          "R_zero_fraction": 0.0,
          "R_one_fraction": 0.0,
          "G_zero_fraction": 0.0,
          "G_one_fraction": 0.0,
          "B_zero_fraction": 0.3406829833984375,
          "B_one_fraction": 0.0,
          "retry_exhausted": true
        },
        {
          "panel": "A",
          "latent_id": "AM3_M0.98_H0.02_Full_6",
          "m_base": 0.98,
          "h_base": 0.02,
          "mask_category": "Full",
          "replicate": 6,
          "light": "FL2",
          "camera": "Canon 300D",
          "valid_skin_fraction": 1.0,
          "mask_hash": "916b144867c340614f515c7b0e5415c74832d899c05264ded2a277a6e81d81ff",
          "appearance_seed": 5117205249050369496,
          "attempt_count": 6,
          "exposure_ev": 0.1152677164239333,
          "p_zero": false,
          "high_clip_element_fraction": 0.0,
          "low_clip_element_fraction": 0.12695821126302084,
          "nonfinite_count": 0,
          "all_zero": false,
          "all_one": false,
          "R_zero_fraction": 0.0,
          "R_one_fraction": 0.0,
          "G_zero_fraction": 0.0,
          "G_one_fraction": 0.0,
          "B_zero_fraction": 0.3804168701171875,
          "B_one_fraction": 0.0,
          "retry_exhausted": true
        },
        {
          "panel": "A",
          "latent_id": "AM3_M0.98_H0.02_Full_6",
          "m_base": 0.98,
          "h_base": 0.02,
          "mask_category": "Full",
          "replicate": 6,
          "light": "FL2",
          "camera": "Canon 300D",
          "valid_skin_fraction": 1.0,
          "mask_hash": "916b144867c340614f515c7b0e5415c74832d899c05264ded2a277a6e81d81ff",
          "appearance_seed": 14147323065366817856,
          "attempt_count": 7,
          "exposure_ev": 0.07045664099802618,
          "p_zero": false,
          "high_clip_element_fraction": 0.0,
          "low_clip_element_fraction": 0.11551411946614583,
          "nonfinite_count": 0,
          "all_zero": false,
          "all_one": false,
          "R_zero_fraction": 0.0,
          "R_one_fraction": 0.0,
          "G_zero_fraction": 0.0,
          "G_one_fraction": 0.0,
          "B_zero_fraction": 0.34600830078125,
          "B_one_fraction": 0.0,
          "retry_exhausted": true
        },
        {
          "panel": "A",
          "latent_id": "AM3_M0.98_H0.02_Full_6",
          "m_base": 0.98,
          "h_base": 0.02,
          "mask_category": "Full",
          "replicate": 6,
          "light": "FL2",
          "camera": "Canon 300D",
          "valid_skin_fraction": 1.0,
          "mask_hash": "916b144867c340614f515c7b0e5415c74832d899c05264ded2a277a6e81d81ff",
          "appearance_seed": 5463706678124637246,
          "attempt_count": 8,
          "exposure_ev": 0.14297495942596705,
          "p_zero": false,
          "high_clip_element_fraction": 0.0,
          "low_clip_element_fraction": 0.126953125,
          "nonfinite_count": 0,
          "all_zero": false,
          "all_one": false,
          "R_zero_fraction": 0.0,
          "R_one_fraction": 0.0,
          "G_zero_fraction": 0.0,
          "G_one_fraction": 0.0,
          "B_zero_fraction": 0.3804168701171875,
          "B_one_fraction": 0.0,
          "retry_exhausted": true
        },
        {
          "panel": "A",
          "latent_id": "AM3_M0.98_H0.02_Full_6",
          "m_base": 0.98,
          "h_base": 0.02,
          "mask_category": "Full",
          "replicate": 6,
          "light": "FL2",
          "camera": "Canon 300D",
          "valid_skin_fraction": 1.0,
          "mask_hash": "916b144867c340614f515c7b0e5415c74832d899c05264ded2a277a6e81d81ff",
          "appearance_seed": 2264184326549475711,
          "attempt_count": 9,
          "exposure_ev": -0.22691141943617843,
          "p_zero": false,
          "high_clip_element_fraction": 0.0,
          "low_clip_element_fraction": 0.12700398763020834,
          "nonfinite_count": 0,
          "all_zero": false,
          "all_one": false,
          "R_zero_fraction": 0.0,
          "R_one_fraction": 0.0,
          "G_zero_fraction": 0.0,
          "G_one_fraction": 0.0,
          "B_zero_fraction": 0.3804168701171875,
          "B_one_fraction": 0.0,
          "retry_exhausted": true
        },
        {
          "panel": "A",
          "latent_id": "AM3_M0.98_H0.02_Full_6",
          "m_base": 0.98,
          "h_base": 0.02,
          "mask_category": "Full",
          "replicate": 6,
          "light": "FL2",
          "camera": "Canon 300D",
          "valid_skin_fraction": 1.0,
          "mask_hash": "916b144867c340614f515c7b0e5415c74832d899c05264ded2a277a6e81d81ff",
          "appearance_seed": 9615455886095817094,
          "attempt_count": 10,
          "exposure_ev": -0.33738918511683813,
          "p_zero": false,
          "high_clip_element_fraction": 0.0,
          "low_clip_element_fraction": 0.12383524576822917,
          "nonfinite_count": 0,
          "all_zero": false,
          "all_one": false,
          "R_zero_fraction": 0.0,
          "R_one_fraction": 0.0,
          "G_zero_fraction": 0.0,
          "G_one_fraction": 0.0,
          "B_zero_fraction": 0.370849609375,
          "B_one_fraction": 0.0,
          "retry_exhausted": true
        },
        {
          "panel": "A",
          "latent_id": "AM3_M0.98_H0.02_Full_6",
          "m_base": 0.98,
          "h_base": 0.02,
          "mask_category": "Full",
          "replicate": 6,
          "light": "FL2",
          "camera": "Canon 300D",
          "valid_skin_fraction": 1.0,
          "mask_hash": "916b144867c340614f515c7b0e5415c74832d899c05264ded2a277a6e81d81ff",
          "appearance_seed": 6777970759175640674,
          "attempt_count": 11,
          "exposure_ev": -0.32271802239311964,
          "p_zero": false,
          "high_clip_element_fraction": 0.0,
          "low_clip_element_fraction": 0.1182403564453125,
          "nonfinite_count": 0,
          "all_zero": false,
          "all_one": false,
          "R_zero_fraction": 0.0,
          "R_one_fraction": 0.0,
          "G_zero_fraction": 0.0,
          "G_one_fraction": 0.0,
          "B_zero_fraction": 0.3541259765625,
          "B_one_fraction": 0.0,
          "retry_exhausted": true
        },
        {
          "panel": "A",
          "latent_id": "AM3_M0.98_H0.02_Full_6",
          "m_base": 0.98,
          "h_base": 0.02,
          "mask_category": "Full",
          "replicate": 6,
          "light": "FL2",
          "camera": "Canon 300D",
          "valid_skin_fraction": 1.0,
          "mask_hash": "916b144867c340614f515c7b0e5415c74832d899c05264ded2a277a6e81d81ff",
          "appearance_seed": 8264149740297814991,
          "attempt_count": 12,
          "exposure_ev": -0.042090266235949025,
          "p_zero": false,
          "high_clip_element_fraction": 0.0,
          "low_clip_element_fraction": 0.11464436848958333,
          "nonfinite_count": 0,
          "all_zero": false,
          "all_one": false,
          "R_zero_fraction": 0.0,
          "R_one_fraction": 0.0,
          "G_zero_fraction": 0.0,
          "G_one_fraction": 0.0,
          "B_zero_fraction": 0.343505859375,
          "B_one_fraction": 0.0,
          "retry_exhausted": true
        },
        {
          "panel": "A",
          "latent_id": "AM3_M0.98_H0.02_Full_6",
          "m_base": 0.98,
          "h_base": 0.02,
          "mask_category": "Full",
          "replicate": 6,
          "light": "FL2",
          "camera": "Canon 300D",
          "valid_skin_fraction": 1.0,
          "mask_hash": "916b144867c340614f515c7b0e5415c74832d899c05264ded2a277a6e81d81ff",
          "appearance_seed": 11557472290787615828,
          "attempt_count": 13,
          "exposure_ev": 0.2087699668820986,
          "p_zero": false,
          "high_clip_element_fraction": 0.0,
          "low_clip_element_fraction": 0.11369832356770833,
          "nonfinite_count": 0,
          "all_zero": false,
          "all_one": false,
          "R_zero_fraction": 0.0,
          "R_one_fraction": 0.0,
          "G_zero_fraction": 0.0,
          "G_one_fraction": 0.0,
          "B_zero_fraction": 0.340789794921875,
          "B_one_fraction": 0.0,
          "retry_exhausted": true
        },
        {
          "panel": "A",
          "latent_id": "AM3_M0.98_H0.02_Full_6",
          "m_base": 0.98,
          "h_base": 0.02,
          "mask_category": "Full",
          "replicate": 6,
          "light": "FL2",
          "camera": "Canon 300D",
          "valid_skin_fraction": 1.0,
          "mask_hash": "916b144867c340614f515c7b0e5415c74832d899c05264ded2a277a6e81d81ff",
          "appearance_seed": 982999209480278214,
          "attempt_count": 14,
          "exposure_ev": -0.44494769636077364,
          "p_zero": false,
          "high_clip_element_fraction": 0.0,
          "low_clip_element_fraction": 0.12705485026041666,
          "nonfinite_count": 0,
          "all_zero": false,
          "all_one": false,
          "R_zero_fraction": 0.0,
          "R_one_fraction": 0.0,
          "G_zero_fraction": 0.0,
          "G_one_fraction": 0.0,
          "B_zero_fraction": 0.3804168701171875,
          "B_one_fraction": 0.0,
          "retry_exhausted": true
        },
        {
          "panel": "A",
          "latent_id": "AM3_M0.98_H0.02_Full_6",
          "m_base": 0.98,
          "h_base": 0.02,
          "mask_category": "Full",
          "replicate": 6,
          "light": "FL2",
          "camera": "Canon 300D",
          "valid_skin_fraction": 1.0,
          "mask_hash": "916b144867c340614f515c7b0e5415c74832d899c05264ded2a277a6e81d81ff",
          "appearance_seed": 228689106498792203,
          "attempt_count": 15,
          "exposure_ev": 0.06724602164047899,
          "p_zero": false,
          "high_clip_element_fraction": 0.0,
          "low_clip_element_fraction": 0.12227376302083333,
          "nonfinite_count": 0,
          "all_zero": false,
          "all_one": false,
          "R_zero_fraction": 0.0,
          "R_one_fraction": 0.0,
          "G_zero_fraction": 0.0,
          "G_one_fraction": 0.0,
          "B_zero_fraction": 0.3663177490234375,
          "B_one_fraction": 0.0,
          "retry_exhausted": true
        },
        {
          "panel": "A",
          "latent_id": "AM3_M0.98_H0.02_Full_6",
          "m_base": 0.98,
          "h_base": 0.02,
          "mask_category": "Full",
          "replicate": 6,
          "light": "FL2",
          "camera": "Canon 300D",
          "valid_skin_fraction": 1.0,
          "mask_hash": "916b144867c340614f515c7b0e5415c74832d899c05264ded2a277a6e81d81ff",
          "appearance_seed": 16426916489767144370,
          "attempt_count": 16,
          "exposure_ev": -0.29611795801680213,
          "p_zero": false,
          "high_clip_element_fraction": 0.0,
          "low_clip_element_fraction": 0.11931355794270833,
          "nonfinite_count": 0,
          "all_zero": false,
          "all_one": false,
          "R_zero_fraction": 0.0,
          "R_one_fraction": 0.0,
          "G_zero_fraction": 0.0,
          "G_one_fraction": 0.0,
          "B_zero_fraction": 0.3573455810546875,
          "B_one_fraction": 0.0,
          "retry_exhausted": true
        },
        {
          "panel": "A",
          "latent_id": "AM3_M0.98_H0.02_Full_6",
          "m_base": 0.98,
          "h_base": 0.02,
          "mask_category": "Full",
          "replicate": 6,
          "light": "FL2",
          "camera": "Canon 300D",
          "valid_skin_fraction": 1.0,
          "mask_hash": "916b144867c340614f515c7b0e5415c74832d899c05264ded2a277a6e81d81ff",
          "appearance_seed": 11699150514929935579,
          "attempt_count": 17,
          "exposure_ev": -0.44605024789893044,
          "p_zero": false,
          "high_clip_element_fraction": 0.0,
          "low_clip_element_fraction": 0.1224822998046875,
          "nonfinite_count": 0,
          "all_zero": false,
          "all_one": false,
          "R_zero_fraction": 0.0,
          "R_one_fraction": 0.0,
          "G_zero_fraction": 0.0,
          "G_one_fraction": 0.0,
          "B_zero_fraction": 0.3667449951171875,
          "B_one_fraction": 0.0,
          "retry_exhausted": true
        },
        {
          "panel": "A",
          "latent_id": "AM3_M0.98_H0.02_Full_6",
          "m_base": 0.98,
          "h_base": 0.02,
          "mask_category": "Full",
          "replicate": 6,
          "light": "FL2",
          "camera": "Canon 300D",
          "valid_skin_fraction": 1.0,
          "mask_hash": "916b144867c340614f515c7b0e5415c74832d899c05264ded2a277a6e81d81ff",
          "appearance_seed": 2383252001083859515,
          "attempt_count": 18,
          "exposure_ev": -0.42897380211879566,
          "p_zero": false,
          "high_clip_element_fraction": 0.0,
          "low_clip_element_fraction": 0.11764017740885417,
          "nonfinite_count": 0,
          "all_zero": false,
          "all_one": false,
          "R_zero_fraction": 0.0,
          "R_one_fraction": 0.0,
          "G_zero_fraction": 0.0,
          "G_one_fraction": 0.0,
          "B_zero_fraction": 0.3522796630859375,
          "B_one_fraction": 0.0,
          "retry_exhausted": true
        },
        {
          "panel": "A",
          "latent_id": "AM3_M0.98_H0.02_Full_6",
          "m_base": 0.98,
          "h_base": 0.02,
          "mask_category": "Full",
          "replicate": 6,
          "light": "FL2",
          "camera": "Canon 300D",
          "valid_skin_fraction": 1.0,
          "mask_hash": "916b144867c340614f515c7b0e5415c74832d899c05264ded2a277a6e81d81ff",
          "appearance_seed": 14294166854335267882,
          "attempt_count": 19,
          "exposure_ev": 0.021862856805693,
          "p_zero": false,
          "high_clip_element_fraction": 0.0,
          "low_clip_element_fraction": 0.11684163411458333,
          "nonfinite_count": 0,
          "all_zero": false,
          "all_one": false,
          "R_zero_fraction": 0.0,
          "R_one_fraction": 0.0,
          "G_zero_fraction": 0.0,
          "G_one_fraction": 0.0,
          "B_zero_fraction": 0.3499603271484375,
          "B_one_fraction": 0.0,
          "retry_exhausted": true
        },
        {
          "panel": "A",
          "latent_id": "AM3_M0.98_H0.02_Full_6",
          "m_base": 0.98,
          "h_base": 0.02,
          "mask_category": "Full",
          "replicate": 6,
          "light": "FL2",
          "camera": "Canon 300D",
          "valid_skin_fraction": 1.0,
          "mask_hash": "916b144867c340614f515c7b0e5415c74832d899c05264ded2a277a6e81d81ff",
          "appearance_seed": 11211006981887004906,
          "attempt_count": 20,
          "exposure_ev": -0.20049074703254166,
          "p_zero": false,
          "high_clip_element_fraction": 0.0,
          "low_clip_element_fraction": 0.12701416015625,
          "nonfinite_count": 0,
          "all_zero": false,
          "all_one": false,
          "R_zero_fraction": 0.0,
          "R_one_fraction": 0.0,
          "G_zero_fraction": 0.0,
          "G_one_fraction": 0.0,
          "B_zero_fraction": 0.3804168701171875,
          "B_one_fraction": 0.0,
          "retry_exhausted": true
        },
        {
          "panel": "A",
          "latent_id": "AM3_M0.98_H0.02_Full_6",
          "m_base": 0.98,
          "h_base": 0.02,
          "mask_category": "Full",
          "replicate": 6,
          "light": "FL2",
          "camera": "Canon 300D",
          "valid_skin_fraction": 1.0,
          "mask_hash": "916b144867c340614f515c7b0e5415c74832d899c05264ded2a277a6e81d81ff",
          "appearance_seed": 6297827407873980407,
          "attempt_count": 21,
          "exposure_ev": -0.15307054477741944,
          "p_zero": false,
          "high_clip_element_fraction": 0.0,
          "low_clip_element_fraction": 0.1208953857421875,
          "nonfinite_count": 0,
          "all_zero": false,
          "all_one": false,
          "R_zero_fraction": 0.0,
          "R_one_fraction": 0.0,
          "G_zero_fraction": 0.0,
          "G_one_fraction": 0.0,
          "B_zero_fraction": 0.362213134765625,
          "B_one_fraction": 0.0,
          "retry_exhausted": true
        },
        {
          "panel": "A",
          "latent_id": "AM3_M0.98_H0.02_Full_6",
          "m_base": 0.98,
          "h_base": 0.02,
          "mask_category": "Full",
          "replicate": 6,
          "light": "FL2",
          "camera": "Canon 300D",
          "valid_skin_fraction": 1.0,
          "mask_hash": "916b144867c340614f515c7b0e5415c74832d899c05264ded2a277a6e81d81ff",
          "appearance_seed": 14573498455910208871,
          "attempt_count": 22,
          "exposure_ev": 0.08051511100830955,
          "p_zero": false,
          "high_clip_element_fraction": 0.0,
          "low_clip_element_fraction": 0.11995951334635417,
          "nonfinite_count": 0,
          "all_zero": false,
          "all_one": false,
          "R_zero_fraction": 0.0,
          "R_one_fraction": 0.0,
          "G_zero_fraction": 0.0,
          "G_one_fraction": 0.0,
          "B_zero_fraction": 0.3593902587890625,
          "B_one_fraction": 0.0,
          "retry_exhausted": true
        },
        {
          "panel": "A",
          "latent_id": "AM3_M0.98_H0.02_Full_6",
          "m_base": 0.98,
          "h_base": 0.02,
          "mask_category": "Full",
          "replicate": 6,
          "light": "FL2",
          "camera": "Canon 300D",
          "valid_skin_fraction": 1.0,
          "mask_hash": "916b144867c340614f515c7b0e5415c74832d899c05264ded2a277a6e81d81ff",
          "appearance_seed": 7232649452439924741,
          "attempt_count": 23,
          "exposure_ev": 0.22160609991692193,
          "p_zero": false,
          "high_clip_element_fraction": 0.0,
          "low_clip_element_fraction": 0.12697347005208334,
          "nonfinite_count": 0,
          "all_zero": false,
          "all_one": false,
          "R_zero_fraction": 0.0,
          "R_one_fraction": 0.0,
          "G_zero_fraction": 0.0,
          "G_one_fraction": 0.0,
          "B_zero_fraction": 0.3804168701171875,
          "B_one_fraction": 0.0,
          "retry_exhausted": true
        },
        {
          "panel": "A",
          "latent_id": "AM3_M0.98_H0.02_Full_6",
          "m_base": 0.98,
          "h_base": 0.02,
          "mask_category": "Full",
          "replicate": 6,
          "light": "FL2",
          "camera": "Canon 300D",
          "valid_skin_fraction": 1.0,
          "mask_hash": "916b144867c340614f515c7b0e5415c74832d899c05264ded2a277a6e81d81ff",
          "appearance_seed": 16237028210735610951,
          "attempt_count": 24,
          "exposure_ev": -0.0934717012958497,
          "p_zero": false,
          "high_clip_element_fraction": 0.0,
          "low_clip_element_fraction": 0.1269989013671875,
          "nonfinite_count": 0,
          "all_zero": false,
          "all_one": false,
          "R_zero_fraction": 0.0,
          "R_one_fraction": 0.0,
          "G_zero_fraction": 0.0,
          "G_one_fraction": 0.0,
          "B_zero_fraction": 0.3804168701171875,
          "B_one_fraction": 0.0,
          "retry_exhausted": true
        },
        {
          "panel": "A",
          "latent_id": "AM3_M0.98_H0.02_Full_6",
          "m_base": 0.98,
          "h_base": 0.02,
          "mask_category": "Full",
          "replicate": 6,
          "light": "FL2",
          "camera": "Canon 300D",
          "valid_skin_fraction": 1.0,
          "mask_hash": "916b144867c340614f515c7b0e5415c74832d899c05264ded2a277a6e81d81ff",
          "appearance_seed": 7085437607817415185,
          "attempt_count": 25,
          "exposure_ev": -0.15917831096715496,
          "p_zero": false,
          "high_clip_element_fraction": 0.0,
          "low_clip_element_fraction": 0.12701416015625,
          "nonfinite_count": 0,
          "all_zero": false,
          "all_one": false,
          "R_zero_fraction": 0.0,
          "R_one_fraction": 0.0,
          "G_zero_fraction": 0.0,
          "G_one_fraction": 0.0,
          "B_zero_fraction": 0.3804168701171875,
          "B_one_fraction": 0.0,
          "retry_exhausted": true
        },
        {
          "panel": "A",
          "latent_id": "AM3_M0.98_H0.02_Full_6",
          "m_base": 0.98,
          "h_base": 0.02,
          "mask_category": "Full",
          "replicate": 6,
          "light": "FL2",
          "camera": "Canon 300D",
          "valid_skin_fraction": 1.0,
          "mask_hash": "916b144867c340614f515c7b0e5415c74832d899c05264ded2a277a6e81d81ff",
          "appearance_seed": 9451964254777800104,
          "attempt_count": 26,
          "exposure_ev": -0.4953585463742066,
          "p_zero": false,
          "high_clip_element_fraction": 0.0,
          "low_clip_element_fraction": 0.12008158365885417,
          "nonfinite_count": 0,
          "all_zero": false,
          "all_one": false,
          "R_zero_fraction": 0.0,
          "R_one_fraction": 0.0,
          "G_zero_fraction": 0.0,
          "G_one_fraction": 0.0,
          "B_zero_fraction": 0.3595123291015625,
          "B_one_fraction": 0.0,
          "retry_exhausted": true
        },
        {
          "panel": "A",
          "latent_id": "AM3_M0.98_H0.02_Full_6",
          "m_base": 0.98,
          "h_base": 0.02,
          "mask_category": "Full",
          "replicate": 6,
          "light": "FL2",
          "camera": "Canon 300D",
          "valid_skin_fraction": 1.0,
          "mask_hash": "916b144867c340614f515c7b0e5415c74832d899c05264ded2a277a6e81d81ff",
          "appearance_seed": 4208719930596915776,
          "attempt_count": 27,
          "exposure_ev": 0.040940132775838856,
          "p_zero": false,
          "high_clip_element_fraction": 0.0,
          "low_clip_element_fraction": 0.11892191569010417,
          "nonfinite_count": 0,
          "all_zero": false,
          "all_one": false,
          "R_zero_fraction": 0.0,
          "R_one_fraction": 0.0,
          "G_zero_fraction": 0.0,
          "G_one_fraction": 0.0,
          "B_zero_fraction": 0.35626220703125,
          "B_one_fraction": 0.0,
          "retry_exhausted": true
        },
        {
          "panel": "A",
          "latent_id": "AM3_M0.98_H0.02_Full_6",
          "m_base": 0.98,
          "h_base": 0.02,
          "mask_category": "Full",
          "replicate": 6,
          "light": "FL2",
          "camera": "Canon 300D",
          "valid_skin_fraction": 1.0,
          "mask_hash": "916b144867c340614f515c7b0e5415c74832d899c05264ded2a277a6e81d81ff",
          "appearance_seed": 7433024305770700053,
          "attempt_count": 28,
          "exposure_ev": -0.46276970089868386,
          "p_zero": false,
          "high_clip_element_fraction": 0.0,
          "low_clip_element_fraction": 0.12705485026041666,
          "nonfinite_count": 0,
          "all_zero": false,
          "all_one": false,
          "R_zero_fraction": 0.0,
          "R_one_fraction": 0.0,
          "G_zero_fraction": 0.0,
          "G_one_fraction": 0.0,
          "B_zero_fraction": 0.3804168701171875,
          "B_one_fraction": 0.0,
          "retry_exhausted": true
        },
        {
          "panel": "A",
          "latent_id": "AM3_M0.98_H0.02_Full_6",
          "m_base": 0.98,
          "h_base": 0.02,
          "mask_category": "Full",
          "replicate": 6,
          "light": "FL2",
          "camera": "Canon 300D",
          "valid_skin_fraction": 1.0,
          "mask_hash": "916b144867c340614f515c7b0e5415c74832d899c05264ded2a277a6e81d81ff",
          "appearance_seed": 16262269305136572176,
          "attempt_count": 29,
          "exposure_ev": -0.3479392490003089,
          "p_zero": false,
          "high_clip_element_fraction": 0.0,
          "low_clip_element_fraction": 0.11176045735677083,
          "nonfinite_count": 0,
          "all_zero": false,
          "all_one": false,
          "R_zero_fraction": 0.0,
          "R_one_fraction": 0.0,
          "G_zero_fraction": 0.0,
          "G_one_fraction": 0.0,
          "B_zero_fraction": 0.3347625732421875,
          "B_one_fraction": 0.0,
          "retry_exhausted": true
        },
        {
          "panel": "A",
          "latent_id": "AM3_M0.98_H0.02_Full_6",
          "m_base": 0.98,
          "h_base": 0.02,
          "mask_category": "Full",
          "replicate": 6,
          "light": "FL2",
          "camera": "Canon 300D",
          "valid_skin_fraction": 1.0,
          "mask_hash": "916b144867c340614f515c7b0e5415c74832d899c05264ded2a277a6e81d81ff",
          "appearance_seed": 8553979778671710558,
          "attempt_count": 30,
          "exposure_ev": -0.17950709811801957,
          "p_zero": false,
          "high_clip_element_fraction": 0.0,
          "low_clip_element_fraction": 0.12701416015625,
          "nonfinite_count": 0,
          "all_zero": false,
          "all_one": false,
          "R_zero_fraction": 0.0,
          "R_one_fraction": 0.0,
          "G_zero_fraction": 0.0,
          "G_one_fraction": 0.0,
          "B_zero_fraction": 0.3804168701171875,
          "B_one_fraction": 0.0,
          "retry_exhausted": true
        },
        {
          "panel": "A",
          "latent_id": "AM3_M0.98_H0.02_Full_6",
          "m_base": 0.98,
          "h_base": 0.02,
          "mask_category": "Full",
          "replicate": 6,
          "light": "FL2",
          "camera": "Canon 300D",
          "valid_skin_fraction": 1.0,
          "mask_hash": "916b144867c340614f515c7b0e5415c74832d899c05264ded2a277a6e81d81ff",
          "appearance_seed": 9826472615983722896,
          "attempt_count": 31,
          "exposure_ev": -0.01921756809835662,
          "p_zero": false,
          "high_clip_element_fraction": 0.0,
          "low_clip_element_fraction": 0.11691792805989583,
          "nonfinite_count": 0,
          "all_zero": false,
          "all_one": false,
          "R_zero_fraction": 0.0,
          "R_one_fraction": 0.0,
          "G_zero_fraction": 0.0,
          "G_one_fraction": 0.0,
          "B_zero_fraction": 0.3502197265625,
          "B_one_fraction": 0.0,
          "retry_exhausted": true
        },
        {
          "panel": "A",
          "latent_id": "AM3_M0.98_H0.02_Full_6",
          "m_base": 0.98,
          "h_base": 0.02,
          "mask_category": "Full",
          "replicate": 6,
          "light": "FL2",
          "camera": "Canon 300D",
          "valid_skin_fraction": 1.0,
          "mask_hash": "916b144867c340614f515c7b0e5415c74832d899c05264ded2a277a6e81d81ff",
          "appearance_seed": 18209814207119324268,
          "attempt_count": 32,
          "exposure_ev": 0.16284435409490483,
          "p_zero": false,
          "high_clip_element_fraction": 0.0,
          "low_clip_element_fraction": 0.12694295247395834,
          "nonfinite_count": 0,
          "all_zero": false,
          "all_one": false,
          "R_zero_fraction": 0.0,
          "R_one_fraction": 0.0,
          "G_zero_fraction": 0.0,
          "G_one_fraction": 0.0,
          "B_zero_fraction": 0.3804168701171875,
          "B_one_fraction": 0.0,
          "retry_exhausted": true
        },
        {
          "panel": "A",
          "latent_id": "AM3_M0.98_H0.02_Full_6",
          "m_base": 0.98,
          "h_base": 0.02,
          "mask_category": "Full",
          "replicate": 6,
          "light": "FL2",
          "camera": "Canon 300D",
          "valid_skin_fraction": 1.0,
          "mask_hash": "916b144867c340614f515c7b0e5415c74832d899c05264ded2a277a6e81d81ff",
          "appearance_seed": 11826106539622345994,
          "attempt_count": 33,
          "exposure_ev": -0.34053722383621393,
          "p_zero": false,
          "high_clip_element_fraction": 0.0,
          "low_clip_element_fraction": 0.1165771484375,
          "nonfinite_count": 0,
          "all_zero": false,
          "all_one": false,
          "R_zero_fraction": 0.0,
          "R_one_fraction": 0.0,
          "G_zero_fraction": 0.0,
          "G_one_fraction": 0.0,
          "B_zero_fraction": 0.349151611328125,
          "B_one_fraction": 0.0,
          "retry_exhausted": true
        },
        {
          "panel": "A",
          "latent_id": "AM3_M0.98_H0.02_Full_6",
          "m_base": 0.98,
          "h_base": 0.02,
          "mask_category": "Full",
          "replicate": 6,
          "light": "FL2",
          "camera": "Canon 300D",
          "valid_skin_fraction": 1.0,
          "mask_hash": "916b144867c340614f515c7b0e5415c74832d899c05264ded2a277a6e81d81ff",
          "appearance_seed": 15977054908655034708,
          "attempt_count": 34,
          "exposure_ev": -0.40623588844924063,
          "p_zero": false,
          "high_clip_element_fraction": 0.0,
          "low_clip_element_fraction": 0.12703959147135416,
          "nonfinite_count": 0,
          "all_zero": false,
          "all_one": false,
          "R_zero_fraction": 0.0,
          "R_one_fraction": 0.0,
          "G_zero_fraction": 0.0,
          "G_one_fraction": 0.0,
          "B_zero_fraction": 0.3804168701171875,
          "B_one_fraction": 0.0,
          "retry_exhausted": true
        },
        {
          "panel": "A",
          "latent_id": "AM3_M0.98_H0.02_Full_6",
          "m_base": 0.98,
          "h_base": 0.02,
          "mask_category": "Full",
          "replicate": 6,
          "light": "FL2",
          "camera": "Canon 300D",
          "valid_skin_fraction": 1.0,
          "mask_hash": "916b144867c340614f515c7b0e5415c74832d899c05264ded2a277a6e81d81ff",
          "appearance_seed": 1302020005449323304,
          "attempt_count": 35,
          "exposure_ev": -0.41930646991345044,
          "p_zero": false,
          "high_clip_element_fraction": 0.0,
          "low_clip_element_fraction": 0.12705485026041666,
          "nonfinite_count": 0,
          "all_zero": false,
          "all_one": false,
          "R_zero_fraction": 0.0,
          "R_one_fraction": 0.0,
          "G_zero_fraction": 0.0,
          "G_one_fraction": 0.0,
          "B_zero_fraction": 0.3804168701171875,
          "B_one_fraction": 0.0,
          "retry_exhausted": true
        },
        {
          "panel": "A",
          "latent_id": "AM3_M0.98_H0.02_Full_6",
          "m_base": 0.98,
          "h_base": 0.02,
          "mask_category": "Full",
          "replicate": 6,
          "light": "FL2",
          "camera": "Canon 300D",
          "valid_skin_fraction": 1.0,
          "mask_hash": "916b144867c340614f515c7b0e5415c74832d899c05264ded2a277a6e81d81ff",
          "appearance_seed": 922957307176108453,
          "attempt_count": 36,
          "exposure_ev": 0.12420113664794308,
          "p_zero": false,
          "high_clip_element_fraction": 0.0,
          "low_clip_element_fraction": 0.12477620442708333,
          "nonfinite_count": 0,
          "all_zero": false,
          "all_one": false,
          "R_zero_fraction": 0.0,
          "R_one_fraction": 0.0,
          "G_zero_fraction": 0.0,
          "G_one_fraction": 0.0,
          "B_zero_fraction": 0.3739013671875,
          "B_one_fraction": 0.0,
          "retry_exhausted": true
        },
        {
          "panel": "A",
          "latent_id": "AM3_M0.98_H0.02_Full_6",
          "m_base": 0.98,
          "h_base": 0.02,
          "mask_category": "Full",
          "replicate": 6,
          "light": "FL2",
          "camera": "Canon 300D",
          "valid_skin_fraction": 1.0,
          "mask_hash": "916b144867c340614f515c7b0e5415c74832d899c05264ded2a277a6e81d81ff",
          "appearance_seed": 3652738408515737183,
          "attempt_count": 37,
          "exposure_ev": 0.1549776116791307,
          "p_zero": false,
          "high_clip_element_fraction": 0.0,
          "low_clip_element_fraction": 0.11735026041666667,
          "nonfinite_count": 0,
          "all_zero": false,
          "all_one": false,
          "R_zero_fraction": 0.0,
          "R_one_fraction": 0.0,
          "G_zero_fraction": 0.0,
          "G_one_fraction": 0.0,
          "B_zero_fraction": 0.3516845703125,
          "B_one_fraction": 0.0,
          "retry_exhausted": true
        },
        {
          "panel": "A",
          "latent_id": "AM3_M0.98_H0.02_Full_6",
          "m_base": 0.98,
          "h_base": 0.02,
          "mask_category": "Full",
          "replicate": 6,
          "light": "FL2",
          "camera": "Canon 300D",
          "valid_skin_fraction": 1.0,
          "mask_hash": "916b144867c340614f515c7b0e5415c74832d899c05264ded2a277a6e81d81ff",
          "appearance_seed": 4187983175230966903,
          "attempt_count": 38,
          "exposure_ev": -0.4309450183546614,
          "p_zero": false,
          "high_clip_element_fraction": 0.0,
          "low_clip_element_fraction": 0.12403361002604167,
          "nonfinite_count": 0,
          "all_zero": false,
          "all_one": false,
          "R_zero_fraction": 0.0,
          "R_one_fraction": 0.0,
          "G_zero_fraction": 0.0,
          "G_one_fraction": 0.0,
          "B_zero_fraction": 0.371429443359375,
          "B_one_fraction": 0.0,
          "retry_exhausted": true
        },
        {
          "panel": "A",
          "latent_id": "AM3_M0.98_H0.02_Full_6",
          "m_base": 0.98,
          "h_base": 0.02,
          "mask_category": "Full",
          "replicate": 6,
          "light": "FL2",
          "camera": "Canon 300D",
          "valid_skin_fraction": 1.0,
          "mask_hash": "916b144867c340614f515c7b0e5415c74832d899c05264ded2a277a6e81d81ff",
          "appearance_seed": 9993339866180808350,
          "attempt_count": 39,
          "exposure_ev": 0.26383761875397604,
          "p_zero": false,
          "high_clip_element_fraction": 0.0,
          "low_clip_element_fraction": 0.1233978271484375,
          "nonfinite_count": 0,
          "all_zero": false,
          "all_one": false,
          "R_zero_fraction": 0.0,
          "R_one_fraction": 0.0,
          "G_zero_fraction": 0.0,
          "G_one_fraction": 0.0,
          "B_zero_fraction": 0.3697967529296875,
          "B_one_fraction": 0.0,
          "retry_exhausted": true
        },
        {
          "panel": "A",
          "latent_id": "AM3_M0.98_H0.02_Full_6",
          "m_base": 0.98,
          "h_base": 0.02,
          "mask_category": "Full",
          "replicate": 6,
          "light": "FL2",
          "camera": "Canon 300D",
          "valid_skin_fraction": 1.0,
          "mask_hash": "916b144867c340614f515c7b0e5415c74832d899c05264ded2a277a6e81d81ff",
          "appearance_seed": 11902564635139508775,
          "attempt_count": 40,
          "exposure_ev": 0.20109224099175405,
          "p_zero": false,
          "high_clip_element_fraction": 0.0,
          "low_clip_element_fraction": 0.1269378662109375,
          "nonfinite_count": 0,
          "all_zero": false,
          "all_one": false,
          "R_zero_fraction": 0.0,
          "R_one_fraction": 0.0,
          "G_zero_fraction": 0.0,
          "G_one_fraction": 0.0,
          "B_zero_fraction": 0.3804168701171875,
          "B_one_fraction": 0.0,
          "retry_exhausted": true
        },
        {
          "panel": "A",
          "latent_id": "AM3_M0.98_H0.02_Full_6",
          "m_base": 0.98,
          "h_base": 0.02,
          "mask_category": "Full",
          "replicate": 6,
          "light": "FL2",
          "camera": "Canon 300D",
          "valid_skin_fraction": 1.0,
          "mask_hash": "916b144867c340614f515c7b0e5415c74832d899c05264ded2a277a6e81d81ff",
          "appearance_seed": 9542890417073211933,
          "attempt_count": 41,
          "exposure_ev": 0.2538140206653611,
          "p_zero": false,
          "high_clip_element_fraction": 0.0,
          "low_clip_element_fraction": 0.12692769368489584,
          "nonfinite_count": 0,
          "all_zero": false,
          "all_one": false,
          "R_zero_fraction": 0.0,
          "R_one_fraction": 0.0,
          "G_zero_fraction": 0.0,
          "G_one_fraction": 0.0,
          "B_zero_fraction": 0.3804168701171875,
          "B_one_fraction": 0.0,
          "retry_exhausted": true
        },
        {
          "panel": "A",
          "latent_id": "AM3_M0.98_H0.02_Full_6",
          "m_base": 0.98,
          "h_base": 0.02,
          "mask_category": "Full",
          "replicate": 6,
          "light": "FL2",
          "camera": "Canon 300D",
          "valid_skin_fraction": 1.0,
          "mask_hash": "916b144867c340614f515c7b0e5415c74832d899c05264ded2a277a6e81d81ff",
          "appearance_seed": 4615137223138197522,
          "attempt_count": 42,
          "exposure_ev": 0.3091620706038638,
          "p_zero": false,
          "high_clip_element_fraction": 0.0,
          "low_clip_element_fraction": 0.126922607421875,
          "nonfinite_count": 0,
          "all_zero": false,
          "all_one": false,
          "R_zero_fraction": 0.0,
          "R_one_fraction": 0.0,
          "G_zero_fraction": 0.0,
          "G_one_fraction": 0.0,
          "B_zero_fraction": 0.3804168701171875,
          "B_one_fraction": 0.0,
          "retry_exhausted": true
        },
        {
          "panel": "A",
          "latent_id": "AM3_M0.98_H0.02_Full_6",
          "m_base": 0.98,
          "h_base": 0.02,
          "mask_category": "Full",
          "replicate": 6,
          "light": "FL2",
          "camera": "Canon 300D",
          "valid_skin_fraction": 1.0,
          "mask_hash": "916b144867c340614f515c7b0e5415c74832d899c05264ded2a277a6e81d81ff",
          "appearance_seed": 10079715535890730708,
          "attempt_count": 43,
          "exposure_ev": -0.28033942436236436,
          "p_zero": false,
          "high_clip_element_fraction": 0.0,
          "low_clip_element_fraction": 0.12108357747395833,
          "nonfinite_count": 0,
          "all_zero": false,
          "all_one": false,
          "R_zero_fraction": 0.0,
          "R_one_fraction": 0.0,
          "G_zero_fraction": 0.0,
          "G_one_fraction": 0.0,
          "B_zero_fraction": 0.36273193359375,
          "B_one_fraction": 0.0,
          "retry_exhausted": true
        },
        {
          "panel": "A",
          "latent_id": "AM3_M0.98_H0.02_Full_6",
          "m_base": 0.98,
          "h_base": 0.02,
          "mask_category": "Full",
          "replicate": 6,
          "light": "FL2",
          "camera": "Canon 300D",
          "valid_skin_fraction": 1.0,
          "mask_hash": "916b144867c340614f515c7b0e5415c74832d899c05264ded2a277a6e81d81ff",
          "appearance_seed": 17502259553109994266,
          "attempt_count": 44,
          "exposure_ev": -0.316597394348184,
          "p_zero": false,
          "high_clip_element_fraction": 0.0,
          "low_clip_element_fraction": 0.12704976399739584,
          "nonfinite_count": 0,
          "all_zero": false,
          "all_one": false,
          "R_zero_fraction": 0.0,
          "R_one_fraction": 0.0,
          "G_zero_fraction": 0.0,
          "G_one_fraction": 0.0,
          "B_zero_fraction": 0.3804168701171875,
          "B_one_fraction": 0.0,
          "retry_exhausted": true
        },
        {
          "panel": "A",
          "latent_id": "AM3_M0.98_H0.02_Full_6",
          "m_base": 0.98,
          "h_base": 0.02,
          "mask_category": "Full",
          "replicate": 6,
          "light": "FL2",
          "camera": "Canon 300D",
          "valid_skin_fraction": 1.0,
          "mask_hash": "916b144867c340614f515c7b0e5415c74832d899c05264ded2a277a6e81d81ff",
          "appearance_seed": 8139704055228770739,
          "attempt_count": 45,
          "exposure_ev": 0.26034215788503023,
          "p_zero": false,
          "high_clip_element_fraction": 0.0,
          "low_clip_element_fraction": 0.12693277994791666,
          "nonfinite_count": 0,
          "all_zero": false,
          "all_one": false,
          "R_zero_fraction": 0.0,
          "R_one_fraction": 0.0,
          "G_zero_fraction": 0.0,
          "G_one_fraction": 0.0,
          "B_zero_fraction": 0.3804168701171875,
          "B_one_fraction": 0.0,
          "retry_exhausted": true
        },
        {
          "panel": "A",
          "latent_id": "AM3_M0.98_H0.02_Full_6",
          "m_base": 0.98,
          "h_base": 0.02,
          "mask_category": "Full",
          "replicate": 6,
          "light": "FL2",
          "camera": "Canon 300D",
          "valid_skin_fraction": 1.0,
          "mask_hash": "916b144867c340614f515c7b0e5415c74832d899c05264ded2a277a6e81d81ff",
          "appearance_seed": 11393655514327536889,
          "attempt_count": 46,
          "exposure_ev": -0.34153208291615056,
          "p_zero": false,
          "high_clip_element_fraction": 0.0,
          "low_clip_element_fraction": 0.12622578938802084,
          "nonfinite_count": 0,
          "all_zero": false,
          "all_one": false,
          "R_zero_fraction": 0.0,
          "R_one_fraction": 0.0,
          "G_zero_fraction": 0.0,
          "G_one_fraction": 0.0,
          "B_zero_fraction": 0.378021240234375,
          "B_one_fraction": 0.0,
          "retry_exhausted": true
        },
        {
          "panel": "A",
          "latent_id": "AM3_M0.98_H0.02_Full_6",
          "m_base": 0.98,
          "h_base": 0.02,
          "mask_category": "Full",
          "replicate": 6,
          "light": "FL2",
          "camera": "Canon 300D",
          "valid_skin_fraction": 1.0,
          "mask_hash": "916b144867c340614f515c7b0e5415c74832d899c05264ded2a277a6e81d81ff",
          "appearance_seed": 13363945099243783195,
          "attempt_count": 47,
          "exposure_ev": -0.019478460203472603,
          "p_zero": false,
          "high_clip_element_fraction": 0.0,
          "low_clip_element_fraction": 0.12168375651041667,
          "nonfinite_count": 0,
          "all_zero": false,
          "all_one": false,
          "R_zero_fraction": 0.0,
          "R_one_fraction": 0.0,
          "G_zero_fraction": 0.0,
          "G_one_fraction": 0.0,
          "B_zero_fraction": 0.364532470703125,
          "B_one_fraction": 0.0,
          "retry_exhausted": true
        },
        {
          "panel": "A",
          "latent_id": "AM3_M0.98_H0.02_Full_6",
          "m_base": 0.98,
          "h_base": 0.02,
          "mask_category": "Full",
          "replicate": 6,
          "light": "FL2",
          "camera": "Canon 300D",
          "valid_skin_fraction": 1.0,
          "mask_hash": "916b144867c340614f515c7b0e5415c74832d899c05264ded2a277a6e81d81ff",
          "appearance_seed": 18400441890796613278,
          "attempt_count": 48,
          "exposure_ev": -0.16364107573300296,
          "p_zero": false,
          "high_clip_element_fraction": 0.0,
          "low_clip_element_fraction": 0.1249542236328125,
          "nonfinite_count": 0,
          "all_zero": false,
          "all_one": false,
          "R_zero_fraction": 0.0,
          "R_one_fraction": 0.0,
          "G_zero_fraction": 0.0,
          "G_one_fraction": 0.0,
          "B_zero_fraction": 0.37420654296875,
          "B_one_fraction": 0.0,
          "retry_exhausted": true
        },
        {
          "panel": "A",
          "latent_id": "AM3_M0.98_H0.02_Full_6",
          "m_base": 0.98,
          "h_base": 0.02,
          "mask_category": "Full",
          "replicate": 6,
          "light": "FL2",
          "camera": "Canon 300D",
          "valid_skin_fraction": 1.0,
          "mask_hash": "916b144867c340614f515c7b0e5415c74832d899c05264ded2a277a6e81d81ff",
          "appearance_seed": 3704196960208922956,
          "attempt_count": 49,
          "exposure_ev": -0.10672476319362934,
          "p_zero": false,
          "high_clip_element_fraction": 0.0,
          "low_clip_element_fraction": 0.12485758463541667,
          "nonfinite_count": 0,
          "all_zero": false,
          "all_one": false,
          "R_zero_fraction": 0.0,
          "R_one_fraction": 0.0,
          "G_zero_fraction": 0.0,
          "G_one_fraction": 0.0,
          "B_zero_fraction": 0.374053955078125,
          "B_one_fraction": 0.0,
          "retry_exhausted": true
        },
        {
          "panel": "A",
          "latent_id": "AM3_M0.98_H0.02_Full_6",
          "m_base": 0.98,
          "h_base": 0.02,
          "mask_category": "Full",
          "replicate": 6,
          "light": "FL2",
          "camera": "Canon 300D",
          "valid_skin_fraction": 1.0,
          "mask_hash": "916b144867c340614f515c7b0e5415c74832d899c05264ded2a277a6e81d81ff",
          "appearance_seed": 7154449997192126507,
          "attempt_count": 50,
          "exposure_ev": -0.3491042226434403,
          "p_zero": false,
          "high_clip_element_fraction": 0.0,
          "low_clip_element_fraction": 0.11627197265625,
          "nonfinite_count": 0,
          "all_zero": false,
          "all_one": false,
          "R_zero_fraction": 0.0,
          "R_one_fraction": 0.0,
          "G_zero_fraction": 0.0,
          "G_one_fraction": 0.0,
          "B_zero_fraction": 0.3481292724609375,
          "B_one_fraction": 0.0,
          "retry_exhausted": true
        },
        {
          "panel": "A",
          "latent_id": "AM3_M0.98_H0.02_Full_6",
          "m_base": 0.98,
          "h_base": 0.02,
          "mask_category": "Full",
          "replicate": 6,
          "light": "FL2",
          "camera": "Canon 300D",
          "valid_skin_fraction": 1.0,
          "mask_hash": "916b144867c340614f515c7b0e5415c74832d899c05264ded2a277a6e81d81ff",
          "appearance_seed": 14528460504596989285,
          "attempt_count": 51,
          "exposure_ev": -0.18859289234612958,
          "p_zero": false,
          "high_clip_element_fraction": 0.0,
          "low_clip_element_fraction": 0.1235504150390625,
          "nonfinite_count": 0,
          "all_zero": false,
          "all_one": false,
          "R_zero_fraction": 0.0,
          "R_one_fraction": 0.0,
          "G_zero_fraction": 0.0,
          "G_one_fraction": 0.0,
          "B_zero_fraction": 0.370025634765625,
          "B_one_fraction": 0.0,
          "retry_exhausted": true
        },
        {
          "panel": "A",
          "latent_id": "AM3_M0.98_H0.02_Full_6",
          "m_base": 0.98,
          "h_base": 0.02,
          "mask_category": "Full",
          "replicate": 6,
          "light": "FL2",
          "camera": "Canon 300D",
          "valid_skin_fraction": 1.0,
          "mask_hash": "916b144867c340614f515c7b0e5415c74832d899c05264ded2a277a6e81d81ff",
          "appearance_seed": 15341231752298392265,
          "attempt_count": 52,
          "exposure_ev": 0.2711279064076959,
          "p_zero": false,
          "high_clip_element_fraction": 0.0,
          "low_clip_element_fraction": 0.120941162109375,
          "nonfinite_count": 0,
          "all_zero": false,
          "all_one": false,
          "R_zero_fraction": 0.0,
          "R_one_fraction": 0.0,
          "G_zero_fraction": 0.0,
          "G_one_fraction": 0.0,
          "B_zero_fraction": 0.3624725341796875,
          "B_one_fraction": 0.0,
          "retry_exhausted": true
        },
        {
          "panel": "A",
          "latent_id": "AM3_M0.98_H0.02_Full_6",
          "m_base": 0.98,
          "h_base": 0.02,
          "mask_category": "Full",
          "replicate": 6,
          "light": "FL2",
          "camera": "Canon 300D",
          "valid_skin_fraction": 1.0,
          "mask_hash": "916b144867c340614f515c7b0e5415c74832d899c05264ded2a277a6e81d81ff",
          "appearance_seed": 8804360495077531429,
          "attempt_count": 53,
          "exposure_ev": -0.46891339772113827,
          "p_zero": false,
          "high_clip_element_fraction": 0.0,
          "low_clip_element_fraction": 0.12062581380208333,
          "nonfinite_count": 0,
          "all_zero": false,
          "all_one": false,
          "R_zero_fraction": 0.0,
          "R_one_fraction": 0.0,
          "G_zero_fraction": 0.0,
          "G_one_fraction": 0.0,
          "B_zero_fraction": 0.361236572265625,
          "B_one_fraction": 0.0,
          "retry_exhausted": true
        },
        {
          "panel": "A",
          "latent_id": "AM3_M0.98_H0.02_Full_6",
          "m_base": 0.98,
          "h_base": 0.02,
          "mask_category": "Full",
          "replicate": 6,
          "light": "FL2",
          "camera": "Canon 300D",
          "valid_skin_fraction": 1.0,
          "mask_hash": "916b144867c340614f515c7b0e5415c74832d899c05264ded2a277a6e81d81ff",
          "appearance_seed": 2716347929495942542,
          "attempt_count": 54,
          "exposure_ev": -0.26674289863255657,
          "p_zero": false,
          "high_clip_element_fraction": 0.0,
          "low_clip_element_fraction": 0.12302652994791667,
          "nonfinite_count": 0,
          "all_zero": false,
          "all_one": false,
          "R_zero_fraction": 0.0,
          "R_one_fraction": 0.0,
          "G_zero_fraction": 0.0,
          "G_one_fraction": 0.0,
          "B_zero_fraction": 0.3684844970703125,
          "B_one_fraction": 0.0,
          "retry_exhausted": true
        },
        {
          "panel": "A",
          "latent_id": "AM3_M0.98_H0.02_Full_6",
          "m_base": 0.98,
          "h_base": 0.02,
          "mask_category": "Full",
          "replicate": 6,
          "light": "FL2",
          "camera": "Canon 300D",
          "valid_skin_fraction": 1.0,
          "mask_hash": "916b144867c340614f515c7b0e5415c74832d899c05264ded2a277a6e81d81ff",
          "appearance_seed": 6123147607952883305,
          "attempt_count": 55,
          "exposure_ev": -0.09575401543304568,
          "p_zero": false,
          "high_clip_element_fraction": 0.0,
          "low_clip_element_fraction": 0.117706298828125,
          "nonfinite_count": 0,
          "all_zero": false,
          "all_one": false,
          "R_zero_fraction": 0.0,
          "R_one_fraction": 0.0,
          "G_zero_fraction": 0.0,
          "G_one_fraction": 0.0,
          "B_zero_fraction": 0.352630615234375,
          "B_one_fraction": 0.0,
          "retry_exhausted": true
        },
        {
          "panel": "A",
          "latent_id": "AM3_M0.98_H0.02_Full_6",
          "m_base": 0.98,
          "h_base": 0.02,
          "mask_category": "Full",
          "replicate": 6,
          "light": "FL2",
          "camera": "Canon 300D",
          "valid_skin_fraction": 1.0,
          "mask_hash": "916b144867c340614f515c7b0e5415c74832d899c05264ded2a277a6e81d81ff",
          "appearance_seed": 2113738354863554159,
          "attempt_count": 56,
          "exposure_ev": -0.142983029066232,
          "p_zero": false,
          "high_clip_element_fraction": 0.0,
          "low_clip_element_fraction": 0.1070404052734375,
          "nonfinite_count": 0,
          "all_zero": false,
          "all_one": false,
          "R_zero_fraction": 0.0,
          "R_one_fraction": 0.0,
          "G_zero_fraction": 0.0,
          "G_one_fraction": 0.0,
          "B_zero_fraction": 0.320587158203125,
          "B_one_fraction": 0.0,
          "retry_exhausted": true
        },
        {
          "panel": "A",
          "latent_id": "AM3_M0.98_H0.02_Full_6",
          "m_base": 0.98,
          "h_base": 0.02,
          "mask_category": "Full",
          "replicate": 6,
          "light": "FL2",
          "camera": "Canon 300D",
          "valid_skin_fraction": 1.0,
          "mask_hash": "916b144867c340614f515c7b0e5415c74832d899c05264ded2a277a6e81d81ff",
          "appearance_seed": 1067505200456871406,
          "attempt_count": 57,
          "exposure_ev": 0.29922389817093453,
          "p_zero": false,
          "high_clip_element_fraction": 0.0,
          "low_clip_element_fraction": 0.11664326985677083,
          "nonfinite_count": 0,
          "all_zero": false,
          "all_one": false,
          "R_zero_fraction": 0.0,
          "R_one_fraction": 0.0,
          "G_zero_fraction": 0.0,
          "G_one_fraction": 0.0,
          "B_zero_fraction": 0.349517822265625,
          "B_one_fraction": 0.0,
          "retry_exhausted": true
        },
        {
          "panel": "A",
          "latent_id": "AM3_M0.98_H0.02_Full_6",
          "m_base": 0.98,
          "h_base": 0.02,
          "mask_category": "Full",
          "replicate": 6,
          "light": "FL2",
          "camera": "Canon 300D",
          "valid_skin_fraction": 1.0,
          "mask_hash": "916b144867c340614f515c7b0e5415c74832d899c05264ded2a277a6e81d81ff",
          "appearance_seed": 14998741260378533065,
          "attempt_count": 58,
          "exposure_ev": -0.11458560878378737,
          "p_zero": false,
          "high_clip_element_fraction": 0.0,
          "low_clip_element_fraction": 0.1199493408203125,
          "nonfinite_count": 0,
          "all_zero": false,
          "all_one": false,
          "R_zero_fraction": 0.0,
          "R_one_fraction": 0.0,
          "G_zero_fraction": 0.0,
          "G_one_fraction": 0.0,
          "B_zero_fraction": 0.3592681884765625,
          "B_one_fraction": 0.0,
          "retry_exhausted": true
        },
        {
          "panel": "A",
          "latent_id": "AM3_M0.98_H0.02_Full_6",
          "m_base": 0.98,
          "h_base": 0.02,
          "mask_category": "Full",
          "replicate": 6,
          "light": "FL2",
          "camera": "Canon 300D",
          "valid_skin_fraction": 1.0,
          "mask_hash": "916b144867c340614f515c7b0e5415c74832d899c05264ded2a277a6e81d81ff",
          "appearance_seed": 3980835535511461116,
          "attempt_count": 59,
          "exposure_ev": -0.24414982567132149,
          "p_zero": false,
          "high_clip_element_fraction": 0.0,
          "low_clip_element_fraction": 0.12700907389322916,
          "nonfinite_count": 0,
          "all_zero": false,
          "all_one": false,
          "R_zero_fraction": 0.0,
          "R_one_fraction": 0.0,
          "G_zero_fraction": 0.0,
          "G_one_fraction": 0.0,
          "B_zero_fraction": 0.3804168701171875,
          "B_one_fraction": 0.0,
          "retry_exhausted": true
        },
        {
          "panel": "A",
          "latent_id": "AM3_M0.98_H0.02_Full_6",
          "m_base": 0.98,
          "h_base": 0.02,
          "mask_category": "Full",
          "replicate": 6,
          "light": "FL2",
          "camera": "Canon 300D",
          "valid_skin_fraction": 1.0,
          "mask_hash": "916b144867c340614f515c7b0e5415c74832d899c05264ded2a277a6e81d81ff",
          "appearance_seed": 9501770219094402862,
          "attempt_count": 60,
          "exposure_ev": 0.14161965138448596,
          "p_zero": false,
          "high_clip_element_fraction": 0.0,
          "low_clip_element_fraction": 0.118011474609375,
          "nonfinite_count": 0,
          "all_zero": false,
          "all_one": false,
          "R_zero_fraction": 0.0,
          "R_one_fraction": 0.0,
          "G_zero_fraction": 0.0,
          "G_one_fraction": 0.0,
          "B_zero_fraction": 0.35357666015625,
          "B_one_fraction": 0.0,
          "retry_exhausted": true
        },
        {
          "panel": "A",
          "latent_id": "AM3_M0.98_H0.02_Full_6",
          "m_base": 0.98,
          "h_base": 0.02,
          "mask_category": "Full",
          "replicate": 6,
          "light": "FL2",
          "camera": "Canon 300D",
          "valid_skin_fraction": 1.0,
          "mask_hash": "916b144867c340614f515c7b0e5415c74832d899c05264ded2a277a6e81d81ff",
          "appearance_seed": 1799052449230815780,
          "attempt_count": 61,
          "exposure_ev": -0.4232207971614356,
          "p_zero": false,
          "high_clip_element_fraction": 0.0,
          "low_clip_element_fraction": 0.127044677734375,
          "nonfinite_count": 0,
          "all_zero": false,
          "all_one": false,
          "R_zero_fraction": 0.0,
          "R_one_fraction": 0.0,
          "G_zero_fraction": 0.0,
          "G_one_fraction": 0.0,
          "B_zero_fraction": 0.3804168701171875,
          "B_one_fraction": 0.0,
          "retry_exhausted": true
        },
        {
          "panel": "A",
          "latent_id": "AM3_M0.98_H0.02_Full_6",
          "m_base": 0.98,
          "h_base": 0.02,
          "mask_category": "Full",
          "replicate": 6,
          "light": "FL2",
          "camera": "Canon 300D",
          "valid_skin_fraction": 1.0,
          "mask_hash": "916b144867c340614f515c7b0e5415c74832d899c05264ded2a277a6e81d81ff",
          "appearance_seed": 15631279901469557663,
          "attempt_count": 62,
          "exposure_ev": 0.2647979755921187,
          "p_zero": false,
          "high_clip_element_fraction": 0.0,
          "low_clip_element_fraction": 0.12114969889322917,
          "nonfinite_count": 0,
          "all_zero": false,
          "all_one": false,
          "R_zero_fraction": 0.0,
          "R_one_fraction": 0.0,
          "G_zero_fraction": 0.0,
          "G_one_fraction": 0.0,
          "B_zero_fraction": 0.36309814453125,
          "B_one_fraction": 0.0,
          "retry_exhausted": true
        },
        {
          "panel": "A",
          "latent_id": "AM3_M0.98_H0.02_Full_6",
          "m_base": 0.98,
          "h_base": 0.02,
          "mask_category": "Full",
          "replicate": 6,
          "light": "FL2",
          "camera": "Canon 300D",
          "valid_skin_fraction": 1.0,
          "mask_hash": "916b144867c340614f515c7b0e5415c74832d899c05264ded2a277a6e81d81ff",
          "appearance_seed": 3538065267390939963,
          "attempt_count": 63,
          "exposure_ev": -0.23006545764627412,
          "p_zero": false,
          "high_clip_element_fraction": 0.0,
          "low_clip_element_fraction": 0.1270294189453125,
          "nonfinite_count": 0,
          "all_zero": false,
          "all_one": false,
          "R_zero_fraction": 0.0,
          "R_one_fraction": 0.0,
          "G_zero_fraction": 0.0,
          "G_one_fraction": 0.0,
          "B_zero_fraction": 0.3804168701171875,
          "B_one_fraction": 0.0,
          "retry_exhausted": true
        },
        {
          "panel": "A",
          "latent_id": "AM3_M0.98_H0.02_Full_6",
          "m_base": 0.98,
          "h_base": 0.02,
          "mask_category": "Full",
          "replicate": 6,
          "light": "FL2",
          "camera": "Canon 300D",
          "valid_skin_fraction": 1.0,
          "mask_hash": "916b144867c340614f515c7b0e5415c74832d899c05264ded2a277a6e81d81ff",
          "appearance_seed": 8198824425171549779,
          "attempt_count": 64,
          "exposure_ev": 0.1719512004897078,
          "p_zero": false,
          "high_clip_element_fraction": 0.0,
          "low_clip_element_fraction": 0.11522420247395833,
          "nonfinite_count": 0,
          "all_zero": false,
          "all_one": false,
          "R_zero_fraction": 0.0,
          "R_one_fraction": 0.0,
          "G_zero_fraction": 0.0,
          "G_one_fraction": 0.0,
          "B_zero_fraction": 0.34527587890625,
          "B_one_fraction": 0.0,
          "retry_exhausted": true
        },
        {
          "panel": "A",
          "latent_id": "AM3_M0.98_H0.02_Full_6",
          "m_base": 0.98,
          "h_base": 0.02,
          "mask_category": "Full",
          "replicate": 6,
          "light": "FL2",
          "camera": "Canon 300D",
          "valid_skin_fraction": 1.0,
          "mask_hash": "916b144867c340614f515c7b0e5415c74832d899c05264ded2a277a6e81d81ff",
          "appearance_seed": 2161564959766559855,
          "attempt_count": 65,
          "exposure_ev": 0.06030774249584647,
          "p_zero": false,
          "high_clip_element_fraction": 0.0,
          "low_clip_element_fraction": 0.1159820556640625,
          "nonfinite_count": 0,
          "all_zero": false,
          "all_one": false,
          "R_zero_fraction": 0.0,
          "R_one_fraction": 0.0,
          "G_zero_fraction": 0.0,
          "G_one_fraction": 0.0,
          "B_zero_fraction": 0.3475189208984375,
          "B_one_fraction": 0.0,
          "retry_exhausted": true
        },
        {
          "panel": "A",
          "latent_id": "AM3_M0.98_H0.02_Full_6",
          "m_base": 0.98,
          "h_base": 0.02,
          "mask_category": "Full",
          "replicate": 6,
          "light": "FL2",
          "camera": "Canon 300D",
          "valid_skin_fraction": 1.0,
          "mask_hash": "916b144867c340614f515c7b0e5415c74832d899c05264ded2a277a6e81d81ff",
          "appearance_seed": 16220258441626523911,
          "attempt_count": 66,
          "exposure_ev": -0.08094609165475908,
          "p_zero": false,
          "high_clip_element_fraction": 0.0,
          "low_clip_element_fraction": 0.120086669921875,
          "nonfinite_count": 0,
          "all_zero": false,
          "all_one": false,
          "R_zero_fraction": 0.0,
          "R_one_fraction": 0.0,
          "G_zero_fraction": 0.0,
          "G_one_fraction": 0.0,
          "B_zero_fraction": 0.35968017578125,
          "B_one_fraction": 0.0,
          "retry_exhausted": true
        },
        {
          "panel": "A",
          "latent_id": "AM3_M0.98_H0.02_Full_6",
          "m_base": 0.98,
          "h_base": 0.02,
          "mask_category": "Full",
          "replicate": 6,
          "light": "FL2",
          "camera": "Canon 300D",
          "valid_skin_fraction": 1.0,
          "mask_hash": "916b144867c340614f515c7b0e5415c74832d899c05264ded2a277a6e81d81ff",
          "appearance_seed": 7387894480682195424,
          "attempt_count": 67,
          "exposure_ev": -0.22632987380282754,
          "p_zero": false,
          "high_clip_element_fraction": 0.0,
          "low_clip_element_fraction": 0.12700907389322916,
          "nonfinite_count": 0,
          "all_zero": false,
          "all_one": false,
          "R_zero_fraction": 0.0,
          "R_one_fraction": 0.0,
          "G_zero_fraction": 0.0,
          "G_one_fraction": 0.0,
          "B_zero_fraction": 0.3804168701171875,
          "B_one_fraction": 0.0,
          "retry_exhausted": true
        },
        {
          "panel": "A",
          "latent_id": "AM3_M0.98_H0.02_Full_6",
          "m_base": 0.98,
          "h_base": 0.02,
          "mask_category": "Full",
          "replicate": 6,
          "light": "FL2",
          "camera": "Canon 300D",
          "valid_skin_fraction": 1.0,
          "mask_hash": "916b144867c340614f515c7b0e5415c74832d899c05264ded2a277a6e81d81ff",
          "appearance_seed": 12398709701938948399,
          "attempt_count": 68,
          "exposure_ev": -0.46789075507859257,
          "p_zero": false,
          "high_clip_element_fraction": 0.0,
          "low_clip_element_fraction": 0.112091064453125,
          "nonfinite_count": 0,
          "all_zero": false,
          "all_one": false,
          "R_zero_fraction": 0.0,
          "R_one_fraction": 0.0,
          "G_zero_fraction": 0.0,
          "G_one_fraction": 0.0,
          "B_zero_fraction": 0.3355865478515625,
          "B_one_fraction": 0.0,
          "retry_exhausted": true
        },
        {
          "panel": "A",
          "latent_id": "AM3_M0.98_H0.02_Full_6",
          "m_base": 0.98,
          "h_base": 0.02,
          "mask_category": "Full",
          "replicate": 6,
          "light": "FL2",
          "camera": "Canon 300D",
          "valid_skin_fraction": 1.0,
          "mask_hash": "916b144867c340614f515c7b0e5415c74832d899c05264ded2a277a6e81d81ff",
          "appearance_seed": 10997100533424170472,
          "attempt_count": 69,
          "exposure_ev": -0.2861329103905914,
          "p_zero": false,
          "high_clip_element_fraction": 0.0,
          "low_clip_element_fraction": 0.12703450520833334,
          "nonfinite_count": 0,
          "all_zero": false,
          "all_one": false,
          "R_zero_fraction": 0.0,
          "R_one_fraction": 0.0,
          "G_zero_fraction": 0.0,
          "G_one_fraction": 0.0,
          "B_zero_fraction": 0.3804168701171875,
          "B_one_fraction": 0.0,
          "retry_exhausted": true
        },
        {
          "panel": "A",
          "latent_id": "AM3_M0.98_H0.02_Full_6",
          "m_base": 0.98,
          "h_base": 0.02,
          "mask_category": "Full",
          "replicate": 6,
          "light": "FL2",
          "camera": "Canon 300D",
          "valid_skin_fraction": 1.0,
          "mask_hash": "916b144867c340614f515c7b0e5415c74832d899c05264ded2a277a6e81d81ff",
          "appearance_seed": 559314594741695892,
          "attempt_count": 70,
          "exposure_ev": -0.07115355132912454,
          "p_zero": false,
          "high_clip_element_fraction": 0.0,
          "low_clip_element_fraction": 0.126983642578125,
          "nonfinite_count": 0,
          "all_zero": false,
          "all_one": false,
          "R_zero_fraction": 0.0,
          "R_one_fraction": 0.0,
          "G_zero_fraction": 0.0,
          "G_one_fraction": 0.0,
          "B_zero_fraction": 0.3804168701171875,
          "B_one_fraction": 0.0,
          "retry_exhausted": true
        },
        {
          "panel": "A",
          "latent_id": "AM3_M0.98_H0.02_Full_6",
          "m_base": 0.98,
          "h_base": 0.02,
          "mask_category": "Full",
          "replicate": 6,
          "light": "FL2",
          "camera": "Canon 300D",
          "valid_skin_fraction": 1.0,
          "mask_hash": "916b144867c340614f515c7b0e5415c74832d899c05264ded2a277a6e81d81ff",
          "appearance_seed": 17508350409009424110,
          "attempt_count": 71,
          "exposure_ev": -0.3025989426732167,
          "p_zero": false,
          "high_clip_element_fraction": 0.0,
          "low_clip_element_fraction": 0.12702433268229166,
          "nonfinite_count": 0,
          "all_zero": false,
          "all_one": false,
          "R_zero_fraction": 0.0,
          "R_one_fraction": 0.0,
          "G_zero_fraction": 0.0,
          "G_one_fraction": 0.0,
          "B_zero_fraction": 0.3804168701171875,
          "B_one_fraction": 0.0,
          "retry_exhausted": true
        },
        {
          "panel": "A",
          "latent_id": "AM3_M0.98_H0.02_Full_6",
          "m_base": 0.98,
          "h_base": 0.02,
          "mask_category": "Full",
          "replicate": 6,
          "light": "FL2",
          "camera": "Canon 300D",
          "valid_skin_fraction": 1.0,
          "mask_hash": "916b144867c340614f515c7b0e5415c74832d899c05264ded2a277a6e81d81ff",
          "appearance_seed": 5176173519413363492,
          "attempt_count": 72,
          "exposure_ev": -0.3371925536361656,
          "p_zero": false,
          "high_clip_element_fraction": 0.0,
          "low_clip_element_fraction": 0.11749267578125,
          "nonfinite_count": 0,
          "all_zero": false,
          "all_one": false,
          "R_zero_fraction": 0.0,
          "R_one_fraction": 0.0,
          "G_zero_fraction": 0.0,
          "G_one_fraction": 0.0,
          "B_zero_fraction": 0.351837158203125,
          "B_one_fraction": 0.0,
          "retry_exhausted": true
        },
        {
          "panel": "A",
          "latent_id": "AM3_M0.98_H0.02_Full_6",
          "m_base": 0.98,
          "h_base": 0.02,
          "mask_category": "Full",
          "replicate": 6,
          "light": "FL2",
          "camera": "Canon 300D",
          "valid_skin_fraction": 1.0,
          "mask_hash": "916b144867c340614f515c7b0e5415c74832d899c05264ded2a277a6e81d81ff",
          "appearance_seed": 14635927974087060595,
          "attempt_count": 73,
          "exposure_ev": -0.1268706731214604,
          "p_zero": false,
          "high_clip_element_fraction": 0.0,
          "low_clip_element_fraction": 0.11883544921875,
          "nonfinite_count": 0,
          "all_zero": false,
          "all_one": false,
          "R_zero_fraction": 0.0,
          "R_one_fraction": 0.0,
          "G_zero_fraction": 0.0,
          "G_one_fraction": 0.0,
          "B_zero_fraction": 0.355987548828125,
          "B_one_fraction": 0.0,
          "retry_exhausted": true
        },
        {
          "panel": "A",
          "latent_id": "AM3_M0.98_H0.02_Full_6",
          "m_base": 0.98,
          "h_base": 0.02,
          "mask_category": "Full",
          "replicate": 6,
          "light": "FL2",
          "camera": "Canon 300D",
          "valid_skin_fraction": 1.0,
          "mask_hash": "916b144867c340614f515c7b0e5415c74832d899c05264ded2a277a6e81d81ff",
          "appearance_seed": 24179924633255576,
          "attempt_count": 74,
          "exposure_ev": 0.19149790995853833,
          "p_zero": false,
          "high_clip_element_fraction": 0.0,
          "low_clip_element_fraction": 0.10394795735677083,
          "nonfinite_count": 0,
          "all_zero": false,
          "all_one": false,
          "R_zero_fraction": 0.0,
          "R_one_fraction": 0.0,
          "G_zero_fraction": 0.0,
          "G_one_fraction": 0.0,
          "B_zero_fraction": 0.3114166259765625,
          "B_one_fraction": 0.0,
          "retry_exhausted": true
        },
        {
          "panel": "A",
          "latent_id": "AM3_M0.98_H0.02_Full_6",
          "m_base": 0.98,
          "h_base": 0.02,
          "mask_category": "Full",
          "replicate": 6,
          "light": "FL2",
          "camera": "Canon 300D",
          "valid_skin_fraction": 1.0,
          "mask_hash": "916b144867c340614f515c7b0e5415c74832d899c05264ded2a277a6e81d81ff",
          "appearance_seed": 6490841220710825982,
          "attempt_count": 75,
          "exposure_ev": -0.15870461931166036,
          "p_zero": false,
          "high_clip_element_fraction": 0.0,
          "low_clip_element_fraction": 0.12701924641927084,
          "nonfinite_count": 0,
          "all_zero": false,
          "all_one": false,
          "R_zero_fraction": 0.0,
          "R_one_fraction": 0.0,
          "G_zero_fraction": 0.0,
          "G_one_fraction": 0.0,
          "B_zero_fraction": 0.3804168701171875,
          "B_one_fraction": 0.0,
          "retry_exhausted": true
        },
        {
          "panel": "A",
          "latent_id": "AM3_M0.98_H0.02_Full_6",
          "m_base": 0.98,
          "h_base": 0.02,
          "mask_category": "Full",
          "replicate": 6,
          "light": "FL2",
          "camera": "Canon 300D",
          "valid_skin_fraction": 1.0,
          "mask_hash": "916b144867c340614f515c7b0e5415c74832d899c05264ded2a277a6e81d81ff",
          "appearance_seed": 7344319453483665385,
          "attempt_count": 76,
          "exposure_ev": -0.2793786662901122,
          "p_zero": false,
          "high_clip_element_fraction": 0.0,
          "low_clip_element_fraction": 0.12068684895833333,
          "nonfinite_count": 0,
          "all_zero": false,
          "all_one": false,
          "R_zero_fraction": 0.0,
          "R_one_fraction": 0.0,
          "G_zero_fraction": 0.0,
          "G_one_fraction": 0.0,
          "B_zero_fraction": 0.3614349365234375,
          "B_one_fraction": 0.0,
          "retry_exhausted": true
        },
        {
          "panel": "A",
          "latent_id": "AM3_M0.98_H0.02_Full_6",
          "m_base": 0.98,
          "h_base": 0.02,
          "mask_category": "Full",
          "replicate": 6,
          "light": "FL2",
          "camera": "Canon 300D",
          "valid_skin_fraction": 1.0,
          "mask_hash": "916b144867c340614f515c7b0e5415c74832d899c05264ded2a277a6e81d81ff",
          "appearance_seed": 17301947525178411424,
          "attempt_count": 77,
          "exposure_ev": 0.2763334196367202,
          "p_zero": false,
          "high_clip_element_fraction": 0.0,
          "low_clip_element_fraction": 0.12053934733072917,
          "nonfinite_count": 0,
          "all_zero": false,
          "all_one": false,
          "R_zero_fraction": 0.0,
          "R_one_fraction": 0.0,
          "G_zero_fraction": 0.0,
          "G_one_fraction": 0.0,
          "B_zero_fraction": 0.3612213134765625,
          "B_one_fraction": 0.0,
          "retry_exhausted": true
        },
        {
          "panel": "A",
          "latent_id": "AM3_M0.98_H0.02_Full_6",
          "m_base": 0.98,
          "h_base": 0.02,
          "mask_category": "Full",
          "replicate": 6,
          "light": "FL2",
          "camera": "Canon 300D",
          "valid_skin_fraction": 1.0,
          "mask_hash": "916b144867c340614f515c7b0e5415c74832d899c05264ded2a277a6e81d81ff",
          "appearance_seed": 9082269549688749902,
          "attempt_count": 78,
          "exposure_ev": -0.23536900285064932,
          "p_zero": false,
          "high_clip_element_fraction": 0.0,
          "low_clip_element_fraction": 0.10992940266927083,
          "nonfinite_count": 0,
          "all_zero": false,
          "all_one": false,
          "R_zero_fraction": 0.0,
          "R_one_fraction": 0.0,
          "G_zero_fraction": 0.0,
          "G_one_fraction": 0.0,
          "B_zero_fraction": 0.3292694091796875,
          "B_one_fraction": 0.0,
          "retry_exhausted": true
        },
        {
          "panel": "A",
          "latent_id": "AM3_M0.98_H0.02_Full_6",
          "m_base": 0.98,
          "h_base": 0.02,
          "mask_category": "Full",
          "replicate": 6,
          "light": "FL2",
          "camera": "Canon 300D",
          "valid_skin_fraction": 1.0,
          "mask_hash": "916b144867c340614f515c7b0e5415c74832d899c05264ded2a277a6e81d81ff",
          "appearance_seed": 9208063071743843642,
          "attempt_count": 79,
          "exposure_ev": -0.03265830019013399,
          "p_zero": false,
          "high_clip_element_fraction": 0.0,
          "low_clip_element_fraction": 0.11754353841145833,
          "nonfinite_count": 0,
          "all_zero": false,
          "all_one": false,
          "R_zero_fraction": 0.0,
          "R_one_fraction": 0.0,
          "G_zero_fraction": 0.0,
          "G_one_fraction": 0.0,
          "B_zero_fraction": 0.3521728515625,
          "B_one_fraction": 0.0,
          "retry_exhausted": true
        },
        {
          "panel": "A",
          "latent_id": "AM3_M0.98_H0.02_Full_6",
          "m_base": 0.98,
          "h_base": 0.02,
          "mask_category": "Full",
          "replicate": 6,
          "light": "FL2",
          "camera": "Canon 300D",
          "valid_skin_fraction": 1.0,
          "mask_hash": "916b144867c340614f515c7b0e5415c74832d899c05264ded2a277a6e81d81ff",
          "appearance_seed": 14216399506469563087,
          "attempt_count": 80,
          "exposure_ev": -0.18103355233850743,
          "p_zero": false,
          "high_clip_element_fraction": 0.0,
          "low_clip_element_fraction": 0.11779276529947917,
          "nonfinite_count": 0,
          "all_zero": false,
          "all_one": false,
          "R_zero_fraction": 0.0,
          "R_one_fraction": 0.0,
          "G_zero_fraction": 0.0,
          "G_one_fraction": 0.0,
          "B_zero_fraction": 0.3528289794921875,
          "B_one_fraction": 0.0,
          "retry_exhausted": true
        },
        {
          "panel": "A",
          "latent_id": "AM3_M0.98_H0.02_Full_6",
          "m_base": 0.98,
          "h_base": 0.02,
          "mask_category": "Full",
          "replicate": 6,
          "light": "FL2",
          "camera": "Canon 300D",
          "valid_skin_fraction": 1.0,
          "mask_hash": "916b144867c340614f515c7b0e5415c74832d899c05264ded2a277a6e81d81ff",
          "appearance_seed": 10043980640420817804,
          "attempt_count": 81,
          "exposure_ev": -0.43378554582978135,
          "p_zero": false,
          "high_clip_element_fraction": 0.0,
          "low_clip_element_fraction": 0.127044677734375,
          "nonfinite_count": 0,
          "all_zero": false,
          "all_one": false,
          "R_zero_fraction": 0.0,
          "R_one_fraction": 0.0,
          "G_zero_fraction": 0.0,
          "G_one_fraction": 0.0,
          "B_zero_fraction": 0.3804168701171875,
          "B_one_fraction": 0.0,
          "retry_exhausted": true
        },
        {
          "panel": "A",
          "latent_id": "AM3_M0.98_H0.02_Full_6",
          "m_base": 0.98,
          "h_base": 0.02,
          "mask_category": "Full",
          "replicate": 6,
          "light": "FL2",
          "camera": "Canon 300D",
          "valid_skin_fraction": 1.0,
          "mask_hash": "916b144867c340614f515c7b0e5415c74832d899c05264ded2a277a6e81d81ff",
          "appearance_seed": 236169484349509838,
          "attempt_count": 82,
          "exposure_ev": -0.32594469589587083,
          "p_zero": false,
          "high_clip_element_fraction": 0.0,
          "low_clip_element_fraction": 0.107208251953125,
          "nonfinite_count": 0,
          "all_zero": false,
          "all_one": false,
          "R_zero_fraction": 0.0,
          "R_one_fraction": 0.0,
          "G_zero_fraction": 0.0,
          "G_one_fraction": 0.0,
          "B_zero_fraction": 0.3210296630859375,
          "B_one_fraction": 0.0,
          "retry_exhausted": true
        },
        {
          "panel": "A",
          "latent_id": "AM3_M0.98_H0.02_Full_6",
          "m_base": 0.98,
          "h_base": 0.02,
          "mask_category": "Full",
          "replicate": 6,
          "light": "FL2",
          "camera": "Canon 300D",
          "valid_skin_fraction": 1.0,
          "mask_hash": "916b144867c340614f515c7b0e5415c74832d899c05264ded2a277a6e81d81ff",
          "appearance_seed": 17662140966810647098,
          "attempt_count": 83,
          "exposure_ev": -0.05152086486262303,
          "p_zero": false,
          "high_clip_element_fraction": 0.0,
          "low_clip_element_fraction": 0.1233673095703125,
          "nonfinite_count": 0,
          "all_zero": false,
          "all_one": false,
          "R_zero_fraction": 0.0,
          "R_one_fraction": 0.0,
          "G_zero_fraction": 0.0,
          "G_one_fraction": 0.0,
          "B_zero_fraction": 0.369537353515625,
          "B_one_fraction": 0.0,
          "retry_exhausted": true
        },
        {
          "panel": "A",
          "latent_id": "AM3_M0.98_H0.02_Full_6",
          "m_base": 0.98,
          "h_base": 0.02,
          "mask_category": "Full",
          "replicate": 6,
          "light": "FL2",
          "camera": "Canon 300D",
          "valid_skin_fraction": 1.0,
          "mask_hash": "916b144867c340614f515c7b0e5415c74832d899c05264ded2a277a6e81d81ff",
          "appearance_seed": 8746460117881447235,
          "attempt_count": 84,
          "exposure_ev": -0.19530242313756968,
          "p_zero": false,
          "high_clip_element_fraction": 0.0,
          "low_clip_element_fraction": 0.12262980143229167,
          "nonfinite_count": 0,
          "all_zero": false,
          "all_one": false,
          "R_zero_fraction": 0.0,
          "R_one_fraction": 0.0,
          "G_zero_fraction": 0.0,
          "G_one_fraction": 0.0,
          "B_zero_fraction": 0.36737060546875,
          "B_one_fraction": 0.0,
          "retry_exhausted": true
        },
        {
          "panel": "A",
          "latent_id": "AM3_M0.98_H0.02_Full_6",
          "m_base": 0.98,
          "h_base": 0.02,
          "mask_category": "Full",
          "replicate": 6,
          "light": "FL2",
          "camera": "Canon 300D",
          "valid_skin_fraction": 1.0,
          "mask_hash": "916b144867c340614f515c7b0e5415c74832d899c05264ded2a277a6e81d81ff",
          "appearance_seed": 9594139073846243271,
          "attempt_count": 85,
          "exposure_ev": -0.08388242318438832,
          "p_zero": false,
          "high_clip_element_fraction": 0.0,
          "low_clip_element_fraction": 0.1269989013671875,
          "nonfinite_count": 0,
          "all_zero": false,
          "all_one": false,
          "R_zero_fraction": 0.0,
          "R_one_fraction": 0.0,
          "G_zero_fraction": 0.0,
          "G_one_fraction": 0.0,
          "B_zero_fraction": 0.3804168701171875,
          "B_one_fraction": 0.0,
          "retry_exhausted": true
        },
        {
          "panel": "A",
          "latent_id": "AM3_M0.98_H0.02_Full_6",
          "m_base": 0.98,
          "h_base": 0.02,
          "mask_category": "Full",
          "replicate": 6,
          "light": "FL2",
          "camera": "Canon 300D",
          "valid_skin_fraction": 1.0,
          "mask_hash": "916b144867c340614f515c7b0e5415c74832d899c05264ded2a277a6e81d81ff",
          "appearance_seed": 3370324458595504421,
          "attempt_count": 86,
          "exposure_ev": 0.154394383956317,
          "p_zero": false,
          "high_clip_element_fraction": 0.0,
          "low_clip_element_fraction": 0.11749267578125,
          "nonfinite_count": 0,
          "all_zero": false,
          "all_one": false,
          "R_zero_fraction": 0.0,
          "R_one_fraction": 0.0,
          "G_zero_fraction": 0.0,
          "G_one_fraction": 0.0,
          "B_zero_fraction": 0.3520355224609375,
          "B_one_fraction": 0.0,
          "retry_exhausted": true
        },
        {
          "panel": "A",
          "latent_id": "AM3_M0.98_H0.02_Full_6",
          "m_base": 0.98,
          "h_base": 0.02,
          "mask_category": "Full",
          "replicate": 6,
          "light": "FL2",
          "camera": "Canon 300D",
          "valid_skin_fraction": 1.0,
          "mask_hash": "916b144867c340614f515c7b0e5415c74832d899c05264ded2a277a6e81d81ff",
          "appearance_seed": 8008984340282028322,
          "attempt_count": 87,
          "exposure_ev": 0.2554566694671898,
          "p_zero": false,
          "high_clip_element_fraction": 0.0,
          "low_clip_element_fraction": 0.1128692626953125,
          "nonfinite_count": 0,
          "all_zero": false,
          "all_one": false,
          "R_zero_fraction": 0.0,
          "R_one_fraction": 0.0,
          "G_zero_fraction": 0.0,
          "G_one_fraction": 0.0,
          "B_zero_fraction": 0.33819580078125,
          "B_one_fraction": 0.0,
          "retry_exhausted": true
        },
        {
          "panel": "A",
          "latent_id": "AM3_M0.98_H0.02_Full_6",
          "m_base": 0.98,
          "h_base": 0.02,
          "mask_category": "Full",
          "replicate": 6,
          "light": "FL2",
          "camera": "Canon 300D",
          "valid_skin_fraction": 1.0,
          "mask_hash": "916b144867c340614f515c7b0e5415c74832d899c05264ded2a277a6e81d81ff",
          "appearance_seed": 17885000374130804204,
          "attempt_count": 88,
          "exposure_ev": -0.377519079766949,
          "p_zero": false,
          "high_clip_element_fraction": 0.0,
          "low_clip_element_fraction": 0.12003072102864583,
          "nonfinite_count": 0,
          "all_zero": false,
          "all_one": false,
          "R_zero_fraction": 0.0,
          "R_one_fraction": 0.0,
          "G_zero_fraction": 0.0,
          "G_one_fraction": 0.0,
          "B_zero_fraction": 0.3594970703125,
          "B_one_fraction": 0.0,
          "retry_exhausted": true
        },
        {
          "panel": "A",
          "latent_id": "AM3_M0.98_H0.02_Full_6",
          "m_base": 0.98,
          "h_base": 0.02,
          "mask_category": "Full",
          "replicate": 6,
          "light": "FL2",
          "camera": "Canon 300D",
          "valid_skin_fraction": 1.0,
          "mask_hash": "916b144867c340614f515c7b0e5415c74832d899c05264ded2a277a6e81d81ff",
          "appearance_seed": 3757389060128855402,
          "attempt_count": 89,
          "exposure_ev": 0.1749229987914993,
          "p_zero": false,
          "high_clip_element_fraction": 0.0,
          "low_clip_element_fraction": 0.1151275634765625,
          "nonfinite_count": 0,
          "all_zero": false,
          "all_one": false,
          "R_zero_fraction": 0.0,
          "R_one_fraction": 0.0,
          "G_zero_fraction": 0.0,
          "G_one_fraction": 0.0,
          "B_zero_fraction": 0.3449249267578125,
          "B_one_fraction": 0.0,
          "retry_exhausted": true
        },
        {
          "panel": "A",
          "latent_id": "AM3_M0.98_H0.02_Full_6",
          "m_base": 0.98,
          "h_base": 0.02,
          "mask_category": "Full",
          "replicate": 6,
          "light": "FL2",
          "camera": "Canon 300D",
          "valid_skin_fraction": 1.0,
          "mask_hash": "916b144867c340614f515c7b0e5415c74832d899c05264ded2a277a6e81d81ff",
          "appearance_seed": 14769307777242795411,
          "attempt_count": 90,
          "exposure_ev": 0.298237035252083,
          "p_zero": false,
          "high_clip_element_fraction": 0.0,
          "low_clip_element_fraction": 0.1269378662109375,
          "nonfinite_count": 0,
          "all_zero": false,
          "all_one": false,
          "R_zero_fraction": 0.0,
          "R_one_fraction": 0.0,
          "G_zero_fraction": 0.0,
          "G_one_fraction": 0.0,
          "B_zero_fraction": 0.3804168701171875,
          "B_one_fraction": 0.0,
          "retry_exhausted": true
        },
        {
          "panel": "A",
          "latent_id": "AM3_M0.98_H0.02_Full_6",
          "m_base": 0.98,
          "h_base": 0.02,
          "mask_category": "Full",
          "replicate": 6,
          "light": "FL2",
          "camera": "Canon 300D",
          "valid_skin_fraction": 1.0,
          "mask_hash": "916b144867c340614f515c7b0e5415c74832d899c05264ded2a277a6e81d81ff",
          "appearance_seed": 16071676259146148095,
          "attempt_count": 91,
          "exposure_ev": -0.09429455480661669,
          "p_zero": false,
          "high_clip_element_fraction": 0.0,
          "low_clip_element_fraction": 0.113494873046875,
          "nonfinite_count": 0,
          "all_zero": false,
          "all_one": false,
          "R_zero_fraction": 0.0,
          "R_one_fraction": 0.0,
          "G_zero_fraction": 0.0,
          "G_one_fraction": 0.0,
          "B_zero_fraction": 0.3398895263671875,
          "B_one_fraction": 0.0,
          "retry_exhausted": true
        },
        {
          "panel": "A",
          "latent_id": "AM3_M0.98_H0.02_Full_6",
          "m_base": 0.98,
          "h_base": 0.02,
          "mask_category": "Full",
          "replicate": 6,
          "light": "FL2",
          "camera": "Canon 300D",
          "valid_skin_fraction": 1.0,
          "mask_hash": "916b144867c340614f515c7b0e5415c74832d899c05264ded2a277a6e81d81ff",
          "appearance_seed": 3720402812595184139,
          "attempt_count": 92,
          "exposure_ev": -0.13768842370609546,
          "p_zero": false,
          "high_clip_element_fraction": 0.0,
          "low_clip_element_fraction": 0.11356099446614583,
          "nonfinite_count": 0,
          "all_zero": false,
          "all_one": false,
          "R_zero_fraction": 0.0,
          "R_one_fraction": 0.0,
          "G_zero_fraction": 0.0,
          "G_one_fraction": 0.0,
          "B_zero_fraction": 0.3401947021484375,
          "B_one_fraction": 0.0,
          "retry_exhausted": true
        },
        {
          "panel": "A",
          "latent_id": "AM3_M0.98_H0.02_Full_6",
          "m_base": 0.98,
          "h_base": 0.02,
          "mask_category": "Full",
          "replicate": 6,
          "light": "FL2",
          "camera": "Canon 300D",
          "valid_skin_fraction": 1.0,
          "mask_hash": "916b144867c340614f515c7b0e5415c74832d899c05264ded2a277a6e81d81ff",
          "appearance_seed": 3400350060309642633,
          "attempt_count": 93,
          "exposure_ev": 0.09436999700272064,
          "p_zero": false,
          "high_clip_element_fraction": 0.0,
          "low_clip_element_fraction": 0.1269683837890625,
          "nonfinite_count": 0,
          "all_zero": false,
          "all_one": false,
          "R_zero_fraction": 0.0,
          "R_one_fraction": 0.0,
          "G_zero_fraction": 0.0,
          "G_one_fraction": 0.0,
          "B_zero_fraction": 0.3804168701171875,
          "B_one_fraction": 0.0,
          "retry_exhausted": true
        },
        {
          "panel": "A",
          "latent_id": "AM3_M0.98_H0.02_Full_6",
          "m_base": 0.98,
          "h_base": 0.02,
          "mask_category": "Full",
          "replicate": 6,
          "light": "FL2",
          "camera": "Canon 300D",
          "valid_skin_fraction": 1.0,
          "mask_hash": "916b144867c340614f515c7b0e5415c74832d899c05264ded2a277a6e81d81ff",
          "appearance_seed": 9006466605295676096,
          "attempt_count": 94,
          "exposure_ev": -0.37495481026983546,
          "p_zero": false,
          "high_clip_element_fraction": 0.0,
          "low_clip_element_fraction": 0.118804931640625,
          "nonfinite_count": 0,
          "all_zero": false,
          "all_one": false,
          "R_zero_fraction": 0.0,
          "R_one_fraction": 0.0,
          "G_zero_fraction": 0.0,
          "G_one_fraction": 0.0,
          "B_zero_fraction": 0.355804443359375,
          "B_one_fraction": 0.0,
          "retry_exhausted": true
        },
        {
          "panel": "A",
          "latent_id": "AM3_M0.98_H0.02_Full_6",
          "m_base": 0.98,
          "h_base": 0.02,
          "mask_category": "Full",
          "replicate": 6,
          "light": "FL2",
          "camera": "Canon 300D",
          "valid_skin_fraction": 1.0,
          "mask_hash": "916b144867c340614f515c7b0e5415c74832d899c05264ded2a277a6e81d81ff",
          "appearance_seed": 9682642199329386470,
          "attempt_count": 95,
          "exposure_ev": -0.3147731407663046,
          "p_zero": false,
          "high_clip_element_fraction": 0.0,
          "low_clip_element_fraction": 0.11363728841145833,
          "nonfinite_count": 0,
          "all_zero": false,
          "all_one": false,
          "R_zero_fraction": 0.0,
          "R_one_fraction": 0.0,
          "G_zero_fraction": 0.0,
          "G_one_fraction": 0.0,
          "B_zero_fraction": 0.34033203125,
          "B_one_fraction": 0.0,
          "retry_exhausted": true
        },
        {
          "panel": "A",
          "latent_id": "AM3_M0.98_H0.02_Full_6",
          "m_base": 0.98,
          "h_base": 0.02,
          "mask_category": "Full",
          "replicate": 6,
          "light": "FL2",
          "camera": "Canon 300D",
          "valid_skin_fraction": 1.0,
          "mask_hash": "916b144867c340614f515c7b0e5415c74832d899c05264ded2a277a6e81d81ff",
          "appearance_seed": 9622551950450874507,
          "attempt_count": 96,
          "exposure_ev": 0.1053017353429263,
          "p_zero": false,
          "high_clip_element_fraction": 0.0,
          "low_clip_element_fraction": 0.12696329752604166,
          "nonfinite_count": 0,
          "all_zero": false,
          "all_one": false,
          "R_zero_fraction": 0.0,
          "R_one_fraction": 0.0,
          "G_zero_fraction": 0.0,
          "G_one_fraction": 0.0,
          "B_zero_fraction": 0.3804168701171875,
          "B_one_fraction": 0.0,
          "retry_exhausted": true
        },
        {
          "panel": "A",
          "latent_id": "AM3_M0.98_H0.02_Full_6",
          "m_base": 0.98,
          "h_base": 0.02,
          "mask_category": "Full",
          "replicate": 6,
          "light": "FL2",
          "camera": "Canon 300D",
          "valid_skin_fraction": 1.0,
          "mask_hash": "916b144867c340614f515c7b0e5415c74832d899c05264ded2a277a6e81d81ff",
          "appearance_seed": 10203030130234754578,
          "attempt_count": 97,
          "exposure_ev": 0.16459951114487903,
          "p_zero": false,
          "high_clip_element_fraction": 0.0,
          "low_clip_element_fraction": 0.1190338134765625,
          "nonfinite_count": 0,
          "all_zero": false,
          "all_one": false,
          "R_zero_fraction": 0.0,
          "R_one_fraction": 0.0,
          "G_zero_fraction": 0.0,
          "G_one_fraction": 0.0,
          "B_zero_fraction": 0.3566131591796875,
          "B_one_fraction": 0.0,
          "retry_exhausted": true
        },
        {
          "panel": "A",
          "latent_id": "AM3_M0.98_H0.02_Full_6",
          "m_base": 0.98,
          "h_base": 0.02,
          "mask_category": "Full",
          "replicate": 6,
          "light": "FL2",
          "camera": "Canon 300D",
          "valid_skin_fraction": 1.0,
          "mask_hash": "916b144867c340614f515c7b0e5415c74832d899c05264ded2a277a6e81d81ff",
          "appearance_seed": 7463171749333441938,
          "attempt_count": 98,
          "exposure_ev": -0.250779781852434,
          "p_zero": false,
          "high_clip_element_fraction": 0.0,
          "low_clip_element_fraction": 0.12700907389322916,
          "nonfinite_count": 0,
          "all_zero": false,
          "all_one": false,
          "R_zero_fraction": 0.0,
          "R_one_fraction": 0.0,
          "G_zero_fraction": 0.0,
          "G_one_fraction": 0.0,
          "B_zero_fraction": 0.3804168701171875,
          "B_one_fraction": 0.0,
          "retry_exhausted": true
        },
        {
          "panel": "A",
          "latent_id": "AM3_M0.98_H0.02_Full_6",
          "m_base": 0.98,
          "h_base": 0.02,
          "mask_category": "Full",
          "replicate": 6,
          "light": "FL2",
          "camera": "Canon 300D",
          "valid_skin_fraction": 1.0,
          "mask_hash": "916b144867c340614f515c7b0e5415c74832d899c05264ded2a277a6e81d81ff",
          "appearance_seed": 17161638070492928650,
          "attempt_count": 99,
          "exposure_ev": 0.15996742654904827,
          "p_zero": false,
          "high_clip_element_fraction": 0.0,
          "low_clip_element_fraction": 0.12052408854166667,
          "nonfinite_count": 0,
          "all_zero": false,
          "all_one": false,
          "R_zero_fraction": 0.0,
          "R_one_fraction": 0.0,
          "G_zero_fraction": 0.0,
          "G_one_fraction": 0.0,
          "B_zero_fraction": 0.3610992431640625,
          "B_one_fraction": 0.0,
          "retry_exhausted": true
        },
        {
          "panel": "A",
          "latent_id": "AM3_M0.98_H0.02_Full_6",
          "m_base": 0.98,
          "h_base": 0.02,
          "mask_category": "Full",
          "replicate": 6,
          "light": "FL2",
          "camera": "Canon 300D",
          "valid_skin_fraction": 1.0,
          "mask_hash": "916b144867c340614f515c7b0e5415c74832d899c05264ded2a277a6e81d81ff",
          "appearance_seed": 469065020503005523,
          "attempt_count": 100,
          "exposure_ev": 0.17705623974649287,
          "p_zero": false,
          "high_clip_element_fraction": 0.0,
          "low_clip_element_fraction": 0.11707051595052083,
          "nonfinite_count": 0,
          "all_zero": false,
          "all_one": false,
          "R_zero_fraction": 0.0,
          "R_one_fraction": 0.0,
          "G_zero_fraction": 0.0,
          "G_one_fraction": 0.0,
          "B_zero_fraction": 0.3507843017578125,
          "B_one_fraction": 0.0,
          "retry_exhausted": true
        },
        {
          "panel": "A",
          "latent_id": "AM3_M0.98_H0.02_Full_6",
          "m_base": 0.98,
          "h_base": 0.02,
          "mask_category": "Full",
          "replicate": 6,
          "light": "FL2",
          "camera": "Canon 300D",
          "valid_skin_fraction": 1.0,
          "mask_hash": "916b144867c340614f515c7b0e5415c74832d899c05264ded2a277a6e81d81ff",
          "appearance_seed": 11797606135291855687,
          "attempt_count": 101,
          "exposure_ev": -0.16058967976615374,
          "p_zero": false,
          "high_clip_element_fraction": 0.0,
          "low_clip_element_fraction": 0.12397257486979167,
          "nonfinite_count": 0,
          "all_zero": false,
          "all_one": false,
          "R_zero_fraction": 0.0,
          "R_one_fraction": 0.0,
          "G_zero_fraction": 0.0,
          "G_one_fraction": 0.0,
          "B_zero_fraction": 0.371337890625,
          "B_one_fraction": 0.0,
          "retry_exhausted": true
        },
        {
          "panel": "A",
          "latent_id": "AM3_M0.98_H0.02_Full_6",
          "m_base": 0.98,
          "h_base": 0.02,
          "mask_category": "Full",
          "replicate": 6,
          "light": "FL2",
          "camera": "Canon 300D",
          "valid_skin_fraction": 1.0,
          "mask_hash": "916b144867c340614f515c7b0e5415c74832d899c05264ded2a277a6e81d81ff",
          "appearance_seed": 13191115382655381085,
          "attempt_count": 102,
          "exposure_ev": -0.10307734107121674,
          "p_zero": false,
          "high_clip_element_fraction": 0.0,
          "low_clip_element_fraction": 0.11917622884114583,
          "nonfinite_count": 0,
          "all_zero": false,
          "all_one": false,
          "R_zero_fraction": 0.0,
          "R_one_fraction": 0.0,
          "G_zero_fraction": 0.0,
          "G_one_fraction": 0.0,
          "B_zero_fraction": 0.35699462890625,
          "B_one_fraction": 0.0,
          "retry_exhausted": true
        },
        {
          "panel": "A",
          "latent_id": "AM3_M0.98_H0.02_Full_6",
          "m_base": 0.98,
          "h_base": 0.02,
          "mask_category": "Full",
          "replicate": 6,
          "light": "FL2",
          "camera": "Canon 300D",
          "valid_skin_fraction": 1.0,
          "mask_hash": "916b144867c340614f515c7b0e5415c74832d899c05264ded2a277a6e81d81ff",
          "appearance_seed": 9015416618024412073,
          "attempt_count": 103,
          "exposure_ev": -0.06838583325235564,
          "p_zero": false,
          "high_clip_element_fraction": 0.0,
          "low_clip_element_fraction": 0.11767578125,
          "nonfinite_count": 0,
          "all_zero": false,
          "all_one": false,
          "R_zero_fraction": 0.0,
          "R_one_fraction": 0.0,
          "G_zero_fraction": 0.0,
          "G_one_fraction": 0.0,
          "B_zero_fraction": 0.3525543212890625,
          "B_one_fraction": 0.0,
          "retry_exhausted": true
        },
        {
          "panel": "A",
          "latent_id": "AM3_M0.98_H0.02_Full_6",
          "m_base": 0.98,
          "h_base": 0.02,
          "mask_category": "Full",
          "replicate": 6,
          "light": "FL2",
          "camera": "Canon 300D",
          "valid_skin_fraction": 1.0,
          "mask_hash": "916b144867c340614f515c7b0e5415c74832d899c05264ded2a277a6e81d81ff",
          "appearance_seed": 3888316610720565354,
          "attempt_count": 104,
          "exposure_ev": -0.4169049238754587,
          "p_zero": false,
          "high_clip_element_fraction": 0.0,
          "low_clip_element_fraction": 0.1270294189453125,
          "nonfinite_count": 0,
          "all_zero": false,
          "all_one": false,
          "R_zero_fraction": 0.0,
          "R_one_fraction": 0.0,
          "G_zero_fraction": 0.0,
          "G_one_fraction": 0.0,
          "B_zero_fraction": 0.3804168701171875,
          "B_one_fraction": 0.0,
          "retry_exhausted": true
        },
        {
          "panel": "A",
          "latent_id": "AM3_M0.98_H0.02_Full_6",
          "m_base": 0.98,
          "h_base": 0.02,
          "mask_category": "Full",
          "replicate": 6,
          "light": "FL2",
          "camera": "Canon 300D",
          "valid_skin_fraction": 1.0,
          "mask_hash": "916b144867c340614f515c7b0e5415c74832d899c05264ded2a277a6e81d81ff",
          "appearance_seed": 4621844957051371928,
          "attempt_count": 105,
          "exposure_ev": 0.06428140923325298,
          "p_zero": false,
          "high_clip_element_fraction": 0.0,
          "low_clip_element_fraction": 0.11452229817708333,
          "nonfinite_count": 0,
          "all_zero": false,
          "all_one": false,
          "R_zero_fraction": 0.0,
          "R_one_fraction": 0.0,
          "G_zero_fraction": 0.0,
          "G_one_fraction": 0.0,
          "B_zero_fraction": 0.3431243896484375,
          "B_one_fraction": 0.0,
          "retry_exhausted": true
        },
        {
          "panel": "A",
          "latent_id": "AM3_M0.98_H0.02_Full_6",
          "m_base": 0.98,
          "h_base": 0.02,
          "mask_category": "Full",
          "replicate": 6,
          "light": "FL2",
          "camera": "Canon 300D",
          "valid_skin_fraction": 1.0,
          "mask_hash": "916b144867c340614f515c7b0e5415c74832d899c05264ded2a277a6e81d81ff",
          "appearance_seed": 7137827396401602546,
          "attempt_count": 106,
          "exposure_ev": -0.21794254458445345,
          "p_zero": false,
          "high_clip_element_fraction": 0.0,
          "low_clip_element_fraction": 0.12701416015625,
          "nonfinite_count": 0,
          "all_zero": false,
          "all_one": false,
          "R_zero_fraction": 0.0,
          "R_one_fraction": 0.0,
          "G_zero_fraction": 0.0,
          "G_one_fraction": 0.0,
          "B_zero_fraction": 0.3804168701171875,
          "B_one_fraction": 0.0,
          "retry_exhausted": true
        },
        {
          "panel": "A",
          "latent_id": "AM3_M0.98_H0.02_Full_6",
          "m_base": 0.98,
          "h_base": 0.02,
          "mask_category": "Full",
          "replicate": 6,
          "light": "FL2",
          "camera": "Canon 300D",
          "valid_skin_fraction": 1.0,
          "mask_hash": "916b144867c340614f515c7b0e5415c74832d899c05264ded2a277a6e81d81ff",
          "appearance_seed": 14343033957597696130,
          "attempt_count": 107,
          "exposure_ev": -0.07853773562545191,
          "p_zero": false,
          "high_clip_element_fraction": 0.0,
          "low_clip_element_fraction": 0.11896260579427083,
          "nonfinite_count": 0,
          "all_zero": false,
          "all_one": false,
          "R_zero_fraction": 0.0,
          "R_one_fraction": 0.0,
          "G_zero_fraction": 0.0,
          "G_one_fraction": 0.0,
          "B_zero_fraction": 0.3563079833984375,
          "B_one_fraction": 0.0,
          "retry_exhausted": true
        },
        {
          "panel": "A",
          "latent_id": "AM3_M0.98_H0.02_Full_6",
          "m_base": 0.98,
          "h_base": 0.02,
          "mask_category": "Full",
          "replicate": 6,
          "light": "FL2",
          "camera": "Canon 300D",
          "valid_skin_fraction": 1.0,
          "mask_hash": "916b144867c340614f515c7b0e5415c74832d899c05264ded2a277a6e81d81ff",
          "appearance_seed": 2391086640844548108,
          "attempt_count": 108,
          "exposure_ev": 0.30922496737515537,
          "p_zero": false,
          "high_clip_element_fraction": 0.0,
          "low_clip_element_fraction": 0.12694295247395834,
          "nonfinite_count": 0,
          "all_zero": false,
          "all_one": false,
          "R_zero_fraction": 0.0,
          "R_one_fraction": 0.0,
          "G_zero_fraction": 0.0,
          "G_one_fraction": 0.0,
          "B_zero_fraction": 0.3804168701171875,
          "B_one_fraction": 0.0,
          "retry_exhausted": true
        },
        {
          "panel": "A",
          "latent_id": "AM3_M0.98_H0.02_Full_6",
          "m_base": 0.98,
          "h_base": 0.02,
          "mask_category": "Full",
          "replicate": 6,
          "light": "FL2",
          "camera": "Canon 300D",
          "valid_skin_fraction": 1.0,
          "mask_hash": "916b144867c340614f515c7b0e5415c74832d899c05264ded2a277a6e81d81ff",
          "appearance_seed": 1414766349211626238,
          "attempt_count": 109,
          "exposure_ev": -0.27154295572679554,
          "p_zero": false,
          "high_clip_element_fraction": 0.0,
          "low_clip_element_fraction": 0.12230936686197917,
          "nonfinite_count": 0,
          "all_zero": false,
          "all_one": false,
          "R_zero_fraction": 0.0,
          "R_one_fraction": 0.0,
          "G_zero_fraction": 0.0,
          "G_one_fraction": 0.0,
          "B_zero_fraction": 0.3663177490234375,
          "B_one_fraction": 0.0,
          "retry_exhausted": true
        },
        {
          "panel": "A",
          "latent_id": "AM3_M0.98_H0.02_Full_6",
          "m_base": 0.98,
          "h_base": 0.02,
          "mask_category": "Full",
          "replicate": 6,
          "light": "FL2",
          "camera": "Canon 300D",
          "valid_skin_fraction": 1.0,
          "mask_hash": "916b144867c340614f515c7b0e5415c74832d899c05264ded2a277a6e81d81ff",
          "appearance_seed": 15322922331587476534,
          "attempt_count": 110,
          "exposure_ev": -0.10916269672759249,
          "p_zero": false,
          "high_clip_element_fraction": 0.0,
          "low_clip_element_fraction": 0.1192779541015625,
          "nonfinite_count": 0,
          "all_zero": false,
          "all_one": false,
          "R_zero_fraction": 0.0,
          "R_one_fraction": 0.0,
          "G_zero_fraction": 0.0,
          "G_one_fraction": 0.0,
          "B_zero_fraction": 0.3572845458984375,
          "B_one_fraction": 0.0,
          "retry_exhausted": true
        },
        {
          "panel": "A",
          "latent_id": "AM3_M0.98_H0.02_Full_6",
          "m_base": 0.98,
          "h_base": 0.02,
          "mask_category": "Full",
          "replicate": 6,
          "light": "FL2",
          "camera": "Canon 300D",
          "valid_skin_fraction": 1.0,
          "mask_hash": "916b144867c340614f515c7b0e5415c74832d899c05264ded2a277a6e81d81ff",
          "appearance_seed": 3924693300287415068,
          "attempt_count": 111,
          "exposure_ev": -0.06707002695775477,
          "p_zero": false,
          "high_clip_element_fraction": 0.0,
          "low_clip_element_fraction": 0.1177978515625,
          "nonfinite_count": 0,
          "all_zero": false,
          "all_one": false,
          "R_zero_fraction": 0.0,
          "R_one_fraction": 0.0,
          "G_zero_fraction": 0.0,
          "G_one_fraction": 0.0,
          "B_zero_fraction": 0.3529052734375,
          "B_one_fraction": 0.0,
          "retry_exhausted": true
        },
        {
          "panel": "A",
          "latent_id": "AM3_M0.98_H0.02_Full_6",
          "m_base": 0.98,
          "h_base": 0.02,
          "mask_category": "Full",
          "replicate": 6,
          "light": "FL2",
          "camera": "Canon 300D",
          "valid_skin_fraction": 1.0,
          "mask_hash": "916b144867c340614f515c7b0e5415c74832d899c05264ded2a277a6e81d81ff",
          "appearance_seed": 17758014769062525480,
          "attempt_count": 112,
          "exposure_ev": -0.16792379508428174,
          "p_zero": false,
          "high_clip_element_fraction": 0.0,
          "low_clip_element_fraction": 0.1269989013671875,
          "nonfinite_count": 0,
          "all_zero": false,
          "all_one": false,
          "R_zero_fraction": 0.0,
          "R_one_fraction": 0.0,
          "G_zero_fraction": 0.0,
          "G_one_fraction": 0.0,
          "B_zero_fraction": 0.3804168701171875,
          "B_one_fraction": 0.0,
          "retry_exhausted": true
        },
        {
          "panel": "A",
          "latent_id": "AM3_M0.98_H0.02_Full_6",
          "m_base": 0.98,
          "h_base": 0.02,
          "mask_category": "Full",
          "replicate": 6,
          "light": "FL2",
          "camera": "Canon 300D",
          "valid_skin_fraction": 1.0,
          "mask_hash": "916b144867c340614f515c7b0e5415c74832d899c05264ded2a277a6e81d81ff",
          "appearance_seed": 14576871857311704002,
          "attempt_count": 113,
          "exposure_ev": 0.2622315172202365,
          "p_zero": false,
          "high_clip_element_fraction": 0.0,
          "low_clip_element_fraction": 0.11992899576822917,
          "nonfinite_count": 0,
          "all_zero": false,
          "all_one": false,
          "R_zero_fraction": 0.0,
          "R_one_fraction": 0.0,
          "G_zero_fraction": 0.0,
          "G_one_fraction": 0.0,
          "B_zero_fraction": 0.359375,
          "B_one_fraction": 0.0,
          "retry_exhausted": true
        },
        {
          "panel": "A",
          "latent_id": "AM3_M0.98_H0.02_Full_6",
          "m_base": 0.98,
          "h_base": 0.02,
          "mask_category": "Full",
          "replicate": 6,
          "light": "FL2",
          "camera": "Canon 300D",
          "valid_skin_fraction": 1.0,
          "mask_hash": "916b144867c340614f515c7b0e5415c74832d899c05264ded2a277a6e81d81ff",
          "appearance_seed": 4278750207081496681,
          "attempt_count": 114,
          "exposure_ev": 0.19447667873228225,
          "p_zero": false,
          "high_clip_element_fraction": 0.0,
          "low_clip_element_fraction": 0.11871337890625,
          "nonfinite_count": 0,
          "all_zero": false,
          "all_one": false,
          "R_zero_fraction": 0.0,
          "R_one_fraction": 0.0,
          "G_zero_fraction": 0.0,
          "G_one_fraction": 0.0,
          "B_zero_fraction": 0.3556976318359375,
          "B_one_fraction": 0.0,
          "retry_exhausted": true
        },
        {
          "panel": "A",
          "latent_id": "AM3_M0.98_H0.02_Full_6",
          "m_base": 0.98,
          "h_base": 0.02,
          "mask_category": "Full",
          "replicate": 6,
          "light": "FL2",
          "camera": "Canon 300D",
          "valid_skin_fraction": 1.0,
          "mask_hash": "916b144867c340614f515c7b0e5415c74832d899c05264ded2a277a6e81d81ff",
          "appearance_seed": 15250886874178004756,
          "attempt_count": 115,
          "exposure_ev": -0.14566674146784764,
          "p_zero": false,
          "high_clip_element_fraction": 0.0,
          "low_clip_element_fraction": 0.11490376790364583,
          "nonfinite_count": 0,
          "all_zero": false,
          "all_one": false,
          "R_zero_fraction": 0.0,
          "R_one_fraction": 0.0,
          "G_zero_fraction": 0.0,
          "G_one_fraction": 0.0,
          "B_zero_fraction": 0.3441314697265625,
          "B_one_fraction": 0.0,
          "retry_exhausted": true
        },
        {
          "panel": "A",
          "latent_id": "AM3_M0.98_H0.02_Full_6",
          "m_base": 0.98,
          "h_base": 0.02,
          "mask_category": "Full",
          "replicate": 6,
          "light": "FL2",
          "camera": "Canon 300D",
          "valid_skin_fraction": 1.0,
          "mask_hash": "916b144867c340614f515c7b0e5415c74832d899c05264ded2a277a6e81d81ff",
          "appearance_seed": 1719269871854082068,
          "attempt_count": 116,
          "exposure_ev": 0.19625997398928186,
          "p_zero": false,
          "high_clip_element_fraction": 0.0,
          "low_clip_element_fraction": 0.12006123860677083,
          "nonfinite_count": 0,
          "all_zero": false,
          "all_one": false,
          "R_zero_fraction": 0.0,
          "R_one_fraction": 0.0,
          "G_zero_fraction": 0.0,
          "G_one_fraction": 0.0,
          "B_zero_fraction": 0.35980224609375,
          "B_one_fraction": 0.0,
          "retry_exhausted": true
        },
        {
          "panel": "A",
          "latent_id": "AM3_M0.98_H0.02_Full_6",
          "m_base": 0.98,
          "h_base": 0.02,
          "mask_category": "Full",
          "replicate": 6,
          "light": "FL2",
          "camera": "Canon 300D",
          "valid_skin_fraction": 1.0,
          "mask_hash": "916b144867c340614f515c7b0e5415c74832d899c05264ded2a277a6e81d81ff",
          "appearance_seed": 12447661095011961129,
          "attempt_count": 117,
          "exposure_ev": 0.20926909594448695,
          "p_zero": false,
          "high_clip_element_fraction": 0.0,
          "low_clip_element_fraction": 0.12694803873697916,
          "nonfinite_count": 0,
          "all_zero": false,
          "all_one": false,
          "R_zero_fraction": 0.0,
          "R_one_fraction": 0.0,
          "G_zero_fraction": 0.0,
          "G_one_fraction": 0.0,
          "B_zero_fraction": 0.3804168701171875,
          "B_one_fraction": 0.0,
          "retry_exhausted": true
        },
        {
          "panel": "A",
          "latent_id": "AM3_M0.98_H0.02_Full_6",
          "m_base": 0.98,
          "h_base": 0.02,
          "mask_category": "Full",
          "replicate": 6,
          "light": "FL2",
          "camera": "Canon 300D",
          "valid_skin_fraction": 1.0,
          "mask_hash": "916b144867c340614f515c7b0e5415c74832d899c05264ded2a277a6e81d81ff",
          "appearance_seed": 2181787423330397499,
          "attempt_count": 118,
          "exposure_ev": -0.014262556452166064,
          "p_zero": false,
          "high_clip_element_fraction": 0.0,
          "low_clip_element_fraction": 0.126983642578125,
          "nonfinite_count": 0,
          "all_zero": false,
          "all_one": false,
          "R_zero_fraction": 0.0,
          "R_one_fraction": 0.0,
          "G_zero_fraction": 0.0,
          "G_one_fraction": 0.0,
          "B_zero_fraction": 0.3804168701171875,
          "B_one_fraction": 0.0,
          "retry_exhausted": true
        },
        {
          "panel": "A",
          "latent_id": "AM3_M0.98_H0.02_Full_6",
          "m_base": 0.98,
          "h_base": 0.02,
          "mask_category": "Full",
          "replicate": 6,
          "light": "FL2",
          "camera": "Canon 300D",
          "valid_skin_fraction": 1.0,
          "mask_hash": "916b144867c340614f515c7b0e5415c74832d899c05264ded2a277a6e81d81ff",
          "appearance_seed": 11494454945850896033,
          "attempt_count": 119,
          "exposure_ev": -0.4498265379178782,
          "p_zero": false,
          "high_clip_element_fraction": 0.0,
          "low_clip_element_fraction": 0.11577860514322917,
          "nonfinite_count": 0,
          "all_zero": false,
          "all_one": false,
          "R_zero_fraction": 0.0,
          "R_one_fraction": 0.0,
          "G_zero_fraction": 0.0,
          "G_one_fraction": 0.0,
          "B_zero_fraction": 0.346832275390625,
          "B_one_fraction": 0.0,
          "retry_exhausted": true
        },
        {
          "panel": "A",
          "latent_id": "AM3_M0.98_H0.02_Full_6",
          "m_base": 0.98,
          "h_base": 0.02,
          "mask_category": "Full",
          "replicate": 6,
          "light": "FL2",
          "camera": "Canon 300D",
          "valid_skin_fraction": 1.0,
          "mask_hash": "916b144867c340614f515c7b0e5415c74832d899c05264ded2a277a6e81d81ff",
          "appearance_seed": 17957675885551181427,
          "attempt_count": 120,
          "exposure_ev": -0.22935061686248343,
          "p_zero": false,
          "high_clip_element_fraction": 0.0,
          "low_clip_element_fraction": 0.12701416015625,
          "nonfinite_count": 0,
          "all_zero": false,
          "all_one": false,
          "R_zero_fraction": 0.0,
          "R_one_fraction": 0.0,
          "G_zero_fraction": 0.0,
          "G_one_fraction": 0.0,
          "B_zero_fraction": 0.3804168701171875,
          "B_one_fraction": 0.0,
          "retry_exhausted": true
        },
        {
          "panel": "A",
          "latent_id": "AM3_M0.98_H0.02_Full_6",
          "m_base": 0.98,
          "h_base": 0.02,
          "mask_category": "Full",
          "replicate": 6,
          "light": "FL2",
          "camera": "Canon 300D",
          "valid_skin_fraction": 1.0,
          "mask_hash": "916b144867c340614f515c7b0e5415c74832d899c05264ded2a277a6e81d81ff",
          "appearance_seed": 4726548939818698907,
          "attempt_count": 121,
          "exposure_ev": -0.1913878139986105,
          "p_zero": false,
          "high_clip_element_fraction": 0.0,
          "low_clip_element_fraction": 0.12104288736979167,
          "nonfinite_count": 0,
          "all_zero": false,
          "all_one": false,
          "R_zero_fraction": 0.0,
          "R_one_fraction": 0.0,
          "G_zero_fraction": 0.0,
          "G_one_fraction": 0.0,
          "B_zero_fraction": 0.3625946044921875,
          "B_one_fraction": 0.0,
          "retry_exhausted": true
        },
        {
          "panel": "A",
          "latent_id": "AM3_M0.98_H0.02_Full_6",
          "m_base": 0.98,
          "h_base": 0.02,
          "mask_category": "Full",
          "replicate": 6,
          "light": "FL2",
          "camera": "Canon 300D",
          "valid_skin_fraction": 1.0,
          "mask_hash": "916b144867c340614f515c7b0e5415c74832d899c05264ded2a277a6e81d81ff",
          "appearance_seed": 6788291138707773295,
          "attempt_count": 122,
          "exposure_ev": -0.2760918397810096,
          "p_zero": false,
          "high_clip_element_fraction": 0.0,
          "low_clip_element_fraction": 0.11918131510416667,
          "nonfinite_count": 0,
          "all_zero": false,
          "all_one": false,
          "R_zero_fraction": 0.0,
          "R_one_fraction": 0.0,
          "G_zero_fraction": 0.0,
          "G_one_fraction": 0.0,
          "B_zero_fraction": 0.356842041015625,
          "B_one_fraction": 0.0,
          "retry_exhausted": true
        },
        {
          "panel": "A",
          "latent_id": "AM3_M0.98_H0.02_Full_6",
          "m_base": 0.98,
          "h_base": 0.02,
          "mask_category": "Full",
          "replicate": 6,
          "light": "FL2",
          "camera": "Canon 300D",
          "valid_skin_fraction": 1.0,
          "mask_hash": "916b144867c340614f515c7b0e5415c74832d899c05264ded2a277a6e81d81ff",
          "appearance_seed": 14414086556634929112,
          "attempt_count": 123,
          "exposure_ev": -0.1817030094016613,
          "p_zero": false,
          "high_clip_element_fraction": 0.0,
          "low_clip_element_fraction": 0.12700398763020834,
          "nonfinite_count": 0,
          "all_zero": false,
          "all_one": false,
          "R_zero_fraction": 0.0,
          "R_one_fraction": 0.0,
          "G_zero_fraction": 0.0,
          "G_one_fraction": 0.0,
          "B_zero_fraction": 0.3804168701171875,
          "B_one_fraction": 0.0,
          "retry_exhausted": true
        },
        {
          "panel": "A",
          "latent_id": "AM3_M0.98_H0.02_Full_6",
          "m_base": 0.98,
          "h_base": 0.02,
          "mask_category": "Full",
          "replicate": 6,
          "light": "FL2",
          "camera": "Canon 300D",
          "valid_skin_fraction": 1.0,
          "mask_hash": "916b144867c340614f515c7b0e5415c74832d899c05264ded2a277a6e81d81ff",
          "appearance_seed": 12562850506139151693,
          "attempt_count": 124,
          "exposure_ev": -0.1737263962023154,
          "p_zero": false,
          "high_clip_element_fraction": 0.0,
          "low_clip_element_fraction": 0.12701416015625,
          "nonfinite_count": 0,
          "all_zero": false,
          "all_one": false,
          "R_zero_fraction": 0.0,
          "R_one_fraction": 0.0,
          "G_zero_fraction": 0.0,
          "G_one_fraction": 0.0,
          "B_zero_fraction": 0.3804168701171875,
          "B_one_fraction": 0.0,
          "retry_exhausted": true
        },
        {
          "panel": "A",
          "latent_id": "AM3_M0.98_H0.02_Full_6",
          "m_base": 0.98,
          "h_base": 0.02,
          "mask_category": "Full",
          "replicate": 6,
          "light": "FL2",
          "camera": "Canon 300D",
          "valid_skin_fraction": 1.0,
          "mask_hash": "916b144867c340614f515c7b0e5415c74832d899c05264ded2a277a6e81d81ff",
          "appearance_seed": 6746263265740995111,
          "attempt_count": 125,
          "exposure_ev": -0.09703704190032719,
          "p_zero": false,
          "high_clip_element_fraction": 0.0,
          "low_clip_element_fraction": 0.1269989013671875,
          "nonfinite_count": 0,
          "all_zero": false,
          "all_one": false,
          "R_zero_fraction": 0.0,
          "R_one_fraction": 0.0,
          "G_zero_fraction": 0.0,
          "G_one_fraction": 0.0,
          "B_zero_fraction": 0.3804168701171875,
          "B_one_fraction": 0.0,
          "retry_exhausted": true
        },
        {
          "panel": "A",
          "latent_id": "AM3_M0.98_H0.02_Full_6",
          "m_base": 0.98,
          "h_base": 0.02,
          "mask_category": "Full",
          "replicate": 6,
          "light": "FL2",
          "camera": "Canon 300D",
          "valid_skin_fraction": 1.0,
          "mask_hash": "916b144867c340614f515c7b0e5415c74832d899c05264ded2a277a6e81d81ff",
          "appearance_seed": 13415866391528108496,
          "attempt_count": 126,
          "exposure_ev": -0.1421082556244621,
          "p_zero": false,
          "high_clip_element_fraction": 0.0,
          "low_clip_element_fraction": 0.12700907389322916,
          "nonfinite_count": 0,
          "all_zero": false,
          "all_one": false,
          "R_zero_fraction": 0.0,
          "R_one_fraction": 0.0,
          "G_zero_fraction": 0.0,
          "G_one_fraction": 0.0,
          "B_zero_fraction": 0.3804168701171875,
          "B_one_fraction": 0.0,
          "retry_exhausted": true
        },
        {
          "panel": "A",
          "latent_id": "AM3_M0.98_H0.02_Full_6",
          "m_base": 0.98,
          "h_base": 0.02,
          "mask_category": "Full",
          "replicate": 6,
          "light": "FL2",
          "camera": "Canon 300D",
          "valid_skin_fraction": 1.0,
          "mask_hash": "916b144867c340614f515c7b0e5415c74832d899c05264ded2a277a6e81d81ff",
          "appearance_seed": 12559759863306358876,
          "attempt_count": 127,
          "exposure_ev": -0.3314402646144047,
          "p_zero": false,
          "high_clip_element_fraction": 0.0,
          "low_clip_element_fraction": 0.12103780110677083,
          "nonfinite_count": 0,
          "all_zero": false,
          "all_one": false,
          "R_zero_fraction": 0.0,
          "R_one_fraction": 0.0,
          "G_zero_fraction": 0.0,
          "G_one_fraction": 0.0,
          "B_zero_fraction": 0.3625946044921875,
          "B_one_fraction": 0.0,
          "retry_exhausted": true
        },
        {
          "panel": "A",
          "latent_id": "AM3_M0.98_H0.02_Full_6",
          "m_base": 0.98,
          "h_base": 0.02,
          "mask_category": "Full",
          "replicate": 6,
          "light": "FL2",
          "camera": "Canon 300D",
          "valid_skin_fraction": 1.0,
          "mask_hash": "916b144867c340614f515c7b0e5415c74832d899c05264ded2a277a6e81d81ff",
          "appearance_seed": 8674545351956445604,
          "attempt_count": 128,
          "exposure_ev": -0.25083234218454575,
          "p_zero": false,
          "high_clip_element_fraction": 0.0,
          "low_clip_element_fraction": 0.11410013834635417,
          "nonfinite_count": 0,
          "all_zero": false,
          "all_one": false,
          "R_zero_fraction": 0.0,
          "R_one_fraction": 0.0,
          "G_zero_fraction": 0.0,
          "G_one_fraction": 0.0,
          "B_zero_fraction": 0.3417510986328125,
          "B_one_fraction": 0.0,
          "retry_exhausted": true
        }
      ],
      "camera_swap": [
        {
          "high_clip_element_fraction": 0.0,
          "low_clip_element_fraction": 0.0,
          "nonfinite_count": 0,
          "all_zero": false,
          "all_one": false,
          "R_zero_fraction": 0.0,
          "R_one_fraction": 0.0,
          "G_zero_fraction": 0.0,
          "G_one_fraction": 0.0,
          "B_zero_fraction": 0.0,
          "B_one_fraction": 0.0,
          "camera": "Canon 5DMarkII",
          "light": "FL2",
          "attempt": 74,
          "pass": true
        },
        {
          "high_clip_element_fraction": 0.0,
          "low_clip_element_fraction": 0.0,
          "nonfinite_count": 0,
          "all_zero": false,
          "all_one": false,
          "R_zero_fraction": 0.0,
          "R_one_fraction": 0.0,
          "G_zero_fraction": 0.0,
          "G_one_fraction": 0.0,
          "B_zero_fraction": 0.0,
          "B_one_fraction": 0.0,
          "camera": "Nikon D80",
          "light": "FL2",
          "attempt": 74,
          "pass": true
        },
        {
          "high_clip_element_fraction": 0.0,
          "low_clip_element_fraction": 0.0,
          "nonfinite_count": 0,
          "all_zero": false,
          "all_one": false,
          "R_zero_fraction": 0.0,
          "R_one_fraction": 0.0,
          "G_zero_fraction": 0.0,
          "G_one_fraction": 0.0,
          "B_zero_fraction": 0.0,
          "B_one_fraction": 0.0,
          "camera": "Canon 20D",
          "light": "FL2",
          "attempt": 74,
          "pass": true
        },
        {
          "high_clip_element_fraction": 0.0,
          "low_clip_element_fraction": 0.0,
          "nonfinite_count": 0,
          "all_zero": false,
          "all_one": false,
          "R_zero_fraction": 0.0,
          "R_one_fraction": 0.0,
          "G_zero_fraction": 0.0,
          "G_one_fraction": 0.0,
          "B_zero_fraction": 0.0,
          "B_one_fraction": 0.0,
          "camera": "Canon 1DMarkIII",
          "light": "FL2",
          "attempt": 74,
          "pass": true
        },
        {
          "high_clip_element_fraction": 0.0,
          "low_clip_element_fraction": 0.0,
          "nonfinite_count": 0,
          "all_zero": false,
          "all_one": false,
          "R_zero_fraction": 0.0,
          "R_one_fraction": 0.0,
          "G_zero_fraction": 0.0,
          "G_one_fraction": 0.0,
          "B_zero_fraction": 0.0,
          "B_one_fraction": 0.0,
          "camera": "Nikon D5100",
          "light": "FL2",
          "attempt": 74,
          "pass": true
        }
      ],
      "exposure_sweep": [
        {
          "high_clip_element_fraction": 0.0,
          "low_clip_element_fraction": 0.10405476888020833,
          "nonfinite_count": 0,
          "all_zero": false,
          "all_one": false,
          "R_zero_fraction": 0.0,
          "R_one_fraction": 0.0,
          "G_zero_fraction": 0.0,
          "G_one_fraction": 0.0,
          "B_zero_fraction": 0.3114166259765625,
          "B_one_fraction": 0.0,
          "exposure_ev": -0.5,
          "pass": false
        },
        {
          "high_clip_element_fraction": 0.0,
          "low_clip_element_fraction": 0.10403951009114583,
          "nonfinite_count": 0,
          "all_zero": false,
          "all_one": false,
          "R_zero_fraction": 0.0,
          "R_one_fraction": 0.0,
          "G_zero_fraction": 0.0,
          "G_one_fraction": 0.0,
          "B_zero_fraction": 0.3114166259765625,
          "B_one_fraction": 0.0,
          "exposure_ev": -0.4,
          "pass": false
        },
        {
          "high_clip_element_fraction": 0.0,
          "low_clip_element_fraction": 0.10400899251302083,
          "nonfinite_count": 0,
          "all_zero": false,
          "all_one": false,
          "R_zero_fraction": 0.0,
          "R_one_fraction": 0.0,
          "G_zero_fraction": 0.0,
          "G_one_fraction": 0.0,
          "B_zero_fraction": 0.3114166259765625,
          "B_one_fraction": 0.0,
          "exposure_ev": -0.3,
          "pass": false
        },
        {
          "high_clip_element_fraction": 0.0,
          "low_clip_element_fraction": 0.10399373372395833,
          "nonfinite_count": 0,
          "all_zero": false,
          "all_one": false,
          "R_zero_fraction": 0.0,
          "R_one_fraction": 0.0,
          "G_zero_fraction": 0.0,
          "G_one_fraction": 0.0,
          "B_zero_fraction": 0.3114166259765625,
          "B_one_fraction": 0.0,
          "exposure_ev": -0.2,
          "pass": false
        },
        {
          "high_clip_element_fraction": 0.0,
          "low_clip_element_fraction": 0.10398356119791667,
          "nonfinite_count": 0,
          "all_zero": false,
          "all_one": false,
          "R_zero_fraction": 0.0,
          "R_one_fraction": 0.0,
          "G_zero_fraction": 0.0,
          "G_one_fraction": 0.0,
          "B_zero_fraction": 0.3114166259765625,
          "B_one_fraction": 0.0,
          "exposure_ev": -0.1,
          "pass": false
        },
        {
          "high_clip_element_fraction": 0.0,
          "low_clip_element_fraction": 0.103973388671875,
          "nonfinite_count": 0,
          "all_zero": false,
          "all_one": false,
          "R_zero_fraction": 0.0,
          "R_one_fraction": 0.0,
          "G_zero_fraction": 0.0,
          "G_one_fraction": 0.0,
          "B_zero_fraction": 0.3114166259765625,
          "B_one_fraction": 0.0,
          "exposure_ev": 0,
          "pass": false
        },
        {
          "high_clip_element_fraction": 0.0,
          "low_clip_element_fraction": 0.1039581298828125,
          "nonfinite_count": 0,
          "all_zero": false,
          "all_one": false,
          "R_zero_fraction": 0.0,
          "R_one_fraction": 0.0,
          "G_zero_fraction": 0.0,
          "G_one_fraction": 0.0,
          "B_zero_fraction": 0.3114166259765625,
          "B_one_fraction": 0.0,
          "exposure_ev": 0.1,
          "pass": false
        },
        {
          "high_clip_element_fraction": 0.0,
          "low_clip_element_fraction": 0.10394795735677083,
          "nonfinite_count": 0,
          "all_zero": false,
          "all_one": false,
          "R_zero_fraction": 0.0,
          "R_one_fraction": 0.0,
          "G_zero_fraction": 0.0,
          "G_one_fraction": 0.0,
          "B_zero_fraction": 0.3114166259765625,
          "B_one_fraction": 0.0,
          "exposure_ev": 0.2,
          "pass": false
        },
        {
          "high_clip_element_fraction": 0.0,
          "low_clip_element_fraction": 0.1039276123046875,
          "nonfinite_count": 0,
          "all_zero": false,
          "all_one": false,
          "R_zero_fraction": 0.0,
          "R_one_fraction": 0.0,
          "G_zero_fraction": 0.0,
          "G_one_fraction": 0.0,
          "B_zero_fraction": 0.3114166259765625,
          "B_one_fraction": 0.0,
          "exposure_ev": 0.31,
          "pass": false
        }
      ],
      "p_zero": {
        "high_clip_element_fraction": 0.0,
        "low_clip_element_fraction": 0.126953125,
        "nonfinite_count": 0,
        "all_zero": false,
        "all_one": false,
        "R_zero_fraction": 0.0,
        "R_one_fraction": 0.0,
        "G_zero_fraction": 0.0,
        "G_one_fraction": 0.0,
        "B_zero_fraction": 0.3804168701171875,
        "B_one_fraction": 0.0,
        "p_zero": true,
        "pass": false
      },
      "camera_specific": false
    }
  ]
}
