panel,latent_id,m_base,h_base,mask_category,replicate,light,camera,valid_skin_fraction,mask_hash,appearance_seed,attempt_count,exposure_ev,p_zero,high_clip_element_fraction,low_clip_element_fraction,nonfinite_count,all_zero,all_one,R_zero_fraction,R_one_fraction,G_zero_fraction,G_one_fraction,B_zero_fraction,B_one_fraction,retry_exhausted
A,AM3_M0.90_H0.02_Full_0,0.9,0.02,Full,0,D65,Canon 300D,1.0,916b144867c340614f515c7b0e5415c74832d899c05264ded2a277a6e81d81ff,6374931570899150141,1,0.23600386234505133,False,0.0,0.0,0,False,False,0.0,0.0,0.0,0.0,0.0,0.0,False
A,AM3_M0.90_H0.02_Full_0,0.9,0.02,Full,0,A,Canon 300D,1.0,916b144867c340614f515c7b0e5415c74832d899c05264ded2a277a6e81d81ff,8425700850195664126,1,-0.17063522592840263,False,0.0,0.0,0,False,False,0.0,0.0,0.0,0.0,0.0,0.0,False
A,AM3_M0.90_H0.02_Full_0,0.9,0.02,Full,0,FL2,Canon 300D,1.0,916b144867c340614f515c7b0e5415c74832d899c05264ded2a277a6e81d81ff,9728608544544739041,1,-0.46586708740335486,False,0.0,0.0,0,False,False,0.0,0.0,0.0,0.0,0.0,0.0,False
A,AM3_M0.90_H0.02_Full_0,0.9,0.02,Full,0,FL11,Canon 300D,1.0,916b144867c340614f515c7b0e5415c74832d899c05264ded2a277a6e81d81ff,4254446116277677661,1,-0.10574642517211785,False,0.0,0.0,0,False,False,0.0,0.0,0.0,0.0,0.0,0.0,False
A,AM3_M0.90_H0.02_Full_1,0.9,0.02,Full,1,D65,Canon 300D,1.0,916b144867c340614f515c7b0e5415c74832d899c05264ded2a277a6e81d81ff,16006496285960697633,1,0.16153297817017143,False,0.0,0.0,0,False,False,0.0,0.0,0.0,0.0,0.0,0.0,False
A,AM3_M0.90_H0.02_Full_1,0.9,0.02,Full,1,A,Canon 300D,1.0,916b144867c340614f515c7b0e5415c74832d899c05264ded2a277a6e81d81ff,12712511791664558493,1,-0.24671156694280866,False,0.0,0.0,0,False,False,0.0,0.0,0.0,0.0,0.0,0.0,False
A,AM3_M0.90_H0.02_Full_1,0.9,0.02,Full,1,FL2,Canon 300D,1.0,916b144867c340614f515c7b0e5415c74832d899c05264ded2a277a6e81d81ff,16412203794219365095,1,-0.25428843342687885,False,0.0,0.0,0,False,False,0.0,0.0,0.0,0.0,0.0,0.0,False
A,AM3_M0.90_H0.02_Full_1,0.9,0.02,Full,1,FL11,Canon 300D,1.0,916b144867c340614f515c7b0e5415c74832d899c05264ded2a277a6e81d81ff,9350584434771420463,1,-0.40992011859508004,False,0.0,0.0,0,False,False,0.0,0.0,0.0,0.0,0.0,0.0,False
A,AM3_M0.90_H0.02_Full_2,0.9,0.02,Full,2,D65,Canon 300D,1.0,916b144867c340614f515c7b0e5415c74832d899c05264ded2a277a6e81d81ff,3515280988949383439,1,-0.06166371609224908,False,0.0,0.0,0,False,False,0.0,0.0,0.0,0.0,0.0,0.0,False
A,AM3_M0.90_H0.02_Full_2,0.9,0.02,Full,2,A,Canon 300D,1.0,916b144867c340614f515c7b0e5415c74832d899c05264ded2a277a6e81d81ff,7408418943346561079,1,-0.08016531811963812,False,0.0,0.0,0,False,False,0.0,0.0,0.0,0.0,0.0,0.0,False
A,AM3_M0.90_H0.02_Full_2,0.9,0.02,Full,2,FL2,Canon 300D,1.0,916b144867c340614f515c7b0e5415c74832d899c05264ded2a277a6e81d81ff,6349366670107814511,1,-0.1901588245932364,False,0.0,0.0,0,False,False,0.0,0.0,0.0,0.0,0.0,0.0,False
A,AM3_M0.90_H0.02_Full_2,0.9,0.02,Full,2,FL11,Canon 300D,1.0,916b144867c340614f515c7b0e5415c74832d899c05264ded2a277a6e81d81ff,4939832464747228526,1,0.07515289863764885,False,0.0,0.0,0,False,False,0.0,0.0,0.0,0.0,0.0,0.0,False
A,AM3_M0.90_H0.02_Full_3,0.9,0.02,Full,3,D65,Canon 300D,1.0,916b144867c340614f515c7b0e5415c74832d899c05264ded2a277a6e81d81ff,2831925858972307906,1,0.015099453095510307,False,0.0,0.0,0,False,False,0.0,0.0,0.0,0.0,0.0,0.0,False
A,AM3_M0.90_H0.02_Full_3,0.9,0.02,Full,3,A,Canon 300D,1.0,916b144867c340614f515c7b0e5415c74832d899c05264ded2a277a6e81d81ff,14667509243535971641,1,-0.3326503597252112,False,0.0,0.0,0,False,False,0.0,0.0,0.0,0.0,0.0,0.0,False
A,AM3_M0.90_H0.02_Full_3,0.9,0.02,Full,3,FL2,Canon 300D,1.0,916b144867c340614f515c7b0e5415c74832d899c05264ded2a277a6e81d81ff,2017040352541749776,1,-0.06852589600745262,False,0.0,0.0,0,False,False,0.0,0.0,0.0,0.0,0.0,0.0,False
A,AM3_M0.90_H0.02_Full_3,0.9,0.02,Full,3,FL11,Canon 300D,1.0,916b144867c340614f515c7b0e5415c74832d899c05264ded2a277a6e81d81ff,6452813336340666708,1,-0.2024330144459896,False,0.0,0.0,0,False,False,0.0,0.0,0.0,0.0,0.0,0.0,False
A,AM3_M0.90_H0.02_Full_4,0.9,0.02,Full,4,D65,Canon 300D,1.0,916b144867c340614f515c7b0e5415c74832d899c05264ded2a277a6e81d81ff,12911702575271942056,1,-0.32008876333643854,False,0.0,0.0,0,False,False,0.0,0.0,0.0,0.0,0.0,0.0,False
A,AM3_M0.90_H0.02_Full_4,0.9,0.02,Full,4,A,Canon 300D,1.0,916b144867c340614f515c7b0e5415c74832d899c05264ded2a277a6e81d81ff,17589683714399874874,1,0.05170519609379487,False,0.0,0.0,0,False,False,0.0,0.0,0.0,0.0,0.0,0.0,False
A,AM3_M0.90_H0.02_Full_4,0.9,0.02,Full,4,FL2,Canon 300D,1.0,916b144867c340614f515c7b0e5415c74832d899c05264ded2a277a6e81d81ff,7434535935231179611,1,-0.21994464073757908,False,0.0,0.0,0,False,False,0.0,0.0,0.0,0.0,0.0,0.0,False
A,AM3_M0.90_H0.02_Full_4,0.9,0.02,Full,4,FL11,Canon 300D,1.0,916b144867c340614f515c7b0e5415c74832d899c05264ded2a277a6e81d81ff,2573105091530558969,1,-0.20828556916834579,False,0.0,0.0,0,False,False,0.0,0.0,0.0,0.0,0.0,0.0,False
A,AM3_M0.90_H0.02_Full_5,0.9,0.02,Full,5,D65,Canon 300D,1.0,916b144867c340614f515c7b0e5415c74832d899c05264ded2a277a6e81d81ff,6909363363006244306,1,-0.22257978926332278,False,0.0,0.0,0,False,False,0.0,0.0,0.0,0.0,0.0,0.0,False
A,AM3_M0.90_H0.02_Full_5,0.9,0.02,Full,5,A,Canon 300D,1.0,916b144867c340614f515c7b0e5415c74832d899c05264ded2a277a6e81d81ff,18300683165460487948,1,-0.4202425484756848,False,0.0,0.0,0,False,False,0.0,0.0,0.0,0.0,0.0,0.0,False
A,AM3_M0.90_H0.02_Full_5,0.9,0.02,Full,5,FL2,Canon 300D,1.0,916b144867c340614f515c7b0e5415c74832d899c05264ded2a277a6e81d81ff,3486471442452670097,1,-0.1140632818854928,False,0.0,0.0,0,False,False,0.0,0.0,0.0,0.0,0.0,0.0,False
A,AM3_M0.90_H0.02_Full_5,0.9,0.02,Full,5,FL11,Canon 300D,1.0,916b144867c340614f515c7b0e5415c74832d899c05264ded2a277a6e81d81ff,16490917645877730645,1,-0.4916051554222107,False,0.0,0.0,0,False,False,0.0,0.0,0.0,0.0,0.0,0.0,False
A,AM3_M0.90_H0.02_Full_6,0.9,0.02,Full,6,D65,Canon 300D,1.0,916b144867c340614f515c7b0e5415c74832d899c05264ded2a277a6e81d81ff,11602437757715053999,1,-0.24839953470413462,False,0.0,0.0,0,False,False,0.0,0.0,0.0,0.0,0.0,0.0,False
A,AM3_M0.90_H0.02_Full_6,0.9,0.02,Full,6,A,Canon 300D,1.0,916b144867c340614f515c7b0e5415c74832d899c05264ded2a277a6e81d81ff,1880747974353880020,1,-0.4734451532853657,False,0.0,0.0,0,False,False,0.0,0.0,0.0,0.0,0.0,0.0,False
A,AM3_M0.90_H0.02_Full_6,0.9,0.02,Full,6,FL2,Canon 300D,1.0,916b144867c340614f515c7b0e5415c74832d899c05264ded2a277a6e81d81ff,1832460963863940724,1,0.16680819804988145,False,0.0,0.0,0,False,False,0.0,0.0,0.0,0.0,0.0,0.0,False
A,AM3_M0.90_H0.02_Full_6,0.9,0.02,Full,6,FL11,Canon 300D,1.0,916b144867c340614f515c7b0e5415c74832d899c05264ded2a277a6e81d81ff,1285088831026038554,1,0.16383705048542196,False,0.0,0.0,0,False,False,0.0,0.0,0.0,0.0,0.0,0.0,False
A,AM3_M0.90_H0.02_Full_7,0.9,0.02,Full,7,D65,Canon 300D,1.0,916b144867c340614f515c7b0e5415c74832d899c05264ded2a277a6e81d81ff,14620980431384486929,1,-0.059625277910397845,False,0.0,0.0,0,False,False,0.0,0.0,0.0,0.0,0.0,0.0,False
A,AM3_M0.90_H0.02_Full_7,0.9,0.02,Full,7,A,Canon 300D,1.0,916b144867c340614f515c7b0e5415c74832d899c05264ded2a277a6e81d81ff,3569681142989666068,1,0.19315153846222066,False,0.0,0.0,0,False,False,0.0,0.0,0.0,0.0,0.0,0.0,False
A,AM3_M0.90_H0.02_Full_7,0.9,0.02,Full,7,FL2,Canon 300D,1.0,916b144867c340614f515c7b0e5415c74832d899c05264ded2a277a6e81d81ff,1810435055942044302,1,-0.05089601856791265,False,0.0,0.0,0,False,False,0.0,0.0,0.0,0.0,0.0,0.0,False
A,AM3_M0.90_H0.02_Full_7,0.9,0.02,Full,7,FL11,Canon 300D,1.0,916b144867c340614f515c7b0e5415c74832d899c05264ded2a277a6e81d81ff,5400879861219707913,1,-0.2434120631241462,False,0.0,0.0,0,False,False,0.0,0.0,0.0,0.0,0.0,0.0,False
A,AM3_M0.90_H0.02_Mild_0,0.9,0.02,Mild,0,D65,Canon 300D,0.923828125,11954ee54738d6071b51732740a676f8b858997db1e9090a4cdb340c8a506017,985111572985683781,1,0.22628490343207897,False,0.0,0.0,0,False,False,0.0,0.0,0.0,0.0,0.0,0.0,False
A,AM3_M0.90_H0.02_Mild_0,0.9,0.02,Mild,0,A,Canon 300D,0.923828125,11954ee54738d6071b51732740a676f8b858997db1e9090a4cdb340c8a506017,15388744159963965219,1,-0.07142494780026992,False,0.0,0.0,0,False,False,0.0,0.0,0.0,0.0,0.0,0.0,False
A,AM3_M0.90_H0.02_Mild_0,0.9,0.02,Mild,0,FL2,Canon 300D,0.923828125,11954ee54738d6071b51732740a676f8b858997db1e9090a4cdb340c8a506017,5705833172940474260,1,-0.24199441176140601,False,0.0,0.0,0,False,False,0.0,0.0,0.0,0.0,0.0,0.0,False
A,AM3_M0.90_H0.02_Mild_0,0.9,0.02,Mild,0,FL11,Canon 300D,0.923828125,11954ee54738d6071b51732740a676f8b858997db1e9090a4cdb340c8a506017,7283809106032921208,1,-0.23996882179413315,False,0.0,0.0,0,False,False,0.0,0.0,0.0,0.0,0.0,0.0,False
A,AM3_M0.90_H0.02_Mild_1,0.9,0.02,Mild,1,D65,Canon 300D,0.80584716796875,b85cd58d4dfb64dc92a561a487954c945562a72ffc28ee7eebb0be7d278d6c55,11644452192917121476,1,-0.05794395626538229,False,0.0,0.0,0,False,False,0.0,0.0,0.0,0.0,0.0,0.0,False
A,AM3_M0.90_H0.02_Mild_1,0.9,0.02,Mild,1,A,Canon 300D,0.80584716796875,b85cd58d4dfb64dc92a561a487954c945562a72ffc28ee7eebb0be7d278d6c55,16537747987945540464,1,-0.174491305754567,False,0.0,0.0,0,False,False,0.0,0.0,0.0,0.0,0.0,0.0,False
A,AM3_M0.90_H0.02_Mild_1,0.9,0.02,Mild,1,FL2,Canon 300D,0.80584716796875,b85cd58d4dfb64dc92a561a487954c945562a72ffc28ee7eebb0be7d278d6c55,3715067114474817403,1,0.18510348850671887,False,0.0,0.0,0,False,False,0.0,0.0,0.0,0.0,0.0,0.0,False
A,AM3_M0.90_H0.02_Mild_1,0.9,0.02,Mild,1,FL11,Canon 300D,0.80584716796875,b85cd58d4dfb64dc92a561a487954c945562a72ffc28ee7eebb0be7d278d6c55,8059245479370858584,1,0.26379732030091807,False,0.0,0.0,0,False,False,0.0,0.0,0.0,0.0,0.0,0.0,False
A,AM3_M0.90_H0.02_Mild_2,0.9,0.02,Mild,2,D65,Canon 300D,0.8998565673828125,7d99b0857fe298be91835208ad1d4e8e41ff5ed8bb26cd4bcb4360118913371b,41641124163799152,1,-0.19156948464194395,False,0.0,0.0,0,False,False,0.0,0.0,0.0,0.0,0.0,0.0,False
A,AM3_M0.90_H0.02_Mild_2,0.9,0.02,Mild,2,A,Canon 300D,0.8998565673828125,7d99b0857fe298be91835208ad1d4e8e41ff5ed8bb26cd4bcb4360118913371b,14589715664880318656,1,-0.4776630672096962,False,0.0,0.0,0,False,False,0.0,0.0,0.0,0.0,0.0,0.0,False
A,AM3_M0.90_H0.02_Mild_2,0.9,0.02,Mild,2,FL2,Canon 300D,0.8998565673828125,7d99b0857fe298be91835208ad1d4e8e41ff5ed8bb26cd4bcb4360118913371b,13345389218963424721,1,-0.17814685260160096,False,0.0,0.0,0,False,False,0.0,0.0,0.0,0.0,0.0,0.0,False
A,AM3_M0.90_H0.02_Mild_2,0.9,0.02,Mild,2,FL11,Canon 300D,0.8998565673828125,7d99b0857fe298be91835208ad1d4e8e41ff5ed8bb26cd4bcb4360118913371b,8485406402404684692,1,-0.2923863765596434,False,0.0,0.0,0,False,False,0.0,0.0,0.0,0.0,0.0,0.0,False
A,AM3_M0.90_H0.02_Mild_3,0.9,0.02,Mild,3,D65,Canon 300D,0.7830810546875,90705001ba8697c9440905154541c155f3ad53ea6c2ddf3f0f3023aa1a052af2,5123783164691336817,1,0.017378760060775766,False,0.0,0.0,0,False,False,0.0,0.0,0.0,0.0,0.0,0.0,False
A,AM3_M0.90_H0.02_Mild_3,0.9,0.02,Mild,3,A,Canon 300D,0.7830810546875,90705001ba8697c9440905154541c155f3ad53ea6c2ddf3f0f3023aa1a052af2,11700905311190364306,1,-0.46931452332286594,False,0.0,0.0,0,False,False,0.0,0.0,0.0,0.0,0.0,0.0,False
A,AM3_M0.90_H0.02_Mild_3,0.9,0.02,Mild,3,FL2,Canon 300D,0.7830810546875,90705001ba8697c9440905154541c155f3ad53ea6c2ddf3f0f3023aa1a052af2,3956105256918317812,1,-0.09101928544700255,False,0.0,0.0,0,False,False,0.0,0.0,0.0,0.0,0.0,0.0,False
A,AM3_M0.90_H0.02_Mild_3,0.9,0.02,Mild,3,FL11,Canon 300D,0.7830810546875,90705001ba8697c9440905154541c155f3ad53ea6c2ddf3f0f3023aa1a052af2,297071427554293034,1,0.06812598327941566,False,0.0,0.0,0,False,False,0.0,0.0,0.0,0.0,0.0,0.0,False
A,AM3_M0.90_H0.02_Mild_4,0.9,0.02,Mild,4,D65,Canon 300D,0.928375244140625,02bebe39599782b3744dcd6012fc3a53dbe819582d513f300b0d41bddb35c892,7540870421842580284,1,-0.3630278825264547,False,0.0,0.0,0,False,False,0.0,0.0,0.0,0.0,0.0,0.0,False
A,AM3_M0.90_H0.02_Mild_4,0.9,0.02,Mild,4,A,Canon 300D,0.928375244140625,02bebe39599782b3744dcd6012fc3a53dbe819582d513f300b0d41bddb35c892,14262084986237361560,1,-0.1721383564411903,False,0.0,0.0,0,False,False,0.0,0.0,0.0,0.0,0.0,0.0,False
A,AM3_M0.90_H0.02_Mild_4,0.9,0.02,Mild,4,FL2,Canon 300D,0.928375244140625,02bebe39599782b3744dcd6012fc3a53dbe819582d513f300b0d41bddb35c892,10828578739938644969,1,0.038247977184922566,False,0.0,0.0,0,False,False,0.0,0.0,0.0,0.0,0.0,0.0,False
A,AM3_M0.90_H0.02_Mild_4,0.9,0.02,Mild,4,FL11,Canon 300D,0.928375244140625,02bebe39599782b3744dcd6012fc3a53dbe819582d513f300b0d41bddb35c892,9183615757247942664,1,-0.46880641623946273,False,0.0,0.0,0,False,False,0.0,0.0,0.0,0.0,0.0,0.0,False
A,AM3_M0.90_H0.02_Mild_5,0.9,0.02,Mild,5,D65,Canon 300D,0.900177001953125,642b8d87a619d5afdeba7f13523fdeab43c75f1ccb4a529f2efd3619dd8e5045,16323053004370048343,1,-0.29394551086770015,False,0.0,0.0,0,False,False,0.0,0.0,0.0,0.0,0.0,0.0,False
A,AM3_M0.90_H0.02_Mild_5,0.9,0.02,Mild,5,A,Canon 300D,0.900177001953125,642b8d87a619d5afdeba7f13523fdeab43c75f1ccb4a529f2efd3619dd8e5045,13159601337911647667,1,0.2758295934099779,False,0.0,0.0,0,False,False,0.0,0.0,0.0,0.0,0.0,0.0,False
A,AM3_M0.90_H0.02_Mild_5,0.9,0.02,Mild,5,FL2,Canon 300D,0.900177001953125,642b8d87a619d5afdeba7f13523fdeab43c75f1ccb4a529f2efd3619dd8e5045,11781556376251406156,1,0.14687961228930613,False,0.0,0.0,0,False,False,0.0,0.0,0.0,0.0,0.0,0.0,False
A,AM3_M0.90_H0.02_Mild_5,0.9,0.02,Mild,5,FL11,Canon 300D,0.900177001953125,642b8d87a619d5afdeba7f13523fdeab43c75f1ccb4a529f2efd3619dd8e5045,12655011645129151261,1,-0.005282033830240118,False,0.0,0.0,0,False,False,0.0,0.0,0.0,0.0,0.0,0.0,False
A,AM3_M0.90_H0.02_Mild_6,0.9,0.02,Mild,6,D65,Canon 300D,0.7739105224609375,6afaacfe9431ffab49faa4ba21c0c1addcbd3c3fc569a770c2ac5f1d184e7ddf,16496419746909576645,1,0.08294956132506481,False,0.0,0.0,0,False,False,0.0,0.0,0.0,0.0,0.0,0.0,False
A,AM3_M0.90_H0.02_Mild_6,0.9,0.02,Mild,6,A,Canon 300D,0.7739105224609375,6afaacfe9431ffab49faa4ba21c0c1addcbd3c3fc569a770c2ac5f1d184e7ddf,1380711292093334560,1,-0.23466111741427004,False,0.0,0.0,0,False,False,0.0,0.0,0.0,0.0,0.0,0.0,False
A,AM3_M0.90_H0.02_Mild_6,0.9,0.02,Mild,6,FL2,Canon 300D,0.7739105224609375,6afaacfe9431ffab49faa4ba21c0c1addcbd3c3fc569a770c2ac5f1d184e7ddf,12443230713602671884,1,-0.1826016136223106,False,0.0,0.0,0,False,False,0.0,0.0,0.0,0.0,0.0,0.0,False
A,AM3_M0.90_H0.02_Mild_6,0.9,0.02,Mild,6,FL11,Canon 300D,0.7739105224609375,6afaacfe9431ffab49faa4ba21c0c1addcbd3c3fc569a770c2ac5f1d184e7ddf,3240795539068896829,1,-0.32269298587720674,False,0.0,0.0,0,False,False,0.0,0.0,0.0,0.0,0.0,0.0,False
A,AM3_M0.90_H0.02_Mild_7,0.9,0.02,Mild,7,D65,Canon 300D,0.7890472412109375,7c61041c48447e50d26482741fbdf321c09137528ee910076fcfcaace7375777,17396366245007328494,1,-0.21413397499153836,False,0.0,0.0,0,False,False,0.0,0.0,0.0,0.0,0.0,0.0,False
A,AM3_M0.90_H0.02_Mild_7,0.9,0.02,Mild,7,A,Canon 300D,0.7890472412109375,7c61041c48447e50d26482741fbdf321c09137528ee910076fcfcaace7375777,18326390451476458790,1,0.13898380699834423,False,0.0,0.0,0,False,False,0.0,0.0,0.0,0.0,0.0,0.0,False
A,AM3_M0.90_H0.02_Mild_7,0.9,0.02,Mild,7,FL2,Canon 300D,0.7890472412109375,7c61041c48447e50d26482741fbdf321c09137528ee910076fcfcaace7375777,8363095274589059032,1,0.08158215080806352,False,0.0,0.0,0,False,False,0.0,0.0,0.0,0.0,0.0,0.0,False
A,AM3_M0.90_H0.02_Mild_7,0.9,0.02,Mild,7,FL11,Canon 300D,0.7890472412109375,7c61041c48447e50d26482741fbdf321c09137528ee910076fcfcaace7375777,4049126100720926299,1,-0.2060363613277556,False,0.0,0.0,0,False,False,0.0,0.0,0.0,0.0,0.0,0.0,False
A,AM3_M0.90_H0.02_Strong_0,0.9,0.02,Strong,0,D65,Canon 300D,0.4972076416015625,9c95c707af8a6720226e1d3b40c8bec659a2ad4b4aae1b0ceed8ba5ed7307562,9482172405371337781,1,0.12326611945321153,False,0.0,0.0,0,False,False,0.0,0.0,0.0,0.0,0.0,0.0,False
A,AM3_M0.90_H0.02_Strong_0,0.9,0.02,Strong,0,A,Canon 300D,0.4972076416015625,9c95c707af8a6720226e1d3b40c8bec659a2ad4b4aae1b0ceed8ba5ed7307562,3683975427147208064,1,0.047072001344220404,False,0.0,0.0,0,False,False,0.0,0.0,0.0,0.0,0.0,0.0,False
A,AM3_M0.90_H0.02_Strong_0,0.9,0.02,Strong,0,FL2,Canon 300D,0.4972076416015625,9c95c707af8a6720226e1d3b40c8bec659a2ad4b4aae1b0ceed8ba5ed7307562,13931600837474180929,1,-0.1598450490058801,False,0.0,0.0,0,False,False,0.0,0.0,0.0,0.0,0.0,0.0,False
A,AM3_M0.90_H0.02_Strong_0,0.9,0.02,Strong,0,FL11,Canon 300D,0.4972076416015625,9c95c707af8a6720226e1d3b40c8bec659a2ad4b4aae1b0ceed8ba5ed7307562,564888798673526695,1,-0.27362335866482834,False,0.0,0.0,0,False,False,0.0,0.0,0.0,0.0,0.0,0.0,False
A,AM3_M0.90_H0.02_Strong_1,0.9,0.02,Strong,1,D65,Canon 300D,0.6162567138671875,7611c6d3f89cf12e1e2fa172b9403945b916b5561232e60de86b40b33e562cff,13728796106761806246,1,-0.18213197248741225,False,0.0,0.0,0,False,False,0.0,0.0,0.0,0.0,0.0,0.0,False
A,AM3_M0.90_H0.02_Strong_1,0.9,0.02,Strong,1,A,Canon 300D,0.6162567138671875,7611c6d3f89cf12e1e2fa172b9403945b916b5561232e60de86b40b33e562cff,3138359616626849817,1,-0.4011488561299898,False,0.0,0.0,0,False,False,0.0,0.0,0.0,0.0,0.0,0.0,False
A,AM3_M0.90_H0.02_Strong_1,0.9,0.02,Strong,1,FL2,Canon 300D,0.6162567138671875,7611c6d3f89cf12e1e2fa172b9403945b916b5561232e60de86b40b33e562cff,17777276537353914971,1,0.202189349688363,False,0.0,0.0,0,False,False,0.0,0.0,0.0,0.0,0.0,0.0,False
A,AM3_M0.90_H0.02_Strong_1,0.9,0.02,Strong,1,FL11,Canon 300D,0.6162567138671875,7611c6d3f89cf12e1e2fa172b9403945b916b5561232e60de86b40b33e562cff,2313182578571481049,1,0.1231052551861892,False,0.0,0.0,0,False,False,0.0,0.0,0.0,0.0,0.0,0.0,False
A,AM3_M0.90_H0.02_Strong_2,0.9,0.02,Strong,2,D65,Canon 300D,0.542510986328125,34cb67cfee745add68ca4b698146c0704a0f814895475858fc705ed6fa8a9555,7514656831956703625,1,-0.23156022821347466,False,0.0,0.0,0,False,False,0.0,0.0,0.0,0.0,0.0,0.0,False
A,AM3_M0.90_H0.02_Strong_2,0.9,0.02,Strong,2,A,Canon 300D,0.542510986328125,34cb67cfee745add68ca4b698146c0704a0f814895475858fc705ed6fa8a9555,1585798591027103624,1,-0.124759099031366,False,0.0,0.0,0,False,False,0.0,0.0,0.0,0.0,0.0,0.0,False
A,AM3_M0.90_H0.02_Strong_2,0.9,0.02,Strong,2,FL2,Canon 300D,0.542510986328125,34cb67cfee745add68ca4b698146c0704a0f814895475858fc705ed6fa8a9555,8592494397412184873,1,0.10744231129170512,False,0.0,0.0,0,False,False,0.0,0.0,0.0,0.0,0.0,0.0,False
A,AM3_M0.90_H0.02_Strong_2,0.9,0.02,Strong,2,FL11,Canon 300D,0.542510986328125,34cb67cfee745add68ca4b698146c0704a0f814895475858fc705ed6fa8a9555,17774594723776786333,1,-0.34129214936789365,False,0.0,0.0,0,False,False,0.0,0.0,0.0,0.0,0.0,0.0,False
A,AM3_M0.90_H0.02_Strong_3,0.9,0.02,Strong,3,D65,Canon 300D,0.4360504150390625,45db6bd2f588e5898937ba58e4bc2e9c39695cdfe31e1a0a257aaca57b550100,15952010179619509739,1,0.1669237421774067,False,0.0,0.0,0,False,False,0.0,0.0,0.0,0.0,0.0,0.0,False
A,AM3_M0.90_H0.02_Strong_3,0.9,0.02,Strong,3,A,Canon 300D,0.4360504150390625,45db6bd2f588e5898937ba58e4bc2e9c39695cdfe31e1a0a257aaca57b550100,460654525009536442,1,-0.39016316390891126,False,0.0,0.0,0,False,False,0.0,0.0,0.0,0.0,0.0,0.0,False
A,AM3_M0.90_H0.02_Strong_3,0.9,0.02,Strong,3,FL2,Canon 300D,0.4360504150390625,45db6bd2f588e5898937ba58e4bc2e9c39695cdfe31e1a0a257aaca57b550100,13864946009685321756,1,-0.07710000972281272,False,0.0,0.0,0,False,False,0.0,0.0,0.0,0.0,0.0,0.0,False
A,AM3_M0.90_H0.02_Strong_3,0.9,0.02,Strong,3,FL11,Canon 300D,0.4360504150390625,45db6bd2f588e5898937ba58e4bc2e9c39695cdfe31e1a0a257aaca57b550100,1938137943276929383,1,0.09369427685351439,False,0.0,0.0,0,False,False,0.0,0.0,0.0,0.0,0.0,0.0,False
A,AM3_M0.90_H0.02_Strong_4,0.9,0.02,Strong,4,D65,Canon 300D,0.4163818359375,3654b470cb8c63aa83179e3b4578306cd9c839cba293292dc9fc16278cd1306d,12282970942114519426,1,-0.11206215456996643,False,0.0,0.0,0,False,False,0.0,0.0,0.0,0.0,0.0,0.0,False
A,AM3_M0.90_H0.02_Strong_4,0.9,0.02,Strong,4,A,Canon 300D,0.4163818359375,3654b470cb8c63aa83179e3b4578306cd9c839cba293292dc9fc16278cd1306d,11708074204217077198,1,0.050321372073176884,False,0.0,0.0,0,False,False,0.0,0.0,0.0,0.0,0.0,0.0,False
A,AM3_M0.90_H0.02_Strong_4,0.9,0.02,Strong,4,FL2,Canon 300D,0.4163818359375,3654b470cb8c63aa83179e3b4578306cd9c839cba293292dc9fc16278cd1306d,14101744012146746315,1,0.024563701260279514,False,0.0,0.0,0,False,False,0.0,0.0,0.0,0.0,0.0,0.0,False
A,AM3_M0.90_H0.02_Strong_4,0.9,0.02,Strong,4,FL11,Canon 300D,0.4163818359375,3654b470cb8c63aa83179e3b4578306cd9c839cba293292dc9fc16278cd1306d,3099566895006001419,1,-0.0846231741767891,False,0.0,0.0,0,False,False,0.0,0.0,0.0,0.0,0.0,0.0,False
A,AM3_M0.90_H0.02_Strong_5,0.9,0.02,Strong,5,D65,Canon 300D,0.51800537109375,cea300182979ae5dcd91fbcd2959d50f10972f4d21911c4c42f293dde74ee30d,2272876355639600071,1,-0.2811557976354002,False,0.0,0.0,0,False,False,0.0,0.0,0.0,0.0,0.0,0.0,False
A,AM3_M0.90_H0.02_Strong_5,0.9,0.02,Strong,5,A,Canon 300D,0.51800537109375,cea300182979ae5dcd91fbcd2959d50f10972f4d21911c4c42f293dde74ee30d,5866167154088923127,1,-0.44666292732291973,False,0.0,0.0,0,False,False,0.0,0.0,0.0,0.0,0.0,0.0,False
A,AM3_M0.90_H0.02_Strong_5,0.9,0.02,Strong,5,FL2,Canon 300D,0.51800537109375,cea300182979ae5dcd91fbcd2959d50f10972f4d21911c4c42f293dde74ee30d,7347618210489825849,1,0.028240226220420106,False,0.0,0.0,0,False,False,0.0,0.0,0.0,0.0,0.0,0.0,False
A,AM3_M0.90_H0.02_Strong_5,0.9,0.02,Strong,5,FL11,Canon 300D,0.51800537109375,cea300182979ae5dcd91fbcd2959d50f10972f4d21911c4c42f293dde74ee30d,7701677003011706441,1,-0.12781996306366228,False,0.0,0.0,0,False,False,0.0,0.0,0.0,0.0,0.0,0.0,False
A,AM3_M0.90_H0.02_Strong_6,0.9,0.02,Strong,6,D65,Canon 300D,0.5965576171875,5a09a631fc112049368ce0470db34dd86f6161f600358df12f9501e8eac9bfaa,9335578941455178511,1,-0.1869094408802634,False,0.0,0.0,0,False,False,0.0,0.0,0.0,0.0,0.0,0.0,False
A,AM3_M0.90_H0.02_Strong_6,0.9,0.02,Strong,6,A,Canon 300D,0.5965576171875,5a09a631fc112049368ce0470db34dd86f6161f600358df12f9501e8eac9bfaa,10714935341015552580,1,-0.13962459475957284,False,0.0,0.0,0,False,False,0.0,0.0,0.0,0.0,0.0,0.0,False
A,AM3_M0.90_H0.02_Strong_6,0.9,0.02,Strong,6,FL2,Canon 300D,0.5965576171875,5a09a631fc112049368ce0470db34dd86f6161f600358df12f9501e8eac9bfaa,446484347555433414,1,0.02633498260342626,False,0.0,0.0,0,False,False,0.0,0.0,0.0,0.0,0.0,0.0,False
A,AM3_M0.90_H0.02_Strong_6,0.9,0.02,Strong,6,FL11,Canon 300D,0.5965576171875,5a09a631fc112049368ce0470db34dd86f6161f600358df12f9501e8eac9bfaa,11131688138847864063,1,0.1663313929920408,False,0.0,0.0,0,False,False,0.0,0.0,0.0,0.0,0.0,0.0,False
A,AM3_M0.90_H0.02_Strong_7,0.9,0.02,Strong,7,D65,Canon 300D,0.6287384033203125,fae3a2d9a39e3127aa84bd059aa11f42750614d68a84e97f12918e3d1c0c8d6b,15887518800473500828,1,-0.44305682772236477,False,0.0,0.0,0,False,False,0.0,0.0,0.0,0.0,0.0,0.0,False
A,AM3_M0.90_H0.02_Strong_7,0.9,0.02,Strong,7,A,Canon 300D,0.6287384033203125,fae3a2d9a39e3127aa84bd059aa11f42750614d68a84e97f12918e3d1c0c8d6b,12514615711443187409,1,-0.2551916137421646,False,0.0,0.0,0,False,False,0.0,0.0,0.0,0.0,0.0,0.0,False
A,AM3_M0.90_H0.02_Strong_7,0.9,0.02,Strong,7,FL2,Canon 300D,0.6287384033203125,fae3a2d9a39e3127aa84bd059aa11f42750614d68a84e97f12918e3d1c0c8d6b,7144591200107018568,1,-0.12140010360261677,False,0.0,0.0,0,False,False,0.0,0.0,0.0,0.0,0.0,0.0,False
A,AM3_M0.90_H0.02_Strong_7,0.9,0.02,Strong,7,FL11,Canon 300D,0.6287384033203125,fae3a2d9a39e3127aa84bd059aa11f42750614d68a84e97f12918e3d1c0c8d6b,14558235574394220217,1,-0.09114441506925669,False,0.0,0.0,0,False,False,0.0,0.0,0.0,0.0,0.0,0.0,False
A,AM3_M0.90_H0.50_Full_0,0.9,0.5,Full,0,D65,Canon 300D,1.0,916b144867c340614f515c7b0e5415c74832d899c05264ded2a277a6e81d81ff,13429578265708932685,1,0.030604786434190623,False,0.0,0.0,0,False,False,0.0,0.0,0.0,0.0,0.0,0.0,False
A,AM3_M0.90_H0.50_Full_0,0.9,0.5,Full,0,A,Canon 300D,1.0,916b144867c340614f515c7b0e5415c74832d899c05264ded2a277a6e81d81ff,7539878707349576908,1,0.17311056973619332,False,0.0,0.0,0,False,False,0.0,0.0,0.0,0.0,0.0,0.0,False
A,AM3_M0.90_H0.50_Full_0,0.9,0.5,Full,0,FL2,Canon 300D,1.0,916b144867c340614f515c7b0e5415c74832d899c05264ded2a277a6e81d81ff,16808506626635655798,1,-0.3782286866546594,False,0.0,0.0,0,False,False,0.0,0.0,0.0,0.0,0.0,0.0,False
A,AM3_M0.90_H0.50_Full_0,0.9,0.5,Full,0,FL11,Canon 300D,1.0,916b144867c340614f515c7b0e5415c74832d899c05264ded2a277a6e81d81ff,8043170675606943580,1,0.24046266785336523,False,0.0,0.0,0,False,False,0.0,0.0,0.0,0.0,0.0,0.0,False
A,AM3_M0.90_H0.50_Full_1,0.9,0.5,Full,1,D65,Canon 300D,1.0,916b144867c340614f515c7b0e5415c74832d899c05264ded2a277a6e81d81ff,8060889057520126646,1,-0.4955130287972176,False,0.0,0.0,0,False,False,0.0,0.0,0.0,0.0,0.0,0.0,False
A,AM3_M0.90_H0.50_Full_1,0.9,0.5,Full,1,A,Canon 300D,1.0,916b144867c340614f515c7b0e5415c74832d899c05264ded2a277a6e81d81ff,2317045338118551770,1,0.2608925421071636,False,0.0,0.0,0,False,False,0.0,0.0,0.0,0.0,0.0,0.0,False
A,AM3_M0.90_H0.50_Full_1,0.9,0.5,Full,1,FL2,Canon 300D,1.0,916b144867c340614f515c7b0e5415c74832d899c05264ded2a277a6e81d81ff,10667955915158038192,1,-0.06538330907932632,False,0.0,0.0,0,False,False,0.0,0.0,0.0,0.0,0.0,0.0,False
A,AM3_M0.90_H0.50_Full_1,0.9,0.5,Full,1,FL11,Canon 300D,1.0,916b144867c340614f515c7b0e5415c74832d899c05264ded2a277a6e81d81ff,10770442268786365227,1,0.2397503822396091,False,0.0,0.0,0,False,False,0.0,0.0,0.0,0.0,0.0,0.0,False
A,AM3_M0.90_H0.50_Full_2,0.9,0.5,Full,2,D65,Canon 300D,1.0,916b144867c340614f515c7b0e5415c74832d899c05264ded2a277a6e81d81ff,14327886314287365684,1,-0.17640468941985737,False,0.0,0.0,0,False,False,0.0,0.0,0.0,0.0,0.0,0.0,False
A,AM3_M0.90_H0.50_Full_2,0.9,0.5,Full,2,A,Canon 300D,1.0,916b144867c340614f515c7b0e5415c74832d899c05264ded2a277a6e81d81ff,1925556656120319173,1,0.0629004876735696,False,0.0,0.0,0,False,False,0.0,0.0,0.0,0.0,0.0,0.0,False
A,AM3_M0.90_H0.50_Full_2,0.9,0.5,Full,2,FL2,Canon 300D,1.0,916b144867c340614f515c7b0e5415c74832d899c05264ded2a277a6e81d81ff,13270563815678836586,1,-0.19758462711216707,False,0.0,0.0,0,False,False,0.0,0.0,0.0,0.0,0.0,0.0,False
A,AM3_M0.90_H0.50_Full_2,0.9,0.5,Full,2,FL11,Canon 300D,1.0,916b144867c340614f515c7b0e5415c74832d899c05264ded2a277a6e81d81ff,12856787866016612780,1,-0.023004739181062384,False,0.0,0.0,0,False,False,0.0,0.0,0.0,0.0,0.0,0.0,False
A,AM3_M0.90_H0.50_Full_3,0.9,0.5,Full,3,D65,Canon 300D,1.0,916b144867c340614f515c7b0e5415c74832d899c05264ded2a277a6e81d81ff,7116596851437006054,1,-0.2751731523735781,False,0.0,0.0,0,False,False,0.0,0.0,0.0,0.0,0.0,0.0,False
A,AM3_M0.90_H0.50_Full_3,0.9,0.5,Full,3,A,Canon 300D,1.0,916b144867c340614f515c7b0e5415c74832d899c05264ded2a277a6e81d81ff,7659975443410608321,1,-0.03323562710020089,False,0.0,0.0,0,False,False,0.0,0.0,0.0,0.0,0.0,0.0,False
A,AM3_M0.90_H0.50_Full_3,0.9,0.5,Full,3,FL2,Canon 300D,1.0,916b144867c340614f515c7b0e5415c74832d899c05264ded2a277a6e81d81ff,13559051550961777406,1,-0.41622069040971815,False,0.0,0.0,0,False,False,0.0,0.0,0.0,0.0,0.0,0.0,False
A,AM3_M0.90_H0.50_Full_3,0.9,0.5,Full,3,FL11,Canon 300D,1.0,916b144867c340614f515c7b0e5415c74832d899c05264ded2a277a6e81d81ff,7979453491527021891,1,-0.14917201325173413,False,0.0,0.0,0,False,False,0.0,0.0,0.0,0.0,0.0,0.0,False
A,AM3_M0.90_H0.50_Full_4,0.9,0.5,Full,4,D65,Canon 300D,1.0,916b144867c340614f515c7b0e5415c74832d899c05264ded2a277a6e81d81ff,13436426644907975576,1,-0.09806315180761505,False,0.0,0.0,0,False,False,0.0,0.0,0.0,0.0,0.0,0.0,False
A,AM3_M0.90_H0.50_Full_4,0.9,0.5,Full,4,A,Canon 300D,1.0,916b144867c340614f515c7b0e5415c74832d899c05264ded2a277a6e81d81ff,5413902883284829992,1,-0.10533042053323571,False,0.0,0.0,0,False,False,0.0,0.0,0.0,0.0,0.0,0.0,False
A,AM3_M0.90_H0.50_Full_4,0.9,0.5,Full,4,FL2,Canon 300D,1.0,916b144867c340614f515c7b0e5415c74832d899c05264ded2a277a6e81d81ff,5390098610853282240,1,0.3078913184430895,False,0.0,0.0,0,False,False,0.0,0.0,0.0,0.0,0.0,0.0,False
A,AM3_M0.90_H0.50_Full_4,0.9,0.5,Full,4,FL11,Canon 300D,1.0,916b144867c340614f515c7b0e5415c74832d899c05264ded2a277a6e81d81ff,10516074155746249298,1,0.14361531156254448,False,0.0,0.0,0,False,False,0.0,0.0,0.0,0.0,0.0,0.0,False
A,AM3_M0.90_H0.50_Full_5,0.9,0.5,Full,5,D65,Canon 300D,1.0,916b144867c340614f515c7b0e5415c74832d899c05264ded2a277a6e81d81ff,2123328084819034692,1,-0.09388514928711311,False,0.0,0.0,0,False,False,0.0,0.0,0.0,0.0,0.0,0.0,False
A,AM3_M0.90_H0.50_Full_5,0.9,0.5,Full,5,A,Canon 300D,1.0,916b144867c340614f515c7b0e5415c74832d899c05264ded2a277a6e81d81ff,3958621489647994753,1,-0.45671801858269945,False,0.0,0.0,0,False,False,0.0,0.0,0.0,0.0,0.0,0.0,False
A,AM3_M0.90_H0.50_Full_5,0.9,0.5,Full,5,FL2,Canon 300D,1.0,916b144867c340614f515c7b0e5415c74832d899c05264ded2a277a6e81d81ff,2277924152192055690,1,0.13875859302822902,False,0.0,0.0,0,False,False,0.0,0.0,0.0,0.0,0.0,0.0,False
A,AM3_M0.90_H0.50_Full_5,0.9,0.5,Full,5,FL11,Canon 300D,1.0,916b144867c340614f515c7b0e5415c74832d899c05264ded2a277a6e81d81ff,3221314334521938801,1,0.002317039052674996,False,0.0,0.0,0,False,False,0.0,0.0,0.0,0.0,0.0,0.0,False
A,AM3_M0.90_H0.50_Full_6,0.9,0.5,Full,6,D65,Canon 300D,1.0,916b144867c340614f515c7b0e5415c74832d899c05264ded2a277a6e81d81ff,269496855677509119,1,-0.4007758466749185,False,0.0,0.0,0,False,False,0.0,0.0,0.0,0.0,0.0,0.0,False
A,AM3_M0.90_H0.50_Full_6,0.9,0.5,Full,6,A,Canon 300D,1.0,916b144867c340614f515c7b0e5415c74832d899c05264ded2a277a6e81d81ff,10348854644110199264,1,0.09262697577691603,False,0.0,0.0,0,False,False,0.0,0.0,0.0,0.0,0.0,0.0,False
A,AM3_M0.90_H0.50_Full_6,0.9,0.5,Full,6,FL2,Canon 300D,1.0,916b144867c340614f515c7b0e5415c74832d899c05264ded2a277a6e81d81ff,15902386426584157860,1,0.11316932870816954,False,0.0,0.0,0,False,False,0.0,0.0,0.0,0.0,0.0,0.0,False
A,AM3_M0.90_H0.50_Full_6,0.9,0.5,Full,6,FL11,Canon 300D,1.0,916b144867c340614f515c7b0e5415c74832d899c05264ded2a277a6e81d81ff,8934707247625780402,1,-0.2105100984173634,False,0.0,0.0,0,False,False,0.0,0.0,0.0,0.0,0.0,0.0,False
A,AM3_M0.90_H0.50_Full_7,0.9,0.5,Full,7,D65,Canon 300D,1.0,916b144867c340614f515c7b0e5415c74832d899c05264ded2a277a6e81d81ff,13788979905773248320,1,0.1128809578958081,False,0.0,0.0,0,False,False,0.0,0.0,0.0,0.0,0.0,0.0,False
A,AM3_M0.90_H0.50_Full_7,0.9,0.5,Full,7,A,Canon 300D,1.0,916b144867c340614f515c7b0e5415c74832d899c05264ded2a277a6e81d81ff,10961346657307236063,1,0.107414896902431,False,0.0,0.0,0,False,False,0.0,0.0,0.0,0.0,0.0,0.0,False
A,AM3_M0.90_H0.50_Full_7,0.9,0.5,Full,7,FL2,Canon 300D,1.0,916b144867c340614f515c7b0e5415c74832d899c05264ded2a277a6e81d81ff,17356800213681228284,1,-0.07519853744390059,False,0.0,0.0,0,False,False,0.0,0.0,0.0,0.0,0.0,0.0,False
A,AM3_M0.90_H0.50_Full_7,0.9,0.5,Full,7,FL11,Canon 300D,1.0,916b144867c340614f515c7b0e5415c74832d899c05264ded2a277a6e81d81ff,524047759734715371,1,0.23938113008476525,False,0.0,0.0,0,False,False,0.0,0.0,0.0,0.0,0.0,0.0,False
A,AM3_M0.90_H0.50_Mild_0,0.9,0.5,Mild,0,D65,Canon 300D,0.783782958984375,ae48fe1784d172f892eec509797a510ff2ea5dff50498cb48583b53804a80b66,7059496283335913940,1,0.12786287624933745,False,0.0,0.0,0,False,False,0.0,0.0,0.0,0.0,0.0,0.0,False
A,AM3_M0.90_H0.50_Mild_0,0.9,0.5,Mild,0,A,Canon 300D,0.783782958984375,ae48fe1784d172f892eec509797a510ff2ea5dff50498cb48583b53804a80b66,16726236517006562279,1,-0.06088302156027836,False,0.0,0.0,0,False,False,0.0,0.0,0.0,0.0,0.0,0.0,False
A,AM3_M0.90_H0.50_Mild_0,0.9,0.5,Mild,0,FL2,Canon 300D,0.783782958984375,ae48fe1784d172f892eec509797a510ff2ea5dff50498cb48583b53804a80b66,18101675300877886143,1,-0.1534786040843597,False,0.0,0.0,0,False,False,0.0,0.0,0.0,0.0,0.0,0.0,False
A,AM3_M0.90_H0.50_Mild_0,0.9,0.5,Mild,0,FL11,Canon 300D,0.783782958984375,ae48fe1784d172f892eec509797a510ff2ea5dff50498cb48583b53804a80b66,16445416449753908018,1,-0.3807330597698474,False,0.0,0.0,0,False,False,0.0,0.0,0.0,0.0,0.0,0.0,False
A,AM3_M0.90_H0.50_Mild_1,0.9,0.5,Mild,1,D65,Canon 300D,0.8484039306640625,8351a51825bff8ebd322e6baccbbb6e35a0361272c10aed5a395320eec1b30bd,18043012812442308839,1,0.27421470545474147,False,0.0,0.0,0,False,False,0.0,0.0,0.0,0.0,0.0,0.0,False
A,AM3_M0.90_H0.50_Mild_1,0.9,0.5,Mild,1,A,Canon 300D,0.8484039306640625,8351a51825bff8ebd322e6baccbbb6e35a0361272c10aed5a395320eec1b30bd,7718544724085076789,1,-0.18253742831253317,False,0.0,0.0,0,False,False,0.0,0.0,0.0,0.0,0.0,0.0,False
A,AM3_M0.90_H0.50_Mild_1,0.9,0.5,Mild,1,FL2,Canon 300D,0.8484039306640625,8351a51825bff8ebd322e6baccbbb6e35a0361272c10aed5a395320eec1b30bd,10072885869445222276,1,0.30835327593551254,False,0.0,0.0,0,False,False,0.0,0.0,0.0,0.0,0.0,0.0,False
A,AM3_M0.90_H0.50_Mild_1,0.9,0.5,Mild,1,FL11,Canon 300D,0.8484039306640625,8351a51825bff8ebd322e6baccbbb6e35a0361272c10aed5a395320eec1b30bd,15180711849915109453,1,0.26742404410886644,False,0.0,0.0,0,False,False,0.0,0.0,0.0,0.0,0.0,0.0,False
A,AM3_M0.90_H0.50_Mild_2,0.9,0.5,Mild,2,D65,Canon 300D,0.8372802734375,4004e37853725464ff614448202a8a097fdb6c53fa2a2eda5d769b4328ed7140,3534639343926082244,1,-0.3772269097207469,False,0.0,0.0,0,False,False,0.0,0.0,0.0,0.0,0.0,0.0,False
A,AM3_M0.90_H0.50_Mild_2,0.9,0.5,Mild,2,A,Canon 300D,0.8372802734375,4004e37853725464ff614448202a8a097fdb6c53fa2a2eda5d769b4328ed7140,10458599146247492632,1,-0.06050924435243832,False,0.0,0.0,0,False,False,0.0,0.0,0.0,0.0,0.0,0.0,False
A,AM3_M0.90_H0.50_Mild_2,0.9,0.5,Mild,2,FL2,Canon 300D,0.8372802734375,4004e37853725464ff614448202a8a097fdb6c53fa2a2eda5d769b4328ed7140,1720282835187801676,1,0.1881708641357197,False,0.0,0.0,0,False,False,0.0,0.0,0.0,0.0,0.0,0.0,False
A,AM3_M0.90_H0.50_Mild_2,0.9,0.5,Mild,2,FL11,Canon 300D,0.8372802734375,4004e37853725464ff614448202a8a097fdb6c53fa2a2eda5d769b4328ed7140,11467556572532199940,1,-0.3572150647578308,False,0.0,0.0,0,False,False,0.0,0.0,0.0,0.0,0.0,0.0,False
A,AM3_M0.90_H0.50_Mild_3,0.9,0.5,Mild,3,D65,Canon 300D,0.8054962158203125,f1f818636adb11c6605df83c3f819cf2dec4ab3f111fe6b4eeea64899601ffe1,3648409246827050113,1,-0.16518136815085765,False,0.0,0.0,0,False,False,0.0,0.0,0.0,0.0,0.0,0.0,False
A,AM3_M0.90_H0.50_Mild_3,0.9,0.5,Mild,3,A,Canon 300D,0.8054962158203125,f1f818636adb11c6605df83c3f819cf2dec4ab3f111fe6b4eeea64899601ffe1,941700479346635157,1,-0.24657085731117667,False,0.0,0.0,0,False,False,0.0,0.0,0.0,0.0,0.0,0.0,False
A,AM3_M0.90_H0.50_Mild_3,0.9,0.5,Mild,3,FL2,Canon 300D,0.8054962158203125,f1f818636adb11c6605df83c3f819cf2dec4ab3f111fe6b4eeea64899601ffe1,14891336961211149194,1,-0.49197375509185404,False,0.0,0.0,0,False,False,0.0,0.0,0.0,0.0,0.0,0.0,False
A,AM3_M0.90_H0.50_Mild_3,0.9,0.5,Mild,3,FL11,Canon 300D,0.8054962158203125,f1f818636adb11c6605df83c3f819cf2dec4ab3f111fe6b4eeea64899601ffe1,14463974139172114889,1,0.23448623995333018,False,0.0,0.0,0,False,False,0.0,0.0,0.0,0.0,0.0,0.0,False
A,AM3_M0.90_H0.50_Mild_4,0.9,0.5,Mild,4,D65,Canon 300D,0.89581298828125,24e377621b1d1827927c43ca4a330805f7701191b6f9d539fd9b2b4ee3ccd78c,2516691956484321547,1,0.06637888520628066,False,0.0,0.0,0,False,False,0.0,0.0,0.0,0.0,0.0,0.0,False
A,AM3_M0.90_H0.50_Mild_4,0.9,0.5,Mild,4,A,Canon 300D,0.89581298828125,24e377621b1d1827927c43ca4a330805f7701191b6f9d539fd9b2b4ee3ccd78c,5947739750366322478,1,-0.3170442719271435,False,0.0,0.0,0,False,False,0.0,0.0,0.0,0.0,0.0,0.0,False
A,AM3_M0.90_H0.50_Mild_4,0.9,0.5,Mild,4,FL2,Canon 300D,0.89581298828125,24e377621b1d1827927c43ca4a330805f7701191b6f9d539fd9b2b4ee3ccd78c,10219012402117777454,1,-0.3228099726986128,False,0.0,0.0,0,False,False,0.0,0.0,0.0,0.0,0.0,0.0,False
A,AM3_M0.90_H0.50_Mild_4,0.9,0.5,Mild,4,FL11,Canon 300D,0.89581298828125,24e377621b1d1827927c43ca4a330805f7701191b6f9d539fd9b2b4ee3ccd78c,7067513684994491163,1,0.06284114187198941,False,0.0,0.0,0,False,False,0.0,0.0,0.0,0.0,0.0,0.0,False
A,AM3_M0.90_H0.50_Mild_5,0.9,0.5,Mild,5,D65,Canon 300D,0.7302093505859375,78ada052358d45c45ba53ccd52f01aa38b9714d1bdbe0bb6dd68c838955402bd,14681585571676969407,1,-0.3244953849805516,False,0.0,0.0,0,False,False,0.0,0.0,0.0,0.0,0.0,0.0,False
A,AM3_M0.90_H0.50_Mild_5,0.9,0.5,Mild,5,A,Canon 300D,0.7302093505859375,78ada052358d45c45ba53ccd52f01aa38b9714d1bdbe0bb6dd68c838955402bd,2072954799865586513,1,-0.11930651377449014,False,0.0,0.0,0,False,False,0.0,0.0,0.0,0.0,0.0,0.0,False
A,AM3_M0.90_H0.50_Mild_5,0.9,0.5,Mild,5,FL2,Canon 300D,0.7302093505859375,78ada052358d45c45ba53ccd52f01aa38b9714d1bdbe0bb6dd68c838955402bd,12563904134978796702,1,0.00908566948674816,False,0.0,0.0,0,False,False,0.0,0.0,0.0,0.0,0.0,0.0,False
A,AM3_M0.90_H0.50_Mild_5,0.9,0.5,Mild,5,FL11,Canon 300D,0.7302093505859375,78ada052358d45c45ba53ccd52f01aa38b9714d1bdbe0bb6dd68c838955402bd,46974372941548403,1,0.23341567146345787,False,0.0,0.0,0,False,False,0.0,0.0,0.0,0.0,0.0,0.0,False
A,AM3_M0.90_H0.50_Mild_6,0.9,0.5,Mild,6,D65,Canon 300D,0.917755126953125,50b12e79ffed4106634119a133fdd5d12037bdea5ebac4cc3f1ba355cb22bbb7,353562054166261684,1,-0.3277134582199811,False,0.0,0.0,0,False,False,0.0,0.0,0.0,0.0,0.0,0.0,False
A,AM3_M0.90_H0.50_Mild_6,0.9,0.5,Mild,6,A,Canon 300D,0.917755126953125,50b12e79ffed4106634119a133fdd5d12037bdea5ebac4cc3f1ba355cb22bbb7,6986700690126277408,1,-0.05009963174827048,False,0.0,0.0,0,False,False,0.0,0.0,0.0,0.0,0.0,0.0,False
A,AM3_M0.90_H0.50_Mild_6,0.9,0.5,Mild,6,FL2,Canon 300D,0.917755126953125,50b12e79ffed4106634119a133fdd5d12037bdea5ebac4cc3f1ba355cb22bbb7,3933723786533201117,1,0.06888396375308159,False,0.0,0.0,0,False,False,0.0,0.0,0.0,0.0,0.0,0.0,False
A,AM3_M0.90_H0.50_Mild_6,0.9,0.5,Mild,6,FL11,Canon 300D,0.917755126953125,50b12e79ffed4106634119a133fdd5d12037bdea5ebac4cc3f1ba355cb22bbb7,5029702091345454155,1,0.2059897621565142,False,0.0,0.0,0,False,False,0.0,0.0,0.0,0.0,0.0,0.0,False
A,AM3_M0.90_H0.50_Mild_7,0.9,0.5,Mild,7,D65,Canon 300D,0.848541259765625,60ed897e60299600cb08eb7e99f88e4fa7ea01b915353e770549ead8bb59055b,10254773095649733628,1,-0.13258503190103438,False,0.0,0.0,0,False,False,0.0,0.0,0.0,0.0,0.0,0.0,False
A,AM3_M0.90_H0.50_Mild_7,0.9,0.5,Mild,7,A,Canon 300D,0.848541259765625,60ed897e60299600cb08eb7e99f88e4fa7ea01b915353e770549ead8bb59055b,17726292143789254253,1,0.08504540182154441,False,0.0,0.0,0,False,False,0.0,0.0,0.0,0.0,0.0,0.0,False
A,AM3_M0.90_H0.50_Mild_7,0.9,0.5,Mild,7,FL2,Canon 300D,0.848541259765625,60ed897e60299600cb08eb7e99f88e4fa7ea01b915353e770549ead8bb59055b,16336001666259591100,1,-0.32749398307169914,False,0.0,0.0,0,False,False,0.0,0.0,0.0,0.0,0.0,0.0,False
A,AM3_M0.90_H0.50_Mild_7,0.9,0.5,Mild,7,FL11,Canon 300D,0.848541259765625,60ed897e60299600cb08eb7e99f88e4fa7ea01b915353e770549ead8bb59055b,5571120106873924921,1,-0.3609548757041702,False,0.0,0.0,0,False,False,0.0,0.0,0.0,0.0,0.0,0.0,False
A,AM3_M0.90_H0.50_Strong_0,0.9,0.5,Strong,0,D65,Canon 300D,0.3289642333984375,d2684a9c56f3a24e7513bc1bd65e283f43579f580d27e37ae43030f7c2acd399,15809628347923223338,1,-0.2991251253313042,False,0.0,0.0,0,False,False,0.0,0.0,0.0,0.0,0.0,0.0,False
A,AM3_M0.90_H0.50_Strong_0,0.9,0.5,Strong,0,A,Canon 300D,0.3289642333984375,d2684a9c56f3a24e7513bc1bd65e283f43579f580d27e37ae43030f7c2acd399,16265203902749906594,1,-0.1647248312361969,False,0.0,0.0,0,False,False,0.0,0.0,0.0,0.0,0.0,0.0,False
A,AM3_M0.90_H0.50_Strong_0,0.9,0.5,Strong,0,FL2,Canon 300D,0.3289642333984375,d2684a9c56f3a24e7513bc1bd65e283f43579f580d27e37ae43030f7c2acd399,10327860224942499000,1,-0.4411268072903565,False,0.0,0.0,0,False,False,0.0,0.0,0.0,0.0,0.0,0.0,False
A,AM3_M0.90_H0.50_Strong_0,0.9,0.5,Strong,0,FL11,Canon 300D,0.3289642333984375,d2684a9c56f3a24e7513bc1bd65e283f43579f580d27e37ae43030f7c2acd399,5731987151024863857,1,0.1939935523637516,False,0.0,0.0,0,False,False,0.0,0.0,0.0,0.0,0.0,0.0,False
A,AM3_M0.90_H0.50_Strong_1,0.9,0.5,Strong,1,D65,Canon 300D,0.4692840576171875,2b7ca2f75dc828c8b6e7865103cf38c9eab79efbfce18b82bf2b776cf2294115,9463624866201838432,1,0.3066082312605005,False,0.0,0.0,0,False,False,0.0,0.0,0.0,0.0,0.0,0.0,False
A,AM3_M0.90_H0.50_Strong_1,0.9,0.5,Strong,1,A,Canon 300D,0.4692840576171875,2b7ca2f75dc828c8b6e7865103cf38c9eab79efbfce18b82bf2b776cf2294115,14973340761804158998,1,-0.2569829017132653,False,0.0,0.0,0,False,False,0.0,0.0,0.0,0.0,0.0,0.0,False
A,AM3_M0.90_H0.50_Strong_1,0.9,0.5,Strong,1,FL2,Canon 300D,0.4692840576171875,2b7ca2f75dc828c8b6e7865103cf38c9eab79efbfce18b82bf2b776cf2294115,18342321032745204271,1,-0.1650507718215346,False,0.0,0.0,0,False,False,0.0,0.0,0.0,0.0,0.0,0.0,False
A,AM3_M0.90_H0.50_Strong_1,0.9,0.5,Strong,1,FL11,Canon 300D,0.4692840576171875,2b7ca2f75dc828c8b6e7865103cf38c9eab79efbfce18b82bf2b776cf2294115,9977386365971318800,1,0.26461285887382247,False,0.0,0.0,0,False,False,0.0,0.0,0.0,0.0,0.0,0.0,False
A,AM3_M0.90_H0.50_Strong_2,0.9,0.5,Strong,2,D65,Canon 300D,0.65753173828125,02a873b9e1238057e755444f567a09477ba9a0bc10a439bb0393a79acad0e8a3,11808337730219315909,1,0.1556595496370955,False,0.0,0.0,0,False,False,0.0,0.0,0.0,0.0,0.0,0.0,False
A,AM3_M0.90_H0.50_Strong_2,0.9,0.5,Strong,2,A,Canon 300D,0.65753173828125,02a873b9e1238057e755444f567a09477ba9a0bc10a439bb0393a79acad0e8a3,12170530218704148499,1,-0.48598162528498956,False,0.0,0.0,0,False,False,0.0,0.0,0.0,0.0,0.0,0.0,False
A,AM3_M0.90_H0.50_Strong_2,0.9,0.5,Strong,2,FL2,Canon 300D,0.65753173828125,02a873b9e1238057e755444f567a09477ba9a0bc10a439bb0393a79acad0e8a3,7567953797885226037,1,0.20138274466174033,False,0.0,0.0,0,False,False,0.0,0.0,0.0,0.0,0.0,0.0,False
A,AM3_M0.90_H0.50_Strong_2,0.9,0.5,Strong,2,FL11,Canon 300D,0.65753173828125,02a873b9e1238057e755444f567a09477ba9a0bc10a439bb0393a79acad0e8a3,211979800559957177,1,-0.2861233851425955,False,0.0,0.0,0,False,False,0.0,0.0,0.0,0.0,0.0,0.0,False
A,AM3_M0.90_H0.50_Strong_3,0.9,0.5,Strong,3,D65,Canon 300D,0.368560791015625,6874a1050552aa53e21f86da682b2f61706caca8b1f6851d3c85a77d3972a9bf,6881627655971225216,1,-0.4567376416903561,False,0.0,0.0,0,False,False,0.0,0.0,0.0,0.0,0.0,0.0,False
A,AM3_M0.90_H0.50_Strong_3,0.9,0.5,Strong,3,A,Canon 300D,0.368560791015625,6874a1050552aa53e21f86da682b2f61706caca8b1f6851d3c85a77d3972a9bf,4019387249283197492,1,-0.061842571121347834,False,0.0,0.0,0,False,False,0.0,0.0,0.0,0.0,0.0,0.0,False
A,AM3_M0.90_H0.50_Strong_3,0.9,0.5,Strong,3,FL2,Canon 300D,0.368560791015625,6874a1050552aa53e21f86da682b2f61706caca8b1f6851d3c85a77d3972a9bf,14554278323403893244,1,-0.1859453058977924,False,0.0,0.0,0,False,False,0.0,0.0,0.0,0.0,0.0,0.0,False
A,AM3_M0.90_H0.50_Strong_3,0.9,0.5,Strong,3,FL11,Canon 300D,0.368560791015625,6874a1050552aa53e21f86da682b2f61706caca8b1f6851d3c85a77d3972a9bf,18437124474168388646,1,0.16912477483558652,False,0.0,0.0,0,False,False,0.0,0.0,0.0,0.0,0.0,0.0,False
A,AM3_M0.90_H0.50_Strong_4,0.9,0.5,Strong,4,D65,Canon 300D,0.3738555908203125,ab68c3eff8643fdb1d2247989100735ecb1831adc280acb96051db29a0bf7df3,16360359993816115810,1,-0.1287449752319031,False,0.0,0.0,0,False,False,0.0,0.0,0.0,0.0,0.0,0.0,False
A,AM3_M0.90_H0.50_Strong_4,0.9,0.5,Strong,4,A,Canon 300D,0.3738555908203125,ab68c3eff8643fdb1d2247989100735ecb1831adc280acb96051db29a0bf7df3,8927729810920273225,1,-0.07470107045417057,False,0.0,0.0,0,False,False,0.0,0.0,0.0,0.0,0.0,0.0,False
A,AM3_M0.90_H0.50_Strong_4,0.9,0.5,Strong,4,FL2,Canon 300D,0.3738555908203125,ab68c3eff8643fdb1d2247989100735ecb1831adc280acb96051db29a0bf7df3,12269209692006527858,1,0.24596071686311793,False,0.0,0.0,0,False,False,0.0,0.0,0.0,0.0,0.0,0.0,False
A,AM3_M0.90_H0.50_Strong_4,0.9,0.5,Strong,4,FL11,Canon 300D,0.3738555908203125,ab68c3eff8643fdb1d2247989100735ecb1831adc280acb96051db29a0bf7df3,418146005945406872,1,-0.0217050413526082,False,0.0,0.0,0,False,False,0.0,0.0,0.0,0.0,0.0,0.0,False
A,AM3_M0.90_H0.50_Strong_5,0.9,0.5,Strong,5,D65,Canon 300D,0.62469482421875,fb89e69da90b704a46b1c92402df8e03bd9178e26abd173c7376f18cf3caba3e,10481357926977480869,1,-0.30313932702533797,False,0.0,0.0,0,False,False,0.0,0.0,0.0,0.0,0.0,0.0,False
A,AM3_M0.90_H0.50_Strong_5,0.9,0.5,Strong,5,A,Canon 300D,0.62469482421875,fb89e69da90b704a46b1c92402df8e03bd9178e26abd173c7376f18cf3caba3e,637517979459860436,1,0.10713586576472967,False,0.0,0.0,0,False,False,0.0,0.0,0.0,0.0,0.0,0.0,False
A,AM3_M0.90_H0.50_Strong_5,0.9,0.5,Strong,5,FL2,Canon 300D,0.62469482421875,fb89e69da90b704a46b1c92402df8e03bd9178e26abd173c7376f18cf3caba3e,6098988410052219447,1,-0.3753819148771208,False,0.0,0.0,0,False,False,0.0,0.0,0.0,0.0,0.0,0.0,False
A,AM3_M0.90_H0.50_Strong_5,0.9,0.5,Strong,5,FL11,Canon 300D,0.62469482421875,fb89e69da90b704a46b1c92402df8e03bd9178e26abd173c7376f18cf3caba3e,16861798648952420524,1,-0.085587852154967,False,0.0,0.0,0,False,False,0.0,0.0,0.0,0.0,0.0,0.0,False
A,AM3_M0.90_H0.50_Strong_6,0.9,0.5,Strong,6,D65,Canon 300D,0.620086669921875,e32f12789f0223a7b6151fbe6c8f88b8596e4f0c48d9d0b192b71076b36ab719,8558414705001519882,1,-0.14646501764876402,False,0.0,0.0,0,False,False,0.0,0.0,0.0,0.0,0.0,0.0,False
A,AM3_M0.90_H0.50_Strong_6,0.9,0.5,Strong,6,A,Canon 300D,0.620086669921875,e32f12789f0223a7b6151fbe6c8f88b8596e4f0c48d9d0b192b71076b36ab719,7250989392109517355,1,-0.3968699784802393,False,0.0,0.0,0,False,False,0.0,0.0,0.0,0.0,0.0,0.0,False
A,AM3_M0.90_H0.50_Strong_6,0.9,0.5,Strong,6,FL2,Canon 300D,0.620086669921875,e32f12789f0223a7b6151fbe6c8f88b8596e4f0c48d9d0b192b71076b36ab719,11998169259138934875,1,-0.4797951210175436,False,0.0,0.0,0,False,False,0.0,0.0,0.0,0.0,0.0,0.0,False
A,AM3_M0.90_H0.50_Strong_6,0.9,0.5,Strong,6,FL11,Canon 300D,0.620086669921875,e32f12789f0223a7b6151fbe6c8f88b8596e4f0c48d9d0b192b71076b36ab719,2536865188150903754,1,-0.04094767822866485,False,0.0,0.0,0,False,False,0.0,0.0,0.0,0.0,0.0,0.0,False
A,AM3_M0.90_H0.50_Strong_7,0.9,0.5,Strong,7,D65,Canon 300D,0.4333038330078125,1c8b0dfe1dc6c647f469627fc20c97bada668da5c1f16f925b754fced456dbb5,3036096817649709839,1,-0.11743031577766982,False,0.0,0.0,0,False,False,0.0,0.0,0.0,0.0,0.0,0.0,False
A,AM3_M0.90_H0.50_Strong_7,0.9,0.5,Strong,7,A,Canon 300D,0.4333038330078125,1c8b0dfe1dc6c647f469627fc20c97bada668da5c1f16f925b754fced456dbb5,17470310353551042548,1,-0.01728630987526858,False,0.0,0.0,0,False,False,0.0,0.0,0.0,0.0,0.0,0.0,False
A,AM3_M0.90_H0.50_Strong_7,0.9,0.5,Strong,7,FL2,Canon 300D,0.4333038330078125,1c8b0dfe1dc6c647f469627fc20c97bada668da5c1f16f925b754fced456dbb5,9110498315430478514,1,-0.46320724730465845,False,0.0,0.0,0,False,False,0.0,0.0,0.0,0.0,0.0,0.0,False
A,AM3_M0.90_H0.50_Strong_7,0.9,0.5,Strong,7,FL11,Canon 300D,0.4333038330078125,1c8b0dfe1dc6c647f469627fc20c97bada668da5c1f16f925b754fced456dbb5,2128940739868940466,1,-0.2132557109614071,False,0.0,0.0,0,False,False,0.0,0.0,0.0,0.0,0.0,0.0,False
A,AM3_M0.90_H0.95_Full_0,0.9,0.95,Full,0,D65,Canon 300D,1.0,916b144867c340614f515c7b0e5415c74832d899c05264ded2a277a6e81d81ff,6258897438692051781,1,-0.22362113976527187,False,0.0,0.0,0,False,False,0.0,0.0,0.0,0.0,0.0,0.0,False
A,AM3_M0.90_H0.95_Full_0,0.9,0.95,Full,0,A,Canon 300D,1.0,916b144867c340614f515c7b0e5415c74832d899c05264ded2a277a6e81d81ff,16606947197356212401,1,-0.42499625507401245,False,0.0,0.0,0,False,False,0.0,0.0,0.0,0.0,0.0,0.0,False
A,AM3_M0.90_H0.95_Full_0,0.9,0.95,Full,0,FL2,Canon 300D,1.0,916b144867c340614f515c7b0e5415c74832d899c05264ded2a277a6e81d81ff,3811876452081625715,1,0.2302677200858586,False,0.0,0.0,0,False,False,0.0,0.0,0.0,0.0,0.0,0.0,False
A,AM3_M0.90_H0.95_Full_0,0.9,0.95,Full,0,FL11,Canon 300D,1.0,916b144867c340614f515c7b0e5415c74832d899c05264ded2a277a6e81d81ff,13598386571403860069,1,0.2179238390191507,False,0.0,0.0,0,False,False,0.0,0.0,0.0,0.0,0.0,0.0,False
A,AM3_M0.90_H0.95_Full_1,0.9,0.95,Full,1,D65,Canon 300D,1.0,916b144867c340614f515c7b0e5415c74832d899c05264ded2a277a6e81d81ff,6113782954828585591,1,-0.16602778427359294,False,0.0,0.0,0,False,False,0.0,0.0,0.0,0.0,0.0,0.0,False
A,AM3_M0.90_H0.95_Full_1,0.9,0.95,Full,1,A,Canon 300D,1.0,916b144867c340614f515c7b0e5415c74832d899c05264ded2a277a6e81d81ff,2947989506133509883,1,0.23015471582363445,False,0.0,0.0,0,False,False,0.0,0.0,0.0,0.0,0.0,0.0,False
A,AM3_M0.90_H0.95_Full_1,0.9,0.95,Full,1,FL2,Canon 300D,1.0,916b144867c340614f515c7b0e5415c74832d899c05264ded2a277a6e81d81ff,8366873018970699312,1,0.14865352159129264,False,0.0,0.0,0,False,False,0.0,0.0,0.0,0.0,0.0,0.0,False
A,AM3_M0.90_H0.95_Full_1,0.9,0.95,Full,1,FL11,Canon 300D,1.0,916b144867c340614f515c7b0e5415c74832d899c05264ded2a277a6e81d81ff,3640190174052844261,1,-0.21852856217236133,False,0.0,0.0,0,False,False,0.0,0.0,0.0,0.0,0.0,0.0,False
A,AM3_M0.90_H0.95_Full_2,0.9,0.95,Full,2,D65,Canon 300D,1.0,916b144867c340614f515c7b0e5415c74832d899c05264ded2a277a6e81d81ff,4874670235848329644,1,0.2666361454153898,False,0.0,0.0,0,False,False,0.0,0.0,0.0,0.0,0.0,0.0,False
A,AM3_M0.90_H0.95_Full_2,0.9,0.95,Full,2,A,Canon 300D,1.0,916b144867c340614f515c7b0e5415c74832d899c05264ded2a277a6e81d81ff,18228329040798270837,1,-0.0560927989612367,False,0.0,0.0,0,False,False,0.0,0.0,0.0,0.0,0.0,0.0,False
A,AM3_M0.90_H0.95_Full_2,0.9,0.95,Full,2,FL2,Canon 300D,1.0,916b144867c340614f515c7b0e5415c74832d899c05264ded2a277a6e81d81ff,16636739703376868533,1,-0.31671535255664696,False,0.0,0.0,0,False,False,0.0,0.0,0.0,0.0,0.0,0.0,False
A,AM3_M0.90_H0.95_Full_2,0.9,0.95,Full,2,FL11,Canon 300D,1.0,916b144867c340614f515c7b0e5415c74832d899c05264ded2a277a6e81d81ff,12297136936055608153,1,-0.22479150181598345,False,0.0,0.0,0,False,False,0.0,0.0,0.0,0.0,0.0,0.0,False
A,AM3_M0.90_H0.95_Full_3,0.9,0.95,Full,3,D65,Canon 300D,1.0,916b144867c340614f515c7b0e5415c74832d899c05264ded2a277a6e81d81ff,1242844196093046093,1,-0.24641523588218744,False,0.0,0.0,0,False,False,0.0,0.0,0.0,0.0,0.0,0.0,False
A,AM3_M0.90_H0.95_Full_3,0.9,0.95,Full,3,A,Canon 300D,1.0,916b144867c340614f515c7b0e5415c74832d899c05264ded2a277a6e81d81ff,15502383749672259159,1,-0.00020187570960233936,False,0.0,0.0,0,False,False,0.0,0.0,0.0,0.0,0.0,0.0,False
A,AM3_M0.90_H0.95_Full_3,0.9,0.95,Full,3,FL2,Canon 300D,1.0,916b144867c340614f515c7b0e5415c74832d899c05264ded2a277a6e81d81ff,4763862225138349668,1,-0.45912429046856496,False,0.0,0.0,0,False,False,0.0,0.0,0.0,0.0,0.0,0.0,False
A,AM3_M0.90_H0.95_Full_3,0.9,0.95,Full,3,FL11,Canon 300D,1.0,916b144867c340614f515c7b0e5415c74832d899c05264ded2a277a6e81d81ff,8504942750558552464,1,0.17749489135312024,False,0.0,0.0,0,False,False,0.0,0.0,0.0,0.0,0.0,0.0,False
A,AM3_M0.90_H0.95_Full_4,0.9,0.95,Full,4,D65,Canon 300D,1.0,916b144867c340614f515c7b0e5415c74832d899c05264ded2a277a6e81d81ff,4562535047067385503,1,-0.09169408880356122,False,0.0,0.0,0,False,False,0.0,0.0,0.0,0.0,0.0,0.0,False
A,AM3_M0.90_H0.95_Full_4,0.9,0.95,Full,4,A,Canon 300D,1.0,916b144867c340614f515c7b0e5415c74832d899c05264ded2a277a6e81d81ff,11822307022407865652,1,-0.006145251941330088,False,0.0,0.0,0,False,False,0.0,0.0,0.0,0.0,0.0,0.0,False
A,AM3_M0.90_H0.95_Full_4,0.9,0.95,Full,4,FL2,Canon 300D,1.0,916b144867c340614f515c7b0e5415c74832d899c05264ded2a277a6e81d81ff,10990358587900824865,1,-0.06782898399504278,False,0.0,0.0,0,False,False,0.0,0.0,0.0,0.0,0.0,0.0,False
A,AM3_M0.90_H0.95_Full_4,0.9,0.95,Full,4,FL11,Canon 300D,1.0,916b144867c340614f515c7b0e5415c74832d899c05264ded2a277a6e81d81ff,14635558760819196939,1,-0.16032974703094094,False,0.0,0.0,0,False,False,0.0,0.0,0.0,0.0,0.0,0.0,False
A,AM3_M0.90_H0.95_Full_5,0.9,0.95,Full,5,D65,Canon 300D,1.0,916b144867c340614f515c7b0e5415c74832d899c05264ded2a277a6e81d81ff,11511083616754742549,1,-0.3576841551911046,False,0.0,0.0,0,False,False,0.0,0.0,0.0,0.0,0.0,0.0,False
A,AM3_M0.90_H0.95_Full_5,0.9,0.95,Full,5,A,Canon 300D,1.0,916b144867c340614f515c7b0e5415c74832d899c05264ded2a277a6e81d81ff,3826257165315105048,1,-0.27694694856395985,False,0.0,0.0,0,False,False,0.0,0.0,0.0,0.0,0.0,0.0,False
A,AM3_M0.90_H0.95_Full_5,0.9,0.95,Full,5,FL2,Canon 300D,1.0,916b144867c340614f515c7b0e5415c74832d899c05264ded2a277a6e81d81ff,8652151575645761489,1,0.15597806239576406,False,0.0,0.0,0,False,False,0.0,0.0,0.0,0.0,0.0,0.0,False
A,AM3_M0.90_H0.95_Full_5,0.9,0.95,Full,5,FL11,Canon 300D,1.0,916b144867c340614f515c7b0e5415c74832d899c05264ded2a277a6e81d81ff,18008886665106952466,1,-0.13222682940533143,False,0.0,0.0,0,False,False,0.0,0.0,0.0,0.0,0.0,0.0,False
A,AM3_M0.90_H0.95_Full_6,0.9,0.95,Full,6,D65,Canon 300D,1.0,916b144867c340614f515c7b0e5415c74832d899c05264ded2a277a6e81d81ff,3419993526100421970,1,-0.07295725476683251,False,0.0,0.0,0,False,False,0.0,0.0,0.0,0.0,0.0,0.0,False
A,AM3_M0.90_H0.95_Full_6,0.9,0.95,Full,6,A,Canon 300D,1.0,916b144867c340614f515c7b0e5415c74832d899c05264ded2a277a6e81d81ff,6900068923657690114,1,-0.45391797277216966,False,0.0,0.0,0,False,False,0.0,0.0,0.0,0.0,0.0,0.0,False
A,AM3_M0.90_H0.95_Full_6,0.9,0.95,Full,6,FL2,Canon 300D,1.0,916b144867c340614f515c7b0e5415c74832d899c05264ded2a277a6e81d81ff,14137232175786133102,1,0.2122637109599177,False,0.0,0.0,0,False,False,0.0,0.0,0.0,0.0,0.0,0.0,False
A,AM3_M0.90_H0.95_Full_6,0.9,0.95,Full,6,FL11,Canon 300D,1.0,916b144867c340614f515c7b0e5415c74832d899c05264ded2a277a6e81d81ff,695607698812720465,1,-0.2729936054675443,False,0.0,0.0,0,False,False,0.0,0.0,0.0,0.0,0.0,0.0,False
A,AM3_M0.90_H0.95_Full_7,0.9,0.95,Full,7,D65,Canon 300D,1.0,916b144867c340614f515c7b0e5415c74832d899c05264ded2a277a6e81d81ff,308014710490452491,1,-0.060038161026416514,False,0.0,0.0,0,False,False,0.0,0.0,0.0,0.0,0.0,0.0,False
A,AM3_M0.90_H0.95_Full_7,0.9,0.95,Full,7,A,Canon 300D,1.0,916b144867c340614f515c7b0e5415c74832d899c05264ded2a277a6e81d81ff,6624652830785404120,1,-0.44864946106086173,False,0.0,0.0,0,False,False,0.0,0.0,0.0,0.0,0.0,0.0,False
A,AM3_M0.90_H0.95_Full_7,0.9,0.95,Full,7,FL2,Canon 300D,1.0,916b144867c340614f515c7b0e5415c74832d899c05264ded2a277a6e81d81ff,11329258685977483109,1,-0.44667082727370494,False,0.0,0.0,0,False,False,0.0,0.0,0.0,0.0,0.0,0.0,False
A,AM3_M0.90_H0.95_Full_7,0.9,0.95,Full,7,FL11,Canon 300D,1.0,916b144867c340614f515c7b0e5415c74832d899c05264ded2a277a6e81d81ff,13113515674275765196,1,-0.4384755438792824,False,0.0,0.0,0,False,False,0.0,0.0,0.0,0.0,0.0,0.0,False
A,AM3_M0.90_H0.95_Mild_0,0.9,0.95,Mild,0,D65,Canon 300D,0.8666839599609375,edbe0da6152354a839b9731b3632fee2bc6825beb327be46a131233c7f4dde01,14532063499646111998,1,-0.14556292616255245,False,0.0,0.0,0,False,False,0.0,0.0,0.0,0.0,0.0,0.0,False
A,AM3_M0.90_H0.95_Mild_0,0.9,0.95,Mild,0,A,Canon 300D,0.8666839599609375,edbe0da6152354a839b9731b3632fee2bc6825beb327be46a131233c7f4dde01,9243665200802047243,1,-0.30630020034940614,False,0.0,0.0,0,False,False,0.0,0.0,0.0,0.0,0.0,0.0,False
A,AM3_M0.90_H0.95_Mild_0,0.9,0.95,Mild,0,FL2,Canon 300D,0.8666839599609375,edbe0da6152354a839b9731b3632fee2bc6825beb327be46a131233c7f4dde01,10805065357726061834,1,0.08933189776386352,False,0.0,0.0,0,False,False,0.0,0.0,0.0,0.0,0.0,0.0,False
A,AM3_M0.90_H0.95_Mild_0,0.9,0.95,Mild,0,FL11,Canon 300D,0.8666839599609375,edbe0da6152354a839b9731b3632fee2bc6825beb327be46a131233c7f4dde01,17925851657790545929,1,-0.4269743882379953,False,0.0,0.0,0,False,False,0.0,0.0,0.0,0.0,0.0,0.0,False
A,AM3_M0.90_H0.95_Mild_1,0.9,0.95,Mild,1,D65,Canon 300D,0.743743896484375,3650b1866b61eefbd62b8b9346f8bcb82fd7a34ad7f1f2ffd2e6a897230fe06d,288883004694969147,1,0.024207529100340186,False,0.0,0.0,0,False,False,0.0,0.0,0.0,0.0,0.0,0.0,False
A,AM3_M0.90_H0.95_Mild_1,0.9,0.95,Mild,1,A,Canon 300D,0.743743896484375,3650b1866b61eefbd62b8b9346f8bcb82fd7a34ad7f1f2ffd2e6a897230fe06d,14322838104035692799,1,-0.3936169798627692,False,0.0,0.0,0,False,False,0.0,0.0,0.0,0.0,0.0,0.0,False
A,AM3_M0.90_H0.95_Mild_1,0.9,0.95,Mild,1,FL2,Canon 300D,0.743743896484375,3650b1866b61eefbd62b8b9346f8bcb82fd7a34ad7f1f2ffd2e6a897230fe06d,13342347477382170392,1,-0.3108435452499645,False,0.0,0.0,0,False,False,0.0,0.0,0.0,0.0,0.0,0.0,False
A,AM3_M0.90_H0.95_Mild_1,0.9,0.95,Mild,1,FL11,Canon 300D,0.743743896484375,3650b1866b61eefbd62b8b9346f8bcb82fd7a34ad7f1f2ffd2e6a897230fe06d,13669747660303996473,1,0.06488715213203988,False,0.0,0.0,0,False,False,0.0,0.0,0.0,0.0,0.0,0.0,False
A,AM3_M0.90_H0.95_Mild_2,0.9,0.95,Mild,2,D65,Canon 300D,0.80865478515625,3b23cd8bc011e5e8c8915e3e1885d1a96736d6004b04d49d9202524d30eca200,5811878946109958358,1,-0.3013823707986442,False,0.0,0.0,0,False,False,0.0,0.0,0.0,0.0,0.0,0.0,False
A,AM3_M0.90_H0.95_Mild_2,0.9,0.95,Mild,2,A,Canon 300D,0.80865478515625,3b23cd8bc011e5e8c8915e3e1885d1a96736d6004b04d49d9202524d30eca200,5941696344926387588,1,0.2934667575505754,False,0.0,0.0,0,False,False,0.0,0.0,0.0,0.0,0.0,0.0,False
A,AM3_M0.90_H0.95_Mild_2,0.9,0.95,Mild,2,FL2,Canon 300D,0.80865478515625,3b23cd8bc011e5e8c8915e3e1885d1a96736d6004b04d49d9202524d30eca200,9896410393030679580,1,0.18435769685751435,False,0.0,0.0,0,False,False,0.0,0.0,0.0,0.0,0.0,0.0,False
A,AM3_M0.90_H0.95_Mild_2,0.9,0.95,Mild,2,FL11,Canon 300D,0.80865478515625,3b23cd8bc011e5e8c8915e3e1885d1a96736d6004b04d49d9202524d30eca200,1281109878083347452,1,0.20898009735133916,False,0.0,0.0,0,False,False,0.0,0.0,0.0,0.0,0.0,0.0,False
A,AM3_M0.90_H0.95_Mild_3,0.9,0.95,Mild,3,D65,Canon 300D,0.7352142333984375,c8b35eb44deaa16a601c317931384bee9b467c51cb33412a9070a180b01a9046,10097141282082117363,1,0.026090873862508523,False,0.0,0.0,0,False,False,0.0,0.0,0.0,0.0,0.0,0.0,False
A,AM3_M0.90_H0.95_Mild_3,0.9,0.95,Mild,3,A,Canon 300D,0.7352142333984375,c8b35eb44deaa16a601c317931384bee9b467c51cb33412a9070a180b01a9046,2438564073059766649,1,-0.36678070858815204,False,0.0,0.0,0,False,False,0.0,0.0,0.0,0.0,0.0,0.0,False
A,AM3_M0.90_H0.95_Mild_3,0.9,0.95,Mild,3,FL2,Canon 300D,0.7352142333984375,c8b35eb44deaa16a601c317931384bee9b467c51cb33412a9070a180b01a9046,14516466598199120888,1,0.19420275607200432,False,0.0,0.0,0,False,False,0.0,0.0,0.0,0.0,0.0,0.0,False
A,AM3_M0.90_H0.95_Mild_3,0.9,0.95,Mild,3,FL11,Canon 300D,0.7352142333984375,c8b35eb44deaa16a601c317931384bee9b467c51cb33412a9070a180b01a9046,5879422905770699888,1,-0.348904177545148,False,0.0,0.0,0,False,False,0.0,0.0,0.0,0.0,0.0,0.0,False
A,AM3_M0.90_H0.95_Mild_4,0.9,0.95,Mild,4,D65,Canon 300D,0.8974609375,fba46f02d63d87335e4cdbdd374ad5796c3b75eefaaf34658015a218e000eec2,9269797891652129190,1,0.17756809528280915,False,0.0,0.0,0,False,False,0.0,0.0,0.0,0.0,0.0,0.0,False
A,AM3_M0.90_H0.95_Mild_4,0.9,0.95,Mild,4,A,Canon 300D,0.8974609375,fba46f02d63d87335e4cdbdd374ad5796c3b75eefaaf34658015a218e000eec2,6489437138486307037,1,-0.29162415792159596,False,0.0,0.0,0,False,False,0.0,0.0,0.0,0.0,0.0,0.0,False
A,AM3_M0.90_H0.95_Mild_4,0.9,0.95,Mild,4,FL2,Canon 300D,0.8974609375,fba46f02d63d87335e4cdbdd374ad5796c3b75eefaaf34658015a218e000eec2,17774996119009860038,1,-0.36712863494961967,False,0.0,0.0,0,False,False,0.0,0.0,0.0,0.0,0.0,0.0,False
A,AM3_M0.90_H0.95_Mild_4,0.9,0.95,Mild,4,FL11,Canon 300D,0.8974609375,fba46f02d63d87335e4cdbdd374ad5796c3b75eefaaf34658015a218e000eec2,13524590962008649347,1,0.2634880438447028,False,0.0,0.0,0,False,False,0.0,0.0,0.0,0.0,0.0,0.0,False
A,AM3_M0.90_H0.95_Mild_5,0.9,0.95,Mild,5,D65,Canon 300D,0.8624725341796875,33e5e6bdc5d194f462d60a08c243dca974a6ece2723f7874d2b2d7c5c2664b86,3653634926362607768,1,0.2629994250144546,False,0.0,0.0,0,False,False,0.0,0.0,0.0,0.0,0.0,0.0,False
A,AM3_M0.90_H0.95_Mild_5,0.9,0.95,Mild,5,A,Canon 300D,0.8624725341796875,33e5e6bdc5d194f462d60a08c243dca974a6ece2723f7874d2b2d7c5c2664b86,3509530853782087259,1,0.18944109996492275,False,0.0,0.0,0,False,False,0.0,0.0,0.0,0.0,0.0,0.0,False
A,AM3_M0.90_H0.95_Mild_5,0.9,0.95,Mild,5,FL2,Canon 300D,0.8624725341796875,33e5e6bdc5d194f462d60a08c243dca974a6ece2723f7874d2b2d7c5c2664b86,8284452661976449267,1,-0.04715439531235738,False,0.0,0.0,0,False,False,0.0,0.0,0.0,0.0,0.0,0.0,False
A,AM3_M0.90_H0.95_Mild_5,0.9,0.95,Mild,5,FL11,Canon 300D,0.8624725341796875,33e5e6bdc5d194f462d60a08c243dca974a6ece2723f7874d2b2d7c5c2664b86,11965040235822483103,1,0.22263545055241152,False,0.0,0.0,0,False,False,0.0,0.0,0.0,0.0,0.0,0.0,False
A,AM3_M0.90_H0.95_Mild_6,0.9,0.95,Mild,6,D65,Canon 300D,0.8277740478515625,bd0692fb8bac30a91765775d6d87db83f8f8334b99936aa9777b2ea7bf936784,4830553689756354782,1,-0.4999417990338349,False,0.0,0.0,0,False,False,0.0,0.0,0.0,0.0,0.0,0.0,False
A,AM3_M0.90_H0.95_Mild_6,0.9,0.95,Mild,6,A,Canon 300D,0.8277740478515625,bd0692fb8bac30a91765775d6d87db83f8f8334b99936aa9777b2ea7bf936784,2895484893481305290,1,-0.012637607932014905,False,0.0,0.0,0,False,False,0.0,0.0,0.0,0.0,0.0,0.0,False
A,AM3_M0.90_H0.95_Mild_6,0.9,0.95,Mild,6,FL2,Canon 300D,0.8277740478515625,bd0692fb8bac30a91765775d6d87db83f8f8334b99936aa9777b2ea7bf936784,5836803112574712713,1,0.10118122583301936,False,0.0,0.0,0,False,False,0.0,0.0,0.0,0.0,0.0,0.0,False
A,AM3_M0.90_H0.95_Mild_6,0.9,0.95,Mild,6,FL11,Canon 300D,0.8277740478515625,bd0692fb8bac30a91765775d6d87db83f8f8334b99936aa9777b2ea7bf936784,14451329426194360121,1,0.15353592968638974,False,0.0,0.0,0,False,False,0.0,0.0,0.0,0.0,0.0,0.0,False
A,AM3_M0.90_H0.95_Mild_7,0.9,0.95,Mild,7,D65,Canon 300D,0.90228271484375,de2faed81c7fdf6a0195a2fbee45dfe97edfbdb176f3893f4752e824fe3d15ea,15455067727820240328,1,-0.2786931449073544,False,0.0,0.0,0,False,False,0.0,0.0,0.0,0.0,0.0,0.0,False
A,AM3_M0.90_H0.95_Mild_7,0.9,0.95,Mild,7,A,Canon 300D,0.90228271484375,de2faed81c7fdf6a0195a2fbee45dfe97edfbdb176f3893f4752e824fe3d15ea,11822227543535397605,1,0.10980148138448576,False,0.0,0.0,0,False,False,0.0,0.0,0.0,0.0,0.0,0.0,False
A,AM3_M0.90_H0.95_Mild_7,0.9,0.95,Mild,7,FL2,Canon 300D,0.90228271484375,de2faed81c7fdf6a0195a2fbee45dfe97edfbdb176f3893f4752e824fe3d15ea,7886449223133282258,1,-0.37515914403790035,False,0.0,0.0,0,False,False,0.0,0.0,0.0,0.0,0.0,0.0,False
A,AM3_M0.90_H0.95_Mild_7,0.9,0.95,Mild,7,FL11,Canon 300D,0.90228271484375,de2faed81c7fdf6a0195a2fbee45dfe97edfbdb176f3893f4752e824fe3d15ea,13048667349108716797,1,-0.04113229972397564,False,0.0,0.0,0,False,False,0.0,0.0,0.0,0.0,0.0,0.0,False
A,AM3_M0.90_H0.95_Strong_0,0.9,0.95,Strong,0,D65,Canon 300D,0.5537567138671875,349320d8ea4c9e3af301ab7043ed99adbcbdbc6cc6250a3657f0db62ad89a9ed,8194833430006664255,1,-0.42320698631327736,False,0.0,0.0,0,False,False,0.0,0.0,0.0,0.0,0.0,0.0,False
A,AM3_M0.90_H0.95_Strong_0,0.9,0.95,Strong,0,A,Canon 300D,0.5537567138671875,349320d8ea4c9e3af301ab7043ed99adbcbdbc6cc6250a3657f0db62ad89a9ed,2820809195160542457,1,-0.420508479510661,False,0.0,0.0,0,False,False,0.0,0.0,0.0,0.0,0.0,0.0,False
A,AM3_M0.90_H0.95_Strong_0,0.9,0.95,Strong,0,FL2,Canon 300D,0.5537567138671875,349320d8ea4c9e3af301ab7043ed99adbcbdbc6cc6250a3657f0db62ad89a9ed,2449933381652764174,1,0.04949586699724595,False,0.0,0.0,0,False,False,0.0,0.0,0.0,0.0,0.0,0.0,False
A,AM3_M0.90_H0.95_Strong_0,0.9,0.95,Strong,0,FL11,Canon 300D,0.5537567138671875,349320d8ea4c9e3af301ab7043ed99adbcbdbc6cc6250a3657f0db62ad89a9ed,8256410146835867452,1,-0.0014076081857034017,False,0.0,0.0,0,False,False,0.0,0.0,0.0,0.0,0.0,0.0,False
A,AM3_M0.90_H0.95_Strong_1,0.9,0.95,Strong,1,D65,Canon 300D,0.534912109375,b35a1b29646a84417946daae6a6d62f46d2ba071955bb9c6bf0d90f8f059c4e9,12454875245530764396,1,-0.35468926189652317,False,0.0,0.0,0,False,False,0.0,0.0,0.0,0.0,0.0,0.0,False
A,AM3_M0.90_H0.95_Strong_1,0.9,0.95,Strong,1,A,Canon 300D,0.534912109375,b35a1b29646a84417946daae6a6d62f46d2ba071955bb9c6bf0d90f8f059c4e9,10412082583226545182,1,0.23700734856018124,False,0.0,0.0,0,False,False,0.0,0.0,0.0,0.0,0.0,0.0,False
A,AM3_M0.90_H0.95_Strong_1,0.9,0.95,Strong,1,FL2,Canon 300D,0.534912109375,b35a1b29646a84417946daae6a6d62f46d2ba071955bb9c6bf0d90f8f059c4e9,10711754687910602485,1,-0.03937791524633677,False,0.0,0.0,0,False,False,0.0,0.0,0.0,0.0,0.0,0.0,False
A,AM3_M0.90_H0.95_Strong_1,0.9,0.95,Strong,1,FL11,Canon 300D,0.534912109375,b35a1b29646a84417946daae6a6d62f46d2ba071955bb9c6bf0d90f8f059c4e9,16049726798414408997,1,0.03831537895209658,False,0.0,0.0,0,False,False,0.0,0.0,0.0,0.0,0.0,0.0,False
A,AM3_M0.90_H0.95_Strong_2,0.9,0.95,Strong,2,D65,Canon 300D,0.4595794677734375,2804e7ffa9d9a669d78f49a52871e636360ae0a64190b78c721cbaf5898eee1a,2648466885702329482,1,0.24979655600318906,False,0.0,0.0,0,False,False,0.0,0.0,0.0,0.0,0.0,0.0,False
A,AM3_M0.90_H0.95_Strong_2,0.9,0.95,Strong,2,A,Canon 300D,0.4595794677734375,2804e7ffa9d9a669d78f49a52871e636360ae0a64190b78c721cbaf5898eee1a,1704308121584415509,1,0.1070421140457245,False,0.0,0.0,0,False,False,0.0,0.0,0.0,0.0,0.0,0.0,False
A,AM3_M0.90_H0.95_Strong_2,0.9,0.95,Strong,2,FL2,Canon 300D,0.4595794677734375,2804e7ffa9d9a669d78f49a52871e636360ae0a64190b78c721cbaf5898eee1a,3835592613522520166,1,0.2226261900758656,False,0.0,0.0,0,False,False,0.0,0.0,0.0,0.0,0.0,0.0,False
A,AM3_M0.90_H0.95_Strong_2,0.9,0.95,Strong,2,FL11,Canon 300D,0.4595794677734375,2804e7ffa9d9a669d78f49a52871e636360ae0a64190b78c721cbaf5898eee1a,17748917970006145572,1,-0.025866346196223522,False,0.0,0.0,0,False,False,0.0,0.0,0.0,0.0,0.0,0.0,False
A,AM3_M0.90_H0.95_Strong_3,0.9,0.95,Strong,3,D65,Canon 300D,0.6195068359375,41cda30f2ebc07346ccb7f1f7e7a0a87825419548ee8e2f5058c034b91bbf875,3563660822073287755,1,0.13665521602059372,False,0.0,0.0,0,False,False,0.0,0.0,0.0,0.0,0.0,0.0,False
A,AM3_M0.90_H0.95_Strong_3,0.9,0.95,Strong,3,A,Canon 300D,0.6195068359375,41cda30f2ebc07346ccb7f1f7e7a0a87825419548ee8e2f5058c034b91bbf875,16729001039909706239,1,-0.21339082087624756,False,0.0,0.0,0,False,False,0.0,0.0,0.0,0.0,0.0,0.0,False
A,AM3_M0.90_H0.95_Strong_3,0.9,0.95,Strong,3,FL2,Canon 300D,0.6195068359375,41cda30f2ebc07346ccb7f1f7e7a0a87825419548ee8e2f5058c034b91bbf875,1283692385177315788,1,0.29320658165545355,False,0.0,0.0,0,False,False,0.0,0.0,0.0,0.0,0.0,0.0,False
A,AM3_M0.90_H0.95_Strong_3,0.9,0.95,Strong,3,FL11,Canon 300D,0.6195068359375,41cda30f2ebc07346ccb7f1f7e7a0a87825419548ee8e2f5058c034b91bbf875,17006242529919508932,1,0.13832232675172662,False,0.0,0.0,0,False,False,0.0,0.0,0.0,0.0,0.0,0.0,False
A,AM3_M0.90_H0.95_Strong_4,0.9,0.95,Strong,4,D65,Canon 300D,0.6209716796875,ce9eeacf4a9daf272eed3366bd4152ef135b822b13d1d3661aa088f39ff765d2,9619731681138089422,1,-0.488449076079525,False,0.0,0.0,0,False,False,0.0,0.0,0.0,0.0,0.0,0.0,False
A,AM3_M0.90_H0.95_Strong_4,0.9,0.95,Strong,4,A,Canon 300D,0.6209716796875,ce9eeacf4a9daf272eed3366bd4152ef135b822b13d1d3661aa088f39ff765d2,18022797692234731990,1,0.30858937436833633,False,0.0,0.0,0,False,False,0.0,0.0,0.0,0.0,0.0,0.0,False
A,AM3_M0.90_H0.95_Strong_4,0.9,0.95,Strong,4,FL2,Canon 300D,0.6209716796875,ce9eeacf4a9daf272eed3366bd4152ef135b822b13d1d3661aa088f39ff765d2,1150552825642157798,1,-0.2220965607503781,False,0.0,0.0,0,False,False,0.0,0.0,0.0,0.0,0.0,0.0,False
A,AM3_M0.90_H0.95_Strong_4,0.9,0.95,Strong,4,FL11,Canon 300D,0.6209716796875,ce9eeacf4a9daf272eed3366bd4152ef135b822b13d1d3661aa088f39ff765d2,5407635225722011203,1,-0.3354161788145363,False,0.0,0.0,0,False,False,0.0,0.0,0.0,0.0,0.0,0.0,False
A,AM3_M0.90_H0.95_Strong_5,0.9,0.95,Strong,5,D65,Canon 300D,0.4959869384765625,07816b2e1905d0a289194a05bda8a97c1635974ec0156da4ebdb485ea7c10a7e,2274352245175759656,1,0.30903666487484116,False,0.0,0.0,0,False,False,0.0,0.0,0.0,0.0,0.0,0.0,False
A,AM3_M0.90_H0.95_Strong_5,0.9,0.95,Strong,5,A,Canon 300D,0.4959869384765625,07816b2e1905d0a289194a05bda8a97c1635974ec0156da4ebdb485ea7c10a7e,1832355763155033436,1,0.028089438904152608,False,0.0,0.0,0,False,False,0.0,0.0,0.0,0.0,0.0,0.0,False
A,AM3_M0.90_H0.95_Strong_5,0.9,0.95,Strong,5,FL2,Canon 300D,0.4959869384765625,07816b2e1905d0a289194a05bda8a97c1635974ec0156da4ebdb485ea7c10a7e,8554535704514715598,1,0.02672634695521814,False,0.0,0.0,0,False,False,0.0,0.0,0.0,0.0,0.0,0.0,False
A,AM3_M0.90_H0.95_Strong_5,0.9,0.95,Strong,5,FL11,Canon 300D,0.4959869384765625,07816b2e1905d0a289194a05bda8a97c1635974ec0156da4ebdb485ea7c10a7e,632881826245628789,1,-0.017695048065000385,False,0.0,0.0,0,False,False,0.0,0.0,0.0,0.0,0.0,0.0,False
A,AM3_M0.90_H0.95_Strong_6,0.9,0.95,Strong,6,D65,Canon 300D,0.4462890625,d00505c1259d9a2fa78d02d9e57f4ce4e4d0dc202bed26a97d4a88423a989c51,2865297475066286925,1,0.14073990711531936,False,0.0,0.0,0,False,False,0.0,0.0,0.0,0.0,0.0,0.0,False
A,AM3_M0.90_H0.95_Strong_6,0.9,0.95,Strong,6,A,Canon 300D,0.4462890625,d00505c1259d9a2fa78d02d9e57f4ce4e4d0dc202bed26a97d4a88423a989c51,18288009880077711270,1,-0.40812832023813866,False,0.0,0.0,0,False,False,0.0,0.0,0.0,0.0,0.0,0.0,False
A,AM3_M0.90_H0.95_Strong_6,0.9,0.95,Strong,6,FL2,Canon 300D,0.4462890625,d00505c1259d9a2fa78d02d9e57f4ce4e4d0dc202bed26a97d4a88423a989c51,9541380216548735346,1,-0.48399233586004,False,0.0,0.0,0,False,False,0.0,0.0,0.0,0.0,0.0,0.0,False
A,AM3_M0.90_H0.95_Strong_6,0.9,0.95,Strong,6,FL11,Canon 300D,0.4462890625,d00505c1259d9a2fa78d02d9e57f4ce4e4d0dc202bed26a97d4a88423a989c51,17569318671911460363,1,0.05973376946747355,False,0.0,0.0,0,False,False,0.0,0.0,0.0,0.0,0.0,0.0,False
A,AM3_M0.90_H0.95_Strong_7,0.9,0.95,Strong,7,D65,Canon 300D,0.505767822265625,104a6e8d0142e077e409b2388a396cbf92ffd352c87a57b9cfaa94d1dcd56132,6817952796162651326,1,0.14029310181526655,False,0.0,0.0,0,False,False,0.0,0.0,0.0,0.0,0.0,0.0,False
A,AM3_M0.90_H0.95_Strong_7,0.9,0.95,Strong,7,A,Canon 300D,0.505767822265625,104a6e8d0142e077e409b2388a396cbf92ffd352c87a57b9cfaa94d1dcd56132,4392978893106160297,1,-0.10522719235107297,False,0.0,0.0,0,False,False,0.0,0.0,0.0,0.0,0.0,0.0,False
A,AM3_M0.90_H0.95_Strong_7,0.9,0.95,Strong,7,FL2,Canon 300D,0.505767822265625,104a6e8d0142e077e409b2388a396cbf92ffd352c87a57b9cfaa94d1dcd56132,11906258477620023265,1,0.16259568552601666,False,0.0,0.0,0,False,False,0.0,0.0,0.0,0.0,0.0,0.0,False
A,AM3_M0.90_H0.95_Strong_7,0.9,0.95,Strong,7,FL11,Canon 300D,0.505767822265625,104a6e8d0142e077e409b2388a396cbf92ffd352c87a57b9cfaa94d1dcd56132,10363921205605116471,1,0.2123387564698943,False,0.0,0.0,0,False,False,0.0,0.0,0.0,0.0,0.0,0.0,False
A,AM3_M0.95_H0.02_Full_0,0.95,0.02,Full,0,D65,Canon 300D,1.0,916b144867c340614f515c7b0e5415c74832d899c05264ded2a277a6e81d81ff,2243460399842387236,1,-0.4585893976052592,False,0.0,0.0,0,False,False,0.0,0.0,0.0,0.0,0.0,0.0,False
A,AM3_M0.95_H0.02_Full_0,0.95,0.02,Full,0,A,Canon 300D,1.0,916b144867c340614f515c7b0e5415c74832d899c05264ded2a277a6e81d81ff,16424651028585841949,1,-0.2518430091621062,False,0.0,0.0,0,False,False,0.0,0.0,0.0,0.0,0.0,0.0,False
A,AM3_M0.95_H0.02_Full_0,0.95,0.02,Full,0,FL2,Canon 300D,1.0,916b144867c340614f515c7b0e5415c74832d899c05264ded2a277a6e81d81ff,10957017750670406132,1,-0.4736367321937822,False,0.0,0.0,0,False,False,0.0,0.0,0.0,0.0,0.0,0.0,False
A,AM3_M0.95_H0.02_Full_0,0.95,0.02,Full,0,FL11,Canon 300D,1.0,916b144867c340614f515c7b0e5415c74832d899c05264ded2a277a6e81d81ff,13592843103587467526,1,-0.34464865587301313,False,0.0,0.0,0,False,False,0.0,0.0,0.0,0.0,0.0,0.0,False
A,AM3_M0.95_H0.02_Full_1,0.95,0.02,Full,1,D65,Canon 300D,1.0,916b144867c340614f515c7b0e5415c74832d899c05264ded2a277a6e81d81ff,10179796487137488264,1,-0.36822280621458603,False,0.0,0.0,0,False,False,0.0,0.0,0.0,0.0,0.0,0.0,False
A,AM3_M0.95_H0.02_Full_1,0.95,0.02,Full,1,A,Canon 300D,1.0,916b144867c340614f515c7b0e5415c74832d899c05264ded2a277a6e81d81ff,3529116230555752660,1,0.0814478077287617,False,0.0,0.0,0,False,False,0.0,0.0,0.0,0.0,0.0,0.0,False
A,AM3_M0.95_H0.02_Full_1,0.95,0.02,Full,1,FL2,Canon 300D,1.0,916b144867c340614f515c7b0e5415c74832d899c05264ded2a277a6e81d81ff,9788387375543162522,1,-0.1955145873823873,False,0.0,0.0,0,False,False,0.0,0.0,0.0,0.0,0.0,0.0,False
A,AM3_M0.95_H0.02_Full_1,0.95,0.02,Full,1,FL11,Canon 300D,1.0,916b144867c340614f515c7b0e5415c74832d899c05264ded2a277a6e81d81ff,7006743588518735869,1,0.25844440340342534,False,0.0,0.0,0,False,False,0.0,0.0,0.0,0.0,0.0,0.0,False
A,AM3_M0.95_H0.02_Full_2,0.95,0.02,Full,2,D65,Canon 300D,1.0,916b144867c340614f515c7b0e5415c74832d899c05264ded2a277a6e81d81ff,9988318006416017469,1,-0.09786734072625503,False,0.0,0.0,0,False,False,0.0,0.0,0.0,0.0,0.0,0.0,False
A,AM3_M0.95_H0.02_Full_2,0.95,0.02,Full,2,A,Canon 300D,1.0,916b144867c340614f515c7b0e5415c74832d899c05264ded2a277a6e81d81ff,7496385524799545640,1,-0.4602320678443197,False,0.0,0.0,0,False,False,0.0,0.0,0.0,0.0,0.0,0.0,False
A,AM3_M0.95_H0.02_Full_2,0.95,0.02,Full,2,FL2,Canon 300D,1.0,916b144867c340614f515c7b0e5415c74832d899c05264ded2a277a6e81d81ff,16704370408295834933,1,-0.21224348021094136,False,0.0,0.0,0,False,False,0.0,0.0,0.0,0.0,0.0,0.0,False
A,AM3_M0.95_H0.02_Full_2,0.95,0.02,Full,2,FL11,Canon 300D,1.0,916b144867c340614f515c7b0e5415c74832d899c05264ded2a277a6e81d81ff,7330111561817325533,1,-0.11765549669327457,False,0.0,0.0,0,False,False,0.0,0.0,0.0,0.0,0.0,0.0,False
A,AM3_M0.95_H0.02_Full_3,0.95,0.02,Full,3,D65,Canon 300D,1.0,916b144867c340614f515c7b0e5415c74832d899c05264ded2a277a6e81d81ff,4134246875723436488,1,0.10978675141270011,False,0.0,0.0,0,False,False,0.0,0.0,0.0,0.0,0.0,0.0,False
A,AM3_M0.95_H0.02_Full_3,0.95,0.02,Full,3,A,Canon 300D,1.0,916b144867c340614f515c7b0e5415c74832d899c05264ded2a277a6e81d81ff,7706044929716637768,1,-0.21188712845228874,False,0.0,0.0,0,False,False,0.0,0.0,0.0,0.0,0.0,0.0,False
A,AM3_M0.95_H0.02_Full_3,0.95,0.02,Full,3,FL2,Canon 300D,1.0,916b144867c340614f515c7b0e5415c74832d899c05264ded2a277a6e81d81ff,10433703286040097667,1,0.2520545476020428,False,0.0,0.0,0,False,False,0.0,0.0,0.0,0.0,0.0,0.0,False
A,AM3_M0.95_H0.02_Full_3,0.95,0.02,Full,3,FL11,Canon 300D,1.0,916b144867c340614f515c7b0e5415c74832d899c05264ded2a277a6e81d81ff,6779168986783853970,1,0.0019005583542675009,False,0.0,0.0,0,False,False,0.0,0.0,0.0,0.0,0.0,0.0,False
A,AM3_M0.95_H0.02_Full_4,0.95,0.02,Full,4,D65,Canon 300D,1.0,916b144867c340614f515c7b0e5415c74832d899c05264ded2a277a6e81d81ff,12561098947496927510,1,-0.36098395094595703,False,0.0,0.0,0,False,False,0.0,0.0,0.0,0.0,0.0,0.0,False
A,AM3_M0.95_H0.02_Full_4,0.95,0.02,Full,4,A,Canon 300D,1.0,916b144867c340614f515c7b0e5415c74832d899c05264ded2a277a6e81d81ff,13601608891055172863,1,-0.00707206169599206,False,0.0,0.0,0,False,False,0.0,0.0,0.0,0.0,0.0,0.0,False
A,AM3_M0.95_H0.02_Full_4,0.95,0.02,Full,4,FL2,Canon 300D,1.0,916b144867c340614f515c7b0e5415c74832d899c05264ded2a277a6e81d81ff,17263514285497487450,1,-0.40088571802760803,False,0.0,0.0,0,False,False,0.0,0.0,0.0,0.0,0.0,0.0,False
A,AM3_M0.95_H0.02_Full_4,0.95,0.02,Full,4,FL11,Canon 300D,1.0,916b144867c340614f515c7b0e5415c74832d899c05264ded2a277a6e81d81ff,1761243357233819724,1,-0.2575690306170912,False,0.0,0.0,0,False,False,0.0,0.0,0.0,0.0,0.0,0.0,False
A,AM3_M0.95_H0.02_Full_5,0.95,0.02,Full,5,D65,Canon 300D,1.0,916b144867c340614f515c7b0e5415c74832d899c05264ded2a277a6e81d81ff,9153702492563767530,1,0.23519851770584266,False,0.0,0.0,0,False,False,0.0,0.0,0.0,0.0,0.0,0.0,False
A,AM3_M0.95_H0.02_Full_5,0.95,0.02,Full,5,A,Canon 300D,1.0,916b144867c340614f515c7b0e5415c74832d899c05264ded2a277a6e81d81ff,3137453730550467113,1,-0.4781368335293778,False,0.0,0.0,0,False,False,0.0,0.0,0.0,0.0,0.0,0.0,False
A,AM3_M0.95_H0.02_Full_5,0.95,0.02,Full,5,FL2,Canon 300D,1.0,916b144867c340614f515c7b0e5415c74832d899c05264ded2a277a6e81d81ff,17013766859045255469,1,-0.25371022548985633,False,0.0,0.0,0,False,False,0.0,0.0,0.0,0.0,0.0,0.0,False
A,AM3_M0.95_H0.02_Full_5,0.95,0.02,Full,5,FL11,Canon 300D,1.0,916b144867c340614f515c7b0e5415c74832d899c05264ded2a277a6e81d81ff,5325186550442157973,1,0.07706818256661274,False,0.0,0.0,0,False,False,0.0,0.0,0.0,0.0,0.0,0.0,False
A,AM3_M0.95_H0.02_Full_6,0.95,0.02,Full,6,D65,Canon 300D,1.0,916b144867c340614f515c7b0e5415c74832d899c05264ded2a277a6e81d81ff,6045527814790135090,1,-0.20552828748777402,False,0.0,0.0,0,False,False,0.0,0.0,0.0,0.0,0.0,0.0,False
A,AM3_M0.95_H0.02_Full_6,0.95,0.02,Full,6,A,Canon 300D,1.0,916b144867c340614f515c7b0e5415c74832d899c05264ded2a277a6e81d81ff,3439255291762461404,1,0.11013093203680246,False,0.0,0.0,0,False,False,0.0,0.0,0.0,0.0,0.0,0.0,False
A,AM3_M0.95_H0.02_Full_6,0.95,0.02,Full,6,FL2,Canon 300D,1.0,916b144867c340614f515c7b0e5415c74832d899c05264ded2a277a6e81d81ff,7841015970915539545,1,-0.030825279841037057,False,0.0,0.0,0,False,False,0.0,0.0,0.0,0.0,0.0,0.0,False
A,AM3_M0.95_H0.02_Full_6,0.95,0.02,Full,6,FL11,Canon 300D,1.0,916b144867c340614f515c7b0e5415c74832d899c05264ded2a277a6e81d81ff,2160660330534968972,1,0.2342903467269013,False,0.0,0.0,0,False,False,0.0,0.0,0.0,0.0,0.0,0.0,False
A,AM3_M0.95_H0.02_Full_7,0.95,0.02,Full,7,D65,Canon 300D,1.0,916b144867c340614f515c7b0e5415c74832d899c05264ded2a277a6e81d81ff,18230905733275494782,1,-0.005915812190182501,False,0.0,0.0,0,False,False,0.0,0.0,0.0,0.0,0.0,0.0,False
A,AM3_M0.95_H0.02_Full_7,0.95,0.02,Full,7,A,Canon 300D,1.0,916b144867c340614f515c7b0e5415c74832d899c05264ded2a277a6e81d81ff,4738507042232598918,1,0.26568478326464684,False,0.0,0.0,0,False,False,0.0,0.0,0.0,0.0,0.0,0.0,False
A,AM3_M0.95_H0.02_Full_7,0.95,0.02,Full,7,FL2,Canon 300D,1.0,916b144867c340614f515c7b0e5415c74832d899c05264ded2a277a6e81d81ff,2227593903037039493,1,-0.04911912423063991,False,0.0,0.0,0,False,False,0.0,0.0,0.0,0.0,0.0,0.0,False
A,AM3_M0.95_H0.02_Full_7,0.95,0.02,Full,7,FL11,Canon 300D,1.0,916b144867c340614f515c7b0e5415c74832d899c05264ded2a277a6e81d81ff,7795396094252967022,1,-0.18901800855899226,False,0.0,0.0,0,False,False,0.0,0.0,0.0,0.0,0.0,0.0,False
A,AM3_M0.95_H0.02_Mild_0,0.95,0.02,Mild,0,D65,Canon 300D,0.7601165771484375,0f7f43d0db4d02f0273c9b1efe02e0eca3ef577dc3e21cd393aacadd312e7d30,10677395505832574160,1,-0.4079156055325408,False,0.0,0.0,0,False,False,0.0,0.0,0.0,0.0,0.0,0.0,False
A,AM3_M0.95_H0.02_Mild_0,0.95,0.02,Mild,0,A,Canon 300D,0.7601165771484375,0f7f43d0db4d02f0273c9b1efe02e0eca3ef577dc3e21cd393aacadd312e7d30,17107221702631154667,1,0.19256111908154128,False,0.0,0.0,0,False,False,0.0,0.0,0.0,0.0,0.0,0.0,False
A,AM3_M0.95_H0.02_Mild_0,0.95,0.02,Mild,0,FL2,Canon 300D,0.7601165771484375,0f7f43d0db4d02f0273c9b1efe02e0eca3ef577dc3e21cd393aacadd312e7d30,7824464995777225134,1,0.27395924673349015,False,0.0,0.0,0,False,False,0.0,0.0,0.0,0.0,0.0,0.0,False
A,AM3_M0.95_H0.02_Mild_0,0.95,0.02,Mild,0,FL11,Canon 300D,0.7601165771484375,0f7f43d0db4d02f0273c9b1efe02e0eca3ef577dc3e21cd393aacadd312e7d30,13844140641952280834,1,-0.4746144891574623,False,0.0,0.0,0,False,False,0.0,0.0,0.0,0.0,0.0,0.0,False
A,AM3_M0.95_H0.02_Mild_1,0.95,0.02,Mild,1,D65,Canon 300D,0.837066650390625,9bfdef4bfb7b8393b149cf031e25ec418cc1c9f0823c5b2e862c243c3ed2cb3d,6242606595996499931,1,-0.1266419671752026,False,0.0,0.0,0,False,False,0.0,0.0,0.0,0.0,0.0,0.0,False
A,AM3_M0.95_H0.02_Mild_1,0.95,0.02,Mild,1,A,Canon 300D,0.837066650390625,9bfdef4bfb7b8393b149cf031e25ec418cc1c9f0823c5b2e862c243c3ed2cb3d,16924566737953030396,1,-0.32551011224357496,False,0.0,0.0,0,False,False,0.0,0.0,0.0,0.0,0.0,0.0,False
A,AM3_M0.95_H0.02_Mild_1,0.95,0.02,Mild,1,FL2,Canon 300D,0.837066650390625,9bfdef4bfb7b8393b149cf031e25ec418cc1c9f0823c5b2e862c243c3ed2cb3d,9860411641125630573,1,-0.1755350151405255,False,0.0,0.0,0,False,False,0.0,0.0,0.0,0.0,0.0,0.0,False
A,AM3_M0.95_H0.02_Mild_1,0.95,0.02,Mild,1,FL11,Canon 300D,0.837066650390625,9bfdef4bfb7b8393b149cf031e25ec418cc1c9f0823c5b2e862c243c3ed2cb3d,14744690340543349149,1,-0.252160766270746,False,0.0,0.0,0,False,False,0.0,0.0,0.0,0.0,0.0,0.0,False
A,AM3_M0.95_H0.02_Mild_2,0.95,0.02,Mild,2,D65,Canon 300D,0.8910064697265625,78cdf277fddc0d6a3d0affa270c948abea69efd06945822ee562898778ba9086,3508932977820847298,1,-0.2892402580674542,False,0.0,0.0,0,False,False,0.0,0.0,0.0,0.0,0.0,0.0,False
A,AM3_M0.95_H0.02_Mild_2,0.95,0.02,Mild,2,A,Canon 300D,0.8910064697265625,78cdf277fddc0d6a3d0affa270c948abea69efd06945822ee562898778ba9086,4384292410617132578,1,0.01784066888176228,False,0.0,0.0,0,False,False,0.0,0.0,0.0,0.0,0.0,0.0,False
A,AM3_M0.95_H0.02_Mild_2,0.95,0.02,Mild,2,FL2,Canon 300D,0.8910064697265625,78cdf277fddc0d6a3d0affa270c948abea69efd06945822ee562898778ba9086,6721420933619504580,1,-0.1078586658204887,False,0.0,0.0,0,False,False,0.0,0.0,0.0,0.0,0.0,0.0,False
A,AM3_M0.95_H0.02_Mild_2,0.95,0.02,Mild,2,FL11,Canon 300D,0.8910064697265625,78cdf277fddc0d6a3d0affa270c948abea69efd06945822ee562898778ba9086,12186837447543065081,1,0.26170487744804793,False,0.0,0.0,0,False,False,0.0,0.0,0.0,0.0,0.0,0.0,False
A,AM3_M0.95_H0.02_Mild_3,0.95,0.02,Mild,3,D65,Canon 300D,0.7934112548828125,0352881968a250c47c2c07ca382ee79be54470c66b441b3d343c0cff7e0f343a,14532030550411433593,1,0.16992171926952804,False,0.0,0.0,0,False,False,0.0,0.0,0.0,0.0,0.0,0.0,False
A,AM3_M0.95_H0.02_Mild_3,0.95,0.02,Mild,3,A,Canon 300D,0.7934112548828125,0352881968a250c47c2c07ca382ee79be54470c66b441b3d343c0cff7e0f343a,5200286435550257482,1,0.13222106146986712,False,0.0,0.0,0,False,False,0.0,0.0,0.0,0.0,0.0,0.0,False
A,AM3_M0.95_H0.02_Mild_3,0.95,0.02,Mild,3,FL2,Canon 300D,0.7934112548828125,0352881968a250c47c2c07ca382ee79be54470c66b441b3d343c0cff7e0f343a,13446891655550497688,1,-0.47725611865523165,False,0.0,0.0,0,False,False,0.0,0.0,0.0,0.0,0.0,0.0,False
A,AM3_M0.95_H0.02_Mild_3,0.95,0.02,Mild,3,FL11,Canon 300D,0.7934112548828125,0352881968a250c47c2c07ca382ee79be54470c66b441b3d343c0cff7e0f343a,1484253603821434489,1,-0.30709487445703276,False,0.0,0.0,0,False,False,0.0,0.0,0.0,0.0,0.0,0.0,False
A,AM3_M0.95_H0.02_Mild_4,0.95,0.02,Mild,4,D65,Canon 300D,0.92193603515625,02b6a89e36e6888715fe4b7bcd0bc924de94f413b1344732a6efa3b062dbf915,10375552419837902993,1,-0.4462278143561027,False,0.0,0.0,0,False,False,0.0,0.0,0.0,0.0,0.0,0.0,False
A,AM3_M0.95_H0.02_Mild_4,0.95,0.02,Mild,4,A,Canon 300D,0.92193603515625,02b6a89e36e6888715fe4b7bcd0bc924de94f413b1344732a6efa3b062dbf915,3422588251394187958,1,-0.03067908471487829,False,0.0,0.0,0,False,False,0.0,0.0,0.0,0.0,0.0,0.0,False
A,AM3_M0.95_H0.02_Mild_4,0.95,0.02,Mild,4,FL2,Canon 300D,0.92193603515625,02b6a89e36e6888715fe4b7bcd0bc924de94f413b1344732a6efa3b062dbf915,4594349835677380074,1,-0.3018474543558764,False,0.0,0.0,0,False,False,0.0,0.0,0.0,0.0,0.0,0.0,False
A,AM3_M0.95_H0.02_Mild_4,0.95,0.02,Mild,4,FL11,Canon 300D,0.92193603515625,02b6a89e36e6888715fe4b7bcd0bc924de94f413b1344732a6efa3b062dbf915,7367362251351291711,1,-0.35658739586530275,False,0.0,0.0,0,False,False,0.0,0.0,0.0,0.0,0.0,0.0,False
A,AM3_M0.95_H0.02_Mild_5,0.95,0.02,Mild,5,D65,Canon 300D,0.787841796875,154d9bd4abf1541fb507d028ae1d9846ebb62a1320aceb19d699349a4b9b018a,18232505805485369519,1,0.23198015544937545,False,0.0,0.0,0,False,False,0.0,0.0,0.0,0.0,0.0,0.0,False
A,AM3_M0.95_H0.02_Mild_5,0.95,0.02,Mild,5,A,Canon 300D,0.787841796875,154d9bd4abf1541fb507d028ae1d9846ebb62a1320aceb19d699349a4b9b018a,10486745514820240377,1,-0.30764736257162983,False,0.0,0.0,0,False,False,0.0,0.0,0.0,0.0,0.0,0.0,False
A,AM3_M0.95_H0.02_Mild_5,0.95,0.02,Mild,5,FL2,Canon 300D,0.787841796875,154d9bd4abf1541fb507d028ae1d9846ebb62a1320aceb19d699349a4b9b018a,1341341336714547668,1,0.215067380750672,False,0.0,0.0,0,False,False,0.0,0.0,0.0,0.0,0.0,0.0,False
A,AM3_M0.95_H0.02_Mild_5,0.95,0.02,Mild,5,FL11,Canon 300D,0.787841796875,154d9bd4abf1541fb507d028ae1d9846ebb62a1320aceb19d699349a4b9b018a,10394562911798285240,1,0.21587370375875325,False,0.0,0.0,0,False,False,0.0,0.0,0.0,0.0,0.0,0.0,False
A,AM3_M0.95_H0.02_Mild_6,0.95,0.02,Mild,6,D65,Canon 300D,0.8820343017578125,46254d5ce9f76a6a844ad2ddb82e626b86841edc7762218617649c5d725fd6ac,11847176623172038280,1,0.07971436174664948,False,0.0,0.0,0,False,False,0.0,0.0,0.0,0.0,0.0,0.0,False
A,AM3_M0.95_H0.02_Mild_6,0.95,0.02,Mild,6,A,Canon 300D,0.8820343017578125,46254d5ce9f76a6a844ad2ddb82e626b86841edc7762218617649c5d725fd6ac,9933697019715570031,1,-0.4290392724537615,False,0.0,0.0,0,False,False,0.0,0.0,0.0,0.0,0.0,0.0,False
A,AM3_M0.95_H0.02_Mild_6,0.95,0.02,Mild,6,FL2,Canon 300D,0.8820343017578125,46254d5ce9f76a6a844ad2ddb82e626b86841edc7762218617649c5d725fd6ac,158023490917734583,1,0.028261965797654498,False,0.0,0.0,0,False,False,0.0,0.0,0.0,0.0,0.0,0.0,False
A,AM3_M0.95_H0.02_Mild_6,0.95,0.02,Mild,6,FL11,Canon 300D,0.8820343017578125,46254d5ce9f76a6a844ad2ddb82e626b86841edc7762218617649c5d725fd6ac,5709831740951555474,1,0.16892851926096364,False,0.0,0.0,0,False,False,0.0,0.0,0.0,0.0,0.0,0.0,False
A,AM3_M0.95_H0.02_Mild_7,0.95,0.02,Mild,7,D65,Canon 300D,0.7577362060546875,756a620f81374ecc9b87a7fa8d070877b10bdb12bb4ba7769e5dcf481f9c34ae,18428992868508308537,1,-0.44295855844272514,False,0.0,0.0,0,False,False,0.0,0.0,0.0,0.0,0.0,0.0,False
A,AM3_M0.95_H0.02_Mild_7,0.95,0.02,Mild,7,A,Canon 300D,0.7577362060546875,756a620f81374ecc9b87a7fa8d070877b10bdb12bb4ba7769e5dcf481f9c34ae,4900953020376115494,1,-0.040564825663987,False,0.0,0.0,0,False,False,0.0,0.0,0.0,0.0,0.0,0.0,False
A,AM3_M0.95_H0.02_Mild_7,0.95,0.02,Mild,7,FL2,Canon 300D,0.7577362060546875,756a620f81374ecc9b87a7fa8d070877b10bdb12bb4ba7769e5dcf481f9c34ae,3572459484527072993,1,-0.23976493857778303,False,0.0,0.0,0,False,False,0.0,0.0,0.0,0.0,0.0,0.0,False
A,AM3_M0.95_H0.02_Mild_7,0.95,0.02,Mild,7,FL11,Canon 300D,0.7577362060546875,756a620f81374ecc9b87a7fa8d070877b10bdb12bb4ba7769e5dcf481f9c34ae,11020148963179797042,1,-0.24495848545715188,False,0.0,0.0,0,False,False,0.0,0.0,0.0,0.0,0.0,0.0,False
A,AM3_M0.95_H0.02_Strong_0,0.95,0.02,Strong,0,D65,Canon 300D,0.5991973876953125,34a408af648c0cf0cfcfca9af743783ae5d88f6720b6062e9e5f9a57347b24c1,4199729917770178605,1,-0.13060026340793496,False,0.0,0.0,0,False,False,0.0,0.0,0.0,0.0,0.0,0.0,False
A,AM3_M0.95_H0.02_Strong_0,0.95,0.02,Strong,0,A,Canon 300D,0.5991973876953125,34a408af648c0cf0cfcfca9af743783ae5d88f6720b6062e9e5f9a57347b24c1,4582424517584937429,1,-0.41458366217672676,False,0.0,0.0,0,False,False,0.0,0.0,0.0,0.0,0.0,0.0,False
A,AM3_M0.95_H0.02_Strong_0,0.95,0.02,Strong,0,FL2,Canon 300D,0.5991973876953125,34a408af648c0cf0cfcfca9af743783ae5d88f6720b6062e9e5f9a57347b24c1,14734756142133093768,1,0.12393983689800481,False,0.0,0.0,0,False,False,0.0,0.0,0.0,0.0,0.0,0.0,False
A,AM3_M0.95_H0.02_Strong_0,0.95,0.02,Strong,0,FL11,Canon 300D,0.5991973876953125,34a408af648c0cf0cfcfca9af743783ae5d88f6720b6062e9e5f9a57347b24c1,5850824716629150218,1,0.23603418609578342,False,0.0,0.0,0,False,False,0.0,0.0,0.0,0.0,0.0,0.0,False
A,AM3_M0.95_H0.02_Strong_1,0.95,0.02,Strong,1,D65,Canon 300D,0.6299591064453125,773d1500eb2a79339ec924d89aac8c6aa6d67e9e86da344a1fadcda4fbc4dc82,3261415313797495744,1,-0.1932813048655161,False,0.0,0.0,0,False,False,0.0,0.0,0.0,0.0,0.0,0.0,False
A,AM3_M0.95_H0.02_Strong_1,0.95,0.02,Strong,1,A,Canon 300D,0.6299591064453125,773d1500eb2a79339ec924d89aac8c6aa6d67e9e86da344a1fadcda4fbc4dc82,7627072847233207311,1,0.12599020873079447,False,0.0,0.0,0,False,False,0.0,0.0,0.0,0.0,0.0,0.0,False
A,AM3_M0.95_H0.02_Strong_1,0.95,0.02,Strong,1,FL2,Canon 300D,0.6299591064453125,773d1500eb2a79339ec924d89aac8c6aa6d67e9e86da344a1fadcda4fbc4dc82,2591676532180778002,1,-0.4750745124090452,False,0.0,0.0,0,False,False,0.0,0.0,0.0,0.0,0.0,0.0,False
A,AM3_M0.95_H0.02_Strong_1,0.95,0.02,Strong,1,FL11,Canon 300D,0.6299591064453125,773d1500eb2a79339ec924d89aac8c6aa6d67e9e86da344a1fadcda4fbc4dc82,7282568176314897485,1,0.03895691848612426,False,0.0,0.0,0,False,False,0.0,0.0,0.0,0.0,0.0,0.0,False
A,AM3_M0.95_H0.02_Strong_2,0.95,0.02,Strong,2,D65,Canon 300D,0.337005615234375,bbc14ab9eda2a8b15abf2dc0d9c9060e1ea47e84ea644385138bc682e888ef1a,6719271214934627909,1,0.1340681062256145,False,0.0,0.0,0,False,False,0.0,0.0,0.0,0.0,0.0,0.0,False
A,AM3_M0.95_H0.02_Strong_2,0.95,0.02,Strong,2,A,Canon 300D,0.337005615234375,bbc14ab9eda2a8b15abf2dc0d9c9060e1ea47e84ea644385138bc682e888ef1a,4853320382282183589,1,0.08967928258666158,False,0.0,0.0,0,False,False,0.0,0.0,0.0,0.0,0.0,0.0,False
A,AM3_M0.95_H0.02_Strong_2,0.95,0.02,Strong,2,FL2,Canon 300D,0.337005615234375,bbc14ab9eda2a8b15abf2dc0d9c9060e1ea47e84ea644385138bc682e888ef1a,9443259284248846144,1,-0.059498578796590706,False,0.0,0.0,0,False,False,0.0,0.0,0.0,0.0,0.0,0.0,False
A,AM3_M0.95_H0.02_Strong_2,0.95,0.02,Strong,2,FL11,Canon 300D,0.337005615234375,bbc14ab9eda2a8b15abf2dc0d9c9060e1ea47e84ea644385138bc682e888ef1a,1910756301974114228,1,0.0940510823053553,False,0.0,0.0,0,False,False,0.0,0.0,0.0,0.0,0.0,0.0,False
A,AM3_M0.95_H0.02_Strong_3,0.95,0.02,Strong,3,D65,Canon 300D,0.3927154541015625,6a54d7c1971310f0b32d6648e8fc6ce051aa9ce814550bd9c5fca6d2e681ac8e,15112225616484505110,1,-0.022980097400552568,False,0.0,0.0,0,False,False,0.0,0.0,0.0,0.0,0.0,0.0,False
A,AM3_M0.95_H0.02_Strong_3,0.95,0.02,Strong,3,A,Canon 300D,0.3927154541015625,6a54d7c1971310f0b32d6648e8fc6ce051aa9ce814550bd9c5fca6d2e681ac8e,14800677615156018205,1,-0.410628312433948,False,0.0,0.0,0,False,False,0.0,0.0,0.0,0.0,0.0,0.0,False
A,AM3_M0.95_H0.02_Strong_3,0.95,0.02,Strong,3,FL2,Canon 300D,0.3927154541015625,6a54d7c1971310f0b32d6648e8fc6ce051aa9ce814550bd9c5fca6d2e681ac8e,17785539965961959189,1,-0.11183536243523101,False,0.0,0.0,0,False,False,0.0,0.0,0.0,0.0,0.0,0.0,False
A,AM3_M0.95_H0.02_Strong_3,0.95,0.02,Strong,3,FL11,Canon 300D,0.3927154541015625,6a54d7c1971310f0b32d6648e8fc6ce051aa9ce814550bd9c5fca6d2e681ac8e,792208623448326320,1,-0.43105019180583126,False,0.0,0.0,0,False,False,0.0,0.0,0.0,0.0,0.0,0.0,False
A,AM3_M0.95_H0.02_Strong_4,0.95,0.02,Strong,4,D65,Canon 300D,0.6149749755859375,91c8d6dc773a369b5ce9ff8684fb2ea31e5798fb2702006b0ca066845b27f471,2057796177429845939,1,-0.00022782353839828628,False,0.0,0.0,0,False,False,0.0,0.0,0.0,0.0,0.0,0.0,False
A,AM3_M0.95_H0.02_Strong_4,0.95,0.02,Strong,4,A,Canon 300D,0.6149749755859375,91c8d6dc773a369b5ce9ff8684fb2ea31e5798fb2702006b0ca066845b27f471,485294543591346167,1,-0.09032223834922531,False,0.0,0.0,0,False,False,0.0,0.0,0.0,0.0,0.0,0.0,False
A,AM3_M0.95_H0.02_Strong_4,0.95,0.02,Strong,4,FL2,Canon 300D,0.6149749755859375,91c8d6dc773a369b5ce9ff8684fb2ea31e5798fb2702006b0ca066845b27f471,16253214073862533471,1,0.1354399491332674,False,0.0,0.0,0,False,False,0.0,0.0,0.0,0.0,0.0,0.0,False
A,AM3_M0.95_H0.02_Strong_4,0.95,0.02,Strong,4,FL11,Canon 300D,0.6149749755859375,91c8d6dc773a369b5ce9ff8684fb2ea31e5798fb2702006b0ca066845b27f471,16342381851707002043,1,-0.4710619120764935,False,0.0,0.0,0,False,False,0.0,0.0,0.0,0.0,0.0,0.0,False
A,AM3_M0.95_H0.02_Strong_5,0.95,0.02,Strong,5,D65,Canon 300D,0.5783843994140625,4a4d2d7961729341e2cd9cdd6580ae8dca6a2538bb8fc7fc196e9d2a424c2773,12963642022311116048,1,-0.15135804364488648,False,0.0,0.0,0,False,False,0.0,0.0,0.0,0.0,0.0,0.0,False
A,AM3_M0.95_H0.02_Strong_5,0.95,0.02,Strong,5,A,Canon 300D,0.5783843994140625,4a4d2d7961729341e2cd9cdd6580ae8dca6a2538bb8fc7fc196e9d2a424c2773,15855065464596775218,1,0.10489898339244319,False,0.0,0.0,0,False,False,0.0,0.0,0.0,0.0,0.0,0.0,False
A,AM3_M0.95_H0.02_Strong_5,0.95,0.02,Strong,5,FL2,Canon 300D,0.5783843994140625,4a4d2d7961729341e2cd9cdd6580ae8dca6a2538bb8fc7fc196e9d2a424c2773,8887163104594656428,1,0.20858251193621413,False,0.0,0.0,0,False,False,0.0,0.0,0.0,0.0,0.0,0.0,False
A,AM3_M0.95_H0.02_Strong_5,0.95,0.02,Strong,5,FL11,Canon 300D,0.5783843994140625,4a4d2d7961729341e2cd9cdd6580ae8dca6a2538bb8fc7fc196e9d2a424c2773,4218976405559054336,1,-0.028994672242397823,False,0.0,0.0,0,False,False,0.0,0.0,0.0,0.0,0.0,0.0,False
A,AM3_M0.95_H0.02_Strong_6,0.95,0.02,Strong,6,D65,Canon 300D,0.4468841552734375,022f7562febdfe051b33be8174dfacc171bd4eda030cd0f3d13afeced7aa9790,2716264725099922010,1,-0.08315894063598,False,0.0,0.0,0,False,False,0.0,0.0,0.0,0.0,0.0,0.0,False
A,AM3_M0.95_H0.02_Strong_6,0.95,0.02,Strong,6,A,Canon 300D,0.4468841552734375,022f7562febdfe051b33be8174dfacc171bd4eda030cd0f3d13afeced7aa9790,4083280769009011265,1,-0.4690121511604883,False,0.0,0.0,0,False,False,0.0,0.0,0.0,0.0,0.0,0.0,False
A,AM3_M0.95_H0.02_Strong_6,0.95,0.02,Strong,6,FL2,Canon 300D,0.4468841552734375,022f7562febdfe051b33be8174dfacc171bd4eda030cd0f3d13afeced7aa9790,7499670445206897829,1,0.1446887525793089,False,0.0,0.0,0,False,False,0.0,0.0,0.0,0.0,0.0,0.0,False
A,AM3_M0.95_H0.02_Strong_6,0.95,0.02,Strong,6,FL11,Canon 300D,0.4468841552734375,022f7562febdfe051b33be8174dfacc171bd4eda030cd0f3d13afeced7aa9790,13757561278596737753,1,-0.428998350536683,False,0.0,0.0,0,False,False,0.0,0.0,0.0,0.0,0.0,0.0,False
A,AM3_M0.95_H0.02_Strong_7,0.95,0.02,Strong,7,D65,Canon 300D,0.6251068115234375,cad5a82ea3f350254d4b66632865930a6e3316bec654d2f21f731c554767e2ce,10671312015407375008,1,-0.12636076717063394,False,0.0,0.0,0,False,False,0.0,0.0,0.0,0.0,0.0,0.0,False
A,AM3_M0.95_H0.02_Strong_7,0.95,0.02,Strong,7,A,Canon 300D,0.6251068115234375,cad5a82ea3f350254d4b66632865930a6e3316bec654d2f21f731c554767e2ce,7444917428668412105,1,-0.3417557729124856,False,0.0,0.0,0,False,False,0.0,0.0,0.0,0.0,0.0,0.0,False
A,AM3_M0.95_H0.02_Strong_7,0.95,0.02,Strong,7,FL2,Canon 300D,0.6251068115234375,cad5a82ea3f350254d4b66632865930a6e3316bec654d2f21f731c554767e2ce,13722364884796235779,1,-0.05071082576381292,False,0.0,0.0,0,False,False,0.0,0.0,0.0,0.0,0.0,0.0,False
A,AM3_M0.95_H0.02_Strong_7,0.95,0.02,Strong,7,FL11,Canon 300D,0.6251068115234375,cad5a82ea3f350254d4b66632865930a6e3316bec654d2f21f731c554767e2ce,11153941596558200661,1,-0.43827458899723426,False,0.0,0.0,0,False,False,0.0,0.0,0.0,0.0,0.0,0.0,False
A,AM3_M0.95_H0.50_Full_0,0.95,0.5,Full,0,D65,Canon 300D,1.0,916b144867c340614f515c7b0e5415c74832d899c05264ded2a277a6e81d81ff,3872132941284506313,1,-0.10169177303399357,False,0.0,0.0,0,False,False,0.0,0.0,0.0,0.0,0.0,0.0,False
A,AM3_M0.95_H0.50_Full_0,0.95,0.5,Full,0,A,Canon 300D,1.0,916b144867c340614f515c7b0e5415c74832d899c05264ded2a277a6e81d81ff,14630806449778460275,1,-0.2718827016668056,False,0.0,0.0,0,False,False,0.0,0.0,0.0,0.0,0.0,0.0,False
A,AM3_M0.95_H0.50_Full_0,0.95,0.5,Full,0,FL2,Canon 300D,1.0,916b144867c340614f515c7b0e5415c74832d899c05264ded2a277a6e81d81ff,7444727678756956858,1,-0.38660648341168086,False,0.0,0.0,0,False,False,0.0,0.0,0.0,0.0,0.0,0.0,False
A,AM3_M0.95_H0.50_Full_0,0.95,0.5,Full,0,FL11,Canon 300D,1.0,916b144867c340614f515c7b0e5415c74832d899c05264ded2a277a6e81d81ff,18274842320091032303,1,-0.43115267142855335,False,0.0,0.0,0,False,False,0.0,0.0,0.0,0.0,0.0,0.0,False
A,AM3_M0.95_H0.50_Full_1,0.95,0.5,Full,1,D65,Canon 300D,1.0,916b144867c340614f515c7b0e5415c74832d899c05264ded2a277a6e81d81ff,7821880397299835546,1,0.27902719730290915,False,0.0,0.0,0,False,False,0.0,0.0,0.0,0.0,0.0,0.0,False
A,AM3_M0.95_H0.50_Full_1,0.95,0.5,Full,1,A,Canon 300D,1.0,916b144867c340614f515c7b0e5415c74832d899c05264ded2a277a6e81d81ff,12377295917702174740,1,0.05266716713876518,False,0.0,0.0,0,False,False,0.0,0.0,0.0,0.0,0.0,0.0,False
A,AM3_M0.95_H0.50_Full_1,0.95,0.5,Full,1,FL2,Canon 300D,1.0,916b144867c340614f515c7b0e5415c74832d899c05264ded2a277a6e81d81ff,5641491512500830128,1,0.04153789136658248,False,0.0,0.0,0,False,False,0.0,0.0,0.0,0.0,0.0,0.0,False
A,AM3_M0.95_H0.50_Full_1,0.95,0.5,Full,1,FL11,Canon 300D,1.0,916b144867c340614f515c7b0e5415c74832d899c05264ded2a277a6e81d81ff,17232279932754212901,1,-0.3065343878766256,False,0.0,0.0,0,False,False,0.0,0.0,0.0,0.0,0.0,0.0,False
A,AM3_M0.95_H0.50_Full_2,0.95,0.5,Full,2,D65,Canon 300D,1.0,916b144867c340614f515c7b0e5415c74832d899c05264ded2a277a6e81d81ff,11849295390054165171,1,0.2738746310813194,False,0.0,0.0,0,False,False,0.0,0.0,0.0,0.0,0.0,0.0,False
A,AM3_M0.95_H0.50_Full_2,0.95,0.5,Full,2,A,Canon 300D,1.0,916b144867c340614f515c7b0e5415c74832d899c05264ded2a277a6e81d81ff,12559618846401796499,1,0.19287638859075162,False,0.0,0.0,0,False,False,0.0,0.0,0.0,0.0,0.0,0.0,False
A,AM3_M0.95_H0.50_Full_2,0.95,0.5,Full,2,FL2,Canon 300D,1.0,916b144867c340614f515c7b0e5415c74832d899c05264ded2a277a6e81d81ff,6036335471269074299,1,-0.17565461452523262,False,0.0,0.0,0,False,False,0.0,0.0,0.0,0.0,0.0,0.0,False
A,AM3_M0.95_H0.50_Full_2,0.95,0.5,Full,2,FL11,Canon 300D,1.0,916b144867c340614f515c7b0e5415c74832d899c05264ded2a277a6e81d81ff,3019533483794103963,1,-0.26850593230292075,False,0.0,0.0,0,False,False,0.0,0.0,0.0,0.0,0.0,0.0,False
A,AM3_M0.95_H0.50_Full_3,0.95,0.5,Full,3,D65,Canon 300D,1.0,916b144867c340614f515c7b0e5415c74832d899c05264ded2a277a6e81d81ff,7403759585736830374,1,-0.4580113654767033,False,0.0,0.0,0,False,False,0.0,0.0,0.0,0.0,0.0,0.0,False
A,AM3_M0.95_H0.50_Full_3,0.95,0.5,Full,3,A,Canon 300D,1.0,916b144867c340614f515c7b0e5415c74832d899c05264ded2a277a6e81d81ff,2791907183099321120,1,-0.016348462671891717,False,0.0,0.0,0,False,False,0.0,0.0,0.0,0.0,0.0,0.0,False
A,AM3_M0.95_H0.50_Full_3,0.95,0.5,Full,3,FL2,Canon 300D,1.0,916b144867c340614f515c7b0e5415c74832d899c05264ded2a277a6e81d81ff,5847323056646878496,1,0.0058825759147602685,False,0.0,0.0,0,False,False,0.0,0.0,0.0,0.0,0.0,0.0,False
A,AM3_M0.95_H0.50_Full_3,0.95,0.5,Full,3,FL11,Canon 300D,1.0,916b144867c340614f515c7b0e5415c74832d899c05264ded2a277a6e81d81ff,17657407849550554743,1,0.13018853525368068,False,0.0,0.0,0,False,False,0.0,0.0,0.0,0.0,0.0,0.0,False
A,AM3_M0.95_H0.50_Full_4,0.95,0.5,Full,4,D65,Canon 300D,1.0,916b144867c340614f515c7b0e5415c74832d899c05264ded2a277a6e81d81ff,14204521691784919476,1,0.23701209761451725,False,0.0,0.0,0,False,False,0.0,0.0,0.0,0.0,0.0,0.0,False
A,AM3_M0.95_H0.50_Full_4,0.95,0.5,Full,4,A,Canon 300D,1.0,916b144867c340614f515c7b0e5415c74832d899c05264ded2a277a6e81d81ff,4073817781952027699,1,-0.2885671418243801,False,0.0,0.0,0,False,False,0.0,0.0,0.0,0.0,0.0,0.0,False
A,AM3_M0.95_H0.50_Full_4,0.95,0.5,Full,4,FL2,Canon 300D,1.0,916b144867c340614f515c7b0e5415c74832d899c05264ded2a277a6e81d81ff,3708515760913092555,1,-0.49771654881334,False,0.0,0.0,0,False,False,0.0,0.0,0.0,0.0,0.0,0.0,False
A,AM3_M0.95_H0.50_Full_4,0.95,0.5,Full,4,FL11,Canon 300D,1.0,916b144867c340614f515c7b0e5415c74832d899c05264ded2a277a6e81d81ff,11640440270202858702,1,-0.03592988823698362,False,0.0,0.0,0,False,False,0.0,0.0,0.0,0.0,0.0,0.0,False
A,AM3_M0.95_H0.50_Full_5,0.95,0.5,Full,5,D65,Canon 300D,1.0,916b144867c340614f515c7b0e5415c74832d899c05264ded2a277a6e81d81ff,11973386884477455535,1,0.036269914484148735,False,0.0,0.0,0,False,False,0.0,0.0,0.0,0.0,0.0,0.0,False
A,AM3_M0.95_H0.50_Full_5,0.95,0.5,Full,5,A,Canon 300D,1.0,916b144867c340614f515c7b0e5415c74832d899c05264ded2a277a6e81d81ff,9443777711097419197,1,0.05726690953626612,False,0.0,0.0,0,False,False,0.0,0.0,0.0,0.0,0.0,0.0,False
A,AM3_M0.95_H0.50_Full_5,0.95,0.5,Full,5,FL2,Canon 300D,1.0,916b144867c340614f515c7b0e5415c74832d899c05264ded2a277a6e81d81ff,13738792218862687419,1,0.2758809786478277,False,0.0,0.0,0,False,False,0.0,0.0,0.0,0.0,0.0,0.0,False
A,AM3_M0.95_H0.50_Full_5,0.95,0.5,Full,5,FL11,Canon 300D,1.0,916b144867c340614f515c7b0e5415c74832d899c05264ded2a277a6e81d81ff,10033477127187611252,1,-0.28430786329047686,False,0.0,0.0,0,False,False,0.0,0.0,0.0,0.0,0.0,0.0,False
A,AM3_M0.95_H0.50_Full_6,0.95,0.5,Full,6,D65,Canon 300D,1.0,916b144867c340614f515c7b0e5415c74832d899c05264ded2a277a6e81d81ff,12723164941192561960,1,-0.05814549051049828,False,0.0,0.0,0,False,False,0.0,0.0,0.0,0.0,0.0,0.0,False
A,AM3_M0.95_H0.50_Full_6,0.95,0.5,Full,6,A,Canon 300D,1.0,916b144867c340614f515c7b0e5415c74832d899c05264ded2a277a6e81d81ff,16785852664076345040,1,-0.4894776664589449,False,0.0,0.0,0,False,False,0.0,0.0,0.0,0.0,0.0,0.0,False
A,AM3_M0.95_H0.50_Full_6,0.95,0.5,Full,6,FL2,Canon 300D,1.0,916b144867c340614f515c7b0e5415c74832d899c05264ded2a277a6e81d81ff,9506161217625662330,1,-0.32355174384316726,False,0.0,0.0,0,False,False,0.0,0.0,0.0,0.0,0.0,0.0,False
A,AM3_M0.95_H0.50_Full_6,0.95,0.5,Full,6,FL11,Canon 300D,1.0,916b144867c340614f515c7b0e5415c74832d899c05264ded2a277a6e81d81ff,7800621029738842149,1,-0.4759518943926782,False,0.0,0.0,0,False,False,0.0,0.0,0.0,0.0,0.0,0.0,False
A,AM3_M0.95_H0.50_Full_7,0.95,0.5,Full,7,D65,Canon 300D,1.0,916b144867c340614f515c7b0e5415c74832d899c05264ded2a277a6e81d81ff,7248323469806282222,1,0.1066544742993828,False,0.0,0.0,0,False,False,0.0,0.0,0.0,0.0,0.0,0.0,False
A,AM3_M0.95_H0.50_Full_7,0.95,0.5,Full,7,A,Canon 300D,1.0,916b144867c340614f515c7b0e5415c74832d899c05264ded2a277a6e81d81ff,6444197218348141691,1,0.0703303079241111,False,0.0,0.0,0,False,False,0.0,0.0,0.0,0.0,0.0,0.0,False
A,AM3_M0.95_H0.50_Full_7,0.95,0.5,Full,7,FL2,Canon 300D,1.0,916b144867c340614f515c7b0e5415c74832d899c05264ded2a277a6e81d81ff,6437622482895280609,1,-0.10184722250318767,False,0.0,0.0,0,False,False,0.0,0.0,0.0,0.0,0.0,0.0,False
A,AM3_M0.95_H0.50_Full_7,0.95,0.5,Full,7,FL11,Canon 300D,1.0,916b144867c340614f515c7b0e5415c74832d899c05264ded2a277a6e81d81ff,14271213049429352181,1,-0.040254405594376486,False,0.0,0.0,0,False,False,0.0,0.0,0.0,0.0,0.0,0.0,False
A,AM3_M0.95_H0.50_Mild_0,0.95,0.5,Mild,0,D65,Canon 300D,0.9041595458984375,2df95ca9642614b2d8be7258534275ac5597a5fb259214f624972c2615f931b2,5082335088659103025,1,0.11663965225441231,False,0.0,0.0,0,False,False,0.0,0.0,0.0,0.0,0.0,0.0,False
A,AM3_M0.95_H0.50_Mild_0,0.95,0.5,Mild,0,A,Canon 300D,0.9041595458984375,2df95ca9642614b2d8be7258534275ac5597a5fb259214f624972c2615f931b2,3187906670587669703,1,0.2866703442163726,False,0.0,0.0,0,False,False,0.0,0.0,0.0,0.0,0.0,0.0,False
A,AM3_M0.95_H0.50_Mild_0,0.95,0.5,Mild,0,FL2,Canon 300D,0.9041595458984375,2df95ca9642614b2d8be7258534275ac5597a5fb259214f624972c2615f931b2,15708989764008033222,1,-0.13399852249769384,False,0.0,0.0,0,False,False,0.0,0.0,0.0,0.0,0.0,0.0,False
A,AM3_M0.95_H0.50_Mild_0,0.95,0.5,Mild,0,FL11,Canon 300D,0.9041595458984375,2df95ca9642614b2d8be7258534275ac5597a5fb259214f624972c2615f931b2,14162954139890761102,1,0.21873123721758303,False,0.0,0.0,0,False,False,0.0,0.0,0.0,0.0,0.0,0.0,False
A,AM3_M0.95_H0.50_Mild_1,0.95,0.5,Mild,1,D65,Canon 300D,0.819976806640625,de9dd400c07a3e0e178d843aac4e8966cbd3fd76698f79fbede582ac47d8260d,9071807995861905998,1,0.1972674704733841,False,0.0,0.0,0,False,False,0.0,0.0,0.0,0.0,0.0,0.0,False
A,AM3_M0.95_H0.50_Mild_1,0.95,0.5,Mild,1,A,Canon 300D,0.819976806640625,de9dd400c07a3e0e178d843aac4e8966cbd3fd76698f79fbede582ac47d8260d,2276623986277251769,1,-0.35498592967086806,False,0.0,0.0,0,False,False,0.0,0.0,0.0,0.0,0.0,0.0,False
A,AM3_M0.95_H0.50_Mild_1,0.95,0.5,Mild,1,FL2,Canon 300D,0.819976806640625,de9dd400c07a3e0e178d843aac4e8966cbd3fd76698f79fbede582ac47d8260d,9060148625450604465,1,-0.4868957399218403,False,0.0,0.0,0,False,False,0.0,0.0,0.0,0.0,0.0,0.0,False
A,AM3_M0.95_H0.50_Mild_1,0.95,0.5,Mild,1,FL11,Canon 300D,0.819976806640625,de9dd400c07a3e0e178d843aac4e8966cbd3fd76698f79fbede582ac47d8260d,9382798533140333330,1,-0.19551100678095668,False,0.0,0.0,0,False,False,0.0,0.0,0.0,0.0,0.0,0.0,False
A,AM3_M0.95_H0.50_Mild_2,0.95,0.5,Mild,2,D65,Canon 300D,0.86151123046875,b59d8ad59368c75e31a83f344f1a2bed0c4df221bf555d0a7f25596420bc3464,13160345748833072236,1,0.21580259110724687,False,0.0,0.0,0,False,False,0.0,0.0,0.0,0.0,0.0,0.0,False
A,AM3_M0.95_H0.50_Mild_2,0.95,0.5,Mild,2,A,Canon 300D,0.86151123046875,b59d8ad59368c75e31a83f344f1a2bed0c4df221bf555d0a7f25596420bc3464,8507584009923848452,1,-0.028836149205406725,False,0.0,0.0,0,False,False,0.0,0.0,0.0,0.0,0.0,0.0,False
A,AM3_M0.95_H0.50_Mild_2,0.95,0.5,Mild,2,FL2,Canon 300D,0.86151123046875,b59d8ad59368c75e31a83f344f1a2bed0c4df221bf555d0a7f25596420bc3464,5076995744656963695,1,-0.019089358259005595,False,0.0,0.0,0,False,False,0.0,0.0,0.0,0.0,0.0,0.0,False
A,AM3_M0.95_H0.50_Mild_2,0.95,0.5,Mild,2,FL11,Canon 300D,0.86151123046875,b59d8ad59368c75e31a83f344f1a2bed0c4df221bf555d0a7f25596420bc3464,6147923868020782002,1,-0.013731692660853001,False,0.0,0.0,0,False,False,0.0,0.0,0.0,0.0,0.0,0.0,False
A,AM3_M0.95_H0.50_Mild_3,0.95,0.5,Mild,3,D65,Canon 300D,0.805145263671875,890ec7b9a1d59a6313393b5c4b7d01d0cd2d8cffed0846d8015a62fd71d1d925,3355895697328795653,1,-0.42353951406539286,False,0.0,0.0,0,False,False,0.0,0.0,0.0,0.0,0.0,0.0,False
A,AM3_M0.95_H0.50_Mild_3,0.95,0.5,Mild,3,A,Canon 300D,0.805145263671875,890ec7b9a1d59a6313393b5c4b7d01d0cd2d8cffed0846d8015a62fd71d1d925,11527589249523914251,1,0.202874877886296,False,0.0,0.0,0,False,False,0.0,0.0,0.0,0.0,0.0,0.0,False
A,AM3_M0.95_H0.50_Mild_3,0.95,0.5,Mild,3,FL2,Canon 300D,0.805145263671875,890ec7b9a1d59a6313393b5c4b7d01d0cd2d8cffed0846d8015a62fd71d1d925,18434216247643415457,1,-0.33444011021805425,False,0.0,0.0,0,False,False,0.0,0.0,0.0,0.0,0.0,0.0,False
A,AM3_M0.95_H0.50_Mild_3,0.95,0.5,Mild,3,FL11,Canon 300D,0.805145263671875,890ec7b9a1d59a6313393b5c4b7d01d0cd2d8cffed0846d8015a62fd71d1d925,9370764062470433132,1,0.05603302528868703,False,0.0,0.0,0,False,False,0.0,0.0,0.0,0.0,0.0,0.0,False
A,AM3_M0.95_H0.50_Mild_4,0.95,0.5,Mild,4,D65,Canon 300D,0.8000335693359375,38573cd4ca2d8104b444440512e63c7b7dc8730c35556530d7d10a6f94f6cc3b,9868700833831816813,1,0.1320468277737682,False,0.0,0.0,0,False,False,0.0,0.0,0.0,0.0,0.0,0.0,False
A,AM3_M0.95_H0.50_Mild_4,0.95,0.5,Mild,4,A,Canon 300D,0.8000335693359375,38573cd4ca2d8104b444440512e63c7b7dc8730c35556530d7d10a6f94f6cc3b,4568624734723113469,1,-0.4056331424479012,False,0.0,0.0,0,False,False,0.0,0.0,0.0,0.0,0.0,0.0,False
A,AM3_M0.95_H0.50_Mild_4,0.95,0.5,Mild,4,FL2,Canon 300D,0.8000335693359375,38573cd4ca2d8104b444440512e63c7b7dc8730c35556530d7d10a6f94f6cc3b,457207207111311640,1,0.11665851487347156,False,0.0,0.0,0,False,False,0.0,0.0,0.0,0.0,0.0,0.0,False
A,AM3_M0.95_H0.50_Mild_4,0.95,0.5,Mild,4,FL11,Canon 300D,0.8000335693359375,38573cd4ca2d8104b444440512e63c7b7dc8730c35556530d7d10a6f94f6cc3b,4156761666924057895,1,-0.32994321680130223,False,0.0,0.0,0,False,False,0.0,0.0,0.0,0.0,0.0,0.0,False
A,AM3_M0.95_H0.50_Mild_5,0.95,0.5,Mild,5,D65,Canon 300D,0.8961029052734375,ba76eca06d4a4375ab0b5173d57fcf02e41e180d0b1350aeb4c2e487e8c1fb12,13104805494978803241,1,0.18097298833250763,False,0.0,0.0,0,False,False,0.0,0.0,0.0,0.0,0.0,0.0,False
A,AM3_M0.95_H0.50_Mild_5,0.95,0.5,Mild,5,A,Canon 300D,0.8961029052734375,ba76eca06d4a4375ab0b5173d57fcf02e41e180d0b1350aeb4c2e487e8c1fb12,10678760449070755023,1,-0.15804774666285998,False,0.0,0.0,0,False,False,0.0,0.0,0.0,0.0,0.0,0.0,False
A,AM3_M0.95_H0.50_Mild_5,0.95,0.5,Mild,5,FL2,Canon 300D,0.8961029052734375,ba76eca06d4a4375ab0b5173d57fcf02e41e180d0b1350aeb4c2e487e8c1fb12,4502952581775945662,1,-0.35433510931094414,False,0.0,0.0,0,False,False,0.0,0.0,0.0,0.0,0.0,0.0,False
A,AM3_M0.95_H0.50_Mild_5,0.95,0.5,Mild,5,FL11,Canon 300D,0.8961029052734375,ba76eca06d4a4375ab0b5173d57fcf02e41e180d0b1350aeb4c2e487e8c1fb12,5503440118653335602,1,0.06636024173287314,False,0.0,0.0,0,False,False,0.0,0.0,0.0,0.0,0.0,0.0,False
A,AM3_M0.95_H0.50_Mild_6,0.95,0.5,Mild,6,D65,Canon 300D,0.7377777099609375,fdeb650e3bcf3b8632b771e906fb85174816f4a1a5f68e01d0ee2bd7095a22cc,2418487784854358551,1,0.2782014086254424,False,0.0,0.0,0,False,False,0.0,0.0,0.0,0.0,0.0,0.0,False
A,AM3_M0.95_H0.50_Mild_6,0.95,0.5,Mild,6,A,Canon 300D,0.7377777099609375,fdeb650e3bcf3b8632b771e906fb85174816f4a1a5f68e01d0ee2bd7095a22cc,2150462109029505708,1,-0.20266912779289148,False,0.0,0.0,0,False,False,0.0,0.0,0.0,0.0,0.0,0.0,False
A,AM3_M0.95_H0.50_Mild_6,0.95,0.5,Mild,6,FL2,Canon 300D,0.7377777099609375,fdeb650e3bcf3b8632b771e906fb85174816f4a1a5f68e01d0ee2bd7095a22cc,4618651058861310902,1,-0.29796859097238154,False,0.0,0.0,0,False,False,0.0,0.0,0.0,0.0,0.0,0.0,False
A,AM3_M0.95_H0.50_Mild_6,0.95,0.5,Mild,6,FL11,Canon 300D,0.7377777099609375,fdeb650e3bcf3b8632b771e906fb85174816f4a1a5f68e01d0ee2bd7095a22cc,7726289080679884917,1,-0.30660015669007745,False,0.0,0.0,0,False,False,0.0,0.0,0.0,0.0,0.0,0.0,False
A,AM3_M0.95_H0.50_Mild_7,0.95,0.5,Mild,7,D65,Canon 300D,0.772369384765625,ede397bb16619f99147eaa93fa0d0a5d66dfc6668239bde6b1f4c1061c73b0eb,13591093807556192698,1,-0.012219851360657952,False,0.0,0.0,0,False,False,0.0,0.0,0.0,0.0,0.0,0.0,False
A,AM3_M0.95_H0.50_Mild_7,0.95,0.5,Mild,7,A,Canon 300D,0.772369384765625,ede397bb16619f99147eaa93fa0d0a5d66dfc6668239bde6b1f4c1061c73b0eb,15513631653717280904,1,0.11043990749924526,False,0.0,0.0,0,False,False,0.0,0.0,0.0,0.0,0.0,0.0,False
A,AM3_M0.95_H0.50_Mild_7,0.95,0.5,Mild,7,FL2,Canon 300D,0.772369384765625,ede397bb16619f99147eaa93fa0d0a5d66dfc6668239bde6b1f4c1061c73b0eb,1220321296081337168,1,0.12686899803949825,False,0.0,0.0,0,False,False,0.0,0.0,0.0,0.0,0.0,0.0,False
A,AM3_M0.95_H0.50_Mild_7,0.95,0.5,Mild,7,FL11,Canon 300D,0.772369384765625,ede397bb16619f99147eaa93fa0d0a5d66dfc6668239bde6b1f4c1061c73b0eb,23805806302000186,1,-0.19145989719546902,False,0.0,0.0,0,False,False,0.0,0.0,0.0,0.0,0.0,0.0,False
A,AM3_M0.95_H0.50_Strong_0,0.95,0.5,Strong,0,D65,Canon 300D,0.637420654296875,5c8c2d83416f1a01199f6dbe8ed1c08f44a298c56198e8cf7a30339808f19d5d,9472429006955248247,1,0.23918874566514503,False,0.0,0.0,0,False,False,0.0,0.0,0.0,0.0,0.0,0.0,False
A,AM3_M0.95_H0.50_Strong_0,0.95,0.5,Strong,0,A,Canon 300D,0.637420654296875,5c8c2d83416f1a01199f6dbe8ed1c08f44a298c56198e8cf7a30339808f19d5d,306329876192989494,1,0.27051651962824386,False,0.0,0.0,0,False,False,0.0,0.0,0.0,0.0,0.0,0.0,False
A,AM3_M0.95_H0.50_Strong_0,0.95,0.5,Strong,0,FL2,Canon 300D,0.637420654296875,5c8c2d83416f1a01199f6dbe8ed1c08f44a298c56198e8cf7a30339808f19d5d,18258986501517874607,1,-0.08466473855797546,False,0.0,0.0,0,False,False,0.0,0.0,0.0,0.0,0.0,0.0,False
A,AM3_M0.95_H0.50_Strong_0,0.95,0.5,Strong,0,FL11,Canon 300D,0.637420654296875,5c8c2d83416f1a01199f6dbe8ed1c08f44a298c56198e8cf7a30339808f19d5d,17324008274349719269,1,0.1477174408154629,False,0.0,0.0,0,False,False,0.0,0.0,0.0,0.0,0.0,0.0,False
A,AM3_M0.95_H0.50_Strong_1,0.95,0.5,Strong,1,D65,Canon 300D,0.4371185302734375,94c08c1f4e0222b85b7e1b0e791cb209c75182eabff5e6ad2ffa9f7cfdbf344e,11888822882093173108,1,-0.26403528795690234,False,0.0,0.0,0,False,False,0.0,0.0,0.0,0.0,0.0,0.0,False
A,AM3_M0.95_H0.50_Strong_1,0.95,0.5,Strong,1,A,Canon 300D,0.4371185302734375,94c08c1f4e0222b85b7e1b0e791cb209c75182eabff5e6ad2ffa9f7cfdbf344e,16169603241191939600,1,-0.33266809609480485,False,0.0,0.0,0,False,False,0.0,0.0,0.0,0.0,0.0,0.0,False
A,AM3_M0.95_H0.50_Strong_1,0.95,0.5,Strong,1,FL2,Canon 300D,0.4371185302734375,94c08c1f4e0222b85b7e1b0e791cb209c75182eabff5e6ad2ffa9f7cfdbf344e,15277534753654186671,1,0.1843685173248928,False,0.0,0.0,0,False,False,0.0,0.0,0.0,0.0,0.0,0.0,False
A,AM3_M0.95_H0.50_Strong_1,0.95,0.5,Strong,1,FL11,Canon 300D,0.4371185302734375,94c08c1f4e0222b85b7e1b0e791cb209c75182eabff5e6ad2ffa9f7cfdbf344e,6578482632726929570,1,0.03325163141014065,False,0.0,0.0,0,False,False,0.0,0.0,0.0,0.0,0.0,0.0,False
A,AM3_M0.95_H0.50_Strong_2,0.95,0.5,Strong,2,D65,Canon 300D,0.3892669677734375,ed43c7c80d6160e87f68629fa15fc1418f79c9ccd7a29547268eec631dc5e0c5,9638278432176977507,1,0.14293362566241674,False,0.0,0.0,0,False,False,0.0,0.0,0.0,0.0,0.0,0.0,False
A,AM3_M0.95_H0.50_Strong_2,0.95,0.5,Strong,2,A,Canon 300D,0.3892669677734375,ed43c7c80d6160e87f68629fa15fc1418f79c9ccd7a29547268eec631dc5e0c5,10414115541696994773,1,-0.17501624790434844,False,0.0,0.0,0,False,False,0.0,0.0,0.0,0.0,0.0,0.0,False
A,AM3_M0.95_H0.50_Strong_2,0.95,0.5,Strong,2,FL2,Canon 300D,0.3892669677734375,ed43c7c80d6160e87f68629fa15fc1418f79c9ccd7a29547268eec631dc5e0c5,9676897349590435632,1,0.23430164255646346,False,0.0,0.0,0,False,False,0.0,0.0,0.0,0.0,0.0,0.0,False
A,AM3_M0.95_H0.50_Strong_2,0.95,0.5,Strong,2,FL11,Canon 300D,0.3892669677734375,ed43c7c80d6160e87f68629fa15fc1418f79c9ccd7a29547268eec631dc5e0c5,9601065626410658666,1,-0.4227794580517257,False,0.0,0.0,0,False,False,0.0,0.0,0.0,0.0,0.0,0.0,False
A,AM3_M0.95_H0.50_Strong_3,0.95,0.5,Strong,3,D65,Canon 300D,0.49920654296875,c6166ae4b273969d453ceb0fe3f63a8eba9acdcbbe546c8233032ef575c2705a,6668064031761346254,1,0.12534380291827496,False,0.0,0.0,0,False,False,0.0,0.0,0.0,0.0,0.0,0.0,False
A,AM3_M0.95_H0.50_Strong_3,0.95,0.5,Strong,3,A,Canon 300D,0.49920654296875,c6166ae4b273969d453ceb0fe3f63a8eba9acdcbbe546c8233032ef575c2705a,10614997470414632826,1,0.20086011378532087,False,0.0,0.0,0,False,False,0.0,0.0,0.0,0.0,0.0,0.0,False
A,AM3_M0.95_H0.50_Strong_3,0.95,0.5,Strong,3,FL2,Canon 300D,0.49920654296875,c6166ae4b273969d453ceb0fe3f63a8eba9acdcbbe546c8233032ef575c2705a,1408157435675646602,1,-0.4900439334428022,False,0.0,0.0,0,False,False,0.0,0.0,0.0,0.0,0.0,0.0,False
A,AM3_M0.95_H0.50_Strong_3,0.95,0.5,Strong,3,FL11,Canon 300D,0.49920654296875,c6166ae4b273969d453ceb0fe3f63a8eba9acdcbbe546c8233032ef575c2705a,12536387459187156053,1,-0.1277939221378777,False,0.0,0.0,0,False,False,0.0,0.0,0.0,0.0,0.0,0.0,False
A,AM3_M0.95_H0.50_Strong_4,0.95,0.5,Strong,4,D65,Canon 300D,0.6642913818359375,9727a59611c7cd7af9f5929682fe2cfe6fb5083f9025ad57a1e6efa87dbb83f7,7436649664792962102,1,-0.4971357110432383,False,0.0,0.0,0,False,False,0.0,0.0,0.0,0.0,0.0,0.0,False
A,AM3_M0.95_H0.50_Strong_4,0.95,0.5,Strong,4,A,Canon 300D,0.6642913818359375,9727a59611c7cd7af9f5929682fe2cfe6fb5083f9025ad57a1e6efa87dbb83f7,9959372129904160035,1,0.13289675555102054,False,0.0,0.0,0,False,False,0.0,0.0,0.0,0.0,0.0,0.0,False
A,AM3_M0.95_H0.50_Strong_4,0.95,0.5,Strong,4,FL2,Canon 300D,0.6642913818359375,9727a59611c7cd7af9f5929682fe2cfe6fb5083f9025ad57a1e6efa87dbb83f7,18419504832917844053,1,-0.20616226200296495,False,0.0,0.0,0,False,False,0.0,0.0,0.0,0.0,0.0,0.0,False
A,AM3_M0.95_H0.50_Strong_4,0.95,0.5,Strong,4,FL11,Canon 300D,0.6642913818359375,9727a59611c7cd7af9f5929682fe2cfe6fb5083f9025ad57a1e6efa87dbb83f7,3069754134837503255,1,-0.2733394143654395,False,0.0,0.0,0,False,False,0.0,0.0,0.0,0.0,0.0,0.0,False
A,AM3_M0.95_H0.50_Strong_5,0.95,0.5,Strong,5,D65,Canon 300D,0.6049957275390625,ed9ac124349431073e72b9aa84eea1322e7a45edbd98e6e25aaedc26972a5b6d,9541939566481035236,1,-0.3285588924744408,False,0.0,0.0,0,False,False,0.0,0.0,0.0,0.0,0.0,0.0,False
A,AM3_M0.95_H0.50_Strong_5,0.95,0.5,Strong,5,A,Canon 300D,0.6049957275390625,ed9ac124349431073e72b9aa84eea1322e7a45edbd98e6e25aaedc26972a5b6d,15207598794142918257,1,0.06906247887991801,False,0.0,0.0,0,False,False,0.0,0.0,0.0,0.0,0.0,0.0,False
A,AM3_M0.95_H0.50_Strong_5,0.95,0.5,Strong,5,FL2,Canon 300D,0.6049957275390625,ed9ac124349431073e72b9aa84eea1322e7a45edbd98e6e25aaedc26972a5b6d,6315024964625245176,1,-0.35646479944473164,False,0.0,0.0,0,False,False,0.0,0.0,0.0,0.0,0.0,0.0,False
A,AM3_M0.95_H0.50_Strong_5,0.95,0.5,Strong,5,FL11,Canon 300D,0.6049957275390625,ed9ac124349431073e72b9aa84eea1322e7a45edbd98e6e25aaedc26972a5b6d,14884143018360652805,1,-0.3814751022928746,False,0.0,0.0,0,False,False,0.0,0.0,0.0,0.0,0.0,0.0,False
A,AM3_M0.95_H0.50_Strong_6,0.95,0.5,Strong,6,D65,Canon 300D,0.5117340087890625,ef11fa5aade835d1798b6149137bc3e9c7157e5a603e0c18b9ddf9dcc02c0a17,1439807003507449614,1,-0.26388139020388207,False,0.0,0.0,0,False,False,0.0,0.0,0.0,0.0,0.0,0.0,False
A,AM3_M0.95_H0.50_Strong_6,0.95,0.5,Strong,6,A,Canon 300D,0.5117340087890625,ef11fa5aade835d1798b6149137bc3e9c7157e5a603e0c18b9ddf9dcc02c0a17,14178335501763715752,1,0.22145023335322545,False,0.0,0.0,0,False,False,0.0,0.0,0.0,0.0,0.0,0.0,False
A,AM3_M0.95_H0.50_Strong_6,0.95,0.5,Strong,6,FL2,Canon 300D,0.5117340087890625,ef11fa5aade835d1798b6149137bc3e9c7157e5a603e0c18b9ddf9dcc02c0a17,4397710777782847729,1,0.23205720438268518,False,0.0,0.0,0,False,False,0.0,0.0,0.0,0.0,0.0,0.0,False
A,AM3_M0.95_H0.50_Strong_6,0.95,0.5,Strong,6,FL11,Canon 300D,0.5117340087890625,ef11fa5aade835d1798b6149137bc3e9c7157e5a603e0c18b9ddf9dcc02c0a17,1332240089783111025,1,0.0055369551290003205,False,0.0,0.0,0,False,False,0.0,0.0,0.0,0.0,0.0,0.0,False
A,AM3_M0.95_H0.50_Strong_7,0.95,0.5,Strong,7,D65,Canon 300D,0.349334716796875,5d6a3274cb80f9d3c460bcb1f4028a8a1231e4671429775760e59b9910c1eff4,12072185118233424560,1,-0.20820736536720746,False,0.0,0.0,0,False,False,0.0,0.0,0.0,0.0,0.0,0.0,False
A,AM3_M0.95_H0.50_Strong_7,0.95,0.5,Strong,7,A,Canon 300D,0.349334716796875,5d6a3274cb80f9d3c460bcb1f4028a8a1231e4671429775760e59b9910c1eff4,1515787936634450185,1,-0.4437942446918616,False,0.0,0.0,0,False,False,0.0,0.0,0.0,0.0,0.0,0.0,False
A,AM3_M0.95_H0.50_Strong_7,0.95,0.5,Strong,7,FL2,Canon 300D,0.349334716796875,5d6a3274cb80f9d3c460bcb1f4028a8a1231e4671429775760e59b9910c1eff4,5295916582285448820,1,-0.07508802771097844,False,0.0,0.0,0,False,False,0.0,0.0,0.0,0.0,0.0,0.0,False
A,AM3_M0.95_H0.50_Strong_7,0.95,0.5,Strong,7,FL11,Canon 300D,0.349334716796875,5d6a3274cb80f9d3c460bcb1f4028a8a1231e4671429775760e59b9910c1eff4,15290566777485436501,1,0.020475476093248957,False,0.0,0.0,0,False,False,0.0,0.0,0.0,0.0,0.0,0.0,False
A,AM3_M0.95_H0.95_Full_0,0.95,0.95,Full,0,D65,Canon 300D,1.0,916b144867c340614f515c7b0e5415c74832d899c05264ded2a277a6e81d81ff,13580476172272729331,1,-0.03577028760283024,False,0.0,0.0,0,False,False,0.0,0.0,0.0,0.0,0.0,0.0,False
A,AM3_M0.95_H0.95_Full_0,0.95,0.95,Full,0,A,Canon 300D,1.0,916b144867c340614f515c7b0e5415c74832d899c05264ded2a277a6e81d81ff,4814047873187420319,1,0.2579174248509236,False,0.0,0.0,0,False,False,0.0,0.0,0.0,0.0,0.0,0.0,False
A,AM3_M0.95_H0.95_Full_0,0.95,0.95,Full,0,FL2,Canon 300D,1.0,916b144867c340614f515c7b0e5415c74832d899c05264ded2a277a6e81d81ff,1178559217087691464,1,0.14550204095169605,False,0.0,0.0,0,False,False,0.0,0.0,0.0,0.0,0.0,0.0,False
A,AM3_M0.95_H0.95_Full_0,0.95,0.95,Full,0,FL11,Canon 300D,1.0,916b144867c340614f515c7b0e5415c74832d899c05264ded2a277a6e81d81ff,13538238186438580051,1,-0.03939786980307369,False,0.0,0.0,0,False,False,0.0,0.0,0.0,0.0,0.0,0.0,False
A,AM3_M0.95_H0.95_Full_1,0.95,0.95,Full,1,D65,Canon 300D,1.0,916b144867c340614f515c7b0e5415c74832d899c05264ded2a277a6e81d81ff,12760146881706951694,1,0.222297611326419,False,0.0,0.0,0,False,False,0.0,0.0,0.0,0.0,0.0,0.0,False
A,AM3_M0.95_H0.95_Full_1,0.95,0.95,Full,1,A,Canon 300D,1.0,916b144867c340614f515c7b0e5415c74832d899c05264ded2a277a6e81d81ff,10076106616398250624,1,-0.057751944427168356,False,0.0,0.0,0,False,False,0.0,0.0,0.0,0.0,0.0,0.0,False
A,AM3_M0.95_H0.95_Full_1,0.95,0.95,Full,1,FL2,Canon 300D,1.0,916b144867c340614f515c7b0e5415c74832d899c05264ded2a277a6e81d81ff,8864801691384561426,1,0.08303518133317622,False,0.0,0.0,0,False,False,0.0,0.0,0.0,0.0,0.0,0.0,False
A,AM3_M0.95_H0.95_Full_1,0.95,0.95,Full,1,FL11,Canon 300D,1.0,916b144867c340614f515c7b0e5415c74832d899c05264ded2a277a6e81d81ff,7821313922745221395,1,-0.4096891496665093,False,0.0,0.0,0,False,False,0.0,0.0,0.0,0.0,0.0,0.0,False
A,AM3_M0.95_H0.95_Full_2,0.95,0.95,Full,2,D65,Canon 300D,1.0,916b144867c340614f515c7b0e5415c74832d899c05264ded2a277a6e81d81ff,5134548217485758145,1,0.11370191590393186,False,0.0,0.0,0,False,False,0.0,0.0,0.0,0.0,0.0,0.0,False
A,AM3_M0.95_H0.95_Full_2,0.95,0.95,Full,2,A,Canon 300D,1.0,916b144867c340614f515c7b0e5415c74832d899c05264ded2a277a6e81d81ff,14246281908050162092,1,-0.046002404237057315,False,0.0,0.0,0,False,False,0.0,0.0,0.0,0.0,0.0,0.0,False
A,AM3_M0.95_H0.95_Full_2,0.95,0.95,Full,2,FL2,Canon 300D,1.0,916b144867c340614f515c7b0e5415c74832d899c05264ded2a277a6e81d81ff,18364861962136640332,1,0.2298396590538644,False,0.0,0.0,0,False,False,0.0,0.0,0.0,0.0,0.0,0.0,False
A,AM3_M0.95_H0.95_Full_2,0.95,0.95,Full,2,FL11,Canon 300D,1.0,916b144867c340614f515c7b0e5415c74832d899c05264ded2a277a6e81d81ff,5540447446834402872,1,0.2981510546226057,False,0.0,0.0,0,False,False,0.0,0.0,0.0,0.0,0.0,0.0,False
A,AM3_M0.95_H0.95_Full_3,0.95,0.95,Full,3,D65,Canon 300D,1.0,916b144867c340614f515c7b0e5415c74832d899c05264ded2a277a6e81d81ff,10356148007801028548,1,0.05654315687411626,False,0.0,0.0,0,False,False,0.0,0.0,0.0,0.0,0.0,0.0,False
A,AM3_M0.95_H0.95_Full_3,0.95,0.95,Full,3,A,Canon 300D,1.0,916b144867c340614f515c7b0e5415c74832d899c05264ded2a277a6e81d81ff,6836679937805212254,1,-0.20147118715937268,False,0.0,0.0,0,False,False,0.0,0.0,0.0,0.0,0.0,0.0,False
A,AM3_M0.95_H0.95_Full_3,0.95,0.95,Full,3,FL2,Canon 300D,1.0,916b144867c340614f515c7b0e5415c74832d899c05264ded2a277a6e81d81ff,3293253869139683960,1,-0.43446390706125193,False,0.0,0.0,0,False,False,0.0,0.0,0.0,0.0,0.0,0.0,False
A,AM3_M0.95_H0.95_Full_3,0.95,0.95,Full,3,FL11,Canon 300D,1.0,916b144867c340614f515c7b0e5415c74832d899c05264ded2a277a6e81d81ff,15470304577554873292,1,-0.4276480538199337,False,0.0,0.0,0,False,False,0.0,0.0,0.0,0.0,0.0,0.0,False
A,AM3_M0.95_H0.95_Full_4,0.95,0.95,Full,4,D65,Canon 300D,1.0,916b144867c340614f515c7b0e5415c74832d899c05264ded2a277a6e81d81ff,10939908706049131265,1,-0.44900347823767345,False,0.0,0.0,0,False,False,0.0,0.0,0.0,0.0,0.0,0.0,False
A,AM3_M0.95_H0.95_Full_4,0.95,0.95,Full,4,A,Canon 300D,1.0,916b144867c340614f515c7b0e5415c74832d899c05264ded2a277a6e81d81ff,17609156223662491133,1,-0.11394746898352948,False,0.0,0.0,0,False,False,0.0,0.0,0.0,0.0,0.0,0.0,False
A,AM3_M0.95_H0.95_Full_4,0.95,0.95,Full,4,FL2,Canon 300D,1.0,916b144867c340614f515c7b0e5415c74832d899c05264ded2a277a6e81d81ff,6710297725357338243,1,-0.13026403240695955,False,0.0,0.0,0,False,False,0.0,0.0,0.0,0.0,0.0,0.0,False
A,AM3_M0.95_H0.95_Full_4,0.95,0.95,Full,4,FL11,Canon 300D,1.0,916b144867c340614f515c7b0e5415c74832d899c05264ded2a277a6e81d81ff,14128940730899864013,1,-0.20600462779081996,False,0.0,0.0,0,False,False,0.0,0.0,0.0,0.0,0.0,0.0,False
A,AM3_M0.95_H0.95_Full_5,0.95,0.95,Full,5,D65,Canon 300D,1.0,916b144867c340614f515c7b0e5415c74832d899c05264ded2a277a6e81d81ff,5631957946050530484,1,0.022134388806043015,False,0.0,0.0,0,False,False,0.0,0.0,0.0,0.0,0.0,0.0,False
A,AM3_M0.95_H0.95_Full_5,0.95,0.95,Full,5,A,Canon 300D,1.0,916b144867c340614f515c7b0e5415c74832d899c05264ded2a277a6e81d81ff,2262214748327293704,1,-0.11644931430168104,False,0.0,0.0,0,False,False,0.0,0.0,0.0,0.0,0.0,0.0,False
A,AM3_M0.95_H0.95_Full_5,0.95,0.95,Full,5,FL2,Canon 300D,1.0,916b144867c340614f515c7b0e5415c74832d899c05264ded2a277a6e81d81ff,11375828146919409904,1,-0.2715335567954008,False,0.0,0.0,0,False,False,0.0,0.0,0.0,0.0,0.0,0.0,False
A,AM3_M0.95_H0.95_Full_5,0.95,0.95,Full,5,FL11,Canon 300D,1.0,916b144867c340614f515c7b0e5415c74832d899c05264ded2a277a6e81d81ff,2209628352195234873,1,-0.24324725167418654,False,0.0,0.0,0,False,False,0.0,0.0,0.0,0.0,0.0,0.0,False
A,AM3_M0.95_H0.95_Full_6,0.95,0.95,Full,6,D65,Canon 300D,1.0,916b144867c340614f515c7b0e5415c74832d899c05264ded2a277a6e81d81ff,8627901649699948576,1,0.06827109649650664,False,0.0,0.0,0,False,False,0.0,0.0,0.0,0.0,0.0,0.0,False
A,AM3_M0.95_H0.95_Full_6,0.95,0.95,Full,6,A,Canon 300D,1.0,916b144867c340614f515c7b0e5415c74832d899c05264ded2a277a6e81d81ff,3601950485300695220,1,0.17607956115884926,False,0.0,0.0,0,False,False,0.0,0.0,0.0,0.0,0.0,0.0,False
A,AM3_M0.95_H0.95_Full_6,0.95,0.95,Full,6,FL2,Canon 300D,1.0,916b144867c340614f515c7b0e5415c74832d899c05264ded2a277a6e81d81ff,13864972141528727838,1,-0.25094473940025264,False,0.0,0.0,0,False,False,0.0,0.0,0.0,0.0,0.0,0.0,False
A,AM3_M0.95_H0.95_Full_6,0.95,0.95,Full,6,FL11,Canon 300D,1.0,916b144867c340614f515c7b0e5415c74832d899c05264ded2a277a6e81d81ff,7105768450763782327,1,-0.4686637615319533,False,0.0,0.0,0,False,False,0.0,0.0,0.0,0.0,0.0,0.0,False
A,AM3_M0.95_H0.95_Full_7,0.95,0.95,Full,7,D65,Canon 300D,1.0,916b144867c340614f515c7b0e5415c74832d899c05264ded2a277a6e81d81ff,6138287395488680391,1,-0.3425860306933749,False,0.0,0.0,0,False,False,0.0,0.0,0.0,0.0,0.0,0.0,False
A,AM3_M0.95_H0.95_Full_7,0.95,0.95,Full,7,A,Canon 300D,1.0,916b144867c340614f515c7b0e5415c74832d899c05264ded2a277a6e81d81ff,4575611699459084349,1,-0.26289069741978166,False,0.0,0.0,0,False,False,0.0,0.0,0.0,0.0,0.0,0.0,False
A,AM3_M0.95_H0.95_Full_7,0.95,0.95,Full,7,FL2,Canon 300D,1.0,916b144867c340614f515c7b0e5415c74832d899c05264ded2a277a6e81d81ff,15771466101921348479,1,-0.051345053858702805,False,0.0,0.0,0,False,False,0.0,0.0,0.0,0.0,0.0,0.0,False
A,AM3_M0.95_H0.95_Full_7,0.95,0.95,Full,7,FL11,Canon 300D,1.0,916b144867c340614f515c7b0e5415c74832d899c05264ded2a277a6e81d81ff,18161565460909566732,1,-0.11773441545325264,False,0.0,0.0,0,False,False,0.0,0.0,0.0,0.0,0.0,0.0,False
A,AM3_M0.95_H0.95_Mild_0,0.95,0.95,Mild,0,D65,Canon 300D,0.770294189453125,7d09dabb1020a5a8a21624e7ad89b7edc3393cbb92bc26f52bfc6373b322f684,11703638196104088138,1,-0.40927775549324974,False,0.0,0.0,0,False,False,0.0,0.0,0.0,0.0,0.0,0.0,False
A,AM3_M0.95_H0.95_Mild_0,0.95,0.95,Mild,0,A,Canon 300D,0.770294189453125,7d09dabb1020a5a8a21624e7ad89b7edc3393cbb92bc26f52bfc6373b322f684,9970665185419006084,1,-0.1109431441395416,False,0.0,0.0,0,False,False,0.0,0.0,0.0,0.0,0.0,0.0,False
A,AM3_M0.95_H0.95_Mild_0,0.95,0.95,Mild,0,FL2,Canon 300D,0.770294189453125,7d09dabb1020a5a8a21624e7ad89b7edc3393cbb92bc26f52bfc6373b322f684,8444642145296183021,1,-0.3459665642085703,False,0.0,0.0,0,False,False,0.0,0.0,0.0,0.0,0.0,0.0,False
A,AM3_M0.95_H0.95_Mild_0,0.95,0.95,Mild,0,FL11,Canon 300D,0.770294189453125,7d09dabb1020a5a8a21624e7ad89b7edc3393cbb92bc26f52bfc6373b322f684,10086500464978258912,1,0.10378711497714133,False,0.0,0.0,0,False,False,0.0,0.0,0.0,0.0,0.0,0.0,False
A,AM3_M0.95_H0.95_Mild_1,0.95,0.95,Mild,1,D65,Canon 300D,0.894287109375,bae5460d58f6e1fcb5c86f9d7e8cf21df6b86cc2f73a6e7cfe5538d323ba31ae,1715969003755308337,1,0.22441292967278215,False,0.0,0.0,0,False,False,0.0,0.0,0.0,0.0,0.0,0.0,False
A,AM3_M0.95_H0.95_Mild_1,0.95,0.95,Mild,1,A,Canon 300D,0.894287109375,bae5460d58f6e1fcb5c86f9d7e8cf21df6b86cc2f73a6e7cfe5538d323ba31ae,7484763291699202209,1,0.1655306011223916,False,0.0,0.0,0,False,False,0.0,0.0,0.0,0.0,0.0,0.0,False
A,AM3_M0.95_H0.95_Mild_1,0.95,0.95,Mild,1,FL2,Canon 300D,0.894287109375,bae5460d58f6e1fcb5c86f9d7e8cf21df6b86cc2f73a6e7cfe5538d323ba31ae,15936992039513219998,1,0.22174195499980243,False,0.0,0.0,0,False,False,0.0,0.0,0.0,0.0,0.0,0.0,False
A,AM3_M0.95_H0.95_Mild_1,0.95,0.95,Mild,1,FL11,Canon 300D,0.894287109375,bae5460d58f6e1fcb5c86f9d7e8cf21df6b86cc2f73a6e7cfe5538d323ba31ae,4980064181757634109,1,-0.1474861662652539,False,0.0,0.0,0,False,False,0.0,0.0,0.0,0.0,0.0,0.0,False
A,AM3_M0.95_H0.95_Mild_2,0.95,0.95,Mild,2,D65,Canon 300D,0.920166015625,a72b241c8f2bd073199e26fc10d7bc2ff344f023dd69579c7272c3ef3455de30,7514802545853137527,1,0.018763185099710533,False,0.0,0.0,0,False,False,0.0,0.0,0.0,0.0,0.0,0.0,False
A,AM3_M0.95_H0.95_Mild_2,0.95,0.95,Mild,2,A,Canon 300D,0.920166015625,a72b241c8f2bd073199e26fc10d7bc2ff344f023dd69579c7272c3ef3455de30,16474443466126835401,1,-0.22646687376205815,False,0.0,0.0,0,False,False,0.0,0.0,0.0,0.0,0.0,0.0,False
A,AM3_M0.95_H0.95_Mild_2,0.95,0.95,Mild,2,FL2,Canon 300D,0.920166015625,a72b241c8f2bd073199e26fc10d7bc2ff344f023dd69579c7272c3ef3455de30,17905806500185478680,1,0.10196781862347248,False,0.0,0.0,0,False,False,0.0,0.0,0.0,0.0,0.0,0.0,False
A,AM3_M0.95_H0.95_Mild_2,0.95,0.95,Mild,2,FL11,Canon 300D,0.920166015625,a72b241c8f2bd073199e26fc10d7bc2ff344f023dd69579c7272c3ef3455de30,6221714897581722702,1,-0.23549274631324957,False,0.0,0.0,0,False,False,0.0,0.0,0.0,0.0,0.0,0.0,False
A,AM3_M0.95_H0.95_Mild_3,0.95,0.95,Mild,3,D65,Canon 300D,0.7658538818359375,0e50022732eedd8c0e95174c4aea5f7482acb3a1e04d859d03e086f2175d1905,14518377695132452986,1,-0.1689739975890704,False,0.0,0.0,0,False,False,0.0,0.0,0.0,0.0,0.0,0.0,False
A,AM3_M0.95_H0.95_Mild_3,0.95,0.95,Mild,3,A,Canon 300D,0.7658538818359375,0e50022732eedd8c0e95174c4aea5f7482acb3a1e04d859d03e086f2175d1905,1194313191464470293,1,-0.4682376806313732,False,0.0,0.0,0,False,False,0.0,0.0,0.0,0.0,0.0,0.0,False
A,AM3_M0.95_H0.95_Mild_3,0.95,0.95,Mild,3,FL2,Canon 300D,0.7658538818359375,0e50022732eedd8c0e95174c4aea5f7482acb3a1e04d859d03e086f2175d1905,5569904595013619320,1,-0.4518544429738625,False,0.0,0.0,0,False,False,0.0,0.0,0.0,0.0,0.0,0.0,False
A,AM3_M0.95_H0.95_Mild_3,0.95,0.95,Mild,3,FL11,Canon 300D,0.7658538818359375,0e50022732eedd8c0e95174c4aea5f7482acb3a1e04d859d03e086f2175d1905,4283926262442472324,1,-0.05525810962878486,False,0.0,0.0,0,False,False,0.0,0.0,0.0,0.0,0.0,0.0,False
A,AM3_M0.95_H0.95_Mild_4,0.95,0.95,Mild,4,D65,Canon 300D,0.9088592529296875,634ff3a83edb4b962541215352bd15c8116bf53b74ea2f162e2a2788d7cae833,6386856691779435803,1,-0.21145260659906173,False,0.0,0.0,0,False,False,0.0,0.0,0.0,0.0,0.0,0.0,False
A,AM3_M0.95_H0.95_Mild_4,0.95,0.95,Mild,4,A,Canon 300D,0.9088592529296875,634ff3a83edb4b962541215352bd15c8116bf53b74ea2f162e2a2788d7cae833,4245642142830333079,1,-0.04159372589272947,False,0.0,0.0,0,False,False,0.0,0.0,0.0,0.0,0.0,0.0,False
A,AM3_M0.95_H0.95_Mild_4,0.95,0.95,Mild,4,FL2,Canon 300D,0.9088592529296875,634ff3a83edb4b962541215352bd15c8116bf53b74ea2f162e2a2788d7cae833,5765813439984623499,1,0.3042890861670675,False,0.0,0.0,0,False,False,0.0,0.0,0.0,0.0,0.0,0.0,False
A,AM3_M0.95_H0.95_Mild_4,0.95,0.95,Mild,4,FL11,Canon 300D,0.9088592529296875,634ff3a83edb4b962541215352bd15c8116bf53b74ea2f162e2a2788d7cae833,10416519255079952605,1,-0.2315246148240538,False,0.0,0.0,0,False,False,0.0,0.0,0.0,0.0,0.0,0.0,False
A,AM3_M0.95_H0.95_Mild_5,0.95,0.95,Mild,5,D65,Canon 300D,0.828765869140625,572048799758f2b93476adb51cffc85246935231528f8c9b6e4eb994a85e3fdf,13071540467414126669,1,0.13582351339235432,False,0.0,0.0,0,False,False,0.0,0.0,0.0,0.0,0.0,0.0,False
A,AM3_M0.95_H0.95_Mild_5,0.95,0.95,Mild,5,A,Canon 300D,0.828765869140625,572048799758f2b93476adb51cffc85246935231528f8c9b6e4eb994a85e3fdf,2342254844623496180,1,-0.4235260207870105,False,0.0,0.0,0,False,False,0.0,0.0,0.0,0.0,0.0,0.0,False
A,AM3_M0.95_H0.95_Mild_5,0.95,0.95,Mild,5,FL2,Canon 300D,0.828765869140625,572048799758f2b93476adb51cffc85246935231528f8c9b6e4eb994a85e3fdf,13707629314178713170,1,-0.04771774913128879,False,0.0,0.0,0,False,False,0.0,0.0,0.0,0.0,0.0,0.0,False
A,AM3_M0.95_H0.95_Mild_5,0.95,0.95,Mild,5,FL11,Canon 300D,0.828765869140625,572048799758f2b93476adb51cffc85246935231528f8c9b6e4eb994a85e3fdf,7604096379480906816,1,-0.4999660999002816,False,0.0,0.0,0,False,False,0.0,0.0,0.0,0.0,0.0,0.0,False
A,AM3_M0.95_H0.95_Mild_6,0.95,0.95,Mild,6,D65,Canon 300D,0.7389373779296875,1dad97be49ede24145e52dce8adb40a26efb72ab024175ac520c6103afe9e386,16173702798599178077,1,0.08815750450902171,False,0.0,0.0,0,False,False,0.0,0.0,0.0,0.0,0.0,0.0,False
A,AM3_M0.95_H0.95_Mild_6,0.95,0.95,Mild,6,A,Canon 300D,0.7389373779296875,1dad97be49ede24145e52dce8adb40a26efb72ab024175ac520c6103afe9e386,14073011871551017921,1,0.2710864030444009,False,0.0,0.0,0,False,False,0.0,0.0,0.0,0.0,0.0,0.0,False
A,AM3_M0.95_H0.95_Mild_6,0.95,0.95,Mild,6,FL2,Canon 300D,0.7389373779296875,1dad97be49ede24145e52dce8adb40a26efb72ab024175ac520c6103afe9e386,2446493454474002906,1,0.29293908845284733,False,0.0,0.0,0,False,False,0.0,0.0,0.0,0.0,0.0,0.0,False
A,AM3_M0.95_H0.95_Mild_6,0.95,0.95,Mild,6,FL11,Canon 300D,0.7389373779296875,1dad97be49ede24145e52dce8adb40a26efb72ab024175ac520c6103afe9e386,13533509540956325112,1,-0.36559338779103023,False,0.0,0.0,0,False,False,0.0,0.0,0.0,0.0,0.0,0.0,False
A,AM3_M0.95_H0.95_Mild_7,0.95,0.95,Mild,7,D65,Canon 300D,0.7782745361328125,4588d7a90a8a7c6389c88b381e9151a156655e7931d7319ba73a466dd421d94a,8414289473727680563,1,0.09600673386283776,False,0.0,0.0,0,False,False,0.0,0.0,0.0,0.0,0.0,0.0,False
A,AM3_M0.95_H0.95_Mild_7,0.95,0.95,Mild,7,A,Canon 300D,0.7782745361328125,4588d7a90a8a7c6389c88b381e9151a156655e7931d7319ba73a466dd421d94a,9308382620784772254,1,0.10708393988620624,False,0.0,0.0,0,False,False,0.0,0.0,0.0,0.0,0.0,0.0,False
A,AM3_M0.95_H0.95_Mild_7,0.95,0.95,Mild,7,FL2,Canon 300D,0.7782745361328125,4588d7a90a8a7c6389c88b381e9151a156655e7931d7319ba73a466dd421d94a,6081198187152765435,1,0.00625820774052388,False,0.0,0.0,0,False,False,0.0,0.0,0.0,0.0,0.0,0.0,False
A,AM3_M0.95_H0.95_Mild_7,0.95,0.95,Mild,7,FL11,Canon 300D,0.7782745361328125,4588d7a90a8a7c6389c88b381e9151a156655e7931d7319ba73a466dd421d94a,9708730993188639731,1,0.06792982241997536,False,0.0,0.0,0,False,False,0.0,0.0,0.0,0.0,0.0,0.0,False
A,AM3_M0.95_H0.95_Strong_0,0.95,0.95,Strong,0,D65,Canon 300D,0.3969268798828125,5be6bed945683f74af50b55d18ae203774c20ebbbd3e763eda4e82cf83c0f4b8,9837940840627202365,1,-0.013623115087392001,False,0.0,0.0,0,False,False,0.0,0.0,0.0,0.0,0.0,0.0,False
A,AM3_M0.95_H0.95_Strong_0,0.95,0.95,Strong,0,A,Canon 300D,0.3969268798828125,5be6bed945683f74af50b55d18ae203774c20ebbbd3e763eda4e82cf83c0f4b8,8303721181649216833,1,-0.05561617221918014,False,0.0,0.0,0,False,False,0.0,0.0,0.0,0.0,0.0,0.0,False
A,AM3_M0.95_H0.95_Strong_0,0.95,0.95,Strong,0,FL2,Canon 300D,0.3969268798828125,5be6bed945683f74af50b55d18ae203774c20ebbbd3e763eda4e82cf83c0f4b8,13781248649587774060,1,-0.01616302506780931,False,0.0,0.0,0,False,False,0.0,0.0,0.0,0.0,0.0,0.0,False
A,AM3_M0.95_H0.95_Strong_0,0.95,0.95,Strong,0,FL11,Canon 300D,0.3969268798828125,5be6bed945683f74af50b55d18ae203774c20ebbbd3e763eda4e82cf83c0f4b8,10402278131158041761,1,0.2585609602942103,False,0.0,0.0,0,False,False,0.0,0.0,0.0,0.0,0.0,0.0,False
A,AM3_M0.95_H0.95_Strong_1,0.95,0.95,Strong,1,D65,Canon 300D,0.5261993408203125,b6d02309ddef98a1d111d09f35582f8698954c538075daceda376fd28f8d6795,3066157565085682064,1,0.054610243678031356,False,0.0,0.0,0,False,False,0.0,0.0,0.0,0.0,0.0,0.0,False
A,AM3_M0.95_H0.95_Strong_1,0.95,0.95,Strong,1,A,Canon 300D,0.5261993408203125,b6d02309ddef98a1d111d09f35582f8698954c538075daceda376fd28f8d6795,11587176763079208947,1,-0.2233447328960384,False,0.0,0.0,0,False,False,0.0,0.0,0.0,0.0,0.0,0.0,False
A,AM3_M0.95_H0.95_Strong_1,0.95,0.95,Strong,1,FL2,Canon 300D,0.5261993408203125,b6d02309ddef98a1d111d09f35582f8698954c538075daceda376fd28f8d6795,9173480667859733574,1,-0.18590705804991448,False,0.0,0.0,0,False,False,0.0,0.0,0.0,0.0,0.0,0.0,False
A,AM3_M0.95_H0.95_Strong_1,0.95,0.95,Strong,1,FL11,Canon 300D,0.5261993408203125,b6d02309ddef98a1d111d09f35582f8698954c538075daceda376fd28f8d6795,16764302987265908867,1,-0.38654528837715085,False,0.0,0.0,0,False,False,0.0,0.0,0.0,0.0,0.0,0.0,False
A,AM3_M0.95_H0.95_Strong_2,0.95,0.95,Strong,2,D65,Canon 300D,0.5968475341796875,036732b4bfdc6d561a1161c58e5baaefe575a493e67c74b94d7458b9eb76a59f,14337753276772662471,1,-0.2902257734011343,False,0.0,0.0,0,False,False,0.0,0.0,0.0,0.0,0.0,0.0,False
A,AM3_M0.95_H0.95_Strong_2,0.95,0.95,Strong,2,A,Canon 300D,0.5968475341796875,036732b4bfdc6d561a1161c58e5baaefe575a493e67c74b94d7458b9eb76a59f,13975540983764003505,1,0.0765452670379354,False,0.0,0.0,0,False,False,0.0,0.0,0.0,0.0,0.0,0.0,False
A,AM3_M0.95_H0.95_Strong_2,0.95,0.95,Strong,2,FL2,Canon 300D,0.5968475341796875,036732b4bfdc6d561a1161c58e5baaefe575a493e67c74b94d7458b9eb76a59f,12961910017066412367,1,0.23154551692319025,False,0.0,0.0,0,False,False,0.0,0.0,0.0,0.0,0.0,0.0,False
A,AM3_M0.95_H0.95_Strong_2,0.95,0.95,Strong,2,FL11,Canon 300D,0.5968475341796875,036732b4bfdc6d561a1161c58e5baaefe575a493e67c74b94d7458b9eb76a59f,6140641794631305148,1,-0.06181882292095825,False,0.0,0.0,0,False,False,0.0,0.0,0.0,0.0,0.0,0.0,False
A,AM3_M0.95_H0.95_Strong_3,0.95,0.95,Strong,3,D65,Canon 300D,0.534515380859375,663d7d2df99e852e1dda6ecea6fcd539daa9e9686f67533e36a4f837767f7268,1457264376570823552,1,0.17769359222897063,False,0.0,0.0,0,False,False,0.0,0.0,0.0,0.0,0.0,0.0,False
A,AM3_M0.95_H0.95_Strong_3,0.95,0.95,Strong,3,A,Canon 300D,0.534515380859375,663d7d2df99e852e1dda6ecea6fcd539daa9e9686f67533e36a4f837767f7268,3544328444405517651,1,-0.1095069723165199,False,0.0,0.0,0,False,False,0.0,0.0,0.0,0.0,0.0,0.0,False
A,AM3_M0.95_H0.95_Strong_3,0.95,0.95,Strong,3,FL2,Canon 300D,0.534515380859375,663d7d2df99e852e1dda6ecea6fcd539daa9e9686f67533e36a4f837767f7268,8557476990386818994,1,-0.47484296959091116,False,0.0,0.0,0,False,False,0.0,0.0,0.0,0.0,0.0,0.0,False
A,AM3_M0.95_H0.95_Strong_3,0.95,0.95,Strong,3,FL11,Canon 300D,0.534515380859375,663d7d2df99e852e1dda6ecea6fcd539daa9e9686f67533e36a4f837767f7268,14144627768454048107,1,0.03553011295296238,False,0.0,0.0,0,False,False,0.0,0.0,0.0,0.0,0.0,0.0,False
A,AM3_M0.95_H0.95_Strong_4,0.95,0.95,Strong,4,D65,Canon 300D,0.3292236328125,0f17a6a4a47373dd8c73a165353817926e0fd70072ad79249d2949e591842218,15200028173694629189,1,0.21785080631458686,False,0.0,0.0,0,False,False,0.0,0.0,0.0,0.0,0.0,0.0,False
A,AM3_M0.95_H0.95_Strong_4,0.95,0.95,Strong,4,A,Canon 300D,0.3292236328125,0f17a6a4a47373dd8c73a165353817926e0fd70072ad79249d2949e591842218,4456303453303099755,1,-0.12963795299252662,False,0.0,0.0,0,False,False,0.0,0.0,0.0,0.0,0.0,0.0,False
A,AM3_M0.95_H0.95_Strong_4,0.95,0.95,Strong,4,FL2,Canon 300D,0.3292236328125,0f17a6a4a47373dd8c73a165353817926e0fd70072ad79249d2949e591842218,12772611481608978836,1,-0.4696869839791429,False,0.0,0.0,0,False,False,0.0,0.0,0.0,0.0,0.0,0.0,False
A,AM3_M0.95_H0.95_Strong_4,0.95,0.95,Strong,4,FL11,Canon 300D,0.3292236328125,0f17a6a4a47373dd8c73a165353817926e0fd70072ad79249d2949e591842218,4504008724682127653,1,-0.1728658193530892,False,0.0,0.0,0,False,False,0.0,0.0,0.0,0.0,0.0,0.0,False
A,AM3_M0.95_H0.95_Strong_5,0.95,0.95,Strong,5,D65,Canon 300D,0.583984375,979598cfdfcaf5c728b461dbb551533c91623d6ee0b451c6c95c092fe0d3f91c,9886958951662358792,1,-0.04665105943450737,False,0.0,0.0,0,False,False,0.0,0.0,0.0,0.0,0.0,0.0,False
A,AM3_M0.95_H0.95_Strong_5,0.95,0.95,Strong,5,A,Canon 300D,0.583984375,979598cfdfcaf5c728b461dbb551533c91623d6ee0b451c6c95c092fe0d3f91c,13984357165283260066,1,0.09633852272866006,False,0.0,0.0,0,False,False,0.0,0.0,0.0,0.0,0.0,0.0,False
A,AM3_M0.95_H0.95_Strong_5,0.95,0.95,Strong,5,FL2,Canon 300D,0.583984375,979598cfdfcaf5c728b461dbb551533c91623d6ee0b451c6c95c092fe0d3f91c,5851475691608126192,1,0.24469752985225202,False,0.0,0.0,0,False,False,0.0,0.0,0.0,0.0,0.0,0.0,False
A,AM3_M0.95_H0.95_Strong_5,0.95,0.95,Strong,5,FL11,Canon 300D,0.583984375,979598cfdfcaf5c728b461dbb551533c91623d6ee0b451c6c95c092fe0d3f91c,8853568844088837286,1,-0.13577998911215555,False,0.0,0.0,0,False,False,0.0,0.0,0.0,0.0,0.0,0.0,False
A,AM3_M0.95_H0.95_Strong_6,0.95,0.95,Strong,6,D65,Canon 300D,0.5094757080078125,988c54606c69248ba4cfa8bf2c8ab8a51bca8d9f95d8722edc10669485aead48,9147173791861143301,1,0.06897613651903034,False,0.0,0.0,0,False,False,0.0,0.0,0.0,0.0,0.0,0.0,False
A,AM3_M0.95_H0.95_Strong_6,0.95,0.95,Strong,6,A,Canon 300D,0.5094757080078125,988c54606c69248ba4cfa8bf2c8ab8a51bca8d9f95d8722edc10669485aead48,12169248336938916017,1,-0.3611841866810802,False,0.0,0.0,0,False,False,0.0,0.0,0.0,0.0,0.0,0.0,False
A,AM3_M0.95_H0.95_Strong_6,0.95,0.95,Strong,6,FL2,Canon 300D,0.5094757080078125,988c54606c69248ba4cfa8bf2c8ab8a51bca8d9f95d8722edc10669485aead48,16841471976803533156,1,-0.396386155408379,False,0.0,0.0,0,False,False,0.0,0.0,0.0,0.0,0.0,0.0,False
A,AM3_M0.95_H0.95_Strong_6,0.95,0.95,Strong,6,FL11,Canon 300D,0.5094757080078125,988c54606c69248ba4cfa8bf2c8ab8a51bca8d9f95d8722edc10669485aead48,14577334906068114498,1,-0.04791813473757939,False,0.0,0.0,0,False,False,0.0,0.0,0.0,0.0,0.0,0.0,False
A,AM3_M0.95_H0.95_Strong_7,0.95,0.95,Strong,7,D65,Canon 300D,0.46026611328125,b20e3474e000b75310fd8a062860727726409a5a826083890d6b22f26d5ceab4,11261825896436252663,1,-0.020115986431845423,False,0.0,0.0,0,False,False,0.0,0.0,0.0,0.0,0.0,0.0,False
A,AM3_M0.95_H0.95_Strong_7,0.95,0.95,Strong,7,A,Canon 300D,0.46026611328125,b20e3474e000b75310fd8a062860727726409a5a826083890d6b22f26d5ceab4,109323860819345425,1,-0.0381742722509798,False,0.0,0.0,0,False,False,0.0,0.0,0.0,0.0,0.0,0.0,False
A,AM3_M0.95_H0.95_Strong_7,0.95,0.95,Strong,7,FL2,Canon 300D,0.46026611328125,b20e3474e000b75310fd8a062860727726409a5a826083890d6b22f26d5ceab4,4999772763720130185,1,-0.02682768769026944,False,0.0,0.0,0,False,False,0.0,0.0,0.0,0.0,0.0,0.0,False
A,AM3_M0.95_H0.95_Strong_7,0.95,0.95,Strong,7,FL11,Canon 300D,0.46026611328125,b20e3474e000b75310fd8a062860727726409a5a826083890d6b22f26d5ceab4,178172920499271171,1,0.1609778406876905,False,0.0,0.0,0,False,False,0.0,0.0,0.0,0.0,0.0,0.0,False
A,AM3_M0.98_H0.02_Full_0,0.98,0.02,Full,0,D65,Canon 300D,1.0,916b144867c340614f515c7b0e5415c74832d899c05264ded2a277a6e81d81ff,18019701052528440361,1,0.12885760690093662,False,0.0,0.0,0,False,False,0.0,0.0,0.0,0.0,0.0,0.0,False
A,AM3_M0.98_H0.02_Full_0,0.98,0.02,Full,0,A,Canon 300D,1.0,916b144867c340614f515c7b0e5415c74832d899c05264ded2a277a6e81d81ff,8549969959869836341,1,0.050192611865335524,False,0.0,0.0,0,False,False,0.0,0.0,0.0,0.0,0.0,0.0,False
A,AM3_M0.98_H0.02_Full_0,0.98,0.02,Full,0,FL2,Canon 300D,1.0,916b144867c340614f515c7b0e5415c74832d899c05264ded2a277a6e81d81ff,13419524579075966584,3,0.21054279117932173,False,0.0,0.09618123372395833,0,False,False,0.0,0.0,0.0,0.0,0.2881317138671875,0.0,False
A,AM3_M0.98_H0.02_Full_0,0.98,0.02,Full,0,FL11,Canon 300D,1.0,916b144867c340614f515c7b0e5415c74832d899c05264ded2a277a6e81d81ff,5930970398929587094,1,-0.24668804675757455,False,0.0,0.0,0,False,False,0.0,0.0,0.0,0.0,0.0,0.0,False
A,AM3_M0.98_H0.02_Full_1,0.98,0.02,Full,1,D65,Canon 300D,1.0,916b144867c340614f515c7b0e5415c74832d899c05264ded2a277a6e81d81ff,338773366326247622,1,-0.12602198698627642,False,0.0,0.0,0,False,False,0.0,0.0,0.0,0.0,0.0,0.0,False
A,AM3_M0.98_H0.02_Full_1,0.98,0.02,Full,1,A,Canon 300D,1.0,916b144867c340614f515c7b0e5415c74832d899c05264ded2a277a6e81d81ff,2912019662460968873,1,-0.08565372814408911,False,0.0,0.0,0,False,False,0.0,0.0,0.0,0.0,0.0,0.0,False
A,AM3_M0.98_H0.02_Full_1,0.98,0.02,Full,1,FL2,Canon 300D,1.0,916b144867c340614f515c7b0e5415c74832d899c05264ded2a277a6e81d81ff,12934758659563898288,4,-0.25335465994763173,False,0.0,0.09432474772135417,0,False,False,0.0,0.0,0.0,0.0,0.2825164794921875,0.0,False
A,AM3_M0.98_H0.02_Full_1,0.98,0.02,Full,1,FL11,Canon 300D,1.0,916b144867c340614f515c7b0e5415c74832d899c05264ded2a277a6e81d81ff,10439605898190496529,1,-0.22136399856088473,False,0.0,0.0,0,False,False,0.0,0.0,0.0,0.0,0.0,0.0,False
A,AM3_M0.98_H0.02_Full_2,0.98,0.02,Full,2,D65,Canon 300D,1.0,916b144867c340614f515c7b0e5415c74832d899c05264ded2a277a6e81d81ff,2587917191590007639,1,-0.29716602165029093,False,0.0,0.0,0,False,False,0.0,0.0,0.0,0.0,0.0,0.0,False
A,AM3_M0.98_H0.02_Full_2,0.98,0.02,Full,2,A,Canon 300D,1.0,916b144867c340614f515c7b0e5415c74832d899c05264ded2a277a6e81d81ff,12323278945259681714,1,0.01838124145398956,False,0.0,0.0,0,False,False,0.0,0.0,0.0,0.0,0.0,0.0,False
A,AM3_M0.98_H0.02_Full_2,0.98,0.02,Full,2,FL2,Canon 300D,1.0,916b144867c340614f515c7b0e5415c74832d899c05264ded2a277a6e81d81ff,12356641989736318361,6,0.1359931701453373,False,0.0,0.09814453125,0,False,False,0.0,0.0,0.0,0.0,0.2941131591796875,0.0,False
A,AM3_M0.98_H0.02_Full_2,0.98,0.02,Full,2,FL11,Canon 300D,1.0,916b144867c340614f515c7b0e5415c74832d899c05264ded2a277a6e81d81ff,1846945005542372518,1,0.03972554417060703,False,0.0,0.0,0,False,False,0.0,0.0,0.0,0.0,0.0,0.0,False
A,AM3_M0.98_H0.02_Full_3,0.98,0.02,Full,3,D65,Canon 300D,1.0,916b144867c340614f515c7b0e5415c74832d899c05264ded2a277a6e81d81ff,1873677995837545304,1,-0.309719888295927,False,0.0,0.0,0,False,False,0.0,0.0,0.0,0.0,0.0,0.0,False
A,AM3_M0.98_H0.02_Full_3,0.98,0.02,Full,3,A,Canon 300D,1.0,916b144867c340614f515c7b0e5415c74832d899c05264ded2a277a6e81d81ff,10332224199669864142,1,-0.33067578358571126,False,0.0,0.0,0,False,False,0.0,0.0,0.0,0.0,0.0,0.0,False
A,AM3_M0.98_H0.02_Full_3,0.98,0.02,Full,3,FL2,Canon 300D,1.0,916b144867c340614f515c7b0e5415c74832d899c05264ded2a277a6e81d81ff,14559556202047602230,64,-0.09625076475403216,False,0.0,0.09736124674479167,0,False,False,0.0,0.0,0.0,0.0,0.2915496826171875,0.0,False
A,AM3_M0.98_H0.02_Full_3,0.98,0.02,Full,3,FL11,Canon 300D,1.0,916b144867c340614f515c7b0e5415c74832d899c05264ded2a277a6e81d81ff,15672958743004750924,1,-0.0865739552837978,False,0.0,0.0,0,False,False,0.0,0.0,0.0,0.0,0.0,0.0,False
A,AM3_M0.98_H0.02_Full_4,0.98,0.02,Full,4,D65,Canon 300D,1.0,916b144867c340614f515c7b0e5415c74832d899c05264ded2a277a6e81d81ff,638741653462466686,1,-0.25317335242349714,False,0.0,0.0,0,False,False,0.0,0.0,0.0,0.0,0.0,0.0,False
A,AM3_M0.98_H0.02_Full_4,0.98,0.02,Full,4,A,Canon 300D,1.0,916b144867c340614f515c7b0e5415c74832d899c05264ded2a277a6e81d81ff,17470253487108962420,1,-0.27777272594974634,False,0.0,0.0,0,False,False,0.0,0.0,0.0,0.0,0.0,0.0,False
A,AM3_M0.98_H0.02_Full_4,0.98,0.02,Full,4,FL2,Canon 300D,1.0,916b144867c340614f515c7b0e5415c74832d899c05264ded2a277a6e81d81ff,12984866444794481566,128,-0.2060046012059814,False,0.0,0.11573282877604167,0,False,False,0.0,0.0,0.0,0.0,0.3466644287109375,0.0,True
A,AM3_M0.98_H0.02_Full_4,0.98,0.02,Full,4,FL11,Canon 300D,1.0,916b144867c340614f515c7b0e5415c74832d899c05264ded2a277a6e81d81ff,5962153382075007330,1,0.027658800674036477,False,0.0,0.0,0,False,False,0.0,0.0,0.0,0.0,0.0,0.0,False
A,AM3_M0.98_H0.02_Full_5,0.98,0.02,Full,5,D65,Canon 300D,1.0,916b144867c340614f515c7b0e5415c74832d899c05264ded2a277a6e81d81ff,11511239578844779505,1,0.2524933181095411,False,0.0,0.0,0,False,False,0.0,0.0,0.0,0.0,0.0,0.0,False
A,AM3_M0.98_H0.02_Full_5,0.98,0.02,Full,5,A,Canon 300D,1.0,916b144867c340614f515c7b0e5415c74832d899c05264ded2a277a6e81d81ff,7876037689404943918,1,0.2817440358339308,False,0.0,0.0,0,False,False,0.0,0.0,0.0,0.0,0.0,0.0,False
A,AM3_M0.98_H0.02_Full_5,0.98,0.02,Full,5,FL2,Canon 300D,1.0,916b144867c340614f515c7b0e5415c74832d899c05264ded2a277a6e81d81ff,17581410916748584655,4,-0.013033070765333166,False,0.0,0.09697977701822917,0,False,False,0.0,0.0,0.0,0.0,0.2903900146484375,0.0,False
A,AM3_M0.98_H0.02_Full_5,0.98,0.02,Full,5,FL11,Canon 300D,1.0,916b144867c340614f515c7b0e5415c74832d899c05264ded2a277a6e81d81ff,3185052063193788395,1,-0.29481230133625336,False,0.0,0.0,0,False,False,0.0,0.0,0.0,0.0,0.0,0.0,False
A,AM3_M0.98_H0.02_Full_6,0.98,0.02,Full,6,D65,Canon 300D,1.0,916b144867c340614f515c7b0e5415c74832d899c05264ded2a277a6e81d81ff,4200691947378058262,1,-0.1485048982579274,False,0.0,0.0,0,False,False,0.0,0.0,0.0,0.0,0.0,0.0,False
A,AM3_M0.98_H0.02_Full_6,0.98,0.02,Full,6,A,Canon 300D,1.0,916b144867c340614f515c7b0e5415c74832d899c05264ded2a277a6e81d81ff,11776538718628075239,1,0.2359759626997573,False,0.0,0.0,0,False,False,0.0,0.0,0.0,0.0,0.0,0.0,False
A,AM3_M0.98_H0.02_Full_6,0.98,0.02,Full,6,FL2,Canon 300D,1.0,916b144867c340614f515c7b0e5415c74832d899c05264ded2a277a6e81d81ff,8674545351956445604,128,-0.25083234218454575,False,0.0,0.11410013834635417,0,False,False,0.0,0.0,0.0,0.0,0.3417510986328125,0.0,True
A,AM3_M0.98_H0.02_Full_6,0.98,0.02,Full,6,FL11,Canon 300D,1.0,916b144867c340614f515c7b0e5415c74832d899c05264ded2a277a6e81d81ff,1288043687601131040,1,0.2593591469100154,False,0.0,0.0,0,False,False,0.0,0.0,0.0,0.0,0.0,0.0,False
A,AM3_M0.98_H0.02_Full_7,0.98,0.02,Full,7,D65,Canon 300D,1.0,916b144867c340614f515c7b0e5415c74832d899c05264ded2a277a6e81d81ff,12124780199246528647,1,-0.17906533264373148,False,0.0,0.0,0,False,False,0.0,0.0,0.0,0.0,0.0,0.0,False
A,AM3_M0.98_H0.02_Full_7,0.98,0.02,Full,7,A,Canon 300D,1.0,916b144867c340614f515c7b0e5415c74832d899c05264ded2a277a6e81d81ff,16398131566135965786,1,0.11154158650481627,False,0.0,0.0,0,False,False,0.0,0.0,0.0,0.0,0.0,0.0,False
A,AM3_M0.98_H0.02_Full_7,0.98,0.02,Full,7,FL2,Canon 300D,1.0,916b144867c340614f515c7b0e5415c74832d899c05264ded2a277a6e81d81ff,9131993728883542265,5,-0.3709229477700581,False,0.0,0.09666951497395833,0,False,False,0.0,0.0,0.0,0.0,0.2895965576171875,0.0,False
A,AM3_M0.98_H0.02_Full_7,0.98,0.02,Full,7,FL11,Canon 300D,1.0,916b144867c340614f515c7b0e5415c74832d899c05264ded2a277a6e81d81ff,12261614399049118594,1,-0.47154840870845444,False,0.0,0.0,0,False,False,0.0,0.0,0.0,0.0,0.0,0.0,False
A,AM3_M0.98_H0.02_Mild_0,0.98,0.02,Mild,0,D65,Canon 300D,0.889068603515625,1ecbd9779684ab3737eb3f1f4a19e8c8937764e415f7cc59416fd8413d08c759,73593520377964288,1,0.13328120489619477,False,0.0,0.0,0,False,False,0.0,0.0,0.0,0.0,0.0,0.0,False
A,AM3_M0.98_H0.02_Mild_0,0.98,0.02,Mild,0,A,Canon 300D,0.889068603515625,1ecbd9779684ab3737eb3f1f4a19e8c8937764e415f7cc59416fd8413d08c759,12548497049587438460,1,-0.35873385015766057,False,0.0,0.0,0,False,False,0.0,0.0,0.0,0.0,0.0,0.0,False
A,AM3_M0.98_H0.02_Mild_0,0.98,0.02,Mild,0,FL2,Canon 300D,0.889068603515625,1ecbd9779684ab3737eb3f1f4a19e8c8937764e415f7cc59416fd8413d08c759,8909806179831456188,43,-0.0709891415729097,False,0.0,0.08967493907252944,0,False,False,0.0,0.0,0.0,0.0,0.26869872653005183,0.0,False
A,AM3_M0.98_H0.02_Mild_0,0.98,0.02,Mild,0,FL11,Canon 300D,0.889068603515625,1ecbd9779684ab3737eb3f1f4a19e8c8937764e415f7cc59416fd8413d08c759,1068274544623476366,1,0.010055710368267023,False,0.0,0.0,0,False,False,0.0,0.0,0.0,0.0,0.0,0.0,False
A,AM3_M0.98_H0.02_Mild_1,0.98,0.02,Mild,1,D65,Canon 300D,0.870361328125,f7f7b1257ad916d3a78cf47aa8629645f7529c1696184960e56c49f8c41f3ba3,12999739818468255349,1,-0.2560127042404142,False,0.0,0.0,0,False,False,0.0,0.0,0.0,0.0,0.0,0.0,False
A,AM3_M0.98_H0.02_Mild_1,0.98,0.02,Mild,1,A,Canon 300D,0.870361328125,f7f7b1257ad916d3a78cf47aa8629645f7529c1696184960e56c49f8c41f3ba3,11454139189794579792,1,0.1306977779632683,False,0.0,0.0,0,False,False,0.0,0.0,0.0,0.0,0.0,0.0,False
A,AM3_M0.98_H0.02_Mild_1,0.98,0.02,Mild,1,FL2,Canon 300D,0.870361328125,f7f7b1257ad916d3a78cf47aa8629645f7529c1696184960e56c49f8c41f3ba3,148137380826086966,3,0.2337339890333192,False,0.0,0.09299906498363722,0,False,False,0.0,0.0,0.0,0.0,0.2786115007012623,0.0,False
A,AM3_M0.98_H0.02_Mild_1,0.98,0.02,Mild,1,FL11,Canon 300D,0.870361328125,f7f7b1257ad916d3a78cf47aa8629645f7529c1696184960e56c49f8c41f3ba3,3103640676637420395,1,-0.010355944235216463,False,0.0,0.0,0,False,False,0.0,0.0,0.0,0.0,0.0,0.0,False
A,AM3_M0.98_H0.02_Mild_2,0.98,0.02,Mild,2,D65,Canon 300D,0.7962799072265625,07661a2200be1e00a1cd34b02ad5fe72d8df24d04147a2b13ccabfbc972085bf,17396049073890677601,1,0.25430057987318755,False,0.0,0.0,0,False,False,0.0,0.0,0.0,0.0,0.0,0.0,False
A,AM3_M0.98_H0.02_Mild_2,0.98,0.02,Mild,2,A,Canon 300D,0.7962799072265625,07661a2200be1e00a1cd34b02ad5fe72d8df24d04147a2b13ccabfbc972085bf,11692532640365920942,1,-0.2896623276100245,False,0.0,0.0,0,False,False,0.0,0.0,0.0,0.0,0.0,0.0,False
A,AM3_M0.98_H0.02_Mild_2,0.98,0.02,Mild,2,FL2,Canon 300D,0.7962799072265625,07661a2200be1e00a1cd34b02ad5fe72d8df24d04147a2b13ccabfbc972085bf,17084988373502676865,1,-0.46609117766944713,False,0.0,0.09455462936348248,0,False,False,0.0,0.0,0.0,0.0,0.28278240873814314,0.0,False
A,AM3_M0.98_H0.02_Mild_2,0.98,0.02,Mild,2,FL11,Canon 300D,0.7962799072265625,07661a2200be1e00a1cd34b02ad5fe72d8df24d04147a2b13ccabfbc972085bf,10415362945310844222,1,0.09236484618229368,False,0.0,0.0,0,False,False,0.0,0.0,0.0,0.0,0.0,0.0,False
A,AM3_M0.98_H0.02_Mild_3,0.98,0.02,Mild,3,D65,Canon 300D,0.7321014404296875,42ed18310f600fa451fa602a8f9234fc906e1ea02ce127267b432520d83bd51f,2230890349678455919,1,-0.47487730045998044,False,0.0,0.0,0,False,False,0.0,0.0,0.0,0.0,0.0,0.0,False
A,AM3_M0.98_H0.02_Mild_3,0.98,0.02,Mild,3,A,Canon 300D,0.7321014404296875,42ed18310f600fa451fa602a8f9234fc906e1ea02ce127267b432520d83bd51f,9946906316939416310,1,0.004248348310110006,False,0.0,0.0,0,False,False,0.0,0.0,0.0,0.0,0.0,0.0,False
A,AM3_M0.98_H0.02_Mild_3,0.98,0.02,Mild,3,FL2,Canon 300D,0.7321014404296875,42ed18310f600fa451fa602a8f9234fc906e1ea02ce127267b432520d83bd51f,8113721244388199111,21,-0.4423962279612131,False,0.0,0.09775109943933805,0,False,False,0.0,0.0,0.0,0.0,0.29273223702036305,0.0,False
A,AM3_M0.98_H0.02_Mild_3,0.98,0.02,Mild,3,FL11,Canon 300D,0.7321014404296875,42ed18310f600fa451fa602a8f9234fc906e1ea02ce127267b432520d83bd51f,16625163087256408068,1,-0.43705104058915334,False,0.0,0.0,0,False,False,0.0,0.0,0.0,0.0,0.0,0.0,False
A,AM3_M0.98_H0.02_Mild_4,0.98,0.02,Mild,4,D65,Canon 300D,0.7225341796875,b9f75f01e011680b4655a27a91379656a948a7fac87327b3fb2ea75b12c9fac6,12284947298663019146,1,-0.206700432087213,False,0.0,0.0,0,False,False,0.0,0.0,0.0,0.0,0.0,0.0,False
A,AM3_M0.98_H0.02_Mild_4,0.98,0.02,Mild,4,A,Canon 300D,0.7225341796875,b9f75f01e011680b4655a27a91379656a948a7fac87327b3fb2ea75b12c9fac6,418223240433049924,1,-0.3846365509376316,False,0.0,0.0,0,False,False,0.0,0.0,0.0,0.0,0.0,0.0,False
A,AM3_M0.98_H0.02_Mild_4,0.98,0.02,Mild,4,FL2,Canon 300D,0.7225341796875,b9f75f01e011680b4655a27a91379656a948a7fac87327b3fb2ea75b12c9fac6,11906349763410609781,1,-0.46769071730485956,False,0.0,0.09727149856394661,0,False,False,0.0,0.0,0.0,0.0,0.29109646899814157,0.0,False
A,AM3_M0.98_H0.02_Mild_4,0.98,0.02,Mild,4,FL11,Canon 300D,0.7225341796875,b9f75f01e011680b4655a27a91379656a948a7fac87327b3fb2ea75b12c9fac6,17993679189148352104,1,0.053117415013785974,False,0.0,0.0,0,False,False,0.0,0.0,0.0,0.0,0.0,0.0,False
A,AM3_M0.98_H0.02_Mild_5,0.98,0.02,Mild,5,D65,Canon 300D,0.74798583984375,b6cb61d8994128e642fc60ef93d33af2ed7cf0d6c8945678771de6ff31656b7b,9431975876042178905,1,-0.1441347128117958,False,0.0,0.0,0,False,False,0.0,0.0,0.0,0.0,0.0,0.0,False
A,AM3_M0.98_H0.02_Mild_5,0.98,0.02,Mild,5,A,Canon 300D,0.74798583984375,b6cb61d8994128e642fc60ef93d33af2ed7cf0d6c8945678771de6ff31656b7b,13987078821867357159,1,-0.13498333267380697,False,0.0,0.0,0,False,False,0.0,0.0,0.0,0.0,0.0,0.0,False
A,AM3_M0.98_H0.02_Mild_5,0.98,0.02,Mild,5,FL2,Canon 300D,0.74798583984375,b6cb61d8994128e642fc60ef93d33af2ed7cf0d6c8945678771de6ff31656b7b,12085624784672305904,16,0.2261530297092298,False,0.0,0.09739562083503332,0,False,False,0.0,0.0,0.0,0.0,0.29181966544267646,0.0,False
A,AM3_M0.98_H0.02_Mild_5,0.98,0.02,Mild,5,FL11,Canon 300D,0.74798583984375,b6cb61d8994128e642fc60ef93d33af2ed7cf0d6c8945678771de6ff31656b7b,1001386785978467408,1,-0.42881885813926846,False,0.0,0.0,0,False,False,0.0,0.0,0.0,0.0,0.0,0.0,False
A,AM3_M0.98_H0.02_Mild_6,0.98,0.02,Mild,6,D65,Canon 300D,0.9269256591796875,11aaa00f02fb7f57e1c17090ac25464e095edbd2d23feb27b117abc446937222,9894575099588314507,1,-0.4580860371678507,False,0.0,0.0,0,False,False,0.0,0.0,0.0,0.0,0.0,0.0,False
A,AM3_M0.98_H0.02_Mild_6,0.98,0.02,Mild,6,A,Canon 300D,0.9269256591796875,11aaa00f02fb7f57e1c17090ac25464e095edbd2d23feb27b117abc446937222,3293709420687136634,1,0.02539657510027804,False,0.0,0.0,0,False,False,0.0,0.0,0.0,0.0,0.0,0.0,False
A,AM3_M0.98_H0.02_Mild_6,0.98,0.02,Mild,6,FL2,Canon 300D,0.9269256591796875,11aaa00f02fb7f57e1c17090ac25464e095edbd2d23feb27b117abc446937222,2980053030663504836,19,-0.2919962971731481,False,0.0,0.09495667824474185,0,False,False,0.0,0.0,0.0,0.0,0.28426095115808186,0.0,False
A,AM3_M0.98_H0.02_Mild_6,0.98,0.02,Mild,6,FL11,Canon 300D,0.9269256591796875,11aaa00f02fb7f57e1c17090ac25464e095edbd2d23feb27b117abc446937222,13863491072080417557,1,-0.3274711816840412,False,0.0,0.0,0,False,False,0.0,0.0,0.0,0.0,0.0,0.0,False
A,AM3_M0.98_H0.02_Mild_7,0.98,0.02,Mild,7,D65,Canon 300D,0.85540771484375,dc6e949d344b3977cfeacb52ab26c75c24a8ed97029213906b9b4fbd2471bee4,2204931674276260462,1,0.045210297233194474,False,0.0,0.0,0,False,False,0.0,0.0,0.0,0.0,0.0,0.0,False
A,AM3_M0.98_H0.02_Mild_7,0.98,0.02,Mild,7,A,Canon 300D,0.85540771484375,dc6e949d344b3977cfeacb52ab26c75c24a8ed97029213906b9b4fbd2471bee4,11061161684964371666,1,0.08134198797587566,False,0.0,0.0,0,False,False,0.0,0.0,0.0,0.0,0.0,0.0,False
A,AM3_M0.98_H0.02_Mild_7,0.98,0.02,Mild,7,FL2,Canon 300D,0.85540771484375,dc6e949d344b3977cfeacb52ab26c75c24a8ed97029213906b9b4fbd2471bee4,2384277226702351616,50,-0.258102663784724,False,0.0,0.09746105363301225,0,False,False,0.0,0.0,0.0,0.0,0.29195504816268286,0.0,False
A,AM3_M0.98_H0.02_Mild_7,0.98,0.02,Mild,7,FL11,Canon 300D,0.85540771484375,dc6e949d344b3977cfeacb52ab26c75c24a8ed97029213906b9b4fbd2471bee4,3456640440556418562,1,-0.040016941132853756,False,0.0,0.0,0,False,False,0.0,0.0,0.0,0.0,0.0,0.0,False
A,AM3_M0.98_H0.02_Strong_0,0.98,0.02,Strong,0,D65,Canon 300D,0.3734130859375,3f198a1d15623941f48844d117c8f7b7a9cfa1653cc52443e5bf374975aa694e,6556267951404402882,1,0.188754266859959,False,0.0,0.0,0,False,False,0.0,0.0,0.0,0.0,0.0,0.0,False
A,AM3_M0.98_H0.02_Strong_0,0.98,0.02,Strong,0,A,Canon 300D,0.3734130859375,3f198a1d15623941f48844d117c8f7b7a9cfa1653cc52443e5bf374975aa694e,12543175300757856413,1,0.3050327315493889,False,0.0,0.0,0,False,False,0.0,0.0,0.0,0.0,0.0,0.0,False
A,AM3_M0.98_H0.02_Strong_0,0.98,0.02,Strong,0,FL2,Canon 300D,0.3734130859375,3f198a1d15623941f48844d117c8f7b7a9cfa1653cc52443e5bf374975aa694e,11777176698709232765,1,-0.39310851290000665,False,0.0,0.08879535796011769,0,False,False,0.0,0.0,0.0,0.0,0.26605916966328863,0.0,False
A,AM3_M0.98_H0.02_Strong_0,0.98,0.02,Strong,0,FL11,Canon 300D,0.3734130859375,3f198a1d15623941f48844d117c8f7b7a9cfa1653cc52443e5bf374975aa694e,1470977428825997093,1,-0.1334725478626172,False,0.0,0.0,0,False,False,0.0,0.0,0.0,0.0,0.0,0.0,False
A,AM3_M0.98_H0.02_Strong_1,0.98,0.02,Strong,1,D65,Canon 300D,0.650482177734375,27a909f6d51ce794ee72eb4f17c31d45b13c1b997a087a292f8564a7b20fda93,7815872352886819741,1,-0.261291940556503,False,0.0,0.0,0,False,False,0.0,0.0,0.0,0.0,0.0,0.0,False
A,AM3_M0.98_H0.02_Strong_1,0.98,0.02,Strong,1,A,Canon 300D,0.650482177734375,27a909f6d51ce794ee72eb4f17c31d45b13c1b997a087a292f8564a7b20fda93,690691203502916646,1,-0.4473891126181773,False,0.0,0.0,0,False,False,0.0,0.0,0.0,0.0,0.0,0.0,False
A,AM3_M0.98_H0.02_Strong_1,0.98,0.02,Strong,1,FL2,Canon 300D,0.650482177734375,27a909f6d51ce794ee72eb4f17c31d45b13c1b997a087a292f8564a7b20fda93,1901761742915243189,2,0.25375626412083063,False,0.0,0.09948393150363594,0,False,False,0.0,0.0,0.0,0.0,0.2981703026038001,0.0,False
A,AM3_M0.98_H0.02_Strong_1,0.98,0.02,Strong,1,FL11,Canon 300D,0.650482177734375,27a909f6d51ce794ee72eb4f17c31d45b13c1b997a087a292f8564a7b20fda93,6656378921361204439,1,-0.23330429143014525,False,0.0,0.0,0,False,False,0.0,0.0,0.0,0.0,0.0,0.0,False
A,AM3_M0.98_H0.02_Strong_2,0.98,0.02,Strong,2,D65,Canon 300D,0.3632354736328125,abdb253b122ba0c9343545a4307a472ae95ffc4b2ea064f66c394e62a65b35df,3902202682371160417,1,-0.23220154228854584,False,0.0,0.0,0,False,False,0.0,0.0,0.0,0.0,0.0,0.0,False
A,AM3_M0.98_H0.02_Strong_2,0.98,0.02,Strong,2,A,Canon 300D,0.3632354736328125,abdb253b122ba0c9343545a4307a472ae95ffc4b2ea064f66c394e62a65b35df,1868792003902727476,1,-0.2473838535354717,False,0.0,0.0,0,False,False,0.0,0.0,0.0,0.0,0.0,0.0,False
A,AM3_M0.98_H0.02_Strong_2,0.98,0.02,Strong,2,FL2,Canon 300D,0.3632354736328125,abdb253b122ba0c9343545a4307a472ae95ffc4b2ea064f66c394e62a65b35df,17823549130875313013,1,-0.09910498759436892,False,0.0,0.07866694671987677,0,False,False,0.0,0.0,0.0,0.0,0.23524469649233354,0.0,False
A,AM3_M0.98_H0.02_Strong_2,0.98,0.02,Strong,2,FL11,Canon 300D,0.3632354736328125,abdb253b122ba0c9343545a4307a472ae95ffc4b2ea064f66c394e62a65b35df,3756720936202052418,1,-0.4212335204870318,False,0.0,0.0,0,False,False,0.0,0.0,0.0,0.0,0.0,0.0,False
A,AM3_M0.98_H0.02_Strong_3,0.98,0.02,Strong,3,D65,Canon 300D,0.6599578857421875,32a615a9d6bab49fbbe02341cb1fdecfcd3025d99a6852d91adea1a16e9d61ae,4019459067263827450,1,-0.238871737027822,False,0.0,0.0,0,False,False,0.0,0.0,0.0,0.0,0.0,0.0,False
A,AM3_M0.98_H0.02_Strong_3,0.98,0.02,Strong,3,A,Canon 300D,0.6599578857421875,32a615a9d6bab49fbbe02341cb1fdecfcd3025d99a6852d91adea1a16e9d61ae,2319706817977653696,1,-0.16471771841892768,False,0.0,0.0,0,False,False,0.0,0.0,0.0,0.0,0.0,0.0,False
A,AM3_M0.98_H0.02_Strong_3,0.98,0.02,Strong,3,FL2,Canon 300D,0.6599578857421875,32a615a9d6bab49fbbe02341cb1fdecfcd3025d99a6852d91adea1a16e9d61ae,13715657951389010072,2,-0.04478508657971497,False,0.0,0.09266837760976625,0,False,False,0.0,0.0,0.0,0.0,0.27751959492266076,0.0,False
A,AM3_M0.98_H0.02_Strong_3,0.98,0.02,Strong,3,FL11,Canon 300D,0.6599578857421875,32a615a9d6bab49fbbe02341cb1fdecfcd3025d99a6852d91adea1a16e9d61ae,89234404970693256,1,-0.03775324118896467,False,0.0,0.0,0,False,False,0.0,0.0,0.0,0.0,0.0,0.0,False
A,AM3_M0.98_H0.02_Strong_4,0.98,0.02,Strong,4,D65,Canon 300D,0.5983123779296875,77cc5ab886023d81396a66abc66b80d6b8631b6f4a56cb9ef94f59acfd81abdf,4790890045412110303,1,-0.21164343904352023,False,0.0,0.0,0,False,False,0.0,0.0,0.0,0.0,0.0,0.0,False
A,AM3_M0.98_H0.02_Strong_4,0.98,0.02,Strong,4,A,Canon 300D,0.5983123779296875,77cc5ab886023d81396a66abc66b80d6b8631b6f4a56cb9ef94f59acfd81abdf,6873241024333441428,1,0.295098904996249,False,0.0,0.0,0,False,False,0.0,0.0,0.0,0.0,0.0,0.0,False
A,AM3_M0.98_H0.02_Strong_4,0.98,0.02,Strong,4,FL2,Canon 300D,0.5983123779296875,77cc5ab886023d81396a66abc66b80d6b8631b6f4a56cb9ef94f59acfd81abdf,16473451665431460369,1,-0.09269606683385234,False,0.0,0.09851827293361556,0,False,False,0.0,0.0,0.0,0.0,0.29522327918186225,0.0,False
A,AM3_M0.98_H0.02_Strong_4,0.98,0.02,Strong,4,FL11,Canon 300D,0.5983123779296875,77cc5ab886023d81396a66abc66b80d6b8631b6f4a56cb9ef94f59acfd81abdf,16253783073568535435,1,-0.34329490273642893,False,0.0,0.0,0,False,False,0.0,0.0,0.0,0.0,0.0,0.0,False
A,AM3_M0.98_H0.02_Strong_5,0.98,0.02,Strong,5,D65,Canon 300D,0.641082763671875,859c8a97c77c9895a1915c700f9624be65668118308aea0479f3561c6d058477,1484389290875990751,1,0.30744505068439787,False,0.0,0.0,0,False,False,0.0,0.0,0.0,0.0,0.0,0.0,False
A,AM3_M0.98_H0.02_Strong_5,0.98,0.02,Strong,5,A,Canon 300D,0.641082763671875,859c8a97c77c9895a1915c700f9624be65668118308aea0479f3561c6d058477,13767766732481258650,1,-0.05807618902700096,False,0.0,0.0,0,False,False,0.0,0.0,0.0,0.0,0.0,0.0,False
A,AM3_M0.98_H0.02_Strong_5,0.98,0.02,Strong,5,FL2,Canon 300D,0.641082763671875,859c8a97c77c9895a1915c700f9624be65668118308aea0479f3561c6d058477,15711630381336082826,28,0.28929051433005015,False,0.0,0.09264372193395852,0,False,False,0.0,0.0,0.0,0.0,0.27762174513257487,0.0,False
A,AM3_M0.98_H0.02_Strong_5,0.98,0.02,Strong,5,FL11,Canon 300D,0.641082763671875,859c8a97c77c9895a1915c700f9624be65668118308aea0479f3561c6d058477,7637468262120027600,1,-0.2616216382032751,False,0.0,0.0,0,False,False,0.0,0.0,0.0,0.0,0.0,0.0,False
A,AM3_M0.98_H0.02_Strong_6,0.98,0.02,Strong,6,D65,Canon 300D,0.5652618408203125,f4963b00113370250dbb438025d2f54cd35c4f7b9da4023e2fb36f1e9d74f98f,3987620436402050975,1,-0.4688621565602869,False,0.0,0.0,0,False,False,0.0,0.0,0.0,0.0,0.0,0.0,False
A,AM3_M0.98_H0.02_Strong_6,0.98,0.02,Strong,6,A,Canon 300D,0.5652618408203125,f4963b00113370250dbb438025d2f54cd35c4f7b9da4023e2fb36f1e9d74f98f,14964538842710364751,1,0.1452437310595448,False,0.0,0.0,0,False,False,0.0,0.0,0.0,0.0,0.0,0.0,False
A,AM3_M0.98_H0.02_Strong_6,0.98,0.02,Strong,6,FL2,Canon 300D,0.5652618408203125,f4963b00113370250dbb438025d2f54cd35c4f7b9da4023e2fb36f1e9d74f98f,339462745337036275,3,0.008396108865395213,False,0.0,0.09900571377153912,0,False,False,0.0,0.0,0.0,0.0,0.29658523417465243,0.0,False
A,AM3_M0.98_H0.02_Strong_6,0.98,0.02,Strong,6,FL11,Canon 300D,0.5652618408203125,f4963b00113370250dbb438025d2f54cd35c4f7b9da4023e2fb36f1e9d74f98f,3037271327339310921,1,-0.07653858594271545,False,0.0,0.0,0,False,False,0.0,0.0,0.0,0.0,0.0,0.0,False
A,AM3_M0.98_H0.02_Strong_7,0.98,0.02,Strong,7,D65,Canon 300D,0.5501708984375,4f7c66ca2eda498636ee3c443e113f06c1be08b055e92a6679adc650617bd906,4869332885106574179,1,0.0665238437473501,False,0.0,0.0,0,False,False,0.0,0.0,0.0,0.0,0.0,0.0,False
A,AM3_M0.98_H0.02_Strong_7,0.98,0.02,Strong,7,A,Canon 300D,0.5501708984375,4f7c66ca2eda498636ee3c443e113f06c1be08b055e92a6679adc650617bd906,8815024449936307903,1,0.21839327096390537,False,0.0,0.0,0,False,False,0.0,0.0,0.0,0.0,0.0,0.0,False
A,AM3_M0.98_H0.02_Strong_7,0.98,0.02,Strong,7,FL2,Canon 300D,0.5501708984375,4f7c66ca2eda498636ee3c443e113f06c1be08b055e92a6679adc650617bd906,366465957985819604,40,-0.158612293293098,False,0.0,0.09651652984246727,0,False,False,0.0,0.0,0.0,0.0,0.28907810073219437,0.0,False
A,AM3_M0.98_H0.02_Strong_7,0.98,0.02,Strong,7,FL11,Canon 300D,0.5501708984375,4f7c66ca2eda498636ee3c443e113f06c1be08b055e92a6679adc650617bd906,17411332748459612330,1,-0.4981653410425296,False,0.0,0.0,0,False,False,0.0,0.0,0.0,0.0,0.0,0.0,False
A,AM3_M0.98_H0.50_Full_0,0.98,0.5,Full,0,D65,Canon 300D,1.0,916b144867c340614f515c7b0e5415c74832d899c05264ded2a277a6e81d81ff,4631446760025406941,1,-0.19069174018161456,False,0.0,0.0,0,False,False,0.0,0.0,0.0,0.0,0.0,0.0,False
A,AM3_M0.98_H0.50_Full_0,0.98,0.5,Full,0,A,Canon 300D,1.0,916b144867c340614f515c7b0e5415c74832d899c05264ded2a277a6e81d81ff,2934217537293701271,1,0.13708150619013126,False,0.0,0.0,0,False,False,0.0,0.0,0.0,0.0,0.0,0.0,False
A,AM3_M0.98_H0.50_Full_0,0.98,0.5,Full,0,FL2,Canon 300D,1.0,916b144867c340614f515c7b0e5415c74832d899c05264ded2a277a6e81d81ff,15742807083062887435,1,-0.347556842576923,False,0.0,0.0,0,False,False,0.0,0.0,0.0,0.0,0.0,0.0,False
A,AM3_M0.98_H0.50_Full_0,0.98,0.5,Full,0,FL11,Canon 300D,1.0,916b144867c340614f515c7b0e5415c74832d899c05264ded2a277a6e81d81ff,3291407555034763879,1,-0.322404141269259,False,0.0,0.0,0,False,False,0.0,0.0,0.0,0.0,0.0,0.0,False
A,AM3_M0.98_H0.50_Full_1,0.98,0.5,Full,1,D65,Canon 300D,1.0,916b144867c340614f515c7b0e5415c74832d899c05264ded2a277a6e81d81ff,14443041081646996227,1,-0.2071361707270169,False,0.0,0.0,0,False,False,0.0,0.0,0.0,0.0,0.0,0.0,False
A,AM3_M0.98_H0.50_Full_1,0.98,0.5,Full,1,A,Canon 300D,1.0,916b144867c340614f515c7b0e5415c74832d899c05264ded2a277a6e81d81ff,12681305890561978981,1,-0.41591259185482177,False,0.0,0.0,0,False,False,0.0,0.0,0.0,0.0,0.0,0.0,False
A,AM3_M0.98_H0.50_Full_1,0.98,0.5,Full,1,FL2,Canon 300D,1.0,916b144867c340614f515c7b0e5415c74832d899c05264ded2a277a6e81d81ff,17806835386800264563,1,-0.167744509727899,False,0.0,0.0,0,False,False,0.0,0.0,0.0,0.0,0.0,0.0,False
A,AM3_M0.98_H0.50_Full_1,0.98,0.5,Full,1,FL11,Canon 300D,1.0,916b144867c340614f515c7b0e5415c74832d899c05264ded2a277a6e81d81ff,8005796196071971297,1,0.2924160186254454,False,0.0,0.0,0,False,False,0.0,0.0,0.0,0.0,0.0,0.0,False
A,AM3_M0.98_H0.50_Full_2,0.98,0.5,Full,2,D65,Canon 300D,1.0,916b144867c340614f515c7b0e5415c74832d899c05264ded2a277a6e81d81ff,12867387053085894594,1,-0.4492715854253042,False,0.0,0.0,0,False,False,0.0,0.0,0.0,0.0,0.0,0.0,False
A,AM3_M0.98_H0.50_Full_2,0.98,0.5,Full,2,A,Canon 300D,1.0,916b144867c340614f515c7b0e5415c74832d899c05264ded2a277a6e81d81ff,1773721953359853804,1,-0.22405763223437097,False,0.0,0.0,0,False,False,0.0,0.0,0.0,0.0,0.0,0.0,False
A,AM3_M0.98_H0.50_Full_2,0.98,0.5,Full,2,FL2,Canon 300D,1.0,916b144867c340614f515c7b0e5415c74832d899c05264ded2a277a6e81d81ff,9043162551179991508,1,-0.2245920533818253,False,0.0,0.0,0,False,False,0.0,0.0,0.0,0.0,0.0,0.0,False
A,AM3_M0.98_H0.50_Full_2,0.98,0.5,Full,2,FL11,Canon 300D,1.0,916b144867c340614f515c7b0e5415c74832d899c05264ded2a277a6e81d81ff,11501473481528792632,1,0.2251006778749447,False,0.0,0.0,0,False,False,0.0,0.0,0.0,0.0,0.0,0.0,False
A,AM3_M0.98_H0.50_Full_3,0.98,0.5,Full,3,D65,Canon 300D,1.0,916b144867c340614f515c7b0e5415c74832d899c05264ded2a277a6e81d81ff,10587132210206525114,1,-0.05920812329849584,False,0.0,0.0,0,False,False,0.0,0.0,0.0,0.0,0.0,0.0,False
A,AM3_M0.98_H0.50_Full_3,0.98,0.5,Full,3,A,Canon 300D,1.0,916b144867c340614f515c7b0e5415c74832d899c05264ded2a277a6e81d81ff,4163860213837188898,1,-0.24496481034008472,False,0.0,0.0,0,False,False,0.0,0.0,0.0,0.0,0.0,0.0,False
A,AM3_M0.98_H0.50_Full_3,0.98,0.5,Full,3,FL2,Canon 300D,1.0,916b144867c340614f515c7b0e5415c74832d899c05264ded2a277a6e81d81ff,5816722989061417650,1,-0.14866535198141828,False,0.0,0.0,0,False,False,0.0,0.0,0.0,0.0,0.0,0.0,False
A,AM3_M0.98_H0.50_Full_3,0.98,0.5,Full,3,FL11,Canon 300D,1.0,916b144867c340614f515c7b0e5415c74832d899c05264ded2a277a6e81d81ff,9344683832649594892,1,-0.10891322664414943,False,0.0,0.0,0,False,False,0.0,0.0,0.0,0.0,0.0,0.0,False
A,AM3_M0.98_H0.50_Full_4,0.98,0.5,Full,4,D65,Canon 300D,1.0,916b144867c340614f515c7b0e5415c74832d899c05264ded2a277a6e81d81ff,10262854034975269918,1,-0.49720715720126996,False,0.0,0.0,0,False,False,0.0,0.0,0.0,0.0,0.0,0.0,False
A,AM3_M0.98_H0.50_Full_4,0.98,0.5,Full,4,A,Canon 300D,1.0,916b144867c340614f515c7b0e5415c74832d899c05264ded2a277a6e81d81ff,1148664882495222353,1,0.26011984885536743,False,0.0,0.0,0,False,False,0.0,0.0,0.0,0.0,0.0,0.0,False
A,AM3_M0.98_H0.50_Full_4,0.98,0.5,Full,4,FL2,Canon 300D,1.0,916b144867c340614f515c7b0e5415c74832d899c05264ded2a277a6e81d81ff,11548847219497302537,1,-0.035688608327477,False,0.0,0.0,0,False,False,0.0,0.0,0.0,0.0,0.0,0.0,False
A,AM3_M0.98_H0.50_Full_4,0.98,0.5,Full,4,FL11,Canon 300D,1.0,916b144867c340614f515c7b0e5415c74832d899c05264ded2a277a6e81d81ff,16824485992557759769,1,-0.27386746945881196,False,0.0,0.0,0,False,False,0.0,0.0,0.0,0.0,0.0,0.0,False
A,AM3_M0.98_H0.50_Full_5,0.98,0.5,Full,5,D65,Canon 300D,1.0,916b144867c340614f515c7b0e5415c74832d899c05264ded2a277a6e81d81ff,13378679652867938518,1,-0.09467720856004014,False,0.0,0.0,0,False,False,0.0,0.0,0.0,0.0,0.0,0.0,False
A,AM3_M0.98_H0.50_Full_5,0.98,0.5,Full,5,A,Canon 300D,1.0,916b144867c340614f515c7b0e5415c74832d899c05264ded2a277a6e81d81ff,6046307225300321391,1,0.08978999220070627,False,0.0,0.0,0,False,False,0.0,0.0,0.0,0.0,0.0,0.0,False
A,AM3_M0.98_H0.50_Full_5,0.98,0.5,Full,5,FL2,Canon 300D,1.0,916b144867c340614f515c7b0e5415c74832d899c05264ded2a277a6e81d81ff,12640843651986081934,1,-0.20992676533207494,False,0.0,0.0,0,False,False,0.0,0.0,0.0,0.0,0.0,0.0,False
A,AM3_M0.98_H0.50_Full_5,0.98,0.5,Full,5,FL11,Canon 300D,1.0,916b144867c340614f515c7b0e5415c74832d899c05264ded2a277a6e81d81ff,7422935749798746759,1,-0.08732836154425194,False,0.0,0.0,0,False,False,0.0,0.0,0.0,0.0,0.0,0.0,False
A,AM3_M0.98_H0.50_Full_6,0.98,0.5,Full,6,D65,Canon 300D,1.0,916b144867c340614f515c7b0e5415c74832d899c05264ded2a277a6e81d81ff,17746207514408445923,1,-0.1255704464000456,False,0.0,0.0,0,False,False,0.0,0.0,0.0,0.0,0.0,0.0,False
A,AM3_M0.98_H0.50_Full_6,0.98,0.5,Full,6,A,Canon 300D,1.0,916b144867c340614f515c7b0e5415c74832d899c05264ded2a277a6e81d81ff,1530309049305146835,1,-0.13461054185302085,False,0.0,0.0,0,False,False,0.0,0.0,0.0,0.0,0.0,0.0,False
A,AM3_M0.98_H0.50_Full_6,0.98,0.5,Full,6,FL2,Canon 300D,1.0,916b144867c340614f515c7b0e5415c74832d899c05264ded2a277a6e81d81ff,16440279763492673791,1,-0.31077282544378887,False,0.0,0.0,0,False,False,0.0,0.0,0.0,0.0,0.0,0.0,False
A,AM3_M0.98_H0.50_Full_6,0.98,0.5,Full,6,FL11,Canon 300D,1.0,916b144867c340614f515c7b0e5415c74832d899c05264ded2a277a6e81d81ff,2982399497020701197,1,0.07622656894706448,False,0.0,0.0,0,False,False,0.0,0.0,0.0,0.0,0.0,0.0,False
A,AM3_M0.98_H0.50_Full_7,0.98,0.5,Full,7,D65,Canon 300D,1.0,916b144867c340614f515c7b0e5415c74832d899c05264ded2a277a6e81d81ff,7757855606323205287,1,-0.3719318190708134,False,0.0,0.0,0,False,False,0.0,0.0,0.0,0.0,0.0,0.0,False
A,AM3_M0.98_H0.50_Full_7,0.98,0.5,Full,7,A,Canon 300D,1.0,916b144867c340614f515c7b0e5415c74832d899c05264ded2a277a6e81d81ff,11400812250976624600,1,-0.23323843267821093,False,0.0,0.0,0,False,False,0.0,0.0,0.0,0.0,0.0,0.0,False
A,AM3_M0.98_H0.50_Full_7,0.98,0.5,Full,7,FL2,Canon 300D,1.0,916b144867c340614f515c7b0e5415c74832d899c05264ded2a277a6e81d81ff,5702168263047129471,1,0.15901305942900434,False,0.0,0.0,0,False,False,0.0,0.0,0.0,0.0,0.0,0.0,False
A,AM3_M0.98_H0.50_Full_7,0.98,0.5,Full,7,FL11,Canon 300D,1.0,916b144867c340614f515c7b0e5415c74832d899c05264ded2a277a6e81d81ff,5811657850313893823,1,-0.1305375615194005,False,0.0,0.0,0,False,False,0.0,0.0,0.0,0.0,0.0,0.0,False
A,AM3_M0.98_H0.50_Mild_0,0.98,0.5,Mild,0,D65,Canon 300D,0.7959442138671875,6cd7dc2a5f981a6c655b8488f993c5b00bca54b7c10af9cc3956d8dc1c6dd95f,3889341796974472092,1,-0.3327397217464766,False,0.0,0.0,0,False,False,0.0,0.0,0.0,0.0,0.0,0.0,False
A,AM3_M0.98_H0.50_Mild_0,0.98,0.5,Mild,0,A,Canon 300D,0.7959442138671875,6cd7dc2a5f981a6c655b8488f993c5b00bca54b7c10af9cc3956d8dc1c6dd95f,13754590661361549425,1,0.2697334223999489,False,0.0,0.0,0,False,False,0.0,0.0,0.0,0.0,0.0,0.0,False
A,AM3_M0.98_H0.50_Mild_0,0.98,0.5,Mild,0,FL2,Canon 300D,0.7959442138671875,6cd7dc2a5f981a6c655b8488f993c5b00bca54b7c10af9cc3956d8dc1c6dd95f,7206406500426495513,1,-0.054663464317202204,False,0.0,0.0,0,False,False,0.0,0.0,0.0,0.0,0.0,0.0,False
A,AM3_M0.98_H0.50_Mild_0,0.98,0.5,Mild,0,FL11,Canon 300D,0.7959442138671875,6cd7dc2a5f981a6c655b8488f993c5b00bca54b7c10af9cc3956d8dc1c6dd95f,12965829730052001992,1,-0.3351899847762746,False,0.0,0.0,0,False,False,0.0,0.0,0.0,0.0,0.0,0.0,False
A,AM3_M0.98_H0.50_Mild_1,0.98,0.5,Mild,1,D65,Canon 300D,0.7256011962890625,baff57b1bc297114288a7f7e2250e4109aafaea4802135550c9d6c1e5f9f34be,9859518571358202606,1,0.05587853310515889,False,0.0,0.0,0,False,False,0.0,0.0,0.0,0.0,0.0,0.0,False
A,AM3_M0.98_H0.50_Mild_1,0.98,0.5,Mild,1,A,Canon 300D,0.7256011962890625,baff57b1bc297114288a7f7e2250e4109aafaea4802135550c9d6c1e5f9f34be,12199624295101872604,1,0.131641740571393,False,0.0,0.0,0,False,False,0.0,0.0,0.0,0.0,0.0,0.0,False
A,AM3_M0.98_H0.50_Mild_1,0.98,0.5,Mild,1,FL2,Canon 300D,0.7256011962890625,baff57b1bc297114288a7f7e2250e4109aafaea4802135550c9d6c1e5f9f34be,5417386318788227354,1,0.09523691158168468,False,0.0,0.0,0,False,False,0.0,0.0,0.0,0.0,0.0,0.0,False
A,AM3_M0.98_H0.50_Mild_1,0.98,0.5,Mild,1,FL11,Canon 300D,0.7256011962890625,baff57b1bc297114288a7f7e2250e4109aafaea4802135550c9d6c1e5f9f34be,1607090386425253442,1,-0.2868823886969054,False,0.0,0.0,0,False,False,0.0,0.0,0.0,0.0,0.0,0.0,False
A,AM3_M0.98_H0.50_Mild_2,0.98,0.5,Mild,2,D65,Canon 300D,0.7439727783203125,1c8329f67e6f7166c4b56060bd17acb02496886b9da3f86e766557546ee10d8a,3490839299617731875,1,0.3000430231691761,False,0.0,0.0,0,False,False,0.0,0.0,0.0,0.0,0.0,0.0,False
A,AM3_M0.98_H0.50_Mild_2,0.98,0.5,Mild,2,A,Canon 300D,0.7439727783203125,1c8329f67e6f7166c4b56060bd17acb02496886b9da3f86e766557546ee10d8a,4997605368158646093,1,0.23954316292221278,False,0.0,0.0,0,False,False,0.0,0.0,0.0,0.0,0.0,0.0,False
A,AM3_M0.98_H0.50_Mild_2,0.98,0.5,Mild,2,FL2,Canon 300D,0.7439727783203125,1c8329f67e6f7166c4b56060bd17acb02496886b9da3f86e766557546ee10d8a,10139186101069217716,1,-0.39694295765241855,False,0.0,0.0,0,False,False,0.0,0.0,0.0,0.0,0.0,0.0,False
A,AM3_M0.98_H0.50_Mild_2,0.98,0.5,Mild,2,FL11,Canon 300D,0.7439727783203125,1c8329f67e6f7166c4b56060bd17acb02496886b9da3f86e766557546ee10d8a,7473270778661520463,1,-0.35833390119378056,False,0.0,0.0,0,False,False,0.0,0.0,0.0,0.0,0.0,0.0,False
A,AM3_M0.98_H0.50_Mild_3,0.98,0.5,Mild,3,D65,Canon 300D,0.9179534912109375,b4cad296c84ef4eb863be0b88e54c52ce2963036a8f78cf99181f77f73227818,15056535755911968211,1,-0.47895029050719934,False,0.0,0.0,0,False,False,0.0,0.0,0.0,0.0,0.0,0.0,False
A,AM3_M0.98_H0.50_Mild_3,0.98,0.5,Mild,3,A,Canon 300D,0.9179534912109375,b4cad296c84ef4eb863be0b88e54c52ce2963036a8f78cf99181f77f73227818,2152944308105533631,1,-0.27033933696748635,False,0.0,0.0,0,False,False,0.0,0.0,0.0,0.0,0.0,0.0,False
A,AM3_M0.98_H0.50_Mild_3,0.98,0.5,Mild,3,FL2,Canon 300D,0.9179534912109375,b4cad296c84ef4eb863be0b88e54c52ce2963036a8f78cf99181f77f73227818,6315978515744893397,1,-0.2922845623531618,False,0.0,0.0,0,False,False,0.0,0.0,0.0,0.0,0.0,0.0,False
A,AM3_M0.98_H0.50_Mild_3,0.98,0.5,Mild,3,FL11,Canon 300D,0.9179534912109375,b4cad296c84ef4eb863be0b88e54c52ce2963036a8f78cf99181f77f73227818,4072596634328238660,1,-0.044784591331941404,False,0.0,0.0,0,False,False,0.0,0.0,0.0,0.0,0.0,0.0,False
A,AM3_M0.98_H0.50_Mild_4,0.98,0.5,Mild,4,D65,Canon 300D,0.8541412353515625,85bf572b3941098534f59c5698482d4b2692c638120b86207c55d6612df49186,13016283626405660967,1,-0.47442938318585626,False,0.0,0.0,0,False,False,0.0,0.0,0.0,0.0,0.0,0.0,False
A,AM3_M0.98_H0.50_Mild_4,0.98,0.5,Mild,4,A,Canon 300D,0.8541412353515625,85bf572b3941098534f59c5698482d4b2692c638120b86207c55d6612df49186,17686369880373859011,1,0.16515121976845026,False,0.0,0.0,0,False,False,0.0,0.0,0.0,0.0,0.0,0.0,False
A,AM3_M0.98_H0.50_Mild_4,0.98,0.5,Mild,4,FL2,Canon 300D,0.8541412353515625,85bf572b3941098534f59c5698482d4b2692c638120b86207c55d6612df49186,11915966756424272827,1,0.24979778467825497,False,0.0,0.0,0,False,False,0.0,0.0,0.0,0.0,0.0,0.0,False
A,AM3_M0.98_H0.50_Mild_4,0.98,0.5,Mild,4,FL11,Canon 300D,0.8541412353515625,85bf572b3941098534f59c5698482d4b2692c638120b86207c55d6612df49186,8358217202429905171,1,-0.1367857937944385,False,0.0,0.0,0,False,False,0.0,0.0,0.0,0.0,0.0,0.0,False
A,AM3_M0.98_H0.50_Mild_5,0.98,0.5,Mild,5,D65,Canon 300D,0.7867584228515625,0f9aa85cb986a2a93362e709b23d5da31ca22de791161e79bf4d39682c6eed5b,14097639860197848553,1,-0.49087270572890146,False,0.0,0.0,0,False,False,0.0,0.0,0.0,0.0,0.0,0.0,False
A,AM3_M0.98_H0.50_Mild_5,0.98,0.5,Mild,5,A,Canon 300D,0.7867584228515625,0f9aa85cb986a2a93362e709b23d5da31ca22de791161e79bf4d39682c6eed5b,16545264286197774677,1,-0.3696829952163538,False,0.0,0.0,0,False,False,0.0,0.0,0.0,0.0,0.0,0.0,False
A,AM3_M0.98_H0.50_Mild_5,0.98,0.5,Mild,5,FL2,Canon 300D,0.7867584228515625,0f9aa85cb986a2a93362e709b23d5da31ca22de791161e79bf4d39682c6eed5b,436281776611083102,1,0.21074626140175612,False,0.0,0.0,0,False,False,0.0,0.0,0.0,0.0,0.0,0.0,False
A,AM3_M0.98_H0.50_Mild_5,0.98,0.5,Mild,5,FL11,Canon 300D,0.7867584228515625,0f9aa85cb986a2a93362e709b23d5da31ca22de791161e79bf4d39682c6eed5b,2027743804472649246,1,-0.2672313027426779,False,0.0,0.0,0,False,False,0.0,0.0,0.0,0.0,0.0,0.0,False
A,AM3_M0.98_H0.50_Mild_6,0.98,0.5,Mild,6,D65,Canon 300D,0.9034881591796875,26cde0e73f6ff1d4ab82f23b9d588ac3e9a2a0297f8d2ed77fc3f309d7d024c9,11896931653923737028,1,-0.17161534160080577,False,0.0,0.0,0,False,False,0.0,0.0,0.0,0.0,0.0,0.0,False
A,AM3_M0.98_H0.50_Mild_6,0.98,0.5,Mild,6,A,Canon 300D,0.9034881591796875,26cde0e73f6ff1d4ab82f23b9d588ac3e9a2a0297f8d2ed77fc3f309d7d024c9,7902087699260028273,1,-0.2607313245976485,False,0.0,0.0,0,False,False,0.0,0.0,0.0,0.0,0.0,0.0,False
A,AM3_M0.98_H0.50_Mild_6,0.98,0.5,Mild,6,FL2,Canon 300D,0.9034881591796875,26cde0e73f6ff1d4ab82f23b9d588ac3e9a2a0297f8d2ed77fc3f309d7d024c9,11791993994372610872,1,0.081880480094075,False,0.0,0.0,0,False,False,0.0,0.0,0.0,0.0,0.0,0.0,False
A,AM3_M0.98_H0.50_Mild_6,0.98,0.5,Mild,6,FL11,Canon 300D,0.9034881591796875,26cde0e73f6ff1d4ab82f23b9d588ac3e9a2a0297f8d2ed77fc3f309d7d024c9,2720587391571748719,1,0.1422012876364478,False,0.0,0.0,0,False,False,0.0,0.0,0.0,0.0,0.0,0.0,False
A,AM3_M0.98_H0.50_Mild_7,0.98,0.5,Mild,7,D65,Canon 300D,0.9283447265625,47bfdd2473862fb2c17be5d05dff985244fd59120c6b8d790d625edbb2e79004,3867137771983301631,1,-0.23369304996180434,False,0.0,0.0,0,False,False,0.0,0.0,0.0,0.0,0.0,0.0,False
A,AM3_M0.98_H0.50_Mild_7,0.98,0.5,Mild,7,A,Canon 300D,0.9283447265625,47bfdd2473862fb2c17be5d05dff985244fd59120c6b8d790d625edbb2e79004,3556882439777557971,1,-0.2307280108918729,False,0.0,0.0,0,False,False,0.0,0.0,0.0,0.0,0.0,0.0,False
A,AM3_M0.98_H0.50_Mild_7,0.98,0.5,Mild,7,FL2,Canon 300D,0.9283447265625,47bfdd2473862fb2c17be5d05dff985244fd59120c6b8d790d625edbb2e79004,16561100864136702363,1,-0.15758992048102582,False,0.0,0.0,0,False,False,0.0,0.0,0.0,0.0,0.0,0.0,False
A,AM3_M0.98_H0.50_Mild_7,0.98,0.5,Mild,7,FL11,Canon 300D,0.9283447265625,47bfdd2473862fb2c17be5d05dff985244fd59120c6b8d790d625edbb2e79004,5684162542788604834,1,-0.37247430509283985,False,0.0,0.0,0,False,False,0.0,0.0,0.0,0.0,0.0,0.0,False
A,AM3_M0.98_H0.50_Strong_0,0.98,0.5,Strong,0,D65,Canon 300D,0.4824676513671875,fc988a75a1c08121e47982e37b08ce67ee052215c89cf42f030d6b4f354d0a47,1698824503667659651,1,0.12477885072578898,False,0.0,0.0,0,False,False,0.0,0.0,0.0,0.0,0.0,0.0,False
A,AM3_M0.98_H0.50_Strong_0,0.98,0.5,Strong,0,A,Canon 300D,0.4824676513671875,fc988a75a1c08121e47982e37b08ce67ee052215c89cf42f030d6b4f354d0a47,7694878292295895395,1,-0.21053239781910382,False,0.0,0.0,0,False,False,0.0,0.0,0.0,0.0,0.0,0.0,False
A,AM3_M0.98_H0.50_Strong_0,0.98,0.5,Strong,0,FL2,Canon 300D,0.4824676513671875,fc988a75a1c08121e47982e37b08ce67ee052215c89cf42f030d6b4f354d0a47,12197562569861229411,1,-0.09255333032929669,False,0.0,0.0,0,False,False,0.0,0.0,0.0,0.0,0.0,0.0,False
A,AM3_M0.98_H0.50_Strong_0,0.98,0.5,Strong,0,FL11,Canon 300D,0.4824676513671875,fc988a75a1c08121e47982e37b08ce67ee052215c89cf42f030d6b4f354d0a47,1643563729556279685,1,-0.40283022277472025,False,0.0,0.0,0,False,False,0.0,0.0,0.0,0.0,0.0,0.0,False
A,AM3_M0.98_H0.50_Strong_1,0.98,0.5,Strong,1,D65,Canon 300D,0.5126800537109375,efd298f29340109920bc040b904f486b92cf1a0fff9facaa840d325e9aea4ae2,17136185221701678977,1,-0.4312112704159524,False,0.0,0.0,0,False,False,0.0,0.0,0.0,0.0,0.0,0.0,False
A,AM3_M0.98_H0.50_Strong_1,0.98,0.5,Strong,1,A,Canon 300D,0.5126800537109375,efd298f29340109920bc040b904f486b92cf1a0fff9facaa840d325e9aea4ae2,148979478258794546,1,0.052969791131563415,False,0.0,0.0,0,False,False,0.0,0.0,0.0,0.0,0.0,0.0,False
A,AM3_M0.98_H0.50_Strong_1,0.98,0.5,Strong,1,FL2,Canon 300D,0.5126800537109375,efd298f29340109920bc040b904f486b92cf1a0fff9facaa840d325e9aea4ae2,1627815299686307572,1,0.01598318549928035,False,0.0,0.0,0,False,False,0.0,0.0,0.0,0.0,0.0,0.0,False
A,AM3_M0.98_H0.50_Strong_1,0.98,0.5,Strong,1,FL11,Canon 300D,0.5126800537109375,efd298f29340109920bc040b904f486b92cf1a0fff9facaa840d325e9aea4ae2,7735952370875327271,1,-0.3174504043223073,False,0.0,0.0,0,False,False,0.0,0.0,0.0,0.0,0.0,0.0,False
A,AM3_M0.98_H0.50_Strong_2,0.98,0.5,Strong,2,D65,Canon 300D,0.3996124267578125,46925ce5998d801c674d6ab2b0fd5af90987fa5ed9fabaaa6fc26eb0200cf067,15913537120061073088,1,-0.43365259423431074,False,0.0,0.0,0,False,False,0.0,0.0,0.0,0.0,0.0,0.0,False
A,AM3_M0.98_H0.50_Strong_2,0.98,0.5,Strong,2,A,Canon 300D,0.3996124267578125,46925ce5998d801c674d6ab2b0fd5af90987fa5ed9fabaaa6fc26eb0200cf067,3466403182075141625,1,-0.23065009190579555,False,0.0,0.0,0,False,False,0.0,0.0,0.0,0.0,0.0,0.0,False
A,AM3_M0.98_H0.50_Strong_2,0.98,0.5,Strong,2,FL2,Canon 300D,0.3996124267578125,46925ce5998d801c674d6ab2b0fd5af90987fa5ed9fabaaa6fc26eb0200cf067,3400116564195538200,1,-0.012242157372295281,False,0.0,0.0,0,False,False,0.0,0.0,0.0,0.0,0.0,0.0,False
A,AM3_M0.98_H0.50_Strong_2,0.98,0.5,Strong,2,FL11,Canon 300D,0.3996124267578125,46925ce5998d801c674d6ab2b0fd5af90987fa5ed9fabaaa6fc26eb0200cf067,2266629030924324591,1,-0.4365613815286396,False,0.0,0.0,0,False,False,0.0,0.0,0.0,0.0,0.0,0.0,False
A,AM3_M0.98_H0.50_Strong_3,0.98,0.5,Strong,3,D65,Canon 300D,0.4154052734375,413c07afe6fd7294c551ddfb9a72e876ba54fe4166269283adf4618b4246f7c8,13688672941919308689,1,-0.4850726632522025,False,0.0,0.0,0,False,False,0.0,0.0,0.0,0.0,0.0,0.0,False
A,AM3_M0.98_H0.50_Strong_3,0.98,0.5,Strong,3,A,Canon 300D,0.4154052734375,413c07afe6fd7294c551ddfb9a72e876ba54fe4166269283adf4618b4246f7c8,8289880394196649244,1,-0.21699098250937715,False,0.0,0.0,0,False,False,0.0,0.0,0.0,0.0,0.0,0.0,False
A,AM3_M0.98_H0.50_Strong_3,0.98,0.5,Strong,3,FL2,Canon 300D,0.4154052734375,413c07afe6fd7294c551ddfb9a72e876ba54fe4166269283adf4618b4246f7c8,11381950552004051182,1,-0.48421820002546684,False,0.0,0.0,0,False,False,0.0,0.0,0.0,0.0,0.0,0.0,False
A,AM3_M0.98_H0.50_Strong_3,0.98,0.5,Strong,3,FL11,Canon 300D,0.4154052734375,413c07afe6fd7294c551ddfb9a72e876ba54fe4166269283adf4618b4246f7c8,8941416762131241423,1,-0.04086017407106479,False,0.0,0.0,0,False,False,0.0,0.0,0.0,0.0,0.0,0.0,False
A,AM3_M0.98_H0.50_Strong_4,0.98,0.5,Strong,4,D65,Canon 300D,0.6769561767578125,0a0c225909c8e53f62b5dfdcbcb00d868957aaa14a9eb23caec83cd7b0200238,17441289364921000735,1,-0.2743083538979799,False,0.0,0.0,0,False,False,0.0,0.0,0.0,0.0,0.0,0.0,False
A,AM3_M0.98_H0.50_Strong_4,0.98,0.5,Strong,4,A,Canon 300D,0.6769561767578125,0a0c225909c8e53f62b5dfdcbcb00d868957aaa14a9eb23caec83cd7b0200238,16524586248884618538,1,-0.46892092348368997,False,0.0,0.0,0,False,False,0.0,0.0,0.0,0.0,0.0,0.0,False
A,AM3_M0.98_H0.50_Strong_4,0.98,0.5,Strong,4,FL2,Canon 300D,0.6769561767578125,0a0c225909c8e53f62b5dfdcbcb00d868957aaa14a9eb23caec83cd7b0200238,17905704661552272944,1,0.09908596287421079,False,0.0,0.0,0,False,False,0.0,0.0,0.0,0.0,0.0,0.0,False
A,AM3_M0.98_H0.50_Strong_4,0.98,0.5,Strong,4,FL11,Canon 300D,0.6769561767578125,0a0c225909c8e53f62b5dfdcbcb00d868957aaa14a9eb23caec83cd7b0200238,15039268515430980270,1,-0.11435448952453131,False,0.0,0.0,0,False,False,0.0,0.0,0.0,0.0,0.0,0.0,False
A,AM3_M0.98_H0.50_Strong_5,0.98,0.5,Strong,5,D65,Canon 300D,0.333770751953125,8e1ee50f31103db56322e1d80c8497ba7dc374fb747e6b24426222fc84664649,7302058724617287279,1,0.22243329056668504,False,0.0,0.0,0,False,False,0.0,0.0,0.0,0.0,0.0,0.0,False
A,AM3_M0.98_H0.50_Strong_5,0.98,0.5,Strong,5,A,Canon 300D,0.333770751953125,8e1ee50f31103db56322e1d80c8497ba7dc374fb747e6b24426222fc84664649,4834410868308722345,1,0.15949252283279225,False,0.0,0.0,0,False,False,0.0,0.0,0.0,0.0,0.0,0.0,False
A,AM3_M0.98_H0.50_Strong_5,0.98,0.5,Strong,5,FL2,Canon 300D,0.333770751953125,8e1ee50f31103db56322e1d80c8497ba7dc374fb747e6b24426222fc84664649,10982268505731797327,1,-0.38106756098159633,False,0.0,0.0,0,False,False,0.0,0.0,0.0,0.0,0.0,0.0,False
A,AM3_M0.98_H0.50_Strong_5,0.98,0.5,Strong,5,FL11,Canon 300D,0.333770751953125,8e1ee50f31103db56322e1d80c8497ba7dc374fb747e6b24426222fc84664649,13929241312406326886,1,-0.317994505818583,False,0.0,0.0,0,False,False,0.0,0.0,0.0,0.0,0.0,0.0,False
A,AM3_M0.98_H0.50_Strong_6,0.98,0.5,Strong,6,D65,Canon 300D,0.6286773681640625,62865a4b168e6bfb5032f7e55e37e92bd0f568bf138fa418e66083f4d58d4e10,2316921551344983405,1,0.18051773261123605,False,0.0,0.0,0,False,False,0.0,0.0,0.0,0.0,0.0,0.0,False
A,AM3_M0.98_H0.50_Strong_6,0.98,0.5,Strong,6,A,Canon 300D,0.6286773681640625,62865a4b168e6bfb5032f7e55e37e92bd0f568bf138fa418e66083f4d58d4e10,11451898576854061201,1,0.20743903442931633,False,0.0,0.0,0,False,False,0.0,0.0,0.0,0.0,0.0,0.0,False
A,AM3_M0.98_H0.50_Strong_6,0.98,0.5,Strong,6,FL2,Canon 300D,0.6286773681640625,62865a4b168e6bfb5032f7e55e37e92bd0f568bf138fa418e66083f4d58d4e10,13951940177734669874,1,-0.3962129867023676,False,0.0,0.0,0,False,False,0.0,0.0,0.0,0.0,0.0,0.0,False
A,AM3_M0.98_H0.50_Strong_6,0.98,0.5,Strong,6,FL11,Canon 300D,0.6286773681640625,62865a4b168e6bfb5032f7e55e37e92bd0f568bf138fa418e66083f4d58d4e10,6125117499101150351,1,-0.20874939517364988,False,0.0,0.0,0,False,False,0.0,0.0,0.0,0.0,0.0,0.0,False
A,AM3_M0.98_H0.50_Strong_7,0.98,0.5,Strong,7,D65,Canon 300D,0.47576904296875,12e3d6919773792b748eda75f067486b7d44515f46be4dd5bfc2158c88ef39cb,7961201375254789735,1,0.2053464170529452,False,0.0,0.0,0,False,False,0.0,0.0,0.0,0.0,0.0,0.0,False
A,AM3_M0.98_H0.50_Strong_7,0.98,0.5,Strong,7,A,Canon 300D,0.47576904296875,12e3d6919773792b748eda75f067486b7d44515f46be4dd5bfc2158c88ef39cb,3814052183764914040,1,-0.29785465060899996,False,0.0,0.0,0,False,False,0.0,0.0,0.0,0.0,0.0,0.0,False
A,AM3_M0.98_H0.50_Strong_7,0.98,0.5,Strong,7,FL2,Canon 300D,0.47576904296875,12e3d6919773792b748eda75f067486b7d44515f46be4dd5bfc2158c88ef39cb,1165854232975145167,1,0.04311801077709276,False,0.0,0.0,0,False,False,0.0,0.0,0.0,0.0,0.0,0.0,False
A,AM3_M0.98_H0.50_Strong_7,0.98,0.5,Strong,7,FL11,Canon 300D,0.47576904296875,12e3d6919773792b748eda75f067486b7d44515f46be4dd5bfc2158c88ef39cb,1645712705722822498,1,-0.27807431614636596,False,0.0,0.0,0,False,False,0.0,0.0,0.0,0.0,0.0,0.0,False
A,AM3_M0.98_H0.95_Full_0,0.98,0.95,Full,0,D65,Canon 300D,1.0,916b144867c340614f515c7b0e5415c74832d899c05264ded2a277a6e81d81ff,14379407349927204926,1,-0.2564025772567372,False,0.0,0.0,0,False,False,0.0,0.0,0.0,0.0,0.0,0.0,False
A,AM3_M0.98_H0.95_Full_0,0.98,0.95,Full,0,A,Canon 300D,1.0,916b144867c340614f515c7b0e5415c74832d899c05264ded2a277a6e81d81ff,18151633591695683522,1,0.05654354226880365,False,0.0,0.0,0,False,False,0.0,0.0,0.0,0.0,0.0,0.0,False
A,AM3_M0.98_H0.95_Full_0,0.98,0.95,Full,0,FL2,Canon 300D,1.0,916b144867c340614f515c7b0e5415c74832d899c05264ded2a277a6e81d81ff,15096237719154376160,1,-0.21653040566200038,False,0.0,0.0,0,False,False,0.0,0.0,0.0,0.0,0.0,0.0,False
A,AM3_M0.98_H0.95_Full_0,0.98,0.95,Full,0,FL11,Canon 300D,1.0,916b144867c340614f515c7b0e5415c74832d899c05264ded2a277a6e81d81ff,7502074945376232641,1,-0.32273511071654293,False,0.0,0.0,0,False,False,0.0,0.0,0.0,0.0,0.0,0.0,False
A,AM3_M0.98_H0.95_Full_1,0.98,0.95,Full,1,D65,Canon 300D,1.0,916b144867c340614f515c7b0e5415c74832d899c05264ded2a277a6e81d81ff,14571070220614589811,1,0.0624425879344952,False,0.0,0.0,0,False,False,0.0,0.0,0.0,0.0,0.0,0.0,False
A,AM3_M0.98_H0.95_Full_1,0.98,0.95,Full,1,A,Canon 300D,1.0,916b144867c340614f515c7b0e5415c74832d899c05264ded2a277a6e81d81ff,7301998977510280718,1,-0.07108980513753577,False,0.0,0.0,0,False,False,0.0,0.0,0.0,0.0,0.0,0.0,False
A,AM3_M0.98_H0.95_Full_1,0.98,0.95,Full,1,FL2,Canon 300D,1.0,916b144867c340614f515c7b0e5415c74832d899c05264ded2a277a6e81d81ff,10985779072015229823,1,0.005634241250284444,False,0.0,0.0,0,False,False,0.0,0.0,0.0,0.0,0.0,0.0,False
A,AM3_M0.98_H0.95_Full_1,0.98,0.95,Full,1,FL11,Canon 300D,1.0,916b144867c340614f515c7b0e5415c74832d899c05264ded2a277a6e81d81ff,18334505837130168047,1,-0.09656195559807884,False,0.0,0.0,0,False,False,0.0,0.0,0.0,0.0,0.0,0.0,False
A,AM3_M0.98_H0.95_Full_2,0.98,0.95,Full,2,D65,Canon 300D,1.0,916b144867c340614f515c7b0e5415c74832d899c05264ded2a277a6e81d81ff,457721345506421522,1,-0.27364946467534396,False,0.0,0.0,0,False,False,0.0,0.0,0.0,0.0,0.0,0.0,False
A,AM3_M0.98_H0.95_Full_2,0.98,0.95,Full,2,A,Canon 300D,1.0,916b144867c340614f515c7b0e5415c74832d899c05264ded2a277a6e81d81ff,18445488051494957724,1,-0.3789760256360243,False,0.0,0.0,0,False,False,0.0,0.0,0.0,0.0,0.0,0.0,False
A,AM3_M0.98_H0.95_Full_2,0.98,0.95,Full,2,FL2,Canon 300D,1.0,916b144867c340614f515c7b0e5415c74832d899c05264ded2a277a6e81d81ff,14781066785784593410,1,-0.0339160243461884,False,0.0,0.0,0,False,False,0.0,0.0,0.0,0.0,0.0,0.0,False
A,AM3_M0.98_H0.95_Full_2,0.98,0.95,Full,2,FL11,Canon 300D,1.0,916b144867c340614f515c7b0e5415c74832d899c05264ded2a277a6e81d81ff,11355967441743835650,1,-0.20607763398174234,False,0.0,0.0,0,False,False,0.0,0.0,0.0,0.0,0.0,0.0,False
A,AM3_M0.98_H0.95_Full_3,0.98,0.95,Full,3,D65,Canon 300D,1.0,916b144867c340614f515c7b0e5415c74832d899c05264ded2a277a6e81d81ff,4349774968369498027,1,-0.11295755546756103,False,0.0,0.0,0,False,False,0.0,0.0,0.0,0.0,0.0,0.0,False
A,AM3_M0.98_H0.95_Full_3,0.98,0.95,Full,3,A,Canon 300D,1.0,916b144867c340614f515c7b0e5415c74832d899c05264ded2a277a6e81d81ff,2688812952131029676,1,-0.25918822303460876,False,0.0,0.0,0,False,False,0.0,0.0,0.0,0.0,0.0,0.0,False
A,AM3_M0.98_H0.95_Full_3,0.98,0.95,Full,3,FL2,Canon 300D,1.0,916b144867c340614f515c7b0e5415c74832d899c05264ded2a277a6e81d81ff,770943955060205709,1,-0.33904149848782794,False,0.0,0.0,0,False,False,0.0,0.0,0.0,0.0,0.0,0.0,False
A,AM3_M0.98_H0.95_Full_3,0.98,0.95,Full,3,FL11,Canon 300D,1.0,916b144867c340614f515c7b0e5415c74832d899c05264ded2a277a6e81d81ff,14842960999299807270,1,0.24489192210261856,False,0.0,0.0,0,False,False,0.0,0.0,0.0,0.0,0.0,0.0,False
A,AM3_M0.98_H0.95_Full_4,0.98,0.95,Full,4,D65,Canon 300D,1.0,916b144867c340614f515c7b0e5415c74832d899c05264ded2a277a6e81d81ff,12113661026848919153,1,-0.23292315180463058,False,0.0,0.0,0,False,False,0.0,0.0,0.0,0.0,0.0,0.0,False
A,AM3_M0.98_H0.95_Full_4,0.98,0.95,Full,4,A,Canon 300D,1.0,916b144867c340614f515c7b0e5415c74832d899c05264ded2a277a6e81d81ff,17994838715185464200,1,-0.24150761984328634,False,0.0,0.0,0,False,False,0.0,0.0,0.0,0.0,0.0,0.0,False
A,AM3_M0.98_H0.95_Full_4,0.98,0.95,Full,4,FL2,Canon 300D,1.0,916b144867c340614f515c7b0e5415c74832d899c05264ded2a277a6e81d81ff,18366730857990028450,1,0.17432370573749112,False,0.0,0.0,0,False,False,0.0,0.0,0.0,0.0,0.0,0.0,False
A,AM3_M0.98_H0.95_Full_4,0.98,0.95,Full,4,FL11,Canon 300D,1.0,916b144867c340614f515c7b0e5415c74832d899c05264ded2a277a6e81d81ff,12775950679495250229,1,-0.21049420380675826,False,0.0,0.0,0,False,False,0.0,0.0,0.0,0.0,0.0,0.0,False
A,AM3_M0.98_H0.95_Full_5,0.98,0.95,Full,5,D65,Canon 300D,1.0,916b144867c340614f515c7b0e5415c74832d899c05264ded2a277a6e81d81ff,9264375367394509689,1,-0.15898023809993017,False,0.0,0.0,0,False,False,0.0,0.0,0.0,0.0,0.0,0.0,False
A,AM3_M0.98_H0.95_Full_5,0.98,0.95,Full,5,A,Canon 300D,1.0,916b144867c340614f515c7b0e5415c74832d899c05264ded2a277a6e81d81ff,11033629539190422871,1,-0.4739465270253944,False,0.0,0.0,0,False,False,0.0,0.0,0.0,0.0,0.0,0.0,False
A,AM3_M0.98_H0.95_Full_5,0.98,0.95,Full,5,FL2,Canon 300D,1.0,916b144867c340614f515c7b0e5415c74832d899c05264ded2a277a6e81d81ff,7467416155405975294,1,-0.15452551793536712,False,0.0,0.0,0,False,False,0.0,0.0,0.0,0.0,0.0,0.0,False
A,AM3_M0.98_H0.95_Full_5,0.98,0.95,Full,5,FL11,Canon 300D,1.0,916b144867c340614f515c7b0e5415c74832d899c05264ded2a277a6e81d81ff,6189116959847384648,1,-0.45716771765548714,False,0.0,0.0,0,False,False,0.0,0.0,0.0,0.0,0.0,0.0,False
A,AM3_M0.98_H0.95_Full_6,0.98,0.95,Full,6,D65,Canon 300D,1.0,916b144867c340614f515c7b0e5415c74832d899c05264ded2a277a6e81d81ff,3210514273803262957,1,0.22250776478345569,False,0.0,0.0,0,False,False,0.0,0.0,0.0,0.0,0.0,0.0,False
A,AM3_M0.98_H0.95_Full_6,0.98,0.95,Full,6,A,Canon 300D,1.0,916b144867c340614f515c7b0e5415c74832d899c05264ded2a277a6e81d81ff,16137451562786624412,1,-0.12130647601078542,False,0.0,0.0,0,False,False,0.0,0.0,0.0,0.0,0.0,0.0,False
A,AM3_M0.98_H0.95_Full_6,0.98,0.95,Full,6,FL2,Canon 300D,1.0,916b144867c340614f515c7b0e5415c74832d899c05264ded2a277a6e81d81ff,13212545917147814717,1,-0.34749254702239485,False,0.0,0.0,0,False,False,0.0,0.0,0.0,0.0,0.0,0.0,False
A,AM3_M0.98_H0.95_Full_6,0.98,0.95,Full,6,FL11,Canon 300D,1.0,916b144867c340614f515c7b0e5415c74832d899c05264ded2a277a6e81d81ff,8941809035759862234,1,0.23872906898535562,False,0.0,0.0,0,False,False,0.0,0.0,0.0,0.0,0.0,0.0,False
A,AM3_M0.98_H0.95_Full_7,0.98,0.95,Full,7,D65,Canon 300D,1.0,916b144867c340614f515c7b0e5415c74832d899c05264ded2a277a6e81d81ff,11605400388596418364,1,-0.0934703905605247,False,0.0,0.0,0,False,False,0.0,0.0,0.0,0.0,0.0,0.0,False
A,AM3_M0.98_H0.95_Full_7,0.98,0.95,Full,7,A,Canon 300D,1.0,916b144867c340614f515c7b0e5415c74832d899c05264ded2a277a6e81d81ff,12459420918483178620,1,0.2775019432021174,False,0.0,0.0,0,False,False,0.0,0.0,0.0,0.0,0.0,0.0,False
A,AM3_M0.98_H0.95_Full_7,0.98,0.95,Full,7,FL2,Canon 300D,1.0,916b144867c340614f515c7b0e5415c74832d899c05264ded2a277a6e81d81ff,2136977062383440442,1,-0.4770709749868413,False,0.0,0.0,0,False,False,0.0,0.0,0.0,0.0,0.0,0.0,False
A,AM3_M0.98_H0.95_Full_7,0.98,0.95,Full,7,FL11,Canon 300D,1.0,916b144867c340614f515c7b0e5415c74832d899c05264ded2a277a6e81d81ff,854535960999001024,1,0.1456927624748373,False,0.0,0.0,0,False,False,0.0,0.0,0.0,0.0,0.0,0.0,False
A,AM3_M0.98_H0.95_Mild_0,0.98,0.95,Mild,0,D65,Canon 300D,0.90264892578125,7dd77c66aabafcb17e6ec75540671cfe9a61cdc114ff3ba3994ad23a704dd8cd,9317722316877022585,1,-0.08529310195684897,False,0.0,0.0,0,False,False,0.0,0.0,0.0,0.0,0.0,0.0,False
A,AM3_M0.98_H0.95_Mild_0,0.98,0.95,Mild,0,A,Canon 300D,0.90264892578125,7dd77c66aabafcb17e6ec75540671cfe9a61cdc114ff3ba3994ad23a704dd8cd,496230566184032984,1,0.2524197412126076,False,0.0,0.0,0,False,False,0.0,0.0,0.0,0.0,0.0,0.0,False
A,AM3_M0.98_H0.95_Mild_0,0.98,0.95,Mild,0,FL2,Canon 300D,0.90264892578125,7dd77c66aabafcb17e6ec75540671cfe9a61cdc114ff3ba3994ad23a704dd8cd,15422992717355653724,1,0.2679777799301707,False,0.0,0.0,0,False,False,0.0,0.0,0.0,0.0,0.0,0.0,False
A,AM3_M0.98_H0.95_Mild_0,0.98,0.95,Mild,0,FL11,Canon 300D,0.90264892578125,7dd77c66aabafcb17e6ec75540671cfe9a61cdc114ff3ba3994ad23a704dd8cd,14023183374151187689,1,-0.49432216674738283,False,0.0,0.0,0,False,False,0.0,0.0,0.0,0.0,0.0,0.0,False
A,AM3_M0.98_H0.95_Mild_1,0.98,0.95,Mild,1,D65,Canon 300D,0.809295654296875,1ba82b04a0c534b79731a59a561bfbb23ab6f9444dc2e0b0b37b37c942e6b817,15566437107633880793,1,-0.26420445453208397,False,0.0,0.0,0,False,False,0.0,0.0,0.0,0.0,0.0,0.0,False
A,AM3_M0.98_H0.95_Mild_1,0.98,0.95,Mild,1,A,Canon 300D,0.809295654296875,1ba82b04a0c534b79731a59a561bfbb23ab6f9444dc2e0b0b37b37c942e6b817,1223646842219052609,1,0.015022062320261709,False,0.0,0.0,0,False,False,0.0,0.0,0.0,0.0,0.0,0.0,False
A,AM3_M0.98_H0.95_Mild_1,0.98,0.95,Mild,1,FL2,Canon 300D,0.809295654296875,1ba82b04a0c534b79731a59a561bfbb23ab6f9444dc2e0b0b37b37c942e6b817,13089766811531681742,1,-0.4280056869962236,False,0.0,0.0,0,False,False,0.0,0.0,0.0,0.0,0.0,0.0,False
A,AM3_M0.98_H0.95_Mild_1,0.98,0.95,Mild,1,FL11,Canon 300D,0.809295654296875,1ba82b04a0c534b79731a59a561bfbb23ab6f9444dc2e0b0b37b37c942e6b817,428958872032752291,1,-0.1774417510349361,False,0.0,0.0,0,False,False,0.0,0.0,0.0,0.0,0.0,0.0,False
A,AM3_M0.98_H0.95_Mild_2,0.98,0.95,Mild,2,D65,Canon 300D,0.7807159423828125,1d5fc1436a9eeece65b999a2c078fcb0ee066b26fafd20bb9ee6f711f16e51e5,15550857089699530353,1,-0.3280012536654657,False,0.0,0.0,0,False,False,0.0,0.0,0.0,0.0,0.0,0.0,False
A,AM3_M0.98_H0.95_Mild_2,0.98,0.95,Mild,2,A,Canon 300D,0.7807159423828125,1d5fc1436a9eeece65b999a2c078fcb0ee066b26fafd20bb9ee6f711f16e51e5,13987982197319458516,1,0.014302690317746669,False,0.0,0.0,0,False,False,0.0,0.0,0.0,0.0,0.0,0.0,False
A,AM3_M0.98_H0.95_Mild_2,0.98,0.95,Mild,2,FL2,Canon 300D,0.7807159423828125,1d5fc1436a9eeece65b999a2c078fcb0ee066b26fafd20bb9ee6f711f16e51e5,148272174067812791,1,-0.41462520903959926,False,0.0,0.0,0,False,False,0.0,0.0,0.0,0.0,0.0,0.0,False
A,AM3_M0.98_H0.95_Mild_2,0.98,0.95,Mild,2,FL11,Canon 300D,0.7807159423828125,1d5fc1436a9eeece65b999a2c078fcb0ee066b26fafd20bb9ee6f711f16e51e5,14352425041854016732,1,0.21753178042047427,False,0.0,0.0,0,False,False,0.0,0.0,0.0,0.0,0.0,0.0,False
A,AM3_M0.98_H0.95_Mild_3,0.98,0.95,Mild,3,D65,Canon 300D,0.8739471435546875,2302a3d169f0b00014b8a8003826d445da73749f073f05e7926cc58d9ba8fac5,15814814281191309995,1,-0.3922586888650954,False,0.0,0.0,0,False,False,0.0,0.0,0.0,0.0,0.0,0.0,False
A,AM3_M0.98_H0.95_Mild_3,0.98,0.95,Mild,3,A,Canon 300D,0.8739471435546875,2302a3d169f0b00014b8a8003826d445da73749f073f05e7926cc58d9ba8fac5,5888185379596485772,1,-0.4173004575508443,False,0.0,0.0,0,False,False,0.0,0.0,0.0,0.0,0.0,0.0,False
A,AM3_M0.98_H0.95_Mild_3,0.98,0.95,Mild,3,FL2,Canon 300D,0.8739471435546875,2302a3d169f0b00014b8a8003826d445da73749f073f05e7926cc58d9ba8fac5,3170037218038126013,1,0.08983200060212826,False,0.0,0.0,0,False,False,0.0,0.0,0.0,0.0,0.0,0.0,False
A,AM3_M0.98_H0.95_Mild_3,0.98,0.95,Mild,3,FL11,Canon 300D,0.8739471435546875,2302a3d169f0b00014b8a8003826d445da73749f073f05e7926cc58d9ba8fac5,15288862430678861977,1,-0.010548330300433229,False,0.0,0.0,0,False,False,0.0,0.0,0.0,0.0,0.0,0.0,False
A,AM3_M0.98_H0.95_Mild_4,0.98,0.95,Mild,4,D65,Canon 300D,0.871856689453125,2d157453b4cc2271946ab712d6d3f2377bd6ac0b48b803c4f5b17648da479bcc,7359674577944076772,1,-0.4802255316521085,False,0.0,0.0,0,False,False,0.0,0.0,0.0,0.0,0.0,0.0,False
A,AM3_M0.98_H0.95_Mild_4,0.98,0.95,Mild,4,A,Canon 300D,0.871856689453125,2d157453b4cc2271946ab712d6d3f2377bd6ac0b48b803c4f5b17648da479bcc,7509191048013810565,1,-0.22745429592449362,False,0.0,0.0,0,False,False,0.0,0.0,0.0,0.0,0.0,0.0,False
A,AM3_M0.98_H0.95_Mild_4,0.98,0.95,Mild,4,FL2,Canon 300D,0.871856689453125,2d157453b4cc2271946ab712d6d3f2377bd6ac0b48b803c4f5b17648da479bcc,12229760429052609092,1,0.03282723378715702,False,0.0,0.0,0,False,False,0.0,0.0,0.0,0.0,0.0,0.0,False
A,AM3_M0.98_H0.95_Mild_4,0.98,0.95,Mild,4,FL11,Canon 300D,0.871856689453125,2d157453b4cc2271946ab712d6d3f2377bd6ac0b48b803c4f5b17648da479bcc,16057317883082626876,1,-0.1661300375903217,False,0.0,0.0,0,False,False,0.0,0.0,0.0,0.0,0.0,0.0,False
A,AM3_M0.98_H0.95_Mild_5,0.98,0.95,Mild,5,D65,Canon 300D,0.9111480712890625,1ae3d3eb7d33e1ea5e9ea3e92904bc01396983e453aa71c17afaeb7aec020b45,15417918569494713902,1,-0.36967917757056035,False,0.0,0.0,0,False,False,0.0,0.0,0.0,0.0,0.0,0.0,False
A,AM3_M0.98_H0.95_Mild_5,0.98,0.95,Mild,5,A,Canon 300D,0.9111480712890625,1ae3d3eb7d33e1ea5e9ea3e92904bc01396983e453aa71c17afaeb7aec020b45,9524156165285611653,1,0.0675753295323015,False,0.0,0.0,0,False,False,0.0,0.0,0.0,0.0,0.0,0.0,False
A,AM3_M0.98_H0.95_Mild_5,0.98,0.95,Mild,5,FL2,Canon 300D,0.9111480712890625,1ae3d3eb7d33e1ea5e9ea3e92904bc01396983e453aa71c17afaeb7aec020b45,18297555158751760148,1,0.2036022541104463,False,0.0,0.0,0,False,False,0.0,0.0,0.0,0.0,0.0,0.0,False
A,AM3_M0.98_H0.95_Mild_5,0.98,0.95,Mild,5,FL11,Canon 300D,0.9111480712890625,1ae3d3eb7d33e1ea5e9ea3e92904bc01396983e453aa71c17afaeb7aec020b45,15403655610318806579,1,-0.10150234154577126,False,0.0,0.0,0,False,False,0.0,0.0,0.0,0.0,0.0,0.0,False
A,AM3_M0.98_H0.95_Mild_6,0.98,0.95,Mild,6,D65,Canon 300D,0.7548370361328125,e858042075798dc50b35e8b3344c55ffbbfbcedf9744bd62db40fee2549fe0ed,15130786832702686090,1,-0.11620259338983008,False,0.0,0.0,0,False,False,0.0,0.0,0.0,0.0,0.0,0.0,False
A,AM3_M0.98_H0.95_Mild_6,0.98,0.95,Mild,6,A,Canon 300D,0.7548370361328125,e858042075798dc50b35e8b3344c55ffbbfbcedf9744bd62db40fee2549fe0ed,12116063008742250574,1,-0.2881190548109156,False,0.0,0.0,0,False,False,0.0,0.0,0.0,0.0,0.0,0.0,False
A,AM3_M0.98_H0.95_Mild_6,0.98,0.95,Mild,6,FL2,Canon 300D,0.7548370361328125,e858042075798dc50b35e8b3344c55ffbbfbcedf9744bd62db40fee2549fe0ed,9093394564793959017,1,0.1991768953526566,False,0.0,0.0,0,False,False,0.0,0.0,0.0,0.0,0.0,0.0,False
A,AM3_M0.98_H0.95_Mild_6,0.98,0.95,Mild,6,FL11,Canon 300D,0.7548370361328125,e858042075798dc50b35e8b3344c55ffbbfbcedf9744bd62db40fee2549fe0ed,15652392196881940651,1,0.24102095917430588,False,0.0,0.0,0,False,False,0.0,0.0,0.0,0.0,0.0,0.0,False
A,AM3_M0.98_H0.95_Mild_7,0.98,0.95,Mild,7,D65,Canon 300D,0.88446044921875,c90516776bbeb5eabf0d084df8b2209b73833030c76b49558d15c1f45fcc4ebe,5333033479109097732,1,-0.38456730492173097,False,0.0,0.0,0,False,False,0.0,0.0,0.0,0.0,0.0,0.0,False
A,AM3_M0.98_H0.95_Mild_7,0.98,0.95,Mild,7,A,Canon 300D,0.88446044921875,c90516776bbeb5eabf0d084df8b2209b73833030c76b49558d15c1f45fcc4ebe,3467321161110674294,1,-0.10785712296891847,False,0.0,0.0,0,False,False,0.0,0.0,0.0,0.0,0.0,0.0,False
A,AM3_M0.98_H0.95_Mild_7,0.98,0.95,Mild,7,FL2,Canon 300D,0.88446044921875,c90516776bbeb5eabf0d084df8b2209b73833030c76b49558d15c1f45fcc4ebe,8863712423477221903,1,-0.27673819595756766,False,0.0,0.0,0,False,False,0.0,0.0,0.0,0.0,0.0,0.0,False
A,AM3_M0.98_H0.95_Mild_7,0.98,0.95,Mild,7,FL11,Canon 300D,0.88446044921875,c90516776bbeb5eabf0d084df8b2209b73833030c76b49558d15c1f45fcc4ebe,126543128774824077,1,-0.27317130247317034,False,0.0,0.0,0,False,False,0.0,0.0,0.0,0.0,0.0,0.0,False
A,AM3_M0.98_H0.95_Strong_0,0.98,0.95,Strong,0,D65,Canon 300D,0.48651123046875,88515974aecc6c7dda776fc366861fced9fde102f60d671faa1109e182a6ec6d,14260337970289559109,1,0.2125589271794618,False,0.0,0.0,0,False,False,0.0,0.0,0.0,0.0,0.0,0.0,False
A,AM3_M0.98_H0.95_Strong_0,0.98,0.95,Strong,0,A,Canon 300D,0.48651123046875,88515974aecc6c7dda776fc366861fced9fde102f60d671faa1109e182a6ec6d,9077539066094017250,1,-0.4478767225466533,False,0.0,0.0,0,False,False,0.0,0.0,0.0,0.0,0.0,0.0,False
A,AM3_M0.98_H0.95_Strong_0,0.98,0.95,Strong,0,FL2,Canon 300D,0.48651123046875,88515974aecc6c7dda776fc366861fced9fde102f60d671faa1109e182a6ec6d,1255642938384584156,1,-0.11357214365851098,False,0.0,0.0,0,False,False,0.0,0.0,0.0,0.0,0.0,0.0,False
A,AM3_M0.98_H0.95_Strong_0,0.98,0.95,Strong,0,FL11,Canon 300D,0.48651123046875,88515974aecc6c7dda776fc366861fced9fde102f60d671faa1109e182a6ec6d,2488842064081736749,1,-0.4170820069097229,False,0.0,0.0,0,False,False,0.0,0.0,0.0,0.0,0.0,0.0,False
A,AM3_M0.98_H0.95_Strong_1,0.98,0.95,Strong,1,D65,Canon 300D,0.654205322265625,99505082c1db6ab8bc495f25db09898b167d17ee1ce700c359472cd5ac294f79,3695298525760353439,1,-0.4154168872344879,False,0.0,0.0,0,False,False,0.0,0.0,0.0,0.0,0.0,0.0,False
A,AM3_M0.98_H0.95_Strong_1,0.98,0.95,Strong,1,A,Canon 300D,0.654205322265625,99505082c1db6ab8bc495f25db09898b167d17ee1ce700c359472cd5ac294f79,7569275833524484287,1,-0.24035432760425485,False,0.0,0.0,0,False,False,0.0,0.0,0.0,0.0,0.0,0.0,False
A,AM3_M0.98_H0.95_Strong_1,0.98,0.95,Strong,1,FL2,Canon 300D,0.654205322265625,99505082c1db6ab8bc495f25db09898b167d17ee1ce700c359472cd5ac294f79,4697421842837867498,1,-0.3432151564703456,False,0.0,0.0,0,False,False,0.0,0.0,0.0,0.0,0.0,0.0,False
A,AM3_M0.98_H0.95_Strong_1,0.98,0.95,Strong,1,FL11,Canon 300D,0.654205322265625,99505082c1db6ab8bc495f25db09898b167d17ee1ce700c359472cd5ac294f79,8741218917793483700,1,-0.1119253806297944,False,0.0,0.0,0,False,False,0.0,0.0,0.0,0.0,0.0,0.0,False
A,AM3_M0.98_H0.95_Strong_2,0.98,0.95,Strong,2,D65,Canon 300D,0.3262176513671875,23407912203892804e0aa096d4e3b1969e8478e42fc92e495bd3f86ed04ba41c,1796537276581062138,1,0.17626214049124111,False,0.0,0.0,0,False,False,0.0,0.0,0.0,0.0,0.0,0.0,False
A,AM3_M0.98_H0.95_Strong_2,0.98,0.95,Strong,2,A,Canon 300D,0.3262176513671875,23407912203892804e0aa096d4e3b1969e8478e42fc92e495bd3f86ed04ba41c,6358936367167466594,1,-0.1129533895687489,False,0.0,0.0,0,False,False,0.0,0.0,0.0,0.0,0.0,0.0,False
A,AM3_M0.98_H0.95_Strong_2,0.98,0.95,Strong,2,FL2,Canon 300D,0.3262176513671875,23407912203892804e0aa096d4e3b1969e8478e42fc92e495bd3f86ed04ba41c,10926214758470844840,1,-0.40221984283456386,False,0.0,0.0,0,False,False,0.0,0.0,0.0,0.0,0.0,0.0,False
A,AM3_M0.98_H0.95_Strong_2,0.98,0.95,Strong,2,FL11,Canon 300D,0.3262176513671875,23407912203892804e0aa096d4e3b1969e8478e42fc92e495bd3f86ed04ba41c,10243572840962854348,1,0.24648759787803787,False,0.0,0.0,0,False,False,0.0,0.0,0.0,0.0,0.0,0.0,False
A,AM3_M0.98_H0.95_Strong_3,0.98,0.95,Strong,3,D65,Canon 300D,0.551361083984375,1d67ba84ba002d2a5c08a9cb74e14feb8ddbf2355cb19808a3e6711e69627807,3166833864006729549,1,-0.0505064894372067,False,0.0,0.0,0,False,False,0.0,0.0,0.0,0.0,0.0,0.0,False
A,AM3_M0.98_H0.95_Strong_3,0.98,0.95,Strong,3,A,Canon 300D,0.551361083984375,1d67ba84ba002d2a5c08a9cb74e14feb8ddbf2355cb19808a3e6711e69627807,4042989604404747601,1,0.05730847785668547,False,0.0,0.0,0,False,False,0.0,0.0,0.0,0.0,0.0,0.0,False
A,AM3_M0.98_H0.95_Strong_3,0.98,0.95,Strong,3,FL2,Canon 300D,0.551361083984375,1d67ba84ba002d2a5c08a9cb74e14feb8ddbf2355cb19808a3e6711e69627807,6550430186002595167,1,0.24102693973997347,False,0.0,0.0,0,False,False,0.0,0.0,0.0,0.0,0.0,0.0,False
A,AM3_M0.98_H0.95_Strong_3,0.98,0.95,Strong,3,FL11,Canon 300D,0.551361083984375,1d67ba84ba002d2a5c08a9cb74e14feb8ddbf2355cb19808a3e6711e69627807,5413878442104099324,1,-0.214850018465357,False,0.0,0.0,0,False,False,0.0,0.0,0.0,0.0,0.0,0.0,False
A,AM3_M0.98_H0.95_Strong_4,0.98,0.95,Strong,4,D65,Canon 300D,0.321868896484375,9aebbd4c201a7c6f01d26339ade399fdb14ca51cf537b116bc02ae17237d50fe,18262153158237783197,1,-0.0031633053837690772,False,0.0,0.0,0,False,False,0.0,0.0,0.0,0.0,0.0,0.0,False
A,AM3_M0.98_H0.95_Strong_4,0.98,0.95,Strong,4,A,Canon 300D,0.321868896484375,9aebbd4c201a7c6f01d26339ade399fdb14ca51cf537b116bc02ae17237d50fe,8218017680084781302,1,0.16035816658737623,False,0.0,0.0,0,False,False,0.0,0.0,0.0,0.0,0.0,0.0,False
A,AM3_M0.98_H0.95_Strong_4,0.98,0.95,Strong,4,FL2,Canon 300D,0.321868896484375,9aebbd4c201a7c6f01d26339ade399fdb14ca51cf537b116bc02ae17237d50fe,12070301875107839409,1,0.1559191578801521,False,0.0,0.0,0,False,False,0.0,0.0,0.0,0.0,0.0,0.0,False
A,AM3_M0.98_H0.95_Strong_4,0.98,0.95,Strong,4,FL11,Canon 300D,0.321868896484375,9aebbd4c201a7c6f01d26339ade399fdb14ca51cf537b116bc02ae17237d50fe,16773436897404707759,1,-0.34548391000227463,False,0.0,0.0,0,False,False,0.0,0.0,0.0,0.0,0.0,0.0,False
A,AM3_M0.98_H0.95_Strong_5,0.98,0.95,Strong,5,D65,Canon 300D,0.628936767578125,f96f1e816eca6e79bfecbe33b36ff05fa7d775ae8edbf7b3957e000b0a6e4802,12541193420772162116,1,-0.30125352733931254,False,0.0,0.0,0,False,False,0.0,0.0,0.0,0.0,0.0,0.0,False
A,AM3_M0.98_H0.95_Strong_5,0.98,0.95,Strong,5,A,Canon 300D,0.628936767578125,f96f1e816eca6e79bfecbe33b36ff05fa7d775ae8edbf7b3957e000b0a6e4802,15268274789549633749,1,0.26489542400384214,False,0.0,0.0,0,False,False,0.0,0.0,0.0,0.0,0.0,0.0,False
A,AM3_M0.98_H0.95_Strong_5,0.98,0.95,Strong,5,FL2,Canon 300D,0.628936767578125,f96f1e816eca6e79bfecbe33b36ff05fa7d775ae8edbf7b3957e000b0a6e4802,6638183543728706654,1,-0.23029118453589592,False,0.0,0.0,0,False,False,0.0,0.0,0.0,0.0,0.0,0.0,False
A,AM3_M0.98_H0.95_Strong_5,0.98,0.95,Strong,5,FL11,Canon 300D,0.628936767578125,f96f1e816eca6e79bfecbe33b36ff05fa7d775ae8edbf7b3957e000b0a6e4802,4636820941836708097,1,0.2614599954359117,False,0.0,0.0,0,False,False,0.0,0.0,0.0,0.0,0.0,0.0,False
A,AM3_M0.98_H0.95_Strong_6,0.98,0.95,Strong,6,D65,Canon 300D,0.5906982421875,47aa84ba7edd3f2e0e4617f61c9bccfb7c16661cae4a816ece0e3fbf148d86e8,7243107842193519129,1,0.13006993986419724,False,0.0,0.0,0,False,False,0.0,0.0,0.0,0.0,0.0,0.0,False
A,AM3_M0.98_H0.95_Strong_6,0.98,0.95,Strong,6,A,Canon 300D,0.5906982421875,47aa84ba7edd3f2e0e4617f61c9bccfb7c16661cae4a816ece0e3fbf148d86e8,14920375067549045423,1,0.21924499616871085,False,0.0,0.0,0,False,False,0.0,0.0,0.0,0.0,0.0,0.0,False
A,AM3_M0.98_H0.95_Strong_6,0.98,0.95,Strong,6,FL2,Canon 300D,0.5906982421875,47aa84ba7edd3f2e0e4617f61c9bccfb7c16661cae4a816ece0e3fbf148d86e8,12037395138048670278,1,-0.08104393230532148,False,0.0,0.0,0,False,False,0.0,0.0,0.0,0.0,0.0,0.0,False
A,AM3_M0.98_H0.95_Strong_6,0.98,0.95,Strong,6,FL11,Canon 300D,0.5906982421875,47aa84ba7edd3f2e0e4617f61c9bccfb7c16661cae4a816ece0e3fbf148d86e8,14557743993955821658,1,0.06859950396011094,False,0.0,0.0,0,False,False,0.0,0.0,0.0,0.0,0.0,0.0,False
A,AM3_M0.98_H0.95_Strong_7,0.98,0.95,Strong,7,D65,Canon 300D,0.6576080322265625,487ce1f5dce709621fb8c35639b885a9e036a75721feac61583546bf2285e074,8244244288134892908,1,0.06285777152584815,False,0.0,0.0,0,False,False,0.0,0.0,0.0,0.0,0.0,0.0,False
A,AM3_M0.98_H0.95_Strong_7,0.98,0.95,Strong,7,A,Canon 300D,0.6576080322265625,487ce1f5dce709621fb8c35639b885a9e036a75721feac61583546bf2285e074,3699979100670995070,1,0.18958313010933303,False,0.0,0.0,0,False,False,0.0,0.0,0.0,0.0,0.0,0.0,False
A,AM3_M0.98_H0.95_Strong_7,0.98,0.95,Strong,7,FL2,Canon 300D,0.6576080322265625,487ce1f5dce709621fb8c35639b885a9e036a75721feac61583546bf2285e074,887870239385153974,1,-0.30800333299028604,False,0.0,0.0,0,False,False,0.0,0.0,0.0,0.0,0.0,0.0,False
A,AM3_M0.98_H0.95_Strong_7,0.98,0.95,Strong,7,FL11,Canon 300D,0.6576080322265625,487ce1f5dce709621fb8c35639b885a9e036a75721feac61583546bf2285e074,16360708321875486172,1,-0.015346068521335354,False,0.0,0.0,0,False,False,0.0,0.0,0.0,0.0,0.0,0.0,False
