case_id,model,channel,finite_fraction,all_zero,constant,min,max,mean,median,std,p01,p05,p25,p75,p95,p99,iqr,p99_p01_range,zero_fraction,one_fraction,near_zero_fraction,near_one_fraction
100037382,B1_baseline,M_sensitive,1.0,False,False,0.01794229820370674,0.7323469519615173,0.2594856917858124,0.23875769972801208,0.08787184208631516,0.12511021941900252,0.16051772385835647,0.20688621327280998,0.2844521850347519,0.4634969741106028,0.5627644515037535,0.07756597176194191,0.437654232084751,0.0,0.0,0.0,0.0
100037382,B1_baseline,H_sensitive,1.0,False,False,0.06977689266204834,0.6743689775466919,0.2366781085729599,0.2408411204814911,0.07439772039651871,0.11044380620121956,0.1247212015092373,0.1803193837404251,0.27671851217746735,0.3612224757671355,0.45623758822679494,0.09639912843704224,0.34579378202557537,0.0,0.0,0.0,0.0
100037382,B2_proposed_lambda_0p50,M_sensitive,1.0,False,False,0.008929211646318436,0.652593195438385,0.27445873618125916,0.2731613367795944,0.061311811208724976,0.11264679990708829,0.17524898201227188,0.23700867593288422,0.3103428855538368,0.3733070597052574,0.4392157399654387,0.0733342096209526,0.32656894005835047,0.0,0.0,0.0,0.0
100037382,B2_proposed_lambda_0p50,H_sensitive,1.0,False,False,0.03933095186948776,0.6294490098953247,0.2231624573469162,0.2328086793422699,0.03834841772913933,0.1564996299147606,0.1639593005180359,0.18512779846787453,0.25217941403388977,0.27797661870718005,0.2974391362071036,0.06705161556601524,0.140939506292343,0.0,0.0,0.0,0.0
100643124,B1_baseline,M_sensitive,1.0,False,False,0.008655287325382233,0.7476816177368164,0.21643605828285217,0.1925751194357872,0.09753779321908951,0.06953584060072898,0.10287620909512044,0.153001107275486,0.2577917352318764,0.4083813264966011,0.5671601933240892,0.10479062795639038,0.4976243527233602,0.0,0.0,0.0,0.0
100643124,B1_baseline,H_sensitive,1.0,False,False,0.0506477952003479,0.47035396099090576,0.22043253481388092,0.2361694499850273,0.05238505080342293,0.10392580837011338,0.12613317370414734,0.17786715924739838,0.2582491338253021,0.2856635540723801,0.3247005268931389,0.08038197457790375,0.2207747185230255,0.0,0.0,0.0,0.0
100643124,B2_proposed_lambda_0p50,M_sensitive,1.0,False,False,0.003980199806392193,0.8032758235931396,0.1989240199327469,0.1825963780283928,0.08234646171331406,0.05564506102353334,0.1052716888487339,0.14278462901711464,0.2361336126923561,0.3456917837262153,0.48483497023582467,0.09334898367524147,0.42918990921229133,0.0,0.0,0.0,0.0
100643124,B2_proposed_lambda_0p50,H_sensitive,1.0,False,False,0.016538063064217567,0.5750721096992493,0.21015779674053192,0.22114399820566177,0.03666342794895172,0.1422489872574806,0.15195619836449623,0.17489216849207878,0.24187757447361946,0.2571009695529938,0.27044346630573274,0.06698540598154068,0.12819447904825212,0.0,0.0,0.0,0.0
100960732,B1_baseline,M_sensitive,1.0,False,False,0.0006353253265842795,0.8537573218345642,0.3070661127567291,0.2709481567144394,0.17416171729564667,0.04782888375222683,0.09317559562623501,0.16634049639105797,0.41964295506477356,0.6457328140735626,0.7505876863002777,0.2533024586737156,0.7027588025480509,0.0,0.0,0.0,0.0
100960732,B1_baseline,H_sensitive,1.0,False,False,0.07679706066846848,0.6272900700569153,0.2738163471221924,0.2528378367424011,0.11493971198797226,0.10360723182559013,0.1267978623509407,0.1767892763018608,0.360344722867012,0.491742968559265,0.5228058958053589,0.18355544656515121,0.41919866397976874,0.0,0.0,0.0,0.0
100960732,B2_proposed_lambda_0p50,M_sensitive,1.0,False,False,0.00034508193493820727,0.8350772857666016,0.3111981749534607,0.328274667263031,0.13682541251182556,0.04806843336671591,0.09208202734589577,0.19564057886600494,0.4041394591331482,0.524942034482956,0.642182449698448,0.20849888026714325,0.594114016331732,0.0,0.0,0.0,0.0
100960732,B2_proposed_lambda_0p50,H_sensitive,1.0,False,False,0.01487854216247797,0.6487632989883423,0.2272607535123825,0.23335350304841995,0.04611948877573013,0.15224138244986535,0.16185628175735473,0.18647710978984833,0.2562576085329056,0.3129279315471649,0.3500550311803817,0.06978049874305725,0.19781364873051638,0.0,0.0,0.0,0.0
101044067,B1_baseline,M_sensitive,1.0,False,False,0.019183587282896042,0.877718985080719,0.23917768895626068,0.21644893288612366,0.12077022343873978,0.06493341594934464,0.09598100781440735,0.14540626108646393,0.30391764640808105,0.47178969979286184,0.6309236145019528,0.15851138532161713,0.5659901985526081,0.0,0.0,0.0,0.0
101044067,B1_baseline,H_sensitive,1.0,False,False,0.03999146819114685,0.7777261137962341,0.2141702026128769,0.22129671275615692,0.06262629479169846,0.08979307562112808,0.1163619339466095,0.1660626232624054,0.2582967281341553,0.2935100495815277,0.36521681189537003,0.09223410487174988,0.27542373627424194,0.0,0.0,0.0,0.0
101044067,B2_proposed_lambda_0p50,M_sensitive,1.0,False,False,0.0007667836616747081,0.8812252879142761,0.26147890090942383,0.24567297101020813,0.11759669333696365,0.06447000503540039,0.11311998665332794,0.17264296114444733,0.32403895258903503,0.4840219676494598,0.6287948846817016,0.1513959914445877,0.5643248796463013,0.0,0.0,0.0,0.0
101044067,B2_proposed_lambda_0p50,H_sensitive,1.0,False,False,0.012358877807855606,0.6330788731575012,0.22238761186599731,0.22956745326519012,0.040000222623348236,0.1439919203519821,0.15622846484184266,0.18695291876792908,0.2534986436367035,0.27522603869438167,0.3040848433971405,0.06654572486877441,0.16009292304515838,0.0,0.0,0.0,0.0
101295911,B1_baseline,M_sensitive,1.0,False,False,0.055358368903398514,0.7587669491767883,0.2767176330089569,0.24853450059890747,0.10673574358224869,0.12778690516948701,0.15831205993890762,0.20096483826637268,0.3210720121860504,0.506850981712341,0.6367632699012755,0.12010717391967773,0.5089763647317885,0.0,0.0,0.0,0.0
101295911,B1_baseline,H_sensitive,1.0,False,False,0.05271735414862633,0.6963649988174438,0.2481217384338379,0.2511283755302429,0.07267701625823975,0.10697087332606316,0.13124524503946305,0.20547722280025482,0.28225913643836975,0.36614263653755186,0.4619787150621394,0.07678191363811493,0.35500784173607625,0.0,0.0,0.0,0.0
101295911,B2_proposed_lambda_0p50,M_sensitive,1.0,False,False,0.016071921214461327,0.7067521810531616,0.2742667496204376,0.2684659957885742,0.07847051322460175,0.13521478325128555,0.1621826931834221,0.21179039776325226,0.3318346440792084,0.40096439421176905,0.4866659241914748,0.12004424631595612,0.35145114094018925,0.0,0.0,0.0,0.0
101295911,B2_proposed_lambda_0p50,H_sensitive,1.0,False,False,0.044054482132196426,0.5915991067886353,0.22773586213588715,0.23480290174484253,0.039762940257787704,0.15703898668289185,0.16500177681446077,0.19238904863595963,0.2546592503786087,0.28195864260196685,0.3282071042060852,0.06227020174264908,0.17116811752319333,0.0,0.0,0.0,0.0
101377780,B1_baseline,M_sensitive,1.0,False,False,0.01505556982010603,0.8160494565963745,0.21619446575641632,0.19911906123161316,0.07065773010253906,0.11251460164785385,0.13630418479442596,0.17022548615932465,0.2458275854587555,0.3415036201477051,0.463437712192536,0.07560209929943085,0.35092311054468217,0.0,0.0,0.0,0.0
101377780,B1_baseline,H_sensitive,1.0,False,False,0.07159893214702606,0.6626611948013306,0.2264493703842163,0.2385619729757309,0.05312217399477959,0.1157509669661522,0.13499301671981812,0.18594589829444885,0.26269590854644775,0.29016822576522827,0.328824782371521,0.0767500102519989,0.21307381540536882,0.0,0.0,0.0,0.0
101377780,B2_proposed_lambda_0p50,M_sensitive,1.0,False,False,0.004818488843739033,0.8488109111785889,0.208082914352417,0.20231671631336212,0.07130156457424164,0.07418043911457062,0.11361642926931381,0.1615043580532074,0.24292206764221191,0.32458919286727905,0.4434639155864719,0.08141770958900452,0.3692834764719013,0.0,0.0,0.0,0.0
101377780,B2_proposed_lambda_0p50,H_sensitive,1.0,False,False,0.02878512442111969,0.5708112716674805,0.22243154048919678,0.2319263219833374,0.0407680980861187,0.14394937753677367,0.15404199063777924,0.18537361919879913,0.25517547130584717,0.2789042592048645,0.2895037651062012,0.06980185210704803,0.1455543875694275,0.0,0.0,0.0,0.0
101588739,B1_baseline,M_sensitive,1.0,False,False,0.0007101203082129359,0.7677834033966064,0.22118514776229858,0.1982518583536148,0.10037155449390411,0.047304143682122234,0.09471631646156312,0.15507227182388306,0.2678428143262863,0.42183292508125303,0.53988952755928,0.11277054250240326,0.4925853838771578,0.0,0.0,0.0,0.0
101588739,B1_baseline,H_sensitive,1.0,False,False,0.07700059562921524,0.6560621857643127,0.23084422945976257,0.23288440704345703,0.0740344449877739,0.1051769968867302,0.12484313249588012,0.171637162566185,0.2654813677072525,0.370894780755043,0.42841853380203243,0.0938442051410675,0.3232415369153022,0.0,0.0,0.0,0.0
101588739,B2_proposed_lambda_0p50,M_sensitive,1.0,False,False,0.0003443937166593969,0.7104460000991821,0.23412464559078217,0.23843984305858612,0.0680948942899704,0.053170222342014316,0.10941365286707878,0.19896510243415833,0.2741866409778595,0.3314528077840805,0.4089521688222884,0.07522153854370117,0.3557819464802741,0.0,0.0,0.0,0.0
101588739,B2_proposed_lambda_0p50,H_sensitive,1.0,False,False,0.04445034638047218,0.6099029779434204,0.22498531639575958,0.23544056713581085,0.03853229433298111,0.15313104331493377,0.1627146303653717,0.18834710121154785,0.2550807595252991,0.274751815199852,0.3070192068815231,0.06673365831375122,0.15388816356658935,0.0,0.0,0.0,0.0
101737098,B1_baseline,M_sensitive,1.0,False,False,0.018737945705652237,0.7924726009368896,0.22359336912631989,0.19294537603855133,0.10475379973649979,0.0719886489212513,0.09920553490519524,0.14719133079051971,0.2828613221645355,0.42814284563064575,0.5427357375621791,0.1356699913740158,0.4707470886409278,0.0,0.0,0.0,0.0
101737098,B1_baseline,H_sensitive,1.0,False,False,0.05852486193180084,0.8912230730056763,0.22314466536045074,0.23067164421081543,0.0698724016547203,0.08935203477740288,0.11429224163293839,0.17570998519659042,0.26626354455947876,0.3189542889595032,0.3689899235963821,0.09055355936288834,0.2796378888189792,0.0,0.0,0.0,0.0
101737098,B2_proposed_lambda_0p50,M_sensitive,1.0,False,False,0.00340512627735734,0.7082868218421936,0.22110889852046967,0.20577166974544525,0.09005056321620941,0.06902498751878738,0.09850039705634117,0.15384061634540558,0.2802591174840927,0.3853752911090851,0.46474380195140835,0.12641850113868713,0.39571881443262097,0.0,0.0,0.0,0.0
101737098,B2_proposed_lambda_0p50,H_sensitive,1.0,False,False,0.003916474990546703,0.5866979360580444,0.21965226531028748,0.2289288341999054,0.042004507035017014,0.14049364477396012,0.1531267985701561,0.18041326850652695,0.2517464905977249,0.2840842604637146,0.2935431331396102,0.07133322209119797,0.1530494883656501,0.0,0.0,0.0,0.0
102400553,B1_baseline,M_sensitive,1.0,False,False,0.010203004814684391,0.7581192851066589,0.22978632152080536,0.2119600474834442,0.09207266569137573,0.08440254002809525,0.11436091102659703,0.16364611685276031,0.28075742721557617,0.3866761296987529,0.5410657364130019,0.11711131036281586,0.4566631963849067,0.0,0.0,0.0,0.0
102400553,B1_baseline,H_sensitive,1.0,False,False,0.022394875064492226,0.7478310465812683,0.2279505878686905,0.23492666333913803,0.05515747517347336,0.10929482907056809,0.13545100539922714,0.19300318136811256,0.26350969821214676,0.29292080402374265,0.33676237255334784,0.0705065168440342,0.22746754348277975,0.0,0.0,0.0,0.0
102400553,B2_proposed_lambda_0p50,M_sensitive,1.0,False,False,0.002481803297996521,0.8099716305732727,0.24578721821308136,0.23621723800897598,0.09653760492801666,0.06339581526815892,0.1076781701296568,0.17874427884817123,0.30193688720464706,0.41245115250349046,0.5544749218225479,0.12319260835647583,0.49107910655438897,0.0,0.0,0.0,0.0
102400553,B2_proposed_lambda_0p50,H_sensitive,1.0,False,False,0.018665537238121033,0.5280171036720276,0.2292676419019699,0.2378150150179863,0.03813694044947624,0.14691677808761597,0.16372549161314964,0.19779470562934875,0.25845009833574295,0.2820940390229225,0.2994124484062194,0.060655392706394196,0.15249567031860342,0.0,0.0,0.0,0.0
200088422,B1_baseline,M_sensitive,1.0,False,False,0.003884625853970647,0.7152829766273499,0.18906323611736298,0.17780224978923798,0.07746497541666031,0.059721831530332566,0.09209898784756661,0.1362808644771576,0.22509057074785233,0.3288914859294891,0.4513441181182861,0.08880970627069473,0.39162228658795356,0.0,0.0,0.0,0.0
200088422,B1_baseline,H_sensitive,1.0,False,False,0.057636912912130356,0.6534801721572876,0.21699175238609314,0.22826004028320312,0.061909355223178864,0.08895682543516159,0.11471040621399879,0.17347484827041626,0.2570509612560272,0.2866809844970703,0.3993178331851954,0.08357611298561096,0.31036100775003383,0.0,0.0,0.0,0.0
200088422,B2_proposed_lambda_0p50,M_sensitive,1.0,False,False,0.0009017190313898027,0.7806840538978577,0.1813184916973114,0.1748625636100769,0.07015066593885422,0.044328874573111535,0.0810497373342514,0.13676515221595764,0.2176569402217865,0.3017064064741134,0.406300508379936,0.08089178800582886,0.36197163380682446,0.0,0.0,0.0,0.0
200088422,B2_proposed_lambda_0p50,H_sensitive,1.0,False,False,0.01015475019812584,0.6235962510108948,0.21384978294372559,0.22308044135570526,0.03950784355401993,0.14034185588359832,0.1491801232099533,0.17796754837036133,0.24707166850566864,0.2660493433475494,0.2854487717151642,0.06910412013530731,0.14510691583156587,0.0,0.0,0.0,0.0
200378127,B1_baseline,M_sensitive,1.0,False,False,0.025267209857702255,0.7890293598175049,0.30091428756713867,0.28402459621429443,0.11306971311569214,0.09575891643762588,0.14475516974925995,0.22077785432338715,0.3565460443496704,0.5238372087478638,0.60750731229782,0.13576819002628326,0.511748395860194,0.0,0.0,0.0,0.0
200378127,B1_baseline,H_sensitive,1.0,False,False,0.07655032724142075,0.8923779726028442,0.23903150856494904,0.24349932372570038,0.08011797815561295,0.10315926820039749,0.12707756459712982,0.17320451140403748,0.2772102952003479,0.37316522002220154,0.44910525679588303,0.10400578379631042,0.34594598859548553,0.0,0.0,0.0,0.0
200378127,B2_proposed_lambda_0p50,M_sensitive,1.0,False,False,0.0005150248180143535,0.8076514005661011,0.31697022914886475,0.321114182472229,0.08197112381458282,0.08660287111997604,0.16663876175880432,0.27709367871284485,0.3625059127807617,0.44247695803642273,0.5186146855354299,0.08541223406791687,0.43201181441545383,0.0,0.0,0.0,0.0
200378127,B2_proposed_lambda_0p50,H_sensitive,1.0,False,False,0.01664377562701702,0.7852497100830078,0.22049777209758759,0.23124559223651886,0.040122367441654205,0.15391530990600585,0.16138412058353424,0.18248127400875092,0.24998334050178528,0.26770278811454773,0.30596312284469596,0.06750206649303436,0.1520478129386901,0.0,0.0,0.0,0.0
200563014,B1_baseline,M_sensitive,1.0,False,False,0.0025654765777289867,0.796967089176178,0.2221032828092575,0.19421911984682083,0.10934913903474808,0.057149839438498024,0.08791784197092056,0.13852786272764206,0.2919144332408905,0.431571739912033,0.5299985009431838,0.15338657051324844,0.47284866150468574,0.0,0.0,0.0,0.0
200563014,B1_baseline,H_sensitive,1.0,False,False,0.06463061273097992,0.7486578822135925,0.2182597517967224,0.22444480657577515,0.07123059779405594,0.08924443885684014,0.11233396045863628,0.16623514890670776,0.25974011421203613,0.3106393173336982,0.4172338759899139,0.09350496530532837,0.32798943713307377,0.0,0.0,0.0,0.0
200563014,B2_proposed_lambda_0p50,M_sensitive,1.0,False,False,1.1564802662178408e-05,0.7403998970985413,0.23366473615169525,0.22839578986167908,0.0977839007973671,0.052277909629046916,0.09384471215307713,0.1555139720439911,0.2998281344771385,0.3991059631109238,0.49083205848932265,0.14431416243314743,0.4385541488602757,0.0,0.0,1.7954511554418743e-05,0.0
200563014,B2_proposed_lambda_0p50,H_sensitive,1.0,False,False,0.008435338735580444,0.7084912657737732,0.22110114991664886,0.23059915751218796,0.03836860507726669,0.1461089991033077,0.15858524888753892,0.1880095936357975,0.2515423819422722,0.2697070255875587,0.29908443391323086,0.06353278830647469,0.15297543480992315,0.0,0.0,0.0,0.0
200732328,B1_baseline,M_sensitive,1.0,False,False,0.003407564014196396,0.8756860494613647,0.31695109605789185,0.2840762138366699,0.1890765279531479,0.03859339654445648,0.07882582023739815,0.15681065618991852,0.45209531486034393,0.6723268926143646,0.7788507878780366,0.2952846586704254,0.7402573913335802,0.0,0.0,0.0,0.0
200732328,B1_baseline,H_sensitive,1.0,False,False,0.044797416776418686,0.7907364368438721,0.27374380826950073,0.25703200697898865,0.0971798375248909,0.11208931058645248,0.1385718509554863,0.194520965218544,0.3494919538497925,0.44270260632038116,0.4838170558214188,0.15497098863124847,0.3717277452349663,0.0,0.0,0.0,0.0
200732328,B2_proposed_lambda_0p50,M_sensitive,1.0,False,False,0.004340949468314648,0.8927305936813354,0.34004026651382446,0.3420175313949585,0.1595875471830368,0.05313724167644978,0.09912791848182678,0.21069251000881195,0.4429759234189987,0.6204772889614105,0.7411874115467073,0.23228341341018677,0.6880501698702576,0.0,0.0,0.0,0.0
200732328,B2_proposed_lambda_0p50,H_sensitive,1.0,False,False,0.00364183378405869,0.6322768330574036,0.22618766129016876,0.23396830260753632,0.03572453185915947,0.1580446556210518,0.16932439804077148,0.19347254186868668,0.2544584721326828,0.2724306285381317,0.30336293578147894,0.060985930263996124,0.14531828016042714,0.0,0.0,0.0,0.0
200734233,B1_baseline,M_sensitive,1.0,False,False,0.0007695583044551313,0.7640227675437927,0.19764690101146698,0.18853702396154404,0.06834138929843903,0.0788823102414608,0.11180425211787223,0.15373865887522697,0.22826718538999557,0.3119876816868782,0.456933537125584,0.0745285265147686,0.3780512268841232,0.0,0.0,0.0,0.0
200734233,B1_baseline,H_sensitive,1.0,False,False,0.05431099608540535,0.7502909302711487,0.2282732129096985,0.23228541016578674,0.07665663957595825,0.10185996100306512,0.12239658795297147,0.17979485914111137,0.2596287727355957,0.32322154939174647,0.5449125891923904,0.07983391359448433,0.4430526281893253,0.0,0.0,0.0,0.0
200734233,B2_proposed_lambda_0p50,M_sensitive,1.0,False,False,0.0012830420164391398,0.7621527314186096,0.20907868444919586,0.20280605554580688,0.06285294145345688,0.06782069183886051,0.12234297879040242,0.17255254462361336,0.2395389936864376,0.3099909082055092,0.4260821875929828,0.06698644906282425,0.35826149575412225,0.0,0.0,0.0,0.0
200734233,B2_proposed_lambda_0p50,H_sensitive,1.0,False,False,0.029275234788656235,0.6257250308990479,0.2310265153646469,0.2334519624710083,0.05695297196507454,0.14751889318227768,0.16115049868822098,0.18727660924196243,0.25690776854753494,0.2911206468939781,0.4711056655645366,0.06963115930557251,0.3235867723822589,0.0,0.0,0.0,0.0
200869357,B1_baseline,M_sensitive,1.0,False,False,0.0005254814168438315,0.8051424026489258,0.18021605908870697,0.16508837044239044,0.11693744361400604,0.004403191134333611,0.019260163232684136,0.09063956141471863,0.2476670891046524,0.39704414010047906,0.527418105602264,0.15702752768993378,0.5230149144679304,0.0,0.0,0.0,0.0
200869357,B1_baseline,H_sensitive,1.0,False,False,0.043056000024080276,0.4442240595817566,0.19435715675354004,0.20691266655921936,0.0583866685628891,0.08181489199399948,0.098005710542202,0.1411372274160385,0.24050697684288025,0.27240148186683655,0.3176721608638754,0.09936974942684174,0.2358572688698759,0.0,0.0,0.0,0.0
200869357,B2_proposed_lambda_0p50,M_sensitive,1.0,False,False,0.00043945692596025765,0.8541249632835388,0.19876505434513092,0.20050208270549774,0.11359169334173203,0.0038546356651932004,0.014527465589344502,0.11436820775270462,0.26688870787620544,0.393558132648468,0.4866148328781119,0.15252050012350082,0.48276019721291874,0.0,0.0,0.0,0.0
200869357,B2_proposed_lambda_0p50,H_sensitive,1.0,False,False,0.014042546041309834,0.47911006212234497,0.20653270184993744,0.21308812499046326,0.03839392587542534,0.13793013215065003,0.1486120730638504,0.16958342492580414,0.24058127403259277,0.25743923187255857,0.2666105127334595,0.07099784910678864,0.12868038058280945,0.0,0.0,0.0,0.0
200887343,B1_baseline,M_sensitive,1.0,False,False,0.004216552712023258,0.6650287508964539,0.2365550696849823,0.22061772644519806,0.10631319135427475,0.0440744623541832,0.08113296329975128,0.15980449318885803,0.302213191986084,0.436544120311737,0.5132630753517151,0.14240869879722595,0.4691886129975319,0.0,0.0,0.0,0.0
200887343,B1_baseline,H_sensitive,1.0,False,False,0.08074978739023209,0.8068633675575256,0.22903914749622345,0.23580361902713776,0.06965459138154984,0.10730407655239105,0.12366967499256135,0.17109450697898865,0.26515066623687744,0.3534336447715759,0.40948300242424013,0.0940561592578888,0.3021789258718491,0.0,0.0,0.0,0.0
200887343,B2_proposed_lambda_0p50,M_sensitive,1.0,False,False,0.00017796849715523422,0.5785322785377502,0.23247192800045013,0.24195927381515503,0.08519736677408218,0.039803408086299896,0.07887450158596039,0.17266777157783508,0.2923189401626587,0.3585526466369629,0.4107843589782716,0.11965116858482361,0.3709809508919717,0.0,0.0,0.0,0.0
200887343,B2_proposed_lambda_0p50,H_sensitive,1.0,False,False,0.013882266357541084,0.8600846529006958,0.2164594531059265,0.22458675503730774,0.03856820985674858,0.14671522855758667,0.154399636387825,0.1812775433063507,0.24909363687038422,0.26428759694099424,0.2879500722885132,0.06781609356403351,0.14123484373092654,0.0,0.0,0.0,0.0
200887343-1,B1_baseline,M_sensitive,1.0,False,False,0.0007945907418616116,0.6607294678688049,0.17276795208454132,0.16225767135620117,0.07733505964279175,0.04133826993405819,0.0707103319466114,0.11671680025756359,0.21134675666689873,0.3252756968140602,0.3980497482419016,0.09462995640933514,0.3567114783078434,0.0,0.0,0.0,0.0
200887343-1,B1_baseline,H_sensitive,1.0,False,False,0.05393105372786522,0.6148044466972351,0.2030198872089386,0.2180938646197319,0.058576371520757675,0.08162912406027317,0.10759875811636448,0.15118712186813354,0.25008251518011093,0.2780707284808159,0.3126516887545586,0.09889539331197739,0.23102256469428545,0.0,0.0,0.0,0.0
200887343-1,B2_proposed_lambda_0p50,M_sensitive,1.0,False,False,0.00017099225078709424,0.5441089272499084,0.19110830128192902,0.1920284405350685,0.0718580037355423,0.036744624562561515,0.07743923254311084,0.1371791735291481,0.24120934680104256,0.3050068959593773,0.3646184358000755,0.10403017327189445,0.327873811237514,0.0,0.0,0.0,0.0
200887343-1,B2_proposed_lambda_0p50,H_sensitive,1.0,False,False,0.005163577850908041,0.7189240455627441,0.21287715435028076,0.21924816817045212,0.039388034492731094,0.1420441262423992,0.1503983438014984,0.1767815463244915,0.24768220260739326,0.267683744430542,0.27678686797618873,0.07090065628290176,0.13474274173378953,0.0,0.0,0.0,0.0
201091104,B1_baseline,M_sensitive,1.0,False,False,0.0003058576548937708,0.8920853137969971,0.3516867160797119,0.3063841015100479,0.1709330677986145,0.05375432528555393,0.133090028911829,0.22573795169591904,0.4665200337767601,0.6760834991931916,0.7567435705661774,0.24078208208084106,0.7029892452806235,0.0,0.0,0.0,0.0
201091104,B1_baseline,H_sensitive,1.0,False,False,0.06611724197864532,0.8061597347259521,0.328936368227005,0.2968381345272064,0.13232217729091644,0.11423761777579784,0.15129117518663407,0.23010866343975067,0.4227329269051552,0.5714222818613052,0.6639776092767715,0.1926242634654045,0.5497399915009736,0.0,0.0,0.0,0.0
201091104,B2_proposed_lambda_0p50,M_sensitive,1.0,False,False,0.0003716188366524875,0.8755310773849487,0.3631540834903717,0.3465079069137573,0.1303926259279251,0.07518405474722385,0.16397976130247116,0.2796529084444046,0.441321961581707,0.608566877245903,0.6996545547246935,0.1616690531373024,0.6244704999774696,0.0,0.0,0.0,0.0
201091104,B2_proposed_lambda_0p50,H_sensitive,1.0,False,False,0.09270761907100677,0.9306690692901611,0.24924899637699127,0.240492545068264,0.07041113078594208,0.15176710799336435,0.1628267176449299,0.19467147439718246,0.2681478038430214,0.39523724019527434,0.439704230427742,0.07347632944583893,0.28793712243437763,0.0,0.0,0.0,0.0
201239406,B1_baseline,M_sensitive,1.0,False,False,3.376580571057275e-05,0.8653987646102905,0.2165500968694687,0.16880370676517487,0.13655869662761688,0.03643182504922152,0.06727625206112861,0.10776427946984768,0.3084694743156433,0.48245237171649935,0.5672989648580564,0.20070519484579563,0.5308671398088349,0.0,0.0,9.722926070405771e-05,0.0
201239406,B1_baseline,H_sensitive,1.0,False,False,0.07534363865852356,0.9779446721076965,0.3157055377960205,0.2929201126098633,0.14676807820796967,0.1109484400600195,0.12868891060352325,0.20411890745162964,0.39715542644262314,0.5930695086717606,0.797752093076706,0.1930365189909935,0.6868036530166866,0.0,0.0,0.0,0.0
201239406,B2_proposed_lambda_0p50,M_sensitive,1.0,False,False,7.21894612070173e-05,0.686804473400116,0.23401591181755066,0.22148600965738297,0.11017221957445145,0.03378972623497247,0.08593124896287918,0.13740523159503937,0.3307401016354561,0.4060260236263275,0.47134336888790135,0.19333487004041672,0.4375536426529289,0.0,0.0,2.946341233456294e-06,0.0
201239406,B2_proposed_lambda_0p50,H_sensitive,1.0,False,False,0.08003916591405869,0.8907886147499084,0.24851275980472565,0.24553070217370987,0.06281805038452148,0.15812492951750756,0.16845232918858527,0.2008073925971985,0.2728990837931633,0.355179189145565,0.47962246567010886,0.07209169119596481,0.3214975361526013,0.0,0.0,0.0,0.0
201319100,B1_baseline,M_sensitive,1.0,False,False,0.027043424546718597,0.7874141335487366,0.2009733021259308,0.1681366190314293,0.10393736511468887,0.07184609800577163,0.09512214064598083,0.13025379925966263,0.24625542014837265,0.41401910483837123,0.578975537419318,0.11600162088871002,0.5071294394135464,0.0,0.0,0.0,0.0
201319100,B1_baseline,H_sensitive,1.0,False,False,0.06597165018320084,0.6258242130279541,0.2099996954202652,0.22032228857278824,0.05898326262831688,0.08667897641658782,0.11082386560738086,0.16537797451019287,0.2494308054447174,0.29378574192523943,0.36482169866561887,0.08405283093452454,0.278142722249031,0.0,0.0,0.0,0.0
201319100,B2_proposed_lambda_0p50,M_sensitive,1.0,False,False,0.0003757513768505305,0.806320309638977,0.221435546875,0.20870238542556763,0.09537966549396515,0.06557536989450455,0.09980262108147145,0.15025174245238304,0.2742585465312004,0.395956978201866,0.5240534847974774,0.12400680407881737,0.45847811490297286,0.0,0.0,0.0,0.0
201319100,B2_proposed_lambda_0p50,H_sensitive,1.0,False,False,0.07579857856035233,0.559228241443634,0.2194642424583435,0.22969941794872284,0.03606109693646431,0.15322990998625755,0.16281840726733207,0.18436859175562859,0.25047559291124344,0.2670029059052467,0.2788483852148054,0.06610700115561485,0.12561847522854788,0.0,0.0,0.0,0.0
201331515,B1_baseline,M_sensitive,1.0,False,False,0.0005507468013092875,0.8323869705200195,0.24977847933769226,0.2127779945731163,0.12067905813455582,0.08833751641213894,0.12007161043584347,0.17360583692789078,0.2915136516094208,0.509722039103508,0.6722769290208817,0.11790781468153,0.5839394126087427,0.0,0.0,0.0,0.0
201331515,B1_baseline,H_sensitive,1.0,False,False,0.054392989724874496,0.5035898685455322,0.22881533205509186,0.23744401335716248,0.0670599564909935,0.10639533586800098,0.12566117197275162,0.1747133582830429,0.2652098387479782,0.3451181501150131,0.4275137484073639,0.0904964804649353,0.3211184125393629,0.0,0.0,0.0,0.0
201331515,B2_proposed_lambda_0p50,M_sensitive,1.0,False,False,0.0004264598246663809,0.8294017910957336,0.24901801347732544,0.22963079065084457,0.09578553587198257,0.09754989296197891,0.1353353075683117,0.1814473308622837,0.29778752475976944,0.43247615545988083,0.5700585693120956,0.11634019389748573,0.47250867635011673,0.0,0.0,0.0,0.0
201331515,B2_proposed_lambda_0p50,H_sensitive,1.0,False,False,0.0251961387693882,0.5723512172698975,0.21757440268993378,0.22833208739757538,0.036247748881578445,0.14835906773805618,0.1587088480591774,0.18286806344985962,0.24635042995214462,0.2655455470085144,0.2809421792626381,0.063482366502285,0.1325831115245819,0.0,0.0,0.0,0.0
20134065,B1_baseline,M_sensitive,1.0,False,False,0.0006514129345305264,0.7849978804588318,0.1972494125366211,0.16999205946922302,0.12745434045791626,0.026733059287071228,0.050188669562339784,0.11092209443449974,0.2402748465538025,0.48925129771232606,0.6302462315559385,0.12935275211930275,0.6035131722688672,0.0,0.0,0.0,0.0
20134065,B1_baseline,H_sensitive,1.0,False,False,0.016097623854875565,0.642479419708252,0.21470433473587036,0.22016076743602753,0.06443615257740021,0.09316899120807648,0.10955983325839043,0.17128609865903854,0.2528063505887985,0.30660460889339447,0.39468201994895913,0.08152025192975998,0.30151302874088265,0.0,0.0,0.0,0.0
20134065,B2_proposed_lambda_0p50,M_sensitive,1.0,False,False,0.0008626094204373658,0.8104989528656006,0.21037015318870544,0.19237522780895233,0.12644203007221222,0.027545349225401878,0.05197136998176575,0.11660367250442505,0.26453229784965515,0.48176008760929107,0.6079405093193049,0.1479286253452301,0.580395160093903,0.0,0.0,0.0,0.0
20134065,B2_proposed_lambda_0p50,H_sensitive,1.0,False,False,0.010327099822461605,0.5612540245056152,0.21814313530921936,0.22770285606384277,0.03880114108324051,0.14456281572580337,0.15806707590818406,0.181879423558712,0.24958834052085876,0.2712492346763611,0.2868851447105408,0.06770891696214676,0.1423223289847374,0.0,0.0,0.0,0.0
201368897,B1_baseline,M_sensitive,1.0,False,False,0.0028154829051345587,0.7363495826721191,0.2915703058242798,0.2969518005847931,0.13161660730838776,0.043602600395679474,0.09483518525958061,0.17489159852266312,0.3978958874940872,0.49539242684841145,0.5601561868190765,0.2230042889714241,0.5165535864233971,0.0,0.0,0.0,0.0
201368897,B1_baseline,H_sensitive,1.0,False,False,0.02721923589706421,0.8912378549575806,0.21564197540283203,0.22946451604366302,0.06635134667158127,0.09871375530958176,0.11142477244138718,0.16685104370117188,0.2526429295539856,0.30213364362716666,0.38573807418346406,0.08579188585281372,0.2870243188738823,0.0,0.0,0.0,0.0
201368897,B2_proposed_lambda_0p50,M_sensitive,1.0,False,False,0.0002527396136429161,0.8123225569725037,0.3105286657810211,0.33204689621925354,0.11514397710561752,0.03198003880679608,0.11202255561947823,0.22358156740665436,0.3931386172771454,0.4703894197940825,0.5350906503200532,0.16955704987049103,0.5031106115132571,0.0,0.0,0.0,0.0
201368897,B2_proposed_lambda_0p50,H_sensitive,1.0,False,False,0.010923193767666817,0.7301381826400757,0.21910187602043152,0.23127645254135132,0.04105611518025398,0.13903835624456407,0.1506818026304245,0.18184468150138855,0.2501164972782135,0.27527791559696196,0.29124951243400576,0.06827181577682495,0.1522111561894417,0.0,0.0,0.0,0.0
201380940,B1_baseline,M_sensitive,1.0,False,False,0.0011941207339987159,0.7526390552520752,0.24579904973506927,0.2401578724384308,0.12749378383159637,0.034781220555305484,0.06300029903650284,0.1404978632926941,0.32472461462020874,0.48567575216293335,0.5527585864067084,0.18422675132751465,0.5179773658514029,0.0,0.0,0.0,0.0
201380940,B1_baseline,H_sensitive,1.0,False,False,0.056806452572345734,0.7992451190948486,0.2605171799659729,0.2513219118118286,0.09491000324487686,0.09716902822256088,0.1191634014248848,0.18925823271274567,0.33175939321517944,0.3963634669780731,0.5097689628601075,0.14250116050243378,0.41259993463754663,0.0,0.0,0.0,0.0
201380940,B2_proposed_lambda_0p50,M_sensitive,1.0,False,False,0.0012220768257975578,0.728843092918396,0.24453890323638916,0.24535945057868958,0.09798499196767807,0.04026288464665413,0.07513631135225296,0.17272444069385529,0.3238067030906677,0.3908756673336029,0.4469864904880524,0.15108226239681244,0.4067236058413983,0.0,0.0,0.0,0.0
201380940,B2_proposed_lambda_0p50,H_sensitive,1.0,False,False,0.033658456057310104,0.800783634185791,0.23405732214450836,0.24287018179893494,0.04345013201236725,0.1542261064052582,0.1671186089515686,0.1985357701778412,0.25972166657447815,0.286212682723999,0.35475733280181887,0.06118589639663696,0.20053122639656068,0.0,0.0,0.0,0.0
201428730,B1_baseline,M_sensitive,1.0,False,False,0.014017056673765182,0.7468100786209106,0.2559904456138611,0.2476019710302353,0.09558694809675217,0.07714971989393234,0.11493580341339112,0.1816694289445877,0.3340824842453003,0.40448283553123476,0.48249100804328887,0.15241305530071259,0.40534128814935655,0.0,0.0,0.0,0.0
201428730,B1_baseline,H_sensitive,1.0,False,False,0.055888134986162186,0.6877597570419312,0.22410759329795837,0.23947462439537048,0.05991188436746597,0.08223619192838669,0.11082570254802704,0.185930073261261,0.2653960883617401,0.29509716033935546,0.33881107687950135,0.07946601510047913,0.2565748849511147,0.0,0.0,0.0,0.0
201428730,B2_proposed_lambda_0p50,M_sensitive,1.0,False,False,0.002992982743307948,0.753570020198822,0.25092530250549316,0.24994371831417084,0.07470876723527908,0.06821447372436523,0.1292875200510025,0.1995641142129898,0.3055611252784729,0.36957064270973206,0.39634122014045703,0.1059970110654831,0.3281267464160918,0.0,0.0,0.0,0.0
201428730,B2_proposed_lambda_0p50,H_sensitive,1.0,False,False,0.029639918357133865,0.7145870327949524,0.2188878357410431,0.2291114628314972,0.038686323910951614,0.14272824168205261,0.15596551299095154,0.1825680434703827,0.24949586391448975,0.2717058598995209,0.2933531701564788,0.06692782044410706,0.1506249284744262,0.0,0.0,0.0,0.0
201537151,B1_baseline,M_sensitive,1.0,False,False,0.005605420097708702,0.8177549242973328,0.1883738934993744,0.15746471285820007,0.10289788991212845,0.0382244798541069,0.07149807065725326,0.12158665806055069,0.23413224518299103,0.38969238400459294,0.5551823472976685,0.11254558712244034,0.5169578674435615,0.0,0.0,0.0,0.0
201537151,B1_baseline,H_sensitive,1.0,False,False,0.025232553482055664,0.8738606572151184,0.22691048681735992,0.22885063290596008,0.0711786225438118,0.1003515350818634,0.12784391343593599,0.18042798340320587,0.257101833820343,0.3390307903289796,0.43254477262496954,0.07667385041713715,0.33219323754310615,0.0,0.0,0.0,0.0
201537151,B2_proposed_lambda_0p50,M_sensitive,1.0,False,False,0.00019689851615112275,0.829849362373352,0.19286088645458221,0.16995055973529816,0.09830941259860992,0.023818689063191414,0.06736893802881241,0.1275501251220703,0.2445017546415329,0.3754394292831421,0.5097119879722596,0.11695162951946259,0.4858932989090682,0.0,0.0,0.0,0.0
201537151,B2_proposed_lambda_0p50,H_sensitive,1.0,False,False,0.00894614402204752,0.5933641791343689,0.21961115300655365,0.22966904938220978,0.038000140339136124,0.1491665869951248,0.16014183461666107,0.1839631199836731,0.24875783920288086,0.27090665102005007,0.2885680437088013,0.06479471921920776,0.13940145671367649,0.0,0.0,0.0,0.0
201551216,B1_baseline,M_sensitive,1.0,False,False,0.024230848997831345,0.8654276132583618,0.2526537775993347,0.22369243949651718,0.1121911033987999,0.10483482621610164,0.1322493702173233,0.17583515122532845,0.2988424152135849,0.49095400273799805,0.6694190710783006,0.12300726398825645,0.5645842448621989,0.0,0.0,0.0,0.0
201551216,B1_baseline,H_sensitive,1.0,False,False,0.027939558029174805,0.8557236194610596,0.2204810380935669,0.22610194981098175,0.06774135679006577,0.09638762220740318,0.11714986972510814,0.16953261569142342,0.2588430196046829,0.32498691529035556,0.40392308384180076,0.0893104039132595,0.3075354616343976,0.0,0.0,0.0,0.0
201551216,B2_proposed_lambda_0p50,M_sensitive,1.0,False,False,0.016900939866900444,0.8792356252670288,0.2849133312702179,0.2694523483514786,0.1041756421327591,0.11375920407474041,0.15243901014328004,0.21192776039242744,0.3338117301464081,0.4850714534521101,0.6396977734565736,0.12188396975398064,0.5259385693818333,0.0,0.0,0.0,0.0
201551216,B2_proposed_lambda_0p50,H_sensitive,1.0,False,False,0.01590615324676037,0.6617939472198486,0.2232842743396759,0.23073191940784454,0.038531213998794556,0.15560201600193976,0.1654069535434246,0.18747135251760483,0.2523200362920761,0.2762808337807655,0.31345999062061314,0.06484868377447128,0.15785797461867337,0.0,0.0,0.0,0.0
201562603,B1_baseline,M_sensitive,1.0,False,False,0.008815232664346695,0.7521902322769165,0.16796328127384186,0.1466139480471611,0.0822083130478859,0.044400633312761784,0.0800611600279808,0.11905562877655029,0.1925620473921299,0.323320709168911,0.4802544489502907,0.0735064186155796,0.4358538156375289,0.0,0.0,0.0,0.0
201562603,B1_baseline,H_sensitive,1.0,False,False,0.0711120069026947,0.6336238384246826,0.2136879414319992,0.22079338878393173,0.05487745255231857,0.10156236030161381,0.12327105924487114,0.1718798726797104,0.24963660910725594,0.2892161011695862,0.3368798941373825,0.07775673642754555,0.2353175338357687,0.0,0.0,0.0,0.0
201562603,B2_proposed_lambda_0p50,M_sensitive,1.0,False,False,0.0029548117890954018,0.7874583005905151,0.1678415834903717,0.14880790561437607,0.08258106559515,0.02846606494858861,0.07100984267890453,0.11741717159748077,0.19981955364346504,0.3218620866537094,0.47369734942913055,0.08240238204598427,0.44523128448054194,0.0,0.0,0.0,0.0
201562603,B2_proposed_lambda_0p50,H_sensitive,1.0,False,False,0.03361530229449272,0.6472570300102234,0.22547167539596558,0.23508340865373611,0.042813822627067566,0.14608068391680717,0.15577486902475357,0.18658239021897316,0.25552409142255783,0.2906714305281639,0.31944867223501205,0.06894170120358467,0.17336798831820488,0.0,0.0,0.0,0.0
201562603-1,B1_baseline,M_sensitive,1.0,False,False,0.050050877034664154,0.8852327466011047,0.3281503915786743,0.3265003263950348,0.12918567657470703,0.115220547914505,0.14389392137527465,0.22719673812389374,0.4020984172821045,0.5596320629119873,0.7116245436668387,0.17490167915821075,0.5964039957523337,0.0,0.0,0.0,0.0
201562603-1,B1_baseline,H_sensitive,1.0,False,False,0.010067061521112919,0.49892503023147583,0.21688373386859894,0.23337431252002716,0.060658764094114304,0.08094411373138427,0.11116766780614853,0.16247618198394775,0.2636765241622925,0.2933359026908875,0.3372608387470244,0.10120034217834473,0.2563167250156401,0.0,0.0,0.0,0.0
201562603-1,B2_proposed_lambda_0p50,M_sensitive,1.0,False,False,0.019431624561548233,0.9045801758766174,0.36943960189819336,0.3783581256866455,0.1231127679347992,0.12827315986156462,0.16289249062538147,0.28266024589538574,0.4525521397590637,0.5549533843994141,0.6920171189308163,0.16989189386367798,0.5637439590692517,0.0,0.0,0.0,0.0
201562603-1,B2_proposed_lambda_0p50,H_sensitive,1.0,False,False,0.003577579976990819,0.7278388738632202,0.21634963154792786,0.2263495922088623,0.03761782497167587,0.14869593679904938,0.15752759277820588,0.1804400384426117,0.24650678038597107,0.2663121998310089,0.2822860765457153,0.06606674194335938,0.13359013974666592,0.0,0.0,0.0,0.0
201770004,B1_baseline,M_sensitive,1.0,False,False,0.0005838502547703683,0.825869083404541,0.20408067107200623,0.1894228756427765,0.1020786240696907,0.028341238107532262,0.06195422541350126,0.138672336935997,0.2580746114253998,0.3880808800458908,0.5484536707401279,0.11940227448940277,0.5201124326325955,0.0,0.0,0.0,0.0
201770004,B1_baseline,H_sensitive,1.0,False,False,0.06490954756736755,0.48262226581573486,0.21296359598636627,0.22081077098846436,0.0577411912381649,0.09485732354223728,0.11543500423431396,0.16712327301502228,0.255701407790184,0.2956981137394905,0.35049658417701757,0.08857813477516174,0.25563926063478026,0.0,0.0,0.0,0.0
201770004,B2_proposed_lambda_0p50,M_sensitive,1.0,False,False,0.0004055940662510693,0.8389662504196167,0.2133510857820511,0.20741784572601318,0.09848234802484512,0.025851727277040482,0.05795655678957701,0.15807145088911057,0.26251591742038727,0.38399191200733185,0.538525465130806,0.1044444665312767,0.5126737378537656,0.0,0.0,0.0,0.0
201770004,B2_proposed_lambda_0p50,H_sensitive,1.0,False,False,0.03823450580239296,0.585132896900177,0.21527262032032013,0.2276729717850685,0.038239505141973495,0.14683096185326577,0.1562659554183483,0.17693671956658363,0.24658128246665,0.26798565685749054,0.28545314818620715,0.06964456290006638,0.13862218633294138,0.0,0.0,0.0,0.0
201771352,B1_baseline,M_sensitive,1.0,False,False,0.003496128134429455,0.79770427942276,0.24519731104373932,0.23261461406946182,0.15792728960514069,0.01694951532408595,0.03180467002093793,0.11835310608148575,0.3340268209576607,0.5768480956554397,0.7080766755342484,0.21567371487617493,0.6911271602101624,0.0,0.0,0.0,0.0
201771352,B1_baseline,H_sensitive,1.0,False,False,0.04805302992463112,0.5016369223594666,0.22725389897823334,0.23082032799720764,0.07096517086029053,0.09156882666051387,0.11180878579616547,0.17720141261816025,0.26844608038663864,0.35864697247743604,0.4014888808131218,0.0912446677684784,0.3099200541526079,0.0,0.0,0.0,0.0
201771352,B2_proposed_lambda_0p50,M_sensitive,1.0,False,False,0.005281343590468168,0.8261597752571106,0.26072755455970764,0.2667151242494583,0.1493007242679596,0.015724862068891524,0.031869731657207016,0.139879010617733,0.35075709968805313,0.5345207095146178,0.6772255599498749,0.21087808907032013,0.6615006978809833,0.0,0.0,0.0,0.0
201771352,B2_proposed_lambda_0p50,H_sensitive,1.0,False,False,0.030110690742731094,0.6346064209938049,0.21802560985088348,0.22987334430217743,0.03726423159241676,0.14662664711475373,0.15798694491386414,0.1828448250889778,0.2484423816204071,0.26580830067396166,0.2844983074069023,0.06559755653142929,0.13787166029214856,0.0,0.0,0.0,0.0
201885444,B1_baseline,M_sensitive,1.0,False,False,0.0010629188036546111,0.8636878728866577,0.30021801590919495,0.2821536958217621,0.12405204027891159,0.10544962152838706,0.13996190279722215,0.21530499681830406,0.3442394658923149,0.5705956876277923,0.6734128785133361,0.12893446907401085,0.567963256984949,0.0,0.0,0.0,0.0
201885444,B1_baseline,H_sensitive,1.0,False,False,0.07057885825634003,0.7903483510017395,0.23830819129943848,0.2414029985666275,0.07668236643075943,0.10368717528879642,0.12750249803066255,0.17776227369904518,0.2702633962035179,0.3836379766464233,0.4214023894071579,0.09250112250447273,0.31771521411836146,0.0,0.0,0.0,0.0
201885444,B2_proposed_lambda_0p50,M_sensitive,1.0,False,False,0.0005722637288272381,0.928991973400116,0.3218816816806793,0.31873854994773865,0.09759048372507095,0.10263495296239852,0.1609249398112297,0.2621985003352165,0.37947340309619904,0.4856774717569351,0.5903940808773039,0.11727490276098251,0.4877591279149054,0.0,0.0,0.0,0.0
201885444,B2_proposed_lambda_0p50,H_sensitive,1.0,False,False,0.023408496752381325,0.6706750988960266,0.220670685172081,0.23164009302854538,0.03635208681225777,0.14872853040695191,0.16173552274703978,0.18691832944750786,0.24892768263816833,0.26650289744138717,0.29726836353540415,0.06200935319066048,0.14853983312845223,0.0,0.0,0.0,0.0
201999677,B1_baseline,M_sensitive,1.0,False,False,0.006091730669140816,0.8172914385795593,0.25774863362312317,0.2247508317232132,0.1211073026061058,0.07236198417842388,0.11962165832519531,0.17028747498989105,0.3158951848745346,0.5194114327430726,0.6322587561607361,0.14560770988464355,0.5598967719823122,0.0,0.0,0.0,0.0
201999677,B1_baseline,H_sensitive,1.0,False,False,0.055585283786058426,0.48038583993911743,0.2363998293876648,0.24144413322210312,0.06836014240980148,0.11779282785952092,0.1339508391916752,0.17684794962406158,0.2770683914422989,0.3589921534061432,0.40289710402488715,0.1002204418182373,0.28510427616536627,0.0,0.0,0.0,0.0
201999677,B2_proposed_lambda_0p50,M_sensitive,1.0,False,False,0.00822366215288639,0.772517204284668,0.25854310393333435,0.24485626071691513,0.09319955110549927,0.07263300456106662,0.12413020692765712,0.1918763741850853,0.32133468985557556,0.4194850116968155,0.5103792041540154,0.12945831567049026,0.43774619959294875,0.0,0.0,0.0,0.0
201999677,B2_proposed_lambda_0p50,H_sensitive,1.0,False,False,0.017539670690894127,0.5944241881370544,0.21345371007919312,0.22246003150939941,0.03666423633694649,0.15085335299372674,0.1579303413629532,0.17728270217776299,0.24500396102666855,0.26202962547540665,0.27711338698863985,0.06772125884890556,0.12626003399491312,0.0,0.0,0.0,0.0
202045494,B1_baseline,M_sensitive,1.0,False,False,0.03935762494802475,0.823210597038269,0.28771713376045227,0.23823150992393494,0.1464119404554367,0.09367732018232346,0.12419170960783958,0.17731302976608276,0.3716348856687546,0.6019075155258177,0.6706068134307861,0.19432185590267181,0.5769294932484627,0.0,0.0,0.0,0.0
202045494,B1_baseline,H_sensitive,1.0,False,False,0.03174019604921341,0.6408975720405579,0.24534066021442413,0.24015529453754425,0.09250323474407196,0.08823227614164353,0.11328883767127991,0.16952680051326752,0.29270467162132263,0.4155618607997894,0.4478775423765182,0.12317787110805511,0.3596452662348747,0.0,0.0,0.0,0.0
202045494,B2_proposed_lambda_0p50,M_sensitive,1.0,False,False,0.012306580320000648,0.7978744506835938,0.2896229922771454,0.27799826860427856,0.10994275659322739,0.09498710259795189,0.13402721732854844,0.20455210655927658,0.36520953476428986,0.49062091112136835,0.5638041174411771,0.16065742820501328,0.4688170148432252,0.0,0.0,0.0,0.0
202045494,B2_proposed_lambda_0p50,H_sensitive,1.0,False,False,0.01892944797873497,0.7240623235702515,0.21949288249015808,0.23061922192573547,0.040876924991607666,0.14873163491487504,0.1579873874783516,0.18013464659452438,0.2490919828414917,0.27619026005268094,0.3133685940504073,0.06895733624696732,0.16463695913553225,0.0,0.0,0.0,0.0
202201880,B1_baseline,M_sensitive,1.0,False,False,0.008414525538682938,0.7966732978820801,0.24048520624637604,0.1790374219417572,0.16976496577262878,0.03007538624107838,0.05960366502404213,0.10419069975614548,0.3494706451892853,0.5806446075439453,0.6931322526931761,0.2452799454331398,0.6630568664520977,0.0,0.0,0.0,0.0
202201880,B1_baseline,H_sensitive,1.0,False,False,0.019236475229263306,0.717316210269928,0.21909405291080475,0.22594209015369415,0.062456876039505005,0.09753335505723953,0.11838851273059844,0.17136520147323608,0.25622233748435974,0.3185006499290467,0.36037517786025997,0.08485713601112366,0.26284182280302043,0.0,0.0,0.0,0.0
202201880,B2_proposed_lambda_0p50,M_sensitive,1.0,False,False,0.0025694500654935837,0.8019487261772156,0.2591248154640198,0.22277237474918365,0.16739416122436523,0.024007138758897782,0.05145095586776734,0.11290334165096283,0.39050936698913574,0.5669736504554749,0.6680065584182738,0.2776060253381729,0.643999419659376,0.0,0.0,0.0,0.0
202201880,B2_proposed_lambda_0p50,H_sensitive,1.0,False,False,0.021363893523812294,0.7309426665306091,0.22092126309871674,0.23143106698989868,0.03617836534976959,0.14588447093963622,0.16051495373249053,0.18917831778526306,0.24902558326721191,0.2674438774585724,0.28028990507125856,0.05984726548194885,0.13440543413162234,0.0,0.0,0.0,0.0
202247956,B1_baseline,M_sensitive,1.0,False,False,0.018044445663690567,0.7627667784690857,0.20500539243221283,0.18915198743343353,0.06303497403860092,0.11177617982029915,0.13858300745487212,0.1692143902182579,0.22389552742242813,0.32355334758758536,0.4723426699638368,0.05468113720417023,0.36056649014353764,0.0,0.0,0.0,0.0
202247956,B1_baseline,H_sensitive,1.0,False,False,0.056363191455602646,0.8878048658370972,0.24049842357635498,0.2526170015335083,0.05779707431793213,0.11649483621120453,0.14529370218515397,0.20919977128505707,0.2706168442964554,0.29731954932212823,0.38838380038738324,0.061417073011398315,0.2718889641761787,0.0,0.0,0.0,0.0
202247956,B2_proposed_lambda_0p50,M_sensitive,1.0,False,False,0.004326671827584505,0.7615379095077515,0.1896769404411316,0.17938491702079773,0.05592884123325348,0.08773172929883004,0.124292653799057,0.15419933199882507,0.21465788781642914,0.2791392177343368,0.4034647166728978,0.060458555817604065,0.31573298737406774,0.0,0.0,0.0,0.0
202247956,B2_proposed_lambda_0p50,H_sensitive,1.0,False,False,0.028182508423924446,0.5473021864891052,0.22854745388031006,0.23557253181934357,0.0395730696618557,0.14695407778024674,0.1586037814617157,0.1987762749195099,0.25748299062252045,0.28158501386642454,0.30939368426799796,0.05870671570301056,0.16243960648775121,0.0,0.0,0.0,0.0
202356763,B1_baseline,M_sensitive,1.0,False,False,3.4479860460123746e-06,0.7180415987968445,0.18254341185092926,0.17665021866559982,0.07644543051719666,0.0185059423558414,0.07246171683073044,0.14170508459210396,0.21189403161406517,0.3099525347352028,0.4795696258544925,0.07018894702196121,0.46106368349865107,0.0,0.0,0.0003000676804636112,0.0
202356763,B1_baseline,H_sensitive,1.0,False,False,0.06849159300327301,0.5855417251586914,0.21684037148952484,0.2245362624526024,0.05596381425857544,0.11626639254391194,0.13281838968396187,0.1716908998787403,0.25122614204883575,0.2936173677444458,0.40284511595964456,0.07953524217009544,0.28657872341573265,0.0,0.0,0.0,0.0
202356763,B2_proposed_lambda_0p50,M_sensitive,1.0,False,False,6.248517820495181e-06,0.739388108253479,0.1941741704940796,0.18759062886238098,0.06720437854528427,0.021016406081616878,0.08827632665634155,0.15701086819171906,0.2325599603354931,0.2992197200655937,0.39208077490329785,0.07554909214377403,0.371064368821681,0.0,0.0,0.00017316681119265668,0.0
202356763,B2_proposed_lambda_0p50,H_sensitive,1.0,False,False,0.02757043018937111,0.6011000275611877,0.22428806126117706,0.23164601624011993,0.039010655134916306,0.153238707780838,0.16163484007120132,0.1888175904750824,0.2553975135087967,0.2769944295287132,0.29420603662729267,0.0665799230337143,0.14096732884645466,0.0,0.0,0.0,0.0
202411756,B1_baseline,M_sensitive,1.0,False,False,0.001836135284975171,0.8387026786804199,0.20384030044078827,0.18679673969745636,0.11368129402399063,0.03165404371917248,0.06387504637241363,0.11263241991400719,0.27382999658584595,0.4211081057786942,0.5412813317775724,0.16119757667183876,0.5096272880584,0.0,0.0,0.0,0.0
202411756,B1_baseline,H_sensitive,1.0,False,False,0.014856766909360886,0.8804501891136169,0.19871127605438232,0.19461041688919067,0.07352069020271301,0.08164551377296447,0.10299851968884469,0.14638689160346985,0.24199120700359344,0.29227024018764497,0.5042957019805906,0.0956043154001236,0.4226501882076261,0.0,0.0,0.0,0.0
202411756,B2_proposed_lambda_0p50,M_sensitive,1.0,False,False,0.0026229475624859333,0.8381935954093933,0.23827464878559113,0.2304716557264328,0.11385554075241089,0.03589997887611389,0.07403837367892264,0.1505398452281952,0.31728485226631165,0.4264688044786454,0.530641700029373,0.16674500703811646,0.49474172115325915,0.0,0.0,0.0,0.0
202411756,B2_proposed_lambda_0p50,H_sensitive,1.0,False,False,0.0043875533156096935,0.6017194390296936,0.2200583815574646,0.22143559157848358,0.04036936163902283,0.1430869907140732,0.1594014808535576,0.18835363537073135,0.249870203435421,0.27537610530853274,0.3225931370258329,0.061516568064689636,0.17950614631175973,0.0,0.0,0.0,0.0
202411756-1,B1_baseline,M_sensitive,1.0,False,False,2.958798404506524e-06,0.6828630566596985,0.07374957203865051,0.06771737337112427,0.05162463337182999,0.0007882147101918235,0.0037554312846623363,0.03211179003119469,0.10985180735588074,0.15839068442583085,0.1954689751565456,0.07774001732468605,0.19468076044635377,0.0,0.0,0.0032428199573262904,0.0
202411756-1,B1_baseline,H_sensitive,1.0,False,False,0.03165728598833084,0.5561161637306213,0.1909748911857605,0.19599101692438126,0.058279044926166534,0.07472083911299705,0.09565133564174175,0.1438293270766735,0.23570514097809792,0.2767005324363708,0.31253495931625364,0.09187581390142441,0.2378141202032566,0.0,0.0,0.0,0.0
202411756-1,B2_proposed_lambda_0p50,M_sensitive,1.0,False,False,2.4648090402479284e-05,0.6649394631385803,0.08062687516212463,0.08389146253466606,0.055806756019592285,0.0009378131985431537,0.0026841733139008287,0.02851995173841715,0.12335674092173576,0.15948963239789007,0.20911593154072736,0.09483678918331861,0.2081781183421842,0.0,0.0,0.0003042275349111328,0.0
202411756-1,B2_proposed_lambda_0p50,H_sensitive,1.0,False,False,0.0040793525986373425,0.468073308467865,0.19689172506332397,0.1938466653227806,0.05170834809541702,0.10498155169188976,0.12405651062726974,0.15466788411140442,0.23225325345993042,0.29147467464208604,0.3250387436151504,0.077585369348526,0.22005719192326062,0.0,0.0,0.0,0.0
202520620,B1_baseline,M_sensitive,1.0,False,False,0.02603021077811718,0.884503960609436,0.27957308292388916,0.2643393576145172,0.14030230045318604,0.06045105636119843,0.09362160712480545,0.16464533284306526,0.3561871200799942,0.5441412508487699,0.6253303641080856,0.19154178723692894,0.5648793077468872,0.0,0.0,0.0,0.0
202520620,B1_baseline,H_sensitive,1.0,False,False,0.07607235014438629,0.9111685752868652,0.2553558945655823,0.24580468237400055,0.09205374121665955,0.10448099866509437,0.1316058650612831,0.18862539157271385,0.3040628731250763,0.40079808831214897,0.46935602784156794,0.11543748155236244,0.3648750291764736,0.0,0.0,0.0,0.0
202520620,B2_proposed_lambda_0p50,M_sensitive,1.0,False,False,0.006276383064687252,0.8272395133972168,0.27578502893447876,0.2811107784509659,0.11112216114997864,0.0521884486451745,0.08711754530668259,0.20009473711252213,0.3615754395723343,0.43401930481195444,0.504237402677536,0.16148070245981216,0.4520489540323615,0.0,0.0,0.0,0.0
202520620,B2_proposed_lambda_0p50,H_sensitive,1.0,False,False,0.02844979055225849,0.6835384368896484,0.22323426604270935,0.23328173905611038,0.03769669309258461,0.14956601113080978,0.163330090790987,0.18864818662405014,0.2536499425768852,0.27183743566274643,0.2946278554201126,0.06500175595283508,0.14506184428930283,0.0,0.0,0.0,0.0
202522099,B1_baseline,M_sensitive,1.0,False,False,0.0028589675202965736,0.7539676427841187,0.21433980762958527,0.1927090883255005,0.10179051011800766,0.03850836679339409,0.09039327502250671,0.1433122307062149,0.26495566964149475,0.42311573028564453,0.5465136408805846,0.12164343893527985,0.5080052740871905,0.0,0.0,0.0,0.0
202522099,B1_baseline,H_sensitive,1.0,False,False,0.06032649055123329,0.4782852232456207,0.22570382058620453,0.23601476848125458,0.059481147676706314,0.10782206207513809,0.12775592505931854,0.17931631207466125,0.26124730706214905,0.32094937562942505,0.38064287900924665,0.08193099498748779,0.27282081693410853,0.0,0.0,0.0,0.0
202522099,B2_proposed_lambda_0p50,M_sensitive,1.0,False,False,0.0003990723052993417,0.6798326969146729,0.21015410125255585,0.2099406123161316,0.0718172937631607,0.03227343037724495,0.08724893629550934,0.16513654589653015,0.25873231887817383,0.3243809640407562,0.3829045057296752,0.09359577298164368,0.35063107535243027,0.0,0.0,0.0,0.0
202522099,B2_proposed_lambda_0p50,H_sensitive,1.0,False,False,0.04292096570134163,0.596721351146698,0.21667267382144928,0.22695374488830566,0.03915511444211006,0.13898656666278839,0.15511742234230042,0.1815061718225479,0.24839743971824646,0.2655431926250458,0.2891688287258148,0.06689126789569855,0.1501822620630264,0.0,0.0,0.0,0.0
202596604,B1_baseline,M_sensitive,1.0,False,False,0.007177636027336121,0.7911203503608704,0.23524075746536255,0.21978698670864105,0.127463236451149,0.04179611898958683,0.07326774299144745,0.13429763168096542,0.30309225618839264,0.495909610390663,0.6204326653480522,0.16879462450742722,0.5786365463584654,0.0,0.0,0.0,0.0
202596604,B1_baseline,H_sensitive,1.0,False,False,0.0401703342795372,0.552182137966156,0.20690511167049408,0.21764276921749115,0.05142869055271149,0.09808284312486648,0.1195214867591858,0.16490916162729263,0.24386824667453766,0.2797802776098251,0.3180946218967432,0.07895908504724503,0.22001177877187672,0.0,0.0,0.0,0.0
202596604,B2_proposed_lambda_0p50,M_sensitive,1.0,False,False,0.0009875764371827245,0.8514256477355957,0.2610180377960205,0.25361019372940063,0.12425509095191956,0.045645997896790504,0.08093230575323106,0.1652315855026245,0.3404415547847748,0.48893548846244805,0.579103161096572,0.17520996928215027,0.5334571631997815,0.0,0.0,0.0,0.0
202596604,B2_proposed_lambda_0p50,H_sensitive,1.0,False,False,0.020351776853203773,0.6725571751594543,0.21830393373966217,0.22814719378948212,0.037014190107584,0.14539124697446823,0.15851211696863174,0.18430007994174957,0.2490369975566864,0.2662452548742294,0.2828501808643341,0.06473691761493683,0.13745893388986588,0.0,0.0,0.0,0.0
203036405,B1_baseline,M_sensitive,1.0,False,False,0.0009275652118958533,0.741345226764679,0.22780382633209229,0.23743470013141632,0.12227196991443634,0.011478070355951785,0.026583749800920486,0.12769994884729385,0.31245408952236176,0.42200136184692383,0.522197222709656,0.1847541406750679,0.5107191523537041,0.0,0.0,0.0,0.0
203036405,B1_baseline,H_sensitive,1.0,False,False,0.06407709419727325,0.486257940530777,0.21198338270187378,0.22572658956050873,0.06534921377897263,0.0759588472545147,0.094338309019804,0.16445963084697723,0.2577962875366211,0.30799973011016846,0.34356942772865307,0.09333665668964386,0.2676105804741384,0.0,0.0,0.0,0.0
203036405,B2_proposed_lambda_0p50,M_sensitive,1.0,False,False,0.00013517359911929816,0.6970859169960022,0.2574527859687805,0.28570783138275146,0.12522144615650177,0.009887903835624457,0.027163646183907986,0.16091851890087128,0.35338231921195984,0.4231300503015518,0.48783099651336675,0.19246380031108856,0.4779430926777423,0.0,0.0,0.0,0.0
203036405,B2_proposed_lambda_0p50,H_sensitive,1.0,False,False,0.047621678560972214,0.7660440802574158,0.2151113897562027,0.225202277302742,0.04070603847503662,0.13972943872213364,0.1518416479229927,0.17520639300346375,0.24871493875980377,0.2702336311340332,0.2891237944364548,0.07350854575634003,0.14939435571432116,0.0,0.0,0.0,0.0
203044159,B1_baseline,M_sensitive,1.0,False,False,0.017108485102653503,0.7548550367355347,0.30045831203460693,0.30146652460098267,0.13407392799854279,0.07191165894269944,0.10765870809555053,0.1900077611207962,0.38742977380752563,0.5484639883041381,0.6527060794830322,0.19742201268672943,0.5807944205403327,0.0,0.0,0.0,0.0
203044159,B1_baseline,H_sensitive,1.0,False,False,0.058181993663311005,0.7641481757164001,0.22528213262557983,0.23193296790122986,0.07877589017152786,0.08944773554801941,0.10441082417964935,0.16304752230644226,0.27605336904525757,0.3401968777179718,0.4344374978542318,0.11300584673881531,0.34498976230621237,0.0,0.0,0.0,0.0
203044159,B2_proposed_lambda_0p50,M_sensitive,1.0,False,False,0.0014330639969557524,0.7704704403877258,0.32151147723197937,0.3289859890937805,0.11760008335113525,0.08715240716934204,0.1334210753440857,0.23618029057979584,0.3904685974121094,0.5253820896148681,0.5955994224548338,0.15428830683231354,0.5084470152854917,0.0,0.0,0.0,0.0
203044159,B2_proposed_lambda_0p50,H_sensitive,1.0,False,False,0.020198781043291092,0.7611961960792542,0.2151975929737091,0.2252049744129181,0.038616277277469635,0.1482428067922592,0.15718141496181487,0.17687107622623444,0.2445371150970459,0.26574802994728086,0.29382132053375243,0.06766603887081146,0.14557851374149322,0.0,0.0,0.0,0.0
203077259-1,B1_baseline,M_sensitive,1.0,False,False,1.3340619489099481e-06,0.656324028968811,0.21842822432518005,0.19256319105625153,0.10711096227169037,0.03994793556630611,0.08613646775484085,0.13948731496930122,0.2800722196698189,0.4363911524415016,0.5266318440437319,0.14058490470051765,0.48668390847742576,0.0,0.0,0.00038859127216204906,0.0
203077259-1,B1_baseline,H_sensitive,1.0,False,False,0.036739155650138855,0.6254878044128418,0.21470612287521362,0.2321682870388031,0.06826192885637283,0.06981845945119858,0.09514627046883106,0.16025052964687347,0.2623627036809921,0.3092235177755356,0.3571464031934748,0.10211217403411865,0.2873279437422762,0.0,0.0,0.0,0.0
203077259-1,B2_proposed_lambda_0p50,M_sensitive,1.0,False,False,2.4721930458326824e-07,0.6618776321411133,0.2296045571565628,0.22578689455986023,0.09919144958257675,0.028209232818335293,0.0818955097347498,0.1506192721426487,0.3055575042963028,0.3909146785736084,0.47283261269330995,0.1549382321536541,0.44462337987497463,0.0,0.0,0.0005939338173179145,0.0
203077259-1,B2_proposed_lambda_0p50,H_sensitive,1.0,False,False,0.033683497458696365,0.6674946546554565,0.21411685645580292,0.2235916405916214,0.04036633297801018,0.1431581884622574,0.15184181928634644,0.17560846731066704,0.24697372689843178,0.26881927996873856,0.29697235971689223,0.07136525958776474,0.15381417125463484,0.0,0.0,0.0,0.0
203111429,B1_baseline,M_sensitive,1.0,False,False,0.04431067407131195,0.7065746188163757,0.158230721950531,0.1507554054260254,0.0503181591629982,0.07989709049463273,0.09860365092754364,0.1283014714717865,0.17546316981315613,0.24256143867969512,0.3600273537635806,0.04716169834136963,0.28013026326894785,0.0,0.0,0.0,0.0
203111429,B1_baseline,H_sensitive,1.0,False,False,0.051842112094163895,0.8115962743759155,0.2457565814256668,0.24637866020202637,0.07175032049417496,0.12050860106945038,0.14193718135356903,0.20469965040683746,0.26655757427215576,0.396285742521286,0.4779213845729833,0.0618579238653183,0.3574127835035329,0.0,0.0,0.0,0.0
203111429,B2_proposed_lambda_0p50,M_sensitive,1.0,False,False,0.012657564133405685,0.6922337412834167,0.1390419900417328,0.1357126533985138,0.048255592584609985,0.04922958955168724,0.06990530490875244,0.11059088259935379,0.15958477556705475,0.2219318568706512,0.30735460996627806,0.04899389296770096,0.25812502041459084,0.0,0.0,0.0,0.0
203111429,B2_proposed_lambda_0p50,H_sensitive,1.0,False,False,0.028548453003168106,0.5904916524887085,0.23580636084079742,0.2321837842464447,0.06001709774136543,0.14532677829265594,0.1567976653575897,0.19265231490135193,0.25655996799468994,0.3768029034137726,0.4250230288505555,0.06390765309333801,0.27969625055789954,0.0,0.0,0.0,0.0
203151068,B1_baseline,M_sensitive,1.0,False,False,0.016015848144888878,0.7630680799484253,0.19877104461193085,0.18506640195846558,0.08642655611038208,0.0730325835943222,0.0985073447227478,0.1345202922821045,0.23723170161247253,0.35570603609085083,0.5045081138610842,0.10271140933036804,0.431475530266762,0.0,0.0,0.0,0.0
203151068,B1_baseline,H_sensitive,1.0,False,False,0.08169800788164139,0.8970321416854858,0.22504280507564545,0.22621573507785797,0.07320883125066757,0.10830800354480744,0.1300521105527878,0.17812354862689972,0.25841179490089417,0.33032373189926145,0.47557475566864016,0.08028824627399445,0.36726675212383275,0.0,0.0,0.0,0.0
203151068,B2_proposed_lambda_0p50,M_sensitive,1.0,False,False,0.0010121756931766868,0.7979779839515686,0.20443232357501984,0.1908789724111557,0.08443278819322586,0.0689331403374672,0.09799781292676926,0.14206071197986603,0.24834014475345612,0.3601150274276734,0.46708191633224494,0.10627943277359009,0.3981487759947777,0.0,0.0,0.0,0.0
203151068,B2_proposed_lambda_0p50,H_sensitive,1.0,False,False,0.0009778831154108047,0.5612301230430603,0.23075123131275177,0.23449477553367615,0.042611513286828995,0.14488718688488006,0.15781431496143342,0.1985737830400467,0.2611560523509979,0.29432300925254823,0.3248374342918396,0.06258226931095123,0.17995024740695953,0.0,0.0,0.0,0.0
203193470,B1_baseline,M_sensitive,1.0,False,False,0.05721363425254822,0.808340847492218,0.23922981321811676,0.20325107127428055,0.11036984622478485,0.10310414724051953,0.12335113435983658,0.1614226959645748,0.2916781082749367,0.480892638862133,0.5979960483312609,0.13025541231036186,0.4948919010907413,0.0,0.0,0.0,0.0
203193470,B1_baseline,H_sensitive,1.0,False,False,0.05445951223373413,0.8904083967208862,0.21979819238185883,0.23093174397945404,0.05538678169250488,0.10974371492862701,0.1288328215479851,0.17624278366565704,0.25780149549245834,0.28818819224834447,0.32999737441539767,0.0815587118268013,0.22025365948677067,0.0,0.0,0.0,0.0
203193470,B2_proposed_lambda_0p50,M_sensitive,1.0,False,False,0.013902476988732815,0.8361234068870544,0.24660000205039978,0.2240854874253273,0.10452794283628464,0.09311850436031818,0.12008007988333702,0.1681862324476242,0.3036172538995743,0.4507087886333467,0.5660227686166764,0.13543102145195007,0.47290426425635823,0.0,0.0,0.0,0.0
203193470,B2_proposed_lambda_0p50,H_sensitive,1.0,False,False,0.0007773137767799199,0.5442575812339783,0.22423407435417175,0.23301079124212265,0.040646955370903015,0.14628107711672783,0.15908038169145583,0.18840542808175087,0.2542983219027519,0.28219987004995345,0.3185540544986727,0.06589289382100105,0.17227297738194486,0.0,0.0,0.0,0.0
203205673,B1_baseline,M_sensitive,1.0,False,False,0.016489706933498383,0.8133745789527893,0.2858203649520874,0.26563557982444763,0.10805464535951614,0.11366495653986931,0.15416105836629868,0.2140227109193802,0.33127960562705994,0.509792959690094,0.6759456789493562,0.11725689470767975,0.5622807224094869,0.0,0.0,0.0,0.0
203205673,B1_baseline,H_sensitive,1.0,False,False,0.06694529205560684,0.5098246335983276,0.22670377790927887,0.23738296329975128,0.05964795872569084,0.10722702488303185,0.13050977140665054,0.17910296469926834,0.2627173662185669,0.32528802156448366,0.3908790332078936,0.08361440151929855,0.2836520083248617,0.0,0.0,0.0,0.0
203205673,B2_proposed_lambda_0p50,M_sensitive,1.0,False,False,0.006579285021871328,0.8899853825569153,0.30140748620033264,0.2935132086277008,0.08551347255706787,0.12863909870386123,0.18324793577194215,0.25334587693214417,0.33832693099975586,0.43641573190689087,0.6216585087776191,0.0849810540676117,0.4930194100737578,0.0,0.0,0.0,0.0
203205673,B2_proposed_lambda_0p50,H_sensitive,1.0,False,False,0.011543042957782745,0.6092712879180908,0.21224510669708252,0.21984970569610596,0.03606538847088814,0.15070257991552352,0.15851249545812607,0.17761420458555222,0.2440900206565857,0.2610973924398422,0.27571408689022064,0.06647581607103348,0.12501150697469712,0.0,0.0,0.0,0.0
203214852,B1_baseline,M_sensitive,1.0,False,False,0.004074241034686565,0.7445124387741089,0.19096827507019043,0.17107650637626648,0.08075422048568726,0.06754478216171264,0.10398557484149933,0.1433241367340088,0.21373005211353302,0.33973040580749503,0.5151302146911623,0.07040591537952423,0.4475854325294496,0.0,0.0,0.0,0.0
203214852,B1_baseline,H_sensitive,1.0,False,False,0.0812748596072197,0.4952573776245117,0.21041250228881836,0.21866653859615326,0.054483018815517426,0.10325394123792649,0.12022779583930969,0.16340966522693634,0.2537854313850403,0.28119486570358276,0.3365266323089601,0.09037576615810394,0.23327269107103366,0.0,0.0,0.0,0.0
203214852,B2_proposed_lambda_0p50,M_sensitive,1.0,False,False,0.0018544455524533987,0.6975711584091187,0.19772619009017944,0.1926429569721222,0.06813162565231323,0.022861087471246717,0.10449420660734177,0.1573077291250229,0.2299172729253769,0.30677675008773797,0.4342554438114166,0.072609543800354,0.4113943563401699,0.0,0.0,0.0,0.0
203214852,B2_proposed_lambda_0p50,H_sensitive,1.0,False,False,0.021772684529423714,0.5747628808021545,0.22065110504627228,0.22909961640834808,0.04000372067093849,0.14657989263534546,0.1572046995162964,0.18431158363819122,0.25082454085350037,0.27548600435256954,0.31497936725616466,0.06651295721530914,0.1683994746208192,0.0,0.0,0.0,0.0
203215331,B1_baseline,M_sensitive,1.0,False,False,0.007130942307412624,0.8184620141983032,0.26356396079063416,0.22852054238319397,0.14642871916294098,0.06497368596494198,0.09424696303904057,0.15050267055630684,0.33941930532455444,0.5701351672410965,0.7032804089784622,0.1889166347682476,0.6383067230135202,0.0,0.0,0.0,0.0
203215331,B1_baseline,H_sensitive,1.0,False,False,0.04652288928627968,0.8655654788017273,0.2285376787185669,0.23490286618471146,0.07344307005405426,0.10079403199255467,0.12186043448746205,0.17469850927591324,0.26885756105184555,0.338206884264946,0.4105950406193732,0.09415905177593231,0.30980100862681853,0.0,0.0,0.0,0.0
203215331,B2_proposed_lambda_0p50,M_sensitive,1.0,False,False,0.001878027687780559,0.9217127561569214,0.26799577474594116,0.239679716527462,0.14072586596012115,0.05923290707170963,0.09479102343320847,0.1607065051794052,0.34743782132864,0.5353372454643249,0.7160914200544357,0.18673131614923477,0.6568585129827261,0.0,0.0,0.0,0.0
203215331,B2_proposed_lambda_0p50,H_sensitive,1.0,False,False,0.005869460292160511,0.5633831024169922,0.21880275011062622,0.22816602140665054,0.03687833994626999,0.14473448038101197,0.1585857428610325,0.18489061295986176,0.24798570573329926,0.2670863851904869,0.29727276027202604,0.0630950927734375,0.15253827989101407,0.0,0.0,0.0,0.0
203240952-1,B1_baseline,M_sensitive,1.0,False,False,0.0029117062222212553,0.7855442762374878,0.19852207601070404,0.1646730825304985,0.12684626877307892,0.02590768449008465,0.04660804942250252,0.09563986398279667,0.28794682025909424,0.43673774302005763,0.5507930290699006,0.19230695627629757,0.524885344579816,0.0,0.0,0.0,0.0
203240952-1,B1_baseline,H_sensitive,1.0,False,False,0.03289559856057167,0.6275096535682678,0.2036750763654709,0.21379093080759048,0.055297352373600006,0.09048715360462666,0.10995565988123417,0.15834013745188713,0.24568429216742516,0.2811186283826828,0.3193226820230485,0.08734415471553802,0.2288355284184218,0.0,0.0,0.0,0.0
203240952-1,B2_proposed_lambda_0p50,M_sensitive,1.0,False,False,0.00029909092700108886,0.8320609331130981,0.21855700016021729,0.19566456228494644,0.13211590051651,0.024522461853921415,0.04726988170295954,0.1063872966915369,0.3122711107134819,0.4555723905563354,0.5814249497652054,0.205883814021945,0.556902487911284,0.0,0.0,0.0,0.0
203240952-1,B2_proposed_lambda_0p50,H_sensitive,1.0,False,False,0.018367884680628777,0.5156139731407166,0.2163708359003067,0.22358979284763336,0.03892268240451813,0.14056551992893218,0.15363894402980804,0.18231575191020966,0.24811044707894325,0.27159079909324646,0.29524971395730976,0.0657946951687336,0.15468419402837758,0.0,0.0,0.0,0.0
203467839,B1_baseline,M_sensitive,1.0,False,False,0.008993325755000114,0.708543062210083,0.24035833775997162,0.23351293802261353,0.09650637954473495,0.04786421321332455,0.08975596912205219,0.16709689050912857,0.3121083304286003,0.3968907669186592,0.4801184386014937,0.14501143991947174,0.43225422538816916,0.0,0.0,0.0,0.0
203467839,B1_baseline,H_sensitive,1.0,False,False,0.08851879835128784,0.8408387899398804,0.23145854473114014,0.23971419036388397,0.062113843858242035,0.10479803755879402,0.13061074912548065,0.19115354493260384,0.2637525498867035,0.3264826536178589,0.3743598386645315,0.07259900495409966,0.26956180110573746,0.0,0.0,0.0,0.0
203467839,B2_proposed_lambda_0p50,M_sensitive,1.0,False,False,0.003186476416885853,0.6231844425201416,0.24668261408805847,0.247517392039299,0.08223128318786621,0.043055997043848035,0.10536719486117363,0.19376306608319283,0.3103499263525009,0.3706740140914917,0.4073351308703422,0.11658686026930809,0.36427913382649413,0.0,0.0,0.0,0.0
203467839,B2_proposed_lambda_0p50,H_sensitive,1.0,False,False,0.017866628244519234,0.7619569301605225,0.22417914867401123,0.23493942618370056,0.035795658826828,0.1549084462225437,0.16533209010958672,0.18996267765760422,0.25257856398820877,0.2671365290880203,0.2815936014056205,0.06261588633060455,0.1266851551830768,0.0,0.0,0.0,0.0
203550372,B1_baseline,M_sensitive,1.0,False,False,0.003733961610123515,0.6539744138717651,0.1942220777273178,0.17121310532093048,0.09792827069759369,0.044981886819005015,0.07099658623337746,0.11937188357114792,0.25380201637744904,0.38308291137218475,0.47140798568725584,0.13443013280630112,0.42642609886825084,0.0,0.0,0.0,0.0
203550372,B1_baseline,H_sensitive,1.0,False,False,0.06821484118700027,0.8308067917823792,0.21512039005756378,0.22949451208114624,0.06858086585998535,0.08935065120458603,0.10824611037969589,0.16011753678321838,0.25745725631713867,0.3004535734653473,0.37477191090583495,0.09733971953392029,0.28542125970124893,0.0,0.0,0.0,0.0
203550372,B2_proposed_lambda_0p50,M_sensitive,1.0,False,False,0.002218590583652258,0.6283612251281738,0.20193420350551605,0.20563258230686188,0.0851752907037735,0.0301555085927248,0.07842439413070679,0.12669946253299713,0.2651190608739853,0.33484596014022827,0.3841313183307645,0.13841959834098816,0.3539758097380397,0.0,0.0,0.0,0.0
203550372,B2_proposed_lambda_0p50,H_sensitive,1.0,False,False,0.026063349097967148,0.6521471738815308,0.2170579731464386,0.22762539982795715,0.039163678884506226,0.1440349653363228,0.1544102057814598,0.18054340034723282,0.24934501945972443,0.2689221203327179,0.278481450676918,0.06880161911249161,0.1344464853405952,0.0,0.0,0.0,0.0
203582980,B1_baseline,M_sensitive,1.0,False,False,0.006862971931695938,0.815233588218689,0.26220396161079407,0.24033096432685852,0.11903055757284164,0.06602441146969795,0.11797431856393814,0.1706288680434227,0.33229558169841766,0.48558005690574646,0.6603552401065826,0.16166671365499496,0.5943308286368847,0.0,0.0,0.0,0.0
203582980,B1_baseline,H_sensitive,1.0,False,False,0.04176029935479164,0.5273169279098511,0.2203921675682068,0.23576167225837708,0.06789357215166092,0.08327654376626015,0.1037747785449028,0.16593284904956818,0.2638731449842453,0.32357466220855713,0.380234494805336,0.09794029593467712,0.29695795103907585,0.0,0.0,0.0,0.0
203582980,B2_proposed_lambda_0p50,M_sensitive,1.0,False,False,0.0005294005386531353,0.8599552512168884,0.28990763425827026,0.30277568101882935,0.10214927047491074,0.06755651161074638,0.12227234989404678,0.2196955308318138,0.3473556339740753,0.4428893178701401,0.5930346846580505,0.1276601031422615,0.5254781730473042,0.0,0.0,0.0,0.0
203582980,B2_proposed_lambda_0p50,H_sensitive,1.0,False,False,0.017426082864403725,0.718429446220398,0.2181384265422821,0.23058883845806122,0.03819628804922104,0.15144864469766617,0.1609877049922943,0.1803596466779709,0.24985776841640472,0.263916939496994,0.2900092750787735,0.06949812173843384,0.13856063038110733,0.0,0.0,0.0,0.0
203659997,B1_baseline,M_sensitive,1.0,False,False,3.1729607144370675e-05,0.7592200636863708,0.2665151357650757,0.2554984390735626,0.12242238223552704,0.011809795498847961,0.07782970517873765,0.18179674446582794,0.3388935625553131,0.49510740041732787,0.580234532356262,0.15709681808948517,0.568424736857414,0.0,0.0,5.684653330891038e-05,0.0
203659997,B1_baseline,H_sensitive,1.0,False,False,0.05851683393120766,0.8360544443130493,0.25839197635650635,0.2512013614177704,0.0868804007768631,0.11166015058755875,0.13473004400730132,0.19621706008911133,0.3065948784351349,0.4111788034439086,0.5195073390007019,0.11037781834602356,0.40784718841314316,0.0,0.0,0.0,0.0
203659997,B2_proposed_lambda_0p50,M_sensitive,1.0,False,False,7.892950088717043e-05,0.6225086450576782,0.28764840960502625,0.29494547843933105,0.09942624717950821,0.02337766781449318,0.10454503297805787,0.22750751674175262,0.3593005836009979,0.4385242879390716,0.49802748918533324,0.1317930668592453,0.47464982137084005,0.0,0.0,3.7897688872606918e-06,0.0
203659997,B2_proposed_lambda_0p50,H_sensitive,1.0,False,False,0.017701227217912674,0.6616699695587158,0.2237888127565384,0.2314051240682602,0.039115771651268005,0.14934003174304963,0.15947371125221252,0.19004684686660767,0.2531977593898773,0.27637010812759394,0.3074461817741394,0.06315091252326965,0.15810615003108977,0.0,0.0,0.0,0.0
203674403,B1_baseline,M_sensitive,1.0,False,False,0.01309911347925663,0.7703808546066284,0.22918348014354706,0.2062373012304306,0.10683035850524902,0.06655601069331168,0.10313822776079178,0.15326746553182602,0.28271204233169556,0.43758476078510206,0.6080456173419955,0.12944457679986954,0.5414896066486838,0.0,0.0,0.0,0.0
203674403,B1_baseline,H_sensitive,1.0,False,False,0.0634208545088768,0.6411306858062744,0.22027745842933655,0.22719567269086838,0.06889139115810394,0.09612072750926018,0.11434555575251579,0.16584408655762672,0.2593174874782562,0.34039700329303735,0.419921875,0.0934734009206295,0.32380114749073985,0.0,0.0,0.0,0.0
203674403,B2_proposed_lambda_0p50,M_sensitive,1.0,False,False,0.0005140500725246966,0.7539777755737305,0.2487928867340088,0.24929529428482056,0.09538896381855011,0.0577199537679553,0.11247014552354813,0.17399849742650986,0.3070530891418457,0.4087849900126455,0.536551075577736,0.13305459171533585,0.47883112180978066,0.0,0.0,0.0,0.0
203674403,B2_proposed_lambda_0p50,H_sensitive,1.0,False,False,0.020861918106675148,0.5028011798858643,0.21713869273662567,0.22450454533100128,0.03613024950027466,0.15364731669425966,0.16235708743333815,0.18279003724455833,0.24663709104061127,0.2668742954730987,0.2852055302262307,0.06384705379605293,0.13155821353197103,0.0,0.0,0.0,0.0
203788587,B1_baseline,M_sensitive,1.0,False,False,3.831929404896073e-07,0.6365182399749756,0.121879443526268,0.12422493100166321,0.05478236824274063,0.010367589388042688,0.036144268698990345,0.0867169052362442,0.15246466919779778,0.19790136814117412,0.2721070507168749,0.06574776396155357,0.26173946132883225,0.0,0.0,0.0016722071372669417,0.0
203788587,B1_baseline,H_sensitive,1.0,False,False,0.012636805884540081,0.6831806898117065,0.21563948690891266,0.2244102656841278,0.05117747187614441,0.10576529629528522,0.129012793302536,0.17990461364388466,0.2503361776471138,0.279551613330841,0.3348094573616981,0.07043156400322914,0.22904416106641287,0.0,0.0,0.0,0.0
203788587,B2_proposed_lambda_0p50,M_sensitive,1.0,False,False,3.767989983316511e-05,0.6839933395385742,0.1212780624628067,0.12116848677396774,0.05349541828036308,0.008856165781617164,0.03466335665434599,0.09221688844263554,0.14811040461063385,0.2030820854008197,0.2625990560650817,0.055893516167998314,0.25374289028346453,0.0,0.0,0.00017615425072789454,0.0
203788587,B2_proposed_lambda_0p50,H_sensitive,1.0,False,False,0.05711299553513527,0.738536536693573,0.21712613105773926,0.22494728863239288,0.04113426432013512,0.14377162888646125,0.15386577025055886,0.18084511160850525,0.24650422856211662,0.26986169964075085,0.30989197373390176,0.06565911695361137,0.1661203448474405,0.0,0.0,0.0,0.0
203807236,B1_baseline,M_sensitive,1.0,False,False,1.2113492857679375e-06,0.7546061277389526,0.25627565383911133,0.2283601462841034,0.14116381108760834,0.04227950144559145,0.07860800176858902,0.14094481244683266,0.3496885970234871,0.5282590568065643,0.6224132835865022,0.20874378457665443,0.5801337821409107,0.0,0.0,9.72747505875395e-05,0.0
203807236,B1_baseline,H_sensitive,1.0,False,False,0.06419162452220917,0.5725582838058472,0.22662903368473053,0.23077189922332764,0.0699579045176506,0.09915018767118454,0.12103404812514781,0.1698736473917961,0.26606903225183487,0.35381396561861034,0.38979880899190905,0.09619538486003876,0.2906486213207245,0.0,0.0,0.0,0.0
203807236,B2_proposed_lambda_0p50,M_sensitive,1.0,False,False,3.3367821288265986e-06,0.7567917108535767,0.2837129235267639,0.27695073187351227,0.1310703158378601,0.041608668230474,0.09005540125072002,0.17118816450238228,0.39045920222997665,0.4984767764806747,0.5716840499639512,0.21927103772759438,0.5300753817334771,0.0,0.0,4.928587363102001e-05,0.0
203807236,B2_proposed_lambda_0p50,H_sensitive,1.0,False,False,0.008430873043835163,0.7212491631507874,0.21941302716732025,0.2338348552584648,0.03820544481277466,0.1494470027089119,0.15910545736551285,0.18160433322191238,0.25022875517606735,0.26565822809934614,0.27959978938102725,0.06862442195415497,0.13015278667211536,0.0,0.0,0.0,0.0
203874389,B1_baseline,M_sensitive,1.0,False,False,0.0008753834990784526,0.7683809995651245,0.14493565261363983,0.12259111553430557,0.09303310513496399,0.01785331018269062,0.045321736484766006,0.0893600732088089,0.16841264069080353,0.33423174619674684,0.5044592690467835,0.07905256748199463,0.4866059588640929,0.0,0.0,0.0,0.0
203874389,B1_baseline,H_sensitive,1.0,False,False,0.05541906878352165,0.6421388983726501,0.200802281498909,0.20488259196281433,0.06430428475141525,0.08781735986471176,0.10441409349441529,0.1478317230939865,0.2447102814912796,0.2891108810901642,0.3798877167701727,0.09687855839729309,0.2920703569054609,0.0,0.0,0.0,0.0
203874389,B2_proposed_lambda_0p50,M_sensitive,1.0,False,False,0.0005859639495611191,0.8151586055755615,0.1604704111814499,0.14449742436408997,0.08540994673967361,0.01487091824412346,0.0455834299325943,0.10894891619682312,0.19843439757823944,0.3216674685478211,0.4643696022033699,0.08948548138141632,0.44949868395924647,0.0,0.0,0.0,0.0
203874389,B2_proposed_lambda_0p50,H_sensitive,1.0,False,False,0.027021031826734543,0.6131130456924438,0.21429938077926636,0.2205580472946167,0.03953954949975014,0.14505534172058104,0.1554335206747055,0.1773175299167633,0.24683986604213715,0.26771416068077086,0.2942715835571289,0.06952233612537384,0.14921624183654786,0.0,0.0,0.0,0.0
203874889,B1_baseline,M_sensitive,1.0,False,False,0.012692563235759735,0.723896324634552,0.20093290507793427,0.1770235076546669,0.08723879605531693,0.08363931328058243,0.10826758928596973,0.14493990689516068,0.23494209349155426,0.38029586374759666,0.5215883004665366,0.09000218659639359,0.43794898718595415,0.0,0.0,0.0,0.0
203874889,B1_baseline,H_sensitive,1.0,False,False,0.039273858070373535,0.8987042307853699,0.2441641092300415,0.24549296498298645,0.08197260648012161,0.11972171731293202,0.13323136866092683,0.19330787658691406,0.272000253200531,0.36635341644287106,0.5493584102392194,0.07869237661361694,0.42963669292628737,0.0,0.0,0.0,0.0
203874889,B2_proposed_lambda_0p50,M_sensitive,1.0,False,False,0.003984422888606787,0.7262209057807922,0.18841120600700378,0.18039249628782272,0.08098159730434418,0.04859347082674503,0.07286792173981667,0.1273915283381939,0.24078312516212463,0.324805948138237,0.3872964388132094,0.11339159682393074,0.3387029679864644,0.0,0.0,0.0,0.0
203874889,B2_proposed_lambda_0p50,H_sensitive,1.0,False,False,0.020486779510974884,0.7481788396835327,0.2182539999485016,0.22291072458028793,0.04006662964820862,0.14798011094331742,0.15999357774853706,0.18490172177553177,0.2466801144182682,0.27026652097702025,0.29385506778955445,0.061778392642736435,0.14587495684623702,0.0,0.0,0.0,0.0
203898750,B1_baseline,M_sensitive,1.0,False,False,0.005610036663711071,0.8645063638687134,0.2526415288448334,0.2456003576517105,0.12759675085544586,0.042709864191710946,0.06938067935407162,0.15338228270411491,0.32920902967453003,0.48442603200674045,0.6162692338228225,0.17582674697041512,0.5735593696311115,0.0,0.0,0.0,0.0
203898750,B1_baseline,H_sensitive,1.0,False,False,0.062210578471422195,0.43600568175315857,0.20177629590034485,0.21402764320373535,0.05736016854643822,0.09439999297261238,0.10715638883411885,0.15207676589488983,0.24596231430768967,0.28296926319599147,0.3111818248033523,0.09388554841279984,0.21678183183073996,0.0,0.0,0.0,0.0
203898750,B2_proposed_lambda_0p50,M_sensitive,1.0,False,False,0.002441625576466322,0.9208495616912842,0.27770692110061646,0.2733910083770752,0.1310373991727829,0.04099513128399849,0.06853826120495797,0.18777525052428246,0.35828593373298645,0.5104907095432281,0.6238913410902023,0.170510683208704,0.5828962098062038,0.0,0.0,0.0,0.0
203898750,B2_proposed_lambda_0p50,H_sensitive,1.0,False,False,0.026107925921678543,0.6441929340362549,0.21361269056797028,0.2251150831580162,0.0379534550011158,0.14026085466146468,0.1526002325117588,0.17852628976106644,0.24531225860118866,0.2621645614504814,0.28752377361059184,0.06678596884012222,0.14726291894912716,0.0,0.0,0.0,0.0
203959038,B1_baseline,M_sensitive,1.0,False,False,1.335464639851125e-05,0.7725217938423157,0.2046850323677063,0.20211155712604523,0.12442377954721451,0.015355465151369572,0.03819690719246864,0.09024755656719208,0.29919829964637756,0.4152199685573578,0.482004851102829,0.20895074307918549,0.4666493859514594,0.0,0.0,0.0002452863684472289,0.0
203959038,B1_baseline,H_sensitive,1.0,False,False,0.0054742516949772835,0.8970202803611755,0.2448926717042923,0.23788560926914215,0.10269058495759964,0.08840747088193894,0.10516605377197266,0.1564544290304184,0.3092004656791687,0.4313825726509095,0.49241220235824584,0.1527460366487503,0.4040047314763069,0.0,0.0,0.0,0.0
203959038,B2_proposed_lambda_0p50,M_sensitive,1.0,False,False,6.011342702549882e-05,0.7764778137207031,0.2158343642950058,0.2395266890525818,0.11453654617071152,0.01476653054356575,0.030076554417610167,0.1102227047085762,0.30713510513305664,0.3692052185535431,0.43613040924072266,0.19691240042448044,0.4213638786971569,0.0,0.0,3.523450596479531e-05,0.0
203959038,B2_proposed_lambda_0p50,H_sensitive,1.0,False,False,0.014738374389708042,0.7186575531959534,0.2190791368484497,0.22805184125900269,0.04429206624627113,0.1451123207807541,0.15546414256095886,0.17765964567661285,0.24916908144950867,0.28861343264579775,0.32798255443573,0.07150943577289581,0.1828702336549759,0.0,0.0,0.0,0.0
204035001,B1_baseline,M_sensitive,1.0,False,False,0.0003156237071380019,0.806507408618927,0.21152162551879883,0.2004927396774292,0.12416717410087585,0.010201700497418642,0.03984658978879452,0.11526963859796524,0.28314709663391113,0.44921961724758147,0.5615483176708221,0.1678774580359459,0.5513466171734035,0.0,0.0,0.0,0.0
204035001,B1_baseline,H_sensitive,1.0,False,False,0.05050234869122505,0.43863269686698914,0.20867925882339478,0.21625950932502747,0.06098806858062744,0.09424305737018585,0.11090901494026184,0.15482154488563538,0.2522128224372864,0.306227970123291,0.35022824406623837,0.097391277551651,0.2559851866960525,0.0,0.0,0.0,0.0
204035001,B2_proposed_lambda_0p50,M_sensitive,1.0,False,False,0.00038628908805549145,0.8046550750732422,0.22815579175949097,0.22168239951133728,0.11350203305482864,0.014486093260347842,0.04446719810366631,0.15357733517885208,0.29784171283245087,0.426973357796669,0.5246478831768034,0.14426437765359879,0.5101617899164556,0.0,0.0,0.0,0.0
204035001,B2_proposed_lambda_0p50,H_sensitive,1.0,False,False,0.023192057386040688,0.6147267818450928,0.21498067677021027,0.22360771894454956,0.03690411522984505,0.14432224094867707,0.1563885748386383,0.1802959442138672,0.24519282579421997,0.26227507293224334,0.2892651700973509,0.06489688158035278,0.14494292914867385,0.0,0.0,0.0,0.0
204228087,B1_baseline,M_sensitive,1.0,False,False,0.0071846186183393,0.8296282887458801,0.284252405166626,0.25630804896354675,0.14977896213531494,0.07758860900998116,0.10013189762830735,0.1508166417479515,0.3999098837375641,0.5623154938220976,0.6236850452423095,0.24909324198961258,0.5460964362323284,0.0,0.0,0.0,0.0
204228087,B1_baseline,H_sensitive,1.0,False,False,0.06374605000019073,0.8362411856651306,0.2576539218425751,0.252398818731308,0.09970463812351227,0.07636942684650422,0.11545659825205803,0.1900639608502388,0.3260592222213745,0.3728480607271194,0.679848700761795,0.1359952613711357,0.6034792739152908,0.0,0.0,0.0,0.0
204228087,B2_proposed_lambda_0p50,M_sensitive,1.0,False,False,0.00051324930973351,0.8074943423271179,0.3039386570453644,0.30735665559768677,0.1276879608631134,0.065844486951828,0.11171499118208886,0.18973556905984879,0.4102460592985153,0.4988186895847319,0.5604966688156128,0.22051049023866653,0.4946521818637848,0.0,0.0,0.0,0.0
204228087,B2_proposed_lambda_0p50,H_sensitive,1.0,False,False,0.04973869398236275,0.8559077382087708,0.22740353643894196,0.23787206411361694,0.04038219153881073,0.15276113361120225,0.16298312097787857,0.18926270306110382,0.25399018824100494,0.282573691010475,0.31999236166477196,0.06472748517990112,0.1672312280535697,0.0,0.0,0.0,0.0
204238693,B1_baseline,M_sensitive,1.0,False,False,0.0022878467570990324,0.5209738612174988,0.1370745599269867,0.13361980020999908,0.0462910458445549,0.04657581988722086,0.06814438030123711,0.10822007991373539,0.16106246039271355,0.21419851183891297,0.2704338219761853,0.05284238047897816,0.22385800208896445,0.0,0.0,0.0,0.0
204238693,B1_baseline,H_sensitive,1.0,False,False,0.09084668755531311,0.83954256772995,0.2338351458311081,0.23376952856779099,0.06971365213394165,0.1119703359901905,0.13227533623576165,0.1881870999932289,0.2684943154454231,0.3370251074433327,0.45329381197691015,0.08030721545219421,0.34132347598671964,0.0,0.0,0.0,0.0
204238693,B2_proposed_lambda_0p50,M_sensitive,1.0,False,False,0.0018318395595997572,0.5594404935836792,0.15021184086799622,0.15251664817333221,0.042066458612680435,0.04602618236094713,0.07633291594684125,0.1243608221411705,0.1771410033106804,0.21355546042323112,0.25353238940238965,0.05278018116950989,0.20750620704144251,0.0,0.0,0.0,0.0
204238693,B2_proposed_lambda_0p50,H_sensitive,1.0,False,False,0.011150510981678963,0.7466904520988464,0.22787272930145264,0.23485814034938812,0.03785710036754608,0.1535861474275589,0.16615189984440804,0.19508404657244682,0.2571200132369995,0.27857229560613633,0.30299832910299307,0.06203596666455269,0.14941218167543416,0.0,0.0,0.0,0.0
204364833,B1_baseline,M_sensitive,1.0,False,False,0.00023314208374358714,0.6765760779380798,0.13724325597286224,0.14588499069213867,0.07892398536205292,0.004291114313527942,0.015766025427728893,0.06932244263589382,0.19023659080266953,0.2567918866872787,0.3173923838138579,0.1209141481667757,0.31310126950032996,0.0,0.0,0.0,0.0
204364833,B1_baseline,H_sensitive,1.0,False,False,0.03018093854188919,0.591524600982666,0.20964708924293518,0.2268127053976059,0.06246231496334076,0.08744919821619987,0.10305410102009774,0.15335312113165855,0.2596946656703949,0.2887232959270477,0.3173267498612403,0.10634154453873634,0.22987755164504045,0.0,0.0,0.0,0.0
204364833,B2_proposed_lambda_0p50,M_sensitive,1.0,False,False,0.00023695832351222634,0.5940393805503845,0.1376512497663498,0.14679956436157227,0.07402744889259338,0.004514634530059993,0.013066773628816008,0.07845450937747955,0.19599582627415657,0.24259949102997774,0.28738977164030033,0.11754131689667702,0.2828751371102403,0.0,0.0,0.0,0.0
204364833,B2_proposed_lambda_0p50,H_sensitive,1.0,False,False,0.015063011087477207,0.6521862745285034,0.20896123349666595,0.2143450304865837,0.04107227921485901,0.13300804883241654,0.14552630558609964,0.1713641621172428,0.24281024932861328,0.2654577046632767,0.29355982720851875,0.07144608721137047,0.1605517783761022,0.0,0.0,0.0,0.0
204378187,B1_baseline,M_sensitive,1.0,False,False,0.0010636450024321675,0.8256121873855591,0.31581276655197144,0.299809530377388,0.1542338728904724,0.06779419772326946,0.10360717289149761,0.18571612611413002,0.4222511947154999,0.5937296718358994,0.7068295091390611,0.23653506860136986,0.6390353114157916,0.0,0.0,0.0,0.0
204378187,B1_baseline,H_sensitive,1.0,False,False,0.017621343955397606,0.5726498365402222,0.2106165885925293,0.22352545708417892,0.06004779785871506,0.08640134125947953,0.10584176890552044,0.1626981385052204,0.25676102936267853,0.2937360584735871,0.3253828400373459,0.09406289085745811,0.2389814987778664,0.0,0.0,0.0,0.0
204378187,B2_proposed_lambda_0p50,M_sensitive,1.0,False,False,2.8839896913268603e-05,0.9100764393806458,0.35743004083633423,0.3553917557001114,0.1517719030380249,0.06688780181109905,0.12389860600233078,0.2436145395040512,0.45604804903268814,0.6191063672304155,0.754772362112999,0.21243350952863693,0.6878845603018999,0.0,0.0,6.447058368442938e-06,0.0
204378187,B2_proposed_lambda_0p50,H_sensitive,1.0,False,False,0.00033981094020418823,0.6744607090950012,0.21352672576904297,0.2242402285337448,0.039439745247364044,0.13559848740696906,0.14648321717977525,0.18012710288167,0.2445031739771366,0.26645383387804034,0.2794909811019898,0.06437607109546661,0.14389249369502072,0.0,0.0,0.0,0.0
204586681,B1_baseline,M_sensitive,1.0,False,False,0.00299155549146235,0.8064740300178528,0.27702808380126953,0.2816457450389862,0.12191784381866455,0.03392746932804585,0.094112329185009,0.17967640608549118,0.3609628826379776,0.4700510650873184,0.5981435596942902,0.18128647655248642,0.5642160903662444,0.0,0.0,0.0,0.0
204586681,B1_baseline,H_sensitive,1.0,False,False,0.049349259585142136,0.8861040472984314,0.2095191925764084,0.21933120489120483,0.06501743197441101,0.08853113129734994,0.11191457509994507,0.1643752008676529,0.2492116093635559,0.27606821060180664,0.3292260527610789,0.08483640849590302,0.24069492146372898,0.0,0.0,0.0,0.0
204586681,B2_proposed_lambda_0p50,M_sensitive,1.0,False,False,0.0014098894316703081,0.8762298226356506,0.3257473111152649,0.33778294920921326,0.133246049284935,0.0386571180075407,0.0964723564684391,0.2358902096748352,0.4194710701704025,0.5296686291694641,0.6080993175506593,0.18358086049556732,0.5694421995431186,0.0,0.0,0.0,0.0
204586681,B2_proposed_lambda_0p50,H_sensitive,1.0,False,False,0.03849237412214279,0.7217580676078796,0.21763744950294495,0.22745786607265472,0.0366210974752903,0.1530175969004631,0.16157163679599762,0.1815227046608925,0.24602767825126648,0.2673303335905075,0.2777267068624497,0.06450497359037399,0.12470910996198661,0.0,0.0,0.0,0.0
204650307,B1_baseline,M_sensitive,1.0,False,False,0.02189277671277523,0.7059739828109741,0.17002524435520172,0.1558752954006195,0.06790807843208313,0.08909833118319511,0.10687310919165612,0.13597704470157623,0.1805483028292656,0.28484176993370053,0.5001470005512244,0.04457125812768936,0.4110486693680293,0.0,0.0,0.0,0.0
204650307,B1_baseline,H_sensitive,1.0,False,False,0.06883522868156433,0.5773367285728455,0.22644084692001343,0.23550772666931152,0.05179474875330925,0.12219550237059593,0.14467937052249907,0.18523003160953522,0.25997476279735565,0.28709492981433865,0.3900696915388108,0.07474473118782043,0.2678741891682149,0.0,0.0,0.0,0.0
204650307,B2_proposed_lambda_0p50,M_sensitive,1.0,False,False,0.009578823111951351,0.7028825879096985,0.1574362963438034,0.1454910784959793,0.06592784821987152,0.0651577165722847,0.08463226705789566,0.11978808045387268,0.17675955593585968,0.2698169618844985,0.44389173269271853,0.056971475481987,0.37873401612043384,0.0,0.0,0.0,0.0
204650307,B2_proposed_lambda_0p50,H_sensitive,1.0,False,False,0.044871389865875244,0.537657618522644,0.2234870344400406,0.23004120588302612,0.0395190492272377,0.143913896381855,0.15596790611743927,0.19149991869926453,0.25497907400131226,0.2782782971858978,0.30348627567291264,0.06347915530204773,0.15957237929105764,0.0,0.0,0.0,0.0
204864836,B1_baseline,M_sensitive,1.0,False,False,0.006173118483275175,0.8380935192108154,0.23771056532859802,0.20536282658576965,0.14804288744926453,0.02414421491324902,0.05167186707258224,0.12198279052972794,0.32877442240715027,0.5242139935493468,0.6524409794807421,0.20679163187742233,0.6282967645674931,0.0,0.0,0.0,0.0
204864836,B1_baseline,H_sensitive,1.0,False,False,0.024197686463594437,0.4916001558303833,0.23078341782093048,0.23047804832458496,0.07898174971342087,0.08953014373779297,0.11381223797798157,0.1650410145521164,0.2794843316078186,0.3733822226524353,0.4174763870239251,0.11444331705570221,0.3279462432861321,0.0,0.0,0.0,0.0
204864836,B2_proposed_lambda_0p50,M_sensitive,1.0,False,False,0.0007663541473448277,0.7863593697547913,0.24673086404800415,0.25178274512290955,0.12604373693466187,0.022455841526389124,0.04859558120369911,0.14788992702960968,0.33291512727737427,0.4507013916969299,0.5723366785049434,0.1850252002477646,0.5498808369785543,0.0,0.0,0.0,0.0
204864836,B2_proposed_lambda_0p50,H_sensitive,1.0,False,False,0.034475572407245636,0.7118763327598572,0.2186286747455597,0.2289939671754837,0.04140672832727432,0.14467742741107942,0.15718577802181244,0.179731547832489,0.24859029054641724,0.28281751871109,0.3150977432727813,0.06885874271392822,0.17042031586170187,0.0,0.0,0.0,0.0
204917772,B1_baseline,M_sensitive,1.0,False,False,0.00017019326332956553,0.7712315917015076,0.17348000407218933,0.1327648162841797,0.12562277913093567,0.022715413495898246,0.04531332775950432,0.08002728223800659,0.22944459319114685,0.44784982204437257,0.5659322643280026,0.14941731095314026,0.5432168508321044,0.0,0.0,0.0,0.0
204917772,B1_baseline,H_sensitive,1.0,False,False,0.006744328420609236,0.6068435311317444,0.2045585811138153,0.2156469076871872,0.06931360810995102,0.0774645408987999,0.09487219452857971,0.14515133202075958,0.2500438094139099,0.3198722183704376,0.3700976026058197,0.10489247739315033,0.2926330617070198,0.0,0.0,0.0,0.0
204917772,B2_proposed_lambda_0p50,M_sensitive,1.0,False,False,0.00015931819507386535,0.7905685901641846,0.1939712017774582,0.16143132746219635,0.12275944650173187,0.013036394119262697,0.04083315655589104,0.09799925982952118,0.2805921733379364,0.4158144414424896,0.5317922139167784,0.18259291350841522,0.5187558197975157,0.0,0.0,0.0,0.0
204917772,B2_proposed_lambda_0p50,H_sensitive,1.0,False,False,0.008619914762675762,0.6785686016082764,0.2088223248720169,0.21483361721038818,0.037876855581998825,0.13904890418052673,0.15045927464962006,0.1738358438014984,0.24213063716888428,0.25942651033401487,0.27338890910148617,0.06829479336738586,0.13434000492095943,0.0,0.0,0.0,0.0
205075256,B1_baseline,M_sensitive,1.0,False,False,0.004983830265700817,0.7813903093338013,0.1944108009338379,0.1831948459148407,0.08713434636592865,0.0288504034280777,0.06391398906707764,0.13234922289848328,0.2494981288909912,0.34574272036552417,0.4196749544143672,0.11714890599250793,0.3908245509862895,0.0,0.0,0.0,0.0
205075256,B1_baseline,H_sensitive,1.0,False,False,0.06432302296161652,0.5186893343925476,0.20439274609088898,0.21135489642620087,0.05185475945472717,0.09855307698249817,0.11799800246953965,0.1622675061225891,0.2445632666349411,0.2760591804981231,0.3084869587421417,0.08229576051235199,0.20993388175964356,0.0,0.0,0.0,0.0
205075256,B2_proposed_lambda_0p50,M_sensitive,1.0,False,False,0.0006275232299230993,0.7985155582427979,0.22182483971118927,0.22239625453948975,0.08950408548116684,0.0268906469643116,0.07225329279899598,0.16284993290901184,0.2779615819454193,0.3725599408149719,0.449591919183731,0.11511164903640747,0.4227012722194194,0.0,0.0,0.0,0.0
205075256,B2_proposed_lambda_0p50,H_sensitive,1.0,False,False,0.07176000624895096,0.5376073718070984,0.22463931143283844,0.2354971468448639,0.037297043949365616,0.15274940371513368,0.16435880362987518,0.1898638904094696,0.25578075647354126,0.27389743328094485,0.28475257635116574,0.06591686606407166,0.13200317263603206,0.0,0.0,0.0,0.0
205075256-1,B1_baseline,M_sensitive,1.0,False,False,0.01705631986260414,0.7975453734397888,0.3054031729698181,0.2975744605064392,0.12331022322177887,0.0822153091430664,0.12781276926398277,0.21018976345658302,0.3821851536631584,0.5324792265892029,0.6309736967086792,0.1719953902065754,0.5487583875656128,0.0,0.0,0.0,0.0
205075256-1,B1_baseline,H_sensitive,1.0,False,False,0.03672974556684494,0.4283486008644104,0.23051081597805023,0.23892543464899063,0.05906587466597557,0.09780386090278625,0.12337581999599934,0.19022519513964653,0.27214907854795456,0.32009436190128326,0.3548417016863823,0.08192388340830803,0.25703784078359604,0.0,0.0,0.0,0.0
205075256-1,B2_proposed_lambda_0p50,M_sensitive,1.0,False,False,3.523017221596092e-05,0.8430153727531433,0.31142210960388184,0.3114511966705322,0.11739494651556015,0.0431890869513154,0.12304221466183662,0.22419513389468193,0.3976105749607086,0.49409590661525726,0.5899046361446381,0.1734154410660267,0.5467155491933227,0.0,0.0,2.538792753269965e-06,0.0
205075256-1,B2_proposed_lambda_0p50,H_sensitive,1.0,False,False,0.008391372859477997,0.684392511844635,0.21949279308319092,0.2303091138601303,0.03922206908464432,0.1368638463318348,0.15300432965159416,0.18506363034248352,0.25234509259462357,0.27071988582611084,0.2828301414847374,0.06728146225214005,0.1459662951529026,0.0,0.0,0.0,0.0
205092932,B1_baseline,M_sensitive,1.0,False,False,0.0010321730514988303,0.7678026556968689,0.19043712317943573,0.17600667476654053,0.0921856239438057,0.017676023542881013,0.06424456983804702,0.13311605155467987,0.23608259856700897,0.3496288061141967,0.5169661641120913,0.1029665470123291,0.4992901405692103,0.0,0.0,0.0,0.0
205092932,B1_baseline,H_sensitive,1.0,False,False,0.052842024713754654,0.7554424405097961,0.216586634516716,0.22546520829200745,0.0640677809715271,0.09883179515600204,0.12192186266183853,0.16999751329421997,0.2531047761440277,0.2904971182346344,0.3862592160701752,0.08310726284980774,0.28742742091417317,0.0,0.0,0.0,0.0
205092932,B2_proposed_lambda_0p50,M_sensitive,1.0,False,False,0.0016815131530165672,0.7815927267074585,0.20286686718463898,0.1976846307516098,0.08814339339733124,0.016824180111289024,0.06749484688043594,0.1417875438928604,0.25767651200294495,0.3473106503486633,0.4342498993873597,0.11588896811008453,0.4174257192760707,0.0,0.0,0.0,0.0
205092932,B2_proposed_lambda_0p50,H_sensitive,1.0,False,False,0.03914060443639755,0.6167773604393005,0.2159753292798996,0.22173431515693665,0.03804275393486023,0.1460395163297653,0.1568935453891754,0.18123018741607666,0.248771533370018,0.27156821489334104,0.2875945818424225,0.06754134595394135,0.14155506551265717,0.0,0.0,0.0,0.0
205129144,B1_baseline,M_sensitive,1.0,False,False,0.0032819625921547413,0.581812858581543,0.09452252089977264,0.08305539190769196,0.058674998581409454,0.01432277284562588,0.025975171476602558,0.0489417789503932,0.12419041804969311,0.20865293368697166,0.2693486380577084,0.07524863909929991,0.25502586521208254,0.0,0.0,0.0,0.0
205129144,B1_baseline,H_sensitive,1.0,False,False,0.06757139414548874,0.4495464861392975,0.2128998190164566,0.22467900812625885,0.05352746322751045,0.09064117051661015,0.11155653297901154,0.17594971135258675,0.24992436915636063,0.2864458382129669,0.32089223831892005,0.07397465780377388,0.23025106780230992,0.0,0.0,0.0,0.0
205129144,B2_proposed_lambda_0p50,M_sensitive,1.0,False,False,0.0008761499775573611,0.6253138780593872,0.09386833012104034,0.08208608254790306,0.05827925726771355,0.009744110722094775,0.02065993752330542,0.049847982823848724,0.12798533588647842,0.1979447484016418,0.2575927209854125,0.0781373530626297,0.24784861026331775,0.0,0.0,0.0,0.0
205129144,B2_proposed_lambda_0p50,H_sensitive,1.0,False,False,0.04941520094871521,0.5645799040794373,0.20837141573429108,0.21002274751663208,0.041248392313718796,0.1333460220694542,0.1481103517115116,0.1715463176369667,0.23691534623503685,0.2707149192690849,0.31211778938770257,0.06536902859807014,0.17877176731824837,0.0,0.0,0.0,0.0
205154762,B1_baseline,M_sensitive,1.0,False,False,0.05791088193655014,0.7694728970527649,0.2664664089679718,0.25292646884918213,0.09312029927968979,0.11020396202802658,0.1450437843799591,0.1980130821466446,0.31968703866004944,0.4389162480831145,0.5720823216438291,0.12167395651340485,0.46187835961580254,0.0,0.0,0.0,0.0
205154762,B1_baseline,H_sensitive,1.0,False,False,0.07625994086265564,0.6316213607788086,0.23248638212680817,0.2429928481578827,0.06391379237174988,0.09009303122758866,0.12570468783378602,0.18722406029701233,0.2665722072124481,0.3312906742095947,0.3850074660778045,0.07934814691543579,0.29491443485021585,0.0,0.0,0.0,0.0
205154762,B2_proposed_lambda_0p50,M_sensitive,1.0,False,False,0.002949265530332923,0.673711359500885,0.28110459446907043,0.2946227192878723,0.08406958729028702,0.08739669680595398,0.12447952777147293,0.2208811640739441,0.34139740467071533,0.40561778545379634,0.45421553373336754,0.12051624059677124,0.36681883692741357,0.0,0.0,0.0,0.0
205154762,B2_proposed_lambda_0p50,H_sensitive,1.0,False,False,0.05077541619539261,0.5858098268508911,0.21429568529129028,0.22274990379810333,0.036227405071258545,0.15153332710266113,0.159320405125618,0.1788826882839203,0.24498602747917175,0.2625844955444336,0.27591933965682974,0.06610333919525146,0.12438601255416862,0.0,0.0,0.0,0.0
205160104,B1_baseline,M_sensitive,1.0,False,False,0.04110328480601311,0.7290751338005066,0.2650824189186096,0.24781136214733124,0.09972787648439407,0.10161634109914303,0.13485795333981515,0.19913316518068314,0.3100479245185852,0.48209089487791046,0.573634648323059,0.11091475933790207,0.47201830722391597,0.0,0.0,0.0,0.0
205160104,B1_baseline,H_sensitive,1.0,False,False,0.08829588443040848,0.5526303052902222,0.2541676163673401,0.2538082003593445,0.0745234563946724,0.11665024176239967,0.136814995855093,0.1968294382095337,0.30518122762441635,0.3856779441237449,0.426656159162521,0.10835178941488266,0.3100059174001213,0.0,0.0,0.0,0.0
205160104,B2_proposed_lambda_0p50,M_sensitive,1.0,False,False,0.02061724290251732,0.701076090335846,0.26824671030044556,0.2717960327863693,0.06759483367204666,0.1082726053148508,0.15205759331583976,0.22427025437355042,0.31617458164691925,0.3698390334844589,0.4273285314440725,0.09190432727336884,0.31905592612922173,0.0,0.0,0.0,0.0
205160104,B2_proposed_lambda_0p50,H_sensitive,1.0,False,False,0.07699639350175858,0.6651961803436279,0.22649382054805756,0.23518020659685135,0.036655329167842865,0.15903346091508866,0.16849171593785287,0.1916000172495842,0.2536001056432724,0.27511055022478104,0.30484104216098773,0.0620000883936882,0.14580758124589907,0.0,0.0,0.0,0.0
205166769,B1_baseline,M_sensitive,1.0,False,False,0.0007870224071666598,0.7773202061653137,0.20794053375720978,0.19607482105493546,0.13308663666248322,0.01073286946862936,0.026960242725908756,0.09078260138630867,0.3108908385038376,0.43119198977947226,0.5412337702512741,0.22010823711752892,0.5305009007826447,0.0,0.0,0.0,0.0
205166769,B1_baseline,H_sensitive,1.0,False,False,0.007661439478397369,0.6058709621429443,0.2107461392879486,0.22064576297998428,0.06948176771402359,0.06434184148907661,0.09687532559037208,0.15633371099829674,0.2613883391022682,0.3095949813723564,0.37661498099565505,0.10505462810397148,0.3122731395065784,0.0,0.0,0.0,0.0
205166769,B2_proposed_lambda_0p50,M_sensitive,1.0,False,False,0.0003353749052621424,0.7942447662353516,0.22615964710712433,0.23488207161426544,0.12696073949337006,0.008641324127092958,0.022419015970081092,0.11766620725393295,0.3291209638118744,0.4107291221618652,0.4940644186735153,0.21145475655794144,0.48542309454642235,0.0,0.0,0.0,0.0
205166769,B2_proposed_lambda_0p50,H_sensitive,1.0,False,False,0.037721555680036545,0.8147160410881042,0.20776841044425964,0.21513352543115616,0.037134524434804916,0.13940298050642014,0.1494893580675125,0.17319891974329948,0.23941617831587791,0.2582117423415184,0.2677180430293083,0.06621725857257843,0.12831506252288816,0.0,0.0,0.0,0.0
205192459,B1_baseline,M_sensitive,1.0,False,False,3.5714852856472135e-05,0.7279492616653442,0.28691378235816956,0.29070018231868744,0.14526093006134033,0.00430108340922743,0.02575565120205283,0.18606050685048103,0.39844874292612076,0.5158470749855042,0.5840390872955323,0.21238823607563972,0.5797380038863049,0.0,0.0,3.472038975720726e-05,0.0
205192459,B1_baseline,H_sensitive,1.0,False,False,0.07858200371265411,0.9824590682983398,0.2882433235645294,0.28527675569057465,0.0993238240480423,0.11346755981445313,0.1347124271094799,0.2098415419459343,0.37076811492443085,0.44539025574922564,0.4686525893211365,0.16092657297849655,0.3551850295066834,0.0,0.0,0.0,0.0
205192459,B2_proposed_lambda_0p50,M_sensitive,1.0,False,False,4.388686647871509e-05,0.7079107761383057,0.2964407503604889,0.324793204665184,0.12172438204288483,0.007160474234260619,0.03754090890288353,0.2360512651503086,0.38141531497240067,0.4519510552287102,0.5274739509820938,0.14536404982209206,0.5203134767478332,0.0,0.0,1.2499340312594612e-05,0.0
205192459,B2_proposed_lambda_0p50,H_sensitive,1.0,False,False,0.04076533019542694,0.7244758605957031,0.24531356990337372,0.2510073632001877,0.05212568864226341,0.15296001836657525,0.16054715365171432,0.20535219088196754,0.27900273352861404,0.3273348450660706,0.3548989608883858,0.0736505426466465,0.20193894252181055,0.0,0.0,0.0,0.0
205196366,B1_baseline,M_sensitive,1.0,False,False,0.0023956033401191235,0.7673161625862122,0.19825753569602966,0.17182298004627228,0.11045972257852554,0.018796099908649923,0.0564210606738925,0.11491233296692371,0.2736097723245621,0.4070531636476517,0.5022178447246552,0.15869743935763836,0.4834217448160053,0.0,0.0,0.0,0.0
205196366,B1_baseline,H_sensitive,1.0,False,False,0.0658029317855835,0.897526741027832,0.26849332451820374,0.25859731435775757,0.09258756786584854,0.08719852723181248,0.12905805334448814,0.20221171528100967,0.3267032653093338,0.4196495741605759,0.4817409431934357,0.12449155002832413,0.3945424159616232,0.0,0.0,0.0,0.0
205196366,B2_proposed_lambda_0p50,M_sensitive,1.0,False,False,0.0010277163237333298,0.6451704502105713,0.1928083300590515,0.19072508066892624,0.0903574675321579,0.017508418969810008,0.05407684724777937,0.11942618153989315,0.2535555511713028,0.34245597124099736,0.41549846529960643,0.13412936963140965,0.3979900463297964,0.0,0.0,0.0,0.0
205196366,B2_proposed_lambda_0p50,H_sensitive,1.0,False,False,0.0025039692409336567,0.7297733426094055,0.23108619451522827,0.23696333169937134,0.046528950333595276,0.1456921510398388,0.15870796293020248,0.1922200582921505,0.2620040997862816,0.3067556098103523,0.3426927244663239,0.06978404149413109,0.19700057342648508,0.0,0.0,0.0,0.0
205200934-1,B1_baseline,M_sensitive,1.0,False,False,0.005954844411462545,0.7543473243713379,0.22677570581436157,0.2272544801235199,0.09077181667089462,0.026107028648257254,0.062413230538368225,0.17040510475635529,0.2874935269355774,0.36283547878265376,0.4563856923580165,0.1170884221792221,0.43027866370975926,0.0,0.0,0.0,0.0
205200934-1,B1_baseline,H_sensitive,1.0,False,False,0.05759838595986366,0.7639341354370117,0.2122097909450531,0.21995621919631958,0.06194175034761429,0.08276471674442291,0.105839142203331,0.17101994156837463,0.25259891152381897,0.2880793809890747,0.34699274420738163,0.08157896995544434,0.2642280274629587,0.0,0.0,0.0,0.0
205200934-1,B2_proposed_lambda_0p50,M_sensitive,1.0,False,False,0.0002701742632780224,0.7526678442955017,0.24855360388755798,0.2599577307701111,0.08701273053884506,0.025936968848109247,0.07883664965629578,0.19893495738506317,0.3061710000038147,0.3679842233657837,0.4456872439384457,0.10723604261875153,0.41975027509033647,0.0,0.0,0.0,0.0
205200934-1,B2_proposed_lambda_0p50,H_sensitive,1.0,False,False,0.018218403682112694,0.6381873488426208,0.22284691035747528,0.23291340470314026,0.0410030335187912,0.14448599994182587,0.15833699703216553,0.18480175733566284,0.2518129348754883,0.28718397617340086,0.3071880316734313,0.06701117753982544,0.1627020317316054,0.0,0.0,0.0,0.0
205292128,B1_baseline,M_sensitive,1.0,False,False,0.014436496421694756,0.8191124796867371,0.36802926659584045,0.369464248418808,0.13022524118423462,0.1426395046710968,0.17162104547023774,0.2673923447728157,0.4415404126048088,0.6123927503824234,0.6959818059206007,0.1741480678319931,0.5533423012495039,0.0,0.0,0.0,0.0
205292128,B1_baseline,H_sensitive,1.0,False,False,0.05459235981106758,0.9343655705451965,0.2552245557308197,0.26020024716854095,0.08192785829305649,0.0941925436258316,0.12048126570880413,0.21063699573278427,0.2945362702012062,0.3639595255255699,0.4686133190989491,0.08389927446842194,0.3744207754731175,0.0,0.0,0.0,0.0
205292128,B2_proposed_lambda_0p50,M_sensitive,1.0,False,False,0.006811549887061119,0.8513025045394897,0.3965456187725067,0.39866626262664795,0.09658866375684738,0.16976839035749436,0.2187029518187046,0.3433645889163017,0.4549558386206627,0.5580927371978759,0.6077488040924071,0.11159124970436096,0.4379804137349127,0.0,0.0,0.0,0.0
205292128,B2_proposed_lambda_0p50,H_sensitive,1.0,False,False,0.00983540341258049,0.9158756732940674,0.2294391542673111,0.23626462370157242,0.039087723940610886,0.15693923220038414,0.16768132597208024,0.1972644180059433,0.25337766110897064,0.2878956884145736,0.33806465625762927,0.056113243103027344,0.18112542405724513,0.0,0.0,0.0,0.0
205408994,B1_baseline,M_sensitive,1.0,False,False,0.0005378276691772044,0.7332621812820435,0.19711188971996307,0.17853957414627075,0.08807685226202011,0.03608685627579689,0.08142637759447098,0.1376061737537384,0.24594005942344666,0.3596367597579956,0.46547591209411643,0.10833388566970825,0.42938905581831954,0.0,0.0,0.0,0.0
205408994,B1_baseline,H_sensitive,1.0,False,False,0.05246733874082565,0.6494181752204895,0.21983954310417175,0.22744646668434143,0.06627413630485535,0.0946659591794014,0.11947244554758071,0.16528595983982086,0.25416889786720276,0.33747246861457825,0.3941762280464174,0.0888829380273819,0.299510268867016,0.0,0.0,0.0,0.0
205408994,B2_proposed_lambda_0p50,M_sensitive,1.0,False,False,5.020702883484773e-05,0.7005342841148376,0.20777195692062378,0.21123169362545013,0.06359514594078064,0.037924464941024784,0.08955259174108506,0.1760530322790146,0.24388426542282104,0.30437359213829035,0.3568616497516633,0.06783123314380646,0.3189371848106385,0.0,0.0,2.625192131249106e-06,0.0
205408994,B2_proposed_lambda_0p50,H_sensitive,1.0,False,False,0.01499869953840971,0.5981084704399109,0.2224944829940796,0.23335400223731995,0.03877411037683487,0.15093066215515136,0.1609740823507309,0.18511231243610382,0.2536928057670593,0.2705453455448151,0.3051374530792239,0.0685804933309555,0.15420679092407255,0.0,0.0,0.0,0.0
205457005,B1_baseline,M_sensitive,1.0,False,False,0.0013946287799626589,0.7861086130142212,0.21914668381214142,0.19637350738048553,0.105354443192482,0.01934658721089363,0.07745525166392327,0.15482842922210693,0.269901305437088,0.42095810174942017,0.5705438554286943,0.11507287621498108,0.5511972682178007,0.0,0.0,0.0,0.0
205457005,B1_baseline,H_sensitive,1.0,False,False,0.055159781128168106,0.8643308877944946,0.2639831304550171,0.24789628386497498,0.10011228919029236,0.11281217038631439,0.13749928176403045,0.195081889629364,0.3008556365966797,0.4592448860406874,0.5673646390438079,0.10577374696731567,0.45455246865749344,0.0,0.0,0.0,0.0
205457005,B2_proposed_lambda_0p50,M_sensitive,1.0,False,False,0.0005610294174402952,0.6759393215179443,0.23357278108596802,0.2330065369606018,0.08394533395767212,0.02495215952396393,0.10629685968160629,0.17264650017023087,0.28857335448265076,0.3711699426174163,0.4497183430194852,0.11592685431241989,0.4247661834955213,0.0,0.0,0.0,0.0
205457005,B2_proposed_lambda_0p50,H_sensitive,1.0,False,False,0.029305217787623405,0.6393356919288635,0.23551639914512634,0.23866625130176544,0.05021487921476364,0.14780007898807526,0.163255175948143,0.1948264315724373,0.26096485555171967,0.32405580878257745,0.3861958390474316,0.06613842397928238,0.23839576005935634,0.0,0.0,0.0,0.0
205491151,B1_baseline,M_sensitive,1.0,False,False,0.0042206053622066975,0.7545118927955627,0.21803948283195496,0.20331384986639023,0.08807384222745895,0.07641660496592521,0.1057565774768591,0.16564266756176949,0.25056734681129456,0.3798000767827032,0.5502235627174386,0.08492467924952507,0.4738069577515133,0.0,0.0,0.0,0.0
205491151,B1_baseline,H_sensitive,1.0,False,False,0.08395273983478546,0.7223039865493774,0.22263242304325104,0.23318757116794586,0.05743062496185303,0.11002961747348308,0.13037065640091897,0.18073419854044914,0.25888126343488693,0.28732401281595205,0.37862098187208215,0.07814706489443779,0.2685913643985991,0.0,0.0,0.0,0.0
205491151,B2_proposed_lambda_0p50,M_sensitive,1.0,False,False,0.0006782418349757791,0.7692529559135437,0.22446666657924652,0.21181578934192657,0.08003973215818405,0.07028509475290776,0.1133499674499035,0.17421196773648262,0.2660548612475395,0.362886868417263,0.4899860951304436,0.0918428935110569,0.4197010003775359,0.0,0.0,0.0,0.0
205491151,B2_proposed_lambda_0p50,H_sensitive,1.0,False,False,0.023802073672413826,0.6352958679199219,0.21988661587238312,0.22806421667337418,0.03965209797024727,0.148111070394516,0.1574985660612583,0.18271975591778755,0.25177134573459625,0.2761643916368484,0.2940019643306732,0.0690515898168087,0.14589089393615723,0.0,0.0,0.0,0.0
205543285,B1_baseline,M_sensitive,1.0,False,False,0.0010887115495279431,0.8112490177154541,0.19757527112960815,0.18598176538944244,0.06681857258081436,0.06792778357863426,0.11515724062919616,0.15592654049396515,0.22451294213533401,0.3208128482103347,0.42639758408069606,0.06858640164136887,0.3584698005020618,0.0,0.0,0.0,0.0
205543285,B1_baseline,H_sensitive,1.0,False,False,0.0568869523704052,0.6140974760055542,0.2235715538263321,0.23486709594726562,0.05150169879198074,0.11020099118351936,0.13568058758974075,0.18523883074522018,0.2588353306055069,0.28680704236030574,0.33747183144092546,0.07359649986028671,0.2272708402574061,0.0,0.0,0.0,0.0
205543285,B2_proposed_lambda_0p50,M_sensitive,1.0,False,False,0.00014687457587569952,0.7137302160263062,0.20035263895988464,0.18862000107765198,0.06773041188716888,0.05103892281651497,0.1100893922150135,0.16126690804958344,0.23110365867614746,0.3205148488283157,0.4188946652412413,0.06983675062656403,0.36785574242472635,0.0,0.0,0.0,0.0
205543285,B2_proposed_lambda_0p50,H_sensitive,1.0,False,False,0.04881582781672478,0.5951703190803528,0.23422463238239288,0.23598861694335938,0.05090899020433426,0.14751241862773895,0.15989659875631332,0.19357100874185562,0.261136993765831,0.3384168177843094,0.3735542833805084,0.06756598502397537,0.22604186475276944,0.0,0.0,0.0,0.0
205552568,B1_baseline,M_sensitive,1.0,False,False,0.0025264709256589413,0.789402961730957,0.17131197452545166,0.1596769541501999,0.0831623300909996,0.04182958006858826,0.07043110132217408,0.10631827265024185,0.21694281697273254,0.31997680664062494,0.44201552629470775,0.11062454432249069,0.40018594622611947,0.0,0.0,0.0,0.0
205552568,B1_baseline,H_sensitive,1.0,False,False,0.06320948153734207,0.8907877802848816,0.21589575707912445,0.21560382843017578,0.08592768013477325,0.09165883809328079,0.1185101792216301,0.16561312973499298,0.251699298620224,0.2878880739212035,0.7236222791671747,0.08608616888523102,0.6319634410738939,0.0,0.0,0.0,0.0
205552568,B2_proposed_lambda_0p50,M_sensitive,1.0,False,False,0.0020214037504047155,0.8314762711524963,0.18241053819656372,0.17401207983493805,0.0910821333527565,0.03874818310141563,0.06343192309141159,0.11126088351011276,0.2342187911272049,0.3473923087120055,0.4786954319477078,0.12295790761709213,0.43994724884629216,0.0,0.0,0.0,0.0
205552568,B2_proposed_lambda_0p50,H_sensitive,1.0,False,False,0.025697782635688782,0.60445636510849,0.22215606272220612,0.2293444722890854,0.04089196398854256,0.14536255359649658,0.15771908164024354,0.18659600615501404,0.251377135515213,0.2788838386535644,0.309862183332443,0.06478112936019897,0.1644996297359464,0.0,0.0,0.0,0.0
205637707,B1_baseline,M_sensitive,1.0,False,False,0.0007763648172840476,0.7949060201644897,0.28951144218444824,0.2590838372707367,0.15985123813152313,0.05402568727731705,0.08824757486581802,0.15489715337753296,0.3986736238002777,0.591386079788208,0.6709705591201782,0.24377647042274475,0.6169448718428612,0.0,0.0,0.0,0.0
205637707,B1_baseline,H_sensitive,1.0,False,False,0.04015059024095535,0.7116895318031311,0.29152628779411316,0.2736218273639679,0.10255245119333267,0.11305487155914307,0.13524167239665985,0.21182957291603088,0.38256052136421204,0.4473670423030853,0.4944239854812622,0.17073094844818115,0.38136911392211914,0.0,0.0,0.0,0.0
205637707,B2_proposed_lambda_0p50,M_sensitive,1.0,False,False,0.0002647469809744507,0.7916164398193359,0.2937164604663849,0.3116839528083801,0.13034184277057648,0.05458015203475952,0.09689934551715851,0.17291438579559326,0.38260501623153687,0.505387008190155,0.5842501521110535,0.2096906304359436,0.529670000076294,0.0,0.0,0.0,0.0
205637707,B2_proposed_lambda_0p50,H_sensitive,1.0,False,False,0.04887190833687782,0.7166714668273926,0.24488042294979095,0.2500547766685486,0.045902278274297714,0.15544737875461578,0.1685284972190857,0.21312227845191956,0.268465518951416,0.32545584440231323,0.3444213271141052,0.05534324049949646,0.18897394835948944,0.0,0.0,0.0,0.0
205664479,B1_baseline,M_sensitive,1.0,False,False,0.0036971347872167826,0.699342668056488,0.1768052726984024,0.1652076542377472,0.06035677716135979,0.08225216060876846,0.10947601422667504,0.14403967559337616,0.19529273360967636,0.2736043661832808,0.4365242266654974,0.0512530580163002,0.35427206605672895,0.0,0.0,0.0,0.0
205664479,B1_baseline,H_sensitive,1.0,False,False,0.07474131882190704,0.4775210916996002,0.21668046712875366,0.22728948295116425,0.05147930607199669,0.09674130901694297,0.12253279238939285,0.18197722733020782,0.25184306502342224,0.28076858222484585,0.3411242234706879,0.06986583769321442,0.2443829144537449,0.0,0.0,0.0,0.0
205664479,B2_proposed_lambda_0p50,M_sensitive,1.0,False,False,0.0010187174193561077,0.7471596002578735,0.18043158948421478,0.17426250874996185,0.06338551640510559,0.07530790969729423,0.09993999749422074,0.13478964567184448,0.21485067158937454,0.2837601989507675,0.39370536684990043,0.08006102591753006,0.3183974571526062,0.0,0.0,0.0,0.0
205664479,B2_proposed_lambda_0p50,H_sensitive,1.0,False,False,0.03430494666099548,0.6129432916641235,0.22171416878700256,0.23087148368358612,0.03724495694041252,0.14885823041200638,0.16201369613409042,0.1857723668217659,0.25143347680568695,0.2730883687734604,0.287300711274147,0.06566110998392105,0.13844248086214064,0.0,0.0,0.0,0.0
205682172,B1_baseline,M_sensitive,1.0,False,False,1.2396040638407158e-08,0.8662132620811462,0.2544575333595276,0.23308484256267548,0.13073332607746124,0.03653673827648163,0.0827483981847763,0.15209853649139404,0.33160659670829773,0.5067336559295654,0.6097646951675413,0.1795080602169037,0.5732279568910597,0.0,0.0,0.0010850616133323214,0.0
205682172,B1_baseline,H_sensitive,1.0,False,False,0.05510861799120903,0.6774675250053406,0.2488475739955902,0.2479061335325241,0.08957212418317795,0.08574280589818954,0.11029265820980072,0.1768963485956192,0.301512211561203,0.41026049852371216,0.4597088038921354,0.1246158629655838,0.37396599799394586,0.0,0.0,0.0,0.0
205682172,B2_proposed_lambda_0p50,M_sensitive,1.0,False,False,4.3671441574133496e-08,0.8261499404907227,0.2745589017868042,0.28192636370658875,0.12045609205961227,0.017488016560673718,0.08026712387800217,0.1792205274105072,0.3671761751174927,0.45789870619773865,0.5319853425025939,0.18795564770698547,0.5144973259419202,0.0,0.0,0.000871035698775946,0.0
205682172,B2_proposed_lambda_0p50,H_sensitive,1.0,False,False,0.06292865425348282,0.7961285710334778,0.22397509217262268,0.2327747792005539,0.04237024858593941,0.14652486145496368,0.16126742959022522,0.18337862193584442,0.2534109652042389,0.28751426935195923,0.31952170133590696,0.07003234326839447,0.17299683988094328,0.0,0.0,0.0,0.0
206073228,B1_baseline,M_sensitive,1.0,False,False,0.00019088668341282755,0.6453898549079895,0.21525219082832336,0.1950797513127327,0.09626450389623642,0.04341778088361025,0.08341617546975613,0.14687037467956543,0.28142816573381424,0.3876129031181335,0.48644426107406574,0.1345577910542488,0.4430264801904555,0.0,0.0,0.0,0.0
206073228,B1_baseline,H_sensitive,1.0,False,False,0.07479861378669739,0.873818039894104,0.21519508957862854,0.22187041491270065,0.06764103472232819,0.09881821863353252,0.12049649767577648,0.16898557916283607,0.25041715055704117,0.2943746253848076,0.36330112576484597,0.0814315713942051,0.26448290713131345,0.0,0.0,0.0,0.0
206073228,B2_proposed_lambda_0p50,M_sensitive,1.0,False,False,2.8078875402570702e-05,0.5972740054130554,0.23457598686218262,0.239780031144619,0.08796790987253189,0.03522592253983021,0.08421014957129955,0.1747472658753395,0.29432277381420135,0.37367919832468033,0.43866905421018587,0.11957550793886185,0.40344313167035567,0.0,0.0,2.201449103872624e-05,0.0
206073228,B2_proposed_lambda_0p50,H_sensitive,1.0,False,False,0.021864572539925575,0.65076744556427,0.2202681452035904,0.2312963828444481,0.03850049525499344,0.14917787790298462,0.15938690677285194,0.18309921771287918,0.2532794922590256,0.2700612485408783,0.2843222653865814,0.07018027454614639,0.13514438748359678,0.0,0.0,0.0,0.0
206082263,B1_baseline,M_sensitive,1.0,False,False,0.006944587919861078,0.7273274660110474,0.177536740899086,0.16427858918905258,0.08007695525884628,0.056634157374501226,0.07980662435293198,0.12296118587255478,0.21197772026062012,0.33379108160734183,0.4734855085611344,0.08901653438806534,0.4168513511866332,0.0,0.0,0.0,0.0
206082263,B1_baseline,H_sensitive,1.0,False,False,0.0659443587064743,0.6097657084465027,0.2197086364030838,0.22621744871139526,0.06433623284101486,0.08055452533066272,0.12431287504732609,0.16815049201250076,0.2596171274781227,0.31617582291364676,0.41163966566324267,0.09146663546562195,0.33108514033257996,0.0,0.0,0.0,0.0
206082263,B2_proposed_lambda_0p50,M_sensitive,1.0,False,False,0.004588598385453224,0.7192480564117432,0.18561002612113953,0.18689870834350586,0.06763575226068497,0.05370951637625694,0.08286985643208027,0.1323620229959488,0.22947483509778976,0.2978887319564819,0.3675604104995732,0.09711281210184097,0.3138508941233163,0.0,0.0,0.0,0.0
206082263,B2_proposed_lambda_0p50,H_sensitive,1.0,False,False,0.07717788219451904,0.6610230207443237,0.21962279081344604,0.22610730677843094,0.038583822548389435,0.149857839345932,0.15974675565958024,0.18271635100245476,0.25195107609033585,0.27516990005970005,0.2905436411499978,0.06923472508788109,0.1406858018040658,0.0,0.0,0.0,0.0
206114670,B1_baseline,M_sensitive,1.0,False,False,0.019317062571644783,0.8286042809486389,0.21062566339969635,0.18582575023174286,0.09770430624485016,0.07599795803427696,0.10144323706626893,0.13912929594516754,0.2631743252277374,0.3798415154218672,0.5677955842018128,0.12404502928256989,0.4917976261675358,0.0,0.0,0.0,0.0
206114670,B1_baseline,H_sensitive,1.0,False,False,0.030135653913021088,0.5913902521133423,0.21712318062782288,0.22648966312408447,0.06116154044866562,0.08954434588551521,0.11454320326447488,0.173903189599514,0.25621752440929413,0.297007292509079,0.4004226160049441,0.08231433480978012,0.3108782701194289,0.0,0.0,0.0,0.0
206114670,B2_proposed_lambda_0p50,M_sensitive,1.0,False,False,0.012689664028584957,0.8399874567985535,0.22812262177467346,0.21073532104492188,0.10340134054422379,0.06761600717902183,0.10351732447743416,0.14649852365255356,0.29305586218833923,0.4203428566455839,0.5459515368938456,0.14655733853578568,0.47833552971482374,0.0,0.0,0.0,0.0
206114670,B2_proposed_lambda_0p50,H_sensitive,1.0,False,False,0.0261000357568264,0.7126412391662598,0.22810952365398407,0.23626883327960968,0.03910679742693901,0.15534381300210953,0.16563662737607956,0.1920555904507637,0.2574413865804672,0.2825668066740036,0.3151856523752214,0.06538579612970352,0.15984183937311186,0.0,0.0,0.0,0.0
206133320,B1_baseline,M_sensitive,1.0,False,False,0.0015490936348214746,0.6896658539772034,0.22654695808887482,0.21390288323163986,0.09806656092405319,0.0426282062381506,0.10182123742997647,0.15491340309381485,0.2756306156516075,0.41995253860950443,0.5268920654058455,0.12071721255779266,0.48426385916769493,0.0,0.0,0.0,0.0
206133320,B1_baseline,H_sensitive,1.0,False,False,0.087342269718647,0.8856799602508545,0.21609026193618774,0.22800739109516144,0.07535551488399506,0.10245665483176708,0.11707603968679905,0.1568550504744053,0.25493525713682175,0.3107455372810364,0.4758411234617224,0.09808020666241646,0.37338446862995534,0.0,0.0,0.0,0.0
206133320,B2_proposed_lambda_0p50,M_sensitive,1.0,False,False,0.000999569776467979,0.6408262848854065,0.2437988519668579,0.2429478019475937,0.08326634764671326,0.03991980213671923,0.1104828789830208,0.18636244535446167,0.3038678392767906,0.36783970445394515,0.43848656475543973,0.11750539392232895,0.3985667626187205,0.0,0.0,0.0,0.0
206133320,B2_proposed_lambda_0p50,H_sensitive,1.0,False,False,0.009995453990995884,0.6012787222862244,0.2148134857416153,0.22461695969104767,0.03928905725479126,0.14701763927936554,0.1551051989197731,0.17654609307646751,0.2485204115509987,0.26549975425004957,0.27466961622238156,0.07197431847453117,0.12765197694301603,0.0,0.0,0.0,0.0
206148129,B1_baseline,M_sensitive,1.0,False,False,0.008117491379380226,0.7114086747169495,0.20592588186264038,0.1945263221859932,0.07807689160108566,0.07616256229579449,0.10169228166341782,0.14873233065009117,0.2529091536998749,0.3357336580753326,0.4490643438696861,0.1041768230497837,0.3729017815738916,0.0,0.0,0.0,0.0
206148129,B1_baseline,H_sensitive,1.0,False,False,0.019030315801501274,0.8128977417945862,0.22216637432575226,0.22643235325813293,0.07689107954502106,0.10192727468907833,0.12343557700514793,0.17567217350006104,0.25431106239557266,0.2992516472935677,0.5410251659154353,0.07863888889551163,0.4390978912263569,0.0,0.0,0.0,0.0
206148129,B2_proposed_lambda_0p50,M_sensitive,1.0,False,False,0.004256997723132372,0.7219034433364868,0.22422882914543152,0.22097023576498032,0.07676499336957932,0.0738434349745512,0.10830871388316154,0.16576165333390236,0.27650830894708633,0.347943052649498,0.416502334177494,0.11074665561318398,0.3426588992029428,0.0,0.0,0.0,0.0
206148129,B2_proposed_lambda_0p50,H_sensitive,1.0,False,False,0.027890507131814957,0.7859650254249573,0.22234250605106354,0.23182730376720428,0.03801959753036499,0.15225329041481017,0.1627920649945736,0.18628957495093346,0.2522166594862938,0.2713075056672096,0.2991185504198074,0.06592708453536034,0.14686526000499722,0.0,0.0,0.0,0.0
206151450,B1_baseline,M_sensitive,1.0,False,False,0.01741127111017704,0.7965483069419861,0.20943810045719147,0.1857919692993164,0.11412662267684937,0.05542339637875557,0.07876724153757095,0.12239641696214676,0.2662065625190735,0.43817890882492067,0.5929252791404724,0.14381014555692673,0.5375018827617168,0.0,0.0,0.0,0.0
206151450,B1_baseline,H_sensitive,1.0,False,False,0.08294233679771423,0.7647621631622314,0.2218649983406067,0.22188252210617065,0.07253953814506531,0.11037317812442779,0.12787356674671174,0.17153194546699524,0.25286629796028137,0.33461508750915525,0.4684362602233875,0.08133435249328613,0.35806308209895976,0.0,0.0,0.0,0.0
206151450,B2_proposed_lambda_0p50,M_sensitive,1.0,False,False,0.0005836811615154147,0.8210083246231079,0.232315793633461,0.22510968148708344,0.11311948299407959,0.0503120057284832,0.0802304282784462,0.14060552418231964,0.3045895993709564,0.42675321698188784,0.570460319519043,0.16398407518863678,0.5201483137905598,0.0,0.0,0.0,0.0
206151450,B2_proposed_lambda_0p50,H_sensitive,1.0,False,False,0.04066706821322441,0.7369109392166138,0.22450828552246094,0.23378124833106995,0.036124300211668015,0.15933771729469298,0.16780522763729094,0.18949303030967712,0.25375717878341675,0.272719132900238,0.30275012493133524,0.06426414847373962,0.14341240763664226,0.0,0.0,0.0,0.0
206248971,B1_baseline,M_sensitive,1.0,False,False,0.016515765339136124,0.7845557332038879,0.21560369431972504,0.19496339559555054,0.09894724935293198,0.06668577641248703,0.09505381733179093,0.14425009489059448,0.2687458097934723,0.3892029464244842,0.5693082952499388,0.12449571490287781,0.5026225188374517,0.0,0.0,0.0,0.0
206248971,B1_baseline,H_sensitive,1.0,False,False,0.05724867433309555,0.5144199728965759,0.21432285010814667,0.22426074743270874,0.05211089551448822,0.10317679107189179,0.12319555580615997,0.17557889223098755,0.2506111264228821,0.28486853241920473,0.34691863179206844,0.07503223419189453,0.24374184072017666,0.0,0.0,0.0,0.0
206248971,B2_proposed_lambda_0p50,M_sensitive,1.0,False,False,0.010482026264071465,0.783855676651001,0.22458261251449585,0.2163330614566803,0.090412937104702,0.05669463157653808,0.0972786620259285,0.16042502224445343,0.27417001128196716,0.3849120676517485,0.49637880682945235,0.11374498903751373,0.43968417525291426,0.0,0.0,0.0,0.0
206248971,B2_proposed_lambda_0p50,H_sensitive,1.0,False,False,0.009142001159489155,0.5403454899787903,0.22264325618743896,0.2321023792028427,0.03703107312321663,0.14809579133987427,0.16113806068897246,0.18969622254371643,0.25142160058021545,0.2742552518844604,0.2861842215061188,0.06172537803649902,0.1380884301662445,0.0,0.0,0.0,0.0
206281747,B1_baseline,M_sensitive,1.0,False,False,0.001307717990130186,0.7156193256378174,0.22376717627048492,0.19900816679000854,0.10604264587163925,0.05956072926521301,0.10124045424163342,0.15048475936055183,0.27316879481077194,0.4448001414537429,0.5898290699720383,0.12268403545022011,0.5302683407068253,0.0,0.0,0.0,0.0
206281747,B1_baseline,H_sensitive,1.0,False,False,0.0758998692035675,0.5623834729194641,0.2189106047153473,0.23293155431747437,0.06675425171852112,0.09710874758660794,0.112398861348629,0.1628296971321106,0.2590191662311554,0.3245537742972373,0.3981028509140015,0.0961894690990448,0.30099410332739357,0.0,0.0,0.0,0.0
206281747,B2_proposed_lambda_0p50,M_sensitive,1.0,False,False,8.036234066821635e-05,0.6597972512245178,0.22863419353961945,0.22631163150072098,0.07939125597476959,0.049028535932302476,0.10092046149075032,0.17752086743712425,0.27525755017995834,0.3632728815078735,0.438430062532425,0.09773668274283409,0.3894015266001225,0.0,0.0,2.612807984741201e-06,0.0
206281747,B2_proposed_lambda_0p50,H_sensitive,1.0,False,False,0.03791114315390587,0.5771945118904114,0.21904097497463226,0.22999834269285202,0.03892256319522858,0.14894360110163687,0.15875108391046525,0.18093789741396904,0.25053855031728745,0.2715471416711807,0.2920301339030266,0.0696006529033184,0.14308653280138975,0.0,0.0,0.0,0.0
206333335,B1_baseline,M_sensitive,1.0,False,False,0.01788037084043026,0.7137654423713684,0.26334530115127563,0.25174088776111603,0.09522780030965805,0.09982761830091476,0.14150048419833183,0.197123721241951,0.3068147376179695,0.4630786612629885,0.5660475248098373,0.10969101637601852,0.4662199065089226,0.0,0.0,0.0,0.0
206333335,B1_baseline,H_sensitive,1.0,False,False,0.08032259345054626,0.5795775055885315,0.23914514482021332,0.24097976833581924,0.0670638307929039,0.10910280741751194,0.12779409065842628,0.19122573360800743,0.2816549465060234,0.35524928718805304,0.3961678656935692,0.09042921289801598,0.28706505827605727,0.0,0.0,0.0,0.0
206333335,B2_proposed_lambda_0p50,M_sensitive,1.0,False,False,0.002469192259013653,0.6587189435958862,0.2662103772163391,0.25908204913139343,0.07157991826534271,0.10162508822977542,0.15589563995599748,0.21663442254066467,0.3220616281032562,0.3809480026364325,0.42853276401758206,0.10542720556259155,0.32690767578780666,0.0,0.0,0.0,0.0
206333335,B2_proposed_lambda_0p50,H_sensitive,1.0,False,False,0.06548656523227692,0.6467306017875671,0.22481009364128113,0.23393337428569794,0.03855077549815178,0.1470881074666977,0.16143033057451248,0.18861693143844604,0.2550925314426422,0.277487912774086,0.29675461500883105,0.06647560000419617,0.14966650754213334,0.0,0.0,0.0,0.0
206342969,B1_baseline,M_sensitive,1.0,False,False,5.434432387119159e-05,0.7922515273094177,0.31094813346862793,0.2938610017299652,0.16002851724624634,0.03077054612338543,0.07891643866896629,0.18538717180490494,0.4330304265022278,0.5879120707511901,0.6625755774974822,0.24764325469732285,0.6318050313740967,0.0,0.0,1.1180360330590833e-05,0.0
206342969,B1_baseline,H_sensitive,1.0,False,False,0.08630745112895966,0.9871391654014587,0.26047953963279724,0.24341757595539093,0.0995292216539383,0.10904849752783775,0.12303888127207756,0.17663029581308365,0.3378882557153702,0.4287927031517027,0.4574766141176223,0.16125795990228653,0.34842811658978456,0.0,0.0,0.0,0.0
206342969,B2_proposed_lambda_0p50,M_sensitive,1.0,False,False,2.756143658189103e-05,0.7814242243766785,0.3235038220882416,0.3481816053390503,0.12176046520471573,0.03341643892228603,0.08900943472981455,0.2494661659002304,0.40425607562065125,0.49594070911407473,0.5682992994785305,0.15478990972042084,0.5348828605562445,0.0,0.0,2.9814294214908885e-05,0.0
206342969,B2_proposed_lambda_0p50,H_sensitive,1.0,False,False,0.043171364814043045,0.9239804744720459,0.22932738065719604,0.23507004976272583,0.04282884672284126,0.15479641944169997,0.1623453751206398,0.19225934892892838,0.2578660547733307,0.2909374892711639,0.3135931104421614,0.06560670584440231,0.15879669100046145,0.0,0.0,0.0,0.0
206342969-1,B1_baseline,M_sensitive,1.0,False,False,0.025437820702791214,0.7892830967903137,0.239216148853302,0.20745542645454407,0.10478144884109497,0.09657489284873008,0.12446251139044762,0.168838270008564,0.28284236788749695,0.45877695083618164,0.6043132066726684,0.11400409787893295,0.5077383138239383,0.0,0.0,0.0,0.0
206342969-1,B1_baseline,H_sensitive,1.0,False,False,0.042370665818452835,0.525766909122467,0.21948060393333435,0.22964443266391754,0.061430424451828,0.10030525773763657,0.12154713273048401,0.16704238206148148,0.25969257950782776,0.3195854425430298,0.37053778469562515,0.09265019744634628,0.2702325269579886,0.0,0.0,0.0,0.0
206342969-1,B2_proposed_lambda_0p50,M_sensitive,1.0,False,False,0.010700620710849762,0.8078426122665405,0.2476239800453186,0.23152458667755127,0.0903744027018547,0.10128442645072937,0.1357264295220375,0.18307336419820786,0.2972652167081833,0.403812050819397,0.5649478018283843,0.11419185250997543,0.46366337537765495,0.0,0.0,0.0,0.0
206342969-1,B2_proposed_lambda_0p50,H_sensitive,1.0,False,False,0.006298038177192211,0.6604509949684143,0.217204749584198,0.2253265380859375,0.03850642964243889,0.150607231259346,0.15963050723075867,0.17952579259872437,0.24928435683250427,0.26741471886634827,0.3014257490634916,0.06975856423377991,0.15081851780414562,0.0,0.0,0.0,0.0
206409114,B1_baseline,M_sensitive,1.0,False,False,0.0004143886035308242,0.811102569103241,0.2157282680273056,0.2147534042596817,0.11066345870494843,0.014078086093068123,0.04925184622406959,0.12965931743383408,0.287234827876091,0.3866050571203232,0.5220675659179685,0.15757551044225693,0.5079894798249004,0.0,0.0,0.0,0.0
206409114,B1_baseline,H_sensitive,1.0,False,False,0.045898810029029846,0.8616350293159485,0.2210981249809265,0.22540612518787384,0.07524608820676804,0.10033818796277046,0.11743148490786552,0.17326510697603226,0.2587614059448242,0.3028275310993195,0.4706259822845458,0.08549629896879196,0.37028779432177533,0.0,0.0,0.0,0.0
206409114,B2_proposed_lambda_0p50,M_sensitive,1.0,False,False,0.0001306555059272796,0.7947121262550354,0.2454913705587387,0.25230714678764343,0.11026010662317276,0.016138880029320717,0.05142962075769901,0.17137787491083145,0.32332493364810944,0.40770114958286285,0.4908451938629149,0.15194705873727798,0.4747063138335942,0.0,0.0,0.0,0.0
206409114,B2_proposed_lambda_0p50,H_sensitive,1.0,False,False,0.0021467204205691814,0.935013473033905,0.22530105710029602,0.2340792417526245,0.03910299763083458,0.15019466549158098,0.16200824230909347,0.19010422378778458,0.2554418742656708,0.2803807705640793,0.2893816941976547,0.0653376504778862,0.13918702870607372,0.0,0.0,0.0,0.0
206439717-1,B1_baseline,M_sensitive,1.0,False,False,0.028221523389220238,0.660787045955658,0.18984191119670868,0.17462047934532166,0.08118098229169846,0.06051436498761177,0.08325587585568428,0.13723822683095932,0.22554250806570053,0.34593421816825864,0.4647351020574569,0.08830428123474121,0.4042207370698451,0.0,0.0,0.0,0.0
206439717-1,B1_baseline,H_sensitive,1.0,False,False,0.01830950751900673,0.6455756425857544,0.21902532875537872,0.22961173951625824,0.05315437540411949,0.10594497650861741,0.12864514887332917,0.18018225580453873,0.25372426211833954,0.2835695713758469,0.36154208123683823,0.07354200631380081,0.25559710472822084,0.0,0.0,0.0,0.0
206439717-1,B2_proposed_lambda_0p50,M_sensitive,1.0,False,False,0.007968521676957607,0.7023968696594238,0.20404498279094696,0.1963793784379959,0.06741532683372498,0.07039397388696671,0.11181967332959175,0.15841595828533173,0.24092388898134232,0.32201318144798274,0.4160852855443951,0.08250793069601059,0.3456913116574284,0.0,0.0,0.0,0.0
206439717-1,B2_proposed_lambda_0p50,H_sensitive,1.0,False,False,0.011565015651285648,0.5451343655586243,0.2246554046869278,0.23511207103729248,0.037705861032009125,0.15405194848775863,0.16351481676101684,0.1892683506011963,0.25453443825244904,0.27588988542556764,0.29254169166088095,0.06526608765125275,0.13848974317312232,0.0,0.0,0.0,0.0
206528283,B1_baseline,M_sensitive,1.0,False,False,0.013202598318457603,0.8264567852020264,0.29057905077934265,0.2800530642271042,0.12991705536842346,0.08515613563358784,0.11018776148557663,0.18071138113737106,0.388636939227581,0.5178804695606232,0.6190153867006302,0.20792555809020996,0.5338592510670424,0.0,0.0,0.0,0.0
206528283,B1_baseline,H_sensitive,1.0,False,False,0.042689427733421326,0.8364830017089844,0.22557854652404785,0.23814256489276886,0.07680000364780426,0.08993103802204132,0.11300803162157536,0.16192403808236122,0.27127696573734283,0.3235722780227661,0.41932397186756115,0.10935292765498161,0.3293929338455198,0.0,0.0,0.0,0.0
206528283,B2_proposed_lambda_0p50,M_sensitive,1.0,False,False,0.0008557252585887909,0.8411881923675537,0.30554673075675964,0.3186822086572647,0.1101049929857254,0.06446823440492153,0.12050211988389492,0.22770263999700546,0.3858995959162712,0.46628429740667343,0.5542943388223641,0.15819695591926575,0.48982610441744256,0.0,0.0,0.0,0.0
206528283,B2_proposed_lambda_0p50,H_sensitive,1.0,False,False,0.019950971007347107,0.824337363243103,0.21491184830665588,0.2236439734697342,0.036920271813869476,0.14729543998837472,0.1569221466779709,0.1803710274398327,0.24482956901192665,0.26216448098421097,0.27331680059432967,0.06445854157209396,0.12602136060595495,0.0,0.0,0.0,0.0
206664979,B1_baseline,M_sensitive,1.0,False,False,0.0003003330493811518,0.9148945808410645,0.3564507067203522,0.34984733164310455,0.18614830076694489,0.02370785001665354,0.07757324799895286,0.19892340525984764,0.5017740726470947,0.6647183358669281,0.8094471240043644,0.3028506673872471,0.7857392739877108,0.0,0.0,0.0,0.0
206664979,B1_baseline,H_sensitive,1.0,False,False,0.0852682888507843,0.7036340236663818,0.30981016159057617,0.29155804216861725,0.11407961696386337,0.12203910358250142,0.15468713417649269,0.21890369802713394,0.3927525132894516,0.508107051253318,0.6265322041511538,0.17384881526231766,0.5044931005686524,0.0,0.0,0.0,0.0
206664979,B2_proposed_lambda_0p50,M_sensitive,1.0,False,False,2.166757985833101e-05,0.8486194014549255,0.37760254740715027,0.4015381187200546,0.1536393016576767,0.03598955973982811,0.09840682335197927,0.26592087000608444,0.48041777312755585,0.6145902246236801,0.6862383955717087,0.2144969031214714,0.6502488358318806,0.0,0.0,6.540119710351178e-06,0.0
206664979,B2_proposed_lambda_0p50,H_sensitive,1.0,False,False,0.034337591379880905,0.8004304766654968,0.25053438544273376,0.24780870229005814,0.053711630403995514,0.15858567520976066,0.17134675979614258,0.21654319763183594,0.2742784097790718,0.35913241654634476,0.3979954195022583,0.05773521214723587,0.23940974429249764,0.0,0.0,0.0,0.0
206874086,B1_baseline,M_sensitive,1.0,False,False,3.485731576802209e-05,0.6463120579719543,0.19110962748527527,0.17982178926467896,0.08922024816274643,0.0233024500310421,0.06185200437903404,0.12609383463859558,0.24720826745033264,0.3544569313526153,0.43548008084297185,0.12111443281173706,0.41217763081192976,0.0,0.0,2.917489236548638e-05,0.0
206874086,B1_baseline,H_sensitive,1.0,False,False,0.08798620849847794,0.5360409021377563,0.22866295278072357,0.23311331868171692,0.0599779412150383,0.11304055929183959,0.12885770499706267,0.1844126433134079,0.26657286286354065,0.33133220076560965,0.37499337077140826,0.08216021955013275,0.26195281147956867,0.0,0.0,0.0,0.0
206874086,B2_proposed_lambda_0p50,M_sensitive,1.0,False,False,1.9257775420555845e-05,0.5838579535484314,0.20824703574180603,0.21381540596485138,0.07394738495349884,0.024900813326239585,0.06858951896429062,0.16386429965496063,0.25688278675079346,0.3265217542648314,0.3617280685901642,0.09301848709583282,0.33682725526392465,0.0,0.0,4.1678417664980546e-05,0.0
206874086,B2_proposed_lambda_0p50,H_sensitive,1.0,False,False,0.006463431753218174,0.7038034796714783,0.22351369261741638,0.23250728845596313,0.0358404815196991,0.15275439381599426,0.16365644931793213,0.19117222726345062,0.2541959881782532,0.2699065864086151,0.2789183211326599,0.06302376091480255,0.12616392731666565,0.0,0.0,0.0,0.0
9300017987-1,B1_baseline,M_sensitive,1.0,False,False,8.218817674787715e-05,0.294953316450119,0.031719423830509186,0.021118488162755966,0.031405508518218994,0.002042008158750832,0.006705492874607444,0.012677302584052086,0.03879953920841217,0.09289643988013267,0.16702934414148363,0.026122236624360085,0.1649873359827328,0.0,0.0,5.1250825199298595e-05,0.0
9300017987-1,B1_baseline,H_sensitive,1.0,False,False,0.031127769500017166,0.3782883882522583,0.1561608612537384,0.1460486352443695,0.06207610294222832,0.05432640217244625,0.0679475262761116,0.10637056455016136,0.20241472870111465,0.2666443824768066,0.30103177487850197,0.09604416415095329,0.24670537270605572,0.0,0.0,0.0,0.0
9300017987-1,B2_proposed_lambda_0p50,M_sensitive,1.0,False,False,0.0002862241235561669,0.542489767074585,0.036748748272657394,0.020665518939495087,0.04366404935717583,0.002535766395740211,0.005037600127980113,0.011112664360553026,0.04605063050985336,0.11904484182596203,0.2178686803579331,0.03493796614930034,0.2153329139621929,0.0,0.0,0.0,0.0
9300017987-1,B2_proposed_lambda_0p50,H_sensitive,1.0,False,False,0.014329660683870316,0.42005711793899536,0.14856141805648804,0.13992296159267426,0.034004438668489456,0.09232286959886551,0.10522856935858727,0.12287264689803123,0.17433973401784897,0.21010284274816513,0.2295819476246834,0.051467087119817734,0.13725907802581788,0.0,0.0,0.0,0.0
9300073600,B1_baseline,M_sensitive,1.0,False,False,0.0033972531091421843,0.8167258501052856,0.21712112426757812,0.20146450400352478,0.1026253029704094,0.04202481910586357,0.08684150613844395,0.14081477746367455,0.27343884110450745,0.3998371705412867,0.5489032006263735,0.1326240636408329,0.50687838152051,0.0,0.0,0.0,0.0
9300073600,B1_baseline,H_sensitive,1.0,False,False,0.02676587924361229,0.8683621287345886,0.21960081160068512,0.2268158718943596,0.06527227908372879,0.09342456817626953,0.11795655526220798,0.17906023189425468,0.2561792954802513,0.2898858532309532,0.35185454338789013,0.07711906358599663,0.2584299752116206,0.0,0.0,0.0,0.0
9300073600,B2_proposed_lambda_0p50,M_sensitive,1.0,False,False,0.003486400004476309,0.8038719892501831,0.23357972502708435,0.22443103790283203,0.09529732167720795,0.04085462540388107,0.0952517881989479,0.17058078572154045,0.28753819316625595,0.40018199235200885,0.5234654390811921,0.1169574074447155,0.48261081367731107,0.0,0.0,0.0,0.0
9300073600,B2_proposed_lambda_0p50,H_sensitive,1.0,False,False,0.010340554639697075,0.8257139325141907,0.22559426724910736,0.2346276193857193,0.0394236296415329,0.14588186353445054,0.1593233861029148,0.19147233664989471,0.2538951486349106,0.2798881888389587,0.3084128692746165,0.06242281198501587,0.16253100574016593,0.0,0.0,0.0,0.0
9300122741,B1_baseline,M_sensitive,1.0,False,False,0.00016133398457895964,0.7079680562019348,0.20841535925865173,0.17306331545114517,0.10881058871746063,0.05109113547950983,0.09151087515056133,0.14029565826058388,0.2515268847346306,0.46526461094617844,0.561025395989418,0.11123122647404671,0.5099342605099082,0.0,0.0,0.0,0.0
9300122741,B1_baseline,H_sensitive,1.0,False,False,0.07945504039525986,0.7654701471328735,0.23342138528823853,0.2462819367647171,0.0813063234090805,0.09379252977669239,0.10930108837783337,0.16579768806695938,0.27750352770090103,0.3850230798125267,0.4439734071493149,0.11170583963394165,0.3501808773726225,0.0,0.0,0.0,0.0
9300122741,B2_proposed_lambda_0p50,M_sensitive,1.0,False,False,1.0937382285192143e-05,0.5927022695541382,0.1864209622144699,0.18321432918310165,0.06363008171319962,0.04227571561932564,0.08919648081064224,0.1426922343671322,0.22542721033096313,0.29714640974998474,0.34863461554050446,0.08273497596383095,0.3063588999211788,0.0,0.0,8.179082419767432e-05,0.0
9300122741,B2_proposed_lambda_0p50,H_sensitive,1.0,False,False,0.016173217445611954,0.7404673099517822,0.21493980288505554,0.22597596049308777,0.03900861740112305,0.1463809423148632,0.15429383888840675,0.17758910357952118,0.24720342457294464,0.26490408927202225,0.27594680339097977,0.06961432099342346,0.12956586107611656,0.0,0.0,0.0,0.0
9300148243,B1_baseline,M_sensitive,1.0,False,False,0.007318689022213221,0.6516569256782532,0.17446601390838623,0.17771244049072266,0.06630844622850418,0.04714873701334,0.0701209008693695,0.12632343173027039,0.2139911949634552,0.28560065031051635,0.34912366151809726,0.08766776323318481,0.30197492450475727,0.0,0.0,0.0,0.0
9300148243,B1_baseline,H_sensitive,1.0,False,False,0.0656576007604599,0.6871982216835022,0.21782653033733368,0.22601129114627838,0.05571330711245537,0.09954691618680954,0.1215946227312088,0.17867588996887207,0.25859254598617554,0.2871076226234436,0.3300592064857488,0.07991665601730347,0.23051229029893927,0.0,0.0,0.0,0.0
9300148243,B2_proposed_lambda_0p50,M_sensitive,1.0,False,False,0.0034312766510993242,0.5995346307754517,0.17815221846103668,0.1790846884250641,0.06693518906831741,0.041010321974754335,0.07296614199876786,0.12995925545692444,0.21725724637508392,0.2913373947143554,0.3637025773525239,0.08729799091815948,0.3226922553777696,0.0,0.0,0.0,0.0
9300148243,B2_proposed_lambda_0p50,H_sensitive,1.0,False,False,0.036032453179359436,0.645099401473999,0.22677430510520935,0.23235228657722473,0.043555185198783875,0.14995430588722228,0.1610456168651581,0.18718402087688446,0.25735151767730713,0.2953565955162048,0.3374766004085541,0.07016749680042267,0.18752229452133182,0.0,0.0,0.0,0.0
9300162628,B1_baseline,M_sensitive,1.0,False,False,0.006203614175319672,0.7404962778091431,0.2503928542137146,0.24218623340129852,0.14288832247257233,0.02789166908711195,0.04559021107852459,0.1378617249429226,0.3452838882803917,0.5106758385896683,0.608571338057518,0.2074221633374691,0.580679668970406,0.0,0.0,0.0,0.0
9300162628,B1_baseline,H_sensitive,1.0,False,False,0.05218752846121788,0.5009198784828186,0.20846454799175262,0.21347196400165558,0.07503122836351395,0.07465405844151973,0.09650921262800694,0.14817862585186958,0.2532106712460518,0.34502413272857657,0.3963576194643974,0.1050320453941822,0.32170356102287767,0.0,0.0,0.0,0.0
9300162628,B2_proposed_lambda_0p50,M_sensitive,1.0,False,False,0.00024418949033133686,0.7373325824737549,0.2670403718948364,0.2791871279478073,0.12851674854755402,0.024935646969825028,0.04334331322461367,0.17731649056077003,0.36691540479660034,0.45391416549682617,0.5207682710886001,0.1895989142358303,0.4958326241187751,0.0,0.0,0.0,0.0
9300162628,B2_proposed_lambda_0p50,H_sensitive,1.0,False,False,0.02650406025350094,0.7638619542121887,0.21091227233409882,0.22114139795303345,0.03750638663768768,0.14216581121087074,0.1538756385445595,0.1748318299651146,0.2426949292421341,0.2576397508382797,0.27367804884910585,0.0678630992770195,0.1315122376382351,0.0,0.0,0.0,0.0
9300170515,B1_baseline,M_sensitive,1.0,False,False,0.0055818683467805386,0.843390166759491,0.2520561218261719,0.21920838952064514,0.12684489786624908,0.05214098811149597,0.09641223996877671,0.16460996866226196,0.3124887943267822,0.5140218496322622,0.6402865171432495,0.14787882566452026,0.5881455290317535,0.0,0.0,0.0,0.0
9300170515,B1_baseline,H_sensitive,1.0,False,False,0.08764931559562683,0.6068822741508484,0.2680738866329193,0.2549517750740051,0.10310990363359451,0.10759817898273467,0.12939096093177796,0.18216882646083832,0.3351609706878662,0.46839751601219176,0.5336453008651733,0.1529921442270279,0.4260471218824386,0.0,0.0,0.0,0.0
9300170515,B2_proposed_lambda_0p50,M_sensitive,1.0,False,False,0.00019449372484814376,0.6665610671043396,0.24761779606342316,0.24746152758598328,0.0805768147110939,0.07448104977607727,0.11282827556133271,0.20230114459991455,0.2968631386756897,0.38017395138740534,0.47459622025489806,0.09456199407577515,0.4001151704788208,0.0,0.0,0.0,0.0
9300170515,B2_proposed_lambda_0p50,H_sensitive,1.0,False,False,0.09991949796676636,0.6694255471229553,0.2266724854707718,0.23567870259284973,0.03892941027879715,0.1598760050535202,0.16736643612384797,0.18854840099811554,0.25466400384902954,0.2833007454872131,0.3210459542274475,0.066115602850914,0.16116994917392732,0.0,0.0,0.0,0.0
9300198023,B1_baseline,M_sensitive,1.0,False,False,0.024478456005454063,0.8182531595230103,0.2297949641942978,0.21377907693386078,0.1071280986070633,0.07729820370674133,0.10034755319356918,0.1428391933441162,0.2933123707771301,0.415742415189743,0.5968324589729312,0.15047317743301392,0.5195342552661899,0.0,0.0,0.0,0.0
9300198023,B1_baseline,H_sensitive,1.0,False,False,0.062355007976293564,0.776112973690033,0.22460773587226868,0.23231863975524902,0.07372688502073288,0.0904900336265564,0.11324586123228073,0.17711220681667328,0.26364150643348694,0.3073868095874786,0.45185726761817985,0.08652929961681366,0.36136723399162346,0.0,0.0,0.0,0.0
9300198023,B2_proposed_lambda_0p50,M_sensitive,1.0,False,False,0.003943213261663914,0.8191409707069397,0.23962099850177765,0.22886407375335693,0.09708284586668015,0.0701281875371933,0.10468391925096512,0.1625337302684784,0.30921822786331177,0.3946807026863098,0.5201684522628796,0.14668449759483337,0.45004026472568626,0.0,0.0,0.0,0.0
9300198023,B2_proposed_lambda_0p50,H_sensitive,1.0,False,False,0.02684590220451355,0.6374981999397278,0.2232741415500641,0.23396533727645874,0.037767067551612854,0.15188071489334107,0.16270048618316652,0.18717630207538605,0.25178492069244385,0.2722164034843445,0.30204998135566713,0.0646086186170578,0.15016926646232606,0.0,0.0,0.0,0.0
9300298484,B1_baseline,M_sensitive,1.0,False,False,0.01633390039205551,0.7497075200080872,0.24992504715919495,0.21110185980796814,0.13577541708946228,0.06179132297635078,0.09707712084054948,0.14360150694847107,0.3273453116416931,0.5338047146797179,0.6139328289031983,0.18374380469322205,0.5521415059268475,0.0,0.0,0.0,0.0
9300298484,B1_baseline,H_sensitive,1.0,False,False,0.054389502853155136,0.5773860216140747,0.2456129789352417,0.24199289083480835,0.08795631676912308,0.08909265518188476,0.11111434102058411,0.1773819774389267,0.3036302924156189,0.40062333941459655,0.43969178199768066,0.1262483149766922,0.3505991268157959,0.0,0.0,0.0,0.0
9300298484,B2_proposed_lambda_0p50,M_sensitive,1.0,False,False,0.0010040561901405454,0.7178360819816589,0.2527102828025818,0.23527801036834717,0.11712054163217545,0.05428046762943268,0.09074549525976182,0.15626786649227142,0.3469669818878174,0.45486848950386033,0.5226945567131043,0.19069911539554596,0.4684140890836716,0.0,0.0,0.0,0.0
9300298484,B2_proposed_lambda_0p50,H_sensitive,1.0,False,False,0.0051483470015227795,0.625693142414093,0.22278504073619843,0.23274315893650055,0.03818024694919586,0.153442360162735,0.16166007816791533,0.1860244870185852,0.25199463963508606,0.27033700942993166,0.31200019717216493,0.06597015261650085,0.15855783700942994,0.0,0.0,0.0,0.0
9300305987,B1_baseline,M_sensitive,1.0,False,False,0.000790832273196429,0.8764684796333313,0.34448572993278503,0.3456163704395294,0.17708510160446167,0.03529374934732914,0.08048594668507576,0.19466546922922134,0.46404867619276047,0.6564493894577025,0.7321834099292756,0.2693832069635391,0.6968896605819465,0.0,0.0,0.0,0.0
9300305987,B1_baseline,H_sensitive,1.0,False,False,0.07372836023569107,0.9883102178573608,0.26479288935661316,0.2581431120634079,0.09384390711784363,0.09691211655735969,0.12451539635658264,0.1947767287492752,0.33412159979343414,0.40626506358385084,0.4498467782139779,0.13934487104415894,0.3529346616566182,0.0,0.0,0.0,0.0
9300305987,B2_proposed_lambda_0p50,M_sensitive,1.0,False,False,0.00021666631801053882,0.8927546143531799,0.3660222589969635,0.3790417015552521,0.15122300386428833,0.039347585141658786,0.10084782689809799,0.26624806225299835,0.4722350090742111,0.6024756312370299,0.704707106947899,0.20598694682121277,0.6653595218062401,0.0,0.0,0.0,0.0
9300305987,B2_proposed_lambda_0p50,H_sensitive,1.0,False,False,0.03255918622016907,0.7020496129989624,0.23242758214473724,0.240520142018795,0.04404484108090401,0.15389754936099054,0.1650941088795662,0.1931491382420063,0.25873183459043503,0.3083043977618217,0.33758645236492163,0.06558269634842873,0.1836889030039311,0.0,0.0,0.0,0.0
9300332900,B1_baseline,M_sensitive,1.0,False,False,0.004989020526409149,0.7691757678985596,0.2566613256931305,0.25266386568546295,0.09281359612941742,0.0914881468564272,0.127224899828434,0.18838241323828697,0.31043289601802826,0.4063463181257248,0.5663093030452728,0.12205048277974129,0.47482115618884563,0.0,0.0,0.0,0.0
9300332900,B1_baseline,H_sensitive,1.0,False,False,0.051192544400691986,0.4887765049934387,0.22967010736465454,0.23932307958602905,0.05328904464840889,0.11018672309815884,0.13829704448580743,0.19025390595197678,0.26828090846538544,0.30028546452522276,0.36029349625110624,0.07802700251340866,0.2501067731529474,0.0,0.0,0.0,0.0
9300332900,B2_proposed_lambda_0p50,M_sensitive,1.0,False,False,0.0021386609878391027,0.7678701877593994,0.27728769183158875,0.27894145250320435,0.08430679142475128,0.0935615798830986,0.1436852514743805,0.2203938029706478,0.3287023678421974,0.40525151193141934,0.5218114268779753,0.1083085648715496,0.4282498469948767,0.0,0.0,0.0,0.0
9300332900,B2_proposed_lambda_0p50,H_sensitive,1.0,False,False,0.030375968664884567,0.5855700969696045,0.22736673057079315,0.2334463819861412,0.03848809003829956,0.15115393340587616,0.1624145418405533,0.1953696459531784,0.25598521530628204,0.28559678345918654,0.3023259139060974,0.06061556935310364,0.15117198050022126,0.0,0.0,0.0,0.0
9300332900-1,B1_baseline,M_sensitive,1.0,False,False,0.0010113370371982455,0.7829811573028564,0.24325527250766754,0.21644558012485504,0.13265646994113922,0.05029101863503456,0.07953061163425446,0.14502060413360596,0.3133164644241333,0.5228658080101013,0.6379103398323052,0.16829586029052734,0.5876193211972706,0.0,0.0,0.0,0.0
9300332900-1,B1_baseline,H_sensitive,1.0,False,False,0.036486461758613586,0.890652596950531,0.24077695608139038,0.23878812789916992,0.08430314064025879,0.09043788611888885,0.11372340321540833,0.1841893494129181,0.29006779193878174,0.3782248795032499,0.4457027220726011,0.10587844252586365,0.3552648359537122,0.0,0.0,0.0,0.0
9300332900-1,B2_proposed_lambda_0p50,M_sensitive,1.0,False,False,0.0024454505182802677,0.7947039604187012,0.2589040696620941,0.25411397218704224,0.11414314061403275,0.05345360234379769,0.08672830909490585,0.1761045902967453,0.33030688762664795,0.45014085769653317,0.5760259342193603,0.15420229732990265,0.5225723318755626,0.0,0.0,0.0,0.0
9300332900-1,B2_proposed_lambda_0p50,H_sensitive,1.0,False,False,0.015236631967127323,0.6552436947822571,0.22575777769088745,0.2364584058523178,0.039069581776857376,0.15596515357494353,0.1655060112476349,0.19002658128738403,0.2537762224674225,0.2722049057483673,0.31627112507820115,0.06374964118003845,0.16030597150325762,0.0,0.0,0.0,0.0
9300463575,B1_baseline,M_sensitive,1.0,False,False,0.0036497025284916162,0.7872763872146606,0.28068435192108154,0.2778919041156769,0.11098678410053253,0.058262625113129615,0.09846604689955712,0.21123450249433517,0.34713520109653473,0.4747269451618191,0.5835657489299774,0.13590069860219955,0.5253031238168477,0.0,0.0,0.0,0.0
9300463575,B1_baseline,H_sensitive,1.0,False,False,0.07222920656204224,0.5755191445350647,0.22783443331718445,0.23664414882659912,0.06525175273418427,0.09370394706726075,0.1220699928700924,0.1773686483502388,0.26533791422843933,0.3344414114952087,0.39041561901569366,0.08796926587820053,0.2967116719484329,0.0,0.0,0.0,0.0
9300463575,B2_proposed_lambda_0p50,M_sensitive,1.0,False,False,0.00043493116390891373,0.8079385161399841,0.27650901675224304,0.2942958474159241,0.08785374462604523,0.06280599132180215,0.10579378008842469,0.22272413969039917,0.332259863615036,0.40148867964744567,0.4721489554643631,0.10953572392463684,0.40934296414256094,0.0,0.0,0.0,0.0
9300463575,B2_proposed_lambda_0p50,H_sensitive,1.0,False,False,0.01897555962204933,0.6679882407188416,0.21827135980129242,0.22796647250652313,0.03971290960907936,0.1467863667011261,0.15587157011032104,0.18035992980003357,0.24835705757141113,0.27534477412700653,0.3015359282493591,0.06799712777137756,0.154749561548233,0.0,0.0,0.0,0.0
9300466323,B1_baseline,M_sensitive,1.0,False,False,0.006298291962593794,0.7470309734344482,0.21451301872730255,0.18853724002838135,0.10691256821155548,0.056580507010221485,0.09293083846569061,0.13362595438957214,0.27591434121131897,0.4047223925590515,0.587637495994568,0.14228838682174683,0.5310569889843466,0.0,0.0,0.0,0.0
9300466323,B1_baseline,H_sensitive,1.0,False,False,0.022181931883096695,0.4742598533630371,0.2041541188955307,0.21586506068706512,0.057134006172418594,0.09363657683134079,0.10987236350774765,0.15477295219898224,0.24582241475582123,0.282809317111969,0.3369876980781556,0.09104946255683899,0.2433511212468148,0.0,0.0,0.0,0.0
9300466323,B2_proposed_lambda_0p50,M_sensitive,1.0,False,False,0.004142561461776495,0.7858118414878845,0.2479027807712555,0.22765226662158966,0.1141781136393547,0.05236455574631691,0.10392948985099792,0.15599015355110168,0.32896754145622253,0.44650039076805115,0.5730295062065125,0.17297738790512085,0.5206649504601956,0.0,0.0,0.0,0.0
9300466323,B2_proposed_lambda_0p50,H_sensitive,1.0,False,False,0.02368219941854477,0.7125442624092102,0.22278396785259247,0.23151420056819916,0.038029685616493225,0.15127535462379454,0.1631959229707718,0.18649201095104218,0.2542782127857208,0.27488914132118225,0.2912110805511476,0.06778620183467865,0.13993572592735304,0.0,0.0,0.0,0.0
9300470716,B1_baseline,M_sensitive,1.0,False,False,0.010484994389116764,0.8123071193695068,0.17943187057971954,0.1681298315525055,0.07181350141763687,0.04660581856966019,0.08358034789562226,0.13687707483768463,0.20983274281024933,0.30399344563484193,0.4287364053726196,0.0729556679725647,0.3821305868029594,0.0,0.0,0.0,0.0
9300470716,B1_baseline,H_sensitive,1.0,False,False,0.03636372089385986,0.5580993294715881,0.22185362875461578,0.23729881644248962,0.05836382135748863,0.08850190848112106,0.11763380318880082,0.17732980847358704,0.26156532764434814,0.2934440732002258,0.37696278810501094,0.08423551917076111,0.2884608796238899,0.0,0.0,0.0,0.0
9300470716,B2_proposed_lambda_0p50,M_sensitive,1.0,False,False,0.00010603288683341816,0.8627209067344666,0.17616239190101624,0.1716434210538864,0.07760466635227203,0.014839584417641162,0.058846587687730795,0.12961339950561523,0.21477757394313812,0.29952361583709713,0.43843363761901855,0.08516417443752289,0.4235940532013774,0.0,0.0,0.0,0.0
9300470716,B2_proposed_lambda_0p50,H_sensitive,1.0,False,False,0.005918835289776325,0.5481016039848328,0.21627868711948395,0.2270449548959732,0.04144671931862831,0.13967164754867553,0.14859417378902434,0.17830321192741394,0.24981893599033356,0.27159779667854306,0.29100257873535157,0.07151572406291962,0.15133093118667604,0.0,0.0,0.0,0.0
9300518956,B1_baseline,M_sensitive,1.0,False,False,5.494118795468239e-06,0.815412163734436,0.1585714966058731,0.14851850271224976,0.0715666338801384,0.03713007360696793,0.06614561378955841,0.10999779403209686,0.1952485740184784,0.2790377855300905,0.39710646033287106,0.08525077998638153,0.35997638672590315,0.0,0.0,1.3340603962492891e-05,0.0
9300518956,B1_baseline,H_sensitive,1.0,False,False,0.008930506184697151,0.5867977142333984,0.20267263054847717,0.2161819189786911,0.061574697494506836,0.07417163848876954,0.0953909158706665,0.1537545919418335,0.247981995344162,0.2837328016757965,0.3427340447902681,0.09422740340232849,0.2685624063014985,0.0,0.0,0.0,0.0
9300518956,B2_proposed_lambda_0p50,M_sensitive,1.0,False,False,0.0004970107111148536,0.8408874869346619,0.1784767061471939,0.17530246078968048,0.07460574805736542,0.02658247299492359,0.06349848955869675,0.1304408758878708,0.2206415832042694,0.2991935133934021,0.38974390625953703,0.09020070731639862,0.3631614332646134,0.0,0.0,0.0,0.0
9300518956,B2_proposed_lambda_0p50,H_sensitive,1.0,False,False,0.011369944550096989,0.6118091344833374,0.21451963484287262,0.2235543578863144,0.04018102213740349,0.14284663379192353,0.15139026939868927,0.17709212005138397,0.24846568703651428,0.2721864104270935,0.28675684332847606,0.07137356698513031,0.14391020953655254,0.0,0.0,0.0,0.0
9300531405,B1_baseline,M_sensitive,1.0,False,False,0.004337619990110397,0.8013919591903687,0.2222031205892563,0.20046989619731903,0.10694311559200287,0.06281316995620728,0.09115377962589265,0.13471412658691406,0.2979954183101654,0.4137616217136382,0.5132186651229856,0.16328129172325134,0.45040549516677836,0.0,0.0,0.0,0.0
9300531405,B1_baseline,H_sensitive,1.0,False,False,0.040438711643218994,0.6808828115463257,0.21580320596694946,0.22496940195560455,0.05774024873971939,0.09223407953977585,0.11547180861234665,0.17412109673023224,0.2546270191669464,0.2890008628368378,0.33823138594627367,0.08050592243671417,0.2459973064064978,0.0,0.0,0.0,0.0
9300531405,B2_proposed_lambda_0p50,M_sensitive,1.0,False,False,0.000791729602497071,0.716360867023468,0.23786227405071259,0.22147239744663239,0.10893703252077103,0.052314720004796984,0.09369162172079086,0.1442757397890091,0.3251456618309021,0.4278379082679746,0.4974608552455895,0.180869922041893,0.4451461352407925,0.0,0.0,0.0,0.0
9300531405,B2_proposed_lambda_0p50,H_sensitive,1.0,False,False,0.02262364700436592,0.68730229139328,0.2316347360610962,0.2409336268901825,0.03743155673146248,0.15428078651428223,0.16631860733032228,0.2003922313451767,0.2587553858757019,0.28343917727470397,0.29831526875495906,0.05836315453052521,0.14403448224067683,0.0,0.0,0.0,0.0
9300552186,B1_baseline,M_sensitive,1.0,False,False,0.03178687393665314,0.7691202163696289,0.20652605593204498,0.18450474739074707,0.0826907530426979,0.0916592189669609,0.11630684211850166,0.14996392279863358,0.2386659011244774,0.36400448977947236,0.49440649211406634,0.08870197832584381,0.40274727314710546,0.0,0.0,0.0,0.0
9300552186,B1_baseline,H_sensitive,1.0,False,False,0.0806722342967987,0.9216765761375427,0.22785162925720215,0.237393319606781,0.055336061865091324,0.13120403468608857,0.14751617163419722,0.19125904142856598,0.25786156952381134,0.2828125774860382,0.3203558862209316,0.06660252809524536,0.189151851534843,0.0,0.0,0.0,0.0
9300552186,B2_proposed_lambda_0p50,M_sensitive,1.0,False,False,0.009179049171507359,0.8148240447044373,0.21269653737545013,0.19779452681541443,0.08051811903715134,0.07964286103844642,0.10911048129200936,0.15517321228981018,0.2574772834777832,0.35639775991439826,0.46059682905673976,0.10230407118797302,0.38095396801829334,0.0,0.0,0.0,0.0
9300552186,B2_proposed_lambda_0p50,H_sensitive,1.0,False,False,0.0020487401634454727,0.6198554635047913,0.23008336126804352,0.23759327828884125,0.038549453020095825,0.1494717541337013,0.16420896351337433,0.1991998553276062,0.2595471292734146,0.2823589086532593,0.30506901264190667,0.06034727394580841,0.15559725850820535,0.0,0.0,0.0,0.0
9300574781,B1_baseline,M_sensitive,1.0,False,False,0.006088546942919493,0.8416191935539246,0.30228009819984436,0.28195393085479736,0.14345432817935944,0.0998176908493042,0.12952453941106795,0.1871514394879341,0.3812021389603615,0.6058762013912202,0.7383966171741486,0.19405069947242737,0.6385789263248445,0.0,0.0,0.0,0.0
9300574781,B1_baseline,H_sensitive,1.0,False,False,0.04357510432600975,0.8252533674240112,0.2344352900981903,0.23911261558532715,0.06293291598558426,0.1076056083291769,0.13013315498828887,0.191583514213562,0.2716916799545288,0.33371038883924486,0.3917793315649033,0.0801081657409668,0.2841737232357264,0.0,0.0,0.0,0.0
9300574781,B2_proposed_lambda_0p50,M_sensitive,1.0,False,False,0.0014549376210197806,0.8955403566360474,0.3315509855747223,0.3210839182138443,0.14027918875217438,0.09431723915040494,0.15062548369169235,0.2118433229625225,0.4116176515817642,0.6098461776971817,0.7341030418872834,0.19977432861924171,0.6397858027368785,0.0,0.0,0.0,0.0
9300574781,B2_proposed_lambda_0p50,H_sensitive,1.0,False,False,0.04721594601869583,0.5945165753364563,0.22633066773414612,0.23551438748836517,0.03698841854929924,0.1555059915781021,0.16600391045212745,0.1923304833471775,0.2529100254178047,0.2801194965839386,0.30389926105737686,0.06057954207062721,0.14839326947927475,0.0,0.0,0.0,0.0
9300577026,B1_baseline,M_sensitive,1.0,False,False,0.003957098349928856,0.777228832244873,0.21122677624225616,0.18441154062747955,0.10164035856723785,0.059899722784757616,0.08840948790311813,0.1359623298048973,0.273120179772377,0.4006333142518997,0.5322101664543153,0.1371578499674797,0.47231044366955766,0.0,0.0,0.0,0.0
9300577026,B1_baseline,H_sensitive,1.0,False,False,0.033475421369075775,0.5215024948120117,0.21351683139801025,0.2159937024116516,0.0583307221531868,0.10172828808426856,0.12120763137936592,0.17219821363687515,0.2516983449459076,0.29097209572792043,0.3917190700769425,0.07950013130903244,0.2899907819926739,0.0,0.0,0.0,0.0
9300577026,B2_proposed_lambda_0p50,M_sensitive,1.0,False,False,0.0010040570050477982,0.8087266087532043,0.21606355905532837,0.19362647831439972,0.09822942316532135,0.05284194700419903,0.09621205106377602,0.1434987410902977,0.2741055339574814,0.40016855597496026,0.5071085214614869,0.13060679286718369,0.45426657445728785,0.0,0.0,0.0,0.0
9300577026,B2_proposed_lambda_0p50,H_sensitive,1.0,False,False,0.005875259172171354,0.4755723774433136,0.22523176670074463,0.23217543959617615,0.04292699694633484,0.1399490702152252,0.1507199451327324,0.19255384802818298,0.2546103447675705,0.2932387828826904,0.32618871331214905,0.06205649673938751,0.18623964309692384,0.0,0.0,0.0,0.0
9300655391,B1_baseline,M_sensitive,1.0,False,False,0.0007924020756036043,0.6534708738327026,0.23074670135974884,0.22409986704587936,0.08356086909770966,0.08356605842709541,0.11400679498910904,0.16624779626727104,0.2872669994831085,0.36793316155672073,0.4594153404235841,0.12101920321583748,0.3758492819964887,0.0,0.0,0.0,0.0
9300655391,B1_baseline,H_sensitive,1.0,False,False,0.08375731110572815,0.5581398606300354,0.20588813722133636,0.21997618675231934,0.05698258429765701,0.1037432637065649,0.11827588267624378,0.15248943492770195,0.24824992567300797,0.28322235494852066,0.3346727386116983,0.09576049074530602,0.23092947490513338,0.0,0.0,0.0,0.0
9300655391,B2_proposed_lambda_0p50,M_sensitive,1.0,False,False,1.780393358785659e-05,0.6403840184211731,0.2521046996116638,0.25438062846660614,0.07924693822860718,0.07345001175999642,0.127943716943264,0.19051432237029076,0.3133620619773865,0.37230588495731354,0.4142141476273537,0.12284773960709572,0.34076413586735727,0.0,0.0,3.282407869375922e-05,0.0
9300655391,B2_proposed_lambda_0p50,H_sensitive,1.0,False,False,0.013806924223899841,0.6040735244750977,0.22122420370578766,0.2307041808962822,0.042538344860076904,0.14447108432650566,0.15368694812059402,0.1801467090845108,0.2553734928369522,0.27958129346370697,0.30561333745718,0.0752267837524414,0.16114225313067435,0.0,0.0,0.0,0.0
9300706043,B1_baseline,M_sensitive,1.0,False,False,0.03455105423927307,0.8855230808258057,0.3860643804073334,0.3619777113199234,0.19383873045444489,0.08515725389122963,0.1142362553626299,0.22866114974021912,0.5261784046888351,0.7390980958938596,0.8264043551683425,0.29751725494861603,0.7412471012771129,0.0,0.0,0.0,0.0
9300706043,B1_baseline,H_sensitive,1.0,False,False,0.03162671998143196,0.7342852354049683,0.2530672252178192,0.24726718664169312,0.09479912370443344,0.07231187492609024,0.10207620039582253,0.18438424170017242,0.316029891371727,0.4073768079280853,0.4915478166937825,0.13164564967155457,0.41923594176769224,0.0,0.0,0.0,0.0
9300706043,B2_proposed_lambda_0p50,M_sensitive,1.0,False,False,0.007720063906162977,0.9286248087882996,0.4323376417160034,0.4409405589103699,0.17970846593379974,0.08073991276323796,0.11851961612701416,0.2940199375152588,0.5845911353826523,0.6926565110683441,0.7781160116195678,0.2905711978673935,0.6973760988563298,0.0,0.0,0.0,0.0
9300706043,B2_proposed_lambda_0p50,H_sensitive,1.0,False,False,0.025063717737793922,0.7315313816070557,0.2186955362558365,0.22704456746578217,0.03800502419471741,0.14754506304860115,0.1553808830678463,0.18518389016389847,0.24822714924812317,0.2692434757947922,0.2876496750116348,0.0630432590842247,0.14010461196303364,0.0,0.0,0.0,0.0
9300764848-1,B1_baseline,M_sensitive,1.0,False,False,0.000929382280446589,0.7686564326286316,0.1582949012517929,0.1569240465760231,0.07340880483388901,0.011785734938457608,0.046328728646039964,0.11573848500847816,0.19037385284900665,0.2768930971622467,0.4290426585078238,0.07463536784052849,0.4172569235693662,0.0,0.0,0.0,0.0
9300764848-1,B1_baseline,H_sensitive,1.0,False,False,0.06309279054403305,0.882502019405365,0.21099190413951874,0.20995787531137466,0.07432086020708084,0.09648310281336307,0.12286983653903008,0.16412368044257164,0.24789518117904663,0.2886206194758415,0.4961671712994563,0.08377150073647499,0.3996840684860932,0.0,0.0,0.0,0.0
9300764848-1,B2_proposed_lambda_0p50,M_sensitive,1.0,False,False,0.0005061669507995248,0.7964534163475037,0.17184390127658844,0.16603754460811615,0.06881248950958252,0.014718700423836708,0.052894397452473645,0.1363959237933159,0.20752586796879768,0.2876713067293166,0.3765889680385588,0.0711299441754818,0.3618702676147221,0.0,0.0,0.0,0.0
9300764848-1,B2_proposed_lambda_0p50,H_sensitive,1.0,False,False,0.016552191227674484,0.984043300151825,0.22554680705070496,0.22946887463331223,0.041135672479867935,0.1455204463005066,0.16010687202215196,0.19098824262619019,0.25754012167453766,0.28742218762636185,0.3092769694328308,0.06655187904834747,0.1637565231323242,0.0,0.0,0.0,0.0
9300768221,B1_baseline,M_sensitive,1.0,False,False,0.002414348302409053,0.7922288775444031,0.24185232818126678,0.20668958127498627,0.1564537137746811,0.03822179518640041,0.0584322452545166,0.11780594289302826,0.3234471157193184,0.5782547116279602,0.6851035678386687,0.20564117282629013,0.6468817726522682,0.0,0.0,0.0,0.0
9300768221,B1_baseline,H_sensitive,1.0,False,False,0.05084027349948883,0.7145586013793945,0.22730624675750732,0.22796128690242767,0.07387807220220566,0.10600166119635106,0.12435741722583771,0.17109614238142967,0.26384109258651733,0.36640636175870894,0.4498748797178263,0.09274495020508766,0.34387321852147523,0.0,0.0,0.0,0.0
9300768221,B2_proposed_lambda_0p50,M_sensitive,1.0,False,False,0.0006982919294387102,0.852843165397644,0.2523798942565918,0.23662681877613068,0.14232775568962097,0.03486261084675789,0.06506420560181142,0.13499342650175095,0.34168826043605804,0.5148280084133148,0.6599514091014861,0.2066948339343071,0.6250887982547282,0.0,0.0,0.0,0.0
9300768221,B2_proposed_lambda_0p50,H_sensitive,1.0,False,False,0.019652385264635086,0.6008206605911255,0.21575303375720978,0.22363006323575974,0.03547016531229019,0.14893282905220986,0.16022250503301622,0.18275464698672295,0.24486692249774933,0.2646591767668724,0.2838643079996109,0.06211227551102638,0.134931478947401,0.0,0.0,0.0,0.0
9300800427,B1_baseline,M_sensitive,1.0,False,False,0.0008895810460671782,0.8913331627845764,0.17113637924194336,0.17967773973941803,0.08317935466766357,0.007019788953475654,0.019795646518468858,0.1284392662346363,0.21277717128396034,0.2876882418990135,0.44073286980390547,0.08433790504932404,0.4337130808504298,0.0,0.0,0.0,0.0
9300800427,B1_baseline,H_sensitive,1.0,False,False,0.017145326361060143,0.4575096368789673,0.21921901404857635,0.23063111305236816,0.05341614410281181,0.087575893253088,0.11859334111213685,0.18369168043136597,0.25642137229442596,0.2910452038049698,0.3282816615700722,0.07272969186306,0.2407057683169842,0.0,0.0,0.0,0.0
9300800427,B2_proposed_lambda_0p50,M_sensitive,1.0,False,False,0.0009933140827342868,0.7737277150154114,0.17317521572113037,0.18093256652355194,0.07905060052871704,0.005301727862097323,0.016102687641978263,0.1394927278161049,0.21428558230400085,0.2863166928291321,0.3997167280316354,0.07479285448789597,0.39441500016953807,0.0,0.0,0.0,0.0
9300800427,B2_proposed_lambda_0p50,H_sensitive,1.0,False,False,0.007476783823221922,0.5509172677993774,0.2188943773508072,0.2292104884982109,0.03969297185540199,0.14241184413433075,0.1532279945909977,0.18257735669612885,0.25025448203086853,0.2726015657186508,0.2921059802174568,0.06767712533473969,0.14969413608312607,0.0,0.0,0.0,0.0
9300858338,B1_baseline,M_sensitive,1.0,False,False,0.024944979697465897,0.7221401333808899,0.25596991181373596,0.2303142547607422,0.11646028608083725,0.09408300384879112,0.11604085937142372,0.1674744337797165,0.31446899473667145,0.49891981184482553,0.5977869474887854,0.14699456095695496,0.5037039436399943,0.0,0.0,0.0,0.0
9300858338,B1_baseline,H_sensitive,1.0,False,False,0.030646882951259613,0.5554751753807068,0.23016095161437988,0.23999778926372528,0.07402361184358597,0.08696135208010673,0.10830197185277939,0.1722097024321556,0.2732950896024704,0.3526170521974563,0.4012839376926424,0.10108538717031479,0.3143225856125357,0.0,0.0,0.0,0.0
9300858338,B2_proposed_lambda_0p50,M_sensitive,1.0,False,False,0.005703097674995661,0.7080206871032715,0.2474849969148636,0.23782643675804138,0.08349553495645523,0.08894539535045624,0.129153510928154,0.1884264200925827,0.297072172164917,0.39298718571662894,0.49419305264949887,0.10864575207233429,0.4052476572990426,0.0,0.0,0.0,0.0
9300858338,B2_proposed_lambda_0p50,H_sensitive,1.0,False,False,0.006673431023955345,0.6254860162734985,0.21745258569717407,0.2276122123003006,0.04001752659678459,0.14289565473794938,0.1543203979730606,0.17976251989603043,0.24877433478832245,0.2686765789985657,0.2982203656435013,0.06901181489229202,0.15532471090555192,0.0,0.0,0.0,0.0
9300874275,B1_baseline,M_sensitive,1.0,False,False,0.00029235926922410727,0.38754159212112427,0.058944378048181534,0.04280135780572891,0.04915258288383484,0.004263961724936962,0.00876521784812212,0.01759512349963188,0.08919218182563782,0.16398261487483975,0.1848780447244643,0.07159705832600594,0.18061408299952736,0.0,0.0,0.0,0.0
9300874275,B1_baseline,H_sensitive,1.0,False,False,0.038515277206897736,0.6316765546798706,0.17318734526634216,0.159846231341362,0.06972801685333252,0.05362193077802658,0.07051306962966919,0.11567781120538712,0.23934364318847656,0.2769966006278991,0.31614655494689936,0.12366583198308945,0.2625246241688728,0.0,0.0,0.0,0.0
9300874275,B2_proposed_lambda_0p50,M_sensitive,1.0,False,False,0.0009749230812303722,0.2585104703903198,0.06233031302690506,0.04546113312244415,0.05087598040699959,0.0041444355249404905,0.007106800843030214,0.01712181605398655,0.10247831791639328,0.1567162811756134,0.17551180779933911,0.08535650186240673,0.17136737227439863,0.0,0.0,0.0,0.0
9300874275,B2_proposed_lambda_0p50,H_sensitive,1.0,False,False,0.05036754906177521,0.3966083526611328,0.17571792006492615,0.16711685061454773,0.048071376979351044,0.10160943210124969,0.10709909498691558,0.13551682233810425,0.22255714237689972,0.25417056083679196,0.26835776925086974,0.08704032003879547,0.16674833714962006,0.0,0.0,0.0,0.0
9300907970,B1_baseline,M_sensitive,1.0,False,False,0.00020735652651637793,0.8044271469116211,0.2820063829421997,0.2715408653020859,0.18451371788978577,0.010661091441288592,0.029396039433777332,0.11615666374564171,0.4045068770647049,0.6189144790172576,0.6947310811281204,0.2883502133190632,0.6840699896868319,0.0,0.0,0.0,0.0
9300907970,B1_baseline,H_sensitive,1.0,False,False,0.041933003813028336,0.6886429786682129,0.262224406003952,0.25041820108890533,0.12220367044210434,0.07450879655778408,0.09454239457845688,0.14903347939252853,0.36455174535512924,0.46916441172361373,0.5363841813802719,0.2155182659626007,0.4618753848224878,0.0,0.0,0.0,0.0
9300907970,B2_proposed_lambda_0p50,M_sensitive,1.0,False,False,3.154821024509147e-05,0.7370305061340332,0.31006908416748047,0.3343060463666916,0.16794712841510773,0.010991800269111993,0.03459822926670313,0.15051812678575516,0.4462067186832428,0.5589056372642517,0.6007068091630936,0.29568859189748764,0.5897150088939817,0.0,0.0,2.2797793173620793e-05,0.0
9300907970,B2_proposed_lambda_0p50,H_sensitive,1.0,False,False,0.04603705555200577,0.6443753838539124,0.23661093413829803,0.2330183908343315,0.06804218888282776,0.1412175066769123,0.1544115088880062,0.18066788837313652,0.2628130167722702,0.3838532611727714,0.4446664792299271,0.08214512839913368,0.3034489725530148,0.0,0.0,0.0,0.0
9300938876-1,B1_baseline,M_sensitive,1.0,False,False,0.02660094015300274,0.8151900172233582,0.25134479999542236,0.20432999730110168,0.13260164856910706,0.08609419018030166,0.11279585361480712,0.15420843660831451,0.32628411054611206,0.5226976275444032,0.6670815014839173,0.17207567393779755,0.5809873113036157,0.0,0.0,0.0,0.0
9300938876-1,B1_baseline,H_sensitive,1.0,False,False,0.0387587770819664,0.9088605046272278,0.21819661557674408,0.22597742080688477,0.06673915684223175,0.0924572667479515,0.11159392297267913,0.1757565140724182,0.2571277618408203,0.2946082055568695,0.3691639316082006,0.0813712477684021,0.2767066648602491,0.0,0.0,0.0,0.0
9300938876-1,B2_proposed_lambda_0p50,M_sensitive,1.0,False,False,0.0011504567228257656,0.8497433662414551,0.28693681955337524,0.24874630570411682,0.14129839837551117,0.08622181981801987,0.12125766575336457,0.17359082400798798,0.376498818397522,0.5746210575103761,0.687436034679413,0.202907994389534,0.6012142148613931,0.0,0.0,0.0,0.0
9300938876-1,B2_proposed_lambda_0p50,H_sensitive,1.0,False,False,0.014904375188052654,0.6223302483558655,0.2304074466228485,0.24010083079338074,0.03722071275115013,0.1572687292098999,0.16862949430942537,0.19786684215068817,0.2574918270111084,0.28150179982185364,0.2999248313903809,0.05962498486042023,0.142656102180481,0.0,0.0,0.0,0.0
9300980658,B1_baseline,M_sensitive,1.0,False,False,0.00014897128858137876,0.7577852010726929,0.2947227954864502,0.3137754797935486,0.1105961948633194,0.009380298778414725,0.06778491064906121,0.24157315492630005,0.36080148816108704,0.4541652202606201,0.5430793845653534,0.11922833323478699,0.5336990857869387,0.0,0.0,0.0,0.0
9300980658,B1_baseline,H_sensitive,1.0,False,False,0.06497598439455032,0.7752165794372559,0.22942200303077698,0.2382768839597702,0.05673063546419144,0.10347776830196381,0.13574530184268951,0.19055035710334778,0.2624931186437607,0.3086576879024505,0.35252402424812335,0.0719427615404129,0.24904625594615953,0.0,0.0,0.0,0.0
9300980658,B2_proposed_lambda_0p50,M_sensitive,1.0,False,False,3.347021993249655e-05,0.8095301389694214,0.3052317798137665,0.3194778263568878,0.10240275412797928,0.007901253439486026,0.05750465616583825,0.27024605870246887,0.3710184246301651,0.4340605974197388,0.4930450934171678,0.10077236592769623,0.4851438399776818,0.0,0.0,4.223811313900986e-05,0.0
9300980658,B2_proposed_lambda_0p50,H_sensitive,1.0,False,False,0.02577803283929825,0.7002605199813843,0.22373920679092407,0.22936157882213593,0.04328351467847824,0.14519065529108047,0.1565556302666664,0.18384124338626862,0.2554168701171875,0.29654094278812404,0.3197123938798905,0.07157562673091888,0.17452173858881,0.0,0.0,0.0,0.0
9301000063,B1_baseline,M_sensitive,1.0,False,False,0.00431007519364357,0.7779474258422852,0.22058212757110596,0.22200759500265121,0.08489764481782913,0.0690033894777298,0.0916645921766758,0.1612088643014431,0.2662748470902443,0.35381077527999877,0.4955704241991044,0.1050659827888012,0.4265670347213746,0.0,0.0,0.0,0.0
9301000063,B1_baseline,H_sensitive,1.0,False,False,0.062096886336803436,0.5397542715072632,0.21968607604503632,0.2261415496468544,0.053169216960668564,0.09952420949935913,0.12645632028579712,0.1810460388660431,0.2606709450483322,0.29313843399286266,0.3203718045353893,0.07962490618228912,0.2208475950360302,0.0,0.0,0.0,0.0
9301000063,B2_proposed_lambda_0p50,M_sensitive,1.0,False,False,0.002245793817564845,0.7789157032966614,0.23637135326862335,0.2376181036233902,0.08263572305440903,0.06761600680649281,0.10253119841217995,0.18325844034552574,0.2823607996106148,0.36806540638208385,0.48217508345842364,0.09910235926508904,0.4145590766519308,0.0,0.0,0.0,0.0
9301000063,B2_proposed_lambda_0p50,H_sensitive,1.0,False,False,0.032054539769887924,0.538963794708252,0.233385369181633,0.24039620161056519,0.03996741399168968,0.1524629081785679,0.16698348000645638,0.19879985600709915,0.26413414627313614,0.2905090555548667,0.30372194081544884,0.06533429026603699,0.15125903263688095,0.0,0.0,0.0,0.0
9301001640,B1_baseline,M_sensitive,1.0,False,False,0.003868033178150654,0.759269118309021,0.2354094535112381,0.20294617116451263,0.11714089661836624,0.06537613317370415,0.09580685496330262,0.148201085627079,0.30266983807086945,0.47818103134632106,0.5810732758045195,0.15446875244379044,0.5156971426308153,0.0,0.0,0.0,0.0
9301001640,B1_baseline,H_sensitive,1.0,False,False,0.013132737018167973,0.7895419001579285,0.23088404536247253,0.23448680341243744,0.07107105106115341,0.09260189175605774,0.12309264838695526,0.18402856588363647,0.2654072642326355,0.34388909935951206,0.42345353007316544,0.08137869834899902,0.33085163831710773,0.0,0.0,0.0,0.0
9301001640,B2_proposed_lambda_0p50,M_sensitive,1.0,False,False,0.0008212190587073565,0.783920407295227,0.25018951296806335,0.2412395179271698,0.10066783428192139,0.06655044600367546,0.10942889228463173,0.17484474182128906,0.30986377596855164,0.4335055619478225,0.5518556213378903,0.13501903414726257,0.4853051753342149,0.0,0.0,0.0,0.0
9301001640,B2_proposed_lambda_0p50,H_sensitive,1.0,False,False,0.016573697328567505,0.634160578250885,0.22462540864944458,0.23450008034706116,0.036793582141399384,0.1525934585928917,0.16539163887500763,0.19138088822364807,0.25336727499961853,0.2714313060045242,0.29837252676486964,0.06198638677597046,0.14577906817197794,0.0,0.0,0.0,0.0
9301027515,B1_baseline,M_sensitive,1.0,False,False,0.008466052822768688,0.8286836743354797,0.2943030595779419,0.25245724618434906,0.1388552486896515,0.10629278548061848,0.1440863937139511,0.18999793753027916,0.35730481147766113,0.5870368659496307,0.681890285611152,0.16730687394738197,0.5755975001305335,0.0,0.0,0.0,0.0
9301027515,B1_baseline,H_sensitive,1.0,False,False,0.026270469650626183,0.6303697228431702,0.2714042067527771,0.26048046350479126,0.09679598361253738,0.10306982152163982,0.12228408828377724,0.1903667189180851,0.3586787134408951,0.4251550018787384,0.45953800976276393,0.16831199452280998,0.35646818824112414,0.0,0.0,0.0,0.0
9301027515,B2_proposed_lambda_0p50,M_sensitive,1.0,False,False,0.00035784937790594995,0.8250855207443237,0.29926159977912903,0.2809273898601532,0.1203923150897026,0.07737436577677727,0.1418288066983223,0.2011377401649952,0.3836526423692703,0.5165906846523285,0.6164491117000577,0.18251490220427513,0.5390747459232804,0.0,0.0,0.0,0.0
9301027515,B2_proposed_lambda_0p50,H_sensitive,1.0,False,False,0.02275235764682293,0.7417241334915161,0.23004917800426483,0.23395054787397385,0.046830229461193085,0.15425071388483047,0.1629694454371929,0.18617774546146393,0.25756555795669556,0.314757153391838,0.34808369308710096,0.07138781249523163,0.1938329792022705,0.0,0.0,0.0,0.0
9301078546,B1_baseline,M_sensitive,1.0,False,False,0.009091749787330627,0.7279485464096069,0.2539203464984894,0.24650809168815613,0.10433357208967209,0.05388069644570351,0.09890143871307373,0.17624619603157043,0.32092973589897156,0.44242038726806654,0.5395342588424684,0.14468353986740112,0.48565356239676494,0.0,0.0,0.0,0.0
9301078546,B1_baseline,H_sensitive,1.0,False,False,0.06650829315185547,0.5396474003791809,0.2275366485118866,0.23478560149669647,0.07403909415006638,0.08239049524068832,0.10783819407224655,0.16794992983341217,0.2732991576194763,0.34926035404205324,0.41441596150398263,0.10534922778606415,0.3320254662632943,0.0,0.0,0.0,0.0
9301078546,B2_proposed_lambda_0p50,M_sensitive,1.0,False,False,0.001813411246985197,0.6113200187683105,0.271318644285202,0.2926788926124573,0.08342795819044113,0.050673787891864774,0.09607924818992615,0.22567099332809448,0.3292274475097656,0.3755893647670746,0.4165257024765016,0.10355645418167114,0.36585191458463684,0.0,0.0,0.0,0.0
9301078546,B2_proposed_lambda_0p50,H_sensitive,1.0,False,False,0.010202893055975437,0.7204961776733398,0.22770868241786957,0.23841550946235657,0.043197911232709885,0.15250328779220582,0.16234959959983825,0.1841743439435959,0.2568378448486328,0.29205034375190736,0.34364803075790407,0.07266350090503693,0.19114474296569825,0.0,0.0,0.0,0.0
9301127865,B1_baseline,M_sensitive,1.0,False,False,3.0328553179970186e-07,0.7792749404907227,0.2323814481496811,0.21930043399333954,0.09773728996515274,0.06050509065389634,0.09937240183353424,0.15990470349788666,0.2916388511657715,0.413316547870636,0.5232713460922237,0.13173414766788483,0.4627662554383274,0.0,0.0,3.7644250677247956e-05,0.0
9301127865,B1_baseline,H_sensitive,1.0,False,False,0.08559688925743103,0.671252965927124,0.2323661744594574,0.2370276004076004,0.06523673236370087,0.11238434165716171,0.13453589379787445,0.17967286705970764,0.26751017570495605,0.3513551354408264,0.404889905452728,0.08783730864524841,0.2925055637955663,0.0,0.0,0.0,0.0
9301127865,B2_proposed_lambda_0p50,M_sensitive,1.0,False,False,8.477279038743291e-07,0.7574480175971985,0.2448919266462326,0.24683980643749237,0.07751724869012833,0.06262367814779282,0.11910973489284515,0.19227024912834167,0.29775935411453247,0.36224645376205444,0.4321036398410797,0.1054891049861908,0.3694799616932869,0.0,0.0,3.2067324650989e-05,0.0
9301127865,B2_proposed_lambda_0p50,H_sensitive,1.0,False,False,0.025962578132748604,0.5383495688438416,0.22243919968605042,0.23061540722846985,0.037884894758462906,0.15438299775123596,0.1629311442375183,0.18602389097213745,0.2542854845523834,0.27328991889953613,0.2933208405971527,0.06826159358024597,0.13893784284591673,0.0,0.0,0.0,0.0
9301133685,B1_baseline,M_sensitive,1.0,False,False,0.0002665220818016678,0.7997080683708191,0.24669118225574493,0.2013908550143242,0.14228960871696472,0.058011410981416704,0.09391788095235824,0.14077560231089592,0.31663715839385986,0.5612419247627258,0.6740583181381221,0.17586155608296394,0.6160469071567054,0.0,0.0,0.0,0.0
9301133685,B1_baseline,H_sensitive,1.0,False,False,0.03730262443423271,0.9566751718521118,0.25630682706832886,0.2447962686419487,0.09470696747303009,0.10371720433235168,0.1239361047744751,0.18771883100271225,0.31666773557662964,0.41642577797174457,0.5245270222425457,0.1289489045739174,0.420809817910194,0.0,0.0,0.0,0.0
9301133685,B2_proposed_lambda_0p50,M_sensitive,1.0,False,False,5.453250651044073e-06,0.7624964714050293,0.25446757674217224,0.23923207074403763,0.12051624804735184,0.042117463797330855,0.09300184547901154,0.15929359197616577,0.321555957198143,0.4897219628095627,0.5828989225625988,0.16226236522197723,0.540781458765268,0.0,0.0,3.75767761858889e-05,0.0
9301133685,B2_proposed_lambda_0p50,H_sensitive,1.0,False,False,0.028843384236097336,0.7231301665306091,0.22806863486766815,0.23553767055273056,0.04257895052433014,0.1485711833834648,0.16212085261940956,0.19106052443385124,0.2574049308896065,0.28808041214942937,0.33524063944816584,0.06634440645575523,0.18666945606470103,0.0,0.0,0.0,0.0
9301147034,B1_baseline,M_sensitive,1.0,False,False,0.001592822838574648,0.8364465832710266,0.31402602791786194,0.3313515782356262,0.12898699939250946,0.04861038774251938,0.09566198289394379,0.21462658792734146,0.3899165540933609,0.52855384349823,0.6427131533622752,0.17528996616601944,0.5941027656197558,0.0,0.0,0.0,0.0
9301147034,B1_baseline,H_sensitive,1.0,False,False,0.0460207536816597,0.8497462272644043,0.22699180245399475,0.23690518736839294,0.06268354505300522,0.10637983307242393,0.12842094153165817,0.18129199743270874,0.2656286507844925,0.31512756645679474,0.36012872755527503,0.08433665335178375,0.2537488944828511,0.0,0.0,0.0,0.0
9301147034,B2_proposed_lambda_0p50,M_sensitive,1.0,False,False,0.00020663219038397074,0.869391143321991,0.3357904255390167,0.36182501912117004,0.11643078178167343,0.04271437525749207,0.11044107005000114,0.2634820342063904,0.4132898300886154,0.49507977068424225,0.5601943969726564,0.14980779588222504,0.5174800217151643,0.0,0.0,0.0,0.0
9301147034,B2_proposed_lambda_0p50,H_sensitive,1.0,False,False,0.005581079050898552,0.6313321590423584,0.22051899135112762,0.23101460933685303,0.038383081555366516,0.14510922282934188,0.15646227449178696,0.1859649047255516,0.24944786727428436,0.273115873336792,0.285803258419037,0.06348296254873276,0.1406940355896951,0.0,0.0,0.0,0.0
9301159257,B1_baseline,M_sensitive,1.0,False,False,0.0045227776281535625,0.788486659526825,0.21967336535453796,0.19006766378879547,0.15397055447101593,0.019760432317852974,0.03284725844860077,0.09307089447975159,0.3117661774158478,0.5286553978919982,0.6560282993316651,0.2186952829360962,0.6362678670138121,0.0,0.0,0.0,0.0
9301159257,B1_baseline,H_sensitive,1.0,False,False,0.060900576412677765,0.7925066947937012,0.2366151213645935,0.23356766998767853,0.08618726581335068,0.08974464684724807,0.11375795304775238,0.1798838973045349,0.27274855971336365,0.3843523144721984,0.5243818783760072,0.09286466240882874,0.43463723152875916,0.0,0.0,0.0,0.0
9301159257,B2_proposed_lambda_0p50,M_sensitive,1.0,False,False,0.002972010290250182,0.8117756843566895,0.21961313486099243,0.21183383464813232,0.13378071784973145,0.015086873956024647,0.031242334470152854,0.11083666235208511,0.30300429463386536,0.4604594886302948,0.6013463473320012,0.19216763228178024,0.5862594733759766,0.0,0.0,0.0,0.0
9301159257,B2_proposed_lambda_0p50,H_sensitive,1.0,False,False,0.04802562668919563,0.5850589871406555,0.21959495544433594,0.22893179953098297,0.042355217039585114,0.13782532751560211,0.15511271059513093,0.1824169158935547,0.2490837275981903,0.2732201814651489,0.3140922689437866,0.06666681170463562,0.1762669414281845,0.0,0.0,0.0,0.0
9301197860,B1_baseline,M_sensitive,1.0,False,False,1.4919616660336033e-05,0.8251553773880005,0.2616419196128845,0.22778403759002686,0.13733072578907013,0.05349345706403256,0.09570381417870522,0.15715787559747696,0.3372112736105919,0.5398558080196378,0.6375967532396316,0.18005339801311493,0.5841032961755991,0.0,0.0,4.7931285708807855e-05,0.0
9301197860,B1_baseline,H_sensitive,1.0,False,False,0.07395759224891663,0.6879873871803284,0.27368104457855225,0.26720716059207916,0.09577582776546478,0.09560524165630341,0.12277772761881352,0.19468584656715393,0.34714867919683456,0.43529768884181974,0.47302748918533327,0.15246283262968063,0.37742224752902986,0.0,0.0,0.0,0.0
9301197860,B2_proposed_lambda_0p50,M_sensitive,1.0,False,False,2.1358817321015522e-05,0.7724897265434265,0.2593700885772705,0.2618601769208908,0.09529123455286026,0.038243894428014756,0.09876078888773919,0.19986699149012566,0.3147942051291466,0.4100157469511031,0.5351556473970414,0.11492721363902092,0.4969117529690266,0.0,0.0,1.9172514283523142e-05,0.0
9301197860,B2_proposed_lambda_0p50,H_sensitive,1.0,False,False,0.02531060390174389,0.6597771644592285,0.2309199720621109,0.24106328189373016,0.03857611119747162,0.15513903707265855,0.16756701469421387,0.19577746093273163,0.258845716714859,0.28776760846376415,0.3090159198641777,0.06306825578212738,0.15387688279151915,0.0,0.0,0.0,0.0
A000010548,B1_baseline,M_sensitive,1.0,False,False,0.009158696047961712,0.7773754596710205,0.2682182192802429,0.2508286237716675,0.09720464050769806,0.10951552420854568,0.14245751202106477,0.2023438960313797,0.31837189197540283,0.4560553669929502,0.5973653411865234,0.11602799594402313,0.4878498169779777,0.0,0.0,0.0,0.0
A000010548,B1_baseline,H_sensitive,1.0,False,False,0.015832524746656418,0.6760984063148499,0.2251579612493515,0.23412790894508362,0.05928787589073181,0.0973717725276947,0.12531100809574128,0.18518085777759552,0.26136499643325806,0.30697765350341794,0.3645793128013611,0.07618413865566254,0.2672075402736664,0.0,0.0,0.0,0.0
A000010548,B2_proposed_lambda_0p50,M_sensitive,1.0,False,False,0.0017690274398773909,0.7987009882926941,0.303947389125824,0.2925788164138794,0.09301647543907166,0.12164454102516174,0.17108241617679595,0.24289853870868683,0.35302257537841797,0.4753736913204192,0.5808832931518555,0.11012403666973114,0.45923875212669374,0.0,0.0,0.0,0.0
A000010548,B2_proposed_lambda_0p50,H_sensitive,1.0,False,False,0.0038780460599809885,0.58511883020401,0.22477136552333832,0.2341531217098236,0.03577538952231407,0.15813715994358063,0.1681155264377594,0.19131742417812347,0.2536604404449463,0.27177775502204893,0.28376656413078305,0.062343016266822815,0.12562940418720242,0.0,0.0,0.0,0.0
A000104693,B1_baseline,M_sensitive,1.0,False,False,0.000803258444648236,0.7756316065788269,0.21069402992725372,0.18006402999162674,0.10062317550182343,0.05874700281769037,0.09941688850522042,0.14019960537552834,0.2656948044896126,0.4019641235470769,0.5600986397266395,0.12549519911408424,0.5013516369089491,0.0,0.0,0.0,0.0
A000104693,B1_baseline,H_sensitive,1.0,False,False,0.03161843866109848,0.545911967754364,0.21274559199810028,0.2250376120209694,0.05884332209825516,0.09142641365528106,0.11552332825958729,0.1654479093849659,0.2523355409502983,0.29991415143013,0.3535593152046206,0.08688763156533241,0.26213290154933955,0.0,0.0,0.0,0.0
A000104693,B2_proposed_lambda_0p50,M_sensitive,1.0,False,False,0.0005240169120952487,0.8084902167320251,0.2311856746673584,0.21698922663927078,0.0915781706571579,0.05631474256515503,0.10608846060931683,0.1711224801838398,0.2827715054154396,0.3880081564188001,0.5243178492784506,0.11164902523159981,0.4680031067132956,0.0,0.0,0.0,0.0
A000104693,B2_proposed_lambda_0p50,H_sensitive,1.0,False,False,0.03286651521921158,0.6494396328926086,0.22253258526325226,0.23269040882587433,0.03618161380290985,0.15641094550490378,0.1654072344303131,0.18677181750535965,0.25167877972126007,0.2713773503899574,0.2799846169352531,0.06490696221590042,0.12357367143034934,0.0,0.0,0.0,0.0
A000119489,B1_baseline,M_sensitive,1.0,False,False,0.006987094879150391,0.7766069173812866,0.1892291158437729,0.17777571082115173,0.10134944319725037,0.024988942369818686,0.055334106832742695,0.10923155210912228,0.2527942955493927,0.35599256753921493,0.4990862071514134,0.14356274344027042,0.4740972647815947,0.0,0.0,0.0,0.0
A000119489,B1_baseline,H_sensitive,1.0,False,False,0.0534888356924057,0.6123769879341125,0.21155498921871185,0.22221141308546066,0.05582132190465927,0.09566373258829117,0.11589695177972317,0.1672666184604168,0.2523796260356903,0.28680591732263566,0.3384320986270905,0.08511300757527351,0.24276836603879934,0.0,0.0,0.0,0.0
A000119489,B2_proposed_lambda_0p50,M_sensitive,1.0,False,False,0.0006375095108523965,0.8025593757629395,0.19214658439159393,0.1895921677350998,0.09561389684677124,0.021094933897256852,0.049174296669662,0.11951069161295891,0.2533193454146385,0.3448619708418845,0.4859815493226051,0.1338086538016796,0.46488661542534826,0.0,0.0,0.0,0.0
A000119489,B2_proposed_lambda_0p50,H_sensitive,1.0,False,False,0.04163658246397972,0.5928266048431396,0.2150404453277588,0.2252768650650978,0.0376238115131855,0.1460193084180355,0.15756455287337304,0.17810304835438728,0.24646492302417755,0.26527431309223176,0.2885926434397698,0.06836187466979027,0.1425733350217343,0.0,0.0,0.0,0.0
A000137479,B1_baseline,M_sensitive,1.0,False,False,0.00663440627977252,0.8099480867385864,0.20020242035388947,0.18863913416862488,0.07820840179920197,0.057181650027632716,0.10398728027939796,0.15243014693260193,0.23204238712787628,0.3314344137907028,0.4928236544132236,0.07961224019527435,0.4356420043855909,0.0,0.0,0.0,0.0
A000137479,B1_baseline,H_sensitive,1.0,False,False,0.07410206645727158,0.9153563976287842,0.224948450922966,0.22780589759349823,0.06841316819190979,0.10028353109955788,0.12139920517802238,0.1806652471423149,0.26144059002399445,0.3290111720561981,0.4508191466331487,0.08077534288167953,0.3505356155335908,0.0,0.0,0.0,0.0
A000137479,B2_proposed_lambda_0p50,M_sensitive,1.0,False,False,0.0002878754457924515,0.8369359970092773,0.2197672724723816,0.202458918094635,0.08697226643562317,0.05902516804635525,0.11424583569169044,0.16702722758054733,0.253776952624321,0.38356851041316986,0.5321128129959107,0.08674972504377365,0.47308764494955546,0.0,0.0,0.0,0.0
A000137479,B2_proposed_lambda_0p50,H_sensitive,1.0,False,False,0.00015505243209190667,0.7298290729522705,0.24439449608325958,0.24803097546100616,0.04928668215870857,0.15385116040706634,0.16748011112213135,0.20596790313720703,0.2744513005018234,0.32476185262203217,0.36532548666000364,0.0684833973646164,0.2114743262529373,0.0,0.0,0.0,0.0
A000181243-1,B1_baseline,M_sensitive,1.0,False,False,0.02006611041724682,0.8223705291748047,0.21071134507656097,0.18291690945625305,0.10119788348674774,0.08018257200717926,0.1027210533618927,0.14355377852916718,0.2563110291957855,0.3825859606266021,0.6196840882301314,0.11275725066661835,0.5395015162229522,0.0,0.0,0.0,0.0
A000181243-1,B1_baseline,H_sensitive,1.0,False,False,0.050769589841365814,0.8501279950141907,0.22451575100421906,0.23054896295070648,0.06333538889884949,0.10780954420566559,0.13424316942691802,0.18289779126644135,0.2562384009361267,0.2977830052375793,0.4254281246662116,0.07334060966968536,0.31761858046054603,0.0,0.0,0.0,0.0
A000181243-1,B2_proposed_lambda_0p50,M_sensitive,1.0,False,False,0.0004229112237226218,0.8292842507362366,0.22763361036777496,0.1959136724472046,0.10966039448976517,0.06969132393598557,0.1041928768157959,0.14495347440242767,0.29273533821105957,0.4274189829826355,0.5912686347961423,0.1477818638086319,0.5215773108601568,0.0,0.0,0.0,0.0
A000181243-1,B2_proposed_lambda_0p50,H_sensitive,1.0,False,False,0.04435676336288452,0.6082557439804077,0.22223109006881714,0.2290981411933899,0.035865094512701035,0.15314493715763092,0.16571724712848662,0.18961931765079498,0.25018957257270813,0.2722879648208618,0.29144706130027764,0.06057025492191315,0.13830212414264673,0.0,0.0,0.0,0.0
A000184787,B1_baseline,M_sensitive,1.0,False,False,0.008955242112278938,0.8050959706306458,0.20740613341331482,0.1909245252609253,0.10034309327602386,0.040301377959549425,0.0728463999927044,0.13650010153651237,0.26268456131219864,0.3948592856526375,0.537674876451492,0.12618445977568626,0.4973734984919426,0.0,0.0,0.0,0.0
A000184787,B1_baseline,H_sensitive,1.0,False,False,0.0262741781771183,0.8055845499038696,0.23409900069236755,0.233226977288723,0.08163468539714813,0.10075259208679199,0.11770444437861442,0.17266706749796867,0.27562417834997177,0.38073709309101106,0.4493744161725044,0.1029571108520031,0.3486218240857124,0.0,0.0,0.0,0.0
A000184787,B2_proposed_lambda_0p50,M_sensitive,1.0,False,False,0.004619151819497347,0.709831953048706,0.22958806157112122,0.23651373386383057,0.0813244879245758,0.05525317598134279,0.0909919947385788,0.1709592267870903,0.28335296362638474,0.35747856050729754,0.43800199300050724,0.11239373683929443,0.38274881701916447,0.0,0.0,0.0,0.0
A000184787,B2_proposed_lambda_0p50,H_sensitive,1.0,False,False,0.018289441242814064,0.7417461276054382,0.2266843318939209,0.23231691867113113,0.04528561979532242,0.15102387860417366,0.1624995842576027,0.1857369914650917,0.25562119483947754,0.3108485296368599,0.34951638340949986,0.06988420337438583,0.1984925048053262,0.0,0.0,0.0,0.0
A000222758,B1_baseline,M_sensitive,1.0,False,False,1.768232323229313e-05,0.7600496411323547,0.27815863490104675,0.26024946570396423,0.14592492580413818,0.014816497825086117,0.0636155903339386,0.1656280905008316,0.37263888865709305,0.5423150360584259,0.6034181326627729,0.20701079815626144,0.5886016348376868,0.0,0.0,3.4927176836296324e-05,0.0
A000222758,B1_baseline,H_sensitive,1.0,False,False,0.05813175067305565,0.7421543002128601,0.24895192682743073,0.23987825959920883,0.0872599184513092,0.09907929077744485,0.12327609769999981,0.1834583766758442,0.3109201118350029,0.3920583724975586,0.4407532230019569,0.1274617351591587,0.34167393222451203,0.0,0.0,0.0,0.0
A000222758,B2_proposed_lambda_0p50,M_sensitive,1.0,False,False,8.358771879102278e-07,0.7402474284172058,0.2926172614097595,0.3074922561645508,0.11725421994924545,0.012840593280270696,0.06476357020437717,0.22053875029087067,0.37042514979839325,0.4687066152691841,0.5339916467666622,0.14988639950752258,0.5211510534863916,0.0,0.0,0.00023374341421213694,0.0
A000222758,B2_proposed_lambda_0p50,H_sensitive,1.0,False,False,0.056796133518218994,0.660530686378479,0.2278740555047989,0.24047493934631348,0.03779248520731926,0.15381724014878273,0.16459694504737854,0.19272077456116676,0.25638391822576523,0.27390026301145554,0.30063390135765056,0.06366314366459846,0.14681666120886783,0.0,0.0,0.0,0.0
A000247949,B1_baseline,M_sensitive,1.0,False,False,1.6219801182160154e-05,0.7155843377113342,0.29239094257354736,0.2711605429649353,0.12659379839897156,0.06288824573159219,0.13422645330429078,0.1949818953871727,0.36257659643888474,0.5559725701808929,0.6136359602212906,0.16759470105171204,0.5507477144896984,0.0,0.0,0.00019818425473282876,0.0
A000247949,B1_baseline,H_sensitive,1.0,False,False,0.06376989185810089,0.7202364802360535,0.2551770806312561,0.25283126533031464,0.06569334119558334,0.12846944957971573,0.15199277326464652,0.21066823229193687,0.2918018102645874,0.37307059019804,0.398661796450615,0.08113357797265053,0.27019234687089927,0.0,0.0,0.0,0.0
A000247949,B2_proposed_lambda_0p50,M_sensitive,1.0,False,False,7.80581740400521e-06,0.720157265663147,0.3039505183696747,0.29818327724933624,0.10096320509910583,0.05661666672676802,0.14268631339073182,0.2404741495847702,0.3691394031047821,0.47235922217369075,0.5553511273860933,0.1286652535200119,0.49873446065932525,0.0,0.0,0.00017391679496962524,0.0
A000247949,B2_proposed_lambda_0p50,H_sensitive,1.0,False,False,0.08020218461751938,0.9164573550224304,0.22363968193531036,0.23167172819375992,0.0374983549118042,0.15183486372232438,0.1637683741748333,0.19208145514130592,0.2507757693529129,0.2724223732948303,0.28547625958919554,0.05869431421160698,0.13364139586687115,0.0,0.0,0.0,0.0
A000267871,B1_baseline,M_sensitive,1.0,False,False,0.03152136132121086,0.7369076013565063,0.20357517898082733,0.1839677169919014,0.086431585252285,0.07446288168430329,0.10181054286658764,0.1431455835700035,0.2452869415283203,0.3659456595778465,0.5122908681631083,0.1021413579583168,0.43782798647880505,0.0,0.0,0.0,0.0
A000267871,B1_baseline,H_sensitive,1.0,False,False,0.06251290440559387,0.7112833857536316,0.229044109582901,0.24011819809675217,0.06105487421154976,0.11142807751893997,0.13054091483354568,0.18263140320777893,0.2663479596376419,0.3147488757967949,0.390847435593605,0.08371655642986298,0.27941935807466506,0.0,0.0,0.0,0.0
A000267871,B2_proposed_lambda_0p50,M_sensitive,1.0,False,False,0.00022607477148994803,0.7762050032615662,0.19520975649356842,0.18712783604860306,0.06973422318696976,0.06383902728557588,0.10020109079778194,0.1456751637160778,0.23532883822917938,0.31904878467321396,0.40217789709567975,0.08965367451310158,0.33833886981010386,0.0,0.0,0.0,0.0
A000267871,B2_proposed_lambda_0p50,H_sensitive,1.0,False,False,0.005560284946113825,0.5793784856796265,0.22543686628341675,0.2338864803314209,0.042973704636096954,0.1437087580561638,0.1527821272611618,0.19040026515722275,0.256595142185688,0.2894945964217186,0.32161524444818496,0.06619487702846527,0.17790648639202117,0.0,0.0,0.0,0.0
A000275458,B1_baseline,M_sensitive,1.0,False,False,0.026882844045758247,0.6560937166213989,0.22843201458454132,0.20106321573257446,0.0911269560456276,0.0927322381734848,0.11726626753807068,0.1709064468741417,0.27022211253643036,0.4218307524919508,0.5153511703014373,0.09931566566228867,0.4226189321279525,0.0,0.0,0.0,0.0
A000275458,B1_baseline,H_sensitive,1.0,False,False,0.10556191205978394,0.7803057432174683,0.2509995996952057,0.2537882924079895,0.07704146206378937,0.12153853103518486,0.14047137945890426,0.19306021928787231,0.28419336676597595,0.37169829607009885,0.4600172531604766,0.09113314747810364,0.33847872212529173,0.0,0.0,0.0,0.0
A000275458,B2_proposed_lambda_0p50,M_sensitive,1.0,False,False,0.0076586236245930195,0.4660157561302185,0.1982477903366089,0.19590945541858673,0.05998530983924866,0.07421283513307571,0.10269046947360039,0.15907619893550873,0.23869569599628448,0.29522959291934964,0.3443674886226652,0.07961949706077576,0.2701546534895895,0.0,0.0,0.0,0.0
A000275458,B2_proposed_lambda_0p50,H_sensitive,1.0,False,False,0.036202967166900635,0.6128090023994446,0.22132669389247894,0.2297353744506836,0.03660675510764122,0.1520327475667,0.16149874329566954,0.1881340816617012,0.2507438361644745,0.26820970177650444,0.29641284525394435,0.06260975450277328,0.14438009768724436,0.0,0.0,0.0,0.0
A000289791,B1_baseline,M_sensitive,1.0,False,False,0.01749878190457821,0.6391200423240662,0.2033405750989914,0.19002214074134827,0.10011976957321167,0.0506324003636837,0.06852677464485168,0.1224561408162117,0.2723905146121979,0.379105138778686,0.49607018947601283,0.14993437379598618,0.4454377891123291,0.0,0.0,0.0,0.0
A000289791,B1_baseline,H_sensitive,1.0,False,False,0.059925902634859085,0.9163227081298828,0.2128734588623047,0.22819703817367554,0.06660182774066925,0.09083292037248611,0.11049623489379883,0.15902328491210938,0.25617238879203796,0.2896807193756103,0.34944121837615644,0.09714910387992859,0.25860829800367036,0.0,0.0,0.0,0.0
A000289791,B2_proposed_lambda_0p50,M_sensitive,1.0,False,False,0.0032147953752428293,0.6014879941940308,0.20695602893829346,0.20669375360012054,0.09593530744314194,0.03592511221766472,0.05738893747329712,0.1313851773738861,0.27063268423080444,0.369048398733139,0.42399797797203026,0.13924750685691833,0.38807286575436556,0.0,0.0,0.0,0.0
A000289791,B2_proposed_lambda_0p50,H_sensitive,1.0,False,False,0.03961297124624252,0.5990976095199585,0.21693885326385498,0.2261565625667572,0.04198049381375313,0.14306256353855132,0.15465130805969238,0.17555849254131317,0.24893149733543396,0.2741690874099731,0.3007625114917755,0.07337300479412079,0.1576999479532242,0.0,0.0,0.0,0.0
A000314982,B1_baseline,M_sensitive,1.0,False,False,1.2387939932523295e-05,0.8605290055274963,0.2161480188369751,0.18122249841690063,0.1214379221200943,0.016300419941544537,0.08287159539759159,0.13139740377664566,0.2777288407087326,0.4647009879350662,0.6152035260200504,0.14633143693208694,0.5989031060785058,0.0,0.0,1.1268847146853112e-05,0.0
A000314982,B1_baseline,H_sensitive,1.0,False,False,0.08468111604452133,0.8400009274482727,0.23028583824634552,0.22200731188058853,0.07804454118013382,0.1144827026873827,0.13208963051438333,0.17226197943091393,0.2672940865159035,0.37227867394685726,0.44844689667224885,0.09503210708498955,0.33396419398486615,0.0,0.0,0.0,0.0
A000314982,B2_proposed_lambda_0p50,M_sensitive,1.0,False,False,1.4317676686914638e-05,0.8285760283470154,0.23913949728012085,0.21289747208356857,0.11234188824892044,0.014460173659026625,0.09859929084777833,0.15498576313257217,0.32161035388708115,0.43004855066537856,0.5482729583978653,0.16662459075450897,0.5338127847388386,0.0,0.0,1.3773035401709359e-05,0.0
A000314982,B2_proposed_lambda_0p50,H_sensitive,1.0,False,False,0.09937383234500885,0.6608992218971252,0.22457629442214966,0.23204122483730316,0.03746267035603523,0.15631452068686486,0.16655650734901428,0.19034601002931595,0.2531452775001526,0.2737956538796425,0.2959370681643486,0.06279926747083664,0.13962254747748376,0.0,0.0,0.0,0.0
A000327597,B1_baseline,M_sensitive,1.0,False,False,0.013020575046539307,0.6958797574043274,0.2346661537885666,0.22078937292099,0.0828729122877121,0.072534721493721,0.12856674194335938,0.17942504584789276,0.2804555892944336,0.3778869569301605,0.5185739493370056,0.10103054344654083,0.44603922784328465,0.0,0.0,0.0,0.0
A000327597,B1_baseline,H_sensitive,1.0,False,False,0.07623322308063507,0.6248248815536499,0.23655185103416443,0.24439191818237305,0.058896612375974655,0.11903877049684525,0.14059741497039796,0.19771920144557953,0.2672307789325714,0.31611455678939815,0.43355333685874936,0.06951157748699188,0.3145145663619041,0.0,0.0,0.0,0.0
A000327597,B2_proposed_lambda_0p50,M_sensitive,1.0,False,False,0.001297680544666946,0.5717558264732361,0.22297336161136627,0.21404311060905457,0.06459563225507736,0.06679786086082459,0.1326739251613617,0.1799873262643814,0.2609984874725342,0.3436744391918181,0.38668494343757626,0.08101116120815277,0.3198870825767517,0.0,0.0,0.0,0.0
A000327597,B2_proposed_lambda_0p50,H_sensitive,1.0,False,False,0.057070545852184296,0.5694531202316284,0.2191845327615738,0.22551245987415314,0.03620833531022072,0.14901597023010255,0.15991267263889314,0.1869831085205078,0.2463870495557785,0.2684084355831146,0.2915755498409271,0.05940394103527069,0.14255957961082455,0.0,0.0,0.0,0.0
A000330769,B1_baseline,M_sensitive,1.0,False,False,0.017447421327233315,0.8151949048042297,0.2402072697877884,0.22437158972024918,0.08294326812028885,0.1008469931781292,0.13305827155709266,0.1834232173860073,0.2884390875697136,0.3749596863985061,0.5333913081884378,0.10501587018370628,0.43254431501030866,0.0,0.0,0.0,0.0
A000330769,B1_baseline,H_sensitive,1.0,False,False,0.05053060129284859,0.7437891364097595,0.22141021490097046,0.2295551672577858,0.05761795863509178,0.11159734442830085,0.13381433486938477,0.17772135883569717,0.2580970525741577,0.28895746618509294,0.3517068508267402,0.08037569373846054,0.24010950639843934,0.0,0.0,0.0,0.0
A000330769,B2_proposed_lambda_0p50,M_sensitive,1.0,False,False,0.002453428227454424,0.7620658278465271,0.2674238979816437,0.2623232901096344,0.08175511658191681,0.09087509036064148,0.15044929906725885,0.21086015179753304,0.3164936825633049,0.4010230556130409,0.5114184427261352,0.10563353076577187,0.4205433523654938,0.0,0.0,0.0,0.0
A000330769,B2_proposed_lambda_0p50,H_sensitive,1.0,False,False,0.012226483784615993,0.6829509735107422,0.22770623862743378,0.23422669619321823,0.039357058703899384,0.15325353384017945,0.1649891220033169,0.1936294622719288,0.25688623636960983,0.28308285921812054,0.2996647092700004,0.06325677409768105,0.14641117542982093,0.0,0.0,0.0,0.0
A000441933,B1_baseline,M_sensitive,1.0,False,False,0.011471960693597794,0.7214517593383789,0.24600432813167572,0.22469227761030197,0.09139060974121094,0.09956647619605065,0.1379833184182644,0.18268317356705666,0.2907627001404762,0.43726801723241804,0.5474003189802171,0.10807952657341957,0.4478338427841665,0.0,0.0,0.0,0.0
A000441933,B1_baseline,H_sensitive,1.0,False,False,0.09003966301679611,0.849511981010437,0.2610902190208435,0.26407547295093536,0.069123774766922,0.1302046835422516,0.15273274332284928,0.2152915932238102,0.3008850961923599,0.3578740060329437,0.45101369708776684,0.08559350296854973,0.3208090135455153,0.0,0.0,0.0,0.0
A000441933,B2_proposed_lambda_0p50,M_sensitive,1.0,False,False,0.001670456025749445,0.6394672393798828,0.22505497932434082,0.22184786945581436,0.06354344636201859,0.08489841870963573,0.127370023727417,0.18039610981941223,0.2688741013407707,0.32553530782461165,0.3916688126325619,0.08847799152135849,0.3067703939229262,0.0,0.0,0.0,0.0
A000441933,B2_proposed_lambda_0p50,H_sensitive,1.0,False,False,0.0153342355042696,0.6501057744026184,0.2204160839319229,0.22969353199005127,0.03635074943304062,0.14909625217318534,0.16059397533535957,0.18679729104042053,0.2504999563097954,0.26631450951099395,0.2881213581562043,0.06370266526937485,0.13902510598301898,0.0,0.0,0.0,0.0
A000454833,B1_baseline,M_sensitive,1.0,False,False,5.9375938690209296e-06,0.9301387667655945,0.30326664447784424,0.24437520653009415,0.24669614434242249,0.0013104484148789197,0.009135518688708546,0.10129561088979244,0.4592517390847206,0.8153675675392151,0.8970872765779495,0.35795612819492817,0.8957768281630706,0.0,0.0,0.0001008018450769723,0.0
A000454833,B1_baseline,H_sensitive,1.0,False,False,0.05709384009242058,0.8029536008834839,0.33111709356307983,0.31854575872421265,0.12729939818382263,0.09991967856884003,0.14261418730020523,0.22178401052951813,0.4335685148835182,0.54770128428936,0.578411899805069,0.2117845043540001,0.478492221236229,0.0,0.0,0.0,0.0
A000454833,B2_proposed_lambda_0p50,M_sensitive,1.0,False,False,4.605899448506534e-06,0.9381424188613892,0.30598926544189453,0.2893141359090805,0.21864311397075653,0.0012021267949603497,0.005929530435241759,0.13370783627033234,0.45503267645835876,0.7148437649011612,0.8701381522417069,0.32132484018802643,0.8689360254467465,0.0,0.0,0.0001451546569108401,0.0
A000454833,B2_proposed_lambda_0p50,H_sensitive,1.0,False,False,0.012931923381984234,0.6317664980888367,0.24723009765148163,0.24471108615398407,0.06560280919075012,0.12747418835759164,0.1449868805706501,0.20152347907423973,0.28850486874580383,0.3613358914852142,0.41343292385339747,0.0869813896715641,0.28595873549580586,0.0,0.0,0.0,0.0
A000463768,B1_baseline,M_sensitive,1.0,False,False,0.005494335200637579,0.5348901748657227,0.11778835952281952,0.11629156768321991,0.0487687811255455,0.030223620850592853,0.04673540107905865,0.08979667164385319,0.1400812715291977,0.18669406548142425,0.29718207627534876,0.050284599885344505,0.26695845542475594,0.0,0.0,0.0,0.0
A000463768,B1_baseline,H_sensitive,1.0,False,False,0.0725003182888031,0.6139094233512878,0.20493721961975098,0.21484839916229248,0.054306164383888245,0.09200005792081356,0.11641375310719013,0.16204222664237022,0.24200383573770523,0.2779705941677093,0.3520057451725006,0.079961609095335,0.26000568725168705,0.0,0.0,0.0,0.0
A000463768,B2_proposed_lambda_0p50,M_sensitive,1.0,False,False,0.0020034201443195343,0.48571380972862244,0.1254620999097824,0.12981999665498734,0.04848410189151764,0.021889800876379012,0.040754140727221964,0.0938192866742611,0.15626128017902374,0.19447204917669295,0.26378229618072513,0.06244199350476265,0.24189249530434612,0.0,0.0,0.0,0.0
A000463768,B2_proposed_lambda_0p50,H_sensitive,1.0,False,False,0.056576937437057495,0.5284107327461243,0.21181371808052063,0.21901153028011322,0.039278123527765274,0.13793688729405404,0.15097935795783995,0.17657756432890892,0.2437140829861164,0.26568835228681564,0.28833703845739367,0.06713651865720749,0.15040015116333963,0.0,0.0,0.0,0.0
A000477213,B1_baseline,M_sensitive,1.0,False,False,0.0009806961752474308,0.8137546181678772,0.2777731716632843,0.2566193640232086,0.13045525550842285,0.0719429674744606,0.11513249315321446,0.17368411645293236,0.35664570331573486,0.5308992952108372,0.6707723975181579,0.1829615868628025,0.5988294300436973,0.0,0.0,0.0,0.0
A000477213,B1_baseline,H_sensitive,1.0,False,False,0.06410937756299973,0.4961871802806854,0.21048907935619354,0.22440747171640396,0.05690385028719902,0.09134047880768775,0.11327242217957974,0.16337325423955917,0.25084737688302994,0.2868913471698761,0.34304646641016,0.08747412264347076,0.25170598760247226,0.0,0.0,0.0,0.0
A000477213,B2_proposed_lambda_0p50,M_sensitive,1.0,False,False,0.0003518125449772924,0.8751833438873291,0.3152416944503784,0.312686488032341,0.12276209145784378,0.09783970832824707,0.14371429532766342,0.21443697810173035,0.3896762952208519,0.5330417305231094,0.6741820430755614,0.17523931711912155,0.5763423347473143,0.0,0.0,0.0,0.0
A000477213,B2_proposed_lambda_0p50,H_sensitive,1.0,False,False,0.02162403240799904,0.5852294564247131,0.217699334025383,0.22772924602031708,0.03660602495074272,0.14871131762862205,0.15927497670054436,0.18388086184859276,0.24721696972846985,0.2686418920755386,0.28618694275617595,0.06333610787987709,0.1374756251275539,0.0,0.0,0.0,0.0
A000487005,B1_baseline,M_sensitive,1.0,False,False,0.002821269677951932,0.7896137237548828,0.18357397615909576,0.17279686033725739,0.07402437180280685,0.05184760466217995,0.08129741996526718,0.13409239053726196,0.2239324003458023,0.30577120184898376,0.4026903629302976,0.08984000980854034,0.3508427582681176,0.0,0.0,0.0,0.0
A000487005,B1_baseline,H_sensitive,1.0,False,False,0.060281261801719666,0.5867401957511902,0.20409157872200012,0.21333590149879456,0.05589538440108299,0.0983304351568222,0.1163712590932846,0.1575372964143753,0.24270665645599365,0.2782514691352844,0.3389205276966093,0.08516936004161835,0.24059009253978708,0.0,0.0,0.0,0.0
A000487005,B2_proposed_lambda_0p50,M_sensitive,1.0,False,False,0.0012013688683509827,0.7857113480567932,0.1942834109067917,0.18908607959747314,0.0746455192565918,0.04851819574832916,0.07851862162351608,0.1439843475818634,0.24043762683868408,0.31634801626205444,0.39714952707290646,0.09645327925682068,0.3486313313245773,0.0,0.0,0.0,0.0
A000487005,B2_proposed_lambda_0p50,H_sensitive,1.0,False,False,0.04051098972558975,0.5106322169303894,0.22258490324020386,0.23228910565376282,0.04181937500834465,0.14834407567977906,0.15828897058963776,0.18173199892044067,0.2545601427555084,0.2854357063770294,0.3121540307998657,0.07282814383506775,0.16380995512008664,0.0,0.0,0.0,0.0
A000502944,B1_baseline,M_sensitive,1.0,False,False,0.0002816565101966262,0.8376659750938416,0.3033190369606018,0.29189451038837433,0.1787777692079544,0.01966329513117671,0.04799183681607246,0.1552487052977085,0.4253201484680176,0.6205324292182922,0.7011326491832733,0.27007144317030907,0.6814693540520966,0.0,0.0,0.0,0.0
A000502944,B1_baseline,H_sensitive,1.0,False,False,0.0683625265955925,0.6121558547019958,0.26620349287986755,0.26351940631866455,0.09968894720077515,0.0933381662517786,0.11892906315624714,0.17927860096096992,0.34537147730588913,0.42913388907909394,0.48349883258342746,0.1660928763449192,0.39016066633164886,0.0,0.0,0.0,0.0
A000502944,B2_proposed_lambda_0p50,M_sensitive,1.0,False,False,7.755577826173976e-05,0.8313098549842834,0.3241718113422394,0.34556300938129425,0.16146570444107056,0.021806945856660605,0.049259637296199796,0.1976984366774559,0.44235482811927795,0.5715172916650771,0.65841449379921,0.24465639144182205,0.6366075479425494,0.0,0.0,2.5774458027583825e-06,0.0
A000502944,B2_proposed_lambda_0p50,H_sensitive,1.0,False,False,0.06326521933078766,0.7815967798233032,0.22509683668613434,0.23424554616212845,0.04190858453512192,0.14526162043213844,0.15894387364387513,0.1872066929936409,0.2535392791032791,0.28672914057970045,0.32379437118768695,0.06633258610963821,0.1785327507555485,0.0,0.0,0.0,0.0
A000523219,B1_baseline,M_sensitive,1.0,False,False,3.235892904740467e-07,0.6590156555175781,0.22013874351978302,0.2072567120194435,0.10495878756046295,0.04388592567294836,0.07347630150616169,0.14406092837452888,0.2792753651738167,0.42121020406484605,0.5161670595407478,0.1352144367992878,0.47228113386779946,0.0,0.0,7.43979179404492e-05,0.0
A000523219,B1_baseline,H_sensitive,1.0,False,False,0.08145739883184433,0.6735756993293762,0.23353728652000427,0.23603665083646774,0.07992257922887802,0.09878896601498127,0.11436205245554447,0.16929270327091217,0.2818329334259033,0.375221249461174,0.43296909421682345,0.11254023015499115,0.3341801282018422,0.0,0.0,0.0,0.0
A000523219,B2_proposed_lambda_0p50,M_sensitive,1.0,False,False,1.56777517190676e-07,0.5852335095405579,0.2364356815814972,0.24161972850561142,0.08194661885499954,0.04411306902766228,0.08356418274343014,0.1899140365421772,0.29564744234085083,0.35245700627565385,0.42312488645315127,0.10573340579867363,0.379011817425489,0.0,0.0,8.116136502594459e-05,0.0
A000523219,B2_proposed_lambda_0p50,H_sensitive,1.0,False,False,0.04229258745908737,0.6876137256622314,0.22609299421310425,0.23700129985809326,0.03910787031054497,0.15717532783746718,0.1651320166885853,0.187831811606884,0.2573971450328827,0.27753937989473343,0.30356258422136295,0.06956533342599869,0.14638725638389577,0.0,0.0,0.0,0.0
A000542034,B1_baseline,M_sensitive,1.0,False,False,0.019299795851111412,0.7283217906951904,0.26887938380241394,0.24167367815971375,0.11632741987705231,0.08150772549211979,0.12093154639005661,0.18079040944576263,0.34284378588199615,0.4960078388452528,0.595671488046646,0.16205337643623352,0.5141637625545262,0.0,0.0,0.0,0.0
A000542034,B1_baseline,H_sensitive,1.0,False,False,0.06196345016360283,0.888578474521637,0.24128024280071259,0.2434067502617836,0.07011519372463226,0.10517389915883542,0.13058144897222518,0.1948019675910473,0.2773153707385063,0.34865281432867046,0.4082268503308295,0.08251340314745903,0.3030529511719941,0.0,0.0,0.0,0.0
A000542034,B2_proposed_lambda_0p50,M_sensitive,1.0,False,False,0.0006199798663146794,0.7244417667388916,0.2782898545265198,0.2728644162416458,0.08915937691926956,0.0737114030122757,0.13646110519766808,0.21752069145441055,0.3407414183020592,0.4229042813181876,0.4959073290228842,0.12322072684764862,0.4221959260106085,0.0,0.0,0.0,0.0
A000542034,B2_proposed_lambda_0p50,H_sensitive,1.0,False,False,0.0007174268248490989,0.740615963935852,0.22408728301525116,0.23351901769638062,0.03656220808625221,0.15562044441699982,0.16467388719320297,0.19074496254324913,0.25330130010843277,0.26887630075216296,0.2914094823598862,0.06255633756518364,0.13578903794288635,0.0,0.0,0.0,0.0
A000590309,B1_baseline,M_sensitive,1.0,False,False,0.000846920651383698,0.7968081831932068,0.18915152549743652,0.1830344945192337,0.08560608327388763,0.016885788142681123,0.05289697535336018,0.1374528855085373,0.24195461720228195,0.32802647054195405,0.42103432416915876,0.10450173169374466,0.40414853602647766,0.0,0.0,0.0,0.0
A000590309,B1_baseline,H_sensitive,1.0,False,False,0.06595713645219803,0.4902644455432892,0.20673392713069916,0.21431252360343933,0.05566953867673874,0.09301585450768471,0.11161051467061044,0.16190031170845032,0.25064514577388763,0.28039409816265104,0.3213639283180232,0.08874483406543732,0.22834807381033848,0.0,0.0,0.0,0.0
A000590309,B2_proposed_lambda_0p50,M_sensitive,1.0,False,False,0.0005912933847866952,0.7857801914215088,0.20355254411697388,0.2037103921175003,0.08363425731658936,0.015392875485122203,0.051316793635487565,0.15772012621164322,0.2530132830142975,0.33529694378375996,0.4268393158912658,0.09529315680265427,0.4114464404061436,0.0,0.0,0.0,0.0
A000590309,B2_proposed_lambda_0p50,H_sensitive,1.0,False,False,0.006962226238101721,0.6908958554267883,0.21850958466529846,0.22858881950378418,0.03999292477965355,0.14241040974855423,0.1557165116071701,0.18061932921409607,0.25085310637950897,0.2748303025960922,0.29118635356426237,0.0702337771654129,0.14877594381570813,0.0,0.0,0.0,0.0
A000733898,B1_baseline,M_sensitive,1.0,False,False,0.01065332442522049,0.6149796843528748,0.2102867215871811,0.21059329062700272,0.06911467760801315,0.0799426544457674,0.10121145844459534,0.16373315826058388,0.2515828311443329,0.31529779732227325,0.4181368082761751,0.08784967288374901,0.33819415383040774,0.0,0.0,0.0,0.0
A000733898,B1_baseline,H_sensitive,1.0,False,False,0.09012458473443985,0.6417461633682251,0.25098809599876404,0.24143803119659424,0.09206192195415497,0.11096246317028999,0.13028837740421295,0.1924045905470848,0.27918417751789093,0.4738074615597725,0.5814223289489746,0.08677958697080612,0.4704598657786846,0.0,0.0,0.0,0.0
A000733898,B2_proposed_lambda_0p50,M_sensitive,1.0,False,False,0.0067270537838339806,0.5136834979057312,0.21786905825138092,0.2269320711493492,0.07157044857740402,0.06699099540710449,0.10198529809713364,0.1618906334042549,0.27023889124393463,0.3292909860610962,0.35033141523599615,0.10834825783967972,0.2833404198288917,0.0,0.0,0.0,0.0
A000733898,B2_proposed_lambda_0p50,H_sensitive,1.0,False,False,0.03638087585568428,0.7262691855430603,0.23924961686134338,0.2436346709728241,0.04318651556968689,0.16166582629084586,0.17217351868748665,0.20235414430499077,0.26763394474983215,0.3074076697230339,0.34472459256649013,0.06527980044484138,0.18305876627564427,0.0,0.0,0.0,0.0
A000808977,B1_baseline,M_sensitive,1.0,False,False,0.014231562614440918,0.6422602534294128,0.19024281203746796,0.1777733862400055,0.07247871160507202,0.07396695226430892,0.09518430978059769,0.14081420004367828,0.2256592959165573,0.3229974210262297,0.43823129773139924,0.08484509587287903,0.3642643454670903,0.0,0.0,0.0,0.0
A000808977,B1_baseline,H_sensitive,1.0,False,False,0.07066066563129425,0.726899266242981,0.21565787494182587,0.22956730425357819,0.07013407349586487,0.08475047528743744,0.10100291967391968,0.16377811133861542,0.2580406665802002,0.3019343912601471,0.40861153841018244,0.09426255524158478,0.323861063122745,0.0,0.0,0.0,0.0
A000808977,B2_proposed_lambda_0p50,M_sensitive,1.0,False,False,0.005167708732187748,0.6809666752815247,0.20399942994117737,0.19698390364646912,0.06456608325242996,0.0665531587600708,0.10701457560062409,0.16157281398773193,0.24369889497756958,0.3159046769142151,0.36979973793029763,0.08212608098983765,0.30324657917022685,0.0,0.0,0.0,0.0
A000808977,B2_proposed_lambda_0p50,H_sensitive,1.0,False,False,0.01499257143586874,0.7701546549797058,0.22074183821678162,0.23011569678783417,0.03954140469431877,0.14698140621185302,0.15767794251441955,0.18513773381710052,0.2525779902935028,0.27446564435958865,0.29608042001724244,0.06744025647640228,0.14909901380538942,0.0,0.0,0.0,0.0
A000822630,B1_baseline,M_sensitive,1.0,False,False,0.0002883042034227401,0.8014481663703918,0.22131502628326416,0.18805260956287384,0.14875318109989166,0.00433745289221406,0.01985206604003906,0.1159931905567646,0.3015930652618408,0.5335317730903626,0.6291984117031098,0.18559987470507622,0.6248609588108957,0.0,0.0,0.0,0.0
A000822630,B1_baseline,H_sensitive,1.0,False,False,0.05001094564795494,0.6821615099906921,0.2230662852525711,0.21889157593250275,0.07371315360069275,0.09031797736883164,0.1174047313630581,0.16742713004350662,0.26411163806915283,0.3624730318784714,0.40825812339782713,0.09668450802564621,0.3179401460289955,0.0,0.0,0.0,0.0
A000822630,B2_proposed_lambda_0p50,M_sensitive,1.0,False,False,0.00043092810665257275,0.8099110722541809,0.2431575059890747,0.23251883685588837,0.13831299543380737,0.004646837823092938,0.02056783940643072,0.13736625015735626,0.3447258919477463,0.48364372253417975,0.5766252350807186,0.20735964179039001,0.5719783972576257,0.0,0.0,0.0,0.0
A000822630,B2_proposed_lambda_0p50,H_sensitive,1.0,False,False,0.04749079793691635,0.636086106300354,0.21617217361927032,0.22505441308021545,0.037869829684495926,0.13391097128391266,0.14959930181503295,0.18358972668647766,0.2476796954870224,0.2651030898094177,0.2767354303598404,0.06408996880054474,0.14282445907592772,0.0,0.0,0.0,0.0
A000827083,B1_baseline,M_sensitive,1.0,False,False,5.430924647953361e-05,0.4433976411819458,0.1558452546596527,0.15167991816997528,0.07019519805908203,0.006967786652967334,0.04159881956875324,0.11136359348893166,0.19793223589658737,0.285009753704071,0.3196126335859299,0.08656864240765572,0.3126448469329626,0.0,0.0,3.2311961214875886e-05,0.0
A000827083,B1_baseline,H_sensitive,1.0,False,False,0.08057350665330887,0.5954035520553589,0.22667662799358368,0.24276688694953918,0.05932096764445305,0.0993186405301094,0.12709474712610244,0.1742134466767311,0.2655791789293289,0.31459522545337676,0.34570935070514697,0.09136573225259781,0.24639071017503755,0.0,0.0,0.0,0.0
A000827083,B2_proposed_lambda_0p50,M_sensitive,1.0,False,False,4.77971880172845e-05,0.5260266661643982,0.15692459046840668,0.15758024156093597,0.06730111688375473,0.006383206313475966,0.033874683827161786,0.11881157383322716,0.19866586476564407,0.2709373742341995,0.30582223832607275,0.07985429093241692,0.2994390320125968,0.0,0.0,5.519960040874631e-05,0.0
A000827083,B2_proposed_lambda_0p50,H_sensitive,1.0,False,False,0.0437798872590065,0.6059389710426331,0.2207164615392685,0.22924752533435822,0.040850382298231125,0.14537730395793916,0.15598004013299943,0.18171460926532745,0.25056713819503784,0.2770198583602905,0.3154437905550004,0.06885252892971039,0.17006648659706122,0.0,0.0,0.0,0.0
A000829808,B1_baseline,M_sensitive,1.0,False,False,0.015462798066437244,0.7025812864303589,0.1939113438129425,0.17692629247903824,0.07768725603818893,0.0672343660145998,0.10436964668333532,0.14968104660511017,0.21614402160048485,0.33684313893318174,0.501126362681389,0.06646297499537468,0.4338919966667892,0.0,0.0,0.0,0.0
A000829808,B1_baseline,H_sensitive,1.0,False,False,0.07103794813156128,0.6496111154556274,0.2233375608921051,0.22922326624393463,0.06756651401519775,0.09498762801289558,0.11734968088567257,0.1739320494234562,0.2588407173752785,0.33447728008031835,0.443412385582924,0.08490866795182228,0.34842475757002844,0.0,0.0,0.0,0.0
A000829808,B2_proposed_lambda_0p50,M_sensitive,1.0,False,False,0.00488339364528656,0.7075848579406738,0.1997070461511612,0.18554484099149704,0.06905239075422287,0.05925197597593069,0.11053052581846715,0.15208175778388977,0.24365482479333878,0.31985371261835094,0.3992738845944405,0.091573067009449,0.34002190861850984,0.0,0.0,0.0,0.0
A000829808,B2_proposed_lambda_0p50,H_sensitive,1.0,False,False,0.04562322050333023,0.5801438689231873,0.22435957193374634,0.22968322038650513,0.04908198490738869,0.1481015795469284,0.1589989632368088,0.18369848653674126,0.25102150440216064,0.28004349321126926,0.4072620561718941,0.06732301786541939,0.25916047662496566,0.0,0.0,0.0,0.0
A000913952,B1_baseline,M_sensitive,1.0,False,False,0.015027856454253197,0.6983664631843567,0.24986660480499268,0.24126603454351425,0.08057910203933716,0.10280719235539436,0.13560644611716272,0.19118928536772728,0.3014073371887207,0.3855145096778869,0.48840343385934837,0.11021805182099342,0.385596241503954,0.0,0.0,0.0,0.0
A000913952,B1_baseline,H_sensitive,1.0,False,False,0.07145277410745621,0.7357434034347534,0.21902109682559967,0.22763004899024963,0.06194569915533066,0.10275299422442913,0.12666484862565994,0.17164914682507515,0.2574726939201355,0.2896278351545334,0.42290719360113155,0.08582354709506035,0.3201541993767024,0.0,0.0,0.0,0.0
A000913952,B2_proposed_lambda_0p50,M_sensitive,1.0,False,False,0.001907672150991857,0.7199840545654297,0.27511197328567505,0.27329103648662567,0.07582028210163116,0.11273538134992123,0.1624138429760933,0.22190479189157486,0.3206232562661171,0.39971592575311654,0.4944372004270554,0.09871846437454224,0.3817018190771342,0.0,0.0,0.0,0.0
A000913952,B2_proposed_lambda_0p50,H_sensitive,1.0,False,False,0.007477105595171452,0.7489636540412903,0.2241799384355545,0.2374086081981659,0.03875285014510155,0.1474255584180355,0.16059950962662697,0.18788012117147446,0.2555161565542221,0.2728846698999405,0.28317003995180134,0.06763603538274765,0.13574448153376584,0.0,0.0,0.0,0.0
A001027349,B1_baseline,M_sensitive,1.0,False,False,0.006188888102769852,0.7588910460472107,0.20305362343788147,0.18146196007728577,0.08752305060625076,0.07621751181781292,0.10178097151219845,0.14723748713731766,0.2380012758076191,0.3691694706678389,0.5286465877294537,0.09076378867030144,0.45242907591164083,0.0,0.0,0.0,0.0
A001027349,B1_baseline,H_sensitive,1.0,False,False,0.04396777227520943,0.7341075539588928,0.23526506125926971,0.24023839086294174,0.0724414810538292,0.10820290505886078,0.13099169284105303,0.19087592139840126,0.26453521102666855,0.37090195715427393,0.49408862203359594,0.07365928962826729,0.38588571697473517,0.0,0.0,0.0,0.0
A001027349,B2_proposed_lambda_0p50,M_sensitive,1.0,False,False,0.004421872086822987,0.8234763741493225,0.19802051782608032,0.17928923666477203,0.08513391017913818,0.05960146363824606,0.09216422177851201,0.1428302489221096,0.23569787293672562,0.3657958790659904,0.47992874115705414,0.09286762401461601,0.42032727751880805,0.0,0.0,0.0,0.0
A001027349,B2_proposed_lambda_0p50,H_sensitive,1.0,False,False,0.04310620576143265,0.5715405941009521,0.22857262194156647,0.23278379440307617,0.05017637088894844,0.13904440850019456,0.14864136204123496,0.19297045841813087,0.25486456602811813,0.31100220680236806,0.3870317208766937,0.06189410760998726,0.24798731237649912,0.0,0.0,0.0,0.0
A001047729,B1_baseline,M_sensitive,1.0,False,False,0.01744855009019375,0.6933596134185791,0.1757616102695465,0.16614018380641937,0.06506644189357758,0.053721044585108756,0.09345833994448184,0.13624175265431404,0.198489248752594,0.30144714266061784,0.4046192046999932,0.06224749609827995,0.35089816011488445,0.0,0.0,0.0,0.0
A001047729,B1_baseline,H_sensitive,1.0,False,False,0.03240673616528511,0.6270785927772522,0.22052785754203796,0.23121937364339828,0.06729535013437271,0.09844023250043392,0.12105871886014938,0.16977006196975708,0.25589674711227417,0.30290605276823057,0.4988899731636047,0.08612668514251709,0.4004497406631708,0.0,0.0,0.0,0.0
A001047729,B2_proposed_lambda_0p50,M_sensitive,1.0,False,False,0.015081833116710186,0.7347256541252136,0.1787717640399933,0.17015668749809265,0.0616065189242363,0.048259095065295694,0.0932942982763052,0.14239871874451637,0.20632318034768105,0.2909966602921486,0.37403105020523075,0.06392446160316467,0.32577195513993507,0.0,0.0,0.0,0.0
A001047729,B2_proposed_lambda_0p50,H_sensitive,1.0,False,False,0.01007585134357214,0.6643364429473877,0.2268269658088684,0.2334587723016739,0.05014641210436821,0.14461833119392395,0.15404175594449043,0.18477407097816467,0.2583971545100212,0.29207159876823424,0.41104833334684376,0.07362308353185654,0.2664300021529198,0.0,0.0,0.0,0.0
A001074268,B1_baseline,M_sensitive,1.0,False,False,0.003865237580612302,0.6466999053955078,0.2147018313407898,0.2076333910226822,0.06756462901830673,0.07581892192363739,0.11671546846628189,0.17002402245998383,0.25061389803886414,0.3307319581508637,0.43301294684410047,0.08058987557888031,0.3571940249204631,0.0,0.0,0.0,0.0
A001074268,B1_baseline,H_sensitive,1.0,False,False,0.05390755832195282,0.8001547455787659,0.22957977652549744,0.24069136381149292,0.05283214524388313,0.12104615926742554,0.14040363430976868,0.18933938443660736,0.26242002844810486,0.3027582347393036,0.35997910499572733,0.0730806440114975,0.2389329457283018,0.0,0.0,0.0,0.0
A001074268,B2_proposed_lambda_0p50,M_sensitive,1.0,False,False,0.004068524111062288,0.6391894817352295,0.23021306097507477,0.23286175727844238,0.0622105672955513,0.055799933820962905,0.12755161225795747,0.1931258589029312,0.27057942748069763,0.3218263924121857,0.3770607852935791,0.07745356857776642,0.3212608514726162,0.0,0.0,0.0,0.0
A001074268,B2_proposed_lambda_0p50,H_sensitive,1.0,False,False,0.030619941651821136,0.6172482967376709,0.22500522434711456,0.23435993492603302,0.03724963217973709,0.15332226872444152,0.16605114936828613,0.18977439403533936,0.25487956404685974,0.27390375137329104,0.2912050807476044,0.06510517001152039,0.13788281202316285,0.0,0.0,0.0,0.0
A001083428,B1_baseline,M_sensitive,1.0,False,False,0.007349012419581413,0.8218089938163757,0.27226895093917847,0.23641646653413773,0.12979412078857422,0.0912837264686823,0.12433256022632122,0.17411229759454727,0.3455914333462715,0.5380520850419996,0.681353738903999,0.17147913575172424,0.5900700124353166,0.0,0.0,0.0,0.0
A001083428,B1_baseline,H_sensitive,1.0,False,False,0.027026856318116188,0.6390523314476013,0.23802241683006287,0.2385667860507965,0.06423421204090118,0.11697786204516888,0.13951473757624627,0.1931527778506279,0.26980647444725037,0.3593463703989982,0.39201146423816674,0.07665369659662247,0.2750336021929979,0.0,0.0,0.0,0.0
A001083428,B2_proposed_lambda_0p50,M_sensitive,1.0,False,False,0.00035059964284300804,0.8636742234230042,0.2924356460571289,0.2713658958673477,0.1272384375333786,0.09110304698348046,0.13072072044014932,0.19482361897826195,0.36985956877470016,0.5426215112209319,0.6657899296283719,0.17503594979643822,0.5746868826448914,0.0,0.0,0.0,0.0
A001083428,B2_proposed_lambda_0p50,H_sensitive,1.0,False,False,0.047768156975507736,0.6123888492584229,0.225398987531662,0.23265565931797028,0.03496165573596954,0.15650309547781943,0.1685238763689995,0.1942593716084957,0.2532765418291092,0.2705003634095192,0.289733545184135,0.05901717022061348,0.1332304497063156,0.0,0.0,0.0,0.0
A001092475,B1_baseline,M_sensitive,1.0,False,False,0.03501943498849869,0.7201787829399109,0.24567969143390656,0.2167952060699463,0.10112758725881577,0.10974074080586434,0.12766672298312187,0.17360440269112587,0.3010700047016144,0.4530051201581955,0.5510447114706041,0.1274656020104885,0.44130397066473975,0.0,0.0,0.0,0.0
A001092475,B1_baseline,H_sensitive,1.0,False,False,0.08595839142799377,0.6350293755531311,0.22584985196590424,0.23478243499994278,0.07268556952476501,0.09874030202627182,0.11965755932033062,0.17142093554139137,0.25736357271671295,0.33692699670791626,0.501502412557602,0.08594263717532158,0.40276211053133015,0.0,0.0,0.0,0.0
A001092475,B2_proposed_lambda_0p50,M_sensitive,1.0,False,False,0.0014161079889163375,0.6772400736808777,0.24742095172405243,0.24854660034179688,0.06965034455060959,0.09875717759132385,0.14153388515114784,0.19945844262838364,0.2914445325732231,0.35403627902269363,0.4476886764168741,0.09198608994483948,0.34893149882555025,0.0,0.0,0.0,0.0
A001092475,B2_proposed_lambda_0p50,H_sensitive,1.0,False,False,0.016417277976870537,0.5583193898200989,0.22651629149913788,0.23686087876558304,0.04492723569273949,0.15017137303948402,0.1595974788069725,0.186645720154047,0.2550625279545784,0.28828103840351105,0.37383634895086293,0.06841680780053139,0.2236649759113789,0.0,0.0,0.0,0.0
A001093486,B1_baseline,M_sensitive,1.0,False,False,0.012883422896265984,0.77620530128479,0.25022855401039124,0.23336347937583923,0.11913639307022095,0.07519653677940369,0.09902892261743546,0.1541009545326233,0.32254642248153687,0.4821645855903625,0.5782474875450134,0.16844546794891357,0.5030509507656098,0.0,0.0,0.0,0.0
A001093486,B1_baseline,H_sensitive,1.0,False,False,0.07849492132663727,0.7652586102485657,0.21980667114257812,0.2324342578649521,0.06816457211971283,0.09594983369112015,0.11470156013965607,0.16120217740535736,0.2627747356891632,0.31166400313377374,0.38518056988716126,0.10157255828380585,0.2892307361960411,0.0,0.0,0.0,0.0
A001093486,B2_proposed_lambda_0p50,M_sensitive,1.0,False,False,0.008815161883831024,0.7259035110473633,0.2569071650505066,0.2560688853263855,0.10266191512346268,0.04996475473046303,0.09091614782810212,0.1804877072572708,0.3340516686439514,0.4200854778289794,0.47240310192108154,0.1535639613866806,0.4224383471906185,0.0,0.0,0.0,0.0
A001093486,B2_proposed_lambda_0p50,H_sensitive,1.0,False,False,0.017425986006855965,0.7976455092430115,0.22033606469631195,0.23286211490631104,0.04208434745669365,0.14587030172348023,0.15779975056648254,0.18098492920398712,0.25094982981681824,0.2753408074378967,0.3072483456134796,0.06996490061283112,0.16137804388999935,0.0,0.0,0.0,0.0
A001109618,B1_baseline,M_sensitive,1.0,False,False,0.005160115193575621,0.863478422164917,0.34321922063827515,0.3166215419769287,0.15269885957241058,0.08929746448993683,0.13637151718139648,0.22668570280075073,0.4415537416934967,0.6388912081718445,0.7200710892677307,0.21486803889274597,0.6307736247777939,0.0,0.0,0.0,0.0
A001109618,B1_baseline,H_sensitive,1.0,False,False,0.074753537774086,0.7207958102226257,0.3194042444229126,0.3064951002597809,0.11289069801568985,0.12694313406944274,0.1536573052406311,0.23386357724666595,0.3954985439777374,0.5289648175239563,0.5876482844352721,0.16163496673107147,0.4607051503658293,0.0,0.0,0.0,0.0
A001109618,B2_proposed_lambda_0p50,M_sensitive,1.0,False,False,0.002008619951084256,0.831814169883728,0.3284609913825989,0.33811649680137634,0.09894692152738571,0.09730027526617051,0.1654627025127411,0.25724127888679504,0.39192044734954834,0.483816009759903,0.5778487324714661,0.1346791684627533,0.48054845720529554,0.0,0.0,0.0,0.0
A001109618,B2_proposed_lambda_0p50,H_sensitive,1.0,False,False,0.06544873118400574,0.8164292573928833,0.2570483386516571,0.2460147738456726,0.08095947653055191,0.15651899218559265,0.16881503462791442,0.20212659239768982,0.27171123027801514,0.4715514421463014,0.5362684226036072,0.06958463788032532,0.37974943041801457,0.0,0.0,0.0,0.0
A001126672,B1_baseline,M_sensitive,1.0,False,False,0.03388546034693718,0.7958124876022339,0.29444587230682373,0.28464603424072266,0.10814666002988815,0.10146113634109497,0.14687612354755403,0.2113315910100937,0.34996217489242554,0.499656581878662,0.5983835268020629,0.13863058388233185,0.49692239046096787,0.0,0.0,0.0,0.0
A001126672,B1_baseline,H_sensitive,1.0,False,False,0.08385121822357178,0.6549633145332336,0.23879876732826233,0.24002332985401154,0.07249569147825241,0.10189200282096862,0.1305270701646805,0.1817023903131485,0.277919203042984,0.3603873014450073,0.4185898208618164,0.09621681272983551,0.3166978180408478,0.0,0.0,0.0,0.0
A001126672,B2_proposed_lambda_0p50,M_sensitive,1.0,False,False,0.0014802423538640141,0.7536115646362305,0.2944231331348419,0.3034997582435608,0.07386907935142517,0.09610571920871734,0.15796123445034027,0.2577468156814575,0.34003740549087524,0.3978071749210357,0.46029336929321285,0.08229058980941772,0.3641876500844955,0.0,0.0,0.0,0.0
A001126672,B2_proposed_lambda_0p50,H_sensitive,1.0,False,False,0.03611641377210617,0.588563084602356,0.217103973031044,0.22665299475193024,0.03726562485098839,0.1514219617843628,0.15992636382579803,0.1817973405122757,0.24619679152965546,0.26273698210716245,0.2866323924064636,0.06439945101737976,0.1352104306221008,0.0,0.0,0.0,0.0
A001162446,B1_baseline,M_sensitive,1.0,False,False,0.00273736659437418,0.6954445838928223,0.17573224008083344,0.16821511089801788,0.07469843327999115,0.04948093593120575,0.07012310065329075,0.12120233476161957,0.22498652711510658,0.30036380141973495,0.38277721405029297,0.10378419235348701,0.33329627811908724,0.0,0.0,0.0,0.0
A001162446,B1_baseline,H_sensitive,1.0,False,False,0.06918731331825256,0.5595758557319641,0.20846836268901825,0.22693761438131332,0.05988667160272598,0.09279053546488285,0.11031971499323845,0.1514987275004387,0.25643593817949295,0.2853490337729454,0.3226599305868148,0.10493721067905426,0.22986939512193194,0.0,0.0,0.0,0.0
A001162446,B2_proposed_lambda_0p50,M_sensitive,1.0,False,False,0.000501610862556845,0.5518674850463867,0.17571334540843964,0.18247073888778687,0.06437303870916367,0.03668392580002546,0.06432811915874481,0.1300394870340824,0.21998237818479538,0.27490124106407166,0.3215714558959007,0.08994289115071297,0.28488753009587525,0.0,0.0,0.0,0.0
A001162446,B2_proposed_lambda_0p50,H_sensitive,1.0,False,False,0.002875089878216386,0.5620531439781189,0.21135596930980682,0.2218879759311676,0.03923093527555466,0.14363893046975135,0.15284890681505203,0.17173540592193604,0.2464238852262497,0.26172681152820587,0.2737038806080818,0.07468847930431366,0.13006495013833047,0.0,0.0,0.0,0.0
A001168424,B1_baseline,M_sensitive,1.0,False,False,0.0009468545322306454,0.641353189945221,0.13364435732364655,0.12643490731716156,0.05591762065887451,0.03506415292620659,0.05861377567052842,0.10115920193493366,0.15513233095407486,0.23357275426387783,0.3252984607219694,0.0539731290191412,0.2902343077957628,0.0,0.0,0.0,0.0
A001168424,B1_baseline,H_sensitive,1.0,False,False,0.06348733603954315,0.6041344404220581,0.19701625406742096,0.20698773860931396,0.05582553520798683,0.0804909248650074,0.10107287615537644,0.14824633672833443,0.2441566064953804,0.2718941271305084,0.29241166740655894,0.09591026976704597,0.21192074254155152,0.0,0.0,0.0,0.0
A001168424,B2_proposed_lambda_0p50,M_sensitive,1.0,False,False,0.00034838015562854707,0.5907308459281921,0.13711656630039215,0.13449237495660782,0.05640089884400368,0.022117393724620342,0.04368875455111265,0.10577315650880337,0.16484615579247475,0.23171744421124454,0.302284716069697,0.05907299928367138,0.28016732234507663,0.0,0.0,0.0,0.0
A001168424,B2_proposed_lambda_0p50,H_sensitive,1.0,False,False,0.02455894835293293,0.6037811040878296,0.21004799008369446,0.21630150824785233,0.04023256152868271,0.13900257170200347,0.14838337078690528,0.17248520255088806,0.24592048302292824,0.26494110524654385,0.27674045979976647,0.07343528047204018,0.137737888097763,0.0,0.0,0.0,0.0
A001189410,B1_baseline,M_sensitive,1.0,False,False,0.0036609312519431114,0.7477584481239319,0.1992700845003128,0.18869133293628693,0.11093245446681976,0.02686909545212984,0.049471241608262065,0.10923581570386887,0.2719268351793289,0.3862721264362335,0.5232412195205688,0.16269101947546005,0.49637212406843895,0.0,0.0,0.0,0.0
A001189410,B1_baseline,H_sensitive,1.0,False,False,0.07058782875537872,0.7783318758010864,0.23590271174907684,0.24488791823387146,0.07322820276021957,0.08846139460802079,0.1142011120915413,0.18082430958747864,0.27688464522361755,0.350937208533287,0.4022110450267791,0.09606033563613892,0.31374965041875835,0.0,0.0,0.0,0.0
A001189410,B2_proposed_lambda_0p50,M_sensitive,1.0,False,False,8.691980838193558e-06,0.7230105996131897,0.20362062752246857,0.21438288688659668,0.09240242093801498,0.025136429406702517,0.04981890507042409,0.13735108822584152,0.26079514622688293,0.33906604051589956,0.46028667986392957,0.12344405800104141,0.43515025045722705,0.0,0.0,4.159416572502097e-06,0.0
A001189410,B2_proposed_lambda_0p50,H_sensitive,1.0,False,False,0.000245660194195807,0.7973905801773071,0.22627222537994385,0.23486053943634033,0.04202468320727348,0.14580336719751358,0.1595284327864647,0.18708088248968124,0.2567877620458603,0.2876528590917587,0.3239982068538662,0.06970687955617905,0.17819483965635263,0.0,0.0,0.0,0.0
A001199299,B1_baseline,M_sensitive,1.0,False,False,5.2538216550601646e-05,0.5586539506912231,0.11006870120763779,0.09386387467384338,0.07078415900468826,0.01134247872978449,0.02347300834953785,0.058021869510412216,0.1474851369857788,0.2407419532537458,0.32435240864753734,0.08946326747536659,0.31300992991775284,0.0,0.0,1.1867323325223996e-05,0.0
A001199299,B1_baseline,H_sensitive,1.0,False,False,0.01544313132762909,0.5038902759552002,0.19670197367668152,0.2045251727104187,0.0671815350651741,0.054235225319862364,0.09155021160840988,0.1402960866689682,0.2473132461309433,0.30056599974632264,0.33067881226539614,0.1070171594619751,0.2764435869455338,0.0,0.0,0.0,0.0
A001199299,B2_proposed_lambda_0p50,M_sensitive,1.0,False,False,7.562911923741922e-05,0.6716428399085999,0.12095222622156143,0.11051372438669205,0.07018879801034927,0.012632008045911788,0.02448594644665718,0.06594417989253998,0.17158804833889008,0.2472805798053741,0.2849408292770388,0.1056438684463501,0.272308821231127,0.0,0.0,3.955774441741332e-06,0.0
A001199299,B2_proposed_lambda_0p50,H_sensitive,1.0,False,False,0.039765167981386185,0.5735962986946106,0.20973314344882965,0.2135697901248932,0.040123190730810165,0.13814896643161773,0.14666844606399537,0.1756049394607544,0.24131056666374207,0.26515874266624445,0.29146098375320434,0.06570562720298767,0.1533120173215866,0.0,0.0,0.0,0.0
A001238999,B1_baseline,M_sensitive,1.0,False,False,0.0006888987263664603,0.7707049250602722,0.2931814193725586,0.30570605397224426,0.11363811790943146,0.011478491462767125,0.06182233914732933,0.2356068342924118,0.36149123311042786,0.47405373752117147,0.5478485083580017,0.12588439881801605,0.5363700168952346,0.0,0.0,0.0,0.0
A001238999,B1_baseline,H_sensitive,1.0,False,False,0.08074229955673218,0.6690962314605713,0.2352987676858902,0.24388517439365387,0.05625196918845177,0.1113064193725586,0.13771950006484984,0.19500240683555603,0.26975566148757935,0.32169705629348755,0.35955527782440155,0.07475325465202332,0.24824885845184297,0.0,0.0,0.0,0.0
A001238999,B2_proposed_lambda_0p50,M_sensitive,1.0,False,False,0.000262172135990113,0.8157566785812378,0.29748180508613586,0.31202417612075806,0.10025127977132797,0.009557088036090136,0.05124235041439533,0.26224076747894287,0.3629786968231201,0.4225524842739105,0.4722463583946227,0.10073792934417725,0.4626892703585326,0.0,0.0,0.0,0.0
A001238999,B2_proposed_lambda_0p50,H_sensitive,1.0,False,False,0.014429445378482342,0.7044333815574646,0.22176413238048553,0.22870883345603943,0.040584221482276917,0.14582121282815932,0.15780882835388182,0.18314321339130402,0.2537451386451721,0.28287273943424224,0.30378971874713895,0.0706019252538681,0.15796850591897962,0.0,0.0,0.0,0.0
A001250372,B1_baseline,M_sensitive,1.0,False,False,5.100118869449943e-05,0.642725944519043,0.16500432789325714,0.15113812685012817,0.06407634168863297,0.059259182028472426,0.08849276602268219,0.12497110851109028,0.18623382598161697,0.2870808392763138,0.37759126871824283,0.061262717470526695,0.3183320866897704,0.0,0.0,6.7534940890042985e-06,0.0
A001250372,B1_baseline,H_sensitive,1.0,False,False,0.03645467013120651,0.8762672543525696,0.2232787162065506,0.23410050570964813,0.07360967248678207,0.09123460426926613,0.11572098731994629,0.17471198365092278,0.2573612481355667,0.3081594929099083,0.475734005868435,0.08264926448464394,0.38449940159916884,0.0,0.0,0.0,0.0
A001250372,B2_proposed_lambda_0p50,M_sensitive,1.0,False,False,7.622292741871206e-06,0.5292178392410278,0.17099149525165558,0.16450700908899307,0.06123116984963417,0.032199181243777276,0.0832924097776413,0.1279410682618618,0.2119647040963173,0.27011897414922714,0.3487946793437008,0.08402363583445549,0.3165954980999235,0.0,0.0,5.065120566753224e-05,0.0
A001250372,B2_proposed_lambda_0p50,H_sensitive,1.0,False,False,0.006446358282119036,0.6577508449554443,0.22191102802753448,0.23114950954914093,0.03968644142150879,0.14890510514378547,0.1587955243885517,0.18494215607643127,0.2540753111243248,0.2754468694329262,0.2850346490740776,0.06913315504789352,0.13612954393029214,0.0,0.0,0.0,0.0
A001259001,B1_baseline,M_sensitive,1.0,False,False,0.04293306544423103,0.7418733239173889,0.28989022970199585,0.26840150356292725,0.11157196015119553,0.09710201561450958,0.1486760973930359,0.21519267559051514,0.335147500038147,0.5283947587013245,0.6319311428070068,0.11995482444763184,0.5348291271924972,0.0,0.0,0.0,0.0
A001259001,B1_baseline,H_sensitive,1.0,False,False,0.07889597862958908,0.837273895740509,0.24857287108898163,0.2473044991493225,0.07540417462587357,0.12074824064970016,0.137616303563118,0.19592417776584625,0.28018707036972046,0.3806824147701263,0.4577224481105802,0.0842628926038742,0.33697420746088,0.0,0.0,0.0,0.0
A001259001,B2_proposed_lambda_0p50,M_sensitive,1.0,False,False,0.00500869657844305,0.597722053527832,0.28441834449768066,0.2868831753730774,0.07312475889921188,0.10772528737783432,0.1613608330488205,0.2350863516330719,0.33608195185661316,0.3980567395687103,0.45039646029472347,0.10099560022354126,0.34267117291688914,0.0,0.0,0.0,0.0
A001259001,B2_proposed_lambda_0p50,H_sensitive,1.0,False,False,0.021256783977150917,0.552711546421051,0.2181418538093567,0.22618816792964935,0.03855353966355324,0.14852089405059815,0.15684690773487092,0.18380063772201538,0.24525965750217438,0.2710091769695282,0.2964910221099853,0.061459019780159,0.14797012805938714,0.0,0.0,0.0,0.0
A001262064,B1_baseline,M_sensitive,1.0,False,False,0.004720969591289759,0.8393417596817017,0.2370278239250183,0.21024993807077408,0.13880771398544312,0.0447755066677928,0.07034539952874183,0.124360091984272,0.3217238113284111,0.5099603861570359,0.6569642227888107,0.1973637193441391,0.6121887161210179,0.0,0.0,0.0,0.0
A001262064,B1_baseline,H_sensitive,1.0,False,False,0.031641699373722076,0.553103506565094,0.21206553280353546,0.21965552121400833,0.0562002994120121,0.09107507184147835,0.11472911052405835,0.16957411170005798,0.2547055631875992,0.2927861049771309,0.3343881556391716,0.0851314514875412,0.24331308379769329,0.0,0.0,0.0,0.0
A001262064,B2_proposed_lambda_0p50,M_sensitive,1.0,False,False,0.0030974699184298515,0.8602343797683716,0.26468709111213684,0.24171540886163712,0.1442030519247055,0.04554989244788885,0.07629705294966697,0.14605555310845375,0.35841652005910873,0.5374251395463944,0.6515473091602325,0.21236096695065498,0.6059974167123436,0.0,0.0,0.0,0.0
A001262064,B2_proposed_lambda_0p50,H_sensitive,1.0,False,False,0.026384146884083748,0.6201836466789246,0.22069227695465088,0.22983142733573914,0.03543718904256821,0.14812470391392707,0.16190867274999618,0.18936559185385704,0.24784599989652634,0.26806467324495314,0.28957142353057863,0.058480408042669296,0.14144671961665156,0.0,0.0,0.0,0.0
A001266125,B1_baseline,M_sensitive,1.0,False,False,0.0004128175787627697,0.7245133519172668,0.15582284331321716,0.13105380535125732,0.11366944760084152,0.005333850719034672,0.01841728761792183,0.0757443830370903,0.20795506238937378,0.3862428069114685,0.5433974146842958,0.13221067935228348,0.5380635639652611,0.0,0.0,0.0,0.0
A001266125,B1_baseline,H_sensitive,1.0,False,False,0.06648502498865128,0.6486102342605591,0.23565909266471863,0.22908547520637512,0.09432262927293777,0.09658662378787994,0.11384957283735275,0.15604916214942932,0.2889426648616791,0.41787123680114746,0.4934898495674133,0.13289350271224976,0.3969032257795334,0.0,0.0,0.0,0.0
A001266125,B2_proposed_lambda_0p50,M_sensitive,1.0,False,False,1.877880458778236e-05,0.5943247079849243,0.16653767228126526,0.16120561957359314,0.09191180020570755,0.004217733722180129,0.01532759889960289,0.09695952385663986,0.2402057945728302,0.3102722764015198,0.3686755180358889,0.14324627071619034,0.36445778431370873,0.0,0.0,2.3577648860433287e-06,0.0
A001266125,B2_proposed_lambda_0p50,H_sensitive,1.0,False,False,0.00919302087277174,0.7700024843215942,0.21281684935092926,0.2185220718383789,0.03952399268746376,0.1300194412469864,0.14849135279655457,0.17835140228271484,0.2474423348903656,0.26348116993904114,0.28038814663887024,0.06909093260765076,0.15036870539188385,0.0,0.0,0.0,0.0
A001332832-1,B1_baseline,M_sensitive,1.0,False,False,9.182465873891488e-06,0.6931121945381165,0.12706658244132996,0.11809710785746574,0.06346902996301651,0.02632959680631757,0.04642334673553705,0.08048196695744991,0.16380896419286728,0.2378656566143036,0.3420867010951041,0.08332699723541737,0.3157571042887865,0.0,0.0,3.26456881847093e-05,0.0
A001332832-1,B1_baseline,H_sensitive,1.0,False,False,0.03815075755119324,0.5406762957572937,0.1975577026605606,0.2124762460589409,0.05904914811253548,0.06984303817152977,0.09743274375796318,0.14930975809693336,0.24267643317580223,0.27732696384191513,0.3177101612091064,0.09336667507886887,0.24786712303757663,0.0,0.0,0.0,0.0
A001332832-1,B2_proposed_lambda_0p50,M_sensitive,1.0,False,False,9.14577776711667e-06,0.6695000529289246,0.13068729639053345,0.12577871978282928,0.06322794407606125,0.023424267396330835,0.04370616655796766,0.08592910319566727,0.16810645908117294,0.22574329003691673,0.3620510205626486,0.08217735588550568,0.33862675316631774,0.0,0.0,6.665161337711483e-05,0.0
A001332832-1,B2_proposed_lambda_0p50,H_sensitive,1.0,False,False,0.01339219231158495,0.6027695536613464,0.20266233384609222,0.20989349484443665,0.037605706602334976,0.1387598007917404,0.14621170982718468,0.16747302934527397,0.23295237496495247,0.2570851668715477,0.27631922662258146,0.0654793456196785,0.13755942583084105,0.0,0.0,0.0,0.0
A001344516,B1_baseline,M_sensitive,1.0,False,False,0.0001792172115528956,0.7900116443634033,0.21460124850273132,0.19496256113052368,0.10045592486858368,0.008581698760390282,0.08552208989858628,0.15307921171188354,0.25768163800239563,0.42518820762634146,0.54639888048172,0.10460242629051208,0.5378171817213298,0.0,0.0,0.0,0.0
A001344516,B1_baseline,H_sensitive,1.0,False,False,0.06974557042121887,0.9163094758987427,0.27921730279922485,0.2560885548591614,0.10161305218935013,0.11838376194238663,0.15290496349334717,0.2115478366613388,0.3328573703765869,0.47175250053405754,0.5613484978675842,0.12130953371524811,0.4429647359251976,0.0,0.0,0.0,0.0
A001344516,B2_proposed_lambda_0p50,M_sensitive,1.0,False,False,0.00022670719772577286,0.7176302671432495,0.23656822741031647,0.2399265617132187,0.09006097912788391,0.011772848330438136,0.10097418278455735,0.17077676951885223,0.29963919520378113,0.37534320950508115,0.46460764288902284,0.1288624256849289,0.4528347945585847,0.0,0.0,0.0,0.0
A001344516,B2_proposed_lambda_0p50,H_sensitive,1.0,False,False,0.04022425413131714,0.7215842008590698,0.23923194408416748,0.23954333364963531,0.04882984980940819,0.15497353971004485,0.16617732048034667,0.20184163749217987,0.2644723653793335,0.3327831268310545,0.3663645017147064,0.06263072788715363,0.21139096200466156,0.0,0.0,0.0,0.0
A001367900,B1_baseline,M_sensitive,1.0,False,False,0.0003533853741828352,0.8127700686454773,0.3065241575241089,0.2957569807767868,0.1496833860874176,0.04004928685724735,0.09766521193087101,0.17729489877820015,0.40656131505966187,0.5734023660421372,0.6606750231981278,0.22926641628146172,0.6206257363408804,0.0,0.0,0.0,0.0
A001367900,B1_baseline,H_sensitive,1.0,False,False,0.012765983119606972,0.9768120646476746,0.27115747332572937,0.26196324825286865,0.10561034828424454,0.09059695743024349,0.11349212974309922,0.21054095774888992,0.3410088121891022,0.40639307200908664,0.6263523560762406,0.13046785444021225,0.5357553986459971,0.0,0.0,0.0,0.0
A001367900,B2_proposed_lambda_0p50,M_sensitive,1.0,False,False,7.968972931848839e-05,0.8071597814559937,0.319486528635025,0.3426327258348465,0.12209320813417435,0.040157821774482724,0.10304020456969738,0.24122541025280952,0.39942077547311783,0.5001357942819595,0.5954533606767655,0.1581953652203083,0.5552955389022828,0.0,0.0,2.9835694828579014e-06,0.0
A001367900,B2_proposed_lambda_0p50,H_sensitive,1.0,False,False,0.02326013520359993,0.8745996356010437,0.23797710239887238,0.2448752075433731,0.04847683012485504,0.15274926722049714,0.16608509346842765,0.2025454044342041,0.2628379464149475,0.3043115109205246,0.34176339805126194,0.06029254198074341,0.1890141308307648,0.0,0.0,0.0,0.0
A001370375,B1_baseline,M_sensitive,1.0,False,False,0.03966562822461128,0.797744631767273,0.28530237078666687,0.24900837242603302,0.12447327375411987,0.11074536591768265,0.1447697952389717,0.19687747210264206,0.340047225356102,0.5555045306682587,0.6613271057605744,0.14316975325345993,0.5505817398428917,0.0,0.0,0.0,0.0
A001370375,B1_baseline,H_sensitive,1.0,False,False,0.041809141635894775,0.5508809089660645,0.2388206273317337,0.24140523374080658,0.0702597126364708,0.11850452348589897,0.1356510892510414,0.18221957981586456,0.2732744663953781,0.37069498002529144,0.4245731592178345,0.09105488657951355,0.30606863573193555,0.0,0.0,0.0,0.0
A001370375,B2_proposed_lambda_0p50,M_sensitive,1.0,False,False,0.01997351460158825,0.7457367181777954,0.30918020009994507,0.29939720034599304,0.09948411583900452,0.10313679575920105,0.17051229625940323,0.23180535435676575,0.3769104331731796,0.482355073094368,0.5768029093742374,0.14510507881641388,0.47366611361503635,0.0,0.0,0.0,0.0
A001370375,B2_proposed_lambda_0p50,H_sensitive,1.0,False,False,0.014629547484219074,0.6144839525222778,0.21518860757350922,0.22408577799797058,0.03905009105801582,0.14917263835668565,0.15766268968582153,0.17713961005210876,0.24788333475589752,0.26970116794109344,0.2999398797750474,0.07074372470378876,0.15076724141836173,0.0,0.0,0.0,0.0
A001393665,B1_baseline,M_sensitive,1.0,False,False,0.03007839061319828,0.8709920644760132,0.26983359456062317,0.24942773580551147,0.1430952399969101,0.06212290868163109,0.09011156558990478,0.149687260389328,0.35823604464530945,0.5422098517417907,0.683343596458435,0.20854878425598145,0.621220687776804,0.0,0.0,0.0,0.0
A001393665,B1_baseline,H_sensitive,1.0,False,False,0.030837981030344963,0.9031075239181519,0.21881239116191864,0.23003233969211578,0.07105399668216705,0.09609277188777923,0.11600287705659866,0.1723049134016037,0.25546878576278687,0.29195032715797425,0.4296681559085846,0.08316387236118317,0.33357538402080533,0.0,0.0,0.0,0.0
A001393665,B2_proposed_lambda_0p50,M_sensitive,1.0,False,False,0.009172538295388222,0.918394923210144,0.29386913776397705,0.2800467610359192,0.14807303249835968,0.0614037349820137,0.08721884042024612,0.17262126505374908,0.3920312225818634,0.5666316866874694,0.6504449510574339,0.21940995752811432,0.5890412160754203,0.0,0.0,0.0,0.0
A001393665,B2_proposed_lambda_0p50,H_sensitive,1.0,False,False,0.0046449643559753895,0.7168745398521423,0.2216760367155075,0.23268961906433105,0.03734195604920387,0.1475988906621933,0.15975312888622284,0.188899427652359,0.2508735954761505,0.26802539825439453,0.28496561050415037,0.061974167823791504,0.13736671984195706,0.0,0.0,0.0,0.0
A001397014,B1_baseline,M_sensitive,1.0,False,False,0.007062782067805529,0.8418803811073303,0.25434622168540955,0.21440233290195465,0.15685051679611206,0.04136714994907379,0.07284448444843292,0.12275777570903301,0.35376105457544327,0.5605993151664732,0.655731531381607,0.23100327886641026,0.6143643814325332,0.0,0.0,0.0,0.0
A001397014,B1_baseline,H_sensitive,1.0,False,False,0.06976154446601868,0.8322394490242004,0.2639288008213043,0.2519620358943939,0.09350912272930145,0.11753950454294682,0.13602226600050926,0.1941652037203312,0.3188125640153885,0.43129674494266507,0.47959699362516395,0.1246473602950573,0.36205748908221713,0.0,0.0,0.0,0.0
A001397014,B2_proposed_lambda_0p50,M_sensitive,1.0,False,False,0.00027593839331530035,0.8153086304664612,0.24935582280158997,0.2544299364089966,0.12878882884979248,0.038219934515655044,0.05845001954585314,0.14489860460162163,0.32988255470991135,0.4714046746492385,0.5862865018844604,0.18498395010828972,0.5480665673688053,0.0,0.0,0.0,0.0
A001397014,B2_proposed_lambda_0p50,H_sensitive,1.0,False,False,0.0746927261352539,0.6846659779548645,0.22645136713981628,0.23167550563812256,0.045206692069768906,0.1460741762816906,0.1588772401213646,0.18937793746590614,0.25312434881925583,0.3015348911285399,0.3632783555984497,0.06374641135334969,0.2172041793167591,0.0,0.0,0.0,0.0
A001397960,B1_baseline,M_sensitive,1.0,False,False,0.007147538475692272,0.8096559047698975,0.1923636645078659,0.17766061425209045,0.09413288533687592,0.03627963364124298,0.06351509690284729,0.12820085883140564,0.250480979681015,0.3456495702266693,0.49786909818649294,0.12228012084960938,0.46158946454524996,0.0,0.0,0.0,0.0
A001397960,B1_baseline,H_sensitive,1.0,False,False,0.0664593055844307,0.9189468622207642,0.21407154202461243,0.21705500781536102,0.06417988240718842,0.10491888523101807,0.12640148401260376,0.17166747152805328,0.24964798986911774,0.2870672643184662,0.37276935577392645,0.07798051834106445,0.2678504705429084,0.0,0.0,0.0,0.0
A001397960,B2_proposed_lambda_0p50,M_sensitive,1.0,False,False,0.0005007016006857157,0.8424102663993835,0.20854704082012177,0.19566555321216583,0.10028056800365448,0.033063863217830655,0.06910711526870728,0.1379949450492859,0.2662103772163391,0.3888111114501953,0.5092148303985596,0.12821543216705322,0.47615096718072897,0.0,0.0,0.0,0.0
A001397960,B2_proposed_lambda_0p50,H_sensitive,1.0,False,False,0.011376860551536083,0.6647646427154541,0.2195553183555603,0.22706013917922974,0.03962138295173645,0.14510312378406526,0.15796272456645966,0.18271099030971527,0.2527766525745392,0.27533796429634094,0.2915513277053834,0.07006566226482391,0.14644820392131813,0.0,0.0,0.0,0.0
A001409228,B1_baseline,M_sensitive,1.0,False,False,0.007880236022174358,0.7841795086860657,0.19233623147010803,0.15665481984615326,0.12172067910432816,0.03366475198417902,0.06065909191966057,0.10652820020914078,0.2479315884411335,0.45062588602304465,0.6130288887023926,0.14140338823199272,0.5793641367182135,0.0,0.0,0.0,0.0
A001409228,B1_baseline,H_sensitive,1.0,False,False,0.013572506606578827,0.7264028191566467,0.22163589298725128,0.22446127980947495,0.06871095299720764,0.09306819766759872,0.12363397628068924,0.16952067613601685,0.2591368034482002,0.34140419512987136,0.41925738990306854,0.08961612731218338,0.3261891922354698,0.0,0.0,0.0,0.0
A001409228,B2_proposed_lambda_0p50,M_sensitive,1.0,False,False,0.003338439157232642,0.8015103340148926,0.2041831761598587,0.18050120770931244,0.11380258947610855,0.026700512152165175,0.059136398322880264,0.11587987095117569,0.2767157331109047,0.4134990543127061,0.5376793575286866,0.160835862159729,0.5109788453765214,0.0,0.0,0.0,0.0
A001409228,B2_proposed_lambda_0p50,H_sensitive,1.0,False,False,0.0059203337877988815,0.62516850233078,0.21750392019748688,0.22611162811517715,0.038034483790397644,0.1470423825085163,0.15853390097618103,0.18088242039084435,0.2482084408402443,0.2704531103372574,0.29088434427976606,0.06732602044939995,0.14384196177124975,0.0,0.0,0.0,0.0
A001427321,B1_baseline,M_sensitive,1.0,False,False,0.00523169944062829,0.7799007892608643,0.25551876425743103,0.20360711216926575,0.15722499787807465,0.04231437534093857,0.07608048915863037,0.13112561777234077,0.3640111908316612,0.5603320866823196,0.6620181775093079,0.23288557305932045,0.6197038021683694,0.0,0.0,0.0,0.0
A001427321,B1_baseline,H_sensitive,1.0,False,False,0.021767698228359222,0.5233628153800964,0.2581771910190582,0.2490997537970543,0.09244830906391144,0.10160522520542145,0.11956867910921573,0.1904953420162201,0.3160092458128929,0.4267796233296394,0.4625519886612892,0.12551390379667282,0.36094676345586774,0.0,0.0,0.0,0.0
A001427321,B2_proposed_lambda_0p50,M_sensitive,1.0,False,False,0.0005013178451918066,0.7771627306938171,0.25129926204681396,0.23052959889173508,0.1314629763364792,0.032723169215023516,0.07023439779877663,0.13997948542237282,0.3571660816669464,0.4782867938280106,0.5601542276144028,0.2171865962445736,0.5274310583993793,0.0,0.0,0.0,0.0
A001427321,B2_proposed_lambda_0p50,H_sensitive,1.0,False,False,0.04026920348405838,0.6398507356643677,0.2258688062429428,0.2340937778353691,0.03796473518013954,0.14797816291451454,0.1645979754626751,0.19175202026963234,0.2547908052802086,0.27862245589494705,0.3059175729751587,0.06303878501057625,0.15793941006064416,0.0,0.0,0.0,0.0
A001438120,B1_baseline,M_sensitive,1.0,False,False,0.012834105640649796,0.5846291780471802,0.22833095490932465,0.22054024040699005,0.07572851330041885,0.08254793539643288,0.11844425573945046,0.1689547374844551,0.2857901006937027,0.3535764217376709,0.4087646752595896,0.11683536320924759,0.3262167398631567,0.0,0.0,0.0,0.0
A001438120,B1_baseline,H_sensitive,1.0,False,False,0.08445688337087631,0.7597616910934448,0.21996305882930756,0.24068108201026917,0.05884149670600891,0.10313111558556556,0.11879145950078965,0.17157744616270065,0.26366467773914337,0.2836982399225235,0.3131088650226591,0.09208723157644272,0.20997774943709355,0.0,0.0,0.0,0.0
A001438120,B2_proposed_lambda_0p50,M_sensitive,1.0,False,False,0.004589236341416836,0.5324332118034363,0.23332253098487854,0.23336486518383026,0.0656752958893776,0.06052609138190747,0.12235979214310647,0.19074264913797379,0.2804621458053589,0.3356838971376419,0.37333007156848796,0.0897194966673851,0.3128039801865805,0.0,0.0,0.0,0.0
A001438120,B2_proposed_lambda_0p50,H_sensitive,1.0,False,False,0.023808345198631287,0.6417096257209778,0.2218211591243744,0.2313879132270813,0.04246591404080391,0.1439098373055458,0.1534907639026642,0.18198798596858978,0.2550671845674515,0.2784385651350021,0.3114674931764603,0.0730791985988617,0.16755765587091448,0.0,0.0,0.0,0.0
A001471135,B1_baseline,M_sensitive,1.0,False,False,0.0038044126704335213,0.7715664505958557,0.32434070110321045,0.32885704934597015,0.15001296997070312,0.04792755100876093,0.10247052162885666,0.19548391923308372,0.4259367659687996,0.5850151240825654,0.6568886339664456,0.23045284673571587,0.6089610829576847,0.0,0.0,0.0,0.0
A001471135,B1_baseline,H_sensitive,1.0,False,False,0.030123954638838768,0.5115609765052795,0.23265519738197327,0.24640557169914246,0.07177621126174927,0.07807356059551239,0.10275359563529492,0.17883597314357758,0.2867610603570938,0.3378311038017273,0.35876026958227153,0.10792508721351624,0.2806867089867591,0.0,0.0,0.0,0.0
A001471135,B2_proposed_lambda_0p50,M_sensitive,1.0,False,False,0.0009377812966704369,0.8356702327728271,0.3307691514492035,0.3435394614934921,0.11973229050636292,0.04876552194356919,0.11943925023078919,0.2540583163499832,0.4103233218193054,0.5080494612455368,0.6085622024536124,0.1562650054693222,0.5597966805100432,0.0,0.0,0.0,0.0
A001471135,B2_proposed_lambda_0p50,H_sensitive,1.0,False,False,0.027189254760742188,0.6740836501121521,0.2181997299194336,0.22852636873722076,0.03665308654308319,0.14398275926709175,0.15769582241773605,0.1840181089937687,0.2476954311132431,0.2655315831303596,0.27975783139467236,0.06367732211947441,0.1357750721275806,0.0,0.0,0.0,0.0
A001478803,B1_baseline,M_sensitive,1.0,False,False,9.179375410894863e-06,0.7091193795204163,0.13963726162910461,0.12346044927835464,0.09345436096191406,0.009706884063780308,0.026034624502062797,0.0714784637093544,0.1812683790922165,0.32398522496223436,0.44691092848777814,0.10978991538286209,0.43720404442399785,0.0,0.0,2.0954721776763187e-05,0.0
A001478803,B1_baseline,H_sensitive,1.0,False,False,0.05727977305650711,0.669413149356842,0.20252865552902222,0.20922037959098816,0.06397745013237,0.08064651131629944,0.10045752823352815,0.15309596061706543,0.24917569756507874,0.2820112705230712,0.3594965279102329,0.0960797369480133,0.2788500165939335,0.0,0.0,0.0,0.0
A001478803,B2_proposed_lambda_0p50,M_sensitive,1.0,False,False,6.850461318208545e-07,0.7175612449645996,0.14530904591083527,0.13520950078964233,0.08790849149227142,0.008231866285204888,0.02521072216331959,0.08062620460987091,0.19520904123783112,0.3041056752204894,0.43198225617408764,0.1145828366279602,0.42375038988888275,0.0,0.0,5.916627325203723e-05,0.0
A001478803,B2_proposed_lambda_0p50,H_sensitive,1.0,False,False,0.06730406731367111,0.6049774289131165,0.20719431340694427,0.2126116007566452,0.03754892200231552,0.13848944008350372,0.14936848878860473,0.17203567922115326,0.2389814406633377,0.25884607434272766,0.2728123486042023,0.06694576144218445,0.13432290852069856,0.0,0.0,0.0,0.0
A001506620,B1_baseline,M_sensitive,1.0,False,False,0.018873946741223335,0.767640233039856,0.20484967529773712,0.188774012029171,0.08004986494779587,0.07859802804887295,0.10631727799773216,0.15054039657115936,0.2434203401207924,0.35420787632465367,0.48266989499330526,0.09287994354963303,0.4040718669444323,0.0,0.0,0.0,0.0
A001506620,B1_baseline,H_sensitive,1.0,False,False,0.04686847701668739,0.4634694457054138,0.2304026484489441,0.24791692942380905,0.05857999995350838,0.0894426290690899,0.12090151272714138,0.18883974850177765,0.27120543271303177,0.30484852790832523,0.345539368391037,0.08236568421125412,0.2560967393219471,0.0,0.0,0.0,0.0
A001506620,B2_proposed_lambda_0p50,M_sensitive,1.0,False,False,0.0012571255210787058,0.6853883266448975,0.1776473969221115,0.17129113525152206,0.07528463751077652,0.024646745789796115,0.06431590095162391,0.12511761859059334,0.22329312562942505,0.31259974986314776,0.3732720819115639,0.09817550703883171,0.3486253361217678,0.0,0.0,0.0,0.0
A001506620,B2_proposed_lambda_0p50,H_sensitive,1.0,False,False,0.005482843611389399,0.7229219675064087,0.21099455654621124,0.21923109143972397,0.04005586728453636,0.13939395815134048,0.14577479287981987,0.1751125007867813,0.24341358244419098,0.26468380242586137,0.28758497118949894,0.06830108165740967,0.14819101303815846,0.0,0.0,0.0,0.0
A001516623,B1_baseline,M_sensitive,1.0,False,False,0.0002677040174603462,0.7598762512207031,0.19915255904197693,0.17489472031593323,0.10521374642848969,0.034274372160434725,0.06934156119823456,0.12201640009880066,0.2590136229991913,0.4073887407779694,0.5242231678962707,0.13699722290039062,0.48994879573583594,0.0,0.0,0.0,0.0
A001516623,B1_baseline,H_sensitive,1.0,False,False,0.062092944979667664,0.5928713083267212,0.22318801283836365,0.232087641954422,0.08092358708381653,0.07554447799921035,0.09777970910072327,0.15546630322933197,0.2712291181087494,0.36616132259368883,0.4052544498443603,0.11576281487941742,0.32970997184514994,0.0,0.0,0.0,0.0
A001516623,B2_proposed_lambda_0p50,M_sensitive,1.0,False,False,0.000777528272010386,0.7055855393409729,0.21897028386592865,0.2186276912689209,0.08994367718696594,0.03550015956163406,0.07332614213228227,0.1532008945941925,0.27857401967048645,0.3684083104133606,0.44792825222015353,0.12537312507629395,0.4124280926585195,0.0,0.0,0.0,0.0
A001516623,B2_proposed_lambda_0p50,H_sensitive,1.0,False,False,0.055210307240486145,0.6623805165290833,0.22182747721672058,0.23332425951957703,0.040911514312028885,0.14692065119743347,0.15705576837062835,0.18322637677192688,0.2532067596912384,0.27705636024475094,0.30948866248130763,0.06998038291931152,0.16256801128387416,0.0,0.0,0.0,0.0
A001521653,B1_baseline,M_sensitive,1.0,False,False,0.009888900443911552,0.7040006518363953,0.18925727903842926,0.14701154828071594,0.10596993565559387,0.05305895268917084,0.07718674689531327,0.11625321954488754,0.24628054350614548,0.42181165218353267,0.5093667542934419,0.13002732396125793,0.4563078016042711,0.0,0.0,0.0,0.0
A001521653,B1_baseline,H_sensitive,1.0,False,False,0.02799822948873043,0.8925758600234985,0.2617858946323395,0.2498532235622406,0.11029042303562164,0.10172911286354065,0.12518019676208497,0.1755659431219101,0.33272916078567505,0.41819717288017266,0.6868623244762423,0.15716321766376495,0.5851332116127016,0.0,0.0,0.0,0.0
A001521653,B2_proposed_lambda_0p50,M_sensitive,1.0,False,False,0.0007223268039524555,0.5847278237342834,0.19422177970409393,0.18044337630271912,0.08073275536298752,0.0450039055198431,0.07734512016177178,0.13406433165073395,0.2535763531923294,0.33720155358314513,0.3985510224103928,0.11951202154159546,0.3535471168905497,0.0,0.0,0.0,0.0
A001521653,B2_proposed_lambda_0p50,H_sensitive,1.0,False,False,0.026280974969267845,0.9512003064155579,0.2260032296180725,0.22896432876586914,0.048229169100522995,0.15747977137565614,0.16743441969156264,0.18593858182430267,0.2547808140516281,0.2837878793478012,0.37256043255329185,0.06884223222732544,0.21508066117763572,0.0,0.0,0.0,0.0
A001525457,B1_baseline,M_sensitive,1.0,False,False,0.06322237104177475,0.7353325486183167,0.24489393830299377,0.22104308009147644,0.09460718929767609,0.11123495489358902,0.1355056568980217,0.17207099497318268,0.30208779871463776,0.4223135143518448,0.5403470027446748,0.13001680374145508,0.4291120478510858,0.0,0.0,0.0,0.0
A001525457,B1_baseline,H_sensitive,1.0,False,False,0.04215022176504135,0.8488346338272095,0.23174531757831573,0.24278876185417175,0.0700194239616394,0.10545644268393517,0.13202398717403413,0.1845829114317894,0.26323655247688293,0.3188478320837021,0.4306755179166797,0.07865364104509354,0.3252190752327445,0.0,0.0,0.0,0.0
A001525457,B2_proposed_lambda_0p50,M_sensitive,1.0,False,False,0.013517478480935097,0.7264301776885986,0.25942519307136536,0.24405284225940704,0.09158653020858765,0.08781863793730736,0.14013710021972656,0.1853090077638626,0.32728224992752075,0.41235932707786555,0.4968383753299717,0.14197324216365814,0.40901973739266434,0.0,0.0,0.0,0.0
A001525457,B2_proposed_lambda_0p50,H_sensitive,1.0,False,False,0.03163216635584831,0.6004872918128967,0.22635531425476074,0.23431965708732605,0.042239487171173096,0.15362745642662048,0.16334254890680314,0.18650680035352707,0.2566940188407898,0.28716122806072236,0.33783856153488173,0.07018721848726273,0.18421110510826125,0.0,0.0,0.0,0.0
A001529896,B1_baseline,M_sensitive,1.0,False,False,0.0071143656969070435,0.7722143530845642,0.2733175754547119,0.2431212067604065,0.12632477283477783,0.0698644956946373,0.1146235316991806,0.1756501942873001,0.3545258343219757,0.523483881354332,0.595656021237373,0.1788756400346756,0.5257915255427358,0.0,0.0,0.0,0.0
A001529896,B1_baseline,H_sensitive,1.0,False,False,0.0656653419137001,0.5650214552879333,0.21520867943763733,0.22478649020195007,0.0621323436498642,0.08887740030884743,0.11339451260864734,0.16657840833067894,0.25342004001140594,0.3137380227446557,0.36704190075397486,0.086841631680727,0.2781645004451274,0.0,0.0,0.0,0.0
A001529896,B2_proposed_lambda_0p50,M_sensitive,1.0,False,False,0.0017773236613720655,0.7906469106674194,0.31512391567230225,0.3120478093624115,0.12162648141384125,0.07768077172338962,0.13102110028266906,0.21738047897815704,0.401774138212204,0.5220501095056534,0.5974565505981445,0.18439365923404694,0.5197757788747549,0.0,0.0,0.0,0.0
A001529896,B2_proposed_lambda_0p50,H_sensitive,1.0,False,False,0.02835025079548359,0.654869019985199,0.21928562223911285,0.23249895125627518,0.03891044110059738,0.14617117181420325,0.15665012300014497,0.182739969342947,0.24782311916351318,0.26674439609050754,0.3050585374236102,0.06508314982056618,0.15888736560940697,0.0,0.0,0.0,0.0
A001534217,B1_baseline,M_sensitive,1.0,False,False,8.088444883469492e-05,0.676335334777832,0.1633838266134262,0.14809659123420715,0.07771049439907074,0.03594190105795861,0.06670389324426651,0.11143806576728821,0.1955643594264984,0.31521767377853394,0.4245233714580533,0.0841262936592102,0.3885814704000947,0.0,0.0,1.4193638127518484e-06,0.0
A001534217,B1_baseline,H_sensitive,1.0,False,False,0.057829950004816055,0.8511868119239807,0.2095298171043396,0.22104758024215698,0.0647997036576271,0.08570575565099717,0.10869476199150085,0.161260724067688,0.24765944480895996,0.2884749472141266,0.34183847308158866,0.08639872074127197,0.2561327174305915,0.0,0.0,0.0,0.0
A001534217,B2_proposed_lambda_0p50,M_sensitive,1.0,False,False,0.0009837890975177288,0.655942440032959,0.17342746257781982,0.1648896485567093,0.07098448276519775,0.026248736307024956,0.06621081382036209,0.12562671303749084,0.21363742649555206,0.30214813351631165,0.3695923984050749,0.08801071345806122,0.34334366209804995,0.0,0.0,0.0,0.0
A001534217,B2_proposed_lambda_0p50,H_sensitive,1.0,False,False,0.014820873737335205,0.764776885509491,0.2160750925540924,0.22408774495124817,0.041515469551086426,0.1426161050796509,0.1547752022743225,0.17845140397548676,0.25001847743988037,0.2658150792121887,0.29029821157455443,0.07156707346439362,0.14768210649490354,0.0,0.0,0.0,0.0
A001544142,B1_baseline,M_sensitive,1.0,False,False,0.001361301401630044,0.7426053881645203,0.22059662640094757,0.21895042061805725,0.1302834004163742,0.01502845386043191,0.035752322897315024,0.11397180706262589,0.2943277806043625,0.4673231095075608,0.6122271394729613,0.1803559735417366,0.5971986856125293,0.0,0.0,0.0,0.0
A001544142,B1_baseline,H_sensitive,1.0,False,False,0.06252235174179077,0.9156355857849121,0.20895759761333466,0.21852029860019684,0.07310885190963745,0.08593878373503686,0.1028292492032051,0.14999455958604813,0.2527741491794586,0.3149552404880524,0.4077583771944046,0.10277958959341049,0.3218195934593677,0.0,0.0,0.0,0.0
A001544142,B2_proposed_lambda_0p50,M_sensitive,1.0,False,False,0.00029727263608947396,0.7665465474128723,0.25075051188468933,0.24884828925132751,0.13226960599422455,0.012999212499707938,0.038928795233368875,0.1548050418496132,0.3419477939605713,0.4726877242326737,0.5367368745803833,0.1871427521109581,0.5237376620806754,0.0,0.0,0.0,0.0
A001544142,B2_proposed_lambda_0p50,H_sensitive,1.0,False,False,0.0015901612350717187,0.8783832788467407,0.20555379986763,0.21282348036766052,0.04637331888079643,0.06060243345797062,0.14417556077241897,0.16898420453071594,0.24237095564603806,0.2669905722141266,0.2777046799659729,0.07338675111532211,0.2171022465080023,0.0,0.0,0.0,0.0
A001545475,B1_baseline,M_sensitive,1.0,False,False,0.004084920044988394,0.8248766660690308,0.2712559700012207,0.22960525006055832,0.13064903020858765,0.08676024451851845,0.12276268266141414,0.17334989085793495,0.3488583043217659,0.5315028816461563,0.6312518095970154,0.17550841346383095,0.5444915650784969,0.0,0.0,0.0,0.0
A001545475,B1_baseline,H_sensitive,1.0,False,False,0.0209939144551754,0.6665877103805542,0.22714711725711823,0.2332678586244583,0.07141958922147751,0.08783333994448185,0.10844863131642342,0.17447947338223457,0.26947029680013657,0.3358818307518958,0.40888255238533106,0.09499082341790199,0.3210492124408492,0.0,0.0,0.0,0.0
A001545475,B2_proposed_lambda_0p50,M_sensitive,1.0,False,False,0.0018421963322907686,0.8905263543128967,0.28406447172164917,0.266763374209404,0.12394201755523682,0.06652120895683765,0.1193112675100565,0.1805419698357582,0.37614525854587555,0.4958376124501227,0.5840872985124589,0.19560328871011734,0.5175660895556212,0.0,0.0,0.0,0.0
A001545475,B2_proposed_lambda_0p50,H_sensitive,1.0,False,False,0.0010178524535149336,0.6523194909095764,0.21634870767593384,0.22474363446235657,0.0397728830575943,0.1444716504216194,0.15496740043163298,0.18029636144638062,0.2478601336479187,0.2691893741488457,0.2992900449037552,0.06756377220153809,0.1548183944821358,0.0,0.0,0.0,0.0
A001560256,B1_baseline,M_sensitive,1.0,False,False,1.2779316271860353e-08,0.7650467157363892,0.25052323937416077,0.22335462272167206,0.13662387430667877,0.01768425177782774,0.06781261637806893,0.1445319652557373,0.34815770387649536,0.5097983300685883,0.6013976490497589,0.20362573862075806,0.5837133972719312,0.0,0.0,0.002539570577021842,0.0
A001560256,B1_baseline,H_sensitive,1.0,False,False,0.022638149559497833,0.7419861555099487,0.22947904467582703,0.2347622960805893,0.07603047043085098,0.08039969801902772,0.10327228829264641,0.17521890997886658,0.2705836743116379,0.3653433531522752,0.3960039919614792,0.0953647643327713,0.3156042939424515,0.0,0.0,0.0,0.0
A001560256,B2_proposed_lambda_0p50,M_sensitive,1.0,False,False,3.0936812436266337e-06,0.7810975313186646,0.2795514166355133,0.28077226877212524,0.13132242858409882,0.006983612636104226,0.06602838411927223,0.17492608726024628,0.3802686333656311,0.4894979625940323,0.5803045308589935,0.20534254610538483,0.5733209182228892,0.0,0.0,0.0020671821321323254,0.0
A001560256,B2_proposed_lambda_0p50,H_sensitive,1.0,False,False,0.012498512864112854,0.6628363132476807,0.2175988405942917,0.22848965227603912,0.039292674511671066,0.14241087466478347,0.15443513691425323,0.18026506900787354,0.24828340858221054,0.2708350419998169,0.2884336602687836,0.068018339574337,0.14602278560400012,0.0,0.0,0.0,0.0
A001570399,B1_baseline,M_sensitive,1.0,False,False,0.03499795123934746,0.8532603979110718,0.34114763140678406,0.32206571102142334,0.1617823839187622,0.0783231334388256,0.1146447092294693,0.20238443464040756,0.46919845789670944,0.6223553717136383,0.6855878555774693,0.2668140232563019,0.6072647221386437,0.0,0.0,0.0,0.0
A001570399,B1_baseline,H_sensitive,1.0,False,False,0.07787051796913147,0.9610914587974548,0.26885202527046204,0.25323066115379333,0.0982043668627739,0.09962401606142521,0.13075774908065796,0.1958867907524109,0.33994095027446747,0.42967531085014343,0.48444507330656067,0.14405415952205658,0.3848210572451355,0.0,0.0,0.0,0.0
A001570399,B2_proposed_lambda_0p50,M_sensitive,1.0,False,False,0.005103017669171095,0.8195599913597107,0.3666609525680542,0.3718045949935913,0.12390809506177902,0.09260354354977608,0.1579410381615162,0.2748556062579155,0.4612414836883545,0.5611280769109727,0.6122298294305801,0.186385877430439,0.5196262858808041,0.0,0.0,0.0,0.0
A001570399,B2_proposed_lambda_0p50,H_sensitive,1.0,False,False,0.00829592440277338,0.8867006301879883,0.24083425104618073,0.2448371797800064,0.05101567879319191,0.15789060443639755,0.16793938279151915,0.19862063974142075,0.26456698775291443,0.3350355535745622,0.38143226206302644,0.06594634801149368,0.2235416576266289,0.0,0.0,0.0,0.0
A001572675,B1_baseline,M_sensitive,1.0,False,False,0.000565790687687695,0.6777315139770508,0.1950027197599411,0.19748541712760925,0.07910925894975662,0.028287627771496772,0.06733012571930885,0.1447787508368492,0.23922580480575562,0.3210728377103806,0.41583237886428853,0.0944470539689064,0.38754475109279174,0.0,0.0,0.0,0.0
A001572675,B1_baseline,H_sensitive,1.0,False,False,0.07587176561355591,0.6111756563186646,0.21432295441627502,0.22435890138149261,0.0547691285610199,0.10187874808907509,0.12095729038119316,0.1714949980378151,0.25370459258556366,0.2865946412086487,0.34496197700500497,0.08220959454774857,0.24308322891592987,0.0,0.0,0.0,0.0
A001572675,B2_proposed_lambda_0p50,M_sensitive,1.0,False,False,0.0007214032812044024,0.6315029859542847,0.20087802410125732,0.2063797563314438,0.07171190530061722,0.025506239607930185,0.06516971811652184,0.1636693999171257,0.24465885758399963,0.30696041882038116,0.3818974858522418,0.08098945766687393,0.3563912462443116,0.0,0.0,0.0,0.0
A001572675,B2_proposed_lambda_0p50,H_sensitive,1.0,False,False,0.026816559955477715,0.5364677309989929,0.2189444899559021,0.2267015427350998,0.03715522587299347,0.15210939407348634,0.161618010699749,0.18267128616571426,0.24962642788887024,0.2695921063423157,0.28507619857788086,0.06695514172315598,0.13296680450439452,0.0,0.0,0.0,0.0
A001575759,B1_baseline,M_sensitive,1.0,False,False,0.0001249000197276473,0.7898464202880859,0.2849530875682831,0.2721291184425354,0.15064245462417603,0.032348532751202586,0.07380760610103607,0.1588018611073494,0.38594791293144226,0.5623119473457336,0.6537062573432922,0.22714605182409286,0.6213577245920896,0.0,0.0,0.0,0.0
A001575759,B1_baseline,H_sensitive,1.0,False,False,0.04155345633625984,0.7554043531417847,0.23194222152233124,0.2421354055404663,0.08669574558734894,0.07543019235134124,0.09287988767027855,0.1628480702638626,0.2851828634738922,0.3727798879146576,0.4049897861480713,0.1223347932100296,0.32955959379673005,0.0,0.0,0.0,0.0
A001575759,B2_proposed_lambda_0p50,M_sensitive,1.0,False,False,3.8951649912633e-05,0.7742973566055298,0.28997018933296204,0.30511391162872314,0.11428550630807877,0.03298501566052437,0.0888398066163063,0.21060512959957123,0.36566342413425446,0.46569795608520514,0.5495923745632172,0.15505829453468323,0.5166073589026928,0.0,0.0,1.0902702916336746e-05,0.0
A001575759,B2_proposed_lambda_0p50,H_sensitive,1.0,False,False,0.021133726462721825,0.6968068480491638,0.21730776131153107,0.2297748476266861,0.03612685948610306,0.1499587979912758,0.15957932323217391,0.18180955201387405,0.2478266954421997,0.2597730100154877,0.27688575983047486,0.06601714342832565,0.12692696183919908,0.0,0.0,0.0,0.0
A001581917,B1_baseline,M_sensitive,1.0,False,False,0.0008393187308683991,0.7768338918685913,0.18719637393951416,0.15087857842445374,0.1265842169523239,0.015707379952073098,0.040831534564495085,0.09034847468137741,0.25920435786247253,0.4477788209915161,0.5539831781387327,0.16885588318109512,0.5382757981866596,0.0,0.0,0.0,0.0
A001581917,B1_baseline,H_sensitive,1.0,False,False,0.07342331856489182,0.5993546843528748,0.2653290629386902,0.26841700077056885,0.10752444714307785,0.09811529815196991,0.11756319254636764,0.16656649112701416,0.33229902386665344,0.45403162240982053,0.5520832633972165,0.16573253273963928,0.4539679652452466,0.0,0.0,0.0,0.0
A001581917,B2_proposed_lambda_0p50,M_sensitive,1.0,False,False,1.2102293112548068e-05,0.7682857513427734,0.1872515231370926,0.18519146740436554,0.10101454704999924,0.015189368091523648,0.036719157546758655,0.10546699911355972,0.2643970549106598,0.34728714227676377,0.4389377605915067,0.15893005579710007,0.42374839249998303,0.0,0.0,3.938470586845246e-06,0.0
A001581917,B2_proposed_lambda_0p50,H_sensitive,1.0,False,False,0.06552683562040329,0.7174994349479675,0.22179833054542542,0.2314269095659256,0.0409814827144146,0.1500454694032669,0.15899324119091035,0.1814855933189392,0.2509079873561859,0.2852244317531586,0.3098157143592834,0.0694223940372467,0.1597702449560165,0.0,0.0,0.0,0.0
A001583377,B1_baseline,M_sensitive,1.0,False,False,0.0004504535754676908,0.8369578719139099,0.26653242111206055,0.22530578076839447,0.17776915431022644,0.02544654741883278,0.054810389131307605,0.11446598917245865,0.4015730023384094,0.6010656595230102,0.6686586284637451,0.2871070131659508,0.6432120810449123,0.0,0.0,0.0,0.0
A001583377,B1_baseline,H_sensitive,1.0,False,False,0.048452988266944885,0.578455924987793,0.2643794119358063,0.25334614515304565,0.10494914650917053,0.07900056421756745,0.10580670088529587,0.17937986552715302,0.356481671333313,0.4361266911029815,0.48039258837699866,0.17710180580615997,0.4013920241594312,0.0,0.0,0.0,0.0
A001583377,B2_proposed_lambda_0p50,M_sensitive,1.0,False,False,4.847333548241295e-05,0.737694263458252,0.26951631903648376,0.28359198570251465,0.14822649955749512,0.024228188917040826,0.05324668437242508,0.13594144582748413,0.37719595432281494,0.5264360070228576,0.6069719624519339,0.2412545084953308,0.582743773534893,0.0,0.0,6.629813742012732e-06,0.0
A001583377,B2_proposed_lambda_0p50,H_sensitive,1.0,False,False,0.025972796604037285,0.6913096904754639,0.2292020469903946,0.23427000641822815,0.04950883239507675,0.14569140791893007,0.15780626833438874,0.18637055158615112,0.2523896396160126,0.319336062669754,0.3722890138626097,0.06601908802986145,0.22659760594367964,0.0,0.0,0.0,0.0
A001588715,B1_baseline,M_sensitive,1.0,False,False,0.018377579748630524,0.8069842457771301,0.21594683825969696,0.18713699281215668,0.11680999398231506,0.06283531278371811,0.08471372723579407,0.13458900526165962,0.26343292742967606,0.4608017906546595,0.6311200547218324,0.12884392216801643,0.5682847419381143,0.0,0.0,0.0,0.0
A001588715,B1_baseline,H_sensitive,1.0,False,False,0.06699709594249725,0.7364727854728699,0.22727850079536438,0.23571033775806427,0.0673554465174675,0.09568415321409703,0.12101295329630375,0.17706329748034477,0.2642786279320717,0.3372004136443139,0.4054057177901268,0.08721533045172691,0.3097215645760298,0.0,0.0,0.0,0.0
A001588715,B2_proposed_lambda_0p50,M_sensitive,1.0,False,False,0.007991490885615349,0.8236874938011169,0.21989744901657104,0.2119978815317154,0.1014157086610794,0.05298194780945778,0.0816529393196106,0.14354975894093513,0.2752657011151314,0.4036655023694039,0.5555806821584713,0.13171594217419624,0.5025987343490136,0.0,0.0,0.0,0.0
A001588715,B2_proposed_lambda_0p50,H_sensitive,1.0,False,False,0.0347767174243927,0.5573000311851501,0.2202964723110199,0.22960581630468369,0.036290302872657776,0.15208602234721183,0.16287186592817307,0.18549977988004684,0.24919560551643372,0.27006154507398605,0.2850653630495072,0.06369582563638687,0.13297934070229536,0.0,0.0,0.0,0.0
A001590165,B1_baseline,M_sensitive,1.0,False,False,0.005458415020257235,0.7380452752113342,0.27126285433769226,0.2632608115673065,0.1458575576543808,0.026396031118929388,0.04815102554857731,0.16160735487937927,0.35991011559963226,0.538781613111496,0.6309208810329436,0.198302760720253,0.6045248499140142,0.0,0.0,0.0,0.0
A001590165,B1_baseline,H_sensitive,1.0,False,False,0.02978818118572235,0.5346543788909912,0.23750746250152588,0.23643815517425537,0.091670460999012,0.07660496905446053,0.10403386875987053,0.15593083202838898,0.3031284213066101,0.3953542709350586,0.43428847491741174,0.14719758927822113,0.3576835058629512,0.0,0.0,0.0,0.0
A001590165,B2_proposed_lambda_0p50,M_sensitive,1.0,False,False,0.00020712215336970985,0.7271081209182739,0.2986852824687958,0.3208877146244049,0.13337762653827667,0.0286060007289052,0.05613136850297451,0.20077095925807953,0.3979634493589401,0.49010801315307617,0.5729024589061736,0.1971924901008606,0.5442964581772685,0.0,0.0,0.0,0.0
A001590165,B2_proposed_lambda_0p50,H_sensitive,1.0,False,False,0.03781763091683388,0.703062117099762,0.2283637374639511,0.23816002905368805,0.0469396710395813,0.14869242906570435,0.15858978778123856,0.18496669828891754,0.25632983446121216,0.30685561895370483,0.3542987197637557,0.07136313617229462,0.20560629069805136,0.0,0.0,0.0,0.0
A001598566,B1_baseline,M_sensitive,1.0,False,False,0.010687463916838169,0.7697045207023621,0.18529066443443298,0.16413439065217972,0.09294771403074265,0.040310332477092745,0.06792090088129044,0.11998336389660835,0.23349554464221,0.3651536718010901,0.46148287326097515,0.11351218074560165,0.4211725407838824,0.0,0.0,0.0,0.0
A001598566,B1_baseline,H_sensitive,1.0,False,False,0.07299641519784927,0.5035526752471924,0.19732360541820526,0.20771361887454987,0.05944440886378288,0.08598123267292976,0.10318669304251671,0.141032375395298,0.24472001940011978,0.2824438408017158,0.3177755725383759,0.10368764400482178,0.23179433986544615,0.0,0.0,0.0,0.0
A001598566,B2_proposed_lambda_0p50,M_sensitive,1.0,False,False,0.007838677614927292,0.6741456389427185,0.1978381723165512,0.19422976672649384,0.0859823226928711,0.03698282413184643,0.0690895039588213,0.12985042110085487,0.25816142559051514,0.33733838647603986,0.43142562389373784,0.12831100448966026,0.3944427997618914,0.0,0.0,0.0,0.0
A001598566,B2_proposed_lambda_0p50,H_sensitive,1.0,False,False,0.03770744800567627,0.5865877866744995,0.2156963050365448,0.22165267169475555,0.038695625960826874,0.143555958122015,0.15540243983268737,0.1801202930510044,0.24719379097223282,0.27075743675231934,0.29360686182975776,0.06707349792122841,0.15005090370774277,0.0,0.0,0.0,0.0
A001601034,B1_baseline,M_sensitive,1.0,False,False,0.015659091994166374,0.8598089218139648,0.31827512383461,0.28729531168937683,0.15746383368968964,0.09381814867258072,0.1258547782897949,0.17882734537124634,0.43775004148483276,0.6036544322967526,0.7007522845268248,0.2589226961135864,0.606934135854244,0.0,0.0,0.0,0.0
A001601034,B1_baseline,H_sensitive,1.0,False,False,0.044213779270648956,0.8034782409667969,0.22708438336849213,0.23769046366214752,0.0825636014342308,0.06168605446815491,0.09591997116804123,0.15946218371391296,0.2792307734489441,0.3544235646724701,0.3935407781600951,0.11976858973503113,0.3318547236919402,0.0,0.0,0.0,0.0
A001601034,B2_proposed_lambda_0p50,M_sensitive,1.0,False,False,0.012640068307518959,0.8744174242019653,0.3401199281215668,0.33158978819847107,0.13089197874069214,0.11619838386774063,0.1599339187145233,0.22520996630191803,0.44062289595603943,0.5602810740470886,0.6427276325225827,0.2154129296541214,0.5265292486548421,0.0,0.0,0.0,0.0
A001601034,B2_proposed_lambda_0p50,H_sensitive,1.0,False,False,0.024563858285546303,0.7199641466140747,0.22083435952663422,0.23129375278949738,0.037914641201496124,0.15092888951301575,0.1617298185825348,0.18476735055446625,0.25060147047042847,0.27021742463111875,0.2982283973693848,0.06583411991596222,0.14729950785636903,0.0,0.0,0.0,0.0
A001601356,B1_baseline,M_sensitive,1.0,False,False,0.0007954342290759087,0.8349330425262451,0.28201183676719666,0.24870804697275162,0.17517295479774475,0.017654665857553483,0.05780360624194145,0.12905199825763702,0.4127124547958374,0.6004186749458311,0.6669042581319811,0.2836604565382004,0.6492495922744276,0.0,0.0,0.0,0.0
A001601356,B1_baseline,H_sensitive,1.0,False,False,0.03450016677379608,0.6530550718307495,0.282051682472229,0.2625685930252075,0.11512298136949539,0.09740814007818699,0.12076963074505329,0.18801048398017883,0.37216831743717194,0.4902563825249669,0.5571612030267715,0.1841578334569931,0.45975306294858453,0.0,0.0,0.0,0.0
A001601356,B2_proposed_lambda_0p50,M_sensitive,1.0,False,False,7.03005789546296e-05,0.7370879650115967,0.2943868637084961,0.2930060625076294,0.14694622159004211,0.01646370053291321,0.058163905143737794,0.1782514564692974,0.4124278500676155,0.5246555477380752,0.6067352247238159,0.2341763935983181,0.5902715241909027,0.0,0.0,1.2799803395019851e-06,0.0
A001601356,B2_proposed_lambda_0p50,H_sensitive,1.0,False,False,0.00374907860532403,0.6934596300125122,0.23865893483161926,0.2413327321410179,0.053940437734127045,0.15055696964263915,0.16166291534900665,0.19591698423027992,0.2642800584435463,0.3470448538661003,0.3822405734658242,0.06836307421326637,0.23168360382318504,0.0,0.0,0.0,0.0
A001602118,B1_baseline,M_sensitive,1.0,False,False,0.0001521341037005186,0.7824416160583496,0.31322139501571655,0.3190232366323471,0.17281542718410492,0.021818641629070042,0.04330717194825411,0.17059802263975143,0.44664690643548965,0.5972726970911025,0.6562371188402176,0.2760488837957382,0.6344184772111476,0.0,0.0,0.0,0.0
A001602118,B1_baseline,H_sensitive,1.0,False,False,0.028937039896845818,0.6387518644332886,0.24584603309631348,0.2484346479177475,0.08805053681135178,0.07590113542973995,0.0964349314570427,0.17733285203576088,0.30896352231502533,0.39301733225584023,0.42362044095993034,0.13163067027926445,0.34771930553019037,0.0,0.0,0.0,0.0
A001602118,B2_proposed_lambda_0p50,M_sensitive,1.0,False,False,7.597116200486198e-05,0.797620952129364,0.3385545015335083,0.3515981286764145,0.1741511970758438,0.020131714083254336,0.03732755668461323,0.20150590687990189,0.47574035823345184,0.6108989447355269,0.6655687087774276,0.27423445135354996,0.6454369946941733,0.0,0.0,3.6783638637534025e-06,0.0
A001602118,B2_proposed_lambda_0p50,H_sensitive,1.0,False,False,0.021805211901664734,0.6690937280654907,0.22471562027931213,0.23372501134872437,0.04163790121674538,0.14630131036043167,0.1532907098531723,0.19011856615543365,0.2565475404262543,0.2833917453885078,0.30889443963766094,0.06642897427082062,0.16259312927722927,0.0,0.0,0.0,0.0
A001603586,B1_baseline,M_sensitive,1.0,False,False,0.00017758335161488503,0.7050442695617676,0.20286253094673157,0.1756506711244583,0.12820610404014587,0.028677532561123372,0.04513829592615366,0.0956509355455637,0.2846588119864464,0.4526322767138479,0.5390338647365569,0.18900787644088268,0.5103563321754335,0.0,0.0,0.0,0.0
A001603586,B1_baseline,H_sensitive,1.0,False,False,0.06357985734939575,0.663368821144104,0.27402767539024353,0.2601909041404724,0.11510206758975983,0.08891914173960686,0.11183051802217961,0.1777399256825447,0.3607473745942116,0.47928098738193503,0.5487428992986678,0.18300744891166687,0.45982375755906096,0.0,0.0,0.0,0.0
A001603586,B2_proposed_lambda_0p50,M_sensitive,1.0,False,False,0.00013603582920040935,0.6458972096443176,0.22946372628211975,0.25286318361759186,0.10489161312580109,0.03174065090715885,0.05863216500729323,0.13094256818294525,0.31070512533187866,0.37411252856254573,0.4364658322930335,0.1797625571489334,0.40472518138587465,0.0,0.0,0.0,0.0
A001603586,B2_proposed_lambda_0p50,H_sensitive,1.0,False,False,0.08350543677806854,0.6591769456863403,0.23233836889266968,0.2401118054986,0.04074743390083313,0.15565717965364456,0.16349643468856812,0.19854657351970673,0.2622154802083969,0.290000855922699,0.3316932466626167,0.06366890668869019,0.17603606700897212,0.0,0.0,0.0,0.0
A001603641,B1_baseline,M_sensitive,1.0,False,False,0.005317286588251591,0.6906506419181824,0.1863970309495926,0.16873162984848022,0.08135567605495453,0.049645566567778576,0.08800331354141236,0.13296355307102203,0.2217884361743927,0.34215029478073006,0.47067818999290456,0.08882488310337067,0.421032623425126,0.0,0.0,0.0,0.0
A001603641,B1_baseline,H_sensitive,1.0,False,False,0.05311444774270058,0.6319015026092529,0.2195623517036438,0.2296736091375351,0.05162329226732254,0.11095049351453781,0.1338471367955208,0.17801428586244583,0.25729505717754364,0.283978396654129,0.3118877136707304,0.07928077131509781,0.20093722015619261,0.0,0.0,0.0,0.0
A001603641,B2_proposed_lambda_0p50,M_sensitive,1.0,False,False,0.0003792623174376786,0.6597985625267029,0.1852702647447586,0.17304465174674988,0.07635311037302017,0.03780121572315692,0.07808420732617379,0.13521691411733627,0.2276243343949318,0.32117162048816683,0.4177432829141614,0.09240742027759552,0.3799420671910045,0.0,0.0,0.0,0.0
A001603641,B2_proposed_lambda_0p50,H_sensitive,1.0,False,False,0.024167628958821297,0.6427960395812988,0.22402647137641907,0.23299415409564972,0.03796722739934921,0.14247812896966935,0.15721375793218612,0.19395052641630173,0.25315210223197937,0.2752867072820663,0.2925140857696533,0.05920157581567764,0.15003595679998397,0.0,0.0,0.0,0.0
A001604205,B1_baseline,M_sensitive,1.0,False,False,4.120082608416453e-10,0.6451415419578552,0.1224982738494873,0.10954497754573822,0.07995126396417618,0.008869601190090181,0.021695774793624882,0.05970774590969086,0.1664741188287735,0.2828567802906035,0.33963446974754297,0.10676637291908264,0.3307648685574528,0.0,0.0,0.0036984931737141544,0.0
A001604205,B1_baseline,H_sensitive,1.0,False,False,0.02253730408847332,0.6357977390289307,0.21175271272659302,0.21501603722572327,0.06720442324876785,0.07515030562877655,0.10535178035497665,0.15943825244903564,0.2585010230541229,0.31431614756584164,0.3800525593757628,0.09906277060508728,0.30490225374698626,0.0,0.0,0.0,0.0
A001604205,B2_proposed_lambda_0p50,M_sensitive,1.0,False,False,7.070763103911304e-07,0.653396725654602,0.1216205507516861,0.11240164190530777,0.07885831594467163,0.0020777551550418137,0.011274519935250285,0.05930154025554657,0.1733454316854477,0.26264100074768065,0.31214786648750287,0.11404389142990112,0.31007011133246104,0.0,0.0,0.0026430448483377635,0.0
A001604205,B2_proposed_lambda_0p50,H_sensitive,1.0,False,False,0.011919407173991203,0.5715189576148987,0.1949487179517746,0.1922297477722168,0.04002298414707184,0.1309932166337967,0.14113016426563263,0.1574348658323288,0.23027022182941437,0.2517345130443573,0.27227925658225993,0.07283535599708557,0.14128603994846323,0.0,0.0,0.0,0.0
A001604824,B1_baseline,M_sensitive,1.0,False,False,0.000523444265127182,0.8007393479347229,0.23049063980579376,0.21073439717292786,0.13539934158325195,0.023943756073713303,0.043111255019903184,0.12792430818080902,0.307054340839386,0.49662625193595855,0.6125093793869014,0.17913003265857697,0.5885656233131881,0.0,0.0,0.0,0.0
A001604824,B1_baseline,H_sensitive,1.0,False,False,0.06394282728433609,0.7846370339393616,0.23966526985168457,0.2451981157064438,0.0910039097070694,0.09278368920087814,0.1100832685828209,0.16518588364124298,0.28351595997810364,0.41739720702171323,0.47913959264755246,0.11833007633686066,0.3863559034466743,0.0,0.0,0.0,0.0
A001604824,B2_proposed_lambda_0p50,M_sensitive,1.0,False,False,0.000788607751019299,0.7327017188072205,0.23102626204490662,0.23609907925128937,0.10595500469207764,0.01253662396222353,0.03233703747391701,0.1633506864309311,0.30471712350845337,0.3955295503139495,0.45974128484725924,0.14136643707752228,0.4472046608850357,0.0,0.0,0.0,0.0
A001604824,B2_proposed_lambda_0p50,H_sensitive,1.0,False,False,0.02444651909172535,0.6755383014678955,0.2153283953666687,0.2253691852092743,0.03858129680156708,0.14078887701034545,0.15342363715171814,0.1801994889974594,0.2479669153690338,0.26568230986595154,0.28039891839027403,0.0677674263715744,0.13961004137992858,0.0,0.0,0.0,0.0
A001605283,B1_baseline,M_sensitive,1.0,False,False,0.009981515817344189,0.7498269081115723,0.19650788605213165,0.18780187517404556,0.09565099328756332,0.05905388254672289,0.07826035134494305,0.11603927426040173,0.2556765154004097,0.37222557961940766,0.4720301255583763,0.13963724114000797,0.4129762430116534,0.0,0.0,0.0,0.0
A001605283,B1_baseline,H_sensitive,1.0,False,False,0.0806630551815033,0.8999489545822144,0.25633835792541504,0.24516481906175613,0.09549813717603683,0.10367073744535446,0.13253691643476487,0.1907942183315754,0.3130555748939514,0.40648352205753324,0.5485376697778702,0.12226135656237602,0.44486693233251573,0.0,0.0,0.0,0.0
A001605283,B2_proposed_lambda_0p50,M_sensitive,1.0,False,False,0.0014403043314814568,0.7452958822250366,0.20035572350025177,0.2034643366932869,0.07598984241485596,0.059886085502803325,0.07876750379800797,0.13849858194589615,0.259937584400177,0.31037324815988543,0.35729710727930075,0.12143900245428085,0.2974110217764974,0.0,0.0,0.0,0.0
A001605283,B2_proposed_lambda_0p50,H_sensitive,1.0,False,False,0.06961298733949661,0.8590396642684937,0.2392285019159317,0.24323580414056778,0.04981427639722824,0.15755182147026062,0.1670871302485466,0.20002476498484612,0.26686789840459824,0.31486797034740444,0.3658194527029993,0.06684313341975212,0.2082676312327387,0.0,0.0,0.0,0.0
A001606059,B1_baseline,M_sensitive,1.0,False,False,0.0007074204622767866,0.7382665276527405,0.2685213088989258,0.23819728195667267,0.13705645501613617,0.03198122408241034,0.08681536242365838,0.16814180463552475,0.3484565019607544,0.5402844309806824,0.5991073274612427,0.18031469732522964,0.5671261033788324,0.0,0.0,0.0,0.0
A001606059,B1_baseline,H_sensitive,1.0,False,False,0.04890362545847893,0.5616469383239746,0.2490077167749405,0.2510645389556885,0.07590476423501968,0.10588826723396778,0.1282819390296936,0.1893879622220993,0.29926610738039017,0.3807244032621383,0.40764149606227906,0.10987814515829086,0.3017532288283113,0.0,0.0,0.0,0.0
A001606059,B2_proposed_lambda_0p50,M_sensitive,1.0,False,False,0.0015749930171296,0.7513917088508606,0.27509328722953796,0.2833475172519684,0.1075102910399437,0.027537656798958778,0.09486900717020035,0.19935476407408714,0.348297156393528,0.4476121783256531,0.5177784192562104,0.14894239231944084,0.4902407624572516,0.0,0.0,0.0,0.0
A001606059,B2_proposed_lambda_0p50,H_sensitive,1.0,False,False,0.0651904046535492,0.5422084927558899,0.21810704469680786,0.2287946715950966,0.03945670649409294,0.14845310598611833,0.15696192160248756,0.17961860820651054,0.24764995276927948,0.26751265227794646,0.3137145394086838,0.06803134456276894,0.1652614334225655,0.0,0.0,0.0,0.0
A001608600,B1_baseline,M_sensitive,1.0,False,False,0.03001968003809452,0.7664488554000854,0.20080570876598358,0.18121305108070374,0.08167999982833862,0.07932263627648353,0.1026062473654747,0.14347878098487854,0.24390175938606262,0.3497552692890167,0.48002803504466984,0.10042297840118408,0.40070539876818634,0.0,0.0,0.0,0.0
A001608600,B1_baseline,H_sensitive,1.0,False,False,0.05871647596359253,0.8939168453216553,0.20328526198863983,0.213418111205101,0.07684426009654999,0.0719248516857624,0.09149409830570221,0.14312998205423355,0.2476796954870224,0.30206266641616814,0.3803286957740779,0.10454971343278885,0.3084038440883155,0.0,0.0,0.0,0.0
A001608600,B2_proposed_lambda_0p50,M_sensitive,1.0,False,False,0.002248837612569332,0.7787321209907532,0.22736483812332153,0.21874387562274933,0.07564113289117813,0.08716501042246819,0.12081809863448144,0.17324312776327133,0.2745365649461746,0.3505794078111648,0.45543767273426056,0.10129343718290329,0.36827266231179234,0.0,0.0,0.0,0.0
A001608600,B2_proposed_lambda_0p50,H_sensitive,1.0,False,False,0.008760882541537285,0.9853073358535767,0.22042809426784515,0.2291213423013687,0.0407797172665596,0.14529779106378554,0.1575248658657074,0.18310827761888504,0.2517877519130707,0.2740197032690048,0.29180203616619105,0.06867947429418564,0.1465042451024055,0.0,0.0,0.0,0.0
A001608618,B1_baseline,M_sensitive,1.0,False,False,0.00033305640681646764,0.7094812989234924,0.1951223611831665,0.16123982518911362,0.11397092789411545,0.03338548611849546,0.06899915374815464,0.12143278680741787,0.23595859482884407,0.4670701652765272,0.5789283251762383,0.1145258080214262,0.5455428390577428,0.0,0.0,0.0,0.0
A001608618,B1_baseline,H_sensitive,1.0,False,False,0.05988391488790512,0.5393770337104797,0.2261732816696167,0.2329237461090088,0.0699465274810791,0.09872245877981185,0.12395692840218545,0.16943439096212387,0.2620122358202934,0.3669673785567282,0.41305062264204023,0.09257784485816956,0.3143281638622284,0.0,0.0,0.0,0.0
A001608618,B2_proposed_lambda_0p50,M_sensitive,1.0,False,False,0.00042464060243219137,0.7203031182289124,0.19379886984825134,0.18007268011569977,0.08750185370445251,0.03698884833604098,0.07632994391024113,0.1310664638876915,0.24842306226491928,0.34245626777410504,0.46857675313949554,0.11735659837722778,0.43158790480345455,0.0,0.0,0.0,0.0
A001608618,B2_proposed_lambda_0p50,H_sensitive,1.0,False,False,0.04215901345014572,0.6129018068313599,0.21590551733970642,0.22309166193008423,0.0379490964114666,0.14609692752361297,0.15700082406401633,0.1796899437904358,0.24619793891906738,0.2685940906405449,0.2930069652199745,0.06650799512863159,0.14691003769636152,0.0,0.0,0.0,0.0
A001608742,B1_baseline,M_sensitive,1.0,False,False,0.003766297362744808,0.7224388122558594,0.21754620969295502,0.2013384997844696,0.0856652706861496,0.08199037313461303,0.10768483355641364,0.15385378897190094,0.27032169699668884,0.36487820744514465,0.4895011180639268,0.1164679080247879,0.4075107449293138,0.0,0.0,0.0,0.0
A001608742,B1_baseline,H_sensitive,1.0,False,False,0.03539401292800903,0.6333866119384766,0.23049993813037872,0.2421543449163437,0.05124567076563835,0.11274280220270157,0.13848061114549637,0.19490232318639755,0.26572203636169434,0.29261139035224915,0.3363877713680268,0.07081971317529678,0.22364496916532522,0.0,0.0,0.0,0.0
A001608742,B2_proposed_lambda_0p50,M_sensitive,1.0,False,False,0.0005405966658145189,0.7755396962165833,0.19544273614883423,0.18518343567848206,0.08242551237344742,0.04923066146671772,0.0791259117424488,0.13319501280784607,0.2501291036605835,0.33810944855213165,0.40981531679630295,0.11693409085273743,0.3605846553295852,0.0,0.0,0.0,0.0
A001608742,B2_proposed_lambda_0p50,H_sensitive,1.0,False,False,0.010046172887086868,0.5910549759864807,0.21954578161239624,0.22826671600341797,0.039152197539806366,0.1395323246717453,0.15212568193674086,0.18688011914491653,0.24741230905056,0.2768618673086166,0.3016706317663193,0.06053218990564346,0.162138307094574,0.0,0.0,0.0,0.0
A001609883,B1_baseline,M_sensitive,1.0,False,False,0.00015183904906734824,0.7656065225601196,0.21855559945106506,0.19389982521533966,0.11480391025543213,0.03688450444489717,0.0689064595848322,0.13204243034124374,0.28995323181152344,0.44582408070564267,0.5384401494264602,0.1579108014702797,0.501555644981563,0.0,0.0,0.0,0.0
A001609883,B1_baseline,H_sensitive,1.0,False,False,0.06373203545808792,0.741809606552124,0.22180716693401337,0.22406984120607376,0.07517551630735397,0.08651225470006466,0.10553796254098416,0.16332310810685158,0.2662835344672203,0.35424324572086335,0.4012123593688012,0.10296042636036873,0.31470010466873655,0.0,0.0,0.0,0.0
A001609883,B2_proposed_lambda_0p50,M_sensitive,1.0,False,False,2.349111127841752e-05,0.7470979690551758,0.2347050905227661,0.24275697767734528,0.09447521716356277,0.03185745853930712,0.07171323858201503,0.167128074914217,0.2996838912367821,0.3789079800248146,0.4674945262074473,0.13255581632256508,0.4356370676681402,0.0,0.0,1.5076051828725086e-05,0.0
A001609883,B2_proposed_lambda_0p50,H_sensitive,1.0,False,False,0.08054222166538239,0.6919512748718262,0.21650955080986023,0.22835265845060349,0.03734532371163368,0.15056793227791787,0.1602920986711979,0.17901330441236496,0.24934174120426178,0.26385717988014223,0.27141275227069855,0.07032843679189682,0.12084481999278068,0.0,0.0,0.0,0.0
A001610296,B1_baseline,M_sensitive,1.0,False,False,6.754605124115187e-07,0.8132985234260559,0.26809000968933105,0.27610263228416443,0.13610082864761353,0.01888347513973713,0.07305886298418045,0.14950229227542877,0.3630372881889343,0.5010487318038941,0.5962654089927675,0.21353499591350555,0.5773819338530304,0.0,0.0,2.83766614857762e-05,0.0
A001610296,B1_baseline,H_sensitive,1.0,False,False,0.0038573197089135647,0.6086372137069702,0.23350979387760162,0.23892557621002197,0.07194513082504272,0.10612121880054474,0.12307344228029252,0.17671553790569305,0.2734677791595459,0.3633611500263214,0.415631675720215,0.09675224125385284,0.3095104569196702,0.0,0.0,0.0,0.0
A001610296,B2_proposed_lambda_0p50,M_sensitive,1.0,False,False,2.3377518232337025e-07,0.769463062286377,0.2938660681247711,0.3064338266849518,0.11660806089639664,0.022343641445040703,0.08196410536766054,0.21236509084701538,0.3769933879375458,0.46932581663131706,0.5362865257263184,0.1646282970905304,0.5139428842812777,0.0,0.0,3.4825902732543516e-05,0.0
A001610296,B2_proposed_lambda_0p50,H_sensitive,1.0,False,False,0.007817989215254784,0.7628177404403687,0.2246590554714203,0.23330950736999512,0.03786255791783333,0.1517563456296921,0.16339930295944213,0.19036608934402466,0.2546904385089874,0.2753187119960785,0.302672576904297,0.06432434916496277,0.1509162312746049,0.0,0.0,0.0,0.0
A001610534,B1_baseline,M_sensitive,1.0,False,False,0.0011792504228651524,0.7986428141593933,0.2394416332244873,0.21876516938209534,0.11440078914165497,0.051510488614439964,0.09861355647444725,0.1576828435063362,0.2950775474309921,0.4731137454509735,0.6100120842456818,0.13739470392465591,0.5585015956312418,0.0,0.0,0.0,0.0
A001610534,B1_baseline,H_sensitive,1.0,False,False,0.06032774597406387,0.7273424863815308,0.21288959681987762,0.22467312216758728,0.07130370289087296,0.0846872478723526,0.10086754336953163,0.15641622990369797,0.25495991110801697,0.33387695252895355,0.4105701893568039,0.098543681204319,0.3258829414844513,0.0,0.0,0.0,0.0
A001610534,B2_proposed_lambda_0p50,M_sensitive,1.0,False,False,0.0003046313067898154,0.826878011226654,0.26682719588279724,0.2607477009296417,0.0977260172367096,0.05329163186252117,0.11518193036317825,0.2025367170572281,0.3230409324169159,0.4427487254142761,0.5168927013874054,0.1205042153596878,0.4636010695248842,0.0,0.0,0.0,0.0
A001610534,B2_proposed_lambda_0p50,H_sensitive,1.0,False,False,0.04484237730503082,0.6463983654975891,0.21535047888755798,0.22352197766304016,0.038408949971199036,0.1487882360816002,0.15813615918159485,0.17854108661413193,0.24832336604595184,0.26717209815979004,0.2816368639469147,0.06978227943181992,0.13284862786531448,0.0,0.0,0.0,0.0
A001611227,B1_baseline,M_sensitive,1.0,False,False,0.005111963488161564,0.7484349608421326,0.23062650859355927,0.22112829238176346,0.09618378430604935,0.03856982301920653,0.09048564620316028,0.17731399089097977,0.26689890027046204,0.42770453542470926,0.539832016825676,0.08958490937948227,0.5012621938064695,0.0,0.0,0.0,0.0
A001611227,B1_baseline,H_sensitive,1.0,False,False,0.05646369606256485,0.8750418424606323,0.2646693289279938,0.2574442923069,0.08686978369951248,0.12642182275652886,0.14613612964749337,0.20264803245663643,0.31218625605106354,0.410065820813179,0.5077478879690172,0.10953822359442711,0.3813260652124883,0.0,0.0,0.0,0.0
A001611227,B2_proposed_lambda_0p50,M_sensitive,1.0,False,False,0.005189287010580301,0.7256203889846802,0.2575368583202362,0.2608829289674759,0.07682023197412491,0.045428269281983374,0.11474361158907413,0.2178906612098217,0.3020571395754814,0.374527584016323,0.44235060304403306,0.08416647836565971,0.39692233376204966,0.0,0.0,0.0,0.0
A001611227,B2_proposed_lambda_0p50,H_sensitive,1.0,False,False,0.030664857476949692,0.791599690914154,0.22870486974716187,0.2328794151544571,0.04127229005098343,0.1571092599630356,0.166490276157856,0.1945774108171463,0.2555384412407875,0.2841146245598793,0.30691478550434115,0.060961030423641205,0.14980552554130555,0.0,0.0,0.0,0.0
A001611579,B1_baseline,M_sensitive,1.0,False,False,0.0013843995984643698,0.7870335578918457,0.22645603120326996,0.2228596732020378,0.09674450010061264,0.043199259564280515,0.08730832003057003,0.1600993163883686,0.2719460725784302,0.4103219717741012,0.5269784206151962,0.11184675619006157,0.4837791610509157,0.0,0.0,0.0,0.0
A001611579,B1_baseline,H_sensitive,1.0,False,False,0.09147682785987854,0.8623656034469604,0.2879408001899719,0.27957645058631897,0.10631140321493149,0.10765555083751678,0.12779123708605766,0.21392053738236427,0.3599804788827896,0.46052607595920536,0.5686278152465816,0.14605994150042534,0.4609722644090648,0.0,0.0,0.0,0.0
A001611579,B2_proposed_lambda_0p50,M_sensitive,1.0,False,False,2.0485817003645934e-05,0.736872136592865,0.23581527173519135,0.2499927282333374,0.07516244798898697,0.04351726315915585,0.09621550589799882,0.1896420307457447,0.2854050025343895,0.34093715548515313,0.4026630875468254,0.09576297178864479,0.35914582438766957,0.0,0.0,1.6330117784685913e-05,0.0
A001611579,B2_proposed_lambda_0p50,H_sensitive,1.0,False,False,1.5002097825345118e-05,0.9814374446868896,0.2541201710700989,0.2534513473510742,0.0638730451464653,0.16373875990509987,0.1727107733488083,0.20567562058568,0.27938412129879,0.37081386893987656,0.4853753313422203,0.07370850071310997,0.32163657143712043,0.0,0.0,4.453668486732521e-06,0.0
A001612244,B1_baseline,M_sensitive,1.0,False,False,0.0012660704087466002,0.8259336948394775,0.34812894463539124,0.3257444202899933,0.13584113121032715,0.12275346674025059,0.1708473801612854,0.24405959248542786,0.43433133512735367,0.6097628772258759,0.6943135172128677,0.1902717426419258,0.5715600504726172,0.0,0.0,0.0,0.0
A001612244,B1_baseline,H_sensitive,1.0,False,False,0.049906596541404724,0.7609537243843079,0.2636304497718811,0.2626000791788101,0.07846907526254654,0.11191939532756806,0.13589698895812036,0.20845674723386765,0.31627651304006577,0.3891500428318977,0.42782401978969575,0.10781976580619812,0.3159046244621277,0.0,0.0,0.0,0.0
A001612244,B2_proposed_lambda_0p50,M_sensitive,1.0,False,False,0.0015418174443766475,0.8931527137756348,0.34383463859558105,0.344415545463562,0.11341014504432678,0.06855644986033439,0.16182761639356613,0.26824934780597687,0.41356612741947174,0.5317819148302076,0.6449450248479843,0.14531677961349487,0.57638857498765,0.0,0.0,0.0,0.0
A001612244,B2_proposed_lambda_0p50,H_sensitive,1.0,False,False,0.021186724305152893,0.6328319311141968,0.21741333603858948,0.22518110275268555,0.036644209176301956,0.1515041148662567,0.1607626937329769,0.18434159085154533,0.2458450384438038,0.26321416199207304,0.2820182532072067,0.06150344759225845,0.13051413834095,0.0,0.0,0.0,0.0
A001613143,B1_baseline,M_sensitive,1.0,False,False,0.0008137871627695858,0.7197157740592957,0.16018478572368622,0.14683717489242554,0.07305138558149338,0.041683211028575896,0.06625663042068482,0.10675375163555145,0.20730595290660858,0.27961441874504084,0.38670824050903374,0.10055220127105713,0.3450250294804578,0.0,0.0,0.0,0.0
A001613143,B1_baseline,H_sensitive,1.0,False,False,0.07968645542860031,0.5940114259719849,0.22641009092330933,0.2408691942691803,0.06373102962970734,0.10510542869567871,0.12379920780658722,0.17128391563892365,0.2694067656993866,0.32573103904724116,0.37419317483901976,0.09812285006046295,0.2690877461433411,0.0,0.0,0.0,0.0
A001613143,B2_proposed_lambda_0p50,M_sensitive,1.0,False,False,0.0011239225277677178,0.6840468049049377,0.15320801734924316,0.15283173322677612,0.05770739167928696,0.02750130608677864,0.05801933780312538,0.11414750665426254,0.19386839866638184,0.23981629014015193,0.28324346899986275,0.0797208920121193,0.2557421629130841,0.0,0.0,0.0,0.0
A001613143,B2_proposed_lambda_0p50,H_sensitive,1.0,False,False,0.05268608033657074,0.5186454653739929,0.21971911191940308,0.23183386027812958,0.03783822059631348,0.15004748940467835,0.16113325953483582,0.1822246015071869,0.25130099058151245,0.26716188788413997,0.29413884878158575,0.06907638907432556,0.1440913593769074,0.0,0.0,0.0,0.0
A001613193,B1_baseline,M_sensitive,1.0,False,False,0.0016985016409307718,0.832822322845459,0.31541526317596436,0.29428206384181976,0.12551593780517578,0.06640247099101543,0.14515092372894287,0.22642531991004944,0.39279114454984665,0.5541483670473099,0.6471161502599718,0.1663658246397972,0.5807136792689565,0.0,0.0,0.0,0.0
A001613193,B1_baseline,H_sensitive,1.0,False,False,0.05116948485374451,0.9111129641532898,0.24716606736183167,0.24481266736984253,0.07532965391874313,0.10775811471045017,0.12744012400507926,0.19319253787398338,0.28899598866701126,0.3753942459821701,0.41258706510066995,0.09580345079302788,0.3048289503902198,0.0,0.0,0.0,0.0
A001613193,B2_proposed_lambda_0p50,M_sensitive,1.0,False,False,0.00034601881634444,0.7883756756782532,0.34631505608558655,0.34630991518497467,0.09683377295732498,0.07401464298367501,0.19456135332584382,0.2869325056672096,0.40219616889953613,0.5104475766420363,0.6016281431913377,0.11526366323232651,0.5276135002076627,0.0,0.0,0.0,0.0
A001613193,B2_proposed_lambda_0p50,H_sensitive,1.0,False,False,0.011327640153467655,0.7850302457809448,0.2208816409111023,0.23061351478099823,0.03719627857208252,0.15422614812850952,0.16181328371167183,0.1855875439941883,0.24916964769363403,0.27448866069316863,0.2850780200958252,0.06358210369944572,0.1308518719673157,0.0,0.0,0.0,0.0
A001613235,B1_baseline,M_sensitive,1.0,False,False,9.576695447321981e-05,0.7366887927055359,0.17267659306526184,0.14952125400304794,0.11712212860584259,0.012367807067930699,0.024810422863811254,0.08358616009354591,0.2417745441198349,0.4053850904107095,0.5189314585924147,0.158188384026289,0.506563651524484,0.0,0.0,1.310997433067026e-06,0.0
A001613235,B1_baseline,H_sensitive,1.0,False,False,0.027924567461013794,0.6060600280761719,0.23743325471878052,0.23764915019273758,0.08522242307662964,0.0893048169463873,0.1100744802504778,0.16813026368618011,0.29303690791130066,0.37700837552547456,0.4626239243149755,0.12490664422512054,0.3733191073685882,0.0,0.0,0.0,0.0
A001613235,B2_proposed_lambda_0p50,M_sensitive,1.0,False,False,5.444717771752039e-06,0.6838203072547913,0.17943429946899414,0.17452422529459,0.10735907405614853,0.009167544394731523,0.02363665159791708,0.09253373369574547,0.2577100172638893,0.35851911753416066,0.46301239043474185,0.16517628356814384,0.45384484604001035,0.0,0.0,7.734884855095454e-05,0.0
A001613235,B2_proposed_lambda_0p50,H_sensitive,1.0,False,False,0.0020167669281363487,0.7673482298851013,0.21506164968013763,0.22122522443532944,0.04239519685506821,0.14151283070445062,0.1513051338493824,0.1767343245446682,0.24763885140419006,0.2770239934325218,0.3186429902911186,0.07090452685952187,0.17713015958666797,0.0,0.0,0.0,0.0
A001613297,B1_baseline,M_sensitive,1.0,False,False,0.000797256245277822,0.7504459619522095,0.2835606634616852,0.256206750869751,0.13631689548492432,0.05004115380346775,0.10686540305614471,0.17998415231704712,0.3574348986148834,0.5546105861663818,0.6317627942562103,0.1774507462978363,0.5817216404527425,0.0,0.0,0.0,0.0
A001613297,B1_baseline,H_sensitive,1.0,False,False,0.08972365409135818,0.6874954104423523,0.2801157236099243,0.2594236731529236,0.10354150831699371,0.12440023437142372,0.14080362915992736,0.1990078091621399,0.3574936091899872,0.46525909900665285,0.5539481627941131,0.1584858000278473,0.42954792842268935,0.0,0.0,0.0,0.0
A001613297,B2_proposed_lambda_0p50,M_sensitive,1.0,False,False,0.00023856239567976445,0.7285735607147217,0.2960313856601715,0.31261563301086426,0.0988696739077568,0.04962087832391262,0.13021572232246398,0.2229500710964203,0.36078372597694397,0.44058273434638967,0.5365464842319488,0.13783365488052368,0.48692560590803624,0.0,0.0,0.0,0.0
A001613297,B2_proposed_lambda_0p50,H_sensitive,1.0,False,False,0.04832032695412636,0.8287903070449829,0.24624215066432953,0.24483919143676758,0.05671495199203491,0.1553370976448059,0.1681661546230316,0.2029753029346466,0.27238260209560394,0.3550566136837005,0.41713433325290644,0.06940729916095734,0.26179723560810053,0.0,0.0,0.0,0.0
A001613504,B1_baseline,M_sensitive,1.0,False,False,0.005800576880574226,0.7535347938537598,0.24116051197052002,0.2123645544052124,0.117400623857975,0.07789186015725136,0.11128981485962867,0.15781240910291672,0.2901424616575241,0.5143924772739409,0.6307145297527315,0.1323300525546074,0.5528226695954801,0.0,0.0,0.0,0.0
A001613504,B1_baseline,H_sensitive,1.0,False,False,0.06614956259727478,0.817680835723877,0.24895057082176208,0.25041812658309937,0.08218328654766083,0.11307409614324569,0.1332026556134224,0.19033332914113998,0.28503262996673584,0.3862952232360838,0.46953495681285995,0.09469930082559586,0.35646086066961424,0.0,0.0,0.0,0.0
A001613504,B2_proposed_lambda_0p50,M_sensitive,1.0,False,False,0.0003864305908791721,0.728384792804718,0.24771299958229065,0.24971351027488708,0.09156139940023422,0.06118868097662926,0.10775117576122284,0.18547139316797256,0.30251073837280273,0.39302936792373633,0.5343893110752106,0.11703934520483017,0.4732006300985813,0.0,0.0,0.0,0.0
A001613504,B2_proposed_lambda_0p50,H_sensitive,1.0,False,False,0.020320061594247818,0.5927050709724426,0.22079038619995117,0.22997921705245972,0.03677557781338692,0.14794317960739137,0.16121498495340347,0.1863914355635643,0.25032465159893036,0.26781534552574154,0.2892785149812699,0.06393321603536606,0.14133533537387852,0.0,0.0,0.0,0.0
A001614262,B1_baseline,M_sensitive,1.0,False,False,0.00478967884555459,0.8065902590751648,0.22504521906375885,0.19215437769889832,0.11653164029121399,0.03989160135388374,0.08792507275938988,0.1428372487425804,0.2841317504644394,0.46564315259456635,0.5810064673423766,0.14129450172185898,0.5411148659884929,0.0,0.0,0.0,0.0
A001614262,B1_baseline,H_sensitive,1.0,False,False,0.049436718225479126,0.6306461691856384,0.3022979497909546,0.29702267050743103,0.10944756865501404,0.12188694477081298,0.14025287330150604,0.20996233820915222,0.38648687303066254,0.48511336743831635,0.5637222707271575,0.17652453482151031,0.44183532595634456,0.0,0.0,0.0,0.0
A001614262,B2_proposed_lambda_0p50,M_sensitive,1.0,False,False,0.0030364259146153927,0.7019272446632385,0.23721610009670258,0.22662150859832764,0.09526504576206207,0.032233699411153796,0.08320171013474464,0.17140348255634308,0.3090226352214813,0.3951309621334076,0.4616374462842941,0.13761915266513824,0.4294037468731403,0.0,0.0,0.0,0.0
A001614262,B2_proposed_lambda_0p50,H_sensitive,1.0,False,False,0.07836513966321945,0.7355494499206543,0.2516932487487793,0.2457553744316101,0.06422644108533859,0.15839761793613433,0.17055483907461166,0.205891951918602,0.2689686715602875,0.3917345106601715,0.4427351981401442,0.06307671964168549,0.2843375802040099,0.0,0.0,0.0,0.0
A001614685,B1_baseline,M_sensitive,1.0,False,False,0.00018254145106766373,0.7231552600860596,0.2589820325374603,0.2565176784992218,0.12643450498580933,0.03175553120672703,0.07052882760763168,0.1500805877149105,0.3580155223608017,0.4656166732311249,0.5367671996355057,0.2079349346458912,0.5050116684287786,0.0,0.0,0.0,0.0
A001614685,B1_baseline,H_sensitive,1.0,False,False,0.06153344362974167,0.734014093875885,0.21157275140285492,0.22419537603855133,0.06434138864278793,0.07619854435324669,0.1047277431935072,0.1676863394677639,0.24803805351257324,0.28847765177488327,0.3715578466653824,0.08035171404480934,0.2953593023121357,0.0,0.0,0.0,0.0
A001614685,B2_proposed_lambda_0p50,M_sensitive,1.0,False,False,1.71190458786441e-05,0.7525584101676941,0.28877347707748413,0.305646076798439,0.12109047174453735,0.022032263223081827,0.0692704375833273,0.20116547495126724,0.3670702427625656,0.4887705072760582,0.5445720106363297,0.16590476781129837,0.5225397474132478,0.0,0.0,4.683991188743433e-05,0.0
A001614685,B2_proposed_lambda_0p50,H_sensitive,1.0,False,False,0.03177214413881302,0.7136703133583069,0.2186247855424881,0.23114047199487686,0.0369492806494236,0.1417587213218212,0.15816668793559074,0.18379084020853043,0.24903027713298798,0.2655757665634155,0.27325696498155594,0.06523943692445755,0.13149824365973473,0.0,0.0,0.0,0.0
A001616193,B1_baseline,M_sensitive,1.0,False,False,0.008297410793602467,0.845979630947113,0.3480749726295471,0.305889755487442,0.18109312653541565,0.07835134014487266,0.11987957656383515,0.1966862604022026,0.481123149394989,0.6824025511741637,0.7618040442466736,0.2844368889927864,0.6834527041018009,0.0,0.0,0.0,0.0
A001616193,B1_baseline,H_sensitive,1.0,False,False,0.012976382859051228,0.6620391607284546,0.2659900188446045,0.259395033121109,0.0920289009809494,0.10614268243312835,0.12723033577203752,0.19236915558576584,0.3450707197189331,0.41269706189632416,0.4419744735956192,0.15270156413316727,0.33583179116249084,0.0,0.0,0.0,0.0
A001616193,B2_proposed_lambda_0p50,M_sensitive,1.0,False,False,0.004237478133291006,0.8955115079879761,0.37767085433006287,0.3785135746002197,0.14924563467502594,0.0879920195043087,0.15166035890579224,0.25247640907764435,0.4828888028860092,0.6314785420894623,0.7217311668395996,0.23041239380836487,0.6337391473352909,0.0,0.0,0.0,0.0
A001616193,B2_proposed_lambda_0p50,H_sensitive,1.0,False,False,0.005693516694009304,0.7020760774612427,0.22792868316173553,0.2343531996011734,0.043980300426483154,0.15411711990833282,0.16358614563941956,0.18757305294275284,0.2512161284685135,0.3068261623382568,0.345971440076828,0.06364307552576065,0.19185432016849518,0.0,0.0,0.0,0.0
A001616219,B1_baseline,M_sensitive,1.0,False,False,0.0007113340543583035,0.6807286143302917,0.1355666071176529,0.1283031329512596,0.06764653325080872,0.018074386473745107,0.052738030441105366,0.09245846979320049,0.1676785722374916,0.24205914661288258,0.3969687679409982,0.07522010244429111,0.3788943814672531,0.0,0.0,0.0,0.0
A001616219,B1_baseline,H_sensitive,1.0,False,False,0.01741359569132328,0.8946119546890259,0.2261291742324829,0.2282153144478798,0.08180892467498779,0.08824965938925744,0.1183115303516388,0.173976369202137,0.258612684905529,0.33193923979997636,0.4960662594437601,0.08463631570339203,0.40781660005450265,0.0,0.0,0.0,0.0
A001616219,B2_proposed_lambda_0p50,M_sensitive,1.0,False,False,0.0019679188262671232,0.5434409379959106,0.1418055146932602,0.13937197625637054,0.06207027658820152,0.018406919799745083,0.045499053224921225,0.09927532635629177,0.17837651818990707,0.25216697901487345,0.3115086072683335,0.0791011918336153,0.29310168746858845,0.0,0.0,0.0,0.0
A001616219,B2_proposed_lambda_0p50,H_sensitive,1.0,False,False,0.008286784403026104,0.6269629597663879,0.2211400717496872,0.22916365414857864,0.03959416598081589,0.14422903031110765,0.15541922450065612,0.1866142340004444,0.2525246664881706,0.27369591742753985,0.2974520370364189,0.06591043248772621,0.15322300672531128,0.0,0.0,0.0,0.0
A001616847,B1_baseline,M_sensitive,1.0,False,False,0.0013546189293265343,0.664546549320221,0.24241213500499725,0.2335456907749176,0.11452119797468185,0.055894825011491775,0.08005221486091614,0.14753024280071259,0.3298432230949402,0.4384495884180068,0.530989021062851,0.1823129802942276,0.47509419605135916,0.0,0.0,0.0,0.0
A001616847,B1_baseline,H_sensitive,1.0,False,False,0.06396778672933578,0.8681949973106384,0.22418318688869476,0.23929814994335175,0.06321431696414948,0.08098756447434426,0.10919805765151978,0.18302397429943085,0.26368583738803864,0.3059175908565521,0.3450825941562653,0.08066186308860779,0.26409502968192106,0.0,0.0,0.0,0.0
A001616847,B2_proposed_lambda_0p50,M_sensitive,1.0,False,False,0.0005461968248710036,0.5729796290397644,0.24642294645309448,0.26101207733154297,0.0950445756316185,0.044084677398204805,0.07327691838145256,0.18282004445791245,0.31734122335910797,0.37798474133014676,0.43794979035854353,0.13452117890119553,0.3938651129603387,0.0,0.0,0.0,0.0
A001616847,B2_proposed_lambda_0p50,H_sensitive,1.0,False,False,2.6044066544272937e-05,0.6842430233955383,0.22146806120872498,0.2320670187473297,0.03679028898477554,0.1495816558599472,0.16063064336776733,0.18688733875751495,0.2509257197380066,0.26747765243053434,0.2862768071889878,0.06403838098049164,0.1366951513290406,0.0,0.0,1.4499078583556016e-06,0.0
A001617295,B1_baseline,M_sensitive,1.0,False,False,1.1902799087692983e-05,0.7021639943122864,0.17148177325725555,0.17131152749061584,0.09638016670942307,0.0021121828723698853,0.012764199636876585,0.10371530801057816,0.23426863551139832,0.3167514383792877,0.40758644700050345,0.13055332750082016,0.4054742641281336,0.0,0.0,0.0002416176041558228,0.0
A001617295,B1_baseline,H_sensitive,1.0,False,False,0.06664052605628967,0.6605656147003174,0.25734442472457886,0.2643677592277527,0.08717837184667587,0.09504294931888581,0.12530303001403809,0.1812337040901184,0.3126857280731201,0.40311059951782224,0.47533505082130434,0.1314520239830017,0.38029210150241854,0.0,0.0,0.0,0.0
A001617295,B2_proposed_lambda_0p50,M_sensitive,1.0,False,False,3.814389856415801e-05,0.5503807067871094,0.18844877183437347,0.20394495129585266,0.08610547333955765,0.0024554486479610206,0.011580607295036316,0.14498905837535858,0.2469591349363327,0.30276370644569395,0.3600727474689483,0.10197007656097412,0.35761729882098725,0.0,0.0,4.4982000773690415e-05,0.0
A001617295,B2_proposed_lambda_0p50,H_sensitive,1.0,False,False,0.02849140763282776,0.7015186548233032,0.2362385243177414,0.23589469492435455,0.060004040598869324,0.13582924664020538,0.14952386617660524,0.1848480999469757,0.2707364857196808,0.3442640244960785,0.40159795880317684,0.08588838577270508,0.2657687121629715,0.0,0.0,0.0,0.0
A001619585,B1_baseline,M_sensitive,1.0,False,False,0.0018357803346589208,0.8932557702064514,0.2751336395740509,0.2531491816043854,0.16095571219921112,0.022781084328889846,0.05807869583368302,0.1452312171459198,0.37447263300418854,0.5782735109329223,0.7028424918651579,0.22924141585826874,0.6800614075362681,0.0,0.0,0.0,0.0
A001619585,B1_baseline,H_sensitive,1.0,False,False,0.07600509375333786,0.9633996486663818,0.31329676508903503,0.2824940085411072,0.15395669639110565,0.09552513808012009,0.11619339510798454,0.1869058907032013,0.41423553228378296,0.6029461503028868,0.6658602452278134,0.22732964158058167,0.5703351071476933,0.0,0.0,0.0,0.0
A001619585,B2_proposed_lambda_0p50,M_sensitive,1.0,False,False,0.0004595270729623735,0.8295223712921143,0.30708155035972595,0.32030513882637024,0.13051320612430573,0.026888279765844344,0.07516535222530366,0.21866939216852188,0.3883385956287384,0.5155602931976317,0.6105835235118865,0.16966920346021652,0.5836952437460422,0.0,0.0,0.0,0.0
A001619585,B2_proposed_lambda_0p50,H_sensitive,1.0,False,False,0.10311887413263321,0.7957740426063538,0.26800549030303955,0.253702312707901,0.08118157833814621,0.15690663129091262,0.16726649105548858,0.2036307379603386,0.31844867765903473,0.4224870979785919,0.5192703175544732,0.11481793969869614,0.3623636862635605,0.0,0.0,0.0,0.0
A001620289,B1_baseline,M_sensitive,1.0,False,False,0.007245982997119427,0.8052025437355042,0.2491184026002884,0.225213885307312,0.12653891742229462,0.03543597929179668,0.09127160161733627,0.15390197560191154,0.31738970428705215,0.5076026499271392,0.6063651329278946,0.1634877286851406,0.570929153636098,0.0,0.0,0.0,0.0
A001620289,B1_baseline,H_sensitive,1.0,False,False,0.051386844366788864,0.6810874938964844,0.2273775041103363,0.2271137535572052,0.07725256681442261,0.08622110441327095,0.1087753128260374,0.17140799015760422,0.2733161672949791,0.36333389133214933,0.41964836210012424,0.10190817713737488,0.3334272576868533,0.0,0.0,0.0,0.0
A001620289,B2_proposed_lambda_0p50,M_sensitive,1.0,False,False,0.0011953157372772694,0.6872802972793579,0.25987109541893005,0.26615242660045624,0.09416316449642181,0.03664964437484741,0.10593051761388779,0.19411379098892212,0.3208177089691162,0.4146241813898084,0.47125778973102556,0.1267039179801941,0.43460814535617814,0.0,0.0,0.0,0.0
A001620289,B2_proposed_lambda_0p50,H_sensitive,1.0,False,False,0.04550053924322128,0.6606370806694031,0.21773867309093475,0.22908885031938553,0.03710255026817322,0.15175941213965416,0.16065659672021865,0.1814824342727661,0.24879077076911926,0.265574412047863,0.2785033744573593,0.06730833649635315,0.12674396231770513,0.0,0.0,0.0,0.0
A001620979,B1_baseline,M_sensitive,1.0,False,False,2.4224680146289757e-06,0.5506148338317871,0.17907856404781342,0.16977672278881073,0.09107077121734619,0.014155176375061274,0.04356350861489773,0.10621640458703041,0.24848231673240662,0.33391173183918,0.38528449237346646,0.1422659121453762,0.3711293159984052,0.0,0.0,0.0001290866014627207,0.0
A001620979,B1_baseline,H_sensitive,1.0,False,False,0.061898503452539444,0.5174464583396912,0.22985656559467316,0.2350538969039917,0.06723546981811523,0.09551381528377532,0.12085963636636735,0.1789950132369995,0.2693796306848526,0.34521853327751156,0.37605830669403073,0.09038461744785309,0.2805444914102554,0.0,0.0,0.0,0.0
A001620979,B2_proposed_lambda_0p50,M_sensitive,1.0,False,False,3.129235210508341e-06,0.6367964148521423,0.1814553141593933,0.18241608142852783,0.0849897488951683,0.010406658686697483,0.04229411967098713,0.11389407142996788,0.24642819166183472,0.3162347465753555,0.362400763630867,0.13253412023186684,0.3519941049441695,0.0,0.0,0.00011865536094048065,0.0
A001620979,B2_proposed_lambda_0p50,H_sensitive,1.0,False,False,0.04846496507525444,0.7197448015213013,0.22105672955513,0.2308771163225174,0.038112688809633255,0.14694791823625564,0.15737189948558808,0.18649674206972122,0.25228190422058105,0.27140333950519563,0.29020762324333194,0.06578516215085983,0.1432597050070763,0.0,0.0,0.0,0.0
A001621788,B1_baseline,M_sensitive,1.0,False,False,0.03704262524843216,0.7734488248825073,0.2572242021560669,0.22903043031692505,0.1074422225356102,0.1069838634133339,0.13545089364051818,0.17929750680923462,0.3110220730304718,0.4648525953292845,0.6132662439346299,0.13172456622123718,0.506282380521296,0.0,0.0,0.0,0.0
A001621788,B1_baseline,H_sensitive,1.0,False,False,0.08772795647382736,0.5733813643455505,0.2776874899864197,0.26378241181373596,0.08571413904428482,0.13477980971336365,0.15360625982284545,0.20807741582393646,0.3452967405319214,0.42147979736328123,0.48714243173599214,0.13721932470798492,0.35236262202262847,0.0,0.0,0.0,0.0
A001621788,B2_proposed_lambda_0p50,M_sensitive,1.0,False,False,0.026930542662739754,0.725320041179657,0.24282507598400116,0.23615999519824982,0.07312431186437607,0.08971539288759231,0.13953145444393159,0.19139710068702698,0.2914748191833496,0.3609731495380401,0.44030215740203726,0.10007771849632263,0.3505867645144449,0.0,0.0,0.0,0.0
A001621788,B2_proposed_lambda_0p50,H_sensitive,1.0,False,False,0.03467857837677002,0.658883810043335,0.2247862070798874,0.23115113377571106,0.03519301488995552,0.1561475795507431,0.16954930126667023,0.1920822113752365,0.25496363639831543,0.272908490896225,0.28690971732139586,0.06288142502307892,0.13076213777065276,0.0,0.0,0.0,0.0
A001622343,B1_baseline,M_sensitive,1.0,False,False,0.00047757511492818594,0.738849401473999,0.26552632451057434,0.24577656388282776,0.14995673298835754,0.0062250381801277396,0.045130458660423756,0.14982306957244873,0.36651814728975296,0.5420937836170197,0.6018515706062318,0.21669507771730423,0.5956265324261041,0.0,0.0,0.0,0.0
A001622343,B1_baseline,H_sensitive,1.0,False,False,0.058220274746418,0.5449891686439514,0.2474517673254013,0.24605781584978104,0.08598390221595764,0.08242791742086411,0.11272010579705238,0.17834700644016266,0.3153149038553238,0.3873710259795189,0.40347079485654835,0.13696789741516113,0.32104287743568427,0.0,0.0,0.0,0.0
A001622343,B2_proposed_lambda_0p50,M_sensitive,1.0,False,False,0.0001086452612071298,0.5960031747817993,0.2546423077583313,0.26384665071964264,0.10973180830478668,0.007541926437988878,0.04718476440757513,0.18707571178674698,0.32725226879119873,0.4290850833058357,0.49822397083044057,0.14017655700445175,0.49068204439245167,0.0,0.0,0.0,0.0
A001622343,B2_proposed_lambda_0p50,H_sensitive,1.0,False,False,0.03857239708304405,0.6872295141220093,0.22644613683223724,0.23906352370977402,0.037337955087423325,0.1466467000544071,0.16385413706302643,0.19184913486242294,0.25573038309812546,0.2737446427345276,0.28840527683496475,0.06388124823570251,0.14175857678055764,0.0,0.0,0.0,0.0
A001623863,B1_baseline,M_sensitive,1.0,False,False,0.0022723316214978695,0.8092686533927917,0.25254976749420166,0.22148491442203522,0.12618456780910492,0.055964765399694444,0.09425261616706848,0.16062839329242706,0.3163788318634033,0.516769289970398,0.5846538019180298,0.15575043857097626,0.5286890365183354,0.0,0.0,0.0,0.0
A001623863,B1_baseline,H_sensitive,1.0,False,False,0.07162153720855713,0.7788833379745483,0.2673988342285156,0.2504539489746094,0.09052493423223495,0.12473035395145417,0.14511077404022216,0.20117929577827454,0.32894453406333923,0.4138871431350708,0.5296522641181947,0.1277652382850647,0.4049219101667405,0.0,0.0,0.0,0.0
A001623863,B2_proposed_lambda_0p50,M_sensitive,1.0,False,False,0.0011686153011396527,0.724068820476532,0.2638860046863556,0.2695195972919464,0.10272114723920822,0.03996619701385498,0.09463106393814087,0.18705600500106812,0.3345912992954254,0.4258553147315979,0.5063278603553775,0.1475352942943573,0.4663616633415225,0.0,0.0,0.0,0.0
A001623863,B2_proposed_lambda_0p50,H_sensitive,1.0,False,False,0.09254040569067001,0.7039498686790466,0.22651329636573792,0.2313605546951294,0.04269234836101532,0.15015971124172212,0.16519882380962372,0.1914799064397812,0.2554154396057129,0.28080039024353026,0.3138605308532716,0.0639355331659317,0.16370081961154948,0.0,0.0,0.0,0.0
A001623880,B1_baseline,M_sensitive,1.0,False,False,0.0018382382113486528,0.6312878131866455,0.2281278520822525,0.22062738239765167,0.10525283217430115,0.03524161726236343,0.07414266094565392,0.14685772359371185,0.29304272681474686,0.4301341250538826,0.5095201164484024,0.146185003221035,0.47427849918603904,0.0,0.0,0.0,0.0
A001623880,B1_baseline,H_sensitive,1.0,False,False,0.0909414067864418,0.9991890788078308,0.26117247343063354,0.2601408213376999,0.0822770968079567,0.1158060695976019,0.14252308383584023,0.20104767009615898,0.30821481347084045,0.39072514325380325,0.47009343057870856,0.10716714337468147,0.3542873609811067,0.0,0.0,0.0,0.0
A001623880,B2_proposed_lambda_0p50,M_sensitive,1.0,False,False,2.1309940620994894e-06,0.5436278581619263,0.21617938578128815,0.22334007173776627,0.08019489794969559,0.02205268545076251,0.06418726779520512,0.1664021611213684,0.2786697447299957,0.3284934535622597,0.3648985669016837,0.11226758360862732,0.3428458814509212,0.0,0.0,2.566612767798543e-05,0.0
A001623880,B2_proposed_lambda_0p50,H_sensitive,1.0,False,False,0.015445631928741932,0.975177526473999,0.23380042612552643,0.238459512591362,0.051937658339738846,0.15132732763886453,0.16407251730561256,0.18934132531285286,0.25846557319164276,0.3374392241239548,0.3934844344854354,0.0691242478787899,0.24215710684657088,0.0,0.0,0.0,0.0
A001623896,B1_baseline,M_sensitive,1.0,False,False,0.0029116577934473753,0.7756025791168213,0.2538430094718933,0.23578612506389618,0.09597830474376678,0.1080171985924244,0.14067663550376894,0.18371419608592987,0.30214598774909973,0.44079389572143546,0.5931661558151248,0.11843179166316986,0.48514895722270035,0.0,0.0,0.0,0.0
A001623896,B1_baseline,H_sensitive,1.0,False,False,0.059118643403053284,0.5786640644073486,0.22880513966083527,0.2405748963356018,0.06024036556482315,0.10735244125127792,0.124983249604702,0.1800079271197319,0.2653253674507141,0.3218278646469115,0.36864795982837684,0.08531744033098221,0.26129551857709893,0.0,0.0,0.0,0.0
A001623896,B2_proposed_lambda_0p50,M_sensitive,1.0,False,False,0.0009092508116737008,0.7633593678474426,0.2504299581050873,0.2500591278076172,0.07903029024600983,0.07817375853657722,0.13249465823173523,0.1916404888033867,0.30344225466251373,0.37696402072906493,0.46089206397533444,0.11180176585912704,0.38271830543875723,0.0,0.0,0.0,0.0
A001623896,B2_proposed_lambda_0p50,H_sensitive,1.0,False,False,0.011747805401682854,0.6233913898468018,0.21705345809459686,0.2264138013124466,0.03817449137568474,0.14535595804452897,0.15597327202558517,0.18064738810062408,0.24781811237335205,0.2691096216440201,0.28369641184806826,0.06717072427272797,0.1383404538035393,0.0,0.0,0.0,0.0
A001627437,B1_baseline,M_sensitive,1.0,False,False,0.002157592447474599,0.7824484705924988,0.28813615441322327,0.27202630043029785,0.13783805072307587,0.051427481919527056,0.09422439336776733,0.18190895020961761,0.37218812108039856,0.5493464112281796,0.6448895978927617,0.19027917087078094,0.5934621159732346,0.0,0.0,0.0,0.0
A001627437,B1_baseline,H_sensitive,1.0,False,False,0.042770687490701675,0.850463330745697,0.2379889339208603,0.23964165151119232,0.08009391278028488,0.08979834616184235,0.10890772938728333,0.18382388353347778,0.289304256439209,0.3562318503856659,0.4037064862251284,0.1054803729057312,0.31390814006328605,0.0,0.0,0.0,0.0
A001627437,B2_proposed_lambda_0p50,M_sensitive,1.0,False,False,0.000590574461966753,0.792393147945404,0.31010183691978455,0.2998840808868408,0.12441619485616684,0.03322705894708634,0.11018793433904649,0.22213216125965118,0.40290194749832153,0.5244260072708129,0.5883722114562989,0.18076978623867035,0.5551451525092126,0.0,0.0,0.0,0.0
A001627437,B2_proposed_lambda_0p50,H_sensitive,1.0,False,False,0.014710204675793648,0.7096808552742004,0.21932412683963776,0.2275211662054062,0.03762849047780037,0.14914204835891723,0.16048818230628967,0.18457651138305664,0.24960562586784363,0.26709176898002623,0.2733600461483002,0.06502911448478699,0.12421799778938294,0.0,0.0,0.0,0.0
A001627943,B1_baseline,M_sensitive,1.0,False,False,0.02030191570520401,0.7845564484596252,0.24078409373760223,0.21523981541395187,0.11290623247623444,0.0684338379651308,0.10082992725074291,0.15525523573160172,0.30674488842487335,0.4572583809494972,0.5680883824825287,0.15148965269327164,0.4996545445173979,0.0,0.0,0.0,0.0
A001627943,B1_baseline,H_sensitive,1.0,False,False,0.04431537538766861,0.8782860040664673,0.19904421269893646,0.2137271910905838,0.06990894675254822,0.07334859110414982,0.09130296297371387,0.14255592599511147,0.24632030352950096,0.2863665521144867,0.3452920764684677,0.1037643775343895,0.2719434853643179,0.0,0.0,0.0,0.0
A001627943,B2_proposed_lambda_0p50,M_sensitive,1.0,False,False,0.000864332658238709,0.7729671597480774,0.28102144598960876,0.2697766125202179,0.10894855111837387,0.06970267742872238,0.11798447743058205,0.19868794828653336,0.3639545440673828,0.4634510204195976,0.548643633723259,0.16526659578084946,0.4789409562945366,0.0,0.0,0.0,0.0
A001627943,B2_proposed_lambda_0p50,H_sensitive,1.0,False,False,0.0015464210882782936,0.8917445540428162,0.20906320214271545,0.21272294968366623,0.040233224630355835,0.14075897261500359,0.15077044814825058,0.17174367234110832,0.24482081830501556,0.2648521661758423,0.28235670924186707,0.07307714596390724,0.14159773662686348,0.0,0.0,0.0,0.0
A001628261,B1_baseline,M_sensitive,1.0,False,False,4.1225208406103775e-05,0.7918534278869629,0.24347196519374847,0.19461166113615036,0.150920107960701,0.03230886351317167,0.06607665792107582,0.13241210207343102,0.3246878832578659,0.55374875664711,0.6601367431879044,0.1922757811844349,0.6278278796747327,0.0,0.0,0.00010721232635432142,0.0
A001628261,B1_baseline,H_sensitive,1.0,False,False,0.03368277847766876,0.6301266551017761,0.26108258962631226,0.2537299394607544,0.09203406423330307,0.09775132648646831,0.12539683133363724,0.1837795078754425,0.32749153673648834,0.4252832546830177,0.4751459965109827,0.14371202886104584,0.37739467002451443,0.0,0.0,0.0,0.0
A001628261,B2_proposed_lambda_0p50,M_sensitive,1.0,False,False,0.00041276446427218616,0.7529547214508057,0.24533392488956451,0.23699039965867996,0.11646353453397751,0.026602682676166296,0.07531685940921307,0.1545262560248375,0.32273177057504654,0.44465050846338267,0.567832888364792,0.16820551455020905,0.5412302056886257,0.0,0.0,0.0,0.0
A001628261,B2_proposed_lambda_0p50,H_sensitive,1.0,False,False,0.045951999723911285,0.6225417852401733,0.2228747010231018,0.23362800478935242,0.0388704314827919,0.15054801777005195,0.16208234950900077,0.18561768904328346,0.25239962339401245,0.27658620029687875,0.3046708649396898,0.06678193435072899,0.15412284716963787,0.0,0.0,0.0,0.0
A001628911,B1_baseline,M_sensitive,1.0,False,False,2.515555934223812e-05,0.7363763451576233,0.24251896142959595,0.21977616101503372,0.1417304277420044,0.019580094534903763,0.04359415993094444,0.14216970279812813,0.32396622747182846,0.5171625375747682,0.6209995675086976,0.18179652467370033,0.6014194729737938,0.0,0.0,4.6127524433609915e-05,0.0
A001628911,B1_baseline,H_sensitive,1.0,False,False,0.04412437602877617,0.6408079266548157,0.2418222427368164,0.24484657496213913,0.09029544144868851,0.05653872586786747,0.09425846040248871,0.1753540225327015,0.30291470885276794,0.394104577600956,0.4506544926762583,0.12756068632006645,0.39411576680839083,0.0,0.0,0.0,0.0
A001628911,B2_proposed_lambda_0p50,M_sensitive,1.0,False,False,3.0060697099543177e-05,0.6985948085784912,0.26236188411712646,0.28432467579841614,0.11978582292795181,0.018025866895914077,0.04427722506225109,0.17483105137944221,0.3443947732448578,0.4395862013101578,0.507019721865654,0.16956372186541557,0.48899385496973996,0.0,0.0,2.795607541430904e-05,0.0
A001628911,B2_proposed_lambda_0p50,H_sensitive,1.0,False,False,0.032848604023456573,0.6356677412986755,0.21733705699443817,0.22868719696998596,0.03833026811480522,0.1451067619025707,0.15653870701789857,0.1802750676870346,0.24773605167865753,0.26890134811401367,0.2851685056090355,0.06746098399162292,0.1400617437064648,0.0,0.0,0.0,0.0
A001629085,B1_baseline,M_sensitive,1.0,False,False,0.00023265465279109776,0.738682746887207,0.18501721322536469,0.15551820397377014,0.11284895986318588,0.03059006156399846,0.05743794422596693,0.10657482594251633,0.23340947553515434,0.41558584570884705,0.5683506727218628,0.12683464959263802,0.5377606111578643,0.0,0.0,0.0,0.0
A001629085,B1_baseline,H_sensitive,1.0,False,False,0.07416108250617981,0.6777807474136353,0.22443051636219025,0.2332535907626152,0.06708330661058426,0.09859460592269897,0.11886364780366421,0.172475453466177,0.26062825322151184,0.3443026691675186,0.4090719074010849,0.08815279975533485,0.3104773014783859,0.0,0.0,0.0,0.0
A001629085,B2_proposed_lambda_0p50,M_sensitive,1.0,False,False,0.0005989433266222477,0.6901565790176392,0.17935290932655334,0.16433380544185638,0.09969773888587952,0.02159325499087572,0.04192616697400808,0.10546894744038582,0.2339797131717205,0.3676677867770195,0.47367582470178604,0.1285107657313347,0.4520825697109103,0.0,0.0,0.0,0.0
A001629085,B2_proposed_lambda_0p50,H_sensitive,1.0,False,False,0.06867089867591858,0.594904363155365,0.20937570929527283,0.21755388379096985,0.037905286997556686,0.1376708410680294,0.14840435609221458,0.17446014657616615,0.2406286932528019,0.2594633474946022,0.273970365524292,0.06616854667663574,0.1362995244562626,0.0,0.0,0.0,0.0
A001629318,B1_baseline,M_sensitive,1.0,False,False,0.003919010050594807,0.6591716408729553,0.14295902848243713,0.12539441883563995,0.07650788128376007,0.034790486916899684,0.04986717887222767,0.09100011363625526,0.17338772863149643,0.3055635094642639,0.39393846035003677,0.08238761499524117,0.3591479734331371,0.0,0.0,0.0,0.0
A001629318,B1_baseline,H_sensitive,1.0,False,False,0.0717373788356781,0.5204285979270935,0.20924223959445953,0.2237630933523178,0.060305435210466385,0.08391900926828384,0.10896435305476189,0.157143734395504,0.25446897745132446,0.29353663325309753,0.33349357426166537,0.09732524305582047,0.24957456499338154,0.0,0.0,0.0,0.0
A001629318,B2_proposed_lambda_0p50,M_sensitive,1.0,False,False,0.0016293444205075502,0.7200562953948975,0.1402742713689804,0.12921829521656036,0.06955168396234512,0.020058458633720876,0.04441204816102982,0.08927465602755547,0.18089544028043747,0.26695255041122434,0.3127209013700487,0.091620784252882,0.29266244273632785,0.0,0.0,0.0,0.0
A001629318,B2_proposed_lambda_0p50,H_sensitive,1.0,False,False,0.04823716729879379,0.6142240762710571,0.21133862435817719,0.21923977136611938,0.03908270597457886,0.14244374722242356,0.1533530443906784,0.1730569452047348,0.24613583832979202,0.26504331827163696,0.2809076535701752,0.07307889312505722,0.13846390634775166,0.0,0.0,0.0,0.0
A001630235,B1_baseline,M_sensitive,1.0,False,False,0.005080514587461948,0.667725145816803,0.22793707251548767,0.2079036831855774,0.10804987698793411,0.04434727903455496,0.08196162655949593,0.14688728377223015,0.2965289279818535,0.4335080236196516,0.5343337100744244,0.14964164420962334,0.4899864310398695,0.0,0.0,0.0,0.0
A001630235,B1_baseline,H_sensitive,1.0,False,False,0.06226933375000954,0.6631901264190674,0.22502565383911133,0.2278446927666664,0.06391482055187225,0.10464433521032333,0.12319872416555881,0.17979531735181808,0.2590961456298828,0.33896768689155576,0.3872140076756477,0.07930082827806473,0.28256967246532433,0.0,0.0,0.0,0.0
A001630235,B2_proposed_lambda_0p50,M_sensitive,1.0,False,False,9.869050700217485e-05,0.6772758364677429,0.23666995763778687,0.24702668190002441,0.08632290363311768,0.03488700453191996,0.08589700236916542,0.1770477034151554,0.29541318118572235,0.35801165848970395,0.4571028739213943,0.11836547777056694,0.42221586938947436,0.0,0.0,1.4754267671924104e-06,0.0
A001630235,B2_proposed_lambda_0p50,H_sensitive,1.0,False,False,0.006234611850231886,0.7496452927589417,0.21791242063045502,0.2284487560391426,0.03652852028608322,0.14811471953988076,0.15998891294002532,0.18300459161400795,0.24824126064777374,0.2658603981137276,0.27611418396234505,0.06523666903376579,0.1279994644224643,0.0,0.0,0.0,0.0
A001630396,B1_baseline,M_sensitive,1.0,False,False,0.0033362458925694227,0.760610818862915,0.21792034804821014,0.18935316801071167,0.1148921474814415,0.041216967552900316,0.09188807383179665,0.13725677877664566,0.267312690615654,0.4669699341058731,0.598808776140213,0.13005591183900833,0.5575918085873127,0.0,0.0,0.0,0.0
A001630396,B1_baseline,H_sensitive,1.0,False,False,0.07005295157432556,0.7045751214027405,0.22214649617671967,0.22934141755104065,0.06498398631811142,0.1002195942401886,0.11576057076454163,0.1703411266207695,0.2643784135580063,0.32243506312370296,0.37869656503200544,0.09403728693723679,0.2784769707918168,0.0,0.0,0.0,0.0
A001630396,B2_proposed_lambda_0p50,M_sensitive,1.0,False,False,0.0003596411261241883,0.7627072930335999,0.22735008597373962,0.2127736508846283,0.11147202551364899,0.03514235936105251,0.06244004853069783,0.1473393216729164,0.3026813864707947,0.4248213499784469,0.5339465498924262,0.15534206479787827,0.49880419053137365,0.0,0.0,0.0,0.0
A001630396,B2_proposed_lambda_0p50,H_sensitive,1.0,False,False,0.052430182695388794,0.7087286114692688,0.2213936448097229,0.22934703528881073,0.041294507682323456,0.1451186940073967,0.1592285931110382,0.18488701432943344,0.24970974028110504,0.2782690227031708,0.302967011332512,0.0648227259516716,0.15784831732511534,0.0,0.0,0.0,0.0
A001630535,B1_baseline,M_sensitive,1.0,False,False,0.006392281036823988,0.679834246635437,0.2535786032676697,0.23548714816570282,0.10642913728952408,0.0743532606959343,0.10905525758862496,0.1697460524737835,0.3261685222387314,0.44950201958417896,0.5207674705982206,0.1564224697649479,0.4464142099022863,0.0,0.0,0.0,0.0
A001630535,B1_baseline,H_sensitive,1.0,False,False,0.0395967923104763,0.5342155694961548,0.24046193063259125,0.25923746824264526,0.065144382417202,0.09109466917812824,0.1071079682558775,0.19911234080791473,0.28173157572746277,0.330303205549717,0.3588287666440008,0.08261923491954803,0.26773409746587257,0.0,0.0,0.0,0.0
A001630535,B2_proposed_lambda_0p50,M_sensitive,1.0,False,False,0.00012022058945149183,0.6165719628334045,0.1949261873960495,0.18836573511362076,0.07441464811563492,0.04087354835122824,0.07698356956243516,0.14301814138889313,0.2477332353591919,0.31788030564785,0.3641436830163,0.10471509397029877,0.32327013466507176,0.0,0.0,0.0,0.0
A001630535,B2_proposed_lambda_0p50,H_sensitive,1.0,False,False,0.007506611756980419,0.8384284377098083,0.21156089007854462,0.2220839187502861,0.03620334714651108,0.14022696316242217,0.14976994395256044,0.1814681738615036,0.2395436316728592,0.25781749486923217,0.27049065202474565,0.05807545781135559,0.13026368886232348,0.0,0.0,0.0,0.0
A001632964,B1_baseline,M_sensitive,1.0,False,False,0.017933428287506104,0.6598228812217712,0.2238893359899521,0.21256520599126816,0.07084405422210693,0.0894649700075388,0.13089861571788788,0.18114735186100006,0.25649791955947876,0.340874344110489,0.48498974144458773,0.0753505676984787,0.39552477143704895,0.0,0.0,0.0,0.0
A001632964,B1_baseline,H_sensitive,1.0,False,False,0.0812508761882782,0.7906247973442078,0.23107530176639557,0.2430151253938675,0.06107655540108681,0.0987795489281416,0.12294820472598075,0.19141238927841187,0.26679588109254837,0.305377633869648,0.404121455848217,0.0753834918141365,0.3053419069200754,0.0,0.0,0.0,0.0
A001632964,B2_proposed_lambda_0p50,M_sensitive,1.0,False,False,0.00036896951496601105,0.5728981494903564,0.21832524240016937,0.2144785374403,0.05426286160945892,0.08347625076770783,0.13788121417164803,0.18095602095127106,0.2569684311747551,0.3044635459780693,0.3492068514227868,0.07601241022348404,0.265730600655079,0.0,0.0,0.0,0.0
A001632964,B2_proposed_lambda_0p50,H_sensitive,1.0,False,False,0.00021299210493452847,0.5437419414520264,0.22259484231472015,0.23204915970563889,0.038414064794778824,0.1548611745238304,0.16222851499915122,0.18522357568144798,0.25043637305498123,0.2757473409175873,0.30399448961019515,0.06521279737353325,0.14913331508636474,0.0,0.0,0.0,0.0
A001633030,B1_baseline,M_sensitive,1.0,False,False,0.00039646707591600716,0.8054865002632141,0.3169463574886322,0.30966879427433014,0.1598571240901947,0.02956681614741683,0.0655249148607254,0.21051433682441711,0.41790319234132767,0.5995832979679108,0.6720332020521164,0.20738885551691055,0.6424663859046995,0.0,0.0,0.0,0.0
A001633030,B1_baseline,H_sensitive,1.0,False,False,0.07653068006038666,0.7757506966590881,0.25882840156555176,0.2581317871809006,0.09081074595451355,0.10022643253207207,0.12501926720142365,0.18720952793955803,0.3109303414821625,0.4178192690014839,0.45446800976991647,0.12372081354260445,0.3542415772378444,0.0,0.0,0.0,0.0
A001633030,B2_proposed_lambda_0p50,M_sensitive,1.0,False,False,0.0002568293421063572,0.7907183170318604,0.3424350321292877,0.3602115511894226,0.14281746745109558,0.030418609995394946,0.07602905109524727,0.2703067287802696,0.4365454763174057,0.5538428574800491,0.6216725349426264,0.16623874753713608,0.5912539249472315,0.0,0.0,0.0,0.0
A001633030,B2_proposed_lambda_0p50,H_sensitive,1.0,False,False,0.02951713837683201,0.8183659911155701,0.2241939902305603,0.2329534962773323,0.03975933790206909,0.15155016303062438,0.16122825294733048,0.18661728128790855,0.25373317301273346,0.2820923700928688,0.30627312958240505,0.0671158917248249,0.15472296655178067,0.0,0.0,0.0,0.0
A001633088,B1_baseline,M_sensitive,1.0,False,False,0.001642722636461258,0.8033338189125061,0.2641780376434326,0.2280448079109192,0.15762600302696228,0.038218225315213204,0.07426044419407844,0.13639997318387032,0.3604392930865288,0.5747044026851652,0.6594531244039531,0.22403931990265846,0.6212348990887399,0.0,0.0,0.0,0.0
A001633088,B1_baseline,H_sensitive,1.0,False,False,0.07111794501543045,0.8693066239356995,0.26837608218193054,0.25384533405303955,0.10307503491640091,0.10165602467954159,0.11591272465884686,0.19070803746581078,0.3431236445903778,0.4570379450917243,0.5110101836919784,0.15241560712456703,0.40935415901243677,0.0,0.0,0.0,0.0
A001633088,B2_proposed_lambda_0p50,M_sensitive,1.0,False,False,0.00021111541718710214,0.7479244470596313,0.2782982587814331,0.28516295552253723,0.13584645092487335,0.03896308332681656,0.07287033274769783,0.16313553974032402,0.37637909501791,0.5009185850620269,0.5912141704559323,0.21324355527758598,0.5522510871291157,0.0,0.0,0.0,0.0
A001633088,B2_proposed_lambda_0p50,H_sensitive,1.0,False,False,0.010773723013699055,0.7218717932701111,0.23552246391773224,0.24264906346797943,0.04396454244852066,0.15091363966464996,0.16619302928447724,0.19600485265254974,0.26243671774864197,0.3058637037873268,0.3351805663108825,0.06643186509609222,0.18426692664623254,0.0,0.0,0.0,0.0
A001633684,B1_baseline,M_sensitive,1.0,False,False,0.012502197176218033,0.8759106993675232,0.2855125963687897,0.26051847636699677,0.12122055888175964,0.06002213049679995,0.11276781409978867,0.2040373980998993,0.3520106002688408,0.5284173369407651,0.6067879104614257,0.1479732021689415,0.5467657799646257,0.0,0.0,0.0,0.0
A001633684,B1_baseline,H_sensitive,1.0,False,False,0.07446266710758209,0.7961428165435791,0.24908886849880219,0.2522227615118027,0.08201614022254944,0.11276802688837051,0.1315333887934685,0.18131521344184875,0.2994762882590294,0.3820233210921287,0.4393554070591923,0.11816107481718063,0.3265873801708218,0.0,0.0,0.0,0.0
A001633684,B2_proposed_lambda_0p50,M_sensitive,1.0,False,False,0.01141204871237278,0.8349177241325378,0.2838307023048401,0.2906336188316345,0.07690352946519852,0.06588427282869816,0.14011230170726777,0.23998871073126793,0.3352315351366997,0.3907672807574272,0.46370030343532564,0.09524282440543175,0.3978160306066275,0.0,0.0,0.0,0.0
A001633684,B2_proposed_lambda_0p50,H_sensitive,1.0,False,False,0.03453521803021431,0.8417397737503052,0.21532881259918213,0.22666426002979279,0.036927901208400726,0.1508895091712475,0.1592692106962204,0.17864908650517464,0.2457374557852745,0.2620961740612983,0.27501413881778713,0.06708836928009987,0.12412462964653964,0.0,0.0,0.0,0.0
A001635014,B1_baseline,M_sensitive,1.0,False,False,0.00020817876793444157,0.6544849276542664,0.18216724693775177,0.1470227763056755,0.10742033272981644,0.013254370233044028,0.06724333390593529,0.11176350340247154,0.2290429323911667,0.4124953046441078,0.5377274060249331,0.11727942898869514,0.5244730357918891,0.0,0.0,0.0,0.0
A001635014,B1_baseline,H_sensitive,1.0,False,False,0.02023080736398697,0.7663043737411499,0.24388542771339417,0.24062931537628174,0.07557454705238342,0.1163545672595501,0.13815465047955514,0.18797773495316505,0.2806600257754326,0.37529525309801104,0.4409109029173851,0.09268229082226753,0.32455633565783504,0.0,0.0,0.0,0.0
A001635014,B2_proposed_lambda_0p50,M_sensitive,1.0,False,False,5.384808900998905e-05,0.6041315793991089,0.18664759397506714,0.1828140839934349,0.07600624859333038,0.007264721225947142,0.06424541361629964,0.13496659323573112,0.24118023365736008,0.30960418879985807,0.3668740114569664,0.10621364042162895,0.3596092902310193,0.0,0.0,2.908289178117478e-05,0.0
A001635014,B2_proposed_lambda_0p50,H_sensitive,1.0,False,False,0.041317954659461975,0.7096863985061646,0.22481675446033478,0.23452524840831757,0.03728082776069641,0.15125410199165346,0.16479881405830382,0.19073038920760155,0.2525883987545967,0.2746418952941895,0.2991780614852906,0.06185800954699516,0.14792395949363712,0.0,0.0,0.0,0.0
A001635193,B1_baseline,M_sensitive,1.0,False,False,0.007848422043025494,0.764082133769989,0.18617482483386993,0.1670331284403801,0.09050089865922928,0.05258547607809305,0.07442780770361423,0.12391498126089573,0.23109650611877441,0.35938154757022833,0.4779984986782073,0.10718152485787868,0.42541302260011427,0.0,0.0,0.0,0.0
A001635193,B1_baseline,H_sensitive,1.0,False,False,0.049775298684835434,0.5477509498596191,0.20523390173912048,0.21670687943696976,0.05922924727201462,0.08829107001423836,0.10677021369338036,0.1538834162056446,0.25134777277708054,0.28730505853891364,0.3253439447283744,0.09746435657143593,0.23705287471413605,0.0,0.0,0.0,0.0
A001635193,B2_proposed_lambda_0p50,M_sensitive,1.0,False,False,0.006412255112081766,0.6674032211303711,0.19371771812438965,0.1938716471195221,0.07130385935306549,0.04644744243472815,0.06956942044198514,0.14500734955072403,0.24254854768514633,0.30964678376913063,0.35919104129076,0.0975411981344223,0.31274359885603187,0.0,0.0,0.0,0.0
A001635193,B2_proposed_lambda_0p50,H_sensitive,1.0,False,False,0.026847045868635178,0.7281391024589539,0.21516448259353638,0.222455233335495,0.038557033985853195,0.14637492552399636,0.15601531118154527,0.177860789000988,0.2482176162302494,0.2679871156811714,0.283571819961071,0.0703568272292614,0.13719689443707464,0.0,0.0,0.0,0.0
A001635405,B1_baseline,M_sensitive,1.0,False,False,6.0194306570338085e-05,0.6866427063941956,0.1191391721367836,0.10172398388385773,0.07321251928806305,0.01688597928732634,0.03601358272135258,0.06940991804003716,0.1466246321797371,0.25634732842445374,0.3821079313755028,0.07721471413969994,0.3652219520881765,0.0,0.0,0.00021414400982638172,0.0
A001635405,B1_baseline,H_sensitive,1.0,False,False,0.0656728595495224,0.8916251063346863,0.252636194229126,0.23153573274612427,0.11280125379562378,0.0840187817811966,0.10415074974298477,0.17883921414613724,0.3085886090993881,0.46465684473514557,0.5981387972831725,0.12974939495325089,0.514120015501976,0.0,0.0,0.0,0.0
A001635405,B2_proposed_lambda_0p50,M_sensitive,1.0,False,False,0.001603681594133377,0.6281766295433044,0.13466602563858032,0.12101128697395325,0.06922947615385056,0.020743375271558763,0.04499278962612152,0.08145967498421669,0.18029027432203293,0.25545063614845276,0.33733925521373653,0.09883059933781624,0.31659587994217775,0.0,0.0,0.0,0.0
A001635405,B2_proposed_lambda_0p50,H_sensitive,1.0,False,False,0.01910027302801609,0.8503754138946533,0.23955275118350983,0.24036522209644318,0.05699974298477173,0.15650756657123566,0.16596752405166626,0.19676505774259567,0.2652745693922043,0.32569728791713715,0.4439501196146009,0.06850951164960861,0.28744255304336525,0.0,0.0,0.0,0.0
A001636454,B1_baseline,M_sensitive,1.0,False,False,1.6939125998760574e-05,0.8191292881965637,0.29061201214790344,0.27024446427822113,0.13486257195472717,0.051378962844610215,0.0892583929002285,0.19972916692495346,0.3584885224699974,0.5607485264539714,0.6544899398088451,0.15875935554504395,0.6031109769642349,0.0,0.0,8.917844358844148e-05,0.0
A001636454,B1_baseline,H_sensitive,1.0,False,False,0.02669823355972767,0.6227075457572937,0.24865444004535675,0.24684707820415497,0.07442120462656021,0.11732530988752841,0.13813116848468782,0.19146117568016052,0.28935670107603073,0.38931145071983336,0.4358333763480185,0.09789552539587021,0.31850806646049007,0.0,0.0,0.0,0.0
A001636454,B2_proposed_lambda_0p50,M_sensitive,1.0,False,False,5.900282303628046e-06,0.8376189470291138,0.3307904899120331,0.33264467120170593,0.11545475572347641,0.05987466100603342,0.12264616638422013,0.26224616914987564,0.3973226174712181,0.529098606109619,0.634276608228682,0.13507644832134247,0.5744019472226486,0.0,0.0,0.0001597780447626243,0.0
A001636454,B2_proposed_lambda_0p50,H_sensitive,1.0,False,False,0.015066519379615784,0.6160761713981628,0.21848821640014648,0.22890403121709824,0.03825380280613899,0.14944348931312562,0.15905621498823166,0.18104935809969902,0.24994920194149017,0.27003641575574877,0.28917617321014405,0.06889984384179115,0.13973268389701843,0.0,0.0,0.0,0.0
A001636890,B1_baseline,M_sensitive,1.0,False,False,2.3566524760099128e-05,0.5059490203857422,0.0990721732378006,0.09324092045426369,0.0511004664003849,0.02468216259032488,0.03608608469367028,0.058322551660239697,0.12492797710001469,0.19539921283721914,0.25206218719482437,0.06660542543977499,0.2273800246044995,0.0,0.0,4.263702658198071e-05,0.0
A001636890,B1_baseline,H_sensitive,1.0,False,False,0.08789270371198654,0.9402563571929932,0.21406875550746918,0.21166933327913284,0.06275619566440582,0.10932417832314968,0.12431545928120613,0.17103133723139763,0.2485991232097149,0.30647475123405443,0.4031989789009101,0.07756778597831726,0.29387480057776044,0.0,0.0,0.0,0.0
A001636890,B2_proposed_lambda_0p50,M_sensitive,1.0,False,False,3.970665147789987e-06,0.3505665361881256,0.10622987896203995,0.09893117845058441,0.055771298706531525,0.021612843163311482,0.032725095562636856,0.060009172186255455,0.14372754096984863,0.20763388648629183,0.24611403912305838,0.08371836878359318,0.22450119595974688,0.0,0.0,7.64525993883792e-05,0.0
A001636890,B2_proposed_lambda_0p50,H_sensitive,1.0,False,False,0.0011591706424951553,0.8949239253997803,0.22089256346225739,0.2266974002122879,0.042256392538547516,0.14765084862709046,0.15751381888985633,0.18467757478356361,0.24934805184602737,0.2836901620030403,0.3263208979368214,0.06467047706246376,0.17867004930973093,0.0,0.0,0.0,0.0
A001637359,B1_baseline,M_sensitive,1.0,False,False,6.0776801547035575e-06,0.7093273997306824,0.20164380967617035,0.1637398898601532,0.14438647031784058,0.003043477779719979,0.02037005117163062,0.08088020794093609,0.31818822771310806,0.4657142430543899,0.5322593635320664,0.23730801977217197,0.5292158857523463,0.0,0.0,5.188565031587355e-05,0.0
A001637359,B1_baseline,H_sensitive,1.0,False,False,0.027283450588583946,0.5449947714805603,0.24156945943832397,0.24737173318862915,0.08747943490743637,0.07268779002130031,0.0921307485550642,0.17582722380757332,0.29917728900909424,0.3867144078016281,0.43216251403093336,0.12335006520152092,0.35947472400963304,0.0,0.0,0.0,0.0
A001637359,B2_proposed_lambda_0p50,M_sensitive,1.0,False,False,2.851756789823412e-06,0.6811366677284241,0.21522356569766998,0.2061927765607834,0.13372455537319183,0.004015469942241907,0.022452122718095782,0.09808851405978203,0.3230067417025566,0.44156537801027296,0.5032258456945419,0.22491822764277458,0.4992103757523,0.0,0.0,6.131940491875966e-05,0.0
A001637359,B2_proposed_lambda_0p50,H_sensitive,1.0,False,False,0.06588248908519745,0.6286513805389404,0.2217492014169693,0.2282642349600792,0.04806075617671013,0.13861677482724188,0.15129348039627075,0.17951900884509087,0.2523910030722618,0.3037756502628326,0.35318859100341793,0.07287199422717094,0.21457181617617604,0.0,0.0,0.0,0.0
A001637369,B1_baseline,M_sensitive,1.0,False,False,0.00013864961510989815,0.6337488293647766,0.19879217445850372,0.17844828963279724,0.09130806475877762,0.03963048551231624,0.0844647690653801,0.13672753050923347,0.24517101794481277,0.38190565258264525,0.47850136637687685,0.1084434874355793,0.4388708808645606,0.0,0.0,0.0,0.0
A001637369,B1_baseline,H_sensitive,1.0,False,False,0.09003738313913345,0.7742143869400024,0.2988792657852173,0.2676519602537155,0.13595250248908997,0.11278966955840587,0.13209560364484788,0.19708280265331268,0.37725090235471725,0.5846974492073053,0.7081856936216354,0.18016809970140457,0.5953960240632296,0.0,0.0,0.0,0.0
A001637369,B2_proposed_lambda_0p50,M_sensitive,1.0,False,False,9.352312190458179e-05,0.5216985940933228,0.22335147857666016,0.22191767394542694,0.07487199455499649,0.02895214706659317,0.0997153911739588,0.17427073791623116,0.2775949165225029,0.3440030172467231,0.3838755795359612,0.10332417860627174,0.354923432469368,0.0,0.0,1.218267185486052e-06,0.0
A001637369,B2_proposed_lambda_0p50,H_sensitive,1.0,False,False,0.06314853578805923,0.6256137490272522,0.24272994697093964,0.23766931891441345,0.07269106805324554,0.1532398048043251,0.16511415243148803,0.19176945462822914,0.26010823249816895,0.4321446493268011,0.5109000962972641,0.0683387778699398,0.357660291492939,0.0,0.0,0.0,0.0
A001638334,B1_baseline,M_sensitive,1.0,False,False,0.0025706770829856396,0.7706416845321655,0.1760643869638443,0.16185221076011658,0.09021738916635513,0.03688275054097176,0.06251512914896011,0.1178664118051529,0.21105395257472992,0.3562032282352442,0.4870962822437286,0.09318754076957703,0.4502135317027568,0.0,0.0,0.0,0.0
A001638334,B1_baseline,H_sensitive,1.0,False,False,0.08243496716022491,0.5952231287956238,0.218159019947052,0.22998058795928955,0.06422089040279388,0.09938001722097396,0.1178085744380951,0.16507847607135773,0.2541569173336029,0.324096131324768,0.4022721171379089,0.08907844126224518,0.30289209991693494,0.0,0.0,0.0,0.0
A001638334,B2_proposed_lambda_0p50,M_sensitive,1.0,False,False,0.0028367957565933466,0.6311971545219421,0.1763429492712021,0.18628878891468048,0.06834831833839417,0.026126153692603113,0.05903037637472153,0.13072869181632996,0.2171805202960968,0.28088087439537,0.34925297141075134,0.08645182847976685,0.3231268177181482,0.0,0.0,0.0,0.0
A001638334,B2_proposed_lambda_0p50,H_sensitive,1.0,False,False,0.0578436404466629,0.6435166001319885,0.2162960171699524,0.22725287079811096,0.037798553705215454,0.14272173285484313,0.15527670979499816,0.18010494112968445,0.24782782793045044,0.2641270339488983,0.28523180127143855,0.06772288680076599,0.14251006841659541,0.0,0.0,0.0,0.0
A001638543,B1_baseline,M_sensitive,1.0,False,False,0.02619742602109909,0.7971997261047363,0.21256649494171143,0.19869622588157654,0.10897453129291534,0.052859616428613664,0.06558275371789932,0.1315285861492157,0.2744660973548889,0.41726789474487297,0.5362842082977295,0.14293751120567322,0.48342459186911585,0.0,0.0,0.0,0.0
A001638543,B1_baseline,H_sensitive,1.0,False,False,0.0781840980052948,0.8132322430610657,0.20823219418525696,0.21650363504886627,0.06246709078550339,0.09522111177444458,0.11544757932424546,0.16178470849990845,0.24744464457035065,0.28329198360443114,0.364644410610199,0.0856599360704422,0.2694232988357544,0.0,0.0,0.0,0.0
A001638543,B2_proposed_lambda_0p50,M_sensitive,1.0,False,False,0.006877524312585592,0.8071771860122681,0.21926234662532806,0.23202860355377197,0.09427761286497116,0.04655836835503578,0.06588394194841385,0.14891840517520905,0.28186753392219543,0.35771101117134096,0.4813416159152984,0.1329491287469864,0.4347832475602626,0.0,0.0,0.0,0.0
A001638543,B2_proposed_lambda_0p50,H_sensitive,1.0,False,False,0.01756865903735161,0.5524859428405762,0.21608036756515503,0.22480067610740662,0.03764009103178978,0.14741636514663697,0.15625133216381074,0.18141458928585052,0.24684062600135803,0.26727797389030455,0.2870192492008209,0.06542603671550751,0.13960288405418392,0.0,0.0,0.0,0.0
A001639778,B1_baseline,M_sensitive,1.0,False,False,3.059712753383792e-06,0.703132688999176,0.20882216095924377,0.18122324347496033,0.10587649047374725,0.04724179230630398,0.09133741408586503,0.13764604181051254,0.2527787834405899,0.4347293287515628,0.5727817940711973,0.11513274163007736,0.5255400017648933,0.0,0.0,0.0008200070245356997,0.0
A001639778,B1_baseline,H_sensitive,1.0,False,False,0.06900610774755478,0.7333134412765503,0.2687918245792389,0.25704216957092285,0.08658143132925034,0.11702359721064567,0.14360328018665314,0.2033969983458519,0.3248726427555084,0.42722971737384785,0.4796015071868896,0.12147564440965652,0.36257790997624395,0.0,0.0,0.0,0.0
A001639778,B2_proposed_lambda_0p50,M_sensitive,1.0,False,False,6.700336962239817e-05,0.6853894591331482,0.21194152534008026,0.20756135880947113,0.07575514912605286,0.04924019604921341,0.10354814305901527,0.16087676584720612,0.25404153764247894,0.34388171136379214,0.4294525825977319,0.09316477179527283,0.38021238654851847,0.0,0.0,1.146862971378601e-05,0.0
A001639778,B2_proposed_lambda_0p50,H_sensitive,1.0,False,False,0.07717477530241013,0.8461611270904541,0.2278960794210434,0.2315816432237625,0.04333984851837158,0.15902841448783875,0.16736821979284286,0.1928815096616745,0.25481395423412323,0.2845154523849487,0.32029967606067633,0.06193244457244873,0.16127126157283758,0.0,0.0,0.0,0.0
A001641354,B1_baseline,M_sensitive,1.0,False,False,0.011411064304411411,0.6444600820541382,0.1752498596906662,0.16364821791648865,0.0807969868183136,0.04681418467313051,0.06884448006749153,0.11063778586685658,0.22528709843754768,0.33103964030742644,0.39290181398391705,0.11464931257069111,0.3460876293107865,0.0,0.0,0.0,0.0
A001641354,B1_baseline,H_sensitive,1.0,False,False,0.03837065398693085,0.7510790228843689,0.2125471979379654,0.23435699939727783,0.06669244170188904,0.08073026597499848,0.10156017318367958,0.15489716827869415,0.2586212381720543,0.2855728551745415,0.3697119548916815,0.10372406989336014,0.288981688916683,0.0,0.0,0.0,0.0
A001641354,B2_proposed_lambda_0p50,M_sensitive,1.0,False,False,0.00019275939848739654,0.6126288771629333,0.1793525516986847,0.17930904030799866,0.0713699609041214,0.0397916279733181,0.0689875278621912,0.12335406243801117,0.22709708660840988,0.30335682779550555,0.3574352809786795,0.10374302417039871,0.3176436530053614,0.0,0.0,0.0,0.0
A001641354,B2_proposed_lambda_0p50,H_sensitive,1.0,False,False,0.0047710794024169445,0.6683090329170227,0.21305008232593536,0.2241056263446808,0.040696386247873306,0.1430160227417946,0.1514803908765316,0.17326664552092552,0.2452116161584854,0.2681620121002197,0.286700851023197,0.07194497063755989,0.1436848282814024,0.0,0.0,0.0,0.0
A001641732,B1_baseline,M_sensitive,1.0,False,False,0.020808827131986618,0.7864593863487244,0.21364863216876984,0.19755589962005615,0.09560492634773254,0.05814872093498707,0.09080973491072655,0.143417090177536,0.26832471787929535,0.39527072608470903,0.5209941494464861,0.12490762770175934,0.46284542851149907,0.0,0.0,0.0,0.0
A001641732,B1_baseline,H_sensitive,1.0,False,False,0.08102024346590042,0.8312304615974426,0.2132694572210312,0.22278189659118652,0.06327223032712936,0.09679461345076561,0.11635168716311454,0.16469603776931763,0.2522056996822357,0.294658425450325,0.40456702828407276,0.08750966191291809,0.30777241483330714,0.0,0.0,0.0,0.0
A001641732,B2_proposed_lambda_0p50,M_sensitive,1.0,False,False,0.005194786470383406,0.7479954361915588,0.21932245790958405,0.2231535017490387,0.07867003977298737,0.04862148843705654,0.09409314915537835,0.16449878364801407,0.2680140733718872,0.336850643157959,0.4339755600690831,0.10351528972387314,0.38535407163202656,0.0,0.0,0.0,0.0
A001641732,B2_proposed_lambda_0p50,H_sensitive,1.0,False,False,0.04000423103570938,0.680050253868103,0.2203657627105713,0.22973906993865967,0.03894347324967384,0.14513471871614456,0.15729542672634125,0.18490099161863327,0.2516915053129196,0.27083447873592376,0.29470307707786547,0.06679051369428635,0.14956835836172092,0.0,0.0,0.0,0.0
A001642726,B1_baseline,M_sensitive,1.0,False,False,4.123133112443611e-05,0.7742100954055786,0.2324966937303543,0.19968174397945404,0.1583860069513321,0.004303964227437973,0.018281835317611694,0.10869311913847923,0.3286370635032654,0.5419999420642853,0.642571278810501,0.21994394436478615,0.6382673145830631,0.0,0.0,1.1904336749877981e-05,0.0
A001642726,B1_baseline,H_sensitive,1.0,False,False,0.06744786351919174,0.5974390506744385,0.24013610184192657,0.24169708788394928,0.08097357302904129,0.09715674489736557,0.11849065497517586,0.17163679003715515,0.28527913987636566,0.3861743569374084,0.43309069037437437,0.11364234983921051,0.3359339454770088,0.0,0.0,0.0,0.0
A001642726,B2_proposed_lambda_0p50,M_sensitive,1.0,False,False,2.423940031803795e-06,0.7182661890983582,0.22912700474262238,0.23340150713920593,0.13221603631973267,0.0031402144767344,0.013712396658957005,0.12753010541200638,0.3137534111738205,0.4611014008522033,0.5460893070697782,0.18622330576181412,0.5429490925930438,0.0,0.0,3.4390306166314165e-05,0.0
A001642726,B2_proposed_lambda_0p50,H_sensitive,1.0,False,False,0.037076231092214584,0.6666150689125061,0.21891626715660095,0.22939364612102509,0.04381375387310982,0.12877795934677125,0.14807758778333663,0.18063048273324966,0.25169022381305695,0.2774683445692062,0.32867454528808593,0.07105974107980728,0.19989658594131468,0.0,0.0,0.0,0.0
A001643763,B1_baseline,M_sensitive,1.0,False,False,0.0011188691714778543,0.8890771865844727,0.18060557544231415,0.1721072942018509,0.08017494529485703,0.02932027669623494,0.06929601021111012,0.12654241546988487,0.22170082107186317,0.32331119030714034,0.4280685326457023,0.0951584056019783,0.3987482559494674,0.0,0.0,0.0,0.0
A001643763,B1_baseline,H_sensitive,1.0,False,False,0.0401960164308548,0.611186146736145,0.2199629545211792,0.22698314487934113,0.055180758237838745,0.10574192106723786,0.1288279876112938,0.17868399247527122,0.2578740194439888,0.29622363299131393,0.3577772203087806,0.07919002696871758,0.2520352992415428,0.0,0.0,0.0,0.0
A001643763,B2_proposed_lambda_0p50,M_sensitive,1.0,False,False,0.0009853128576651216,0.8348251581192017,0.18697547912597656,0.18272192031145096,0.07993153482675552,0.023261316958814858,0.06482868827879429,0.13665518164634705,0.2267976775765419,0.32239062786102296,0.43289663612842527,0.09014249593019485,0.40963531916961043,0.0,0.0,0.0,0.0
A001643763,B2_proposed_lambda_0p50,H_sensitive,1.0,False,False,0.031022991985082626,0.5808305740356445,0.22480380535125732,0.23298025131225586,0.042520906776189804,0.14239650040864946,0.15419714972376825,0.18732186779379845,0.257271483540535,0.28611205518245697,0.30718665808439255,0.06994961574673653,0.1647901576757431,0.0,0.0,0.0,0.0
A001645062,B1_baseline,M_sensitive,1.0,False,False,0.02173454500734806,0.7657149434089661,0.228351429104805,0.1996380090713501,0.11406421661376953,0.07549851059913636,0.09671275913715363,0.14003245532512665,0.2947743237018585,0.4639921307563782,0.5734062814712526,0.15474186837673187,0.49790777087211624,0.0,0.0,0.0,0.0
A001645062,B1_baseline,H_sensitive,1.0,False,False,0.07150119543075562,0.49025923013687134,0.22619947791099548,0.23885364830493927,0.06431804597377777,0.09389014303684234,0.1179111510515213,0.17318765819072723,0.26579853892326355,0.33546377420425416,0.3681774628162385,0.09261088073253632,0.27428731977939613,0.0,0.0,0.0,0.0
A001645062,B2_proposed_lambda_0p50,M_sensitive,1.0,False,False,0.0001705994363874197,0.807217538356781,0.21209774911403656,0.21138784289360046,0.07910579442977905,0.054036904722452164,0.09302758425474167,0.15525785088539124,0.25866031646728516,0.3417779803276062,0.44232735753059393,0.10340246558189392,0.3882904528081418,0.0,0.0,0.0,0.0
A001645062,B2_proposed_lambda_0p50,H_sensitive,1.0,False,False,0.0008042936096899211,0.8135250210762024,0.2181812971830368,0.22803543508052826,0.037755370140075684,0.14544978737831116,0.15915831923484802,0.1828312873840332,0.2484889179468155,0.2667870044708252,0.29211735010147105,0.06565763056278229,0.1466675627231599,0.0,0.0,0.0,0.0
A001645147,B1_baseline,M_sensitive,1.0,False,False,0.014506933279335499,0.7635781764984131,0.1965964287519455,0.18549861758947372,0.08060017228126526,0.06444751471281052,0.09139011241495609,0.1432758867740631,0.23383668437600136,0.331608422100544,0.48382418602705246,0.09056079760193825,0.41937667131424194,0.0,0.0,0.0,0.0
A001645147,B1_baseline,H_sensitive,1.0,False,False,0.05984633415937424,0.5085610747337341,0.20982696115970612,0.2185504212975502,0.05816826596856117,0.0998935081064701,0.1179591529071331,0.16106533259153366,0.2506773993372917,0.2896229103207588,0.37070159316062934,0.08961206674575806,0.2708080850541592,0.0,0.0,0.0,0.0
A001645147,B2_proposed_lambda_0p50,M_sensitive,1.0,False,False,0.004309747368097305,0.7733415961265564,0.22196178138256073,0.2168133407831192,0.07928121834993362,0.06359044760465622,0.1104624830186367,0.1684144139289856,0.26547950506210327,0.3521653190255165,0.48144470751285634,0.09706509113311768,0.41785425990820013,0.0,0.0,0.0,0.0
A001645147,B2_proposed_lambda_0p50,H_sensitive,1.0,False,False,0.03776339814066887,0.5439148545265198,0.22671209275722504,0.23658985644578934,0.039085015654563904,0.15283311456441878,0.16385165229439735,0.1903655081987381,0.25786058604717255,0.27800802886486053,0.3106375485658646,0.06749507784843445,0.15780443400144584,0.0,0.0,0.0,0.0
A001646267,B1_baseline,M_sensitive,1.0,False,False,0.00778891472145915,0.7913402915000916,0.20263902842998505,0.1898549199104309,0.10056084394454956,0.04795560106635094,0.06594399511814117,0.1260470151901245,0.26660701632499695,0.38743846416473354,0.46005835294723507,0.14056000113487244,0.41210275188088413,0.0,0.0,0.0,0.0
A001646267,B1_baseline,H_sensitive,1.0,False,False,0.06726040691137314,0.9315377473831177,0.21651487052440643,0.22568324208259583,0.06972071528434753,0.09438404828310012,0.11513939201831817,0.16495800018310547,0.25710970163345337,0.3032089650630951,0.4165432298183436,0.0921517014503479,0.3221591815352435,0.0,0.0,0.0,0.0
A001646267,B2_proposed_lambda_0p50,M_sensitive,1.0,False,False,0.000957296637352556,0.7663348913192749,0.19982042908668518,0.20083510875701904,0.08306887000799179,0.042122505456209186,0.06661109030246734,0.1452185958623886,0.25281399488449097,0.3257818102836608,0.4007012140750884,0.10759539902210236,0.3585787086188792,0.0,0.0,0.0,0.0
A001646267,B2_proposed_lambda_0p50,H_sensitive,1.0,False,False,0.006706228945404291,0.7160098552703857,0.22256815433502197,0.23208051919937134,0.03777805343270302,0.14481154978275299,0.15877671539783478,0.1915913224220276,0.24921633303165436,0.271823650598526,0.29661232948303223,0.05762501060962677,0.15180077970027925,0.0,0.0,0.0,0.0
A001646404,B1_baseline,M_sensitive,1.0,False,False,0.004159665200859308,0.75761878490448,0.2848215401172638,0.26544615626335144,0.1181933805346489,0.09139055162668228,0.12019750475883484,0.20244871079921722,0.35142332315444946,0.5068878531455994,0.6308199882507323,0.14897461235523224,0.53942943662405,0.0,0.0,0.0,0.0
A001646404,B1_baseline,H_sensitive,1.0,False,False,0.06820162385702133,0.7981584072113037,0.2317488044500351,0.23999899625778198,0.07475505769252777,0.08541195392608643,0.1123877689242363,0.17800715565681458,0.26976534724235535,0.3440653085708618,0.44459203481674153,0.09175819158554077,0.3591800808906551,0.0,0.0,0.0,0.0
A001646404,B2_proposed_lambda_0p50,M_sensitive,1.0,False,False,0.0061174617148935795,0.7556747794151306,0.28660494089126587,0.2903084456920624,0.08990348130464554,0.0803587257862091,0.1260339766740799,0.23620013892650604,0.34206289052963257,0.42946159839630127,0.5158281564712525,0.10586275160312653,0.43546943068504335,0.0,0.0,0.0,0.0
A001646404,B2_proposed_lambda_0p50,H_sensitive,1.0,False,False,0.05810742452740669,0.6760817170143127,0.2229205071926117,0.23321019113063812,0.03691351041197777,0.15329374074935914,0.16346068680286407,0.18757973611354828,0.24931274354457855,0.2714851498603821,0.31422263383865356,0.06173300743103027,0.16092889308929442,0.0,0.0,0.0,0.0
A001646696,B1_baseline,M_sensitive,1.0,False,False,0.023014064878225327,0.7908405065536499,0.2756406366825104,0.2516600787639618,0.10958646982908249,0.10383107006549835,0.14275433421134948,0.19832024723291397,0.3348907232284546,0.5018334686756134,0.6323087227344515,0.13657047599554062,0.5284776526689532,0.0,0.0,0.0,0.0
A001646696,B1_baseline,H_sensitive,1.0,False,False,0.07137507945299149,0.6129827499389648,0.22788558900356293,0.2407270222902298,0.06530003994703293,0.08338378816843033,0.11051366850733757,0.17987178266048431,0.2624752074480057,0.3408304214477538,0.3972219800949098,0.08260342478752136,0.31383819192647944,0.0,0.0,0.0,0.0
A001646696,B2_proposed_lambda_0p50,M_sensitive,1.0,False,False,0.00318303145468235,0.7398807406425476,0.28742676973342896,0.2850525379180908,0.07693781703710556,0.09302543476223946,0.16609483063220978,0.24246633052825928,0.33082684874534607,0.40653205811977383,0.5143577539920807,0.08836051821708679,0.42133231922984127,0.0,0.0,0.0,0.0
A001646696,B2_proposed_lambda_0p50,H_sensitive,1.0,False,False,0.012660854496061802,0.5995432138442993,0.21823465824127197,0.23019364476203918,0.03551376983523369,0.15250440746545793,0.1612136498093605,0.18283194303512573,0.2468886375427246,0.26434876918792727,0.27661650359630585,0.06405669450759888,0.12411209613084792,0.0,0.0,0.0,0.0
A001646716,B1_baseline,M_sensitive,1.0,False,False,0.0017040628008544445,0.6297311186790466,0.19079066812992096,0.18240365386009216,0.09875351190567017,0.027807801216840743,0.04918687045574188,0.11460913717746735,0.25470373034477234,0.3661104440689087,0.4606061279773712,0.140094593167305,0.4327983267605305,0.0,0.0,0.0,0.0
A001646716,B1_baseline,H_sensitive,1.0,False,False,0.06425581127405167,0.4593401253223419,0.20868828892707825,0.22541208565235138,0.055525973439216614,0.08989453017711639,0.11215735226869583,0.16057829558849335,0.24893906712532043,0.2827104926109314,0.31714991927146924,0.08836077153682709,0.22725538909435283,0.0,0.0,0.0,0.0
A001646716,B2_proposed_lambda_0p50,M_sensitive,1.0,False,False,0.00022550513676833361,0.525307297706604,0.2040681540966034,0.20599938929080963,0.0894583910703659,0.01999071314930916,0.05023927986621857,0.14586544036865234,0.2612141966819763,0.36650484800338745,0.4008625090122223,0.11534875631332397,0.38087179586291314,0.0,0.0,0.0,0.0
A001646716,B2_proposed_lambda_0p50,H_sensitive,1.0,False,False,0.033934757113456726,0.6086304783821106,0.2178972065448761,0.2281995415687561,0.03902534767985344,0.1434503436088562,0.15489546954631805,0.18108119070529938,0.24945218861103058,0.26991772651672363,0.28867502808570866,0.0683709979057312,0.14522468447685247,0.0,0.0,0.0,0.0
A001647049,B1_baseline,M_sensitive,1.0,False,False,1.140999847848434e-05,0.8021005392074585,0.24828121066093445,0.22695551067590714,0.11840550601482391,0.04834322940558195,0.09697157442569733,0.16449393332004547,0.307180218398571,0.49189251959323876,0.6025448030233385,0.14268628507852554,0.5542015736177565,0.0,0.0,0.0005106736402612853,0.0
A001647049,B1_baseline,H_sensitive,1.0,False,False,0.033167220652103424,0.6544079780578613,0.26224321126937866,0.2617102265357971,0.07779309898614883,0.10516078934073449,0.13133355006575584,0.20714522898197174,0.31385762989521027,0.396568363904953,0.43829933404922494,0.10671240091323853,0.33313854470849047,0.0,0.0,0.0,0.0
A001647049,B2_proposed_lambda_0p50,M_sensitive,1.0,False,False,0.0004021787899546325,0.8340038657188416,0.26003456115722656,0.26437653601169586,0.09378738701343536,0.029219025876373053,0.10183559395372868,0.2022223174571991,0.3127316012978554,0.41430383622646333,0.5181905776262289,0.11050928384065628,0.48897155174985585,0.0,0.0,0.0,0.0
A001647049,B2_proposed_lambda_0p50,H_sensitive,1.0,False,False,0.03438613936305046,0.6495292782783508,0.22460736334323883,0.23176324367523193,0.03920096904039383,0.15339771211147307,0.16479480713605882,0.18836337327957153,0.25617115944623947,0.2766671985387802,0.31080666184425376,0.06780778616666794,0.1574089497327807,0.0,0.0,0.0,0.0
A001647119,B1_baseline,M_sensitive,1.0,False,False,0.0009009924833662808,0.6615672707557678,0.13847725093364716,0.1323145627975464,0.0783080905675888,0.006887861918658019,0.019041987694799905,0.09102633222937584,0.1776479184627533,0.2702825158834455,0.39174890816211594,0.08662158623337746,0.3848610462434579,0.0,0.0,0.0,0.0
A001647119,B1_baseline,H_sensitive,1.0,False,False,0.05968030169606209,0.7905200719833374,0.21095417439937592,0.22391828894615173,0.06189378350973129,0.09155092269182205,0.11224120780825615,0.1643362194299698,0.25376150012016296,0.2824777513742447,0.3286925101280206,0.08942528069019318,0.23714158743619854,0.0,0.0,0.0,0.0
A001647119,B2_proposed_lambda_0p50,M_sensitive,1.0,False,False,0.00016121281078085303,0.5988243222236633,0.1394728422164917,0.1458292156457901,0.06792139261960983,0.006177195794880391,0.013284952007234096,0.10239571332931519,0.1819252222776413,0.24226497262716276,0.2932946074008935,0.07952950894832611,0.2871174116060131,0.0,0.0,0.0,0.0
A001647119,B2_proposed_lambda_0p50,H_sensitive,1.0,False,False,0.012824051082134247,0.6260781288146973,0.20836883783340454,0.21975019574165344,0.040545109659433365,0.1277550983428955,0.1399391233921051,0.17245455086231232,0.24234936386346817,0.2592250257730484,0.27367473363876343,0.06989481300115585,0.14591963529586793,0.0,0.0,0.0,0.0
A001648933,B1_baseline,M_sensitive,1.0,False,False,2.2653959604213014e-05,0.7059791684150696,0.192404106259346,0.18107032030820847,0.09418661147356033,0.018733296394348144,0.05577109418809414,0.12812796235084534,0.24327457323670387,0.37190858423709866,0.46981775313615787,0.11514661088585854,0.45108445674180975,0.0,0.0,2.0896957104517624e-05,0.0
A001648933,B1_baseline,H_sensitive,1.0,False,False,0.04774388298392296,0.6396570205688477,0.23400062322616577,0.24116290360689163,0.08094179630279541,0.09037862330675125,0.10934938341379166,0.1641337014734745,0.28494494408369064,0.36890528351068497,0.4352850118279456,0.12081124261021614,0.3449063885211944,0.0,0.0,0.0,0.0
A001648933,B2_proposed_lambda_0p50,M_sensitive,1.0,False,False,6.487670361821074e-06,0.5605452060699463,0.18366865813732147,0.19107810407876968,0.06714507192373276,0.01453556127846241,0.05672727040946483,0.14647936448454857,0.22955362871289253,0.27872043251991274,0.3329989513754844,0.08307426422834396,0.318463390097022,0.0,0.0,5.821295193401338e-05,0.0
A001648933,B2_proposed_lambda_0p50,H_sensitive,1.0,False,False,0.052163414657115936,0.5623090863227844,0.21907097101211548,0.22780606895685196,0.037629634141922,0.14684933975338935,0.16128773242235184,0.18268031999468803,0.2515135034918785,0.26650243699550624,0.2940575844049453,0.06883318349719048,0.14720824465155594,0.0,0.0,0.0,0.0
A001649708,B1_baseline,M_sensitive,1.0,False,False,0.0029011156875640154,0.6467559337615967,0.19447781145572662,0.17024143040180206,0.10304420441389084,0.030961939319968223,0.06396767497062683,0.12318168580532074,0.24419835209846497,0.41425880789756775,0.511794292926787,0.12101666629314423,0.4808323536068188,0.0,0.0,0.0,0.0
A001649708,B1_baseline,H_sensitive,1.0,False,False,0.08844855427742004,0.7411332130432129,0.2459595501422882,0.2469780594110489,0.08266196399927139,0.11030632257461548,0.12836672365665436,0.17583680152893066,0.30040231347084045,0.38711339235305786,0.45929647684097286,0.12456551194190979,0.3489901542663574,0.0,0.0,0.0,0.0
A001649708,B2_proposed_lambda_0p50,M_sensitive,1.0,False,False,0.0029074684716761112,0.5546016693115234,0.1977096050977707,0.19893582165241241,0.07404625415802002,0.029477562755346298,0.07242819666862488,0.151663675904274,0.24514588713645935,0.3161638677120209,0.38159495592117304,0.09348221123218536,0.35211739316582674,0.0,0.0,0.0,0.0
A001649708,B2_proposed_lambda_0p50,H_sensitive,1.0,False,False,0.049416568130254745,0.6860625147819519,0.22025932371616364,0.22804078459739685,0.03757767006754875,0.15163569152355194,0.16195911169052124,0.18328312039375305,0.2531941533088684,0.26616179943084717,0.28281526565551757,0.06991103291511536,0.13117957413196563,0.0,0.0,0.0,0.0
A001651146,B1_baseline,M_sensitive,1.0,False,False,3.610651765484363e-05,0.779121994972229,0.2164180874824524,0.188042551279068,0.11113438755273819,0.04900564849376679,0.08698603212833404,0.13973720371723175,0.2623400390148163,0.4617290794849395,0.5516166925430299,0.12260283529758453,0.5026110440492632,0.0,0.0,1.6279199117667407e-05,0.0
A001651146,B1_baseline,H_sensitive,1.0,False,False,0.059716854244470596,0.8587098121643066,0.2427043318748474,0.23635149002075195,0.08774746209383011,0.09569230765104293,0.12386642247438431,0.17495587468147278,0.2842000722885132,0.4150278151035309,0.46434681415557866,0.1092441976070404,0.36865450650453574,0.0,0.0,0.0,0.0
A001651146,B2_proposed_lambda_0p50,M_sensitive,1.0,False,False,0.0006208071135915816,0.7740201354026794,0.24666523933410645,0.2419145256280899,0.09672549366950989,0.05389027833938599,0.09916638135910034,0.1773669421672821,0.3123783469200134,0.4165744721889495,0.48306318998336795,0.13501140475273132,0.42917291164398197,0.0,0.0,0.0,0.0
A001651146,B2_proposed_lambda_0p50,H_sensitive,1.0,False,False,0.023493997752666473,0.6628170013427734,0.23346459865570068,0.24103915691375732,0.042927198112010956,0.15613505184650422,0.1694727748632431,0.19356563687324524,0.26192036271095276,0.30074139833450314,0.331442266702652,0.06835472583770752,0.17530721485614775,0.0,0.0,0.0,0.0
A001651885,B1_baseline,M_sensitive,1.0,False,False,3.970354373450391e-05,0.7329334020614624,0.23016302287578583,0.19849009811878204,0.1201406791806221,0.04677646536380053,0.09085825979709625,0.1471128612756729,0.2861735075712204,0.48671546876430505,0.5976102888584119,0.13906064629554749,0.5508338234946114,0.0,0.0,0.00018355993310260215,0.0
A001651885,B1_baseline,H_sensitive,1.0,False,False,0.023211153224110603,0.5511921644210815,0.23875631392002106,0.23848795890808105,0.0725269615650177,0.11452257595956325,0.13572586551308632,0.18209067359566689,0.27743640542030334,0.3757185637950897,0.4462356662750243,0.09534573182463646,0.33171309031546103,0.0,0.0,0.0,0.0
A001651885,B2_proposed_lambda_0p50,M_sensitive,1.0,False,False,0.00024311574816238135,0.6785098314285278,0.24161064624786377,0.23678015172481537,0.09431096166372299,0.03245959796011448,0.09095233790576458,0.17380809783935547,0.3095414489507675,0.39665375053882596,0.4726065698266027,0.13573335111141205,0.4401469718664882,0.0,0.0,0.0,0.0
A001651885,B2_proposed_lambda_0p50,H_sensitive,1.0,False,False,0.058124084025621414,0.7496808767318726,0.21989715099334717,0.22733310610055923,0.04054224118590355,0.15048274740576745,0.1598467744886875,0.18184704706072807,0.2519446164369583,0.2720468267798424,0.2970971080660819,0.07009756937623024,0.14661436066031447,0.0,0.0,0.0,0.0
A001653898,B1_baseline,M_sensitive,1.0,False,False,0.0007980901282280684,0.7486092448234558,0.18217679858207703,0.15749117732048035,0.10563146322965622,0.028477009385824203,0.053131808340549466,0.09759250283241272,0.2479952871799469,0.37267687320709236,0.49643344163894604,0.15040278434753418,0.46795643225312183,0.0,0.0,0.0,0.0
A001653898,B1_baseline,H_sensitive,1.0,False,False,0.06645099073648453,0.8772454857826233,0.24164091050624847,0.24183598160743713,0.08756565302610397,0.0944038638472557,0.11764360964298248,0.1786969006061554,0.2767585217952728,0.39500496387481693,0.4526345252990721,0.09806162118911743,0.3582306614518164,0.0,0.0,0.0,0.0
A001653898,B2_proposed_lambda_0p50,M_sensitive,1.0,False,False,0.0003101317270193249,0.708470344543457,0.19946789741516113,0.19729489088058472,0.10079189389944077,0.0234174282848835,0.04749616831541061,0.11741939932107925,0.2795192003250122,0.3534886658191681,0.4466490018367765,0.16209980100393295,0.423231573551893,0.0,0.0,0.0,0.0
A001653898,B2_proposed_lambda_0p50,H_sensitive,1.0,False,False,0.021482616662979126,0.6566925644874573,0.21681156754493713,0.22639510035514832,0.038402020931243896,0.1432352578639984,0.1569057047367096,0.1798044592142105,0.2472611367702484,0.2701865494251251,0.2878119766712188,0.0674566775560379,0.14457671880722042,0.0,0.0,0.0,0.0
A001656901,B1_baseline,M_sensitive,1.0,False,False,0.007392432540655136,0.6364262104034424,0.22432611882686615,0.20314180850982666,0.09279628098011017,0.04348433390259743,0.10432127863168716,0.1664251983165741,0.26949532330036163,0.4080962181091308,0.5290083646774293,0.10307012498378754,0.48552403077483186,0.0,0.0,0.0,0.0
A001656901,B1_baseline,H_sensitive,1.0,False,False,0.0916140154004097,0.6905834674835205,0.26508060097694397,0.258158802986145,0.0833621621131897,0.12882136166095734,0.14547614008188248,0.206834614276886,0.3046339899301529,0.42477065324783325,0.47112064659595493,0.0977993756532669,0.3422992849349976,0.0,0.0,0.0,0.0
A001656901,B2_proposed_lambda_0p50,M_sensitive,1.0,False,False,0.0002466548467054963,0.5644198060035706,0.22730374336242676,0.22563514113426208,0.06900669634342194,0.05097586825489998,0.1208891935646534,0.17659877240657806,0.27979275584220886,0.3349492847919464,0.3664703816175461,0.1031939834356308,0.3154945133626461,0.0,0.0,0.0,0.0
A001656901,B2_proposed_lambda_0p50,H_sensitive,1.0,False,False,0.08337405323982239,0.670498251914978,0.22546370327472687,0.22830557823181152,0.04425351694226265,0.15333781659603118,0.16038432717323303,0.18572118133306503,0.25554259121418,0.3040924936532974,0.32776281177997596,0.06982140988111496,0.17442499518394478,0.0,0.0,0.0,0.0
A001657263,B1_baseline,M_sensitive,1.0,False,False,0.0012854192173108459,0.6542717218399048,0.14792416989803314,0.13556864112615585,0.08498565107584,0.02287405263632536,0.04166414607316256,0.08708814904093742,0.17759335041046143,0.3299135327339172,0.38815241634845715,0.090505201369524,0.3652783637121318,0.0,0.0,0.0,0.0
A001657263,B1_baseline,H_sensitive,1.0,False,False,0.06010465696454048,0.4784557819366455,0.21118053793907166,0.22518613934516907,0.052466996014118195,0.09575140088796616,0.11699064932763577,0.17151639237999916,0.24890002235770226,0.28239986300468445,0.3083768796920776,0.0773836299777031,0.21262547880411145,0.0,0.0,0.0,0.0
A001657263,B2_proposed_lambda_0p50,M_sensitive,1.0,False,False,0.0015322690596804023,0.7164942622184753,0.13154642283916473,0.1293390393257141,0.062150850892066956,0.01594940247014165,0.03462359663099051,0.08690357767045498,0.16885409504175186,0.24078824818134306,0.28444455534219726,0.08195051737129688,0.2684951528720556,0.0,0.0,0.0,0.0
A001657263,B2_proposed_lambda_0p50,H_sensitive,1.0,False,False,0.019364770501852036,0.6620101928710938,0.20374108850955963,0.21020092070102692,0.03699108958244324,0.1334441816806793,0.14316927120089531,0.17190458998084068,0.2336272895336151,0.2559192255139351,0.26764753460884094,0.06172269955277443,0.13420335292816163,0.0,0.0,0.0,0.0
A001660452,B1_baseline,M_sensitive,1.0,False,False,0.0005880597745999694,0.8879143595695496,0.2804156243801117,0.2283424362540245,0.1602543592453003,0.04086767286062241,0.10348628386855126,0.16224739328026772,0.3713480234146118,0.6061154574155808,0.6856220757961273,0.2091006301343441,0.6447544029355049,0.0,0.0,0.0,0.0
A001660452,B1_baseline,H_sensitive,1.0,False,False,0.07173260301351547,0.6226038336753845,0.3340856432914734,0.3176415264606476,0.10872039198875427,0.1540640813112259,0.1753574550151825,0.2475316934287548,0.42531732469797134,0.5140005320310593,0.5527059006690979,0.17778563126921654,0.39864181935787196,0.0,0.0,0.0,0.0
A001660452,B2_proposed_lambda_0p50,M_sensitive,1.0,False,False,0.00014141012798063457,0.7424019575119019,0.2977665960788727,0.285922035574913,0.12610064446926117,0.06757289372384548,0.11377003118395805,0.2003692090511322,0.3803849592804909,0.5278525918722153,0.599475228190422,0.18001575022935867,0.5319023344665765,0.0,0.0,0.0,0.0
A001660452,B2_proposed_lambda_0p50,H_sensitive,1.0,False,False,0.070467509329319,0.6229816675186157,0.257800817489624,0.257403239607811,0.048536915332078934,0.1690547999739647,0.18303287401795387,0.22434977442026138,0.28445879369974136,0.34184409230947493,0.3868328174948691,0.06010901927947998,0.2177780175209044,0.0,0.0,0.0,0.0
A001663062,B1_baseline,M_sensitive,1.0,False,False,0.0005994958337396383,0.6969950199127197,0.23721753060817719,0.21917523443698883,0.12128311395645142,0.030991287305951118,0.07335634976625442,0.14559052884578705,0.31095120310783386,0.47751205563545224,0.5571973848342897,0.16536067426204681,0.5262060975283386,0.0,0.0,0.0,0.0
A001663062,B1_baseline,H_sensitive,1.0,False,False,0.06387097388505936,0.5218949913978577,0.23609869182109833,0.23055709898471832,0.07717742770910263,0.11085464537143708,0.12318434566259384,0.1753818243741989,0.2834925651550293,0.3803318500518798,0.4235059785842896,0.10811074078083038,0.31265133321285254,0.0,0.0,0.0,0.0
A001663062,B2_proposed_lambda_0p50,M_sensitive,1.0,False,False,0.0002785042452160269,0.6334924101829529,0.25868669152259827,0.2699258327484131,0.10199881345033646,0.026211773455142976,0.08433820456266404,0.1799846887588501,0.3367239832878113,0.4093682944774627,0.46008586525917056,0.15673929452896118,0.4338740918040276,0.0,0.0,0.0,0.0
A001663062,B2_proposed_lambda_0p50,H_sensitive,1.0,False,False,0.04373396188020706,0.7108910083770752,0.22249533236026764,0.23355863988399506,0.037392158061265945,0.15070727586746216,0.16091089248657225,0.18673938512802124,0.2525845468044281,0.2717750549316406,0.28505702257156373,0.06584516167640686,0.13434974670410157,0.0,0.0,0.0,0.0
A001666999,B1_baseline,M_sensitive,1.0,False,False,0.009753248654305935,0.6609561443328857,0.16792383790016174,0.13699188828468323,0.09325572848320007,0.0489133819937706,0.06471463292837143,0.09956847876310349,0.21876654028892517,0.3559890687465668,0.43703905940055854,0.11919806152582169,0.38812567740678794,0.0,0.0,0.0,0.0
A001666999,B1_baseline,H_sensitive,1.0,False,False,0.018881352618336678,0.9063220620155334,0.23185090720653534,0.23296517133712769,0.06909898668527603,0.11096593737602234,0.1252671331167221,0.17979474365711212,0.27321192622184753,0.34893667697906494,0.37926748394966125,0.09341718256473541,0.2683015465736389,0.0,0.0,0.0,0.0
A001666999,B2_proposed_lambda_0p50,M_sensitive,1.0,False,False,0.00048755985335446894,0.5711446404457092,0.1631021648645401,0.14876069128513336,0.07645661383867264,0.0361810639500618,0.06084226816892624,0.10449182987213135,0.2137679010629654,0.3026062250137329,0.3559683859348298,0.10927607119083405,0.319787321984768,0.0,0.0,0.0,0.0
A001666999,B2_proposed_lambda_0p50,H_sensitive,1.0,False,False,0.00785550195723772,0.5651480555534363,0.22126658260822296,0.22722581028938293,0.039321765303611755,0.1473508208990097,0.15986788272857666,0.18591006100177765,0.25176548957824707,0.2783382833003998,0.3038974583148957,0.06585542857646942,0.15654663741588598,0.0,0.0,0.0,0.0
A001667601,B1_baseline,M_sensitive,1.0,False,False,8.318041722077396e-08,0.629580557346344,0.08897344768047333,0.0711071714758873,0.07037607580423355,0.008075314685702323,0.014294945634901524,0.035879675298929214,0.12196309119462967,0.22341441810131035,0.3347938120365139,0.08608341589570045,0.3267184973508116,0.0,0.0,0.0004093652674309354,0.0
A001667601,B1_baseline,H_sensitive,1.0,False,False,0.005322739947587252,0.8800603151321411,0.22127902507781982,0.22432449460029602,0.08034981787204742,0.06949479192495346,0.09438241571187973,0.15802974998950958,0.279842346906662,0.347350251674652,0.41060561299323983,0.1218125969171524,0.3411108210682864,0.0,0.0,0.0,0.0
A001667601,B2_proposed_lambda_0p50,M_sensitive,1.0,False,False,1.0944084039010704e-07,0.8154757022857666,0.10026516020298004,0.08407804369926453,0.07410018146038055,0.007909548245370388,0.01330757774412632,0.04080836847424507,0.14297695457935333,0.2376758903264998,0.3171335995197294,0.10216858610510826,0.30922405127435904,0.0,0.0,2.8853939554603376e-05,0.0
A001667601,B2_proposed_lambda_0p50,H_sensitive,1.0,False,False,0.009903434664011002,0.8572644591331482,0.2091313600540161,0.21187612414360046,0.04522034898400307,0.13469443559646607,0.1457984119653702,0.168313667178154,0.2442031353712082,0.2741265535354614,0.3057769107818603,0.0758894681930542,0.17108247518539424,0.0,0.0,0.0,0.0
A001669198,B1_baseline,M_sensitive,1.0,False,False,0.006315202452242374,0.754768431186676,0.25171345472335815,0.22851544618606567,0.1176036074757576,0.0730775000154972,0.1075065977871418,0.16077233850955963,0.31796762347221375,0.4875473648309707,0.5974867916107177,0.1571952849626541,0.5244092915952205,0.0,0.0,0.0,0.0
A001669198,B1_baseline,H_sensitive,1.0,False,False,0.08963297307491302,0.8566781878471375,0.29489925503730774,0.2805957794189453,0.11178983002901077,0.11158736437559127,0.13574670851230622,0.21254906058311462,0.3648035079240799,0.5158342063426968,0.5831880545616149,0.15225444734096527,0.4716006901860237,0.0,0.0,0.0,0.0
A001669198,B2_proposed_lambda_0p50,M_sensitive,1.0,False,False,0.004960773978382349,0.7277841567993164,0.2732822000980377,0.27919983863830566,0.09117551892995834,0.07316079705953599,0.12224391549825668,0.20789799094200134,0.33766093850135803,0.4166705846786499,0.4755064713954924,0.1297629475593567,0.4023456743359564,0.0,0.0,0.0,0.0
A001669198,B2_proposed_lambda_0p50,H_sensitive,1.0,False,False,0.08612506091594696,0.6271811127662659,0.24723242223262787,0.24190440773963928,0.07306278496980667,0.1598850616812706,0.16865229308605195,0.19674278050661087,0.2636307626962662,0.4469345927238464,0.5102102518081665,0.0668879821896553,0.3503251901268959,0.0,0.0,0.0,0.0
A001669732,B1_baseline,M_sensitive,1.0,False,False,9.00981012819102e-06,0.5709707736968994,0.17479071021080017,0.16525886207818985,0.06943745166063309,0.03964680023491383,0.0774535983800888,0.1259179450571537,0.21814819052815437,0.29374968260526657,0.37166410386562343,0.09223024547100067,0.3320173036307096,0.0,0.0,7.050537510714961e-05,0.0
A001669732,B1_baseline,H_sensitive,1.0,False,False,0.0014083492569625378,0.9601513147354126,0.23044312000274658,0.2444249913096428,0.06467533856630325,0.11975799165666104,0.1370771862566471,0.1797529049217701,0.2655412033200264,0.3026246502995491,0.3940720558166504,0.0857882983982563,0.2743140641599894,0.0,0.0,0.0,0.0
A001669732,B2_proposed_lambda_0p50,M_sensitive,1.0,False,False,1.2162116869163242e-09,0.7249968647956848,0.16326117515563965,0.16472528129816055,0.04971908777952194,0.02835770081728697,0.06769654713571072,0.13660723343491554,0.1921129710972309,0.24384338781237602,0.2826891377568244,0.05550573766231537,0.25433143693953747,0.0,0.0,0.00036922551700849406,0.0
A001669732,B2_proposed_lambda_0p50,H_sensitive,1.0,False,False,0.0003095347492489964,0.8616107106208801,0.21724283695220947,0.226716086268425,0.04006611555814743,0.14673991948366166,0.1568313054740429,0.1803724281489849,0.2473887875676155,0.2646973803639412,0.2794892355799673,0.0670163594186306,0.13274931609630564,0.0,0.0,0.0,0.0
A001669960,B1_baseline,M_sensitive,1.0,False,False,0.025273513048887253,0.7100527286529541,0.26120179891586304,0.23251035809516907,0.11227285116910934,0.08450347580015659,0.12138356938958168,0.17250202596187592,0.33761656284332275,0.47722995579242705,0.5391102927923203,0.16511453688144684,0.45460681699216365,0.0,0.0,0.0,0.0
A001669960,B1_baseline,H_sensitive,1.0,False,False,0.03925224393606186,0.7027864456176758,0.22454901039600372,0.23731698840856552,0.06448014825582504,0.08750459231436253,0.10909407585859299,0.17606261745095253,0.2708341255784035,0.30566632002592087,0.3456476336717605,0.09477150812745094,0.25814304135739796,0.0,0.0,0.0,0.0
A001669960,B2_proposed_lambda_0p50,M_sensitive,1.0,False,False,0.002712650690227747,0.714648425579071,0.27870577573776245,0.27311544120311737,0.09972770512104034,0.07616221740841865,0.1292651578783989,0.20006109774112701,0.35356757044792175,0.44292971640825274,0.5087225538492203,0.15350647270679474,0.4325603364408016,0.0,0.0,0.0,0.0
A001669960,B2_proposed_lambda_0p50,H_sensitive,1.0,False,False,0.01906350813806057,0.7203497290611267,0.22222869098186493,0.23074957728385925,0.03954976424574852,0.1463967664539814,0.1584889270365238,0.1867338828742504,0.2516446113586426,0.2765887901186943,0.3097708135843277,0.06491072848439217,0.16337404713034628,0.0,0.0,0.0,0.0
A001670882,B1_baseline,M_sensitive,1.0,False,False,0.021019721403717995,0.7152456641197205,0.2576175034046173,0.2488577961921692,0.09044689685106277,0.0713277342915535,0.12319759726524353,0.19329263269901276,0.31235575675964355,0.42400115132331817,0.5107949995994566,0.1190631240606308,0.43946726530790314,0.0,0.0,0.0,0.0
A001670882,B1_baseline,H_sensitive,1.0,False,False,0.08668863773345947,0.6944819092750549,0.2462676614522934,0.24974803626537323,0.06500621140003204,0.12007555305957794,0.14263173341751098,0.20543824136257172,0.27684247493743896,0.35308471322059604,0.4517743456363676,0.07140423357486725,0.33169879257678964,0.0,0.0,0.0,0.0
A001670882,B2_proposed_lambda_0p50,M_sensitive,1.0,False,False,0.0007889391854405403,0.6695998907089233,0.26034069061279297,0.26221904158592224,0.07392057031393051,0.0715797147154808,0.14142289161682128,0.2097279131412506,0.3111508786678314,0.37716243267059324,0.42915906906127904,0.10142296552658081,0.35757935434579824,0.0,0.0,0.0,0.0
A001670882,B2_proposed_lambda_0p50,H_sensitive,1.0,False,False,0.0148878563195467,0.560478687286377,0.2261454313993454,0.23547334969043732,0.03788696974515915,0.15733840584754943,0.16788843870162964,0.19118519127368927,0.2532181143760681,0.27419170737266535,0.3210961985588074,0.062032923102378845,0.16375779271125795,0.0,0.0,0.0,0.0
A001671381,B1_baseline,M_sensitive,1.0,False,False,0.030241848900914192,0.7815806269645691,0.24053265154361725,0.2219959795475006,0.0965728685259819,0.09561232656240463,0.12621575295925141,0.1649291217327118,0.29448437690734863,0.4386626243591308,0.5291704559326165,0.12955525517463684,0.4335581293702118,0.0,0.0,0.0,0.0
A001671381,B1_baseline,H_sensitive,1.0,False,False,0.06887601315975189,0.9185770153999329,0.23273761570453644,0.23780512809753418,0.08715379238128662,0.09125589609146117,0.11165063232183457,0.17854224145412445,0.26861366629600525,0.33406066298484793,0.5774251270294174,0.0900714248418808,0.4861692309379562,0.0,0.0,0.0,0.0
A001671381,B2_proposed_lambda_0p50,M_sensitive,1.0,False,False,0.00035702253808267415,0.7490165829658508,0.25926661491394043,0.2628546953201294,0.0793764665722847,0.09377122819423676,0.13815563619136811,0.1977314054965973,0.31214526295661926,0.3850240290164947,0.46690118193626373,0.11441385746002197,0.37312995374202695,0.0,0.0,0.0,0.0
A001671381,B2_proposed_lambda_0p50,H_sensitive,1.0,False,False,0.038934092968702316,0.6645623445510864,0.2256292849779129,0.23402464389801025,0.03855220973491669,0.1540459507703781,0.16586049795150756,0.19071999192237854,0.2546951472759247,0.27540517449378965,0.3147042322158808,0.06397515535354614,0.16065828144550268,0.0,0.0,0.0,0.0
A001677153,B1_baseline,M_sensitive,1.0,False,False,0.0008839546353556216,0.8968285918235779,0.3249441981315613,0.30405193567276,0.18573325872421265,0.029702970385551454,0.07498070448637009,0.15119600296020508,0.48026740550994873,0.6396891593933105,0.7079763889312735,0.32907140254974365,0.678273418545722,0.0,0.0,0.0,0.0
A001677153,B1_baseline,H_sensitive,1.0,False,False,0.02036190964281559,0.7189925312995911,0.29261764883995056,0.27004745602607727,0.11991679668426514,0.11190924853086472,0.13401578068733216,0.18451246619224548,0.39912617206573486,0.5033355474472045,0.5478699922561645,0.21461370587348938,0.4359607437252998,0.0,0.0,0.0,0.0
A001677153,B2_proposed_lambda_0p50,M_sensitive,1.0,False,False,0.00015426067693624645,0.8667985796928406,0.32618248462677,0.36033961176872253,0.14858055114746094,0.038460202366113666,0.07610155940055847,0.19536355137825012,0.44098523259162903,0.5290745735168456,0.5903968214988703,0.2456216812133789,0.5519366191327566,0.0,0.0,0.0,0.0
A001677153,B2_proposed_lambda_0p50,H_sensitive,1.0,False,False,0.011337663047015667,0.6341931223869324,0.24132175743579865,0.2425180971622467,0.05276770517230034,0.1565759140253067,0.16740028262138368,0.1957188844680786,0.26890793442726135,0.33948826193809506,0.37730016469955424,0.07318904995918274,0.22072425067424753,0.0,0.0,0.0,0.0
A001677951,B1_baseline,M_sensitive,1.0,False,False,1.3546100490202662e-05,0.7161471843719482,0.2313488870859146,0.204604372382164,0.12588012218475342,0.014506850950419902,0.05854587256908417,0.13360130786895752,0.32048577070236206,0.4596140682697296,0.5471610188484197,0.18688446283340454,0.5326541678979998,0.0,0.0,0.0005551362661270389,0.0
A001677951,B1_baseline,H_sensitive,1.0,False,False,0.020422987639904022,0.7611507773399353,0.24023032188415527,0.2396361231803894,0.07117828726768494,0.10020492374897003,0.12533750385046005,0.19265341013669968,0.2813683748245239,0.3680511564016342,0.4192628145217896,0.08871496468782425,0.31905789077281954,0.0,0.0,0.0,0.0
A001677951,B2_proposed_lambda_0p50,M_sensitive,1.0,False,False,8.130732021527365e-05,0.6390190720558167,0.2466946840286255,0.25002408027648926,0.10752980411052704,0.012001805007457733,0.061059270054101944,0.17297542095184326,0.3256104588508606,0.4183864891529083,0.47819810807704927,0.15263503789901733,0.46619630306959153,0.0,0.0,2.643506029176376e-06,0.0
A001677951,B2_proposed_lambda_0p50,H_sensitive,1.0,False,False,0.018140511587262154,0.6309789419174194,0.2262726128101349,0.24020719528198242,0.03991221636533737,0.14753973633050918,0.15947025269269943,0.18946510553359985,0.25463326275348663,0.2766243815422058,0.2933142662048342,0.06516815721988678,0.14577452987432502,0.0,0.0,0.0,0.0
A001679943,B1_baseline,M_sensitive,1.0,False,False,2.537460022722371e-05,0.8038797378540039,0.19580021500587463,0.19370947778224945,0.11065934598445892,0.009353811182081699,0.02917552227154374,0.11342179588973522,0.26906903833150864,0.38472993820905665,0.4930225285887718,0.15564724244177341,0.48366871740669015,0.0,0.0,0.00010134205840198051,0.0
A001679943,B1_baseline,H_sensitive,1.0,False,False,0.06654926389455795,0.711176335811615,0.23678188025951385,0.2470538541674614,0.08048465847969055,0.0888469235599041,0.10812549665570259,0.16878294199705124,0.28861328959465027,0.3646878316998481,0.41089961171150124,0.11983034759759903,0.32205268815159716,0.0,0.0,0.0,0.0
A001679943,B2_proposed_lambda_0p50,M_sensitive,1.0,False,False,4.767928476212546e-05,0.769817054271698,0.2169232815504074,0.23836340755224228,0.10311418771743774,0.009964746376499533,0.02389517761766911,0.1439676396548748,0.2957916483283043,0.35074489712715146,0.3992891576886175,0.1518240086734295,0.389324411312118,0.0,0.0,4.4880054435162795e-05,0.0
A001679943,B2_proposed_lambda_0p50,H_sensitive,1.0,False,False,0.022891152650117874,0.7985041737556458,0.22734342515468597,0.23431377857923508,0.044750917702913284,0.14519122138619422,0.15544373840093612,0.18958819657564163,0.2587059661746025,0.2977696225047111,0.33488378345966324,0.06911776959896088,0.18969256207346902,0.0,0.0,0.0,0.0
A001682602,B1_baseline,M_sensitive,1.0,False,False,0.007432255428284407,0.7733442783355713,0.23522794246673584,0.21148718893527985,0.12373220175504684,0.049362560957670214,0.08196058422327042,0.13662810623645782,0.3141658306121826,0.4726597785949705,0.5835414147377015,0.1775377243757248,0.5341788537800313,0.0,0.0,0.0,0.0
A001682602,B1_baseline,H_sensitive,1.0,False,False,0.060608141124248505,0.5249523520469666,0.21054358780384064,0.2217922806739807,0.06902245432138443,0.08096512109041214,0.10150980055332184,0.15437474846839905,0.2543952763080597,0.3227222621440884,0.3989812684059143,0.10002052783966064,0.31801614731550215,0.0,0.0,0.0,0.0
A001682602,B2_proposed_lambda_0p50,M_sensitive,1.0,False,False,0.0053526535630226135,0.7411043643951416,0.2675779163837433,0.2648485600948334,0.12022970616817474,0.0406150059401989,0.07945848703384399,0.17660881578922272,0.365912526845932,0.4543537378311157,0.5146665835380555,0.1893037110567093,0.4740515775978566,0.0,0.0,0.0,0.0
A001682602,B2_proposed_lambda_0p50,H_sensitive,1.0,False,False,0.00987421814352274,0.6336100697517395,0.21395328640937805,0.22500178217887878,0.037869375199079514,0.14085572302341462,0.15516908466815948,0.1779821813106537,0.2458105981349945,0.26372685432434084,0.2759056258201599,0.06782841682434082,0.1350499027967453,0.0,0.0,0.0,0.0
A001688703,B1_baseline,M_sensitive,1.0,False,False,0.011999687179923058,0.7859750986099243,0.2919395864009857,0.31097638607025146,0.12204033881425858,0.052607120014727116,0.07800565659999847,0.20443670451641083,0.3697148710489273,0.47806259989738464,0.5913483649492264,0.16527816653251648,0.5387412449344993,0.0,0.0,0.0,0.0
A001688703,B1_baseline,H_sensitive,1.0,False,False,0.018298471346497536,0.7222110033035278,0.22649292647838593,0.23745040595531464,0.07159269601106644,0.07955966703593731,0.10298858769237995,0.1760937198996544,0.2714197486639023,0.32421883940696716,0.39344029128551483,0.0953260287642479,0.3138806242495775,0.0,0.0,0.0,0.0
A001688703,B2_proposed_lambda_0p50,M_sensitive,1.0,False,False,9.263376705348492e-05,0.7892928123474121,0.3087630867958069,0.33027754724025726,0.111588254570961,0.045038700103759766,0.08569021336734295,0.2605172321200371,0.3794814944267273,0.4598064199090004,0.5406445562839508,0.11896426230669022,0.49560585618019104,0.0,0.0,1.4447192621529785e-06,0.0
A001688703,B2_proposed_lambda_0p50,H_sensitive,1.0,False,False,0.011244624853134155,0.7139168977737427,0.22121340036392212,0.2330024093389511,0.04009600728750229,0.14287737384438515,0.1593438871204853,0.1830948181450367,0.2505714222788811,0.2745445445179939,0.308942049741745,0.06747660413384438,0.16606467589735985,0.0,0.0,0.0,0.0
A001688837-1,B1_baseline,M_sensitive,1.0,False,False,0.033163610845804214,0.8482331037521362,0.3035885989665985,0.2831821143627167,0.16080279648303986,0.08443329483270645,0.11068154647946359,0.16332758590579033,0.39311186224222183,0.6328052580356597,0.7239672768115997,0.2297842763364315,0.6395339819788932,0.0,0.0,0.0,0.0
A001688837-1,B1_baseline,H_sensitive,1.0,False,False,0.019004888832569122,0.5497258901596069,0.23849964141845703,0.2384912297129631,0.07531220465898514,0.09602699600160122,0.12017408460378647,0.18200592324137688,0.28417661041021347,0.3728408396244049,0.4154620757699013,0.1021706871688366,0.3194350797683001,0.0,0.0,0.0,0.0
A001688837-1,B2_proposed_lambda_0p50,M_sensitive,1.0,False,False,0.014933675527572632,0.8941982388496399,0.3240149915218353,0.3259236365556717,0.14941924810409546,0.08756359517574311,0.1079789076000452,0.19402071833610535,0.4248662292957306,0.5859062880277633,0.674498695731163,0.23084551095962524,0.5869351005554199,0.0,0.0,0.0,0.0
A001688837-1,B2_proposed_lambda_0p50,H_sensitive,1.0,False,False,0.01568131148815155,0.654370129108429,0.21898062527179718,0.22916607558727264,0.035271596163511276,0.14862615823745728,0.1610804855823517,0.18635324016213417,0.2469858042895794,0.2641806825995445,0.27682688236236574,0.06063256412744522,0.12820072412490846,0.0,0.0,0.0,0.0
A001689488,B1_baseline,M_sensitive,1.0,False,False,0.029178539291024208,0.7108860611915588,0.29193413257598877,0.2799673527479172,0.0884975865483284,0.09281276181340217,0.16638267114758493,0.23628106340765953,0.33301013708114624,0.4679976791143415,0.5468058180809023,0.09672907367348671,0.4539930562675002,0.0,0.0,0.0,0.0
A001689488,B1_baseline,H_sensitive,1.0,False,False,0.019880346953868866,0.9633408188819885,0.2792445421218872,0.27573931217193604,0.07811009138822556,0.14969771414995192,0.1697032406926155,0.22991187125444412,0.31885846704244614,0.3847253322601318,0.5366677790880205,0.08894659578800201,0.3869700649380686,0.0,0.0,0.0,0.0
A001689488,B2_proposed_lambda_0p50,M_sensitive,1.0,False,False,0.0013818087754771113,0.6341516375541687,0.2857370972633362,0.28603263199329376,0.0645403265953064,0.09627036191523075,0.17622161731123925,0.2524179294705391,0.32786738127470016,0.3804768681526184,0.4299232572317124,0.07544945180416107,0.3336528953164816,0.0,0.0,0.0,0.0
A001689488,B2_proposed_lambda_0p50,H_sensitive,1.0,False,False,0.00015171572158578783,0.8691296577453613,0.23432689905166626,0.24177448451519012,0.04100518673658371,0.15740976452827454,0.17312465682625772,0.2007281295955181,0.26133719831705093,0.2831614166498183,0.31970988184213645,0.06060906872153282,0.1623001173138619,0.0,0.0,0.0,0.0
A001690291,B1_baseline,M_sensitive,1.0,False,False,0.0012419801205396652,0.6540435552597046,0.20621193945407867,0.1840161830186844,0.0905291736125946,0.046473740413784985,0.09734855219721794,0.14636722207069397,0.25235995650291443,0.3742803931236267,0.520309513807297,0.10599273443222046,0.47383577339351196,0.0,0.0,0.0,0.0
A001690291,B1_baseline,H_sensitive,1.0,False,False,0.048639822751283646,0.4739808440208435,0.2201174795627594,0.22831539809703827,0.055982187390327454,0.1105241447687149,0.12872803211212158,0.17373644560575485,0.2576802521944046,0.3053111284971237,0.36228685379028325,0.08394380658864975,0.25176270902156833,0.0,0.0,0.0,0.0
A001690291,B2_proposed_lambda_0p50,M_sensitive,1.0,False,False,0.001663603587076068,0.6178059577941895,0.20196226239204407,0.20056670904159546,0.07578156888484955,0.044055499136447906,0.08569643273949623,0.1465546414256096,0.25309379398822784,0.3238968104124069,0.4009372621774674,0.10653915256261826,0.3568817630410195,0.0,0.0,0.0,0.0
A001690291,B2_proposed_lambda_0p50,H_sensitive,1.0,False,False,0.040143534541130066,0.6575462222099304,0.21712251007556915,0.22547763586044312,0.04051341116428375,0.14328594952821733,0.15532167255878448,0.17809133976697922,0.2478618621826172,0.27569834887981415,0.3025045186281205,0.06977052241563797,0.15921856909990317,0.0,0.0,0.0,0.0
A001690349-1,B1_baseline,M_sensitive,1.0,False,False,0.0013546936679631472,0.6503687500953674,0.24402546882629395,0.23494822531938553,0.09837663173675537,0.07342358820140361,0.10498188212513924,0.16239133477210999,0.3177272826433182,0.41077940464019774,0.4954701948165894,0.1553359478712082,0.4220466066151858,0.0,0.0,0.0,0.0
A001690349-1,B1_baseline,H_sensitive,1.0,False,False,0.07046645134687424,0.8775684237480164,0.2182961404323578,0.22660938650369644,0.0775599330663681,0.08630729719996452,0.11364740319550037,0.16706784442067146,0.25482726097106934,0.29908631294965743,0.5097683596611022,0.08775941655039787,0.4234610624611377,0.0,0.0,0.0,0.0
A001690349-1,B2_proposed_lambda_0p50,M_sensitive,1.0,False,False,6.484486948465928e-05,0.5687794089317322,0.25441932678222656,0.26711782813072205,0.08592064678668976,0.05327006705105305,0.10269135385751724,0.1955098882317543,0.318217009305954,0.37720301002264023,0.4192489975690841,0.12270712107419968,0.3659789305180311,0.0,0.0,8.608148473344868e-06,0.0
A001690349-1,B2_proposed_lambda_0p50,H_sensitive,1.0,False,False,0.014566442929208279,0.7028025984764099,0.2152542918920517,0.22515162825584412,0.03909214213490486,0.14875734463334084,0.15807387679815293,0.17819968611001968,0.248321071267128,0.2633608415722847,0.2869277650117874,0.0701213851571083,0.13817042037844657,0.0,0.0,0.0,0.0
A001692604,B1_baseline,M_sensitive,1.0,False,False,0.010918032377958298,0.7474984526634216,0.23711547255516052,0.20822682976722717,0.12028688937425613,0.06013052947819233,0.08502847030758857,0.1390804871916771,0.32511119544506073,0.46175512969493865,0.528227903842926,0.18603070825338364,0.46809737436473364,0.0,0.0,0.0,0.0
A001692604,B1_baseline,H_sensitive,1.0,False,False,0.04085453227162361,0.7400741577148438,0.20984023809432983,0.22565647959709167,0.064546138048172,0.08528705582022666,0.10649665370583535,0.15859008580446243,0.25124113261699677,0.2928824812173843,0.3685145193338394,0.09265104681253433,0.2832274635136127,0.0,0.0,0.0,0.0
A001692604,B2_proposed_lambda_0p50,M_sensitive,1.0,False,False,0.0007881295750848949,0.7380692362785339,0.2455633282661438,0.23852376639842987,0.11052212864160538,0.05612180955708027,0.08817420974373817,0.15271510183811188,0.3301582783460617,0.4334905982017517,0.4912790310382843,0.17744317650794983,0.435157221481204,0.0,0.0,0.0,0.0
A001692604,B2_proposed_lambda_0p50,H_sensitive,1.0,False,False,0.004914629273116589,0.6710380911827087,0.21077977120876312,0.21902626752853394,0.04041815921664238,0.13889898121356964,0.14975299090147018,0.17297623306512833,0.2440725564956665,0.26296796798706057,0.30053385615348815,0.07109632343053818,0.16163487493991852,0.0,0.0,0.0,0.0
A001693188,B1_baseline,M_sensitive,1.0,False,False,0.0006304332637228072,0.680067241191864,0.23292110860347748,0.2196064069867134,0.12638066709041595,0.01774086745455861,0.04622380286455154,0.12911589443683624,0.3283630758523941,0.4593930214643476,0.5318749433755873,0.19924718141555786,0.5141340759210287,0.0,0.0,0.0,0.0
A001693188,B1_baseline,H_sensitive,1.0,False,False,0.006502507254481316,0.6219735145568848,0.24463079869747162,0.2454591616988182,0.08207614719867706,0.11065384946763515,0.12877400815486909,0.17509430274367332,0.28977302461862564,0.3973802760243415,0.4419041788578033,0.11467872187495232,0.3312503293901682,0.0,0.0,0.0,0.0
A001693188,B2_proposed_lambda_0p50,M_sensitive,1.0,False,False,1.6525369574083015e-05,0.7165010571479797,0.21689988672733307,0.23786409944295883,0.09637515246868134,0.010851541999727488,0.039320803806185724,0.14375770464539528,0.2912054508924484,0.3503489717841148,0.4090067490935325,0.14744774624705315,0.39815520709380503,0.0,0.0,0.00016419282805727045,0.0
A001693188,B2_proposed_lambda_0p50,H_sensitive,1.0,False,False,0.0069700670428574085,0.7145265340805054,0.21175578236579895,0.22239693999290466,0.03671839088201523,0.13899026200175285,0.15630224868655204,0.17562304064631462,0.24359877407550812,0.25785011053085327,0.2772527515888214,0.0679757334291935,0.13826248958706855,0.0,0.0,0.0,0.0
A001694020,B1_baseline,M_sensitive,1.0,False,False,0.0378803126513958,0.7721866369247437,0.22398094832897186,0.2038462609052658,0.09426718205213547,0.07868708759546279,0.10904347151517868,0.15134213864803314,0.2861100435256958,0.37638355493545506,0.5429042851924899,0.13476790487766266,0.4642171975970271,0.0,0.0,0.0,0.0
A001694020,B1_baseline,H_sensitive,1.0,False,False,0.0649690330028534,0.8036543130874634,0.2247488796710968,0.23939424753189087,0.06972519308328629,0.08973315924406051,0.10716168135404587,0.17312584072351456,0.2646942138671875,0.32118702828884105,0.4143671786785126,0.09156837314367294,0.3246340194344521,0.0,0.0,0.0,0.0
A001694020,B2_proposed_lambda_0p50,M_sensitive,1.0,False,False,0.024330144748091698,0.7426960468292236,0.23808588087558746,0.2303006500005722,0.08704233914613724,0.08644142270088195,0.10722537711262703,0.17440412193536758,0.29706041514873505,0.3736562252044676,0.49715733468532564,0.12265629321336746,0.4107159119844437,0.0,0.0,0.0,0.0
A001694020,B2_proposed_lambda_0p50,H_sensitive,1.0,False,False,0.0661611557006836,0.5442463755607605,0.2194557934999466,0.22705620527267456,0.04166755452752113,0.14692725121974945,0.15714430809020996,0.18037430942058563,0.24986310303211212,0.28747785091400146,0.3098407602310182,0.06948879361152649,0.16291350901126875,0.0,0.0,0.0,0.0
A001694036,B1_baseline,M_sensitive,1.0,False,False,0.0028946988750249147,0.8083503246307373,0.27636536955833435,0.225192092359066,0.1609571874141693,0.04921145584434271,0.09343526251614094,0.14745547249913216,0.3818817138671875,0.5953304350376125,0.6724515289068221,0.23442624136805534,0.6232400730624794,0.0,0.0,0.0,0.0
A001694036,B1_baseline,H_sensitive,1.0,False,False,0.028064047917723656,0.9282877445220947,0.26307442784309387,0.24610266089439392,0.10842165350914001,0.08547061733901501,0.11773409210145475,0.18200122192502022,0.32953735440969467,0.44286859035491943,0.5593791115283964,0.14753613248467445,0.47390849418938136,0.0,0.0,0.0,0.0
A001694036,B2_proposed_lambda_0p50,M_sensitive,1.0,False,False,0.00019743881421163678,0.8491695523262024,0.2961025536060333,0.2813121974468231,0.13108885288238525,0.058951589316129684,0.10722649022936821,0.1876155436038971,0.398635670542717,0.5180872738361358,0.5825173014402386,0.21102012693881989,0.523565712124109,0.0,0.0,0.0,0.0
A001694036,B2_proposed_lambda_0p50,H_sensitive,1.0,False,False,0.06151755154132843,0.9391068816184998,0.2302812784910202,0.2355894297361374,0.04524151608347893,0.15627042949199677,0.16542971059679984,0.19190563634037971,0.25578515976667404,0.299011193215847,0.3734858363866802,0.06387952342629433,0.21721540689468344,0.0,0.0,0.0,0.0
A001694779,B1_baseline,M_sensitive,1.0,False,False,0.0002477935631759465,0.7484099864959717,0.2121439129114151,0.17137634009122849,0.1243916004896164,0.05972904603928327,0.0874069157987833,0.13142234832048416,0.2509995698928833,0.5066977649927136,0.6257001596689223,0.11957722157239914,0.565971113629639,0.0,0.0,0.0,0.0
A001694779,B1_baseline,H_sensitive,1.0,False,False,0.0633067935705185,0.7796748280525208,0.21231283247470856,0.21454516053199768,0.0630984976887703,0.10266181081533432,0.12173820547759533,0.16660534217953682,0.25007734447717667,0.30028932541608805,0.38515412986278513,0.08347200229763985,0.2824923190474508,0.0,0.0,0.0,0.0
A001694779,B2_proposed_lambda_0p50,M_sensitive,1.0,False,False,1.6996813428704627e-05,0.7778038382530212,0.23486970365047455,0.20154759287834167,0.11803674697875977,0.052936305552721025,0.09792215898633003,0.1532684564590454,0.28786834329366684,0.4840324819087981,0.5981359165906895,0.13459988683462143,0.5451996110379685,0.0,0.0,1.0961680401246221e-05,0.0
A001694779,B2_proposed_lambda_0p50,H_sensitive,1.0,False,False,0.016842948272824287,0.5390145778656006,0.2294827252626419,0.23646531254053116,0.037871066480875015,0.15364733561873437,0.16621082425117492,0.1985868699848652,0.25709547102451324,0.2830522060394287,0.3115002304315566,0.058508601039648056,0.15785289481282225,0.0,0.0,0.0,0.0
A001698538,B1_baseline,M_sensitive,1.0,False,False,0.0007721410947851837,0.7608094811439514,0.20470349490642548,0.19687004387378693,0.11875331401824951,0.019871873408555986,0.04022160265594721,0.11468400992453098,0.26160506159067154,0.43863219022750854,0.5248868048191069,0.14692105166614056,0.5050149314105509,0.0,0.0,0.0,0.0
A001698538,B1_baseline,H_sensitive,1.0,False,False,0.05672133341431618,0.7661278247833252,0.2414335012435913,0.23610124737024307,0.09145943075418472,0.08745463527739047,0.11180997267365456,0.17422626912593842,0.29185933619737625,0.3992619290947914,0.53150894343853,0.11763306707143784,0.44405430816113944,0.0,0.0,0.0,0.0
A001698538,B2_proposed_lambda_0p50,M_sensitive,1.0,False,False,0.00034990228596143425,0.6200988292694092,0.2096308469772339,0.2208392098546028,0.10044250637292862,0.01660266434773803,0.038833944126963615,0.13520263880491257,0.29033538699150085,0.3537827804684639,0.4033943772315979,0.1551327481865883,0.38679171288385983,0.0,0.0,0.0,0.0
A001698538,B2_proposed_lambda_0p50,H_sensitive,1.0,False,False,0.016886059194803238,0.6211100220680237,0.21877971291542053,0.22950055450201035,0.03766616806387901,0.14133748337626456,0.15898897871375084,0.18462373688817024,0.24768370017409325,0.26871541142463684,0.2886314302682875,0.063059963285923,0.14729394689202296,0.0,0.0,0.0,0.0
A001699304,B1_baseline,M_sensitive,1.0,False,False,0.059131015092134476,0.8488779067993164,0.35648953914642334,0.34813739359378815,0.1300298422574997,0.14617501616477965,0.17440687865018845,0.24509042128920555,0.45093051344156265,0.5841193884611129,0.646984612941742,0.2058400921523571,0.5008095967769624,0.0,0.0,0.0,0.0
A001699304,B1_baseline,H_sensitive,1.0,False,False,0.08547919243574142,0.6877252459526062,0.2718031406402588,0.2689507007598877,0.09311537444591522,0.10951961174607278,0.13059111833572387,0.1987353079020977,0.33668533712625504,0.4209631964564323,0.5249494922161108,0.13795002922415733,0.415429880470038,0.0,0.0,0.0,0.0
A001699304,B2_proposed_lambda_0p50,M_sensitive,1.0,False,False,0.0022382873576134443,0.8083381652832031,0.37075915932655334,0.3759722113609314,0.08929906785488129,0.14946312308311463,0.21622399911284446,0.3179892227053642,0.4313613474369049,0.5060727834701537,0.5636285477876664,0.11337212473154068,0.41416542470455175,0.0,0.0,0.0,0.0
A001699304,B2_proposed_lambda_0p50,H_sensitive,1.0,False,False,0.026459870859980583,0.7487715482711792,0.22772397100925446,0.23515793681144714,0.04140235483646393,0.15458223700523377,0.1633671037852764,0.18968259543180466,0.2541550174355507,0.28627030998468395,0.33517770051956186,0.06447242200374603,0.1805954635143281,0.0,0.0,0.0,0.0
A001699615,B1_baseline,M_sensitive,1.0,False,False,0.001961086643859744,0.6969682574272156,0.1640150099992752,0.15189440548419952,0.08673974871635437,0.01220056675374508,0.041387785226106644,0.107204994186759,0.20151057839393616,0.3351839408278465,0.4287441045045852,0.09430558420717716,0.41654353775084013,0.0,0.0,0.0,0.0
A001699615,B1_baseline,H_sensitive,1.0,False,False,0.06937066465616226,0.5122941732406616,0.2027866691350937,0.22065918892621994,0.06013450771570206,0.08546938076615333,0.10467366129159927,0.14593948796391487,0.250538170337677,0.2793295159935951,0.31764614880084985,0.10459868237376213,0.2321767680346965,0.0,0.0,0.0,0.0
A001699615,B2_proposed_lambda_0p50,M_sensitive,1.0,False,False,0.0017431644955649972,0.6824026703834534,0.16636690497398376,0.16956303268671036,0.07401391863822937,0.010717746242880822,0.03003624500706792,0.12269092164933681,0.2089952938258648,0.2885972410440445,0.3685274124145507,0.08630437217652798,0.3578096661716699,0.0,0.0,0.0,0.0
A001699615,B2_proposed_lambda_0p50,H_sensitive,1.0,False,False,0.04947798699140549,0.5931305289268494,0.20618051290512085,0.21545664966106415,0.03815170377492905,0.1410829819738865,0.14997485652565956,0.16843027621507645,0.23978648707270622,0.2560696676373482,0.2639468416571617,0.07135621085762978,0.1228638596832752,0.0,0.0,0.0,0.0
A001703680,B1_baseline,M_sensitive,1.0,False,False,0.004545936826616526,0.6558224558830261,0.2599056363105774,0.27037033438682556,0.11981699615716934,0.03460506442934275,0.07171077653765678,0.1556081399321556,0.3460356742143631,0.44662131518125536,0.5279212713241578,0.1904275342822075,0.49331620689481503,0.0,0.0,0.0,0.0
A001703680,B1_baseline,H_sensitive,1.0,False,False,0.04957595840096474,0.9377310276031494,0.22133474051952362,0.23157849162817,0.06890349835157394,0.09248299084603787,0.11608424931764602,0.16878058016300201,0.26387355476617813,0.3106849730014801,0.38406561672687567,0.09509297460317612,0.29158262588083783,0.0,0.0,0.0,0.0
A001703680,B2_proposed_lambda_0p50,M_sensitive,1.0,False,False,0.004835275933146477,0.6566820740699768,0.26181891560554504,0.2891477793455124,0.1064625009894371,0.02969537973403931,0.06829980462789535,0.17594769224524498,0.3417525738477707,0.39721913635730743,0.46310346484184267,0.1658048816025257,0.4334080851078034,0.0,0.0,0.0,0.0
A001703680,B2_proposed_lambda_0p50,H_sensitive,1.0,False,False,0.029016224667429924,0.62824547290802,0.21474936604499817,0.2254822626709938,0.03836797922849655,0.14245272994041444,0.1555629000067711,0.17737258225679398,0.24648143723607063,0.26648775935173036,0.28458880484104154,0.06910885497927666,0.1421360749006271,0.0,0.0,0.0,0.0
A001706850,B1_baseline,M_sensitive,1.0,False,False,0.0004589564632624388,0.7734643816947937,0.20588020980358124,0.17652738839387894,0.09649071842432022,0.046038967370986936,0.09710963256657124,0.13842997699975967,0.25053413957357407,0.40814299136400223,0.4758611813187599,0.11210416257381439,0.4298222139477729,0.0,0.0,0.0,0.0
A001706850,B1_baseline,H_sensitive,1.0,False,False,0.06191262602806091,0.6614590883255005,0.21087391674518585,0.22004718333482742,0.0685320571064949,0.08186667412519455,0.10608621500432491,0.15767116099596024,0.2552799955010414,0.29811958968639374,0.42170250862836833,0.09760883450508118,0.3398358345031738,0.0,0.0,0.0,0.0
A001706850,B2_proposed_lambda_0p50,M_sensitive,1.0,False,False,3.6408127925824374e-05,0.7724604606628418,0.22330309450626373,0.2141292318701744,0.09124673902988434,0.040317962318658834,0.09603552334010601,0.15317007899284363,0.2881767824292183,0.3768928125500679,0.4651909798383712,0.13500670343637466,0.4248730175197124,0.0,0.0,7.901848505760448e-06,0.0
A001706850,B2_proposed_lambda_0p50,H_sensitive,1.0,False,False,0.03276583179831505,0.6185094714164734,0.21991194784641266,0.22944225370883942,0.04468584433197975,0.14353617131710053,0.15450561419129372,0.1775285005569458,0.251753494143486,0.278798945248127,0.35328791737556453,0.07422499358654022,0.209751746058464,0.0,0.0,0.0,0.0
A001709806,B1_baseline,M_sensitive,1.0,False,False,0.00042889456381089985,0.7311039566993713,0.2517709732055664,0.21623599529266357,0.1393669843673706,0.04299208205193281,0.08099393919110298,0.14238010346889496,0.3455500900745392,0.5231246203184126,0.5998760628700255,0.20316998660564423,0.5568839808180926,0.0,0.0,0.0,0.0
A001709806,B1_baseline,H_sensitive,1.0,False,False,0.07544401288032532,0.7440818548202515,0.2610052824020386,0.25539663434028625,0.09525255858898163,0.09949854612350464,0.11831753775477409,0.17801489681005478,0.34111683815717697,0.40923972129821773,0.4557659792900084,0.1631019413471222,0.3562674331665038,0.0,0.0,0.0,0.0
A001709806,B2_proposed_lambda_0p50,M_sensitive,1.0,False,False,1.7098553144023754e-05,0.7075321078300476,0.25754305720329285,0.26104673743247986,0.11239057034254074,0.04057693436741829,0.08198640309274197,0.16173924133181572,0.34909772872924805,0.42607639133930203,0.49615900486707654,0.18735848739743233,0.45558207049965826,0.0,0.0,5.102908657935023e-05,0.0
A001709806,B2_proposed_lambda_0p50,H_sensitive,1.0,False,False,0.0316975861787796,0.6526533961296082,0.22148382663726807,0.23218928277492523,0.038228198885917664,0.15216978937387465,0.16074369475245476,0.18470780923962593,0.2505778670310974,0.2727049127221107,0.2956160980463028,0.06587005779147148,0.14344630867242814,0.0,0.0,0.0,0.0
A001711513-1,B1_baseline,M_sensitive,1.0,False,False,3.3941057608899428e-06,0.8294585347175598,0.15567199885845184,0.11592982709407806,0.1179715245962143,0.012904442325234414,0.030695585533976555,0.06711457669734955,0.2212153673171997,0.38047548532485964,0.5307357287406936,0.15410079061985016,0.5178312864154592,0.0,0.0,0.0004344041766217624,0.0
A001711513-1,B1_baseline,H_sensitive,1.0,False,False,0.02316637896001339,0.6157274842262268,0.2072410136461258,0.2151695042848587,0.05777581408619881,0.09209677547216416,0.112971930205822,0.1583041101694107,0.25148236751556396,0.290153694152832,0.34327064037323024,0.09317825734615326,0.2511738649010661,0.0,0.0,0.0,0.0
A001711513-1,B2_proposed_lambda_0p50,M_sensitive,1.0,False,False,1.5728290236438625e-05,0.8175855875015259,0.15674307942390442,0.12477724999189377,0.11538941413164139,0.008593360111117363,0.02201601527631283,0.06438696384429932,0.23381724953651428,0.3691033065319061,0.4972214066982271,0.16943028569221497,0.48862804658710973,0.0,0.0,0.00017122500392390634,0.0
A001711513-1,B2_proposed_lambda_0p50,H_sensitive,1.0,False,False,0.00903286226093769,0.5204883813858032,0.20608018338680267,0.21217210590839386,0.03822721540927887,0.13544770956039429,0.14701527655124663,0.17114867269992828,0.23895755410194397,0.2599180996417999,0.2727020883560181,0.06780888140201569,0.13725437879562383,0.0,0.0,0.0,0.0
A001714115,B1_baseline,M_sensitive,1.0,False,False,0.0059861293993890285,0.6735106110572815,0.23943935334682465,0.22408419847488403,0.09848610311746597,0.06526468306779862,0.11504749283194542,0.1601797193288803,0.30771735310554504,0.41261463463306425,0.528219654560089,0.14753763377666473,0.46295497149229037,0.0,0.0,0.0,0.0
A001714115,B1_baseline,H_sensitive,1.0,False,False,0.07593894749879837,0.4723426401615143,0.22192107141017914,0.23325781524181366,0.059900373220443726,0.10680514350533485,0.1261819750070572,0.170814149081707,0.2593532055616379,0.3237223505973815,0.37474798262119285,0.08853905647993088,0.26794283911585803,0.0,0.0,0.0,0.0
A001714115,B2_proposed_lambda_0p50,M_sensitive,1.0,False,False,0.004662417806684971,0.547116219997406,0.24761362373828888,0.249224454164505,0.07766488194465637,0.07091266572475434,0.12723260074853898,0.18735048919916153,0.30739615857601166,0.3639463514089584,0.41906862556934316,0.12004566937685013,0.3481559598445888,0.0,0.0,0.0,0.0
A001714115,B2_proposed_lambda_0p50,H_sensitive,1.0,False,False,0.034727416932582855,0.6306617856025696,0.22040273249149323,0.2283993661403656,0.037841975688934326,0.1519703671336174,0.16142135113477707,0.18349123001098633,0.25225622951984406,0.27317118644714355,0.28536930739879607,0.06876499950885773,0.13339894026517868,0.0,0.0,0.0,0.0
A001718170,B1_baseline,M_sensitive,1.0,False,False,0.004863332957029343,0.7369568943977356,0.2958829700946808,0.28914234042167664,0.1222986951470375,0.07583553463220596,0.11925976425409318,0.19735070317983627,0.3788311630487442,0.5183316469192503,0.605547975301742,0.18148045986890793,0.529712440669536,0.0,0.0,0.0,0.0
A001718170,B1_baseline,H_sensitive,1.0,False,False,0.049294788390398026,0.5206533670425415,0.2219047248363495,0.23573756217956543,0.06646270304918289,0.07435195058584214,0.09811064004898071,0.17590052634477615,0.2724682688713074,0.31146632134914387,0.33706462383270264,0.09656774252653122,0.2627126732468605,0.0,0.0,0.0,0.0
A001718170,B2_proposed_lambda_0p50,M_sensitive,1.0,False,False,0.0008805009420029819,0.7571291327476501,0.3259217441082001,0.3262351155281067,0.10452565550804138,0.07008678019046784,0.1490202710032463,0.2731744945049286,0.3681650906801224,0.5325023829936981,0.6110854327678679,0.09499059617519379,0.5409986525774,0.0,0.0,0.0,0.0
A001718170,B2_proposed_lambda_0p50,H_sensitive,1.0,False,False,0.018580079078674316,0.6755905747413635,0.22531993687152863,0.23630020022392273,0.03535718470811844,0.15564112842082978,0.1673694968223572,0.191127710044384,0.25458456575870514,0.2694097816944122,0.28185836195945735,0.06345685571432114,0.12621723353862757,0.0,0.0,0.0,0.0
A001719787,B1_baseline,M_sensitive,1.0,False,False,0.0007928964332677424,0.7521994113922119,0.2423793226480484,0.24543115496635437,0.1312568634748459,0.022438629642128945,0.05304903835058212,0.12407027930021286,0.3215789198875427,0.48658844232559206,0.5588442182540891,0.19750864058732986,0.5364055886119602,0.0,0.0,0.0,0.0
A001719787,B1_baseline,H_sensitive,1.0,False,False,0.07294793426990509,0.8086807727813721,0.22390681505203247,0.234432652592659,0.08250778913497925,0.08588812738656998,0.10304986536502839,0.15351602435112,0.2701982855796814,0.353410017490387,0.4370012259483335,0.1166822612285614,0.35111309856176354,0.0,0.0,0.0,0.0
A001719787,B2_proposed_lambda_0p50,M_sensitive,1.0,False,False,0.0005167868221178651,0.7224992513656616,0.24351415038108826,0.26513907313346863,0.10980373620986938,0.0198221093416214,0.052415139973163605,0.15062479674816132,0.32478663325309753,0.3946514129638673,0.4611599862575531,0.17416183650493622,0.44133787691593174,0.0,0.0,0.0,0.0
A001719787,B2_proposed_lambda_0p50,H_sensitive,1.0,False,False,0.026867112144827843,0.6429098844528198,0.21447455883026123,0.2261890023946762,0.04135577008128166,0.1395025998353958,0.15488940179347993,0.17474374175071716,0.24630200862884521,0.2671657919883728,0.2903832983970641,0.07155826687812805,0.1508806985616683,0.0,0.0,0.0,0.0
A001719907,B1_baseline,M_sensitive,1.0,False,False,0.0007068415870890021,0.7702736258506775,0.24971738457679749,0.22248207032680511,0.11437720060348511,0.06777254670858383,0.11771808713674545,0.1686355620622635,0.3081786334514618,0.48837944269180295,0.6181964349746705,0.1395430713891983,0.5504238882660867,0.0,0.0,0.0,0.0
A001719907,B1_baseline,H_sensitive,1.0,False,False,0.05099964886903763,0.9240283966064453,0.22321604192256927,0.23445113003253937,0.07100886851549149,0.09566634088754654,0.11302414238452911,0.16837507486343384,0.2602746784687042,0.32874556779861447,0.38711687445640564,0.09189960360527039,0.2914505335688591,0.0,0.0,0.0,0.0
A001719907,B2_proposed_lambda_0p50,M_sensitive,1.0,False,False,0.00047970403102226555,0.7617019414901733,0.27901071310043335,0.2755396366119385,0.10450993478298187,0.0667472830414772,0.12485026419162751,0.19502496719360352,0.3610280156135559,0.437358158826828,0.5426272583007816,0.1660030484199524,0.4758799752593044,0.0,0.0,0.0,0.0
A001719907,B2_proposed_lambda_0p50,H_sensitive,1.0,False,False,0.03571964427828789,0.7113496661186218,0.21583029627799988,0.22601333260536194,0.038759082555770874,0.14879572808742522,0.1559558629989624,0.1788942515850067,0.2466052770614624,0.2652323186397552,0.2900123941898346,0.06771102547645569,0.14121666610240938,0.0,0.0,0.0,0.0
A001722175,B1_baseline,M_sensitive,1.0,False,False,0.024990111589431763,0.7602958679199219,0.2715725004673004,0.2671477794647217,0.12231472879648209,0.0829332360625267,0.10224215239286423,0.16820169985294342,0.3567536175251007,0.49425150752067565,0.5758125615119934,0.1885519176721573,0.4928793254494668,0.0,0.0,0.0,0.0
A001722175,B1_baseline,H_sensitive,1.0,False,False,0.041880249977111816,0.707099437713623,0.22732014954090118,0.2355390340089798,0.07097168266773224,0.10191514521837235,0.11704015582799912,0.16795429587364197,0.2664540708065033,0.3508607029914856,0.40671045541763334,0.09849977493286133,0.304795310199261,0.0,0.0,0.0,0.0
A001722175,B2_proposed_lambda_0p50,M_sensitive,1.0,False,False,0.00462157279253006,0.7968489527702332,0.2833904027938843,0.28482311964035034,0.10996784269809723,0.06377485930919648,0.10733482241630554,0.2047460526227951,0.3644440770149231,0.4666920363903046,0.5169516634941101,0.159698024392128,0.4531768041849137,0.0,0.0,0.0,0.0
A001722175,B2_proposed_lambda_0p50,H_sensitive,1.0,False,False,0.01466470118612051,0.6620723605155945,0.21679966151714325,0.22802625596523285,0.0371161624789238,0.14629720091819765,0.15855605900287628,0.18123045563697815,0.24639131128787994,0.2648112654685974,0.2859304833412172,0.0651608556509018,0.13963328242301953,0.0,0.0,0.0,0.0
A001733527,B1_baseline,M_sensitive,1.0,False,False,0.0008450846653431654,0.8339477777481079,0.24652022123336792,0.23547318577766418,0.1398150622844696,0.020386772304773332,0.05518299862742424,0.14255371689796448,0.3183102160692215,0.5225201070308686,0.7010346698760981,0.17575649917125702,0.6806478975713247,0.0,0.0,0.0,0.0
A001733527,B1_baseline,H_sensitive,1.0,False,False,0.056470707058906555,0.8963655233383179,0.2171536087989807,0.22531792521476746,0.07030919194221497,0.09379238203167915,0.11152807027101516,0.1695721670985222,0.25963155925273895,0.2950344145298004,0.38953046500682825,0.09005939215421677,0.2957380829751491,0.0,0.0,0.0,0.0
A001733527,B2_proposed_lambda_0p50,M_sensitive,1.0,False,False,0.0021009871270507574,0.8578009009361267,0.2692035138607025,0.2623220980167389,0.14140258729457855,0.021495810598134997,0.05838622935116291,0.16934964060783386,0.3526541739702225,0.5196488022804261,0.6879827296733856,0.1833045333623886,0.6664869190752506,0.0,0.0,0.0,0.0
A001733527,B2_proposed_lambda_0p50,H_sensitive,1.0,False,False,0.017228610813617706,0.600548267364502,0.21518287062644958,0.22691459953784943,0.03769105672836304,0.144474159181118,0.15497997552156448,0.17916403710842133,0.2456931173801422,0.26327106058597566,0.28114416122436514,0.06652908027172089,0.13667000204324714,0.0,0.0,0.0,0.0
A001736810,B1_baseline,M_sensitive,1.0,False,False,0.0008812718442641199,0.6840732097625732,0.2332478165626526,0.21601536870002747,0.09394216537475586,0.048799287378788,0.11436232924461365,0.1678941249847412,0.28347477316856384,0.4128012657165527,0.5290213680267333,0.11558064818382263,0.48022208064794525,0.0,0.0,0.0,0.0
A001736810,B1_baseline,H_sensitive,1.0,False,False,0.06557093560695648,0.8528885841369629,0.23281288146972656,0.23854155838489532,0.07004076987504959,0.10527217149734497,0.12109636664390563,0.1872940957546234,0.27105793356895447,0.3335180401802063,0.4115281903743743,0.08376383781433105,0.30625601887702936,0.0,0.0,0.0,0.0
A001736810,B2_proposed_lambda_0p50,M_sensitive,1.0,False,False,0.0006389871123246849,0.5863805413246155,0.24986089766025543,0.24832278490066528,0.07887400686740875,0.039681129455566407,0.12589456737041474,0.19961220026016235,0.2994977831840515,0.38241976499557495,0.42038911938667295,0.09988558292388916,0.38070798993110655,0.0,0.0,0.0,0.0
A001736810,B2_proposed_lambda_0p50,H_sensitive,1.0,False,False,0.03778041899204254,0.6489992737770081,0.2304653525352478,0.24006317555904388,0.04030553251504898,0.1569083261489868,0.16695476770401002,0.19371424615383148,0.25667738914489746,0.2884202420711517,0.32812902569770813,0.06296314299106598,0.17122069954872132,0.0,0.0,0.0,0.0
A001751277,B1_baseline,M_sensitive,1.0,False,False,0.01308511197566986,0.8021189570426941,0.27459701895713806,0.24734824895858765,0.1381940394639969,0.06916115373373032,0.10469284653663635,0.16769365966320038,0.34475424885749817,0.5675848603248596,0.6677731227874756,0.1770605891942978,0.5986119690537453,0.0,0.0,0.0,0.0
A001751277,B1_baseline,H_sensitive,1.0,False,False,0.0844523012638092,0.7515138983726501,0.2465687245130539,0.24695204198360443,0.08021140843629837,0.10916391283273696,0.13064624965190888,0.18465834856033325,0.2822822332382202,0.4032793521881103,0.46516624331474304,0.09762388467788696,0.3560023304820061,0.0,0.0,0.0,0.0
A001751277,B2_proposed_lambda_0p50,M_sensitive,1.0,False,False,0.0002628641086630523,0.730938732624054,0.2898527681827545,0.28847113251686096,0.11687184125185013,0.06276528209447861,0.1165585070848465,0.1994411051273346,0.3661234676837921,0.49425855875015257,0.5970432734489443,0.16668236255645752,0.5342779913544656,0.0,0.0,0.0,0.0
A001751277,B2_proposed_lambda_0p50,H_sensitive,1.0,False,False,0.03176353499293327,0.7160611748695374,0.22006390988826752,0.2291906774044037,0.038993675261735916,0.14858057618141174,0.16004009544849396,0.18300196528434753,0.24957133829593658,0.2728982210159302,0.30072802782058716,0.06656937301158905,0.15214745163917542,0.0,0.0,0.0,0.0
A001755827,B1_baseline,M_sensitive,1.0,False,False,0.005184309557080269,0.7897157669067383,0.20058220624923706,0.18988889455795288,0.10759060829877853,0.021794223878532647,0.04984363727271557,0.12570058554410934,0.253117173910141,0.40179165452718735,0.567051652073859,0.12741658836603165,0.5452574281953263,0.0,0.0,0.0,0.0
A001755827,B1_baseline,H_sensitive,1.0,False,False,0.06019684672355652,0.7039614915847778,0.20879977941513062,0.21614989638328552,0.06574225425720215,0.08484571203589439,0.10928221791982651,0.15648730099201202,0.24965938180685043,0.31060121953487396,0.3885236144065856,0.09317208081483841,0.30367790237069126,0.0,0.0,0.0,0.0
A001755827,B2_proposed_lambda_0p50,M_sensitive,1.0,False,False,0.0020742290653288364,0.8105455040931702,0.22686165571212769,0.22772474586963654,0.1044216975569725,0.021748157870024442,0.054419937543570995,0.15571428835391998,0.29306311905384064,0.39776580035686493,0.5051926910877227,0.13734883069992065,0.48344453321769826,0.0,0.0,0.0,0.0
A001755827,B2_proposed_lambda_0p50,H_sensitive,1.0,False,False,0.04621787369251251,0.5894241333007812,0.21562105417251587,0.224767804145813,0.03660421445965767,0.1533714145421982,0.16266725212335587,0.1784135065972805,0.2483207918703556,0.2641957625746727,0.27393056899309154,0.0699072852730751,0.12055915445089335,0.0,0.0,0.0,0.0
A001756024,B1_baseline,M_sensitive,1.0,False,False,0.014020247384905815,0.7064392566680908,0.17560569941997528,0.16782698035240173,0.05883261188864708,0.0677121389657259,0.09573383443057537,0.136828500777483,0.20483297109603882,0.2807328552007675,0.35689751207828513,0.06800447031855583,0.2891853731125592,0.0,0.0,0.0,0.0
A001756024,B1_baseline,H_sensitive,1.0,False,False,0.06469927728176117,0.5079484581947327,0.21457740664482117,0.22129655629396439,0.05324915423989296,0.10872208513319492,0.1303366981446743,0.1722293607890606,0.25103308260440826,0.2830924913287163,0.377561593055725,0.07880372181534767,0.2688395079225301,0.0,0.0,0.0,0.0
A001756024,B2_proposed_lambda_0p50,M_sensitive,1.0,False,False,0.0029591897036880255,0.7269816994667053,0.18831129372119904,0.18256009370088577,0.05698553845286369,0.07383910454809665,0.10475920513272285,0.1535121276974678,0.21568559110164642,0.2855525091290474,0.37505258619785303,0.06217346340417862,0.30121348164975636,0.0,0.0,0.0,0.0
A001756024,B2_proposed_lambda_0p50,H_sensitive,1.0,False,False,0.03586254641413689,0.5729230642318726,0.22823545336723328,0.23597374558448792,0.039233263581991196,0.14948446527123452,0.16282381117343903,0.19404080137610435,0.2583964169025421,0.282545730471611,0.3111300259828566,0.06435561552643776,0.1616455607116221,0.0,0.0,0.0,0.0
A001758297,B1_baseline,M_sensitive,1.0,False,False,0.011610832065343857,0.8341736793518066,0.2505844235420227,0.23630714416503906,0.09532824903726578,0.09797655791044235,0.1267179071903229,0.1764470487833023,0.31538140773773193,0.3993391692638398,0.5392160010337826,0.13893435895442963,0.4412394431233403,0.0,0.0,0.0,0.0
A001758297,B1_baseline,H_sensitive,1.0,False,False,0.07230125367641449,0.9134325981140137,0.21315528452396393,0.22190314531326294,0.0721786767244339,0.08758007615804672,0.1159856081008911,0.16124141216278076,0.254581093788147,0.29011234641075134,0.3738105320930478,0.09333968162536621,0.28623045593500107,0.0,0.0,0.0,0.0
A001758297,B2_proposed_lambda_0p50,M_sensitive,1.0,False,False,0.004599239211529493,0.8233050107955933,0.2977429926395416,0.28995364904403687,0.09455791115760803,0.10169586151838303,0.15527212619781494,0.22886721789836884,0.3620789647102356,0.45458200573921204,0.5447571945190426,0.13321174681186676,0.44306133300065953,0.0,0.0,0.0,0.0
A001758297,B2_proposed_lambda_0p50,H_sensitive,1.0,False,False,0.010969960130751133,0.6737046241760254,0.2240355908870697,0.23275147378444672,0.037497248500585556,0.15689500033855439,0.16706567108631135,0.18893568217754364,0.2567310333251953,0.2739554464817047,0.29075261116027823,0.06779535114765167,0.13385761082172384,0.0,0.0,0.0,0.0
A001766155,B1_baseline,M_sensitive,1.0,False,False,0.0008612354286015034,0.6404580473899841,0.23137694597244263,0.2325107529759407,0.10615376383066177,0.024230694230645895,0.060546505637466906,0.1478491760790348,0.3046731799840927,0.4117802247405052,0.4853872260451317,0.1568240039050579,0.4611565318144858,0.0,0.0,0.0,0.0
A001766155,B1_baseline,H_sensitive,1.0,False,False,0.07775992155075073,0.976630687713623,0.23926715552806854,0.24069014936685562,0.08406530320644379,0.09696580521762371,0.11574658863246441,0.1682223305106163,0.3010263666510582,0.3709787666797638,0.4155289897322653,0.1328040361404419,0.3185631845146416,0.0,0.0,0.0,0.0
A001766155,B2_proposed_lambda_0p50,M_sensitive,1.0,False,False,0.0012535970890894532,0.5878407955169678,0.24363590776920319,0.2411465048789978,0.09771040081977844,0.022347208373248578,0.06110029555857181,0.18409917131066322,0.3116915002465248,0.39819382727146146,0.457087632715702,0.1275923289358616,0.4347404243424534,0.0,0.0,0.0,0.0
A001766155,B2_proposed_lambda_0p50,H_sensitive,1.0,False,False,0.017563870176672935,0.8628708124160767,0.2253613919019699,0.23415380716323853,0.03855118155479431,0.15328606992959976,0.16516983434557914,0.18956593424081802,0.2549736276268959,0.2772331193089485,0.2990361911058425,0.06540769338607788,0.14575012117624275,0.0,0.0,0.0,0.0
A001766494,B1_baseline,M_sensitive,1.0,False,False,0.03054981678724289,0.8541516661643982,0.3183525502681732,0.3262781500816345,0.13501997292041779,0.10591640323400497,0.13950606435537338,0.19148332998156548,0.40690862387418747,0.5552876144647598,0.7034894287586217,0.215425293892622,0.5975730255246168,0.0,0.0,0.0,0.0
A001766494,B1_baseline,H_sensitive,1.0,False,False,0.022339975461363792,0.6361612677574158,0.22453102469444275,0.23332364112138748,0.05758899450302124,0.10099555179476738,0.12256991490721703,0.1845136433839798,0.26311055570840836,0.2992960885167122,0.33735444545745863,0.07859691232442856,0.23635889366269125,0.0,0.0,0.0,0.0
A001766494,B2_proposed_lambda_0p50,M_sensitive,1.0,False,False,0.021528417244553566,0.8708581328392029,0.35852453112602234,0.3746106028556824,0.1331661492586136,0.11815097220242024,0.14891629666090012,0.24408451840281487,0.4514012560248375,0.5603630393743515,0.695803713798524,0.20731673762202263,0.5776527415961038,0.0,0.0,0.0,0.0
A001766494,B2_proposed_lambda_0p50,H_sensitive,1.0,False,False,0.0215742327272892,0.6928660869598389,0.22929571568965912,0.23831180483102798,0.03748926892876625,0.15392635613679886,0.16634908318519592,0.19765792042016983,0.2553829848766327,0.2845147177577019,0.30413635373115544,0.05772506445646286,0.15020999759435658,0.0,0.0,0.0,0.0
A001767127,B1_baseline,M_sensitive,1.0,False,False,0.008631475269794464,0.6428401470184326,0.16113202273845673,0.15217375010252,0.06518138200044632,0.058701073080301286,0.08163751289248466,0.11523296684026718,0.1919938325881958,0.27326709777116776,0.407515980005264,0.07676086574792862,0.34881490692496275,0.0,0.0,0.0,0.0
A001767127,B1_baseline,H_sensitive,1.0,False,False,0.08614172041416168,0.6585846543312073,0.22549134492874146,0.23303338140249252,0.06226316839456558,0.11210369236767292,0.13103985413908958,0.1713850498199463,0.261894091963768,0.334260869026184,0.38199859827756877,0.09050904214382172,0.26989490590989584,0.0,0.0,0.0,0.0
A001767127,B2_proposed_lambda_0p50,M_sensitive,1.0,False,False,0.010761314071714878,0.5598813891410828,0.16505879163742065,0.16091731935739517,0.05643303692340851,0.05884867075830698,0.08172570429742336,0.12325675413012505,0.2005411759018898,0.2585619390010834,0.3196050179004665,0.07728442177176476,0.26075634714215956,0.0,0.0,0.0,0.0
A001767127,B2_proposed_lambda_0p50,H_sensitive,1.0,False,False,0.04337305575609207,0.6054587364196777,0.22020858526229858,0.22929704189300537,0.03875177726149559,0.1499793139100075,0.1604643441736698,0.18178720772266388,0.25180188566446304,0.27713934779167176,0.29596408307552335,0.07001467794179916,0.14598476916551587,0.0,0.0,0.0,0.0
A001772907,B1_baseline,M_sensitive,1.0,False,False,0.031137168407440186,0.6671115159988403,0.22973433136940002,0.21312210708856583,0.08287402242422104,0.0964934366196394,0.1249929666519165,0.16970614343881607,0.27824413776397705,0.3725844725966453,0.5174451297521587,0.10853799432516098,0.42095169313251934,0.0,0.0,0.0,0.0
A001772907,B1_baseline,H_sensitive,1.0,False,False,0.078237384557724,0.5849699974060059,0.22089067101478577,0.23460983484983444,0.0582568496465683,0.09802942760288716,0.12203256078064442,0.1733703874051571,0.25951336324214935,0.3002843111753464,0.3667624610662459,0.08614297583699226,0.26873303346335875,0.0,0.0,0.0,0.0
A001772907,B2_proposed_lambda_0p50,M_sensitive,1.0,False,False,0.004762946628034115,0.6487430930137634,0.22766055166721344,0.22637739032506943,0.061155639588832855,0.08651757642626763,0.13360950350761414,0.18519404530525208,0.2684638127684593,0.32542094290256496,0.36815215975046156,0.08326976746320724,0.28163458332419394,0.0,0.0,0.0,0.0
A001772907,B2_proposed_lambda_0p50,H_sensitive,1.0,False,False,0.022620970383286476,0.5466113090515137,0.215809628367424,0.22598043829202652,0.03815176337957382,0.1484835684299469,0.15857574492692947,0.17848210781812668,0.24804120510816574,0.26581259071826935,0.2892735061049461,0.06955909729003906,0.14078993767499923,0.0,0.0,0.0,0.0
A001786645,B1_baseline,M_sensitive,1.0,False,False,0.004060000646859407,0.7133568525314331,0.2169756442308426,0.22225260734558105,0.10419288277626038,0.020221725590527057,0.0450608279556036,0.13730324059724808,0.28091226518154144,0.3832416027784348,0.4983108526468275,0.14360902458429337,0.47808912705630047,0.0,0.0,0.0,0.0
A001786645,B1_baseline,H_sensitive,1.0,False,False,0.07074221968650818,0.4812473952770233,0.21778430044651031,0.2244298756122589,0.05892070755362511,0.1013292708992958,0.11934543997049332,0.17501088976860046,0.26167328655719757,0.3004911869764328,0.36407839894294736,0.0866623967885971,0.2627491280436516,0.0,0.0,0.0,0.0
A001786645,B2_proposed_lambda_0p50,M_sensitive,1.0,False,False,0.0008876455249264836,0.7038123607635498,0.22158218920230865,0.22948913276195526,0.09491245448589325,0.018352880887687207,0.0446293581277132,0.1662185788154602,0.28087788820266724,0.36518606841564183,0.46587249219417526,0.11465930938720703,0.44751961130648804,0.0,0.0,0.0,0.0
A001786645,B2_proposed_lambda_0p50,H_sensitive,1.0,False,False,0.04094243422150612,0.6583280563354492,0.21742922067642212,0.22684229910373688,0.03631698712706566,0.1491936120390892,0.1595087617635727,0.18298525363206863,0.24591846764087677,0.26708563268184665,0.2806962281465527,0.06293321400880814,0.1315026161074635,0.0,0.0,0.0,0.0
A001788590,B1_baseline,M_sensitive,1.0,False,False,0.03509550541639328,0.8393126726150513,0.28899574279785156,0.26372887194156647,0.119270920753479,0.1128454003483057,0.14161149188876151,0.19599302485585213,0.360441118478775,0.527228423953056,0.6402718073129656,0.1644480936229229,0.5274264069646599,0.0,0.0,0.0,0.0
A001788590,B1_baseline,H_sensitive,1.0,False,False,0.050189923495054245,0.5387407541275024,0.22853867709636688,0.2396148145198822,0.056543804705142975,0.10157833732664585,0.1270248755812645,0.18787682056427002,0.26713690906763077,0.30802002251148225,0.35376529991626754,0.07926008850336075,0.2521869625896217,0.0,0.0,0.0,0.0
A001788590,B2_proposed_lambda_0p50,M_sensitive,1.0,False,False,0.0032547384034842253,0.824172854423523,0.3152584433555603,0.2994386553764343,0.11235619336366653,0.09624702453613282,0.15917624905705452,0.23107415065169334,0.39046114683151245,0.5200774490833282,0.6102484828233723,0.1593869961798191,0.5140014582872394,0.0,0.0,0.0,0.0
A001788590,B2_proposed_lambda_0p50,H_sensitive,1.0,False,False,0.0056082094088196754,0.713528037071228,0.2247653752565384,0.23463042825460434,0.038035523146390915,0.1497759321331978,0.16248888671398162,0.1905551180243492,0.2537226676940918,0.27376750558614726,0.3074876505136492,0.06316754966974258,0.1577117183804514,0.0,0.0,0.0,0.0
A001793944,B1_baseline,M_sensitive,1.0,False,False,0.018863098695874214,0.7270821928977966,0.26232558488845825,0.24531438946723938,0.11263912171125412,0.09938609421253204,0.12303641214966773,0.17193473130464554,0.32275597751140594,0.49270806312561033,0.5979779195785523,0.1508212462067604,0.49859182536602026,0.0,0.0,0.0,0.0
A001793944,B1_baseline,H_sensitive,1.0,False,False,0.06957652419805527,0.9649539589881897,0.22927331924438477,0.2338029146194458,0.08705504983663559,0.10681561693549156,0.12227781042456627,0.16159527748823166,0.2667701244354248,0.3489319801330566,0.5939122104644775,0.10517484694719315,0.48709659352898593,0.0,0.0,0.0,0.0
A001793944,B2_proposed_lambda_0p50,M_sensitive,1.0,False,False,0.014395658858120441,0.6559895277023315,0.26848697662353516,0.2678332030773163,0.09346044808626175,0.07927061080932617,0.1215522162616253,0.1979619637131691,0.3377704322338104,0.4150236040353775,0.499231733083725,0.13980846852064133,0.4199611222743988,0.0,0.0,0.0,0.0
A001793944,B2_proposed_lambda_0p50,H_sensitive,1.0,False,False,0.021042080596089363,0.7231467366218567,0.21814876794815063,0.22772149741649628,0.042165134102106094,0.1472865843772888,0.159821517765522,0.17865049839019775,0.2477489560842514,0.27050418257713316,0.3340614289045333,0.06909845769405365,0.18677484452724447,0.0,0.0,0.0,0.0
A001794983,B1_baseline,M_sensitive,1.0,False,False,0.03479884937405586,0.7399747967720032,0.22667258977890015,0.20804551243782043,0.08997657150030136,0.08556876718997955,0.11500990986824036,0.16477863490581512,0.2694266140460968,0.40212948322296116,0.5178604912757874,0.10464797914028168,0.43229172408580785,0.0,0.0,0.0,0.0
A001794983,B1_baseline,H_sensitive,1.0,False,False,0.0564175546169281,0.8453304767608643,0.22111058235168457,0.23330998420715332,0.07034645974636078,0.09995531708002091,0.12227479964494706,0.1662071794271469,0.26173311471939087,0.30429412126541133,0.3640571463108063,0.09552593529224396,0.2641018292307854,0.0,0.0,0.0,0.0
A001794983,B2_proposed_lambda_0p50,M_sensitive,1.0,False,False,0.00845152698457241,0.7580081224441528,0.23057077825069427,0.22774825990200043,0.06519532948732376,0.08033503711223602,0.1341515362262726,0.18441252410411835,0.2703205645084381,0.3407021403312683,0.40147991299629215,0.08590804040431976,0.32114487588405616,0.0,0.0,0.0,0.0
A001794983,B2_proposed_lambda_0p50,H_sensitive,1.0,False,False,0.026001030579209328,0.6142652630805969,0.21606585383415222,0.22779621183872223,0.03943759575486183,0.14794693350791932,0.15637964010238647,0.17762312293052673,0.24855847656726837,0.267310357093811,0.29734501719474793,0.07093535363674164,0.1493980836868286,0.0,0.0,0.0,0.0
A001794983-1,B1_baseline,M_sensitive,1.0,False,False,0.023288577795028687,0.8119755387306213,0.25800269842147827,0.2417169213294983,0.1076827198266983,0.09123536184430123,0.1194871686398983,0.17285076528787613,0.32361846417188644,0.45443122088909155,0.5845041036605835,0.15076769888401031,0.4932687418162822,0.0,0.0,0.0,0.0
A001794983-1,B1_baseline,H_sensitive,1.0,False,False,0.03707766532897949,0.8756970763206482,0.21831317245960236,0.22429311275482178,0.07106035947799683,0.1049862690269947,0.12628694176673888,0.1681990586221218,0.25502967834472656,0.29160000234842304,0.48810257911682126,0.08683061972260475,0.38311631008982655,0.0,0.0,0.0,0.0
A001794983-1,B2_proposed_lambda_0p50,M_sensitive,1.0,False,False,0.00994354672729969,0.8394971489906311,0.2800898551940918,0.27011793851852417,0.10262493789196014,0.09295218534767628,0.1361963205039501,0.20187731459736824,0.3454483449459076,0.45499932467937476,0.5693267172574994,0.14357103034853935,0.4763745319098231,0.0,0.0,0.0,0.0
A001794983-1,B2_proposed_lambda_0p50,H_sensitive,1.0,False,False,0.015061764977872372,0.5591789484024048,0.22310593724250793,0.23144806921482086,0.040180642157793045,0.14477559000253679,0.1571974828839302,0.1880950592458248,0.25360431522130966,0.2810658782720566,0.30356367647647853,0.06550925597548485,0.15878808647394174,0.0,0.0,0.0,0.0
A001795780,B1_baseline,M_sensitive,1.0,False,False,0.023653941228985786,0.8123961687088013,0.2538805902004242,0.23823805898427963,0.09864945709705353,0.09781891405582428,0.12677999585866928,0.18221861496567726,0.3078388199210167,0.4398578852415085,0.5748950868844979,0.12562020495533943,0.4770761728286736,0.0,0.0,0.0,0.0
A001795780,B1_baseline,H_sensitive,1.0,False,False,0.023145480081439018,0.607224702835083,0.21270829439163208,0.22328532487154007,0.05864139273762703,0.10225817151367664,0.11873703263700008,0.16361648216843605,0.24981310218572617,0.2959621325135231,0.3590968653559684,0.08619662001729012,0.25683869384229174,0.0,0.0,0.0,0.0
A001795780,B2_proposed_lambda_0p50,M_sensitive,1.0,False,False,0.001960451016202569,0.8702682852745056,0.28072479367256165,0.2692310959100723,0.08643817901611328,0.09246685914695263,0.15857263654470444,0.22891197353601456,0.3241501450538635,0.43358034640550613,0.5557192504405961,0.09523817151784897,0.4632523912936435,0.0,0.0,0.0,0.0
A001795780,B2_proposed_lambda_0p50,H_sensitive,1.0,False,False,0.014583619311451912,0.6864734292030334,0.21689856052398682,0.2265908345580101,0.03776553273200989,0.14652232080698013,0.15773534029722214,0.18124059215188026,0.24896150827407837,0.2668257877230644,0.28223547786474223,0.0677209161221981,0.1357131570577621,0.0,0.0,0.0,0.0
A001796587,B1_baseline,M_sensitive,1.0,False,False,0.010407764464616776,0.8392118215560913,0.2562732994556427,0.23484376072883606,0.15225017070770264,0.04460387881845236,0.06793157234787942,0.13420315831899643,0.3353057876229286,0.5741773873567583,0.7300408738851548,0.2011026293039322,0.6854369950667024,0.0,0.0,0.0,0.0
A001796587,B1_baseline,H_sensitive,1.0,False,False,0.038793765008449554,0.5893519520759583,0.22160397469997406,0.2308475598692894,0.07287054508924484,0.08546403981745243,0.10340698063373566,0.16450956091284752,0.26550377905368805,0.35103587061166763,0.4100798481702805,0.10099421814084053,0.32461580835282805,0.0,0.0,0.0,0.0
A001796587,B2_proposed_lambda_0p50,M_sensitive,1.0,False,False,0.0030520539730787277,0.8422226309776306,0.2872599959373474,0.27803926169872284,0.138522207736969,0.044734837859869,0.08061730712652207,0.1866641379892826,0.3714793473482132,0.5260812222957612,0.697257585525513,0.1848152093589306,0.652522747665644,0.0,0.0,0.0,0.0
A001796587,B2_proposed_lambda_0p50,H_sensitive,1.0,False,False,0.023240311071276665,0.6204124689102173,0.2173445224761963,0.22735830396413803,0.03581947833299637,0.15294350683689117,0.16088266745209695,0.18214111402630806,0.24593302980065346,0.26757863312959673,0.2793342280387878,0.0637919157743454,0.12639072120189665,0.0,0.0,0.0,0.0
A001808459,B1_baseline,M_sensitive,1.0,False,False,0.013605871237814426,0.7058244943618774,0.23755647242069244,0.19804200530052185,0.12261312454938889,0.07141208976507187,0.10471356213092804,0.14494845271110535,0.3062627613544464,0.49213091135025033,0.5897499561309805,0.16131430864334106,0.5183378663659086,0.0,0.0,0.0,0.0
A001808459,B1_baseline,H_sensitive,1.0,False,False,0.07383222132921219,0.850121259689331,0.2220776081085205,0.23055869340896606,0.07352672517299652,0.09311750799417495,0.11624570786952972,0.16597288846969604,0.25879207253456116,0.3353095054626465,0.4383828163146954,0.09281918406486511,0.34526530832052044,0.0,0.0,0.0,0.0
A001808459,B2_proposed_lambda_0p50,M_sensitive,1.0,False,False,0.008494089357554913,0.6977600455284119,0.23808139562606812,0.22086375951766968,0.09202679991722107,0.07711843013763428,0.11264604926109315,0.16728545725345612,0.3064330816268921,0.398844051361084,0.4793159019947052,0.13914762437343597,0.4021974718570709,0.0,0.0,0.0,0.0
A001808459,B2_proposed_lambda_0p50,H_sensitive,1.0,False,False,0.00012810966290999204,0.8260122537612915,0.2219313085079193,0.23002560436725616,0.04284277558326721,0.14949546933174132,0.1586902469396591,0.18419042229652405,0.2484802007675171,0.2813171982765198,0.3492771685123442,0.06428977847099304,0.19978169918060287,0.0,0.0,0.0,0.0
A001809356,B1_baseline,M_sensitive,1.0,False,False,0.0025936856400221586,0.6550589799880981,0.2283732295036316,0.21604114770889282,0.1082468032836914,0.04206137768924236,0.08144035637378692,0.14339805021882057,0.29753705859184265,0.4315766185522079,0.5153264510631557,0.15413900837302208,0.4732650733739133,0.0,0.0,0.0,0.0
A001809356,B1_baseline,H_sensitive,1.0,False,False,0.045888349413871765,0.6247642040252686,0.2145368754863739,0.21945397555828094,0.06050414964556694,0.09521618351340294,0.11601199805736542,0.1682860106229782,0.2613428086042404,0.29775838106870645,0.33501998603343963,0.09305679798126221,0.2398038025200367,0.0,0.0,0.0,0.0
A001809356,B2_proposed_lambda_0p50,M_sensitive,1.0,False,False,0.002829741919413209,0.6658653616905212,0.25013118982315063,0.24921751022338867,0.10402889549732208,0.0515371036529541,0.09066267535090447,0.17128215730190277,0.31353945285081863,0.4466366335749626,0.4948089313507077,0.14225729554891586,0.4432718276977536,0.0,0.0,0.0,0.0
A001809356,B2_proposed_lambda_0p50,H_sensitive,1.0,False,False,0.06377056986093521,0.5379921793937683,0.22936022281646729,0.2357819303870201,0.03794681653380394,0.15653609737753868,0.16694267764687537,0.19668061286211014,0.2574498578906059,0.2863056272268295,0.30374084085226055,0.06076924502849579,0.14720474347472187,0.0,0.0,0.0,0.0
A001813114,B1_baseline,M_sensitive,1.0,False,False,0.019904328510165215,0.8115705251693726,0.23424404859542847,0.226338692009449,0.10481033474206924,0.06698846340179443,0.09475215151906013,0.14160293340682983,0.3161163106560707,0.4014644712209698,0.5061585032939911,0.17451337724924088,0.4391700398921967,0.0,0.0,0.0,0.0
A001813114,B1_baseline,H_sensitive,1.0,False,False,0.06809545308351517,0.6162201762199402,0.21654757857322693,0.2212194800376892,0.06193074211478233,0.09247135497629642,0.11566381342709064,0.17339451238512993,0.25580307841300964,0.3120104610919951,0.3720843321084979,0.08240856602787971,0.27961297713220146,0.0,0.0,0.0,0.0
A001813114,B2_proposed_lambda_0p50,M_sensitive,1.0,False,False,0.006786935497075319,0.8009144067764282,0.25878992676734924,0.2581832706928253,0.10515739023685455,0.05898828580975533,0.10145536437630653,0.17150095105171204,0.3422672525048256,0.41689511388540257,0.5007016158103943,0.17076630145311356,0.44171333000063895,0.0,0.0,0.0,0.0
A001813114,B2_proposed_lambda_0p50,H_sensitive,1.0,False,False,0.02788444608449936,0.6188347935676575,0.2267068326473236,0.23487751930952072,0.03686033934354782,0.15423420935869217,0.16590230017900467,0.19399159401655197,0.2558608800172806,0.2793716043233871,0.29453280627727507,0.06186928600072861,0.1402985969185829,0.0,0.0,0.0,0.0
A001813366,B1_baseline,M_sensitive,1.0,False,False,0.0018823076970875263,0.6840217709541321,0.1912868320941925,0.1806432455778122,0.06450072675943375,0.08625296041369439,0.11134602464735507,0.1490737423300743,0.21844764426350594,0.31137572824954984,0.4209933355450633,0.06937390193343163,0.3347403751313689,0.0,0.0,0.0,0.0
A001813366,B1_baseline,H_sensitive,1.0,False,False,0.051041290163993835,0.455061674118042,0.22696222364902496,0.23551160842180252,0.044377099722623825,0.11854076758027077,0.1443735882639885,0.19734212011098862,0.25927649438381195,0.2860382989048958,0.3218617096543312,0.061934374272823334,0.20332094207406043,0.0,0.0,0.0,0.0
A001813366,B2_proposed_lambda_0p50,M_sensitive,1.0,False,False,0.0005654400447383523,0.7031983733177185,0.19134363532066345,0.18060550093650818,0.06498216837644577,0.0757947525382042,0.10825567655265331,0.14818384498357773,0.22215963527560234,0.3120198667049408,0.40492412179708503,0.07397579029202461,0.3291293692588808,0.0,0.0,0.0,0.0
A001813366,B2_proposed_lambda_0p50,H_sensitive,1.0,False,False,0.021739494055509567,0.5002623200416565,0.22627396881580353,0.23413613438606262,0.03754332661628723,0.14744570344686508,0.1630056992173195,0.19352241605520248,0.2552855461835861,0.2781907990574837,0.2924926126003266,0.061763130128383636,0.14504690915346152,0.0,0.0,0.0,0.0
A001814905,B1_baseline,M_sensitive,1.0,False,False,0.05090126395225525,0.7327741980552673,0.21783104538917542,0.20966778695583344,0.07344760745763779,0.09377854622900486,0.12264601029455661,0.17047834396362305,0.24746690690517426,0.340150709450245,0.49580528944730723,0.07698856294155121,0.40202674321830234,0.0,0.0,0.0,0.0
A001814905,B1_baseline,H_sensitive,1.0,False,False,0.0801328793168068,0.5366315245628357,0.22807443141937256,0.24149544537067413,0.0519520565867424,0.11690843746066093,0.13781995922327042,0.18815391138195992,0.2626580074429512,0.29558058828115463,0.35097630351781794,0.07450409606099129,0.23406786605715701,0.0,0.0,0.0,0.0
A001814905,B2_proposed_lambda_0p50,M_sensitive,1.0,False,False,0.015841875225305557,0.7375137209892273,0.22372545301914215,0.21632101386785507,0.06576945632696152,0.0919513501226902,0.1351873181760311,0.17993295192718506,0.2597814127802849,0.32796224951744085,0.44328030884265884,0.07984846085309982,0.3513289587199686,0.0,0.0,0.0,0.0
A001814905,B2_proposed_lambda_0p50,H_sensitive,1.0,False,False,0.020196078345179558,0.5631206631660461,0.22484953701496124,0.23236215859651566,0.04078264534473419,0.15012531012296676,0.15951381251215935,0.18838003277778625,0.25555506348609924,0.2855691328644753,0.314048806130886,0.06717503070831299,0.16392349600791922,0.0,0.0,0.0,0.0
A001816201-1,B1_baseline,M_sensitive,1.0,False,False,0.006132666487246752,0.877029538154602,0.2977832555770874,0.2922053635120392,0.13805502653121948,0.04613996520638466,0.10012709945440293,0.19760461151599884,0.3715885281562805,0.5579970836639402,0.7253677678108215,0.17398391664028168,0.6792278026044368,0.0,0.0,0.0,0.0
A001816201-1,B1_baseline,H_sensitive,1.0,False,False,0.04283204674720764,0.6419015526771545,0.21581225097179413,0.2272198498249054,0.06363872438669205,0.09222108364105225,0.1130861058831215,0.1656329184770584,0.2564529478549957,0.3158791363239287,0.36998499274253843,0.09082002937793732,0.2777639091014862,0.0,0.0,0.0,0.0
A001816201-1,B2_proposed_lambda_0p50,M_sensitive,1.0,False,False,0.0031003274489194155,0.871809184551239,0.3216220736503601,0.3100474178791046,0.12838205695152283,0.04197496056556702,0.11627745479345322,0.23612409830093384,0.4082503318786621,0.524167764186859,0.6988045072555537,0.17212623357772827,0.6568295466899866,0.0,0.0,0.0,0.0
A001816201-1,B2_proposed_lambda_0p50,H_sensitive,1.0,False,False,0.01862543635070324,0.7259542346000671,0.21917754411697388,0.22955408692359924,0.03843657672405243,0.14853923738002778,0.15842947065830232,0.18253640830516815,0.24862925708293915,0.26814302802085876,0.31268416404724103,0.066092848777771,0.16414492666721325,0.0,0.0,0.0,0.0
A001818287,B1_baseline,M_sensitive,1.0,False,False,2.836389057847555e-06,0.8199672102928162,0.24876773357391357,0.23213888704776764,0.12158126384019852,0.07074907898902894,0.09936458021402358,0.14711230248212814,0.32663604617118835,0.4762840151786805,0.6190909314155576,0.1795237436890602,0.5483418524265287,0.0,0.0,6.053237357813778e-05,0.0
A001818287,B1_baseline,H_sensitive,1.0,False,False,0.022048287093639374,0.8320748805999756,0.21194855868816376,0.22771894931793213,0.05624111741781235,0.08841432660818101,0.11088828220963479,0.16775459796190262,0.25275298953056335,0.27661612033843996,0.3314747738838195,0.08499839156866074,0.24306044727563852,0.0,0.0,0.0,0.0
A001818287,B2_proposed_lambda_0p50,M_sensitive,1.0,False,False,2.6635558342258392e-11,0.8781677484512329,0.26061585545539856,0.2538629472255707,0.11580386012792587,0.05975554168224335,0.10094144716858863,0.17150075733661652,0.3331761509180069,0.45655950903892517,0.5938207280635832,0.16167539358139038,0.5340651863813398,0.0,0.0,0.000276719422071487,0.0
A001818287,B2_proposed_lambda_0p50,H_sensitive,1.0,False,False,0.00923987664282322,0.9893007874488831,0.21673047542572021,0.22846704721450806,0.03948482871055603,0.14535782009363174,0.15615807622671127,0.18058893084526062,0.2481389194726944,0.26449570059776306,0.2826037579774856,0.06754998862743378,0.13724593788385386,0.0,0.0,0.0,0.0
A001819310,B1_baseline,M_sensitive,1.0,False,False,0.00583504606038332,0.7905097603797913,0.2545503079891205,0.26078835129737854,0.10409626364707947,0.054508826285600664,0.09689715355634688,0.179790198802948,0.31477856636047363,0.4141304790973666,0.59823894739151,0.13498836755752563,0.5437301211059093,0.0,0.0,0.0,0.0
A001819310,B1_baseline,H_sensitive,1.0,False,False,0.07369767874479294,0.5607629418373108,0.22342351078987122,0.23095670342445374,0.058501869440078735,0.10354338228702545,0.1241766408085823,0.18152877688407898,0.2612398564815521,0.31016659140586855,0.3789496886730194,0.07971107959747314,0.27540630638599395,0.0,0.0,0.0,0.0
A001819310,B2_proposed_lambda_0p50,M_sensitive,1.0,False,False,0.0026230907533317804,0.8054739236831665,0.27337485551834106,0.2823176085948944,0.0954027771949768,0.051143388450145724,0.10210185050964356,0.2226259410381317,0.32623642683029175,0.41556072831153873,0.5346115827560427,0.10361048579216003,0.483468194305897,0.0,0.0,0.0,0.0
A001819310,B2_proposed_lambda_0p50,H_sensitive,1.0,False,False,0.028661316260695457,0.6249106526374817,0.2190217524766922,0.2285599261522293,0.03640011325478554,0.15546868920326232,0.1630035638809204,0.18314360082149506,0.248772531747818,0.2674296021461487,0.28600157141685484,0.06562893092632294,0.13053288221359252,0.0,0.0,0.0,0.0
A001825205,B1_baseline,M_sensitive,1.0,False,False,0.026775773614645004,0.731296718120575,0.2522139549255371,0.243691585958004,0.09384903311729431,0.09273740120232105,0.11796297095716,0.1792364977300167,0.3178790286183357,0.4128689289093017,0.5113952738046647,0.13864253088831902,0.4186578726023436,0.0,0.0,0.0,0.0
A001825205,B1_baseline,H_sensitive,1.0,False,False,0.07290444523096085,0.6272695660591125,0.2159113883972168,0.22753701359033585,0.0553276427090168,0.10765856862068177,0.12907659411430358,0.16784776747226715,0.2571474239230156,0.2855222865939138,0.34252828896045695,0.08929965645074844,0.23486972033977518,0.0,0.0,0.0,0.0
A001825205,B2_proposed_lambda_0p50,M_sensitive,1.0,False,False,5.8347439335193485e-05,0.7139142155647278,0.2677017152309418,0.27597637474536896,0.08058862388134003,0.08826383575797081,0.1295714184641838,0.21297701075673103,0.3199160099029541,0.38901182115077965,0.471598857343197,0.10693899914622307,0.3833350215852262,0.0,0.0,6.490556240669825e-06,0.0
A001825205,B2_proposed_lambda_0p50,H_sensitive,1.0,False,False,0.009011988528072834,0.6852770447731018,0.2236352413892746,0.23287586867809296,0.0385427363216877,0.1518646250665188,0.16220383420586587,0.18775716423988342,0.25630197674036026,0.27275085002183913,0.29308409452438355,0.06854481250047684,0.14121946945786476,0.0,0.0,0.0,0.0
A001825367-1,B1_baseline,M_sensitive,1.0,False,False,0.0012123758206143975,0.811920166015625,0.2097475230693817,0.189436674118042,0.09374871850013733,0.07184448152780533,0.09874286651611328,0.1395452320575714,0.2587454840540886,0.3819403991103172,0.5058122712373734,0.11920025199651718,0.43396778970956806,0.0,0.0,0.0,0.0
A001825367-1,B1_baseline,H_sensitive,1.0,False,False,0.049820467829704285,0.6037003993988037,0.21016743779182434,0.21533962339162827,0.04874243959784508,0.10607532605528831,0.1269350342452526,0.17081903666257858,0.24950188770890236,0.2784537702798843,0.3120118844509122,0.07868285104632378,0.20593655839562391,0.0,0.0,0.0,0.0
A001825367-1,B2_proposed_lambda_0p50,M_sensitive,1.0,False,False,0.00016735040117055178,0.8392238616943359,0.22505861520767212,0.21201897412538528,0.09557478129863739,0.06633440144360066,0.10065747760236264,0.1532287746667862,0.2799040451645851,0.4041198015213012,0.5162596547603603,0.12667527049779892,0.44992525331675964,0.0,0.0,0.0,0.0
A001825367-1,B2_proposed_lambda_0p50,H_sensitive,1.0,False,False,0.0320463702082634,0.5501909852027893,0.22914403676986694,0.23453780263662338,0.038468874990940094,0.15001416057348252,0.16479074358940124,0.19797976687550545,0.2584794610738754,0.28831103891134263,0.31393417447805383,0.06049969419836998,0.1639200139045713,0.0,0.0,0.0,0.0
A001830879,B1_baseline,M_sensitive,1.0,False,False,0.023317787796258926,0.7669141292572021,0.28134968876838684,0.25194650888442993,0.14037643373012543,0.07794836282730103,0.10932261385023594,0.16873521357774734,0.36571792513132095,0.5567734032869339,0.6545653289556506,0.1969827115535736,0.5766169661283496,0.0,0.0,0.0,0.0
A001830879,B1_baseline,H_sensitive,1.0,False,False,0.04886525869369507,0.6164082288742065,0.22218869626522064,0.23751410096883774,0.05520910769701004,0.10420775286853314,0.1254419669508934,0.17771317437291145,0.26053542643785477,0.29271834939718244,0.3240057092905046,0.08282225206494331,0.21979795642197147,0.0,0.0,0.0,0.0
A001830879,B2_proposed_lambda_0p50,M_sensitive,1.0,False,False,0.005972273647785187,0.8302853107452393,0.29436713457107544,0.27895306050777435,0.13637667894363403,0.06397370666265488,0.10191322937607765,0.18483347073197365,0.396227203309536,0.533884471654892,0.620137308239937,0.21139373257756233,0.5561636015772821,0.0,0.0,0.0,0.0
A001830879,B2_proposed_lambda_0p50,H_sensitive,1.0,False,False,0.00662078196182847,0.5856848955154419,0.22080551087856293,0.23036184161901474,0.038559690117836,0.14012608885765077,0.15395510271191598,0.18978212401270866,0.2521246671676636,0.27027528882026675,0.2874411517381668,0.06234254315495491,0.14731506288051605,0.0,0.0,0.0,0.0
A001837056,B1_baseline,M_sensitive,1.0,False,False,0.017680276185274124,0.7536120414733887,0.1650199145078659,0.14370666444301605,0.08721857517957687,0.04788646452128887,0.07110418975353242,0.10665958374738693,0.1994616463780403,0.3238761603832245,0.4946102255582815,0.09280206263065338,0.44672376103699263,0.0,0.0,0.0,0.0
A001837056,B1_baseline,H_sensitive,1.0,False,False,0.0480695441365242,0.6548048257827759,0.21671715378761292,0.22134342789649963,0.07268193364143372,0.08877411127090454,0.11377564519643783,0.160431869328022,0.25595957040786743,0.33173063993454,0.46564852237701493,0.09552770107984543,0.3768744111061104,0.0,0.0,0.0,0.0
A001837056,B2_proposed_lambda_0p50,M_sensitive,1.0,False,False,0.0012733484618365765,0.7101554870605469,0.17201587557792664,0.1616210639476776,0.07835673540830612,0.04345270916819573,0.06732386127114295,0.12019127979874611,0.20822951942682266,0.31936570405960085,0.4370958596467973,0.08803823962807655,0.3936431504786016,0.0,0.0,0.0,0.0
A001837056,B2_proposed_lambda_0p50,H_sensitive,1.0,False,False,0.0166420117020607,0.5564141273498535,0.2189512997865677,0.2276514172554016,0.038881223648786545,0.14521027058362962,0.15824324041604995,0.18227248638868332,0.24985449016094208,0.27211534678936006,0.302636314630509,0.06758200377225876,0.15742604404687938,0.0,0.0,0.0,0.0
A001840235,B1_baseline,M_sensitive,1.0,False,False,0.0017619326245039701,0.7702596187591553,0.18568173050880432,0.17172931134700775,0.08289821445941925,0.03427516460418701,0.07350389957427979,0.13123539090156555,0.2276703119277954,0.3371849820017815,0.44565436989068996,0.09643492102622986,0.41137920528650296,0.0,0.0,0.0,0.0
A001840235,B1_baseline,H_sensitive,1.0,False,False,0.06355299055576324,0.5723826885223389,0.20889490842819214,0.21944159269332886,0.05150745064020157,0.10570086687803268,0.12129209488630295,0.16737934947013855,0.24689920619130135,0.2778571128845215,0.31935131609439865,0.0795198567211628,0.21365044921636597,0.0,0.0,0.0,0.0
A001840235,B2_proposed_lambda_0p50,M_sensitive,1.0,False,False,0.0006928786751814187,0.7179796099662781,0.19956670701503754,0.19659264385700226,0.0774901732802391,0.032167516127228735,0.07179105468094349,0.14915142953395844,0.24921263754367828,0.3292992249131203,0.40089726924896274,0.10006120800971985,0.368729753121734,0.0,0.0,0.0,0.0
A001840235,B2_proposed_lambda_0p50,H_sensitive,1.0,False,False,0.0389726497232914,0.5990985631942749,0.22004085779190063,0.23128613084554672,0.03824136406183243,0.14396158695220948,0.1571962594985962,0.18449808657169342,0.25176313519477844,0.2693170666694641,0.2899858936667443,0.06726504862308502,0.14602430671453484,0.0,0.0,0.0,0.0
A001841852,B1_baseline,M_sensitive,1.0,False,False,0.011308874934911728,0.8512853980064392,0.2501087784767151,0.23680859804153442,0.12467129528522491,0.05211420517414809,0.08367129415273666,0.15649070963263512,0.3146803602576256,0.49270502477884287,0.6123197847604748,0.15818965062499046,0.5602055795863267,0.0,0.0,0.0,0.0
A001841852,B1_baseline,H_sensitive,1.0,False,False,0.028156569227576256,0.6433988213539124,0.24848982691764832,0.2515823692083359,0.07800251990556717,0.09904142528772354,0.13205377385020256,0.1845473051071167,0.29791978001594543,0.3836592301726341,0.4333319455385208,0.11337247490882874,0.33429052025079725,0.0,0.0,0.0,0.0
A001841852,B2_proposed_lambda_0p50,M_sensitive,1.0,False,False,0.0073007140308618546,0.8362256288528442,0.24407581984996796,0.25075317919254303,0.09652732312679291,0.06197262931615114,0.08736243657767773,0.17368537187576294,0.3071586340665817,0.38799369633197783,0.5030305147171015,0.1334732621908188,0.4410578854009503,0.0,0.0,0.0,0.0
A001841852,B2_proposed_lambda_0p50,H_sensitive,1.0,False,False,0.020831014961004257,0.6654135584831238,0.21983398497104645,0.2272893488407135,0.03661979362368584,0.15287465527653693,0.16208023428916932,0.18600869923830032,0.2482198067009449,0.26977534294128414,0.29757402896881086,0.06221110746264458,0.14469937369227392,0.0,0.0,0.0,0.0
A001842288,B1_baseline,M_sensitive,1.0,False,False,0.001688100048340857,0.7995020151138306,0.1583816111087799,0.1441725790500641,0.07899235188961029,0.046331517696380616,0.07352532371878624,0.11320621892809868,0.17768949270248413,0.29736275672912593,0.4985820108652109,0.06448327377438545,0.4522504931688303,0.0,0.0,0.0,0.0
A001842288,B1_baseline,H_sensitive,1.0,False,False,0.030483104288578033,0.4764249622821808,0.21440616250038147,0.2203230857849121,0.052588846534490585,0.11501294791698456,0.12983563393354416,0.1746179610490799,0.24816405773162842,0.2896404445171355,0.3718131208419797,0.07354609668254852,0.25680017292499513,0.0,0.0,0.0,0.0
A001842288,B2_proposed_lambda_0p50,M_sensitive,1.0,False,False,0.0005893331835977733,0.7955079078674316,0.16412432491779327,0.15252336859703064,0.07417815178632736,0.04395492821931839,0.07483036741614342,0.12123877555131912,0.18790558725595474,0.2980256319046021,0.4544653522968289,0.06666681170463562,0.4105104240775105,0.0,0.0,0.0,0.0
A001842288,B2_proposed_lambda_0p50,H_sensitive,1.0,False,False,0.033655546605587006,0.6838994026184082,0.22224807739257812,0.2298974096775055,0.03802540898323059,0.15110707193613052,0.16229302138090135,0.18761495500802994,0.2507546693086624,0.2734509378671646,0.31429460287094113,0.06313971430063248,0.16318753093481062,0.0,0.0,0.0,0.0
A001854061,B1_baseline,M_sensitive,1.0,False,False,0.005487712565809488,0.8048848509788513,0.22139805555343628,0.19971998035907745,0.13075080513954163,0.03994276233017444,0.0661019153892994,0.12158897519111633,0.2795047163963318,0.4986291468143463,0.6476180851459503,0.15791574120521545,0.6076753228157759,0.0,0.0,0.0,0.0
A001854061,B1_baseline,H_sensitive,1.0,False,False,0.07507720589637756,0.5382398962974548,0.22707721590995789,0.23216693103313446,0.07173681259155273,0.1045018021762371,0.12546003460884095,0.16712483763694763,0.2658850699663162,0.35864323079586025,0.4318345093727112,0.09876023232936859,0.32733270719647406,0.0,0.0,0.0,0.0
A001854061,B2_proposed_lambda_0p50,M_sensitive,1.0,False,False,0.0016583105316385627,0.830209493637085,0.23953187465667725,0.2413811981678009,0.11444617807865143,0.0388352682441473,0.06563757359981537,0.1535593345761299,0.30542491376399994,0.43945922255516046,0.5681463003158562,0.15186557918787003,0.5293110320717089,0.0,0.0,0.0,0.0
A001854061,B2_proposed_lambda_0p50,H_sensitive,1.0,False,False,0.059092361479997635,0.6270340085029602,0.22078053653240204,0.23031403124332428,0.03592982888221741,0.154944948554039,0.1653989151120186,0.1857321858406067,0.2511366009712219,0.26607333719730375,0.28211119234561916,0.06540441513061523,0.12716624379158015,0.0,0.0,0.0,0.0
A001859968,B1_baseline,M_sensitive,1.0,False,False,0.005825115833431482,0.7008682489395142,0.149868905544281,0.14865797758102417,0.07980892807245255,0.01670100260525942,0.027374781668186188,0.0956522598862648,0.1944303810596466,0.2866601049900055,0.4002946764230728,0.0987781211733818,0.3835936738178134,0.0,0.0,0.0,0.0
A001859968,B1_baseline,H_sensitive,1.0,False,False,0.04400625079870224,0.728039562702179,0.20260217785835266,0.21021690964698792,0.06176471337676048,0.08987658470869064,0.1082567423582077,0.15108954906463623,0.24972999095916748,0.27871502935886383,0.32945823669433594,0.09864044189453125,0.2395816519856453,0.0,0.0,0.0,0.0
A001859968,B2_proposed_lambda_0p50,M_sensitive,1.0,False,False,0.002801490481942892,0.6989560127258301,0.1480877846479416,0.14625489711761475,0.07238153368234634,0.011525631416589022,0.023979712277650833,0.10576105490326881,0.1919812336564064,0.2666063904762268,0.34425584971904755,0.08622017875313759,0.3327302183024585,0.0,0.0,0.0,0.0
A001859968,B2_proposed_lambda_0p50,H_sensitive,1.0,False,False,0.018142465502023697,0.5816659927368164,0.20697367191314697,0.21296101808547974,0.04042752459645271,0.13674891740083694,0.14543380588293076,0.16941820085048676,0.24342253059148788,0.26196637749671936,0.27312780916690826,0.07400432974100113,0.13637889176607132,0.0,0.0,0.0,0.0
A001860884,B1_baseline,M_sensitive,1.0,False,False,0.0024088406935334206,0.7433217763900757,0.12327627092599869,0.1138363666832447,0.0599747970700264,0.030963318347930906,0.054203150980174544,0.09043766558170319,0.141990527510643,0.2200856626033783,0.3587712681293489,0.05155286192893982,0.327807949781418,0.0,0.0,0.0,0.0
A001860884,B1_baseline,H_sensitive,1.0,False,False,0.03251484036445618,0.802718460559845,0.2115802764892578,0.2140778973698616,0.06398075819015503,0.10620244309306144,0.12431626506149769,0.1664217710494995,0.24777428433299065,0.2839494228363037,0.4150274372100846,0.08135251328349113,0.3088249941170232,0.0,0.0,0.0,0.0
A001860884,B2_proposed_lambda_0p50,M_sensitive,1.0,False,False,0.0004930703435093164,0.6943787336349487,0.11731021106243134,0.10691750422120094,0.05820757523179054,0.031122471280395983,0.05052331406623125,0.0819059070199728,0.1356228105723858,0.22533207684755327,0.34667791485786464,0.05371690355241299,0.3155554435774687,0.0,0.0,0.0,0.0
A001860884,B2_proposed_lambda_0p50,H_sensitive,1.0,False,False,0.019601205363869667,0.7555075883865356,0.21797974407672882,0.22254330664873123,0.038251686841249466,0.14289193257689475,0.15430824011564254,0.18768879398703575,0.24646510183811188,0.2724729284644127,0.29973349928855897,0.058776307851076126,0.15684156671166422,0.0,0.0,0.0,0.0
A001862809,B1_baseline,M_sensitive,1.0,False,False,0.02452969364821911,0.7416326403617859,0.19957752525806427,0.18012677133083344,0.07840021699666977,0.08786392211914062,0.112154021859169,0.14560823887586594,0.23531199246644974,0.34059710800647736,0.48795799911022186,0.0897037535905838,0.40009407699108124,0.0,0.0,0.0,0.0
A001862809,B1_baseline,H_sensitive,1.0,False,False,0.07310456782579422,0.909848153591156,0.236349418759346,0.24866336584091187,0.06661729514598846,0.11591388285160065,0.13275612890720367,0.1954295039176941,0.2672562599182129,0.3153904378414154,0.3810116648674011,0.0718267560005188,0.2650977820158005,0.0,0.0,0.0,0.0
A001862809,B2_proposed_lambda_0p50,M_sensitive,1.0,False,False,0.007094275206327438,0.7797151803970337,0.18231768906116486,0.16739441454410553,0.07165266573429108,0.056852174922823906,0.09167960286140442,0.13327962905168533,0.22127200663089752,0.3132849335670471,0.4011014997959137,0.08799237757921219,0.3442493248730898,0.0,0.0,0.0,0.0
A001862809,B2_proposed_lambda_0p50,H_sensitive,1.0,False,False,0.01439056359231472,0.6454604268074036,0.21760396659374237,0.22579753398895264,0.04164930060505867,0.14001013338565826,0.14747625589370728,0.18284041434526443,0.2477218061685562,0.27774883806705475,0.31119947135448456,0.06488139182329178,0.1711893379688263,0.0,0.0,0.0,0.0
A001866164,B1_baseline,M_sensitive,1.0,False,False,0.05802089348435402,0.7964439392089844,0.23332545161247253,0.2207825630903244,0.07151371985673904,0.12487918019294739,0.14864131808280945,0.18530970811843872,0.26187440752983093,0.3705791652202606,0.4941198050975802,0.07656469941139221,0.36924062490463283,0.0,0.0,0.0,0.0
A001866164,B1_baseline,H_sensitive,1.0,False,False,0.01760435663163662,0.48170244693756104,0.23504088819026947,0.24573636054992676,0.04629841074347496,0.129670090675354,0.15176017582416534,0.2013387829065323,0.26572364568710327,0.2979296803474426,0.33887054562568675,0.06438486278057098,0.20920045495033274,0.0,0.0,0.0,0.0
A001866164,B2_proposed_lambda_0p50,M_sensitive,1.0,False,False,0.0012345321010798216,0.8046470284461975,0.22980834543704987,0.220624178647995,0.06440538167953491,0.1189036700129509,0.14673912525177002,0.18569213151931763,0.26280176639556885,0.3397895455360411,0.45027049541473413,0.07710963487625122,0.33136682540178325,0.0,0.0,0.0,0.0
A001866164,B2_proposed_lambda_0p50,H_sensitive,1.0,False,False,0.017359241843223572,0.6849339008331299,0.2202063947916031,0.2269476056098938,0.03601720556616783,0.14760647416114808,0.1608827918767929,0.18870221078395844,0.24977625906467438,0.27212970256805413,0.28312227725982664,0.06107404828071594,0.13551580309867856,0.0,0.0,0.0,0.0
A001866171,B1_baseline,M_sensitive,1.0,False,False,0.013026882894337177,0.7377920746803284,0.21740730106830597,0.18429723381996155,0.12464074045419693,0.0566770114004612,0.0784049853682518,0.11721853166818619,0.2860967814922333,0.47787922620773315,0.5776398301124573,0.1688782498240471,0.5209628187119961,0.0,0.0,0.0,0.0
A001866171,B1_baseline,H_sensitive,1.0,False,False,0.06510809808969498,0.7026160955429077,0.20713567733764648,0.2189093977212906,0.06453175842761993,0.08688041120767594,0.10642398148775101,0.15400300920009613,0.25239771604537964,0.28321245312690735,0.3458969235420238,0.09839470684528351,0.25901651233434786,0.0,0.0,0.0,0.0
A001866171,B2_proposed_lambda_0p50,M_sensitive,1.0,False,False,7.290564099093899e-06,0.7549009323120117,0.22907380759716034,0.197694331407547,0.12034136056900024,0.053724554926157,0.08056464791297913,0.13530753552913666,0.3109463155269623,0.45250487327575684,0.5419992208480837,0.17563877999782562,0.4882746659219267,0.0,0.0,3.819121322027037e-06,0.0
A001866171,B2_proposed_lambda_0p50,H_sensitive,1.0,False,False,2.514169921141729e-07,0.9597077965736389,0.21597182750701904,0.22742131352424622,0.03805431351065636,0.1416725218296051,0.15298929810523987,0.1805197298526764,0.24588578939437866,0.2659822106361389,0.2813061177730561,0.06536605954170227,0.13963359594345098,0.0,0.0,1.0184323525405431e-05,0.0
A001870250,B1_baseline,M_sensitive,1.0,False,False,0.04205344244837761,0.7967727184295654,0.25824281573295593,0.2241581454873085,0.12761345505714417,0.08526609465479851,0.10860670544207096,0.15716536343097687,0.34675969928503036,0.4943624213337898,0.6324959218502042,0.1895943358540535,0.5472298271954057,0.0,0.0,0.0,0.0
A001870250,B1_baseline,H_sensitive,1.0,False,False,0.040801528841257095,0.9261376261711121,0.23540300130844116,0.23453832417726517,0.09852535277605057,0.10067797005176544,0.11021154373884201,0.17221764847636223,0.27585601806640625,0.36516299843788147,0.6407669335603708,0.10363836959004402,0.5400889635086054,0.0,0.0,0.0,0.0
A001870250,B2_proposed_lambda_0p50,M_sensitive,1.0,False,False,0.012522464618086815,0.8827175498008728,0.26459547877311707,0.24287765473127365,0.12484770268201828,0.08126072697341442,0.10737685486674309,0.16190199553966522,0.356721855700016,0.4709865376353264,0.6402144998311996,0.1948198601603508,0.5589537728577851,0.0,0.0,0.0,0.0
A001870250,B2_proposed_lambda_0p50,H_sensitive,1.0,False,False,0.008264821954071522,0.5669945478439331,0.22974281013011932,0.2307254672050476,0.06214318796992302,0.1352961093187332,0.14296670630574226,0.18729670718312263,0.25682976096868515,0.31824956834316254,0.4810956180095672,0.06953305378556252,0.345799508690834,0.0,0.0,0.0,0.0
A001870548,B1_baseline,M_sensitive,1.0,False,False,0.02910670079290867,0.8533686399459839,0.2355434149503708,0.22144989669322968,0.09869392961263657,0.0837992987036705,0.10761345997452736,0.16123691201210022,0.28885041177272797,0.4316717565059662,0.5488483500480652,0.12761349976062775,0.46504905134439467,0.0,0.0,0.0,0.0
A001870548,B1_baseline,H_sensitive,1.0,False,False,0.057152826339006424,0.6825262308120728,0.2329251766204834,0.23899701237678528,0.057707998901605606,0.11001086190342903,0.13826711773872374,0.19329703599214554,0.26621128618717194,0.3155847162008285,0.3827693003416061,0.0729142501950264,0.2727584384381771,0.0,0.0,0.0,0.0
A001870548,B2_proposed_lambda_0p50,M_sensitive,1.0,False,False,0.005815965589135885,0.8439489603042603,0.23104313015937805,0.23019258677959442,0.07402753084897995,0.07587270468473435,0.11909820586442947,0.177519753575325,0.27756302058696747,0.35344122052192684,0.43306955516338347,0.10004326701164246,0.35719685047864913,0.0,0.0,0.0,0.0
A001870548,B2_proposed_lambda_0p50,H_sensitive,1.0,False,False,0.045953694730997086,0.618183970451355,0.21835704147815704,0.22879189252853394,0.03527294099330902,0.1478777575492859,0.1621683120727539,0.18489523231983185,0.2458057850599289,0.264240026473999,0.2878517538309097,0.060910552740097046,0.13997399628162382,0.0,0.0,0.0,0.0
A001875951,B1_baseline,M_sensitive,1.0,False,False,0.020779864862561226,0.7923827767372131,0.21006134152412415,0.17988906800746918,0.10571286827325821,0.06914604991674424,0.09430630654096604,0.13926009088754654,0.24770227819681168,0.4531444698572158,0.5517214369773865,0.10844218730926514,0.4825753870606423,0.0,0.0,0.0,0.0
A001875951,B1_baseline,H_sensitive,1.0,False,False,0.08025941252708435,0.5388498306274414,0.24903595447540283,0.24469806253910065,0.07712309062480927,0.10776502594351768,0.13346870094537736,0.19436990469694138,0.29076361656188965,0.388020122051239,0.4762965804338456,0.09639371186494827,0.36853155449032793,0.0,0.0,0.0,0.0
A001875951,B2_proposed_lambda_0p50,M_sensitive,1.0,False,False,0.014401017688214779,0.797008216381073,0.2088996022939682,0.19079071283340454,0.08264674246311188,0.06662664100527764,0.10036980509757996,0.15355031937360764,0.2514328956604004,0.35866129696369164,0.466823070049286,0.09788257628679276,0.4001964290440084,0.0,0.0,0.0,0.0
A001875951,B2_proposed_lambda_0p50,H_sensitive,1.0,False,False,0.035620346665382385,0.6290283799171448,0.2222561240196228,0.23064455389976501,0.03610631823539734,0.15463548809289931,0.16458389163017273,0.18865153938531876,0.2523203492164612,0.2698342144489288,0.29012966811656954,0.06366880983114243,0.13549418002367022,0.0,0.0,0.0,0.0
A001878464,B1_baseline,M_sensitive,1.0,False,False,0.0017363340593874454,0.8313611745834351,0.19856934249401093,0.16164196282625198,0.11873819679021835,0.020023730378597976,0.0640026155859232,0.12426159158349037,0.2486959993839264,0.4562079519033432,0.5972066229581834,0.12443440780043602,0.5771828925795854,0.0,0.0,0.0,0.0
A001878464,B1_baseline,H_sensitive,1.0,False,False,0.0686725303530693,0.5243728160858154,0.21288424730300903,0.21892450004816055,0.06942258030176163,0.09044219322502613,0.10572708547115325,0.15629009529948235,0.25277145206928253,0.34323882013559337,0.4038314074277878,0.09648135676980019,0.31338921420276167,0.0,0.0,0.0,0.0
A001878464,B2_proposed_lambda_0p50,M_sensitive,1.0,False,False,0.0010480922646820545,0.8130751848220825,0.21016693115234375,0.19537965208292007,0.10059743374586105,0.0131511050183326,0.06333951614797115,0.14275645092129707,0.26826388388872147,0.3819137841463088,0.5414679968357088,0.1255074329674244,0.5283168918173762,0.0,0.0,0.0,0.0
A001878464,B2_proposed_lambda_0p50,H_sensitive,1.0,False,False,0.04771208018064499,0.6226921677589417,0.21511206030845642,0.22389602661132812,0.03767983615398407,0.1486644749343395,0.1585996799170971,0.17859885469079018,0.24713990092277527,0.26621255427598955,0.2818247377872467,0.06854104623198509,0.1331602628529072,0.0,0.0,0.0,0.0
A001878464-1,B1_baseline,M_sensitive,1.0,False,False,0.001282166806049645,0.8469313979148865,0.21752402186393738,0.18006720393896103,0.1316307932138443,0.05398779720067978,0.08008503392338753,0.1195359118282795,0.2771354168653488,0.49253341704606973,0.6461481821537012,0.15759950503706932,0.5921603849530214,0.0,0.0,0.0,0.0
A001878464-1,B1_baseline,H_sensitive,1.0,False,False,0.03882458060979843,0.6792651414871216,0.22085720300674438,0.22593531012535095,0.05850887671113014,0.10607204832136631,0.1274427890777588,0.1772501841187477,0.2562539726495743,0.309262865781784,0.3591382700204848,0.07900378853082657,0.2530662216991185,0.0,0.0,0.0,0.0
A001878464-1,B2_proposed_lambda_0p50,M_sensitive,1.0,False,False,0.00035522825783118606,0.8760939836502075,0.22910216450691223,0.20264694839715958,0.13357305526733398,0.04278812255710363,0.07340243719518184,0.125843808054924,0.2995818629860878,0.48872862011194224,0.6525861942768096,0.1737380549311638,0.609798071719706,0.0,0.0,0.0,0.0
A001878464-1,B2_proposed_lambda_0p50,H_sensitive,1.0,False,False,0.010565562173724174,0.5811622142791748,0.22292941808700562,0.23131100088357925,0.03792807459831238,0.14538536339998245,0.16113427355885507,0.1887533701956272,0.2521496117115021,0.275798100233078,0.29028598368167874,0.06339624151587486,0.14490062028169629,0.0,0.0,0.0,0.0
A001879182-1,B1_baseline,M_sensitive,1.0,False,False,0.013782019726932049,0.7994124889373779,0.19143812358379364,0.14815481007099152,0.11844457685947418,0.034059912636876105,0.06343662962317467,0.10809093341231346,0.2508574426174164,0.44155006408691405,0.5378813385963438,0.14276650920510292,0.5038214259594677,0.0,0.0,0.0,0.0
A001879182-1,B1_baseline,H_sensitive,1.0,False,False,0.027906859293580055,0.8724144697189331,0.2123664915561676,0.21625417470932007,0.059126611799001694,0.09487819418311119,0.11890552192926407,0.17046356946229935,0.24940405786037445,0.29685938358306885,0.3398898255825034,0.0789404883980751,0.24501163139939222,0.0,0.0,0.0,0.0
A001879182-1,B2_proposed_lambda_0p50,M_sensitive,1.0,False,False,0.00026455571060068905,0.8119611144065857,0.1997319906949997,0.1620168685913086,0.11002067476511002,0.028299197889864444,0.06596875861287117,0.12303045392036438,0.26788052916526794,0.42452191412448875,0.4946921432018279,0.14485007524490356,0.46639294531196346,0.0,0.0,0.0,0.0
A001879182-1,B2_proposed_lambda_0p50,H_sensitive,1.0,False,False,0.004256235435605049,0.717353105545044,0.2245665192604065,0.23279373347759247,0.04025224968791008,0.14254240363836287,0.15911003053188325,0.19172319024801254,0.25257623195648193,0.2763509750366211,0.3137646627426147,0.06085304170846939,0.17122225910425184,0.0,0.0,0.0,0.0
A001885772,B1_baseline,M_sensitive,1.0,False,False,0.04958073049783707,0.7940095663070679,0.2627222537994385,0.2479841560125351,0.08366502076387405,0.12127111181616783,0.1517319619655609,0.19987835735082626,0.31833086907863617,0.40398291200399394,0.5166268825531011,0.1184525117278099,0.39535577073693323,0.0,0.0,0.0,0.0
A001885772,B1_baseline,H_sensitive,1.0,False,False,0.050368525087833405,0.9419193863868713,0.22155502438545227,0.23033972829580307,0.0687868669629097,0.10050767481327057,0.12545521855354308,0.1774250790476799,0.25882096588611603,0.2853102475404739,0.38606665402651075,0.08139588683843613,0.2855589792132402,0.0,0.0,0.0,0.0
A001885772,B2_proposed_lambda_0p50,M_sensitive,1.0,False,False,0.03886978700757027,0.859814465045929,0.28684279322624207,0.2757844179868698,0.08342152833938599,0.13890482127666473,0.17340022996068,0.22593657299876213,0.33673690259456635,0.4318652302026748,0.5397510153055192,0.11080032959580421,0.40084619402885446,0.0,0.0,0.0,0.0
A001885772,B2_proposed_lambda_0p50,H_sensitive,1.0,False,False,0.023544007912278175,0.6095970869064331,0.2196626216173172,0.22890418022871017,0.03888972848653793,0.14226436391472816,0.1562042437493801,0.18545695766806602,0.2507796138525009,0.27166593074798584,0.29987937241792706,0.06532265618443489,0.1576150085031989,0.0,0.0,0.0,0.0
A001887879,B1_baseline,M_sensitive,1.0,False,False,0.0036987806670367718,0.785490870475769,0.2625323534011841,0.2427852749824524,0.12444240599870682,0.0596833410859108,0.09754656851291657,0.17289207875728607,0.32856428623199463,0.5090250253677362,0.6573949551582339,0.15567220747470856,0.5977116140723231,0.0,0.0,0.0,0.0
A001887879,B1_baseline,H_sensitive,1.0,False,False,0.04724212735891342,0.689618706703186,0.23059652745723724,0.23465333878993988,0.06648267060518265,0.10435550898313523,0.12903212010860443,0.18298904597759247,0.26542678475379944,0.34266069531440735,0.4042268800735474,0.08243773877620697,0.2998713710904122,0.0,0.0,0.0,0.0
A001887879,B2_proposed_lambda_0p50,M_sensitive,1.0,False,False,0.00012635512393899262,0.7953209280967712,0.27888068556785583,0.2709355354309082,0.11396127194166183,0.06002726152539253,0.1017835110425949,0.20355476438999176,0.3463817238807678,0.47720500826835605,0.6184329462051397,0.14282695949077606,0.5584056846797472,0.0,0.0,0.0,0.0
A001887879,B2_proposed_lambda_0p50,H_sensitive,1.0,False,False,0.027096141129732132,0.627959668636322,0.21844206750392914,0.22750556468963623,0.03622567281126976,0.150108283162117,0.16150985658168793,0.1835966557264328,0.2476082146167755,0.26729012131690977,0.288982517719269,0.06401155889034271,0.13887423455715203,0.0,0.0,0.0,0.0
A001888679,B1_baseline,M_sensitive,1.0,False,False,0.02666480652987957,0.8381063342094421,0.27227336168289185,0.26370733976364136,0.10837098211050034,0.09083868876099586,0.1262381926178932,0.18763967603445053,0.33751221001148224,0.459949678182602,0.6344319248199465,0.1498725339770317,0.5435932360589506,0.0,0.0,0.0,0.0
A001888679,B1_baseline,H_sensitive,1.0,False,False,0.056133951991796494,0.8123319149017334,0.22939158976078033,0.23859812319278717,0.06670274585485458,0.104072654992342,0.12707794457674026,0.18625494837760925,0.26475921273231506,0.30729684233665466,0.4341373461484926,0.07850426435470581,0.33006469115615056,0.0,0.0,0.0,0.0
A001888679,B2_proposed_lambda_0p50,M_sensitive,1.0,False,False,0.005635024514049292,0.8472652435302734,0.2919677197933197,0.29206615686416626,0.10792246460914612,0.08040200412273407,0.12621576637029647,0.21374249458312988,0.3570273667573929,0.4697003155946732,0.6082761120796205,0.143284872174263,0.5278741079568865,0.0,0.0,0.0,0.0
A001888679,B2_proposed_lambda_0p50,H_sensitive,1.0,False,False,0.025507071986794472,0.5970136523246765,0.21682263910770416,0.22678282856941223,0.036146312952041626,0.14793371558189392,0.16089937090873718,0.1818641945719719,0.24638685584068298,0.26520571708679197,0.2783342868089676,0.06452266126871109,0.13040057122707369,0.0,0.0,0.0,0.0
A001892094,B1_baseline,M_sensitive,1.0,False,False,0.004526063334196806,0.7614399194717407,0.18740658462047577,0.17800530791282654,0.08783671259880066,0.03863139823079109,0.07132929563522339,0.1417425125837326,0.21357670426368713,0.3493850529193878,0.5406896233558659,0.07183419167995453,0.5020582251250748,0.0,0.0,0.0,0.0
A001892094,B1_baseline,H_sensitive,1.0,False,False,0.06834756582975388,0.7443922758102417,0.22134242951869965,0.22447755932807922,0.07722930610179901,0.08588474690914154,0.1099952831864357,0.16976259648799896,0.2553279399871826,0.3551335334777832,0.5056083321571354,0.08556534349918365,0.41972358524799386,0.0,0.0,0.0,0.0
A001892094,B2_proposed_lambda_0p50,M_sensitive,1.0,False,False,0.0022083802614361048,0.7507863640785217,0.19307410717010498,0.18715383112430573,0.07019899785518646,0.03918397575616837,0.08072860538959503,0.15379245579242706,0.22967134416103363,0.316005140542984,0.39956256151199454,0.07587888836860657,0.36037858575582615,0.0,0.0,0.0,0.0
A001892094,B2_proposed_lambda_0p50,H_sensitive,1.0,False,False,0.01867491938173771,0.5759894847869873,0.2195439636707306,0.2275194674730301,0.0390537828207016,0.15103859901428224,0.16138321161270142,0.1824251115322113,0.24932532012462616,0.27228909730911255,0.30849941968917854,0.06690020859241486,0.1574608206748963,0.0,0.0,0.0,0.0
A001902512,B1_baseline,M_sensitive,1.0,False,False,0.02964616008102894,0.8217408061027527,0.23261074721813202,0.21479717642068863,0.10078130662441254,0.08513890780508518,0.111921726167202,0.15679968520998955,0.2810952141880989,0.4152169391512871,0.5737365210056306,0.12429552897810936,0.4885976132005454,0.0,0.0,0.0,0.0
A001902512,B1_baseline,H_sensitive,1.0,False,False,0.03871005028486252,0.9052715301513672,0.23097285628318787,0.2317698672413826,0.07749427855014801,0.08665113024413586,0.12429136969149113,0.18697529658675194,0.26892198622226715,0.313297538459301,0.521138328909874,0.08194668963551521,0.43448719866573815,0.0,0.0,0.0,0.0
A001902512,B2_proposed_lambda_0p50,M_sensitive,1.0,False,False,0.008273676037788391,0.8365687727928162,0.23918014764785767,0.22279124706983566,0.10207570344209671,0.07761396713554859,0.1082333855330944,0.15995211526751518,0.3009400889277458,0.424230606853962,0.570789939761162,0.14098797366023064,0.4931759726256134,0.0,0.0,0.0,0.0
A001902512,B2_proposed_lambda_0p50,H_sensitive,1.0,False,False,1.9276443708804436e-05,0.9541797041893005,0.2454778105020523,0.2513529360294342,0.0463394969701767,0.14842605233192444,0.16384892165660858,0.21423551440238953,0.2782011479139328,0.3127115920186043,0.3343114319443703,0.06396563351154327,0.18588537961244586,0.0,0.0,2.632313224215176e-06,0.0
A001903270-1,B1_baseline,M_sensitive,1.0,False,False,0.0017890083836391568,0.7864533066749573,0.2234388142824173,0.2044140100479126,0.11163593828678131,0.0626808062940836,0.08643454872071743,0.13051628693938255,0.29682833701372147,0.4289065420627594,0.5386256068944932,0.1663120500743389,0.47594480060040967,0.0,0.0,0.0,0.0
A001903270-1,B1_baseline,H_sensitive,1.0,False,False,0.058989785611629486,0.9101549386978149,0.21006609499454498,0.20832403749227524,0.07667291164398193,0.09628428384661675,0.11295866444706917,0.15831470116972923,0.24390606582164764,0.3051818415522576,0.5149576687812807,0.08559136465191841,0.41867338493466394,0.0,0.0,0.0,0.0
A001903270-1,B2_proposed_lambda_0p50,M_sensitive,1.0,False,False,0.0015633472939953208,0.8130189180374146,0.25530245900154114,0.24953381717205048,0.11594004184007645,0.06599253222346306,0.10038188621401786,0.15382129698991776,0.3360646218061447,0.4577007040381433,0.5512086254358293,0.18224332481622696,0.4852160932123662,0.0,0.0,0.0,0.0
A001903270-1,B2_proposed_lambda_0p50,H_sensitive,1.0,False,False,0.01297351811081171,0.5866894125938416,0.23456859588623047,0.23557963967323303,0.060468755662441254,0.14743920266628266,0.16117741093039512,0.19113022461533546,0.25938039273023605,0.31048824042081835,0.4882512202858925,0.06825016811490059,0.3408120176196099,0.0,0.0,0.0,0.0
A001904186,B1_baseline,M_sensitive,1.0,False,False,0.01732025109231472,0.8118254542350769,0.21130234003067017,0.17450003325939178,0.10849923640489578,0.062043696381151675,0.0919408593326807,0.1346283257007599,0.27138061821460724,0.43020737916231144,0.5633668059110641,0.13675229251384735,0.5013231095299124,0.0,0.0,0.0,0.0
A001904186,B1_baseline,H_sensitive,1.0,False,False,0.041114699095487595,0.8936424255371094,0.22189608216285706,0.23127152770757675,0.05927540734410286,0.10606232777237892,0.13017010018229486,0.18178636580705643,0.25848472118377686,0.28776275664567946,0.3349642333388331,0.07669835537672043,0.22890190556645415,0.0,0.0,0.0,0.0
A001904186,B2_proposed_lambda_0p50,M_sensitive,1.0,False,False,0.0065425182692706585,0.8351597785949707,0.2203323096036911,0.19573865085840225,0.11230909824371338,0.04846754625439644,0.0802795272320509,0.13415130227804184,0.2911469638347626,0.42786903977394086,0.5599245983362199,0.15699566155672073,0.5114570520818235,0.0,0.0,0.0,0.0
A001904186,B2_proposed_lambda_0p50,H_sensitive,1.0,False,False,0.025065183639526367,0.6323539614677429,0.22068850696086884,0.230084627866745,0.03740089014172554,0.14166007027029992,0.15898808911442758,0.1872725486755371,0.24984651803970337,0.2700132057070732,0.28363610893487934,0.06257396936416626,0.14197603866457942,0.0,0.0,0.0,0.0
A001904708-1,B1_baseline,M_sensitive,1.0,False,False,0.035082146525382996,0.8482025861740112,0.2914181351661682,0.2688838392496109,0.15643049776554108,0.05785796418786049,0.08085564523935318,0.15528834611177444,0.4192378744482994,0.5623106062412262,0.6093800216913223,0.26394952833652496,0.5515220575034618,0.0,0.0,0.0,0.0
A001904708-1,B1_baseline,H_sensitive,1.0,False,False,0.032169848680496216,0.44846150279045105,0.22629906237125397,0.24281012266874313,0.05764201283454895,0.0942715723067522,0.11762008257210255,0.18417120352387428,0.2666909918189049,0.2988082394003868,0.3462470471858978,0.0825197882950306,0.2519754748791456,0.0,0.0,0.0,0.0
A001904708-1,B2_proposed_lambda_0p50,M_sensitive,1.0,False,False,0.009808432310819626,0.8532021045684814,0.2889105975627899,0.2726597487926483,0.1487145721912384,0.045559496618807316,0.07963530533015728,0.1559765301644802,0.4157222583889961,0.5346792787313461,0.5833573341369629,0.2597457282245159,0.5377978375181556,0.0,0.0,0.0,0.0
A001904708-1,B2_proposed_lambda_0p50,H_sensitive,1.0,False,False,0.01092023029923439,0.7767038941383362,0.21463173627853394,0.223457433283329,0.03767958655953407,0.1344059593975544,0.14665831625461578,0.18467146158218384,0.2456398904323578,0.2608753964304924,0.27072766423225403,0.06096842885017395,0.13632170483469963,0.0,0.0,0.0,0.0
A001906652,B1_baseline,M_sensitive,1.0,False,False,0.03244636580348015,0.7626945376396179,0.22637540102005005,0.21320611238479614,0.08282244205474854,0.07129421710968017,0.11673303544521331,0.17902670800685883,0.25980716943740845,0.3783784508705139,0.5290375471115112,0.08078046143054962,0.457743330001831,0.0,0.0,0.0,0.0
A001906652,B1_baseline,H_sensitive,1.0,False,False,0.04444700852036476,0.7726976275444031,0.2310214787721634,0.24207210540771484,0.06395979225635529,0.10634198367595672,0.12958098351955413,0.1797674000263214,0.2765248715877533,0.3153902471065521,0.37185518026351927,0.09675747156143188,0.26551319658756256,0.0,0.0,0.0,0.0
A001906652,B2_proposed_lambda_0p50,M_sensitive,1.0,False,False,0.0020907509606331587,0.6960227489471436,0.2241046279668808,0.21553757786750793,0.07958144694566727,0.06451677292585373,0.10705680102109909,0.17458617687225342,0.26846250891685486,0.36778737902641295,0.4751076257228852,0.09387633204460144,0.41059085279703145,0.0,0.0,0.0,0.0
A001906652,B2_proposed_lambda_0p50,H_sensitive,1.0,False,False,0.006598133593797684,0.7961618304252625,0.23389829695224762,0.24149814248085022,0.044607557356357574,0.14469081282615662,0.15743849277496338,0.19982638955116272,0.2651659846305847,0.3034769117832184,0.3196279799938202,0.065339595079422,0.17493716716766358,0.0,0.0,0.0,0.0
A001906810,B1_baseline,M_sensitive,1.0,False,False,0.003692602040246129,0.7707371711730957,0.18574069440364838,0.17429665476083755,0.10021776705980301,0.016485868748277427,0.04297831524163485,0.11963946558535099,0.2369552217423916,0.3677697554230682,0.5273658007383347,0.1173157561570406,0.5108799319900573,0.0,0.0,0.0,0.0
A001906810,B1_baseline,H_sensitive,1.0,False,False,0.06470213830471039,0.6227494478225708,0.21571868658065796,0.224207803606987,0.06301867961883545,0.09610321491956711,0.11581051014363766,0.16373134404420853,0.25656065344810486,0.30843991041183466,0.3880126616358757,0.09282930940389633,0.2919094467163086,0.0,0.0,0.0,0.0
A001906810,B2_proposed_lambda_0p50,M_sensitive,1.0,False,False,1.1600681318668649e-05,0.7538158297538757,0.20307885110378265,0.20804499089717865,0.08588021993637085,0.013931200904771686,0.04737692587077619,0.1524365060031414,0.25599558651447296,0.3369893535971641,0.4290794530510904,0.10355908051133156,0.41514825214631873,0.0,0.0,3.6240725394359494e-06,0.0
A001906810,B2_proposed_lambda_0p50,H_sensitive,1.0,False,False,0.00014406067202799022,0.9567961692810059,0.22263652086257935,0.23254279792308807,0.03911968320608139,0.15070021405816078,0.1605683408677578,0.18550263345241547,0.25341662764549255,0.2730000466108322,0.28982732325792315,0.06791399419307709,0.13912710919976237,0.0,0.0,0.0,0.0
A001908450,B1_baseline,M_sensitive,1.0,False,False,1.8165934534408734e-07,0.8487634658813477,0.23830652236938477,0.22203609347343445,0.11149819940328598,0.045288779512047767,0.09075512066483497,0.15995904803276062,0.29856032878160477,0.4366305962204933,0.617475300431252,0.13860128074884415,0.5721865209192042,0.0,0.0,0.0007120685159951003,0.0
A001908450,B1_baseline,H_sensitive,1.0,False,False,0.055080052465200424,0.6673681139945984,0.21402263641357422,0.21970273554325104,0.05714531987905502,0.1041929730027914,0.12560099810361863,0.16818710044026375,0.25014860928058624,0.3020362198352814,0.34600705295801165,0.0819615088403225,0.24181407995522025,0.0,0.0,0.0,0.0
A001908450,B2_proposed_lambda_0p50,M_sensitive,1.0,False,False,1.3969387282486423e-06,0.8378915190696716,0.2766598165035248,0.2704699784517288,0.10652173310518265,0.048372414521873,0.11394178792834282,0.21001702919602394,0.3368886038661003,0.4570285528898238,0.597726519703865,0.12687157467007637,0.549354105181992,0.0,0.0,0.00013282107034105498,0.0
A001908450,B2_proposed_lambda_0p50,H_sensitive,1.0,False,False,0.0004234398656990379,0.9783783555030823,0.23299765586853027,0.23711512982845306,0.04292986914515495,0.1528300905227661,0.16611630618572235,0.1974593736231327,0.2609073296189308,0.3067254677414894,0.33610627114772795,0.06344795599579811,0.18327618062496184,0.0,0.0,0.0,0.0
A001911151-1,B1_baseline,M_sensitive,1.0,False,False,0.014832478016614914,0.7866086959838867,0.17495881021022797,0.16167199611663818,0.07274813950061798,0.053859415352344515,0.08400334268808365,0.1284477263689041,0.2056225687265396,0.31237268447875965,0.4383445131778715,0.0771748423576355,0.384485097825527,0.0,0.0,0.0,0.0
A001911151-1,B1_baseline,H_sensitive,1.0,False,False,0.07301871478557587,0.44249603152275085,0.20722730457782745,0.2225232869386673,0.05568793788552284,0.09571666955947876,0.11099099814891815,0.1574351042509079,0.2514360547065735,0.2788737058639526,0.309946401119232,0.09400095045566559,0.21422973155975322,0.0,0.0,0.0,0.0
A001911151-1,B2_proposed_lambda_0p50,M_sensitive,1.0,False,False,8.33680314826779e-05,0.7831506729125977,0.18259115517139435,0.16972705721855164,0.07146646082401276,0.04951451107859611,0.08551398515701295,0.13576272130012512,0.2205696702003479,0.3124646723270415,0.4061302804946895,0.08480694890022278,0.3566157694160934,0.0,0.0,2.6317278477598077e-06,0.0
A001911151-1,B2_proposed_lambda_0p50,H_sensitive,1.0,False,False,0.026964301243424416,0.6898866295814514,0.21403935551643372,0.22470717132091522,0.03983591869473457,0.1442030680179596,0.1521171361207962,0.17533600330352783,0.24815653264522552,0.2674137532711029,0.28168433070182797,0.07282052934169769,0.13748126268386837,0.0,0.0,0.0,0.0
A001911401,B1_baseline,M_sensitive,1.0,False,False,0.011350166983902454,0.7461974024772644,0.25031107664108276,0.23502305150032043,0.12989969551563263,0.038182826116681105,0.07730373591184617,0.1477441042661667,0.3225226104259491,0.507433146238327,0.595050982236862,0.1747785061597824,0.5568681561201809,0.0,0.0,0.0,0.0
A001911401,B1_baseline,H_sensitive,1.0,False,False,0.0583486445248127,0.4533845782279968,0.21732193231582642,0.22574922442436218,0.0530569888651371,0.09754009753465652,0.12374305203557015,0.17723171412944794,0.25730976462364197,0.29408908188343047,0.31431516647338864,0.08007805049419403,0.2167750689387321,0.0,0.0,0.0,0.0
A001911401,B2_proposed_lambda_0p50,M_sensitive,1.0,False,False,0.0026268423534929752,0.7246808409690857,0.2644538879394531,0.2565379738807678,0.11953076720237732,0.0347217720001936,0.08477114960551262,0.1733504831790924,0.34457921981811523,0.46780081391334527,0.5602951443195341,0.17122873663902283,0.5255733723193405,0.0,0.0,0.0,0.0
A001911401,B2_proposed_lambda_0p50,H_sensitive,1.0,False,False,0.029011230915784836,0.652820348739624,0.22420787811279297,0.23409855365753174,0.03933493047952652,0.1424739995598793,0.15557529181241989,0.1921088621020317,0.2524949908256531,0.28120105862617495,0.3035013175010681,0.06038612872362137,0.16102731794118882,0.0,0.0,0.0,0.0
A001911401-1,B1_baseline,M_sensitive,1.0,False,False,0.001009001862257719,0.7320623993873596,0.21124474704265594,0.19708766043186188,0.11969932168722153,0.020154790952801704,0.05536257475614548,0.12487688660621643,0.2663911283016205,0.4446401596069336,0.6160845160484314,0.14151424169540405,0.5959297250956297,0.0,0.0,0.0,0.0
A001911401-1,B1_baseline,H_sensitive,1.0,False,False,0.04809635877609253,0.5571717619895935,0.21488860249519348,0.22447015345096588,0.05944003537297249,0.09149442613124847,0.11740812659263611,0.1710456758737564,0.25968044996261597,0.2930919826030731,0.3326888084411621,0.08863477408885956,0.24119438230991364,0.0,0.0,0.0,0.0
A001911401-1,B2_proposed_lambda_0p50,M_sensitive,1.0,False,False,5.5446664191549644e-05,0.7681689858436584,0.21936611831188202,0.21188455820083618,0.11208318918943405,0.0190981887280941,0.04927780106663704,0.14403465390205383,0.2828355133533478,0.4197710156440735,0.5718747973442078,0.13880085945129395,0.5527766086161137,0.0,0.0,2.520793394512989e-06,0.0
A001911401-1,B2_proposed_lambda_0p50,H_sensitive,1.0,False,False,0.006569207645952702,0.8582923412322998,0.21822725236415863,0.22921712696552277,0.037350282073020935,0.14587843418121338,0.1564180552959442,0.18263185024261475,0.2478700876235962,0.2671934962272644,0.28037184476852417,0.06523823738098145,0.1344934105873108,0.0,0.0,0.0,0.0
A001913592,B1_baseline,M_sensitive,1.0,False,False,0.0002974674280267209,0.7534233331680298,0.22342289984226227,0.1917468011379242,0.13666948676109314,0.047213222831487656,0.0679260715842247,0.11672483384609222,0.2972314953804016,0.5004519522190094,0.6540878117084503,0.1805066615343094,0.6068745888769627,0.0,0.0,0.0,0.0
A001913592,B1_baseline,H_sensitive,1.0,False,False,0.045802902430295944,0.6726740002632141,0.2085462063550949,0.21518419682979584,0.061895787715911865,0.09673934802412987,0.11642033979296684,0.15667017549276352,0.24529031664133072,0.311318501830101,0.3852922320365906,0.0886201411485672,0.2885528840124607,0.0,0.0,0.0,0.0
A001913592,B2_proposed_lambda_0p50,M_sensitive,1.0,False,False,6.0152877267682925e-05,0.7584633827209473,0.24624338746070862,0.23534032702445984,0.13179415464401245,0.0384466927498579,0.07147245481610298,0.13089283555746078,0.3438429832458496,0.46953611075878143,0.595771074295044,0.21295014768838882,0.557324381545186,0.0,0.0,1.474290221401534e-05,0.0
A001913592,B2_proposed_lambda_0p50,H_sensitive,1.0,False,False,0.008339432999491692,0.6900836825370789,0.22062894701957703,0.23079997301101685,0.03656351938843727,0.14998383820056915,0.1618032306432724,0.18642458319664001,0.2511031925678253,0.264588862657547,0.2782779932022095,0.0646786093711853,0.12829415500164032,0.0,0.0,0.0,0.0
A001913766-1,B1_baseline,M_sensitive,1.0,False,False,0.006080826744437218,0.7356605529785156,0.14679399132728577,0.14638134837150574,0.07547658681869507,0.024162252843379972,0.041511709429323675,0.09095371328294277,0.18839126452803612,0.26258950382471086,0.41648053854703826,0.09743755124509335,0.3923182857036583,0.0,0.0,0.0,0.0
A001913766-1,B1_baseline,H_sensitive,1.0,False,False,0.05175192654132843,0.5193649530410767,0.2148122936487198,0.22368812561035156,0.0577026829123497,0.08987776637077331,0.11116844564676286,0.17234209552407265,0.25574497878551483,0.29566111117601396,0.34755046188831323,0.08340288326144218,0.2576726955175399,0.0,0.0,0.0,0.0
A001913766-1,B2_proposed_lambda_0p50,M_sensitive,1.0,False,False,0.0011057904921472073,0.778705894947052,0.15308599174022675,0.15196478366851807,0.07171132415533066,0.02344554454088211,0.04229858443140984,0.10525962337851524,0.19467051699757576,0.2666994929313657,0.3688095849752424,0.08941089361906052,0.3453640404343603,0.0,0.0,0.0,0.0
A001913766-1,B2_proposed_lambda_0p50,H_sensitive,1.0,False,False,0.03181116282939911,0.5798030495643616,0.217983216047287,0.22574400901794434,0.0386190228164196,0.14480550661683084,0.15647761300206184,0.18275924772024155,0.24830108135938644,0.2710498854517936,0.29812020957469937,0.0655418336391449,0.15331470295786853,0.0,0.0,0.0,0.0
A001914197,B1_baseline,M_sensitive,1.0,False,False,1.7737450619392803e-08,0.8050609827041626,0.21664020419120789,0.18251708149909973,0.13183052837848663,0.01524964153766632,0.07444274872541427,0.12195076793432236,0.2799374461174011,0.5028328657150267,0.6594935417175296,0.15798667818307877,0.6442439001798633,0.0,0.0,0.0011824676281238845,0.0
A001914197,B1_baseline,H_sensitive,1.0,False,False,0.014348186552524567,0.45312920212745667,0.20264148712158203,0.21331267058849335,0.056748755276203156,0.0897097173333168,0.11010014712810516,0.1558590680360794,0.24334025382995605,0.2848615705966949,0.3436560046672822,0.08748118579387665,0.2539462873339654,0.0,0.0,0.0,0.0
A001914197,B2_proposed_lambda_0p50,M_sensitive,1.0,False,False,2.4803875930956565e-07,0.8049541115760803,0.2562025785446167,0.2360679805278778,0.13681215047836304,0.020194153413176538,0.07385139465332032,0.1533971130847931,0.3375060558319092,0.5235291004180908,0.6456450510025026,0.1841089427471161,0.625450897589326,0.0,0.0,0.0010563908327571403,0.0
A001914197,B2_proposed_lambda_0p50,H_sensitive,1.0,False,False,0.005619282368570566,0.5454506874084473,0.22380882501602173,0.2330971509218216,0.03649428114295006,0.14890721142292024,0.1638348013162613,0.19173651933670044,0.25107359886169434,0.2724614918231964,0.29817324161529574,0.059337079524993896,0.1492660301923755,0.0,0.0,0.0,0.0
A001917272,B1_baseline,M_sensitive,1.0,False,False,0.0018034521490335464,0.7684028148651123,0.1869342029094696,0.16947342455387115,0.08428487926721573,0.06246000453829765,0.08873332291841507,0.13329927623271942,0.21936598420143127,0.33730825781822205,0.5192556977272036,0.08606670796871185,0.45679569318890595,0.0,0.0,0.0,0.0
A001917272,B1_baseline,H_sensitive,1.0,False,False,0.032908305525779724,0.6846743226051331,0.2287328541278839,0.23412972688674927,0.06098664179444313,0.11036676913499832,0.13181352615356445,0.18581900000572205,0.2637428641319275,0.3226829171180725,0.40362641215324424,0.07792386412620544,0.2932596430182459,0.0,0.0,0.0,0.0
A001917272,B2_proposed_lambda_0p50,M_sensitive,1.0,False,False,0.00018721797096077353,0.7802131772041321,0.19400785863399506,0.18543818593025208,0.08295336365699768,0.041184659302234645,0.0814584344625473,0.13905338943004608,0.234266996383667,0.3338387906551361,0.48197300434112605,0.09521360695362091,0.4407883450388914,0.0,0.0,0.0,0.0
A001917272,B2_proposed_lambda_0p50,H_sensitive,1.0,False,False,0.007449151948094368,0.5908902287483215,0.22256499528884888,0.22940222918987274,0.03750152885913849,0.1513145387172699,0.16158777475357056,0.1893092542886734,0.25131094455718994,0.2754858434200287,0.29314542412757877,0.06200169026851654,0.14183088541030886,0.0,0.0,0.0,0.0
A001917272-1,B1_baseline,M_sensitive,1.0,False,False,0.013758040964603424,0.6962617635726929,0.22698797285556793,0.210113525390625,0.08128372579813004,0.09908461846411229,0.12359486445784569,0.16656843945384026,0.27788694202899933,0.3717652797698975,0.473349520564079,0.11131850257515907,0.37426490209996666,0.0,0.0,0.0,0.0
A001917272-1,B1_baseline,H_sensitive,1.0,False,False,0.05965718626976013,0.9266447424888611,0.22119750082492828,0.23077257722616196,0.05976599454879761,0.10058810584247112,0.1223150547593832,0.18142056465148926,0.2573426589369774,0.2960060775279999,0.3372016713023183,0.07592209428548813,0.23661356545984719,0.0,0.0,0.0,0.0
A001917272-1,B2_proposed_lambda_0p50,M_sensitive,1.0,False,False,0.0015413615619763732,0.7448133826255798,0.24140380322933197,0.23392639309167862,0.07847078144550323,0.07382141068577766,0.1253145933151245,0.18844394013285637,0.28951896727085114,0.37637664675712584,0.4477109766006466,0.10107502713799477,0.373889565914869,0.0,0.0,0.0,0.0
A001917272-1,B2_proposed_lambda_0p50,H_sensitive,1.0,False,False,0.001753303688019514,0.698060154914856,0.22149570286273956,0.23058412224054337,0.04016749560832977,0.1473533283174038,0.1572725236415863,0.1859457641839981,0.2523062750697136,0.27662676721811297,0.2895892685651779,0.06636051088571548,0.1422359402477741,0.0,0.0,0.0,0.0
A001917390,B1_baseline,M_sensitive,1.0,False,False,1.1927477235051942e-12,0.7203797698020935,0.16350044310092926,0.15884940326213837,0.08856042474508286,0.002919933293014765,0.033440928906202316,0.1138179674744606,0.1962207406759262,0.3153218924999237,0.5040256261825558,0.0824027732014656,0.501105692889541,0.0,0.0,0.00029472724767049495,0.0
A001917390,B1_baseline,H_sensitive,1.0,False,False,0.05846617370843887,0.7283793687820435,0.20908620953559875,0.21779179573059082,0.057430561631917953,0.0968923345208168,0.1141485646367073,0.16359081864356995,0.24959884583950043,0.2858784794807434,0.3669680655002589,0.08600802719593048,0.2700757309794421,0.0,0.0,0.0,0.0
A001917390,B2_proposed_lambda_0p50,M_sensitive,1.0,False,False,3.173700746650354e-10,0.742172122001648,0.18148456513881683,0.17561936378479004,0.08887793123722076,0.002975834673270583,0.030659884214401245,0.13290683925151825,0.22590626776218414,0.33014628291130066,0.46516361236572235,0.0929994285106659,0.4621877776924518,0.0,0.0,0.00025379290771625955,0.0
A001917390,B2_proposed_lambda_0p50,H_sensitive,1.0,False,False,0.018890531733632088,0.4856604039669037,0.2166130542755127,0.22237341105937958,0.04039721563458443,0.14295326471328734,0.1530635803937912,0.18094606697559357,0.24807170033454895,0.2713184356689453,0.3057788014411926,0.06712563335895538,0.16282553672790528,0.0,0.0,0.0,0.0
A001921437,B1_baseline,M_sensitive,1.0,False,False,0.026481639593839645,0.7928982377052307,0.23799999058246613,0.2190753072500229,0.07661737501621246,0.11670934841036797,0.1463504582643509,0.1850402057170868,0.2772780805826187,0.3808516651391983,0.487552081346512,0.09223787486553192,0.37084273293614406,0.0,0.0,0.0,0.0
A001921437,B1_baseline,H_sensitive,1.0,False,False,0.06296081840991974,0.6787212491035461,0.2515936493873596,0.24906077980995178,0.0794026106595993,0.13512822031974792,0.15357697159051895,0.20602478086948395,0.27418649196624756,0.41487456858158006,0.5551755881309509,0.06816171109676361,0.420047367811203,0.0,0.0,0.0,0.0
A001921437,B2_proposed_lambda_0p50,M_sensitive,1.0,False,False,0.017702968791127205,0.7326131463050842,0.24463456869125366,0.23316597938537598,0.07265480607748032,0.10913725763559341,0.1489581897854805,0.19113785028457642,0.28883835673332214,0.37164464890956866,0.45335028648376463,0.09770050644874573,0.34421302884817123,0.0,0.0,0.0,0.0
A001921437,B2_proposed_lambda_0p50,H_sensitive,1.0,False,False,0.020651793107390404,0.5731191039085388,0.2428867071866989,0.24000652134418488,0.06012483313679695,0.1556017965078354,0.16739104986190798,0.2036348059773445,0.26423752307891846,0.34316083192825203,0.48185931026935586,0.060602717101573944,0.32625751376152046,0.0,0.0,0.0,0.0
A001922496,B1_baseline,M_sensitive,1.0,False,False,0.02522304281592369,0.7189126014709473,0.17314887046813965,0.16267764568328857,0.06478951871395111,0.06901295125484466,0.0934559464454651,0.13350626826286316,0.19870172441005707,0.28989118337631203,0.4155216467380526,0.06519545614719391,0.34650869548320795,0.0,0.0,0.0,0.0
A001922496,B1_baseline,H_sensitive,1.0,False,False,0.07481132447719574,0.6923302412033081,0.21399155259132385,0.21593129634857178,0.056190021336078644,0.11126407772302628,0.13382624387741088,0.1738545149564743,0.247736856341362,0.2848314344882965,0.3882325232028965,0.0738823413848877,0.2769684454798702,0.0,0.0,0.0,0.0
A001922496,B2_proposed_lambda_0p50,M_sensitive,1.0,False,False,0.00438346853479743,0.7095175981521606,0.17842599749565125,0.16946032643318176,0.06924375146627426,0.051470459699630745,0.08493328392505646,0.13670757412910461,0.20850001275539398,0.2983538210391998,0.4239118826389313,0.07179243862628937,0.37244142293930055,0.0,0.0,0.0,0.0
A001922496,B2_proposed_lambda_0p50,H_sensitive,1.0,False,False,0.027962464839220047,0.5339140892028809,0.233617901802063,0.23978812992572784,0.03729715943336487,0.15396765410900115,0.16866022646427153,0.20422270894050598,0.26152902841567993,0.28610137701034544,0.30459053516387946,0.05730631947517395,0.1506228810548783,0.0,0.0,0.0,0.0
A001922673,B1_baseline,M_sensitive,1.0,False,False,0.03308873996138573,0.8096243739128113,0.19727854430675507,0.17439204454421997,0.08593647181987762,0.08112457022070885,0.1020921878516674,0.13973042368888855,0.23449376970529556,0.3558254688978195,0.5003705024719238,0.09476334601640701,0.419245932251215,0.0,0.0,0.0,0.0
A001922673,B1_baseline,H_sensitive,1.0,False,False,0.05359853804111481,0.490601122379303,0.21914631128311157,0.2315535694360733,0.05143732577562332,0.10331148654222488,0.128871850669384,0.17794723063707352,0.2579966187477112,0.28334902226924896,0.3200398087501526,0.08004938811063766,0.2167283222079277,0.0,0.0,0.0,0.0
A001922673,B2_proposed_lambda_0p50,M_sensitive,1.0,False,False,0.014652448706328869,0.7888134121894836,0.19332104921340942,0.17432664334774017,0.08677589893341064,0.0643676221370697,0.0878228023648262,0.13402606546878815,0.2361929640173912,0.35287055373191833,0.48977233469486237,0.10216689854860306,0.42540471255779266,0.0,0.0,0.0,0.0
A001922673,B2_proposed_lambda_0p50,H_sensitive,1.0,False,False,0.032681409269571304,0.5019657015800476,0.21768468618392944,0.22584587335586548,0.03927990794181824,0.13961145281791687,0.15072773396968842,0.18460562825202942,0.2491028755903244,0.2684886306524277,0.2970263957977295,0.06449724733829498,0.15741494297981262,0.0,0.0,0.0,0.0
A001922909,B1_baseline,M_sensitive,1.0,False,False,0.0001764914341038093,0.8241034150123596,0.2108590006828308,0.1885431557893753,0.09232427924871445,0.06808884851634503,0.10052491165697575,0.14423203840851784,0.2657919377088547,0.3712307810783386,0.5207738131284707,0.12155989930033684,0.4526849646121257,0.0,0.0,0.0,0.0
A001922909,B1_baseline,H_sensitive,1.0,False,False,0.03269015997648239,0.7178099155426025,0.20810407400131226,0.21354194730520248,0.06630592793226242,0.09663640409708023,0.11557060293853283,0.15913628786802292,0.24603153765201569,0.2845388576388359,0.45747785866260454,0.08689524978399277,0.3608414545655243,0.0,0.0,0.0,0.0
A001922909,B2_proposed_lambda_0p50,M_sensitive,1.0,False,False,4.279519271221943e-05,0.8415921926498413,0.23675668239593506,0.22519630938768387,0.09534086287021637,0.06967525146901607,0.10998759604990482,0.1653827615082264,0.2943554222583771,0.4050370305776596,0.5317435830831526,0.12897266075015068,0.4620683316141365,0.0,0.0,1.4180630290341959e-05,0.0
A001922909,B2_proposed_lambda_0p50,H_sensitive,1.0,False,False,0.030403871089220047,0.6322837471961975,0.22497808933258057,0.23371360450983047,0.0401344932615757,0.14394033402204515,0.15777424350380898,0.19116270542144775,0.2556457445025444,0.2794630751013756,0.3099217891693113,0.06448303908109665,0.16598145514726614,0.0,0.0,0.0,0.0
A001923658,B1_baseline,M_sensitive,1.0,False,False,0.0012870854698121548,0.6465969681739807,0.18054386973381042,0.1601426675915718,0.09292519092559814,0.028927592970430852,0.06200187522917986,0.11955978535115719,0.22525165230035782,0.36072542071342434,0.49623806923627845,0.10569186694920063,0.4673104762658476,0.0,0.0,0.0,0.0
A001923658,B1_baseline,H_sensitive,1.0,False,False,0.08359183371067047,0.7842782735824585,0.22319737076759338,0.22676167637109756,0.0740453377366066,0.10845045611262322,0.12351802028715611,0.16100424528121948,0.26329924166202545,0.3460310444235802,0.43336253553628845,0.10229499638080597,0.32491207942366523,0.0,0.0,0.0,0.0
A001923658,B2_proposed_lambda_0p50,M_sensitive,1.0,False,False,0.0008707224042154849,0.5879483222961426,0.190929114818573,0.19321472197771072,0.07352292537689209,0.029841474909335378,0.07200722098350526,0.13497022539377213,0.24629556387662888,0.30473623573780056,0.35162254869937865,0.11132533848285675,0.3217810737900433,0.0,0.0,0.0,0.0
A001923658,B2_proposed_lambda_0p50,H_sensitive,1.0,False,False,0.03081432543694973,0.9326885938644409,0.22340437769889832,0.23143555223941803,0.041764818131923676,0.15150359258055687,0.16276264041662217,0.1842367760837078,0.2537864223122597,0.2835051164031029,0.3155070480704307,0.06954964622855186,0.1640034554898738,0.0,0.0,0.0,0.0
A001923871,B1_baseline,M_sensitive,1.0,False,False,0.012104381807148457,0.7738151550292969,0.1905852109193802,0.17875909805297852,0.0740586593747139,0.07287857562303543,0.10032090693712235,0.14253288507461548,0.2202410250902176,0.3215734660625457,0.4731630742549892,0.07770814001560211,0.4002844986319538,0.0,0.0,0.0,0.0
A001923871,B1_baseline,H_sensitive,1.0,False,False,0.049421872943639755,0.8802563548088074,0.23905101418495178,0.23410600423812866,0.09221934527158737,0.11981825232505798,0.13815492391586304,0.18781831860542297,0.26010096073150635,0.3504163622856139,0.6617649459838866,0.07228264212608337,0.5419466936588286,0.0,0.0,0.0,0.0
A001923871,B2_proposed_lambda_0p50,M_sensitive,1.0,False,False,0.0031249853782355785,0.768484354019165,0.20277494192123413,0.1947026550769806,0.07403199374675751,0.0692268067598343,0.10255630016326904,0.15509583055973053,0.23657919466495514,0.3261789321899414,0.46668409943580624,0.08148336410522461,0.39745729267597196,0.0,0.0,0.0,0.0
A001923871,B2_proposed_lambda_0p50,H_sensitive,1.0,False,False,0.023779474198818207,0.6398155093193054,0.24489672482013702,0.24281534552574158,0.06710522621870041,0.15423534989356993,0.17279810905456544,0.20459043979644775,0.26390397548675537,0.2992406368255615,0.5662712621688841,0.05931353569030762,0.4120359122753142,0.0,0.0,0.0,0.0
A001923871-1,B1_baseline,M_sensitive,1.0,False,False,4.9358965043211356e-05,0.773853063583374,0.19188891351222992,0.18345463275909424,0.11070293188095093,0.009950066730380059,0.030542168766260147,0.10522227361798286,0.26210278272628784,0.3971819281578064,0.500815141201019,0.15688050910830498,0.49086507447063893,0.0,0.0,2.664922031043677e-06,0.0
A001923871-1,B1_baseline,H_sensitive,1.0,False,False,0.04389367997646332,0.7504734396934509,0.2406022846698761,0.24375540018081665,0.0773637518286705,0.09507810547947884,0.1163429468870163,0.18663078546524048,0.284795805811882,0.3644418865442276,0.42952039539813985,0.09816502034664154,0.334442289918661,0.0,0.0,0.0,0.0
A001923871-1,B2_proposed_lambda_0p50,M_sensitive,1.0,False,False,1.3024257896177005e-05,0.6794703006744385,0.20644283294677734,0.22185088694095612,0.10351631045341492,0.008344025816768408,0.030736266635358334,0.12309298291802406,0.27928219735622406,0.36433087289333344,0.45385194718837735,0.1561892144382,0.44550792137160894,0.0,0.0,1.1992149139696545e-05,0.0
A001923871-1,B2_proposed_lambda_0p50,H_sensitive,1.0,False,False,0.05673236399888992,0.7326362729072571,0.23297511041164398,0.24166539311408997,0.045400116592645645,0.14146506488323213,0.1569528728723526,0.19700761884450912,0.261859267950058,0.3050093501806259,0.33177978992462154,0.06485164910554886,0.1903147250413894,0.0,0.0,0.0,0.0
A001926690-1,B1_baseline,M_sensitive,1.0,False,False,0.00017093209316954017,0.7981408834457397,0.24479573965072632,0.22343593835830688,0.13140761852264404,0.04648672819137573,0.07203076705336571,0.14036349207162857,0.32737137377262115,0.4989330053329465,0.5931726598739625,0.18700788170099258,0.5466859316825867,0.0,0.0,0.0,0.0
A001926690-1,B1_baseline,H_sensitive,1.0,False,False,0.06577994674444199,0.6518447995185852,0.23741920292377472,0.23916223645210266,0.07685906440019608,0.0864050905406475,0.1095262423157692,0.18089067190885544,0.29498547315597534,0.3601264268159864,0.39502133488655095,0.1140948012471199,0.30861624434590346,0.0,0.0,0.0,0.0
A001926690-1,B2_proposed_lambda_0p50,M_sensitive,1.0,False,False,3.242868444885971e-07,0.7919924259185791,0.26187145709991455,0.26814255118370056,0.11052350699901581,0.04403986535966396,0.0804215632379055,0.17995142936706543,0.3360372483730316,0.4431746751070022,0.5299275493621829,0.1560858190059662,0.4858876840025189,0.0,0.0,0.00010967911923885213,0.0
A001926690-1,B2_proposed_lambda_0p50,H_sensitive,1.0,False,False,0.0021197150927037,0.913487434387207,0.22943398356437683,0.24053557217121124,0.03791819512844086,0.15605035543441773,0.1676778554916382,0.19438917189836502,0.25969909131526947,0.2755415976047516,0.2945057660341263,0.06530991941690445,0.1384554105997086,0.0,0.0,0.0,0.0
A001929481,B1_baseline,M_sensitive,1.0,False,False,0.0007681407150812447,0.7859922647476196,0.2229890525341034,0.2228780835866928,0.10974828153848648,0.015866791531443596,0.058525542914867404,0.14435957372188568,0.29086536169052124,0.4063824534416196,0.5587122488021851,0.14650578796863556,0.5428454572707415,0.0,0.0,0.0,0.0
A001929481,B1_baseline,H_sensitive,1.0,False,False,0.06672903895378113,0.614171028137207,0.20669083297252655,0.21609875559806824,0.05903572589159012,0.08948241919279099,0.10797560214996338,0.15776002407073975,0.24903933703899384,0.2912002623081207,0.34140635728836055,0.09127931296825409,0.25192393809556957,0.0,0.0,0.0,0.0
A001929481,B2_proposed_lambda_0p50,M_sensitive,1.0,False,False,0.0004730207729153335,0.8096755743026733,0.2499765008687973,0.25791648030281067,0.10871060192584991,0.013116599544882774,0.059154945611953745,0.18592257797718048,0.31222620606422424,0.43169007301330553,0.5478510808944701,0.12630362808704376,0.5347344813495873,0.0,0.0,0.0,0.0
A001929481,B2_proposed_lambda_0p50,H_sensitive,1.0,False,False,0.021152354776859283,0.6206653714179993,0.21710918843746185,0.22863183915615082,0.03681742027401924,0.14982059121131897,0.15939061045646669,0.18057237565517426,0.24833281338214874,0.26497043371200557,0.28027008652687074,0.06776043772697449,0.13044949531555178,0.0,0.0,0.0,0.0
A001931767,B1_baseline,M_sensitive,1.0,False,False,0.0027089109644293785,0.7980382442474365,0.18683016300201416,0.17562057077884674,0.09831064939498901,0.03223832458257675,0.051547007635235786,0.12295869365334511,0.23106065392494202,0.3531623601913452,0.5466979670524603,0.10810196027159691,0.5144596424698835,0.0,0.0,0.0,0.0
A001931767,B1_baseline,H_sensitive,1.0,False,False,0.062198758125305176,0.6031858921051025,0.1981869637966156,0.20434580743312836,0.05430893227458,0.09469440147280693,0.11403372064232827,0.15162807703018188,0.2403281107544899,0.2710354387760162,0.33786005377769496,0.08870003372430801,0.243165652304888,0.0,0.0,0.0,0.0
A001931767,B2_proposed_lambda_0p50,M_sensitive,1.0,False,False,0.005109788384288549,0.80570387840271,0.218313530087471,0.21425999701023102,0.10069941729307175,0.02956116456538439,0.058502391353249555,0.14749016612768173,0.27985797822475433,0.3862268894910812,0.5003084099292758,0.1323678120970726,0.47074724536389145,0.0,0.0,0.0,0.0
A001931767,B2_proposed_lambda_0p50,H_sensitive,1.0,False,False,0.05537332221865654,0.5923616290092468,0.22440311312675476,0.2329685091972351,0.037130456417798996,0.15793151438236236,0.16605133265256883,0.1888105571269989,0.2538162171840668,0.27646862864494326,0.29108314871788027,0.06500566005706787,0.1331516343355179,0.0,0.0,0.0,0.0
A001932596,B1_baseline,M_sensitive,1.0,False,False,0.07657422870397568,0.7775712609291077,0.2077113687992096,0.19763801991939545,0.05606970191001892,0.12768470212817193,0.1462489001452923,0.17344054579734802,0.2268454022705555,0.30440139919519427,0.42586758792400353,0.053404856473207474,0.29818288579583163,0.0,0.0,0.0,0.0
A001932596,B1_baseline,H_sensitive,1.0,False,False,0.06300529837608337,0.7108944058418274,0.2780481278896332,0.2512744665145874,0.12262221425771713,0.12681861460208893,0.14716681614518165,0.20834225788712502,0.2781181037425995,0.5688448250293732,0.6426287168264389,0.06977584585547447,0.51581010222435,0.0,0.0,0.0,0.0
A001932596,B2_proposed_lambda_0p50,M_sensitive,1.0,False,False,0.0191063079982996,0.7717025876045227,0.2114408165216446,0.19725915789604187,0.0639427974820137,0.11752561695873737,0.14314111247658728,0.16745787858963013,0.24102254956960678,0.32156961560249325,0.44327838838100403,0.07356467097997665,0.32575277142226666,0.0,0.0,0.0,0.0
A001932596,B2_proposed_lambda_0p50,H_sensitive,1.0,False,False,0.0246172733604908,0.6066930890083313,0.2612348198890686,0.24651069939136505,0.0813034176826477,0.15954993411898613,0.17254195362329483,0.2076788693666458,0.27294566482305527,0.4598941624164581,0.5011586713790893,0.06526679545640945,0.3416087372601032,0.0,0.0,0.0,0.0
A001934939,B1_baseline,M_sensitive,1.0,False,False,0.007378809154033661,0.7665331363677979,0.17790962755680084,0.13824066519737244,0.11851952224969864,0.03966180622577667,0.0607159323990345,0.09350402653217316,0.22915686666965485,0.42704407572746256,0.5860119199752807,0.1356528401374817,0.546350113749504,0.0,0.0,0.0,0.0
A001934939,B1_baseline,H_sensitive,1.0,False,False,0.05743101239204407,0.5421093106269836,0.21329835057258606,0.2197446972131729,0.05546877905726433,0.1059738665819168,0.12393829971551895,0.17201337218284607,0.24601945281028748,0.3046538650989532,0.37447564363479613,0.0740060806274414,0.2685017770528793,0.0,0.0,0.0,0.0
A001934939,B2_proposed_lambda_0p50,M_sensitive,1.0,False,False,0.0031375193502753973,0.7953290939331055,0.1903080940246582,0.15783849358558655,0.11695941537618637,0.03288640588521957,0.05521819144487381,0.09262088686227798,0.2696434557437897,0.4046032071113586,0.5157021903991698,0.1770225688815117,0.4828157845139502,0.0,0.0,0.0,0.0
A001934939,B2_proposed_lambda_0p50,H_sensitive,1.0,False,False,0.03188491240143776,0.6965581774711609,0.22368575632572174,0.23138225078582764,0.0358254536986351,0.1502964174747467,0.16373292803764344,0.19270843267440796,0.25138014554977417,0.2711791217327118,0.29024031162261965,0.05867171287536621,0.13994389414787295,0.0,0.0,0.0,0.0
A001938232,B1_baseline,M_sensitive,1.0,False,False,0.0048737660981714725,0.7906082272529602,0.19955189526081085,0.18495363742113113,0.08781760931015015,0.05489730004221201,0.08857568204402924,0.13599618151783943,0.24734143540263176,0.35033414661884305,0.4977170351147652,0.11134525388479233,0.44281973507255323,0.0,0.0,0.0,0.0
A001938232,B1_baseline,H_sensitive,1.0,False,False,0.05936802551150322,0.8957809805870056,0.2167523205280304,0.2231232225894928,0.06614521890878677,0.10490728676319122,0.12409609518945217,0.17291301116347313,0.25152426213026047,0.2812646135687828,0.4021513164043428,0.07861125096678734,0.2972440296411516,0.0,0.0,0.0,0.0
A001938232,B2_proposed_lambda_0p50,M_sensitive,1.0,False,False,0.001491715433076024,0.7481504678726196,0.22016051411628723,0.21258320659399033,0.08782588690519333,0.04764147397130728,0.08938766680657864,0.16029053553938866,0.269500769674778,0.3790696039795875,0.4751762685179711,0.10921023413538933,0.4275347945466638,0.0,0.0,0.0,0.0
A001938232,B2_proposed_lambda_0p50,H_sensitive,1.0,False,False,0.03649754077196121,0.5863431096076965,0.22362175583839417,0.23300062865018845,0.03880772739648819,0.14931978821754455,0.16162975504994392,0.1882079429924488,0.25450076907873154,0.27593059539794923,0.2945229437947273,0.06629282608628273,0.14520315557718277,0.0,0.0,0.0,0.0
A001943777,B1_baseline,M_sensitive,1.0,False,False,0.0013973627937957644,0.7809005379676819,0.19943813979625702,0.19752540439367294,0.05632961541414261,0.07830919995903969,0.11569433361291885,0.17054731771349907,0.222539484500885,0.28621255010366436,0.38215530961751903,0.05199216678738594,0.30384610965847936,0.0,0.0,0.0,0.0
A001943777,B1_baseline,H_sensitive,1.0,False,False,0.04985988512635231,0.8678575754165649,0.23434802889823914,0.2443365678191185,0.061960138380527496,0.1256458567082882,0.14797055199742318,0.18994850292801857,0.26762668788433075,0.29768840968608856,0.40212248802184963,0.07767818495631218,0.2764766313135614,0.0,0.0,0.0,0.0
A001943777,B2_proposed_lambda_0p50,M_sensitive,1.0,False,False,0.0009450079523958266,0.786264181137085,0.19677604734897614,0.1935877427458763,0.05133982375264168,0.07802269883453845,0.12529758214950562,0.16626949235796928,0.2232799530029297,0.27525018602609636,0.3504453298449513,0.0570104606449604,0.27242263101041286,0.0,0.0,0.0,0.0
A001943777,B2_proposed_lambda_0p50,H_sensitive,1.0,False,False,0.04110119491815567,0.6668620109558105,0.22957289218902588,0.23600910604000092,0.040199484676122665,0.14874795958399772,0.16127633973956107,0.1965831220149994,0.2607523277401924,0.2835580319166183,0.30327993094921113,0.06416920572519302,0.1545319713652134,0.0,0.0,0.0,0.0
A001947099,B1_baseline,M_sensitive,1.0,False,False,0.009871099144220352,0.8300099968910217,0.2936098575592041,0.25096847116947174,0.1818348914384842,0.043168598972260955,0.08683914877474308,0.13070953637361526,0.428954616189003,0.6254039108753204,0.6919870615005492,0.2982450798153877,0.6488184625282882,0.0,0.0,0.0,0.0
A001947099,B1_baseline,H_sensitive,1.0,False,False,0.030491866171360016,0.8839956521987915,0.23024675250053406,0.2338195964694023,0.07735031843185425,0.08762114718556405,0.10697442851960659,0.1765407882630825,0.27704504132270813,0.3361596539616585,0.427685734629631,0.10050425305962563,0.340064587444067,0.0,0.0,0.0,0.0
A001947099,B2_proposed_lambda_0p50,M_sensitive,1.0,False,False,0.002537525026127696,0.8849083185195923,0.31671807169914246,0.29582884907722473,0.17573930323123932,0.04539622738957405,0.09105258993804455,0.15516731142997742,0.4623364955186844,0.6162275969982147,0.6837747037410735,0.30716918408870697,0.6383784763514995,0.0,0.0,0.0,0.0
A001947099,B2_proposed_lambda_0p50,H_sensitive,1.0,False,False,0.0029911247547715902,0.6098940372467041,0.22728011012077332,0.2352474257349968,0.036833055317401886,0.1494385853409767,0.1650582142174244,0.19957859441637993,0.2509375810623169,0.2761874198913574,0.3252834394574165,0.051358986645936966,0.1758448541164398,0.0,0.0,0.0,0.0
A001956441,B1_baseline,M_sensitive,1.0,False,False,0.0015320057282224298,0.783521831035614,0.14995110034942627,0.13601799309253693,0.08528269082307816,0.025828603208065033,0.05187333468347788,0.10010142251849174,0.1803792603313923,0.2755503550171852,0.520651769042016,0.08027783781290054,0.49482316583395103,0.0,0.0,0.0,0.0
A001956441,B1_baseline,H_sensitive,1.0,False,False,0.06036859005689621,0.5812379121780396,0.21902312338352203,0.22357497364282608,0.06519005447626114,0.0990713132172823,0.1240023922175169,0.17226402461528778,0.25279779732227325,0.3065668672323227,0.4645275646448136,0.08053377270698547,0.3654562514275313,0.0,0.0,0.0,0.0
A001956441,B2_proposed_lambda_0p50,M_sensitive,1.0,False,False,2.488892278051935e-05,0.7374318838119507,0.1593387871980667,0.15340134501457214,0.07871421426534653,0.016783526092767717,0.0466356573626399,0.11104554310441017,0.1975545771420002,0.2756035313010215,0.45002929389476787,0.08650903403759003,0.43324576780200014,0.0,0.0,3.813039068398295e-06,0.0
A001956441,B2_proposed_lambda_0p50,H_sensitive,1.0,False,False,0.026631658896803856,0.7677751779556274,0.21953734755516052,0.22748570889234543,0.038460761308670044,0.14663242369890214,0.16013692393898965,0.18357627466320992,0.25113412737846375,0.27160595208406446,0.29450317710638046,0.06755785271525383,0.14787075340747832,0.0,0.0,0.0,0.0
A001960061,B1_baseline,M_sensitive,1.0,False,False,0.0011482221307232976,0.816673994064331,0.21759814023971558,0.1861594393849373,0.11956232041120529,0.0531432157382369,0.08037017844617367,0.1268441304564476,0.28055208176374435,0.4625491052865982,0.5805455148220061,0.15370795130729675,0.5274022990837692,0.0,0.0,0.0,0.0
A001960061,B1_baseline,H_sensitive,1.0,False,False,0.05944858491420746,0.8983600735664368,0.2193896472454071,0.225110724568367,0.06663661450147629,0.0973272182047367,0.12774312123656273,0.1756502352654934,0.25344938784837723,0.29584820568561554,0.4357760548591614,0.07779915258288383,0.33844883665442466,0.0,0.0,0.0,0.0
A001960061,B2_proposed_lambda_0p50,M_sensitive,1.0,False,False,0.0016897853929549456,0.8694843053817749,0.2399546205997467,0.22467892616987228,0.11840957403182983,0.05301209520548583,0.08924135193228722,0.1449490822851658,0.31032129377126694,0.46166225522756577,0.5740469545125959,0.16537221148610115,0.5210348593071101,0.0,0.0,0.0,0.0
A001960061,B2_proposed_lambda_0p50,H_sensitive,1.0,False,False,0.03047776035964489,0.6083495020866394,0.22660575807094574,0.23486065864562988,0.0409991480410099,0.14506257697939873,0.15955732762813568,0.19165102392435074,0.25516003370285034,0.2828328534960747,0.3205355763435363,0.0635090097784996,0.17547299936413757,0.0,0.0,0.0,0.0
A001961400,B1_baseline,M_sensitive,1.0,False,False,0.048038285225629807,0.7804935574531555,0.21603545546531677,0.20417097210884094,0.07281444221735,0.10460875391960144,0.1260308712720871,0.1630408763885498,0.2514108270406723,0.3543478190898895,0.4487031149864195,0.0883699506521225,0.34409436106681807,0.0,0.0,0.0,0.0
A001961400,B1_baseline,H_sensitive,1.0,False,False,0.05977753922343254,0.8054718971252441,0.2251579761505127,0.23806676268577576,0.062231406569480896,0.10552780076861382,0.13115643858909606,0.18246577680110931,0.26055651903152466,0.28403150737285615,0.4306266164779663,0.07809074223041534,0.3250988157093525,0.0,0.0,0.0,0.0
A001961400,B2_proposed_lambda_0p50,M_sensitive,1.0,False,False,0.006258162669837475,0.7611187696456909,0.22317369282245636,0.22283950448036194,0.07392805814743042,0.08718223080039024,0.114170753210783,0.1684838831424713,0.26805172860622406,0.3422058403491973,0.4429382926225659,0.09956784546375275,0.3557560618221757,0.0,0.0,0.0,0.0
A001961400,B2_proposed_lambda_0p50,H_sensitive,1.0,False,False,0.01948879472911358,0.9329000115394592,0.23098136484622955,0.23949545621871948,0.04001472890377045,0.1462792083621025,0.16265662014484406,0.19728489965200424,0.2615489959716797,0.2851622402667999,0.30198234379291533,0.06426409631967545,0.15570313543081282,0.0,0.0,0.0,0.0
A001967399,B1_baseline,M_sensitive,1.0,False,False,0.0002206576755270362,0.7714428901672363,0.18649573624134064,0.1614716798067093,0.1332351267337799,0.006520991371944547,0.02670084685087204,0.08992637507617474,0.24079011753201485,0.46898938119411454,0.6344227969646453,0.1508637424558401,0.6279018055927008,0.0,0.0,0.0,0.0
A001967399,B1_baseline,H_sensitive,1.0,False,False,0.06616147607564926,0.6259047389030457,0.23745974898338318,0.23493164777755737,0.08101733773946762,0.1084222473949194,0.12648215070366858,0.16875627636909485,0.2869449704885483,0.3883296698331833,0.44592186659574506,0.11818869411945343,0.33749961920082566,0.0,0.0,0.0,0.0
A001967399,B2_proposed_lambda_0p50,M_sensitive,1.0,False,False,0.0006331827607937157,0.7622593641281128,0.19679978489875793,0.18487107753753662,0.10396938771009445,0.0064133273297920824,0.030927747674286365,0.1322426199913025,0.26141926646232605,0.363915790617466,0.5033432382345199,0.12917664647102356,0.49692991090472777,0.0,0.0,0.0,0.0
A001967399,B2_proposed_lambda_0p50,H_sensitive,1.0,False,False,0.025635136291384697,0.6175975799560547,0.21579238772392273,0.22370873391628265,0.03987428545951843,0.13689822182059289,0.15370335131883622,0.1797778382897377,0.25119975954294205,0.2690524190664291,0.28350774496793746,0.07142192125320435,0.14660952314734457,0.0,0.0,0.0,0.0
A001967514,B1_baseline,M_sensitive,1.0,False,False,0.010636702179908752,0.7655712366104126,0.24896690249443054,0.21471090614795685,0.10833704471588135,0.09811403065919876,0.12564995288848876,0.17101694643497467,0.3091433346271515,0.4709879219532011,0.5792311000823971,0.13812638819217682,0.4811170694231983,0.0,0.0,0.0,0.0
A001967514,B1_baseline,H_sensitive,1.0,False,False,0.05214572325348854,0.4843469262123108,0.22511698305606842,0.23539669811725616,0.052328940480947495,0.11544556856155395,0.13608804047107698,0.18407343327999115,0.26093581318855286,0.29574739336967465,0.3535550940036769,0.0768623799085617,0.23810952544212294,0.0,0.0,0.0,0.0
A001967514,B2_proposed_lambda_0p50,M_sensitive,1.0,False,False,0.003945515025407076,0.7987093329429626,0.25867345929145813,0.23584342002868652,0.1057760939002037,0.09664887040853501,0.12274800091981888,0.18017709255218506,0.31987977027893066,0.46267030239105217,0.5532714676856993,0.1397026777267456,0.45662259727716437,0.0,0.0,0.0,0.0
A001967514,B2_proposed_lambda_0p50,H_sensitive,1.0,False,False,0.010388020426034927,0.4915911555290222,0.23114915192127228,0.23732198774814606,0.038700003176927567,0.15037835955619813,0.1648608088493347,0.20122753083705902,0.25832921266555786,0.29077705144882193,0.3111803555488586,0.05710168182849884,0.16080199599266046,0.0,0.0,0.0,0.0
A001970601,B1_baseline,M_sensitive,1.0,False,False,0.001077397377230227,0.8074097633361816,0.15930403769016266,0.14097371697425842,0.09301713109016418,0.02320527471601963,0.04849497973918915,0.08997692540287971,0.20374828577041626,0.33397097885608673,0.46666352450847626,0.11377136036753654,0.4434582497924566,0.0,0.0,0.0,0.0
A001970601,B1_baseline,H_sensitive,1.0,False,False,0.05578983575105667,0.6066827774047852,0.20122243463993073,0.212178036570549,0.05669936537742615,0.07799188420176506,0.10396359115839005,0.1536545678973198,0.24570469558238983,0.27738189697265625,0.32136622071266174,0.09205012768507004,0.24337433651089668,0.0,0.0,0.0,0.0
A001970601,B2_proposed_lambda_0p50,M_sensitive,1.0,False,False,0.001279038260690868,0.7843893766403198,0.17443722486495972,0.16346372663974762,0.09110816568136215,0.022258305922150612,0.04741170257329941,0.10734446346759796,0.22657248377799988,0.3401539474725723,0.4478228688240051,0.11922802031040192,0.4255645629018545,0.0,0.0,0.0,0.0
A001970601,B2_proposed_lambda_0p50,H_sensitive,1.0,False,False,0.04110824316740036,0.5923019051551819,0.21939422190189362,0.22840134799480438,0.039510466158390045,0.1465323269367218,0.15726439654827118,0.1821983903646469,0.25125519931316376,0.2765216529369354,0.29457487165927887,0.06905680894851685,0.14804254472255707,0.0,0.0,0.0,0.0
A001972097,B1_baseline,M_sensitive,1.0,False,False,0.002088760258629918,0.8037776947021484,0.12616437673568726,0.11763720214366913,0.06882515549659729,0.017825632840394973,0.04000966344028711,0.08609155006706715,0.1523202657699585,0.23806226477026918,0.40193530470132965,0.06622871570289135,0.3841096718609347,0.0,0.0,0.0,0.0
A001972097,B1_baseline,H_sensitive,1.0,False,False,0.05987207219004631,0.7676457166671753,0.2095198780298233,0.2174428477883339,0.05584311485290527,0.09204336039721966,0.11921170428395272,0.16800899431109428,0.24652722477912903,0.2769942924380302,0.36316508859396057,0.07851823046803474,0.2711217281967409,0.0,0.0,0.0,0.0
A001972097,B2_proposed_lambda_0p50,M_sensitive,1.0,False,False,0.0001859945332398638,0.8348449468612671,0.12758201360702515,0.12385672703385353,0.06511203944683075,0.013096524514257907,0.034059845097363,0.09076144360005856,0.1545606255531311,0.22812401279807085,0.3539408588409424,0.06379918195307255,0.3408443343266845,0.0,0.0,0.0,0.0
A001972097,B2_proposed_lambda_0p50,H_sensitive,1.0,False,False,0.056001726537942886,0.7597723603248596,0.21114306151866913,0.21762509644031525,0.040073659271001816,0.13997639447450638,0.15074124187231064,0.17367290705442429,0.2441878728568554,0.26486935615539553,0.2898854339122774,0.0705149658024311,0.149909039437771,0.0,0.0,0.0,0.0
A001972942,B1_baseline,M_sensitive,1.0,False,False,0.00043799294508062303,0.701339066028595,0.10613946616649628,0.09301488846540451,0.07835683226585388,0.007042239052243531,0.015482124267145993,0.05189604125916958,0.13882282376289368,0.24615136384963954,0.40295258969068526,0.0869267825037241,0.3959103506384417,0.0,0.0,0.0,0.0
A001972942,B1_baseline,H_sensitive,1.0,False,False,0.036866072565317154,0.5746781229972839,0.19887669384479523,0.20540644973516464,0.05401923134922981,0.08901776447892189,0.11279406249523163,0.15659745782613754,0.23575374484062195,0.2754335805773735,0.333964692056179,0.0791562870144844,0.2449469275772571,0.0,0.0,0.0,0.0
A001972942,B2_proposed_lambda_0p50,M_sensitive,1.0,False,False,0.00035892167943529785,0.8379457592964172,0.11899396777153015,0.11176146939396858,0.08143839240074158,0.00493446137290448,0.012163457088172435,0.058218774385750294,0.16254187375307083,0.2552955895662305,0.4009631377458536,0.10432309936732054,0.39602867637294914,0.0,0.0,0.0,0.0
A001972942,B2_proposed_lambda_0p50,H_sensitive,1.0,False,False,0.037798333913087845,0.46662017703056335,0.2064749151468277,0.2094222754240036,0.03813754394650459,0.13652970105409623,0.1486642599105835,0.17221231386065483,0.2385975979268551,0.2603834465146065,0.27691549360752105,0.06638528406620026,0.14038579255342482,0.0,0.0,0.0,0.0
A001984210,B1_baseline,M_sensitive,1.0,False,False,0.007930576801300049,0.8385023474693298,0.2830197215080261,0.23231489956378937,0.18632099032402039,0.03924943808466196,0.062140833400189874,0.1300601363182068,0.4019618630409241,0.6575430423021317,0.7593615901470185,0.2719017267227173,0.7201121520623566,0.0,0.0,0.0,0.0
A001984210,B1_baseline,H_sensitive,1.0,False,False,0.009837948717176914,0.5225034952163696,0.21177704632282257,0.21846582740545273,0.06365613639354706,0.08513416372239589,0.106818588078022,0.15987104177474976,0.25599873811006546,0.317246127128601,0.34113824427127837,0.0961276963353157,0.25600408054888246,0.0,0.0,0.0,0.0
A001984210,B2_proposed_lambda_0p50,M_sensitive,1.0,False,False,0.003886768827214837,0.8802164793014526,0.3267956078052521,0.29815471172332764,0.19158603250980377,0.03883062984794378,0.06605140902101994,0.1623542755842209,0.46945200860500336,0.6648947417736053,0.7715778756141662,0.30709773302078247,0.7327472457662224,0.0,0.0,0.0,0.0
A001984210,B2_proposed_lambda_0p50,H_sensitive,1.0,False,False,0.012399756349623203,0.6389314532279968,0.21812808513641357,0.22663287073373795,0.03385007753968239,0.1498439784348011,0.16234697848558427,0.1885123774409294,0.24492095038294792,0.2630488112568855,0.28121483474969877,0.05640857294201851,0.13137085631489767,0.0,0.0,0.0,0.0
A001987737-1,B1_baseline,M_sensitive,1.0,False,False,0.0004308592760935426,0.38874852657318115,0.08483243733644485,0.08054545894265175,0.04174090549349785,0.008259842507541179,0.02202199976891279,0.05662551149725914,0.11095348186790943,0.1547570496797562,0.20610981762409203,0.05432797037065029,0.19784997511655084,0.0,0.0,0.0,0.0
A001987737-1,B1_baseline,H_sensitive,1.0,False,False,0.0659550279378891,0.652692437171936,0.2030961811542511,0.2122960165143013,0.055701032280921936,0.10291979767382145,0.12008553221821786,0.15581347793340683,0.24079221487045288,0.279896380007267,0.3346232253313063,0.08497873693704605,0.23170342765748483,0.0,0.0,0.0,0.0
A001987737-1,B2_proposed_lambda_0p50,M_sensitive,1.0,False,False,0.0005477420636452734,0.365048885345459,0.08603330701589584,0.08405905589461327,0.04221126064658165,0.006155296820215881,0.015699669625610112,0.05643108207732439,0.11534545011818409,0.1544790118932724,0.1848605239391327,0.0589143680408597,0.17870522711891682,0.0,0.0,0.0,0.0
A001987737-1,B2_proposed_lambda_0p50,H_sensitive,1.0,False,False,0.047020237892866135,0.555828869342804,0.20542021095752716,0.20757997035980225,0.0386541411280632,0.13189338862895966,0.14827596992254258,0.17079297453165054,0.23769225180149078,0.2625489130616188,0.27845499366521836,0.06689927726984024,0.1465616050362587,0.0,0.0,0.0,0.0
A001989181,B1_baseline,M_sensitive,1.0,False,False,0.00573055911809206,0.7784863114356995,0.16709423065185547,0.15350288152694702,0.08125963062047958,0.05638820320367813,0.07839791923761369,0.1153426393866539,0.19281074404716492,0.3114830195903777,0.5071430468559269,0.07746810466051102,0.4507548436522488,0.0,0.0,0.0,0.0
A001989181,B1_baseline,H_sensitive,1.0,False,False,0.07727954536676407,0.8712774515151978,0.21178343892097473,0.2163321077823639,0.0699656531214714,0.09822983354330063,0.11865210384130478,0.16505086421966553,0.2448648065328598,0.28869183063507076,0.5295306420326233,0.07981394231319427,0.43130080848932273,0.0,0.0,0.0,0.0
A001989181,B2_proposed_lambda_0p50,M_sensitive,1.0,False,False,0.005265253596007824,0.824640154838562,0.17243364453315735,0.15483489632606506,0.08149561285972595,0.05061710268259049,0.07467285692691802,0.11811932921409607,0.2112729251384735,0.3177814900875091,0.4761327171325685,0.09315359592437744,0.425515614449978,0.0,0.0,0.0,0.0
A001989181,B2_proposed_lambda_0p50,H_sensitive,1.0,False,False,0.014392992481589317,0.7146452069282532,0.222528874874115,0.2292606085538864,0.03948977589607239,0.14671729505062103,0.1582472115755081,0.1876991093158722,0.2539076805114746,0.27637677192687987,0.30115761041641237,0.06620857119560242,0.15444031536579134,0.0,0.0,0.0,0.0
A001999129,B1_baseline,M_sensitive,1.0,False,False,0.015985840931534767,0.6890831589698792,0.19382649660110474,0.17293593287467957,0.08543279021978378,0.06708351224660873,0.09931490942835808,0.13977012783288956,0.2243458852171898,0.3526568889617919,0.532064648866657,0.08457575738430023,0.4649811366200483,0.0,0.0,0.0,0.0
A001999129,B1_baseline,H_sensitive,1.0,False,False,0.04266904294490814,0.5692304372787476,0.2419762760400772,0.23689812421798706,0.07364379614591599,0.11475120812654495,0.13642667084932328,0.19256377965211868,0.27299584448337555,0.40075963139533993,0.4705256468057634,0.08043206483125687,0.3557744386792185,0.0,0.0,0.0,0.0
A001999129,B2_proposed_lambda_0p50,M_sensitive,1.0,False,False,0.007816132158041,0.7028017640113831,0.1984003335237503,0.18179483711719513,0.08113769441843033,0.04714108549058437,0.09556147903203964,0.14437544345855713,0.2383984476327896,0.3518324017524718,0.4614154911041261,0.09402300417423248,0.41427440561354173,0.0,0.0,0.0,0.0
A001999129,B2_proposed_lambda_0p50,H_sensitive,1.0,False,False,0.044686295092105865,0.5665274262428284,0.23891322314739227,0.2402385175228119,0.047956813126802444,0.15499181240797044,0.17035598903894425,0.2022000253200531,0.2634525001049042,0.3390395224094391,0.38480331659317024,0.061252474784851074,0.2298115041851998,0.0,0.0,0.0,0.0
A001999759,B1_baseline,M_sensitive,1.0,False,False,0.012693596072494984,0.8079738020896912,0.15480183064937592,0.14720811694860458,0.060104429721832275,0.04729664258658886,0.07388014793395996,0.11872227489948273,0.18056629598140717,0.2577506318688393,0.3757464852929112,0.06184402108192444,0.3284498427063224,0.0,0.0,0.0,0.0
A001999759,B1_baseline,H_sensitive,1.0,False,False,0.058626092970371246,0.8437091708183289,0.22523196041584015,0.23211157321929932,0.05982121825218201,0.11240177340805531,0.13514255061745645,0.18558867648243904,0.25635115057229996,0.30039588212966917,0.3899355831742286,0.07076247408986092,0.2775338097661733,0.0,0.0,0.0,0.0
A001999759,B2_proposed_lambda_0p50,M_sensitive,1.0,False,False,0.0013395993737503886,0.7901042103767395,0.1492852121591568,0.1406458616256714,0.06252708286046982,0.0378340058401227,0.06465279422700405,0.1080283634364605,0.1812569499015808,0.2586159870028495,0.3590328213572499,0.07322858646512032,0.3211988155171272,0.0,0.0,0.0,0.0
A001999759,B2_proposed_lambda_0p50,H_sensitive,1.0,False,False,0.015311090275645256,0.9183246493339539,0.22810186445713043,0.2344791516661644,0.0405978187918663,0.1485248751938343,0.16179327741265298,0.1938772238790989,0.2585076838731766,0.28748146593570706,0.31792294800281523,0.06463045999407768,0.16939807280898092,0.0,0.0,0.0,0.0
A002000465,B1_baseline,M_sensitive,1.0,False,False,0.0007436568266712129,0.7576245069503784,0.15063291788101196,0.13862499594688416,0.08189767599105835,0.02265689805150032,0.046031562611460686,0.09082701802253723,0.19355208054184914,0.297998508810997,0.41168674707412706,0.1027250625193119,0.3890298490226267,0.0,0.0,0.0,0.0
A002000465,B1_baseline,H_sensitive,1.0,False,False,0.0670904666185379,0.7716910243034363,0.20831435918807983,0.21350684016942978,0.05670422315597534,0.10657789871096611,0.12658850625157356,0.16643130779266357,0.2412147931754589,0.2772981747984886,0.36487023741006847,0.07478348538279533,0.25829233869910234,0.0,0.0,0.0,0.0
A002000465,B2_proposed_lambda_0p50,M_sensitive,1.0,False,False,0.00029939619707874954,0.7784085273742676,0.1599472314119339,0.15931732207536697,0.08272194862365723,0.01731970788910985,0.03876378387212753,0.0940493643283844,0.2139836736023426,0.2971339851617813,0.3713226869702339,0.1199343092739582,0.35400297908112405,0.0,0.0,0.0,0.0
A002000465,B2_proposed_lambda_0p50,H_sensitive,1.0,False,False,0.06948178261518478,0.595413088798523,0.2202446609735489,0.22824127972126007,0.038340628147125244,0.1477239653468132,0.15993527323007584,0.18544841185212135,0.2513073831796646,0.27254555374383926,0.2940211835503578,0.06585897132754326,0.14629721820354458,0.0,0.0,0.0,0.0
A002005314,B1_baseline,M_sensitive,1.0,False,False,5.412524114944972e-05,0.663786768913269,0.10751708596944809,0.10083048418164253,0.06792815774679184,0.0016555724246427417,0.01552675352431834,0.05985660571604967,0.1411639042198658,0.2160285137593746,0.3586099290847773,0.08130729850381613,0.35695435666013453,0.0,0.0,0.00014086595492289442,0.0
A002005314,B1_baseline,H_sensitive,1.0,False,False,0.05909884348511696,0.5836479663848877,0.21137262880802155,0.2207191437482834,0.05471421405673027,0.098106247484684,0.11750492826104164,0.1667657345533371,0.25053034722805023,0.2888474613428116,0.328958207964897,0.08376461267471313,0.230851960480213,0.0,0.0,0.0,0.0
A002005314,B2_proposed_lambda_0p50,M_sensitive,1.0,False,False,5.368552228901535e-05,0.612261950969696,0.10291415452957153,0.10031252726912498,0.060683149844408035,0.0013620915962383152,0.01040169056504965,0.06075004395097494,0.13628755137324333,0.20352632552385325,0.2890451145172116,0.07553750742226839,0.2876830229209733,0.0,0.0,8.896797153024912e-05,0.0
A002005314,B2_proposed_lambda_0p50,H_sensitive,1.0,False,False,0.015802068635821342,0.4791776239871979,0.20751391351222992,0.21737442165613174,0.0371406264603138,0.1351008792221546,0.14643989130854607,0.17276820540428162,0.2396310344338417,0.2555173709988594,0.2673022368550301,0.06686282902956009,0.13220135763287547,0.0,0.0,0.0,0.0
A002005558,B1_baseline,M_sensitive,1.0,False,False,0.0014064459828659892,0.7536840438842773,0.17246142029762268,0.15731443464756012,0.08726833015680313,0.03542978078126907,0.06788966804742813,0.11316859722137451,0.20956863462924957,0.3293071448802949,0.4957740712165833,0.09640003740787506,0.4603442904353142,0.0,0.0,0.0,0.0
A002005558,B1_baseline,H_sensitive,1.0,False,False,0.06779429316520691,0.6676397323608398,0.21635524928569794,0.22174634039402008,0.05258387327194214,0.10515410542488098,0.1316818803548813,0.17673105001449585,0.25253239274024963,0.2907017707824707,0.35510096669197083,0.07580134272575378,0.24994686126708987,0.0,0.0,0.0,0.0
A002005558,B2_proposed_lambda_0p50,M_sensitive,1.0,False,False,4.430983972270042e-05,0.7626062631607056,0.17525288462638855,0.16726917028427124,0.08625444769859314,0.03533109292387962,0.061699812114238736,0.11167209595441818,0.21850110590457916,0.33322117924690253,0.457841217517853,0.10682900995016098,0.4225101245939734,0.0,0.0,5.747019093034182e-06,0.0
A002005558,B2_proposed_lambda_0p50,H_sensitive,1.0,False,False,0.03671707957983017,0.7025170922279358,0.2225591540336609,0.22902308404445648,0.04053259268403053,0.14510660707950593,0.15830715596675873,0.18678350746631622,0.25187358260154724,0.28989437818527225,0.30364986419677736,0.06509007513523102,0.15854325711727144,0.0,0.0,0.0,0.0
A002006943,B1_baseline,M_sensitive,1.0,False,False,0.002188362879678607,0.7998805642127991,0.1999107003211975,0.1806553602218628,0.11390402913093567,0.014169459231197834,0.04010888822376728,0.12044218927621841,0.27739351987838745,0.3852210491895676,0.5343972134590153,0.15695133060216904,0.5202277542278174,0.0,0.0,0.0,0.0
A002006943,B1_baseline,H_sensitive,1.0,False,False,0.04821069538593292,0.6469497680664062,0.21028505265712738,0.22090110182762146,0.05919390171766281,0.08532431498169898,0.10997439101338387,0.16353172808885574,0.2580565959215164,0.2815541595220566,0.30959272384643555,0.09452486783266068,0.22426840886473656,0.0,0.0,0.0,0.0
A002006943,B2_proposed_lambda_0p50,M_sensitive,1.0,False,False,0.0002226058131782338,0.8338804244995117,0.20580677688121796,0.19388732314109802,0.11118799448013306,0.014146160259842873,0.03983645252883434,0.12562569975852966,0.28633570671081543,0.3820538550615311,0.5133120095729828,0.16071000695228577,0.49916584931313995,0.0,0.0,0.0,0.0
A002006943,B2_proposed_lambda_0p50,H_sensitive,1.0,False,False,0.010552884079515934,0.6144616603851318,0.2190942019224167,0.2244631052017212,0.04554339498281479,0.1390949669480324,0.15164029151201247,0.17980701476335526,0.2488650232553482,0.2796905606985093,0.3554126459360124,0.06905800849199295,0.21631767898798002,0.0,0.0,0.0,0.0
A002006943-1,B1_baseline,M_sensitive,1.0,False,False,0.0011121511925011873,0.8043100237846375,0.23562954366207123,0.18857014179229736,0.13588209450244904,0.05943727493286133,0.09221844375133514,0.1430027335882187,0.2954144775867462,0.5378569662570953,0.6608039140701294,0.15241174399852753,0.6013666391372681,0.0,0.0,0.0,0.0
A002006943-1,B1_baseline,H_sensitive,1.0,False,False,0.04459085315465927,0.7265445590019226,0.23887255787849426,0.24335899949073792,0.0732075497508049,0.09389017522335052,0.12222414091229439,0.18951456993818283,0.27148737013339996,0.3749730736017227,0.4477258622646332,0.08197280019521713,0.35383568704128265,0.0,0.0,0.0,0.0
A002006943-1,B2_proposed_lambda_0p50,M_sensitive,1.0,False,False,1.590934698469937e-05,0.8608273863792419,0.2489159256219864,0.20334935188293457,0.14976288378238678,0.029048369266092777,0.07303076609969139,0.14114808291196823,0.3259694278240204,0.5575244724750519,0.6837566792964935,0.18482134491205215,0.6547083100304008,0.0,0.0,0.0002511750483994997,0.0
A002006943-1,B2_proposed_lambda_0p50,H_sensitive,1.0,False,False,0.03465821221470833,0.6292173266410828,0.22412623465061188,0.23080699145793915,0.044416412711143494,0.1451702117919922,0.15725701302289963,0.1861017942428589,0.2519668638706207,0.2931695282459259,0.35159286856651306,0.06586506962776184,0.20642265677452087,0.0,0.0,0.0,0.0
A002007995,B1_baseline,M_sensitive,1.0,False,False,0.009972779080271721,0.6532487273216248,0.20174165070056915,0.1905551254749298,0.07433808594942093,0.04845495283603668,0.09889056906104088,0.1510089635848999,0.24785493314266205,0.3281819194555282,0.41878152668476065,0.09684596955776215,0.37032657384872397,0.0,0.0,0.0,0.0
A002007995,B1_baseline,H_sensitive,1.0,False,False,0.07866848260164261,0.6534140110015869,0.2209668755531311,0.22502708435058594,0.06542494148015976,0.11510275021195411,0.13510800302028655,0.17356719076633453,0.24954505264759064,0.30297917723655693,0.49854370057582836,0.0759778618812561,0.38344095036387427,0.0,0.0,0.0,0.0
A002007995,B2_proposed_lambda_0p50,M_sensitive,1.0,False,False,9.843806765275076e-05,0.682557225227356,0.21963654458522797,0.21697351336479187,0.07203153520822525,0.041452316865324974,0.10744146928191185,0.17300817370414734,0.2638206481933594,0.336276426911354,0.4139529830217358,0.09081247448921204,0.3725006661564108,0.0,0.0,1.3966890090351812e-06,0.0
A002007995,B2_proposed_lambda_0p50,H_sensitive,1.0,False,False,0.03830651938915253,0.718316912651062,0.22787395119667053,0.23527215421199799,0.04108034074306488,0.14771989792585372,0.1626705124974251,0.19120975583791733,0.2601221799850464,0.2874215364456177,0.3112271362543104,0.06891242414712906,0.1635072383284567,0.0,0.0,0.0,0.0
A002011029,B1_baseline,M_sensitive,1.0,False,False,0.03281819820404053,0.8408200144767761,0.21185609698295593,0.1972852274775505,0.0729314535856247,0.09787152588367462,0.1249615877866745,0.16628912836313248,0.24122141674160957,0.3345246419310569,0.4804929947853087,0.0749322883784771,0.38262146890163407,0.0,0.0,0.0,0.0
A002011029,B1_baseline,H_sensitive,1.0,False,False,0.022618766874074936,0.5214405059814453,0.23356908559799194,0.2427741438150406,0.04764498770236969,0.12567730635404586,0.15068470314145088,0.2005109004676342,0.2635422945022583,0.29872788339853285,0.3495131966471672,0.0630313940346241,0.22383589029312131,0.0,0.0,0.0,0.0
A002011029,B2_proposed_lambda_0p50,M_sensitive,1.0,False,False,0.016693422570824623,0.8794600367546082,0.20130681991577148,0.19129154831171036,0.07401996850967407,0.06859922461211682,0.10652402862906456,0.15333093330264091,0.23513897508382797,0.32361549735069234,0.4431504625082014,0.08180804178118706,0.3745512378960846,0.0,0.0,0.0,0.0
A002011029,B2_proposed_lambda_0p50,H_sensitive,1.0,False,False,0.00443774089217186,0.5661355257034302,0.21972684562206268,0.2258562296628952,0.03748539835214615,0.14775577947497368,0.1599058575928211,0.1876762919127941,0.24936732649803162,0.2743832156062126,0.2924332618713379,0.0616910345852375,0.14467748239636422,0.0,0.0,0.0,0.0
A002011740,B1_baseline,M_sensitive,1.0,False,False,0.00012084964691894129,0.6121710538864136,0.14982253313064575,0.12912021577358246,0.10479027032852173,0.0029429964255541564,0.00940362992696464,0.07558838650584221,0.20584139227867126,0.3482415437698364,0.45845359712839123,0.13025300577282906,0.45551060070283705,0.0,0.0,0.0,0.0
A002011740,B1_baseline,H_sensitive,1.0,False,False,0.05498313531279564,0.6296746134757996,0.24068550765514374,0.23983000218868256,0.0871717780828476,0.08808250829577446,0.11695553995668888,0.1686256118118763,0.29498738050460815,0.39616391211748114,0.4685140562057494,0.12636176869273186,0.3804315479099749,0.0,0.0,0.0,0.0
A002011740,B2_proposed_lambda_0p50,M_sensitive,1.0,False,False,0.000256791157880798,0.4576091468334198,0.14785398542881012,0.15400845557451248,0.08048956841230392,0.002126675199251622,0.006645927554927767,0.08927467279136181,0.2089982032775879,0.26975056678056714,0.31669272124767295,0.11972353048622608,0.3145660460484213,0.0,0.0,0.0,0.0
A002011740,B2_proposed_lambda_0p50,H_sensitive,1.0,False,False,0.0051473528146743774,0.5713075995445251,0.2157001793384552,0.22234836965799332,0.048174161463975906,0.10851957969367504,0.13677289709448814,0.1775701940059662,0.24960651993751526,0.2831874385476112,0.34353317379951476,0.07203632593154907,0.23501359410583972,0.0,0.0,0.0,0.0
A002012347,B1_baseline,M_sensitive,1.0,False,False,0.0019700645934790373,0.8961681723594666,0.2100081443786621,0.1901387721300125,0.12272022664546967,0.0235655964165926,0.051202192530035974,0.11723703891038895,0.2843087762594223,0.42692409157752986,0.6106039494276052,0.16707173734903336,0.5870383530110126,0.0,0.0,0.0,0.0
A002012347,B1_baseline,H_sensitive,1.0,False,False,0.031091203913092613,0.6943564414978027,0.21304656565189362,0.21876194328069687,0.05698300898075104,0.1004784993082285,0.11712051890790462,0.17278804630041122,0.2476554736495018,0.293181113898754,0.3754940789937978,0.07486742734909058,0.2750155796855693,0.0,0.0,0.0,0.0
A002012347,B2_proposed_lambda_0p50,M_sensitive,1.0,False,False,0.0006677010096609592,0.8993269801139832,0.2349025458097458,0.2315945252776146,0.1319826990365982,0.015443070931360126,0.04680805765092373,0.12580636516213417,0.320660337805748,0.4544158622622489,0.6083897262811672,0.19485397264361382,0.5929466553498071,0.0,0.0,0.0,0.0
A002012347,B2_proposed_lambda_0p50,H_sensitive,1.0,False,False,0.03450485318899155,0.5677733421325684,0.21467137336730957,0.2232823744416237,0.0383603572845459,0.14071658596396447,0.1544848822057247,0.1803266517817974,0.24538200348615646,0.2655594483017921,0.28201051473617555,0.06505535170435905,0.14129392877221109,0.0,0.0,0.0,0.0
A002021001,B1_baseline,M_sensitive,1.0,False,False,6.95790076861158e-05,0.7949878573417664,0.21995986998081207,0.1778661385178566,0.16123268008232117,0.00511169807985425,0.024202075134962798,0.1007456760853529,0.30615589767694473,0.5614606767892837,0.7028238260746001,0.20541022159159184,0.6977121279947459,0.0,0.0,2.1259588074221475e-05,0.0
A002021001,B1_baseline,H_sensitive,1.0,False,False,0.048004258424043655,0.9947701096534729,0.25540927052497864,0.23939529061317444,0.0943358987569809,0.10444415278732777,0.12917391657829286,0.18798451498150826,0.31114551424980164,0.4198146030306816,0.5153953891992569,0.12316099926829338,0.4109512364119291,0.0,0.0,0.0,0.0
A002021001,B2_proposed_lambda_0p50,M_sensitive,1.0,False,False,9.643178782425821e-05,0.8356437683105469,0.22930096089839935,0.21493490785360336,0.1429373174905777,0.007211070517078042,0.02835724502801895,0.11846072040498257,0.3216079846024513,0.47869045734405513,0.6538871270418166,0.20314726419746876,0.6466760565247386,0.0,0.0,1.4173058716147648e-06,0.0
A002021001,B2_proposed_lambda_0p50,H_sensitive,1.0,False,False,0.0569428950548172,0.7455457448959351,0.22075489163398743,0.22924542427062988,0.03842319920659065,0.1399859158694744,0.1600552961230278,0.1871144399046898,0.2512306272983551,0.27140846401453017,0.2976570823788643,0.06411618739366531,0.1576711665093899,0.0,0.0,0.0,0.0
A002021058-1,B1_baseline,M_sensitive,1.0,False,False,1.1662605992057706e-08,0.8062407970428467,0.12521304190158844,0.11491336673498154,0.06777323782444,0.018658120408654215,0.038241938501596455,0.0807935893535614,0.15774594247341156,0.24455541074275963,0.35529882669448853,0.07695235311985016,0.3366407062858343,0.0,0.0,0.0005504444175485659,0.0
A002021058-1,B1_baseline,H_sensitive,1.0,False,False,0.00703138392418623,0.9758208990097046,0.20936506986618042,0.2183859646320343,0.05599743872880936,0.10233904898166657,0.12610872387886046,0.1649421602487564,0.24439425766468048,0.28012761473655695,0.345739917755127,0.07945209741592407,0.24340086877346045,0.0,0.0,0.0,0.0
A002021058-1,B2_proposed_lambda_0p50,M_sensitive,1.0,False,False,4.119199203955759e-08,0.758966326713562,0.1336699277162552,0.12881997227668762,0.06815940141677856,0.012962584681808949,0.03272329419851303,0.08977880328893661,0.17138952016830444,0.2436570018529892,0.3437824654579163,0.08161071687936783,0.33081988077610736,0.0,0.0,0.0002055876740241632,0.0
A002021058-1,B2_proposed_lambda_0p50,H_sensitive,1.0,False,False,0.0007446662639267743,0.9594032168388367,0.21859551966190338,0.22488075494766235,0.040358513593673706,0.14128389120101928,0.1553773432970047,0.18370944261550903,0.25075674057006836,0.2729851961135864,0.29565697908401495,0.06704729795455933,0.15437308788299567,0.0,0.0,0.0,0.0
A002021647,B1_baseline,M_sensitive,1.0,False,False,1.970922494365368e-05,0.5493362545967102,0.09005524218082428,0.08216048404574394,0.05701713636517525,0.003924177843146026,0.016659349016845227,0.04804042633622885,0.11906108818948269,0.1962802574038505,0.270141949355602,0.07102066185325384,0.26621777151245596,0.0,0.0,0.00020176414289040069,0.0
A002021647,B1_baseline,H_sensitive,1.0,False,False,0.02097957767546177,0.48698052763938904,0.19932322204113007,0.19957678765058517,0.0547424778342247,0.09062162779271603,0.11319818869233131,0.16023585945367813,0.23527536541223526,0.2861636638641357,0.3373446553945539,0.07503950595855713,0.24672302760183784,0.0,0.0,0.0,0.0
A002021647,B2_proposed_lambda_0p50,M_sensitive,1.0,False,False,1.1000563517882256e-06,0.47850897908210754,0.1006510853767395,0.09585142508149147,0.062034182250499725,0.00408665238879621,0.012396861519664527,0.05271985661238432,0.13565905019640923,0.2167892329394815,0.2731789365410805,0.0829391935840249,0.2690922841522843,0.0,0.0,0.0008303370495874182,0.0
A002021647,B2_proposed_lambda_0p50,H_sensitive,1.0,False,False,0.027741482481360435,0.6201075315475464,0.2120637744665146,0.21566501259803772,0.037151455879211426,0.13607292100787163,0.15143893882632256,0.181500356644392,0.24088618159294128,0.2644097939133644,0.2895081213116646,0.05938582494854927,0.15343520030379296,0.0,0.0,0.0,0.0
A002031804,B1_baseline,M_sensitive,1.0,False,False,0.001809162669815123,0.6862520575523376,0.16138000786304474,0.15555451810359955,0.05682625249028206,0.01850510751828551,0.08317701146006584,0.1290506087243557,0.18737460300326347,0.2668008655309677,0.3362785702943803,0.058323994278907776,0.3177734627760948,0.0,0.0,0.0,0.0
A002031804,B1_baseline,H_sensitive,1.0,False,False,0.067571260035038,0.7287578582763672,0.2222953736782074,0.2281298190355301,0.05432131141424179,0.11383900687098503,0.14026608616113662,0.18430344760417938,0.2533453702926636,0.28805690705776216,0.408412086069584,0.06904192268848419,0.294573079198599,0.0,0.0,0.0,0.0
A002031804,B2_proposed_lambda_0p50,M_sensitive,1.0,False,False,0.00016582297394052148,0.6567627787590027,0.1735551804304123,0.1678241267800331,0.06891550123691559,0.009419618174433708,0.06769868656992913,0.13473456352949142,0.20652763172984123,0.29272604733705515,0.39652177721261983,0.07179306820034981,0.3871021590381861,0.0,0.0,0.0,0.0
A002031804,B2_proposed_lambda_0p50,H_sensitive,1.0,False,False,0.030275143682956696,0.6097258925437927,0.2299259603023529,0.23615119606256485,0.039763689041137695,0.1513636103272438,0.16335291117429734,0.1963144801557064,0.2612176239490509,0.2888980209827423,0.3079623419046403,0.0649031437933445,0.15659873157739648,0.0,0.0,0.0,0.0
A002037682,B1_baseline,M_sensitive,1.0,False,False,0.003991051577031612,0.7346922755241394,0.17953570187091827,0.1517290100455284,0.10587490350008011,0.032074356712400914,0.06259717978537083,0.1170700415968895,0.20730436965823174,0.4163241252303124,0.5635932046175005,0.09023432806134224,0.5315188479050996,0.0,0.0,0.0,0.0
A002037682,B1_baseline,H_sensitive,1.0,False,False,0.08082029968500137,0.6760860681533813,0.23164603114128113,0.23537378758192062,0.07649825513362885,0.10292176835238934,0.12166942954063416,0.1681743748486042,0.2710639238357544,0.3744115665555,0.454092106819153,0.10288954898715019,0.3511703384667637,0.0,0.0,0.0,0.0
A002037682,B2_proposed_lambda_0p50,M_sensitive,1.0,False,False,0.0025110524147748947,0.6688228845596313,0.16865545511245728,0.16010738909244537,0.07272127270698547,0.024854493867605923,0.06362223066389561,0.12046130746603012,0.20920294895768166,0.29201907813549044,0.39093533426523247,0.08874164149165154,0.36608084039762656,0.0,0.0,0.0,0.0
A002037682,B2_proposed_lambda_0p50,H_sensitive,1.0,False,False,0.0512457974255085,0.5668981671333313,0.21574139595031738,0.2253851443529129,0.03721803426742554,0.14661429017782213,0.15822068378329276,0.17924290522933006,0.2478623241186142,0.2632014021277428,0.28508237332105646,0.06861941888928413,0.13846808314323433,0.0,0.0,0.0,0.0
A002038079,B1_baseline,M_sensitive,1.0,False,False,8.869179737303057e-07,0.6072546243667603,0.0680118277668953,0.05517927184700966,0.053462497889995575,0.005786256026476622,0.013208643533289433,0.03257724642753601,0.08730863779783249,0.16882377862930298,0.27651499509811395,0.05473139137029648,0.2707287390716373,0.0,0.0,0.002222382850163126,0.0
A002038079,B1_baseline,H_sensitive,1.0,False,False,0.04428403824567795,0.5638412833213806,0.18934449553489685,0.19459044933319092,0.059561602771282196,0.07581160813570023,0.09589073061943054,0.13877061009407043,0.2355113923549652,0.2850196361541748,0.31171004176139827,0.09674078226089478,0.23589843362569804,0.0,0.0,0.0,0.0
A002038079,B2_proposed_lambda_0p50,M_sensitive,1.0,False,False,2.963277211165405e-06,0.6481102705001831,0.07768236845731735,0.0657261312007904,0.06182835251092911,0.0026241805870085956,0.008198313415050507,0.03198307752609253,0.1088847666978836,0.18595825135707855,0.3012085914611816,0.07690168917179108,0.29858441087417303,0.0,0.0,0.001031558081497989,0.0
A002038079,B2_proposed_lambda_0p50,H_sensitive,1.0,False,False,0.03820106014609337,0.5242899060249329,0.18987709283828735,0.18910561501979828,0.033594608306884766,0.12797739803791047,0.14120054244995117,0.15965548157691956,0.22094257175922394,0.23796243965625763,0.24551864266395568,0.06128709018230438,0.1175412446260452,0.0,0.0,0.0,0.0
A002041601,B1_baseline,M_sensitive,1.0,False,False,0.004457490053027868,0.899639904499054,0.2514825761318207,0.17487701028585434,0.19089418649673462,0.0367523929849267,0.06149213928729296,0.10623728297650814,0.35127344727516174,0.6679946243762963,0.7595792716741563,0.2450361642986536,0.7228268786892296,0.0,0.0,0.0,0.0
A002041601,B1_baseline,H_sensitive,1.0,False,False,0.03914416581392288,0.7864401340484619,0.27812913060188293,0.24554859101772308,0.11705130338668823,0.11917920872569084,0.13794225454330444,0.19127000123262405,0.35614774376153946,0.5084900677204132,0.6057071012258533,0.1648777425289154,0.48652789250016243,0.0,0.0,0.0,0.0
A002041601,B2_proposed_lambda_0p50,M_sensitive,1.0,False,False,0.00017892505275085568,0.8713264465332031,0.24380378425121307,0.19033163785934448,0.1739761382341385,0.019427455309778453,0.051929148472845556,0.10891759768128395,0.34439948201179504,0.6094056665897367,0.7922466492652893,0.2354818843305111,0.7728191939555109,0.0,0.0,0.0,0.0
A002041601,B2_proposed_lambda_0p50,H_sensitive,1.0,False,False,0.007885796949267387,0.7222121357917786,0.23824067413806915,0.23884312063455582,0.056143373250961304,0.1533918796479702,0.16723237931728363,0.19708777219057083,0.2602977305650711,0.33560883849859235,0.4702113315463067,0.06320995837450027,0.3168194518983365,0.0,0.0,0.0,0.0
A002042791,B1_baseline,M_sensitive,1.0,False,False,7.160969107644632e-05,0.5741051435470581,0.1043684184551239,0.10407549142837524,0.06504087895154953,0.003028543218970299,0.007496018265374005,0.05952020734548569,0.13798237964510918,0.21178626269102085,0.29632225871086126,0.07846217229962349,0.293293715491891,0.0,0.0,1.4785426497948522e-05,0.0
A002042791,B1_baseline,H_sensitive,1.0,False,False,0.03658318892121315,0.5078718662261963,0.20650653541088104,0.21409287303686142,0.05910392105579376,0.07399495661258698,0.107613392919302,0.1624092198908329,0.2477215714752674,0.293970450758934,0.35545093417167667,0.08531235158443451,0.2814559775590897,0.0,0.0,0.0,0.0
A002042791,B2_proposed_lambda_0p50,M_sensitive,1.0,False,False,5.750559284933843e-05,0.6034700870513916,0.10794185101985931,0.11060119420289993,0.06521134823560715,0.002600027262233198,0.0064223728142678745,0.06243145279586315,0.14457809180021286,0.21414669081568702,0.2859729203581813,0.08214663900434971,0.2833728930959481,0.0,0.0,1.9713901997264697e-05,0.0
A002042791,B2_proposed_lambda_0p50,H_sensitive,1.0,False,False,0.003003156278282404,0.5060752630233765,0.20580457150936127,0.21247193217277527,0.04319257289171219,0.11724464990198612,0.1254214219748974,0.17134099081158638,0.24187253788113594,0.2651474177837372,0.2795440784096718,0.07053154706954956,0.1622994285076857,0.0,0.0,0.0,0.0
A002053206,B1_baseline,M_sensitive,1.0,False,False,0.0009680137154646218,0.6799950003623962,0.1715925931930542,0.15744850039482117,0.10141942650079727,0.012051867097616195,0.03753007091581822,0.10743005201220512,0.2074727937579155,0.3781460762023925,0.5205870330333711,0.10004274174571037,0.5085351659357549,0.0,0.0,0.0,0.0
A002053206,B1_baseline,H_sensitive,1.0,False,False,0.07287521660327911,0.5909971594810486,0.23711717128753662,0.2366972118616104,0.07959678024053574,0.10076051637530327,0.12429261803627015,0.17209342122077942,0.2769687920808792,0.38983070254325863,0.4542816942930222,0.10487537086009979,0.3535211779177189,0.0,0.0,0.0,0.0
A002053206,B2_proposed_lambda_0p50,M_sensitive,1.0,False,False,0.00048788872663863003,0.6357893347740173,0.17116178572177887,0.1739303171634674,0.07077135145664215,0.009853393360972405,0.03696271814405919,0.13310867547988892,0.21729066967964172,0.27757671475410445,0.34455978691577926,0.08418199419975281,0.33470639355480686,0.0,0.0,0.0,0.0
A002053206,B2_proposed_lambda_0p50,H_sensitive,1.0,False,False,0.04512127861380577,0.5751296877861023,0.21664607524871826,0.2273329347372055,0.035818275064229965,0.14936735451221467,0.158381450176239,0.18235842883586884,0.24760867655277252,0.26308909952640536,0.2701944088935852,0.06525024771690369,0.12082705438137054,0.0,0.0,0.0,0.0
A002053811,B1_baseline,M_sensitive,1.0,False,False,3.9074795495253056e-05,0.8040462136268616,0.19174088537693024,0.14992129802703857,0.14170154929161072,0.023541351556777956,0.04832531809806824,0.09131497889757156,0.24532684683799744,0.514327335357666,0.6739971542358401,0.15401186794042587,0.6504558026790621,0.0,0.0,2.797924957109082e-05,0.0
A002053811,B1_baseline,H_sensitive,1.0,False,False,0.060196809470653534,0.8135544657707214,0.254180908203125,0.24223293364048004,0.09513179212808609,0.10944797515869141,0.125956791639328,0.179991215467453,0.3093646168708801,0.43564205169677733,0.4928768563270569,0.12937340140342712,0.3834288811683655,0.0,0.0,0.0,0.0
A002053811,B2_proposed_lambda_0p50,M_sensitive,1.0,False,False,4.533418541541323e-05,0.8226216435432434,0.19091250002384186,0.16061894595623016,0.11715777218341827,0.02412761777639389,0.05084263309836388,0.11223700642585754,0.2406889796257019,0.4235181808471676,0.5873941850662237,0.12845197319984436,0.5632665672898297,0.0,0.0,1.9076761071198286e-05,0.0
A002053811,B2_proposed_lambda_0p50,H_sensitive,1.0,False,False,0.06514980643987656,0.6025471091270447,0.22077257931232452,0.22627690434455872,0.040065620094537735,0.15045852243900298,0.1600962609052658,0.18471860885620117,0.2504268288612366,0.2785335183143616,0.3086293184757233,0.0657082200050354,0.1581707960367203,0.0,0.0,0.0,0.0
A002064146,B1_baseline,M_sensitive,1.0,False,False,0.017539743334054947,0.7900113463401794,0.14614957571029663,0.13271953165531158,0.0839613750576973,0.05489283468574285,0.07060642950236798,0.10340992733836174,0.15778722241520882,0.2880868241190916,0.5736621564626693,0.054377295076847076,0.5187693217769265,0.0,0.0,0.0,0.0
A002064146,B1_baseline,H_sensitive,1.0,False,False,0.013703642413020134,0.9126957654953003,0.22903946042060852,0.23025871813297272,0.07368837296962738,0.12659845635294914,0.1466275356709957,0.18916010484099388,0.25620652735233307,0.2836900264024735,0.5594426196813577,0.06704642251133919,0.4328441633284085,0.0,0.0,0.0,0.0
A002064146,B2_proposed_lambda_0p50,M_sensitive,1.0,False,False,0.009181508794426918,0.9361039400100708,0.13473084568977356,0.11525564640760422,0.09035445004701614,0.04101062580943107,0.05493987388908863,0.08635729365050793,0.1495947316288948,0.2880760967731478,0.5640627366304394,0.06323743797838688,0.5230521108210083,0.0,0.0,0.0,0.0
A002064146,B2_proposed_lambda_0p50,H_sensitive,1.0,False,False,0.009564556181430817,0.7249965667724609,0.21899522840976715,0.22333714365959167,0.04290032759308815,0.14286216646432875,0.15528737679123877,0.18599721416831017,0.24815668538212776,0.2712835416197777,0.3244207957386967,0.062159471213817596,0.18155862927436794,0.0,0.0,0.0,0.0
A002071372,B1_baseline,M_sensitive,1.0,False,False,0.0047805276699364185,0.7118949294090271,0.19350439310073853,0.18331976979970932,0.058396849781274796,0.09251895867288112,0.11844547651708126,0.15734465792775154,0.21740875393152237,0.307419054210186,0.3820864853262901,0.06006409600377083,0.28956752665340896,0.0,0.0,0.0,0.0
A002071372,B1_baseline,H_sensitive,1.0,False,False,0.07978924363851547,0.8362312912940979,0.24605469405651093,0.23441686481237411,0.09151268005371094,0.11455294452607631,0.13435071110725402,0.18570851534605026,0.271409273147583,0.4345861002802849,0.5341203737258908,0.08570075780153275,0.4195674291998145,0.0,0.0,0.0,0.0
A002071372,B2_proposed_lambda_0p50,M_sensitive,1.0,False,False,0.0006906418711878359,0.6657977104187012,0.2081068754196167,0.19937814027071,0.06322406232357025,0.08858121998608112,0.12519819661974907,0.16732292249798775,0.23796379938721657,0.32095289230346674,0.42493336617946625,0.07064087688922882,0.33635214619338516,0.0,0.0,0.0,0.0
A002071372,B2_proposed_lambda_0p50,H_sensitive,1.0,False,False,0.014755030162632465,0.5521143078804016,0.25576213002204895,0.2511785179376602,0.06208495423197746,0.1506646728515625,0.16736528798937797,0.21512231975793839,0.28164200484752655,0.37846217453479764,0.4525022369623184,0.06651968508958817,0.3018375641107559,0.0,0.0,0.0,0.0
A002073554,B1_baseline,M_sensitive,1.0,False,False,0.0008663387852720916,0.7394776344299316,0.1223510354757309,0.11364264786243439,0.07113390415906906,0.014776571840047836,0.033694594725966455,0.07643458805978298,0.1501602828502655,0.2523146286606788,0.38510259628295895,0.07372569479048252,0.37032602444291113,0.0,0.0,0.0,0.0
A002073554,B1_baseline,H_sensitive,1.0,False,False,0.06733185052871704,0.877978503704071,0.20720474421977997,0.2143601030111313,0.0558830201625824,0.0999005899578333,0.12295602150261402,0.16840149462223053,0.2411150559782982,0.2705800682306289,0.3469085136055938,0.07271356135606766,0.24700792364776053,0.0,0.0,0.0,0.0
A002073554,B2_proposed_lambda_0p50,M_sensitive,1.0,False,False,0.001040719449520111,0.7499786019325256,0.14245055615901947,0.13854849338531494,0.07551775127649307,0.014494196595624089,0.0337607279419899,0.09386467933654785,0.17508135363459587,0.2752700313925742,0.4085057646036148,0.08121667429804802,0.39401156800799075,0.0,0.0,0.0,0.0
A002073554,B2_proposed_lambda_0p50,H_sensitive,1.0,False,False,0.06557922065258026,0.6522778868675232,0.21813693642616272,0.22553516924381256,0.03883251175284386,0.14381706669926644,0.15660319328308106,0.18410951271653175,0.24916236102581024,0.2685722678899765,0.28372423350811,0.06505284830927849,0.13990716680884355,0.0,0.0,0.0,0.0
A002073697,B1_baseline,M_sensitive,1.0,False,False,0.028976548463106155,0.8122799396514893,0.27335017919540405,0.24959850311279297,0.12476605921983719,0.08226201102137566,0.1189758162945509,0.17886114120483398,0.3446059003472328,0.5241201400756836,0.6620107448101042,0.16574475914239883,0.5797487337887286,0.0,0.0,0.0,0.0
A002073697,B1_baseline,H_sensitive,1.0,False,False,0.053694985806941986,0.663830041885376,0.23001182079315186,0.23792336136102676,0.0721985250711441,0.09185245223343372,0.11457726322114467,0.176837719976902,0.26385634392499924,0.36388726830482476,0.4318086448311793,0.08701862394809723,0.33995619259774557,0.0,0.0,0.0,0.0
A002073697,B2_proposed_lambda_0p50,M_sensitive,1.0,False,False,0.017415674403309822,0.7948572039604187,0.3012990653514862,0.2862420231103897,0.11506202071905136,0.09748238265514374,0.14014347419142723,0.21441394463181496,0.37677405029535294,0.5119299054145813,0.6178100275993347,0.16236010566353798,0.5203276449441909,0.0,0.0,0.0,0.0
A002073697,B2_proposed_lambda_0p50,H_sensitive,1.0,False,False,0.047998275607824326,0.6455770134925842,0.21770437061786652,0.2246624305844307,0.03941146284341812,0.1511681292951107,0.15899032205343247,0.18086568638682365,0.2455088533461094,0.27273847460746764,0.32909919887781125,0.06464316695928574,0.17793106958270055,0.0,0.0,0.0,0.0
A002076747,B1_baseline,M_sensitive,1.0,False,False,0.0020713983103632927,0.7199921011924744,0.19198337197303772,0.17596057057380676,0.08508508652448654,0.04574989378452301,0.09395923763513565,0.14179518818855286,0.2171453982591629,0.34658405780792206,0.5342024397850036,0.07535021007061005,0.4884525460004806,0.0,0.0,0.0,0.0
A002076747,B1_baseline,H_sensitive,1.0,False,False,0.08074093610048294,0.4985194206237793,0.22171908617019653,0.23135703802108765,0.055913589894771576,0.11538667023181916,0.13216001987457277,0.17576804757118225,0.2551865577697754,0.308909797668457,0.3781303906440732,0.07941851019859314,0.2627437204122541,0.0,0.0,0.0,0.0
A002076747,B2_proposed_lambda_0p50,M_sensitive,1.0,False,False,0.0005102921859361231,0.6972159147262573,0.20476628839969635,0.19905586540699005,0.06971925497055054,0.0484009613096714,0.10119846612215043,0.1623736321926117,0.24060675501823425,0.32418462038040147,0.4198849701881408,0.07823312282562256,0.3714840088784694,0.0,0.0,0.0,0.0
A002076747,B2_proposed_lambda_0p50,H_sensitive,1.0,False,False,0.025122689083218575,0.527887761592865,0.2211129367351532,0.22759321331977844,0.03691840544342995,0.15597924292087556,0.16380440890789033,0.18646782636642456,0.25055357813835144,0.27360804080963136,0.3028119790554046,0.06408575177192688,0.14683273613452902,0.0,0.0,0.0,0.0
A002081031,B1_baseline,M_sensitive,1.0,False,False,0.003676292020827532,0.7741148471832275,0.14851464331150055,0.13157913088798523,0.07766721397638321,0.03688624154776335,0.05918297600001097,0.09184032864868641,0.18700914084911346,0.29684948772192,0.4030567747354507,0.09516881220042706,0.36617053318768733,0.0,0.0,0.0,0.0
A002081031,B1_baseline,H_sensitive,1.0,False,False,0.05856107547879219,0.613689661026001,0.20215757191181183,0.20819856226444244,0.053783293813467026,0.10113141126930714,0.11734781414270401,0.1585514433681965,0.24066626280546188,0.2773795694112777,0.3351544064283363,0.0821148194372654,0.2340229951590292,0.0,0.0,0.0,0.0
A002081031,B2_proposed_lambda_0p50,M_sensitive,1.0,False,False,0.004958780948072672,0.774946391582489,0.16428185999393463,0.1500290408730507,0.08271592855453491,0.029465087614953516,0.053857112489640716,0.10368436202406883,0.2127220444381237,0.3122410342097282,0.41328184008598323,0.10903768241405487,0.3838167524710297,0.0,0.0,0.0,0.0
A002081031,B2_proposed_lambda_0p50,H_sensitive,1.0,False,False,0.0693984106183052,0.48044440150260925,0.2240990549325943,0.2313339039683342,0.03878340497612953,0.14904586389660834,0.16027142331004143,0.18994058668613434,0.25430674105882645,0.2776515170931816,0.3040673059225081,0.06436615437269211,0.15502144202589974,0.0,0.0,0.0,0.0
A002081031-1,B1_baseline,M_sensitive,1.0,False,False,0.0004815179272554815,0.616536021232605,0.12646706402301788,0.12391500920057297,0.06398054212331772,0.009783359616994858,0.03274412266910076,0.08156253769993782,0.15719494223594666,0.23838120698928833,0.33696765750646573,0.07563240453600883,0.3271842978894709,0.0,0.0,0.0,0.0
A002081031-1,B1_baseline,H_sensitive,1.0,False,False,0.06614037603139877,0.553972065448761,0.21906818449497223,0.22335099428892136,0.06371699273586273,0.10717252381145954,0.12479598820209503,0.1626715362071991,0.26404227316379547,0.3198665603995323,0.3895457372069354,0.10137073695659637,0.2823732133954759,0.0,0.0,0.0,0.0
A002081031-1,B2_proposed_lambda_0p50,M_sensitive,1.0,False,False,0.00046714855125173926,0.4731270670890808,0.1297888308763504,0.13098659366369247,0.05517201870679855,0.0070314108394086364,0.03217754326760769,0.09344223327934742,0.16812098398804665,0.21630613505840302,0.25158029198646537,0.07467875070869923,0.24454888114705672,0.0,0.0,0.0,0.0
A002081031-1,B2_proposed_lambda_0p50,H_sensitive,1.0,False,False,0.03357866406440735,0.533905565738678,0.21216203272342682,0.2209465354681015,0.0391225703060627,0.12839715853333472,0.15383456647396088,0.17621586471796036,0.24739020317792892,0.2602696865797043,0.28109071999788254,0.07117433845996857,0.15269356146454782,0.0,0.0,0.0,0.0
A002087867,B1_baseline,M_sensitive,1.0,False,False,0.00032603921135887504,0.7541770935058594,0.1754855215549469,0.1605055332183838,0.08047430962324142,0.050324567258358,0.08597623258829117,0.12347341328859329,0.20551470667123795,0.31534838676452626,0.4732220077514646,0.08204129338264465,0.4228974404931066,0.0,0.0,0.0,0.0
A002087867,B1_baseline,H_sensitive,1.0,False,False,0.07936708629131317,0.8637712001800537,0.22565287351608276,0.23138990998268127,0.06848501414060593,0.10668518170714378,0.12686242461204528,0.17655768245458603,0.25885534286499023,0.3307867139577864,0.41160936415195415,0.0822976604104042,0.30492418244481034,0.0,0.0,0.0,0.0
A002087867,B2_proposed_lambda_0p50,M_sensitive,1.0,False,False,0.00015461437578778714,0.7661478519439697,0.18146413564682007,0.1711614727973938,0.07467899471521378,0.0382756282389164,0.08212502747774124,0.13579460978507996,0.21591784060001373,0.31045049726963037,0.43060047924518563,0.08012323081493378,0.39232485100626924,0.0,0.0,0.0,0.0
A002087867,B2_proposed_lambda_0p50,H_sensitive,1.0,False,False,0.037854984402656555,0.5856792330741882,0.21924078464508057,0.22437606751918793,0.04140818864107132,0.14699579268693924,0.15795679837465287,0.1823115199804306,0.24879656732082367,0.27759759724140165,0.33115075230598434,0.06648504734039307,0.1841549596190451,0.0,0.0,0.0,0.0
A002087867-1,B1_baseline,M_sensitive,1.0,False,False,0.024617867544293404,0.7760415077209473,0.24251385033130646,0.2299688681960106,0.08245506882667542,0.10393332317471504,0.13500075787305832,0.18063005805015564,0.29259274154901505,0.3810187503695488,0.48419225960969925,0.1119626834988594,0.3802589364349842,0.0,0.0,0.0,0.0
A002087867-1,B1_baseline,H_sensitive,1.0,False,False,0.0648028701543808,0.770483136177063,0.23133273422718048,0.2429022565484047,0.054560836404561996,0.11054694280028343,0.13514059782028198,0.19772633165121078,0.2654639706015587,0.29450472444295883,0.3690820634365082,0.0677376389503479,0.25853512063622475,0.0,0.0,0.0,0.0
A002087867-1,B2_proposed_lambda_0p50,M_sensitive,1.0,False,False,0.0072608948685228825,0.794182538986206,0.24350452423095703,0.22815853357315063,0.08145651966333389,0.07680824771523476,0.13234613463282585,0.18910952284932137,0.2910281717777252,0.3897892013192177,0.47315262258052826,0.10191864892840385,0.3963443748652935,0.0,0.0,0.0,0.0
A002087867-1,B2_proposed_lambda_0p50,H_sensitive,1.0,False,False,0.07068517804145813,0.550155758857727,0.22180551290512085,0.22803456336259842,0.040133073925971985,0.14539679512381554,0.1561245322227478,0.18625228106975555,0.2516547217965126,0.2803442105650902,0.30924637615680695,0.06540244072675705,0.1638495810329914,0.0,0.0,0.0,0.0
A002095165,B1_baseline,M_sensitive,1.0,False,False,0.003673165338113904,0.7776666283607483,0.21212898194789886,0.19059249758720398,0.10082489997148514,0.047575848326086995,0.08962510526180267,0.14923755824565887,0.25238361954689026,0.3992961853742598,0.5912400555610656,0.10314606130123138,0.5436642072349787,0.0,0.0,0.0,0.0
A002095165,B1_baseline,H_sensitive,1.0,False,False,0.057454995810985565,0.653655469417572,0.23526844382286072,0.24450212717056274,0.06020843982696533,0.11151075467467308,0.13616057485342026,0.19246512651443481,0.2694702595472336,0.32156331241130826,0.4132519882917402,0.07700513303279877,0.3017412336170671,0.0,0.0,0.0,0.0
A002095165,B2_proposed_lambda_0p50,M_sensitive,1.0,False,False,1.1631898814812303e-05,0.8157981634140015,0.2050960212945938,0.1917634755373001,0.09989996999502182,0.024215900674462318,0.06606280505657197,0.1403287649154663,0.25719229876995087,0.3717843502759933,0.5423089706897729,0.11686353385448456,0.5180930700153106,0.0,0.0,0.0005459432783759397,0.0
A002095165,B2_proposed_lambda_0p50,H_sensitive,1.0,False,False,0.0035823748912662268,0.5580936670303345,0.21284189820289612,0.22023609280586243,0.038153938949108124,0.1404157969355583,0.1517302170395851,0.17841993272304535,0.24433939158916473,0.26460917890071867,0.28777835547924036,0.06591945886611938,0.14736255854368205,0.0,0.0,0.0,0.0
A002097551,B1_baseline,M_sensitive,1.0,False,False,0.0022275785449892282,0.8241761922836304,0.2228114902973175,0.21277707815170288,0.11218750476837158,0.029443558230996134,0.06755593270063401,0.14353814721107483,0.2800233066082001,0.4315759778022756,0.5809455394744862,0.13648515939712524,0.5515019812434901,0.0,0.0,0.0,0.0
A002097551,B1_baseline,H_sensitive,1.0,False,False,0.01729429140686989,0.8552488088607788,0.21373382210731506,0.22034184634685516,0.06312625855207443,0.09203498184680939,0.11449112296104431,0.17257532477378845,0.253094881772995,0.28509541153907775,0.3486787772178649,0.08051955699920654,0.2566437953710555,0.0,0.0,0.0,0.0
A002097551,B2_proposed_lambda_0p50,M_sensitive,1.0,False,False,0.0007007629610598087,0.853463888168335,0.2439570277929306,0.23635710775852203,0.1123068779706955,0.0282170457392931,0.0688153550028801,0.17157229781150818,0.307590514421463,0.44583073854446403,0.5706714534759506,0.13601821660995483,0.5424544077366575,0.0,0.0,0.0,0.0
A002097551,B2_proposed_lambda_0p50,H_sensitive,1.0,False,False,0.00017687006038613617,0.6767846941947937,0.2232307642698288,0.23160094022750854,0.03833654150366783,0.15152671813964844,0.16340292394161224,0.1888379603624344,0.25299057364463806,0.27482958436012267,0.2988235354423522,0.06415261328220367,0.14729681730270375,0.0,0.0,0.0,0.0
A002110702,B1_baseline,M_sensitive,1.0,False,False,0.0031895358115434647,0.8168132901191711,0.1760304868221283,0.16735074669122696,0.07628561556339264,0.06131640054285526,0.08679197616875171,0.12454451620578766,0.20502227917313576,0.30018962174654007,0.47699972867965673,0.0804777629673481,0.4156833281368015,0.0,0.0,0.0,0.0
A002110702,B1_baseline,H_sensitive,1.0,False,False,0.07553091645240784,0.8400166034698486,0.21140596270561218,0.2213480919599533,0.0558050163090229,0.10815113320946694,0.12704989984631537,0.17031512781977654,0.24788883328437805,0.2706138983368873,0.3111260148882865,0.07757370546460152,0.20297488167881955,0.0,0.0,0.0,0.0
A002110702,B2_proposed_lambda_0p50,M_sensitive,1.0,False,False,0.0017316911835223436,0.8295668959617615,0.18840475380420685,0.17694291472434998,0.07912988215684891,0.049072499722242355,0.08288775309920311,0.13852181658148766,0.22756022214889526,0.31586293876171095,0.46777568876743236,0.08903840556740761,0.41870318904519,0.0,0.0,0.0,0.0
A002110702,B2_proposed_lambda_0p50,H_sensitive,1.0,False,False,0.053135085850954056,0.5534213781356812,0.22385156154632568,0.23326413333415985,0.038778699934482574,0.15386660769581795,0.16297536268830298,0.1860838420689106,0.25437501817941666,0.2763239353895187,0.31388581931591025,0.06829117611050606,0.1600192116200923,0.0,0.0,0.0,0.0
A002116268,B1_baseline,M_sensitive,1.0,False,False,0.0014014149783179164,0.8139743208885193,0.29820647835731506,0.2791205048561096,0.17736580967903137,0.011290606018155814,0.0377683499827981,0.15627528354525566,0.42559515684843063,0.6194689273834229,0.7098249077796936,0.269319873303175,0.6985343017615379,0.0,0.0,0.0,0.0
A002116268,B1_baseline,H_sensitive,1.0,False,False,0.024654589593410492,0.6586427092552185,0.24818956851959229,0.24760184437036514,0.07950673252344131,0.10077220164239407,0.12244141101837158,0.18786758184432983,0.30379073321819305,0.37972600758075714,0.4300715580582617,0.11592315137386322,0.3292993564158676,0.0,0.0,0.0,0.0
A002116268,B2_proposed_lambda_0p50,M_sensitive,1.0,False,False,0.000607168476562947,0.8691247701644897,0.3194904923439026,0.3236987143754959,0.1645127385854721,0.009411553340032698,0.038249569945037365,0.19040649011731148,0.43966194242239,0.5924883037805557,0.6948878705501548,0.2492554523050785,0.685476317210122,0.0,0.0,0.0,0.0
A002116268,B2_proposed_lambda_0p50,H_sensitive,1.0,False,False,0.02062814123928547,0.6411606073379517,0.2264527529478073,0.23446142673492432,0.042207151651382446,0.1473066307604313,0.15906773135066032,0.19011829048395157,0.2532890811562538,0.2935769632458687,0.3310503587126732,0.06317079067230225,0.1837437279522419,0.0,0.0,0.0,0.0
A002122236,B1_baseline,M_sensitive,1.0,False,False,0.0037823172751814127,0.8100484013557434,0.22374646365642548,0.19695644080638885,0.10233305394649506,0.07032755650579929,0.10139208287000656,0.14730214327573776,0.28593891859054565,0.41053973883390427,0.5494431346654891,0.1386367753148079,0.4791155781596898,0.0,0.0,0.0,0.0
A002122236,B1_baseline,H_sensitive,1.0,False,False,0.04796762764453888,0.6084786057472229,0.21943941712379456,0.21615342050790787,0.07756033539772034,0.10115818791091442,0.11996341310441494,0.16383448243141174,0.25897902250289917,0.322880856692791,0.5259281963109969,0.09514454007148743,0.42477000840008244,0.0,0.0,0.0,0.0
A002122236,B2_proposed_lambda_0p50,M_sensitive,1.0,False,False,0.0021114160772413015,0.8378785252571106,0.2482183426618576,0.23185565322637558,0.10038090497255325,0.06952095553278922,0.11059175431728363,0.17020541056990623,0.3215703144669533,0.41786614060401917,0.516620460152626,0.15136490389704704,0.4470995046198367,0.0,0.0,0.0,0.0
A002122236,B2_proposed_lambda_0p50,H_sensitive,1.0,False,False,0.021741192787885666,0.5917631387710571,0.2340451031923294,0.23845701664686203,0.04463319852948189,0.14425003454089164,0.15952860936522484,0.2015688419342041,0.26271510124206543,0.3025360777974129,0.3560229867696762,0.06114625930786133,0.21177295222878456,0.0,0.0,0.0,0.0
A002123222,B1_baseline,M_sensitive,1.0,False,False,5.3733667300548404e-05,0.8115091919898987,0.2660622000694275,0.2345537692308426,0.16374418139457703,0.024435695484280588,0.07061468586325645,0.12332141771912575,0.38341617584228516,0.5746084213256835,0.6634646666049958,0.2600947581231594,0.6390289711207152,0.0,0.0,0.0020406854848060325,0.0
A002123222,B1_baseline,H_sensitive,1.0,False,False,0.03698911890387535,0.770829975605011,0.21612095832824707,0.2281753122806549,0.06464987248182297,0.08360746368765831,0.10725700855255127,0.16778770089149475,0.253666490316391,0.30659367740154264,0.37666548669338235,0.08587878942489624,0.29305802300572403,0.0,0.0,0.0,0.0
A002123222,B2_proposed_lambda_0p50,M_sensitive,1.0,False,False,2.0112405763939023e-05,0.8438640832901001,0.295213907957077,0.27492862939834595,0.1678779572248459,0.01900045797228813,0.05898655876517296,0.14755550026893616,0.4377911239862442,0.5763274788856505,0.6315340650081634,0.29023562371730804,0.6125336070358753,0.0,0.0,0.002452642046578373,0.0
A002123222,B2_proposed_lambda_0p50,H_sensitive,1.0,False,False,0.03887668251991272,0.6397998332977295,0.21917474269866943,0.23022674024105072,0.036531269550323486,0.1447631424665451,0.1593763068318367,0.1840314194560051,0.24813804030418396,0.2654327154159546,0.2796393740177155,0.06410662084817886,0.1348762315511704,0.0,0.0,0.0,0.0
A002123282,B1_baseline,M_sensitive,1.0,False,False,2.06275799996547e-07,0.7464638352394104,0.12571841478347778,0.11210833489894867,0.06692144274711609,0.024669692907482384,0.050120817683637145,0.08419101312756538,0.14809437096118927,0.2559950128197669,0.37106324404478086,0.06390335783362389,0.34639355113729847,0.0,0.0,0.0006051926329486641,0.0
A002123282,B1_baseline,H_sensitive,1.0,False,False,0.021822961047291756,0.5432185530662537,0.19393247365951538,0.2043294608592987,0.05276380851864815,0.07981777101755143,0.10104458183050155,0.15229182690382004,0.23392922803759575,0.2654363378882408,0.3030777224898339,0.08163740113377571,0.22325995147228245,0.0,0.0,0.0,0.0
A002123282,B2_proposed_lambda_0p50,M_sensitive,1.0,False,False,6.5093372541014105e-06,0.759847104549408,0.1387680321931839,0.1303955242037773,0.06892748177051544,0.02130748612806201,0.046133183687925336,0.096606420353055,0.1676539033651352,0.2647811844944954,0.37914551407098773,0.07104748301208019,0.35783802794292574,0.0,0.0,0.000224442300961094,0.0
A002123282,B2_proposed_lambda_0p50,H_sensitive,1.0,False,False,0.03728143125772476,0.8238632082939148,0.21743638813495636,0.22181981056928635,0.0410740002989769,0.14651623457670213,0.15788695588707924,0.18144889920949936,0.2474834993481636,0.2731871008872986,0.30967111438512807,0.06603460013866425,0.16315487980842594,0.0,0.0,0.0,0.0
A002123282-1,B1_baseline,M_sensitive,1.0,False,False,5.630681243928848e-06,0.7635289430618286,0.05152972415089607,0.04273311048746109,0.037416908890008926,0.006816732306033373,0.013022802025079728,0.028361238539218903,0.0651249885559082,0.11521641314029689,0.18996019124984687,0.0367637500166893,0.18314345894381348,0.0,0.0,0.0007128261179489616,0.0
A002123282-1,B1_baseline,H_sensitive,1.0,False,False,0.011999445036053658,0.5231334567070007,0.17234674096107483,0.1736324578523636,0.05805362015962601,0.0661276438832283,0.08283590078353882,0.1250731647014618,0.2174004763364792,0.2630467236042021,0.294017299413681,0.0923273116350174,0.2278896555304527,0.0,0.0,0.0,0.0
A002123282-1,B2_proposed_lambda_0p50,M_sensitive,1.0,False,False,0.0001596558140590787,0.6848676800727844,0.06369607150554657,0.052464134991168976,0.050389859825372696,0.003738511800765991,0.009190494380891324,0.030200639739632607,0.08465413004159927,0.1512241780757904,0.24946340024471267,0.05445349030196667,0.2457248884439467,0.0,0.0,0.0,0.0
A002123282-1,B2_proposed_lambda_0p50,H_sensitive,1.0,False,False,0.02071552723646164,0.5574373006820679,0.19095663726329803,0.1928076446056366,0.036239370703697205,0.1287040340900421,0.13966822624206543,0.15762311220169067,0.2169022411108017,0.24864815175533295,0.2775093531608581,0.05927912890911102,0.148805319070816,0.0,0.0,0.0,0.0
A002128820,B1_baseline,M_sensitive,1.0,False,False,0.00827392190694809,0.8628976941108704,0.24819736182689667,0.22386452555656433,0.11148770898580551,0.08088155388832093,0.11522918939590454,0.16718826442956924,0.31058143079280853,0.44527605175971985,0.6538134038448341,0.1433931663632393,0.5729318499565131,0.0,0.0,0.0,0.0
A002128820,B1_baseline,H_sensitive,1.0,False,False,0.032576847821474075,0.4765811562538147,0.21994978189468384,0.23235607147216797,0.05466846004128456,0.10682879760861397,0.12658052891492844,0.17674941569566727,0.25660058856010437,0.2921207398176193,0.36485363543033605,0.0798511728644371,0.2580248378217221,0.0,0.0,0.0,0.0
A002128820,B2_proposed_lambda_0p50,M_sensitive,1.0,False,False,0.0061165825463831425,0.8959280252456665,0.2596012055873871,0.2348310351371765,0.11248132586479187,0.08150674179196357,0.12466607242822647,0.1788312792778015,0.32451555132865906,0.4581964313983917,0.6415429234504701,0.14568427205085754,0.5600361816585065,0.0,0.0,0.0,0.0
A002128820,B2_proposed_lambda_0p50,H_sensitive,1.0,False,False,0.03252888470888138,0.6211254000663757,0.2130073606967926,0.22155246138572693,0.03733587637543678,0.14171370565891267,0.1530054584145546,0.1797281727194786,0.24289533495903015,0.2650253176689148,0.29402294754981995,0.06316716223955154,0.15230924189090728,0.0,0.0,0.0,0.0
A002133927,B1_baseline,M_sensitive,1.0,False,False,0.0022517002653330564,0.8084132671356201,0.20547151565551758,0.189140684902668,0.10466033220291138,0.04527975391596556,0.07149769812822342,0.1299537755548954,0.25774241238832474,0.39817923307418823,0.5296648782491677,0.12778863683342934,0.4843851243332022,0.0,0.0,0.0,0.0
A002133927,B1_baseline,H_sensitive,1.0,False,False,0.04067312553524971,0.4512332081794739,0.2140611857175827,0.222844697535038,0.04755161330103874,0.10284452013671398,0.12433505579829215,0.1828521005809307,0.24796222150325775,0.2776690497994423,0.31221076905727374,0.06511012092232704,0.20936624892055977,0.0,0.0,0.0,0.0
A002133927,B2_proposed_lambda_0p50,M_sensitive,1.0,False,False,0.0008262316696345806,0.8015683889389038,0.2269888073205948,0.21788586676120758,0.10930181294679642,0.0446334083750844,0.08241030126810074,0.13682568445801735,0.295835979282856,0.4272848665714264,0.5353119820356367,0.15901029482483864,0.4906785736605523,0.0,0.0,0.0,0.0
A002133927,B2_proposed_lambda_0p50,H_sensitive,1.0,False,False,0.045812204480171204,0.5542984008789062,0.22588180005550385,0.23404302448034286,0.034170687198638916,0.15496925994753838,0.16884533911943436,0.19585039466619492,0.25143271684646606,0.27244488447904586,0.29333688169717786,0.05558232218027115,0.13836762174963949,0.0,0.0,0.0,0.0
A002138914,B1_baseline,M_sensitive,1.0,False,False,0.0011811306467279792,0.7907889485359192,0.24019262194633484,0.23043230175971985,0.12315986305475235,0.030788493007421494,0.06656120270490647,0.1461668610572815,0.3144911527633667,0.4735523760318753,0.5993044877052307,0.1683242917060852,0.5685159946978092,0.0,0.0,0.0,0.0
A002138914,B1_baseline,H_sensitive,1.0,False,False,0.023165391758084297,0.6651592254638672,0.2189318686723709,0.22558438777923584,0.06269548833370209,0.09715816676616669,0.11599057614803314,0.16919317841529846,0.2615431249141693,0.3154421687126159,0.3706173896789551,0.09234994649887085,0.2734592229127884,0.0,0.0,0.0,0.0
A002138914,B2_proposed_lambda_0p50,M_sensitive,1.0,False,False,0.0006274505285546184,0.8059269189834595,0.263089120388031,0.26811742782592773,0.11696144938468933,0.027852193191647532,0.07024323493242264,0.172626793384552,0.3419021964073181,0.4550706923007965,0.5351511240005493,0.1692754030227661,0.5072989308089018,0.0,0.0,0.0,0.0
A002138914,B2_proposed_lambda_0p50,H_sensitive,1.0,False,False,0.0128431161865592,0.790496289730072,0.22243374586105347,0.23190811276435852,0.03810729458928108,0.1492099016904831,0.16136523187160492,0.18773281574249268,0.2530461251735687,0.27185640335083006,0.290075489282608,0.06531330943107605,0.14086558759212492,0.0,0.0,0.0,0.0
A002140468,B1_baseline,M_sensitive,1.0,False,False,9.812530379349482e-07,0.8039127588272095,0.17851418256759644,0.1578967124223709,0.13271644711494446,0.008155111530795693,0.018134527280926703,0.07461453042924404,0.2471708282828331,0.44304462522268295,0.5946509915590285,0.17255629785358906,0.5864958800282327,0.0,0.0,0.0002456772206561355,0.0
A002140468,B1_baseline,H_sensitive,1.0,False,False,0.06244317442178726,0.6268133521080017,0.23742061853408813,0.23561762273311615,0.08584239333868027,0.08278874985873699,0.1075376283377409,0.17585942149162292,0.2839018926024437,0.3964343175292015,0.4548864731192589,0.10804247111082077,0.37209772326052193,0.0,0.0,0.0,0.0
A002140468,B2_proposed_lambda_0p50,M_sensitive,1.0,False,False,5.995198989694472e-06,0.7782018184661865,0.1913207620382309,0.18998059630393982,0.12094765156507492,0.005863430402241647,0.014373186323791743,0.09501075930893421,0.27368229627609253,0.38746730983257277,0.5260057264566419,0.17867153696715832,0.5201422960544002,0.0,0.0,9.371192952862899e-05,0.0
A002140468,B2_proposed_lambda_0p50,H_sensitive,1.0,False,False,0.05130671337246895,0.7725937366485596,0.21882390975952148,0.22448306530714035,0.04622631520032883,0.135928718149662,0.14708456844091417,0.18014159053564072,0.25229542702436447,0.29114028811454773,0.3365900918841362,0.07215383648872375,0.20066137373447418,0.0,0.0,0.0,0.0
A002145202-1,B1_baseline,M_sensitive,1.0,False,False,0.00780129199847579,0.734334409236908,0.16475938260555267,0.13546213507652283,0.1086311936378479,0.02904363293200731,0.046200922690331936,0.0839479360729456,0.22283868864178658,0.376546174287796,0.5194254666566858,0.13889075256884098,0.4903818337246785,0.0,0.0,0.0,0.0
A002145202-1,B1_baseline,H_sensitive,1.0,False,False,0.049095503985881805,0.8998175859451294,0.20186667144298553,0.20730870962142944,0.072967529296875,0.0839497096836567,0.10234006680548191,0.1544382944703102,0.23880472034215927,0.28664857894182205,0.3547977432608612,0.08436642587184906,0.27084803357720455,0.0,0.0,0.0,0.0
A002145202-1,B2_proposed_lambda_0p50,M_sensitive,1.0,False,False,0.002509135054424405,0.7981202602386475,0.17332559823989868,0.13972187787294388,0.10944175720214844,0.02759063895791769,0.050715246237814426,0.09353692084550858,0.2303849533200264,0.39437732845544815,0.5070344597101216,0.13684803247451782,0.47944382075220393,0.0,0.0,0.0,0.0
A002145202-1,B2_proposed_lambda_0p50,H_sensitive,1.0,False,False,0.006774459034204483,0.6275221705436707,0.2133464515209198,0.22348596155643463,0.03919975459575653,0.13800081089138985,0.14975376427173615,0.17859334498643875,0.24324525892734528,0.2625657320022583,0.2888611808419228,0.06465191394090652,0.15086036995053295,0.0,0.0,0.0,0.0
A002147070-1,B1_baseline,M_sensitive,1.0,False,False,0.06119369715452194,0.7493082284927368,0.2436448484659195,0.23180878162384033,0.06309887021780014,0.13475275814533233,0.16292970776557922,0.20162618160247803,0.2742272615432739,0.35569557547569275,0.45116133570671096,0.0726010799407959,0.31640857756137863,0.0,0.0,0.0,0.0
A002147070-1,B1_baseline,H_sensitive,1.0,False,False,0.024608196690678596,0.6249724626541138,0.22680199146270752,0.23875752091407776,0.04932638257741928,0.11383497387170792,0.1363651931285858,0.18960654735565186,0.26303830742836,0.29053550958633423,0.32275477051734947,0.07343176007270813,0.20891979664564153,0.0,0.0,0.0,0.0
A002147070-1,B2_proposed_lambda_0p50,M_sensitive,1.0,False,False,0.0211657602339983,0.7280806303024292,0.25974151492118835,0.24874693155288696,0.05959411710500717,0.14126866400241853,0.17928642332553862,0.21987462043762207,0.2951277196407318,0.36364908814430236,0.42533194303512584,0.07525309920310974,0.28406327903270734,0.0,0.0,0.0,0.0
A002147070-1,B2_proposed_lambda_0p50,H_sensitive,1.0,False,False,0.013287227600812912,0.6099764108657837,0.22239691019058228,0.230147585272789,0.03712067753076553,0.15244974553585053,0.1644274890422821,0.18800674378871918,0.25298014283180237,0.2750720322132111,0.28631839990615854,0.06497339904308319,0.133868654370308,0.0,0.0,0.0,0.0
A002152807,B1_baseline,M_sensitive,1.0,False,False,0.0040233139880001545,0.7658512592315674,0.23997750878334045,0.25646546483039856,0.10865989327430725,0.02570637345314026,0.05851996243000031,0.15658530592918396,0.3152283728122711,0.4026260614395141,0.4996232557296751,0.15864306688308716,0.47391688227653483,0.0,0.0,0.0,0.0
A002152807,B1_baseline,H_sensitive,1.0,False,False,0.04875578358769417,0.8501930236816406,0.21459892392158508,0.22275321185588837,0.06396380811929703,0.09908713877201081,0.11514341533184051,0.16603407263755798,0.25559118390083313,0.3040932714939117,0.348340104818344,0.08955711126327515,0.24925296604633318,0.0,0.0,0.0,0.0
A002152807,B2_proposed_lambda_0p50,M_sensitive,1.0,False,False,0.0035751275718212128,0.7441251277923584,0.259590744972229,0.2800671458244324,0.10628531128168106,0.02547297202050686,0.0614797055721283,0.18691034615039825,0.3300015926361084,0.4162364304065704,0.49997075080871534,0.14309124648571014,0.4744977787882085,0.0,0.0,0.0,0.0
A002152807,B2_proposed_lambda_0p50,H_sensitive,1.0,False,False,0.013658145442605019,0.740531861782074,0.21785496175289154,0.22878515720367432,0.03749268874526024,0.14541445732116698,0.15749320685863494,0.18216073513031006,0.24911782145500183,0.2661307632923126,0.2799326717853546,0.06695708632469177,0.1345182144641876,0.0,0.0,0.0,0.0
A002156070,B1_baseline,M_sensitive,1.0,False,False,0.00865921936929226,0.748715877532959,0.20267081260681152,0.19195593893527985,0.06277290731668472,0.09626123458147048,0.12085822597146034,0.16058450192213058,0.2354927435517311,0.3129352778196335,0.40031578540802,0.07490824162960052,0.30405455082654953,0.0,0.0,0.0,0.0
A002156070,B1_baseline,H_sensitive,1.0,False,False,0.07089465111494064,0.5599368214607239,0.21823188662528992,0.228765606880188,0.051539499312639236,0.10297846272587777,0.12836787104606628,0.17868027091026306,0.25576215982437134,0.2851130813360214,0.32516833245754234,0.07708188891410828,0.22218986973166457,0.0,0.0,0.0,0.0
A002156070,B2_proposed_lambda_0p50,M_sensitive,1.0,False,False,0.0055550746619701385,0.777876079082489,0.21488703787326813,0.20978203415870667,0.05706560239195824,0.09233265891671182,0.13190361857414246,0.17868392169475555,0.24698790907859802,0.30709870159626007,0.3953685790300354,0.06830398738384247,0.3030359201133236,0.0,0.0,0.0,0.0
A002156070,B2_proposed_lambda_0p50,H_sensitive,1.0,False,False,0.05344060808420181,0.5207027196884155,0.22737281024456024,0.23604072630405426,0.03934910148382187,0.1503484293818474,0.16204561293125153,0.1913837343454361,0.2581307590007782,0.28413236141204834,0.30262056589126585,0.0667470246553421,0.15227213650941845,0.0,0.0,0.0,0.0
A002156410,B1_baseline,M_sensitive,1.0,False,False,0.0014032806502655149,0.7988522052764893,0.21307681500911713,0.20606011152267456,0.10081221163272858,0.009718847535550594,0.0520454689860344,0.15253214538097382,0.262599915266037,0.3845829725265501,0.5563063669204713,0.11006776988506317,0.5465875193849207,0.0,0.0,0.0,0.0
A002156410,B1_baseline,H_sensitive,1.0,False,False,0.051388248801231384,0.6330419778823853,0.21513430774211884,0.22526828944683075,0.06244884803891182,0.09282107591629028,0.11344358250498772,0.1635785475373268,0.2591785341501236,0.2983305364847183,0.3792338353395463,0.09559998661279678,0.286412759423256,0.0,0.0,0.0,0.0
A002156410,B2_proposed_lambda_0p50,M_sensitive,1.0,False,False,0.0008437260985374451,0.8059893250465393,0.23787249624729156,0.24074538052082062,0.09862971305847168,0.008103406857699157,0.055094688013195996,0.1807025521993637,0.29721663892269135,0.38521436154842376,0.5107588803768159,0.11651408672332764,0.5026554735191168,0.0,0.0,0.0,0.0
A002156410,B2_proposed_lambda_0p50,H_sensitive,1.0,False,False,0.017442166805267334,0.6620296835899353,0.2128506749868393,0.22296123206615448,0.03935093805193901,0.14308053702116014,0.15424375832080842,0.17505056411027908,0.24586480110883713,0.2657501608133316,0.2758876419067383,0.07081423699855804,0.13280710488557818,0.0,0.0,0.0,0.0
A002158881,B1_baseline,M_sensitive,1.0,False,False,0.008752530440688133,0.8256747722625732,0.1744687706232071,0.15682855248451233,0.08440334349870682,0.05478934928774834,0.09053916484117508,0.127861887216568,0.1917474865913391,0.34160778522491453,0.5208844161033621,0.06388559937477112,0.46609506681561375,0.0,0.0,0.0,0.0
A002158881,B1_baseline,H_sensitive,1.0,False,False,0.008988643065094948,0.6769157648086548,0.2216312736272812,0.23163557052612305,0.0647328794002533,0.09165414392948151,0.11951217651367188,0.17039424180984497,0.262089341878891,0.3122084677219391,0.41063635349273664,0.09169510006904602,0.3189822095632551,0.0,0.0,0.0,0.0
A002158881,B2_proposed_lambda_0p50,M_sensitive,1.0,False,False,0.0001471021823817864,0.8293601274490356,0.18031561374664307,0.16711899638175964,0.08424035459756851,0.04407056406140328,0.08616105318069459,0.13232465088367462,0.20567616820335388,0.31954172253608704,0.5434461021423332,0.07335151731967926,0.49937553808092994,0.0,0.0,0.0,0.0
A002158881,B2_proposed_lambda_0p50,H_sensitive,1.0,False,False,0.010488037019968033,0.5900923609733582,0.22203132510185242,0.23343580961227417,0.040208227932453156,0.14739104926586152,0.1586497098207474,0.18287771940231323,0.2517438232898712,0.27901544570922854,0.30066022634506223,0.06886610388755798,0.1532691770792007,0.0,0.0,0.0,0.0
A002215062,B1_baseline,M_sensitive,1.0,False,False,0.0006304317503236234,0.7983370423316956,0.13334013521671295,0.12561476230621338,0.06504752486944199,0.03181561887264252,0.05813122764229774,0.0962543822824955,0.15468095242977142,0.23822983950376503,0.3965086108446108,0.058426570147275925,0.3646929919719683,0.0,0.0,0.0,0.0
A002215062,B1_baseline,H_sensitive,1.0,False,False,0.07917028665542603,0.7676093578338623,0.22023972868919373,0.21808041632175446,0.08186110109090805,0.1027974085509777,0.12135018035769463,0.16205251961946487,0.24814455956220627,0.39112098515033716,0.5277254033088669,0.0860920399427414,0.42492799475788917,0.0,0.0,0.0,0.0
A002215062,B2_proposed_lambda_0p50,M_sensitive,1.0,False,False,0.0009156634914688766,0.77609783411026,0.15648438036441803,0.15388727188110352,0.06125728785991669,0.029808676950633526,0.06404883190989494,0.1248537003993988,0.18285281211137772,0.24709285646677015,0.37894901692867233,0.05799911171197891,0.3491403399780388,0.0,0.0,0.0,0.0
A002215062,B2_proposed_lambda_0p50,H_sensitive,1.0,False,False,0.06163042038679123,0.6356831789016724,0.2304273545742035,0.2373041808605194,0.04325614869594574,0.15370090961456298,0.16631711572408675,0.19278301298618317,0.25779183208942413,0.29682068228721614,0.3580872994661331,0.06500881910324097,0.20438638985157012,0.0,0.0,0.0,0.0
A002236665,B1_baseline,M_sensitive,1.0,False,False,0.01285114698112011,0.8743545413017273,0.22708559036254883,0.1984948068857193,0.12501904368400574,0.04676160588860512,0.07858508452773094,0.12883725762367249,0.3086757957935333,0.45451459288597107,0.6228399276733398,0.17983853816986084,0.5760783217847347,0.0,0.0,0.0,0.0
A002236665,B1_baseline,H_sensitive,1.0,False,False,0.008290986530482769,0.8845973014831543,0.2026699185371399,0.21521298587322235,0.060802001506090164,0.07677769288420677,0.0981171764433384,0.15627975016832352,0.24214713275432587,0.28900569677352905,0.3358679264783859,0.08586738258600235,0.25909023359417915,0.0,0.0,0.0,0.0
A002236665,B2_proposed_lambda_0p50,M_sensitive,1.0,False,False,0.0015748634468764067,0.8904590606689453,0.267849862575531,0.2544538080692291,0.12145920842885971,0.04727097973227501,0.10007259994745255,0.17538072168827057,0.34502843022346497,0.4820856750011444,0.6192286312580109,0.1696477085351944,0.5719576515257359,0.0,0.0,0.0,0.0
A002236665,B2_proposed_lambda_0p50,H_sensitive,1.0,False,False,0.01580016314983368,0.7357950210571289,0.21712647378444672,0.22503063082695007,0.03700805455446243,0.15010083466768265,0.16041361540555954,0.18209293484687805,0.24844501912593842,0.26723819971084595,0.28054194152355194,0.06635208427906036,0.1304411068558693,0.0,0.0,0.0,0.0
A002270781,B1_baseline,M_sensitive,1.0,False,False,0.04145190864801407,0.7565703988075256,0.24681852757930756,0.23604366183280945,0.06719396263360977,0.12432969182729721,0.15274030864238738,0.20425843819975853,0.27884358167648315,0.37239996790885915,0.46748345941305164,0.07458514347672462,0.34315376758575444,0.0,0.0,0.0,0.0
A002270781,B1_baseline,H_sensitive,1.0,False,False,0.02379261888563633,0.8833020329475403,0.2410699427127838,0.24967610836029053,0.06673331558704376,0.1089484690129757,0.14032637476921084,0.20479793846607208,0.2723630592226982,0.30974442362785337,0.4597420248389246,0.06756512075662613,0.35079355582594896,0.0,0.0,0.0,0.0
A002270781,B2_proposed_lambda_0p50,M_sensitive,1.0,False,False,0.034418877214193344,0.8457444906234741,0.2602023184299469,0.2577415704727173,0.06234338879585266,0.12461012832820416,0.16557899564504625,0.2181372083723545,0.2965969145298004,0.36441811472177504,0.42914013504982007,0.07845970615744591,0.3045300067216159,0.0,0.0,0.0,0.0
A002270781,B2_proposed_lambda_0p50,H_sensitive,1.0,False,False,0.014981049112975597,0.6333443522453308,0.22764116525650024,0.2363753840327263,0.0386873260140419,0.1529822163283825,0.1644463524222374,0.19396695122122765,0.2566312104463577,0.2795979827642441,0.30153968453407287,0.06266425922513008,0.14855746820569038,0.0,0.0,0.0,0.0
A002326614,B1_baseline,M_sensitive,1.0,False,False,0.0066410149447619915,0.7861244678497314,0.23185141384601593,0.22581927478313446,0.0784115120768547,0.07830808907747269,0.11828538030385971,0.18376944959163666,0.27118998765945435,0.3563145399093628,0.49602246284484863,0.08742053806781769,0.41771437376737597,0.0,0.0,0.0,0.0
A002326614,B1_baseline,H_sensitive,1.0,False,False,0.07812289893627167,0.6444972157478333,0.20993702113628387,0.21707531809806824,0.055213235318660736,0.10273028910160065,0.12482486665248871,0.16542638838291168,0.2494906485080719,0.28174614906311035,0.34503350257873505,0.08406426012516022,0.2423032134771344,0.0,0.0,0.0,0.0
A002326614,B2_proposed_lambda_0p50,M_sensitive,1.0,False,False,0.002097414107993245,0.7868887186050415,0.26503074169158936,0.2621401846408844,0.07292330265045166,0.08170180469751358,0.15086401998996735,0.22405384480953217,0.30405229330062866,0.38573959469795227,0.47477779984474167,0.0799984484910965,0.3930759951472281,0.0,0.0,0.0,0.0
A002326614,B2_proposed_lambda_0p50,H_sensitive,1.0,False,False,0.054128482937812805,0.6707711815834045,0.22975000739097595,0.23889769613742828,0.038717880845069885,0.15798328816890717,0.16824808716773987,0.19271960854530334,0.26120322942733765,0.2834226191043854,0.29813740849494935,0.0684836208820343,0.1401541203260422,0.0,0.0,0.0,0.0
A002326614-1,B1_baseline,M_sensitive,1.0,False,False,0.02186996303498745,0.7996484637260437,0.24786251783370972,0.2287319004535675,0.10940558463335037,0.08575093597173691,0.1143837496638298,0.1612590327858925,0.31679271161556244,0.4393530339002609,0.6004474401474004,0.15553367882966995,0.5146965041756635,0.0,0.0,0.0,0.0
A002326614-1,B1_baseline,H_sensitive,1.0,False,False,0.029061606153845787,0.4608052670955658,0.2132345736026764,0.2241278737783432,0.055297840386629105,0.10239308476448059,0.12166840955615044,0.16586510092020035,0.25240686535835266,0.29078158736228943,0.3360316634178162,0.08654176443815231,0.23363857865333562,0.0,0.0,0.0,0.0
A002326614-1,B2_proposed_lambda_0p50,M_sensitive,1.0,False,False,0.010595902800559998,0.8229974508285522,0.2773529291152954,0.26031240820884705,0.11265283823013306,0.08662455677986144,0.12576773017644882,0.19279491156339645,0.3458840996026993,0.48801781237125397,0.5970395386219025,0.15308918803930283,0.510414981842041,0.0,0.0,0.0,0.0
A002326614-1,B2_proposed_lambda_0p50,H_sensitive,1.0,False,False,0.005771609954535961,0.5231616497039795,0.2254033088684082,0.23571720719337463,0.036954429000616074,0.1507757619023323,0.16242870688438416,0.19175996631383896,0.25463980436325073,0.27298755943775177,0.2893255680799485,0.06287983804941177,0.13854980617761622,0.0,0.0,0.0,0.0
A002327722,B1_baseline,M_sensitive,1.0,False,False,0.01065677311271429,0.7670224905014038,0.23665614426136017,0.2095002979040146,0.09338082373142242,0.10425734780728817,0.13248128965497016,0.17143772169947624,0.2821224629878998,0.4190022021532058,0.5484384340047835,0.11068474128842354,0.44418108619749536,0.0,0.0,0.0,0.0
A002327722,B1_baseline,H_sensitive,1.0,False,False,0.03309672698378563,0.8142063617706299,0.2168368697166443,0.22737843543291092,0.056771084666252136,0.10268485963344574,0.12266022078692913,0.1719246581196785,0.25824226438999176,0.28786558508872984,0.32955786049366,0.08631760627031326,0.22687300086021422,0.0,0.0,0.0,0.0
A002327722,B2_proposed_lambda_0p50,M_sensitive,1.0,False,False,0.00026779540348798037,0.8123759031295776,0.26513510942459106,0.24608251452445984,0.10040208697319031,0.08362103305757046,0.12926189005374908,0.19625207036733627,0.322876401245594,0.4578304484486579,0.5529518336057662,0.12662433087825775,0.4693308005481957,0.0,0.0,0.0,0.0
A002327722,B2_proposed_lambda_0p50,H_sensitive,1.0,False,False,0.017923513427376747,0.9322189688682556,0.22670121490955353,0.2339479774236679,0.0405128188431263,0.15209975615143775,0.16545470505952836,0.19166506454348564,0.25743765383958817,0.2800169825553894,0.3062251484394073,0.06577258929610252,0.15412539228796954,0.0,0.0,0.0,0.0
A002329169,B1_baseline,M_sensitive,1.0,False,False,0.0027799054514616728,0.8368451595306396,0.2683357000350952,0.2535057067871094,0.12616822123527527,0.04780217930674553,0.09676448255777359,0.17375560104846954,0.34942758083343506,0.499773234128952,0.646785748004913,0.17567197978496552,0.5989835686981674,0.0,0.0,0.0,0.0
A002329169,B1_baseline,H_sensitive,1.0,False,False,0.0410609133541584,0.6242457628250122,0.20961812138557434,0.2172619253396988,0.0592208057641983,0.08543463796377182,0.11031680554151535,0.16402898728847504,0.2492588758468628,0.29191461205482483,0.35146076679229715,0.08522988855838776,0.26602612882852533,0.0,0.0,0.0,0.0
A002329169,B2_proposed_lambda_0p50,M_sensitive,1.0,False,False,0.0010916631435975432,0.8544923663139343,0.3109351694583893,0.31118685007095337,0.12534956634044647,0.05460691601037979,0.11482995003461838,0.21290017664432526,0.39670243859291077,0.513871967792511,0.6271595835685726,0.1838022619485855,0.5725526675581928,0.0,0.0,0.0,0.0
A002329169,B2_proposed_lambda_0p50,H_sensitive,1.0,False,False,0.03495923429727554,0.714364767074585,0.22100071609020233,0.23333515226840973,0.035749971866607666,0.15198332965373992,0.16337968409061432,0.186747744679451,0.2504265010356903,0.26626548171043396,0.2766676425933837,0.06367875635623932,0.1246843129396438,0.0,0.0,0.0,0.0
A002331084,B1_baseline,M_sensitive,1.0,False,False,0.028074756264686584,0.8476050496101379,0.27410802245140076,0.258932963013649,0.09810324758291245,0.11403732173144818,0.15043028816580772,0.20552674680948257,0.320713609457016,0.47123130559921267,0.60861225605011,0.11518686264753342,0.49457493431866184,0.0,0.0,0.0,0.0
A002331084,B1_baseline,H_sensitive,1.0,False,False,0.01943983882665634,0.6361836194992065,0.23738980293273926,0.24558612704277039,0.0541912317276001,0.12663137748837472,0.1486500896513462,0.19742979854345322,0.26754727214574814,0.3259544774889946,0.3840072003006935,0.07011747360229492,0.2573758228123188,0.0,0.0,0.0,0.0
A002331084,B2_proposed_lambda_0p50,M_sensitive,1.0,False,False,0.008037235587835312,0.8577563166618347,0.2843419015407562,0.28063830733299255,0.08197512477636337,0.11257433876395226,0.1585807867348194,0.23538486659526825,0.32521747052669525,0.4243475094437599,0.5412005710601808,0.089832603931427,0.42862623229622854,0.0,0.0,0.0,0.0
A002331084,B2_proposed_lambda_0p50,H_sensitive,1.0,False,False,0.004524839576333761,0.6171132326126099,0.21585282683372498,0.22532115131616592,0.035059310495853424,0.15053249180316924,0.16051903665065764,0.1830008365213871,0.2447608821094036,0.2628093257546425,0.2761860564351082,0.06176004558801651,0.12565356463193894,0.0,0.0,0.0,0.0
A002336513,B1_baseline,M_sensitive,1.0,False,False,0.001361879170872271,0.876836895942688,0.23975153267383575,0.2141263335943222,0.1249997690320015,0.06192931056022644,0.09155281186103821,0.14535247534513474,0.3072507828474045,0.4945435464382172,0.6570315051078797,0.16189830750226974,0.5951021945476532,0.0,0.0,0.0,0.0
A002336513,B1_baseline,H_sensitive,1.0,False,False,0.05231621116399765,0.5110951066017151,0.22121761739253998,0.2281073033809662,0.05967336148023605,0.10101983413100242,0.1250551924109459,0.17555620521306992,0.25466838479042053,0.3250885635614392,0.3794232451915741,0.07911217957735062,0.2784034110605717,0.0,0.0,0.0,0.0
A002336513,B2_proposed_lambda_0p50,M_sensitive,1.0,False,False,8.000813249964267e-05,0.8475703597068787,0.2554139196872711,0.24363186955451965,0.11170801520347595,0.06113815754652023,0.09870938137173653,0.17569703608751297,0.318280965089798,0.4577880799770354,0.5956229650974261,0.142583929002285,0.5344848075509059,0.0,0.0,3.7181954853670417e-06,0.0
A002336513,B2_proposed_lambda_0p50,H_sensitive,1.0,False,False,0.070305235683918,0.6124361753463745,0.21827618777751923,0.22822386026382446,0.03543271869421005,0.15041443526744844,0.1617649480700493,0.18422874808311462,0.2485511153936386,0.26330630481243134,0.27765454828739156,0.06432236731052399,0.12724011301994312,0.0,0.0,0.0,0.0
A002336585,B1_baseline,M_sensitive,1.0,False,False,0.02971480041742325,0.7804996967315674,0.2400742471218109,0.2038736268877983,0.11463108658790588,0.0904089467972517,0.11997491754591466,0.1616264283657074,0.2918829768896103,0.4879314422607406,0.6420435327291487,0.1302565485239029,0.551634585931897,0.0,0.0,0.0,0.0
A002336585,B1_baseline,H_sensitive,1.0,False,False,0.07114436477422714,0.6575042605400085,0.2283865213394165,0.23386840522289276,0.06615984439849854,0.0995909333974123,0.12435549683868886,0.17531418800354004,0.26719874143600464,0.3431168362498282,0.3980915704369544,0.0918845534324646,0.2985006370395421,0.0,0.0,0.0,0.0
A002336585,B2_proposed_lambda_0p50,M_sensitive,1.0,False,False,0.001798780751414597,0.7451085448265076,0.2502552270889282,0.22959958016872406,0.1005982831120491,0.0815865308791399,0.1214004434645176,0.18025969341397285,0.30392223596572876,0.44282862246036514,0.5636890852451322,0.1236625425517559,0.48210255436599225,0.0,0.0,0.0,0.0
A002336585,B2_proposed_lambda_0p50,H_sensitive,1.0,False,False,0.022858640179038048,0.6395911574363708,0.2177533358335495,0.225236214697361,0.036672890186309814,0.1494780834019184,0.16052147671580314,0.18331050872802734,0.24917923659086227,0.26807126849889756,0.28710316032171246,0.06586872786283493,0.13762507691979406,0.0,0.0,0.0,0.0
A002337238,B1_baseline,M_sensitive,1.0,False,False,0.008908928371965885,0.8609262704849243,0.3295994699001312,0.3349708765745163,0.13589347898960114,0.08066529609262943,0.12568173110485076,0.2195771187543869,0.4151524677872658,0.5640817999839782,0.6946652901172631,0.19557534903287888,0.6139999940246337,0.0,0.0,0.0,0.0
A002337238,B1_baseline,H_sensitive,1.0,False,False,0.05098685622215271,0.7136900424957275,0.22744277119636536,0.23494739830493927,0.06157396361231804,0.08974452063441277,0.12416512668132781,0.18502045795321465,0.2664082646369934,0.3094352394342422,0.36455172568559613,0.08138780668377876,0.2748072050511834,0.0,0.0,0.0,0.0
A002337238,B2_proposed_lambda_0p50,M_sensitive,1.0,False,False,0.0013521306682378054,0.868881344795227,0.3747275769710541,0.38523276150226593,0.13005146384239197,0.0985220480710268,0.16728606894612313,0.27264776825904846,0.46506039053201675,0.5859340786933898,0.6682791578769683,0.1924126222729683,0.5697571098059415,0.0,0.0,0.0,0.0
A002337238,B2_proposed_lambda_0p50,H_sensitive,1.0,False,False,0.0031152870506048203,0.5369668006896973,0.2198059856891632,0.22872421890497208,0.03371846303343773,0.15512982472777367,0.1658686600625515,0.18873001262545586,0.24686582013964653,0.26377172768116,0.27715576678514475,0.058135807514190674,0.12202594205737108,0.0,0.0,0.0,0.0
A002338365,B1_baseline,M_sensitive,1.0,False,False,0.01781543157994747,0.8389001488685608,0.2570889890193939,0.22155721485614777,0.1491631716489792,0.059314435720443724,0.09019892290234566,0.1477901116013527,0.3209899067878723,0.5837814509868622,0.7483214557170871,0.17319979518651962,0.6890070199966434,0.0,0.0,0.0,0.0
A002338365,B1_baseline,H_sensitive,1.0,False,False,0.04851863905787468,0.6498121023178101,0.2196664661169052,0.2263503223657608,0.07798324525356293,0.07597655355930329,0.10390143096446991,0.15511085838079453,0.2679252624511719,0.35579119622707367,0.41071525514125834,0.11281440407037735,0.33473870158195507,0.0,0.0,0.0,0.0
A002338365,B2_proposed_lambda_0p50,M_sensitive,1.0,False,False,0.0030751184094697237,0.8693429231643677,0.2832392156124115,0.27213042974472046,0.1411639153957367,0.051165162771940234,0.09177884832024574,0.17596734315156937,0.35704120993614197,0.5492186546325684,0.7319329202175144,0.1810738667845726,0.6807677574455742,0.0,0.0,0.0,0.0
A002338365,B2_proposed_lambda_0p50,H_sensitive,1.0,False,False,0.012547053396701813,0.6502060890197754,0.2114299237728119,0.22090649604797363,0.03601422533392906,0.14448062777519227,0.1570599526166916,0.17784930020570755,0.24244941771030426,0.25591832399368286,0.2765283554792405,0.06460011750459671,0.1320477277040482,0.0,0.0,0.0,0.0
A002342514,B1_baseline,M_sensitive,1.0,False,False,4.1471750478194735e-09,0.8111748099327087,0.20030361413955688,0.1847497671842575,0.08957985788583755,0.050757917761802676,0.08556313365697861,0.1362610086798668,0.2521665245294571,0.3504003018140792,0.5071618461608888,0.1159055158495903,0.4564039283990861,0.0,0.0,0.0001343048047543901,0.0
A002342514,B1_baseline,H_sensitive,1.0,False,False,0.05029355362057686,0.6949504017829895,0.21126337349414825,0.2201412469148636,0.06291291862726212,0.08853250607848168,0.11282356306910515,0.16411330550909042,0.2524254769086838,0.2863336503505707,0.3690282207727432,0.08831217139959335,0.28049571469426154,0.0,0.0,0.0,0.0
A002342514,B2_proposed_lambda_0p50,M_sensitive,1.0,False,False,1.0069699518666653e-09,0.7903635501861572,0.22562482953071594,0.22258874773979187,0.08652249723672867,0.046763694062829014,0.09211336672306061,0.16564489156007767,0.2774122953414917,0.36842760145664216,0.47302824497222906,0.11176740378141403,0.4262645509094001,0.0,0.0,0.00022160292784474363,0.0
A002342514,B2_proposed_lambda_0p50,H_sensitive,1.0,False,False,0.01826000213623047,0.8271116614341736,0.22643664479255676,0.2355659008026123,0.040126580744981766,0.15101669669151307,0.16449855118989945,0.18899040669202805,0.2572455406188965,0.2815089762210845,0.3039877533912659,0.06825513392686844,0.1529710566997528,0.0,0.0,0.0,0.0
A002342998,B1_baseline,M_sensitive,1.0,False,False,0.0016408930532634258,0.7778880596160889,0.2522208094596863,0.2644951641559601,0.11923027038574219,0.013413788480684162,0.05157007724046707,0.1638960838317871,0.3343091309070587,0.43529965430498124,0.5449886935949322,0.1704130470752716,0.531574905114248,0.0,0.0,0.0,0.0
A002342998,B1_baseline,H_sensitive,1.0,False,False,0.028496066108345985,0.4532235860824585,0.21833419799804688,0.22635527700185776,0.05585004389286041,0.09720942087471485,0.11841424368321896,0.18013865873217583,0.2604778930544853,0.29713692367076877,0.3336406454443931,0.0803392343223095,0.23643122456967824,0.0,0.0,0.0,0.0
A002342998,B2_proposed_lambda_0p50,M_sensitive,1.0,False,False,0.0007163797854445875,0.7767714262008667,0.2830547094345093,0.30531468987464905,0.12071224302053452,0.009725639503449202,0.04710725992918014,0.20453527197241783,0.37006379663944244,0.44771182984113694,0.5111049759387967,0.1655285246670246,0.5013793364353475,0.0,0.0,0.0,0.0
A002342998,B2_proposed_lambda_0p50,H_sensitive,1.0,False,False,0.039483435451984406,0.6843705177307129,0.22443106770515442,0.23596182465553284,0.0390140637755394,0.14764774784445764,0.16056368350982667,0.1878102868795395,0.2535075843334198,0.27973497062921526,0.300233304798603,0.06569729745388031,0.15258555695414536,0.0,0.0,0.0,0.0
A002343275,B1_baseline,M_sensitive,1.0,False,False,0.0002940196718554944,0.7894728779792786,0.1977345198392868,0.18328461050987244,0.09499625861644745,0.012155839912593365,0.06542862206697464,0.14354396983981133,0.23365389555692673,0.374189555644989,0.5481826084852219,0.0901099257171154,0.5360267685726285,0.0,0.0,0.0,0.0
A002343275,B1_baseline,H_sensitive,1.0,False,False,0.09122361987829208,0.7446802258491516,0.22828398644924164,0.22983039170503616,0.06389893591403961,0.11895900264382363,0.13394284024834632,0.18011745437979698,0.2629614993929863,0.34095365554094315,0.40392700076103216,0.08284404501318932,0.2849679981172085,0.0,0.0,0.0,0.0
A002343275,B2_proposed_lambda_0p50,M_sensitive,1.0,False,False,0.0005488340393640101,0.7725802063941956,0.22016756236553192,0.22779259830713272,0.07983976602554321,0.01301968646235764,0.07803588807582855,0.1709989756345749,0.2721383571624756,0.33261146396398544,0.4326456284523012,0.1011393815279007,0.4196259419899436,0.0,0.0,0.0,0.0
A002343275,B2_proposed_lambda_0p50,H_sensitive,1.0,False,False,0.039928238838911057,0.7587506771087646,0.22432950139045715,0.2349662333726883,0.03714365139603615,0.15687001675367354,0.16571060419082642,0.18866562098264694,0.2542818561196327,0.2732140123844147,0.2841951268911362,0.06561623513698578,0.12732511013746264,0.0,0.0,0.0,0.0
A002343275-1,B1_baseline,M_sensitive,1.0,False,False,0.019541596993803978,0.8858051300048828,0.26430264115333557,0.25035610795021057,0.1262882947921753,0.07296994000673294,0.10241564810276031,0.15934111922979355,0.3431567847728729,0.5017508268356323,0.6220917284488677,0.18381566554307938,0.5491217884421348,0.0,0.0,0.0,0.0
A002343275-1,B1_baseline,H_sensitive,1.0,False,False,0.02737509086728096,0.4744822680950165,0.21380183100700378,0.22585467994213104,0.06259462237358093,0.0806659147143364,0.10462823361158372,0.16398829966783524,0.2608519345521927,0.30183154642581933,0.33722429871559134,0.09686363488435745,0.25655838400125497,0.0,0.0,0.0,0.0
A002343275-1,B2_proposed_lambda_0p50,M_sensitive,1.0,False,False,0.0052526588551700115,0.8425926566123962,0.278928279876709,0.2606496214866638,0.12022192031145096,0.07540464565157891,0.11850501373410224,0.1860094517469406,0.35434263944625854,0.5050329506397248,0.6142101824283596,0.16833318769931793,0.5388055367767807,0.0,0.0,0.0,0.0
A002343275-1,B2_proposed_lambda_0p50,H_sensitive,1.0,False,False,0.01499563455581665,0.7870845198631287,0.21868814527988434,0.22760725021362305,0.03892340138554573,0.1418663203716278,0.1545698255300522,0.18338549137115479,0.2499922215938568,0.27220613062381743,0.2859171605110168,0.06660673022270203,0.14405084013938899,0.0,0.0,0.0,0.0
A002345714,B1_baseline,M_sensitive,1.0,False,False,0.0632137879729271,0.7478574514389038,0.2597111761569977,0.25171756744384766,0.0676063597202301,0.1364130312204361,0.16657159924507142,0.21324912458658218,0.29862792789936066,0.3687268704175949,0.48767077744007115,0.08537880331277847,0.351257746219635,0.0,0.0,0.0,0.0
A002345714,B1_baseline,H_sensitive,1.0,False,False,0.06263523548841476,0.5983991622924805,0.22631260752677917,0.23963113129138947,0.053940001875162125,0.11210670322179794,0.13283449411392212,0.18282859027385712,0.26619765162467957,0.29546509087085726,0.32824576258659366,0.08336906135082245,0.21613905936479572,0.0,0.0,0.0,0.0
A002345714,B2_proposed_lambda_0p50,M_sensitive,1.0,False,False,0.03690733760595322,0.7866547703742981,0.27315640449523926,0.26856037974357605,0.05917956307530403,0.14523012310266495,0.18700123727321624,0.23546771705150604,0.3048950731754303,0.37285382151603697,0.4534332138299943,0.06942735612392426,0.3082030907273293,0.0,0.0,0.0,0.0
A002345714,B2_proposed_lambda_0p50,H_sensitive,1.0,False,False,0.022633954882621765,0.5772408246994019,0.22558684647083282,0.2337156981229782,0.04013700410723686,0.1475287139415741,0.1607254058122635,0.18969649076461792,0.25790129601955414,0.28046471774578097,0.3090494793653489,0.06820480525493622,0.16152076542377478,0.0,0.0,0.0,0.0
A002350335,B1_baseline,M_sensitive,1.0,False,False,0.01230749860405922,0.8296809792518616,0.2827583849430084,0.2828082740306854,0.09610600024461746,0.11026525124907494,0.14486583322286606,0.20655355602502823,0.34590210020542145,0.437248632311821,0.5718396067619325,0.13934854418039322,0.4615743555128575,0.0,0.0,0.0,0.0
A002350335,B1_baseline,H_sensitive,1.0,False,False,0.036900438368320465,0.5315384268760681,0.21810579299926758,0.22813481092453003,0.05736394599080086,0.08978686109185219,0.11639206483960152,0.17418123036623,0.26118552684783936,0.2989056259393692,0.3289199054241181,0.08700429648160934,0.2391330443322659,0.0,0.0,0.0,0.0
A002350335,B2_proposed_lambda_0p50,M_sensitive,1.0,False,False,0.010118342936038971,0.8306732773780823,0.32841530442237854,0.3318328261375427,0.08708574622869492,0.1288093402981758,0.1873481571674347,0.26820729672908783,0.38491174578666687,0.4642278254032135,0.5585412502288829,0.11670444905757904,0.4297319099307071,0.0,0.0,0.0,0.0
A002350335,B2_proposed_lambda_0p50,H_sensitive,1.0,False,False,0.02428448386490345,0.5570607781410217,0.22505289316177368,0.23411256074905396,0.03686045482754707,0.15859269946813584,0.16680356115102768,0.19014819711446762,0.2550806403160095,0.2756699025630951,0.292374721169472,0.0649324432015419,0.13378202170133616,0.0,0.0,0.0,0.0
A002352380,B1_baseline,M_sensitive,1.0,False,False,0.00264684297144413,0.8333104252815247,0.26319530606269836,0.24227488040924072,0.14754192531108856,0.04071178771555424,0.0829179659485817,0.14410508424043655,0.3414769768714905,0.5669005215167999,0.6866401422023773,0.19737189263105392,0.6459283544868231,0.0,0.0,0.0,0.0
A002352380,B1_baseline,H_sensitive,1.0,False,False,0.0332883857190609,0.8837063312530518,0.23519223928451538,0.24083943665027618,0.08376253396272659,0.09036802724003792,0.11455498859286309,0.17053501307964325,0.27456559240818024,0.39403563141822806,0.45631137073040007,0.10403057932853699,0.36594334349036217,0.0,0.0,0.0,0.0
A002352380,B2_proposed_lambda_0p50,M_sensitive,1.0,False,False,0.00031144495005719364,0.8061884045600891,0.29411447048187256,0.2899855971336365,0.13142384588718414,0.04535981923341751,0.09888564571738243,0.19639503955841064,0.37936705350875854,0.5226625561714172,0.6336846375465393,0.1829720139503479,0.5883248183131218,0.0,0.0,0.0,0.0
A002352380,B2_proposed_lambda_0p50,H_sensitive,1.0,False,False,0.004627856891602278,0.8016567826271057,0.22223757207393646,0.23343715071678162,0.03774891421198845,0.1556823268532753,0.1638624757528305,0.18511691689491272,0.2502039968967438,0.2726046472787857,0.29246647596359254,0.06508708000183105,0.13678414911031725,0.0,0.0,0.0,0.0
A002352466,B1_baseline,M_sensitive,1.0,False,False,0.0007973340689204633,0.7320212125778198,0.14570659399032593,0.13964162021875381,0.05858814716339111,0.0422371655702591,0.07490683943033219,0.11022511310875416,0.16854488477110863,0.24394529014825808,0.3643976861238481,0.05831977166235447,0.322160520553589,0.0,0.0,0.0,0.0
A002352466,B1_baseline,H_sensitive,1.0,False,False,0.05383128300309181,0.5141691565513611,0.21271756291389465,0.21817824244499207,0.06218315660953522,0.09483476541936398,0.11224257051944733,0.16952546313405037,0.24827034771442413,0.31536877006292335,0.4015771022439003,0.07874488458037376,0.30674233682453633,0.0,0.0,0.0,0.0
A002352466,B2_proposed_lambda_0p50,M_sensitive,1.0,False,False,0.0008500698022544384,0.7456650733947754,0.1650332659482956,0.15718918293714523,0.061651237308979034,0.039256475940346716,0.07750382646918297,0.13073690980672836,0.1919260397553444,0.26965013593435283,0.3573182091116906,0.06118912994861603,0.3180617331713439,0.0,0.0,0.0,0.0
A002352466,B2_proposed_lambda_0p50,H_sensitive,1.0,False,False,0.10292507708072662,0.583361029624939,0.23252533376216888,0.23956457525491714,0.037949010729789734,0.15849606066942215,0.17156755775213242,0.19861825183033943,0.2610698267817497,0.28639287054538726,0.31911696642637255,0.062451574951410294,0.1606209057569504,0.0,0.0,0.0,0.0
A002352679,B1_baseline,M_sensitive,1.0,False,False,0.04890464246273041,0.7843815088272095,0.2799886465072632,0.2733811140060425,0.07940689474344254,0.13756018340587617,0.1679905980825424,0.21827332675457,0.33421576023101807,0.40826528668403617,0.5111489486694338,0.11594243347644806,0.37358876526355767,0.0,0.0,0.0,0.0
A002352679,B1_baseline,H_sensitive,1.0,False,False,0.023495851084589958,0.4757513701915741,0.22097523510456085,0.23008021712303162,0.054511405527591705,0.10114841610193252,0.12282379120588302,0.1818464994430542,0.2627137005329132,0.2929900407791137,0.32495326876640335,0.08086720108985901,0.2238048526644708,0.0,0.0,0.0,0.0
A002352679,B2_proposed_lambda_0p50,M_sensitive,1.0,False,False,0.007739275693893433,0.770890474319458,0.31555283069610596,0.3131049871444702,0.08182941377162933,0.12532669305801392,0.1861976057291031,0.2637198865413666,0.36318445205688477,0.45728159546852104,0.5443193316459656,0.09946456551551819,0.41899263858795166,0.0,0.0,0.0,0.0
A002352679,B2_proposed_lambda_0p50,H_sensitive,1.0,False,False,0.007695213425904512,0.6331433653831482,0.22405306994915009,0.2327907383441925,0.03508864715695381,0.1556837546825409,0.16683887243270873,0.19283631443977356,0.25162947177886963,0.2723313868045807,0.2869295799732209,0.05879315733909607,0.13124582529068,0.0,0.0,0.0,0.0
A002355690,B1_baseline,M_sensitive,1.0,False,False,0.007485604844987392,0.751605212688446,0.2527410686016083,0.2520253360271454,0.09650532156229019,0.06989435851573944,0.1023309886455536,0.18384574353694916,0.3118979036808014,0.40699517726898193,0.5378170633316042,0.12805216014385223,0.46792270481586473,0.0,0.0,0.0,0.0
A002355690,B1_baseline,H_sensitive,1.0,False,False,0.055161576718091965,0.6274171471595764,0.22146597504615784,0.23443752527236938,0.05454390123486519,0.09674474447965623,0.1256796181201935,0.17703984677791595,0.2626417279243469,0.29548245668411255,0.3297250998020173,0.08560188114643097,0.23298035532236108,0.0,0.0,0.0,0.0
A002355690,B2_proposed_lambda_0p50,M_sensitive,1.0,False,False,0.005545101128518581,0.7633143663406372,0.26724863052368164,0.2739821970462799,0.08507461845874786,0.06661757439374924,0.11830356866121293,0.21632228791713715,0.3188318908214569,0.3963438510894775,0.4985245203971864,0.10250960290431976,0.43190694600343715,0.0,0.0,0.0,0.0
A002355690,B2_proposed_lambda_0p50,H_sensitive,1.0,False,False,0.04358692839741707,0.6525440812110901,0.22164805233478546,0.23132666945457458,0.03697351738810539,0.14764487147331237,0.15963972210884095,0.1879069060087204,0.2506648004055023,0.2720178246498108,0.2866525423526764,0.06275789439678192,0.13900767087936403,0.0,0.0,0.0,0.0
A002356134,B1_baseline,M_sensitive,1.0,False,False,0.01146802306175232,0.7807095050811768,0.23178234696388245,0.2122991755604744,0.13655805587768555,0.04478099308907986,0.07434574328362942,0.1200336366891861,0.2933804765343666,0.5236604124307632,0.6375361442565918,0.1733468398451805,0.5927551511675119,0.0,0.0,0.0,0.0
A002356134,B1_baseline,H_sensitive,1.0,False,False,0.03238329291343689,0.514512300491333,0.21852624416351318,0.226384699344635,0.057985544204711914,0.10663825690746308,0.12683854550123214,0.1735139861702919,0.2554829940199852,0.311786124110222,0.3742710027098655,0.0819690078496933,0.2676327458024024,0.0,0.0,0.0,0.0
A002356134,B2_proposed_lambda_0p50,M_sensitive,1.0,False,False,0.0006297312793321908,0.7723933458328247,0.25269925594329834,0.24123434722423553,0.1314844787120819,0.034325168393552305,0.06856507547199726,0.14837759360671043,0.3356495350599289,0.5022029221057892,0.5695569521188736,0.18727194145321846,0.5352317837253213,0.0,0.0,0.0,0.0
A002356134,B2_proposed_lambda_0p50,H_sensitive,1.0,False,False,0.004681004676967859,0.7299306392669678,0.22274747490882874,0.2311324030160904,0.03668549284338951,0.1513828891515732,0.16344039887189865,0.1887897364795208,0.2521371394395828,0.27218984216451647,0.28797790884971614,0.06334740296006203,0.13659501969814294,0.0,0.0,0.0,0.0
A002358957,B1_baseline,M_sensitive,1.0,False,False,0.00015502123278565705,0.8374578356742859,0.22331702709197998,0.1924096867442131,0.12399059534072876,0.038182166032493116,0.07932595647871495,0.1395067796111107,0.2823532819747925,0.4739531949162482,0.6629994261264799,0.1428465023636818,0.6248172600939867,0.0,0.0,0.0,0.0
A002358957,B1_baseline,H_sensitive,1.0,False,False,0.023030316457152367,0.6144983768463135,0.21802033483982086,0.22461217641830444,0.05936722829937935,0.09290062166750432,0.11667173653841019,0.17646463587880135,0.2546604126691818,0.3143169015645981,0.37765811562538143,0.07819577679038048,0.2847574939578771,0.0,0.0,0.0,0.0
A002358957,B2_proposed_lambda_0p50,M_sensitive,1.0,False,False,9.302113176090643e-05,0.8609911203384399,0.24464760720729828,0.2311338260769844,0.11679662019014359,0.02456562824547291,0.08632900193333626,0.16264114901423454,0.30525635182857513,0.4667779371142387,0.6236935669183726,0.1426152028143406,0.5991279386728997,0.0,0.0,1.1791006763321479e-06,0.0
A002358957,B2_proposed_lambda_0p50,H_sensitive,1.0,False,False,0.06664229184389114,0.603561282157898,0.21825002133846283,0.22776977717876434,0.03574719280004501,0.15077508196234704,0.1609465777873993,0.18358637019991875,0.24861066788434982,0.2655556321144104,0.27633551627397535,0.06502429768443108,0.1255604343116283,0.0,0.0,0.0,0.0
A002360612,B1_baseline,M_sensitive,1.0,False,False,0.009957380592823029,0.8913562297821045,0.27038004994392395,0.2694586515426636,0.13239425420761108,0.041738624051213265,0.06936751827597618,0.17509909719228745,0.3485617935657501,0.4965444624423981,0.642380065917969,0.17346269637346268,0.6006414418667557,0.0,0.0,0.0,0.0
A002360612,B1_baseline,H_sensitive,1.0,False,False,0.06084487587213516,0.5328204035758972,0.22489283978939056,0.2279828041791916,0.06477513909339905,0.10199954062700271,0.12556178569793702,0.17396830022335052,0.2606276571750641,0.3467125505208969,0.39026524126529694,0.08665935695171356,0.2882657006382942,0.0,0.0,0.0,0.0
A002360612,B2_proposed_lambda_0p50,M_sensitive,1.0,False,False,0.004378144163638353,0.9083389043807983,0.28923651576042175,0.3075842559337616,0.11882971972227097,0.03609534502029419,0.08088250532746315,0.21590570360422134,0.36129090189933777,0.46310835480690005,0.5756087148189545,0.14538519829511642,0.5395133697986603,0.0,0.0,0.0,0.0
A002360612,B2_proposed_lambda_0p50,H_sensitive,1.0,False,False,0.053585439920425415,0.7409529089927673,0.22004449367523193,0.2307986617088318,0.03733060881495476,0.14832767188549043,0.16177164614200593,0.18411755561828613,0.2498660534620285,0.270294064283371,0.296532096862793,0.06574849784374237,0.1482044249773026,0.0,0.0,0.0,0.0
A002361812,B1_baseline,M_sensitive,1.0,False,False,0.006597673986107111,0.8239471316337585,0.2438066601753235,0.2210768684744835,0.10952764004468918,0.07963460914790631,0.11168528869748116,0.16878431662917137,0.2955272048711777,0.46288264393806444,0.6282592427730556,0.1267428882420063,0.5486246336251492,0.0,0.0,0.0,0.0
A002361812,B1_baseline,H_sensitive,1.0,False,False,0.05218708515167236,0.6508784890174866,0.21319244801998138,0.22268007695674896,0.05784919485449791,0.09610095299780369,0.12364652119576931,0.16782240569591522,0.2511155977845192,0.2913649380207062,0.3500665962696075,0.08329319208860397,0.2539656432718038,0.0,0.0,0.0,0.0
A002361812,B2_proposed_lambda_0p50,M_sensitive,1.0,False,False,0.0013833855045959353,0.8355342149734497,0.2685225009918213,0.2579535096883774,0.09954651445150375,0.07547610737383366,0.1297529622912407,0.201265849173069,0.32079630345106125,0.4474781200289724,0.5926213788986204,0.11953045427799225,0.5171452715247867,0.0,0.0,0.0,0.0
A002361812,B2_proposed_lambda_0p50,H_sensitive,1.0,False,False,0.04137231037020683,0.6251206994056702,0.22275076806545258,0.23336197435855865,0.03789001703262329,0.15293941035866737,0.16460033133625984,0.18635596334934235,0.2532912716269493,0.2729026421904564,0.3001066055893896,0.06693530827760696,0.14716719523072225,0.0,0.0,0.0,0.0
A002364485,B1_baseline,M_sensitive,1.0,False,False,0.014882080256938934,0.82582026720047,0.291610449552536,0.2790091633796692,0.13205480575561523,0.08605005666613579,0.12412889674305916,0.18626463413238525,0.3673004060983658,0.5401553809642792,0.7192699909210204,0.18103577196598053,0.6332199342548847,0.0,0.0,0.0,0.0
A002364485,B1_baseline,H_sensitive,1.0,False,False,0.03076993115246296,0.8261874914169312,0.2276458591222763,0.23158931732177734,0.0691002905368805,0.10055453553795815,0.12835213541984558,0.18160918354988098,0.2657840847969055,0.31813906133174896,0.41525295078754404,0.08417490124702454,0.31469841524958586,0.0,0.0,0.0,0.0
A002364485,B2_proposed_lambda_0p50,M_sensitive,1.0,False,False,0.010385348461568356,0.8897610902786255,0.3306289613246918,0.3249094486236572,0.12719941139221191,0.09105635732412339,0.15789741277694702,0.22740330547094345,0.409732922911644,0.5539295375347137,0.699212223291396,0.18232961744070053,0.6081558659672726,0.0,0.0,0.0,0.0
A002364485,B2_proposed_lambda_0p50,H_sensitive,1.0,False,False,0.0041732992976903915,0.6247195601463318,0.22113168239593506,0.22655346989631653,0.03724357858300209,0.15261553674936296,0.16346878558397293,0.18810182064771652,0.24859312176704407,0.2758914828300476,0.30206321477890014,0.060491301119327545,0.14944767802953718,0.0,0.0,0.0,0.0
A002366013,B1_baseline,M_sensitive,1.0,False,False,0.00047959861694835126,0.8687384724617004,0.25509729981422424,0.23606060445308685,0.10419516265392303,0.07715406179428101,0.12508335709571838,0.18201172351837158,0.3101544827222824,0.4422968804836272,0.6138290655612946,0.12814275920391083,0.5366750037670136,0.0,0.0,0.0,0.0
A002366013,B1_baseline,H_sensitive,1.0,False,False,0.042493898421525955,0.6274254322052002,0.22304458916187286,0.23333632946014404,0.05811266601085663,0.10724237740039826,0.1262735441327095,0.17704249918460846,0.2639203518629074,0.299038541316986,0.37579979956150056,0.08687785267829895,0.2685574221611023,0.0,0.0,0.0,0.0
A002366013,B2_proposed_lambda_0p50,M_sensitive,1.0,False,False,9.067692735698074e-05,0.880978524684906,0.2772535979747772,0.26572829484939575,0.10246254503726959,0.06074982747435569,0.13369828313589097,0.20994434505701065,0.3309863656759262,0.4611701667308804,0.5756496834754945,0.12104202061891556,0.5148998560011389,0.0,0.0,2.550776392564487e-06,0.0
A002366013,B2_proposed_lambda_0p50,H_sensitive,1.0,False,False,0.03865712136030197,0.6992200016975403,0.2253548502922058,0.2330894023180008,0.039827290922403336,0.14974528640508653,0.1617250457406044,0.19001656770706177,0.25417403876781464,0.27989729046821593,0.32026956677436835,0.06415747106075287,0.17052428036928183,0.0,0.0,0.0,0.0
