candidate,subject_id,parameter,grid_value_u,grid_value,logrmse,solver_success
V2R-PS,p003,f_mel,0.0,0.0,0.6525551445254527,True
V2R-PS,p003,f_mel,0.02,0.0086,0.5657641645948105,True
V2R-PS,p003,f_mel,0.04,0.0172,0.48288483338542443,True
V2R-PS,p003,f_mel,0.06,0.0258,0.40372683310992913,True
V2R-PS,p003,f_mel,0.08,0.0344,0.32818826738466994,True
V2R-PS,p003,f_mel,0.1,0.043000000000000003,0.25632350775266416,True
V2R-PS,p003,f_mel,0.12,0.0516,0.18855885709381082,True
V2R-PS,p003,f_mel,0.14,0.060200000000000004,0.12651207681917784,True
V2R-PS,p003,f_mel,0.16,0.0688,0.07704602488189699,True
V2R-PS,p003,f_mel,0.18,0.0774,0.05902911416808853,True
V2R-PS,p003,f_mel,0.18681269771680523,0.08032946001822625,0.05792212550337537,True
V2R-PS,p003,f_mel,0.2,0.08600000000000001,0.06208401281054585,True
V2R-PS,p003,f_mel,0.22,0.0946,0.08144577739966703,True
V2R-PS,p003,f_mel,0.24,0.1032,0.11016501475769981,True
V2R-PS,p003,f_mel,0.26,0.1118,0.144248723671262,True
V2R-PS,p003,f_mel,0.28,0.12040000000000001,0.18239476833786714,True
V2R-PS,p003,f_mel,0.3,0.129,0.22663845531586285,True
V2R-PS,p003,f_mel,0.32,0.1376,0.2748975967386946,True
V2R-PS,p003,f_mel,0.34,0.1462,0.3244261081571311,True
V2R-PS,p003,f_mel,0.36,0.1548,0.37397351821118974,True
V2R-PS,p003,f_mel,0.38,0.1634,0.4229411047022412,True
V2R-PS,p003,f_mel,0.4,0.17200000000000001,0.4710320426634084,True
V2R-PS,p003,f_mel,0.42,0.18059999999999998,0.5180994028601706,True
V2R-PS,p003,f_mel,0.44,0.1892,0.5640752130994191,True
V2R-PS,p003,f_mel,0.46,0.1978,0.6089350122746838,True
V2R-PS,p003,f_mel,0.48,0.2064,0.6526790677341967,True
V2R-PS,p003,f_mel,0.5,0.215,0.6953219267607957,True
V2R-PS,p003,f_mel,0.52,0.2236,0.7368863714429303,True
V2R-PS,p003,f_mel,0.54,0.23220000000000002,0.7773998116190635,True
V2R-PS,p003,f_mel,0.56,0.24080000000000001,0.8168920823050841,True
V2R-PS,p003,f_mel,0.58,0.24939999999999998,0.8553940776032104,True
V2R-PS,p003,f_mel,0.6,0.258,0.8929368968258893,True
V2R-PS,p003,f_mel,0.62,0.2666,0.9295513114957645,True
V2R-PS,p003,f_mel,0.64,0.2752,0.9652674370440018,True
V2R-PS,p003,f_mel,0.66,0.2838,1.0001145369033573,True
V2R-PS,p003,f_mel,0.68,0.2924,1.034120913034428,True
V2R-PS,p003,f_mel,0.7000000000000001,0.30100000000000005,1.0673138531378668,True
V2R-PS,p003,f_mel,0.72,0.3096,1.0997196150077795,True
V2R-PS,p003,f_mel,0.74,0.3182,1.1313634350268198,True
V2R-PS,p003,f_mel,0.76,0.3268,1.162269552074742,True
V2R-PS,p003,f_mel,0.78,0.33540000000000003,1.192461240951285,True
V2R-PS,p003,f_mel,0.8,0.34400000000000003,1.2219608513123517,True
V2R-PS,p003,f_mel,0.8200000000000001,0.3526,1.2507898494059642,True
V2R-PS,p003,f_mel,0.84,0.36119999999999997,1.2789688607757805,True
V2R-PS,p003,f_mel,0.86,0.36979999999999996,1.3065177127075966,True
V2R-PS,p003,f_mel,0.88,0.3784,1.3334554756156511,True
V2R-PS,p003,f_mel,0.9,0.387,1.3598005028567761,True
V2R-PS,p003,f_mel,0.92,0.3956,1.385570468669683,True
V2R-PS,p003,f_mel,0.9400000000000001,0.4042,1.410782404068176,True
V2R-PS,p003,f_mel,0.96,0.4128,1.43545273062788,True
V2R-PS,p003,f_mel,0.98,0.4214,1.4595972921605576,True
V2R-PS,p003,f_mel,1.0,0.43,1.4832313843252347,True
V2R-PS,p003,f_blood,0.0,0.0,0.1352309156612252,True
V2R-PS,p003,f_blood,0.02,0.002,0.12353948612432458,True
V2R-PS,p003,f_blood,0.04,0.004,0.11504771247092026,True
V2R-PS,p003,f_blood,0.06,0.006,0.10824908954587058,True
V2R-PS,p003,f_blood,0.08,0.008,0.1025477007464667,True
V2R-PS,p003,f_blood,0.1,0.010000000000000002,0.09763497729350978,True
V2R-PS,p003,f_blood,0.12,0.012,0.09332683621293442,True
V2R-PS,p003,f_blood,0.14,0.014000000000000002,0.08950318100787957,True
V2R-PS,p003,f_blood,0.16,0.016,0.08608062480897315,True
V2R-PS,p003,f_blood,0.18,0.018,0.08299853125663097,True
V2R-PS,p003,f_blood,0.2,0.020000000000000004,0.08021119386911518,True
V2R-PS,p003,f_blood,0.22,0.022000000000000002,0.07768314429201545,True
V2R-PS,p003,f_blood,0.24,0.024,0.07538618230770142,True
V2R-PS,p003,f_blood,0.26,0.026000000000000002,0.07329741247623058,True
V2R-PS,p003,f_blood,0.28,0.028000000000000004,0.07139789912653617,True
V2R-PS,p003,f_blood,0.3,0.03,0.06967171722774297,True
V2R-PS,p003,f_blood,0.32,0.032,0.06810526584418766,True
V2R-PS,p003,f_blood,0.34,0.034,0.06668676122339415,True
V2R-PS,p003,f_blood,0.36,0.036,0.06540585617856269,True
V2R-PS,p003,f_blood,0.38,0.038000000000000006,0.06425335046126343,True
V2R-PS,p003,f_blood,0.4,0.04000000000000001,0.063220968134464,True
V2R-PS,p003,f_blood,0.42,0.042,0.06230118523855543,True
V2R-PS,p003,f_blood,0.44,0.044000000000000004,0.06148709583625218,True
V2R-PS,p003,f_blood,0.46,0.046000000000000006,0.060772307741002764,True
V2R-PS,p003,f_blood,0.48,0.048,0.060150861436573735,True
V2R-PS,p003,f_blood,0.5,0.05,0.05961716723286364,True
V2R-PS,p003,f_blood,0.52,0.052000000000000005,0.05916595679890931,True
V2R-PS,p003,f_blood,0.54,0.054000000000000006,0.05879224601438178,True
V2R-PS,p003,f_blood,0.56,0.05600000000000001,0.05849130668159765,True
V2R-PS,p003,f_blood,0.58,0.057999999999999996,0.0582586451045715,True
V2R-PS,p003,f_blood,0.6,0.06,0.058089985911611665,True
V2R-PS,p003,f_blood,0.62,0.062,0.05798125980059765,True
V2R-PS,p003,f_blood,0.64,0.064,0.05792859413884775,True
V2R-PS,p003,f_blood,0.650056399620568,0.06500563996205681,0.05792212550337535,True
V2R-PS,p003,f_blood,0.66,0.066,0.05792830556347096,True
V2R-PS,p003,f_blood,0.68,0.068,0.05797689391026561,True
V2R-PS,p003,f_blood,0.7000000000000001,0.07,0.058071036954092034,True
V2R-PS,p003,f_blood,0.72,0.072,0.0582075855742719,True
V2R-PS,p003,f_blood,0.74,0.074,0.05838355906733709,True
V2R-PS,p003,f_blood,0.76,0.07600000000000001,0.05859614041845914,True
V2R-PS,p003,f_blood,0.78,0.07800000000000001,0.0588426714141484,True
V2R-PS,p003,f_blood,0.8,0.08000000000000002,0.05912064753437066,True
V2R-PS,p003,f_blood,0.8200000000000001,0.08200000000000002,0.05942771260414907,True
V2R-PS,p003,f_blood,0.84,0.084,0.059761653215052814,True
V2R-PS,p003,f_blood,0.86,0.08600000000000001,0.06012039294769022,True
V2R-PS,p003,f_blood,0.88,0.08800000000000001,0.06050198643927492,True
V2R-PS,p003,f_blood,0.9,0.09000000000000001,0.06090461334718408,True
V2R-PS,p003,f_blood,0.92,0.09200000000000001,0.061326572261657775,True
V2R-PS,p003,f_blood,0.9400000000000001,0.09400000000000001,0.06176627461964333,True
V2R-PS,p003,f_blood,0.96,0.096,0.06222223866832265,True
V2R-PS,p003,f_blood,0.98,0.098,0.06269308352190814,True
V2R-PS,p003,f_blood,1.0,0.1,0.06317752334951578,True
V2R-PS,p004,f_mel,0.0,0.0,0.7667755724638236,True
V2R-PS,p004,f_mel,0.02,0.0086,0.6800220361188045,True
V2R-PS,p004,f_mel,0.04,0.0172,0.5970775868177054,True
V2R-PS,p004,f_mel,0.06,0.0258,0.5177147592341423,True
V2R-PS,p004,f_mel,0.08,0.0344,0.441752243995071,True
V2R-PS,p004,f_mel,0.1,0.043000000000000003,0.3690636130729108,True
V2R-PS,p004,f_mel,0.12,0.0516,0.299606412062005,True
V2R-PS,p004,f_mel,0.14,0.060200000000000004,0.23350346855986828,True
V2R-PS,p004,f_mel,0.16,0.0688,0.17129253992684992,True
V2R-PS,p004,f_mel,0.18,0.0774,0.11486836906267817,True
V2R-PS,p004,f_mel,0.2,0.08600000000000001,0.07193117819282116,True
V2R-PS,p004,f_mel,0.22,0.0946,0.056499206526647125,True
V2R-PS,p004,f_mel,0.22905141405122914,0.09849210804202853,0.05475530015956073,True
V2R-PS,p004,f_mel,0.24,0.1032,0.05738794361109013,True
V2R-PS,p004,f_mel,0.26,0.1118,0.0739491363349152,True
V2R-PS,p004,f_mel,0.28,0.12040000000000001,0.10027117098812442,True
V2R-PS,p004,f_mel,0.3,0.129,0.1323582811097706,True
V2R-PS,p004,f_mel,0.32,0.1376,0.16949798099380553,True
V2R-PS,p004,f_mel,0.34,0.1462,0.2133972812776086,True
V2R-PS,p004,f_mel,0.36,0.1548,0.260242349395415,True
V2R-PS,p004,f_mel,0.38,0.1634,0.30784331678625504,True
V2R-PS,p004,f_mel,0.4,0.17200000000000001,0.3552325678035441,True
V2R-PS,p004,f_mel,0.42,0.18059999999999998,0.40195500220240127,True
V2R-PS,p004,f_mel,0.44,0.1892,0.44778896717085775,True
V2R-PS,p004,f_mel,0.46,0.1978,0.49262781831590263,True
V2R-PS,p004,f_mel,0.48,0.2064,0.5364252445549,True
V2R-PS,p004,f_mel,0.5,0.215,0.5791680878393843,True
V2R-PS,p004,f_mel,0.52,0.2236,0.6208619728566611,True
V2R-PS,p004,f_mel,0.54,0.23220000000000002,0.6615233194746333,True
V2R-PS,p004,f_mel,0.56,0.24080000000000001,0.701174721890652,True
V2R-PS,p004,f_mel,0.58,0.24939999999999998,0.7398421909113725,True
V2R-PS,p004,f_mel,0.6,0.258,0.7775534696893135,True
V2R-PS,p004,f_mel,0.62,0.2666,0.8143369891465295,True
V2R-PS,p004,f_mel,0.64,0.2752,0.8502212154174684,True
V2R-PS,p004,f_mel,0.66,0.2838,0.8852342430991943,True
V2R-PS,p004,f_mel,0.68,0.2924,0.9194035454680641,True
V2R-PS,p004,f_mel,0.7000000000000001,0.30100000000000005,0.9527558263240942,True
V2R-PS,p004,f_mel,0.72,0.3096,0.9853169382507142,True
V2R-PS,p004,f_mel,0.74,0.3182,1.017111844474968,True
V2R-PS,p004,f_mel,0.76,0.3268,1.0481646093203125,True
V2R-PS,p004,f_mel,0.78,0.33540000000000003,1.07849840725722,True
V2R-PS,p004,f_mel,0.8,0.34400000000000003,1.108135543831352,True
V2R-PS,p004,f_mel,0.8200000000000001,0.3526,1.1370974839202934,True
V2R-PS,p004,f_mel,0.84,0.36119999999999997,1.1654048842282099,True
V2R-PS,p004,f_mel,0.86,0.36979999999999996,1.193077627918334,True
V2R-PS,p004,f_mel,0.88,0.3784,1.2201348599621207,True
V2R-PS,p004,f_mel,0.9,0.387,1.2465950222528248,True
V2R-PS,p004,f_mel,0.92,0.3956,1.2724758878568352,True
V2R-PS,p004,f_mel,0.9400000000000001,0.4042,1.297794594003052,True
V2R-PS,p004,f_mel,0.96,0.4128,1.3225676735687615,True
V2R-PS,p004,f_mel,0.98,0.4214,1.346811084931351,True
V2R-PS,p004,f_mel,1.0,0.43,1.3705402401307407,True
V2R-PS,p004,f_blood,0.0,0.0,0.11673079027789583,True
V2R-PS,p004,f_blood,0.02,0.002,0.10629929741464957,True
V2R-PS,p004,f_blood,0.04,0.004,0.09878494628090655,True
V2R-PS,p004,f_blood,0.06,0.006,0.09282113714914648,True
V2R-PS,p004,f_blood,0.08,0.008,0.08786615258077958,True
V2R-PS,p004,f_blood,0.1,0.010000000000000002,0.0836389991491873,True
V2R-PS,p004,f_blood,0.12,0.012,0.07997175598422793,True
V2R-PS,p004,f_blood,0.14,0.014000000000000002,0.07675464697515658,True
V2R-PS,p004,f_blood,0.16,0.016,0.07391124480783066,True
V2R-PS,p004,f_blood,0.18,0.018,0.07138576805809091,True
V2R-PS,p004,f_blood,0.2,0.020000000000000004,0.06913595880699372,True
V2R-PS,p004,f_blood,0.22,0.022000000000000002,0.06712880836709126,True
V2R-PS,p004,f_blood,0.24,0.024,0.06533785266784262,True
V2R-PS,p004,f_blood,0.26,0.026000000000000002,0.06374138712015065,True
V2R-PS,p004,f_blood,0.28,0.028000000000000004,0.062321247660434634,True
V2R-PS,p004,f_blood,0.3,0.03,0.06106195530060228,True
V2R-PS,p004,f_blood,0.32,0.032,0.059950102492703175,True
V2R-PS,p004,f_blood,0.34,0.034,0.058973905304595814,True
V2R-PS,p004,f_blood,0.36,0.036,0.05812287225024379,True
V2R-PS,p004,f_blood,0.38,0.038000000000000006,0.05738755696002694,True
V2R-PS,p004,f_blood,0.4,0.04000000000000001,0.05675937214049696,True
V2R-PS,p004,f_blood,0.42,0.042,0.05623044890969702,True
V2R-PS,p004,f_blood,0.44,0.044000000000000004,0.05579353000761911,True
V2R-PS,p004,f_blood,0.46,0.046000000000000006,0.055441888399944045,True
V2R-PS,p004,f_blood,0.48,0.048,0.05516926491718345,True
V2R-PS,p004,f_blood,0.5,0.05,0.05496982010843274,True
V2R-PS,p004,f_blood,0.52,0.052000000000000005,0.0548380966311216,True
V2R-PS,p004,f_blood,0.54,0.054000000000000006,0.054768989366565816,True
V2R-PS,p004,f_blood,0.5540229120290218,0.05540229120290218,0.05475530015956076,True
V2R-PS,p004,f_blood,0.56,0.05600000000000001,0.05475772112321797,True
V2R-PS,p004,f_blood,0.58,0.057999999999999996,0.05479982231568334,True
V2R-PS,p004,f_blood,0.6,0.06,0.05489111342148102,True
V2R-PS,p004,f_blood,0.62,0.062,0.05502768934264421,True
V2R-PS,p004,f_blood,0.64,0.064,0.05520590505272785,True
V2R-PS,p004,f_blood,0.66,0.066,0.05542236210490502,True
V2R-PS,p004,f_blood,0.68,0.068,0.05567389572434296,True
V2R-PS,p004,f_blood,0.7000000000000001,0.07,0.055957562316987945,True
V2R-PS,p004,f_blood,0.72,0.072,0.05627062730493108,True
V2R-PS,p004,f_blood,0.74,0.074,0.05661055325225352,True
V2R-PS,p004,f_blood,0.76,0.07600000000000001,0.05697498828021481,True
V2R-PS,p004,f_blood,0.78,0.07800000000000001,0.05736175479151852,True
V2R-PS,p004,f_blood,0.8,0.08000000000000002,0.05776883853396623,True
V2R-PS,p004,f_blood,0.8200000000000001,0.08200000000000002,0.05819437803716459,True
V2R-PS,p004,f_blood,0.84,0.084,0.058636654454480554,True
V2R-PS,p004,f_blood,0.86,0.08600000000000001,0.05909408183797478,True
V2R-PS,p004,f_blood,0.88,0.08800000000000001,0.05956519786794405,True
V2R-PS,p004,f_blood,0.9,0.09000000000000001,0.06004865505194226,True
V2R-PS,p004,f_blood,0.92,0.09200000000000001,0.060543212401392474,True
V2R-PS,p004,f_blood,0.9400000000000001,0.09400000000000001,0.061047727587580654,True
V2R-PS,p004,f_blood,0.96,0.096,0.0615611495731914,True
V2R-PS,p004,f_blood,0.98,0.098,0.06208251171073037,True
V2R-PS,p004,f_blood,1.0,0.1,0.06261092529521822,True
V2R-PS,p005,f_mel,0.0,0.0,0.8895891462117673,True
V2R-PS,p005,f_mel,0.02,0.0086,0.8032016779093144,True
V2R-PS,p005,f_mel,0.04,0.0172,0.7205745787049037,True
V2R-PS,p005,f_mel,0.06,0.0258,0.6414602108429602,True
V2R-PS,p005,f_mel,0.08,0.0344,0.565646010617942,True
V2R-PS,p005,f_mel,0.1,0.043000000000000003,0.49295150984132224,True
V2R-PS,p005,f_mel,0.12,0.0516,0.4232302149314651,True
V2R-PS,p005,f_mel,0.14,0.060200000000000004,0.3563789403505194,True
V2R-PS,p005,f_mel,0.16,0.0688,0.29236244599181876,True
V2R-PS,p005,f_mel,0.18,0.0774,0.23127684975527912,True
V2R-PS,p005,f_mel,0.2,0.08600000000000001,0.17353151538130276,True
V2R-PS,p005,f_mel,0.22,0.0946,0.12047834663218247,True
V2R-PS,p005,f_mel,0.24,0.1032,0.0771273998434367,True
V2R-PS,p005,f_mel,0.26,0.1118,0.06028203611151384,True
V2R-PS,p005,f_mel,0.26224862077147826,0.11276690693173565,0.06019415095307575,True
V2R-PS,p005,f_mel,0.28,0.12040000000000001,0.06555877567991171,True
V2R-PS,p005,f_mel,0.3,0.129,0.08229011463039719,True
V2R-PS,p005,f_mel,0.32,0.1376,0.1062328605072609,True
V2R-PS,p005,f_mel,0.34,0.1462,0.13477882667154728,True
V2R-PS,p005,f_mel,0.36,0.1548,0.16683731167848462,True
V2R-PS,p005,f_mel,0.38,0.1634,0.20317990015558351,True
V2R-PS,p005,f_mel,0.4,0.17200000000000001,0.24385869375655767,True
V2R-PS,p005,f_mel,0.42,0.18059999999999998,0.2863246920598979,True
V2R-PS,p005,f_mel,0.44,0.1892,0.3292814918313432,True
V2R-PS,p005,f_mel,0.46,0.1978,0.37207151573708164,True
V2R-PS,p005,f_mel,0.48,0.2064,0.4143476775333955,True
V2R-PS,p005,f_mel,0.5,0.215,0.4559223895485712,True
V2R-PS,p005,f_mel,0.52,0.2236,0.49669458177958076,True
V2R-PS,p005,f_mel,0.54,0.23220000000000002,0.5366123420318554,True
V2R-PS,p005,f_mel,0.56,0.24080000000000001,0.5756527377318776,True
V2R-PS,p005,f_mel,0.58,0.24939999999999998,0.6138103945824445,True
V2R-PS,p005,f_mel,0.6,0.258,0.6510907687418286,True
V2R-PS,p005,f_mel,0.62,0.2666,0.6875060491664488,True
V2R-PS,p005,f_mel,0.64,0.2752,0.7230725921876519,True
V2R-PS,p005,f_mel,0.66,0.2838,0.7578092792492366,True
V2R-PS,p005,f_mel,0.68,0.2924,0.7917364472313485,True
V2R-PS,p005,f_mel,0.7000000000000001,0.30100000000000005,0.8248751828953443,True
V2R-PS,p005,f_mel,0.72,0.3096,0.8572468538731554,True
V2R-PS,p005,f_mel,0.74,0.3182,0.8888727961212395,True
V2R-PS,p005,f_mel,0.76,0.3268,0.9197741064351281,True
V2R-PS,p005,f_mel,0.78,0.33540000000000003,0.9499715063710917,True
V2R-PS,p005,f_mel,0.8,0.34400000000000003,0.9794852551575882,True
V2R-PS,p005,f_mel,0.8200000000000001,0.3526,1.0083350964361741,True
V2R-PS,p005,f_mel,0.84,0.36119999999999997,1.036540228444015,True
V2R-PS,p005,f_mel,0.86,0.36979999999999996,1.0641192904399903,True
V2R-PS,p005,f_mel,0.88,0.3784,1.0910903603397302,True
V2R-PS,p005,f_mel,0.9,0.387,1.1174709600113437,True
V2R-PS,p005,f_mel,0.92,0.3956,1.1432780657168127,True
V2R-PS,p005,f_mel,0.9400000000000001,0.4042,1.1685281219096812,True
V2R-PS,p005,f_mel,0.96,0.4128,1.1932370571139457,True
V2R-PS,p005,f_mel,0.98,0.4214,1.2174203009761606,True
V2R-PS,p005,f_mel,1.0,0.43,1.2410928018473946,True
V2R-PS,p005,f_blood,0.0,0.0,0.1316066935264598,True
V2R-PS,p005,f_blood,0.02,0.002,0.12183671285613887,True
V2R-PS,p005,f_blood,0.04,0.004,0.11472995888562558,True
V2R-PS,p005,f_blood,0.06,0.006,0.10903182582362668,True
V2R-PS,p005,f_blood,0.08,0.008,0.10424406570181423,True
V2R-PS,p005,f_blood,0.1,0.010000000000000002,0.1001078261669462,True
V2R-PS,p005,f_blood,0.12,0.012,0.09646822833007404,True
V2R-PS,p005,f_blood,0.14,0.014000000000000002,0.09322395156070289,True
V2R-PS,p005,f_blood,0.16,0.016,0.09030446426300111,True
V2R-PS,p005,f_blood,0.18,0.018,0.08765835716163144,True
V2R-PS,p005,f_blood,0.2,0.020000000000000004,0.08524680211946017,True
V2R-PS,p005,f_blood,0.22,0.022000000000000002,0.08303962700262585,True
V2R-PS,p005,f_blood,0.24,0.024,0.0810128316031189,True
V2R-PS,p005,f_blood,0.26,0.026000000000000002,0.07914694662610675,True
V2R-PS,p005,f_blood,0.28,0.028000000000000004,0.07742591059308943,True
V2R-PS,p005,f_blood,0.3,0.03,0.07583627807527492,True
V2R-PS,p005,f_blood,0.32,0.032,0.07436664727288742,True
V2R-PS,p005,f_blood,0.34,0.034,0.07300723712860194,True
V2R-PS,p005,f_blood,0.36,0.036,0.07174956901143678,True
V2R-PS,p005,f_blood,0.38,0.038000000000000006,0.07058622317888832,True
V2R-PS,p005,f_blood,0.4,0.04000000000000001,0.06951064977969466,True
V2R-PS,p005,f_blood,0.42,0.042,0.0685170203427579,True
V2R-PS,p005,f_blood,0.44,0.044000000000000004,0.06760010979658994,True
V2R-PS,p005,f_blood,0.46,0.046000000000000006,0.06675520183974339,True
V2R-PS,p005,f_blood,0.48,0.048,0.06597801239953793,True
V2R-PS,p005,f_blood,0.5,0.05,0.0652646272632461,True
V2R-PS,p005,f_blood,0.52,0.052000000000000005,0.06461145092745141,True
V2R-PS,p005,f_blood,0.54,0.054000000000000006,0.06401516440791417,True
V2R-PS,p005,f_blood,0.56,0.05600000000000001,0.0634726902638929,True
V2R-PS,p005,f_blood,0.58,0.057999999999999996,0.06298116347145744,True
V2R-PS,p005,f_blood,0.6,0.06,0.06253790706692994,True
V2R-PS,p005,f_blood,0.62,0.062,0.06214041169993449,True
V2R-PS,p005,f_blood,0.64,0.064,0.061786318403784075,True
V2R-PS,p005,f_blood,0.66,0.066,0.06147340402200056,True
V2R-PS,p005,f_blood,0.68,0.068,0.06119956883295407,True
V2R-PS,p005,f_blood,0.7000000000000001,0.07,0.060962825996691394,True
V2R-PS,p005,f_blood,0.72,0.072,0.06076129251394722,True
V2R-PS,p005,f_blood,0.74,0.074,0.06059318144076993,True
V2R-PS,p005,f_blood,0.76,0.07600000000000001,0.06045679514586307,True
V2R-PS,p005,f_blood,0.78,0.07800000000000001,0.06035051943370376,True
V2R-PS,p005,f_blood,0.8,0.08000000000000002,0.060272818386293336,True
V2R-PS,p005,f_blood,0.8200000000000001,0.08200000000000002,0.06022222980121025,True
V2R-PS,p005,f_blood,0.84,0.084,0.060197361124388914,True
V2R-PS,p005,f_blood,0.8503559407377598,0.08503559407377598,0.06019415095307609,True
V2R-PS,p005,f_blood,0.86,0.08600000000000001,0.06019688579344587,True
V2R-PS,p005,f_blood,0.88,0.08800000000000001,0.06021953992198944,True
V2R-PS,p005,f_blood,0.9,0.09000000000000001,0.060264119267620896,True
V2R-PS,p005,f_blood,0.92,0.09200000000000001,0.06032947643664406,True
V2R-PS,p005,f_blood,0.9400000000000001,0.09400000000000001,0.060414518287128696,True
V2R-PS,p005,f_blood,0.96,0.096,0.06051820349918813,True
V2R-PS,p005,f_blood,0.98,0.098,0.06063954028733654,True
V2R-PS,p005,f_blood,1.0,0.1,0.060777584234760505,True
V2R-PS,p006,f_mel,0.0,0.0,0.8788222813151919,True
V2R-PS,p006,f_mel,0.02,0.0086,0.7923926123522925,True
V2R-PS,p006,f_mel,0.04,0.0172,0.7097012573952238,True
V2R-PS,p006,f_mel,0.06,0.0258,0.6305043820614445,True
V2R-PS,p006,f_mel,0.08,0.0344,0.5545915860472365,True
V2R-PS,p006,f_mel,0.1,0.043000000000000003,0.481782960521917,True
V2R-PS,p006,f_mel,0.12,0.0516,0.41193085264616286,True
V2R-PS,p006,f_mel,0.14,0.060200000000000004,0.344928991922777,True
V2R-PS,p006,f_mel,0.16,0.0688,0.28073719802642155,True
V2R-PS,p006,f_mel,0.18,0.0774,0.21944725424099681,True
V2R-PS,p006,f_mel,0.2,0.08600000000000001,0.1614822814044623,True
V2R-PS,p006,f_mel,0.22,0.0946,0.10834885243089792,True
V2R-PS,p006,f_mel,0.24,0.1032,0.06633978809280885,True
V2R-PS,p006,f_mel,0.2583607027401041,0.11109510217824475,0.05478535833553701,True
V2R-PS,p006,f_mel,0.26,0.1118,0.05483083997937792,True
V2R-PS,p006,f_mel,0.28,0.12040000000000001,0.06245010305205912,True
V2R-PS,p006,f_mel,0.3,0.129,0.08048574356073249,True
V2R-PS,p006,f_mel,0.32,0.1376,0.10501417981790456,True
V2R-PS,p006,f_mel,0.34,0.1462,0.13398124603010073,True
V2R-PS,p006,f_mel,0.36,0.1548,0.1669035079138119,True
V2R-PS,p006,f_mel,0.38,0.1634,0.20591898073934572,True
V2R-PS,p006,f_mel,0.4,0.17200000000000001,0.24839142614562446,True
V2R-PS,p006,f_mel,0.42,0.18059999999999998,0.29206527096562085,True
V2R-PS,p006,f_mel,0.44,0.1892,0.33587810277040364,True
V2R-PS,p006,f_mel,0.46,0.1978,0.37930351701990284,True
V2R-PS,p006,f_mel,0.48,0.2064,0.4220699177725164,True
V2R-PS,p006,f_mel,0.5,0.215,0.46403513835868926,True
V2R-PS,p006,f_mel,0.52,0.2236,0.5051267064373874,True
V2R-PS,p006,f_mel,0.54,0.23220000000000002,0.545311478635495,True
V2R-PS,p006,f_mel,0.56,0.24080000000000001,0.5845793009992731,True
V2R-PS,p006,f_mel,0.58,0.24939999999999998,0.6229337831825391,True
V2R-PS,p006,f_mel,0.6,0.258,0.6603868767553377,True
V2R-PS,p006,f_mel,0.62,0.2666,0.696955582993596,True
V2R-PS,p006,f_mel,0.64,0.2752,0.7326599005140668,True
V2R-PS,p006,f_mel,0.66,0.2838,0.7675215194517963,True
V2R-PS,p006,f_mel,0.68,0.2924,0.8015629782404402,True
V2R-PS,p006,f_mel,0.7000000000000001,0.30100000000000005,0.8348071141108895,True
V2R-PS,p006,f_mel,0.72,0.3096,0.8672767039330621,True
V2R-PS,p006,f_mel,0.74,0.3182,0.8989942305125507,True
V2R-PS,p006,f_mel,0.76,0.3268,0.9299817327046931,True
V2R-PS,p006,f_mel,0.78,0.33540000000000003,0.9602607121094259,True
V2R-PS,p006,f_mel,0.8,0.34400000000000003,0.9898520782300919,True
V2R-PS,p006,f_mel,0.8200000000000001,0.3526,1.0187761198708607,True
V2R-PS,p006,f_mel,0.84,0.36119999999999997,1.0470524944215416,True
V2R-PS,p006,f_mel,0.86,0.36979999999999996,1.0747002292668977,True
V2R-PS,p006,f_mel,0.88,0.3784,1.1017377313114138,True
V2R-PS,p006,f_mel,0.9,0.387,1.1281828018138669,True
V2R-PS,p006,f_mel,0.92,0.3956,1.1540526545609242,True
V2R-PS,p006,f_mel,0.9400000000000001,0.4042,1.1793639359938157,True
V2R-PS,p006,f_mel,0.96,0.4128,1.2041327463149951,True
V2R-PS,p006,f_mel,0.98,0.4214,1.2283746608959676,True
V2R-PS,p006,f_mel,1.0,0.43,1.2521047515163513,True
V2R-PS,p006,f_blood,0.0,0.0,0.12251006427774107,True
V2R-PS,p006,f_blood,0.02,0.002,0.11315357891603442,True
V2R-PS,p006,f_blood,0.04,0.004,0.10636303476891473,True
V2R-PS,p006,f_blood,0.06,0.006,0.1009266332423748,True
V2R-PS,p006,f_blood,0.08,0.008,0.0963641194425795,True
V2R-PS,p006,f_blood,0.1,0.010000000000000002,0.09242636980757037,True
V2R-PS,p006,f_blood,0.12,0.012,0.08896449877168167,True
V2R-PS,p006,f_blood,0.14,0.014000000000000002,0.08588119189082982,True
V2R-PS,p006,f_blood,0.16,0.016,0.08310875112403117,True
V2R-PS,p006,f_blood,0.18,0.018,0.08059785669597548,True
V2R-PS,p006,f_blood,0.2,0.020000000000000004,0.07831127171704277,True
V2R-PS,p006,f_blood,0.22,0.022000000000000002,0.07622006742747775,True
V2R-PS,p006,f_blood,0.24,0.024,0.0743012358739427,True
V2R-PS,p006,f_blood,0.26,0.026000000000000002,0.07253611372248021,True
V2R-PS,p006,f_blood,0.28,0.028000000000000004,0.07090930406937639,True
V2R-PS,p006,f_blood,0.3,0.03,0.06940791666906444,True
V2R-PS,p006,f_blood,0.32,0.032,0.06802101886092046,True
V2R-PS,p006,f_blood,0.34,0.034,0.06673923007804237,True
V2R-PS,p006,f_blood,0.36,0.036,0.06555441673071637,True
V2R-PS,p006,f_blood,0.38,0.038000000000000006,0.06445945884836031,True
V2R-PS,p006,f_blood,0.4,0.04000000000000001,0.0634480690484615,True
V2R-PS,p006,f_blood,0.42,0.042,0.06251465034211753,True
V2R-PS,p006,f_blood,0.44,0.044000000000000004,0.06165418322245597,True
V2R-PS,p006,f_blood,0.46,0.046000000000000006,0.060862135147366804,True
V2R-PS,p006,f_blood,0.48,0.048,0.0601343873675119,True
V2R-PS,p006,f_blood,0.5,0.05,0.05946717534263745,True
V2R-PS,p006,f_blood,0.52,0.052000000000000005,0.058857039911373255,True
V2R-PS,p006,f_blood,0.54,0.054000000000000006,0.05830078704763453,True
V2R-PS,p006,f_blood,0.56,0.05600000000000001,0.057795454527224364,True
V2R-PS,p006,f_blood,0.58,0.057999999999999996,0.057338284193130785,True
V2R-PS,p006,f_blood,0.6,0.06,0.056926698782847784,True
V2R-PS,p006,f_blood,0.62,0.062,0.05655828249053986,True
V2R-PS,p006,f_blood,0.64,0.064,0.05623076459840644,True
V2R-PS,p006,f_blood,0.66,0.066,0.0559420056375667,True
V2R-PS,p006,f_blood,0.68,0.068,0.0556899856380827,True
V2R-PS,p006,f_blood,0.7000000000000001,0.07,0.05547279410683009,True
V2R-PS,p006,f_blood,0.72,0.072,0.055288621435551626,True
V2R-PS,p006,f_blood,0.74,0.074,0.05513575149306624,True
V2R-PS,p006,f_blood,0.76,0.07600000000000001,0.05501255519787461,True
V2R-PS,p006,f_blood,0.78,0.07800000000000001,0.05491748490223267,True
V2R-PS,p006,f_blood,0.8,0.08000000000000002,0.054849069447642194,True
V2R-PS,p006,f_blood,0.8200000000000001,0.08200000000000002,0.0548059097757615,True
V2R-PS,p006,f_blood,0.84,0.084,0.054786674998836445,True
V2R-PS,p006,f_blood,0.8468614815385007,0.08468614815385007,0.05478535833553703,True
V2R-PS,p006,f_blood,0.86,0.08600000000000001,0.05479009885058279,True
V2R-PS,p006,f_blood,0.88,0.08800000000000001,0.05481497645254643,True
V2R-PS,p006,f_blood,0.9,0.09000000000000001,0.0548601613427795,True
V2R-PS,p006,f_blood,0.92,0.09200000000000001,0.054924562723537115,True
V2R-PS,p006,f_blood,0.9400000000000001,0.09400000000000001,0.05500714289293067,True
V2R-PS,p006,f_blood,0.96,0.096,0.055106914832304045,True
V2R-PS,p006,f_blood,0.98,0.098,0.05522293992675081,True
V2R-PS,p006,f_blood,1.0,0.1,0.055354325800827366,True
V2R-PS,p007,f_mel,0.0,0.0,0.9742729481340406,True
V2R-PS,p007,f_mel,0.02,0.0086,0.8885471759854536,True
V2R-PS,p007,f_mel,0.04,0.0172,0.8065613858675185,True
V2R-PS,p007,f_mel,0.06,0.0258,0.7280624918863677,True
V2R-PS,p007,f_mel,0.08,0.0344,0.6528312840918218,True
V2R-PS,p007,f_mel,0.1,0.043000000000000003,0.5806777566936677,True
V2R-PS,p007,f_mel,0.12,0.0516,0.5114396528301989,True
V2R-PS,p007,f_mel,0.14,0.060200000000000004,0.44498461807818396,True
V2R-PS,p007,f_mel,0.16,0.0688,0.3812178172090289,True
V2R-PS,p007,f_mel,0.18,0.0774,0.32010003676324233,True
V2R-PS,p007,f_mel,0.2,0.08600000000000001,0.26168961538661,True
V2R-PS,p007,f_mel,0.22,0.0946,0.20624688127715635,True
V2R-PS,p007,f_mel,0.24,0.1032,0.15452927301517544,True
V2R-PS,p007,f_mel,0.26,0.1118,0.1087660233343726,True
V2R-PS,p007,f_mel,0.28,0.12040000000000001,0.076045790403999,True
V2R-PS,p007,f_mel,0.2944703412666958,0.1266222467446792,0.06925428454347009,True
V2R-PS,p007,f_mel,0.3,0.129,0.06958418384507915,True
V2R-PS,p007,f_mel,0.32,0.1376,0.07621998058310044,True
V2R-PS,p007,f_mel,0.34,0.1462,0.09048798317598829,True
V2R-PS,p007,f_mel,0.36,0.1548,0.11077982707941281,True
V2R-PS,p007,f_mel,0.38,0.1634,0.1359144808464055,True
V2R-PS,p007,f_mel,0.4,0.17200000000000001,0.16622584784246025,True
V2R-PS,p007,f_mel,0.42,0.18059999999999998,0.20291376159326116,True
V2R-PS,p007,f_mel,0.44,0.1892,0.24261232124339357,True
V2R-PS,p007,f_mel,0.46,0.1978,0.2834097783088338,True
V2R-PS,p007,f_mel,0.48,0.2064,0.32437295968562996,True
V2R-PS,p007,f_mel,0.5,0.215,0.3650246009198015,True
V2R-PS,p007,f_mel,0.52,0.2236,0.4051109381699933,True
V2R-PS,p007,f_mel,0.54,0.23220000000000002,0.4444946317150641,True
V2R-PS,p007,f_mel,0.56,0.24080000000000001,0.4831023975415503,True
V2R-PS,p007,f_mel,0.58,0.24939999999999998,0.5208978191105845,True
V2R-PS,p007,f_mel,0.6,0.258,0.5578664584032303,True
V2R-PS,p007,f_mel,0.62,0.2666,0.5940073198785333,True
V2R-PS,p007,f_mel,0.64,0.2752,0.6293277634904614,True
V2R-PS,p007,f_mel,0.66,0.2838,0.6638403735765053,True
V2R-PS,p007,f_mel,0.68,0.2924,0.6975609795808138,True
V2R-PS,p007,f_mel,0.7000000000000001,0.30100000000000005,0.7305073776439435,True
V2R-PS,p007,f_mel,0.72,0.3096,0.7626984908609625,True
V2R-PS,p007,f_mel,0.74,0.3182,0.7941538108519024,True
V2R-PS,p007,f_mel,0.76,0.3268,0.8248930235289577,True
V2R-PS,p007,f_mel,0.78,0.33540000000000003,0.8549357576237776,True
V2R-PS,p007,f_mel,0.8,0.34400000000000003,0.8843014162508163,True
V2R-PS,p007,f_mel,0.8200000000000001,0.3526,0.9130090653215966,True
V2R-PS,p007,f_mel,0.84,0.36119999999999997,0.9410773612533301,True
V2R-PS,p007,f_mel,0.86,0.36979999999999996,0.9685245060236024,True
V2R-PS,p007,f_mel,0.88,0.3784,0.9953682213331475,True
V2R-PS,p007,f_mel,0.9,0.387,1.0216257361327756,True
V2R-PS,p007,f_mel,0.92,0.3956,1.0473137834712596,True
V2R-PS,p007,f_mel,0.9400000000000001,0.4042,1.0724486037957943,True
V2R-PS,p007,f_mel,0.96,0.4128,1.097045952657715,True
V2R-PS,p007,f_mel,0.98,0.4214,1.1211211113548707,True
V2R-PS,p007,f_mel,1.0,0.43,1.1446888994583397,True
V2R-PS,p007,f_blood,0.0,0.0,0.12036028681693199,True
V2R-PS,p007,f_blood,0.02,0.002,0.1129994842394539,True
V2R-PS,p007,f_blood,0.04,0.004,0.10770993787670323,True
V2R-PS,p007,f_blood,0.06,0.006,0.10351717244131349,True
V2R-PS,p007,f_blood,0.08,0.008,0.1000317986518499,True
V2R-PS,p007,f_blood,0.1,0.010000000000000002,0.09705083519242062,True
V2R-PS,p007,f_blood,0.12,0.012,0.09445252596895738,True
V2R-PS,p007,f_blood,0.14,0.014000000000000002,0.0921570427161742,True
V2R-PS,p007,f_blood,0.16,0.016,0.0901086985234524,True
V2R-PS,p007,f_blood,0.18,0.018,0.0882668213429259,True
V2R-PS,p007,f_blood,0.2,0.020000000000000004,0.08660063221417556,True
V2R-PS,p007,f_blood,0.22,0.022000000000000002,0.08508616997694649,True
V2R-PS,p007,f_blood,0.24,0.024,0.08370434430181609,True
V2R-PS,p007,f_blood,0.26,0.026000000000000002,0.082439649238859,True
V2R-PS,p007,f_blood,0.28,0.028000000000000004,0.08127928270144148,True
V2R-PS,p007,f_blood,0.3,0.03,0.08021252568703585,True
V2R-PS,p007,f_blood,0.32,0.032,0.07923029343634075,True
V2R-PS,p007,f_blood,0.34,0.034,0.07832480376775547,True
V2R-PS,p007,f_blood,0.36,0.036,0.07748932730086436,True
V2R-PS,p007,f_blood,0.38,0.038000000000000006,0.07671799618123296,True
V2R-PS,p007,f_blood,0.4,0.04000000000000001,0.07600565541669418,True
V2R-PS,p007,f_blood,0.42,0.042,0.07534774579051874,True
V2R-PS,p007,f_blood,0.44,0.044000000000000004,0.0747402105376612,True
V2R-PS,p007,f_blood,0.46,0.046000000000000006,0.07417942015341572,True
V2R-PS,p007,f_blood,0.48,0.048,0.07366211121254111,True
V2R-PS,p007,f_blood,0.5,0.05,0.0731853361379857,True
V2R-PS,p007,f_blood,0.52,0.052000000000000005,0.07274642161653244,True
V2R-PS,p007,f_blood,0.54,0.054000000000000006,0.07234293390837254,True
V2R-PS,p007,f_blood,0.56,0.05600000000000001,0.07197264970146358,True
V2R-PS,p007,f_blood,0.58,0.057999999999999996,0.07163353146187382,True
V2R-PS,p007,f_blood,0.6,0.06,0.0713237064572295,True
V2R-PS,p007,f_blood,0.62,0.062,0.07104144880206081,True
V2R-PS,p007,f_blood,0.64,0.064,0.07078516400560934,True
V2R-PS,p007,f_blood,0.66,0.066,0.0705533756046738,True
V2R-PS,p007,f_blood,0.68,0.068,0.07034471354373306,True
V2R-PS,p007,f_blood,0.7000000000000001,0.07,0.07015790402727398,True
V2R-PS,p007,f_blood,0.72,0.072,0.0699917606189424,True
V2R-PS,p007,f_blood,0.74,0.074,0.0698451764018009,True
V2R-PS,p007,f_blood,0.76,0.07600000000000001,0.06971711704583429,True
V2R-PS,p007,f_blood,0.78,0.07800000000000001,0.06960661465459217,True
V2R-PS,p007,f_blood,0.8,0.08000000000000002,0.06951276228378558,True
V2R-PS,p007,f_blood,0.8200000000000001,0.08200000000000002,0.06943470904174842,True
V2R-PS,p007,f_blood,0.84,0.084,0.06937165569572132,True
V2R-PS,p007,f_blood,0.86,0.08600000000000001,0.0693228507194981,True
V2R-PS,p007,f_blood,0.88,0.08800000000000001,0.06928758672758176,True
V2R-PS,p007,f_blood,0.9,0.09000000000000001,0.06926519724899029,True
V2R-PS,p007,f_blood,0.92,0.09200000000000001,0.06925505380053731,True
V2R-PS,p007,f_blood,0.9273114924444366,0.09273114924444366,0.06925428454347034,True
V2R-PS,p007,f_blood,0.9400000000000001,0.09400000000000001,0.06925656322501861,True
V2R-PS,p007,f_blood,0.96,0.096,0.06926916526446197,True
V2R-PS,p007,f_blood,0.98,0.098,0.0692923303425872,True
V2R-PS,p007,f_blood,1.0,0.1,0.0693255575340132,True
V2R-PS,p008,f_mel,0.0,0.0,0.6781624863669189,True
V2R-PS,p008,f_mel,0.02,0.0086,0.5997271473215647,True
V2R-PS,p008,f_mel,0.04,0.0172,0.5263906989124626,True
V2R-PS,p008,f_mel,0.06,0.0258,0.4584607988541609,True
V2R-PS,p008,f_mel,0.08,0.0344,0.3965501409535501,True
V2R-PS,p008,f_mel,0.1,0.043000000000000003,0.34171948686838166,True
V2R-PS,p008,f_mel,0.12,0.0516,0.29565450098674384,True
V2R-PS,p008,f_mel,0.14,0.060200000000000004,0.2607455057404683,True
V2R-PS,p008,f_mel,0.16,0.0688,0.23969609422674315,True
V2R-PS,p008,f_mel,0.17687950528503857,0.07605818727256658,0.2340761645961552,True
V2R-PS,p008,f_mel,0.18,0.0774,0.2342634558649268,True
V2R-PS,p008,f_mel,0.2,0.08600000000000001,0.24379722320147082,True
V2R-PS,p008,f_mel,0.22,0.0946,0.2642116090778381,True
V2R-PS,p008,f_mel,0.24,0.1032,0.28552296746429034,True
V2R-PS,p008,f_mel,0.26,0.1118,0.3068097324168409,True
V2R-PS,p008,f_mel,0.28,0.12040000000000001,0.3288925715161464,True
V2R-PS,p008,f_mel,0.3,0.129,0.35277357316573293,True
V2R-PS,p008,f_mel,0.32,0.1376,0.38033243455046767,True
V2R-PS,p008,f_mel,0.34,0.1462,0.41236226573739815,True
V2R-PS,p008,f_mel,0.36,0.1548,0.44736186714326104,True
V2R-PS,p008,f_mel,0.38,0.1634,0.4842114528115437,True
V2R-PS,p008,f_mel,0.4,0.17200000000000001,0.5221223885453982,True
V2R-PS,p008,f_mel,0.42,0.18059999999999998,0.5605459203565434,True
V2R-PS,p008,f_mel,0.44,0.1892,0.5991014057459565,True
V2R-PS,p008,f_mel,0.46,0.1978,0.6375247211042532,True
V2R-PS,p008,f_mel,0.48,0.2064,0.675632525265312,True
V2R-PS,p008,f_mel,0.5,0.215,0.7132978167903772,True
V2R-PS,p008,f_mel,0.52,0.2236,0.7504332204467549,True
V2R-PS,p008,f_mel,0.54,0.23220000000000002,0.7869794893900658,True
V2R-PS,p008,f_mel,0.56,0.24080000000000001,0.8228975225366977,True
V2R-PS,p008,f_mel,0.58,0.24939999999999998,0.8581627638887913,True
V2R-PS,p008,f_mel,0.6,0.258,0.8927612302327664,True
V2R-PS,p008,f_mel,0.62,0.2666,0.9266866637615209,True
V2R-PS,p008,f_mel,0.64,0.2752,0.9599384704950092,True
V2R-PS,p008,f_mel,0.66,0.2838,0.9925202137469037,True
V2R-PS,p008,f_mel,0.68,0.2924,1.0244385039067843,True
V2R-PS,p008,f_mel,0.7000000000000001,0.30100000000000005,1.0557021741295234,True
V2R-PS,p008,f_mel,0.72,0.3096,1.086321664287449,True
V2R-PS,p008,f_mel,0.74,0.3182,1.11630855799884,True
V2R-PS,p008,f_mel,0.76,0.3268,1.1456752331079425,True
V2R-PS,p008,f_mel,0.78,0.33540000000000003,1.1744345968901,True
V2R-PS,p008,f_mel,0.8,0.34400000000000003,1.2025998849669377,True
V2R-PS,p008,f_mel,0.8200000000000001,0.3526,1.2301845084268102,True
V2R-PS,p008,f_mel,0.84,0.36119999999999997,1.2572019376202623,True
V2R-PS,p008,f_mel,0.86,0.36979999999999996,1.2836656139927012,True
V2R-PS,p008,f_mel,0.88,0.3784,1.30958888343915,True
V2R-PS,p008,f_mel,0.9,0.387,1.334984946236188,True
V2R-PS,p008,f_mel,0.92,0.3956,1.3598668197763828,True
V2R-PS,p008,f_mel,0.9400000000000001,0.4042,1.3842473112087863,True
V2R-PS,p008,f_mel,0.96,0.4128,1.4081389977525718,True
V2R-PS,p008,f_mel,0.98,0.4214,1.4315542129552847,True
V2R-PS,p008,f_mel,1.0,0.43,1.4545050375523445,True
V2R-PS,p008,f_blood,0.0,0.0,0.3174789501598337,True
V2R-PS,p008,f_blood,0.02,0.002,0.3106361829040894,True
V2R-PS,p008,f_blood,0.04,0.004,0.30555592356022504,True
V2R-PS,p008,f_blood,0.06,0.006,0.301380633483609,True
V2R-PS,p008,f_blood,0.08,0.008,0.29777845709049616,True
V2R-PS,p008,f_blood,0.1,0.010000000000000002,0.2945799272855561,True
V2R-PS,p008,f_blood,0.12,0.012,0.2916848787442096,True
V2R-PS,p008,f_blood,0.14,0.014000000000000002,0.28902836892347183,True
V2R-PS,p008,f_blood,0.16,0.016,0.2865654937382571,True
V2R-PS,p008,f_blood,0.18,0.018,0.28426369409267516,True
V2R-PS,p008,f_blood,0.2,0.020000000000000004,0.2820984828920928,True
V2R-PS,p008,f_blood,0.22,0.022000000000000002,0.28005090142050104,True
V2R-PS,p008,f_blood,0.24,0.024,0.27810592053207717,True
V2R-PS,p008,f_blood,0.26,0.026000000000000002,0.2762513906071765,True
V2R-PS,p008,f_blood,0.28,0.028000000000000004,0.2744773264752679,True
V2R-PS,p008,f_blood,0.3,0.03,0.27277540540278716,True
V2R-PS,p008,f_blood,0.32,0.032,0.27113860540065143,True
V2R-PS,p008,f_blood,0.34,0.034,0.26956093873320564,True
V2R-PS,p008,f_blood,0.36,0.036,0.268037251702656,True
V2R-PS,p008,f_blood,0.38,0.038000000000000006,0.26656307162307896,True
V2R-PS,p008,f_blood,0.4,0.04000000000000001,0.2651344880687559,True
V2R-PS,p008,f_blood,0.42,0.042,0.26374805946021934,True
V2R-PS,p008,f_blood,0.44,0.044000000000000004,0.2624007386799351,True
V2R-PS,p008,f_blood,0.46,0.046000000000000006,0.26108981318499497,True
V2R-PS,p008,f_blood,0.48,0.048,0.2598128563070218,True
V2R-PS,p008,f_blood,0.5,0.05,0.2585676872869097,True
V2R-PS,p008,f_blood,0.52,0.052000000000000005,0.2573523382030155,True
V2R-PS,p008,f_blood,0.54,0.054000000000000006,0.25616502639327204,True
V2R-PS,p008,f_blood,0.56,0.05600000000000001,0.25500413129554894,True
V2R-PS,p008,f_blood,0.58,0.057999999999999996,0.2538681748709812,True
V2R-PS,p008,f_blood,0.6,0.06,0.2527558049554247,True
V2R-PS,p008,f_blood,0.62,0.062,0.2516657810211079,True
V2R-PS,p008,f_blood,0.64,0.064,0.2505969619354764,True
V2R-PS,p008,f_blood,0.66,0.066,0.24954829538536383,True
V2R-PS,p008,f_blood,0.68,0.068,0.24851880869783682,True
V2R-PS,p008,f_blood,0.7000000000000001,0.07,0.247507600838927,True
V2R-PS,p008,f_blood,0.72,0.072,0.24651383541075741,True
V2R-PS,p008,f_blood,0.74,0.074,0.24553673449909552,True
V2R-PS,p008,f_blood,0.76,0.07600000000000001,0.2445755732485644,True
V2R-PS,p008,f_blood,0.78,0.07800000000000001,0.24362967506318384,True
V2R-PS,p008,f_blood,0.8,0.08000000000000002,0.24269840734647152,True
V2R-PS,p008,f_blood,0.8200000000000001,0.08200000000000002,0.24178117770891752,True
V2R-PS,p008,f_blood,0.84,0.084,0.24087743058178404,True
V2R-PS,p008,f_blood,0.86,0.08600000000000001,0.23998664418536633,True
V2R-PS,p008,f_blood,0.88,0.08800000000000001,0.23910832780753447,True
V2R-PS,p008,f_blood,0.9,0.09000000000000001,0.2382420193547031,True
V2R-PS,p008,f_blood,0.92,0.09200000000000001,0.23738728314271337,True
V2R-PS,p008,f_blood,0.9400000000000001,0.09400000000000001,0.2365437078996367,True
V2R-PS,p008,f_blood,0.96,0.096,0.23571090495623534,True
V2R-PS,p008,f_blood,0.98,0.098,0.23488850660306596,True
V2R-PS,p008,f_blood,1.0,0.1,0.23407616459592717,True
V2R-PS,p009,f_mel,0.0,0.0,1.0520127490276883,True
V2R-PS,p009,f_mel,0.02,0.0086,0.9675929207616666,True
V2R-PS,p009,f_mel,0.04,0.0172,0.8868888544233838,True
V2R-PS,p009,f_mel,0.06,0.0258,0.8096525448919233,True
V2R-PS,p009,f_mel,0.08,0.0344,0.7356699184640596,True
V2R-PS,p009,f_mel,0.1,0.043000000000000003,0.6647562473825497,True
V2R-PS,p009,f_mel,0.12,0.0516,0.5967544328743515,True
V2R-PS,p009,f_mel,0.14,0.060200000000000004,0.531536137639532,True
V2R-PS,p009,f_mel,0.16,0.0688,0.46900653772954337,True
V2R-PS,p009,f_mel,0.18,0.0774,0.4091147525928296,True
V2R-PS,p009,f_mel,0.2,0.08600000000000001,0.35187458482337614,True
V2R-PS,p009,f_mel,0.22,0.0946,0.2974059741898974,True
V2R-PS,p009,f_mel,0.24,0.1032,0.24602156753873192,True
V2R-PS,p009,f_mel,0.26,0.1118,0.19841834545567016,True
V2R-PS,p009,f_mel,0.28,0.12040000000000001,0.15612071747053077,True
V2R-PS,p009,f_mel,0.3,0.129,0.12244396859303781,True
V2R-PS,p009,f_mel,0.32,0.1376,0.10360825376650812,True
V2R-PS,p009,f_mel,0.32804771729603877,0.14106051843729667,0.10180930418799582,True
V2R-PS,p009,f_mel,0.34,0.1462,0.10562322567174819,True
V2R-PS,p009,f_mel,0.36,0.1548,0.1232696359114906,True
V2R-PS,p009,f_mel,0.38,0.1634,0.14302595020453435,True
V2R-PS,p009,f_mel,0.4,0.17200000000000001,0.16412928108957606,True
V2R-PS,p009,f_mel,0.42,0.18059999999999998,0.18694243815093045,True
V2R-PS,p009,f_mel,0.44,0.1892,0.21188856250483995,True
V2R-PS,p009,f_mel,0.46,0.1978,0.2398406379327738,True
V2R-PS,p009,f_mel,0.48,0.2064,0.2714904031713108,True
V2R-PS,p009,f_mel,0.5,0.215,0.3052931799285529,True
V2R-PS,p009,f_mel,0.52,0.2236,0.3401923859902045,True
V2R-PS,p009,f_mel,0.54,0.23220000000000002,0.3755367289380112,True
V2R-PS,p009,f_mel,0.56,0.24080000000000001,0.41092073308806726,True
V2R-PS,p009,f_mel,0.58,0.24939999999999998,0.4460884050329935,True
V2R-PS,p009,f_mel,0.6,0.258,0.4808763065122885,True
V2R-PS,p009,f_mel,0.62,0.2666,0.5151796339013198,True
V2R-PS,p009,f_mel,0.64,0.2752,0.548931597889,True
V2R-PS,p009,f_mel,0.66,0.2838,0.5820905857736549,True
V2R-PS,p009,f_mel,0.68,0.2924,0.6146319731661377,True
V2R-PS,p009,f_mel,0.7000000000000001,0.30100000000000005,0.6465427795979434,True
V2R-PS,p009,f_mel,0.72,0.3096,0.6778181055855703,True
V2R-PS,p009,f_mel,0.74,0.3182,0.7084587114286225,True
V2R-PS,p009,f_mel,0.76,0.3268,0.7384693435294271,True
V2R-PS,p009,f_mel,0.78,0.33540000000000003,0.7678575598627377,True
V2R-PS,p009,f_mel,0.8,0.34400000000000003,0.7966328947885702,True
V2R-PS,p009,f_mel,0.8200000000000001,0.3526,0.8248062583591562,True
V2R-PS,p009,f_mel,0.84,0.36119999999999997,0.8523895000745088,True
V2R-PS,p009,f_mel,0.86,0.36979999999999996,0.8793950895069101,True
V2R-PS,p009,f_mel,0.88,0.3784,0.9058358809771869,True
V2R-PS,p009,f_mel,0.9,0.387,0.9317249393284668,True
V2R-PS,p009,f_mel,0.92,0.3956,0.9570754105345325,True
V2R-PS,p009,f_mel,0.9400000000000001,0.4042,0.9819004254848781,True
V2R-PS,p009,f_mel,0.96,0.4128,1.0062130284998072,True
V2R-PS,p009,f_mel,0.98,0.4214,1.0300261243957605,True
V2R-PS,p009,f_mel,1.0,0.43,1.0533524395394953,True
V2R-PS,p009,f_blood,0.0,0.0,0.17801906647561105,True
V2R-PS,p009,f_blood,0.02,0.002,0.1710483366025652,True
V2R-PS,p009,f_blood,0.04,0.004,0.16590790587151683,True
V2R-PS,p009,f_blood,0.06,0.006,0.16172118404205488,True
V2R-PS,p009,f_blood,0.08,0.008,0.15814261115857353,True
V2R-PS,p009,f_blood,0.1,0.010000000000000002,0.15499373180599965,True
V2R-PS,p009,f_blood,0.12,0.012,0.15216830197030626,True
V2R-PS,p009,f_blood,0.14,0.014000000000000002,0.14959711509865228,True
V2R-PS,p009,f_blood,0.16,0.016,0.1472321790669947,True
V2R-PS,p009,f_blood,0.18,0.018,0.1450386378472501,True
V2R-PS,p009,f_blood,0.2,0.020000000000000004,0.14299025723588762,True
V2R-PS,p009,f_blood,0.22,0.022000000000000002,0.14106672430989517,True
V2R-PS,p009,f_blood,0.24,0.024,0.1392519432266478,True
V2R-PS,p009,f_blood,0.26,0.026000000000000002,0.13753291239535326,True
V2R-PS,p009,f_blood,0.28,0.028000000000000004,0.1358989579032558,True
V2R-PS,p009,f_blood,0.3,0.03,0.13434119429108501,True
V2R-PS,p009,f_blood,0.32,0.032,0.13285213546720523,True
V2R-PS,p009,f_blood,0.34,0.034,0.1314254077180771,True
V2R-PS,p009,f_blood,0.36,0.036,0.1300555339283487,True
V2R-PS,p009,f_blood,0.38,0.038000000000000006,0.1287377685815981,True
V2R-PS,p009,f_blood,0.4,0.04000000000000001,0.12746796968906166,True
V2R-PS,p009,f_blood,0.42,0.042,0.12624249804391385,True
V2R-PS,p009,f_blood,0.44,0.044000000000000004,0.12505813701297427,True
V2R-PS,p009,f_blood,0.46,0.046000000000000006,0.12391202798203176,True
V2R-PS,p009,f_blood,0.48,0.048,0.12280161788483165,True
V2R-PS,p009,f_blood,0.5,0.05,0.12172461616833824,True
V2R-PS,p009,f_blood,0.52,0.052000000000000005,0.12067895920511078,True
V2R-PS,p009,f_blood,0.54,0.054000000000000006,0.11966278064015652,True
V2R-PS,p009,f_blood,0.56,0.05600000000000001,0.11867438650923617,True
V2R-PS,p009,f_blood,0.58,0.057999999999999996,0.11771223422526829,True
V2R-PS,p009,f_blood,0.6,0.06,0.11677491472454607,True
V2R-PS,p009,f_blood,0.62,0.062,0.11586113721255696,True
V2R-PS,p009,f_blood,0.64,0.064,0.1149697160627072,True
V2R-PS,p009,f_blood,0.66,0.066,0.11409955950905676,True
V2R-PS,p009,f_blood,0.68,0.068,0.11324965984267066,True
V2R-PS,p009,f_blood,0.7000000000000001,0.07,0.11241908487505013,True
V2R-PS,p009,f_blood,0.72,0.072,0.11160697047478008,True
V2R-PS,p009,f_blood,0.74,0.074,0.11081251401756266,True
V2R-PS,p009,f_blood,0.76,0.07600000000000001,0.11003496861714285,True
V2R-PS,p009,f_blood,0.78,0.07800000000000001,0.10927363802671537,True
V2R-PS,p009,f_blood,0.8,0.08000000000000002,0.10852787211834862,True
V2R-PS,p009,f_blood,0.8200000000000001,0.08200000000000002,0.10779706286263191,True
V2R-PS,p009,f_blood,0.84,0.084,0.10708064074280513,True
V2R-PS,p009,f_blood,0.86,0.08600000000000001,0.10637807154757528,True
V2R-PS,p009,f_blood,0.88,0.08800000000000001,0.10568885349508314,True
V2R-PS,p009,f_blood,0.9,0.09000000000000001,0.10501251464735926,True
V2R-PS,p009,f_blood,0.92,0.09200000000000001,0.10434861058036725,True
V2R-PS,p009,f_blood,0.9400000000000001,0.09400000000000001,0.10369672227956735,True
V2R-PS,p009,f_blood,0.96,0.096,0.10305645423501879,True
V2R-PS,p009,f_blood,0.98,0.098,0.1024274327134907,True
V2R-PS,p009,f_blood,1.0,0.1,0.1018093041879918,True
V2R-PS,p010,f_mel,0.0,0.0,0.7145574379725868,True
V2R-PS,p010,f_mel,0.02,0.0086,0.6281680606144882,True
V2R-PS,p010,f_mel,0.04,0.0172,0.5456351519962486,True
V2R-PS,p010,f_mel,0.06,0.0258,0.46674974846196016,True
V2R-PS,p010,f_mel,0.08,0.0344,0.3913667329553275,True
V2R-PS,p010,f_mel,0.1,0.043000000000000003,0.31943281551696673,True
V2R-PS,p010,f_mel,0.12,0.0516,0.2510664876785778,True
V2R-PS,p010,f_mel,0.14,0.060200000000000004,0.18679665189473207,True
V2R-PS,p010,f_mel,0.16,0.0688,0.1284093789632619,True
V2R-PS,p010,f_mel,0.18,0.0774,0.0825981045731139,True
V2R-PS,p010,f_mel,0.1948709491565897,0.08379450813733356,0.06904302562339659,True
V2R-PS,p010,f_mel,0.2,0.08600000000000001,0.07024667920288916,True
V2R-PS,p010,f_mel,0.22,0.0946,0.0839452905284784,True
V2R-PS,p010,f_mel,0.24,0.1032,0.10702500370239337,True
V2R-PS,p010,f_mel,0.26,0.1118,0.1355324989468685,True
V2R-PS,p010,f_mel,0.28,0.12040000000000001,0.16762000883868552,True
V2R-PS,p010,f_mel,0.3,0.129,0.2025848503448358,True
V2R-PS,p010,f_mel,0.32,0.1376,0.24031744444356884,True
V2R-PS,p010,f_mel,0.34,0.1462,0.2822256037961262,True
V2R-PS,p010,f_mel,0.36,0.1548,0.3266745643259176,True
V2R-PS,p010,f_mel,0.38,0.1634,0.3720736545884541,True
V2R-PS,p010,f_mel,0.4,0.17200000000000001,0.4175660541165251,True
V2R-PS,p010,f_mel,0.42,0.18059999999999998,0.46267860375106934,True
V2R-PS,p010,f_mel,0.44,0.1892,0.5071449358723729,True
V2R-PS,p010,f_mel,0.46,0.1978,0.5508146419151361,True
V2R-PS,p010,f_mel,0.48,0.2064,0.593604821217927,True
V2R-PS,p010,f_mel,0.5,0.215,0.6354731402131425,True
V2R-PS,p010,f_mel,0.52,0.2236,0.6764022548404238,True
V2R-PS,p010,f_mel,0.54,0.23220000000000002,0.7163904851160819,True
V2R-PS,p010,f_mel,0.56,0.24080000000000001,0.7554460630338845,True
V2R-PS,p010,f_mel,0.58,0.24939999999999998,0.7935834940196247,True
V2R-PS,p010,f_mel,0.6,0.258,0.8308212071086278,True
V2R-PS,p010,f_mel,0.62,0.2666,0.8671800121406029,True
V2R-PS,p010,f_mel,0.64,0.2752,0.9026820741988106,True
V2R-PS,p010,f_mel,0.66,0.2838,0.9373502262658814,True
V2R-PS,p010,f_mel,0.68,0.2924,0.9712075068506465,True
V2R-PS,p010,f_mel,0.7000000000000001,0.30100000000000005,1.004276849421871,True
V2R-PS,p010,f_mel,0.72,0.3096,1.036580875490621,True
V2R-PS,p010,f_mel,0.74,0.3182,1.0681417591154962,True
V2R-PS,p010,f_mel,0.76,0.3268,1.09898114095224,True
V2R-PS,p010,f_mel,0.78,0.33540000000000003,1.1291200768059562,True
V2R-PS,p010,f_mel,0.8,0.34400000000000003,1.1585790102320557,True
V2R-PS,p010,f_mel,0.8200000000000001,0.3526,1.187377761854125,True
V2R-PS,p010,f_mel,0.84,0.36119999999999997,1.2155355302182702,True
V2R-PS,p010,f_mel,0.86,0.36979999999999996,1.2430709005026164,True
V2R-PS,p010,f_mel,0.88,0.3784,1.2700018584556911,True
V2R-PS,p010,f_mel,0.9,0.387,1.2963458076864347,True
V2R-PS,p010,f_mel,0.92,0.3956,1.3221195889643431,True
V2R-PS,p010,f_mel,0.9400000000000001,0.4042,1.3473395005740716,True
V2R-PS,p010,f_mel,0.96,0.4128,1.372021319047105,True
V2R-PS,p010,f_mel,0.98,0.4214,1.396180319798794,True
V2R-PS,p010,f_mel,1.0,0.43,1.4198312973410627,True
V2R-PS,p010,f_blood,0.0,0.0,0.17027629945744654,True
V2R-PS,p010,f_blood,0.02,0.002,0.1585708085794936,True
V2R-PS,p010,f_blood,0.04,0.004,0.14998392493666604,True
V2R-PS,p010,f_blood,0.06,0.006,0.14303832302089392,True
V2R-PS,p010,f_blood,0.08,0.008,0.13714913264254125,True
V2R-PS,p010,f_blood,0.1,0.010000000000000002,0.13201324830205938,True
V2R-PS,p010,f_blood,0.12,0.012,0.12744965363069596,True
V2R-PS,p010,f_blood,0.14,0.014000000000000002,0.12334010900716046,True
V2R-PS,p010,f_blood,0.16,0.016,0.11960241667419823,True
V2R-PS,p010,f_blood,0.18,0.018,0.11617674500114747,True
V2R-PS,p010,f_blood,0.2,0.020000000000000004,0.11301797181157103,True
V2R-PS,p010,f_blood,0.22,0.022000000000000002,0.11009109543976864,True
V2R-PS,p010,f_blood,0.24,0.024,0.10736833351847194,True
V2R-PS,p010,f_blood,0.26,0.026000000000000002,0.10482720801004741,True
V2R-PS,p010,f_blood,0.28,0.028000000000000004,0.1024492354594855,True
V2R-PS,p010,f_blood,0.3,0.03,0.10021900402293744,True
V2R-PS,p010,f_blood,0.32,0.032,0.0981235062724307,True
V2R-PS,p010,f_blood,0.34,0.034,0.09615164617072387,True
V2R-PS,p010,f_blood,0.36,0.036,0.09429386769241696,True
V2R-PS,p010,f_blood,0.38,0.038000000000000006,0.09254187031368978,True
V2R-PS,p010,f_blood,0.4,0.04000000000000001,0.09088838776422987,True
V2R-PS,p010,f_blood,0.42,0.042,0.0893270136620224,True
V2R-PS,p010,f_blood,0.44,0.044000000000000004,0.08785206244184914,True
V2R-PS,p010,f_blood,0.46,0.046000000000000006,0.0864584572326685,True
V2R-PS,p010,f_blood,0.48,0.048,0.08514163857943323,True
V2R-PS,p010,f_blood,0.5,0.05,0.08389748947934778,True
V2R-PS,p010,f_blood,0.52,0.052000000000000005,0.08272227332670731,True
V2R-PS,p010,f_blood,0.54,0.054000000000000006,0.08161258217476886,True
V2R-PS,p010,f_blood,0.56,0.05600000000000001,0.08056529332079802,True
V2R-PS,p010,f_blood,0.58,0.057999999999999996,0.07957753266446185,True
V2R-PS,p010,f_blood,0.6,0.06,0.0786466436232759,True
V2R-PS,p010,f_blood,0.62,0.062,0.07777016064192373,True
V2R-PS,p010,f_blood,0.64,0.064,0.07694578652615021,True
V2R-PS,p010,f_blood,0.66,0.066,0.07617137298174961,True
V2R-PS,p010,f_blood,0.68,0.068,0.07544490385587287,True
V2R-PS,p010,f_blood,0.7000000000000001,0.07,0.07476448066948004,True
V2R-PS,p010,f_blood,0.72,0.072,0.07412831010218095,True
V2R-PS,p010,f_blood,0.74,0.074,0.07353469314834493,True
V2R-PS,p010,f_blood,0.76,0.07600000000000001,0.07298201570954614,True
V2R-PS,p010,f_blood,0.78,0.07800000000000001,0.07246874042566054,True
V2R-PS,p010,f_blood,0.8,0.08000000000000002,0.07199339957716877,True
V2R-PS,p010,f_blood,0.8200000000000001,0.08200000000000002,0.07155458891593272,True
V2R-PS,p010,f_blood,0.84,0.084,0.07115096230205056,True
V2R-PS,p010,f_blood,0.86,0.08600000000000001,0.0707812270412472,True
V2R-PS,p010,f_blood,0.88,0.08800000000000001,0.07044413983133437,True
V2R-PS,p010,f_blood,0.9,0.09000000000000001,0.07013850323811133,True
V2R-PS,p010,f_blood,0.92,0.09200000000000001,0.06986316263112609,True
V2R-PS,p010,f_blood,0.9400000000000001,0.09400000000000001,0.06961700351830036,True
V2R-PS,p010,f_blood,0.96,0.096,0.06939894922582619,True
V2R-PS,p010,f_blood,0.98,0.098,0.06920795887616919,True
V2R-PS,p010,f_blood,1.0,0.1,0.06904302562263544,True
V2R-PS,p011,f_mel,0.0,0.0,0.4016063950941462,True
V2R-PS,p011,f_mel,0.02,0.0086,0.31660452898206176,True
V2R-PS,p011,f_mel,0.04,0.0172,0.2373978909081106,True
V2R-PS,p011,f_mel,0.06,0.0258,0.16625822054911138,True
V2R-PS,p011,f_mel,0.08,0.0344,0.11108636759108163,True
V2R-PS,p011,f_mel,0.1,0.043000000000000003,0.08318428907446972,True
V2R-PS,p011,f_mel,0.12,0.0516,0.06978505716833865,True
V2R-PS,p011,f_mel,0.12299660423402238,0.052888539820629625,0.06952233906576881,True
V2R-PS,p011,f_mel,0.14,0.060200000000000004,0.07783252425330443,True
V2R-PS,p011,f_mel,0.16,0.0688,0.10440062552169103,True
V2R-PS,p011,f_mel,0.18,0.0774,0.14147956694331815,True
V2R-PS,p011,f_mel,0.2,0.08600000000000001,0.18577707298637477,True
V2R-PS,p011,f_mel,0.22,0.0946,0.23941593834301392,True
V2R-PS,p011,f_mel,0.24,0.1032,0.2972282288083752,True
V2R-PS,p011,f_mel,0.26,0.1118,0.3558640379431262,True
V2R-PS,p011,f_mel,0.28,0.12040000000000001,0.4139696751461927,True
V2R-PS,p011,f_mel,0.3,0.129,0.4709623220621655,True
V2R-PS,p011,f_mel,0.32,0.1376,0.5265871210075062,True
V2R-PS,p011,f_mel,0.34,0.1462,0.580741599240989,True
V2R-PS,p011,f_mel,0.36,0.1548,0.6333988477606692,True
V2R-PS,p011,f_mel,0.38,0.1634,0.684570976528698,True
V2R-PS,p011,f_mel,0.4,0.17200000000000001,0.7342905315297006,True
V2R-PS,p011,f_mel,0.42,0.18059999999999998,0.7826005483261195,True
V2R-PS,p011,f_mel,0.44,0.1892,0.8295490244866991,True
V2R-PS,p011,f_mel,0.46,0.1978,0.8751857708671512,True
V2R-PS,p011,f_mel,0.48,0.2064,0.9195605972608891,True
V2R-PS,p011,f_mel,0.5,0.215,0.962722271461261,True
V2R-PS,p011,f_mel,0.52,0.2236,1.0047179379033737,True
V2R-PS,p011,f_mel,0.54,0.23220000000000002,1.0455928142819797,True
V2R-PS,p011,f_mel,0.56,0.24080000000000001,1.085390058004271,True
V2R-PS,p011,f_mel,0.58,0.24939999999999998,1.1241507365673242,True
V2R-PS,p011,f_mel,0.6,0.258,1.161913860935495,True
V2R-PS,p011,f_mel,0.62,0.2666,1.198716456149204,True
V2R-PS,p011,f_mel,0.64,0.2752,1.2345936527886558,True
V2R-PS,p011,f_mel,0.66,0.2838,1.2695787888415224,True
V2R-PS,p011,f_mel,0.68,0.2924,1.3037035153177958,True
V2R-PS,p011,f_mel,0.7000000000000001,0.30100000000000005,1.336997901413029,True
V2R-PS,p011,f_mel,0.72,0.3096,1.3694905366272856,True
V2R-PS,p011,f_mel,0.74,0.3182,1.401208628302086,True
V2R-PS,p011,f_mel,0.76,0.3268,1.4321780937316286,True
V2R-PS,p011,f_mel,0.78,0.33540000000000003,1.4624236464597864,True
V2R-PS,p011,f_mel,0.8,0.34400000000000003,1.4919688766703376,True
V2R-PS,p011,f_mel,0.8200000000000001,0.3526,1.5208363257671191,True
V2R-PS,p011,f_mel,0.84,0.36119999999999997,1.5490475553581773,True
V2R-PS,p011,f_mel,0.86,0.36979999999999996,1.5766232109273057,True
V2R-PS,p011,f_mel,0.88,0.3784,1.603583080511508,True
V2R-PS,p011,f_mel,0.9,0.387,1.6299461487237414,True
V2R-PS,p011,f_mel,0.92,0.3956,1.6557306464496844,True
V2R-PS,p011,f_mel,0.9400000000000001,0.4042,1.6809540965544092,True
V2R-PS,p011,f_mel,0.96,0.4128,1.705633355907965,True
V2R-PS,p011,f_mel,0.98,0.4214,1.7297846540298996,True
V2R-PS,p011,f_mel,1.0,0.43,1.7534236286305998,True
V2R-PS,p011,f_blood,0.0,0.0,0.13310107452323552,True
V2R-PS,p011,f_blood,0.02,0.002,0.12016327613606143,True
V2R-PS,p011,f_blood,0.04,0.004,0.11096484499701749,True
V2R-PS,p011,f_blood,0.06,0.006,0.10377242974489566,True
V2R-PS,p011,f_blood,0.08,0.008,0.09790033121385656,True
V2R-PS,p011,f_blood,0.1,0.010000000000000002,0.09299318771127942,True
V2R-PS,p011,f_blood,0.12,0.012,0.08883838612487796,True
V2R-PS,p011,f_blood,0.14,0.014000000000000002,0.085296356328844,True
V2R-PS,p011,f_blood,0.16,0.016,0.08226913195656718,True
V2R-PS,p011,f_blood,0.18,0.018,0.07968426257679993,True
V2R-PS,p011,f_blood,0.2,0.020000000000000004,0.07748581637406185,True
V2R-PS,p011,f_blood,0.22,0.022000000000000002,0.07562901138943881,True
V2R-PS,p011,f_blood,0.24,0.024,0.07407685579683128,True
V2R-PS,p011,f_blood,0.26,0.026000000000000002,0.07279797182939358,True
V2R-PS,p011,f_blood,0.28,0.028000000000000004,0.07176515203960858,True
V2R-PS,p011,f_blood,0.3,0.03,0.07095438580029574,True
V2R-PS,p011,f_blood,0.32,0.032,0.07034419565929204,True
V2R-PS,p011,f_blood,0.34,0.034,0.0699151809325844,True
V2R-PS,p011,f_blood,0.36,0.036,0.06964970053401719,True
V2R-PS,p011,f_blood,0.38,0.038000000000000006,0.0695316488823309,True
V2R-PS,p011,f_blood,0.3875961653576292,0.038759616535762924,0.06952233906576943,True
V2R-PS,p011,f_blood,0.4,0.04000000000000001,0.06954629318334679,True
V2R-PS,p011,f_blood,0.42,0.042,0.06968015033167482,True
V2R-PS,p011,f_blood,0.44,0.044000000000000004,0.06992088869643835,True
V2R-PS,p011,f_blood,0.46,0.046000000000000006,0.07025724506205278,True
V2R-PS,p011,f_blood,0.48,0.048,0.07067895055031202,True
V2R-PS,p011,f_blood,0.5,0.05,0.07117666183047609,True
V2R-PS,p011,f_blood,0.52,0.052000000000000005,0.07174189560299112,True
V2R-PS,p011,f_blood,0.54,0.054000000000000006,0.0723669654296057,True
V2R-PS,p011,f_blood,0.56,0.05600000000000001,0.0730449206427837,True
V2R-PS,p011,f_blood,0.58,0.057999999999999996,0.07376948742953304,True
V2R-PS,p011,f_blood,0.6,0.06,0.07453501234823777,True
V2R-PS,p011,f_blood,0.62,0.062,0.07533640857557121,True
V2R-PS,p011,f_blood,0.64,0.064,0.07616910514699475,True
V2R-PS,p011,f_blood,0.66,0.066,0.07702899938495138,True
V2R-PS,p011,f_blood,0.68,0.068,0.0779124126271933,True
V2R-PS,p011,f_blood,0.7000000000000001,0.07,0.07881604928796976,True
V2R-PS,p011,f_blood,0.72,0.072,0.07973695921476567,True
V2R-PS,p011,f_blood,0.74,0.074,0.08067250324634039,True
V2R-PS,p011,f_blood,0.76,0.07600000000000001,0.08162032183461132,True
V2R-PS,p011,f_blood,0.78,0.07800000000000001,0.08257830656262738,True
V2R-PS,p011,f_blood,0.8,0.08000000000000002,0.08354457437175909,True
V2R-PS,p011,f_blood,0.8200000000000001,0.08200000000000002,0.08451744430136961,True
V2R-PS,p011,f_blood,0.84,0.084,0.0854954165416418,True
V2R-PS,p011,f_blood,0.86,0.08600000000000001,0.08647715360315687,True
V2R-PS,p011,f_blood,0.88,0.08800000000000001,0.08746146341369802,True
V2R-PS,p011,f_blood,0.9,0.09000000000000001,0.08844728416233795,True
V2R-PS,p011,f_blood,0.92,0.09200000000000001,0.08943367072212624,True
V2R-PS,p011,f_blood,0.9400000000000001,0.09400000000000001,0.09041978249487724,True
V2R-PS,p011,f_blood,0.96,0.096,0.09140487253403887,True
V2R-PS,p011,f_blood,0.98,0.098,0.09238827781401474,True
V2R-PS,p011,f_blood,1.0,0.1,0.09336941052628776,True
V2R-PS,p012,f_mel,0.0,0.0,0.6297717439030128,True
V2R-PS,p012,f_mel,0.02,0.0086,0.5432787280528625,True
V2R-PS,p012,f_mel,0.04,0.0172,0.46065069717270524,True
V2R-PS,p012,f_mel,0.06,0.0258,0.3816732481948327,True
V2R-PS,p012,f_mel,0.08,0.0344,0.3062063574363445,True
V2R-PS,p012,f_mel,0.1,0.043000000000000003,0.2342399081287336,True
V2R-PS,p012,f_mel,0.12,0.0516,0.1660923671425122,True
V2R-PS,p012,f_mel,0.14,0.060200000000000004,0.1033156129741989,True
V2R-PS,p012,f_mel,0.16,0.0688,0.055034702150007185,True
V2R-PS,p012,f_mel,0.17137567282645463,0.07369153931537549,0.04807383656314663,True
V2R-PS,p012,f_mel,0.18,0.0774,0.0499377040913052,True
V2R-PS,p012,f_mel,0.2,0.08600000000000001,0.06625560231702587,True
V2R-PS,p012,f_mel,0.22,0.0946,0.09249273149202741,True
V2R-PS,p012,f_mel,0.24,0.1032,0.12389543913491691,True
V2R-PS,p012,f_mel,0.26,0.1118,0.15903354455875718,True
V2R-PS,p012,f_mel,0.28,0.12040000000000001,0.19802274302116032,True
V2R-PS,p012,f_mel,0.3,0.129,0.24315825000765806,True
V2R-PS,p012,f_mel,0.32,0.1376,0.2915160247292501,True
V2R-PS,p012,f_mel,0.34,0.1462,0.3408338430359183,True
V2R-PS,p012,f_mel,0.36,0.1548,0.3900483868125322,True
V2R-PS,p012,f_mel,0.38,0.1634,0.4386370054213317,True
V2R-PS,p012,f_mel,0.4,0.17200000000000001,0.48633579607037514,True
V2R-PS,p012,f_mel,0.42,0.18059999999999998,0.5330127829205812,True
V2R-PS,p012,f_mel,0.44,0.1892,0.5786069444532137,True
V2R-PS,p012,f_mel,0.46,0.1978,0.6230970000092679,True
V2R-PS,p012,f_mel,0.48,0.2064,0.666484542646042,True
V2R-PS,p012,f_mel,0.5,0.215,0.7087845057848583,True
V2R-PS,p012,f_mel,0.52,0.2236,0.7500195753928084,True
V2R-PS,p012,f_mel,0.54,0.23220000000000002,0.7902168198383052,True
V2R-PS,p012,f_mel,0.56,0.24080000000000001,0.8294056134728738,True
V2R-PS,p012,f_mel,0.58,0.24939999999999998,0.8676163389768169,True
V2R-PS,p012,f_mel,0.6,0.258,0.9048795709152632,True
V2R-PS,p012,f_mel,0.62,0.2666,0.9412255630987719,True
V2R-PS,p012,f_mel,0.64,0.2752,0.9766839310602133,True
V2R-PS,p012,f_mel,0.66,0.2838,1.0112834614759716,True
V2R-PS,p012,f_mel,0.68,0.2924,1.0450520048994179,True
V2R-PS,p012,f_mel,0.7000000000000001,0.30100000000000005,1.0780164233972016,True
V2R-PS,p012,f_mel,0.72,0.3096,1.1102025743229205,True
V2R-PS,p012,f_mel,0.74,0.3182,1.1416353176875766,True
V2R-PS,p012,f_mel,0.76,0.3268,1.1723385386704586,True
V2R-PS,p012,f_mel,0.78,0.33540000000000003,1.2023351795325408,True
V2R-PS,p012,f_mel,0.8,0.34400000000000003,1.231647277026335,True
V2R-PS,p012,f_mel,0.8200000000000001,0.3526,1.2602960026436623,True
V2R-PS,p012,f_mel,0.84,0.36119999999999997,1.288301703899847,True
V2R-PS,p012,f_mel,0.86,0.36979999999999996,1.3156839454456708,True
V2R-PS,p012,f_mel,0.88,0.3784,1.3424615492106298,True
V2R-PS,p012,f_mel,0.9,0.387,1.368652633068512,True
V2R-PS,p012,f_mel,0.92,0.3956,1.3942746477169352,True
V2R-PS,p012,f_mel,0.9400000000000001,0.4042,1.4193444116022853,True
V2R-PS,p012,f_mel,0.96,0.4128,1.443878143818364,True
V2R-PS,p012,f_mel,0.98,0.4214,1.4678914949735886,True
V2R-PS,p012,f_mel,1.0,0.43,1.4913995760671312,True
V2R-PS,p012,f_blood,0.0,0.0,0.14085673386084024,True
V2R-PS,p012,f_blood,0.02,0.002,0.12928017937586905,True
V2R-PS,p012,f_blood,0.04,0.004,0.12081740011959441,True
V2R-PS,p012,f_blood,0.06,0.006,0.11398596196804364,True
V2R-PS,p012,f_blood,0.08,0.008,0.10820207849539273,True
V2R-PS,p012,f_blood,0.1,0.010000000000000002,0.10316448956925459,True
V2R-PS,p012,f_blood,0.12,0.012,0.09869393508097443,True
V2R-PS,p012,f_blood,0.14,0.014000000000000002,0.09467370907598065,True
V2R-PS,p012,f_blood,0.16,0.016,0.09102293599189172,True
V2R-PS,p012,f_blood,0.18,0.018,0.08768293209246784,True
V2R-PS,p012,f_blood,0.2,0.020000000000000004,0.08460958465295532,True
V2R-PS,p012,f_blood,0.22,0.022000000000000002,0.08176879202527786,True
V2R-PS,p012,f_blood,0.24,0.024,0.07913358454427093,True
V2R-PS,p012,f_blood,0.26,0.026000000000000002,0.07668222595443727,True
V2R-PS,p012,f_blood,0.28,0.028000000000000004,0.07439691556345251,True
V2R-PS,p012,f_blood,0.3,0.03,0.07226287369654986,True
V2R-PS,p012,f_blood,0.32,0.032,0.07026768024402975,True
V2R-PS,p012,f_blood,0.34,0.034,0.06840078529885883,True
V2R-PS,p012,f_blood,0.36,0.036,0.06665313982180068,True
V2R-PS,p012,f_blood,0.38,0.038000000000000006,0.06501691191570912,True
V2R-PS,p012,f_blood,0.4,0.04000000000000001,0.06348526538982455,True
V2R-PS,p012,f_blood,0.42,0.042,0.06205218447193196,True
V2R-PS,p012,f_blood,0.44,0.044000000000000004,0.060712333281730285,True
V2R-PS,p012,f_blood,0.46,0.046000000000000006,0.059460941898894296,True
V2R-PS,p012,f_blood,0.48,0.048,0.058293713082304466,True
V2R-PS,p012,f_blood,0.5,0.05,0.057206745257957915,True
V2R-PS,p012,f_blood,0.52,0.052000000000000005,0.05619646850567358,True
V2R-PS,p012,f_blood,0.54,0.054000000000000006,0.05525959107774459,True
V2R-PS,p012,f_blood,0.56,0.05600000000000001,0.05439305456824045,True
V2R-PS,p012,f_blood,0.58,0.057999999999999996,0.05359399628191099,True
V2R-PS,p012,f_blood,0.6,0.06,0.05285971766937916,True
V2R-PS,p012,f_blood,0.62,0.062,0.05218765793050761,True
V2R-PS,p012,f_blood,0.64,0.064,0.05157537206193505,True
V2R-PS,p012,f_blood,0.66,0.066,0.051020512753441244,True
V2R-PS,p012,f_blood,0.68,0.068,0.05052081563266751,True
V2R-PS,p012,f_blood,0.7000000000000001,0.07,0.05007408742764182,True
V2R-PS,p012,f_blood,0.72,0.072,0.04967819666835032,True
V2R-PS,p012,f_blood,0.74,0.074,0.049331066587560306,True
V2R-PS,p012,f_blood,0.76,0.07600000000000001,0.04903066991135427,True
V2R-PS,p012,f_blood,0.78,0.07800000000000001,0.04877502525454257,True
V2R-PS,p012,f_blood,0.8,0.08000000000000002,0.04856219485765386,True
V2R-PS,p012,f_blood,0.8200000000000001,0.08200000000000002,0.04839028342224922,True
V2R-PS,p012,f_blood,0.84,0.084,0.048257437820990685,True
V2R-PS,p012,f_blood,0.86,0.08600000000000001,0.04816184747886919,True
V2R-PS,p012,f_blood,0.88,0.08800000000000001,0.04810174524251117,True
V2R-PS,p012,f_blood,0.9,0.09000000000000001,0.04807540857551986,True
V2R-PS,p012,f_blood,0.9062946528386577,0.09062946528386578,0.048073836563146594,True
V2R-PS,p012,f_blood,0.92,0.09200000000000001,0.0480811609391215,True
V2R-PS,p012,f_blood,0.9400000000000001,0.09400000000000001,0.04811737323861031,True
V2R-PS,p012,f_blood,0.96,0.096,0.048182465236803175,True
V2R-PS,p012,f_blood,0.98,0.098,0.04827490685549687,True
V2R-PS,p012,f_blood,1.0,0.1,0.048393219304381695,True
V2R-PS,p013,f_mel,0.0,0.0,0.6850068618948835,True
V2R-PS,p013,f_mel,0.02,0.0086,0.5986787765258381,True
V2R-PS,p013,f_mel,0.04,0.0172,0.5161746283145077,True
V2R-PS,p013,f_mel,0.06,0.0258,0.43727149192072007,True
V2R-PS,p013,f_mel,0.08,0.0344,0.3618036102138942,True
V2R-PS,p013,f_mel,0.1,0.043000000000000003,0.2896870626541999,True
V2R-PS,p013,f_mel,0.12,0.0516,0.2209988403373918,True
V2R-PS,p013,f_mel,0.14,0.060200000000000004,0.15624879822788573,True
V2R-PS,p013,f_mel,0.16,0.0688,0.09759907847098781,True
V2R-PS,p013,f_mel,0.18,0.0774,0.056455673603406906,True
V2R-PS,p013,f_mel,0.18627962389262667,0.08010023827382946,0.05308507583546123,True
V2R-PS,p013,f_mel,0.2,0.08600000000000001,0.05922951684760756,True
V2R-PS,p013,f_mel,0.22,0.0946,0.0785253812765846,True
V2R-PS,p013,f_mel,0.24,0.1032,0.10473046865798083,True
V2R-PS,p013,f_mel,0.26,0.1118,0.13508193878131747,True
V2R-PS,p013,f_mel,0.28,0.12040000000000001,0.16872721308048452,True
V2R-PS,p013,f_mel,0.3,0.129,0.20569190766205517,True
V2R-PS,p013,f_mel,0.32,0.1376,0.2481043606143805,True
V2R-PS,p013,f_mel,0.34,0.1462,0.2938962907250406,True
V2R-PS,p013,f_mel,0.36,0.1548,0.34089446537482443,True
V2R-PS,p013,f_mel,0.38,0.1634,0.38801767697629125,True
V2R-PS,p013,f_mel,0.4,0.17200000000000001,0.43470860614672574,True
V2R-PS,p013,f_mel,0.42,0.18059999999999998,0.4806719095053614,True
V2R-PS,p013,f_mel,0.44,0.1892,0.5257503373511497,True
V2R-PS,p013,f_mel,0.46,0.1978,0.5698630104910211,True
V2R-PS,p013,f_mel,0.48,0.2064,0.6129729637847834,True
V2R-PS,p013,f_mel,0.5,0.215,0.6550692263774713,True
V2R-PS,p013,f_mel,0.52,0.2236,0.6961565041869107,True
V2R-PS,p013,f_mel,0.54,0.23220000000000002,0.7362490272535466,True
V2R-PS,p013,f_mel,0.56,0.24080000000000001,0.7753667737978055,True
V2R-PS,p013,f_mel,0.58,0.24939999999999998,0.8135330993860893,True
V2R-PS,p013,f_mel,0.6,0.258,0.8507732224460519,True
V2R-PS,p013,f_mel,0.62,0.2666,0.8871132454196998,True
V2R-PS,p013,f_mel,0.64,0.2752,0.9225795183850305,True
V2R-PS,p013,f_mel,0.66,0.2838,0.9571982256803401,True
V2R-PS,p013,f_mel,0.68,0.2924,0.9909951199111627,True
V2R-PS,p013,f_mel,0.7000000000000001,0.30100000000000005,1.0239953544923603,True
V2R-PS,p013,f_mel,0.72,0.3096,1.0562233826101834,True
V2R-PS,p013,f_mel,0.74,0.3182,1.0877029011662245,True
V2R-PS,p013,f_mel,0.76,0.3268,1.1184568252061176,True
V2R-PS,p013,f_mel,0.78,0.33540000000000003,1.1485072829233918,True
V2R-PS,p013,f_mel,0.8,0.34400000000000003,1.177875624405907,True
V2R-PS,p013,f_mel,0.8200000000000001,0.3526,1.206582439383287,True
V2R-PS,p013,f_mel,0.84,0.36119999999999997,1.2346475806709911,True
V2R-PS,p013,f_mel,0.86,0.36979999999999996,1.2620901910044493,True
V2R-PS,p013,f_mel,0.88,0.3784,1.2889287316552465,True
V2R-PS,p013,f_mel,0.9,0.387,1.3151810117139184,True
V2R-PS,p013,f_mel,0.92,0.3956,1.3408642172731673,True
V2R-PS,p013,f_mel,0.9400000000000001,0.4042,1.3659949399939724,True
V2R-PS,p013,f_mel,0.96,0.4128,1.3905892047144575,True
V2R-PS,p013,f_mel,0.98,0.4214,1.4146624958883809,True
V2R-PS,p013,f_mel,1.0,0.43,1.4382297827298598,True
V2R-PS,p013,f_blood,0.0,0.0,0.1507341397781043,True
V2R-PS,p013,f_blood,0.02,0.002,0.13958193251274859,True
V2R-PS,p013,f_blood,0.04,0.004,0.13141542344695442,True
V2R-PS,p013,f_blood,0.06,0.006,0.12481219791601318,True
V2R-PS,p013,f_blood,0.08,0.008,0.11921171763722394,True
V2R-PS,p013,f_blood,0.1,0.010000000000000002,0.11432442936917953,True
V2R-PS,p013,f_blood,0.12,0.012,0.10997784564612664,True
V2R-PS,p013,f_blood,0.14,0.014000000000000002,0.10605953080323095,True
V2R-PS,p013,f_blood,0.16,0.016,0.10249146087898257,True
V2R-PS,p013,f_blood,0.18,0.018,0.09921693325172629,True
V2R-PS,p013,f_blood,0.2,0.020000000000000004,0.09619324989076951,True
V2R-PS,p013,f_blood,0.22,0.022000000000000002,0.09338733847636047,True
V2R-PS,p013,f_blood,0.24,0.024,0.09077298747928604,True
V2R-PS,p013,f_blood,0.26,0.026000000000000002,0.08832902315144567,True
V2R-PS,p013,f_blood,0.28,0.028000000000000004,0.08603806385014932,True
V2R-PS,p013,f_blood,0.3,0.03,0.08388564291387358,True
V2R-PS,p013,f_blood,0.32,0.032,0.08185957501438801,True
V2R-PS,p013,f_blood,0.34,0.034,0.07994948814326093,True
V2R-PS,p013,f_blood,0.36,0.036,0.0781464711751007,True
V2R-PS,p013,f_blood,0.38,0.038000000000000006,0.07644280388977721,True
V2R-PS,p013,f_blood,0.4,0.04000000000000001,0.07483174699116896,True
V2R-PS,p013,f_blood,0.42,0.042,0.07330737654854005,True
V2R-PS,p013,f_blood,0.44,0.044000000000000004,0.07186445184960688,True
V2R-PS,p013,f_blood,0.46,0.046000000000000006,0.07049830874314315,True
V2R-PS,p013,f_blood,0.48,0.048,0.06920477268101352,True
V2R-PS,p013,f_blood,0.5,0.05,0.06798008716730403,True
V2R-PS,p013,f_blood,0.52,0.052000000000000005,0.06682085439134657,True
V2R-PS,p013,f_blood,0.54,0.054000000000000006,0.0657239855957455,True
V2R-PS,p013,f_blood,0.56,0.05600000000000001,0.06468665929876874,True
V2R-PS,p013,f_blood,0.58,0.057999999999999996,0.06370628591255349,True
V2R-PS,p013,f_blood,0.6,0.06,0.06278047761554213,True
V2R-PS,p013,f_blood,0.62,0.062,0.061907022577973536,True
V2R-PS,p013,f_blood,0.64,0.064,0.061083862823229654,True
V2R-PS,p013,f_blood,0.66,0.066,0.06030907514976472,True
V2R-PS,p013,f_blood,0.68,0.068,0.059580854648613846,True
V2R-PS,p013,f_blood,0.7000000000000001,0.07,0.05889750043768983,True
V2R-PS,p013,f_blood,0.72,0.072,0.05825740330185322,True
V2R-PS,p013,f_blood,0.74,0.074,0.05765903498127504,True
V2R-PS,p013,f_blood,0.76,0.07600000000000001,0.05710093889309116,True
V2R-PS,p013,f_blood,0.78,0.07800000000000001,0.056581722105172795,True
V2R-PS,p013,f_blood,0.8,0.08000000000000002,0.056100048407895974,True
V2R-PS,p013,f_blood,0.8200000000000001,0.08200000000000002,0.05565463235152164,True
V2R-PS,p013,f_blood,0.84,0.084,0.055244234134341,True
V2R-PS,p013,f_blood,0.86,0.08600000000000001,0.05486765524099732,True
V2R-PS,p013,f_blood,0.88,0.08800000000000001,0.05452373474207475,True
V2R-PS,p013,f_blood,0.9,0.09000000000000001,0.05421134617572011,True
V2R-PS,p013,f_blood,0.92,0.09200000000000001,0.053929394940183555,True
V2R-PS,p013,f_blood,0.9400000000000001,0.09400000000000001,0.053676816133083505,True
V2R-PS,p013,f_blood,0.96,0.096,0.05345257277921366,True
V2R-PS,p013,f_blood,0.98,0.098,0.05325565439402119,True
V2R-PS,p013,f_blood,1.0,0.1,0.053085075834672556,True
V2R-PS,p014,f_mel,0.0,0.0,1.0530659507485518,True
V2R-PS,p014,f_mel,0.02,0.0086,0.9684166687629431,True
V2R-PS,p014,f_mel,0.04,0.0172,0.8874313858906511,True
V2R-PS,p014,f_mel,0.06,0.0258,0.8098859083559155,True
V2R-PS,p014,f_mel,0.08,0.0344,0.7355877989374306,True
V2R-PS,p014,f_mel,0.1,0.043000000000000003,0.6643733444408173,True
V2R-PS,p014,f_mel,0.12,0.0516,0.5961075439558449,True
V2R-PS,p014,f_mel,0.14,0.060200000000000004,0.5306874378477178,True
V2R-PS,p014,f_mel,0.16,0.0688,0.4680500687362421,True
V2R-PS,p014,f_mel,0.18,0.0774,0.4081880513747971,True
V2R-PS,p014,f_mel,0.2,0.08600000000000001,0.3511791115573192,True
V2R-PS,p014,f_mel,0.22,0.0946,0.2972433117298611,True
V2R-PS,p014,f_mel,0.24,0.1032,0.2468583177388881,True
V2R-PS,p014,f_mel,0.26,0.1118,0.20099958598256198,True
V2R-PS,p014,f_mel,0.28,0.12040000000000001,0.16163208627376213,True
V2R-PS,p014,f_mel,0.3,0.129,0.13250644929292496,True
V2R-PS,p014,f_mel,0.32,0.1376,0.11916632240642348,True
V2R-PS,p014,f_mel,0.3238466912323574,0.13925407722991368,0.11880098159727888,True
V2R-PS,p014,f_mel,0.34,0.1462,0.12490692586652864,True
V2R-PS,p014,f_mel,0.36,0.1548,0.14102535722692747,True
V2R-PS,p014,f_mel,0.38,0.1634,0.15857034287514518,True
V2R-PS,p014,f_mel,0.4,0.17200000000000001,0.17778522768451382,True
V2R-PS,p014,f_mel,0.42,0.18059999999999998,0.19908837857853445,True
V2R-PS,p014,f_mel,0.44,0.1892,0.22297779793382683,True
V2R-PS,p014,f_mel,0.46,0.1978,0.2512795026947861,True
V2R-PS,p014,f_mel,0.48,0.2064,0.28335056422814525,True
V2R-PS,p014,f_mel,0.5,0.215,0.31755272856439315,True
V2R-PS,p014,f_mel,0.52,0.2236,0.35285501027974875,True
V2R-PS,p014,f_mel,0.54,0.23220000000000002,0.38861398689344634,True
V2R-PS,p014,f_mel,0.56,0.24080000000000001,0.4244246141474477,True
V2R-PS,p014,f_mel,0.58,0.24939999999999998,0.46002863281505996,True
V2R-PS,p014,f_mel,0.6,0.258,0.49525964964047087,True
V2R-PS,p014,f_mel,0.62,0.2666,0.5300100041984263,True
V2R-PS,p014,f_mel,0.64,0.2752,0.5642104150418417,True
V2R-PS,p014,f_mel,0.66,0.2838,0.5978171950909829,True
V2R-PS,p014,f_mel,0.68,0.2924,0.6308040352406121,True
V2R-PS,p014,f_mel,0.7000000000000001,0.30100000000000005,0.6631566063598303,True
V2R-PS,p014,f_mel,0.72,0.3096,0.694868939807618,True
V2R-PS,p014,f_mel,0.74,0.3182,0.7259409550637284,True
V2R-PS,p014,f_mel,0.76,0.3268,0.756376742607617,True
V2R-PS,p014,f_mel,0.78,0.33540000000000003,0.7861833536105873,True
V2R-PS,p014,f_mel,0.8,0.34400000000000003,0.8153699357240342,True
V2R-PS,p014,f_mel,0.8200000000000001,0.3526,0.8439471090093447,True
V2R-PS,p014,f_mel,0.84,0.36119999999999997,0.8719265109196206,True
V2R-PS,p014,f_mel,0.86,0.36979999999999996,0.8993204618549833,True
V2R-PS,p014,f_mel,0.88,0.3784,0.9261417177341832,True
V2R-PS,p014,f_mel,0.9,0.387,0.9524032860317433,True
V2R-PS,p014,f_mel,0.92,0.3956,0.9781182885422525,True
V2R-PS,p014,f_mel,0.9400000000000001,0.4042,1.0032998588365545,True
V2R-PS,p014,f_mel,0.96,0.4128,1.0279610656639397,True
V2R-PS,p014,f_mel,0.98,0.4214,1.0521148558829327,True
V2R-PS,p014,f_mel,1.0,0.43,1.075774012170097,True
V2R-PS,p014,f_blood,0.0,0.0,0.18659442482660368,True
V2R-PS,p014,f_blood,0.02,0.002,0.18019977541468454,True
V2R-PS,p014,f_blood,0.04,0.004,0.17549586294698719,True
V2R-PS,p014,f_blood,0.06,0.006,0.17167552731779334,True
V2R-PS,p014,f_blood,0.08,0.008,0.1684194225726601,True
V2R-PS,p014,f_blood,0.1,0.010000000000000002,0.16556225872765906,True
V2R-PS,p014,f_blood,0.12,0.012,0.16300546969214247,True
V2R-PS,p014,f_blood,0.14,0.014000000000000002,0.16068477073671708,True
V2R-PS,p014,f_blood,0.16,0.016,0.1585555399471974,True
V2R-PS,p014,f_blood,0.18,0.018,0.15658534473757033,True
V2R-PS,p014,f_blood,0.2,0.020000000000000004,0.15474976078165759,True
V2R-PS,p014,f_blood,0.22,0.022000000000000002,0.15302986830296395,True
V2R-PS,p014,f_blood,0.24,0.024,0.15141067069393338,True
V2R-PS,p014,f_blood,0.26,0.026000000000000002,0.14988005178563713,True
V2R-PS,p014,f_blood,0.28,0.028000000000000004,0.1484280634514314,True
V2R-PS,p014,f_blood,0.3,0.03,0.14704642416812289,True
V2R-PS,p014,f_blood,0.32,0.032,0.14572815698184255,True
V2R-PS,p014,f_blood,0.34,0.034,0.1444673223280481,True
V2R-PS,p014,f_blood,0.36,0.036,0.14325881704684576,True
V2R-PS,p014,f_blood,0.38,0.038000000000000006,0.14209822062769822,True
V2R-PS,p014,f_blood,0.4,0.04000000000000001,0.14098167581627857,True
V2R-PS,p014,f_blood,0.42,0.042,0.1399057946597647,True
V2R-PS,p014,f_blood,0.44,0.044000000000000004,0.13886758367937704,True
V2R-PS,p014,f_blood,0.46,0.046000000000000006,0.13786438362751166,True
V2R-PS,p014,f_blood,0.48,0.048,0.13689382050753526,True
V2R-PS,p014,f_blood,0.5,0.05,0.1359537653918306,True
V2R-PS,p014,f_blood,0.52,0.052000000000000005,0.13504230118572344,True
V2R-PS,p014,f_blood,0.54,0.054000000000000006,0.13415769492818724,True
V2R-PS,p014,f_blood,0.56,0.05600000000000001,0.13329837454553936,True
V2R-PS,p014,f_blood,0.58,0.057999999999999996,0.1324629092160598,True
V2R-PS,p014,f_blood,0.6,0.06,0.13164999268508917,True
V2R-PS,p014,f_blood,0.62,0.062,0.13085842900809258,True
V2R-PS,p014,f_blood,0.64,0.064,0.1300871203049309,True
V2R-PS,p014,f_blood,0.66,0.066,0.1293350561904132,True
V2R-PS,p014,f_blood,0.68,0.068,0.12860130461006092,True
V2R-PS,p014,f_blood,0.7000000000000001,0.07,0.1278850038602363,True
V2R-PS,p014,f_blood,0.72,0.072,0.1271853556115873,True
V2R-PS,p014,f_blood,0.74,0.074,0.1265016187865144,True
V2R-PS,p014,f_blood,0.76,0.07600000000000001,0.12583310416687274,True
V2R-PS,p014,f_blood,0.78,0.07800000000000001,0.1251791696287328,True
V2R-PS,p014,f_blood,0.8,0.08000000000000002,0.12453921591778327,True
V2R-PS,p014,f_blood,0.8200000000000001,0.08200000000000002,0.12391268289265203,True
V2R-PS,p014,f_blood,0.84,0.084,0.12329904617468061,True
V2R-PS,p014,f_blood,0.86,0.08600000000000001,0.1226978141519807,True
V2R-PS,p014,f_blood,0.88,0.08800000000000001,0.12210852529331272,True
V2R-PS,p014,f_blood,0.9,0.09000000000000001,0.12153074573375591,True
V2R-PS,p014,f_blood,0.92,0.09200000000000001,0.12096406709951883,True
V2R-PS,p014,f_blood,0.9400000000000001,0.09400000000000001,0.12040810454376266,True
V2R-PS,p014,f_blood,0.96,0.096,0.11986249496912427,True
V2R-PS,p014,f_blood,0.98,0.098,0.11932689541585904,True
V2R-PS,p014,f_blood,1.0,0.1,0.1188009815972689,True
V2R-PS,p015,f_mel,0.0,0.0,0.6256967369998169,True
V2R-PS,p015,f_mel,0.02,0.0086,0.5388228355121476,True
V2R-PS,p015,f_mel,0.04,0.0172,0.45575898087617894,True
V2R-PS,p015,f_mel,0.06,0.0258,0.37630454660105705,True
V2R-PS,p015,f_mel,0.08,0.0344,0.3003309498595014,True
V2R-PS,p015,f_mel,0.1,0.043000000000000003,0.22784121483550712,True
V2R-PS,p015,f_mel,0.12,0.0516,0.1591885457269747,True
V2R-PS,p015,f_mel,0.14,0.060200000000000004,0.09613624794051029,True
V2R-PS,p015,f_mel,0.16,0.0688,0.05009089014685555,True
V2R-PS,p015,f_mel,0.16672438655815922,0.07169148622000845,0.0464988596394662,True
V2R-PS,p015,f_mel,0.18,0.0774,0.05108012335093598,True
V2R-PS,p015,f_mel,0.2,0.08600000000000001,0.07110127428803519,True
V2R-PS,p015,f_mel,0.22,0.0946,0.099290138564753,True
V2R-PS,p015,f_mel,0.24,0.1032,0.13181566276142034,True
V2R-PS,p015,f_mel,0.26,0.1118,0.16766019028208534,True
V2R-PS,p015,f_mel,0.28,0.12040000000000001,0.20689156067308215,True
V2R-PS,p015,f_mel,0.3,0.129,0.2518191111982489,True
V2R-PS,p015,f_mel,0.32,0.1376,0.30013702360156536,True
V2R-PS,p015,f_mel,0.34,0.1462,0.3495546289703923,True
V2R-PS,p015,f_mel,0.36,0.1548,0.3989667288654482,True
V2R-PS,p015,f_mel,0.38,0.1634,0.44781855746612925,True
V2R-PS,p015,f_mel,0.4,0.17200000000000001,0.49582414815326026,True
V2R-PS,p015,f_mel,0.42,0.18059999999999998,0.5428366442286864,True
V2R-PS,p015,f_mel,0.44,0.1892,0.5887849153431726,True
V2R-PS,p015,f_mel,0.46,0.1978,0.6336407122728223,True
V2R-PS,p015,f_mel,0.48,0.2064,0.6774007468856386,True
V2R-PS,p015,f_mel,0.5,0.215,0.720076481603291,True
V2R-PS,p015,f_mel,0.52,0.2236,0.7616881008721881,True
V2R-PS,p015,f_mel,0.54,0.23220000000000002,0.8022608493414038,True
V2R-PS,p015,f_mel,0.56,0.24080000000000001,0.8418227589150848,True
V2R-PS,p015,f_mel,0.58,0.24939999999999998,0.8804032163640696,True
V2R-PS,p015,f_mel,0.6,0.258,0.9180320530162507,True
V2R-PS,p015,f_mel,0.62,0.2666,0.954738965763266,True
V2R-PS,p015,f_mel,0.64,0.2752,0.9905531520162156,True
V2R-PS,p015,f_mel,0.66,0.2838,1.0255030846967985,True
V2R-PS,p015,f_mel,0.68,0.2924,1.0596163797693297,True
V2R-PS,p015,f_mel,0.7000000000000001,0.30100000000000005,1.0929197252638163,True
V2R-PS,p015,f_mel,0.72,0.3096,1.1254388511932638,True
V2R-PS,p015,f_mel,0.74,0.3182,1.1571985265370008,True
V2R-PS,p015,f_mel,0.76,0.3268,1.1882225739172512,True
V2R-PS,p015,f_mel,0.78,0.33540000000000003,1.2185338955714267,True
V2R-PS,p015,f_mel,0.8,0.34400000000000003,1.2481545062345343,True
V2R-PS,p015,f_mel,0.8200000000000001,0.3526,1.2771055699213143,True
V2R-PS,p015,f_mel,0.84,0.36119999999999997,1.3054074385463432,True
V2R-PS,p015,f_mel,0.86,0.36979999999999996,1.3330796909795104,True
V2R-PS,p015,f_mel,0.88,0.3784,1.3601411715949778,True
V2R-PS,p015,f_mel,0.9,0.387,1.38661002769493,True
V2R-PS,p015,f_mel,0.92,0.3956,1.4125037454166105,True
V2R-PS,p015,f_mel,0.9400000000000001,0.4042,1.4378391838907794,True
V2R-PS,p015,f_mel,0.96,0.4128,1.4626326075315566,True
V2R-PS,p015,f_mel,0.98,0.4214,1.4868997164152769,True
V2R-PS,p015,f_mel,1.0,0.43,1.5106556747600393,True
V2R-PS,p015,f_blood,0.0,0.0,0.14955221998977547,True
V2R-PS,p015,f_blood,0.02,0.002,0.13734409517278892,True
V2R-PS,p015,f_blood,0.04,0.004,0.12839912535727327,True
V2R-PS,p015,f_blood,0.06,0.006,0.12116126808307025,True
V2R-PS,p015,f_blood,0.08,0.008,0.11501811380701465,True
V2R-PS,p015,f_blood,0.1,0.010000000000000002,0.10965374483155177,True
V2R-PS,p015,f_blood,0.12,0.012,0.10488022053622269,True
V2R-PS,p015,f_blood,0.14,0.014000000000000002,0.10057519974645453,True
V2R-PS,p015,f_blood,0.16,0.016,0.09665390890461868,True
V2R-PS,p015,f_blood,0.18,0.018,0.09305484043718423,True
V2R-PS,p015,f_blood,0.2,0.020000000000000004,0.0897317638708861,True
V2R-PS,p015,f_blood,0.22,0.022000000000000002,0.08664894718260034,True
V2R-PS,p015,f_blood,0.24,0.024,0.08377814068256959,True
V2R-PS,p015,f_blood,0.26,0.026000000000000002,0.08109658890832692,True
V2R-PS,p015,f_blood,0.28,0.028000000000000004,0.07858567224496389,True
V2R-PS,p015,f_blood,0.3,0.03,0.07622995028276262,True
V2R-PS,p015,f_blood,0.32,0.032,0.07401647038324521,True
V2R-PS,p015,f_blood,0.34,0.034,0.07193425651313917,True
V2R-PS,p015,f_blood,0.36,0.036,0.0699739237425503,True
V2R-PS,p015,f_blood,0.38,0.038000000000000006,0.06812738229557072,True
V2R-PS,p015,f_blood,0.4,0.04000000000000001,0.0663876066720272,True
V2R-PS,p015,f_blood,0.42,0.042,0.0647484528788514,True
V2R-PS,p015,f_blood,0.44,0.044000000000000004,0.0632045117925139,True
V2R-PS,p015,f_blood,0.46,0.046000000000000006,0.06175099004957084,True
V2R-PS,p015,f_blood,0.48,0.048,0.060383612195183324,True
V2R-PS,p015,f_blood,0.5,0.05,0.05909853946107205,True
V2R-PS,p015,f_blood,0.52,0.052000000000000005,0.05789230171866742,True
V2R-PS,p015,f_blood,0.54,0.054000000000000006,0.05676174000572751,True
V2R-PS,p015,f_blood,0.56,0.05600000000000001,0.05570395765163679,True
V2R-PS,p015,f_blood,0.58,0.057999999999999996,0.054716278492732445,True
V2R-PS,p015,f_blood,0.6,0.06,0.05379621101846396,True
V2R-PS,p015,f_blood,0.62,0.062,0.05294141755260226,True
V2R-PS,p015,f_blood,0.64,0.064,0.05214968777255254,True
V2R-PS,p015,f_blood,0.66,0.066,0.05141891601947728,True
V2R-PS,p015,f_blood,0.68,0.068,0.05074708196358759,True
V2R-PS,p015,f_blood,0.7000000000000001,0.07,0.05013223427100353,True
V2R-PS,p015,f_blood,0.72,0.072,0.04957247697744958,True
V2R-PS,p015,f_blood,0.74,0.074,0.04906595831487362,True
V2R-PS,p015,f_blood,0.76,0.07600000000000001,0.04861086176406399,True
V2R-PS,p015,f_blood,0.78,0.07800000000000001,0.04820539912303165,True
V2R-PS,p015,f_blood,0.8,0.08000000000000002,0.047847805390364304,True
V2R-PS,p015,f_blood,0.8200000000000001,0.08200000000000002,0.04753633526753209,True
V2R-PS,p015,f_blood,0.84,0.084,0.04726926108644705,True
V2R-PS,p015,f_blood,0.86,0.08600000000000001,0.04704487197023324,True
V2R-PS,p015,f_blood,0.88,0.08800000000000001,0.04686147403756531,True
V2R-PS,p015,f_blood,0.9,0.09000000000000001,0.04671739146509235,True
V2R-PS,p015,f_blood,0.92,0.09200000000000001,0.04661096822898804,True
V2R-PS,p015,f_blood,0.9400000000000001,0.09400000000000001,0.04654057035585266,True
V2R-PS,p015,f_blood,0.96,0.096,0.046504588524978886,True
V2R-PS,p015,f_blood,0.9719282203383426,0.09719282203383427,0.0464988596394662,True
V2R-PS,p015,f_blood,0.98,0.098,0.046501440878102734,True
V2R-PS,p015,f_blood,1.0,0.1,0.04652957590872821,True
V2R-PS,p017,f_mel,0.0,0.0,0.5620702524589137,True
V2R-PS,p017,f_mel,0.02,0.0086,0.47605988970177615,True
V2R-PS,p017,f_mel,0.04,0.0172,0.39449325973470095,True
V2R-PS,p017,f_mel,0.06,0.0258,0.31750795418906097,True
V2R-PS,p017,f_mel,0.08,0.0344,0.2457088734427759,True
V2R-PS,p017,f_mel,0.1,0.043000000000000003,0.1808713022479656,True
V2R-PS,p017,f_mel,0.12,0.0516,0.12818495299042335,True
V2R-PS,p017,f_mel,0.14,0.060200000000000004,0.09846429369593172,True
V2R-PS,p017,f_mel,0.16,0.0688,0.08213277658605109,True
V2R-PS,p017,f_mel,0.17139909296374606,0.0737016099744108,0.07925577178012001,True
V2R-PS,p017,f_mel,0.18,0.0774,0.08096810620626758,True
V2R-PS,p017,f_mel,0.2,0.08600000000000001,0.09720104119795896,True
V2R-PS,p017,f_mel,0.22,0.0946,0.12604237008187266,True
V2R-PS,p017,f_mel,0.24,0.1032,0.1629246521157744,True
V2R-PS,p017,f_mel,0.26,0.1118,0.2089210674183889,True
V2R-PS,p017,f_mel,0.28,0.12040000000000001,0.2605656605331088,True
V2R-PS,p017,f_mel,0.3,0.129,0.31387079709194715,True
V2R-PS,p017,f_mel,0.32,0.1376,0.3671885847487121,True
V2R-PS,p017,f_mel,0.34,0.1462,0.41979255791838055,True
V2R-PS,p017,f_mel,0.36,0.1548,0.4713479831460852,True
V2R-PS,p017,f_mel,0.38,0.1634,0.521701920182651,True
V2R-PS,p017,f_mel,0.4,0.17200000000000001,0.5707920610064028,True
V2R-PS,p017,f_mel,0.42,0.18059999999999998,0.6186036864412924,True
V2R-PS,p017,f_mel,0.44,0.1892,0.6651478781642605,True
V2R-PS,p017,f_mel,0.46,0.1978,0.7104498577202581,True
V2R-PS,p017,f_mel,0.48,0.2064,0.7545424681544147,True
V2R-PS,p017,f_mel,0.5,0.215,0.7974624096217422,True
V2R-PS,p017,f_mel,0.52,0.2236,0.8392480161390976,True
V2R-PS,p017,f_mel,0.54,0.23220000000000002,0.8799379265144929,True
V2R-PS,p017,f_mel,0.56,0.24080000000000001,0.9195702894962461,True
V2R-PS,p017,f_mel,0.58,0.24939999999999998,0.9581822955423546,True
V2R-PS,p017,f_mel,0.6,0.258,0.9958099117578894,True
V2R-PS,p017,f_mel,0.62,0.2666,1.0324877446602738,True
V2R-PS,p017,f_mel,0.64,0.2752,1.0682489837840714,True
V2R-PS,p017,f_mel,0.66,0.2838,1.1031253962911245,True
V2R-PS,p017,f_mel,0.68,0.2924,1.137147353372699,True
V2R-PS,p017,f_mel,0.7000000000000001,0.30100000000000005,1.17034387593863,True
V2R-PS,p017,f_mel,0.72,0.3096,1.2027426913990642,True
V2R-PS,p017,f_mel,0.74,0.3182,1.234370296155024,True
V2R-PS,p017,f_mel,0.76,0.3268,1.2652520202689843,True
V2R-PS,p017,f_mel,0.78,0.33540000000000003,1.295412092022883,True
V2R-PS,p017,f_mel,0.8,0.34400000000000003,1.3248737009008351,True
V2R-PS,p017,f_mel,0.8200000000000001,0.3526,1.3536590580935153,True
V2R-PS,p017,f_mel,0.84,0.36119999999999997,1.3817894539993205,True
V2R-PS,p017,f_mel,0.86,0.36979999999999996,1.4092853124524845,True
V2R-PS,p017,f_mel,0.88,0.3784,1.4361662415795673,True
V2R-PS,p017,f_mel,0.9,0.387,1.462451081297494,True
V2R-PS,p017,f_mel,0.92,0.3956,1.488157947545558,True
V2R-PS,p017,f_mel,0.9400000000000001,0.4042,1.5133042733784752,True
V2R-PS,p017,f_mel,0.96,0.4128,1.5379068470899306,True
V2R-PS,p017,f_mel,0.98,0.4214,1.5619818475373428,True
V2R-PS,p017,f_mel,1.0,0.43,1.5855448768513865,True
V2R-PS,p017,f_blood,0.0,0.0,0.12734061475204772,True
V2R-PS,p017,f_blood,0.02,0.002,0.11654519301392995,True
V2R-PS,p017,f_blood,0.04,0.004,0.10900653275794556,True
V2R-PS,p017,f_blood,0.06,0.006,0.10322426953783792,True
V2R-PS,p017,f_blood,0.08,0.008,0.09859833178891965,True
V2R-PS,p017,f_blood,0.1,0.010000000000000002,0.09481430969622479,True
V2R-PS,p017,f_blood,0.12,0.012,0.09168186947791092,True
V2R-PS,p017,f_blood,0.14,0.014000000000000002,0.08907452817260281,True
V2R-PS,p017,f_blood,0.16,0.016,0.08690245739917472,True
V2R-PS,p017,f_blood,0.18,0.018,0.08509857190874866,True
V2R-PS,p017,f_blood,0.2,0.020000000000000004,0.08361075931294697,True
V2R-PS,p017,f_blood,0.22,0.022000000000000002,0.08239724669199698,True
V2R-PS,p017,f_blood,0.24,0.024,0.0814236943162154,True
V2R-PS,p017,f_blood,0.26,0.026000000000000002,0.08066129699468728,True
V2R-PS,p017,f_blood,0.28,0.028000000000000004,0.0800855006306861,True
V2R-PS,p017,f_blood,0.3,0.03,0.07967510820194565,True
V2R-PS,p017,f_blood,0.32,0.032,0.07941163953115293,True
V2R-PS,p017,f_blood,0.34,0.034,0.07927886049175993,True
V2R-PS,p017,f_blood,0.35292467341197403,0.035292467341197405,0.07925577178012158,True
V2R-PS,p017,f_blood,0.36,0.036,0.07926242772029665,True
V2R-PS,p017,f_blood,0.38,0.038000000000000006,0.07934961360167903,True
V2R-PS,p017,f_blood,0.4,0.04000000000000001,0.07952908811166876,True
V2R-PS,p017,f_blood,0.42,0.042,0.07979074173901413,True
V2R-PS,p017,f_blood,0.44,0.044000000000000004,0.08012553873077029,True
V2R-PS,p017,f_blood,0.46,0.046000000000000006,0.08052539324543768,True
V2R-PS,p017,f_blood,0.48,0.048,0.08098306324112992,True
V2R-PS,p017,f_blood,0.5,0.05,0.08149205844032048,True
V2R-PS,p017,f_blood,0.52,0.052000000000000005,0.08204655974001011,True
V2R-PS,p017,f_blood,0.54,0.054000000000000006,0.0826413481360591,True
V2R-PS,p017,f_blood,0.56,0.05600000000000001,0.08327174170982395,True
V2R-PS,p017,f_blood,0.58,0.057999999999999996,0.0839335395561193,True
V2R-PS,p017,f_blood,0.6,0.06,0.08462297176250919,True
V2R-PS,p017,f_blood,0.62,0.062,0.0853366547138409,True
V2R-PS,p017,f_blood,0.64,0.064,0.08607155111482323,True
V2R-PS,p017,f_blood,0.66,0.066,0.08682493421210745,True
V2R-PS,p017,f_blood,0.68,0.068,0.08759435576557334,True
V2R-PS,p017,f_blood,0.7000000000000001,0.07,0.08837761737284333,True
V2R-PS,p017,f_blood,0.72,0.072,0.08917274479571943,True
V2R-PS,p017,f_blood,0.74,0.074,0.0899779649750183,True
V2R-PS,p017,f_blood,0.76,0.07600000000000001,0.09079168545299193,True
V2R-PS,p017,f_blood,0.78,0.07800000000000001,0.09161247595133219,True
V2R-PS,p017,f_blood,0.8,0.08000000000000002,0.09243905187843465,True
V2R-PS,p017,f_blood,0.8200000000000001,0.08200000000000002,0.09327025956266247,True
V2R-PS,p017,f_blood,0.84,0.084,0.09410506302915056,True
V2R-PS,p017,f_blood,0.86,0.08600000000000001,0.0949425321564904,True
V2R-PS,p017,f_blood,0.88,0.08800000000000001,0.09578183206662842,True
V2R-PS,p017,f_blood,0.9,0.09000000000000001,0.0966222136166658,True
V2R-PS,p017,f_blood,0.92,0.09200000000000001,0.09746300487509679,True
V2R-PS,p017,f_blood,0.9400000000000001,0.09400000000000001,0.09830360347750156,True
V2R-PS,p017,f_blood,0.96,0.096,0.0991434697679306,True
V2R-PS,p017,f_blood,0.98,0.098,0.09998212064229398,True
V2R-PS,p017,f_blood,1.0,0.1,0.1008191240190913,True
V2R-PS,p018,f_mel,0.0,0.0,1.0314341796917201,True
V2R-PS,p018,f_mel,0.02,0.0086,0.9464854107606441,True
V2R-PS,p018,f_mel,0.04,0.0172,0.8652287625091757,True
V2R-PS,p018,f_mel,0.06,0.0258,0.7874235664363061,True
V2R-PS,p018,f_mel,0.08,0.0344,0.712861998217023,True
V2R-PS,p018,f_mel,0.1,0.043000000000000003,0.6413650033521947,True
V2R-PS,p018,f_mel,0.12,0.0516,0.5727811967036006,True
V2R-PS,p018,f_mel,0.14,0.060200000000000004,0.5069889305568818,True
V2R-PS,p018,f_mel,0.16,0.0688,0.44390272060213704,True
V2R-PS,p018,f_mel,0.18,0.0774,0.38348702309678684,True
V2R-PS,p018,f_mel,0.2,0.08600000000000001,0.32578426574850944,True
V2R-PS,p018,f_mel,0.22,0.0946,0.27097349698199474,True
V2R-PS,p018,f_mel,0.24,0.1032,0.2195008951021043,True
V2R-PS,p018,f_mel,0.26,0.1118,0.1723920524453041,True
V2R-PS,p018,f_mel,0.28,0.12040000000000001,0.1320292807661806,True
V2R-PS,p018,f_mel,0.3,0.129,0.10377601345363904,True
V2R-PS,p018,f_mel,0.3162726096455274,0.13599722214757679,0.09568013638875307,True
V2R-PS,p018,f_mel,0.32,0.1376,0.09610862051515123,True
V2R-PS,p018,f_mel,0.34,0.1462,0.10875612656026216,True
V2R-PS,p018,f_mel,0.36,0.1548,0.12592064674522369,True
V2R-PS,p018,f_mel,0.38,0.1634,0.14555985543882355,True
V2R-PS,p018,f_mel,0.4,0.17200000000000001,0.16764980410670532,True
V2R-PS,p018,f_mel,0.42,0.18059999999999998,0.19235295810051342,True
V2R-PS,p018,f_mel,0.44,0.1892,0.2203551325420629,True
V2R-PS,p018,f_mel,0.46,0.1978,0.2528367984253201,True
V2R-PS,p018,f_mel,0.48,0.2064,0.2879620707022152,True
V2R-PS,p018,f_mel,0.5,0.215,0.32439211065259754,True
V2R-PS,p018,f_mel,0.52,0.2236,0.36133602015039273,True
V2R-PS,p018,f_mel,0.54,0.23220000000000002,0.3983204843460983,True
V2R-PS,p018,f_mel,0.56,0.24080000000000001,0.4350570117225508,True
V2R-PS,p018,f_mel,0.58,0.24939999999999998,0.4713671906556811,True
V2R-PS,p018,f_mel,0.6,0.258,0.5071400514495409,True
V2R-PS,p018,f_mel,0.62,0.2666,0.5423071047746414,True
V2R-PS,p018,f_mel,0.64,0.2752,0.5768272943330213,True
V2R-PS,p018,f_mel,0.66,0.2838,0.6106776611375878,True
V2R-PS,p018,f_mel,0.68,0.2924,0.6438473944018971,True
V2R-PS,p018,f_mel,0.7000000000000001,0.30100000000000005,0.676333947800587,True
V2R-PS,p018,f_mel,0.72,0.3096,0.7081404490310566,True
V2R-PS,p018,f_mel,0.74,0.3182,0.7392739391077597,True
V2R-PS,p018,f_mel,0.76,0.3268,0.7697441558474719,True
V2R-PS,p018,f_mel,0.78,0.33540000000000003,0.7995626814385892,True
V2R-PS,p018,f_mel,0.8,0.34400000000000003,0.8287423379882531,True
V2R-PS,p018,f_mel,0.8200000000000001,0.3526,0.8572967546895289,True
V2R-PS,p018,f_mel,0.84,0.36119999999999997,0.8852400554684127,True
V2R-PS,p018,f_mel,0.86,0.36979999999999996,0.9125866322863041,True
V2R-PS,p018,f_mel,0.88,0.3784,0.939350980022899,True
V2R-PS,p018,f_mel,0.9,0.387,0.9655475760655396,True
V2R-PS,p018,f_mel,0.92,0.3956,0.9911907926298241,True
V2R-PS,p018,f_mel,0.9400000000000001,0.4042,1.016294833216343,True
V2R-PS,p018,f_mel,0.96,0.4128,1.0408736869711899,True
V2R-PS,p018,f_mel,0.98,0.4214,1.0649410963895263,True
V2R-PS,p018,f_mel,1.0,0.43,1.0885105349973443,True
V2R-PS,p018,f_blood,0.0,0.0,0.16670207491004804,True
V2R-PS,p018,f_blood,0.02,0.002,0.1595939339853271,True
V2R-PS,p018,f_blood,0.04,0.004,0.1543767318443284,True
V2R-PS,p018,f_blood,0.06,0.006,0.15015140199104807,True
V2R-PS,p018,f_blood,0.08,0.008,0.14656136599652045,True
V2R-PS,p018,f_blood,0.1,0.010000000000000002,0.14342166775058376,True
V2R-PS,p018,f_blood,0.12,0.012,0.1406218086346812,True
V2R-PS,p018,f_blood,0.14,0.014000000000000002,0.13808960397935924,True
V2R-PS,p018,f_blood,0.16,0.016,0.1357748757687622,True
V2R-PS,p018,f_blood,0.18,0.018,0.13364110565098977,True
V2R-PS,p018,f_blood,0.2,0.020000000000000004,0.1316607598873768,True
V2R-PS,p018,f_blood,0.22,0.022000000000000002,0.12981248688968713,True
V2R-PS,p018,f_blood,0.24,0.024,0.12807934541698074,True
V2R-PS,p018,f_blood,0.26,0.026000000000000002,0.12644763522857694,True
V2R-PS,p018,f_blood,0.28,0.028000000000000004,0.1249060975121689,True
V2R-PS,p018,f_blood,0.3,0.03,0.12344535164453688,True
V2R-PS,p018,f_blood,0.32,0.032,0.12205748824168881,True
V2R-PS,p018,f_blood,0.34,0.034,0.12073576862641075,True
V2R-PS,p018,f_blood,0.36,0.036,0.11947439860972638,True
V2R-PS,p018,f_blood,0.38,0.038000000000000006,0.11826835532719775,True
V2R-PS,p018,f_blood,0.4,0.04000000000000001,0.11711325269836223,True
V2R-PS,p018,f_blood,0.42,0.042,0.116005235494879,True
V2R-PS,p018,f_blood,0.44,0.044000000000000004,0.1149408949309253,True
V2R-PS,p018,f_blood,0.46,0.046000000000000006,0.11391720067253952,True
V2R-PS,p018,f_blood,0.48,0.048,0.11293144553214646,True
V2R-PS,p018,f_blood,0.5,0.05,0.11198120007703179,True
V2R-PS,p018,f_blood,0.52,0.052000000000000005,0.11106427506784533,True
V2R-PS,p018,f_blood,0.54,0.054000000000000006,0.11017869014121445,True
V2R-PS,p018,f_blood,0.56,0.05600000000000001,0.10932264751618996,True
V2R-PS,p018,f_blood,0.58,0.057999999999999996,0.10849450977603932,True
V2R-PS,p018,f_blood,0.6,0.06,0.10769278098120479,True
V2R-PS,p018,f_blood,0.62,0.062,0.10691609052445378,True
V2R-PS,p018,f_blood,0.64,0.064,0.1061631792582948,True
V2R-PS,p018,f_blood,0.66,0.066,0.10543288751688126,True
V2R-PS,p018,f_blood,0.68,0.068,0.10472414472655614,True
V2R-PS,p018,f_blood,0.7000000000000001,0.07,0.1040359603557824,True
V2R-PS,p018,f_blood,0.72,0.072,0.10336741600006148,True
V2R-PS,p018,f_blood,0.74,0.074,0.1027176584332451,True
V2R-PS,p018,f_blood,0.76,0.07600000000000001,0.10208589348541233,True
V2R-PS,p018,f_blood,0.78,0.07800000000000001,0.10147138063073509,True
V2R-PS,p018,f_blood,0.8,0.08000000000000002,0.10087342818766461,True
V2R-PS,p018,f_blood,0.8200000000000001,0.08200000000000002,0.10029138904923036,True
V2R-PS,p018,f_blood,0.84,0.084,0.09972465687395145,True
V2R-PS,p018,f_blood,0.86,0.08600000000000001,0.09917266267835155,True
V2R-PS,p018,f_blood,0.88,0.08800000000000001,0.09863487178078766,True
V2R-PS,p018,f_blood,0.9,0.09000000000000001,0.09811078105355485,True
V2R-PS,p018,f_blood,0.92,0.09200000000000001,0.09759991644631828,True
V2R-PS,p018,f_blood,0.9400000000000001,0.09400000000000001,0.09710183074902835,True
V2R-PS,p018,f_blood,0.96,0.096,0.09661610156679214,True
V2R-PS,p018,f_blood,0.98,0.098,0.09614232948282726,True
V2R-PS,p018,f_blood,1.0,0.1,0.09568013638873035,True
V2R-PS,p019,f_mel,0.0,0.0,0.8370647036491642,True
V2R-PS,p019,f_mel,0.02,0.0086,0.7511727184288552,True
V2R-PS,p019,f_mel,0.04,0.0172,0.6690365686823287,True
V2R-PS,p019,f_mel,0.06,0.0258,0.5904250115284373,True
V2R-PS,p019,f_mel,0.08,0.0344,0.5151466552443548,True
V2R-PS,p019,f_mel,0.1,0.043000000000000003,0.44305188488186076,True
V2R-PS,p019,f_mel,0.12,0.0516,0.37404429293163705,True
V2R-PS,p019,f_mel,0.14,0.060200000000000004,0.3081108928021125,True
V2R-PS,p019,f_mel,0.16,0.0688,0.24539825534570875,True
V2R-PS,p019,f_mel,0.18,0.0774,0.18642244955185347,True
V2R-PS,p019,f_mel,0.2,0.08600000000000001,0.1327451437923973,True
V2R-PS,p019,f_mel,0.22,0.0946,0.08950319571642863,True
V2R-PS,p019,f_mel,0.23883867972800782,0.10270063228304337,0.07199964434644773,True
V2R-PS,p019,f_mel,0.24,0.1032,0.07207173095887291,True
V2R-PS,p019,f_mel,0.26,0.1118,0.0857739709367432,True
V2R-PS,p019,f_mel,0.28,0.12040000000000001,0.106652257441019,True
V2R-PS,p019,f_mel,0.3,0.129,0.13150158786222566,True
V2R-PS,p019,f_mel,0.32,0.1376,0.15935218888352753,True
V2R-PS,p019,f_mel,0.34,0.1462,0.1898843135246539,True
V2R-PS,p019,f_mel,0.36,0.1548,0.22312217870948023,True
V2R-PS,p019,f_mel,0.38,0.1634,0.2606521640898841,True
V2R-PS,p019,f_mel,0.4,0.17200000000000001,0.30117855289352735,True
V2R-PS,p019,f_mel,0.42,0.18059999999999998,0.3430165476243318,True
V2R-PS,p019,f_mel,0.44,0.1892,0.3852342038422825,True
V2R-PS,p019,f_mel,0.46,0.1978,0.4273052339985923,True
V2R-PS,p019,f_mel,0.48,0.2064,0.4689257519608229,True
V2R-PS,p019,f_mel,0.5,0.215,0.5099180220279472,True
V2R-PS,p019,f_mel,0.52,0.2236,0.5501784744470055,True
V2R-PS,p019,f_mel,0.54,0.23220000000000002,0.5896485776967336,True
V2R-PS,p019,f_mel,0.56,0.24080000000000001,0.6282979027429829,True
V2R-PS,p019,f_mel,0.58,0.24939999999999998,0.6661139342182921,True
V2R-PS,p019,f_mel,0.6,0.258,0.7030957521614009,True
V2R-PS,p019,f_mel,0.62,0.2666,0.739250009558761,True
V2R-PS,p019,f_mel,0.64,0.2752,0.7745883133353971,True
V2R-PS,p019,f_mel,0.66,0.2838,0.8091254866928494,True
V2R-PS,p019,f_mel,0.68,0.2924,0.8428783982670837,True
V2R-PS,p019,f_mel,0.7000000000000001,0.30100000000000005,0.8758651635476761,True
V2R-PS,p019,f_mel,0.72,0.3096,0.9081045953052866,True
V2R-PS,p019,f_mel,0.74,0.3182,0.9396158232560612,True
V2R-PS,p019,f_mel,0.76,0.3268,0.9704180303314642,True
V2R-PS,p019,f_mel,0.78,0.33540000000000003,1.0005302702256316,True
V2R-PS,p019,f_mel,0.8,0.34400000000000003,1.0299713421397736,True
V2R-PS,p019,f_mel,0.8200000000000001,0.3526,1.058759706083678,True
V2R-PS,p019,f_mel,0.84,0.36119999999999997,1.0869134270957574,True
V2R-PS,p019,f_mel,0.86,0.36979999999999996,1.1144501401541551,True
V2R-PS,p019,f_mel,0.88,0.3784,1.1413870299087137,True
V2R-PS,p019,f_mel,0.9,0.387,1.1677408210123246,True
V2R-PS,p019,f_mel,0.92,0.3956,1.1935277759958212,True
V2R-PS,p019,f_mel,0.9400000000000001,0.4042,1.2187636984627985,True
V2R-PS,p019,f_mel,0.96,0.4128,1.243463939980156,True
V2R-PS,p019,f_mel,0.98,0.4214,1.2676434094751703,True
V2R-PS,p019,f_mel,1.0,0.43,1.2913165842678356,True
V2R-PS,p019,f_blood,0.0,0.0,0.16644537185487285,True
V2R-PS,p019,f_blood,0.02,0.002,0.1564960815494605,True
V2R-PS,p019,f_blood,0.04,0.004,0.14918556412011894,True
V2R-PS,p019,f_blood,0.06,0.006,0.14326152221523197,True
V2R-PS,p019,f_blood,0.08,0.008,0.13822780972711374,True
V2R-PS,p019,f_blood,0.1,0.010000000000000002,0.13382718243423755,True
V2R-PS,p019,f_blood,0.12,0.012,0.12990595849858516,True
V2R-PS,p019,f_blood,0.14,0.014000000000000002,0.12636372191065084,True
V2R-PS,p019,f_blood,0.16,0.016,0.12313064423078353,True
V2R-PS,p019,f_blood,0.18,0.018,0.12015588157592287,True
V2R-PS,p019,f_blood,0.2,0.020000000000000004,0.11740107767183662,True
V2R-PS,p019,f_blood,0.22,0.022000000000000002,0.11483646983548117,True
V2R-PS,p019,f_blood,0.24,0.024,0.11243842718917949,True
V2R-PS,p019,f_blood,0.26,0.026000000000000002,0.11018782590217112,True
V2R-PS,p019,f_blood,0.28,0.028000000000000004,0.10806893812006028,True
V2R-PS,p019,f_blood,0.3,0.03,0.10606864918463027,True
V2R-PS,p019,f_blood,0.32,0.032,0.10417589195287286,True
V2R-PS,p019,f_blood,0.34,0.034,0.10238122894289138,True
V2R-PS,p019,f_blood,0.36,0.036,0.10067653771748265,True
V2R-PS,p019,f_blood,0.38,0.038000000000000006,0.0990547699790018,True
V2R-PS,p019,f_blood,0.4,0.04000000000000001,0.09750976433148015,True
V2R-PS,p019,f_blood,0.42,0.042,0.09603609880070725,True
V2R-PS,p019,f_blood,0.44,0.044000000000000004,0.09462897326926413,True
V2R-PS,p019,f_blood,0.46,0.046000000000000006,0.09328411473763797,True
V2R-PS,p019,f_blood,0.48,0.048,0.09199770022456348,True
V2R-PS,p019,f_blood,0.5,0.05,0.09076629345653038,True
V2R-PS,p019,f_blood,0.52,0.052000000000000005,0.08958679245102419,True
V2R-PS,p019,f_blood,0.54,0.054000000000000006,0.08845638578978568,True
V2R-PS,p019,f_blood,0.56,0.05600000000000001,0.08737251588629118,True
V2R-PS,p019,f_blood,0.58,0.057999999999999996,0.08633284792922756,True
V2R-PS,p019,f_blood,0.6,0.06,0.0853352434675863,True
V2R-PS,p019,f_blood,0.62,0.062,0.08437773781865122,True
V2R-PS,p019,f_blood,0.64,0.064,0.08345852064557982,True
V2R-PS,p019,f_blood,0.66,0.066,0.0825759191793367,True
V2R-PS,p019,f_blood,0.68,0.068,0.08172838365969931,True
V2R-PS,p019,f_blood,0.7000000000000001,0.07,0.08091447464871872,True
V2R-PS,p019,f_blood,0.72,0.072,0.08013285193235714,True
V2R-PS,p019,f_blood,0.74,0.074,0.07938226477579433,True
V2R-PS,p019,f_blood,0.76,0.07600000000000001,0.07866154333787208,True
V2R-PS,p019,f_blood,0.78,0.07800000000000001,0.07796959108246442,True
V2R-PS,p019,f_blood,0.8,0.08000000000000002,0.07730537805083706,True
V2R-PS,p019,f_blood,0.8200000000000001,0.08200000000000002,0.07666793488054019,True
V2R-PS,p019,f_blood,0.84,0.084,0.07605634747403191,True
V2R-PS,p019,f_blood,0.86,0.08600000000000001,0.07546975223480339,True
V2R-PS,p019,f_blood,0.88,0.08800000000000001,0.07490733180087493,True
V2R-PS,p019,f_blood,0.9,0.09000000000000001,0.0743683112156066,True
V2R-PS,p019,f_blood,0.92,0.09200000000000001,0.07385195448420326,True
V2R-PS,p019,f_blood,0.9400000000000001,0.09400000000000001,0.0733575614713788,True
V2R-PS,p019,f_blood,0.96,0.096,0.07288446510162472,True
V2R-PS,p019,f_blood,0.98,0.098,0.07243202882858396,True
V2R-PS,p019,f_blood,1.0,0.1,0.07199964434433494,True
V2R-PS,p020,f_mel,0.0,0.0,0.5493923965780453,True
V2R-PS,p020,f_mel,0.02,0.0086,0.4701896706868221,True
V2R-PS,p020,f_mel,0.04,0.0172,0.39662174728250177,True
V2R-PS,p020,f_mel,0.06,0.0258,0.3294999357012968,True
V2R-PS,p020,f_mel,0.08,0.0344,0.2704797337656367,True
V2R-PS,p020,f_mel,0.1,0.043000000000000003,0.2226727814304429,True
V2R-PS,p020,f_mel,0.12,0.0516,0.19112465872720333,True
V2R-PS,p020,f_mel,0.1384719950600427,0.05954295787581836,0.18114392407815078,True
V2R-PS,p020,f_mel,0.14,0.060200000000000004,0.18121141491797094,True
V2R-PS,p020,f_mel,0.16,0.0688,0.19361501883925333,True
V2R-PS,p020,f_mel,0.18,0.0774,0.21751499691910536,True
V2R-PS,p020,f_mel,0.2,0.08600000000000001,0.24187965106462486,True
V2R-PS,p020,f_mel,0.22,0.0946,0.2672152435547312,True
V2R-PS,p020,f_mel,0.24,0.1032,0.2941959318678716,True
V2R-PS,p020,f_mel,0.26,0.1118,0.3236616787833987,True
V2R-PS,p020,f_mel,0.28,0.12040000000000001,0.35737396109768943,True
V2R-PS,p020,f_mel,0.3,0.129,0.39567452084456484,True
V2R-PS,p020,f_mel,0.32,0.1376,0.43667153410283543,True
V2R-PS,p020,f_mel,0.34,0.1462,0.479099340896145,True
V2R-PS,p020,f_mel,0.36,0.1548,0.5221395266249627,True
V2R-PS,p020,f_mel,0.38,0.1634,0.5652640664304479,True
V2R-PS,p020,f_mel,0.4,0.17200000000000001,0.6081313044972079,True
V2R-PS,p020,f_mel,0.42,0.18059999999999998,0.6505198125708443,True
V2R-PS,p020,f_mel,0.44,0.1892,0.69228666123296,True
V2R-PS,p020,f_mel,0.46,0.1978,0.7333409013268097,True
V2R-PS,p020,f_mel,0.48,0.2064,0.7736264783954694,True
V2R-PS,p020,f_mel,0.5,0.215,0.8131110465459654,True
V2R-PS,p020,f_mel,0.52,0.2236,0.8517785243558097,True
V2R-PS,p020,f_mel,0.54,0.23220000000000002,0.8896240635725928,True
V2R-PS,p020,f_mel,0.56,0.24080000000000001,0.9266505998895131,True
V2R-PS,p020,f_mel,0.58,0.24939999999999998,0.9628664582189965,True
V2R-PS,p020,f_mel,0.6,0.258,0.9982836717085999,True
V2R-PS,p020,f_mel,0.62,0.2666,1.0329167907987367,True
V2R-PS,p020,f_mel,0.64,0.2752,1.0667820331325473,True
V2R-PS,p020,f_mel,0.66,0.2838,1.0998966733431987,True
V2R-PS,p020,f_mel,0.68,0.2924,1.1322786034317056,True
V2R-PS,p020,f_mel,0.7000000000000001,0.30100000000000005,1.1639460155846106,True
V2R-PS,p020,f_mel,0.72,0.3096,1.1949171735770892,True
V2R-PS,p020,f_mel,0.74,0.3182,1.2252102487038943,True
V2R-PS,p020,f_mel,0.76,0.3268,1.2548432029760612,True
V2R-PS,p020,f_mel,0.78,0.33540000000000003,1.2838337070885084,True
V2R-PS,p020,f_mel,0.8,0.34400000000000003,1.312199084043069,True
V2R-PS,p020,f_mel,0.8200000000000001,0.3526,1.3399562717303737,True
V2R-PS,p020,f_mel,0.84,0.36119999999999997,1.367121799520818,True
V2R-PS,p020,f_mel,0.86,0.36979999999999996,1.3937117751867394,True
V2R-PS,p020,f_mel,0.88,0.3784,1.4197418794109251,True
V2R-PS,p020,f_mel,0.9,0.387,1.4452273658257615,True
V2R-PS,p020,f_mel,0.92,0.3956,1.4701830650395042,True
V2R-PS,p020,f_mel,0.9400000000000001,0.4042,1.4946233914890248,True
V2R-PS,p020,f_mel,0.96,0.4128,1.518562352245875,True
V2R-PS,p020,f_mel,0.98,0.4214,1.542013557119704,True
V2R-PS,p020,f_mel,1.0,0.43,1.5649902295669922,True
V2R-PS,p020,f_blood,0.0,0.0,0.2793874207584556,True
V2R-PS,p020,f_blood,0.02,0.002,0.270808405138749,True
V2R-PS,p020,f_blood,0.04,0.004,0.26447200674868837,True
V2R-PS,p020,f_blood,0.06,0.006,0.2592926674848887,True
V2R-PS,p020,f_blood,0.08,0.008,0.2548478947404844,True
V2R-PS,p020,f_blood,0.1,0.010000000000000002,0.2509211690629717,True
V2R-PS,p020,f_blood,0.12,0.012,0.24738419979773169,True
V2R-PS,p020,f_blood,0.14,0.014000000000000002,0.24415366437840774,True
V2R-PS,p020,f_blood,0.16,0.016,0.2411718786515966,True
V2R-PS,p020,f_blood,0.18,0.018,0.23839698047215865,True
V2R-PS,p020,f_blood,0.2,0.020000000000000004,0.23579746717775174,True
V2R-PS,p020,f_blood,0.22,0.022000000000000002,0.23334893865937836,True
V2R-PS,p020,f_blood,0.24,0.024,0.23103204746755082,True
V2R-PS,p020,f_blood,0.26,0.026000000000000002,0.2288311510134374,True
V2R-PS,p020,f_blood,0.28,0.028000000000000004,0.22673339287463484,True
V2R-PS,p020,f_blood,0.3,0.03,0.2247280573447494,True
V2R-PS,p020,f_blood,0.32,0.032,0.22280610410598514,True
V2R-PS,p020,f_blood,0.34,0.034,0.22095982520798746,True
V2R-PS,p020,f_blood,0.36,0.036,0.21918258725117565,True
V2R-PS,p020,f_blood,0.38,0.038000000000000006,0.21746863427367938,True
V2R-PS,p020,f_blood,0.4,0.04000000000000001,0.21581293475036523,True
V2R-PS,p020,f_blood,0.42,0.042,0.21421106121599892,True
V2R-PS,p020,f_blood,0.44,0.044000000000000004,0.21265909439913253,True
V2R-PS,p020,f_blood,0.46,0.046000000000000006,0.21115354603391207,True
V2R-PS,p020,f_blood,0.48,0.048,0.20969129608880285,True
V2R-PS,p020,f_blood,0.5,0.05,0.20826954125390099,True
V2R-PS,p020,f_blood,0.52,0.052000000000000005,0.20688575231462938,True
V2R-PS,p020,f_blood,0.54,0.054000000000000006,0.20553763860833876,True
V2R-PS,p020,f_blood,0.56,0.05600000000000001,0.20422311817743474,True
V2R-PS,p020,f_blood,0.58,0.057999999999999996,0.20294029254215556,True
V2R-PS,p020,f_blood,0.6,0.06,0.20168742524876682,True
V2R-PS,p020,f_blood,0.62,0.062,0.2004629235253047,True
V2R-PS,p020,f_blood,0.64,0.064,0.19926532251224421,True
V2R-PS,p020,f_blood,0.66,0.066,0.1980932716400973,True
V2R-PS,p020,f_blood,0.68,0.068,0.1969455228075362,True
V2R-PS,p020,f_blood,0.7000000000000001,0.07,0.19582092007777072,True
V2R-PS,p020,f_blood,0.72,0.072,0.19471839066174418,True
V2R-PS,p020,f_blood,0.74,0.074,0.19363693699733223,True
V2R-PS,p020,f_blood,0.76,0.07600000000000001,0.19257562976619075,True
V2R-PS,p020,f_blood,0.78,0.07800000000000001,0.19153360171630665,True
V2R-PS,p020,f_blood,0.8,0.08000000000000002,0.1905100421796735,True
V2R-PS,p020,f_blood,0.8200000000000001,0.08200000000000002,0.18950419219200204,True
V2R-PS,p020,f_blood,0.84,0.084,0.18851534013575905,True
V2R-PS,p020,f_blood,0.86,0.08600000000000001,0.18754281783970117,True
V2R-PS,p020,f_blood,0.88,0.08800000000000001,0.186585997077924,True
V2R-PS,p020,f_blood,0.9,0.09000000000000001,0.18564428641965727,True
V2R-PS,p020,f_blood,0.92,0.09200000000000001,0.18471712838792204,True
V2R-PS,p020,f_blood,0.9400000000000001,0.09400000000000001,0.18380399689094237,True
V2R-PS,p020,f_blood,0.96,0.096,0.1829043948950891,True
V2R-PS,p020,f_blood,0.98,0.098,0.1820178523122631,True
V2R-PS,p020,f_blood,1.0,0.1,0.18114392407814847,True
V2R-PS,p021,f_mel,0.0,0.0,0.47620866813649954,True
V2R-PS,p021,f_mel,0.02,0.0086,0.39464722483465503,True
V2R-PS,p021,f_mel,0.04,0.0172,0.31872707019516056,True
V2R-PS,p021,f_mel,0.06,0.0258,0.24972470505553473,True
V2R-PS,p021,f_mel,0.08,0.0344,0.19073582420051993,True
V2R-PS,p021,f_mel,0.1,0.043000000000000003,0.14883402514127156,True
V2R-PS,p021,f_mel,0.11778393789322968,0.05064709329408876,0.13530037331330605,True
V2R-PS,p021,f_mel,0.12,0.0516,0.1355123092841716,True
V2R-PS,p021,f_mel,0.14,0.060200000000000004,0.15281648394266859,True
V2R-PS,p021,f_mel,0.16,0.0688,0.17707596241166496,True
V2R-PS,p021,f_mel,0.18,0.0774,0.20315893112388606,True
V2R-PS,p021,f_mel,0.2,0.08600000000000001,0.23139134689623408,True
V2R-PS,p021,f_mel,0.22,0.0946,0.26228788596531666,True
V2R-PS,p021,f_mel,0.24,0.1032,0.2966998794913094,True
V2R-PS,p021,f_mel,0.26,0.1118,0.33702051844266256,True
V2R-PS,p021,f_mel,0.28,0.12040000000000001,0.3816540737869706,True
V2R-PS,p021,f_mel,0.3,0.129,0.4284284104671991,True
V2R-PS,p021,f_mel,0.32,0.1376,0.4760536279697739,True
V2R-PS,p021,f_mel,0.34,0.1462,0.5237652032852605,True
V2R-PS,p021,f_mel,0.36,0.1548,0.5711064205309272,True
V2R-PS,p021,f_mel,0.38,0.1634,0.6178030770263632,True
V2R-PS,p021,f_mel,0.4,0.17200000000000001,0.6636915056953161,True
V2R-PS,p021,f_mel,0.42,0.18059999999999998,0.7086764905952301,True
V2R-PS,p021,f_mel,0.44,0.1892,0.7527060565134477,True
V2R-PS,p021,f_mel,0.46,0.1978,0.7957559811746665,True
V2R-PS,p021,f_mel,0.48,0.2064,0.8378200517389759,True
V2R-PS,p021,f_mel,0.5,0.215,0.8789038032742904,True
V2R-PS,p021,f_mel,0.52,0.2236,0.9190204201068923,True
V2R-PS,p021,f_mel,0.54,0.23220000000000002,0.9581880112561793,True
V2R-PS,p021,f_mel,0.56,0.24080000000000001,0.9964277767289401,True
V2R-PS,p021,f_mel,0.58,0.24939999999999998,1.0337627618957834,True
V2R-PS,p021,f_mel,0.6,0.258,1.0702170062687035,True
V2R-PS,p021,f_mel,0.62,0.2666,1.1058149604311738,True
V2R-PS,p021,f_mel,0.64,0.2752,1.1405810874158093,True
V2R-PS,p021,f_mel,0.66,0.2838,1.1745395921774628,True
V2R-PS,p021,f_mel,0.68,0.2924,1.2077142407034722,True
V2R-PS,p021,f_mel,0.7000000000000001,0.30100000000000005,1.240128242194984,True
V2R-PS,p021,f_mel,0.72,0.3096,1.2718041757720644,True
V2R-PS,p021,f_mel,0.74,0.3182,1.3027639486335163,True
V2R-PS,p021,f_mel,0.76,0.3268,1.3330287763897104,True
V2R-PS,p021,f_mel,0.78,0.33540000000000003,1.362619178933539,True
V2R-PS,p021,f_mel,0.8,0.34400000000000003,1.3915549870822326,True
V2R-PS,p021,f_mel,0.8200000000000001,0.3526,1.419855356552145,True
V2R-PS,p021,f_mel,0.84,0.36119999999999997,1.4475387867821237,True
V2R-PS,p021,f_mel,0.86,0.36979999999999996,1.4746231428096288,True
V2R-PS,p021,f_mel,0.88,0.3784,1.501125678903903,True
V2R-PS,p021,f_mel,0.9,0.387,1.5270630630255144,True
V2R-PS,p021,f_mel,0.92,0.3956,1.5524514014490907,True
V2R-PS,p021,f_mel,0.9400000000000001,0.4042,1.5773062630825954,True
V2R-PS,p021,f_mel,0.96,0.4128,1.6016427031612275,True
V2R-PS,p021,f_mel,0.98,0.4214,1.6254752861009119,True
V2R-PS,p021,f_mel,1.0,0.43,1.6488181073720651,True
V2R-PS,p021,f_blood,0.0,0.0,0.24132804490397833,True
V2R-PS,p021,f_blood,0.02,0.002,0.23140573246785182,True
V2R-PS,p021,f_blood,0.04,0.004,0.22411725438029456,True
V2R-PS,p021,f_blood,0.06,0.006,0.21819030906951903,True
V2R-PS,p021,f_blood,0.08,0.008,0.21312941915798914,True
V2R-PS,p021,f_blood,0.1,0.010000000000000002,0.20868029734908122,True
V2R-PS,p021,f_blood,0.12,0.012,0.2046920500049799,True
V2R-PS,p021,f_blood,0.14,0.014000000000000002,0.20106653857188192,True
V2R-PS,p021,f_blood,0.16,0.016,0.19773573751080506,True
V2R-PS,p021,f_blood,0.18,0.018,0.19465022559081946,True
V2R-PS,p021,f_blood,0.2,0.020000000000000004,0.19177277566215184,True
V2R-PS,p021,f_blood,0.22,0.022000000000000002,0.18907452912431416,True
V2R-PS,p021,f_blood,0.24,0.024,0.18653258599970787,True
V2R-PS,p021,f_blood,0.26,0.026000000000000002,0.18412841906896307,True
V2R-PS,p021,f_blood,0.28,0.028000000000000004,0.1818467920431671,True
V2R-PS,p021,f_blood,0.3,0.03,0.1796749989342096,True
V2R-PS,p021,f_blood,0.32,0.032,0.1776023153104787,True
V2R-PS,p021,f_blood,0.34,0.034,0.17561959352310746,True
V2R-PS,p021,f_blood,0.36,0.036,0.17371895829314002,True
V2R-PS,p021,f_blood,0.38,0.038000000000000006,0.17189357384341575,True
V2R-PS,p021,f_blood,0.4,0.04000000000000001,0.17013746304997893,True
V2R-PS,p021,f_blood,0.42,0.042,0.16844536508618074,True
V2R-PS,p021,f_blood,0.44,0.044000000000000004,0.16681262200103328,True
V2R-PS,p021,f_blood,0.46,0.046000000000000006,0.16523508735668654,True
V2R-PS,p021,f_blood,0.48,0.048,0.16370905190015334,True
V2R-PS,p021,f_blood,0.5,0.05,0.16223118254312244,True
V2R-PS,p021,f_blood,0.52,0.052000000000000005,0.1607984718498824,True
V2R-PS,p021,f_blood,0.54,0.054000000000000006,0.15940819590388988,True
V2R-PS,p021,f_blood,0.56,0.05600000000000001,0.1580578789152585,True
V2R-PS,p021,f_blood,0.58,0.057999999999999996,0.15674526329675256,True
V2R-PS,p021,f_blood,0.6,0.06,0.1554682842102534,True
V2R-PS,p021,f_blood,0.62,0.062,0.15422504779399676,True
V2R-PS,p021,f_blood,0.64,0.064,0.1530138124405909,True
V2R-PS,p021,f_blood,0.66,0.066,0.1518329726194134,True
V2R-PS,p021,f_blood,0.68,0.068,0.15068104483338293,True
V2R-PS,p021,f_blood,0.7000000000000001,0.07,0.14955665537598353,True
V2R-PS,p021,f_blood,0.72,0.072,0.1484585296144999,True
V2R-PS,p021,f_blood,0.74,0.074,0.14738548257339756,True
V2R-PS,p021,f_blood,0.76,0.07600000000000001,0.14633641063031574,True
V2R-PS,p021,f_blood,0.78,0.07800000000000001,0.14531028416828778,True
V2R-PS,p021,f_blood,0.8,0.08000000000000002,0.14430614105313322,True
V2R-PS,p021,f_blood,0.8200000000000001,0.08200000000000002,0.14332308082567172,True
V2R-PS,p021,f_blood,0.84,0.084,0.14236025951544015,True
V2R-PS,p021,f_blood,0.86,0.08600000000000001,0.14141688499664662,True
V2R-PS,p021,f_blood,0.88,0.08800000000000001,0.1404922128187761,True
V2R-PS,p021,f_blood,0.9,0.09000000000000001,0.13958554245399887,True
V2R-PS,p021,f_blood,0.92,0.09200000000000001,0.13869621391166728,True
V2R-PS,p021,f_blood,0.9400000000000001,0.09400000000000001,0.13782360467706273,True
V2R-PS,p021,f_blood,0.96,0.096,0.13696712693732516,True
V2R-PS,p021,f_blood,0.98,0.098,0.13612622506240263,True
V2R-PS,p021,f_blood,1.0,0.1,0.13530037331303377,True
V2R-PS,p022,f_mel,0.0,0.0,0.5108153768665882,True
V2R-PS,p022,f_mel,0.02,0.0086,0.43118802463104644,True
V2R-PS,p022,f_mel,0.04,0.0172,0.35749592962971166,True
V2R-PS,p022,f_mel,0.06,0.0258,0.29093157102492917,True
V2R-PS,p022,f_mel,0.08,0.0344,0.23397809191995791,True
V2R-PS,p022,f_mel,0.1,0.043000000000000003,0.19139032890833851,True
V2R-PS,p022,f_mel,0.12,0.0516,0.1702449720267513,True
V2R-PS,p022,f_mel,0.1261548076605393,0.0542465672940319,0.16897772136721184,True
V2R-PS,p022,f_mel,0.14,0.060200000000000004,0.1750600107622757,True
V2R-PS,p022,f_mel,0.16,0.0688,0.1979049198431621,True
V2R-PS,p022,f_mel,0.18,0.0774,0.2223319085401239,True
V2R-PS,p022,f_mel,0.2,0.08600000000000001,0.24783419406272442,True
V2R-PS,p022,f_mel,0.22,0.0946,0.27505108561171576,True
V2R-PS,p022,f_mel,0.24,0.1032,0.30480013410281953,True
V2R-PS,p022,f_mel,0.26,0.1118,0.3385560440424363,True
V2R-PS,p022,f_mel,0.28,0.12040000000000001,0.37773421649712624,True
V2R-PS,p022,f_mel,0.3,0.129,0.42023960967626883,True
V2R-PS,p022,f_mel,0.32,0.1376,0.4644865191858606,True
V2R-PS,p022,f_mel,0.34,0.1462,0.5094760783259291,True
V2R-PS,p022,f_mel,0.36,0.1548,0.5545812494719594,True
V2R-PS,p022,f_mel,0.38,0.1634,0.599406983947323,True
V2R-PS,p022,f_mel,0.4,0.17200000000000001,0.6437038219327115,True
V2R-PS,p022,f_mel,0.42,0.18059999999999998,0.6873149651406543,True
V2R-PS,p022,f_mel,0.44,0.1892,0.7301435535719449,True
V2R-PS,p022,f_mel,0.46,0.1978,0.7721320996731552,True
V2R-PS,p022,f_mel,0.48,0.2064,0.8132493203163437,True
V2R-PS,p022,f_mel,0.5,0.215,0.8534815480335062,True
V2R-PS,p022,f_mel,0.52,0.2236,0.8928270314453552,True
V2R-PS,p022,f_mel,0.54,0.23220000000000002,0.9312920938516799,True
V2R-PS,p022,f_mel,0.56,0.24080000000000001,0.9688885089547983,True
V2R-PS,p022,f_mel,0.58,0.24939999999999998,1.0056316875062568,True
V2R-PS,p022,f_mel,0.6,0.258,1.0415394126641158,True
V2R-PS,p022,f_mel,0.62,0.2666,1.076630951858023,True
V2R-PS,p022,f_mel,0.64,0.2752,1.110926430213027,True
V2R-PS,p022,f_mel,0.66,0.2838,1.1444463876627662,True
V2R-PS,p022,f_mel,0.68,0.2924,1.1772114662755446,True
V2R-PS,p022,f_mel,0.7000000000000001,0.30100000000000005,1.2092421906129713,True
V2R-PS,p022,f_mel,0.72,0.3096,1.2405588149806919,True
V2R-PS,p022,f_mel,0.74,0.3182,1.2711812190074097,True
V2R-PS,p022,f_mel,0.76,0.3268,1.30112883825076,True
V2R-PS,p022,f_mel,0.78,0.33540000000000003,1.3304206202239643,True
V2R-PS,p022,f_mel,0.8,0.34400000000000003,1.3590749988583706,True
V2R-PS,p022,f_mel,0.8200000000000001,0.3526,1.3871098822934473,True
V2R-PS,p022,f_mel,0.84,0.36119999999999997,1.414542650240408,True
V2R-PS,p022,f_mel,0.86,0.36979999999999996,1.4413901581509738,True
V2R-PS,p022,f_mel,0.88,0.3784,1.4676687461444429,True
V2R-PS,p022,f_mel,0.9,0.387,1.4933942511779859,True
V2R-PS,p022,f_mel,0.92,0.3956,1.5185820213390377,True
V2R-PS,p022,f_mel,0.9400000000000001,0.4042,1.5432469314324055,True
V2R-PS,p022,f_mel,0.96,0.4128,1.5674033992496252,True
V2R-PS,p022,f_mel,0.98,0.4214,1.5910654020867439,True
V2R-PS,p022,f_mel,1.0,0.43,1.6142464931718656,True
V2R-PS,p022,f_blood,0.0,0.0,0.27026584046628316,True
V2R-PS,p022,f_blood,0.02,0.002,0.26121100822941656,True
V2R-PS,p022,f_blood,0.04,0.004,0.2545511128918877,True
V2R-PS,p022,f_blood,0.06,0.006,0.24912258811283644,True
V2R-PS,p022,f_blood,0.08,0.008,0.2444743977695579,True
V2R-PS,p022,f_blood,0.1,0.010000000000000002,0.24037590651915258,True
V2R-PS,p022,f_blood,0.12,0.012,0.2366906550005054,True
V2R-PS,p022,f_blood,0.14,0.014000000000000002,0.23333010206937868,True
V2R-PS,p022,f_blood,0.16,0.016,0.2302329933961462,True
V2R-PS,p022,f_blood,0.18,0.018,0.22735489833295358,True
V2R-PS,p022,f_blood,0.2,0.020000000000000004,0.22466239374423708,True
V2R-PS,p022,f_blood,0.22,0.022000000000000002,0.22212959919361355,True
V2R-PS,p022,f_blood,0.24,0.024,0.2197359977212291,True
V2R-PS,p022,f_blood,0.26,0.026000000000000002,0.2174650038227078,True
V2R-PS,p022,f_blood,0.28,0.028000000000000004,0.21530298780039933,True
V2R-PS,p022,f_blood,0.3,0.03,0.2132385905602741,True
V2R-PS,p022,f_blood,0.32,0.032,0.21126222978092626,True
V2R-PS,p022,f_blood,0.34,0.034,0.2093657359748582,True
V2R-PS,p022,f_blood,0.36,0.036,0.2075420790079811,True
V2R-PS,p022,f_blood,0.38,0.038000000000000006,0.2057851590467854,True
V2R-PS,p022,f_blood,0.4,0.04000000000000001,0.20408964431208262,True
V2R-PS,p022,f_blood,0.42,0.042,0.2024508434422366,True
V2R-PS,p022,f_blood,0.44,0.044000000000000004,0.2008646038540105,True
V2R-PS,p022,f_blood,0.46,0.046000000000000006,0.19932722991134047,True
V2R-PS,p022,f_blood,0.48,0.048,0.19783541638124644,True
V2R-PS,p022,f_blood,0.5,0.05,0.19638619382667813,True
V2R-PS,p022,f_blood,0.52,0.052000000000000005,0.19497688342023678,True
V2R-PS,p022,f_blood,0.54,0.054000000000000006,0.193605059266378,True
V2R-PS,p022,f_blood,0.56,0.05600000000000001,0.19226851676198034,True
V2R-PS,p022,f_blood,0.58,0.057999999999999996,0.19096524585365576,True
V2R-PS,p022,f_blood,0.6,0.06,0.1896934082967403,True
V2R-PS,p022,f_blood,0.62,0.062,0.18845131820802075,True
V2R-PS,p022,f_blood,0.64,0.064,0.18723742534765297,True
V2R-PS,p022,f_blood,0.66,0.066,0.1860503006766051,True
V2R-PS,p022,f_blood,0.68,0.068,0.18488862382248303,True
V2R-PS,p022,f_blood,0.7000000000000001,0.07,0.18375117215458714,True
V2R-PS,p022,f_blood,0.72,0.072,0.18263681122294217,True
V2R-PS,p022,f_blood,0.74,0.074,0.18154448635901488,True
V2R-PS,p022,f_blood,0.76,0.07600000000000001,0.1804732152703646,True
V2R-PS,p022,f_blood,0.78,0.07800000000000001,0.1794220814893595,True
V2R-PS,p022,f_blood,0.8,0.08000000000000002,0.17839022855877248,True
V2R-PS,p022,f_blood,0.8200000000000001,0.08200000000000002,0.17737685485560703,True
V2R-PS,p022,f_blood,0.84,0.084,0.17638120896973944,True
V2R-PS,p022,f_blood,0.86,0.08600000000000001,0.17540258556654298,True
V2R-PS,p022,f_blood,0.88,0.08800000000000001,0.17444032167310455,True
V2R-PS,p022,f_blood,0.9,0.09000000000000001,0.1734937933363495,True
V2R-PS,p022,f_blood,0.92,0.09200000000000001,0.17256241260867383,True
V2R-PS,p022,f_blood,0.9400000000000001,0.09400000000000001,0.17164562482282045,True
V2R-PS,p022,f_blood,0.96,0.096,0.17074290612289694,True
V2R-PS,p022,f_blood,0.98,0.098,0.1698537612228212,True
V2R-PS,p022,f_blood,1.0,0.1,0.16897772136720857,True
V2R-PS,p023,f_mel,0.0,0.0,0.8377461774629886,True
V2R-PS,p023,f_mel,0.02,0.0086,0.7514450179892663,True
V2R-PS,p023,f_mel,0.04,0.0172,0.6689051435892506,True
V2R-PS,p023,f_mel,0.06,0.0258,0.589879520159247,True
V2R-PS,p023,f_mel,0.08,0.0344,0.5141561050131951,True
V2R-PS,p023,f_mel,0.1,0.043000000000000003,0.4415556969761059,True
V2R-PS,p023,f_mel,0.12,0.0516,0.3719357947232041,True
V2R-PS,p023,f_mel,0.14,0.060200000000000004,0.3052052537850035,True
V2R-PS,p023,f_mel,0.16,0.0688,0.24136508039458085,True
V2R-PS,p023,f_mel,0.18,0.0774,0.18062912159955033,True
V2R-PS,p023,f_mel,0.2,0.08600000000000001,0.1238586621752901,True
V2R-PS,p023,f_mel,0.22,0.0946,0.07469297557474806,True
V2R-PS,p023,f_mel,0.2393508701661393,0.1029208741714399,0.05103417825830468,True
V2R-PS,p023,f_mel,0.24,0.1032,0.05106586361285661,True
V2R-PS,p023,f_mel,0.26,0.1118,0.06377314992264102,True
V2R-PS,p023,f_mel,0.28,0.12040000000000001,0.08521942572027738,True
V2R-PS,p023,f_mel,0.3,0.129,0.11131482267343981,True
V2R-PS,p023,f_mel,0.32,0.1376,0.1406360355673162,True
V2R-PS,p023,f_mel,0.34,0.1462,0.17283494343090314,True
V2R-PS,p023,f_mel,0.36,0.1548,0.2083181296646157,True
V2R-PS,p023,f_mel,0.38,0.1634,0.24839401148993093,True
V2R-PS,p023,f_mel,0.4,0.17200000000000001,0.290815491400866,True
V2R-PS,p023,f_mel,0.42,0.18059999999999998,0.33404790438953574,True
V2R-PS,p023,f_mel,0.44,0.1892,0.377297041650757,True
V2R-PS,p023,f_mel,0.46,0.1978,0.42013752025113954,True
V2R-PS,p023,f_mel,0.48,0.2064,0.46233576779915136,True
V2R-PS,p023,f_mel,0.5,0.215,0.5037629558730745,True
V2R-PS,p023,f_mel,0.52,0.2236,0.5443500235003473,True
V2R-PS,p023,f_mel,0.54,0.23220000000000002,0.5840632676877033,True
V2R-PS,p023,f_mel,0.56,0.24080000000000001,0.6228904908137474,True
V2R-PS,p023,f_mel,0.58,0.24939999999999998,0.6608328284506165,True
V2R-PS,p023,f_mel,0.6,0.258,0.6978997670997832,True
V2R-PS,p023,f_mel,0.62,0.2666,0.7341060222664962,True
V2R-PS,p023,f_mel,0.64,0.2752,0.7694695379416848,True
V2R-PS,p023,f_mel,0.66,0.2838,0.8040101817844176,True
V2R-PS,p023,f_mel,0.68,0.2924,0.8377488827597723,True
V2R-PS,p023,f_mel,0.7000000000000001,0.30100000000000005,0.8707070562384175,True
V2R-PS,p023,f_mel,0.72,0.3096,0.9029062192786996,True
V2R-PS,p023,f_mel,0.74,0.3182,0.934367733656911,True
V2R-PS,p023,f_mel,0.76,0.3268,0.965112635778264,True
V2R-PS,p023,f_mel,0.78,0.33540000000000003,0.9951615262498766,True
V2R-PS,p023,f_mel,0.8,0.34400000000000003,1.024534500709867,True
V2R-PS,p023,f_mel,0.8200000000000001,0.3526,1.0532511093006705,True
V2R-PS,p023,f_mel,0.84,0.36119999999999997,1.0813303360463622,True
V2R-PS,p023,f_mel,0.86,0.36979999999999996,1.1087905920189736,True
V2R-PS,p023,f_mel,0.88,0.3784,1.1356497179822036,True
V2R-PS,p023,f_mel,0.9,0.387,1.1619249934544018,True
V2R-PS,p023,f_mel,0.92,0.3956,1.1876331500129296,True
V2R-PS,p023,f_mel,0.9400000000000001,0.4042,1.2127903872858385,True
V2R-PS,p023,f_mel,0.96,0.4128,1.237412390522442,True
V2R-PS,p023,f_mel,0.98,0.4214,1.2615143489541132,True
V2R-PS,p023,f_mel,1.0,0.43,1.2851109743899092,True
V2R-PS,p023,f_blood,0.0,0.0,0.14394378028211488,True
V2R-PS,p023,f_blood,0.02,0.002,0.13364303925527765,True
V2R-PS,p023,f_blood,0.04,0.004,0.12612604497305557,True
V2R-PS,p023,f_blood,0.06,0.006,0.12005612475063387,True
V2R-PS,p023,f_blood,0.08,0.008,0.11491010671716345,True
V2R-PS,p023,f_blood,0.1,0.010000000000000002,0.11041882210856209,True
V2R-PS,p023,f_blood,0.12,0.012,0.10642237995314481,True
V2R-PS,p023,f_blood,0.14,0.014000000000000002,0.10281677791722516,True
V2R-PS,p023,f_blood,0.16,0.016,0.09952996401477206,True
V2R-PS,p023,f_blood,0.18,0.018,0.09650964419598373,True
V2R-PS,p023,f_blood,0.2,0.020000000000000004,0.09371648108273692,True
V2R-PS,p023,f_blood,0.22,0.022000000000000002,0.0911200305948478,True
V2R-PS,p023,f_blood,0.24,0.024,0.0886961801511112,True
V2R-PS,p023,f_blood,0.26,0.026000000000000002,0.08642546190832891,True
V2R-PS,p023,f_blood,0.28,0.028000000000000004,0.08429190164971297,True
V2R-PS,p023,f_blood,0.3,0.03,0.08228220921936186,True
V2R-PS,p023,f_blood,0.32,0.032,0.0803851943579342,True
V2R-PS,p023,f_blood,0.34,0.034,0.0785913357317543,True
V2R-PS,p023,f_blood,0.36,0.036,0.07689245676502543,True
V2R-PS,p023,f_blood,0.38,0.038000000000000006,0.07528147760971261,True
V2R-PS,p023,f_blood,0.4,0.04000000000000001,0.07375222246946277,True
V2R-PS,p023,f_blood,0.42,0.042,0.07229926787683333,True
V2R-PS,p023,f_blood,0.44,0.044000000000000004,0.07091782174761765,True
V2R-PS,p023,f_blood,0.46,0.046000000000000006,0.0696036258935086,True
V2R-PS,p023,f_blood,0.48,0.048,0.06835287664526239,True
V2R-PS,p023,f_blood,0.5,0.05,0.06716215962216973,True
V2R-PS,p023,f_blood,0.52,0.052000000000000005,0.06602839567071636,True
V2R-PS,p023,f_blood,0.54,0.054000000000000006,0.06494879570984424,True
V2R-PS,p023,f_blood,0.56,0.05600000000000001,0.06392082274445068,True
V2R-PS,p023,f_blood,0.58,0.057999999999999996,0.06294215969811,True
V2R-PS,p023,f_blood,0.6,0.06,0.062010682008479416,True
V2R-PS,p023,f_blood,0.62,0.062,0.06112443415084954,True
V2R-PS,p023,f_blood,0.64,0.064,0.06028160942543577,True
V2R-PS,p023,f_blood,0.66,0.066,0.0594805324755484,True
V2R-PS,p023,f_blood,0.68,0.068,0.05871964410631917,True
V2R-PS,p023,f_blood,0.7000000000000001,0.07,0.05799748805417361,True
V2R-PS,p023,f_blood,0.72,0.072,0.05731269942091025,True
V2R-PS,p023,f_blood,0.74,0.074,0.05666399453687737,True
V2R-PS,p023,f_blood,0.76,0.07600000000000001,0.0560501620582519,True
V2R-PS,p023,f_blood,0.78,0.07800000000000001,0.05547005513598102,True
V2R-PS,p023,f_blood,0.8,0.08000000000000002,0.05492258452023615,True
V2R-PS,p023,f_blood,0.8200000000000001,0.08200000000000002,0.054406712485533894,True
V2R-PS,p023,f_blood,0.84,0.084,0.053921447479007054,True
V2R-PS,p023,f_blood,0.86,0.08600000000000001,0.05346583940845223,True
V2R-PS,p023,f_blood,0.88,0.08800000000000001,0.05303897549834992,True
V2R-PS,p023,f_blood,0.9,0.09000000000000001,0.05263997665156076,True
V2R-PS,p023,f_blood,0.92,0.09200000000000001,0.052267994262231256,True
V2R-PS,p023,f_blood,0.9400000000000001,0.09400000000000001,0.051922207431920164,True
V2R-PS,p023,f_blood,0.96,0.096,0.05160182054634747,True
V2R-PS,p023,f_blood,0.98,0.098,0.051306061174673956,True
V2R-PS,p023,f_blood,1.0,0.1,0.05103417825702524,True
V2R-PS,p024,f_mel,0.0,0.0,0.8769247699387369,True
V2R-PS,p024,f_mel,0.02,0.0086,0.790658883910432,True
V2R-PS,p024,f_mel,0.04,0.0172,0.7081780287054604,True
V2R-PS,p024,f_mel,0.06,0.0258,0.6292314225845663,True
V2R-PS,p024,f_mel,0.08,0.0344,0.5536053950736134,True
V2R-PS,p024,f_mel,0.1,0.043000000000000003,0.48112089436553857,True
V2R-PS,p024,f_mel,0.12,0.0516,0.411636609432441,True
V2R-PS,p024,f_mel,0.14,0.060200000000000004,0.3450611932554757,True
V2R-PS,p024,f_mel,0.16,0.0688,0.2813849404083419,True
V2R-PS,p024,f_mel,0.18,0.0774,0.22076234528873392,True
V2R-PS,p024,f_mel,0.2,0.08600000000000001,0.16375507164775197,True
V2R-PS,p024,f_mel,0.22,0.0946,0.11219869598127728,True
V2R-PS,p024,f_mel,0.24,0.1032,0.07289636525975826,True
V2R-PS,p024,f_mel,0.2532395486913808,0.10889300593729376,0.06321482064186633,True
V2R-PS,p024,f_mel,0.26,0.1118,0.06417425099709707,True
V2R-PS,p024,f_mel,0.28,0.12040000000000001,0.07557655760995627,True
V2R-PS,p024,f_mel,0.3,0.129,0.0961994974958972,True
V2R-PS,p024,f_mel,0.32,0.1376,0.12231547785437559,True
V2R-PS,p024,f_mel,0.34,0.1462,0.1521047106202456,True
V2R-PS,p024,f_mel,0.36,0.1548,0.1848490615813728,True
V2R-PS,p024,f_mel,0.38,0.1634,0.2208603331732726,True
V2R-PS,p024,f_mel,0.4,0.17200000000000001,0.26072940068243156,True
V2R-PS,p024,f_mel,0.42,0.18059999999999998,0.3023937216701197,True
V2R-PS,p024,f_mel,0.44,0.1892,0.34463105954076256,True
V2R-PS,p024,f_mel,0.46,0.1978,0.3867905648032507,True
V2R-PS,p024,f_mel,0.48,0.2064,0.42851460114727197,True
V2R-PS,p024,f_mel,0.5,0.215,0.4696025424716492,True
V2R-PS,p024,f_mel,0.52,0.2236,0.5099417329662626,True
V2R-PS,p024,f_mel,0.54,0.23220000000000002,0.5494708336855204,True
V2R-PS,p024,f_mel,0.56,0.24080000000000001,0.5881594526449385,True
V2R-PS,p024,f_mel,0.58,0.24939999999999998,0.6259963464145564,True
V2R-PS,p024,f_mel,0.6,0.258,0.6629823356198594,True
V2R-PS,p024,f_mel,0.62,0.2666,0.6991259179954886,True
V2R-PS,p024,f_mel,0.64,0.2752,0.7344404806597591,True
V2R-PS,p024,f_mel,0.66,0.2838,0.7689424903933997,True
V2R-PS,p024,f_mel,0.68,0.2924,0.8026502984935784,True
V2R-PS,p024,f_mel,0.7000000000000001,0.30100000000000005,0.835583341058749,True
V2R-PS,p024,f_mel,0.72,0.3096,0.8677615989544141,True
V2R-PS,p024,f_mel,0.74,0.3182,0.8992052313269367,True
V2R-PS,p024,f_mel,0.76,0.3268,0.9299343268358831,True
V2R-PS,p024,f_mel,0.78,0.33540000000000003,0.9599687357252457,True
V2R-PS,p024,f_mel,0.8,0.34400000000000003,0.9893279579595119,True
V2R-PS,p024,f_mel,0.8200000000000001,0.3526,1.0180310705345272,True
V2R-PS,p024,f_mel,0.84,0.36119999999999997,1.0460966822978388,True
V2R-PS,p024,f_mel,0.86,0.36979999999999996,1.0735429081306747,True
V2R-PS,p024,f_mel,0.88,0.3784,1.100387356745689,True
V2R-PS,p024,f_mel,0.9,0.387,1.126647128015944,True
V2R-PS,p024,f_mel,0.92,0.3956,1.1523388169130049,True
V2R-PS,p024,f_mel,0.9400000000000001,0.4042,1.1774785219537207,True
V2R-PS,p024,f_mel,0.96,0.4128,1.2020818566414366,True
V2R-PS,p024,f_mel,0.98,0.4214,1.2261639628088812,True
V2R-PS,p024,f_mel,1.0,0.43,1.2497395250752175,True
V2R-PS,p024,f_blood,0.0,0.0,0.14603509022580627,True
V2R-PS,p024,f_blood,0.02,0.002,0.13577236320598157,True
V2R-PS,p024,f_blood,0.04,0.004,0.1282900247983461,True
V2R-PS,p024,f_blood,0.06,0.006,0.12226620662596906,True
V2R-PS,p024,f_blood,0.08,0.008,0.11718025612997848,True
V2R-PS,p024,f_blood,0.1,0.010000000000000002,0.11276293905192285,True
V2R-PS,p024,f_blood,0.12,0.012,0.10885366263975002,True
V2R-PS,p024,f_blood,0.14,0.014000000000000002,0.105347606579685,True
V2R-PS,p024,f_blood,0.16,0.016,0.10217193607632727,True
V2R-PS,p024,f_blood,0.18,0.018,0.09927364869915131,True
V2R-PS,p024,f_blood,0.2,0.020000000000000004,0.09661277589774832,True
V2R-PS,p024,f_blood,0.22,0.022000000000000002,0.0941583109325258,True
V2R-PS,p024,f_blood,0.24,0.024,0.0918856356633743,True
V2R-PS,p024,f_blood,0.26,0.026000000000000002,0.08977482272525927,True
V2R-PS,p024,f_blood,0.28,0.028000000000000004,0.08780947466920307,True
V2R-PS,p024,f_blood,0.3,0.03,0.085975906149592,True
V2R-PS,p024,f_blood,0.32,0.032,0.08426255291842129,True
V2R-PS,p024,f_blood,0.34,0.034,0.08265953524205279,True
V2R-PS,p024,f_blood,0.36,0.036,0.0811583291665678,True
V2R-PS,p024,f_blood,0.38,0.038000000000000006,0.07975151480195004,True
V2R-PS,p024,f_blood,0.4,0.04000000000000001,0.07843258070295026,True
V2R-PS,p024,f_blood,0.42,0.042,0.0771957698321562,True
V2R-PS,p024,f_blood,0.44,0.044000000000000004,0.07603595683653452,True
V2R-PS,p024,f_blood,0.46,0.046000000000000006,0.0749485492433782,True
V2R-PS,p024,f_blood,0.48,0.048,0.07392940716604025,True
V2R-PS,p024,f_blood,0.5,0.05,0.07297477750388956,True
V2R-PS,p024,f_blood,0.52,0.052000000000000005,0.07208123961586888,True
V2R-PS,p024,f_blood,0.54,0.054000000000000006,0.07124566016744557,True
V2R-PS,p024,f_blood,0.56,0.05600000000000001,0.07046515537929156,True
V2R-PS,p024,f_blood,0.58,0.057999999999999996,0.06973705929853528,True
V2R-PS,p024,f_blood,0.6,0.06,0.06905889700819037,True
V2R-PS,p024,f_blood,0.62,0.062,0.06842836191403075,True
V2R-PS,p024,f_blood,0.64,0.064,0.06784329641956852,True
V2R-PS,p024,f_blood,0.66,0.066,0.06730167543232195,True
V2R-PS,p024,f_blood,0.68,0.068,0.06680159224795605,True
V2R-PS,p024,f_blood,0.7000000000000001,0.07,0.06634124644022381,True
V2R-PS,p024,f_blood,0.72,0.072,0.06591893344916763,True
V2R-PS,p024,f_blood,0.74,0.074,0.065533035611643,True
V2R-PS,p024,f_blood,0.76,0.07600000000000001,0.06518201441983577,True
V2R-PS,p024,f_blood,0.78,0.07800000000000001,0.06486440382724999,True
V2R-PS,p024,f_blood,0.8,0.08000000000000002,0.064578804449339,True
V2R-PS,p024,f_blood,0.8200000000000001,0.08200000000000002,0.0643238785288193,True
V2R-PS,p024,f_blood,0.84,0.084,0.064098345554728,True
V2R-PS,p024,f_blood,0.86,0.08600000000000001,0.06390097844023483,True
V2R-PS,p024,f_blood,0.88,0.08800000000000001,0.06373060017768205,True
V2R-PS,p024,f_blood,0.9,0.09000000000000001,0.06358608090077301,True
V2R-PS,p024,f_blood,0.92,0.09200000000000001,0.06346633529361172,True
V2R-PS,p024,f_blood,0.9400000000000001,0.09400000000000001,0.06337032029471147,True
V2R-PS,p024,f_blood,0.96,0.096,0.06329703305135481,True
V2R-PS,p024,f_blood,0.98,0.098,0.06324550908598268,True
V2R-PS,p024,f_blood,1.0,0.1,0.06321482064176343,True
V2R-PS,p025,f_mel,0.0,0.0,0.720068378646077,True
V2R-PS,p025,f_mel,0.02,0.0086,0.633286600553017,True
V2R-PS,p025,f_mel,0.04,0.0172,0.5504228434633287,True
V2R-PS,p025,f_mel,0.06,0.0258,0.47127692748098193,True
V2R-PS,p025,f_mel,0.08,0.0344,0.395720793651017,True
V2R-PS,p025,f_mel,0.1,0.043000000000000003,0.3237330301209383,True
V2R-PS,p025,f_mel,0.12,0.0516,0.2554937362237688,True
V2R-PS,p025,f_mel,0.14,0.060200000000000004,0.19165860215122116,True
V2R-PS,p025,f_mel,0.16,0.0688,0.1342796445112666,True
V2R-PS,p025,f_mel,0.18,0.0774,0.09031648493985393,True
V2R-PS,p025,f_mel,0.2,0.08600000000000001,0.06978484015757747,True
V2R-PS,p025,f_mel,0.2182973524808121,0.0938678615667492,0.06276243219653484,True
V2R-PS,p025,f_mel,0.22,0.0946,0.06282896032070563,True
V2R-PS,p025,f_mel,0.24,0.1032,0.07317668743687981,True
V2R-PS,p025,f_mel,0.26,0.1118,0.0970727206180571,True
V2R-PS,p025,f_mel,0.28,0.12040000000000001,0.12891736503053683,True
V2R-PS,p025,f_mel,0.3,0.129,0.16658827767730683,True
V2R-PS,p025,f_mel,0.32,0.1376,0.21154712871014325,True
V2R-PS,p025,f_mel,0.34,0.1462,0.2598153606402601,True
V2R-PS,p025,f_mel,0.36,0.1548,0.308919048775353,True
V2R-PS,p025,f_mel,0.38,0.1634,0.35779383516421437,True
V2R-PS,p025,f_mel,0.4,0.17200000000000001,0.4059506239090114,True
V2R-PS,p025,f_mel,0.42,0.18059999999999998,0.45315649170727024,True
V2R-PS,p025,f_mel,0.44,0.1892,0.49930243657042483,True
V2R-PS,p025,f_mel,0.46,0.1978,0.544343464563103,True
V2R-PS,p025,f_mel,0.48,0.2064,0.5882692506500568,True
V2R-PS,p025,f_mel,0.5,0.215,0.6310888191035948,True
V2R-PS,p025,f_mel,0.52,0.2236,0.6728221198534216,True
V2R-PS,p025,f_mel,0.54,0.23220000000000002,0.7134952036164565,True
V2R-PS,p025,f_mel,0.56,0.24080000000000001,0.7531373704326179,True
V2R-PS,p025,f_mel,0.58,0.24939999999999998,0.7917794461678959,True
V2R-PS,p025,f_mel,0.6,0.258,0.8294527262201801,True
V2R-PS,p025,f_mel,0.62,0.2666,0.8661883252554471,True
V2R-PS,p025,f_mel,0.64,0.2752,0.9020167797463403,True
V2R-PS,p025,f_mel,0.66,0.2838,0.9369678107470661,True
V2R-PS,p025,f_mel,0.68,0.2924,0.9710701895576607,True
V2R-PS,p025,f_mel,0.7000000000000001,0.30100000000000005,1.0043516699790302,True
V2R-PS,p025,f_mel,0.72,0.3096,1.0368389637639446,True
V2R-PS,p025,f_mel,0.74,0.3182,1.0685577439590155,True
V2R-PS,p025,f_mel,0.76,0.3268,1.0995326660054283,True
V2R-PS,p025,f_mel,0.78,0.33540000000000003,1.1297873998312074,True
V2R-PS,p025,f_mel,0.8,0.34400000000000003,1.1593446683898194,True
V2R-PS,p025,f_mel,0.8200000000000001,0.3526,1.188226289586234,True
V2R-PS,p025,f_mel,0.84,0.36119999999999997,1.216453219536567,True
V2R-PS,p025,f_mel,0.86,0.36979999999999996,1.244045595793062,True
V2R-PS,p025,f_mel,0.88,0.3784,1.2710227796371005,True
V2R-PS,p025,f_mel,0.9,0.387,1.2974033968679701,True
V2R-PS,p025,f_mel,0.92,0.3956,1.3232053767399472,True
V2R-PS,p025,f_mel,0.9400000000000001,0.4042,1.3484459888557696,True
V2R-PS,p025,f_mel,0.96,0.4128,1.3731418779315838,True
V2R-PS,p025,f_mel,0.98,0.4214,1.3973090964221493,True
V2R-PS,p025,f_mel,1.0,0.43,1.4209631350434668,True
V2R-PS,p025,f_blood,0.0,0.0,0.11684664541459201,True
V2R-PS,p025,f_blood,0.02,0.002,0.10622314069671213,True
V2R-PS,p025,f_blood,0.04,0.004,0.09869444185444406,True
V2R-PS,p025,f_blood,0.06,0.006,0.09281100963324362,True
V2R-PS,p025,f_blood,0.08,0.008,0.08800239582718018,True
V2R-PS,p025,f_blood,0.1,0.010000000000000002,0.0839732853192435,True
V2R-PS,p025,f_blood,0.12,0.012,0.08054699344676498,True
V2R-PS,p025,f_blood,0.14,0.014000000000000002,0.0776075606115954,True
V2R-PS,p025,f_blood,0.16,0.016,0.07507370752679038,True
V2R-PS,p025,f_blood,0.18,0.018,0.07288553384795952,True
V2R-PS,p025,f_blood,0.2,0.020000000000000004,0.07099708609802981,True
V2R-PS,p025,f_blood,0.22,0.022000000000000002,0.06937191862876935,True
V2R-PS,p025,f_blood,0.24,0.024,0.06798030394917633,True
V2R-PS,p025,f_blood,0.26,0.026000000000000002,0.06679740919833284,True
V2R-PS,p025,f_blood,0.28,0.028000000000000004,0.06580206693006933,True
V2R-PS,p025,f_blood,0.3,0.03,0.06497592612961771,True
V2R-PS,p025,f_blood,0.32,0.032,0.06430285419498319,True
V2R-PS,p025,f_blood,0.34,0.034,0.06376850859225124,True
V2R-PS,p025,f_blood,0.36,0.036,0.06336002528093324,True
V2R-PS,p025,f_blood,0.38,0.038000000000000006,0.06306578849910793,True
V2R-PS,p025,f_blood,0.4,0.04000000000000001,0.06287525768581062,True
V2R-PS,p025,f_blood,0.42,0.042,0.06277883471401528,True
V2R-PS,p025,f_blood,0.4326633818689215,0.043266338186892156,0.06276243219653499,True
V2R-PS,p025,f_blood,0.44,0.044000000000000004,0.06276775963694829,True
V2R-PS,p025,f_blood,0.46,0.046000000000000006,0.06283402664779647,True
V2R-PS,p025,f_blood,0.48,0.048,0.06297031442310133,True
V2R-PS,p025,f_blood,0.5,0.05,0.06316992678008565,True
V2R-PS,p025,f_blood,0.52,0.052000000000000005,0.063426740834563,True
V2R-PS,p025,f_blood,0.54,0.054000000000000006,0.06373516073926606,True
V2R-PS,p025,f_blood,0.56,0.05600000000000001,0.06409007571124473,True
V2R-PS,p025,f_blood,0.58,0.057999999999999996,0.06448682149307193,True
V2R-PS,p025,f_blood,0.6,0.06,0.06492114468894744,True
V2R-PS,p025,f_blood,0.62,0.062,0.06538916961294504,True
V2R-PS,p025,f_blood,0.64,0.064,0.06588736741213662,True
V2R-PS,p025,f_blood,0.66,0.066,0.06641252730404716,True
V2R-PS,p025,f_blood,0.68,0.068,0.06696172981190014,True
V2R-PS,p025,f_blood,0.7000000000000001,0.07,0.06753232190394481,True
V2R-PS,p025,f_blood,0.72,0.072,0.06812189395297034,True
V2R-PS,p025,f_blood,0.74,0.074,0.06872825843448281,True
V2R-PS,p025,f_blood,0.76,0.07600000000000001,0.06934943028067192,True
V2R-PS,p025,f_blood,0.78,0.07800000000000001,0.06998360880457101,True
V2R-PS,p025,f_blood,0.8,0.08000000000000002,0.07062916110614856,True
V2R-PS,p025,f_blood,0.8200000000000001,0.08200000000000002,0.07128460687020283,True
V2R-PS,p025,f_blood,0.84,0.084,0.07194860446523502,True
V2R-PS,p025,f_blood,0.86,0.08600000000000001,0.07261993825299135,True
V2R-PS,p025,f_blood,0.88,0.08800000000000001,0.07329750702004106,True
V2R-PS,p025,f_blood,0.9,0.09000000000000001,0.07398031344540466,True
V2R-PS,p025,f_blood,0.92,0.09200000000000001,0.0746674545216833,True
V2R-PS,p025,f_blood,0.9400000000000001,0.09400000000000001,0.07535811285115943,True
V2R-PS,p025,f_blood,0.96,0.096,0.07605154874275286,True
V2R-PS,p025,f_blood,0.98,0.098,0.07674709304036582,True
V2R-PS,p025,f_blood,1.0,0.1,0.07744414061789279,True
V2R-PS,p026,f_mel,0.0,0.0,0.8869495602134607,True
V2R-PS,p026,f_mel,0.02,0.0086,0.8006819617986017,True
V2R-PS,p026,f_mel,0.04,0.0172,0.7181671888024598,True
V2R-PS,p026,f_mel,0.06,0.0258,0.6391571939485247,True
V2R-PS,p026,f_mel,0.08,0.0344,0.5634387434348841,True
V2R-PS,p026,f_mel,0.1,0.043000000000000003,0.4908303314465331,True
V2R-PS,p026,f_mel,0.12,0.0516,0.42118384737194253,True
V2R-PS,p026,f_mel,0.14,0.060200000000000004,0.35439350533972896,True
V2R-PS,p026,f_mel,0.16,0.0688,0.2904196993639344,True
V2R-PS,p026,f_mel,0.18,0.0774,0.22935087704725127,True
V2R-PS,p026,f_mel,0.2,0.08600000000000001,0.17158268612524682,True
V2R-PS,p026,f_mel,0.22,0.0946,0.11844736495781967,True
V2R-PS,p026,f_mel,0.24,0.1032,0.07500873804888857,True
V2R-PS,p026,f_mel,0.25687200627229734,0.11045496269708785,0.05910624139948212,True
V2R-PS,p026,f_mel,0.26,0.1118,0.05954916647278144,True
V2R-PS,p026,f_mel,0.28,0.12040000000000001,0.07016294247432403,True
V2R-PS,p026,f_mel,0.3,0.129,0.09004907750864447,True
V2R-PS,p026,f_mel,0.32,0.1376,0.1153725428735645,True
V2R-PS,p026,f_mel,0.34,0.1462,0.14431508096071505,True
V2R-PS,p026,f_mel,0.36,0.1548,0.17620929196907356,True
V2R-PS,p026,f_mel,0.38,0.1634,0.21128441163744752,True
V2R-PS,p026,f_mel,0.4,0.17200000000000001,0.25057618819059646,True
V2R-PS,p026,f_mel,0.42,0.18059999999999998,0.29198271345822635,True
V2R-PS,p026,f_mel,0.44,0.1892,0.334124590955951,True
V2R-PS,p026,f_mel,0.46,0.1978,0.3762748656805846,True
V2R-PS,p026,f_mel,0.48,0.2064,0.4180375359968671,True
V2R-PS,p026,f_mel,0.5,0.215,0.4591916178984003,True
V2R-PS,p026,f_mel,0.52,0.2236,0.4996131043271069,True
V2R-PS,p026,f_mel,0.54,0.23220000000000002,0.5392340416871637,True
V2R-PS,p026,f_mel,0.56,0.24080000000000001,0.5780200343653085,True
V2R-PS,p026,f_mel,0.58,0.24939999999999998,0.6159573367889911,True
V2R-PS,p026,f_mel,0.6,0.258,0.6530451637670189,True
V2R-PS,p026,f_mel,0.62,0.2666,0.6892909601513674,True
V2R-PS,p026,f_mel,0.64,0.2752,0.7247074112281524,True
V2R-PS,p026,f_mel,0.66,0.2838,0.7593105104902446,True
V2R-PS,p026,f_mel,0.68,0.2924,0.7931182880224291,True
V2R-PS,p026,f_mel,0.7000000000000001,0.30100000000000005,0.8261499618262325,True
V2R-PS,p026,f_mel,0.72,0.3096,0.8584253657180829,True
V2R-PS,p026,f_mel,0.74,0.3182,0.8899645614061595,True
V2R-PS,p026,f_mel,0.76,0.3268,0.920787575127865,True
V2R-PS,p026,f_mel,0.78,0.33540000000000003,0.9509142196212603,True
V2R-PS,p026,f_mel,0.8,0.34400000000000003,0.980363975170805,True
V2R-PS,p026,f_mel,0.8200000000000001,0.3526,1.009155911878045,True
V2R-PS,p026,f_mel,0.84,0.36119999999999997,1.0373086408610201,True
V2R-PS,p026,f_mel,0.86,0.36979999999999996,1.0648402858123902,True
V2R-PS,p026,f_mel,0.88,0.3784,1.0917684688833569,True
V2R-PS,p026,f_mel,0.9,0.387,1.118110306610716,True
V2R-PS,p026,f_mel,0.92,0.3956,1.1438824128261538,True
V2R-PS,p026,f_mel,0.9400000000000001,0.4042,1.1691009063488735,True
V2R-PS,p026,f_mel,0.96,0.4128,1.193781421876485,True
V2R-PS,p026,f_mel,0.98,0.4214,1.2179391229298477,True
V2R-PS,p026,f_mel,1.0,0.43,1.2415887160264967,True
V2R-PS,p026,f_blood,0.0,0.0,0.1438886479477183,True
V2R-PS,p026,f_blood,0.02,0.002,0.13380293749247132,True
V2R-PS,p026,f_blood,0.04,0.004,0.1264354357575235,True
V2R-PS,p026,f_blood,0.06,0.006,0.12049289234424762,True
V2R-PS,p026,f_blood,0.08,0.008,0.11546592169683183,True
V2R-PS,p026,f_blood,0.1,0.010000000000000002,0.11109113219469023,True
V2R-PS,p026,f_blood,0.12,0.012,0.10721142843854554,True
V2R-PS,p026,f_blood,0.14,0.014000000000000002,0.10372428298065241,True
V2R-PS,p026,f_blood,0.16,0.016,0.10055846370545823,True
V2R-PS,p026,f_blood,0.18,0.018,0.09766214404796869,True
V2R-PS,p026,f_blood,0.2,0.020000000000000004,0.09499625217443715,True
V2R-PS,p026,f_blood,0.22,0.022000000000000002,0.09253048754717079,True
V2R-PS,p026,f_blood,0.24,0.024,0.09024080382733948,True
V2R-PS,p026,f_blood,0.26,0.026000000000000002,0.08810774812970067,True
V2R-PS,p026,f_blood,0.28,0.028000000000000004,0.08611532553694916,True
V2R-PS,p026,f_blood,0.3,0.03,0.08425019915890651,True
V2R-PS,p026,f_blood,0.32,0.032,0.08250111201945076,True
V2R-PS,p026,f_blood,0.34,0.034,0.0808584599584858,True
V2R-PS,p026,f_blood,0.36,0.036,0.07931396998689305,True
V2R-PS,p026,f_blood,0.38,0.038000000000000006,0.07786045393497677,True
V2R-PS,p026,f_blood,0.4,0.04000000000000001,0.07649161692763642,True
V2R-PS,p026,f_blood,0.42,0.042,0.0752019064883634,True
V2R-PS,p026,f_blood,0.44,0.044000000000000004,0.07398639222812912,True
V2R-PS,p026,f_blood,0.46,0.046000000000000006,0.07284066888798961,True
V2R-PS,p026,f_blood,0.48,0.048,0.07176077744615951,True
V2R-PS,p026,f_blood,0.5,0.05,0.07074314036469678,True
V2R-PS,p026,f_blood,0.52,0.052000000000000005,0.06978450802488823,True
V2R-PS,p026,f_blood,0.54,0.054000000000000006,0.0688819141057733,True
V2R-PS,p026,f_blood,0.56,0.05600000000000001,0.06803263817783878,True
V2R-PS,p026,f_blood,0.58,0.057999999999999996,0.06723417416835452,True
V2R-PS,p026,f_blood,0.6,0.06,0.06648420364352867,True
V2R-PS,p026,f_blood,0.62,0.062,0.06578057307171555,True
V2R-PS,p026,f_blood,0.64,0.064,0.06512127439968358,True
V2R-PS,p026,f_blood,0.66,0.066,0.06450442840359108,True
V2R-PS,p026,f_blood,0.68,0.068,0.06392827037732235,True
V2R-PS,p026,f_blood,0.7000000000000001,0.07,0.06339113780013318,True
V2R-PS,p026,f_blood,0.72,0.072,0.06289145968829646,True
V2R-PS,p026,f_blood,0.74,0.074,0.06242774738541362,True
V2R-PS,p026,f_blood,0.76,0.07600000000000001,0.061998586586169906,True
V2R-PS,p026,f_blood,0.78,0.07800000000000001,0.06160263042071415,True
V2R-PS,p026,f_blood,0.8,0.08000000000000002,0.06123859345322152,True
V2R-PS,p026,f_blood,0.8200000000000001,0.08200000000000002,0.060905246469812484,True
V2R-PS,p026,f_blood,0.84,0.084,0.060601411948851915,True
V2R-PS,p026,f_blood,0.86,0.08600000000000001,0.060325960121501675,True
V2R-PS,p026,f_blood,0.88,0.08800000000000001,0.06007780554285101,True
V2R-PS,p026,f_blood,0.9,0.09000000000000001,0.05985590410446694,True
V2R-PS,p026,f_blood,0.92,0.09200000000000001,0.05965925042816013,True
V2R-PS,p026,f_blood,0.9400000000000001,0.09400000000000001,0.05948687558844555,True
V2R-PS,p026,f_blood,0.96,0.096,0.05933784511781254,True
V2R-PS,p026,f_blood,0.98,0.098,0.059211257254685255,True
V2R-PS,p026,f_blood,1.0,0.1,0.05910624139900955,True
V2R-PS,p027,f_mel,0.0,0.0,0.8557232018721723,True
V2R-PS,p027,f_mel,0.02,0.0086,0.7692078091676885,True
V2R-PS,p027,f_mel,0.04,0.0172,0.6864684590030337,True
V2R-PS,p027,f_mel,0.06,0.0258,0.6072590861597155,True
V2R-PS,p027,f_mel,0.08,0.0344,0.5313702860442336,True
V2R-PS,p027,f_mel,0.1,0.043000000000000003,0.4586275875109745,True
V2R-PS,p027,f_mel,0.12,0.0516,0.3888960820527121,True
V2R-PS,p027,f_mel,0.14,0.060200000000000004,0.3220962713006765,True
V2R-PS,p027,f_mel,0.16,0.0688,0.2582459020886575,True
V2R-PS,p027,f_mel,0.18,0.0774,0.19757593956117683,True
V2R-PS,p027,f_mel,0.2,0.08600000000000001,0.14090788950921335,True
V2R-PS,p027,f_mel,0.22,0.0946,0.09120908112282322,True
V2R-PS,p027,f_mel,0.24,0.1032,0.060722053512250775,True
V2R-PS,p027,f_mel,0.2577857923636713,0.11084789071637864,0.05502575727598903,True
V2R-PS,p027,f_mel,0.26,0.1118,0.05512146164481869,True
V2R-PS,p027,f_mel,0.28,0.12040000000000001,0.0642822327489222,True
V2R-PS,p027,f_mel,0.3,0.129,0.08490829411919482,True
V2R-PS,p027,f_mel,0.32,0.1376,0.11232628731479292,True
V2R-PS,p027,f_mel,0.34,0.1462,0.14434245957076106,True
V2R-PS,p027,f_mel,0.36,0.1548,0.18171302647682624,True
V2R-PS,p027,f_mel,0.38,0.1634,0.22427128456051607,True
V2R-PS,p027,f_mel,0.4,0.17200000000000001,0.26874711831079745,True
V2R-PS,p027,f_mel,0.42,0.18059999999999998,0.31363118338803964,True
V2R-PS,p027,f_mel,0.44,0.1892,0.35821811339308113,True
V2R-PS,p027,f_mel,0.46,0.1978,0.40216024996713584,True
V2R-PS,p027,f_mel,0.48,0.2064,0.445281710566632,True
V2R-PS,p027,f_mel,0.5,0.215,0.48749500172683785,True
V2R-PS,p027,f_mel,0.52,0.2236,0.5287607036319005,True
V2R-PS,p027,f_mel,0.54,0.23220000000000002,0.5690666506605965,True
V2R-PS,p027,f_mel,0.56,0.24080000000000001,0.6084165690681759,True
V2R-PS,p027,f_mel,0.58,0.24939999999999998,0.6468235875847859,True
V2R-PS,p027,f_mel,0.6,0.258,0.6843063919964892,True
V2R-PS,p027,f_mel,0.62,0.2666,0.7208868787917878,True
V2R-PS,p027,f_mel,0.64,0.2752,0.7565886910418121,True
V2R-PS,p027,f_mel,0.66,0.2838,0.7914362901468358,True
V2R-PS,p027,f_mel,0.68,0.2924,0.8254543618267716,True
V2R-PS,p027,f_mel,0.7000000000000001,0.30100000000000005,0.8586674352584862,True
V2R-PS,p027,f_mel,0.72,0.3096,0.8910996406157828,True
V2R-PS,p027,f_mel,0.74,0.3182,0.9227745577702056,True
V2R-PS,p027,f_mel,0.76,0.3268,0.9537151256723867,True
V2R-PS,p027,f_mel,0.78,0.33540000000000003,0.9839435923957438,True
V2R-PS,p027,f_mel,0.8,0.34400000000000003,1.0134814924944795,True
V2R-PS,p027,f_mel,0.8200000000000001,0.3526,1.0423496426615533,True
V2R-PS,p027,f_mel,0.84,0.36119999999999997,1.07056814953554,True
V2R-PS,p027,f_mel,0.86,0.36979999999999996,1.098156425425352,True
V2R-PS,p027,f_mel,0.88,0.3784,1.125133209026292,True
V2R-PS,p027,f_mel,0.9,0.387,1.1515165890973802,True
V2R-PS,p027,f_mel,0.92,0.3956,1.1773240296920393,True
V2R-PS,p027,f_mel,0.9400000000000001,0.4042,1.202572395969577,True
V2R-PS,p027,f_mel,0.96,0.4128,1.2272779799216564,True
V2R-PS,p027,f_mel,0.98,0.4214,1.2514565255649381,True
V2R-PS,p027,f_mel,1.0,0.43,1.2751232533060597,True
V2R-PS,p027,f_blood,0.0,0.0,0.11607123304561769,True
V2R-PS,p027,f_blood,0.02,0.002,0.1063463513624523,True
V2R-PS,p027,f_blood,0.04,0.004,0.09934594089037159,True
V2R-PS,p027,f_blood,0.06,0.006,0.09378244970465228,True
V2R-PS,p027,f_blood,0.08,0.008,0.08914869996936228,True
V2R-PS,p027,f_blood,0.1,0.010000000000000002,0.08518242905097229,True
V2R-PS,p027,f_blood,0.12,0.012,0.08172717680484878,True
V2R-PS,p027,f_blood,0.14,0.014000000000000002,0.07868076642208074,True
V2R-PS,p027,f_blood,0.16,0.016,0.07597212208459812,True
V2R-PS,p027,f_blood,0.18,0.018,0.07354942265037263,True
V2R-PS,p027,f_blood,0.2,0.020000000000000004,0.07137347333596679,True
V2R-PS,p027,f_blood,0.22,0.022000000000000002,0.06941373471751379,True
V2R-PS,p027,f_blood,0.24,0.024,0.06764581317020993,True
V2R-PS,p027,f_blood,0.26,0.026000000000000002,0.0660498054337173,True
V2R-PS,p027,f_blood,0.28,0.028000000000000004,0.06460916768567146,True
V2R-PS,p027,f_blood,0.3,0.03,0.06330992025207467,True
V2R-PS,p027,f_blood,0.32,0.032,0.062140074719223434,True
V2R-PS,p027,f_blood,0.34,0.034,0.06108921289070235,True
V2R-PS,p027,f_blood,0.36,0.036,0.06014817213216133,True
V2R-PS,p027,f_blood,0.38,0.038000000000000006,0.05930880694152761,True
V2R-PS,p027,f_blood,0.4,0.04000000000000001,0.058563806196287004,True
V2R-PS,p027,f_blood,0.42,0.042,0.05790655174100815,True
V2R-PS,p027,f_blood,0.44,0.044000000000000004,0.057331008092472976,True
V2R-PS,p027,f_blood,0.46,0.046000000000000006,0.056831635828037595,True
V2R-PS,p027,f_blood,0.48,0.048,0.05640332315387421,True
V2R-PS,p027,f_blood,0.5,0.05,0.05604133151520997,True
V2R-PS,p027,f_blood,0.52,0.052000000000000005,0.05574125209588008,True
V2R-PS,p027,f_blood,0.54,0.054000000000000006,0.05549897077932198,True
V2R-PS,p027,f_blood,0.56,0.05600000000000001,0.05531063968628322,True
V2R-PS,p027,f_blood,0.58,0.057999999999999996,0.055172653818442934,True
V2R-PS,p027,f_blood,0.6,0.06,0.05508163165728047,True
V2R-PS,p027,f_blood,0.62,0.062,0.05503439881808396,True
V2R-PS,p027,f_blood,0.6332228341199289,0.06332228341199289,0.05502575727598904,True
V2R-PS,p027,f_blood,0.64,0.064,0.05502797405686273,True
V2R-PS,p027,f_blood,0.66,0.066,0.05505955708504977,True
V2R-PS,p027,f_blood,0.68,0.068,0.05512651777194073,True
V2R-PS,p027,f_blood,0.7000000000000001,0.07,0.05522638641426642,True
V2R-PS,p027,f_blood,0.72,0.072,0.055356844831077674,True
V2R-PS,p027,f_blood,0.74,0.074,0.05551571810412488,True
V2R-PS,p027,f_blood,0.76,0.07600000000000001,0.055700966832261445,True
V2R-PS,p027,f_blood,0.78,0.07800000000000001,0.05591067980565418,True
V2R-PS,p027,f_blood,0.8,0.08000000000000002,0.056143067033870404,True
V2R-PS,p027,f_blood,0.8200000000000001,0.08200000000000002,0.05639645308300452,True
V2R-PS,p027,f_blood,0.84,0.084,0.05666927069238461,True
V2R-PS,p027,f_blood,0.86,0.08600000000000001,0.05696005465229789,True
V2R-PS,p027,f_blood,0.88,0.08800000000000001,0.05726743593160943,True
V2R-PS,p027,f_blood,0.9,0.09000000000000001,0.05759013604895706,True
V2R-PS,p027,f_blood,0.92,0.09200000000000001,0.05792696168406048,True
V2R-PS,p027,f_blood,0.9400000000000001,0.09400000000000001,0.05827679952712521,True
V2R-PS,p027,f_blood,0.96,0.096,0.05863861136477951,True
V2R-PS,p027,f_blood,0.98,0.098,0.05901142940077504,True
V2R-PS,p027,f_blood,1.0,0.1,0.05939435180907265,True
V2R-PS,p028,f_mel,0.0,0.0,0.7083439038162804,True
V2R-PS,p028,f_mel,0.02,0.0086,0.621265522095409,True
V2R-PS,p028,f_mel,0.04,0.0172,0.5379851426367325,True
V2R-PS,p028,f_mel,0.06,0.0258,0.45828816716654264,True
V2R-PS,p028,f_mel,0.08,0.0344,0.38201131220343476,True
V2R-PS,p028,f_mel,0.1,0.043000000000000003,0.3090622337245874,True
V2R-PS,p028,f_mel,0.12,0.0516,0.23948122200342795,True
V2R-PS,p028,f_mel,0.14,0.060200000000000004,0.1736414901049517,True
V2R-PS,p028,f_mel,0.16,0.0688,0.11306510535043486,True
V2R-PS,p028,f_mel,0.18,0.0774,0.06508447214094082,True
V2R-PS,p028,f_mel,0.2,0.08600000000000001,0.05184929666540199,True
V2R-PS,p028,f_mel,0.20057470160479957,0.08624712169006381,0.05184127988456078,True
V2R-PS,p028,f_mel,0.22,0.0946,0.06055536594885252,True
V2R-PS,p028,f_mel,0.24,0.1032,0.08292488249899106,True
V2R-PS,p028,f_mel,0.26,0.1118,0.11239178536085485,True
V2R-PS,p028,f_mel,0.28,0.12040000000000001,0.1462121370010333,True
V2R-PS,p028,f_mel,0.3,0.129,0.18366717539706748,True
V2R-PS,p028,f_mel,0.32,0.1376,0.22668065467660575,True
V2R-PS,p028,f_mel,0.34,0.1462,0.2735337833812909,True
V2R-PS,p028,f_mel,0.36,0.1548,0.32165767437655673,True
V2R-PS,p028,f_mel,0.38,0.1634,0.36985571889172386,True
V2R-PS,p028,f_mel,0.4,0.17200000000000001,0.4175434842099705,True
V2R-PS,p028,f_mel,0.42,0.18059999999999998,0.46442538773009595,True
V2R-PS,p028,f_mel,0.44,0.1892,0.5103513959664464,True
V2R-PS,p028,f_mel,0.46,0.1978,0.5552491237987139,True
V2R-PS,p028,f_mel,0.48,0.2064,0.5990894976317905,True
V2R-PS,p028,f_mel,0.5,0.215,0.6418683779932353,True
V2R-PS,p028,f_mel,0.52,0.2236,0.6835962454120406,True
V2R-PS,p028,f_mel,0.54,0.23220000000000002,0.7242921824856541,True
V2R-PS,p028,f_mel,0.56,0.24080000000000001,0.7639802520258537,True
V2R-PS,p028,f_mel,0.58,0.24939999999999998,0.8026872646591918,True
V2R-PS,p028,f_mel,0.6,0.258,0.840441379217893,True
V2R-PS,p028,f_mel,0.62,0.2666,0.8772712163436076,True
V2R-PS,p028,f_mel,0.64,0.2752,0.9132052957565254,True
V2R-PS,p028,f_mel,0.66,0.2838,0.9482716815242119,True
V2R-PS,p028,f_mel,0.68,0.2924,0.9824977629873806,True
V2R-PS,p028,f_mel,0.7000000000000001,0.30100000000000005,1.0159101251175742,True
V2R-PS,p028,f_mel,0.72,0.3096,1.0485344782236699,True
V2R-PS,p028,f_mel,0.74,0.3182,1.0803956271214534,True
V2R-PS,p028,f_mel,0.76,0.3268,1.1115174664496157,True
V2R-PS,p028,f_mel,0.78,0.33540000000000003,1.1419229931210568,True
V2R-PS,p028,f_mel,0.8,0.34400000000000003,1.171634329763614,True
V2R-PS,p028,f_mel,0.8200000000000001,0.3526,1.200672754936686,True
V2R-PS,p028,f_mel,0.84,0.36119999999999997,1.2290587372285617,True
V2R-PS,p028,f_mel,0.86,0.36979999999999996,1.2568119712475894,True
V2R-PS,p028,f_mel,0.88,0.3784,1.283951414151247,True
V2R-PS,p028,f_mel,0.9,0.387,1.3104953217982775,True
V2R-PS,p028,f_mel,0.92,0.3956,1.3364612839188608,True
V2R-PS,p028,f_mel,0.9400000000000001,0.4042,1.361866257915795,True
V2R-PS,p028,f_mel,0.96,0.4128,1.3867266010641919,True
V2R-PS,p028,f_mel,0.98,0.4214,1.4110581009846583,True
V2R-PS,p028,f_mel,1.0,0.43,1.4348760043326838,True
V2R-PS,p028,f_blood,0.0,0.0,0.13587469361255058,True
V2R-PS,p028,f_blood,0.02,0.002,0.12412307768648892,True
V2R-PS,p028,f_blood,0.04,0.004,0.11559598752772761,True
V2R-PS,p028,f_blood,0.06,0.006,0.10875292272278062,True
V2R-PS,p028,f_blood,0.08,0.008,0.1029915059577925,True
V2R-PS,p028,f_blood,0.1,0.010000000000000002,0.0980020438582142,True
V2R-PS,p028,f_blood,0.12,0.012,0.09360072208969154,True
V2R-PS,p028,f_blood,0.14,0.014000000000000002,0.08966809859941138,True
V2R-PS,p028,f_blood,0.16,0.016,0.08612152895064046,True
V2R-PS,p028,f_blood,0.18,0.018,0.0829011195547096,True
V2R-PS,p028,f_blood,0.2,0.020000000000000004,0.07996188846049385,True
V2R-PS,p028,f_blood,0.22,0.022000000000000002,0.07726907818119834,True
V2R-PS,p028,f_blood,0.24,0.024,0.07479519709386928,True
V2R-PS,p028,f_blood,0.26,0.026000000000000002,0.0725180681526137,True
V2R-PS,p028,f_blood,0.28,0.028000000000000004,0.07041949429259048,True
V2R-PS,p028,f_blood,0.3,0.03,0.06848431718814799,True
V2R-PS,p028,f_blood,0.32,0.032,0.06669973579945698,True
V2R-PS,p028,f_blood,0.34,0.034,0.065054801744193,True
V2R-PS,p028,f_blood,0.36,0.036,0.06354003826951375,True
V2R-PS,p028,f_blood,0.38,0.038000000000000006,0.06214714771353279,True
V2R-PS,p028,f_blood,0.4,0.04000000000000001,0.06086878372475006,True
V2R-PS,p028,f_blood,0.42,0.042,0.059698371849567125,True
V2R-PS,p028,f_blood,0.44,0.044000000000000004,0.05862996694441957,True
V2R-PS,p028,f_blood,0.46,0.046000000000000006,0.05765813913107915,True
V2R-PS,p028,f_blood,0.48,0.048,0.056777882245199744,True
V2R-PS,p028,f_blood,0.5,0.05,0.055984540275288035,True
V2R-PS,p028,f_blood,0.52,0.052000000000000005,0.05527374837378825,True
V2R-PS,p028,f_blood,0.54,0.054000000000000006,0.05464138578958413,True
V2R-PS,p028,f_blood,0.56,0.05600000000000001,0.05408353861985154,True
V2R-PS,p028,f_blood,0.58,0.057999999999999996,0.053596470676010276,True
V2R-PS,p028,f_blood,0.6,0.06,0.053176601050348736,True
V2R-PS,p028,f_blood,0.62,0.062,0.05282048718973914,True
V2R-PS,p028,f_blood,0.64,0.064,0.052524812453982814,True
V2R-PS,p028,f_blood,0.66,0.066,0.052286377275010676,True
V2R-PS,p028,f_blood,0.68,0.068,0.052102093150505964,True
V2R-PS,p028,f_blood,0.7000000000000001,0.07,0.05196897880880445,True
V2R-PS,p028,f_blood,0.72,0.072,0.051884157975585925,True
V2R-PS,p028,f_blood,0.74,0.074,0.05184485825935631,True
V2R-PS,p028,f_blood,0.7482432385101925,0.07482432385101925,0.05184127988456079,True
V2R-PS,p028,f_blood,0.76,0.07600000000000001,0.05184841075303045,True
V2R-PS,p028,f_blood,0.78,0.07800000000000001,0.051892250023261914,True
V2R-PS,p028,f_blood,0.8,0.08000000000000002,0.05197391422721234,True
V2R-PS,p028,f_blood,0.8200000000000001,0.08200000000000002,0.052091045157758864,True
V2R-PS,p028,f_blood,0.84,0.084,0.052241388072295815,True
V2R-PS,p028,f_blood,0.86,0.08600000000000001,0.05242279120704288,True
V2R-PS,p028,f_blood,0.88,0.08800000000000001,0.052633204918130186,True
V2R-PS,p028,f_blood,0.9,0.09000000000000001,0.052870680422902785,True
V2R-PS,p028,f_blood,0.92,0.09200000000000001,0.0531333681403259,True
V2R-PS,p028,f_blood,0.9400000000000001,0.09400000000000001,0.053419515648672436,True
V2R-PS,p028,f_blood,0.96,0.096,0.053727465292563115,True
V2R-PS,p028,f_blood,0.98,0.098,0.054055651480671395,True
V2R-PS,p028,f_blood,1.0,0.1,0.05440259772079065,True
V2R-PS,p029,f_mel,0.0,0.0,0.8399875321903756,True
V2R-PS,p029,f_mel,0.02,0.0086,0.7537097702642857,True
V2R-PS,p029,f_mel,0.04,0.0172,0.671204009287828,True
V2R-PS,p029,f_mel,0.06,0.0258,0.5922244162705691,True
V2R-PS,p029,f_mel,0.08,0.0344,0.5165621610523109,True
V2R-PS,p029,f_mel,0.1,0.043000000000000003,0.4440441518518718,True
V2R-PS,p029,f_mel,0.12,0.0516,0.3745387051824577,True
V2R-PS,p029,f_mel,0.14,0.060200000000000004,0.30797405454591303,True
V2R-PS,p029,f_mel,0.16,0.0688,0.2443879756142156,True
V2R-PS,p029,f_mel,0.18,0.0774,0.1840707706823557,True
V2R-PS,p029,f_mel,0.2,0.08600000000000001,0.1280599451887735,True
V2R-PS,p029,f_mel,0.22,0.0946,0.08035634330160019,True
V2R-PS,p029,f_mel,0.24,0.1032,0.05722357087950709,True
V2R-PS,p029,f_mel,0.24859314435058227,0.10689505207075038,0.05602507240400274,True
V2R-PS,p029,f_mel,0.26,0.1118,0.05820142848336775,True
V2R-PS,p029,f_mel,0.28,0.12040000000000001,0.07153864599248547,True
V2R-PS,p029,f_mel,0.3,0.129,0.09355228345144787,True
V2R-PS,p029,f_mel,0.32,0.1376,0.12123598258565595,True
V2R-PS,p029,f_mel,0.34,0.1462,0.1534512695997762,True
V2R-PS,p029,f_mel,0.36,0.1548,0.19238756625778947,True
V2R-PS,p029,f_mel,0.38,0.1634,0.23565479145010781,True
V2R-PS,p029,f_mel,0.4,0.17200000000000001,0.2804096242710076,True
V2R-PS,p029,f_mel,0.42,0.18059999999999998,0.32537692950105707,True
V2R-PS,p029,f_mel,0.44,0.1892,0.3699512548643351,True
V2R-PS,p029,f_mel,0.46,0.1978,0.413831058696556,True
V2R-PS,p029,f_mel,0.48,0.2064,0.4568634567301708,True
V2R-PS,p029,f_mel,0.5,0.215,0.49897320847948773,True
V2R-PS,p029,f_mel,0.52,0.2236,0.540127785299031,True
V2R-PS,p029,f_mel,0.54,0.23220000000000002,0.5803190692586709,True
V2R-PS,p029,f_mel,0.56,0.24080000000000001,0.6195532467702882,True
V2R-PS,p029,f_mel,0.58,0.24939999999999998,0.6578449812567845,True
V2R-PS,p029,f_mel,0.6,0.258,0.6952139336652537,True
V2R-PS,p029,f_mel,0.62,0.2666,0.7316826268635953,True
V2R-PS,p029,f_mel,0.64,0.2752,0.7672751072027664,True
V2R-PS,p029,f_mel,0.66,0.2838,0.802016093520893,True
V2R-PS,p029,f_mel,0.68,0.2924,0.8359304318746715,True
V2R-PS,p029,f_mel,0.7000000000000001,0.30100000000000005,0.8690427461208009,True
V2R-PS,p029,f_mel,0.72,0.3096,0.9013772161333017,True
V2R-PS,p029,f_mel,0.74,0.3182,0.9329574403257086,True
V2R-PS,p029,f_mel,0.76,0.3268,0.9638063544005226,True
V2R-PS,p029,f_mel,0.78,0.33540000000000003,0.9939461878180484,True
V2R-PS,p029,f_mel,0.8,0.34400000000000003,1.023398445605476,True
V2R-PS,p029,f_mel,0.8200000000000001,0.3526,1.05218390712488,True
V2R-PS,p029,f_mel,0.84,0.36119999999999997,1.0803226360692813,True
V2R-PS,p029,f_mel,0.86,0.36979999999999996,1.1078339977387388,True
V2R-PS,p029,f_mel,0.88,0.3784,1.1347366808628487,True
V2R-PS,p029,f_mel,0.9,0.387,1.1610487220725316,True
V2R-PS,p029,f_mel,0.92,0.3956,1.1867875317055947,True
V2R-PS,p029,f_mel,0.9400000000000001,0.4042,1.2119699200382619,True
V2R-PS,p029,f_mel,0.96,0.4128,1.236612123322209,True
V2R-PS,p029,f_mel,0.98,0.4214,1.2607298292111817,True
V2R-PS,p029,f_mel,1.0,0.43,1.284338201305663,True
V2R-PS,p029,f_blood,0.0,0.0,0.1173681832984219,True
V2R-PS,p029,f_blood,0.02,0.002,0.10814511650093563,True
V2R-PS,p029,f_blood,0.04,0.004,0.10151293352247044,True
V2R-PS,p029,f_blood,0.06,0.006,0.09624019038496856,True
V2R-PS,p029,f_blood,0.08,0.008,0.09184296696046647,True
V2R-PS,p029,f_blood,0.1,0.010000000000000002,0.08807135777027762,True
V2R-PS,p029,f_blood,0.12,0.012,0.08477639766992688,True
V2R-PS,p029,f_blood,0.14,0.014000000000000002,0.08186086052477719,True
V2R-PS,p029,f_blood,0.16,0.016,0.07925714934637945,True
V2R-PS,p029,f_blood,0.18,0.018,0.07691601131156103,True
V2R-PS,p029,f_blood,0.2,0.020000000000000004,0.07480023036465526,True
V2R-PS,p029,f_blood,0.22,0.022000000000000002,0.07288085224760996,True
V2R-PS,p029,f_blood,0.24,0.024,0.07113480088960457,True
V2R-PS,p029,f_blood,0.26,0.026000000000000002,0.06954330704876749,True
V2R-PS,p029,f_blood,0.28,0.028000000000000004,0.06809083507230732,True
V2R-PS,p029,f_blood,0.3,0.03,0.06676432787328285,True
V2R-PS,p029,f_blood,0.32,0.032,0.06555266233299453,True
V2R-PS,p029,f_blood,0.34,0.034,0.06444624802255275,True
V2R-PS,p029,f_blood,0.36,0.036,0.06343672606625152,True
V2R-PS,p029,f_blood,0.38,0.038000000000000006,0.06251673955635303,True
V2R-PS,p029,f_blood,0.4,0.04000000000000001,0.06167975610242578,True
V2R-PS,p029,f_blood,0.42,0.042,0.06091992902782463,True
V2R-PS,p029,f_blood,0.44,0.044000000000000004,0.06023198765304223,True
V2R-PS,p029,f_blood,0.46,0.046000000000000006,0.059611149764196535,True
V2R-PS,p029,f_blood,0.48,0.048,0.05905305120076282,True
V2R-PS,p029,f_blood,0.5,0.05,0.058553688787680136,True
V2R-PS,p029,f_blood,0.52,0.052000000000000005,0.05810937376028433,True
V2R-PS,p029,f_blood,0.54,0.054000000000000006,0.05771669350134552,True
V2R-PS,p029,f_blood,0.56,0.05600000000000001,0.05737247990411627,True
V2R-PS,p029,f_blood,0.58,0.057999999999999996,0.0570737830451135,True
V2R-PS,p029,f_blood,0.6,0.06,0.05681784913049117,True
V2R-PS,p029,f_blood,0.62,0.062,0.05660210189464328,True
V2R-PS,p029,f_blood,0.64,0.064,0.05642412679621114,True
V2R-PS,p029,f_blood,0.66,0.066,0.05628165748709227,True
V2R-PS,p029,f_blood,0.68,0.068,0.05617256413310138,True
V2R-PS,p029,f_blood,0.7000000000000001,0.07,0.056094843246976916,True
V2R-PS,p029,f_blood,0.72,0.072,0.056046608760148074,True
V2R-PS,p029,f_blood,0.74,0.074,0.05602608411257576,True
V2R-PS,p029,f_blood,0.7456088798981296,0.07456088798981296,0.05602507240400276,True
V2R-PS,p029,f_blood,0.76,0.07600000000000001,0.0560315951827066,True
V2R-PS,p029,f_blood,0.78,0.07800000000000001,0.05606156391415518,True
V2R-PS,p029,f_blood,0.8,0.08000000000000002,0.056114502523739486,True
V2R-PS,p029,f_blood,0.8200000000000001,0.08200000000000002,0.056189008198173025,True
V2R-PS,p029,f_blood,0.84,0.084,0.056283758205058744,True
V2R-PS,p029,f_blood,0.86,0.08600000000000001,0.05639750535861924,True
V2R-PS,p029,f_blood,0.88,0.08800000000000001,0.05652907379250123,True
V2R-PS,p029,f_blood,0.9,0.09000000000000001,0.05667735500151377,True
V2R-PS,p029,f_blood,0.92,0.09200000000000001,0.056841304121760555,True
V2R-PS,p029,f_blood,0.9400000000000001,0.09400000000000001,0.057019936424645284,True
V2R-PS,p029,f_blood,0.96,0.096,0.05721232400497852,True
V2R-PS,p029,f_blood,0.98,0.098,0.05741759264713023,True
V2R-PS,p029,f_blood,1.0,0.1,0.05763491885606398,True
V2R-PS,p031,f_mel,0.0,0.0,0.6679840985490824,True
V2R-PS,p031,f_mel,0.02,0.0086,0.5812119357551635,True
V2R-PS,p031,f_mel,0.04,0.0172,0.49829469443560714,True
V2R-PS,p031,f_mel,0.06,0.0258,0.4190103487021845,True
V2R-PS,p031,f_mel,0.08,0.0344,0.34319981463486415,True
V2R-PS,p031,f_mel,0.1,0.043000000000000003,0.27079995234848986,True
V2R-PS,p031,f_mel,0.12,0.0516,0.20195244327229586,True
V2R-PS,p031,f_mel,0.14,0.060200000000000004,0.13741164034548387,True
V2R-PS,p031,f_mel,0.16,0.0688,0.08065870327331273,True
V2R-PS,p031,f_mel,0.18,0.0774,0.05082333449937539,True
V2R-PS,p031,f_mel,0.18753511077615884,0.0806400976337483,0.04927597815709339,True
V2R-PS,p031,f_mel,0.2,0.08600000000000001,0.05349339651732416,True
V2R-PS,p031,f_mel,0.22,0.0946,0.07386906294917221,True
V2R-PS,p031,f_mel,0.24,0.1032,0.10309324629923565,True
V2R-PS,p031,f_mel,0.26,0.1118,0.13693464025237942,True
V2R-PS,p031,f_mel,0.28,0.12040000000000001,0.1741863451328371,True
V2R-PS,p031,f_mel,0.3,0.129,0.21531688898607437,True
V2R-PS,p031,f_mel,0.32,0.1376,0.26139809950665177,True
V2R-PS,p031,f_mel,0.34,0.1462,0.30955127231387886,True
V2R-PS,p031,f_mel,0.36,0.1548,0.3581632260907363,True
V2R-PS,p031,f_mel,0.38,0.1634,0.40645336465688603,True
V2R-PS,p031,f_mel,0.4,0.17200000000000001,0.4540284951466306,True
V2R-PS,p031,f_mel,0.42,0.18059999999999998,0.5006872757197344,True
V2R-PS,p031,f_mel,0.44,0.1892,0.5463291490192932,True
V2R-PS,p031,f_mel,0.46,0.1978,0.590909108750212,True
V2R-PS,p031,f_mel,0.48,0.2064,0.6344138799088015,True
V2R-PS,p031,f_mel,0.5,0.215,0.6768487351579646,True
V2R-PS,p031,f_mel,0.52,0.2236,0.7182298911904528,True
V2R-PS,p031,f_mel,0.54,0.23220000000000002,0.7585799748444357,True
V2R-PS,p031,f_mel,0.56,0.24080000000000001,0.7979252481425603,True
V2R-PS,p031,f_mel,0.58,0.24939999999999998,0.8362938767033948,True
V2R-PS,p031,f_mel,0.6,0.258,0.873714835452291,True
V2R-PS,p031,f_mel,0.62,0.2666,0.9102172132447308,True
V2R-PS,p031,f_mel,0.64,0.2752,0.9458297722676242,True
V2R-PS,p031,f_mel,0.66,0.2838,0.9805806727985173,True
V2R-PS,p031,f_mel,0.68,0.2924,1.0144973065979168,True
V2R-PS,p031,f_mel,0.7000000000000001,0.30100000000000005,1.047606202252128,True
V2R-PS,p031,f_mel,0.72,0.3096,1.0799329783524712,True
V2R-PS,p031,f_mel,0.74,0.3182,1.1115023284391337,True
V2R-PS,p031,f_mel,0.76,0.3268,1.1423380268769594,True
V2R-PS,p031,f_mel,0.78,0.33540000000000003,1.1724629482977225,True
V2R-PS,p031,f_mel,0.8,0.34400000000000003,1.201899095570077,True
V2R-PS,p031,f_mel,0.8200000000000001,0.3526,1.2306676328386037,True
V2R-PS,p031,f_mel,0.84,0.36119999999999997,1.2587889212577958,True
V2R-PS,p031,f_mel,0.86,0.36979999999999996,1.2862825557974409,True
V2R-PS,p031,f_mel,0.88,0.3784,1.3131674020193254,True
V2R-PS,p031,f_mel,0.9,0.387,1.3394616320897872,True
V2R-PS,p031,f_mel,0.92,0.3956,1.3651827595574297,True
V2R-PS,p031,f_mel,0.9400000000000001,0.4042,1.3903476725926363,True
V2R-PS,p031,f_mel,0.96,0.4128,1.4149726655306754,True
V2R-PS,p031,f_mel,0.98,0.4214,1.4390734686355824,True
V2R-PS,p031,f_mel,1.0,0.43,1.4626652760706915,True
V2R-PS,p031,f_blood,0.0,0.0,0.14073047936032587,True
V2R-PS,p031,f_blood,0.02,0.002,0.12855076781807825,True
V2R-PS,p031,f_blood,0.04,0.004,0.11965258435678587,True
V2R-PS,p031,f_blood,0.06,0.006,0.11247518210539657,True
V2R-PS,p031,f_blood,0.08,0.008,0.10640515142492567,True
V2R-PS,p031,f_blood,0.1,0.010000000000000002,0.1011260904478689,True
V2R-PS,p031,f_blood,0.12,0.012,0.09644978787511385,True
V2R-PS,p031,f_blood,0.14,0.014000000000000002,0.09225377269618215,True
V2R-PS,p031,f_blood,0.16,0.016,0.08845324427621024,True
V2R-PS,p031,f_blood,0.18,0.018,0.0849867431601524,True
V2R-PS,p031,f_blood,0.2,0.020000000000000004,0.0818081403568388,True
V2R-PS,p031,f_blood,0.22,0.022000000000000002,0.07888184070535786,True
V2R-PS,p031,f_blood,0.24,0.024,0.07617975145201922,True
V2R-PS,p031,f_blood,0.26,0.026000000000000002,0.07367928069100069,True
V2R-PS,p031,f_blood,0.28,0.028000000000000004,0.07136196680651195,True
V2R-PS,p031,f_blood,0.3,0.03,0.06921251054047163,True
V2R-PS,p031,f_blood,0.32,0.032,0.06721807291997478,True
V2R-PS,p031,f_blood,0.34,0.034,0.06536775398698282,True
V2R-PS,p031,f_blood,0.36,0.036,0.06365219770604026,True
V2R-PS,p031,f_blood,0.38,0.038000000000000006,0.06206328699610716,True
V2R-PS,p031,f_blood,0.4,0.04000000000000001,0.06059390452590052,True
V2R-PS,p031,f_blood,0.42,0.042,0.05923774248016908,True
V2R-PS,p031,f_blood,0.44,0.044000000000000004,0.05798914952072969,True
V2R-PS,p031,f_blood,0.46,0.046000000000000006,0.056843006559395774,True
V2R-PS,p031,f_blood,0.48,0.048,0.055794625293611066,True
V2R-PS,p031,f_blood,0.5,0.05,0.054839665080484885,True
V2R-PS,p031,f_blood,0.52,0.052000000000000005,0.05397406486493372,True
V2R-PS,p031,f_blood,0.54,0.054000000000000006,0.05319398767934402,True
V2R-PS,p031,f_blood,0.56,0.05600000000000001,0.05249577579420659,True
V2R-PS,p031,f_blood,0.58,0.057999999999999996,0.05187591498989947,True
V2R-PS,p031,f_blood,0.6,0.06,0.051331006688190545,True
V2R-PS,p031,f_blood,0.62,0.062,0.05085774686422244,True
V2R-PS,p031,f_blood,0.64,0.064,0.050452910783081985,True
V2R-PS,p031,f_blood,0.66,0.066,0.05011334269045534,True
V2R-PS,p031,f_blood,0.68,0.068,0.049835949650234926,True
V2R-PS,p031,f_blood,0.7000000000000001,0.07,0.049617698775030396,True
V2R-PS,p031,f_blood,0.72,0.072,0.04945561714651868,True
V2R-PS,p031,f_blood,0.74,0.074,0.04934679377655506,True
V2R-PS,p031,f_blood,0.76,0.07600000000000001,0.04928838301944045,True
V2R-PS,p031,f_blood,0.7746398616977686,0.07746398616977686,0.0492759781570936,True
V2R-PS,p031,f_blood,0.78,0.07800000000000001,0.04927760891114255,True
V2R-PS,p031,f_blood,0.8,0.08000000000000002,0.049311769981481686,True
V2R-PS,p031,f_blood,0.8200000000000001,0.08200000000000002,0.04938824415824866,True
V2R-PS,p031,f_blood,0.84,0.084,0.04950449345536569,True
V2R-PS,p031,f_blood,0.86,0.08600000000000001,0.049658068207939,True
V2R-PS,p031,f_blood,0.88,0.08800000000000001,0.049846610683057666,True
V2R-PS,p031,f_blood,0.9,0.09000000000000001,0.050067857954635156,True
V2R-PS,p031,f_blood,0.92,0.09200000000000001,0.05031964398221174,True
V2R-PS,p031,f_blood,0.9400000000000001,0.09400000000000001,0.05059990087679461,True
V2R-PS,p031,f_blood,0.96,0.096,0.05090665937140999,True
V2R-PS,p031,f_blood,0.98,0.098,0.05123804854042256,True
V2R-PS,p031,f_blood,1.0,0.1,0.051592294830549376,True
V2R-PS,p032,f_mel,0.0,0.0,0.7544295099998951,True
V2R-PS,p032,f_mel,0.02,0.0086,0.6679710774311863,True
V2R-PS,p032,f_mel,0.04,0.0172,0.5852769527275784,True
V2R-PS,p032,f_mel,0.06,0.0258,0.5061081649571466,True
V2R-PS,p032,f_mel,0.08,0.0344,0.43026513174910985,True
V2R-PS,p032,f_mel,0.1,0.043000000000000003,0.35759108766348996,True
V2R-PS,p032,f_mel,0.12,0.0516,0.2879898760009658,True
V2R-PS,p032,f_mel,0.14,0.060200000000000004,0.22148110026130188,True
V2R-PS,p032,f_mel,0.16,0.0688,0.1583846759500851,True
V2R-PS,p032,f_mel,0.18,0.0774,0.10012563560909346,True
V2R-PS,p032,f_mel,0.2,0.08600000000000001,0.05452654376207782,True
V2R-PS,p032,f_mel,0.2094620052092548,0.09006866223997956,0.046836692832689084,True
V2R-PS,p032,f_mel,0.22,0.0946,0.0498696559741508,True
V2R-PS,p032,f_mel,0.24,0.1032,0.06615468012593034,True
V2R-PS,p032,f_mel,0.26,0.1118,0.09054658082757625,True
V2R-PS,p032,f_mel,0.28,0.12040000000000001,0.11946973427077881,True
V2R-PS,p032,f_mel,0.3,0.129,0.151814983134829,True
V2R-PS,p032,f_mel,0.32,0.1376,0.18755057574992404,True
V2R-PS,p032,f_mel,0.34,0.1462,0.22889688202357,True
V2R-PS,p032,f_mel,0.36,0.1548,0.2737066670333847,True
V2R-PS,p032,f_mel,0.38,0.1634,0.3197236729560295,True
V2R-PS,p032,f_mel,0.4,0.17200000000000001,0.3658586258165446,True
V2R-PS,p032,f_mel,0.42,0.18059999999999998,0.4115626714911331,True
V2R-PS,p032,f_mel,0.44,0.1892,0.456549881752219,True
V2R-PS,p032,f_mel,0.46,0.1978,0.5006701094491633,True
V2R-PS,p032,f_mel,0.48,0.2064,0.5438471569405343,True
V2R-PS,p032,f_mel,0.5,0.215,0.5860468590412014,True
V2R-PS,p032,f_mel,0.52,0.2236,0.6272597110599416,True
V2R-PS,p032,f_mel,0.54,0.23220000000000002,0.66749097747256,True
V2R-PS,p032,f_mel,0.56,0.24080000000000001,0.706754844752183,True
V2R-PS,p032,f_mel,0.58,0.24939999999999998,0.7450708575018546,True
V2R-PS,p032,f_mel,0.6,0.258,0.7824616928326299,True
V2R-PS,p032,f_mel,0.62,0.2666,0.8189517446174492,True
V2R-PS,p032,f_mel,0.64,0.2752,0.854566211420137,True
V2R-PS,p032,f_mel,0.66,0.2838,0.8893305049710268,True
V2R-PS,p032,f_mel,0.68,0.2924,0.9232698666012326,True
V2R-PS,p032,f_mel,0.7000000000000001,0.30100000000000005,0.9564091207212723,True
V2R-PS,p032,f_mel,0.72,0.3096,0.9887725197242492,True
V2R-PS,p032,f_mel,0.74,0.3182,1.020383650421754,True
V2R-PS,p032,f_mel,0.76,0.3268,1.0512653821126,True
V2R-PS,p032,f_mel,0.78,0.33540000000000003,1.0814398428560763,True
V2R-PS,p032,f_mel,0.8,0.34400000000000003,1.1109284147849807,True
V2R-PS,p032,f_mel,0.8200000000000001,0.3526,1.1397517421461154,True
V2R-PS,p032,f_mel,0.84,0.36119999999999997,1.167929747690084,True
V2R-PS,p032,f_mel,0.86,0.36979999999999996,1.1954816543595315,True
V2R-PS,p032,f_mel,0.88,0.3784,1.2224260101452626,True
V2R-PS,p032,f_mel,0.9,0.387,1.2487807146235663,True
V2R-PS,p032,f_mel,0.92,0.3956,1.274563046141889,True
V2R-PS,p032,f_mel,0.9400000000000001,0.4042,1.2997896889418548,True
V2R-PS,p032,f_mel,0.96,0.4128,1.3244767597377265,True
V2R-PS,p032,f_mel,0.98,0.4214,1.348639833432658,True
V2R-PS,p032,f_mel,1.0,0.43,1.3722939677713248,True
V2R-PS,p032,f_blood,0.0,0.0,0.13746776009040776,True
V2R-PS,p032,f_blood,0.02,0.002,0.12676152050780637,True
V2R-PS,p032,f_blood,0.04,0.004,0.11893864566461805,True
V2R-PS,p032,f_blood,0.06,0.006,0.11262224541334631,True
V2R-PS,p032,f_blood,0.08,0.008,0.1072715285065723,True
V2R-PS,p032,f_blood,0.1,0.010000000000000002,0.10260756214445808,True
V2R-PS,p032,f_blood,0.12,0.012,0.0984643426922101,True
V2R-PS,p032,f_blood,0.14,0.014000000000000002,0.0947337402771967,True
V2R-PS,p032,f_blood,0.16,0.016,0.09134076822364151,True
V2R-PS,p032,f_blood,0.18,0.018,0.08823096654786615,True
V2R-PS,p032,f_blood,0.2,0.020000000000000004,0.08536335371289247,True
V2R-PS,p032,f_blood,0.22,0.022000000000000002,0.08270620996236666,True
V2R-PS,p032,f_blood,0.24,0.024,0.08023441547388972,True
V2R-PS,p032,f_blood,0.26,0.026000000000000002,0.07792769556082928,True
V2R-PS,p032,f_blood,0.28,0.028000000000000004,0.07576942166109805,True
V2R-PS,p032,f_blood,0.3,0.03,0.07374576702322211,True
V2R-PS,p032,f_blood,0.32,0.032,0.07184509665657433,True
V2R-PS,p032,f_blood,0.34,0.034,0.07005751661108446,True
V2R-PS,p032,f_blood,0.36,0.036,0.06837453440949048,True
V2R-PS,p032,f_blood,0.38,0.038000000000000006,0.06678879876624012,True
V2R-PS,p032,f_blood,0.4,0.04000000000000001,0.06529389698559254,True
V2R-PS,p032,f_blood,0.42,0.042,0.06388419506293846,True
V2R-PS,p032,f_blood,0.44,0.044000000000000004,0.06255470990588272,True
V2R-PS,p032,f_blood,0.46,0.046000000000000006,0.061301006065103414,True
V2R-PS,p032,f_blood,0.48,0.048,0.06011911141752556,True
V2R-PS,p032,f_blood,0.5,0.05,0.059005447686334256,True
V2R-PS,p032,f_blood,0.52,0.052000000000000005,0.057956772711629356,True
V2R-PS,p032,f_blood,0.54,0.054000000000000006,0.056970132130857554,True
V2R-PS,p032,f_blood,0.56,0.05600000000000001,0.0560428186748868,True
V2R-PS,p032,f_blood,0.58,0.057999999999999996,0.05517233769130075,True
V2R-PS,p032,f_blood,0.6,0.06,0.05435637781064857,True
V2R-PS,p032,f_blood,0.62,0.062,0.053592785901436055,True
V2R-PS,p032,f_blood,0.64,0.064,0.05287954563495978,True
V2R-PS,p032,f_blood,0.66,0.066,0.05221475911551878,True
V2R-PS,p032,f_blood,0.68,0.068,0.05159663113513208,True
V2R-PS,p032,f_blood,0.7000000000000001,0.07,0.05102345569202247,True
V2R-PS,p032,f_blood,0.72,0.072,0.05049360447429316,True
V2R-PS,p032,f_blood,0.74,0.074,0.050005517058564514,True
V2R-PS,p032,f_blood,0.76,0.07600000000000001,0.049557692611026535,True
V2R-PS,p032,f_blood,0.78,0.07800000000000001,0.04914868290784801,True
V2R-PS,p032,f_blood,0.8,0.08000000000000002,0.04877708651507643,True
V2R-PS,p032,f_blood,0.8200000000000001,0.08200000000000002,0.048441543986578316,True
V2R-PS,p032,f_blood,0.84,0.084,0.048140733953392995,True
V2R-PS,p032,f_blood,0.86,0.08600000000000001,0.04787336999004453,True
V2R-PS,p032,f_blood,0.88,0.08800000000000001,0.047638198153613046,True
V2R-PS,p032,f_blood,0.9,0.09000000000000001,0.047433995100281436,True
V2R-PS,p032,f_blood,0.92,0.09200000000000001,0.047259566692066,True
V2R-PS,p032,f_blood,0.9400000000000001,0.09400000000000001,0.04711374701383321,True
V2R-PS,p032,f_blood,0.96,0.096,0.04699539772771256,True
V2R-PS,p032,f_blood,0.98,0.098,0.046903407698772846,True
V2R-PS,p032,f_blood,1.0,0.1,0.04683669283241693,True
V2R-PS,p033,f_mel,0.0,0.0,0.5969489446997597,True
V2R-PS,p033,f_mel,0.02,0.0086,0.5097272727940207,True
V2R-PS,p033,f_mel,0.04,0.0172,0.42638515895966345,True
V2R-PS,p033,f_mel,0.06,0.0258,0.34675567341776753,True
V2R-PS,p033,f_mel,0.08,0.0344,0.27078468655840726,True
V2R-PS,p033,f_mel,0.1,0.043000000000000003,0.19866794570715596,True
V2R-PS,p033,f_mel,0.12,0.0516,0.13140147206340605,True
V2R-PS,p033,f_mel,0.14,0.060200000000000004,0.07394845518506463,True
V2R-PS,p033,f_mel,0.16,0.0688,0.04480732492102699,True
V2R-PS,p033,f_mel,0.17495022902356158,0.07522859848013148,0.037042224477244874,True
V2R-PS,p033,f_mel,0.18,0.0774,0.038044981007930925,True
V2R-PS,p033,f_mel,0.2,0.08600000000000001,0.05751120157360837,True
V2R-PS,p033,f_mel,0.22,0.0946,0.08917368563663385,True
V2R-PS,p033,f_mel,0.24,0.1032,0.12611529840351254,True
V2R-PS,p033,f_mel,0.26,0.1118,0.16727083368252527,True
V2R-PS,p033,f_mel,0.28,0.12040000000000001,0.21552056154742105,True
V2R-PS,p033,f_mel,0.3,0.129,0.2675552984518127,True
V2R-PS,p033,f_mel,0.32,0.1376,0.32044868350740463,True
V2R-PS,p033,f_mel,0.34,0.1462,0.372999416400952,True
V2R-PS,p033,f_mel,0.36,0.1548,0.42467817848368544,True
V2R-PS,p033,f_mel,0.38,0.1634,0.4752442271028183,True
V2R-PS,p033,f_mel,0.4,0.17200000000000001,0.5245923970198735,True
V2R-PS,p033,f_mel,0.42,0.18059999999999998,0.5726857455223588,True
V2R-PS,p033,f_mel,0.44,0.1892,0.6195233062369647,True
V2R-PS,p033,f_mel,0.46,0.1978,0.6651235694673866,True
V2R-PS,p033,f_mel,0.48,0.2064,0.709515555797021,True
V2R-PS,p033,f_mel,0.5,0.215,0.7527337918355679,True
V2R-PS,p033,f_mel,0.52,0.2236,0.7948153972869529,True
V2R-PS,p033,f_mel,0.54,0.23220000000000002,0.835798363876717,True
V2R-PS,p033,f_mel,0.56,0.24080000000000001,0.8757205306811123,True
V2R-PS,p033,f_mel,0.58,0.24939999999999998,0.9146189778453098,True
V2R-PS,p033,f_mel,0.6,0.258,0.9525296770361934,True
V2R-PS,p033,f_mel,0.62,0.2666,0.989487301886455,True
V2R-PS,p033,f_mel,0.64,0.2752,1.0255251390396156,True
V2R-PS,p033,f_mel,0.66,0.2838,1.0606750625811332,True
V2R-PS,p033,f_mel,0.68,0.2924,1.0949675481389165,True
V2R-PS,p033,f_mel,0.7000000000000001,0.30100000000000005,1.1284317113402083,True
V2R-PS,p033,f_mel,0.72,0.3096,1.1610953606458085,True
V2R-PS,p033,f_mel,0.74,0.3182,1.1929850580247774,True
V2R-PS,p033,f_mel,0.76,0.3268,1.2241261831853496,True
V2R-PS,p033,f_mel,0.78,0.33540000000000003,1.2545429985689276,True
V2R-PS,p033,f_mel,0.8,0.34400000000000003,1.28425871330996,True
V2R-PS,p033,f_mel,0.8200000000000001,0.3526,1.3132955450339983,True
V2R-PS,p033,f_mel,0.84,0.36119999999999997,1.3416747788178736,True
V2R-PS,p033,f_mel,0.86,0.36979999999999996,1.3694168229407588,True
V2R-PS,p033,f_mel,0.88,0.3784,1.3965412612598869,True
V2R-PS,p033,f_mel,0.9,0.387,1.4230669021814384,True
V2R-PS,p033,f_mel,0.92,0.3956,1.4490118242868653,True
V2R-PS,p033,f_mel,0.9400000000000001,0.4042,1.4743934187316052,True
V2R-PS,p033,f_mel,0.96,0.4128,1.4992284285713786,True
V2R-PS,p033,f_mel,0.98,0.4214,1.5235329851826522,True
V2R-PS,p033,f_mel,1.0,0.43,1.5473226419679211,True
V2R-PS,p033,f_blood,0.0,0.0,0.11885584740441088,True
V2R-PS,p033,f_blood,0.02,0.002,0.10602249512254679,True
V2R-PS,p033,f_blood,0.04,0.004,0.09667883628047112,True
V2R-PS,p033,f_blood,0.06,0.006,0.08916610149475278,True
V2R-PS,p033,f_blood,0.08,0.008,0.0828355093916682,True
V2R-PS,p033,f_blood,0.1,0.010000000000000002,0.07735422460577013,True
V2R-PS,p033,f_blood,0.12,0.012,0.072525590604385,True
V2R-PS,p033,f_blood,0.14,0.014000000000000002,0.06822275596341212,True
V2R-PS,p033,f_blood,0.16,0.016,0.06435888541259706,True
V2R-PS,p033,f_blood,0.18,0.018,0.06087196408741251,True
V2R-PS,p033,f_blood,0.2,0.020000000000000004,0.0577162958343778,True
V2R-PS,p033,f_blood,0.22,0.022000000000000002,0.05485739441335263,True
V2R-PS,p033,f_blood,0.24,0.024,0.05226872751651618,True
V2R-PS,p033,f_blood,0.26,0.026000000000000002,0.04992953217083479,True
V2R-PS,p033,f_blood,0.28,0.028000000000000004,0.04782327826755809,True
V2R-PS,p033,f_blood,0.3,0.03,0.0459365393643664,True
V2R-PS,p033,f_blood,0.32,0.032,0.04425812917770493,True
V2R-PS,p033,f_blood,0.34,0.034,0.04277841959356859,True
V2R-PS,p033,f_blood,0.36,0.036,0.041488791023589794,True
V2R-PS,p033,f_blood,0.38,0.038000000000000006,0.040381187987485856,True
V2R-PS,p033,f_blood,0.4,0.04000000000000001,0.03944776656050441,True
V2R-PS,p033,f_blood,0.42,0.042,0.03868062809359479,True
V2R-PS,p033,f_blood,0.44,0.044000000000000004,0.038071636693279544,True
V2R-PS,p033,f_blood,0.46,0.046000000000000006,0.03761231738499268,True
V2R-PS,p033,f_blood,0.48,0.048,0.037293828852923705,True
V2R-PS,p033,f_blood,0.5,0.05,0.03710700051860855,True
V2R-PS,p033,f_blood,0.52,0.052000000000000005,0.03704241987373132,True
V2R-PS,p033,f_blood,0.5211796156047384,0.05211796156047384,0.0370422244772449,True
V2R-PS,p033,f_blood,0.54,0.054000000000000006,0.037090553532807956,True
V2R-PS,p033,f_blood,0.56,0.05600000000000001,0.03724188501769778,True
V2R-PS,p033,f_blood,0.58,0.057999999999999996,0.037487053833295085,True
V2R-PS,p033,f_blood,0.6,0.06,0.037816983461446234,True
V2R-PS,p033,f_blood,0.62,0.062,0.03822298975314781,True
V2R-PS,p033,f_blood,0.64,0.064,0.038696865097980274,True
V2R-PS,p033,f_blood,0.66,0.066,0.03923093713107437,True
V2R-PS,p033,f_blood,0.68,0.068,0.03981810328982684,True
V2R-PS,p033,f_blood,0.7000000000000001,0.07,0.04045184417922227,True
V2R-PS,p033,f_blood,0.72,0.072,0.041126219538520366,True
V2R-PS,p033,f_blood,0.74,0.074,0.0418358508040817,True
V2R-PS,p033,f_blood,0.76,0.07600000000000001,0.04257589403595406,True
V2R-PS,p033,f_blood,0.78,0.07800000000000001,0.04334200650141559,True
V2R-PS,p033,f_blood,0.8,0.08000000000000002,0.04413030962815967,True
V2R-PS,p033,f_blood,0.8200000000000001,0.08200000000000002,0.04493735045005051,True
V2R-PS,p033,f_blood,0.84,0.084,0.04576006312754461,True
V2R-PS,p033,f_blood,0.86,0.08600000000000001,0.04659573166172761,True
V2R-PS,p033,f_blood,0.88,0.08800000000000001,0.047441954544197515,True
V2R-PS,p033,f_blood,0.9,0.09000000000000001,0.04829661179137679,True
V2R-PS,p033,f_blood,0.92,0.09200000000000001,0.049157834591521135,True
V2R-PS,p033,f_blood,0.9400000000000001,0.09400000000000001,0.050023977633560965,True
V2R-PS,p033,f_blood,0.96,0.096,0.05089359407664828,True
V2R-PS,p033,f_blood,0.98,0.098,0.05176541304674368,True
V2R-PS,p033,f_blood,1.0,0.1,0.052638319502268806,True
V2R-PS,p034,f_mel,0.0,0.0,0.4789673272972647,True
V2R-PS,p034,f_mel,0.02,0.0086,0.39255037580088853,True
V2R-PS,p034,f_mel,0.04,0.0172,0.3105809248267273,True
V2R-PS,p034,f_mel,0.06,0.0258,0.23336724057406777,True
V2R-PS,p034,f_mel,0.08,0.0344,0.16221099368321962,True
V2R-PS,p034,f_mel,0.1,0.043000000000000003,0.10224061498846541,True
V2R-PS,p034,f_mel,0.12,0.0516,0.06901086435913868,True
V2R-PS,p034,f_mel,0.14,0.060200000000000004,0.0540381939240059,True
V2R-PS,p034,f_mel,0.14314682025687367,0.06155313271045568,0.05370547700799403,True
V2R-PS,p034,f_mel,0.16,0.0688,0.0628687796959118,True
V2R-PS,p034,f_mel,0.18,0.0774,0.09068899176032962,True
V2R-PS,p034,f_mel,0.2,0.08600000000000001,0.12757205627252582,True
V2R-PS,p034,f_mel,0.22,0.0946,0.17003140992330848,True
V2R-PS,p034,f_mel,0.24,0.1032,0.22022184897748087,True
V2R-PS,p034,f_mel,0.26,0.1118,0.2751140623941437,True
V2R-PS,p034,f_mel,0.28,0.12040000000000001,0.33110800068114365,True
V2R-PS,p034,f_mel,0.3,0.129,0.3867599995630241,True
V2R-PS,p034,f_mel,0.32,0.1376,0.4414492806356342,True
V2R-PS,p034,f_mel,0.34,0.1462,0.49490072428194276,True
V2R-PS,p034,f_mel,0.36,0.1548,0.5469984185166277,True
V2R-PS,p034,f_mel,0.38,0.1634,0.5977051017259815,True
V2R-PS,p034,f_mel,0.4,0.17200000000000001,0.6470242112626032,True
V2R-PS,p034,f_mel,0.42,0.18059999999999998,0.6949807161797954,True
V2R-PS,p034,f_mel,0.44,0.1892,0.7416108979971522,True
V2R-PS,p034,f_mel,0.46,0.1978,0.7869566760567154,True
V2R-PS,p034,f_mel,0.48,0.2064,0.8310623657599543,True
V2R-PS,p034,f_mel,0.5,0.215,0.8739727963283284,True
V2R-PS,p034,f_mel,0.52,0.2236,0.9157322149678553,True
V2R-PS,p034,f_mel,0.54,0.23220000000000002,0.9563836584182565,True
V2R-PS,p034,f_mel,0.56,0.24080000000000001,0.9959686079256241,True
V2R-PS,p034,f_mel,0.58,0.24939999999999998,1.034526818379754,True
V2R-PS,p034,f_mel,0.6,0.258,1.0720962551024669,True
V2R-PS,p034,f_mel,0.62,0.2666,1.1087130969738366,True
V2R-PS,p034,f_mel,0.64,0.2752,1.1444117798279667,True
V2R-PS,p034,f_mel,0.66,0.2838,1.1792250634783217,True
V2R-PS,p034,f_mel,0.68,0.2924,1.2131841116758093,True
V2R-PS,p034,f_mel,0.7000000000000001,0.30100000000000005,1.2463185781091939,True
V2R-PS,p034,f_mel,0.72,0.3096,1.2786566940274802,True
V2R-PS,p034,f_mel,0.74,0.3182,1.3102253546833045,True
V2R-PS,p034,f_mel,0.76,0.3268,1.3410502028659417,True
V2R-PS,p034,f_mel,0.78,0.33540000000000003,1.3711557085020012,True
V2R-PS,p034,f_mel,0.8,0.34400000000000003,1.4005652437727873,True
V2R-PS,p034,f_mel,0.8200000000000001,0.3526,1.4293011535087594,True
V2R-PS,p034,f_mel,0.84,0.36119999999999997,1.4573848208256124,True
V2R-PS,p034,f_mel,0.86,0.36979999999999996,1.48483672809792,True
V2R-PS,p034,f_mel,0.88,0.3784,1.5116765134486148,True
V2R-PS,p034,f_mel,0.9,0.387,1.5379230229792609,True
V2R-PS,p034,f_mel,0.92,0.3956,1.5635943589987125,True
V2R-PS,p034,f_mel,0.9400000000000001,0.4042,1.5887079245052975,True
V2R-PS,p034,f_mel,0.96,0.4128,1.6132804641943252,True
V2R-PS,p034,f_mel,0.98,0.4214,1.6373281022442931,True
V2R-PS,p034,f_mel,1.0,0.43,1.6608663771309073,True
V2R-PS,p034,f_blood,0.0,0.0,0.12584516944844162,True
V2R-PS,p034,f_blood,0.02,0.002,0.11272474712505051,True
V2R-PS,p034,f_blood,0.04,0.004,0.10328069297830038,True
V2R-PS,p034,f_blood,0.06,0.006,0.09578558401169679,True
V2R-PS,p034,f_blood,0.08,0.008,0.08956281708441179,True
V2R-PS,p034,f_blood,0.1,0.010000000000000002,0.08426466302568184,True
V2R-PS,p034,f_blood,0.12,0.012,0.07968513441767855,True
V2R-PS,p034,f_blood,0.14,0.014000000000000002,0.07569076484065362,True
V2R-PS,p034,f_blood,0.16,0.016,0.07218945556447273,True
V2R-PS,p034,f_blood,0.18,0.018,0.0691145245436434,True
V2R-PS,p034,f_blood,0.2,0.020000000000000004,0.06641574420075755,True
V2R-PS,p034,f_blood,0.22,0.022000000000000002,0.06405393814740554,True
V2R-PS,p034,f_blood,0.24,0.024,0.06199754070674093,True
V2R-PS,p034,f_blood,0.26,0.026000000000000002,0.06022031318212082,True
V2R-PS,p034,f_blood,0.28,0.028000000000000004,0.05869978278182672,True
V2R-PS,p034,f_blood,0.3,0.03,0.057416157470563986,True
V2R-PS,p034,f_blood,0.32,0.032,0.056351569219966396,True
V2R-PS,p034,f_blood,0.34,0.034,0.05548955250880189,True
V2R-PS,p034,f_blood,0.36,0.036,0.054814695465671234,True
V2R-PS,p034,f_blood,0.38,0.038000000000000006,0.054312418634506046,True
V2R-PS,p034,f_blood,0.4,0.04000000000000001,0.05396884694461997,True
V2R-PS,p034,f_blood,0.42,0.042,0.053770747454580506,True
V2R-PS,p034,f_blood,0.44,0.044000000000000004,0.05370551068675971,True
V2R-PS,p034,f_blood,0.44047258426305186,0.04404725842630519,0.05370547700799402,True
V2R-PS,p034,f_blood,0.46,0.046000000000000006,0.05376115783022877,True
V2R-PS,p034,f_blood,0.48,0.048,0.05392636014891574,True
V2R-PS,p034,f_blood,0.5,0.05,0.05419046065316408,True
V2R-PS,p034,f_blood,0.52,0.052000000000000005,0.054543491395225116,True
V2R-PS,p034,f_blood,0.54,0.054000000000000006,0.054976182526215375,True
V2R-PS,p034,f_blood,0.56,0.05600000000000001,0.05547996143671157,True
V2R-PS,p034,f_blood,0.58,0.057999999999999996,0.056046941890943364,True
V2R-PS,p034,f_blood,0.6,0.06,0.05666990410804998,True
V2R-PS,p034,f_blood,0.62,0.062,0.057342267333454024,True
V2R-PS,p034,f_blood,0.64,0.064,0.05805805668534715,True
V2R-PS,p034,f_blood,0.66,0.066,0.05881186605966099,True
V2R-PS,p034,f_blood,0.68,0.068,0.0595988187221382,True
V2R-PS,p034,f_blood,0.7000000000000001,0.07,0.06041452697955574,True
V2R-PS,p034,f_blood,0.72,0.072,0.06125505205546198,True
V2R-PS,p034,f_blood,0.74,0.074,0.06211686503314235,True
V2R-PS,p034,f_blood,0.76,0.07600000000000001,0.06299680949012273,True
V2R-PS,p034,f_blood,0.78,0.07800000000000001,0.06389206624426422,True
V2R-PS,p034,f_blood,0.8,0.08000000000000002,0.06480012046433574,True
V2R-PS,p034,f_blood,0.8200000000000001,0.08200000000000002,0.06571873126649919,True
V2R-PS,p034,f_blood,0.84,0.084,0.06664590381864464,True
V2R-PS,p034,f_blood,0.86,0.08600000000000001,0.06757986390222624,True
V2R-PS,p034,f_blood,0.88,0.08800000000000001,0.0685190348311625,True
V2R-PS,p034,f_blood,0.9,0.09000000000000001,0.06946201659492739,True
V2R-PS,p034,f_blood,0.92,0.09200000000000001,0.07040756707401137,True
V2R-PS,p034,f_blood,0.9400000000000001,0.09400000000000001,0.07135458516708543,True
V2R-PS,p034,f_blood,0.96,0.096,0.07230209566769236,True
V2R-PS,p034,f_blood,0.98,0.098,0.0732492357318474,True
V2R-PS,p034,f_blood,1.0,0.1,0.0741952427849184,True
V2R-PS,p037,f_mel,0.0,0.0,0.6411644674100889,True
V2R-PS,p037,f_mel,0.02,0.0086,0.5543107804559365,True
V2R-PS,p037,f_mel,0.04,0.0172,0.471372803668549,True
V2R-PS,p037,f_mel,0.06,0.0258,0.39216286214455554,True
V2R-PS,p037,f_mel,0.08,0.0344,0.3165865295826934,True
V2R-PS,p037,f_mel,0.1,0.043000000000000003,0.2447206152345319,True
V2R-PS,p037,f_mel,0.12,0.0516,0.1770702132694669,True
V2R-PS,p037,f_mel,0.14,0.060200000000000004,0.11561026676847515,True
V2R-PS,p037,f_mel,0.16,0.0688,0.069335120831777,True
V2R-PS,p037,f_mel,0.18,0.0774,0.04734065758257129,True
V2R-PS,p037,f_mel,0.19378942021521245,0.08332945069254136,0.041376716062523244,True
V2R-PS,p037,f_mel,0.2,0.08600000000000001,0.042710151478296716,True
V2R-PS,p037,f_mel,0.22,0.0946,0.061733401754161046,True
V2R-PS,p037,f_mel,0.24,0.1032,0.09283149144504407,True
V2R-PS,p037,f_mel,0.26,0.1118,0.12981368523814235,True
V2R-PS,p037,f_mel,0.28,0.12040000000000001,0.17316058883710103,True
V2R-PS,p037,f_mel,0.3,0.129,0.22307439547861635,True
V2R-PS,p037,f_mel,0.32,0.1376,0.274941489919157,True
V2R-PS,p037,f_mel,0.34,0.1462,0.32688063586851523,True
V2R-PS,p037,f_mel,0.36,0.1548,0.3781242135158773,True
V2R-PS,p037,f_mel,0.38,0.1634,0.42833801366343494,True
V2R-PS,p037,f_mel,0.4,0.17200000000000001,0.4773765220709787,True
V2R-PS,p037,f_mel,0.42,0.18059999999999998,0.525183987297492,True
V2R-PS,p037,f_mel,0.44,0.1892,0.5717501161363496,True
V2R-PS,p037,f_mel,0.46,0.1978,0.617088530581135,True
V2R-PS,p037,f_mel,0.48,0.2064,0.6612255946766562,True
V2R-PS,p037,f_mel,0.5,0.215,0.7041943255964741,True
V2R-PS,p037,f_mel,0.52,0.2236,0.7460309517933524,True
V2R-PS,p037,f_mel,0.54,0.23220000000000002,0.7867729186922705,True
V2R-PS,p037,f_mel,0.56,0.24080000000000001,0.82645771818373,True
V2R-PS,p037,f_mel,0.58,0.24939999999999998,0.8651222022346367,True
V2R-PS,p037,f_mel,0.6,0.258,0.9028021881924965,True
V2R-PS,p037,f_mel,0.62,0.2666,0.9395322431216915,True
V2R-PS,p037,f_mel,0.64,0.2752,0.9753455793347209,True
V2R-PS,p037,f_mel,0.66,0.2838,1.0102740193101971,True
V2R-PS,p037,f_mel,0.68,0.2924,1.0443480037361716,True
V2R-PS,p037,f_mel,0.7000000000000001,0.30100000000000005,1.0775966259337468,True
V2R-PS,p037,f_mel,0.72,0.3096,1.110047681865987,True
V2R-PS,p037,f_mel,0.74,0.3182,1.1417277287256842,True
V2R-PS,p037,f_mel,0.76,0.3268,1.1726621475452244,True
V2R-PS,p037,f_mel,0.78,0.33540000000000003,1.202875206876117,True
V2R-PS,p037,f_mel,0.8,0.34400000000000003,1.2323901256470535,True
V2R-PS,p037,f_mel,0.8200000000000001,0.3526,1.261229134016742,True
V2R-PS,p037,f_mel,0.84,0.36119999999999997,1.289413531511353,True
V2R-PS,p037,f_mel,0.86,0.36979999999999996,1.3169637420539366,True
V2R-PS,p037,f_mel,0.88,0.3784,1.3438993657054814,True
V2R-PS,p037,f_mel,0.9,0.387,1.370239227078204,True
V2R-PS,p037,f_mel,0.92,0.3956,1.3960014204738842,True
V2R-PS,p037,f_mel,0.9400000000000001,0.4042,1.421203351858058,True
V2R-PS,p037,f_mel,0.96,0.4128,1.4458617778191227,True
V2R-PS,p037,f_mel,0.98,0.4214,1.4699928416774615,True
V2R-PS,p037,f_mel,1.0,0.43,1.4936121069230406,True
V2R-PS,p037,f_blood,0.0,0.0,0.10662755143226604,True
V2R-PS,p037,f_blood,0.02,0.002,0.09480659697051474,True
V2R-PS,p037,f_blood,0.04,0.004,0.08628312611031307,True
V2R-PS,p037,f_blood,0.06,0.006,0.07950478970804416,True
V2R-PS,p037,f_blood,0.08,0.008,0.07386447498807626,True
V2R-PS,p037,f_blood,0.1,0.010000000000000002,0.06905088149743306,True
V2R-PS,p037,f_blood,0.12,0.012,0.06488023781447612,True
V2R-PS,p037,f_blood,0.14,0.014000000000000002,0.061234067269988375,True
V2R-PS,p037,f_blood,0.16,0.016,0.05803117522461205,True
V2R-PS,p037,f_blood,0.18,0.018,0.055213290415666194,True
V2R-PS,p037,f_blood,0.2,0.020000000000000004,0.052736973135114294,True
V2R-PS,p037,f_blood,0.22,0.022000000000000002,0.050568706821121294,True
V2R-PS,p037,f_blood,0.24,0.024,0.048681740588843836,True
V2R-PS,p037,f_blood,0.26,0.026000000000000002,0.0470539628636935,True
V2R-PS,p037,f_blood,0.28,0.028000000000000004,0.04566642280015394,True
V2R-PS,p037,f_blood,0.3,0.03,0.044502286017490116,True
V2R-PS,p037,f_blood,0.32,0.032,0.043546100556826936,True
V2R-PS,p037,f_blood,0.34,0.034,0.04278329652076581,True
V2R-PS,p037,f_blood,0.36,0.036,0.04219986754500358,True
V2R-PS,p037,f_blood,0.38,0.038000000000000006,0.04178219435937921,True
V2R-PS,p037,f_blood,0.4,0.04000000000000001,0.041516976392935584,True
V2R-PS,p037,f_blood,0.42,0.042,0.04139124054333666,True
V2R-PS,p037,f_blood,0.4297245252462015,0.042972452524620154,0.04137671606252328,True
V2R-PS,p037,f_blood,0.44,0.044000000000000004,0.04139239916756252,True
V2R-PS,p037,f_blood,0.46,0.046000000000000006,0.0415083331281563,True
V2R-PS,p037,f_blood,0.48,0.048,0.04172748049261377,True
V2R-PS,p037,f_blood,0.5,0.05,0.04203891680828661,True
V2R-PS,p037,f_blood,0.52,0.052000000000000005,0.04243241812310083,True
V2R-PS,p037,f_blood,0.54,0.054000000000000006,0.042898502518598995,True
V2R-PS,p037,f_blood,0.56,0.05600000000000001,0.04342844950703529,True
V2R-PS,p037,f_blood,0.58,0.057999999999999996,0.04401429910627576,True
V2R-PS,p037,f_blood,0.6,0.06,0.0446488338308352,True
V2R-PS,p037,f_blood,0.62,0.062,0.04532554742682278,True
V2R-PS,p037,f_blood,0.64,0.064,0.04603860417452269,True
V2R-PS,p037,f_blood,0.66,0.066,0.046782792211233194,True
V2R-PS,p037,f_blood,0.68,0.068,0.047553473771265904,True
V2R-PS,p037,f_blood,0.7000000000000001,0.07,0.04834653462979038,True
V2R-PS,p037,f_blood,0.72,0.072,0.049158334454694905,True
V2R-PS,p037,f_blood,0.74,0.074,0.04998565926015588,True
V2R-PS,p037,f_blood,0.76,0.07600000000000001,0.05082567673491805,True
V2R-PS,p037,f_blood,0.78,0.07800000000000001,0.051675894888272796,True
V2R-PS,p037,f_blood,0.8,0.08000000000000002,0.052534124208989,True
V2R-PS,p037,f_blood,0.8200000000000001,0.08200000000000002,0.05339844335441744,True
V2R-PS,p037,f_blood,0.84,0.084,0.05426716826513321,True
V2R-PS,p037,f_blood,0.86,0.08600000000000001,0.05513882452214095,True
V2R-PS,p037,f_blood,0.88,0.08800000000000001,0.0560121227178829,True
V2R-PS,p037,f_blood,0.9,0.09000000000000001,0.05688593659006866,True
V2R-PS,p037,f_blood,0.92,0.09200000000000001,0.05775928366159876,True
V2R-PS,p037,f_blood,0.9400000000000001,0.09400000000000001,0.05863130813514826,True
V2R-PS,p037,f_blood,0.96,0.096,0.059501265803300105,True
V2R-PS,p037,f_blood,0.98,0.098,0.060368510751529804,True
V2R-PS,p037,f_blood,1.0,0.1,0.0612324836498009,True
V2R-PS,p038,f_mel,0.0,0.0,0.9082402057092019,True
V2R-PS,p038,f_mel,0.02,0.0086,0.8222162686706082,True
V2R-PS,p038,f_mel,0.04,0.0172,0.739922780096699,True
V2R-PS,p038,f_mel,0.06,0.0258,0.6611151835729299,True
V2R-PS,p038,f_mel,0.08,0.0344,0.585582957112658,True
V2R-PS,p038,f_mel,0.1,0.043000000000000003,0.5131464115181853,True
V2R-PS,p038,f_mel,0.12,0.0516,0.4436577984439982,True
V2R-PS,p038,f_mel,0.14,0.060200000000000004,0.37700861785613676,True
V2R-PS,p038,f_mel,0.16,0.0688,0.31314885101409085,True
V2R-PS,p038,f_mel,0.18,0.0774,0.2521344361352873,True
V2R-PS,p038,f_mel,0.2,0.08600000000000001,0.19425426211748822,True
V2R-PS,p038,f_mel,0.22,0.0946,0.14042664497098387,True
V2R-PS,p038,f_mel,0.24,0.1032,0.09371219108401566,True
V2R-PS,p038,f_mel,0.26,0.1118,0.06522345754353827,True
V2R-PS,p038,f_mel,0.26622012161232744,0.1144746522933008,0.06363654304557706,True
V2R-PS,p038,f_mel,0.28,0.12040000000000001,0.06604870168578182,True
V2R-PS,p038,f_mel,0.3,0.129,0.07750725216548889,True
V2R-PS,p038,f_mel,0.32,0.1376,0.09631179592792566,True
V2R-PS,p038,f_mel,0.34,0.1462,0.1204426043381534,True
V2R-PS,p038,f_mel,0.36,0.1548,0.1488894431618671,True
V2R-PS,p038,f_mel,0.38,0.1634,0.18264359725600532,True
V2R-PS,p038,f_mel,0.4,0.17200000000000001,0.2220717194965336,True
V2R-PS,p038,f_mel,0.42,0.18059999999999998,0.26392933286427195,True
V2R-PS,p038,f_mel,0.44,0.1892,0.3065708394363349,True
V2R-PS,p038,f_mel,0.46,0.1978,0.3491875929346853,True
V2R-PS,p038,f_mel,0.48,0.2064,0.3913634950096373,True
V2R-PS,p038,f_mel,0.5,0.215,0.4328773888733065,True
V2R-PS,p038,f_mel,0.52,0.2236,0.4736109148268664,True
V2R-PS,p038,f_mel,0.54,0.23220000000000002,0.5135028137579336,True
V2R-PS,p038,f_mel,0.56,0.24080000000000001,0.5525248968243738,True
V2R-PS,p038,f_mel,0.58,0.24939999999999998,0.5906687416611257,True
V2R-PS,p038,f_mel,0.6,0.258,0.6279379976369835,True
V2R-PS,p038,f_mel,0.62,0.2666,0.6643437692645721,True
V2R-PS,p038,f_mel,0.64,0.2752,0.6999017613050436,True
V2R-PS,p038,f_mel,0.66,0.2838,0.7346304694155736,True
V2R-PS,p038,f_mel,0.68,0.2924,0.768550011036976,True
V2R-PS,p038,f_mel,0.7000000000000001,0.30100000000000005,0.8016813590222698,True
V2R-PS,p038,f_mel,0.72,0.3096,0.8340458345013325,True
V2R-PS,p038,f_mel,0.74,0.3182,0.8656647698999658,True
V2R-PS,p038,f_mel,0.76,0.3268,0.8965592854823343,True
V2R-PS,p038,f_mel,0.78,0.33540000000000003,0.9267501426528034,True
V2R-PS,p038,f_mel,0.8,0.34400000000000003,0.9562576497063672,True
V2R-PS,p038,f_mel,0.8200000000000001,0.3526,0.9851016036901586,True
V2R-PS,p038,f_mel,0.84,0.36119999999999997,1.0133012572414306,True
V2R-PS,p038,f_mel,0.86,0.36979999999999996,1.0408753027211224,True
V2R-PS,p038,f_mel,0.88,0.3784,1.0678418682901685,True
V2R-PS,p038,f_mel,0.9,0.387,1.0942185221667056,True
V2R-PS,p038,f_mel,0.92,0.3956,1.1200222824030985,True
V2R-PS,p038,f_mel,0.9400000000000001,0.4042,1.1452696302916834,True
V2R-PS,p038,f_mel,0.96,0.4128,1.1699765260519261,True
V2R-PS,p038,f_mel,0.98,0.4214,1.1941584258390294,True
V2R-PS,p038,f_mel,1.0,0.43,1.217830299391917,True
V2R-PS,p038,f_blood,0.0,0.0,0.12520650512358508,True
V2R-PS,p038,f_blood,0.02,0.002,0.11680115524612757,True
V2R-PS,p038,f_blood,0.04,0.004,0.11073820997190215,True
V2R-PS,p038,f_blood,0.06,0.006,0.10590620321229773,True
V2R-PS,p038,f_blood,0.08,0.008,0.10186602426169322,True
V2R-PS,p038,f_blood,0.1,0.010000000000000002,0.09839013741981592,True
V2R-PS,p038,f_blood,0.12,0.012,0.09534258081931318,True
V2R-PS,p038,f_blood,0.14,0.014000000000000002,0.09263445554672303,True
V2R-PS,p038,f_blood,0.16,0.016,0.09020387585322265,True
V2R-PS,p038,f_blood,0.18,0.018,0.08800571666733145,True
V2R-PS,p038,f_blood,0.2,0.020000000000000004,0.08600587476389289,True
V2R-PS,p038,f_blood,0.22,0.022000000000000002,0.08417782986320627,True
V2R-PS,p038,f_blood,0.24,0.024,0.08250047090750592,True
V2R-PS,p038,f_blood,0.26,0.026000000000000002,0.08095666162804942,True
V2R-PS,p038,f_blood,0.28,0.028000000000000004,0.07953225979185104,True
V2R-PS,p038,f_blood,0.3,0.03,0.07821542638973314,True
V2R-PS,p038,f_blood,0.32,0.032,0.07699612657326169,True
V2R-PS,p038,f_blood,0.34,0.034,0.07586576116825357,True
V2R-PS,p038,f_blood,0.36,0.036,0.07481688938852644,True
V2R-PS,p038,f_blood,0.38,0.038000000000000006,0.073843016673412,True
V2R-PS,p038,f_blood,0.4,0.04000000000000001,0.07293842994470208,True
V2R-PS,p038,f_blood,0.42,0.042,0.07209806799509394,True
V2R-PS,p038,f_blood,0.44,0.044000000000000004,0.07131741831037473,True
V2R-PS,p038,f_blood,0.46,0.046000000000000006,0.0705924340593879,True
V2R-PS,p038,f_blood,0.48,0.048,0.06991946666536793,True
V2R-PS,p038,f_blood,0.5,0.05,0.06929521055282659,True
V2R-PS,p038,f_blood,0.52,0.052000000000000005,0.06871665750743047,True
V2R-PS,p038,f_blood,0.54,0.054000000000000006,0.06818105869747851,True
V2R-PS,p038,f_blood,0.56,0.05600000000000001,0.06768589285453892,True
V2R-PS,p038,f_blood,0.58,0.057999999999999996,0.06722883944467858,True
V2R-PS,p038,f_blood,0.6,0.06,0.06680775591287912,True
V2R-PS,p038,f_blood,0.62,0.062,0.0664206582741739,True
V2R-PS,p038,f_blood,0.64,0.064,0.06606570447163997,True
V2R-PS,p038,f_blood,0.66,0.066,0.06574118003497982,True
V2R-PS,p038,f_blood,0.68,0.068,0.06544548566219939,True
V2R-PS,p038,f_blood,0.7000000000000001,0.07,0.06517712641683528,True
V2R-PS,p038,f_blood,0.72,0.072,0.06493470228869745,True
V2R-PS,p038,f_blood,0.74,0.074,0.06471689991046677,True
V2R-PS,p038,f_blood,0.76,0.07600000000000001,0.06452248525819387,True
V2R-PS,p038,f_blood,0.78,0.07800000000000001,0.06435029719264207,True
V2R-PS,p038,f_blood,0.8,0.08000000000000002,0.06419924172195264,True
V2R-PS,p038,f_blood,0.8200000000000001,0.08200000000000002,0.064068286885366,True
V2R-PS,p038,f_blood,0.84,0.084,0.06395645817357637,True
V2R-PS,p038,f_blood,0.86,0.08600000000000001,0.06386283441438752,True
V2R-PS,p038,f_blood,0.88,0.08800000000000001,0.06378654406319761,True
V2R-PS,p038,f_blood,0.9,0.09000000000000001,0.06372676184689488,True
V2R-PS,p038,f_blood,0.92,0.09200000000000001,0.06368270571730843,True
V2R-PS,p038,f_blood,0.9400000000000001,0.09400000000000001,0.0636536340767114,True
V2R-PS,p038,f_blood,0.96,0.096,0.0636388432432105,True
V2R-PS,p038,f_blood,0.9717364891126415,0.09717364891126416,0.06363654304557738,True
V2R-PS,p038,f_blood,0.98,0.098,0.0636376651283715,True
V2R-PS,p038,f_blood,1.0,0.1,0.0636494651032365,True
V2R-PS,p040,f_mel,0.0,0.0,0.5932188319093649,True
V2R-PS,p040,f_mel,0.02,0.0086,0.5065304569601987,True
V2R-PS,p040,f_mel,0.04,0.0172,0.4238499910296956,True
V2R-PS,p040,f_mel,0.06,0.0258,0.34502712055724816,True
V2R-PS,p040,f_mel,0.08,0.0344,0.2700639510225232,True
V2R-PS,p040,f_mel,0.1,0.043000000000000003,0.1993053183593929,True
V2R-PS,p040,f_mel,0.12,0.0516,0.13416453978603973,True
V2R-PS,p040,f_mel,0.14,0.060200000000000004,0.0807682425940018,True
V2R-PS,p040,f_mel,0.16,0.0688,0.05949577691109277,True
V2R-PS,p040,f_mel,0.16682792753400785,0.07173600883962337,0.05825258367747992,True
V2R-PS,p040,f_mel,0.18,0.0774,0.06285581329110551,True
V2R-PS,p040,f_mel,0.2,0.08600000000000001,0.08387297383432052,True
V2R-PS,p040,f_mel,0.22,0.0946,0.11439722679239336,True
V2R-PS,p040,f_mel,0.24,0.1032,0.15010419143692016,True
V2R-PS,p040,f_mel,0.26,0.1118,0.18960295039854,True
V2R-PS,p040,f_mel,0.28,0.12040000000000001,0.23387833385842,True
V2R-PS,p040,f_mel,0.3,0.129,0.2826666900458128,True
V2R-PS,p040,f_mel,0.32,0.1376,0.3330230292721442,True
V2R-PS,p040,f_mel,0.34,0.1462,0.3835400162042145,True
V2R-PS,p040,f_mel,0.36,0.1548,0.43353668631077324,True
V2R-PS,p040,f_mel,0.38,0.1634,0.48267229460874805,True
V2R-PS,p040,f_mel,0.4,0.17200000000000001,0.5307759659739393,True
V2R-PS,p040,f_mel,0.42,0.18059999999999998,0.5777665865939887,True
V2R-PS,p040,f_mel,0.44,0.1892,0.6236126182404145,True
V2R-PS,p040,f_mel,0.46,0.1978,0.6683107600726907,True
V2R-PS,p040,f_mel,0.48,0.2064,0.7118740656368518,True
V2R-PS,p040,f_mel,0.5,0.215,0.7543250637476843,True
V2R-PS,p040,f_mel,0.52,0.2236,0.7956916521883621,True
V2R-PS,p040,f_mel,0.54,0.23220000000000002,0.8360045892564681,True
V2R-PS,p040,f_mel,0.56,0.24080000000000001,0.8752959370025445,True
V2R-PS,p040,f_mel,0.58,0.24939999999999998,0.913598087172276,True
V2R-PS,p040,f_mel,0.6,0.258,0.9509431521222191,True
V2R-PS,p040,f_mel,0.62,0.2666,0.9873625885291459,True
V2R-PS,p040,f_mel,0.64,0.2752,1.0228869716529916,True
V2R-PS,p040,f_mel,0.66,0.2838,1.057545867892954,True
V2R-PS,p040,f_mel,0.68,0.2924,1.091367771824855,True
V2R-PS,p040,f_mel,0.7000000000000001,0.30100000000000005,1.1243800855120787,True
V2R-PS,p040,f_mel,0.72,0.3096,1.1566091253241648,True
V2R-PS,p040,f_mel,0.74,0.3182,1.1880801463514197,True
V2R-PS,p040,f_mel,0.76,0.3268,1.218817377717865,True
V2R-PS,p040,f_mel,0.78,0.33540000000000003,1.2488440642503482,True
V2R-PS,p040,f_mel,0.8,0.34400000000000003,1.2781825114232137,True
V2R-PS,p040,f_mel,0.8200000000000001,0.3526,1.3068541314980615,True
V2R-PS,p040,f_mel,0.84,0.36119999999999997,1.3348794894674931,True
V2R-PS,p040,f_mel,0.86,0.36979999999999996,1.36227834788945,True
V2R-PS,p040,f_mel,0.88,0.3784,1.3890697100308824,True
V2R-PS,p040,f_mel,0.9,0.387,1.4152718609733566,True
V2R-PS,p040,f_mel,0.92,0.3956,1.440902406471856,True
V2R-PS,p040,f_mel,0.9400000000000001,0.4042,1.4659783095456589,True
V2R-PS,p040,f_mel,0.96,0.4128,1.4905159247027229,True
V2R-PS,p040,f_mel,0.98,0.4214,1.5145310299418648,True
V2R-PS,p040,f_mel,1.0,0.43,1.5380388565569598,True
V2R-PS,p040,f_blood,0.0,0.0,0.14536978086092833,True
V2R-PS,p040,f_blood,0.02,0.002,0.13276157185717866,True
V2R-PS,p040,f_blood,0.04,0.004,0.12358411169856155,True
V2R-PS,p040,f_blood,0.06,0.006,0.11621250408340922,True
V2R-PS,p040,f_blood,0.08,0.008,0.11000738917362643,True
V2R-PS,p040,f_blood,0.1,0.010000000000000002,0.10463871148066556,True
V2R-PS,p040,f_blood,0.12,0.012,0.09991000904383737,True
V2R-PS,p040,f_blood,0.14,0.014000000000000002,0.0956933607716486,True
V2R-PS,p040,f_blood,0.16,0.016,0.09190012490575077,True
V2R-PS,p040,f_blood,0.18,0.018,0.08846599013717325,True
V2R-PS,p040,f_blood,0.2,0.020000000000000004,0.08534261155965284,True
V2R-PS,p040,f_blood,0.22,0.022000000000000002,0.08249259786655198,True
V2R-PS,p040,f_blood,0.24,0.024,0.079886340108649,True
V2R-PS,p040,f_blood,0.26,0.026000000000000002,0.07749991563271881,True
V2R-PS,p040,f_blood,0.28,0.028000000000000004,0.07531365148299256,True
V2R-PS,p040,f_blood,0.3,0.03,0.07331110927818553,True
V2R-PS,p040,f_blood,0.32,0.032,0.07147834910339965,True
V2R-PS,p040,f_blood,0.34,0.034,0.0698033838756961,True
V2R-PS,p040,f_blood,0.36,0.036,0.06827576736217815,True
V2R-PS,p040,f_blood,0.38,0.038000000000000006,0.0668862783586102,True
V2R-PS,p040,f_blood,0.4,0.04000000000000001,0.06562667567370391,True
V2R-PS,p040,f_blood,0.42,0.042,0.06448950638107023,True
V2R-PS,p040,f_blood,0.44,0.044000000000000004,0.06346795494317342,True
V2R-PS,p040,f_blood,0.46,0.046000000000000006,0.06255572425430253,True
V2R-PS,p040,f_blood,0.48,0.048,0.06174694198807895,True
V2R-PS,p040,f_blood,0.5,0.05,0.06103608724369165,True
V2R-PS,p040,f_blood,0.52,0.052000000000000005,0.06041793360557018,True
V2R-PS,p040,f_blood,0.54,0.054000000000000006,0.05988750552336792,True
V2R-PS,p040,f_blood,0.56,0.05600000000000001,0.05944004549057138,True
V2R-PS,p040,f_blood,0.58,0.057999999999999996,0.0590709899241617,True
V2R-PS,p040,f_blood,0.6,0.06,0.058775951974600234,True
V2R-PS,p040,f_blood,0.62,0.062,0.05855070975878909,True
V2R-PS,p040,f_blood,0.64,0.064,0.058391198730757654,True
V2R-PS,p040,f_blood,0.66,0.066,0.05829350709950558,True
V2R-PS,p040,f_blood,0.68,0.068,0.0582538733786909,True
V2R-PS,p040,f_blood,0.6843741233698676,0.06843741233698676,0.05825258367748162,True
V2R-PS,p040,f_blood,0.7000000000000001,0.07,0.058268685312694905,True
V2R-PS,p040,f_blood,0.72,0.072,0.058334479569493336,True
V2R-PS,p040,f_blood,0.74,0.074,0.05844794172277468,True
V2R-PS,p040,f_blood,0.76,0.07600000000000001,0.05860590616336078,True
V2R-PS,p040,f_blood,0.78,0.07800000000000001,0.05880535568261036,True
V2R-PS,p040,f_blood,0.8,0.08000000000000002,0.05904342055788744,True
V2R-PS,p040,f_blood,0.8200000000000001,0.08200000000000002,0.05931737704252356,True
V2R-PS,p040,f_blood,0.84,0.084,0.059624645220690504,True
V2R-PS,p040,f_blood,0.86,0.08600000000000001,0.05996278623231695,True
V2R-PS,p040,f_blood,0.88,0.08800000000000001,0.06032949890605224,True
V2R-PS,p040,f_blood,0.9,0.09000000000000001,0.06072261586090435,True
V2R-PS,p040,f_blood,0.92,0.09200000000000001,0.061140099151237345,True
V2R-PS,p040,f_blood,0.9400000000000001,0.09400000000000001,0.06158003553695153,True
V2R-PS,p040,f_blood,0.96,0.096,0.06204063146241715,True
V2R-PS,p040,f_blood,0.98,0.098,0.06252020782547477,True
V2R-PS,p040,f_blood,1.0,0.1,0.06301719461272279,True
V2R-PS,p041,f_mel,0.0,0.0,0.7460469695042862,True
V2R-PS,p041,f_mel,0.02,0.0086,0.6592402610192027,True
V2R-PS,p041,f_mel,0.04,0.0172,0.5763265341750293,True
V2R-PS,p041,f_mel,0.06,0.0258,0.4971030091815665,True
V2R-PS,p041,f_mel,0.08,0.0344,0.4214320013014365,True
V2R-PS,p041,f_mel,0.1,0.043000000000000003,0.34926656122017585,True
V2R-PS,p041,f_mel,0.12,0.0516,0.28071938382131456,True
V2R-PS,p041,f_mel,0.14,0.060200000000000004,0.2162495165077019,True
V2R-PS,p041,f_mel,0.16,0.0688,0.15723311046274205,True
V2R-PS,p041,f_mel,0.18,0.0774,0.10797206255027066,True
V2R-PS,p041,f_mel,0.2,0.08600000000000001,0.07976814707564969,True
V2R-PS,p041,f_mel,0.22,0.0946,0.06602683531104292,True
V2R-PS,p041,f_mel,0.22852268676987303,0.09826475531104541,0.06446331309179974,True
V2R-PS,p041,f_mel,0.24,0.1032,0.06738641217991521,True
V2R-PS,p041,f_mel,0.26,0.1118,0.08480780411422803,True
V2R-PS,p041,f_mel,0.28,0.12040000000000001,0.11276278105417503,True
V2R-PS,p041,f_mel,0.3,0.129,0.147203220786771,True
V2R-PS,p041,f_mel,0.32,0.1376,0.1891299839512426,True
V2R-PS,p041,f_mel,0.34,0.1462,0.23613755232642258,True
V2R-PS,p041,f_mel,0.36,0.1548,0.2847055177220226,True
V2R-PS,p041,f_mel,0.38,0.1634,0.33336916022002755,True
V2R-PS,p041,f_mel,0.4,0.17200000000000001,0.3814744506832901,True
V2R-PS,p041,f_mel,0.42,0.18059999999999998,0.42871346764792856,True
V2R-PS,p041,f_mel,0.44,0.1892,0.47493993163152015,True
V2R-PS,p041,f_mel,0.46,0.1978,0.5200888833368051,True
V2R-PS,p041,f_mel,0.48,0.2064,0.5641386226280173,True
V2R-PS,p041,f_mel,0.5,0.215,0.6070913527536151,True
V2R-PS,p041,f_mel,0.52,0.2236,0.648962756655128,True
V2R-PS,p041,f_mel,0.54,0.23220000000000002,0.6897761212444088,True
V2R-PS,p041,f_mel,0.56,0.24080000000000001,0.7295589053439177,True
V2R-PS,p041,f_mel,0.58,0.24939999999999998,0.7683406810040255,True
V2R-PS,p041,f_mel,0.6,0.258,0.806151876139068,True
V2R-PS,p041,f_mel,0.62,0.2666,0.8430229994410411,True
V2R-PS,p041,f_mel,0.64,0.2752,0.8789841630115701,True
V2R-PS,p041,f_mel,0.66,0.2838,0.914064792537024,True
V2R-PS,p041,f_mel,0.68,0.2924,0.9482934574339674,True
V2R-PS,p041,f_mel,0.7000000000000001,0.30100000000000005,0.9816977785507142,True
V2R-PS,p041,f_mel,0.72,0.3096,1.014304386273939,True
V2R-PS,p041,f_mel,0.74,0.3182,1.0461389113717323,True
V2R-PS,p041,f_mel,0.76,0.3268,1.0772259969199809,True
V2R-PS,p041,f_mel,0.78,0.33540000000000003,1.107589323545875,True
V2R-PS,p041,f_mel,0.8,0.34400000000000003,1.137251642774436,True
V2R-PS,p041,f_mel,0.8200000000000001,0.3526,1.1662348149631308,True
V2R-PS,p041,f_mel,0.84,0.36119999999999997,1.1945598494544236,True
V2R-PS,p041,f_mel,0.86,0.36979999999999996,1.222246945355108,True
V2R-PS,p041,f_mel,0.88,0.3784,1.249315531885543,True
V2R-PS,p041,f_mel,0.9,0.387,1.2757843076106203,True
V2R-PS,p041,f_mel,0.92,0.3956,1.3016712781196071,True
V2R-PS,p041,f_mel,0.9400000000000001,0.4042,1.3269937918991435,True
V2R-PS,p041,f_mel,0.96,0.4128,1.3517685742663241,True
V2R-PS,p041,f_mel,0.98,0.4214,1.3760117593133214,True
V2R-PS,p041,f_mel,1.0,0.43,1.399738919872863,True
V2R-PS,p041,f_blood,0.0,0.0,0.11402298960101741,True
V2R-PS,p041,f_blood,0.02,0.002,0.10376366102488317,True
V2R-PS,p041,f_blood,0.04,0.004,0.09652800965243005,True
V2R-PS,p041,f_blood,0.06,0.006,0.09090946376391597,True
V2R-PS,p041,f_blood,0.08,0.008,0.08635147424882664,True
V2R-PS,p041,f_blood,0.1,0.010000000000000002,0.08256463049186924,True
V2R-PS,p041,f_blood,0.12,0.012,0.07937499609761396,True
V2R-PS,p041,f_blood,0.14,0.014000000000000002,0.07666784875889211,True
V2R-PS,p041,f_blood,0.16,0.016,0.07436233266593172,True
V2R-PS,p041,f_blood,0.18,0.018,0.07239850236391539,True
V2R-PS,p041,f_blood,0.2,0.020000000000000004,0.07073008432347871,True
V2R-PS,p041,f_blood,0.22,0.022000000000000002,0.06932015824272154,True
V2R-PS,p041,f_blood,0.24,0.024,0.06813844826886697,True
V2R-PS,p041,f_blood,0.26,0.026000000000000002,0.06715955664735408,True
V2R-PS,p041,f_blood,0.28,0.028000000000000004,0.06636177571008009,True
V2R-PS,p041,f_blood,0.3,0.03,0.06572626820532876,True
V2R-PS,p041,f_blood,0.32,0.032,0.06523648910183452,True
V2R-PS,p041,f_blood,0.34,0.034,0.06487776923214818,True
V2R-PS,p041,f_blood,0.36,0.036,0.0646370092219666,True
V2R-PS,p041,f_blood,0.38,0.038000000000000006,0.06450244952500882,True
V2R-PS,p041,f_blood,0.3987072103859949,0.03987072103859949,0.06446331309179996,True
V2R-PS,p041,f_blood,0.4,0.04000000000000001,0.06446349350536666,True
V2R-PS,p041,f_blood,0.42,0.042,0.064510567834011,True
V2R-PS,p041,f_blood,0.44,0.044000000000000004,0.06463500939618903,True
V2R-PS,p041,f_blood,0.46,0.046000000000000006,0.06482897127528424,True
V2R-PS,p041,f_blood,0.48,0.048,0.0650853427008007,True
V2R-PS,p041,f_blood,0.5,0.05,0.06539767945320302,True
V2R-PS,p041,f_blood,0.52,0.052000000000000005,0.06576014232521454,True
V2R-PS,p041,f_blood,0.54,0.054000000000000006,0.06616744199740682,True
V2R-PS,p041,f_blood,0.56,0.05600000000000001,0.06661478919996619,True
V2R-PS,p041,f_blood,0.58,0.057999999999999996,0.06709784937642985,True
V2R-PS,p041,f_blood,0.6,0.06,0.06761270129163464,True
V2R-PS,p041,f_blood,0.62,0.062,0.06815579917268445,True
V2R-PS,p041,f_blood,0.64,0.064,0.06872393806489653,True
V2R-PS,p041,f_blood,0.66,0.066,0.06931422214301945,True
V2R-PS,p041,f_blood,0.68,0.068,0.06992403575423618,True
V2R-PS,p041,f_blood,0.7000000000000001,0.07,0.07055101699221442,True
V2R-PS,p041,f_blood,0.72,0.072,0.07119303361636825,True
V2R-PS,p041,f_blood,0.74,0.074,0.0718481611411799,True
V2R-PS,p041,f_blood,0.76,0.07600000000000001,0.07251466292909087,True
V2R-PS,p041,f_blood,0.78,0.07800000000000001,0.07319097212838548,True
V2R-PS,p041,f_blood,0.8,0.08000000000000002,0.07387567530531437,True
V2R-PS,p041,f_blood,0.8200000000000001,0.08200000000000002,0.0745674976277362,True
V2R-PS,p041,f_blood,0.84,0.084,0.07526528946585354,True
V2R-PS,p041,f_blood,0.86,0.08600000000000001,0.07596801428412465,True
V2R-PS,p041,f_blood,0.88,0.08800000000000001,0.07667473770704043,True
V2R-PS,p041,f_blood,0.9,0.09000000000000001,0.07738461765003116,True
V2R-PS,p041,f_blood,0.92,0.09200000000000001,0.07809689541518647,True
V2R-PS,p041,f_blood,0.9400000000000001,0.09400000000000001,0.07881088765963105,True
V2R-PS,p041,f_blood,0.96,0.096,0.07952597915221221,True
V2R-PS,p041,f_blood,0.98,0.098,0.08024161624156097,True
V2R-PS,p041,f_blood,1.0,0.1,0.08095730096554572,True
V2R-PS,p042,f_mel,0.0,0.0,0.5711395371190162,True
V2R-PS,p042,f_mel,0.02,0.0086,0.48448200210051484,True
V2R-PS,p042,f_mel,0.04,0.0172,0.40197528850286,True
V2R-PS,p042,f_mel,0.06,0.0258,0.32355482073443737,True
V2R-PS,p042,f_mel,0.08,0.0344,0.24941214902971315,True
V2R-PS,p042,f_mel,0.1,0.043000000000000003,0.1803837737816965,True
V2R-PS,p042,f_mel,0.12,0.0516,0.11946941985578266,True
V2R-PS,p042,f_mel,0.14,0.060200000000000004,0.07837254909958934,True
V2R-PS,p042,f_mel,0.16,0.0688,0.05821789776714449,True
V2R-PS,p042,f_mel,0.17164197513144064,0.07380604930651948,0.054246132055616146,True
V2R-PS,p042,f_mel,0.18,0.0774,0.05640519908459279,True
V2R-PS,p042,f_mel,0.2,0.08600000000000001,0.07624951273996367,True
V2R-PS,p042,f_mel,0.22,0.0946,0.10826702897642947,True
V2R-PS,p042,f_mel,0.24,0.1032,0.14677090611597798,True
V2R-PS,p042,f_mel,0.26,0.1118,0.19174557846393603,True
V2R-PS,p042,f_mel,0.28,0.12040000000000001,0.2429824946339221,True
V2R-PS,p042,f_mel,0.3,0.129,0.2961289632450526,True
V2R-PS,p042,f_mel,0.32,0.1376,0.3493406365481353,True
V2R-PS,p042,f_mel,0.34,0.1462,0.4018370479968234,True
V2R-PS,p042,f_mel,0.36,0.1548,0.4532700616501611,True
V2R-PS,p042,f_mel,0.38,0.1634,0.5034854055191268,True
V2R-PS,p042,f_mel,0.4,0.17200000000000001,0.5524229289868275,True
V2R-PS,p042,f_mel,0.42,0.18059999999999998,0.6000708360192443,True
V2R-PS,p042,f_mel,0.44,0.1892,0.6464430311203173,True
V2R-PS,p042,f_mel,0.46,0.1978,0.6915672125446387,True
V2R-PS,p042,f_mel,0.48,0.2064,0.7354783180893845,True
V2R-PS,p042,f_mel,0.5,0.215,0.7782147921420467,True
V2R-PS,p042,f_mel,0.52,0.2236,0.8198164106448924,True
V2R-PS,p042,f_mel,0.54,0.23220000000000002,0.8603229996039425,True
V2R-PS,p042,f_mel,0.56,0.24080000000000001,0.899773681964604,True
V2R-PS,p042,f_mel,0.58,0.24939999999999998,0.9382064443879773,True
V2R-PS,p042,f_mel,0.6,0.258,0.975657901091937,True
V2R-PS,p042,f_mel,0.62,0.2666,1.0121631803965472,True
V2R-PS,p042,f_mel,0.64,0.2752,1.0477558879435742,True
V2R-PS,p042,f_mel,0.66,0.2838,1.0824681175736892,True
V2R-PS,p042,f_mel,0.68,0.2924,1.1163304913086252,True
V2R-PS,p042,f_mel,0.7000000000000001,0.30100000000000005,1.1493722164544848,True
V2R-PS,p042,f_mel,0.72,0.3096,1.181621152039415,True
V2R-PS,p042,f_mel,0.74,0.3182,1.2131038795204916,True
V2R-PS,p042,f_mel,0.76,0.3268,1.2438457744811222,True
V2R-PS,p042,f_mel,0.78,0.33540000000000003,1.2738710772241704,True
V2R-PS,p042,f_mel,0.8,0.34400000000000003,1.3032029609558915,True
V2R-PS,p042,f_mel,0.8200000000000001,0.3526,1.3318635967848464,True
V2R-PS,p042,f_mel,0.84,0.36119999999999997,1.359874215114521,True
V2R-PS,p042,f_mel,0.86,0.36979999999999996,1.3872551632450945,True
V2R-PS,p042,f_mel,0.88,0.3784,1.4140259591565014,True
V2R-PS,p042,f_mel,0.9,0.387,1.4402053415469658,True
V2R-PS,p042,f_mel,0.92,0.3956,1.4658113162645532,True
V2R-PS,p042,f_mel,0.9400000000000001,0.4042,1.4908611993123222,True
V2R-PS,p042,f_mel,0.96,0.4128,1.5153716566203228,True
V2R-PS,p042,f_mel,0.98,0.4214,1.5393587407975051,True
V2R-PS,p042,f_mel,1.0,0.43,1.5628379250699378,True
V2R-PS,p042,f_blood,0.0,0.0,0.11880757169782932,True
V2R-PS,p042,f_blood,0.02,0.002,0.10651514094643187,True
V2R-PS,p042,f_blood,0.04,0.004,0.09772812802291046,True
V2R-PS,p042,f_blood,0.06,0.006,0.09080066618830525,True
V2R-PS,p042,f_blood,0.08,0.008,0.0850877979952825,True
V2R-PS,p042,f_blood,0.1,0.010000000000000002,0.08025794686199966,True
V2R-PS,p042,f_blood,0.12,0.012,0.07611447855475319,True
V2R-PS,p042,f_blood,0.14,0.014000000000000002,0.07252967994541426,True
V2R-PS,p042,f_blood,0.16,0.016,0.06941505410176194,True
V2R-PS,p042,f_blood,0.18,0.018,0.06670612512236165,True
V2R-PS,p042,f_blood,0.2,0.020000000000000004,0.06435391865944036,True
V2R-PS,p042,f_blood,0.22,0.022000000000000002,0.06231984691938588,True
V2R-PS,p042,f_blood,0.24,0.024,0.06057247527713056,True
V2R-PS,p042,f_blood,0.26,0.026000000000000002,0.05908539999499187,True
V2R-PS,p042,f_blood,0.28,0.028000000000000004,0.05783581995926595,True
V2R-PS,p042,f_blood,0.3,0.03,0.05680356294063197,True
V2R-PS,p042,f_blood,0.32,0.032,0.05597042093558534,True
V2R-PS,p042,f_blood,0.34,0.034,0.05531970116323239,True
V2R-PS,p042,f_blood,0.36,0.036,0.054835929299462544,True
V2R-PS,p042,f_blood,0.38,0.038000000000000006,0.05450465974472813,True
V2R-PS,p042,f_blood,0.4,0.04000000000000001,0.05431235954677281,True
V2R-PS,p042,f_blood,0.42,0.042,0.054246340920868635,True
V2R-PS,p042,f_blood,0.42121140751863095,0.0421211407518631,0.05424613205561628,True
V2R-PS,p042,f_blood,0.44,0.044000000000000004,0.0542947236306497,True
V2R-PS,p042,f_blood,0.46,0.046000000000000006,0.0544464135492518,True
V2R-PS,p042,f_blood,0.48,0.048,0.05469108784247498,True
V2R-PS,p042,f_blood,0.5,0.05,0.055019180540234205,True
V2R-PS,p042,f_blood,0.52,0.052000000000000005,0.055421864858596244,True
V2R-PS,p042,f_blood,0.54,0.054000000000000006,0.0558910305655424,True
V2R-PS,p042,f_blood,0.56,0.05600000000000001,0.05641925602971844,True
V2R-PS,p042,f_blood,0.58,0.057999999999999996,0.05699977545068728,True
V2R-PS,p042,f_blood,0.6,0.06,0.05762644224714025,True
V2R-PS,p042,f_blood,0.62,0.062,0.05829368977826086,True
V2R-PS,p042,f_blood,0.64,0.064,0.05899649058291596,True
V2R-PS,p042,f_blood,0.66,0.066,0.059730315214798366,True
V2R-PS,p042,f_blood,0.68,0.068,0.060491091584400095,True
V2R-PS,p042,f_blood,0.7000000000000001,0.07,0.06127516552964031,True
V2R-PS,p042,f_blood,0.72,0.072,0.06207926315126249,True
V2R-PS,p042,f_blood,0.74,0.074,0.06290045528133834,True
V2R-PS,p042,f_blood,0.76,0.07600000000000001,0.0637361243103918,True
V2R-PS,p042,f_blood,0.78,0.07800000000000001,0.06458393348275179,True
V2R-PS,p042,f_blood,0.8,0.08000000000000002,0.06544179867964876,True
V2R-PS,p042,f_blood,0.8200000000000001,0.08200000000000002,0.06630786264249387,True
V2R-PS,p042,f_blood,0.84,0.084,0.06718047154122396,True
V2R-PS,p042,f_blood,0.86,0.08600000000000001,0.06805815376094486,True
V2R-PS,p042,f_blood,0.88,0.08800000000000001,0.06893960076099397,True
V2R-PS,p042,f_blood,0.9,0.09000000000000001,0.06982364985100029,True
V2R-PS,p042,f_blood,0.92,0.09200000000000001,0.07070926872606387,True
V2R-PS,p042,f_blood,0.9400000000000001,0.09400000000000001,0.07159554160577151,True
V2R-PS,p042,f_blood,0.96,0.096,0.07248165682783142,True
V2R-PS,p042,f_blood,0.98,0.098,0.07336689575538491,True
V2R-PS,p042,f_blood,1.0,0.1,0.07425062286663163,True
V2R-PS,p043,f_mel,0.0,0.0,0.5932215706661582,True
V2R-PS,p043,f_mel,0.02,0.0086,0.5063500021693644,True
V2R-PS,p043,f_mel,0.04,0.0172,0.42374902608886084,True
V2R-PS,p043,f_mel,0.06,0.0258,0.34547625678672544,True
V2R-PS,p043,f_mel,0.08,0.0344,0.2719193976937716,True
V2R-PS,p043,f_mel,0.1,0.043000000000000003,0.20424272494323387,True
V2R-PS,p043,f_mel,0.12,0.0516,0.1457939877743024,True
V2R-PS,p043,f_mel,0.14,0.060200000000000004,0.10601755289279602,True
V2R-PS,p043,f_mel,0.16,0.0688,0.08047542206705315,True
V2R-PS,p043,f_mel,0.18,0.0774,0.06584241879208169,True
V2R-PS,p043,f_mel,0.18502384711997072,0.0795602542615874,0.0651276134520441,True
V2R-PS,p043,f_mel,0.2,0.08600000000000001,0.07149192835219807,True
V2R-PS,p043,f_mel,0.22,0.0946,0.09607810044076857,True
V2R-PS,p043,f_mel,0.24,0.1032,0.1315947305440828,True
V2R-PS,p043,f_mel,0.26,0.1118,0.1758202991650137,True
V2R-PS,p043,f_mel,0.28,0.12040000000000001,0.22781008456704666,True
V2R-PS,p043,f_mel,0.3,0.129,0.2821223139604826,True
V2R-PS,p043,f_mel,0.32,0.1376,0.3365793176306093,True
V2R-PS,p043,f_mel,0.34,0.1462,0.3903075644360534,True
V2R-PS,p043,f_mel,0.36,0.1548,0.44293236622886945,True
V2R-PS,p043,f_mel,0.38,0.1634,0.4942930282790565,True
V2R-PS,p043,f_mel,0.4,0.17200000000000001,0.5443294188509269,True
V2R-PS,p043,f_mel,0.42,0.18059999999999998,0.5930317871445144,True
V2R-PS,p043,f_mel,0.44,0.1892,0.6404166014641719,True
V2R-PS,p043,f_mel,0.46,0.1978,0.686514120924325,True
V2R-PS,p043,f_mel,0.48,0.2064,0.7313616722791237,True
V2R-PS,p043,f_mel,0.5,0.215,0.7749998767237177,True
V2R-PS,p043,f_mel,0.52,0.2236,0.8174704804365024,True
V2R-PS,p043,f_mel,0.54,0.23220000000000002,0.8588150930840881,True
V2R-PS,p043,f_mel,0.56,0.24080000000000001,0.8990744572666102,True
V2R-PS,p043,f_mel,0.58,0.24939999999999998,0.9382880362799239,True
V2R-PS,p043,f_mel,0.6,0.258,0.9764937961766748,True
V2R-PS,p043,f_mel,0.62,0.2666,1.0137281077172855,True
V2R-PS,p043,f_mel,0.64,0.2752,1.0500257225103442,True
V2R-PS,p043,f_mel,0.66,0.2838,1.0854197947383377,True
V2R-PS,p043,f_mel,0.68,0.2924,1.119941930301851,True
V2R-PS,p043,f_mel,0.7000000000000001,0.30100000000000005,1.1536222517248205,True
V2R-PS,p043,f_mel,0.72,0.3096,1.186489471297934,True
V2R-PS,p043,f_mel,0.74,0.3182,1.2185709676037881,True
V2R-PS,p043,f_mel,0.76,0.3268,1.2498928623086702,True
V2R-PS,p043,f_mel,0.78,0.33540000000000003,1.2804800952539444,True
V2R-PS,p043,f_mel,0.8,0.34400000000000003,1.3103564966420846,True
V2R-PS,p043,f_mel,0.8200000000000001,0.3526,1.3395448556200316,True
V2R-PS,p043,f_mel,0.84,0.36119999999999997,1.3680669849006382,True
V2R-PS,p043,f_mel,0.86,0.36979999999999996,1.395943781287066,True
V2R-PS,p043,f_mel,0.88,0.3784,1.4231952821119376,True
V2R-PS,p043,f_mel,0.9,0.387,1.449840717697513,True
V2R-PS,p043,f_mel,0.92,0.3956,1.4758985600018582,True
V2R-PS,p043,f_mel,0.9400000000000001,0.4042,1.5013865676501865,True
V2R-PS,p043,f_mel,0.96,0.4128,1.5263218275678896,True
V2R-PS,p043,f_mel,0.98,0.4214,1.5507207934406662,True
V2R-PS,p043,f_mel,1.0,0.43,1.5745993212204077,True
V2R-PS,p043,f_blood,0.0,0.0,0.11128286871747838,True
V2R-PS,p043,f_blood,0.02,0.002,0.09964734031909553,True
V2R-PS,p043,f_blood,0.04,0.004,0.09162390724166522,True
V2R-PS,p043,f_blood,0.06,0.006,0.0855527964163973,True
V2R-PS,p043,f_blood,0.08,0.008,0.08077867361173466,True
V2R-PS,p043,f_blood,0.1,0.010000000000000002,0.07696030365428627,True
V2R-PS,p043,f_blood,0.12,0.012,0.07389113503386793,True
V2R-PS,p043,f_blood,0.14,0.014000000000000002,0.07143292357643918,True
V2R-PS,p043,f_blood,0.16,0.016,0.06948599388659542,True
V2R-PS,p043,f_blood,0.18,0.018,0.06797420795058744,True
V2R-PS,p043,f_blood,0.2,0.020000000000000004,0.06683673163332164,True
V2R-PS,p043,f_blood,0.22,0.022000000000000002,0.06602326882446288,True
V2R-PS,p043,f_blood,0.24,0.024,0.06549118989585613,True
V2R-PS,p043,f_blood,0.26,0.026000000000000002,0.0652037422730847,True
V2R-PS,p043,f_blood,0.277653871206917,0.0277653871206917,0.06512761345204492,True
V2R-PS,p043,f_blood,0.28,0.028000000000000004,0.06512889514390448,True
V2R-PS,p043,f_blood,0.3,0.03,0.06523856001751845,True
V2R-PS,p043,f_blood,0.32,0.032,0.06550803475791386,True
V2R-PS,p043,f_blood,0.34,0.034,0.0659155808874542,True
V2R-PS,p043,f_blood,0.36,0.036,0.06644208147258762,True
V2R-PS,p043,f_blood,0.38,0.038000000000000006,0.06707074965108153,True
V2R-PS,p043,f_blood,0.4,0.04000000000000001,0.06778687143893401,True
V2R-PS,p043,f_blood,0.42,0.042,0.06857757428549661,True
V2R-PS,p043,f_blood,0.44,0.044000000000000004,0.06943161711886892,True
V2R-PS,p043,f_blood,0.46,0.046000000000000006,0.07033919976654032,True
V2R-PS,p043,f_blood,0.48,0.048,0.07129179056675652,True
V2R-PS,p043,f_blood,0.5,0.05,0.07228197127785238,True
V2R-PS,p043,f_blood,0.52,0.052000000000000005,0.0733032983881712,True
V2R-PS,p043,f_blood,0.54,0.054000000000000006,0.0743501798200077,True
V2R-PS,p043,f_blood,0.56,0.05600000000000001,0.07541776590519764,True
V2R-PS,p043,f_blood,0.58,0.057999999999999996,0.0765018534300163,True
V2R-PS,p043,f_blood,0.6,0.06,0.0775988015149265,True
V2R-PS,p043,f_blood,0.62,0.062,0.07870545810727193,True
V2R-PS,p043,f_blood,0.64,0.064,0.07981909591291579,True
V2R-PS,p043,f_blood,0.66,0.066,0.08093735666535787,True
V2R-PS,p043,f_blood,0.68,0.068,0.08205820271828136,True
V2R-PS,p043,f_blood,0.7000000000000001,0.07,0.08317987504191222,True
V2R-PS,p043,f_blood,0.72,0.072,0.08430085679912798,True
V2R-PS,p043,f_blood,0.74,0.074,0.08541984176988779,True
V2R-PS,p043,f_blood,0.76,0.07600000000000001,0.08653570697966737,True
V2R-PS,p043,f_blood,0.78,0.07800000000000001,0.08764748896769978,True
V2R-PS,p043,f_blood,0.8,0.08000000000000002,0.08875436320330427,True
V2R-PS,p043,f_blood,0.8200000000000001,0.08200000000000002,0.08985562622330352,True
V2R-PS,p043,f_blood,0.84,0.084,0.09095068012077191,True
V2R-PS,p043,f_blood,0.86,0.08600000000000001,0.09203901906558724,True
V2R-PS,p043,f_blood,0.88,0.08800000000000001,0.0931202175810768,True
V2R-PS,p043,f_blood,0.9,0.09000000000000001,0.0941939203391008,True
V2R-PS,p043,f_blood,0.92,0.09200000000000001,0.09525983326883739,True
V2R-PS,p043,f_blood,0.9400000000000001,0.09400000000000001,0.09631771580294489,True
V2R-PS,p043,f_blood,0.96,0.096,0.09736737410924445,True
V2R-PS,p043,f_blood,0.98,0.098,0.09840865517710685,True
V2R-PS,p043,f_blood,1.0,0.1,0.0994414416458045,True
V2R-PS,p044,f_mel,0.0,0.0,1.0477359035766745,True
V2R-PS,p044,f_mel,0.02,0.0086,0.9618753104455171,True
V2R-PS,p044,f_mel,0.04,0.0172,0.879687141865048,True
V2R-PS,p044,f_mel,0.06,0.0258,0.8009248166731394,True
V2R-PS,p044,f_mel,0.08,0.0344,0.7253714580372607,True
V2R-PS,p044,f_mel,0.1,0.043000000000000003,0.6528346339990814,True
V2R-PS,p044,f_mel,0.12,0.0516,0.5831433842962122,True
V2R-PS,p044,f_mel,0.14,0.060200000000000004,0.5161472189361682,True
V2R-PS,p044,f_mel,0.16,0.0688,0.4517173039054311,True
V2R-PS,p044,f_mel,0.18,0.0774,0.38975087407263326,True
V2R-PS,p044,f_mel,0.2,0.08600000000000001,0.3301816447524455,True
V2R-PS,p044,f_mel,0.22,0.0946,0.27300338330165674,True
V2R-PS,p044,f_mel,0.24,0.1032,0.21832670653441053,True
V2R-PS,p044,f_mel,0.26,0.1118,0.16653345921263257,True
V2R-PS,p044,f_mel,0.28,0.12040000000000001,0.11877450177888038,True
V2R-PS,p044,f_mel,0.3,0.129,0.07890804944050812,True
V2R-PS,p044,f_mel,0.32,0.1376,0.05986474393703146,True
V2R-PS,p044,f_mel,0.320754953742787,0.1379246301093984,0.059836378335644765,True
V2R-PS,p044,f_mel,0.34,0.1462,0.06973838779402478,True
V2R-PS,p044,f_mel,0.36,0.1548,0.0871681386068606,True
V2R-PS,p044,f_mel,0.38,0.1634,0.10876988618502104,True
V2R-PS,p044,f_mel,0.4,0.17200000000000001,0.1335411730243579,True
V2R-PS,p044,f_mel,0.42,0.18059999999999998,0.16115365061350315,True
V2R-PS,p044,f_mel,0.44,0.1892,0.1918839417417921,True
V2R-PS,p044,f_mel,0.46,0.1978,0.22691142936290035,True
V2R-PS,p044,f_mel,0.48,0.2064,0.26429229394689313,True
V2R-PS,p044,f_mel,0.5,0.215,0.3026287970476378,True
V2R-PS,p044,f_mel,0.52,0.2236,0.34117012956270787,True
V2R-PS,p044,f_mel,0.54,0.23220000000000002,0.37950002112683856,True
V2R-PS,p044,f_mel,0.56,0.24080000000000001,0.41738104980603286,True
V2R-PS,p044,f_mel,0.58,0.24939999999999998,0.4546756716063725,True
V2R-PS,p044,f_mel,0.6,0.258,0.4913045067511883,True
V2R-PS,p044,f_mel,0.62,0.2666,0.5272233047776504,True
V2R-PS,p044,f_mel,0.64,0.2752,0.5624096793172851,True
V2R-PS,p044,f_mel,0.66,0.2838,0.5968551766857824,True
V2R-PS,p044,f_mel,0.68,0.2924,0.630560375501925,True
V2R-PS,p044,f_mel,0.7000000000000001,0.30100000000000005,0.6635317722257841,True
V2R-PS,p044,f_mel,0.72,0.3096,0.6957797535085094,True
V2R-PS,p044,f_mel,0.74,0.3182,0.7273172490467328,True
V2R-PS,p044,f_mel,0.76,0.3268,0.7581588213959384,True
V2R-PS,p044,f_mel,0.78,0.33540000000000003,0.7883200426281031,True
V2R-PS,p044,f_mel,0.8,0.34400000000000003,0.8178170629704773,True
V2R-PS,p044,f_mel,0.8200000000000001,0.3526,0.8466663101213263,True
V2R-PS,p044,f_mel,0.84,0.36119999999999997,0.8748842788229885,True
V2R-PS,p044,f_mel,0.86,0.36979999999999996,0.9024873835593881,True
V2R-PS,p044,f_mel,0.88,0.3784,0.9294918558691156,True
V2R-PS,p044,f_mel,0.9,0.387,0.9559136734655945,True
V2R-PS,p044,f_mel,0.92,0.3956,0.9817685121866863,True
V2R-PS,p044,f_mel,0.9400000000000001,0.4042,1.007071714409664,True
V2R-PS,p044,f_mel,0.96,0.4128,1.0318382693752222,True
V2R-PS,p044,f_mel,0.98,0.4214,1.056082802130282,True
V2R-PS,p044,f_mel,1.0,0.43,1.079819568696206,True
V2R-PS,p044,f_blood,0.0,0.0,0.13601346561309136,True
V2R-PS,p044,f_blood,0.02,0.002,0.1276472452903672,True
V2R-PS,p044,f_blood,0.04,0.004,0.12153597320655744,True
V2R-PS,p044,f_blood,0.06,0.006,0.11660400043435365,True
V2R-PS,p044,f_blood,0.08,0.008,0.1124276614664986,True
V2R-PS,p044,f_blood,0.1,0.010000000000000002,0.10878782709554509,True
V2R-PS,p044,f_blood,0.12,0.012,0.10555377772575687,True
V2R-PS,p044,f_blood,0.14,0.014000000000000002,0.10264019327659878,True
V2R-PS,p044,f_blood,0.16,0.016,0.09998779643700047,True
V2R-PS,p044,f_blood,0.18,0.018,0.09755346079306716,True
V2R-PS,p044,f_blood,0.2,0.020000000000000004,0.0953046766369526,True
V2R-PS,p044,f_blood,0.22,0.022000000000000002,0.0932162361014623,True
V2R-PS,p044,f_blood,0.24,0.024,0.09126813859678753,True
V2R-PS,p044,f_blood,0.26,0.026000000000000002,0.08944420902653691,True
V2R-PS,p044,f_blood,0.28,0.028000000000000004,0.08773115324281819,True
V2R-PS,p044,f_blood,0.3,0.03,0.08611789282696695,True
V2R-PS,p044,f_blood,0.32,0.032,0.08459508452655301,True
V2R-PS,p044,f_blood,0.34,0.034,0.08315476538992125,True
V2R-PS,p044,f_blood,0.36,0.036,0.08179008565935389,True
V2R-PS,p044,f_blood,0.38,0.038000000000000006,0.08049510430714815,True
V2R-PS,p044,f_blood,0.4,0.04000000000000001,0.07926463016913113,True
V2R-PS,p044,f_blood,0.42,0.042,0.07809409684996318,True
V2R-PS,p044,f_blood,0.44,0.044000000000000004,0.07697946303362523,True
V2R-PS,p044,f_blood,0.46,0.046000000000000006,0.07591713217483999,True
V2R-PS,p044,f_blood,0.48,0.048,0.07490388716448405,True
V2R-PS,p044,f_blood,0.5,0.05,0.07393683669851146,True
V2R-PS,p044,f_blood,0.52,0.052000000000000005,0.07301337089133621,True
V2R-PS,p044,f_blood,0.54,0.054000000000000006,0.07213112426245245,True
V2R-PS,p044,f_blood,0.56,0.05600000000000001,0.07128794465664093,True
V2R-PS,p044,f_blood,0.58,0.057999999999999996,0.07048186697885506,True
V2R-PS,p044,f_blood,0.6,0.06,0.06971109086597495,True
V2R-PS,p044,f_blood,0.62,0.062,0.06897396160074103,True
V2R-PS,p044,f_blood,0.64,0.064,0.06826895371363104,True
V2R-PS,p044,f_blood,0.66,0.066,0.06759465682714516,True
V2R-PS,p044,f_blood,0.68,0.068,0.06694976338179894,True
V2R-PS,p044,f_blood,0.7000000000000001,0.07,0.0663330579498634,True
V2R-PS,p044,f_blood,0.72,0.072,0.06574340789577786,True
V2R-PS,p044,f_blood,0.74,0.074,0.06517975518436381,True
V2R-PS,p044,f_blood,0.76,0.07600000000000001,0.06464110917186734,True
V2R-PS,p044,f_blood,0.78,0.07800000000000001,0.06412654024224856,True
V2R-PS,p044,f_blood,0.8,0.08000000000000002,0.06363517417340556,True
V2R-PS,p044,f_blood,0.8200000000000001,0.08200000000000002,0.06316618713621727,True
V2R-PS,p044,f_blood,0.84,0.084,0.06271880124424235,True
V2R-PS,p044,f_blood,0.86,0.08600000000000001,0.06229228058425314,True
V2R-PS,p044,f_blood,0.88,0.08800000000000001,0.061885927668024324,True
V2R-PS,p044,f_blood,0.9,0.09000000000000001,0.061499080254328875,True
V2R-PS,p044,f_blood,0.92,0.09200000000000001,0.06113110849723014,True
V2R-PS,p044,f_blood,0.9400000000000001,0.09400000000000001,0.060781412382761066,True
V2R-PS,p044,f_blood,0.96,0.096,0.0604494194211413,True
V2R-PS,p044,f_blood,0.98,0.098,0.06013458256596821,True
V2R-PS,p044,f_blood,1.0,0.1,0.05983637833546097,True
V2R-PS,p045,f_mel,0.0,0.0,0.811756652666458,True
V2R-PS,p045,f_mel,0.02,0.0086,0.7253271722992695,True
V2R-PS,p045,f_mel,0.04,0.0172,0.6427247014164463,True
V2R-PS,p045,f_mel,0.06,0.0258,0.5637100559268894,True
V2R-PS,p045,f_mel,0.08,0.0344,0.4880889209779563,True
V2R-PS,p045,f_mel,0.1,0.043000000000000003,0.4157156854872337,True
V2R-PS,p045,f_mel,0.12,0.0516,0.3465102713866735,True
V2R-PS,p045,f_mel,0.14,0.060200000000000004,0.2805030376249249,True
V2R-PS,p045,f_mel,0.16,0.0688,0.21795475177129722,True
V2R-PS,p045,f_mel,0.18,0.0774,0.15971937766985825,True
V2R-PS,p045,f_mel,0.2,0.08600000000000001,0.10856051723662034,True
V2R-PS,p045,f_mel,0.22,0.0946,0.07425085319202941,True
V2R-PS,p045,f_mel,0.24,0.1032,0.06510151008152144,True
V2R-PS,p045,f_mel,0.24304343793466582,0.1045086783119063,0.06492892250255233,True
V2R-PS,p045,f_mel,0.26,0.1118,0.0702551923795557,True
V2R-PS,p045,f_mel,0.28,0.12040000000000001,0.08817711060651948,True
V2R-PS,p045,f_mel,0.3,0.129,0.11432103063029357,True
V2R-PS,p045,f_mel,0.32,0.1376,0.14575290781688363,True
V2R-PS,p045,f_mel,0.34,0.1462,0.18187937928203451,True
V2R-PS,p045,f_mel,0.36,0.1548,0.22390112486350128,True
V2R-PS,p045,f_mel,0.38,0.1634,0.26860816430366935,True
V2R-PS,p045,f_mel,0.4,0.17200000000000001,0.3141042025927584,True
V2R-PS,p045,f_mel,0.42,0.18059999999999998,0.35949472677514777,True
V2R-PS,p045,f_mel,0.44,0.1892,0.4043357341178258,True
V2R-PS,p045,f_mel,0.46,0.1978,0.44839957201202807,True
V2R-PS,p045,f_mel,0.48,0.2064,0.4915696161123354,True
V2R-PS,p045,f_mel,0.5,0.215,0.5337894856625472,True
V2R-PS,p045,f_mel,0.52,0.2236,0.5750369312850877,True
V2R-PS,p045,f_mel,0.54,0.23220000000000002,0.6153096475834875,True
V2R-PS,p045,f_mel,0.56,0.24080000000000001,0.6546172017455203,True
V2R-PS,p045,f_mel,0.58,0.24939999999999998,0.692976264863533,True
V2R-PS,p045,f_mel,0.6,0.258,0.7304077074428815,True
V2R-PS,p045,f_mel,0.62,0.2666,0.7669347876521334,True
V2R-PS,p045,f_mel,0.64,0.2752,0.8025820010384199,True
V2R-PS,p045,f_mel,0.66,0.2838,0.8373743416989491,True
V2R-PS,p045,f_mel,0.68,0.2924,0.8713368253118405,True
V2R-PS,p045,f_mel,0.7000000000000001,0.30100000000000005,0.904494182003165,True
V2R-PS,p045,f_mel,0.72,0.3096,0.9368706610593464,True
V2R-PS,p045,f_mel,0.74,0.3182,0.9684899101635759,True
V2R-PS,p045,f_mel,0.76,0.3268,0.9993749046954229,True
V2R-PS,p045,f_mel,0.78,0.33540000000000003,1.02954791080843,True
V2R-PS,p045,f_mel,0.8,0.34400000000000003,1.059030471298394,True
V2R-PS,p045,f_mel,0.8200000000000001,0.3526,1.0878434067671927,True
V2R-PS,p045,f_mel,0.84,0.36119999999999997,1.1160068269240655,True
V2R-PS,p045,f_mel,0.86,0.36979999999999996,1.143540148451317,True
V2R-PS,p045,f_mel,0.88,0.3784,1.1704621169492155,True
V2R-PS,p045,f_mel,0.9,0.387,1.1967908312290236,True
V2R-PS,p045,f_mel,0.92,0.3956,1.222543768750547,True
V2R-PS,p045,f_mel,0.9400000000000001,0.4042,1.2477378113722246,True
V2R-PS,p045,f_mel,0.96,0.4128,1.2723892708449793,True
V2R-PS,p045,f_mel,0.98,0.4214,1.2965139136684931,True
V2R-PS,p045,f_mel,1.0,0.43,1.320126985062129,True
V2R-PS,p045,f_blood,0.0,0.0,0.12522450284515793,True
V2R-PS,p045,f_blood,0.02,0.002,0.11527051376253165,True
V2R-PS,p045,f_blood,0.04,0.004,0.10811212710987549,True
V2R-PS,p045,f_blood,0.06,0.006,0.10243892778216472,True
V2R-PS,p045,f_blood,0.08,0.008,0.09773090616789325,True
V2R-PS,p045,f_blood,0.1,0.010000000000000002,0.09371778966472848,True
V2R-PS,p045,f_blood,0.12,0.012,0.09023765779746969,True
V2R-PS,p045,f_blood,0.14,0.014000000000000002,0.08718435989573164,True
V2R-PS,p045,f_blood,0.16,0.016,0.08448377889189551,True
V2R-PS,p045,f_blood,0.18,0.018,0.0820816718381231,True
V2R-PS,p045,f_blood,0.2,0.020000000000000004,0.07993685340792385,True
V2R-PS,p045,f_blood,0.22,0.022000000000000002,0.07801710657304159,True
V2R-PS,p045,f_blood,0.24,0.024,0.07629659607308807,True
V2R-PS,p045,f_blood,0.26,0.026000000000000002,0.07475416161245897,True
V2R-PS,p045,f_blood,0.28,0.028000000000000004,0.07337215196059726,True
V2R-PS,p045,f_blood,0.3,0.03,0.07213560544255922,True
V2R-PS,p045,f_blood,0.32,0.032,0.071031659984429,True
V2R-PS,p045,f_blood,0.34,0.034,0.07004911978165222,True
V2R-PS,p045,f_blood,0.36,0.036,0.0691781315245852,True
V2R-PS,p045,f_blood,0.38,0.038000000000000006,0.06840993891130527,True
V2R-PS,p045,f_blood,0.4,0.04000000000000001,0.06773669413178234,True
V2R-PS,p045,f_blood,0.42,0.042,0.06715131145819961,True
V2R-PS,p045,f_blood,0.44,0.044000000000000004,0.06664735236332976,True
V2R-PS,p045,f_blood,0.46,0.046000000000000006,0.06621893450443518,True
V2R-PS,p045,f_blood,0.48,0.048,0.06586065893538871,True
V2R-PS,p045,f_blood,0.5,0.05,0.06556755134426247,True
V2R-PS,p045,f_blood,0.52,0.052000000000000005,0.06533501414817168,True
V2R-PS,p045,f_blood,0.54,0.054000000000000006,0.06515878703549972,True
V2R-PS,p045,f_blood,0.56,0.05600000000000001,0.06503491410963211,True
V2R-PS,p045,f_blood,0.58,0.057999999999999996,0.06495971621308394,True
V2R-PS,p045,f_blood,0.6,0.06,0.06492976733418096,True
V2R-PS,p045,f_blood,0.6040294363556005,0.06040294363556005,0.06492892250255229,True
V2R-PS,p045,f_blood,0.62,0.062,0.064941874246527,True
V2R-PS,p045,f_blood,0.64,0.064,0.06499305872303811,True
V2R-PS,p045,f_blood,0.66,0.066,0.06508054181481868,True
V2R-PS,p045,f_blood,0.68,0.068,0.06520172980051094,True
V2R-PS,p045,f_blood,0.7000000000000001,0.07,0.0653542015013866,True
V2R-PS,p045,f_blood,0.72,0.072,0.06553569672700207,True
V2R-PS,p045,f_blood,0.74,0.074,0.06574410567005982,True
V2R-PS,p045,f_blood,0.76,0.07600000000000001,0.06597745911059458,True
V2R-PS,p045,f_blood,0.78,0.07800000000000001,0.06623391932139999,True
V2R-PS,p045,f_blood,0.8,0.08000000000000002,0.06651177159084334,True
V2R-PS,p045,f_blood,0.8200000000000001,0.08200000000000002,0.066809416297549,True
V2R-PS,p045,f_blood,0.84,0.084,0.06712536148520468,True
V2R-PS,p045,f_blood,0.86,0.08600000000000001,0.06745821589600307,True
V2R-PS,p045,f_blood,0.88,0.08800000000000001,0.0678066824288162,True
V2R-PS,p045,f_blood,0.9,0.09000000000000001,0.06816955199376018,True
V2R-PS,p045,f_blood,0.92,0.09200000000000001,0.06854569773885823,True
V2R-PS,p045,f_blood,0.9400000000000001,0.09400000000000001,0.06893406962744769,True
V2R-PS,p045,f_blood,0.96,0.096,0.06933368934710697,True
V2R-PS,p045,f_blood,0.98,0.098,0.06974364553242812,True
V2R-PS,p045,f_blood,1.0,0.1,0.07016308928511648,True
V2R-PS,p046,f_mel,0.0,0.0,1.042385233487513,True
V2R-PS,p046,f_mel,0.02,0.0086,0.9576707054612974,True
V2R-PS,p046,f_mel,0.04,0.0172,0.8766283530524357,True
V2R-PS,p046,f_mel,0.06,0.0258,0.799032212324644,True
V2R-PS,p046,f_mel,0.08,0.0344,0.7246878547671403,True
V2R-PS,p046,f_mel,0.1,0.043000000000000003,0.6534292814957465,True
V2R-PS,p046,f_mel,0.12,0.0516,0.5851188625401204,True
V2R-PS,p046,f_mel,0.14,0.060200000000000004,0.519650668037231,True
V2R-PS,p046,f_mel,0.16,0.0688,0.4569585656371623,True
V2R-PS,p046,f_mel,0.18,0.0774,0.3970322921049674,True
V2R-PS,p046,f_mel,0.2,0.08600000000000001,0.3399485002519351,True
V2R-PS,p046,f_mel,0.22,0.0946,0.2859323289379296,True
V2R-PS,p046,f_mel,0.24,0.1032,0.2354852546502766,True
V2R-PS,p046,f_mel,0.26,0.1118,0.18966208339197263,True
V2R-PS,p046,f_mel,0.28,0.12040000000000001,0.1506641323445374,True
V2R-PS,p046,f_mel,0.3,0.129,0.12282250180512476,True
V2R-PS,p046,f_mel,0.32,0.1376,0.1123884738926778,True
V2R-PS,p046,f_mel,0.32011750946424694,0.1376505290696262,0.1123881125540135,True
V2R-PS,p046,f_mel,0.34,0.1462,0.12201563010676313,True
V2R-PS,p046,f_mel,0.36,0.1548,0.14207272339840699,True
V2R-PS,p046,f_mel,0.38,0.1634,0.1628962281697999,True
V2R-PS,p046,f_mel,0.4,0.17200000000000001,0.18477986754985495,True
V2R-PS,p046,f_mel,0.42,0.18059999999999998,0.20818911473860888,True
V2R-PS,p046,f_mel,0.44,0.1892,0.23361055632575903,True
V2R-PS,p046,f_mel,0.46,0.1978,0.26211636085058143,True
V2R-PS,p046,f_mel,0.48,0.2064,0.29408925953708315,True
V2R-PS,p046,f_mel,0.5,0.215,0.3280750476828202,True
V2R-PS,p046,f_mel,0.52,0.2236,0.36311272742286915,True
V2R-PS,p046,f_mel,0.54,0.23220000000000002,0.39859349071220496,True
V2R-PS,p046,f_mel,0.56,0.24080000000000001,0.4341288314898906,True
V2R-PS,p046,f_mel,0.58,0.24939999999999998,0.46946805509907535,True
V2R-PS,p046,f_mel,0.6,0.258,0.5044479140074365,True
V2R-PS,p046,f_mel,0.62,0.2666,0.5389617301502284,True
V2R-PS,p046,f_mel,0.64,0.2752,0.5729401621209016,True
V2R-PS,p046,f_mel,0.66,0.2838,0.6063389811593269,True
V2R-PS,p046,f_mel,0.68,0.2924,0.6391311355967887,True
V2R-PS,p046,f_mel,0.7000000000000001,0.30100000000000005,0.6713014923493644,True
V2R-PS,p046,f_mel,0.72,0.3096,0.7028432848924886,True
V2R-PS,p046,f_mel,0.74,0.3182,0.733755671509073,True
V2R-PS,p046,f_mel,0.76,0.3268,0.7640420300770141,True
V2R-PS,p046,f_mel,0.78,0.33540000000000003,0.7937087503760323,True
V2R-PS,p046,f_mel,0.8,0.34400000000000003,0.8227643681026308,True
V2R-PS,p046,f_mel,0.8200000000000001,0.3526,0.8512189371783315,True
V2R-PS,p046,f_mel,0.84,0.36119999999999997,0.8790835705504486,True
V2R-PS,p046,f_mel,0.86,0.36979999999999996,0.9063701016334015,True
V2R-PS,p046,f_mel,0.88,0.3784,0.9330908331100953,True
V2R-PS,p046,f_mel,0.9,0.387,0.9592583496384098,True
V2R-PS,p046,f_mel,0.92,0.3956,0.9848853777299015,True
V2R-PS,p046,f_mel,0.9400000000000001,0.4042,1.0099846807292563,True
V2R-PS,p046,f_mel,0.96,0.4128,1.0345689800964044,True
V2R-PS,p046,f_mel,0.98,0.4214,1.0586508965188448,True
V2R-PS,p046,f_mel,1.0,0.43,1.0822429060520753,True
V2R-PS,p046,f_blood,0.0,0.0,0.1941049529694916,True
V2R-PS,p046,f_blood,0.02,0.002,0.18684036486645944,True
V2R-PS,p046,f_blood,0.04,0.004,0.18147516019641946,True
V2R-PS,p046,f_blood,0.06,0.006,0.1770955208091733,True
V2R-PS,p046,f_blood,0.08,0.008,0.17334347350704238,True
V2R-PS,p046,f_blood,0.1,0.010000000000000002,0.17003463075254532,True
V2R-PS,p046,f_blood,0.12,0.012,0.16705935895458077,True
V2R-PS,p046,f_blood,0.14,0.014000000000000002,0.1643462908580165,True
V2R-PS,p046,f_blood,0.16,0.016,0.16184595080120856,True
V2R-PS,p046,f_blood,0.18,0.018,0.159522407986886,True
V2R-PS,p046,f_blood,0.2,0.020000000000000004,0.15734861739910527,True
V2R-PS,p046,f_blood,0.22,0.022000000000000002,0.15530363483363135,True
V2R-PS,p046,f_blood,0.24,0.024,0.15337086041323447,True
V2R-PS,p046,f_blood,0.26,0.026000000000000002,0.15153688177040006,True
V2R-PS,p046,f_blood,0.28,0.028000000000000004,0.14979068448072194,True
V2R-PS,p046,f_blood,0.3,0.03,0.1481230967577242,True
V2R-PS,p046,f_blood,0.32,0.032,0.14652638879880636,True
V2R-PS,p046,f_blood,0.34,0.034,0.14499397726986632,True
V2R-PS,p046,f_blood,0.36,0.036,0.14352020310868846,True
V2R-PS,p046,f_blood,0.38,0.038000000000000006,0.14210016160709074,True
V2R-PS,p046,f_blood,0.4,0.04000000000000001,0.1407295705081102,True
V2R-PS,p046,f_blood,0.42,0.042,0.13940466623257586,True
V2R-PS,p046,f_blood,0.44,0.044000000000000004,0.13812212124762388,True
V2R-PS,p046,f_blood,0.46,0.046000000000000006,0.1368789775503568,True
V2R-PS,p046,f_blood,0.48,0.048,0.1356725925923642,True
V2R-PS,p046,f_blood,0.5,0.05,0.13450059492039104,True
V2R-PS,p046,f_blood,0.52,0.052000000000000005,0.1333608474858796,True
V2R-PS,p046,f_blood,0.54,0.054000000000000006,0.13225141706650426,True
V2R-PS,p046,f_blood,0.56,0.05600000000000001,0.13117054860259494,True
V2R-PS,p046,f_blood,0.58,0.057999999999999996,0.13011664351855975,True
V2R-PS,p046,f_blood,0.6,0.06,0.12908824130015017,True
V2R-PS,p046,f_blood,0.62,0.062,0.12808400375079598,True
V2R-PS,p046,f_blood,0.64,0.064,0.12710270146705435,True
V2R-PS,p046,f_blood,0.66,0.066,0.12614320216357838,True
V2R-PS,p046,f_blood,0.68,0.068,0.1252044605485177,True
V2R-PS,p046,f_blood,0.7000000000000001,0.07,0.12428550950569929,True
V2R-PS,p046,f_blood,0.72,0.072,0.12338545238386082,True
V2R-PS,p046,f_blood,0.74,0.074,0.12250345622825314,True
V2R-PS,p046,f_blood,0.76,0.07600000000000001,0.12163874581806697,True
V2R-PS,p046,f_blood,0.78,0.07800000000000001,0.12079059839588159,True
V2R-PS,p046,f_blood,0.8,0.08000000000000002,0.11995833899382032,True
V2R-PS,p046,f_blood,0.8200000000000001,0.08200000000000002,0.11914133627619874,True
V2R-PS,p046,f_blood,0.84,0.084,0.1183389988308736,True
V2R-PS,p046,f_blood,0.86,0.08600000000000001,0.11755077185174584,True
V2R-PS,p046,f_blood,0.88,0.08800000000000001,0.11677613416337991,True
V2R-PS,p046,f_blood,0.9,0.09000000000000001,0.11601459554578634,True
V2R-PS,p046,f_blood,0.92,0.09200000000000001,0.11526569432335299,True
V2R-PS,p046,f_blood,0.9400000000000001,0.09400000000000001,0.11452899518689162,True
V2R-PS,p046,f_blood,0.96,0.096,0.11380408722197999,True
V2R-PS,p046,f_blood,0.98,0.098,0.11309058212033866,True
V2R-PS,p046,f_blood,1.0,0.1,0.11238811255401251,True
V2R-PS,p047,f_mel,0.0,0.0,0.9285080754458475,True
V2R-PS,p047,f_mel,0.02,0.0086,0.8433379739137064,True
V2R-PS,p047,f_mel,0.04,0.0172,0.7619247835757073,True
V2R-PS,p047,f_mel,0.06,0.0258,0.6840195269611425,True
V2R-PS,p047,f_mel,0.08,0.0344,0.6094093104610372,True
V2R-PS,p047,f_mel,0.1,0.043000000000000003,0.5379140886474747,True
V2R-PS,p047,f_mel,0.12,0.0516,0.46938776557528944,True
V2R-PS,p047,f_mel,0.14,0.060200000000000004,0.4037252127640487,True
V2R-PS,p047,f_mel,0.16,0.0688,0.34087985795900494,True
V2R-PS,p047,f_mel,0.18,0.0774,0.2809040980470146,True
V2R-PS,p047,f_mel,0.2,0.08600000000000001,0.22404668568013564,True
V2R-PS,p047,f_mel,0.22,0.0946,0.17101338584828896,True
V2R-PS,p047,f_mel,0.24,0.1032,0.12376183883245125,True
V2R-PS,p047,f_mel,0.26,0.1118,0.08804452054486006,True
V2R-PS,p047,f_mel,0.27654832379351163,0.11891577923121,0.07668061211135818,True
V2R-PS,p047,f_mel,0.28,0.12040000000000001,0.07719306553588626,True
V2R-PS,p047,f_mel,0.3,0.129,0.09358431385607897,True
V2R-PS,p047,f_mel,0.32,0.1376,0.11460825613605474,True
V2R-PS,p047,f_mel,0.34,0.1462,0.1376954772683008,True
V2R-PS,p047,f_mel,0.36,0.1548,0.16293561994116962,True
V2R-PS,p047,f_mel,0.38,0.1634,0.19062334896171215,True
V2R-PS,p047,f_mel,0.4,0.17200000000000001,0.22151491047327174,True
V2R-PS,p047,f_mel,0.42,0.18059999999999998,0.25684108784951876,True
V2R-PS,p047,f_mel,0.44,0.1892,0.29467407579086524,True
V2R-PS,p047,f_mel,0.46,0.1978,0.3336281645735469,True
V2R-PS,p047,f_mel,0.48,0.2064,0.3729164814448733,True
V2R-PS,p047,f_mel,0.5,0.215,0.41208341248785757,True
V2R-PS,p047,f_mel,0.52,0.2236,0.4508596803272514,True
V2R-PS,p047,f_mel,0.54,0.23220000000000002,0.48908414177312926,True
V2R-PS,p047,f_mel,0.56,0.24080000000000001,0.5266605145540986,True
V2R-PS,p047,f_mel,0.58,0.24939999999999998,0.5635326169011576,True
V2R-PS,p047,f_mel,0.6,0.258,0.5996697081292761,True
V2R-PS,p047,f_mel,0.62,0.2666,0.6350575284767451,True
V2R-PS,p047,f_mel,0.64,0.2752,0.6696926635087123,True
V2R-PS,p047,f_mel,0.66,0.2838,0.7035789092840163,True
V2R-PS,p047,f_mel,0.68,0.2924,0.7367248764348499,True
V2R-PS,p047,f_mel,0.7000000000000001,0.30100000000000005,0.7691423812949892,True
V2R-PS,p047,f_mel,0.72,0.3096,0.8008453486082036,True
V2R-PS,p047,f_mel,0.74,0.3182,0.8318490535838171,True
V2R-PS,p047,f_mel,0.76,0.3268,0.8621695931276034,True
V2R-PS,p047,f_mel,0.78,0.33540000000000003,0.8918235143022052,True
V2R-PS,p047,f_mel,0.8,0.34400000000000003,0.9208275521488787,True
V2R-PS,p047,f_mel,0.8200000000000001,0.3526,0.9491984444816852,True
V2R-PS,p047,f_mel,0.84,0.36119999999999997,0.976952801404719,True
V2R-PS,p047,f_mel,0.86,0.36979999999999996,1.0041070140592427,True
V2R-PS,p047,f_mel,0.88,0.3784,1.0306771916805009,True
V2R-PS,p047,f_mel,0.9,0.387,1.0566791191836247,True
V2R-PS,p047,f_mel,0.92,0.3956,1.08212822968203,True
V2R-PS,p047,f_mel,0.9400000000000001,0.4042,1.1070395878791048,True
V2R-PS,p047,f_mel,0.96,0.4128,1.1314278813680698,True
V2R-PS,p047,f_mel,0.98,0.4214,1.155307417661259,True
V2R-PS,p047,f_mel,1.0,0.43,1.1786921253399014,True
V2R-PS,p047,f_blood,0.0,0.0,0.16220352068965632,True
V2R-PS,p047,f_blood,0.02,0.002,0.15398470403791073,True
V2R-PS,p047,f_blood,0.04,0.004,0.14795570497051994,True
V2R-PS,p047,f_blood,0.06,0.006,0.14306292389358027,True
V2R-PS,p047,f_blood,0.08,0.008,0.13889395485075703,True
V2R-PS,p047,f_blood,0.1,0.010000000000000002,0.13523643724003281,True
V2R-PS,p047,f_blood,0.12,0.012,0.13196411453742352,True
V2R-PS,p047,f_blood,0.14,0.014000000000000002,0.1289947947616628,True
V2R-PS,p047,f_blood,0.16,0.016,0.12627149149530884,True
V2R-PS,p047,f_blood,0.18,0.018,0.1237528131537318,True
V2R-PS,p047,f_blood,0.2,0.020000000000000004,0.12140759909365983,True
V2R-PS,p047,f_blood,0.22,0.022000000000000002,0.11921171357370042,True
V2R-PS,p047,f_blood,0.24,0.024,0.11714602374852472,True
V2R-PS,p047,f_blood,0.26,0.026000000000000002,0.11519506796577199,True
V2R-PS,p047,f_blood,0.28,0.028000000000000004,0.11334614680118506,True
V2R-PS,p047,f_blood,0.3,0.03,0.11158868374474784,True
V2R-PS,p047,f_blood,0.32,0.032,0.10991376390164828,True
V2R-PS,p047,f_blood,0.34,0.034,0.10831379371812169,True
V2R-PS,p047,f_blood,0.36,0.036,0.10678224510719106,True
V2R-PS,p047,f_blood,0.38,0.038000000000000006,0.10531345975700171,True
V2R-PS,p047,f_blood,0.4,0.04000000000000001,0.10390249720378546,True
V2R-PS,p047,f_blood,0.42,0.042,0.10254501529049329,True
V2R-PS,p047,f_blood,0.44,0.044000000000000004,0.10123717496787236,True
V2R-PS,p047,f_blood,0.46,0.046000000000000006,0.0999755636514433,True
V2R-PS,p047,f_blood,0.48,0.048,0.09875713290457354,True
V2R-PS,p047,f_blood,0.5,0.05,0.09757914731083908,True
V2R-PS,p047,f_blood,0.52,0.052000000000000005,0.09643914217864213,True
V2R-PS,p047,f_blood,0.54,0.054000000000000006,0.09533488828555027,True
V2R-PS,p047,f_blood,0.56,0.05600000000000001,0.09426436228398243,True
V2R-PS,p047,f_blood,0.58,0.057999999999999996,0.09322572169748165,True
V2R-PS,p047,f_blood,0.6,0.06,0.09221728366791287,True
V2R-PS,p047,f_blood,0.62,0.062,0.09123750678935734,True
V2R-PS,p047,f_blood,0.64,0.064,0.09028497549897782,True
V2R-PS,p047,f_blood,0.66,0.066,0.08935838659917146,True
V2R-PS,p047,f_blood,0.68,0.068,0.08845653756650597,True
V2R-PS,p047,f_blood,0.7000000000000001,0.07,0.08757831636678072,True
V2R-PS,p047,f_blood,0.72,0.072,0.08672269254612598,True
V2R-PS,p047,f_blood,0.74,0.074,0.08588870940841695,True
V2R-PS,p047,f_blood,0.76,0.07600000000000001,0.08507547712168624,True
V2R-PS,p047,f_blood,0.78,0.07800000000000001,0.08428216662240913,True
V2R-PS,p047,f_blood,0.8,0.08000000000000002,0.08350800420782889,True
V2R-PS,p047,f_blood,0.8200000000000001,0.08200000000000002,0.08275226672389074,True
V2R-PS,p047,f_blood,0.84,0.084,0.08201427727065233,True
V2R-PS,p047,f_blood,0.86,0.08600000000000001,0.08129340135885002,True
V2R-PS,p047,f_blood,0.88,0.08800000000000001,0.08058904346109519,True
V2R-PS,p047,f_blood,0.9,0.09000000000000001,0.07990064390934566,True
V2R-PS,p047,f_blood,0.92,0.09200000000000001,0.07922767609713162,True
V2R-PS,p047,f_blood,0.9400000000000001,0.09400000000000001,0.07856964395076196,True
V2R-PS,p047,f_blood,0.96,0.096,0.07792607963858564,True
V2R-PS,p047,f_blood,0.98,0.098,0.07729654149149075,True
V2R-PS,p047,f_blood,1.0,0.1,0.07668061211131443,True
V2R-PS,p048,f_mel,0.0,0.0,0.8117825154267269,True
V2R-PS,p048,f_mel,0.02,0.0086,0.7267410173786958,True
V2R-PS,p048,f_mel,0.04,0.0172,0.6455298883267063,True
V2R-PS,p048,f_mel,0.06,0.0258,0.5679281522492685,True
V2R-PS,p048,f_mel,0.08,0.0344,0.49376455136108255,True
V2R-PS,p048,f_mel,0.1,0.043000000000000003,0.4229257447186881,True
V2R-PS,p048,f_mel,0.12,0.0516,0.3553805688023254,True
V2R-PS,p048,f_mel,0.14,0.060200000000000004,0.2912382474143032,True
V2R-PS,p048,f_mel,0.16,0.0688,0.23089115650870884,True
V2R-PS,p048,f_mel,0.18,0.0774,0.17539841441173126,True
V2R-PS,p048,f_mel,0.2,0.08600000000000001,0.12762144404240336,True
V2R-PS,p048,f_mel,0.22,0.0946,0.09529502169304034,True
V2R-PS,p048,f_mel,0.23200330304148276,0.09976142030783758,0.08915272416538036,True
V2R-PS,p048,f_mel,0.24,0.1032,0.09183788764817272,True
V2R-PS,p048,f_mel,0.26,0.1118,0.11157863822512762,True
V2R-PS,p048,f_mel,0.28,0.12040000000000001,0.1338922629369886,True
V2R-PS,p048,f_mel,0.3,0.129,0.15808771210790593,True
V2R-PS,p048,f_mel,0.32,0.1376,0.18445461075307237,True
V2R-PS,p048,f_mel,0.34,0.1462,0.2134409305353524,True
V2R-PS,p048,f_mel,0.36,0.1548,0.24624862827506375,True
V2R-PS,p048,f_mel,0.38,0.1634,0.28372078842153137,True
V2R-PS,p048,f_mel,0.4,0.17200000000000001,0.32367594321249643,True
V2R-PS,p048,f_mel,0.42,0.18059999999999998,0.36473120479789795,True
V2R-PS,p048,f_mel,0.44,0.1892,0.4060908969914477,True
V2R-PS,p048,f_mel,0.46,0.1978,0.44728972043075993,True
V2R-PS,p048,f_mel,0.48,0.2064,0.48805098904292016,True
V2R-PS,p048,f_mel,0.5,0.215,0.5282087670570197,True
V2R-PS,p048,f_mel,0.52,0.2236,0.5676641361798312,True
V2R-PS,p048,f_mel,0.54,0.23220000000000002,0.6063598671528885,True
V2R-PS,p048,f_mel,0.56,0.24080000000000001,0.6442652786913857,True
V2R-PS,p048,f_mel,0.58,0.24939999999999998,0.6813669131043475,True
V2R-PS,p048,f_mel,0.6,0.258,0.7176626382340127,True
V2R-PS,p048,f_mel,0.62,0.2666,0.7531578279465089,True
V2R-PS,p048,f_mel,0.64,0.2752,0.7878628380286384,True
V2R-PS,p048,f_mel,0.66,0.2838,0.821791309295312,True
V2R-PS,p048,f_mel,0.68,0.2924,0.8549590105325415,True
V2R-PS,p048,f_mel,0.7000000000000001,0.30100000000000005,0.8873830405915664,True
V2R-PS,p048,f_mel,0.72,0.3096,0.919081273513668,True
V2R-PS,p048,f_mel,0.74,0.3182,0.9500719705672708,True
V2R-PS,p048,f_mel,0.76,0.3268,0.9803735083994912,True
V2R-PS,p048,f_mel,0.78,0.33540000000000003,1.0100041888519307,True
V2R-PS,p048,f_mel,0.8,0.34400000000000003,1.0389821067367104,True
V2R-PS,p048,f_mel,0.8200000000000001,0.3526,1.067325059050524,True
V2R-PS,p048,f_mel,0.84,0.36119999999999997,1.0950504839768516,True
V2R-PS,p048,f_mel,0.86,0.36979999999999996,1.1221754213779773,True
V2R-PS,p048,f_mel,0.88,0.3784,1.1487164888129167,True
V2R-PS,p048,f_mel,0.9,0.387,1.1746898687621283,True
V2R-PS,p048,f_mel,0.92,0.3956,1.20011130391086,True
V2R-PS,p048,f_mel,0.9400000000000001,0.4042,1.2249960981845298,True
V2R-PS,p048,f_mel,0.96,0.4128,1.249359121839544,True
V2R-PS,p048,f_mel,0.98,0.4214,1.2732148193584343,True
V2R-PS,p048,f_mel,1.0,0.43,1.2965772192255953,True
V2R-PS,p048,f_blood,0.0,0.0,0.17990902123922972,True
V2R-PS,p048,f_blood,0.02,0.002,0.17127269686541433,True
V2R-PS,p048,f_blood,0.04,0.004,0.16494522874713755,True
V2R-PS,p048,f_blood,0.06,0.006,0.15981185299802192,True
V2R-PS,p048,f_blood,0.08,0.008,0.15543757577515566,True
V2R-PS,p048,f_blood,0.1,0.010000000000000002,0.15159889004978647,True
V2R-PS,p048,f_blood,0.12,0.012,0.1481631260977916,True
V2R-PS,p048,f_blood,0.14,0.014000000000000002,0.14504402178167103,True
V2R-PS,p048,f_blood,0.16,0.016,0.1421818234272356,True
V2R-PS,p048,f_blood,0.18,0.018,0.13953315913027578,True
V2R-PS,p048,f_blood,0.2,0.020000000000000004,0.13706539373951956,True
V2R-PS,p048,f_blood,0.22,0.022000000000000002,0.13475325834897783,True
V2R-PS,p048,f_blood,0.24,0.024,0.13257672652424443,True
V2R-PS,p048,f_blood,0.26,0.026000000000000002,0.13051961670052056,True
V2R-PS,p048,f_blood,0.28,0.028000000000000004,0.12856863890776893,True
V2R-PS,p048,f_blood,0.3,0.03,0.12671272470170983,True
V2R-PS,p048,f_blood,0.32,0.032,0.12494254393012395,True
V2R-PS,p048,f_blood,0.34,0.034,0.12325014844267536,True
V2R-PS,p048,f_blood,0.36,0.036,0.12162870427936949,True
V2R-PS,p048,f_blood,0.38,0.038000000000000006,0.1200722869189262,True
V2R-PS,p048,f_blood,0.4,0.04000000000000001,0.1185757223639684,True
V2R-PS,p048,f_blood,0.42,0.042,0.11713446213198886,True
V2R-PS,p048,f_blood,0.44,0.044000000000000004,0.11574448372248074,True
V2R-PS,p048,f_blood,0.46,0.046000000000000006,0.11440221049821407,True
V2R-PS,p048,f_blood,0.48,0.048,0.11310444655117106,True
V2R-PS,p048,f_blood,0.5,0.05,0.11184832326937565,True
V2R-PS,p048,f_blood,0.52,0.052000000000000005,0.11063125513793402,True
V2R-PS,p048,f_blood,0.54,0.054000000000000006,0.10945090289888865,True
V2R-PS,p048,f_blood,0.56,0.05600000000000001,0.1083051426281623,True
V2R-PS,p048,f_blood,0.58,0.057999999999999996,0.10719203960987973,True
V2R-PS,p048,f_blood,0.6,0.06,0.10610982613019536,True
V2R-PS,p048,f_blood,0.62,0.062,0.10505688249630253,True
V2R-PS,p048,f_blood,0.64,0.064,0.10403172072698372,True
V2R-PS,p048,f_blood,0.66,0.066,0.10303297046986487,True
V2R-PS,p048,f_blood,0.68,0.068,0.10205936678541562,True
V2R-PS,p048,f_blood,0.7000000000000001,0.07,0.10110973950447147,True
V2R-PS,p048,f_blood,0.72,0.072,0.1001830039189212,True
V2R-PS,p048,f_blood,0.74,0.074,0.09927815260737187,True
V2R-PS,p048,f_blood,0.76,0.07600000000000001,0.098394248231474,True
V2R-PS,p048,f_blood,0.78,0.07800000000000001,0.09753041716595004,True
V2R-PS,p048,f_blood,0.8,0.08000000000000002,0.09668584384760814,True
V2R-PS,p048,f_blood,0.8200000000000001,0.08200000000000002,0.09585976574680742,True
V2R-PS,p048,f_blood,0.84,0.084,0.09505146887976974,True
V2R-PS,p048,f_blood,0.86,0.08600000000000001,0.09426028379247178,True
V2R-PS,p048,f_blood,0.88,0.08800000000000001,0.09348558195707775,True
V2R-PS,p048,f_blood,0.9,0.09000000000000001,0.09272677253040829,True
V2R-PS,p048,f_blood,0.92,0.09200000000000001,0.0919832994310747,True
V2R-PS,p048,f_blood,0.9400000000000001,0.09400000000000001,0.09125463869791048,True
V2R-PS,p048,f_blood,0.96,0.096,0.09054029609739209,True
V2R-PS,p048,f_blood,0.98,0.098,0.08983980495203324,True
V2R-PS,p048,f_blood,1.0,0.1,0.08915272416537741,True
V2R-PS,p049,f_mel,0.0,0.0,0.9394138503081697,True
V2R-PS,p049,f_mel,0.02,0.0086,0.8536230523675211,True
V2R-PS,p049,f_mel,0.04,0.0172,0.7715337921807434,True
V2R-PS,p049,f_mel,0.06,0.0258,0.6929035225045002,True
V2R-PS,p049,f_mel,0.08,0.0344,0.6175220198453348,True
V2R-PS,p049,f_mel,0.1,0.043000000000000003,0.5452076693453348,True
V2R-PS,p049,f_mel,0.12,0.0516,0.475807294788142,True
V2R-PS,p049,f_mel,0.14,0.060200000000000004,0.4092005270789964,True
V2R-PS,p049,f_mel,0.16,0.0688,0.345312008031311,True
V2R-PS,p049,f_mel,0.18,0.0774,0.2841404345100499,True
V2R-PS,p049,f_mel,0.2,0.08600000000000001,0.22583033774664404,True
V2R-PS,p049,f_mel,0.22,0.0946,0.17087135644630883,True
V2R-PS,p049,f_mel,0.24,0.1032,0.12075394591652215,True
V2R-PS,p049,f_mel,0.26,0.1118,0.08051353904800507,True
V2R-PS,p049,f_mel,0.2778238410300123,0.11946425164290528,0.06531188699335373,True
V2R-PS,p049,f_mel,0.28,0.12040000000000001,0.0655564040685214,True
V2R-PS,p049,f_mel,0.3,0.129,0.08098523656082615,True
V2R-PS,p049,f_mel,0.32,0.1376,0.10243681585238784,True
V2R-PS,p049,f_mel,0.34,0.1462,0.1269563480514417,True
V2R-PS,p049,f_mel,0.36,0.1548,0.15393906413106007,True
V2R-PS,p049,f_mel,0.38,0.1634,0.1832747517144951,True
V2R-PS,p049,f_mel,0.4,0.17200000000000001,0.215090021681247,True
V2R-PS,p049,f_mel,0.42,0.18059999999999998,0.25078715985114286,True
V2R-PS,p049,f_mel,0.44,0.1892,0.2891814688274212,True
V2R-PS,p049,f_mel,0.46,0.1978,0.32877224992174087,True
V2R-PS,p049,f_mel,0.48,0.2064,0.3687207507351826,True
V2R-PS,p049,f_mel,0.5,0.215,0.40854796552870426,True
V2R-PS,p049,f_mel,0.52,0.2236,0.4479740177215323,True
V2R-PS,p049,f_mel,0.54,0.23220000000000002,0.48683303439227993,True
V2R-PS,p049,f_mel,0.56,0.24080000000000001,0.5250267646179911,True
V2R-PS,p049,f_mel,0.58,0.24939999999999998,0.5624983808351011,True
V2R-PS,p049,f_mel,0.6,0.258,0.5992171335957548,True
V2R-PS,p049,f_mel,0.62,0.2666,0.6351690560931956,True
V2R-PS,p049,f_mel,0.64,0.2752,0.6703511618264602,True
V2R-PS,p049,f_mel,0.66,0.2838,0.7047677263874963,True
V2R-PS,p049,f_mel,0.68,0.2924,0.7384278502510775,True
V2R-PS,p049,f_mel,0.7000000000000001,0.30100000000000005,0.7713438301857795,True
V2R-PS,p049,f_mel,0.72,0.3096,0.8035300533496558,True
V2R-PS,p049,f_mel,0.74,0.3182,0.8350022364065157,True
V2R-PS,p049,f_mel,0.76,0.3268,0.8657768966376157,True
V2R-PS,p049,f_mel,0.78,0.33540000000000003,0.8958709815970448,True
V2R-PS,p049,f_mel,0.8,0.34400000000000003,0.9253016086520895,True
V2R-PS,p049,f_mel,0.8200000000000001,0.3526,0.954085881613537,True
V2R-PS,p049,f_mel,0.84,0.36119999999999997,0.9822407620072681,True
V2R-PS,p049,f_mel,0.86,0.36979999999999996,1.0097829794062005,True
V2R-PS,p049,f_mel,0.88,0.3784,1.036728969873411,True
V2R-PS,p049,f_mel,0.9,0.387,1.06309483473709,True
V2R-PS,p049,f_mel,0.92,0.3956,1.088896314116291,True
V2R-PS,p049,f_mel,0.9400000000000001,0.4042,1.1141487711596074,True
V2R-PS,p049,f_mel,0.96,0.4128,1.1388671840542124,True
V2R-PS,p049,f_mel,0.98,0.4214,1.163066143648064,True
V2R-PS,p049,f_mel,1.0,0.43,1.1867598550950365,True
V2R-PS,p049,f_blood,0.0,0.0,0.15849848204990313,True
V2R-PS,p049,f_blood,0.02,0.002,0.1490920844128006,True
V2R-PS,p049,f_blood,0.04,0.004,0.14218165076606054,True
V2R-PS,p049,f_blood,0.06,0.006,0.13657405248622115,True
V2R-PS,p049,f_blood,0.08,0.008,0.1317999741441933,True
V2R-PS,p049,f_blood,0.1,0.010000000000000002,0.12761702279279497,True
V2R-PS,p049,f_blood,0.12,0.012,0.12388076194558494,True
V2R-PS,p049,f_blood,0.14,0.014000000000000002,0.12049699585503072,True
V2R-PS,p049,f_blood,0.16,0.016,0.11740031943762692,True
V2R-PS,p049,f_blood,0.18,0.018,0.11454316817755321,True
V2R-PS,p049,f_blood,0.2,0.020000000000000004,0.11188969757665401,True
V2R-PS,p049,f_blood,0.22,0.022000000000000002,0.10941212001976663,True
V2R-PS,p049,f_blood,0.24,0.024,0.10708839174951847,True
V2R-PS,p049,f_blood,0.26,0.026000000000000002,0.10490068786401525,True
V2R-PS,p049,f_blood,0.28,0.028000000000000004,0.10283436039636237,True
V2R-PS,p049,f_blood,0.3,0.03,0.10087720482894073,True
V2R-PS,p049,f_blood,0.32,0.032,0.09901893040411354,True
V2R-PS,p049,f_blood,0.34,0.034,0.09725076909936772,True
V2R-PS,p049,f_blood,0.36,0.036,0.09556518137593281,True
V2R-PS,p049,f_blood,0.38,0.038000000000000006,0.09395563098093299,True
V2R-PS,p049,f_blood,0.4,0.04000000000000001,0.09241640999739767,True
V2R-PS,p049,f_blood,0.42,0.042,0.09094250109976827,True
V2R-PS,p049,f_blood,0.44,0.044000000000000004,0.08952946779023595,True
V2R-PS,p049,f_blood,0.46,0.046000000000000006,0.08817336597557211,True
V2R-PS,p049,f_blood,0.48,0.048,0.08687067202792034,True
V2R-PS,p049,f_blood,0.5,0.05,0.08561822372612585,True
V2R-PS,p049,f_blood,0.52,0.052000000000000005,0.08441317136866586,True
V2R-PS,p049,f_blood,0.54,0.054000000000000006,0.08325293699710232,True
V2R-PS,p049,f_blood,0.56,0.05600000000000001,0.0821351801445285,True
V2R-PS,p049,f_blood,0.58,0.057999999999999996,0.08105776887686074,True
V2R-PS,p049,f_blood,0.6,0.06,0.08001875516041389,True
V2R-PS,p049,f_blood,0.62,0.062,0.07901635379091328,True
V2R-PS,p049,f_blood,0.64,0.064,0.07804892427379537,True
V2R-PS,p049,f_blood,0.66,0.066,0.07711495516537446,True
V2R-PS,p049,f_blood,0.68,0.068,0.07621305047790189,True
V2R-PS,p049,f_blood,0.7000000000000001,0.07,0.07534191782505524,True
V2R-PS,p049,f_blood,0.72,0.072,0.07450035804266254,True
V2R-PS,p049,f_blood,0.74,0.074,0.07368725606597114,True
V2R-PS,p049,f_blood,0.76,0.07600000000000001,0.07290157288212674,True
V2R-PS,p049,f_blood,0.78,0.07800000000000001,0.0721423384067327,True
V2R-PS,p049,f_blood,0.8,0.08000000000000002,0.07140864515791061,True
V2R-PS,p049,f_blood,0.8200000000000001,0.08200000000000002,0.0706996426213633,True
V2R-PS,p049,f_blood,0.84,0.084,0.07001453221644095,True
V2R-PS,p049,f_blood,0.86,0.08600000000000001,0.06935256278683619,True
V2R-PS,p049,f_blood,0.88,0.08800000000000001,0.06871302655085047,True
V2R-PS,p049,f_blood,0.9,0.09000000000000001,0.06809525545559193,True
V2R-PS,p049,f_blood,0.92,0.09200000000000001,0.0674986178873611,True
V2R-PS,p049,f_blood,0.9400000000000001,0.09400000000000001,0.06692251569711007,True
V2R-PS,p049,f_blood,0.96,0.096,0.06636638150545275,True
V2R-PS,p049,f_blood,0.98,0.098,0.06582967625644083,True
V2R-PS,p049,f_blood,1.0,0.1,0.06531188699334146,True
V2R-PS,p050,f_mel,0.0,0.0,0.7532849000148439,True
V2R-PS,p050,f_mel,0.02,0.0086,0.6672121091270732,True
V2R-PS,p050,f_mel,0.04,0.0172,0.5849059655512778,True
V2R-PS,p050,f_mel,0.06,0.0258,0.5061313112592454,True
V2R-PS,p050,f_mel,0.08,0.0344,0.43069449394006,True
V2R-PS,p050,f_mel,0.1,0.043000000000000003,0.35844874817660455,True
V2R-PS,p050,f_mel,0.12,0.0516,0.2893161713231764,True
V2R-PS,p050,f_mel,0.14,0.060200000000000004,0.22335297120860353,True
V2R-PS,p050,f_mel,0.16,0.0688,0.16096164495830254,True
V2R-PS,p050,f_mel,0.18,0.0774,0.10377399101598322,True
V2R-PS,p050,f_mel,0.2,0.08600000000000001,0.05979673396791018,True
V2R-PS,p050,f_mel,0.2100395992155295,0.09031702766267768,0.05202533054180933,True
V2R-PS,p050,f_mel,0.22,0.0946,0.058829595489991206,True
V2R-PS,p050,f_mel,0.24,0.1032,0.08220704884891077,True
V2R-PS,p050,f_mel,0.26,0.1118,0.1089453654044404,True
V2R-PS,p050,f_mel,0.28,0.12040000000000001,0.13807021522164784,True
V2R-PS,p050,f_mel,0.3,0.129,0.16947694638865807,True
V2R-PS,p050,f_mel,0.32,0.1376,0.2033935090854689,True
V2R-PS,p050,f_mel,0.34,0.1462,0.24096204940653912,True
V2R-PS,p050,f_mel,0.36,0.1548,0.2827658328653217,True
V2R-PS,p050,f_mel,0.38,0.1634,0.3265127731695922,True
V2R-PS,p050,f_mel,0.4,0.17200000000000001,0.370897833376373,True
V2R-PS,p050,f_mel,0.42,0.18059999999999998,0.4152175578397592,True
V2R-PS,p050,f_mel,0.44,0.1892,0.45908251428850133,True
V2R-PS,p050,f_mel,0.46,0.1978,0.5022733849753489,True
V2R-PS,p050,f_mel,0.48,0.2064,0.5446668940215466,True
V2R-PS,p050,f_mel,0.5,0.215,0.586196052132678,True
V2R-PS,p050,f_mel,0.52,0.2236,0.6268278913809608,True
V2R-PS,p050,f_mel,0.54,0.23220000000000002,0.6665504991782474,True
V2R-PS,p050,f_mel,0.56,0.24080000000000001,0.7053652047880461,True
V2R-PS,p050,f_mel,0.58,0.24939999999999998,0.7432817310179132,True
V2R-PS,p050,f_mel,0.6,0.258,0.7803151111293756,True
V2R-PS,p050,f_mel,0.62,0.2666,0.8164836884568043,True
V2R-PS,p050,f_mel,0.64,0.2752,0.8518077977435299,True
V2R-PS,p050,f_mel,0.66,0.2838,0.8863088855503246,True
V2R-PS,p050,f_mel,0.68,0.2924,0.9200089190619704,True
V2R-PS,p050,f_mel,0.7000000000000001,0.30100000000000005,0.9529299875119464,True
V2R-PS,p050,f_mel,0.72,0.3096,0.9850940340720284,True
V2R-PS,p050,f_mel,0.74,0.3182,1.0165226771283529,True
V2R-PS,p050,f_mel,0.76,0.3268,1.0472370933512465,True
V2R-PS,p050,f_mel,0.78,0.33540000000000003,1.077257943759199,True
V2R-PS,p050,f_mel,0.8,0.34400000000000003,1.1066053298085787,True
V2R-PS,p050,f_mel,0.8200000000000001,0.3526,1.1352987704673196,True
V2R-PS,p050,f_mel,0.84,0.36119999999999997,1.1633571939115053,True
V2R-PS,p050,f_mel,0.86,0.36979999999999996,1.1907989393366958,True
V2R-PS,p050,f_mel,0.88,0.3784,1.2176417656707668,True
V2R-PS,p050,f_mel,0.9,0.387,1.243902864889002,True
V2R-PS,p050,f_mel,0.92,0.3956,1.2695988782828513,True
V2R-PS,p050,f_mel,0.9400000000000001,0.4042,1.294745914500505,True
V2R-PS,p050,f_mel,0.96,0.4128,1.3193595685144355,True
V2R-PS,p050,f_mel,0.98,0.4214,1.3434549409154077,True
V2R-PS,p050,f_mel,1.0,0.43,1.367046657111462,True
V2R-PS,p050,f_blood,0.0,0.0,0.16218998850697441,True
V2R-PS,p050,f_blood,0.02,0.002,0.15147585096748248,True
V2R-PS,p050,f_blood,0.04,0.004,0.14359848891078147,True
V2R-PS,p050,f_blood,0.06,0.006,0.1371945858310074,True
V2R-PS,p050,f_blood,0.08,0.008,0.1317304924297632,True
V2R-PS,p050,f_blood,0.1,0.010000000000000002,0.12693149678350427,True
V2R-PS,p050,f_blood,0.12,0.012,0.12263430159616152,True
V2R-PS,p050,f_blood,0.14,0.014000000000000002,0.11873260790492356,True
V2R-PS,p050,f_blood,0.16,0.016,0.11515271309725578,True
V2R-PS,p050,f_blood,0.18,0.018,0.11184107970952031,True
V2R-PS,p050,f_blood,0.2,0.020000000000000004,0.10875739932907769,True
V2R-PS,p050,f_blood,0.22,0.022000000000000002,0.10587044770962567,True
V2R-PS,p050,f_blood,0.24,0.024,0.10315547103723212,True
V2R-PS,p050,f_blood,0.26,0.026000000000000002,0.10059246467483156,True
V2R-PS,p050,f_blood,0.28,0.028000000000000004,0.09816499836145809,True
V2R-PS,p050,f_blood,0.3,0.03,0.09585938993112661,True
V2R-PS,p050,f_blood,0.32,0.032,0.09366410909095871,True
V2R-PS,p050,f_blood,0.34,0.034,0.09156933759685093,True
V2R-PS,p050,f_blood,0.36,0.036,0.08956663849282766,True
V2R-PS,p050,f_blood,0.38,0.038000000000000006,0.08764870311844274,True
V2R-PS,p050,f_blood,0.4,0.04000000000000001,0.08580915466878007,True
V2R-PS,p050,f_blood,0.42,0.042,0.084042393603517,True
V2R-PS,p050,f_blood,0.44,0.044000000000000004,0.08234347451195004,True
V2R-PS,p050,f_blood,0.46,0.046000000000000006,0.08070800695675046,True
V2R-PS,p050,f_blood,0.48,0.048,0.07913207483060417,True
V2R-PS,p050,f_blood,0.5,0.05,0.0776121701720337,True
V2R-PS,p050,f_blood,0.52,0.052000000000000005,0.07614513839415528,True
V2R-PS,p050,f_blood,0.54,0.054000000000000006,0.07472813260942582,True
V2R-PS,p050,f_blood,0.56,0.05600000000000001,0.07335857526851663,True
V2R-PS,p050,f_blood,0.58,0.057999999999999996,0.07203412572888043,True
V2R-PS,p050,f_blood,0.6,0.06,0.0707526526671549,True
V2R-PS,p050,f_blood,0.62,0.062,0.0695122104762216,True
V2R-PS,p050,f_blood,0.64,0.064,0.06831101896152371,True
V2R-PS,p050,f_blood,0.66,0.066,0.0671474457856959,True
V2R-PS,p050,f_blood,0.68,0.068,0.06601999121547039,True
V2R-PS,p050,f_blood,0.7000000000000001,0.07,0.06492727480733769,True
V2R-PS,p050,f_blood,0.72,0.072,0.06386802373382469,True
V2R-PS,p050,f_blood,0.74,0.074,0.06284106250444296,True
V2R-PS,p050,f_blood,0.76,0.07600000000000001,0.061845303877278636,True
V2R-PS,p050,f_blood,0.78,0.07800000000000001,0.060879740791095,True
V2R-PS,p050,f_blood,0.8,0.08000000000000002,0.05994343917539295,True
V2R-PS,p050,f_blood,0.8200000000000001,0.08200000000000002,0.05903553151843228,True
V2R-PS,p050,f_blood,0.84,0.084,0.05815521109177679,True
V2R-PS,p050,f_blood,0.86,0.08600000000000001,0.05730172674527885,True
V2R-PS,p050,f_blood,0.88,0.08800000000000001,0.056474378199183065,True
V2R-PS,p050,f_blood,0.9,0.09000000000000001,0.05567251177070063,True
V2R-PS,p050,f_blood,0.92,0.09200000000000001,0.05489551648136317,True
V2R-PS,p050,f_blood,0.9400000000000001,0.09400000000000001,0.054142820499034294,True
V2R-PS,p050,f_blood,0.96,0.096,0.05341388787487148,True
V2R-PS,p050,f_blood,0.98,0.098,0.05270821554100167,True
V2R-PS,p050,f_blood,1.0,0.1,0.05202533053936029,True
V2R-PS,p051,f_mel,0.0,0.0,0.7856151140735029,True
V2R-PS,p051,f_mel,0.02,0.0086,0.6995461245596953,True
V2R-PS,p051,f_mel,0.04,0.0172,0.6172291751804022,True
V2R-PS,p051,f_mel,0.06,0.0258,0.5384249661238766,True
V2R-PS,p051,f_mel,0.08,0.0344,0.4629320458874739,True
V2R-PS,p051,f_mel,0.1,0.043000000000000003,0.3905882722885896,True
V2R-PS,p051,f_mel,0.12,0.0516,0.3212828255629257,True
V2R-PS,p051,f_mel,0.14,0.060200000000000004,0.25499218041519955,True
V2R-PS,p051,f_mel,0.16,0.0688,0.1918870070512464,True
V2R-PS,p051,f_mel,0.18,0.0774,0.13271081267485757,True
V2R-PS,p051,f_mel,0.2,0.08600000000000001,0.08059629932186001,True
V2R-PS,p051,f_mel,0.22,0.0946,0.05165501345596388,True
V2R-PS,p051,f_mel,0.22131116874741355,0.09516380256138783,0.05151889201005934,True
V2R-PS,p051,f_mel,0.24,0.1032,0.06765861084340762,True
V2R-PS,p051,f_mel,0.26,0.1118,0.0923056532481666,True
V2R-PS,p051,f_mel,0.28,0.12040000000000001,0.11967690706376129,True
V2R-PS,p051,f_mel,0.3,0.129,0.14930088803567554,True
V2R-PS,p051,f_mel,0.32,0.1376,0.18125175855325049,True
V2R-PS,p051,f_mel,0.34,0.1462,0.21586790030714983,True
V2R-PS,p051,f_mel,0.36,0.1548,0.25499673198405765,True
V2R-PS,p051,f_mel,0.38,0.1634,0.2971957722142328,True
V2R-PS,p051,f_mel,0.4,0.17200000000000001,0.3406451759581012,True
V2R-PS,p051,f_mel,0.42,0.18059999999999998,0.38437531595407065,True
V2R-PS,p051,f_mel,0.44,0.1892,0.42785596094995987,True
V2R-PS,p051,f_mel,0.46,0.1978,0.4707899762029607,True
V2R-PS,p051,f_mel,0.48,0.2064,0.5130090232551182,True
V2R-PS,p051,f_mel,0.5,0.215,0.5544188531851392,True
V2R-PS,p051,f_mel,0.52,0.2236,0.5949693504885057,True
V2R-PS,p051,f_mel,0.54,0.23220000000000002,0.6346374378531782,True
V2R-PS,p051,f_mel,0.56,0.24080000000000001,0.6734169522315068,True
V2R-PS,p051,f_mel,0.58,0.24939999999999998,0.7113124535392528,True
V2R-PS,p051,f_mel,0.6,0.258,0.7483353334756125,True
V2R-PS,p051,f_mel,0.62,0.2666,0.7845013135715976,True
V2R-PS,p051,f_mel,0.64,0.2752,0.8198288063674205,True
V2R-PS,p051,f_mel,0.66,0.2838,0.8543378262647442,True
V2R-PS,p051,f_mel,0.68,0.2924,0.8880492580218426,True
V2R-PS,p051,f_mel,0.7000000000000001,0.30100000000000005,0.9209843622853308,True
V2R-PS,p051,f_mel,0.72,0.3096,0.9531644407141043,True
V2R-PS,p051,f_mel,0.74,0.3182,0.9846106099775898,True
V2R-PS,p051,f_mel,0.76,0.3268,1.0153436508277995,True
V2R-PS,p051,f_mel,0.78,0.33540000000000003,1.0453839093687938,True
V2R-PS,p051,f_mel,0.8,0.34400000000000003,1.0747512348291581,True
V2R-PS,p051,f_mel,0.8200000000000001,0.3526,1.1034649429424188,True
V2R-PS,p051,f_mel,0.84,0.36119999999999997,1.1315437972948037,True
V2R-PS,p051,f_mel,0.86,0.36979999999999996,1.1590060032361473,True
V2R-PS,p051,f_mel,0.88,0.3784,1.1858692105048592,True
V2R-PS,p051,f_mel,0.9,0.387,1.2121505218109103,True
V2R-PS,p051,f_mel,0.92,0.3956,1.2378665053963078,True
V2R-PS,p051,f_mel,0.9400000000000001,0.4042,1.2630332101474444,True
V2R-PS,p051,f_mel,0.96,0.4128,1.2876661822335993,True
V2R-PS,p051,f_mel,0.98,0.4214,1.3117804825369508,True
V2R-PS,p051,f_mel,1.0,0.43,1.3353907043425164,True
V2R-PS,p051,f_blood,0.0,0.0,0.15938941202589513,True
V2R-PS,p051,f_blood,0.02,0.002,0.148905155519702,True
V2R-PS,p051,f_blood,0.04,0.004,0.14119448766432666,True
V2R-PS,p051,f_blood,0.06,0.006,0.13492513158714695,True
V2R-PS,p051,f_blood,0.08,0.008,0.12957539880555052,True
V2R-PS,p051,f_blood,0.1,0.010000000000000002,0.12487663766161373,True
V2R-PS,p051,f_blood,0.12,0.012,0.12066910371796277,True
V2R-PS,p051,f_blood,0.14,0.014000000000000002,0.11684878373937099,True
V2R-PS,p051,f_blood,0.16,0.016,0.11334354435512208,True
V2R-PS,p051,f_blood,0.18,0.018,0.11010097862919901,True
V2R-PS,p051,f_blood,0.2,0.020000000000000004,0.10708162350674455,True
V2R-PS,p051,f_blood,0.22,0.022000000000000002,0.10425490588649508,True
V2R-PS,p051,f_blood,0.24,0.024,0.10159658577995169,True
V2R-PS,p051,f_blood,0.26,0.026000000000000002,0.09908707224185052,True
V2R-PS,p051,f_blood,0.28,0.028000000000000004,0.09671027377401044,True
V2R-PS,p051,f_blood,0.3,0.03,0.09445278965814578,True
V2R-PS,p051,f_blood,0.32,0.032,0.09230332636863749,True
V2R-PS,p051,f_blood,0.34,0.034,0.09025226701776434,True
V2R-PS,p051,f_blood,0.36,0.036,0.0882913475309456,True
V2R-PS,p051,f_blood,0.38,0.038000000000000006,0.08641340893462911,True
V2R-PS,p051,f_blood,0.4,0.04000000000000001,0.08461220499883715,True
V2R-PS,p051,f_blood,0.42,0.042,0.08288225084634696,True
V2R-PS,p051,f_blood,0.44,0.044000000000000004,0.08121870235740024,True
V2R-PS,p051,f_blood,0.46,0.046000000000000006,0.07961725905173023,True
V2R-PS,p051,f_blood,0.48,0.048,0.07807408509782508,True
V2R-PS,p051,f_blood,0.5,0.05,0.07658574448125019,True
V2R-PS,p051,f_blood,0.52,0.052000000000000005,0.07514914734981559,True
V2R-PS,p051,f_blood,0.54,0.054000000000000006,0.07376150526718106,True
V2R-PS,p051,f_blood,0.56,0.05600000000000001,0.07242029363024131,True
V2R-PS,p051,f_blood,0.58,0.057999999999999996,0.07112321989468326,True
V2R-PS,p051,f_blood,0.6,0.06,0.06986819654540011,True
V2R-PS,p051,f_blood,0.62,0.062,0.06865331797037666,True
V2R-PS,p051,f_blood,0.64,0.064,0.06747684056680996,True
V2R-PS,p051,f_blood,0.66,0.066,0.06633716553988038,True
V2R-PS,p051,f_blood,0.68,0.068,0.0652328239573188,True
V2R-PS,p051,f_blood,0.7000000000000001,0.07,0.06416246370371953,True
V2R-PS,p051,f_blood,0.72,0.072,0.06312483804258699,True
V2R-PS,p051,f_blood,0.74,0.074,0.062118795545207176,True
V2R-PS,p051,f_blood,0.76,0.07600000000000001,0.06114327118650415,True
V2R-PS,p051,f_blood,0.78,0.07800000000000001,0.06019727844123638,True
V2R-PS,p051,f_blood,0.8,0.08000000000000002,0.05927990224089978,True
V2R-PS,p051,f_blood,0.8200000000000001,0.08200000000000002,0.058390292673798395,True
V2R-PS,p051,f_blood,0.84,0.084,0.057527659328925465,True
V2R-PS,p051,f_blood,0.86,0.08600000000000001,0.05669126619933255,True
V2R-PS,p051,f_blood,0.88,0.08800000000000001,0.055880427073169585,True
V2R-PS,p051,f_blood,0.9,0.09000000000000001,0.055094501351025935,True
V2R-PS,p051,f_blood,0.92,0.09200000000000001,0.05433289023697928,True
V2R-PS,p051,f_blood,0.9400000000000001,0.09400000000000001,0.05359503325816575,True
V2R-PS,p051,f_blood,0.96,0.096,0.052880405073966616,True
V2R-PS,p051,f_blood,0.98,0.098,0.052188512541259516,True
V2R-PS,p051,f_blood,1.0,0.1,0.0515188920067662,True
V2R-PSG,p003,f_mel,0.0,0.0,0.7144185442630918,True
V2R-PSG,p003,f_mel,0.02,0.0086,0.6276444769611904,True
V2R-PSG,p003,f_mel,0.04,0.0172,0.5447153667896479,True
V2R-PSG,p003,f_mel,0.06,0.0258,0.465407641289309,True
V2R-PSG,p003,f_mel,0.08,0.0344,0.3895527378285816,True
V2R-PSG,p003,f_mel,0.1,0.043000000000000003,0.3170565631284986,True
V2R-PSG,p003,f_mel,0.12,0.0516,0.24795982177394424,True
V2R-PSG,p003,f_mel,0.14,0.060200000000000004,0.1826265166565125,True
V2R-PSG,p003,f_mel,0.16,0.0688,0.12246017693691717,True
V2R-PSG,p003,f_mel,0.18,0.0774,0.07353962883980567,True
V2R-PSG,p003,f_mel,0.2,0.08600000000000001,0.05561856932030987,True
V2R-PSG,p003,f_mel,0.20536131550623787,0.08830536566768228,0.05495560247358992,True
V2R-PSG,p003,f_mel,0.22,0.0946,0.05985566922166931,True
V2R-PSG,p003,f_mel,0.24,0.1032,0.0792840890872231,True
V2R-PSG,p003,f_mel,0.26,0.1118,0.10723649135761616,True
V2R-PSG,p003,f_mel,0.28,0.12040000000000001,0.14014462660284113,True
V2R-PSG,p003,f_mel,0.3,0.129,0.1768465613515907,True
V2R-PSG,p003,f_mel,0.32,0.1376,0.21921291117471356,True
V2R-PSG,p003,f_mel,0.34,0.1462,0.26562585854405163,True
V2R-PSG,p003,f_mel,0.36,0.1548,0.31338683809436724,True
V2R-PSG,p003,f_mel,0.38,0.1634,0.3612539655124435,True
V2R-PSG,p003,f_mel,0.4,0.17200000000000001,0.4086267462984121,True
V2R-PSG,p003,f_mel,0.42,0.18059999999999998,0.45520369574983927,True
V2R-PSG,p003,f_mel,0.44,0.1892,0.500832541021637,True
V2R-PSG,p003,f_mel,0.46,0.1978,0.5454400060273513,True
V2R-PSG,p003,f_mel,0.48,0.2064,0.5889966146154548,True
V2R-PSG,p003,f_mel,0.5,0.215,0.6314979868977865,True
V2R-PSG,p003,f_mel,0.52,0.2236,0.672954403512113,True
V2R-PSG,p003,f_mel,0.54,0.23220000000000002,0.7133847465167763,True
V2R-PSG,p003,f_mel,0.56,0.24080000000000001,0.7528128678391249,True
V2R-PSG,p003,f_mel,0.58,0.24939999999999998,0.7912653587964463,True
V2R-PSG,p003,f_mel,0.6,0.258,0.8287701559139018,True
V2R-PSG,p003,f_mel,0.62,0.2666,0.865355660235289,True
V2R-PSG,p003,f_mel,0.64,0.2752,0.9010501794106875,True
V2R-PSG,p003,f_mel,0.66,0.2838,0.9358815765929687,True
V2R-PSG,p003,f_mel,0.68,0.2924,0.9698770538432666,True
V2R-PSG,p003,f_mel,0.7000000000000001,0.30100000000000005,1.0030630239864702,True
V2R-PSG,p003,f_mel,0.72,0.3096,1.0354650410260646,True
V2R-PSG,p003,f_mel,0.74,0.3182,1.0671077694130386,True
V2R-PSG,p003,f_mel,0.76,0.3268,1.0980149790073694,True
V2R-PSG,p003,f_mel,0.78,0.33540000000000003,1.1282095568485206,True
V2R-PSG,p003,f_mel,0.8,0.34400000000000003,1.1577135296910424,True
V2R-PSG,p003,f_mel,0.8200000000000001,0.3526,1.1865480931717518,True
V2R-PSG,p003,f_mel,0.84,0.36119999999999997,1.2147336447750627,True
V2R-PSG,p003,f_mel,0.86,0.36979999999999996,1.2422898186565674,True
V2R-PSG,p003,f_mel,0.88,0.3784,1.2692355210040855,True
V2R-PSG,p003,f_mel,0.9,0.387,1.2955889650473238,True
V2R-PSG,p003,f_mel,0.92,0.3956,1.3213677051283692,True
V2R-PSG,p003,f_mel,0.9400000000000001,0.4042,1.3465886694613352,True
V2R-PSG,p003,f_mel,0.96,0.4128,1.3712681913544966,True
V2R-PSG,p003,f_mel,0.98,0.4214,1.395422038773432,True
V2R-PSG,p003,f_mel,1.0,0.43,1.4190654422016002,True
V2R-PSG,p003,f_blood,0.0,0.0,0.1323186648877059,True
V2R-PSG,p003,f_blood,0.02,0.002,0.12104925411287805,True
V2R-PSG,p003,f_blood,0.04,0.004,0.11285436839236776,True
V2R-PSG,p003,f_blood,0.06,0.006,0.10628334699433419,True
V2R-PSG,p003,f_blood,0.08,0.008,0.10076258666896606,True
V2R-PSG,p003,f_blood,0.1,0.010000000000000002,0.09599513979023863,True
V2R-PSG,p003,f_blood,0.12,0.012,0.09180389016916694,True
V2R-PSG,p003,f_blood,0.14,0.014000000000000002,0.08807331137356504,True
V2R-PSG,p003,f_blood,0.16,0.016,0.08472321422264847,True
V2R-PSG,p003,f_blood,0.18,0.018,0.08169531568072655,True
V2R-PSG,p003,f_blood,0.2,0.020000000000000004,0.0789457165585641,True
V2R-PSG,p003,f_blood,0.22,0.022000000000000002,0.07644039046043603,True
V2R-PSG,p003,f_blood,0.24,0.024,0.07415232931924833,True
V2R-PSG,p003,f_blood,0.26,0.026000000000000002,0.07205965706638785,True
V2R-PSG,p003,f_blood,0.28,0.028000000000000004,0.07014433762567403,True
V2R-PSG,p003,f_blood,0.3,0.03,0.06839126303472602,True
V2R-PSG,p003,f_blood,0.32,0.032,0.06678759334294378,True
V2R-PSG,p003,f_blood,0.34,0.034,0.06532226841367256,True
V2R-PSG,p003,f_blood,0.36,0.036,0.06398564028744204,True
V2R-PSG,p003,f_blood,0.38,0.038000000000000006,0.06276919215457676,True
V2R-PSG,p003,f_blood,0.4,0.04000000000000001,0.06166532091300042,True
V2R-PSG,p003,f_blood,0.42,0.042,0.06066716733455795,True
V2R-PSG,p003,f_blood,0.44,0.044000000000000004,0.05976848251198249,True
V2R-PSG,p003,f_blood,0.46,0.046000000000000006,0.05896352238599142,True
V2R-PSG,p003,f_blood,0.48,0.048,0.05824696429290436,True
V2R-PSG,p003,f_blood,0.5,0.05,0.057613840962692835,True
V2R-PSG,p003,f_blood,0.52,0.052000000000000005,0.05705948845040247,True
V2R-PSG,p003,f_blood,0.54,0.054000000000000006,0.056579505241178635,True
V2R-PSG,p003,f_blood,0.56,0.05600000000000001,0.056169720324420816,True
V2R-PSG,p003,f_blood,0.58,0.057999999999999996,0.05582616844909951,True
V2R-PSG,p003,f_blood,0.6,0.06,0.055545071092890815,True
V2R-PSG,p003,f_blood,0.62,0.062,0.055322821931618756,True
V2R-PSG,p003,f_blood,0.64,0.064,0.05515597580216983,True
V2R-PSG,p003,f_blood,0.66,0.066,0.05504124032458922,True
V2R-PSG,p003,f_blood,0.68,0.068,0.05497546949599851,True
V2R-PSG,p003,f_blood,0.6989793289125336,0.06989793289125336,0.054955602473589965,True
V2R-PSG,p003,f_blood,0.7000000000000001,0.07,0.054955658695715025,True
V2R-PSG,p003,f_blood,0.72,0.072,0.05497894065092647,True
V2R-PSG,p003,f_blood,0.74,0.074,0.05504258200760488,True
V2R-PSG,p003,f_blood,0.76,0.07600000000000001,0.05514398023347759,True
V2R-PSG,p003,f_blood,0.78,0.07800000000000001,0.055280660649831045,True
V2R-PSG,p003,f_blood,0.8,0.08000000000000002,0.05545027344763619,True
V2R-PSG,p003,f_blood,0.8200000000000001,0.08200000000000002,0.05565059059183076,True
V2R-PSG,p003,f_blood,0.84,0.084,0.055879502556534406,True
V2R-PSG,p003,f_blood,0.86,0.08600000000000001,0.05613501486449783,True
V2R-PSG,p003,f_blood,0.88,0.08800000000000001,0.05641524442724084,True
V2R-PSG,p003,f_blood,0.9,0.09000000000000001,0.05671841569917368,True
V2R-PSG,p003,f_blood,0.92,0.09200000000000001,0.05704285667053978,True
V2R-PSG,p003,f_blood,0.9400000000000001,0.09400000000000001,0.057386994731237075,True
V2R-PSG,p003,f_blood,0.96,0.096,0.05774935244136037,True
V2R-PSG,p003,f_blood,0.98,0.098,0.05812854324544575,True
V2R-PSG,p003,f_blood,1.0,0.1,0.05852326716657239,True
V2R-PSG,p004,f_mel,0.0,0.0,0.8168425445134967,True
V2R-PSG,p004,f_mel,0.02,0.0086,0.7301394550324839,True
V2R-PSG,p004,f_mel,0.04,0.0172,0.6472145803570749,True
V2R-PSG,p004,f_mel,0.06,0.0258,0.5678309785205096,True
V2R-PSG,p004,f_mel,0.08,0.0344,0.4917903906203954,True
V2R-PSG,p004,f_mel,0.1,0.043000000000000003,0.4189345442850502,True
V2R-PSG,p004,f_mel,0.12,0.0516,0.34915627319449594,True
V2R-PSG,p004,f_mel,0.14,0.060200000000000004,0.2824312934197789,True
V2R-PSG,p004,f_mel,0.16,0.0688,0.21890542497525836,True
V2R-PSG,p004,f_mel,0.18,0.0774,0.15916659109195794,True
V2R-PSG,p004,f_mel,0.2,0.08600000000000001,0.10530524060769994,True
V2R-PSG,p004,f_mel,0.22,0.0946,0.06604399718333581,True
V2R-PSG,p004,f_mel,0.24,0.1032,0.0538912655079422,True
V2R-PSG,p004,f_mel,0.2457980403024273,0.10569315733004374,0.05319776412006476,True
V2R-PSG,p004,f_mel,0.26,0.1118,0.05739660413104116,True
V2R-PSG,p004,f_mel,0.28,0.12040000000000001,0.0752140448030332,True
V2R-PSG,p004,f_mel,0.3,0.129,0.10165547585452268,True
V2R-PSG,p004,f_mel,0.32,0.1376,0.13339746158484939,True
V2R-PSG,p004,f_mel,0.34,0.1462,0.1703385996947564,True
V2R-PSG,p004,f_mel,0.36,0.1548,0.2135616538299959,True
V2R-PSG,p004,f_mel,0.38,0.1634,0.2592923574314742,True
V2R-PSG,p004,f_mel,0.4,0.17200000000000001,0.3056241069437316,True
V2R-PSG,p004,f_mel,0.42,0.18059999999999998,0.35170314706793604,True
V2R-PSG,p004,f_mel,0.44,0.1892,0.39712299045415156,True
V2R-PSG,p004,f_mel,0.46,0.1978,0.4416836650394911,True
V2R-PSG,p004,f_mel,0.48,0.2064,0.4852881552909164,True
V2R-PSG,p004,f_mel,0.5,0.215,0.5278940129697811,True
V2R-PSG,p004,f_mel,0.52,0.2236,0.5694890506066504,True
V2R-PSG,p004,f_mel,0.54,0.23220000000000002,0.610078375583862,True
V2R-PSG,p004,f_mel,0.56,0.24080000000000001,0.6496771266136884,True
V2R-PSG,p004,f_mel,0.58,0.24939999999999998,0.6883062417486261,True
V2R-PSG,p004,f_mel,0.6,0.258,0.7259899155781275,True
V2R-PSG,p004,f_mel,0.62,0.2666,0.7627540356406778,True
V2R-PSG,p004,f_mel,0.64,0.2752,0.7986252056540496,True
V2R-PSG,p004,f_mel,0.66,0.2838,0.8336301302870124,True
V2R-PSG,p004,f_mel,0.68,0.2924,0.8677952278181239,True
V2R-PSG,p004,f_mel,0.7000000000000001,0.30100000000000005,0.9011463890971699,True
V2R-PSG,p004,f_mel,0.72,0.3096,0.9337088317690072,True
V2R-PSG,p004,f_mel,0.74,0.3182,0.9655070171449892,True
V2R-PSG,p004,f_mel,0.76,0.3268,0.9965646085004671,True
V2R-PSG,p004,f_mel,0.78,0.33540000000000003,1.0269044567778234,True
V2R-PSG,p004,f_mel,0.8,0.34400000000000003,1.0565486043147108,True
V2R-PSG,p004,f_mel,0.8200000000000001,0.3526,1.085518300258799,True
V2R-PSG,p004,f_mel,0.84,0.36119999999999997,1.1138340233541977,True
V2R-PSG,p004,f_mel,0.86,0.36979999999999996,1.1415155091491709,True
V2R-PSG,p004,f_mel,0.88,0.3784,1.1685817796049898,True
V2R-PSG,p004,f_mel,0.9,0.387,1.1950511737261242,True
V2R-PSG,p004,f_mel,0.92,0.3956,1.220941378276182,True
V2R-PSG,p004,f_mel,0.9400000000000001,0.4042,1.2462694579540932,True
V2R-PSG,p004,f_mel,0.96,0.4128,1.2710518846221694,True
V2R-PSG,p004,f_mel,0.98,0.4214,1.2953045653310495,True
V2R-PSG,p004,f_mel,1.0,0.43,1.3190428689924745,True
V2R-PSG,p004,f_blood,0.0,0.0,0.11374334913018079,True
V2R-PSG,p004,f_blood,0.02,0.002,0.10368785158760492,True
V2R-PSG,p004,f_blood,0.04,0.004,0.09644599639281391,True
V2R-PSG,p004,f_blood,0.06,0.006,0.09069773839420375,True
V2R-PSG,p004,f_blood,0.08,0.008,0.0859199242037529,True
V2R-PSG,p004,f_blood,0.1,0.010000000000000002,0.08184121415349968,True
V2R-PSG,p004,f_blood,0.12,0.012,0.07829946912780851,True
V2R-PSG,p004,f_blood,0.14,0.014000000000000002,0.07518870502178512,True
V2R-PSG,p004,f_blood,0.16,0.016,0.07243515009789736,True
V2R-PSG,p004,f_blood,0.18,0.018,0.06998498147402643,True
V2R-PSG,p004,f_blood,0.2,0.020000000000000004,0.06779745055118908,True
V2R-PSG,p004,f_blood,0.22,0.022000000000000002,0.06584075831072435,True
V2R-PSG,p004,f_blood,0.24,0.024,0.0640894457027655,True
V2R-PSG,p004,f_blood,0.26,0.026000000000000002,0.06252267115120778,True
V2R-PSG,p004,f_blood,0.28,0.028000000000000004,0.06112303394502649,True
V2R-PSG,p004,f_blood,0.3,0.03,0.05987574778530279,True
V2R-PSG,p004,f_blood,0.32,0.032,0.05876804700198266,True
V2R-PSG,p004,f_blood,0.34,0.034,0.05778875211478402,True
V2R-PSG,p004,f_blood,0.36,0.036,0.05692794737628765,True
V2R-PSG,p004,f_blood,0.38,0.038000000000000006,0.05617673874757714,True
V2R-PSG,p004,f_blood,0.4,0.04000000000000001,0.05552707069070563,True
V2R-PSG,p004,f_blood,0.42,0.042,0.05497158658203888,True
V2R-PSG,p004,f_blood,0.44,0.044000000000000004,0.05450352181143453,True
V2R-PSG,p004,f_blood,0.46,0.046000000000000006,0.0541166215348774,True
V2R-PSG,p004,f_blood,0.48,0.048,0.05380507707759651,True
V2R-PSG,p004,f_blood,0.5,0.05,0.053563476440713145,True
V2R-PSG,p004,f_blood,0.52,0.052000000000000005,0.05338676543556723,True
V2R-PSG,p004,f_blood,0.54,0.054000000000000006,0.053270216776063556,True
V2R-PSG,p004,f_blood,0.56,0.05600000000000001,0.05320940507807533,True
V2R-PSG,p004,f_blood,0.5736785191478959,0.057367851914789596,0.05319776412006476,True
V2R-PSG,p004,f_blood,0.58,0.057999999999999996,0.05320018619677323,True
V2R-PSG,p004,f_blood,0.6,0.06,0.05323867971144623,True
V2R-PSG,p004,f_blood,0.62,0.062,0.05332125366612402,True
V2R-PSG,p004,f_blood,0.64,0.064,0.05344451090952757,True
V2R-PSG,p004,f_blood,0.66,0.066,0.05360527656185801,True
V2R-PSG,p004,f_blood,0.68,0.068,0.05380058627818572,True
V2R-PSG,p004,f_blood,0.7000000000000001,0.07,0.054027675086493095,True
V2R-PSG,p004,f_blood,0.72,0.072,0.054283966659164906,True
V2R-PSG,p004,f_blood,0.74,0.074,0.05456706293538204,True
V2R-PSG,p004,f_blood,0.76,0.07600000000000001,0.05487473405306583,True
V2R-PSG,p004,f_blood,0.78,0.07800000000000001,0.055204908576654825,True
V2R-PSG,p004,f_blood,0.8,0.08000000000000002,0.055555664024323166,True
V2R-PSG,p004,f_blood,0.8200000000000001,0.08200000000000002,0.05592521770795131,True
V2R-PSG,p004,f_blood,0.84,0.084,0.05631191790339785,True
V2R-PSG,p004,f_blood,0.86,0.08600000000000001,0.056714235369094146,True
V2R-PSG,p004,f_blood,0.88,0.08800000000000001,0.0571307552290253,True
V2R-PSG,p004,f_blood,0.9,0.09000000000000001,0.05756016923274775,True
V2R-PSG,p004,f_blood,0.92,0.09200000000000001,0.058001268400971515,True
V2R-PSG,p004,f_blood,0.9400000000000001,0.09400000000000001,0.05845293606090003,True
V2R-PSG,p004,f_blood,0.96,0.096,0.05891414127133001,True
V2R-PSG,p004,f_blood,0.98,0.098,0.05938393263368031,True
V2R-PSG,p004,f_blood,1.0,0.1,0.059861432481765425,True
V2R-PSG,p005,f_mel,0.0,0.0,0.9455878468586288,True
V2R-PSG,p005,f_mel,0.02,0.0086,0.8592786770921118,True
V2R-PSG,p005,f_mel,0.04,0.0172,0.7767086811342218,True
V2R-PSG,p005,f_mel,0.06,0.0258,0.6976272284372783,True
V2R-PSG,p005,f_mel,0.08,0.0344,0.6218165196193083,True
V2R-PSG,p005,f_mel,0.1,0.043000000000000003,0.5490870744877765,True
V2R-PSG,p005,f_mel,0.12,0.0516,0.4792765417708027,True
V2R-PSG,p005,f_mel,0.14,0.060200000000000004,0.4122524721887623,True
V2R-PSG,p005,f_mel,0.16,0.0688,0.3479216134095318,True
V2R-PSG,p005,f_mel,0.18,0.0774,0.2862529577352102,True
V2R-PSG,p005,f_mel,0.2,0.08600000000000001,0.22733565521472074,True
V2R-PSG,p005,f_mel,0.22,0.0946,0.17154220730427316,True
V2R-PSG,p005,f_mel,0.24,0.1032,0.12008165282888489,True
V2R-PSG,p005,f_mel,0.26,0.1118,0.07733940777003408,True
V2R-PSG,p005,f_mel,0.28,0.12040000000000001,0.058844531666919477,True
V2R-PSG,p005,f_mel,0.28312191846697454,0.12174242494079905,0.05868276588056696,True
V2R-PSG,p005,f_mel,0.3,0.129,0.06333440783782272,True
V2R-PSG,p005,f_mel,0.32,0.1376,0.07899034226165946,True
V2R-PSG,p005,f_mel,0.34,0.1462,0.10180465808406934,True
V2R-PSG,p005,f_mel,0.36,0.1548,0.12921403639904835,True
V2R-PSG,p005,f_mel,0.38,0.1634,0.16011764637028425,True
V2R-PSG,p005,f_mel,0.4,0.17200000000000001,0.19512213718909588,True
V2R-PSG,p005,f_mel,0.42,0.18059999999999998,0.2344513949665536,True
V2R-PSG,p005,f_mel,0.44,0.1892,0.27561041001355074,True
V2R-PSG,p005,f_mel,0.46,0.1978,0.31730529100974736,True
V2R-PSG,p005,f_mel,0.48,0.2064,0.358879322792483,True
V2R-PSG,p005,f_mel,0.5,0.215,0.3999851384875487,True
V2R-PSG,p005,f_mel,0.52,0.2236,0.4404340873577663,True
V2R-PSG,p005,f_mel,0.54,0.23220000000000002,0.4801235583487713,True
V2R-PSG,p005,f_mel,0.56,0.24080000000000001,0.518999840912331,True
V2R-PSG,p005,f_mel,0.58,0.24939999999999998,0.5570380933735537,True
V2R-PSG,p005,f_mel,0.6,0.258,0.5942310142445083,True
V2R-PSG,p005,f_mel,0.62,0.2666,0.6305821708310421,True
V2R-PSG,p005,f_mel,0.64,0.2752,0.6661019344578268,True
V2R-PSG,p005,f_mel,0.66,0.2838,0.7008049328689997,True
V2R-PSG,p005,f_mel,0.68,0.2924,0.7347084162572971,True
V2R-PSG,p005,f_mel,0.7000000000000001,0.30100000000000005,0.7678311899109853,True
V2R-PSG,p005,f_mel,0.72,0.3096,0.8001929073077325,True
V2R-PSG,p005,f_mel,0.74,0.3182,0.8318135975576284,True
V2R-PSG,p005,f_mel,0.76,0.3268,0.8627133480681904,True
V2R-PSG,p005,f_mel,0.78,0.33540000000000003,0.8929120916405097,True
V2R-PSG,p005,f_mel,0.8,0.34400000000000003,0.9224294647349528,True
V2R-PSG,p005,f_mel,0.8200000000000001,0.3526,0.9512847147364469,True
V2R-PSG,p005,f_mel,0.84,0.36119999999999997,0.9794966412115089,True
V2R-PSG,p005,f_mel,0.86,0.36979999999999996,1.0070835608592479,True
V2R-PSG,p005,f_mel,0.88,0.3784,1.0340632890075008,True
V2R-PSG,p005,f_mel,0.9,0.387,1.0604531326418845,True
V2R-PSG,p005,f_mel,0.92,0.3956,1.086269891424695,True
V2R-PSG,p005,f_mel,0.9400000000000001,0.4042,1.1115298641829103,True
V2R-PSG,p005,f_mel,0.96,0.4128,1.1362488590634954,True
V2R-PSG,p005,f_mel,0.98,0.4214,1.1604422060647392,True
V2R-PSG,p005,f_mel,1.0,0.43,1.1841247710171123,True
V2R-PSG,p005,f_blood,0.0,0.0,0.1273082058985231,True
V2R-PSG,p005,f_blood,0.02,0.002,0.11796032997765867,True
V2R-PSG,p005,f_blood,0.04,0.004,0.11116527900367848,True
V2R-PSG,p005,f_blood,0.06,0.006,0.10571981507841953,True
V2R-PSG,p005,f_blood,0.08,0.008,0.10114608739192842,True
V2R-PSG,p005,f_blood,0.1,0.010000000000000002,0.0971958272358769,True
V2R-PSG,p005,f_blood,0.12,0.012,0.09372048483096665,True
V2R-PSG,p005,f_blood,0.14,0.014000000000000002,0.09062288068346057,True
V2R-PSG,p005,f_blood,0.16,0.016,0.08783536808900248,True
V2R-PSG,p005,f_blood,0.18,0.018,0.08530864323747676,True
V2R-PSG,p005,f_blood,0.2,0.020000000000000004,0.0830054712161886,True
V2R-PSG,p005,f_blood,0.22,0.022000000000000002,0.08089692122061493,True
V2R-PSG,p005,f_blood,0.24,0.024,0.07895998402921066,True
V2R-PSG,p005,f_blood,0.26,0.026000000000000002,0.07717599816397012,True
V2R-PSG,p005,f_blood,0.28,0.028000000000000004,0.07552957284486884,True
V2R-PSG,p005,f_blood,0.3,0.03,0.07400782875121481,True
V2R-PSG,p005,f_blood,0.32,0.032,0.0725998491615822,True
V2R-PSG,p005,f_blood,0.34,0.034,0.07129627449835285,True
V2R-PSG,p005,f_blood,0.36,0.036,0.0700889971398264,True
V2R-PSG,p005,f_blood,0.38,0.038000000000000006,0.06897092791761579,True
V2R-PSG,p005,f_blood,0.4,0.04000000000000001,0.06793581488382551,True
V2R-PSG,p005,f_blood,0.42,0.042,0.06697810086512089,True
V2R-PSG,p005,f_blood,0.44,0.044000000000000004,0.06609281025393637,True
V2R-PSG,p005,f_blood,0.46,0.046000000000000006,0.06527545815128319,True
V2R-PSG,p005,f_blood,0.48,0.048,0.06452197681546626,True
V2R-PSG,p005,f_blood,0.5,0.05,0.06382865566399368,True
V2R-PSG,p005,f_blood,0.52,0.052000000000000005,0.06319209199918448,True
V2R-PSG,p005,f_blood,0.54,0.054000000000000006,0.06260915029691173,True
V2R-PSG,p005,f_blood,0.56,0.05600000000000001,0.06207692838920885,True
V2R-PSG,p005,f_blood,0.58,0.057999999999999996,0.061592729236897154,True
V2R-PSG,p005,f_blood,0.6,0.06,0.06115403726346522,True
V2R-PSG,p005,f_blood,0.62,0.062,0.0607584984308695,True
V2R-PSG,p005,f_blood,0.64,0.064,0.06040390339912601,True
V2R-PSG,p005,f_blood,0.66,0.066,0.06008817323695393,True
V2R-PSG,p005,f_blood,0.68,0.068,0.059809347249253846,True
V2R-PSG,p005,f_blood,0.7000000000000001,0.07,0.05956557256537444,True
V2R-PSG,p005,f_blood,0.72,0.072,0.059355095194719903,True
V2R-PSG,p005,f_blood,0.74,0.074,0.05917625230681994,True
V2R-PSG,p005,f_blood,0.76,0.07600000000000001,0.05902746553417454,True
V2R-PSG,p005,f_blood,0.78,0.07800000000000001,0.05890723512997337,True
V2R-PSG,p005,f_blood,0.8,0.08000000000000002,0.05881413484070456,True
V2R-PSG,p005,f_blood,0.8200000000000001,0.08200000000000002,0.058746807376839634,True
V2R-PSG,p005,f_blood,0.84,0.084,0.0587039603841253,True
V2R-PSG,p005,f_blood,0.86,0.08600000000000001,0.05868436283420276,True
V2R-PSG,p005,f_blood,0.8676583480581993,0.08676583480581994,0.05868276588056719,True
V2R-PSG,p005,f_blood,0.88,0.08800000000000001,0.05868684176687115,True
V2R-PSG,p005,f_blood,0.9,0.09000000000000001,0.058710279327741914,True
V2R-PSG,p005,f_blood,0.92,0.09200000000000001,0.0587536100546419,True
V2R-PSG,p005,f_blood,0.9400000000000001,0.09400000000000001,0.05881581837421254,True
V2R-PSG,p005,f_blood,0.96,0.096,0.058895936276936955,True
V2R-PSG,p005,f_blood,0.98,0.098,0.05899304114451855,True
V2R-PSG,p005,f_blood,1.0,0.1,0.05910625370828872,True
V2R-PSG,p006,f_mel,0.0,0.0,0.9294275505525533,True
V2R-PSG,p006,f_mel,0.02,0.0086,0.8430775231787578,True
V2R-PSG,p006,f_mel,0.04,0.0172,0.7604478581681312,True
V2R-PSG,p006,f_mel,0.06,0.0258,0.6812923190151327,True
V2R-PSG,p006,f_mel,0.08,0.0344,0.605396207770149,True
V2R-PSG,p006,f_mel,0.1,0.043000000000000003,0.5325720783367726,True
V2R-PSG,p006,f_mel,0.12,0.0516,0.4626587530260701,True
V2R-PSG,p006,f_mel,0.14,0.060200000000000004,0.39552441927427956,True
V2R-PSG,p006,f_mel,0.16,0.0688,0.3310767492374949,True
V2R-PSG,p006,f_mel,0.18,0.0774,0.26928859069505917,True
V2R-PSG,p006,f_mel,0.2,0.08600000000000001,0.21026557059611603,True
V2R-PSG,p006,f_mel,0.22,0.0946,0.15445089696314787,True
V2R-PSG,p006,f_mel,0.24,0.1032,0.1034020065412587,True
V2R-PSG,p006,f_mel,0.26,0.1118,0.0636033548283873,True
V2R-PSG,p006,f_mel,0.27650306209068165,0.1188963166989931,0.0537830756352164,True
V2R-PSG,p006,f_mel,0.28,0.12040000000000001,0.05397850955465261,True
V2R-PSG,p006,f_mel,0.3,0.129,0.06226248185481634,True
V2R-PSG,p006,f_mel,0.32,0.1376,0.08013313065572521,True
V2R-PSG,p006,f_mel,0.34,0.1462,0.1040837356336769,True
V2R-PSG,p006,f_mel,0.36,0.1548,0.13232736983866716,True
V2R-PSG,p006,f_mel,0.38,0.1634,0.16458314911888103,True
V2R-PSG,p006,f_mel,0.4,0.17200000000000001,0.20281563645022097,True
V2R-PSG,p006,f_mel,0.42,0.18059999999999998,0.2442321917372978,True
V2R-PSG,p006,f_mel,0.44,0.1892,0.28675035873461346,True
V2R-PSG,p006,f_mel,0.46,0.1978,0.32938337118946615,True
V2R-PSG,p006,f_mel,0.48,0.2064,0.3716389611452468,True
V2R-PSG,p006,f_mel,0.5,0.215,0.41326138520420336,True
V2R-PSG,p006,f_mel,0.52,0.2236,0.4541157599935216,True
V2R-PSG,p006,f_mel,0.54,0.23220000000000002,0.4941326460764902,True
V2R-PSG,p006,f_mel,0.56,0.24080000000000001,0.5332797342203862,True
V2R-PSG,p006,f_mel,0.58,0.24939999999999998,0.5715465398544258,True
V2R-PSG,p006,f_mel,0.6,0.258,0.6089357246282473,True
V2R-PSG,p006,f_mel,0.62,0.2666,0.6454579757812036,True
V2R-PSG,p006,f_mel,0.64,0.2752,0.6811288842693836,True
V2R-PSG,p006,f_mel,0.66,0.2838,0.7159669903899384,True
V2R-PSG,p006,f_mel,0.68,0.2924,0.7499925345868558,True
V2R-PSG,p006,f_mel,0.7000000000000001,0.30100000000000005,0.7832266465611892,True
V2R-PSG,p006,f_mel,0.72,0.3096,0.8156908135339962,True
V2R-PSG,p006,f_mel,0.74,0.3182,0.8474065300016224,True
V2R-PSG,p006,f_mel,0.76,0.3268,0.8783950675331869,True
V2R-PSG,p006,f_mel,0.78,0.33540000000000003,0.9086773250835002,True
V2R-PSG,p006,f_mel,0.8,0.34400000000000003,0.9382737339011183,True
V2R-PSG,p006,f_mel,0.8200000000000001,0.3526,0.96720419974536,True
V2R-PSG,p006,f_mel,0.84,0.36119999999999997,0.9954880707148144,True
V2R-PSG,p006,f_mel,0.86,0.36979999999999996,1.0231441226723048,True
V2R-PSG,p006,f_mel,0.88,0.3784,1.0501905567165477,True
V2R-PSG,p006,f_mel,0.9,0.387,1.0766450048248828,True
V2R-PSG,p006,f_mel,0.92,0.3956,1.102524540942788,True
V2R-PSG,p006,f_mel,0.9400000000000001,0.4042,1.1278456955966742,True
V2R-PSG,p006,f_mel,0.96,0.4128,1.1526244726688741,True
V2R-PSG,p006,f_mel,0.98,0.4214,1.1768763673722449,True
V2R-PSG,p006,f_mel,1.0,0.43,1.2006163847459046,True
V2R-PSG,p006,f_blood,0.0,0.0,0.11911975264673252,True
V2R-PSG,p006,f_blood,0.02,0.002,0.11017907006815889,True
V2R-PSG,p006,f_blood,0.04,0.004,0.1036954068208141,True
V2R-PSG,p006,f_blood,0.06,0.006,0.09850746430215426,True
V2R-PSG,p006,f_blood,0.08,0.008,0.09415501464756042,True
V2R-PSG,p006,f_blood,0.1,0.010000000000000002,0.09039931684130605,True
V2R-PSG,p006,f_blood,0.12,0.012,0.08709768885626992,True
V2R-PSG,p006,f_blood,0.14,0.014000000000000002,0.08415687155455107,True
V2R-PSG,p006,f_blood,0.16,0.016,0.08151198941299088,True
V2R-PSG,p006,f_blood,0.18,0.018,0.07911578089586556,True
V2R-PSG,p006,f_blood,0.2,0.020000000000000004,0.07693256566226606,True
V2R-PSG,p006,f_blood,0.22,0.022000000000000002,0.07493462745415139,True
V2R-PSG,p006,f_blood,0.24,0.024,0.07309992666268454,True
V2R-PSG,p006,f_blood,0.26,0.026000000000000002,0.07141059025227672,True
V2R-PSG,p006,f_blood,0.28,0.028000000000000004,0.0698518789205546,True
V2R-PSG,p006,f_blood,0.3,0.03,0.06841145937304698,True
V2R-PSG,p006,f_blood,0.32,0.032,0.0670788784662263,True
V2R-PSG,p006,f_blood,0.34,0.034,0.06584517488685761,True
V2R-PSG,p006,f_blood,0.36,0.036,0.0647025869526343,True
V2R-PSG,p006,f_blood,0.38,0.038000000000000006,0.06364432910509092,True
V2R-PSG,p006,f_blood,0.4,0.04000000000000001,0.06266441847026487,True
V2R-PSG,p006,f_blood,0.42,0.042,0.06175753855829039,True
V2R-PSG,p006,f_blood,0.44,0.044000000000000004,0.0609189309477314,True
V2R-PSG,p006,f_blood,0.46,0.046000000000000006,0.06014430835639724,True
V2R-PSG,p006,f_blood,0.48,0.048,0.059429784264927205,True
V2R-PSG,p006,f_blood,0.5,0.05,0.058771815499136786,True
V2R-PSG,p006,f_blood,0.52,0.052000000000000005,0.05816715506210319,True
V2R-PSG,p006,f_blood,0.54,0.054000000000000006,0.05761281314807038,True
V2R-PSG,p006,f_blood,0.56,0.05600000000000001,0.05710602474102682,True
V2R-PSG,p006,f_blood,0.58,0.057999999999999996,0.056644222550925556,True
V2R-PSG,p006,f_blood,0.6,0.06,0.05622501430403572,True
V2R-PSG,p006,f_blood,0.62,0.062,0.05584616360452011,True
V2R-PSG,p006,f_blood,0.64,0.064,0.055505573738721684,True
V2R-PSG,p006,f_blood,0.66,0.066,0.05520127391370036,True
V2R-PSG,p006,f_blood,0.68,0.068,0.05493140751587553,True
V2R-PSG,p006,f_blood,0.7000000000000001,0.07,0.054694222050430424,True
V2R-PSG,p006,f_blood,0.72,0.072,0.054488060482005655,True
V2R-PSG,p006,f_blood,0.74,0.074,0.05431135374554558,True
V2R-PSG,p006,f_blood,0.76,0.07600000000000001,0.05416261423550259,True
V2R-PSG,p006,f_blood,0.78,0.07800000000000001,0.05404043011384626,True
V2R-PSG,p006,f_blood,0.8,0.08000000000000002,0.053943460303928895,True
V2R-PSG,p006,f_blood,0.8200000000000001,0.08200000000000002,0.05387043005932624,True
V2R-PSG,p006,f_blood,0.84,0.084,0.053820127015158606,True
V2R-PSG,p006,f_blood,0.86,0.08600000000000001,0.05379139764477612,True
V2R-PSG,p006,f_blood,0.8783237390121333,0.08783237390121335,0.05378307563521642,True
V2R-PSG,p006,f_blood,0.88,0.08800000000000001,0.05378314405757834,True
V2R-PSG,p006,f_blood,0.9,0.09000000000000001,0.05379432108456218,True
V2R-PSG,p006,f_blood,0.92,0.09200000000000001,0.05382393360728152,True
V2R-PSG,p006,f_blood,0.9400000000000001,0.09400000000000001,0.05387103409353603,True
V2R-PSG,p006,f_blood,0.96,0.096,0.0539347203095085,True
V2R-PSG,p006,f_blood,0.98,0.098,0.05401413318343047,True
V2R-PSG,p006,f_blood,1.0,0.1,0.05410845480033065,True
V2R-PSG,p007,f_mel,0.0,0.0,1.0447416221316739,True
V2R-PSG,p007,f_mel,0.02,0.0086,0.9591039838010907,True
V2R-PSG,p007,f_mel,0.04,0.0172,0.8771819294026786,True
V2R-PSG,p007,f_mel,0.06,0.0258,0.7987201928769652,True
V2R-PSG,p007,f_mel,0.08,0.0344,0.7234957272035573,True
V2R-PSG,p007,f_mel,0.1,0.043000000000000003,0.6513121651757943,True
V2R-PSG,p007,f_mel,0.12,0.0516,0.5819967896042051,True
V2R-PSG,p007,f_mel,0.14,0.060200000000000004,0.5153997295938083,True
V2R-PSG,p007,f_mel,0.16,0.0688,0.4513957114218868,True
V2R-PSG,p007,f_mel,0.18,0.0774,0.38988966450780965,True
V2R-PSG,p007,f_mel,0.2,0.08600000000000001,0.33082952763730844,True
V2R-PSG,p007,f_mel,0.22,0.0946,0.2742347208216577,True
V2R-PSG,p007,f_mel,0.24,0.1032,0.22026343869932596,True
V2R-PSG,p007,f_mel,0.26,0.1118,0.1693903001397954,True
V2R-PSG,p007,f_mel,0.28,0.12040000000000001,0.12294944340063543,True
V2R-PSG,p007,f_mel,0.3,0.129,0.08502278500038071,True
V2R-PSG,p007,f_mel,0.32,0.1376,0.06728544719497946,True
V2R-PSG,p007,f_mel,0.32321230152170183,0.1389812896543318,0.06717394591396958,True
V2R-PSG,p007,f_mel,0.34,0.1462,0.07001389530754239,True
V2R-PSG,p007,f_mel,0.36,0.1548,0.08046074916552096,True
V2R-PSG,p007,f_mel,0.38,0.1634,0.09737445721459426,True
V2R-PSG,p007,f_mel,0.4,0.17200000000000001,0.11949782896183322,True
V2R-PSG,p007,f_mel,0.42,0.18059999999999998,0.14626083536053783,True
V2R-PSG,p007,f_mel,0.44,0.1892,0.1796952270791117,True
V2R-PSG,p007,f_mel,0.46,0.1978,0.21717112178991765,True
V2R-PSG,p007,f_mel,0.48,0.2064,0.2562513954053156,True
V2R-PSG,p007,f_mel,0.5,0.215,0.29576766754507844,True
V2R-PSG,p007,f_mel,0.52,0.2236,0.3351342750925548,True
V2R-PSG,p007,f_mel,0.54,0.23220000000000002,0.37404374326370976,True
V2R-PSG,p007,f_mel,0.56,0.24080000000000001,0.41232988929018644,True
V2R-PSG,p007,f_mel,0.58,0.24939999999999998,0.44990266553651403,True
V2R-PSG,p007,f_mel,0.6,0.258,0.4867151539556989,True
V2R-PSG,p007,f_mel,0.62,0.2666,0.5227458659066503,True
V2R-PSG,p007,f_mel,0.64,0.2752,0.5579887686166067,True
V2R-PSG,p007,f_mel,0.66,0.2838,0.5924474242500664,True
V2R-PSG,p007,f_mel,0.68,0.2924,0.6261314219977246,True
V2R-PSG,p007,f_mel,0.7000000000000001,0.30100000000000005,0.6590541413080523,True
V2R-PSG,p007,f_mel,0.72,0.3096,0.6912313153685032,True
V2R-PSG,p007,f_mel,0.74,0.3182,0.7226800904512142,True
V2R-PSG,p007,f_mel,0.76,0.3268,0.7534184006505927,True
V2R-PSG,p007,f_mel,0.78,0.33540000000000003,0.7834645477935416,True
V2R-PSG,p007,f_mel,0.8,0.34400000000000003,0.8128369174227686,True
V2R-PSG,p007,f_mel,0.8200000000000001,0.3526,0.8415537865177652,True
V2R-PSG,p007,f_mel,0.84,0.36119999999999997,0.8696331939176815,True
V2R-PSG,p007,f_mel,0.86,0.36979999999999996,0.8970928540821398,True
V2R-PSG,p007,f_mel,0.88,0.3784,0.9239501010677408,True
V2R-PSG,p007,f_mel,0.9,0.387,0.9502218537017619,True
V2R-PSG,p007,f_mel,0.92,0.3956,0.9759245956783961,True
V2R-PSG,p007,f_mel,0.9400000000000001,0.4042,1.0010743661654462,True
V2R-PSG,p007,f_mel,0.96,0.4128,1.0256867577911837,True
V2R-PSG,p007,f_mel,0.98,0.4214,1.049776919774093,True
V2R-PSG,p007,f_mel,1.0,0.43,1.07335956458741,True
V2R-PSG,p007,f_blood,0.0,0.0,0.1141087672912711,True
V2R-PSG,p007,f_blood,0.02,0.002,0.107286013836909,True
V2R-PSG,p007,f_blood,0.04,0.004,0.10239460284207041,True
V2R-PSG,p007,f_blood,0.06,0.006,0.09852531560459142,True
V2R-PSG,p007,f_blood,0.08,0.008,0.0953146552017417,True
V2R-PSG,p007,f_blood,0.1,0.010000000000000002,0.0925730962266168,True
V2R-PSG,p007,f_blood,0.12,0.012,0.09018695344511503,True
V2R-PSG,p007,f_blood,0.14,0.014000000000000002,0.08808170133398525,True
V2R-PSG,p007,f_blood,0.16,0.016,0.08620536610142647,True
V2R-PSG,p007,f_blood,0.18,0.018,0.08452000169061188,True
V2R-PSG,p007,f_blood,0.2,0.020000000000000004,0.08299690525395616,True
V2R-PSG,p007,f_blood,0.22,0.022000000000000002,0.08161374400529008,True
V2R-PSG,p007,f_blood,0.24,0.024,0.0803527360757943,True
V2R-PSG,p007,f_blood,0.26,0.026000000000000002,0.07919944845838692,True
V2R-PSG,p007,f_blood,0.28,0.028000000000000004,0.07814197422699994,True
V2R-PSG,p007,f_blood,0.3,0.03,0.07717035244584959,True
V2R-PSG,p007,f_blood,0.32,0.032,0.07627614873587185,True
V2R-PSG,p007,f_blood,0.34,0.034,0.07545214532873432,True
V2R-PSG,p007,f_blood,0.36,0.036,0.07469210763640581,True
V2R-PSG,p007,f_blood,0.38,0.038000000000000006,0.0739906054823414,True
V2R-PSG,p007,f_blood,0.4,0.04000000000000001,0.07334287414671166,True
V2R-PSG,p007,f_blood,0.42,0.042,0.07274470491518527,True
V2R-PSG,p007,f_blood,0.44,0.044000000000000004,0.07219235783056191,True
V2R-PSG,p007,f_blood,0.46,0.046000000000000006,0.07168249138664995,True
V2R-PSG,p007,f_blood,0.48,0.048,0.0712121053136123,True
V2R-PSG,p007,f_blood,0.5,0.05,0.07077849359547744,True
V2R-PSG,p007,f_blood,0.52,0.052000000000000005,0.07037920556892294,True
V2R-PSG,p007,f_blood,0.54,0.054000000000000006,0.07001201346599592,True
V2R-PSG,p007,f_blood,0.56,0.05600000000000001,0.06967488514070012,True
V2R-PSG,p007,f_blood,0.58,0.057999999999999996,0.06936596099992824,True
V2R-PSG,p007,f_blood,0.6,0.06,0.06908353437020301,True
V2R-PSG,p007,f_blood,0.62,0.062,0.06882603469202313,True
V2R-PSG,p007,f_blood,0.64,0.064,0.06859201305663337,True
V2R-PSG,p007,f_blood,0.66,0.066,0.06838012969528001,True
V2R-PSG,p007,f_blood,0.68,0.068,0.06818914310537452,True
V2R-PSG,p007,f_blood,0.7000000000000001,0.07,0.06801790055650139,True
V2R-PSG,p007,f_blood,0.72,0.072,0.06786532976558018,True
V2R-PSG,p007,f_blood,0.74,0.074,0.06773043156750747,True
V2R-PSG,p007,f_blood,0.76,0.07600000000000001,0.0676122734373395,True
V2R-PSG,p007,f_blood,0.78,0.07800000000000001,0.06750998374410053,True
V2R-PSG,p007,f_blood,0.8,0.08000000000000002,0.06742274663583747,True
V2R-PSG,p007,f_blood,0.8200000000000001,0.08200000000000002,0.06734979747149654,True
V2R-PSG,p007,f_blood,0.84,0.084,0.06729041872831458,True
V2R-PSG,p007,f_blood,0.86,0.08600000000000001,0.06724393632423462,True
V2R-PSG,p007,f_blood,0.88,0.08800000000000001,0.06720971630382898,True
V2R-PSG,p007,f_blood,0.9,0.09000000000000001,0.06718716184369034,True
V2R-PSG,p007,f_blood,0.92,0.09200000000000001,0.06717571053949563,True
V2R-PSG,p007,f_blood,0.9316657082664854,0.09316657082664855,0.06717394591396987,True
V2R-PSG,p007,f_blood,0.9400000000000001,0.09400000000000001,0.06717483194220365,True
V2R-PSG,p007,f_blood,0.96,0.096,0.06718402531526299,True
V2R-PSG,p007,f_blood,0.98,0.098,0.06720281758845743,True
V2R-PSG,p007,f_blood,1.0,0.1,0.06723076148718608,True
V2R-PSG,p008,f_mel,0.0,0.0,0.8638304224590319,True
V2R-PSG,p008,f_mel,0.02,0.0086,0.7839416723040782,True
V2R-PSG,p008,f_mel,0.04,0.0172,0.7083376715881916,True
V2R-PSG,p008,f_mel,0.06,0.0258,0.6369557098721518,True
V2R-PSG,p008,f_mel,0.08,0.0344,0.5698256365775703,True
V2R-PSG,p008,f_mel,0.1,0.043000000000000003,0.5070940292437482,True
V2R-PSG,p008,f_mel,0.12,0.0516,0.4490636354317648,True
V2R-PSG,p008,f_mel,0.14,0.060200000000000004,0.39625132979126987,True
V2R-PSG,p008,f_mel,0.16,0.0688,0.3494627255746481,True
V2R-PSG,p008,f_mel,0.18,0.0774,0.3098615586444844,True
V2R-PSG,p008,f_mel,0.2,0.08600000000000001,0.27896150670615,True
V2R-PSG,p008,f_mel,0.22,0.0946,0.25839497702649605,True
V2R-PSG,p008,f_mel,0.24,0.1032,0.24933874211529825,True
V2R-PSG,p008,f_mel,0.24550290372744707,0.10556624860280224,0.24890374385317438,True
V2R-PSG,p008,f_mel,0.26,0.1118,0.2518102652868429,True
V2R-PSG,p008,f_mel,0.28,0.12040000000000001,0.26444623580785914,True
V2R-PSG,p008,f_mel,0.3,0.129,0.28390416784155614,True
V2R-PSG,p008,f_mel,0.32,0.1376,0.30311243286852213,True
V2R-PSG,p008,f_mel,0.34,0.1462,0.321954156674757,True
V2R-PSG,p008,f_mel,0.36,0.1548,0.34136450596414797,True
V2R-PSG,p008,f_mel,0.38,0.1634,0.362629771972146,True
V2R-PSG,p008,f_mel,0.4,0.17200000000000001,0.3878416997633852,True
V2R-PSG,p008,f_mel,0.42,0.18059999999999998,0.4163870878528261,True
V2R-PSG,p008,f_mel,0.44,0.1892,0.4472207664771772,True
V2R-PSG,p008,f_mel,0.46,0.1978,0.4795563246131492,True
V2R-PSG,p008,f_mel,0.48,0.2064,0.5128156551380967,True
V2R-PSG,p008,f_mel,0.5,0.215,0.5465782676470777,True
V2R-PSG,p008,f_mel,0.52,0.2236,0.5805394344489715,True
V2R-PSG,p008,f_mel,0.54,0.23220000000000002,0.6144784119227397,True
V2R-PSG,p008,f_mel,0.56,0.24080000000000001,0.6482352315382911,True
V2R-PSG,p008,f_mel,0.58,0.24939999999999998,0.6816940304493367,True
V2R-PSG,p008,f_mel,0.6,0.258,0.7147711367050531,True
V2R-PSG,p008,f_mel,0.62,0.2666,0.7474065379365181,True
V2R-PSG,p008,f_mel,0.64,0.2752,0.7795577395798404,True
V2R-PSG,p008,f_mel,0.66,0.2838,0.8111953107316184,True
V2R-PSG,p008,f_mel,0.68,0.2924,0.8422996270776602,True
V2R-PSG,p008,f_mel,0.7000000000000001,0.30100000000000005,0.8728584686607833,True
V2R-PSG,p008,f_mel,0.72,0.3096,0.9028652329996595,True
V2R-PSG,p008,f_mel,0.74,0.3182,0.9323175949860821,True
V2R-PSG,p008,f_mel,0.76,0.3268,0.961216494020147,True
V2R-PSG,p008,f_mel,0.78,0.33540000000000003,0.989565362910762,True
V2R-PSG,p008,f_mel,0.8,0.34400000000000003,1.0173695368991424,True
V2R-PSG,p008,f_mel,0.8200000000000001,0.3526,1.0446357979617327,True
V2R-PSG,p008,f_mel,0.84,0.36119999999999997,1.0713720214894362,True
V2R-PSG,p008,f_mel,0.86,0.36979999999999996,1.0975869009994939,True
V2R-PSG,p008,f_mel,0.88,0.3784,1.1232897327244311,True
V2R-PSG,p008,f_mel,0.9,0.387,1.1484902464336473,True
V2R-PSG,p008,f_mel,0.92,0.3956,1.1731984721587192,True
V2R-PSG,p008,f_mel,0.9400000000000001,0.4042,1.1974246349494497,True
V2R-PSG,p008,f_mel,0.96,0.4128,1.221179071620712,True
V2R-PSG,p008,f_mel,0.98,0.4214,1.2444721648281607,True
V2R-PSG,p008,f_mel,1.0,0.43,1.2673142908540047,True
V2R-PSG,p008,f_blood,0.0,0.0,0.32101904760807315,True
V2R-PSG,p008,f_blood,0.02,0.002,0.3154568030512373,True
V2R-PSG,p008,f_blood,0.04,0.004,0.31129125339269414,True
V2R-PSG,p008,f_blood,0.06,0.006,0.30784380546657797,True
V2R-PSG,p008,f_blood,0.08,0.008,0.30485159111841253,True
V2R-PSG,p008,f_blood,0.1,0.010000000000000002,0.3021803054470054,True
V2R-PSG,p008,f_blood,0.12,0.012,0.2997505435601558,True
V2R-PSG,p008,f_blood,0.14,0.014000000000000002,0.29751081282118086,True
V2R-PSG,p008,f_blood,0.16,0.016,0.29542550288538805,True
V2R-PSG,p008,f_blood,0.18,0.018,0.29346878889855943,True
V2R-PSG,p008,f_blood,0.2,0.020000000000000004,0.29162124480822005,True
V2R-PSG,p008,f_blood,0.22,0.022000000000000002,0.2898678271743192,True
V2R-PSG,p008,f_blood,0.24,0.024,0.28819660783039935,True
V2R-PSG,p008,f_blood,0.26,0.026000000000000002,0.28659794152277,True
V2R-PSG,p008,f_blood,0.28,0.028000000000000004,0.2850638990717945,True
V2R-PSG,p008,f_blood,0.3,0.03,0.28358786942840997,True
V2R-PSG,p008,f_blood,0.32,0.032,0.282164272961296,True
V2R-PSG,p008,f_blood,0.34,0.034,0.28078835020925164,True
V2R-PSG,p008,f_blood,0.36,0.036,0.27945600316866775,True
V2R-PSG,p008,f_blood,0.38,0.038000000000000006,0.2781636739868048,True
V2R-PSG,p008,f_blood,0.4,0.04000000000000001,0.2769082508229453,True
V2R-PSG,p008,f_blood,0.42,0.042,0.2756869937935574,True
V2R-PSG,p008,f_blood,0.44,0.044000000000000004,0.2744974760012509,True
V2R-PSG,p008,f_blood,0.46,0.046000000000000006,0.27333753605479355,True
V2R-PSG,p008,f_blood,0.48,0.048,0.2722052394566402,True
V2R-PSG,p008,f_blood,0.5,0.05,0.2710988469142389,True
V2R-PSG,p008,f_blood,0.52,0.052000000000000005,0.27001678811554447,True
V2R-PSG,p008,f_blood,0.54,0.054000000000000006,0.2689576398594796,True
V2R-PSG,p008,f_blood,0.56,0.05600000000000001,0.26792010768876917,True
V2R-PSG,p008,f_blood,0.58,0.057999999999999996,0.26690301036308167,True
V2R-PSG,p008,f_blood,0.6,0.06,0.2659052666534569,True
V2R-PSG,p008,f_blood,0.62,0.062,0.26492588404750333,True
V2R-PSG,p008,f_blood,0.64,0.064,0.26396394903800413,True
V2R-PSG,p008,f_blood,0.66,0.066,0.2630186187318705,True
V2R-PSG,p008,f_blood,0.68,0.068,0.26208911356654485,True
V2R-PSG,p008,f_blood,0.7000000000000001,0.07,0.261174710960348,True
V2R-PSG,p008,f_blood,0.72,0.072,0.26027473975457893,True
V2R-PSG,p008,f_blood,0.74,0.074,0.25938857532998993,True
V2R-PSG,p008,f_blood,0.76,0.07600000000000001,0.2585156353003802,True
V2R-PSG,p008,f_blood,0.78,0.07800000000000001,0.2576553757021376,True
V2R-PSG,p008,f_blood,0.8,0.08000000000000002,0.2568072876117486,True
V2R-PSG,p008,f_blood,0.8200000000000001,0.08200000000000002,0.25597089413407786,True
V2R-PSG,p008,f_blood,0.84,0.084,0.25514574771292386,True
V2R-PSG,p008,f_blood,0.86,0.08600000000000001,0.25433142772286654,True
V2R-PSG,p008,f_blood,0.88,0.08800000000000001,0.2535275383072134,True
V2R-PSG,p008,f_blood,0.9,0.09000000000000001,0.2527337064321632,True
V2R-PSG,p008,f_blood,0.92,0.09200000000000001,0.251949580131333,True
V2R-PSG,p008,f_blood,0.9400000000000001,0.09400000000000001,0.2511748269184649,True
V2R-PSG,p008,f_blood,0.96,0.096,0.25040913234906453,True
V2R-PSG,p008,f_blood,0.98,0.098,0.24965219871432817,True
V2R-PSG,p008,f_blood,1.0,0.1,0.24890374385277242,True
V2R-PSG,p009,f_mel,0.0,0.0,1.1233193517852416,True
V2R-PSG,p009,f_mel,0.02,0.0086,1.0389603886131058,True
V2R-PSG,p009,f_mel,0.04,0.0172,0.9582885618186274,True
V2R-PSG,p009,f_mel,0.06,0.0258,0.8810530380257823,True
V2R-PSG,p009,f_mel,0.08,0.0344,0.8070352328309369,True
V2R-PSG,p009,f_mel,0.1,0.043000000000000003,0.7360434786108309,True
V2R-PSG,p009,f_mel,0.12,0.0516,0.6679100617356646,True
V2R-PSG,p009,f_mel,0.14,0.060200000000000004,0.6024902384864763,True
V2R-PSG,p009,f_mel,0.16,0.0688,0.5396632705010136,True
V2R-PSG,p009,f_mel,0.18,0.0774,0.47933604566473814,True
V2R-PSG,p009,f_mel,0.2,0.08600000000000001,0.42145069678377367,True
V2R-PSG,p009,f_mel,0.22,0.0946,0.3659992652747053,True
V2R-PSG,p009,f_mel,0.24,0.1032,0.31305197374657645,True
V2R-PSG,p009,f_mel,0.26,0.1118,0.26281381961886785,True
V2R-PSG,p009,f_mel,0.28,0.12040000000000001,0.21574410169946887,True
V2R-PSG,p009,f_mel,0.3,0.129,0.17282227301929154,True
V2R-PSG,p009,f_mel,0.32,0.1376,0.13614135663013394,True
V2R-PSG,p009,f_mel,0.34,0.1462,0.10996408880167421,True
V2R-PSG,p009,f_mel,0.35927087968141186,0.1544864782630071,0.10063111773940675,True
V2R-PSG,p009,f_mel,0.36,0.1548,0.10064469608746951,True
V2R-PSG,p009,f_mel,0.38,0.1634,0.11076136156467645,True
V2R-PSG,p009,f_mel,0.4,0.17200000000000001,0.12893748138739625,True
V2R-PSG,p009,f_mel,0.42,0.18059999999999998,0.14827193855608128,True
V2R-PSG,p009,f_mel,0.44,0.1892,0.16906202098088197,True
V2R-PSG,p009,f_mel,0.46,0.1978,0.19174303340607823,True
V2R-PSG,p009,f_mel,0.48,0.2064,0.21677689087387378,True
V2R-PSG,p009,f_mel,0.5,0.215,0.24551516684343383,True
V2R-PSG,p009,f_mel,0.52,0.2236,0.2770725246147065,True
V2R-PSG,p009,f_mel,0.54,0.23220000000000002,0.31016010381051273,True
V2R-PSG,p009,f_mel,0.56,0.24080000000000001,0.3439797487279378,True
V2R-PSG,p009,f_mel,0.58,0.24939999999999998,0.3780356328445231,True
V2R-PSG,p009,f_mel,0.6,0.258,0.4120156288329351,True
V2R-PSG,p009,f_mel,0.62,0.2666,0.44572053621497293,True
V2R-PSG,p009,f_mel,0.64,0.2752,0.4790220500912934,True
V2R-PSG,p009,f_mel,0.66,0.2838,0.5118374239538479,True
V2R-PSG,p009,f_mel,0.68,0.2924,0.5441138535799924,True
V2R-PSG,p009,f_mel,0.7000000000000001,0.30100000000000005,0.5758186175032189,True
V2R-PSG,p009,f_mel,0.72,0.3096,0.6069327028734477,True
V2R-PSG,p009,f_mel,0.74,0.3182,0.6374465922067024,True
V2R-PSG,p009,f_mel,0.76,0.3268,0.6673574213543817,True
V2R-PSG,p009,f_mel,0.78,0.33540000000000003,0.6966670270486379,True
V2R-PSG,p009,f_mel,0.8,0.34400000000000003,0.7253805835145218,True
V2R-PSG,p009,f_mel,0.8200000000000001,0.3526,0.7535056365832998,True
V2R-PSG,p009,f_mel,0.84,0.36119999999999997,0.7810514106966377,True
V2R-PSG,p009,f_mel,0.86,0.36979999999999996,0.8080283062087202,True
V2R-PSG,p009,f_mel,0.88,0.3784,0.8344475312844175,True
V2R-PSG,p009,f_mel,0.9,0.387,0.8603208302218717,True
V2R-PSG,p009,f_mel,0.92,0.3956,0.8856602816536477,True
V2R-PSG,p009,f_mel,0.9400000000000001,0.4042,0.910478147914776,True
V2R-PSG,p009,f_mel,0.96,0.4128,0.9347867622240121,True
V2R-PSG,p009,f_mel,0.98,0.4214,0.9585984440398427,True
V2R-PSG,p009,f_mel,1.0,0.43,0.9819254355619685,True
V2R-PSG,p009,f_blood,0.0,0.0,0.17147100793178546,True
V2R-PSG,p009,f_blood,0.02,0.002,0.16501907118737483,True
V2R-PSG,p009,f_blood,0.04,0.004,0.16026058791622896,True
V2R-PSG,p009,f_blood,0.06,0.006,0.15638444863234843,True
V2R-PSG,p009,f_blood,0.08,0.008,0.15307082365237237,True
V2R-PSG,p009,f_blood,0.1,0.010000000000000002,0.1501545232557828,True
V2R-PSG,p009,f_blood,0.12,0.012,0.14753720159949074,True
V2R-PSG,p009,f_blood,0.14,0.014000000000000002,0.14515480372613168,True
V2R-PSG,p009,f_blood,0.16,0.016,0.14296291785894694,True
V2R-PSG,p009,f_blood,0.18,0.018,0.140929295696873,True
V2R-PSG,p009,f_blood,0.2,0.020000000000000004,0.13902967211432032,True
V2R-PSG,p009,f_blood,0.22,0.022000000000000002,0.13724526420811642,True
V2R-PSG,p009,f_blood,0.24,0.024,0.1355611929959318,True
V2R-PSG,p009,f_blood,0.26,0.026000000000000002,0.13396544354028184,True
V2R-PSG,p009,f_blood,0.28,0.028000000000000004,0.13244815503258875,True
V2R-PSG,p009,f_blood,0.3,0.03,0.13100112145386925,True
V2R-PSG,p009,f_blood,0.32,0.032,0.12961743129917383,True
V2R-PSG,p009,f_blood,0.34,0.034,0.12829120186608975,True
V2R-PSG,p009,f_blood,0.36,0.036,0.12701737949721886,True
V2R-PSG,p009,f_blood,0.38,0.038000000000000006,0.12579158685310532,True
V2R-PSG,p009,f_blood,0.4,0.04000000000000001,0.12461000438378499,True
V2R-PSG,p009,f_blood,0.42,0.042,0.12346927710427777,True
V2R-PSG,p009,f_blood,0.44,0.044000000000000004,0.12236644038640795,True
V2R-PSG,p009,f_blood,0.46,0.046000000000000006,0.12129886024342114,True
V2R-PSG,p009,f_blood,0.48,0.048,0.12026418480097546,True
V2R-PSG,p009,f_blood,0.5,0.05,0.11926030450268686,True
V2R-PSG,p009,f_blood,0.52,0.052000000000000005,0.1182853192081539,True
V2R-PSG,p009,f_blood,0.54,0.054000000000000006,0.1173375107827672,True
V2R-PSG,p009,f_blood,0.56,0.05600000000000001,0.1164153201024537,True
V2R-PSG,p009,f_blood,0.58,0.057999999999999996,0.11551732763700298,True
V2R-PSG,p009,f_blood,0.6,0.06,0.11464223695628696,True
V2R-PSG,p009,f_blood,0.62,0.062,0.11378886064082049,True
V2R-PSG,p009,f_blood,0.64,0.064,0.11295610818321876,True
V2R-PSG,p009,f_blood,0.66,0.066,0.11214297554841732,True
V2R-PSG,p009,f_blood,0.68,0.068,0.11134853612393711,True
V2R-PSG,p009,f_blood,0.7000000000000001,0.07,0.11057193284134599,True
V2R-PSG,p009,f_blood,0.72,0.072,0.10981237128956495,True
V2R-PSG,p009,f_blood,0.74,0.074,0.10906911367217619,True
V2R-PSG,p009,f_blood,0.76,0.07600000000000001,0.10834147348619041,True
V2R-PSG,p009,f_blood,0.78,0.07800000000000001,0.107628810820162,True
V2R-PSG,p009,f_blood,0.8,0.08000000000000002,0.10693052818615904,True
V2R-PSG,p009,f_blood,0.8200000000000001,0.08200000000000002,0.10624606681366282,True
V2R-PSG,p009,f_blood,0.84,0.084,0.10557490334462026,True
V2R-PSG,p009,f_blood,0.86,0.08600000000000001,0.10491654687808319,True
V2R-PSG,p009,f_blood,0.88,0.08800000000000001,0.10427053632049636,True
V2R-PSG,p009,f_blood,0.9,0.09000000000000001,0.10363643800406519,True
V2R-PSG,p009,f_blood,0.92,0.09200000000000001,0.10301384354095244,True
V2R-PSG,p009,f_blood,0.9400000000000001,0.09400000000000001,0.10240236788553142,True
V2R-PSG,p009,f_blood,0.96,0.096,0.10180164758069282,True
V2R-PSG,p009,f_blood,0.98,0.098,0.10121133916740073,True
V2R-PSG,p009,f_blood,1.0,0.1,0.10063111773940536,True
V2R-PSG,p010,f_mel,0.0,0.0,0.7769049499446208,True
V2R-PSG,p010,f_mel,0.02,0.0086,0.6905555299574637,True
V2R-PSG,p010,f_mel,0.04,0.0172,0.6080116070423827,True
V2R-PSG,p010,f_mel,0.06,0.0258,0.5290440149567505,True
V2R-PSG,p010,f_mel,0.08,0.0344,0.4534699991674383,True
V2R-PSG,p010,f_mel,0.1,0.043000000000000003,0.381161080704486,True
V2R-PSG,p010,f_mel,0.12,0.0516,0.3120694353054662,True
V2R-PSG,p010,f_mel,0.14,0.060200000000000004,0.2462995068292837,True
V2R-PSG,p010,f_mel,0.16,0.0688,0.18431682164223445,True
V2R-PSG,p010,f_mel,0.18,0.0774,0.12767450528972824,True
V2R-PSG,p010,f_mel,0.2,0.08600000000000001,0.0821189894343752,True
V2R-PSG,p010,f_mel,0.21651448068825963,0.09310122669595164,0.06627798121282355,True
V2R-PSG,p010,f_mel,0.22,0.0946,0.06700861210252561,True
V2R-PSG,p010,f_mel,0.24,0.1032,0.0804922398783663,True
V2R-PSG,p010,f_mel,0.26,0.1118,0.10288339989128784,True
V2R-PSG,p010,f_mel,0.28,0.12040000000000001,0.13038641129159845,True
V2R-PSG,p010,f_mel,0.3,0.129,0.16126844304518775,True
V2R-PSG,p010,f_mel,0.32,0.1376,0.1948791190862899,True
V2R-PSG,p010,f_mel,0.34,0.1462,0.23103981579202948,True
V2R-PSG,p010,f_mel,0.36,0.1548,0.27109904958568615,True
V2R-PSG,p010,f_mel,0.38,0.1634,0.31382695463309535,True
V2R-PSG,p010,f_mel,0.4,0.17200000000000001,0.35761619547203777,True
V2R-PSG,p010,f_mel,0.42,0.18059999999999998,0.40159457481288274,True
V2R-PSG,p010,f_mel,0.44,0.1892,0.44527707155670276,True
V2R-PSG,p010,f_mel,0.46,0.1978,0.4883881803051419,True
V2R-PSG,p010,f_mel,0.48,0.2064,0.5307702156050178,True
V2R-PSG,p010,f_mel,0.5,0.215,0.5723342786079475,True
V2R-PSG,p010,f_mel,0.52,0.2236,0.6130329530403508,True
V2R-PSG,p010,f_mel,0.54,0.23220000000000002,0.6528444994211092,True
V2R-PSG,p010,f_mel,0.56,0.24080000000000001,0.691763380943022,True
V2R-PSG,p010,f_mel,0.58,0.24939999999999998,0.7297944098207891,True
V2R-PSG,p010,f_mel,0.6,0.258,0.7669490359600311,True
V2R-PSG,p010,f_mel,0.62,0.2666,0.8032429425525831,True
V2R-PSG,p010,f_mel,0.64,0.2752,0.8386944607654896,True
V2R-PSG,p010,f_mel,0.66,0.2838,0.873323510002227,True
V2R-PSG,p010,f_mel,0.68,0.2924,0.9071508823953562,True
V2R-PSG,p010,f_mel,0.7000000000000001,0.30100000000000005,0.9401977567753239,True
V2R-PSG,p010,f_mel,0.72,0.3096,0.9724853679371922,True
V2R-PSG,p010,f_mel,0.74,0.3182,1.0040347823377545,True
V2R-PSG,p010,f_mel,0.76,0.3268,1.0348667474834985,True
V2R-PSG,p010,f_mel,0.78,0.33540000000000003,1.0650015927462737,True
V2R-PSG,p010,f_mel,0.8,0.34400000000000003,1.0944591662684051,True
V2R-PSG,p010,f_mel,0.8200000000000001,0.3526,1.1232587972690773,True
V2R-PSG,p010,f_mel,0.84,0.36119999999999997,1.1514192762310709,True
V2R-PSG,p010,f_mel,0.86,0.36979999999999996,1.1789588476321284,True
V2R-PSG,p010,f_mel,0.88,0.3784,1.2058952114102846,True
V2R-PSG,p010,f_mel,0.9,0.387,1.2322455304279318,True
V2R-PSG,p010,f_mel,0.92,0.3956,1.258026441964688,True
V2R-PSG,p010,f_mel,0.9400000000000001,0.4042,1.2832540718183172,True
V2R-PSG,p010,f_mel,0.96,0.4128,1.307944049988439,True
V2R-PSG,p010,f_mel,0.98,0.4214,1.3321115272099877,True
V2R-PSG,p010,f_mel,1.0,0.43,1.3557711918058735,True
V2R-PSG,p010,f_blood,0.0,0.0,0.16631887436211726,True
V2R-PSG,p010,f_blood,0.02,0.002,0.1550365971517086,True
V2R-PSG,p010,f_blood,0.04,0.004,0.14675545008451354,True
V2R-PSG,p010,f_blood,0.06,0.006,0.1400524425613866,True
V2R-PSG,p010,f_blood,0.08,0.008,0.1343643368378482,True
V2R-PSG,p010,f_blood,0.1,0.010000000000000002,0.12939928627853992,True
V2R-PSG,p010,f_blood,0.12,0.012,0.1249830276883565,True
V2R-PSG,p010,f_blood,0.14,0.014000000000000002,0.12100175258086811,True
V2R-PSG,p010,f_blood,0.16,0.016,0.1173763581452143,True
V2R-PSG,p010,f_blood,0.18,0.018,0.11404927674178643,True
V2R-PSG,p010,f_blood,0.2,0.020000000000000004,0.11097710272242861,True
V2R-PSG,p010,f_blood,0.22,0.022000000000000002,0.10812617383164046,True
V2R-PSG,p010,f_blood,0.24,0.024,0.10546977800266176,True
V2R-PSG,p010,f_blood,0.26,0.026000000000000002,0.10298630991102344,True
V2R-PSG,p010,f_blood,0.28,0.028000000000000004,0.10065801031815029,True
V2R-PSG,p010,f_blood,0.3,0.03,0.0984700778248139,True
V2R-PSG,p010,f_blood,0.32,0.032,0.09641002687747845,True
V2R-PSG,p010,f_blood,0.34,0.034,0.09446721344141708,True
V2R-PSG,p010,f_blood,0.36,0.036,0.09263247776246249,True
V2R-PSG,p010,f_blood,0.38,0.038000000000000006,0.09089787072934437,True
V2R-PSG,p010,f_blood,0.4,0.04000000000000001,0.08925644110624997,True
V2R-PSG,p010,f_blood,0.42,0.042,0.0877020678645672,True
V2R-PSG,p010,f_blood,0.44,0.044000000000000004,0.08622932645530228,True
V2R-PSG,p010,f_blood,0.46,0.046000000000000006,0.08483338098760554,True
V2R-PSG,p010,f_blood,0.48,0.048,0.08350989643608897,True
V2R-PSG,p010,f_blood,0.5,0.05,0.08225496651567903,True
V2R-PSG,p010,f_blood,0.52,0.052000000000000005,0.08106505394527044,True
V2R-PSG,p010,f_blood,0.54,0.054000000000000006,0.07993694060570117,True
V2R-PSG,p010,f_blood,0.56,0.05600000000000001,0.0788676856733006,True
V2R-PSG,p010,f_blood,0.58,0.057999999999999996,0.07785459023808874,True
V2R-PSG,p010,f_blood,0.6,0.06,0.07689516723717546,True
V2R-PSG,p010,f_blood,0.62,0.062,0.07598711577796376,True
V2R-PSG,p010,f_blood,0.64,0.064,0.07512829911280566,True
V2R-PSG,p010,f_blood,0.66,0.066,0.07431672567136048,True
V2R-PSG,p010,f_blood,0.68,0.068,0.07355053266961661,True
V2R-PSG,p010,f_blood,0.7000000000000001,0.07,0.072827971903039,True
V2R-PSG,p010,f_blood,0.72,0.072,0.07214739740129705,True
V2R-PSG,p010,f_blood,0.74,0.074,0.0715072546777306,True
V2R-PSG,p010,f_blood,0.76,0.07600000000000001,0.07090607135133839,True
V2R-PSG,p010,f_blood,0.78,0.07800000000000001,0.07034244895501253,True
V2R-PSG,p010,f_blood,0.8,0.08000000000000002,0.06981505577287594,True
V2R-PSG,p010,f_blood,0.8200000000000001,0.08200000000000002,0.06932262057330907,True
V2R-PSG,p010,f_blood,0.84,0.084,0.06886392712370568,True
V2R-PSG,p010,f_blood,0.86,0.08600000000000001,0.0684378093890232,True
V2R-PSG,p010,f_blood,0.88,0.08800000000000001,0.06804314732948687,True
V2R-PSG,p010,f_blood,0.9,0.09000000000000001,0.06767886322389106,True
V2R-PSG,p010,f_blood,0.92,0.09200000000000001,0.06734391845425726,True
V2R-PSG,p010,f_blood,0.9400000000000001,0.09400000000000001,0.06703731069547814,True
V2R-PSG,p010,f_blood,0.96,0.096,0.06675807146029011,True
V2R-PSG,p010,f_blood,0.98,0.098,0.06650526395567224,True
V2R-PSG,p010,f_blood,1.0,0.1,0.06627798121174942,True
V2R-PSG,p011,f_mel,0.0,0.0,0.44799550750016826,True
V2R-PSG,p011,f_mel,0.02,0.0086,0.3619908869464019,True
V2R-PSG,p011,f_mel,0.04,0.0172,0.28083474439749156,True
V2R-PSG,p011,f_mel,0.06,0.0258,0.20535476033621886,True
V2R-PSG,p011,f_mel,0.08,0.0344,0.13848561224051034,True
V2R-PSG,p011,f_mel,0.1,0.043000000000000003,0.09132171574428985,True
V2R-PSG,p011,f_mel,0.12,0.0516,0.0688183899857175,True
V2R-PSG,p011,f_mel,0.13496682650600075,0.05803573539758032,0.06245018678372142,True
V2R-PSG,p011,f_mel,0.14,0.060200000000000004,0.06322879967054229,True
V2R-PSG,p011,f_mel,0.16,0.0688,0.08012698972841566,True
V2R-PSG,p011,f_mel,0.18,0.0774,0.11157649909819412,True
V2R-PSG,p011,f_mel,0.2,0.08600000000000001,0.15082291311125495,True
V2R-PSG,p011,f_mel,0.22,0.0946,0.19687769763008317,True
V2R-PSG,p011,f_mel,0.24,0.1032,0.2508264763258645,True
V2R-PSG,p011,f_mel,0.26,0.1118,0.30753773147899033,True
V2R-PSG,p011,f_mel,0.28,0.12040000000000001,0.36457038940980147,True
V2R-PSG,p011,f_mel,0.3,0.129,0.4209085808188453,True
V2R-PSG,p011,f_mel,0.32,0.1376,0.4761055968699302,True
V2R-PSG,p011,f_mel,0.34,0.1462,0.5299651588227646,True
V2R-PSG,p011,f_mel,0.36,0.1548,0.5824105387018897,True
V2R-PSG,p011,f_mel,0.38,0.1634,0.6334255179394808,True
V2R-PSG,p011,f_mel,0.4,0.17200000000000001,0.6830255914447754,True
V2R-PSG,p011,f_mel,0.42,0.18059999999999998,0.7312430273387294,True
V2R-PSG,p011,f_mel,0.44,0.1892,0.778118739075811,True
V2R-PSG,p011,f_mel,0.46,0.1978,0.8236977082705783,True
V2R-PSG,p011,f_mel,0.48,0.2064,0.8680263487832968,True
V2R-PSG,p011,f_mel,0.5,0.215,0.9111509740454202,True
V2R-PSG,p011,f_mel,0.52,0.2236,0.9531169109617013,True
V2R-PSG,p011,f_mel,0.54,0.23220000000000002,0.9939680017710749,True
V2R-PSG,p011,f_mel,0.56,0.24080000000000001,1.0337463425764009,True
V2R-PSG,p011,f_mel,0.58,0.24939999999999998,1.0724921676066899,True
V2R-PSG,p011,f_mel,0.6,0.258,1.1102438233213163,True
V2R-PSG,p011,f_mel,0.62,0.2666,1.1470377973879127,True
V2R-PSG,p011,f_mel,0.64,0.2752,1.1829087803605065,True
V2R-PSG,p011,f_mel,0.66,0.2838,1.2178897458707474,True
V2R-PSG,p011,f_mel,0.68,0.2924,1.2520120402175339,True
V2R-PSG,p011,f_mel,0.7000000000000001,0.30100000000000005,1.2853054755085622,True
V2R-PSG,p011,f_mel,0.72,0.3096,1.3177984226372572,True
V2R-PSG,p011,f_mel,0.74,0.3182,1.3495179017784495,True
V2R-PSG,p011,f_mel,0.76,0.3268,1.3804896690111408,True
V2R-PSG,p011,f_mel,0.78,0.33540000000000003,1.4107382982890575,True
V2R-PSG,p011,f_mel,0.8,0.34400000000000003,1.4402872583841058,True
V2R-PSG,p011,f_mel,0.8200000000000001,0.3526,1.4691589846929463,True
V2R-PSG,p011,f_mel,0.84,0.36119999999999997,1.4973749459680763,True
V2R-PSG,p011,f_mel,0.86,0.36979999999999996,1.5249557061427026,True
V2R-PSG,p011,f_mel,0.88,0.3784,1.5519209814814299,True
V2R-PSG,p011,f_mel,0.9,0.387,1.5782896933314912,True
V2R-PSG,p011,f_mel,0.92,0.3956,1.6040800167509006,True
V2R-PSG,p011,f_mel,0.9400000000000001,0.4042,1.6293094253121787,True
V2R-PSG,p011,f_mel,0.96,0.4128,1.6539947323586632,True
V2R-PSG,p011,f_mel,0.98,0.4214,1.678152128989918,True
V2R-PSG,p011,f_mel,1.0,0.43,1.701797219034697,True
V2R-PSG,p011,f_blood,0.0,0.0,0.13013604963817954,True
V2R-PSG,p011,f_blood,0.02,0.002,0.11715200158925307,True
V2R-PSG,p011,f_blood,0.04,0.004,0.10785174150790107,True
V2R-PSG,p011,f_blood,0.06,0.006,0.10052063066770729,True
V2R-PSG,p011,f_blood,0.08,0.008,0.09448179292084108,True
V2R-PSG,p011,f_blood,0.1,0.010000000000000002,0.08938543222566823,True
V2R-PSG,p011,f_blood,0.12,0.012,0.08502312559512853,True
V2R-PSG,p011,f_blood,0.14,0.014000000000000002,0.08125884201188859,True
V2R-PSG,p011,f_blood,0.16,0.016,0.07799782314481578,True
V2R-PSG,p011,f_blood,0.18,0.018,0.07517063870849215,True
V2R-PSG,p011,f_blood,0.2,0.020000000000000004,0.07272424241888095,True
V2R-PSG,p011,f_blood,0.22,0.022000000000000002,0.07061660658968409,True
V2R-PSG,p011,f_blood,0.24,0.024,0.06881333791656204,True
V2R-PSG,p011,f_blood,0.26,0.026000000000000002,0.06728546339306002,True
V2R-PSG,p011,f_blood,0.28,0.028000000000000004,0.06600794536645543,True
V2R-PSG,p011,f_blood,0.3,0.03,0.06495867125114702,True
V2R-PSG,p011,f_blood,0.32,0.032,0.06411776277615368,True
V2R-PSG,p011,f_blood,0.34,0.034,0.06346710518448202,True
V2R-PSG,p011,f_blood,0.36,0.036,0.06299002934937346,True
V2R-PSG,p011,f_blood,0.38,0.038000000000000006,0.0626710998668918,True
V2R-PSG,p011,f_blood,0.4,0.04000000000000001,0.06249597535197757,True
V2R-PSG,p011,f_blood,0.41724544075063275,0.04172454407506328,0.06245018678372135,True
V2R-PSG,p011,f_blood,0.42,0.042,0.062451316349153296,True
V2R-PSG,p011,f_blood,0.44,0.044000000000000004,0.06252472303370453,True
V2R-PSG,p011,f_blood,0.46,0.046000000000000006,0.06270469004570657,True
V2R-PSG,p011,f_blood,0.48,0.048,0.06298056979913783,True
V2R-PSG,p011,f_blood,0.5,0.05,0.06334253868152186,True
V2R-PSG,p011,f_blood,0.52,0.052000000000000005,0.06378156286245898,True
V2R-PSG,p011,f_blood,0.54,0.054000000000000006,0.06428936208780893,True
V2R-PSG,p011,f_blood,0.56,0.05600000000000001,0.06485837096632155,True
V2R-PSG,p011,f_blood,0.58,0.057999999999999996,0.06548169796793943,True
V2R-PSG,p011,f_blood,0.6,0.06,0.06615308275031674,True
V2R-PSG,p011,f_blood,0.62,0.062,0.0668668526024382,True
V2R-PSG,p011,f_blood,0.64,0.064,0.06761787881632357,True
V2R-PSG,p011,f_blood,0.66,0.066,0.06840153372823646,True
V2R-PSG,p011,f_blood,0.68,0.068,0.06921364905282487,True
V2R-PSG,p011,f_blood,0.7000000000000001,0.07,0.07005047599723144,True
V2R-PSG,p011,f_blood,0.72,0.072,0.07090864750678501,True
V2R-PSG,p011,f_blood,0.74,0.074,0.07178514287076895,True
V2R-PSG,p011,f_blood,0.76,0.07600000000000001,0.07267725481151223,True
V2R-PSG,p011,f_blood,0.78,0.07800000000000001,0.07358255909451089,True
V2R-PSG,p011,f_blood,0.8,0.08000000000000002,0.07449888663080922,True
V2R-PSG,p011,f_blood,0.8200000000000001,0.08200000000000002,0.07542429799361378,True
V2R-PSG,p011,f_blood,0.84,0.084,0.07635706023655046,True
V2R-PSG,p011,f_blood,0.86,0.08600000000000001,0.07729562587850203,True
V2R-PSG,p011,f_blood,0.88,0.08800000000000001,0.07823861390707297,True
V2R-PSG,p011,f_blood,0.9,0.09000000000000001,0.07918479264719984,True
V2R-PSG,p011,f_blood,0.92,0.09200000000000001,0.08013306434138003,True
V2R-PSG,p011,f_blood,0.9400000000000001,0.09400000000000001,0.08108245129186023,True
V2R-PSG,p011,f_blood,0.96,0.096,0.08203208342168038,True
V2R-PSG,p011,f_blood,0.98,0.098,0.08298118711973329,True
V2R-PSG,p011,f_blood,1.0,0.1,0.08392907524424466,True
V2R-PSG,p012,f_mel,0.0,0.0,0.6855367518102972,True
V2R-PSG,p012,f_mel,0.02,0.0086,0.5991321658840095,True
V2R-PSG,p012,f_mel,0.04,0.0172,0.5165543417663851,True
V2R-PSG,p012,f_mel,0.06,0.0258,0.4375702145862277,True
V2R-PSG,p012,f_mel,0.08,0.0344,0.3619991575600699,True
V2R-PSG,p012,f_mel,0.1,0.043000000000000003,0.2897316802539724,True
V2R-PSG,p012,f_mel,0.12,0.0516,0.22079301762209383,True
V2R-PSG,p012,f_mel,0.14,0.060200000000000004,0.15556660054865995,True
V2R-PSG,p012,f_mel,0.16,0.0688,0.0958288764603039,True
V2R-PSG,p012,f_mel,0.18,0.0774,0.05201116148797587,True
V2R-PSG,p012,f_mel,0.1866827158570085,0.08027356781851365,0.04783598091621012,True
V2R-PSG,p012,f_mel,0.2,0.08600000000000001,0.05183919693074002,True
V2R-PSG,p012,f_mel,0.22,0.0946,0.06975274464208213,True
V2R-PSG,p012,f_mel,0.24,0.1032,0.0957218995692773,True
V2R-PSG,p012,f_mel,0.26,0.1118,0.12623240482096834,True
V2R-PSG,p012,f_mel,0.28,0.12040000000000001,0.16026893172704676,True
V2R-PSG,p012,f_mel,0.3,0.129,0.19813427953270293,True
V2R-PSG,p012,f_mel,0.32,0.1376,0.24189242862635132,True
V2R-PSG,p012,f_mel,0.34,0.1462,0.28864093546471903,True
V2R-PSG,p012,f_mel,0.36,0.1548,0.33631049309314115,True
V2R-PSG,p012,f_mel,0.38,0.1634,0.38390891319557874,True
V2R-PSG,p012,f_mel,0.4,0.17200000000000001,0.43093951279952986,True
V2R-PSG,p012,f_mel,0.42,0.18059999999999998,0.4771467628785769,True
V2R-PSG,p012,f_mel,0.44,0.1892,0.5223998284394459,True
V2R-PSG,p012,f_mel,0.46,0.1978,0.5666357752668293,True
V2R-PSG,p012,f_mel,0.48,0.2064,0.6098301565191674,True
V2R-PSG,p012,f_mel,0.5,0.215,0.6519809609551303,True
V2R-PSG,p012,f_mel,0.52,0.2236,0.6930994601719778,True
V2R-PSG,p012,f_mel,0.54,0.23220000000000002,0.7332047987791702,True
V2R-PSG,p012,f_mel,0.56,0.24080000000000001,0.772320703801805,True
V2R-PSG,p012,f_mel,0.58,0.24939999999999998,0.8104734385855394,True
V2R-PSG,p012,f_mel,0.6,0.258,0.8476905105346839,True
V2R-PSG,p012,f_mel,0.62,0.2666,0.8839998475501957,True
V2R-PSG,p012,f_mel,0.64,0.2752,0.9194292722802504,True
V2R-PSG,p012,f_mel,0.66,0.2838,0.954006168974583,True
V2R-PSG,p012,f_mel,0.68,0.2924,0.9877572766351626,True
V2R-PSG,p012,f_mel,0.7000000000000001,0.30100000000000005,1.0207085658184338,True
V2R-PSG,p012,f_mel,0.72,0.3096,1.0528851711809433,True
V2R-PSG,p012,f_mel,0.74,0.3182,1.0843113612326445,True
V2R-PSG,p012,f_mel,0.76,0.3268,1.1150105328350515,True
V2R-PSG,p012,f_mel,0.78,0.33540000000000003,1.1450052219817752,True
V2R-PSG,p012,f_mel,0.8,0.34400000000000003,1.1743171250726037,True
V2R-PSG,p012,f_mel,0.8200000000000001,0.3526,1.2029671267020683,True
V2R-PSG,p012,f_mel,0.84,0.36119999999999997,1.2309753312219942,True
V2R-PSG,p012,f_mel,0.86,0.36979999999999996,1.2583610961930765,True
V2R-PSG,p012,f_mel,0.88,0.3784,1.2851430664360957,True
V2R-PSG,p012,f_mel,0.9,0.387,1.3113392078104722,True
V2R-PSG,p012,f_mel,0.92,0.3956,1.3369668401412311,True
V2R-PSG,p012,f_mel,0.9400000000000001,0.4042,1.3620426689223066,True
V2R-PSG,p012,f_mel,0.96,0.4128,1.3865828155700155,True
V2R-PSG,p012,f_mel,0.98,0.4214,1.4106028461032842,True
V2R-PSG,p012,f_mel,1.0,0.43,1.434117798199863,True
V2R-PSG,p012,f_blood,0.0,0.0,0.13982070347115538,True
V2R-PSG,p012,f_blood,0.02,0.002,0.12875198364798837,True
V2R-PSG,p012,f_blood,0.04,0.004,0.1206644721500287,True
V2R-PSG,p012,f_blood,0.06,0.006,0.11413678657330595,True
V2R-PSG,p012,f_blood,0.08,0.008,0.10860934445006151,True
V2R-PSG,p012,f_blood,0.1,0.010000000000000002,0.10379341531312551,True
V2R-PSG,p012,f_blood,0.12,0.012,0.0995171972170782,True
V2R-PSG,p012,f_blood,0.14,0.014000000000000002,0.0956688266619969,True
V2R-PSG,p012,f_blood,0.16,0.016,0.09217076355614687,True
V2R-PSG,p012,f_blood,0.18,0.018,0.08896672111455203,True
V2R-PSG,p012,f_blood,0.2,0.020000000000000004,0.08601436435385308,True
V2R-PSG,p012,f_blood,0.22,0.022000000000000002,0.08328094240567945,True
V2R-PSG,p012,f_blood,0.24,0.024,0.0807405317385452,True
V2R-PSG,p012,f_blood,0.26,0.026000000000000002,0.07837221903345504,True
V2R-PSG,p012,f_blood,0.28,0.028000000000000004,0.07615885972187948,True
V2R-PSG,p012,f_blood,0.3,0.03,0.07408620382716316,True
V2R-PSG,p012,f_blood,0.32,0.032,0.07214226434011614,True
V2R-PSG,p012,f_blood,0.34,0.034,0.07031685051018176,True
V2R-PSG,p012,f_blood,0.36,0.036,0.0686012161607079,True
V2R-PSG,p012,f_blood,0.38,0.038000000000000006,0.06698779003717693,True
V2R-PSG,p012,f_blood,0.4,0.04000000000000001,0.06546996582524359,True
V2R-PSG,p012,f_blood,0.42,0.042,0.06404193634513242,True
V2R-PSG,p012,f_blood,0.44,0.044000000000000004,0.06269856097886686,True
V2R-PSG,p012,f_blood,0.46,0.046000000000000006,0.06143525846652231,True
V2R-PSG,p012,f_blood,0.48,0.048,0.06024791933329092,True
V2R-PSG,p012,f_blood,0.5,0.05,0.05913283370216753,True
V2R-PSG,p012,f_blood,0.52,0.052000000000000005,0.05808663131238083,True
V2R-PSG,p012,f_blood,0.54,0.054000000000000006,0.05710623133463025,True
V2R-PSG,p012,f_blood,0.56,0.05600000000000001,0.05618880013909664,True
V2R-PSG,p012,f_blood,0.58,0.057999999999999996,0.05533171559068148,True
V2R-PSG,p012,f_blood,0.6,0.06,0.05453253675885523,True
V2R-PSG,p012,f_blood,0.62,0.062,0.05378897816531364,True
V2R-PSG,p012,f_blood,0.64,0.064,0.05309888787144046,True
V2R-PSG,p012,f_blood,0.66,0.066,0.052460228843797724,True
V2R-PSG,p012,f_blood,0.68,0.068,0.05187106313997875,True
V2R-PSG,p012,f_blood,0.7000000000000001,0.07,0.05132953853695171,True
V2R-PSG,p012,f_blood,0.72,0.072,0.050833877285284136,True
V2R-PSG,p012,f_blood,0.74,0.074,0.05038236671980842,True
V2R-PSG,p012,f_blood,0.76,0.07600000000000001,0.049973351493776956,True
V2R-PSG,p012,f_blood,0.78,0.07800000000000001,0.049605227231995064,True
V2R-PSG,p012,f_blood,0.8,0.08000000000000002,0.04927643542091152,True
V2R-PSG,p012,f_blood,0.8200000000000001,0.08200000000000002,0.048985459371779,True
V2R-PSG,p012,f_blood,0.84,0.084,0.04873082110806555,True
V2R-PSG,p012,f_blood,0.86,0.08600000000000001,0.048511079041239864,True
V2R-PSG,p012,f_blood,0.88,0.08800000000000001,0.04832482631061632,True
V2R-PSG,p012,f_blood,0.9,0.09000000000000001,0.048170689673630945,True
V2R-PSG,p012,f_blood,0.92,0.09200000000000001,0.04804732884309457,True
V2R-PSG,p012,f_blood,0.9400000000000001,0.09400000000000001,0.0479534361778403,True
V2R-PSG,p012,f_blood,0.96,0.096,0.0478877366428675,True
V2R-PSG,p012,f_blood,0.98,0.098,0.04784898796459703,True
V2R-PSG,p012,f_blood,0.9999999986227138,0.09999999986227139,0.04783598091621012,True
V2R-PSG,p012,f_blood,1.0,0.1,0.047835980916173464,True
V2R-PSG,p013,f_mel,0.0,0.0,0.7478586481172131,True
V2R-PSG,p013,f_mel,0.02,0.0086,0.6616322947015588,True
V2R-PSG,p013,f_mel,0.04,0.0172,0.5791941222289286,True
V2R-PSG,p013,f_mel,0.06,0.0258,0.5003076949359753,True
V2R-PSG,p013,f_mel,0.08,0.0344,0.42478013555151656,True
V2R-PSG,p013,f_mel,0.1,0.043000000000000003,0.35246876691518886,True
V2R-PSG,p013,f_mel,0.12,0.0516,0.28330660263029955,True
V2R-PSG,p013,f_mel,0.14,0.060200000000000004,0.2173783296592457,True
V2R-PSG,p013,f_mel,0.16,0.0688,0.1551724735044253,True
V2R-PSG,p013,f_mel,0.18,0.0774,0.09866494177122581,True
V2R-PSG,p013,f_mel,0.2,0.08600000000000001,0.05769193952368254,True
V2R-PSG,p013,f_mel,0.20775736990425803,0.08933566905883095,0.05297350120987365,True
V2R-PSG,p013,f_mel,0.22,0.0946,0.058930771286464845,True
V2R-PSG,p013,f_mel,0.24,0.1032,0.07774499074029559,True
V2R-PSG,p013,f_mel,0.26,0.1118,0.10276825258924868,True
V2R-PSG,p013,f_mel,0.28,0.12040000000000001,0.13165487893657563,True
V2R-PSG,p013,f_mel,0.3,0.129,0.16368384008176232,True
V2R-PSG,p013,f_mel,0.32,0.1376,0.1988313203759405,True
V2R-PSG,p013,f_mel,0.34,0.1462,0.23910736951471956,True
V2R-PSG,p013,f_mel,0.36,0.1548,0.2829428577232296,True
V2R-PSG,p013,f_mel,0.38,0.1634,0.3281394098053006,True
V2R-PSG,p013,f_mel,0.4,0.17200000000000001,0.37358895685715987,True
V2R-PSG,p013,f_mel,0.42,0.18059999999999998,0.4187139842018059,True
V2R-PSG,p013,f_mel,0.44,0.1892,0.4632043897079653,True
V2R-PSG,p013,f_mel,0.46,0.1978,0.5068918047344929,True
V2R-PSG,p013,f_mel,0.48,0.2064,0.5496866375676213,True
V2R-PSG,p013,f_mel,0.5,0.215,0.5915448539158364,True
V2R-PSG,p013,f_mel,0.52,0.2236,0.632449586063082,True
V2R-PSG,p013,f_mel,0.54,0.23220000000000002,0.6724005160149631,True
V2R-PSG,p013,f_mel,0.56,0.24080000000000001,0.7114075249998184,True
V2R-PSG,p013,f_mel,0.58,0.24939999999999998,0.7494867811944247,True
V2R-PSG,p013,f_mel,0.6,0.258,0.7866582710887238,True
V2R-PSG,p013,f_mel,0.62,0.2666,0.822944212238898,True
V2R-PSG,p013,f_mel,0.64,0.2752,0.8583680185208521,True
V2R-PSG,p013,f_mel,0.66,0.2838,0.8929536196230791,True
V2R-PSG,p013,f_mel,0.68,0.2924,0.9267250120337751,True
V2R-PSG,p013,f_mel,0.7000000000000001,0.30100000000000005,0.9597059637245346,True
V2R-PSG,p013,f_mel,0.72,0.3096,0.9919198221923482,True
V2R-PSG,p013,f_mel,0.74,0.3182,1.023389392693861,True
V2R-PSG,p013,f_mel,0.76,0.3268,1.0541368644725004,True
V2R-PSG,p013,f_mel,0.78,0.33540000000000003,1.0841837699156902,True
V2R-PSG,p013,f_mel,0.8,0.34400000000000003,1.1135509663024858,True
V2R-PSG,p013,f_mel,0.8200000000000001,0.3526,1.1422586329753333,True
V2R-PSG,p013,f_mel,0.84,0.36119999999999997,1.170326278930629,True
V2R-PSG,p013,f_mel,0.86,0.36979999999999996,1.1977727573119985,True
V2R-PSG,p013,f_mel,0.88,0.3784,1.2246162843273671,True
V2R-PSG,p013,f_mel,0.9,0.387,1.2508744608398765,True
V2R-PSG,p013,f_mel,0.92,0.3956,1.2765642953990788,True
V2R-PSG,p013,f_mel,0.9400000000000001,0.4042,1.3017022278470671,True
V2R-PSG,p013,f_mel,0.96,0.4128,1.3263041528980277,True
V2R-PSG,p013,f_mel,0.98,0.4214,1.3503854432799807,True
V2R-PSG,p013,f_mel,1.0,0.43,1.3739609721635992,True
V2R-PSG,p013,f_blood,0.0,0.0,0.14862458248296223,True
V2R-PSG,p013,f_blood,0.02,0.002,0.13800965212986527,True
V2R-PSG,p013,f_blood,0.04,0.004,0.1302390760214528,True
V2R-PSG,p013,f_blood,0.06,0.006,0.12395601394232128,True
V2R-PSG,p013,f_blood,0.08,0.008,0.11862592359903792,True
V2R-PSG,p013,f_blood,0.1,0.010000000000000002,0.11397273973148862,True
V2R-PSG,p013,f_blood,0.12,0.012,0.10983203837285477,True
V2R-PSG,p013,f_blood,0.14,0.014000000000000002,0.1060966535287759,True
V2R-PSG,p013,f_blood,0.16,0.016,0.10269222331403019,True
V2R-PSG,p013,f_blood,0.18,0.018,0.09956470704969814,True
V2R-PSG,p013,f_blood,0.2,0.020000000000000004,0.09667340920319463,True
V2R-PSG,p013,f_blood,0.22,0.022000000000000002,0.09398680517298717,True
V2R-PSG,p013,f_blood,0.24,0.024,0.09147990614401148,True
V2R-PSG,p013,f_blood,0.26,0.026000000000000002,0.08913252205174413,True
V2R-PSG,p013,f_blood,0.28,0.028000000000000004,0.08692807497253285,True
V2R-PSG,p013,f_blood,0.3,0.03,0.0848527638514001,True
V2R-PSG,p013,f_blood,0.32,0.032,0.0828949613102802,True
V2R-PSG,p013,f_blood,0.34,0.034,0.08104476832214293,True
V2R-PSG,p013,f_blood,0.36,0.036,0.0792936790297401,True
V2R-PSG,p013,f_blood,0.38,0.038000000000000006,0.07763432413882054,True
V2R-PSG,p013,f_blood,0.4,0.04000000000000001,0.07606027147367349,True
V2R-PSG,p013,f_blood,0.42,0.042,0.07456586884912365,True
V2R-PSG,p013,f_blood,0.44,0.044000000000000004,0.07314611876199806,True
V2R-PSG,p013,f_blood,0.46,0.046000000000000006,0.07179657734853646,True
V2R-PSG,p013,f_blood,0.48,0.048,0.07051327208565193,True
V2R-PSG,p013,f_blood,0.5,0.05,0.06929263414084735,True
V2R-PSG,p013,f_blood,0.52,0.052000000000000005,0.06813144229401849,True
V2R-PSG,p013,f_blood,0.54,0.054000000000000006,0.06702677609194033,True
V2R-PSG,p013,f_blood,0.56,0.05600000000000001,0.06597597643755591,True
V2R-PSG,p013,f_blood,0.58,0.057999999999999996,0.06497661221839104,True
V2R-PSG,p013,f_blood,0.6,0.06,0.06402645188062217,True
V2R-PSG,p013,f_blood,0.62,0.062,0.06312343908476739,True
V2R-PSG,p013,f_blood,0.64,0.064,0.06226567175483068,True
V2R-PSG,p013,f_blood,0.66,0.066,0.061451383968717806,True
V2R-PSG,p013,f_blood,0.68,0.068,0.060678930243725435,True
V2R-PSG,p013,f_blood,0.7000000000000001,0.07,0.059946771854143,True
V2R-PSG,p013,f_blood,0.72,0.072,0.05925346488379269,True
V2R-PSG,p013,f_blood,0.74,0.074,0.05859764976865643,True
V2R-PSG,p013,f_blood,0.76,0.07600000000000001,0.05797804212658259,True
V2R-PSG,p013,f_blood,0.78,0.07800000000000001,0.05739342470469145,True
V2R-PSG,p013,f_blood,0.8,0.08000000000000002,0.05684264030223963,True
V2R-PSG,p013,f_blood,0.8200000000000001,0.08200000000000002,0.056324585548710365,True
V2R-PSG,p013,f_blood,0.84,0.084,0.055838205434794515,True
V2R-PSG,p013,f_blood,0.86,0.08600000000000001,0.05538248850854566,True
V2R-PSG,p013,f_blood,0.88,0.08800000000000001,0.05495646266097979,True
V2R-PSG,p013,f_blood,0.9,0.09000000000000001,0.05455919143524396,True
V2R-PSG,p013,f_blood,0.92,0.09200000000000001,0.05418977080163553,True
V2R-PSG,p013,f_blood,0.9400000000000001,0.09400000000000001,0.053847326347523865,True
V2R-PSG,p013,f_blood,0.96,0.096,0.05353101083689171,True
V2R-PSG,p013,f_blood,0.98,0.098,0.05324000209898718,True
V2R-PSG,p013,f_blood,1.0,0.1,0.05297350120963456,True
V2R-PSG,p014,f_mel,0.0,0.0,1.23973594718626,True
V2R-PSG,p014,f_mel,0.02,0.0086,1.1551715874156256,True
V2R-PSG,p014,f_mel,0.04,0.0172,1.0741918760647533,True
V2R-PSG,p014,f_mel,0.06,0.0258,0.9965641291970749,True
V2R-PSG,p014,f_mel,0.08,0.0344,0.9220830935157672,True
V2R-PSG,p014,f_mel,0.1,0.043000000000000003,0.8505660696812093,True
V2R-PSG,p014,f_mel,0.12,0.0516,0.781849915690839,True
V2R-PSG,p014,f_mel,0.14,0.060200000000000004,0.7157894564885329,True
V2R-PSG,p014,f_mel,0.16,0.0688,0.6522570861369601,True
V2R-PSG,p014,f_mel,0.18,0.0774,0.5911435804429415,True
V2R-PSG,p014,f_mel,0.2,0.08600000000000001,0.5323604047272109,True
V2R-PSG,p014,f_mel,0.22,0.0946,0.4758441929810421,True
V2R-PSG,p014,f_mel,0.24,0.1032,0.4215647529891898,True
V2R-PSG,p014,f_mel,0.26,0.1118,0.3695392505499004,True
V2R-PSG,p014,f_mel,0.28,0.12040000000000001,0.3198578762783448,True
V2R-PSG,p014,f_mel,0.3,0.129,0.27273195176427834,True
V2R-PSG,p014,f_mel,0.32,0.1376,0.2285877209359301,True
V2R-PSG,p014,f_mel,0.34,0.1462,0.1882545047275138,True
V2R-PSG,p014,f_mel,0.36,0.1548,0.1533334725337947,True
V2R-PSG,p014,f_mel,0.38,0.1634,0.1267769527878731,True
V2R-PSG,p014,f_mel,0.4,0.17200000000000001,0.1129814561985232,True
V2R-PSG,p014,f_mel,0.40722592867194485,0.17510714932893628,0.11189958142586795,True
V2R-PSG,p014,f_mel,0.42,0.18059999999999998,0.11515833113910362,True
V2R-PSG,p014,f_mel,0.44,0.1892,0.12866320672795492,True
V2R-PSG,p014,f_mel,0.46,0.1978,0.14380191468015924,True
V2R-PSG,p014,f_mel,0.48,0.2064,0.16040726946729156,True
V2R-PSG,p014,f_mel,0.5,0.215,0.1789979633962022,True
V2R-PSG,p014,f_mel,0.52,0.2236,0.20020131310186157,True
V2R-PSG,p014,f_mel,0.54,0.23220000000000002,0.22575580442884624,True
V2R-PSG,p014,f_mel,0.56,0.24080000000000001,0.2547207210042411,True
V2R-PSG,p014,f_mel,0.58,0.24939999999999998,0.2856353162269946,True
V2R-PSG,p014,f_mel,0.6,0.258,0.3175767818588751,True
V2R-PSG,p014,f_mel,0.62,0.2666,0.34996664393109017,True
V2R-PSG,p014,f_mel,0.64,0.2752,0.3824388064897933,True
V2R-PSG,p014,f_mel,0.66,0.2838,0.4147583164854594,True
V2R-PSG,p014,f_mel,0.68,0.2924,0.44677254616845635,True
V2R-PSG,p014,f_mel,0.7000000000000001,0.30100000000000005,0.4783816810357568,True
V2R-PSG,p014,f_mel,0.72,0.3096,0.509520554202792,True
V2R-PSG,p014,f_mel,0.74,0.3182,0.5401472124241449,True
V2R-PSG,p014,f_mel,0.76,0.3268,0.5702355509275949,True
V2R-PSG,p014,f_mel,0.78,0.33540000000000003,0.59977046218354,True
V2R-PSG,p014,f_mel,0.8,0.34400000000000003,0.628744573427907,True
V2R-PSG,p014,f_mel,0.8200000000000001,0.3526,0.6571560105334422,True
V2R-PSG,p014,f_mel,0.84,0.36119999999999997,0.685006838797756,True
V2R-PSG,p014,f_mel,0.86,0.36979999999999996,0.7123019588678893,True
V2R-PSG,p014,f_mel,0.88,0.3784,0.7390483141609661,True
V2R-PSG,p014,f_mel,0.9,0.387,0.7652543149649237,True
V2R-PSG,p014,f_mel,0.92,0.3956,0.790929415515145,True
V2R-PSG,p014,f_mel,0.9400000000000001,0.4042,0.8160838005385663,True
V2R-PSG,p014,f_mel,0.96,0.4128,0.8407281510964566,True
V2R-PSG,p014,f_mel,0.98,0.4214,0.8648734685123509,True
V2R-PSG,p014,f_mel,1.0,0.43,0.8885309412752823,True
V2R-PSG,p014,f_blood,0.0,0.0,0.16709761178340496,True
V2R-PSG,p014,f_blood,0.02,0.002,0.1619666280551194,True
V2R-PSG,p014,f_blood,0.04,0.004,0.15819060057647036,True
V2R-PSG,p014,f_blood,0.06,0.006,0.155122443962286,True
V2R-PSG,p014,f_blood,0.08,0.008,0.15250590863106617,True
V2R-PSG,p014,f_blood,0.1,0.010000000000000002,0.15020832578108223,True
V2R-PSG,p014,f_blood,0.12,0.012,0.1481505981441241,True
V2R-PSG,p014,f_blood,0.14,0.014000000000000002,0.1462811657090893,True
V2R-PSG,p014,f_blood,0.16,0.016,0.14456426575113038,True
V2R-PSG,p014,f_blood,0.18,0.018,0.14297392787139657,True
V2R-PSG,p014,f_blood,0.2,0.020000000000000004,0.1414906134708049,True
V2R-PSG,p014,f_blood,0.22,0.022000000000000002,0.14009920312828014,True
V2R-PSG,p014,f_blood,0.24,0.024,0.138787725410147,True
V2R-PSG,p014,f_blood,0.26,0.026000000000000002,0.13754651877939109,True
V2R-PSG,p014,f_blood,0.28,0.028000000000000004,0.1363676591385805,True
V2R-PSG,p014,f_blood,0.3,0.03,0.13524455701461774,True
V2R-PSG,p014,f_blood,0.32,0.032,0.13417166683904133,True
V2R-PSG,p014,f_blood,0.34,0.034,0.13314427249062152,True
V2R-PSG,p014,f_blood,0.36,0.036,0.13215832604845593,True
V2R-PSG,p014,f_blood,0.38,0.038000000000000006,0.13121032450069176,True
V2R-PSG,p014,f_blood,0.4,0.04000000000000001,0.1302972140601744,True
V2R-PSG,p014,f_blood,0.42,0.042,0.12941631491089037,True
V2R-PSG,p014,f_blood,0.44,0.044000000000000004,0.1285652613107953,True
V2R-PSG,p014,f_blood,0.46,0.046000000000000006,0.12774195339932948,True
V2R-PSG,p014,f_blood,0.48,0.048,0.12694451803985274,True
V2R-PSG,p014,f_blood,0.5,0.05,0.12617127671691422,True
V2R-PSG,p014,f_blood,0.52,0.052000000000000005,0.12542071900047128,True
V2R-PSG,p014,f_blood,0.54,0.054000000000000006,0.12469148044556476,True
V2R-PSG,p014,f_blood,0.56,0.05600000000000001,0.1239823240574748,True
V2R-PSG,p014,f_blood,0.58,0.057999999999999996,0.12329212464664795,True
V2R-PSG,p014,f_blood,0.6,0.06,0.1226198555436289,True
V2R-PSG,p014,f_blood,0.62,0.062,0.12196457725502091,True
V2R-PSG,p014,f_blood,0.64,0.064,0.12132542772644007,True
V2R-PSG,p014,f_blood,0.66,0.066,0.12070161394411599,True
V2R-PSG,p014,f_blood,0.68,0.068,0.12009240465805339,True
V2R-PSG,p014,f_blood,0.7000000000000001,0.07,0.11949712404996174,True
V2R-PSG,p014,f_blood,0.72,0.072,0.1189151462010803,True
V2R-PSG,p014,f_blood,0.74,0.074,0.11834589024049186,True
V2R-PSG,p014,f_blood,0.76,0.07600000000000001,0.11778881607496379,True
V2R-PSG,p014,f_blood,0.78,0.07800000000000001,0.11724342061786444,True
V2R-PSG,p014,f_blood,0.8,0.08000000000000002,0.11670923444813316,True
V2R-PSG,p014,f_blood,0.8200000000000001,0.08200000000000002,0.11618581884124496,True
V2R-PSG,p014,f_blood,0.84,0.084,0.11567276312311962,True
V2R-PSG,p014,f_blood,0.86,0.08600000000000001,0.11516968230536342,True
V2R-PSG,p014,f_blood,0.88,0.08800000000000001,0.11467621496639901,True
V2R-PSG,p014,f_blood,0.9,0.09000000000000001,0.11419202134817744,True
V2R-PSG,p014,f_blood,0.92,0.09200000000000001,0.11371678164246778,True
V2R-PSG,p014,f_blood,0.9400000000000001,0.09400000000000001,0.1132501944443313,True
V2R-PSG,p014,f_blood,0.96,0.096,0.11279197535343412,True
V2R-PSG,p014,f_blood,0.98,0.098,0.11234185570643405,True
V2R-PSG,p014,f_blood,1.0,0.1,0.11189958142586502,True
V2R-PSG,p015,f_mel,0.0,0.0,0.809453060753105,True
V2R-PSG,p015,f_mel,0.02,0.0086,0.72293924468068,True
V2R-PSG,p015,f_mel,0.04,0.0172,0.640148846642801,True
V2R-PSG,p015,f_mel,0.06,0.0258,0.5608480999278604,True
V2R-PSG,p015,f_mel,0.08,0.0344,0.4848372174881306,True
V2R-PSG,p015,f_mel,0.1,0.043000000000000003,0.4119502048786278,True
V2R-PSG,p015,f_mel,0.12,0.0516,0.3420625123560746,True
V2R-PSG,p015,f_mel,0.14,0.060200000000000004,0.2751150298881886,True
V2R-PSG,p015,f_mel,0.16,0.0688,0.211183047758474,True
V2R-PSG,p015,f_mel,0.18,0.0774,0.15070371076295597,True
V2R-PSG,p015,f_mel,0.2,0.08600000000000001,0.09546086229144314,True
V2R-PSG,p015,f_mel,0.22,0.0946,0.054621005182783684,True
V2R-PSG,p015,f_mel,0.22802290519981408,0.09804984923592006,0.04956330061815945,True
V2R-PSG,p015,f_mel,0.24,0.1032,0.05577461962888069,True
V2R-PSG,p015,f_mel,0.26,0.1118,0.07469348773541734,True
V2R-PSG,p015,f_mel,0.28,0.12040000000000001,0.09919126236814056,True
V2R-PSG,p015,f_mel,0.3,0.129,0.12724247375689673,True
V2R-PSG,p015,f_mel,0.32,0.1376,0.15828264931843614,True
V2R-PSG,p015,f_mel,0.34,0.1462,0.19231982547793805,True
V2R-PSG,p015,f_mel,0.36,0.1548,0.23125658065916813,True
V2R-PSG,p015,f_mel,0.38,0.1634,0.27386176231039105,True
V2R-PSG,p015,f_mel,0.4,0.17200000000000001,0.31791534544316113,True
V2R-PSG,p015,f_mel,0.42,0.18059999999999998,0.36229447672197385,True
V2R-PSG,p015,f_mel,0.44,0.1892,0.40641208872335455,True
V2R-PSG,p015,f_mel,0.46,0.1978,0.4499513785534984,True
V2R-PSG,p015,f_mel,0.48,0.2064,0.49273882957859017,True
V2R-PSG,p015,f_mel,0.5,0.215,0.5346806198480587,True
V2R-PSG,p015,f_mel,0.52,0.2236,0.5757290872666234,True
V2R-PSG,p015,f_mel,0.54,0.23220000000000002,0.6158641722694932,True
V2R-PSG,p015,f_mel,0.56,0.24080000000000001,0.6550827053488051,True
V2R-PSG,p015,f_mel,0.58,0.24939999999999998,0.693391996232898,True
V2R-PSG,p015,f_mel,0.6,0.258,0.7308058799595457,True
V2R-PSG,p015,f_mel,0.62,0.2666,0.7673422171932825,True
V2R-PSG,p015,f_mel,0.64,0.2752,0.8030212824512848,True
V2R-PSG,p015,f_mel,0.66,0.2838,0.8378647091696162,True
V2R-PSG,p015,f_mel,0.68,0.2924,0.8718947921178357,True
V2R-PSG,p015,f_mel,0.7000000000000001,0.30100000000000005,0.9051340236717429,True
V2R-PSG,p015,f_mel,0.72,0.3096,0.9376047856649895,True
V2R-PSG,p015,f_mel,0.74,0.3182,0.9693291461472081,True
V2R-PSG,p015,f_mel,0.76,0.3268,1.00032872763724,True
V2R-PSG,p015,f_mel,0.78,0.33540000000000003,1.0306246244826331,True
V2R-PSG,p015,f_mel,0.8,0.34400000000000003,1.060237354110941,True
V2R-PSG,p015,f_mel,0.8200000000000001,0.3526,1.08918683170843,True
V2R-PSG,p015,f_mel,0.84,0.36119999999999997,1.1174923610553824,True
V2R-PSG,p015,f_mel,0.86,0.36979999999999996,1.1451726364239716,True
V2R-PSG,p015,f_mel,0.88,0.3784,1.1722457519466107,True
V2R-PSG,p015,f_mel,0.9,0.387,1.198729215910318,True
V2R-PSG,p015,f_mel,0.92,0.3956,1.2246399681703375,True
V2R-PSG,p015,f_mel,0.9400000000000001,0.4042,1.2499943994000178,True
V2R-PSG,p015,f_mel,0.96,0.4128,1.274808371268487,True
V2R-PSG,p015,f_mel,0.98,0.4214,1.29909723690672,True
V2R-PSG,p015,f_mel,1.0,0.43,1.3228758612179572,True
V2R-PSG,p015,f_blood,0.0,0.0,0.14529782866059893,True
V2R-PSG,p015,f_blood,0.02,0.002,0.13482947820962735,True
V2R-PSG,p015,f_blood,0.04,0.004,0.1271796326204141,True
V2R-PSG,p015,f_blood,0.06,0.006,0.12099925909032594,True
V2R-PSG,p015,f_blood,0.08,0.008,0.11575792898999157,True
V2R-PSG,p015,f_blood,0.1,0.010000000000000002,0.11118216842009991,True
V2R-PSG,p015,f_blood,0.12,0.012,0.1071093357619971,True
V2R-PSG,p015,f_blood,0.14,0.014000000000000002,0.10343356026174226,True
V2R-PSG,p015,f_blood,0.16,0.016,0.10008145870745663,True
V2R-PSG,p015,f_blood,0.18,0.018,0.09699975219936131,True
V2R-PSG,p015,f_blood,0.2,0.020000000000000004,0.09414835243633185,True
V2R-PSG,p015,f_blood,0.22,0.022000000000000002,0.09149622852802755,True
V2R-PSG,p015,f_blood,0.24,0.024,0.08901879994743774,True
V2R-PSG,p015,f_blood,0.26,0.026000000000000002,0.08669621937336557,True
V2R-PSG,p015,f_blood,0.28,0.028000000000000004,0.08451220053313435,True
V2R-PSG,p015,f_blood,0.3,0.03,0.08245319368550948,True
V2R-PSG,p015,f_blood,0.32,0.032,0.08050779059612014,True
V2R-PSG,p015,f_blood,0.34,0.034,0.07866628552457967,True
V2R-PSG,p015,f_blood,0.36,0.036,0.07692034500010388,True
V2R-PSG,p015,f_blood,0.38,0.038000000000000006,0.07526275516121715,True
V2R-PSG,p015,f_blood,0.4,0.04000000000000001,0.07368722549213168,True
V2R-PSG,p015,f_blood,0.42,0.042,0.07218823428612836,True
V2R-PSG,p015,f_blood,0.44,0.044000000000000004,0.07076090546772336,True
V2R-PSG,p015,f_blood,0.46,0.046000000000000006,0.06940090931544193,True
V2R-PSG,p015,f_blood,0.48,0.048,0.06810438163452483,True
V2R-PSG,p015,f_blood,0.5,0.05,0.06686785733842032,True
V2R-PSG,p015,f_blood,0.52,0.052000000000000005,0.06568821540358054,True
V2R-PSG,p015,f_blood,0.54,0.054000000000000006,0.0645626328901646,True
V2R-PSG,p015,f_blood,0.56,0.05600000000000001,0.06348854625549172,True
V2R-PSG,p015,f_blood,0.58,0.057999999999999996,0.06246361858395067,True
V2R-PSG,p015,f_blood,0.6,0.06,0.061485711655251,True
V2R-PSG,p015,f_blood,0.62,0.062,0.06055286199930683,True
V2R-PSG,p015,f_blood,0.64,0.064,0.0596632602596231,True
V2R-PSG,p015,f_blood,0.66,0.066,0.05881523332133603,True
V2R-PSG,p015,f_blood,0.68,0.068,0.05800722876480867,True
V2R-PSG,p015,f_blood,0.7000000000000001,0.07,0.057237801288016636,True
V2R-PSG,p015,f_blood,0.72,0.072,0.05650560080613205,True
V2R-PSG,p015,f_blood,0.74,0.074,0.05580936198863525,True
V2R-PSG,p015,f_blood,0.76,0.07600000000000001,0.05514789503587968,True
V2R-PSG,p015,f_blood,0.78,0.07800000000000001,0.054520077530540986,True
V2R-PSG,p015,f_blood,0.8,0.08000000000000002,0.053924847226481686,True
V2R-PSG,p015,f_blood,0.8200000000000001,0.08200000000000002,0.053361195659576977,True
V2R-PSG,p015,f_blood,0.84,0.084,0.05282816248298442,True
V2R-PSG,p015,f_blood,0.86,0.08600000000000001,0.05232483044399603,True
V2R-PSG,p015,f_blood,0.88,0.08800000000000001,0.05185032093161814,True
V2R-PSG,p015,f_blood,0.9,0.09000000000000001,0.051403790033872784,True
V2R-PSG,p015,f_blood,0.92,0.09200000000000001,0.050984425051914424,True
V2R-PSG,p015,f_blood,0.9400000000000001,0.09400000000000001,0.05059144142472111,True
V2R-PSG,p015,f_blood,0.96,0.096,0.0502240800236205,True
V2R-PSG,p015,f_blood,0.98,0.098,0.04988160478046203,True
V2R-PSG,p015,f_blood,1.0,0.1,0.049563300617021085,True
V2R-PSG,p017,f_mel,0.0,0.0,0.6285527688941432,True
V2R-PSG,p017,f_mel,0.02,0.0086,0.5421030625729331,True
V2R-PSG,p017,f_mel,0.04,0.0172,0.4597935989762936,True
V2R-PSG,p017,f_mel,0.06,0.0258,0.381534557993437,True
V2R-PSG,p017,f_mel,0.08,0.0344,0.3074225207204488,True
V2R-PSG,p017,f_mel,0.1,0.043000000000000003,0.2379363195741288,True
V2R-PSG,p017,f_mel,0.12,0.0516,0.1745265677876661,True
V2R-PSG,p017,f_mel,0.14,0.060200000000000004,0.12160172158719044,True
V2R-PSG,p017,f_mel,0.16,0.0688,0.09044018630625172,True
V2R-PSG,p017,f_mel,0.18,0.0774,0.07405645158335916,True
V2R-PSG,p017,f_mel,0.1913856174135773,0.08229581548783824,0.07113899384447671,True
V2R-PSG,p017,f_mel,0.2,0.08600000000000001,0.07288708718595664,True
V2R-PSG,p017,f_mel,0.22,0.0946,0.08922655935111483,True
V2R-PSG,p017,f_mel,0.24,0.1032,0.11771563037130053,True
V2R-PSG,p017,f_mel,0.26,0.1118,0.15361968139210963,True
V2R-PSG,p017,f_mel,0.28,0.12040000000000001,0.19758456254202122,True
V2R-PSG,p017,f_mel,0.3,0.129,0.24729246362708093,True
V2R-PSG,p017,f_mel,0.32,0.1376,0.2987374871780985,True
V2R-PSG,p017,f_mel,0.34,0.1462,0.35027166053134384,True
V2R-PSG,p017,f_mel,0.36,0.1548,0.4011701491646367,True
V2R-PSG,p017,f_mel,0.38,0.1634,0.45109784753565146,True
V2R-PSG,p017,f_mel,0.4,0.17200000000000001,0.49989967322545015,True
V2R-PSG,p017,f_mel,0.42,0.18059999999999998,0.5475101080850995,True
V2R-PSG,p017,f_mel,0.44,0.1892,0.593910693985608,True
V2R-PSG,p017,f_mel,0.46,0.1978,0.6391085876304585,True
V2R-PSG,p017,f_mel,0.48,0.2064,0.683125102930593,True
V2R-PSG,p017,f_mel,0.5,0.215,0.725989307619898,True
V2R-PSG,p017,f_mel,0.52,0.2236,0.7677343198254931,True
V2R-PSG,p017,f_mel,0.54,0.23220000000000002,0.8083951132252002,True
V2R-PSG,p017,f_mel,0.56,0.24080000000000001,0.8480071969642967,True
V2R-PSG,p017,f_mel,0.58,0.24939999999999998,0.88660581840208,True
V2R-PSG,p017,f_mel,0.6,0.258,0.924225486000187,True
V2R-PSG,p017,f_mel,0.62,0.2666,0.9608996919178514,True
V2R-PSG,p017,f_mel,0.64,0.2752,0.9966607608252156,True
V2R-PSG,p017,f_mel,0.66,0.2838,1.0315397790740812,True
V2R-PSG,p017,f_mel,0.68,0.2924,1.0655665750675647,True
V2R-PSG,p017,f_mel,0.7000000000000001,0.30100000000000005,1.0987697320064918,True
V2R-PSG,p017,f_mel,0.72,0.3096,1.1311766207195137,True
V2R-PSG,p017,f_mel,0.74,0.3182,1.162813444481974,True
V2R-PSG,p017,f_mel,0.76,0.3268,1.1937052904691343,True
V2R-PSG,p017,f_mel,0.78,0.33540000000000003,1.2238761843016641,True
V2R-PSG,p017,f_mel,0.8,0.34400000000000003,1.253349145352404,True
V2R-PSG,p017,f_mel,0.8200000000000001,0.3526,1.2821462412995104,True
V2R-PSG,p017,f_mel,0.84,0.36119999999999997,1.310288640964261,True
V2R-PSG,p017,f_mel,0.86,0.36979999999999996,1.337796664847994,True
V2R-PSG,p017,f_mel,0.88,0.3784,1.3646898330389312,True
V2R-PSG,p017,f_mel,0.9,0.387,1.3909869103309809,True
V2R-PSG,p017,f_mel,0.92,0.3956,1.4167059485213986,True
V2R-PSG,p017,f_mel,0.9400000000000001,0.4042,1.441864325915625,True
V2R-PSG,p017,f_mel,0.96,0.4128,1.4664787841389375,True
V2R-PSG,p017,f_mel,0.98,0.4214,1.4905654623676932,True
V2R-PSG,p017,f_mel,1.0,0.43,1.514139929121335,True
V2R-PSG,p017,f_blood,0.0,0.0,0.12122136637849568,True
V2R-PSG,p017,f_blood,0.02,0.002,0.11046668290506671,True
V2R-PSG,p017,f_blood,0.04,0.004,0.1029003809051749,True
V2R-PSG,p017,f_blood,0.06,0.006,0.09705114410471821,True
V2R-PSG,p017,f_blood,0.08,0.008,0.09233206381469462,True
V2R-PSG,p017,f_blood,0.1,0.010000000000000002,0.08843655971377666,True
V2R-PSG,p017,f_blood,0.12,0.012,0.0851796870302671,True
V2R-PSG,p017,f_blood,0.14,0.014000000000000002,0.08243900458443483,True
V2R-PSG,p017,f_blood,0.16,0.016,0.08012787022180913,True
V2R-PSG,p017,f_blood,0.18,0.018,0.07818177676571568,True
V2R-PSG,p017,f_blood,0.2,0.020000000000000004,0.0765507178253212,True
V2R-PSG,p017,f_blood,0.22,0.022000000000000002,0.07519463645078327,True
V2R-PSG,p017,f_blood,0.24,0.024,0.07408057406285809,True
V2R-PSG,p017,f_blood,0.26,0.026000000000000002,0.07318081378349224,True
V2R-PSG,p017,f_blood,0.28,0.028000000000000004,0.07247163260839826,True
V2R-PSG,p017,f_blood,0.3,0.03,0.07193243992045163,True
V2R-PSG,p017,f_blood,0.32,0.032,0.07154516804190239,True
V2R-PSG,p017,f_blood,0.34,0.034,0.07129383076976153,True
V2R-PSG,p017,f_blood,0.36,0.036,0.07116419577119618,True
V2R-PSG,p017,f_blood,0.373962093684628,0.0373962093684628,0.07113899384447786,True
V2R-PSG,p017,f_blood,0.38,0.038000000000000006,0.07114353523863909,True
V2R-PSG,p017,f_blood,0.4,0.04000000000000001,0.07122043103232854,True
V2R-PSG,p017,f_blood,0.42,0.042,0.07138461827867712,True
V2R-PSG,p017,f_blood,0.44,0.044000000000000004,0.07162685654921827,True
V2R-PSG,p017,f_blood,0.46,0.046000000000000006,0.07193882121857573,True
V2R-PSG,p017,f_blood,0.48,0.048,0.07231300995289285,True
V2R-PSG,p017,f_blood,0.5,0.05,0.0727426608749925,True
V2R-PSG,p017,f_blood,0.52,0.052000000000000005,0.07322168002993255,True
V2R-PSG,p017,f_blood,0.54,0.054000000000000006,0.07374457649799296,True
V2R-PSG,p017,f_blood,0.56,0.05600000000000001,0.07430640398391802,True
V2R-PSG,p017,f_blood,0.58,0.057999999999999996,0.07490270802937579,True
V2R-PSG,p017,f_blood,0.6,0.06,0.07552947820408573,True
V2R-PSG,p017,f_blood,0.62,0.062,0.07618310476715937,True
V2R-PSG,p017,f_blood,0.64,0.064,0.07686033937930628,True
V2R-PSG,p017,f_blood,0.66,0.066,0.07755825950584339,True
V2R-PSG,p017,f_blood,0.68,0.068,0.07827423619122041,True
V2R-PSG,p017,f_blood,0.7000000000000001,0.07,0.0790059049154242,True
V2R-PSG,p017,f_blood,0.72,0.072,0.07975113926575561,True
V2R-PSG,p017,f_blood,0.74,0.074,0.08050802717693266,True
V2R-PSG,p017,f_blood,0.76,0.07600000000000001,0.08127484950989206,True
V2R-PSG,p017,f_blood,0.78,0.07800000000000001,0.08205006075594092,True
V2R-PSG,p017,f_blood,0.8,0.08000000000000002,0.08283227166847329,True
V2R-PSG,p017,f_blood,0.8200000000000001,0.08200000000000002,0.08362023363949472,True
V2R-PSG,p017,f_blood,0.84,0.084,0.08441282465268485,True
V2R-PSG,p017,f_blood,0.86,0.08600000000000001,0.08520903665866736,True
V2R-PSG,p017,f_blood,0.88,0.08800000000000001,0.0860079642314314,True
V2R-PSG,p017,f_blood,0.9,0.09000000000000001,0.0868087943774266,True
V2R-PSG,p017,f_blood,0.92,0.09200000000000001,0.08761079738066824,True
V2R-PSG,p017,f_blood,0.9400000000000001,0.09400000000000001,0.08841331857820155,True
V2R-PSG,p017,f_blood,0.96,0.096,0.08921577097048254,True
V2R-PSG,p017,f_blood,0.98,0.098,0.09001762858063415,True
V2R-PSG,p017,f_blood,1.0,0.1,0.09081842048514899,True
V2R-PSG,p018,f_mel,0.0,0.0,1.095111891924255,True
V2R-PSG,p018,f_mel,0.02,0.0086,1.0102133804785796,True
V2R-PSG,p018,f_mel,0.04,0.0172,0.9289810623049987,True
V2R-PSG,p018,f_mel,0.06,0.0258,0.8511713786835313,True
V2R-PSG,p018,f_mel,0.08,0.0344,0.7765719174102116,True
V2R-PSG,p018,f_mel,0.1,0.043000000000000003,0.7049965248556889,True
V2R-PSG,p018,f_mel,0.12,0.0516,0.6362828221278268,True
V2R-PSG,p018,f_mel,0.14,0.060200000000000004,0.5702918595424721,True
V2R-PSG,p018,f_mel,0.16,0.0688,0.5069101605786858,True
V2R-PSG,p018,f_mel,0.18,0.0774,0.4460551360692448,True
V2R-PSG,p018,f_mel,0.2,0.08600000000000001,0.38768617929398363,True
V2R-PSG,p018,f_mel,0.22,0.0946,0.3318265797428885,True
V2R-PSG,p018,f_mel,0.24,0.1032,0.27860803880552765,True
V2R-PSG,p018,f_mel,0.26,0.1118,0.22836647687403894,True
V2R-PSG,p018,f_mel,0.28,0.12040000000000001,0.18186332689027726,True
V2R-PSG,p018,f_mel,0.3,0.129,0.14082536876054166,True
V2R-PSG,p018,f_mel,0.32,0.1376,0.109172412177766,True
V2R-PSG,p018,f_mel,0.34,0.1462,0.09422385709382769,True
V2R-PSG,p018,f_mel,0.3433699491500368,0.14764907813451583,0.0938908984280608,True
V2R-PSG,p018,f_mel,0.36,0.1548,0.10113534614548951,True
V2R-PSG,p018,f_mel,0.38,0.1634,0.1166637821135713,True
V2R-PSG,p018,f_mel,0.4,0.17200000000000001,0.13464586273729176,True
V2R-PSG,p018,f_mel,0.42,0.18059999999999998,0.15500462569816723,True
V2R-PSG,p018,f_mel,0.44,0.1892,0.17789391707366511,True
V2R-PSG,p018,f_mel,0.46,0.1978,0.20365936805548565,True
V2R-PSG,p018,f_mel,0.48,0.2064,0.23387374280583526,True
V2R-PSG,p018,f_mel,0.5,0.215,0.26719857787096124,True
V2R-PSG,p018,f_mel,0.52,0.2236,0.30212170248853637,True
V2R-PSG,p018,f_mel,0.54,0.23220000000000002,0.3377487562352894,True
V2R-PSG,p018,f_mel,0.56,0.24080000000000001,0.37354626693342874,True
V2R-PSG,p018,f_mel,0.58,0.24939999999999998,0.4091900831648735,True
V2R-PSG,p018,f_mel,0.6,0.258,0.4444798560444669,True
V2R-PSG,p018,f_mel,0.62,0.2666,0.47929051743604284,True
V2R-PSG,p018,f_mel,0.64,0.2752,0.5135440970091879,True
V2R-PSG,p018,f_mel,0.66,0.2838,0.5471928732482524,True
V2R-PSG,p018,f_mel,0.68,0.2924,0.5802090012742984,True
V2R-PSG,p018,f_mel,0.7000000000000001,0.30100000000000005,0.6125779491324176,True
V2R-PSG,p018,f_mel,0.72,0.3096,0.6442942383575799,True
V2R-PSG,p018,f_mel,0.74,0.3182,0.6753586169570925,True
V2R-PSG,p018,f_mel,0.76,0.3268,0.705776145392939,True
V2R-PSG,p018,f_mel,0.78,0.33540000000000003,0.735554877922403,True
V2R-PSG,p018,f_mel,0.8,0.34400000000000003,0.7647049402723531,True
V2R-PSG,p018,f_mel,0.8200000000000001,0.3526,0.7932378761123269,True
V2R-PSG,p018,f_mel,0.84,0.36119999999999997,0.8211661789038336,True
V2R-PSG,p018,f_mel,0.86,0.36979999999999996,0.8485029535213705,True
V2R-PSG,p018,f_mel,0.88,0.3784,0.8752616699405313,True
V2R-PSG,p018,f_mel,0.9,0.387,0.9014559830227883,True
V2R-PSG,p018,f_mel,0.92,0.3956,0.9270996002519368,True
V2R-PSG,p018,f_mel,0.9400000000000001,0.4042,0.9522061845790711,True
V2R-PSG,p018,f_mel,0.96,0.4128,0.9767892831778748,True
V2R-PSG,p018,f_mel,0.98,0.4214,1.0008622754517,True
V2R-PSG,p018,f_mel,1.0,0.43,1.0244383354256155,True
V2R-PSG,p018,f_blood,0.0,0.0,0.16051588699323438,True
V2R-PSG,p018,f_blood,0.02,0.002,0.15385891362969148,True
V2R-PSG,p018,f_blood,0.04,0.004,0.1489746713532412,True
V2R-PSG,p018,f_blood,0.06,0.006,0.14502010916693683,True
V2R-PSG,p018,f_blood,0.08,0.008,0.14166078528606235,True
V2R-PSG,p018,f_blood,0.1,0.010000000000000002,0.13872321203770324,True
V2R-PSG,p018,f_blood,0.12,0.012,0.13610374829048394,True
V2R-PSG,p018,f_blood,0.14,0.014000000000000002,0.13373469949258027,True
V2R-PSG,p018,f_blood,0.16,0.016,0.1315690192642763,True
V2R-PSG,p018,f_blood,0.18,0.018,0.12957247759523938,True
V2R-PSG,p018,f_blood,0.2,0.020000000000000004,0.1277192739094158,True
V2R-PSG,p018,f_blood,0.22,0.022000000000000002,0.12598940717807658,True
V2R-PSG,p018,f_blood,0.24,0.024,0.12436701320513979,True
V2R-PSG,p018,f_blood,0.26,0.026000000000000002,0.12283926729973707,True
V2R-PSG,p018,f_blood,0.28,0.028000000000000004,0.12139563398702356,True
V2R-PSG,p018,f_blood,0.3,0.03,0.12002733852378122,True
V2R-PSG,p018,f_blood,0.32,0.032,0.1187269850953387,True
V2R-PSG,p018,f_blood,0.34,0.034,0.11748827488529472,True
V2R-PSG,p018,f_blood,0.36,0.036,0.11630579388598415,True
V2R-PSG,p018,f_blood,0.38,0.038000000000000006,0.1151748504960543,True
V2R-PSG,p018,f_blood,0.4,0.04000000000000001,0.1140913493597869,True
V2R-PSG,p018,f_blood,0.42,0.042,0.11305169204901769,True
V2R-PSG,p018,f_blood,0.44,0.044000000000000004,0.11205269793681534,True
V2R-PSG,p018,f_blood,0.46,0.046000000000000006,0.11109154047354909,True
V2R-PSG,p018,f_blood,0.48,0.048,0.11016569536146169,True
V2R-PSG,p018,f_blood,0.5,0.05,0.10927289802729291,True
V2R-PSG,p018,f_blood,0.52,0.052000000000000005,0.10841110843760302,True
V2R-PSG,p018,f_blood,0.54,0.054000000000000006,0.10757848176882928,True
V2R-PSG,p018,f_blood,0.56,0.05600000000000001,0.10677334378727055,True
V2R-PSG,p018,f_blood,0.58,0.057999999999999996,0.1059941700492483,True
V2R-PSG,p018,f_blood,0.6,0.06,0.10523956822341929,True
V2R-PSG,p018,f_blood,0.62,0.062,0.10450826298284253,True
V2R-PSG,p018,f_blood,0.64,0.064,0.10379908302610984,True
V2R-PSG,p018,f_blood,0.66,0.066,0.10311094987329845,True
V2R-PSG,p018,f_blood,0.68,0.068,0.10244286814998729,True
V2R-PSG,p018,f_blood,0.7000000000000001,0.07,0.10179391712566296,True
V2R-PSG,p018,f_blood,0.72,0.072,0.10116324331491747,True
V2R-PSG,p018,f_blood,0.74,0.074,0.10055005398342211,True
V2R-PSG,p018,f_blood,0.76,0.07600000000000001,0.09995361142763445,True
V2R-PSG,p018,f_blood,0.78,0.07800000000000001,0.09937322791900376,True
V2R-PSG,p018,f_blood,0.8,0.08000000000000002,0.09880826122116756,True
V2R-PSG,p018,f_blood,0.8200000000000001,0.08200000000000002,0.09825811060312664,True
V2R-PSG,p018,f_blood,0.84,0.084,0.09772221328329897,True
V2R-PSG,p018,f_blood,0.86,0.08600000000000001,0.09720004124918916,True
V2R-PSG,p018,f_blood,0.88,0.08800000000000001,0.0966910984055769,True
V2R-PSG,p018,f_blood,0.9,0.09000000000000001,0.09619491801093298,True
V2R-PSG,p018,f_blood,0.92,0.09200000000000001,0.09571106036746706,True
V2R-PSG,p018,f_blood,0.9400000000000001,0.09400000000000001,0.09523911073500352,True
V2R-PSG,p018,f_blood,0.96,0.096,0.09477867744291983,True
V2R-PSG,p018,f_blood,0.98,0.098,0.09432939017780842,True
V2R-PSG,p018,f_blood,1.0,0.1,0.09389089842742802,True
V2R-PSG,p019,f_mel,0.0,0.0,0.8877724036388218,True
V2R-PSG,p019,f_mel,0.02,0.0086,0.8019411852390889,True
V2R-PSG,p019,f_mel,0.04,0.0172,0.7198406455042065,True
V2R-PSG,p019,f_mel,0.06,0.0258,0.6412337308746829,True
V2R-PSG,p019,f_mel,0.08,0.0344,0.5659190520824458,True
V2R-PSG,p019,f_mel,0.1,0.043000000000000003,0.49372940680031513,True
V2R-PSG,p019,f_mel,0.12,0.0516,0.4245359645417013,True
V2R-PSG,p019,f_mel,0.14,0.060200000000000004,0.35826168876764514,True
V2R-PSG,p019,f_mel,0.16,0.0688,0.2949140599446642,True
V2R-PSG,p019,f_mel,0.18,0.0774,0.23466601336582552,True
V2R-PSG,p019,f_mel,0.2,0.08600000000000001,0.17807840267602096,True
V2R-PSG,p019,f_mel,0.22,0.0946,0.12681478642496288,True
V2R-PSG,p019,f_mel,0.24,0.1032,0.08626068098135899,True
V2R-PSG,p019,f_mel,0.25775181192897284,0.11083327912945833,0.07135234374362404,True
V2R-PSG,p019,f_mel,0.26,0.1118,0.07160742189773962,True
V2R-PSG,p019,f_mel,0.28,0.12040000000000001,0.08596541104117149,True
V2R-PSG,p019,f_mel,0.3,0.129,0.10664744472600632,True
V2R-PSG,p019,f_mel,0.32,0.1376,0.13097728867561792,True
V2R-PSG,p019,f_mel,0.34,0.1462,0.15815418040037468,True
V2R-PSG,p019,f_mel,0.36,0.1548,0.18793496529139234,True
V2R-PSG,p019,f_mel,0.38,0.1634,0.22040895322433313,True
V2R-PSG,p019,f_mel,0.4,0.17200000000000001,0.257099150576129,True
V2R-PSG,p019,f_mel,0.42,0.18059999999999998,0.29658584700794777,True
V2R-PSG,p019,f_mel,0.44,0.1892,0.337301990619715,True
V2R-PSG,p019,f_mel,0.46,0.1978,0.37837492514203597,True
V2R-PSG,p019,f_mel,0.48,0.2064,0.4193082846982935,True
V2R-PSG,p019,f_mel,0.5,0.215,0.4598133620322821,True
V2R-PSG,p019,f_mel,0.52,0.2236,0.49971998613669233,True
V2R-PSG,p019,f_mel,0.54,0.23220000000000002,0.5389280900898227,True
V2R-PSG,p019,f_mel,0.56,0.24080000000000001,0.5773804199379198,True
V2R-PSG,p019,f_mel,0.58,0.24939999999999998,0.6150465855221242,True
V2R-PSG,p019,f_mel,0.6,0.258,0.6519134202579304,True
V2R-PSG,p019,f_mel,0.62,0.2666,0.6879789768535541,True
V2R-PSG,p019,f_mel,0.64,0.2752,0.7232486885654992,True
V2R-PSG,p019,f_mel,0.66,0.2838,0.7577328592484674,True
V2R-PSG,p019,f_mel,0.68,0.2924,0.7914449907959841,True
V2R-PSG,p019,f_mel,0.7000000000000001,0.30100000000000005,0.8244006509307175,True
V2R-PSG,p019,f_mel,0.72,0.3096,0.8566166970299386,True
V2R-PSG,p019,f_mel,0.74,0.3182,0.8881107388856174,True
V2R-PSG,p019,f_mel,0.76,0.3268,0.9189007644012975,True
V2R-PSG,p019,f_mel,0.78,0.33540000000000003,0.9490048779507201,True
V2R-PSG,p019,f_mel,0.8,0.34400000000000003,0.9784411175636395,True
V2R-PSG,p019,f_mel,0.8200000000000001,0.3526,1.00722732781558,True
V2R-PSG,p019,f_mel,0.84,0.36119999999999997,1.035381072399983,True
V2R-PSG,p019,f_mel,0.86,0.36979999999999996,1.0629195751452976,True
V2R-PSG,p019,f_mel,0.88,0.3784,1.0898596815095145,True
V2R-PSG,p019,f_mel,0.9,0.387,1.1162178348493748,True
V2R-PSG,p019,f_mel,0.92,0.3956,1.1420100633489692,True
V2R-PSG,p019,f_mel,0.9400000000000001,0.4042,1.1672519746174401,True
V2R-PSG,p019,f_mel,0.96,0.4128,1.1919587557705902,True
V2R-PSG,p019,f_mel,0.98,0.4214,1.2161451773927061,True
V2R-PSG,p019,f_mel,1.0,0.43,1.2398256001971844,True
V2R-PSG,p019,f_blood,0.0,0.0,0.1629064092697926,True
V2R-PSG,p019,f_blood,0.02,0.002,0.1533429427146139,True
V2R-PSG,p019,f_blood,0.04,0.004,0.14631680914981685,True
V2R-PSG,p019,f_blood,0.06,0.006,0.14062327920144402,True
V2R-PSG,p019,f_blood,0.08,0.008,0.13578506186242115,True
V2R-PSG,p019,f_blood,0.1,0.010000000000000002,0.1315547018757905,True
V2R-PSG,p019,f_blood,0.12,0.012,0.12778437984652644,True
V2R-PSG,p019,f_blood,0.14,0.014000000000000002,0.12437752272639328,True
V2R-PSG,p019,f_blood,0.16,0.016,0.12126698448852603,True
V2R-PSG,p019,f_blood,0.18,0.018,0.11840388238558232,True
V2R-PSG,p019,f_blood,0.2,0.020000000000000004,0.11575134600411079,True
V2R-PSG,p019,f_blood,0.22,0.022000000000000002,0.1132807707862617,True
V2R-PSG,p019,f_blood,0.24,0.024,0.11096944961591101,True
V2R-PSG,p019,f_blood,0.26,0.026000000000000002,0.10879900977033956,True
V2R-PSG,p019,f_blood,0.28,0.028000000000000004,0.10675434411965991,True
V2R-PSG,p019,f_blood,0.3,0.03,0.10482285818364295,True
V2R-PSG,p019,f_blood,0.32,0.032,0.10299392605799845,True
V2R-PSG,p019,f_blood,0.34,0.034,0.10125848855734823,True
V2R-PSG,p019,f_blood,0.36,0.036,0.09960875067277754,True
V2R-PSG,p019,f_blood,0.38,0.038000000000000006,0.09803794993551194,True
V2R-PSG,p019,f_blood,0.4,0.04000000000000001,0.09654017640221804,True
V2R-PSG,p019,f_blood,0.42,0.042,0.09511023088019004,True
V2R-PSG,p019,f_blood,0.44,0.044000000000000004,0.09374351192310558,True
V2R-PSG,p019,f_blood,0.46,0.046000000000000006,0.09243592477789708,True
V2R-PSG,p019,f_blood,0.48,0.048,0.0911838072932349,True
V2R-PSG,p019,f_blood,0.5,0.05,0.0899838690862112,True
V2R-PSG,p019,f_blood,0.52,0.052000000000000005,0.08883314118221156,True
V2R-PSG,p019,f_blood,0.54,0.054000000000000006,0.08772893400839393,True
V2R-PSG,p019,f_blood,0.56,0.05600000000000001,0.08666880210980041,True
V2R-PSG,p019,f_blood,0.58,0.057999999999999996,0.08565051432031892,True
V2R-PSG,p019,f_blood,0.6,0.06,0.08467202839375418,True
V2R-PSG,p019,f_blood,0.62,0.062,0.08373146930768652,True
V2R-PSG,p019,f_blood,0.64,0.064,0.0828271106119117,True
V2R-PSG,p019,f_blood,0.66,0.066,0.08195735831641864,True
V2R-PSG,p019,f_blood,0.68,0.068,0.08112073691000693,True
V2R-PSG,p019,f_blood,0.7000000000000001,0.07,0.0803158771762938,True
V2R-PSG,p019,f_blood,0.72,0.072,0.07954150553382136,True
V2R-PSG,p019,f_blood,0.74,0.074,0.07879643467483714,True
V2R-PSG,p019,f_blood,0.76,0.07600000000000001,0.07807955531577215,True
V2R-PSG,p019,f_blood,0.78,0.07800000000000001,0.07738982890352064,True
V2R-PSG,p019,f_blood,0.8,0.08000000000000002,0.07672628114690325,True
V2R-PSG,p019,f_blood,0.8200000000000001,0.08200000000000002,0.07608799626335312,True
V2R-PSG,p019,f_blood,0.84,0.084,0.07547411184784612,True
V2R-PSG,p019,f_blood,0.86,0.08600000000000001,0.07488381428512142,True
V2R-PSG,p019,f_blood,0.88,0.08800000000000001,0.07431633463786942,True
V2R-PSG,p019,f_blood,0.9,0.09000000000000001,0.07377094495326912,True
V2R-PSG,p019,f_blood,0.92,0.09200000000000001,0.07324695493836463,True
V2R-PSG,p019,f_blood,0.9400000000000001,0.09400000000000001,0.0727437089615985,True
V2R-PSG,p019,f_blood,0.96,0.096,0.07226058334356726,True
V2R-PSG,p019,f_blood,0.98,0.098,0.07179698390494006,True
V2R-PSG,p019,f_blood,1.0,0.1,0.0713523437436162,True
V2R-PSG,p020,f_mel,0.0,0.0,0.6128602678012706,True
V2R-PSG,p020,f_mel,0.02,0.0086,0.5330355445328607,True
V2R-PSG,p020,f_mel,0.04,0.0172,0.45830770010153765,True
V2R-PSG,p020,f_mel,0.06,0.0258,0.3890747959851835,True
V2R-PSG,p020,f_mel,0.08,0.0344,0.3261949708983772,True
V2R-PSG,p020,f_mel,0.1,0.043000000000000003,0.27130494054532833,True
V2R-PSG,p020,f_mel,0.12,0.0516,0.2272847312952594,True
V2R-PSG,p020,f_mel,0.14,0.060200000000000004,0.19845604791718757,True
V2R-PSG,p020,f_mel,0.15905598324561054,0.06839407279561253,0.18904670070611418,True
V2R-PSG,p020,f_mel,0.16,0.0688,0.1890694882460862,True
V2R-PSG,p020,f_mel,0.18,0.0774,0.19956458898130355,True
V2R-PSG,p020,f_mel,0.2,0.08600000000000001,0.2224150202365668,True
V2R-PSG,p020,f_mel,0.22,0.0946,0.24591442999450863,True
V2R-PSG,p020,f_mel,0.24,0.1032,0.270059506935273,True
V2R-PSG,p020,f_mel,0.26,0.1118,0.2955375392666675,True
V2R-PSG,p020,f_mel,0.28,0.12040000000000001,0.32317273046914613,True
V2R-PSG,p020,f_mel,0.3,0.129,0.35449704961588757,True
V2R-PSG,p020,f_mel,0.32,0.1376,0.3903431306165103,True
V2R-PSG,p020,f_mel,0.34,0.1462,0.4290001153273143,True
V2R-PSG,p020,f_mel,0.36,0.1548,0.4692386715235521,True
V2R-PSG,p020,f_mel,0.38,0.1634,0.5102439084489517,True
V2R-PSG,p020,f_mel,0.4,0.17200000000000001,0.5514784238077843,True
V2R-PSG,p020,f_mel,0.42,0.18059999999999998,0.5925871917209822,True
V2R-PSG,p020,f_mel,0.44,0.1892,0.6333351034492323,True
V2R-PSG,p020,f_mel,0.46,0.1978,0.6735666086497766,True
V2R-PSG,p020,f_mel,0.48,0.2064,0.7131795890317575,True
V2R-PSG,p020,f_mel,0.5,0.215,0.752108273441178,True
V2R-PSG,p020,f_mel,0.52,0.2236,0.7903119120946172,True
V2R-PSG,p020,f_mel,0.54,0.23220000000000002,0.8277671572690545,True
V2R-PSG,p020,f_mel,0.56,0.24080000000000001,0.8644628623749226,True
V2R-PSG,p020,f_mel,0.58,0.24939999999999998,0.9003964827914848,True
V2R-PSG,p020,f_mel,0.6,0.258,0.9355715537130749,True
V2R-PSG,p020,f_mel,0.62,0.2666,0.9699959027844075,True
V2R-PSG,p020,f_mel,0.64,0.2752,1.0036803709708888,True
V2R-PSG,p020,f_mel,0.66,0.2838,1.0366378894616601,True
V2R-PSG,p020,f_mel,0.68,0.2924,1.068882808909438,True
V2R-PSG,p020,f_mel,0.7000000000000001,0.30100000000000005,1.100430409416177,True
V2R-PSG,p020,f_mel,0.72,0.3096,1.1312965412227731,True
V2R-PSG,p020,f_mel,0.74,0.3182,1.1614973607196026,True
V2R-PSG,p020,f_mel,0.76,0.3268,1.1910491364922882,True
V2R-PSG,p020,f_mel,0.78,0.33540000000000003,1.219968107155909,True
V2R-PSG,p020,f_mel,0.8,0.34400000000000003,1.248270377692133,True
V2R-PSG,p020,f_mel,0.8200000000000001,0.3526,1.2759718445371415,True
V2R-PSG,p020,f_mel,0.84,0.36119999999999997,1.3030881422089755,True
V2R-PSG,p020,f_mel,0.86,0.36979999999999996,1.329634606106427,True
V2R-PSG,p020,f_mel,0.88,0.3784,1.3556262474602947,True
V2R-PSG,p020,f_mel,0.9,0.387,1.3810777374121583,True
V2R-PSG,p020,f_mel,0.92,0.3956,1.4060033979341204,True
V2R-PSG,p020,f_mel,0.9400000000000001,0.4042,1.4304171978547409,True
V2R-PSG,p020,f_mel,0.96,0.4128,1.4543327526711807,True
V2R-PSG,p020,f_mel,0.98,0.4214,1.4777633271414283,True
V2R-PSG,p020,f_mel,1.0,0.43,1.5007218398882187,True
V2R-PSG,p020,f_blood,0.0,0.0,0.2831728931500008,True
V2R-PSG,p020,f_blood,0.02,0.002,0.2750840016557448,True
V2R-PSG,p020,f_blood,0.04,0.004,0.2690999776415889,True
V2R-PSG,p020,f_blood,0.06,0.006,0.2642019455799651,True
V2R-PSG,p020,f_blood,0.08,0.008,0.2599932418718012,True
V2R-PSG,p020,f_blood,0.1,0.010000000000000002,0.2562705870510455,True
V2R-PSG,p020,f_blood,0.12,0.012,0.25291355113694997,True
V2R-PSG,p020,f_blood,0.14,0.014000000000000002,0.24984393045462638,True
V2R-PSG,p020,f_blood,0.16,0.016,0.24700759461467187,True
V2R-PSG,p020,f_blood,0.18,0.018,0.24436526762024224,True
V2R-PSG,p020,f_blood,0.2,0.020000000000000004,0.24188739809625745,True
V2R-PSG,p020,f_blood,0.22,0.022000000000000002,0.23955110100885404,True
V2R-PSG,p020,f_blood,0.24,0.024,0.2373382329916174,True
V2R-PSG,p020,f_blood,0.26,0.026000000000000002,0.2352341270164224,True
V2R-PSG,p020,f_blood,0.28,0.028000000000000004,0.23322673001027822,True
V2R-PSG,p020,f_blood,0.3,0.03,0.23130599703674845,True
V2R-PSG,p020,f_blood,0.32,0.032,0.22946345458989575,True
V2R-PSG,p020,f_blood,0.34,0.034,0.22769187870732802,True
V2R-PSG,p020,f_blood,0.36,0.036,0.22598505306419936,True
V2R-PSG,p020,f_blood,0.38,0.038000000000000006,0.22433758404389223,True
V2R-PSG,p020,f_blood,0.4,0.04000000000000001,0.22274475720864662,True
V2R-PSG,p020,f_blood,0.42,0.042,0.22120242438567786,True
V2R-PSG,p020,f_blood,0.44,0.044000000000000004,0.2197069137528652,True
V2R-PSG,p020,f_blood,0.46,0.046000000000000006,0.21825495744928644,True
V2R-PSG,p020,f_blood,0.48,0.048,0.21684363271151177,True
V2R-PSG,p020,f_blood,0.5,0.05,0.21547031357169957,True
V2R-PSG,p020,f_blood,0.52,0.052000000000000005,0.21413263089144177,True
V2R-PSG,p020,f_blood,0.54,0.054000000000000006,0.212828439039138,True
V2R-PSG,p020,f_blood,0.56,0.05600000000000001,0.2115557879100997,True
V2R-PSG,p020,f_blood,0.58,0.057999999999999996,0.21031289927912755,True
V2R-PSG,p020,f_blood,0.6,0.06,0.2090981466935239,True
V2R-PSG,p020,f_blood,0.62,0.062,0.20791003828006197,True
V2R-PSG,p020,f_blood,0.64,0.064,0.20674720196631804,True
V2R-PSG,p020,f_blood,0.66,0.066,0.20560837271492807,True
V2R-PSG,p020,f_blood,0.68,0.068,0.20449238144587106,True
V2R-PSG,p020,f_blood,0.7000000000000001,0.07,0.20339814538205653,True
V2R-PSG,p020,f_blood,0.72,0.072,0.20232465960125043,True
V2R-PSG,p020,f_blood,0.74,0.074,0.20127098961526457,True
V2R-PSG,p020,f_blood,0.76,0.07600000000000001,0.2002362648280736,True
V2R-PSG,p020,f_blood,0.78,0.07800000000000001,0.1992196727490586,True
V2R-PSG,p020,f_blood,0.8,0.08000000000000002,0.1982204538577223,True
V2R-PSG,p020,f_blood,0.8200000000000001,0.08200000000000002,0.1972378970326085,True
V2R-PSG,p020,f_blood,0.84,0.084,0.19627133547063025,True
V2R-PSG,p020,f_blood,0.86,0.08600000000000001,0.19532014303416118,True
V2R-PSG,p020,f_blood,0.88,0.08800000000000001,0.19438373097247286,True
V2R-PSG,p020,f_blood,0.9,0.09000000000000001,0.19346154497180634,True
V2R-PSG,p020,f_blood,0.92,0.09200000000000001,0.19255306249482002,True
V2R-PSG,p020,f_blood,0.9400000000000001,0.09400000000000001,0.19165779037557001,True
V2R-PSG,p020,f_blood,0.96,0.096,0.19077526264076153,True
V2R-PSG,p020,f_blood,0.98,0.098,0.18990503853188093,True
V2R-PSG,p020,f_blood,1.0,0.1,0.18904670070611374,True
V2R-PSG,p021,f_mel,0.0,0.0,0.661754895676407,True
V2R-PSG,p021,f_mel,0.02,0.0086,0.579210273702447,True
V2R-PSG,p021,f_mel,0.04,0.0172,0.5010870771252482,True
V2R-PSG,p021,f_mel,0.06,0.0258,0.4274750697968779,True
V2R-PSG,p021,f_mel,0.08,0.0344,0.3587138718947898,True
V2R-PSG,p021,f_mel,0.1,0.043000000000000003,0.29558411741168883,True
V2R-PSG,p021,f_mel,0.12,0.0516,0.2397006862279647,True
V2R-PSG,p021,f_mel,0.14,0.060200000000000004,0.19423874772395594,True
V2R-PSG,p021,f_mel,0.16,0.0688,0.1646698706597717,True
V2R-PSG,p021,f_mel,0.17636197951369886,0.07583565119089052,0.1566680730882558,True
V2R-PSG,p021,f_mel,0.18,0.0774,0.1570586803794303,True
V2R-PSG,p021,f_mel,0.2,0.08600000000000001,0.1718018316136598,True
V2R-PSG,p021,f_mel,0.22,0.0946,0.19458723882524773,True
V2R-PSG,p021,f_mel,0.24,0.1032,0.21798587237311928,True
V2R-PSG,p021,f_mel,0.26,0.1118,0.24258608834361858,True
V2R-PSG,p021,f_mel,0.28,0.12040000000000001,0.26902072847983,True
V2R-PSG,p021,f_mel,0.3,0.129,0.298057988701541,True
V2R-PSG,p021,f_mel,0.32,0.1376,0.3317017136874123,True
V2R-PSG,p021,f_mel,0.34,0.1462,0.3695343732227334,True
V2R-PSG,p021,f_mel,0.36,0.1548,0.40974980464873473,True
V2R-PSG,p021,f_mel,0.38,0.1634,0.4511836269719321,True
V2R-PSG,p021,f_mel,0.4,0.17200000000000001,0.49309454458311786,True
V2R-PSG,p021,f_mel,0.42,0.18059999999999998,0.5350096106116885,True
V2R-PSG,p021,f_mel,0.44,0.1892,0.5766253392067252,True
V2R-PSG,p021,f_mel,0.46,0.1978,0.6177463498618933,True
V2R-PSG,p021,f_mel,0.48,0.2064,0.6582473069939222,True
V2R-PSG,p021,f_mel,0.5,0.215,0.6980490186599878,True
V2R-PSG,p021,f_mel,0.52,0.2236,0.7371031664653058,True
V2R-PSG,p021,f_mel,0.54,0.23220000000000002,0.7753823670182183,True
V2R-PSG,p021,f_mel,0.56,0.24080000000000001,0.812873584785053,True
V2R-PSG,p021,f_mel,0.58,0.24939999999999998,0.8495736915707495,True
V2R-PSG,p021,f_mel,0.6,0.258,0.8854864268009218,True
V2R-PSG,p021,f_mel,0.62,0.2666,0.9206202882805213,True
V2R-PSG,p021,f_mel,0.64,0.2752,0.9549870513200038,True
V2R-PSG,p021,f_mel,0.66,0.2838,0.9886007186913931,True
V2R-PSG,p021,f_mel,0.68,0.2924,1.0214767700717742,True
V2R-PSG,p021,f_mel,0.7000000000000001,0.30100000000000005,1.0536316222627256,True
V2R-PSG,p021,f_mel,0.72,0.3096,1.0850822393960273,True
V2R-PSG,p021,f_mel,0.74,0.3182,1.11584585090904,True
V2R-PSG,p021,f_mel,0.76,0.3268,1.1459397476112048,True
V2R-PSG,p021,f_mel,0.78,0.33540000000000003,1.1753811347435146,True
V2R-PSG,p021,f_mel,0.8,0.34400000000000003,1.2041870268798083,True
V2R-PSG,p021,f_mel,0.8200000000000001,0.3526,1.2323741736893894,True
V2R-PSG,p021,f_mel,0.84,0.36119999999999997,1.2599590085374877,True
V2R-PSG,p021,f_mel,0.86,0.36979999999999996,1.2869576140177508,True
V2R-PSG,p021,f_mel,0.88,0.3784,1.3133857000417435,True
V2R-PSG,p021,f_mel,0.9,0.387,1.3392585912264448,True
V2R-PSG,p021,f_mel,0.92,0.3956,1.3645912211407587,True
V2R-PSG,p021,f_mel,0.9400000000000001,0.4042,1.389398131578938,True
V2R-PSG,p021,f_mel,0.96,0.4128,1.4136934754808907,True
V2R-PSG,p021,f_mel,0.98,0.4214,1.4374910224587705,True
V2R-PSG,p021,f_mel,1.0,0.43,1.4608041661387512,True
V2R-PSG,p021,f_blood,0.0,0.0,0.25145104228068393,True
V2R-PSG,p021,f_blood,0.02,0.002,0.24302791954753764,True
V2R-PSG,p021,f_blood,0.04,0.004,0.23681925293306885,True
V2R-PSG,p021,f_blood,0.06,0.006,0.23175384459412543,True
V2R-PSG,p021,f_blood,0.08,0.008,0.2274144639813969,True
V2R-PSG,p021,f_blood,0.1,0.010000000000000002,0.2235871106886498,True
V2R-PSG,p021,f_blood,0.12,0.012,0.22014490804972758,True
V2R-PSG,p021,f_blood,0.14,0.014000000000000002,0.21700541682496782,True
V2R-PSG,p021,f_blood,0.16,0.016,0.21411154906492977,True
V2R-PSG,p021,f_blood,0.18,0.018,0.2114218693057787,True
V2R-PSG,p021,f_blood,0.2,0.020000000000000004,0.2089051945316866,True
V2R-PSG,p021,f_blood,0.22,0.022000000000000002,0.2065373729945491,True
V2R-PSG,p021,f_blood,0.24,0.024,0.2042992560163792,True
V2R-PSG,p021,f_blood,0.26,0.026000000000000002,0.20217536401177613,True
V2R-PSG,p021,f_blood,0.28,0.028000000000000004,0.20015297696295953,True
V2R-PSG,p021,f_blood,0.3,0.03,0.19822149526591995,True
V2R-PSG,p021,f_blood,0.32,0.032,0.19637197885732804,True
V2R-PSG,p021,f_blood,0.34,0.034,0.1945968074270028,True
V2R-PSG,p021,f_blood,0.36,0.036,0.19288942500260986,True
V2R-PSG,p021,f_blood,0.38,0.038000000000000006,0.19124414465603312,True
V2R-PSG,p021,f_blood,0.4,0.04000000000000001,0.18965599690576482,True
V2R-PSG,p021,f_blood,0.42,0.042,0.18812061043989853,True
V2R-PSG,p021,f_blood,0.44,0.044000000000000004,0.18663411712442562,True
V2R-PSG,p021,f_blood,0.46,0.046000000000000006,0.18519307551926198,True
V2R-PSG,p021,f_blood,0.48,0.048,0.18379440868081864,True
V2R-PSG,p021,f_blood,0.5,0.05,0.1824353531219118,True
V2R-PSG,p021,f_blood,0.52,0.052000000000000005,0.1811134165784689,True
V2R-PSG,p021,f_blood,0.54,0.054000000000000006,0.1798263427958811,True
V2R-PSG,p021,f_blood,0.56,0.05600000000000001,0.17857208196101762,True
V2R-PSG,p021,f_blood,0.58,0.057999999999999996,0.17734876571270705,True
V2R-PSG,p021,f_blood,0.6,0.06,0.17615468589388722,True
V2R-PSG,p021,f_blood,0.62,0.062,0.17498827638347034,True
V2R-PSG,p021,f_blood,0.64,0.064,0.1738480974800263,True
V2R-PSG,p021,f_blood,0.66,0.066,0.1727328224130215,True
V2R-PSG,p021,f_blood,0.68,0.068,0.1716412256382689,True
V2R-PSG,p021,f_blood,0.7000000000000001,0.07,0.17057217263779373,True
V2R-PSG,p021,f_blood,0.72,0.072,0.16952461099475366,True
V2R-PSG,p021,f_blood,0.74,0.074,0.16849756255420695,True
V2R-PSG,p021,f_blood,0.76,0.07600000000000001,0.16749011651284676,True
V2R-PSG,p021,f_blood,0.78,0.07800000000000001,0.16650142330688492,True
V2R-PSG,p021,f_blood,0.8,0.08000000000000002,0.16553068918850067,True
V2R-PSG,p021,f_blood,0.8200000000000001,0.08200000000000002,0.16457717139859263,True
V2R-PSG,p021,f_blood,0.84,0.084,0.16364017385783783,True
V2R-PSG,p021,f_blood,0.86,0.08600000000000001,0.16271904330982323,True
V2R-PSG,p021,f_blood,0.88,0.08800000000000001,0.16181316585978459,True
V2R-PSG,p021,f_blood,0.9,0.09000000000000001,0.1609219638606317,True
V2R-PSG,p021,f_blood,0.92,0.09200000000000001,0.16004489310475156,True
V2R-PSG,p021,f_blood,0.9400000000000001,0.09400000000000001,0.15918144028583595,True
V2R-PSG,p021,f_blood,0.96,0.096,0.1583311206997613,True
V2R-PSG,p021,f_blood,0.98,0.098,0.15749347615772352,True
V2R-PSG,p021,f_blood,1.0,0.1,0.15666807308825367,True
V2R-PSG,p022,f_mel,0.0,0.0,0.6968976474806697,True
V2R-PSG,p022,f_mel,0.02,0.0086,0.6158330585095242,True
V2R-PSG,p022,f_mel,0.04,0.0172,0.5393457020346631,True
V2R-PSG,p022,f_mel,0.06,0.0258,0.4675498023745447,True
V2R-PSG,p022,f_mel,0.08,0.0344,0.4007871817738785,True
V2R-PSG,p022,f_mel,0.1,0.043000000000000003,0.3397613725870616,True
V2R-PSG,p022,f_mel,0.12,0.0516,0.28577143117944115,True
V2R-PSG,p022,f_mel,0.14,0.060200000000000004,0.24105665552217537,True
V2R-PSG,p022,f_mel,0.16,0.0688,0.20904022558551252,True
V2R-PSG,p022,f_mel,0.18,0.0774,0.1936078961487851,True
V2R-PSG,p022,f_mel,0.186668692063497,0.08026753758730372,0.19257582218444314,True
V2R-PSG,p022,f_mel,0.2,0.08600000000000001,0.19652515432944426,True
V2R-PSG,p022,f_mel,0.22,0.0946,0.2150680499744388,True
V2R-PSG,p022,f_mel,0.24,0.1032,0.23750311431303306,True
V2R-PSG,p022,f_mel,0.26,0.1118,0.25999479279559007,True
V2R-PSG,p022,f_mel,0.28,0.12040000000000001,0.2832828543528285,True
V2R-PSG,p022,f_mel,0.3,0.129,0.308176250597368,True
V2R-PSG,p022,f_mel,0.32,0.1376,0.33576154532847685,True
V2R-PSG,p022,f_mel,0.34,0.1462,0.3679411036216335,True
V2R-PSG,p022,f_mel,0.36,0.1548,0.4035862180644029,True
V2R-PSG,p022,f_mel,0.38,0.1634,0.44132059509959987,True
V2R-PSG,p022,f_mel,0.4,0.17200000000000001,0.48020780409096303,True
V2R-PSG,p022,f_mel,0.42,0.18059999999999998,0.5196189791466297,True
V2R-PSG,p022,f_mel,0.44,0.1892,0.5591324418876656,True
V2R-PSG,p022,f_mel,0.46,0.1978,0.5984647460566528,True
V2R-PSG,p022,f_mel,0.48,0.2064,0.6374250026402976,True
V2R-PSG,p022,f_mel,0.5,0.215,0.6758848910132927,True
V2R-PSG,p022,f_mel,0.52,0.2236,0.7137588854417448,True
V2R-PSG,p022,f_mel,0.54,0.23220000000000002,0.7509910812899377,True
V2R-PSG,p022,f_mel,0.56,0.24080000000000001,0.7875463034952753,True
V2R-PSG,p022,f_mel,0.58,0.24939999999999998,0.8234040222979394,True
V2R-PSG,p022,f_mel,0.6,0.258,0.8585541333046736,True
V2R-PSG,p022,f_mel,0.62,0.2666,0.8929939930830983,True
V2R-PSG,p022,f_mel,0.64,0.2752,0.9267263122141224,True
V2R-PSG,p022,f_mel,0.66,0.2838,0.9597576419226457,True
V2R-PSG,p022,f_mel,0.68,0.2924,0.9920972769072914,True
V2R-PSG,p022,f_mel,0.7000000000000001,0.30100000000000005,1.0237564534955472,True
V2R-PSG,p022,f_mel,0.72,0.3096,1.0547477596683368,True
V2R-PSG,p022,f_mel,0.74,0.3182,1.0850846986128233,True
V2R-PSG,p022,f_mel,0.76,0.3268,1.1147813645406865,True
V2R-PSG,p022,f_mel,0.78,0.33540000000000003,1.1438522012692038,True
V2R-PSG,p022,f_mel,0.8,0.34400000000000003,1.1723118222570053,True
V2R-PSG,p022,f_mel,0.8200000000000001,0.3526,1.2001748765608589,True
V2R-PSG,p022,f_mel,0.84,0.36119999999999997,1.2274559492920345,True
V2R-PSG,p022,f_mel,0.86,0.36979999999999996,1.2541694881083258,True
V2R-PSG,p022,f_mel,0.88,0.3784,1.280329749424595,True
V2R-PSG,p022,f_mel,0.9,0.387,1.3059507595965072,True
V2R-PSG,p022,f_mel,0.92,0.3956,1.3310462874921927,True
V2R-PSG,p022,f_mel,0.9400000000000001,0.4042,1.3556298257291812,True
V2R-PSG,p022,f_mel,0.96,0.4128,1.3797145784998244,True
V2R-PSG,p022,f_mel,0.98,0.4214,1.4033134543951087,True
V2R-PSG,p022,f_mel,1.0,0.43,1.4264390630056658,True
V2R-PSG,p022,f_blood,0.0,0.0,0.2819565069577468,True
V2R-PSG,p022,f_blood,0.02,0.002,0.2743693316548004,True
V2R-PSG,p022,f_blood,0.04,0.004,0.2687599877356334,True
V2R-PSG,p022,f_blood,0.06,0.006,0.26416732868652687,True
V2R-PSG,p022,f_blood,0.08,0.008,0.2602185782513179,True
V2R-PSG,p022,f_blood,0.1,0.010000000000000002,0.256723151454342,True
V2R-PSG,p022,f_blood,0.12,0.012,0.25356833459176364,True
V2R-PSG,p022,f_blood,0.14,0.014000000000000002,0.2506810325241442,True
V2R-PSG,p022,f_blood,0.16,0.016,0.24801070460462224,True
V2R-PSG,p022,f_blood,0.18,0.018,0.24552071114898688,True
V2R-PSG,p022,f_blood,0.2,0.020000000000000004,0.24318350404604722,True
V2R-PSG,p022,f_blood,0.22,0.022000000000000002,0.240977762435377,True
V2R-PSG,p022,f_blood,0.24,0.024,0.23888659170235843,True
V2R-PSG,p022,f_blood,0.26,0.026000000000000002,0.23689634036923812,True
V2R-PSG,p022,f_blood,0.28,0.028000000000000004,0.23499579429542752,True
V2R-PSG,p022,f_blood,0.3,0.03,0.23317561094551137,True
V2R-PSG,p022,f_blood,0.32,0.032,0.2314279117938421,True
V2R-PSG,p022,f_blood,0.34,0.034,0.2297459820340765,True
V2R-PSG,p022,f_blood,0.36,0.036,0.22812404499656044,True
V2R-PSG,p022,f_blood,0.38,0.038000000000000006,0.22655708976106692,True
V2R-PSG,p022,f_blood,0.4,0.04000000000000001,0.22504073740561237,True
V2R-PSG,p022,f_blood,0.42,0.042,0.22357113581595853,True
V2R-PSG,p022,f_blood,0.44,0.044000000000000004,0.22214487594362417,True
V2R-PSG,p022,f_blood,0.46,0.046000000000000006,0.22075892440178924,True
V2R-PSG,p022,f_blood,0.48,0.048,0.2194105686672705,True
V2R-PSG,p022,f_blood,0.5,0.05,0.21809737212360739,True
V2R-PSG,p022,f_blood,0.52,0.052000000000000005,0.2168171368692787,True
V2R-PSG,p022,f_blood,0.54,0.054000000000000006,0.21556787271334604,True
V2R-PSG,p022,f_blood,0.56,0.05600000000000001,0.2143477711460528,True
V2R-PSG,p022,f_blood,0.58,0.057999999999999996,0.21315518334294242,True
V2R-PSG,p022,f_blood,0.6,0.06,0.21198860146459472,True
V2R-PSG,p022,f_blood,0.62,0.062,0.2108466426683717,True
V2R-PSG,p022,f_blood,0.64,0.064,0.2097280353669342,True
V2R-PSG,p022,f_blood,0.66,0.066,0.20863160735969874,True
V2R-PSG,p022,f_blood,0.68,0.068,0.20755627553475006,True
V2R-PSG,p022,f_blood,0.7000000000000001,0.07,0.2065010368947879,True
V2R-PSG,p022,f_blood,0.72,0.072,0.2054649607051308,True
V2R-PSG,p022,f_blood,0.74,0.074,0.20444718159717362,True
V2R-PSG,p022,f_blood,0.76,0.07600000000000001,0.20344689348923228,True
V2R-PSG,p022,f_blood,0.78,0.07800000000000001,0.20246334420956486,True
V2R-PSG,p022,f_blood,0.8,0.08000000000000002,0.20149583072516628,True
V2R-PSG,p022,f_blood,0.8200000000000001,0.08200000000000002,0.20054369489514998,True
V2R-PSG,p022,f_blood,0.84,0.084,0.19960631968004394,True
V2R-PSG,p022,f_blood,0.86,0.08600000000000001,0.19868312574876468,True
V2R-PSG,p022,f_blood,0.88,0.08800000000000001,0.19777356843356655,True
V2R-PSG,p022,f_blood,0.9,0.09000000000000001,0.19687713499046608,True
V2R-PSG,p022,f_blood,0.92,0.09200000000000001,0.19599334212862565,True
V2R-PSG,p022,f_blood,0.9400000000000001,0.09400000000000001,0.19512173377722764,True
V2R-PSG,p022,f_blood,0.96,0.096,0.19426187906264109,True
V2R-PSG,p022,f_blood,0.98,0.098,0.19341337047225368,True
V2R-PSG,p022,f_blood,1.0,0.1,0.1925758221844429,True
V2R-PSG,p023,f_mel,0.0,0.0,0.9010292945860064,True
V2R-PSG,p023,f_mel,0.02,0.0086,0.8148543446697512,True
V2R-PSG,p023,f_mel,0.04,0.0172,0.7324210839282925,True
V2R-PSG,p023,f_mel,0.06,0.0258,0.6534801034504854,True
V2R-PSG,p023,f_mel,0.08,0.0344,0.5778146530620445,True
V2R-PSG,p023,f_mel,0.1,0.043000000000000003,0.5052366069372936,True
V2R-PSG,p023,f_mel,0.12,0.0516,0.4355861950356911,True
V2R-PSG,p023,f_mel,0.14,0.060200000000000004,0.36873682822288734,True
V2R-PSG,p023,f_mel,0.16,0.0688,0.30460952820028575,True
V2R-PSG,p023,f_mel,0.18,0.0774,0.24321050401492314,True
V2R-PSG,p023,f_mel,0.2,0.08600000000000001,0.18473695188449293,True
V2R-PSG,p023,f_mel,0.22,0.0946,0.12993412302092233,True
V2R-PSG,p023,f_mel,0.24,0.1032,0.08167690649220077,True
V2R-PSG,p023,f_mel,0.26,0.1118,0.053145962522624685,True
V2R-PSG,p023,f_mel,0.2630397494067786,0.1131070922449148,0.05252249699835325,True
V2R-PSG,p023,f_mel,0.28,0.12040000000000001,0.06212480566124465,True
V2R-PSG,p023,f_mel,0.3,0.129,0.08164233175773787,True
V2R-PSG,p023,f_mel,0.32,0.1376,0.10585156341362417,True
V2R-PSG,p023,f_mel,0.34,0.1462,0.1333104683850503,True
V2R-PSG,p023,f_mel,0.36,0.1548,0.1636295917382441,True
V2R-PSG,p023,f_mel,0.38,0.1634,0.19696255689576656,True
V2R-PSG,p023,f_mel,0.4,0.17200000000000001,0.23483545431461358,True
V2R-PSG,p023,f_mel,0.42,0.18059999999999998,0.27539211563430416,True
V2R-PSG,p023,f_mel,0.44,0.1892,0.3169776660090944,True
V2R-PSG,p023,f_mel,0.46,0.1978,0.35873092321440647,True
V2R-PSG,p023,f_mel,0.48,0.2064,0.4001884435547097,True
V2R-PSG,p023,f_mel,0.5,0.215,0.4410936590885661,True
V2R-PSG,p023,f_mel,0.52,0.2236,0.48130283678601177,True
V2R-PSG,p023,f_mel,0.54,0.23220000000000002,0.5207365849718458,True
V2R-PSG,p023,f_mel,0.56,0.24080000000000001,0.5593536065027621,True
V2R-PSG,p023,f_mel,0.58,0.24939999999999998,0.5971358419350967,True
V2R-PSG,p023,f_mel,0.6,0.258,0.6340797219757968,True
V2R-PSG,p023,f_mel,0.62,0.2666,0.6701908398997487,True
V2R-PSG,p023,f_mel,0.64,0.2752,0.7054806129079833,True
V2R-PSG,p023,f_mel,0.66,0.2838,0.7399641396787995,True
V2R-PSG,p023,f_mel,0.68,0.2924,0.7736587988025986,True
V2R-PSG,p023,f_mel,0.7000000000000001,0.30100000000000005,0.8065833179554562,True
V2R-PSG,p023,f_mel,0.72,0.3096,0.8387571488656124,True
V2R-PSG,p023,f_mel,0.74,0.3182,0.8702000447346538,True
V2R-PSG,p023,f_mel,0.76,0.3268,0.9009317738825661,True
V2R-PSG,p023,f_mel,0.78,0.33540000000000003,0.9309719263013554,True
V2R-PSG,p023,f_mel,0.8,0.34400000000000003,0.9603397842770196,True
V2R-PSG,p023,f_mel,0.8200000000000001,0.3526,0.9890542375716636,True
V2R-PSG,p023,f_mel,0.84,0.36119999999999997,1.017133729785687,True
V2R-PSG,p023,f_mel,0.86,0.36979999999999996,1.044596226611697,True
V2R-PSG,p023,f_mel,0.88,0.3784,1.0714591994650844,True
V2R-PSG,p023,f_mel,0.9,0.387,1.09773961988149,True
V2R-PSG,p023,f_mel,0.92,0.3956,1.1234539613962997,True
V2R-PSG,p023,f_mel,0.9400000000000001,0.4042,1.1486182065527013,True
V2R-PSG,p023,f_mel,0.96,0.4128,1.1732478573459462,True
V2R-PSG,p023,f_mel,0.98,0.4214,1.1973579478849015,True
V2R-PSG,p023,f_mel,1.0,0.43,1.2209630583917688,True
V2R-PSG,p023,f_blood,0.0,0.0,0.1410077060643681,True
V2R-PSG,p023,f_blood,0.02,0.002,0.13129401699031779,True
V2R-PSG,p023,f_blood,0.04,0.004,0.12421337656107947,True
V2R-PSG,p023,f_blood,0.06,0.006,0.11850022644634359,True
V2R-PSG,p023,f_blood,0.08,0.008,0.1136594248484062,True
V2R-PSG,p023,f_blood,0.1,0.010000000000000002,0.10943627230821923,True
V2R-PSG,p023,f_blood,0.12,0.012,0.10567949277879658,True
V2R-PSG,p023,f_blood,0.14,0.014000000000000002,0.10229069695947308,True
V2R-PSG,p023,f_blood,0.16,0.016,0.09920172556285123,True
V2R-PSG,p023,f_blood,0.18,0.018,0.09636311071640999,True
V2R-PSG,p023,f_blood,0.2,0.020000000000000004,0.09373764000976027,True
V2R-PSG,p023,f_blood,0.22,0.022000000000000002,0.09129651175802883,True
V2R-PSG,p023,f_blood,0.24,0.024,0.08901691131557773,True
V2R-PSG,p023,f_blood,0.26,0.026000000000000002,0.0868804154553385,True
V2R-PSG,p023,f_blood,0.28,0.028000000000000004,0.0848719036149676,True
V2R-PSG,p023,f_blood,0.3,0.03,0.08297879231839253,True
V2R-PSG,p023,f_blood,0.32,0.032,0.08119048286339041,True
V2R-PSG,p023,f_blood,0.34,0.034,0.07949795394753809,True
V2R-PSG,p023,f_blood,0.36,0.036,0.07789345533723187,True
V2R-PSG,p023,f_blood,0.38,0.038000000000000006,0.0763702735650327,True
V2R-PSG,p023,f_blood,0.4,0.04000000000000001,0.07492254999132411,True
V2R-PSG,p023,f_blood,0.42,0.042,0.07354513760576754,True
V2R-PSG,p023,f_blood,0.44,0.044000000000000004,0.07223348694100697,True
V2R-PSG,p023,f_blood,0.46,0.046000000000000006,0.07098355417439814,True
V2R-PSG,p023,f_blood,0.48,0.048,0.06979172635797433,True
V2R-PSG,p023,f_blood,0.5,0.05,0.06865476002562236,True
V2R-PSG,p023,f_blood,0.52,0.052000000000000005,0.06756973035997794,True
V2R-PSG,p023,f_blood,0.54,0.054000000000000006,0.06653398877724635,True
V2R-PSG,p023,f_blood,0.56,0.05600000000000001,0.06554512728382061,True
V2R-PSG,p023,f_blood,0.58,0.057999999999999996,0.0646009483266658,True
V2R-PSG,p023,f_blood,0.6,0.06,0.0636994391359222,True
V2R-PSG,p023,f_blood,0.62,0.062,0.06283874976804124,True
V2R-PSG,p023,f_blood,0.64,0.064,0.06201717421860712,True
V2R-PSG,p023,f_blood,0.66,0.066,0.06123313409838788,True
V2R-PSG,p023,f_blood,0.68,0.068,0.060485164463165875,True
V2R-PSG,p023,f_blood,0.7000000000000001,0.07,0.05977190146413393,True
V2R-PSG,p023,f_blood,0.72,0.072,0.059092071545998215,True
V2R-PSG,p023,f_blood,0.74,0.074,0.05844448196802475,True
V2R-PSG,p023,f_blood,0.76,0.07600000000000001,0.05782801246183115,True
V2R-PSG,p023,f_blood,0.78,0.07800000000000001,0.05724160787083497,True
V2R-PSG,p023,f_blood,0.8,0.08000000000000002,0.056684271641485436,True
V2R-PSG,p023,f_blood,0.8200000000000001,0.08200000000000002,0.056155060056958285,True
V2R-PSG,p023,f_blood,0.84,0.084,0.05565307712081247,True
V2R-PSG,p023,f_blood,0.86,0.08600000000000001,0.05517747001193445,True
V2R-PSG,p023,f_blood,0.88,0.08800000000000001,0.05472742504350987,True
V2R-PSG,p023,f_blood,0.9,0.09000000000000001,0.054302164068209494,True
V2R-PSG,p023,f_blood,0.92,0.09200000000000001,0.05390094127964662,True
V2R-PSG,p023,f_blood,0.9400000000000001,0.09400000000000001,0.05352304036671142,True
V2R-PSG,p023,f_blood,0.96,0.096,0.05316777198288918,True
V2R-PSG,p023,f_blood,0.98,0.098,0.052834471497283396,True
V2R-PSG,p023,f_blood,1.0,0.1,0.05252249699796347,True
V2R-PSG,p024,f_mel,0.0,0.0,0.9469360992048304,True
V2R-PSG,p024,f_mel,0.02,0.0086,0.8607668004225612,True
V2R-PSG,p024,f_mel,0.04,0.0172,0.7783550839239223,True
V2R-PSG,p024,f_mel,0.06,0.0258,0.6994460579188536,True
V2R-PSG,p024,f_mel,0.08,0.0344,0.6238188581813853,True
V2R-PSG,p024,f_mel,0.1,0.043000000000000003,0.5512820052190628,True
V2R-PSG,p024,f_mel,0.12,0.0516,0.48167219159914043,True
V2R-PSG,p024,f_mel,0.14,0.060200000000000004,0.4148571535493908,True
V2R-PSG,p024,f_mel,0.16,0.0688,0.35074522268999864,True
V2R-PSG,p024,f_mel,0.18,0.0774,0.2893088231520132,True
V2R-PSG,p024,f_mel,0.2,0.08600000000000001,0.230642825411054,True
V2R-PSG,p024,f_mel,0.22,0.0946,0.1751260236494559,True
V2R-PSG,p024,f_mel,0.24,0.1032,0.12395257120610681,True
V2R-PSG,p024,f_mel,0.26,0.1118,0.08127237473072638,True
V2R-PSG,p024,f_mel,0.28,0.12040000000000001,0.06152223664060282,True
V2R-PSG,p024,f_mel,0.2801389395107168,0.12045974398960821,0.06152118032288333,True
V2R-PSG,p024,f_mel,0.3,0.129,0.0688350635071431,True
V2R-PSG,p024,f_mel,0.32,0.1376,0.08628496156193563,True
V2R-PSG,p024,f_mel,0.34,0.1462,0.10990130198651923,True
V2R-PSG,p024,f_mel,0.36,0.1548,0.13747767031772296,True
V2R-PSG,p024,f_mel,0.38,0.1634,0.1680918284492733,True
V2R-PSG,p024,f_mel,0.4,0.17200000000000001,0.20152189502094345,True
V2R-PSG,p024,f_mel,0.42,0.18059999999999998,0.2389014347740834,True
V2R-PSG,p024,f_mel,0.44,0.1892,0.27859271762448845,True
V2R-PSG,p024,f_mel,0.46,0.1978,0.3191595796000165,True
V2R-PSG,p024,f_mel,0.48,0.2064,0.35984084020851403,True
V2R-PSG,p024,f_mel,0.5,0.215,0.40021970432326237,True
V2R-PSG,p024,f_mel,0.52,0.2236,0.44006180799601113,True
V2R-PSG,p024,f_mel,0.54,0.23220000000000002,0.4792339291612281,True
V2R-PSG,p024,f_mel,0.56,0.24080000000000001,0.5176613509070577,True
V2R-PSG,p024,f_mel,0.58,0.24939999999999998,0.5553044403943367,True
V2R-PSG,p024,f_mel,0.6,0.258,0.5921452205785753,True
V2R-PSG,p024,f_mel,0.62,0.2666,0.6281793745986862,True
V2R-PSG,p024,f_mel,0.64,0.2752,0.6634113270424946,True
V2R-PSG,p024,f_mel,0.66,0.2838,0.6978511329078048,True
V2R-PSG,p024,f_mel,0.68,0.2924,0.7315124635891007,True
V2R-PSG,p024,f_mel,0.7000000000000001,0.30100000000000005,0.7644112778359996,True
V2R-PSG,p024,f_mel,0.72,0.3096,0.7965649311829367,True
V2R-PSG,p024,f_mel,0.74,0.3182,0.8279915722080069,True
V2R-PSG,p024,f_mel,0.76,0.3268,0.8587097299780388,True
V2R-PSG,p024,f_mel,0.78,0.33540000000000003,0.8887380309993568,True
V2R-PSG,p024,f_mel,0.8,0.34400000000000003,0.9180950050998644,True
V2R-PSG,p024,f_mel,0.8200000000000001,0.3526,0.9467989530771721,True
V2R-PSG,p024,f_mel,0.84,0.36119999999999997,0.9748678576382841,True
V2R-PSG,p024,f_mel,0.86,0.36979999999999996,1.0023193248918634,True
V2R-PSG,p024,f_mel,0.88,0.3784,1.0291705475017783,True
V2R-PSG,p024,f_mel,0.9,0.387,1.0554382832303852,True
V2R-PSG,p024,f_mel,0.92,0.3956,1.081138844407855,True
V2R-PSG,p024,f_mel,0.9400000000000001,0.4042,1.1062880951265657,True
V2R-PSG,p024,f_mel,0.96,0.4128,1.1309014538512598,True
V2R-PSG,p024,f_mel,0.98,0.4214,1.1549938997714548,True
V2R-PSG,p024,f_mel,1.0,0.43,1.17857998167995,True
V2R-PSG,p024,f_blood,0.0,0.0,0.14078269142643463,True
V2R-PSG,p024,f_blood,0.02,0.002,0.13104036675033326,True
V2R-PSG,p024,f_blood,0.04,0.004,0.12394164494935943,True
V2R-PSG,p024,f_blood,0.06,0.006,0.1182288081442162,True
V2R-PSG,p024,f_blood,0.08,0.008,0.11340658163188105,True
V2R-PSG,p024,f_blood,0.1,0.010000000000000002,0.10921887031783127,True
V2R-PSG,p024,f_blood,0.12,0.012,0.1055129270143989,True
V2R-PSG,p024,f_blood,0.14,0.014000000000000002,0.10218905881807967,True
V2R-PSG,p024,f_blood,0.16,0.016,0.09917799910406944,True
V2R-PSG,p024,f_blood,0.18,0.018,0.09642934647764365,True
V2R-PSG,p024,f_blood,0.2,0.020000000000000004,0.09390509758023234,True
V2R-PSG,p024,f_blood,0.22,0.022000000000000002,0.09157577355966132,True
V2R-PSG,p024,f_blood,0.24,0.024,0.08941797243538104,True
V2R-PSG,p024,f_blood,0.26,0.026000000000000002,0.08741275423970389,True
V2R-PSG,p024,f_blood,0.28,0.028000000000000004,0.08554453698170209,True
V2R-PSG,p024,f_blood,0.3,0.03,0.08380031894782704,True
V2R-PSG,p024,f_blood,0.32,0.032,0.08216911675270258,True
V2R-PSG,p024,f_blood,0.34,0.034,0.08064155027500797,True
V2R-PSG,p024,f_blood,0.36,0.036,0.07920953016853051,True
V2R-PSG,p024,f_blood,0.38,0.038000000000000006,0.07786601861702586,True
V2R-PSG,p024,f_blood,0.4,0.04000000000000001,0.07660484342744847,True
V2R-PSG,p024,f_blood,0.42,0.042,0.07542055165232983,True
V2R-PSG,p024,f_blood,0.44,0.044000000000000004,0.07430829297152088,True
V2R-PSG,p024,f_blood,0.46,0.046000000000000006,0.07326372579859661,True
V2R-PSG,p024,f_blood,0.48,0.048,0.07228294096539241,True
V2R-PSG,p024,f_blood,0.5,0.05,0.07136239916467715,True
V2R-PSG,p024,f_blood,0.52,0.052000000000000005,0.07049887927781849,True
V2R-PSG,p024,f_blood,0.54,0.054000000000000006,0.06968943539999611,True
V2R-PSG,p024,f_blood,0.56,0.05600000000000001,0.06893136087868366,True
V2R-PSG,p024,f_blood,0.58,0.057999999999999996,0.06822215805487548,True
V2R-PSG,p024,f_blood,0.6,0.06,0.06755951267727613,True
V2R-PSG,p024,f_blood,0.62,0.062,0.06694127217276062,True
V2R-PSG,p024,f_blood,0.64,0.064,0.06636542711972987,True
V2R-PSG,p024,f_blood,0.66,0.066,0.06583009539729731,True
V2R-PSG,p024,f_blood,0.68,0.068,0.06533350858178368,True
V2R-PSG,p024,f_blood,0.7000000000000001,0.07,0.06487400023951276,True
V2R-PSG,p024,f_blood,0.72,0.072,0.06444999582634976,True
V2R-PSG,p024,f_blood,0.74,0.074,0.06406000395353166,True
V2R-PSG,p024,f_blood,0.76,0.07600000000000001,0.06370260881886064,True
V2R-PSG,p024,f_blood,0.78,0.07800000000000001,0.06337646363439245,True
V2R-PSG,p024,f_blood,0.8,0.08000000000000002,0.06308028490793853,True
V2R-PSG,p024,f_blood,0.8200000000000001,0.08200000000000002,0.06281284745725016,True
V2R-PSG,p024,f_blood,0.84,0.084,0.06257298005361596,True
V2R-PSG,p024,f_blood,0.86,0.08600000000000001,0.06235956160650206,True
V2R-PSG,p024,f_blood,0.88,0.08800000000000001,0.06217151781339292,True
V2R-PSG,p024,f_blood,0.9,0.09000000000000001,0.06200781820957421,True
V2R-PSG,p024,f_blood,0.92,0.09200000000000001,0.06186747356160817,True
V2R-PSG,p024,f_blood,0.9400000000000001,0.09400000000000001,0.06174953355595485,True
V2R-PSG,p024,f_blood,0.96,0.096,0.06165308474081996,True
V2R-PSG,p024,f_blood,0.98,0.098,0.061577248685024434,True
V2R-PSG,p024,f_blood,1.0,0.1,0.061521180322651005,True
V2R-PSG,p025,f_mel,0.0,0.0,0.7749392660317381,True
V2R-PSG,p025,f_mel,0.02,0.0086,0.688145115541363,True
V2R-PSG,p025,f_mel,0.04,0.0172,0.6052097436298653,True
V2R-PSG,p025,f_mel,0.06,0.0258,0.5259081372336082,True
V2R-PSG,p025,f_mel,0.08,0.0344,0.4500668877603377,True
V2R-PSG,p025,f_mel,0.1,0.043000000000000003,0.3775756678556761,True
V2R-PSG,p025,f_mel,0.12,0.0516,0.3084219959190954,True
V2R-PSG,p025,f_mel,0.14,0.060200000000000004,0.24278398851152533,True
V2R-PSG,p025,f_mel,0.16,0.0688,0.18129966865233085,True
V2R-PSG,p025,f_mel,0.18,0.0774,0.12599104691716917,True
V2R-PSG,p025,f_mel,0.2,0.08600000000000001,0.08391166260299307,True
V2R-PSG,p025,f_mel,0.22,0.0946,0.06494253477718165,True
V2R-PSG,p025,f_mel,0.23634318568999074,0.10162756984669602,0.059385661934439775,True
V2R-PSG,p025,f_mel,0.24,0.1032,0.05968719002055496,True
V2R-PSG,p025,f_mel,0.26,0.1118,0.07138750303560072,True
V2R-PSG,p025,f_mel,0.28,0.12040000000000001,0.09562462795954678,True
V2R-PSG,p025,f_mel,0.3,0.129,0.12713379628506286,True
V2R-PSG,p025,f_mel,0.32,0.1376,0.16421546728268177,True
V2R-PSG,p025,f_mel,0.34,0.1462,0.2081683881107613,True
V2R-PSG,p025,f_mel,0.36,0.1548,0.2551120439122099,True
V2R-PSG,p025,f_mel,0.38,0.1634,0.3027940381661457,True
V2R-PSG,p025,f_mel,0.4,0.17200000000000001,0.35023768154845786,True
V2R-PSG,p025,f_mel,0.42,0.18059999999999998,0.3969903995341178,True
V2R-PSG,p025,f_mel,0.44,0.1892,0.44283481110686956,True
V2R-PSG,p025,f_mel,0.46,0.1978,0.487668122172058,True
V2R-PSG,p025,f_mel,0.48,0.2064,0.5314471210308315,True
V2R-PSG,p025,f_mel,0.5,0.215,0.5741610834846511,True
V2R-PSG,p025,f_mel,0.52,0.2236,0.6158175500575441,True
V2R-PSG,p025,f_mel,0.54,0.23220000000000002,0.6564344669189841,True
V2R-PSG,p025,f_mel,0.56,0.24080000000000001,0.696035662293577,True
V2R-PSG,p025,f_mel,0.58,0.24939999999999998,0.734648159566785,True
V2R-PSG,p025,f_mel,0.6,0.258,0.7723005439733587,True
V2R-PSG,p025,f_mel,0.62,0.2666,0.8090219548662729,True
V2R-PSG,p025,f_mel,0.64,0.2752,0.8448414600991004,True
V2R-PSG,p025,f_mel,0.66,0.2838,0.879787669273333,True
V2R-PSG,p025,f_mel,0.68,0.2924,0.9138884990597621,True
V2R-PSG,p025,f_mel,0.7000000000000001,0.30100000000000005,0.9471710366672551,True
V2R-PSG,p025,f_mel,0.72,0.3096,0.9796614672216418,True
V2R-PSG,p025,f_mel,0.74,0.3182,1.0113850429164688,True
V2R-PSG,p025,f_mel,0.76,0.3268,1.0423660794007703,True
V2R-PSG,p025,f_mel,0.78,0.33540000000000003,1.072627969742516,True
V2R-PSG,p025,f_mel,0.8,0.34400000000000003,1.1021932094847675,True
V2R-PSG,p025,f_mel,0.8200000000000001,0.3526,1.1310834284161577,True
V2R-PSG,p025,f_mel,0.84,0.36119999999999997,1.1593194260892532,True
V2R-PSG,p025,f_mel,0.86,0.36979999999999996,1.1869212090782921,True
V2R-PSG,p025,f_mel,0.88,0.3784,1.2139080286237625,True
V2R-PSG,p025,f_mel,0.9,0.387,1.2402984177638472,True
V2R-PSG,p025,f_mel,0.92,0.3956,1.2661102273666585,True
V2R-PSG,p025,f_mel,0.9400000000000001,0.4042,1.2913606606956762,True
V2R-PSG,p025,f_mel,0.96,0.4128,1.3160663062928046,True
V2R-PSG,p025,f_mel,0.98,0.4214,1.340243169069906,True
V2R-PSG,p025,f_mel,1.0,0.43,1.3639066995714773,True
V2R-PSG,p025,f_blood,0.0,0.0,0.11308281890759028,True
V2R-PSG,p025,f_blood,0.02,0.002,0.10274969690877192,True
V2R-PSG,p025,f_blood,0.04,0.004,0.09541484663923873,True
V2R-PSG,p025,f_blood,0.06,0.006,0.08967106204375971,True
V2R-PSG,p025,f_blood,0.08,0.008,0.08496510386230491,True
V2R-PSG,p025,f_blood,0.1,0.010000000000000002,0.08101083638980147,True
V2R-PSG,p025,f_blood,0.12,0.012,0.07763726515884538,True
V2R-PSG,p025,f_blood,0.14,0.014000000000000002,0.07473233134554277,True
V2R-PSG,p025,f_blood,0.16,0.016,0.07221763597514753,True
V2R-PSG,p025,f_blood,0.18,0.018,0.07003553095322614,True
V2R-PSG,p025,f_blood,0.2,0.020000000000000004,0.06814190406303951,True
V2R-PSG,p025,f_blood,0.22,0.022000000000000002,0.0665018667000363,True
V2R-PSG,p025,f_blood,0.24,0.024,0.06508704090040096,True
V2R-PSG,p025,f_blood,0.26,0.026000000000000002,0.06387378326224599,True
V2R-PSG,p025,f_blood,0.28,0.028000000000000004,0.06284198553046215,True
V2R-PSG,p025,f_blood,0.3,0.03,0.061974244632466896,True
V2R-PSG,p025,f_blood,0.32,0.032,0.061255277148050485,True
V2R-PSG,p025,f_blood,0.34,0.034,0.060671499624961864,True
V2R-PSG,p025,f_blood,0.36,0.036,0.06021072356409114,True
V2R-PSG,p025,f_blood,0.38,0.038000000000000006,0.05986193074702592,True
V2R-PSG,p025,f_blood,0.4,0.04000000000000001,0.05961510532718459,True
V2R-PSG,p025,f_blood,0.42,0.042,0.05946110620070503,True
V2R-PSG,p025,f_blood,0.44,0.044000000000000004,0.0593915680008521,True
V2R-PSG,p025,f_blood,0.44794664587876243,0.044794664587876246,0.059385661934439754,True
V2R-PSG,p025,f_blood,0.46,0.046000000000000006,0.05939882242855848,True
V2R-PSG,p025,f_blood,0.48,0.048,0.059475834027848326,True
V2R-PSG,p025,f_blood,0.5,0.05,0.05961614624003819,True
V2R-PSG,p025,f_blood,0.52,0.052000000000000005,0.059813834819133375,True
V2R-PSG,p025,f_blood,0.54,0.054000000000000006,0.06006346659317395,True
V2R-PSG,p025,f_blood,0.56,0.05600000000000001,0.0603600622035635,True
V2R-PSG,p025,f_blood,0.58,0.057999999999999996,0.06069906191269421,True
V2R-PSG,p025,f_blood,0.6,0.06,0.06107629388866836,True
V2R-PSG,p025,f_blood,0.62,0.062,0.0614879445918345,True
V2R-PSG,p025,f_blood,0.64,0.064,0.06193053102959655,True
V2R-PSG,p025,f_blood,0.66,0.066,0.06240087473505529,True
V2R-PSG,p025,f_blood,0.68,0.068,0.06289607737770639,True
V2R-PSG,p025,f_blood,0.7000000000000001,0.07,0.06341349794268408,True
V2R-PSG,p025,f_blood,0.72,0.072,0.06395073142759593,True
V2R-PSG,p025,f_blood,0.74,0.074,0.06450558900908097,True
V2R-PSG,p025,f_blood,0.76,0.07600000000000001,0.06507607962906495,True
V2R-PSG,p025,f_blood,0.78,0.07800000000000001,0.06566039294617118,True
V2R-PSG,p025,f_blood,0.8,0.08000000000000002,0.06625688359263104,True
V2R-PSG,p025,f_blood,0.8200000000000001,0.08200000000000002,0.06686405667242536,True
V2R-PSG,p025,f_blood,0.84,0.084,0.06748055443281997,True
V2R-PSG,p025,f_blood,0.86,0.08600000000000001,0.06810514403916668,True
V2R-PSG,p025,f_blood,0.88,0.08800000000000001,0.06873670638185268,True
V2R-PSG,p025,f_blood,0.9,0.09000000000000001,0.06937422584447407,True
V2R-PSG,p025,f_blood,0.92,0.09200000000000001,0.07001678096354015,True
V2R-PSG,p025,f_blood,0.9400000000000001,0.09400000000000001,0.0706635359120681,True
V2R-PSG,p025,f_blood,0.96,0.096,0.07131373274212342,True
V2R-PSG,p025,f_blood,0.98,0.098,0.07196668432452832,True
V2R-PSG,p025,f_blood,1.0,0.1,0.0726217679274213,True
V2R-PSG,p026,f_mel,0.0,0.0,0.9430506341196471,True
V2R-PSG,p026,f_mel,0.02,0.0086,0.8568640280681143,True
V2R-PSG,p026,f_mel,0.04,0.0172,0.7744095893930907,True
V2R-PSG,p026,f_mel,0.06,0.0258,0.6954364928573634,True
V2R-PSG,p026,f_mel,0.08,0.0344,0.6197265862204407,True
V2R-PSG,p026,f_mel,0.1,0.043000000000000003,0.5470898353715817,True
V2R-PSG,p026,f_mel,0.12,0.0516,0.47736303941011204,True
V2R-PSG,p026,f_mel,0.14,0.060200000000000004,0.41041242407654266,True
V2R-PSG,p026,f_mel,0.16,0.0688,0.346142601538644,True
V2R-PSG,p026,f_mel,0.18,0.0774,0.2845189782968026,True
V2R-PSG,p026,f_mel,0.2,0.08600000000000001,0.2256244250227896,True
V2R-PSG,p026,f_mel,0.22,0.0946,0.16982027231273258,True
V2R-PSG,p026,f_mel,0.24,0.1032,0.1182993158052537,True
V2R-PSG,p026,f_mel,0.26,0.1118,0.07548289150112969,True
V2R-PSG,p026,f_mel,0.2784239180785608,0.11972228477378115,0.057652769754425466,True
V2R-PSG,p026,f_mel,0.28,0.12040000000000001,0.0577984587076345,True
V2R-PSG,p026,f_mel,0.3,0.129,0.0676315561830579,True
V2R-PSG,p026,f_mel,0.32,0.1376,0.08654292555269491,True
V2R-PSG,p026,f_mel,0.34,0.1462,0.11081567274677401,True
V2R-PSG,p026,f_mel,0.36,0.1548,0.1386632637025079,True
V2R-PSG,p026,f_mel,0.38,0.1634,0.16942026086426235,True
V2R-PSG,p026,f_mel,0.4,0.17200000000000001,0.20320300932565705,True
V2R-PSG,p026,f_mel,0.42,0.18059999999999998,0.24111612002467553,True
V2R-PSG,p026,f_mel,0.44,0.1892,0.2811965338134297,True
V2R-PSG,p026,f_mel,0.46,0.1978,0.32206468381828196,True
V2R-PSG,p026,f_mel,0.48,0.2064,0.362992015236876,True
V2R-PSG,p026,f_mel,0.5,0.215,0.4035805729560762,True
V2R-PSG,p026,f_mel,0.52,0.2236,0.4436072395434043,True
V2R-PSG,p026,f_mel,0.54,0.23220000000000002,0.48294578227225843,True
V2R-PSG,p026,f_mel,0.56,0.24080000000000001,0.5215260029840721,True
V2R-PSG,p026,f_mel,0.58,0.24939999999999998,0.5593112988091926,True
V2R-PSG,p026,f_mel,0.6,0.258,0.5962857924948377,True
V2R-PSG,p026,f_mel,0.62,0.2666,0.6324466661603971,True
V2R-PSG,p026,f_mel,0.64,0.2752,0.6677994434414516,True
V2R-PSG,p026,f_mel,0.66,0.2838,0.7023550048268382,True
V2R-PSG,p026,f_mel,0.68,0.2924,0.7361276554205048,True
V2R-PSG,p026,f_mel,0.7000000000000001,0.30100000000000005,0.7691338501766944,True
V2R-PSG,p026,f_mel,0.72,0.3096,0.8013913401942349,True
V2R-PSG,p026,f_mel,0.74,0.3182,0.8329185945425841,True
V2R-PSG,p026,f_mel,0.76,0.3268,0.8637344057818108,True
V2R-PSG,p026,f_mel,0.78,0.33540000000000003,0.8938576199194468,True
V2R-PSG,p026,f_mel,0.8,0.34400000000000003,0.9233069518067879,True
V2R-PSG,p026,f_mel,0.8200000000000001,0.3526,0.9521008598556668,True
V2R-PSG,p026,f_mel,0.84,0.36119999999999997,0.9802574623078417,True
V2R-PSG,p026,f_mel,0.86,0.36979999999999996,1.007794482803024,True
V2R-PSG,p026,f_mel,0.88,0.3784,1.0347292166920745,True
V2R-PSG,p026,f_mel,0.9,0.387,1.0610785120623518,True
V2R-PSG,p026,f_mel,0.92,0.3956,1.086858761181994,True
V2R-PSG,p026,f_mel,0.9400000000000001,0.4042,1.112085899285412,True
V2R-PSG,p026,f_mel,0.96,0.4128,1.1367754084807253,True
V2R-PSG,p026,f_mel,0.98,0.4214,1.1609423251720576,True
V2R-PSG,p026,f_mel,1.0,0.43,1.1846012498299414,True
V2R-PSG,p026,f_blood,0.0,0.0,0.13962831548199456,True
V2R-PSG,p026,f_blood,0.02,0.002,0.1299588254845754,True
V2R-PSG,p026,f_blood,0.04,0.004,0.12289792300715938,True
V2R-PSG,p026,f_blood,0.06,0.006,0.11720375631851432,True
V2R-PSG,p026,f_blood,0.08,0.008,0.11238727366491301,True
V2R-PSG,p026,f_blood,0.1,0.010000000000000002,0.10819561522854154,True
V2R-PSG,p026,f_blood,0.12,0.012,0.10447797760562545,True
V2R-PSG,p026,f_blood,0.14,0.014000000000000002,0.10113594779771852,True
V2R-PSG,p026,f_blood,0.16,0.016,0.0981011585745888,True
V2R-PSG,p026,f_blood,0.18,0.018,0.09532387284585495,True
V2R-PSG,p026,f_blood,0.2,0.020000000000000004,0.09276659816607384,True
V2R-PSG,p026,f_blood,0.22,0.022000000000000002,0.0904002623256316,True
V2R-PSG,p026,f_blood,0.24,0.024,0.08820179685062943,True
V2R-PSG,p026,f_blood,0.26,0.026000000000000002,0.08615254272875005,True
V2R-PSG,p026,f_blood,0.28,0.028000000000000004,0.08423716045646923,True
V2R-PSG,p026,f_blood,0.3,0.03,0.08244286224793027,True
V2R-PSG,p026,f_blood,0.32,0.032,0.08075885721658276,True
V2R-PSG,p026,f_blood,0.34,0.034,0.07917594153657656,True
V2R-PSG,p026,f_blood,0.36,0.036,0.07768618983612442,True
V2R-PSG,p026,f_blood,0.38,0.038000000000000006,0.07628271886431068,True
V2R-PSG,p026,f_blood,0.4,0.04000000000000001,0.0749595037795693,True
V2R-PSG,p026,f_blood,0.42,0.042,0.07371123342725684,True
V2R-PSG,p026,f_blood,0.44,0.044000000000000004,0.07253319496227141,True
V2R-PSG,p026,f_blood,0.46,0.046000000000000006,0.07142118087340278,True
V2R-PSG,p026,f_blood,0.48,0.048,0.07037141333071115,True
V2R-PSG,p026,f_blood,0.5,0.05,0.06938048208734043,True
V2R-PSG,p026,f_blood,0.52,0.052000000000000005,0.06844529310241138,True
V2R-PSG,p026,f_blood,0.54,0.054000000000000006,0.06756302572902725,True
V2R-PSG,p026,f_blood,0.56,0.05600000000000001,0.06673109680855181,True
V2R-PSG,p026,f_blood,0.58,0.057999999999999996,0.06594713038162467,True
V2R-PSG,p026,f_blood,0.6,0.06,0.06520893200378784,True
V2R-PSG,p026,f_blood,0.62,0.062,0.06451446686413193,True
V2R-PSG,p026,f_blood,0.64,0.064,0.06386184106667758,True
V2R-PSG,p026,f_blood,0.66,0.066,0.06324928555889509,True
V2R-PSG,p026,f_blood,0.68,0.068,0.06267514228893654,True
V2R-PSG,p026,f_blood,0.7000000000000001,0.07,0.062137852249484565,True
V2R-PSG,p026,f_blood,0.72,0.072,0.06163594512650621,True
V2R-PSG,p026,f_blood,0.74,0.074,0.06116803031931757,True
V2R-PSG,p026,f_blood,0.76,0.07600000000000001,0.06073278913696537,True
V2R-PSG,p026,f_blood,0.78,0.07800000000000001,0.0603289680070977,True
V2R-PSG,p026,f_blood,0.8,0.08000000000000002,0.05995537255883826,True
V2R-PSG,p026,f_blood,0.8200000000000001,0.08200000000000002,0.05961086246190494,True
V2R-PSG,p026,f_blood,0.84,0.084,0.05929434692129505,True
V2R-PSG,p026,f_blood,0.86,0.08600000000000001,0.059004780741017504,True
V2R-PSG,p026,f_blood,0.88,0.08800000000000001,0.058741160882180704,True
V2R-PSG,p026,f_blood,0.9,0.09000000000000001,0.05850252345068577,True
V2R-PSG,p026,f_blood,0.92,0.09200000000000001,0.05828794105819551,True
V2R-PSG,p026,f_blood,0.9400000000000001,0.09400000000000001,0.05809652050723308,True
V2R-PSG,p026,f_blood,0.96,0.096,0.057927400757423975,True
V2R-PSG,p026,f_blood,0.98,0.098,0.05777975113522794,True
V2R-PSG,p026,f_blood,1.0,0.1,0.05765276975414141,True
V2R-PSG,p027,f_mel,0.0,0.0,0.911564993075407,True
V2R-PSG,p027,f_mel,0.02,0.0086,0.8251233696484175,True
V2R-PSG,p027,f_mel,0.04,0.0172,0.7424342460418413,True
V2R-PSG,p027,f_mel,0.06,0.0258,0.663247434072254,True
V2R-PSG,p027,f_mel,0.08,0.0344,0.587346379646571,True
V2R-PSG,p027,f_mel,0.1,0.043000000000000003,0.5145441702641392,True
V2R-PSG,p027,f_mel,0.12,0.0516,0.4446834457229794,True
V2R-PSG,p027,f_mel,0.14,0.060200000000000004,0.37764159742905146,True
V2R-PSG,p027,f_mel,0.16,0.0688,0.3133458352452945,True
V2R-PSG,p027,f_mel,0.18,0.0774,0.2518115259738577,True
V2R-PSG,p027,f_mel,0.2,0.08600000000000001,0.1932469033851959,True
V2R-PSG,p027,f_mel,0.22,0.0946,0.13839007665415154,True
V2R-PSG,p027,f_mel,0.24,0.1032,0.08988623458502126,True
V2R-PSG,p027,f_mel,0.26,0.1118,0.05876724060571653,True
V2R-PSG,p027,f_mel,0.27804750354602836,0.1195604265247922,0.053100094699834954,True
V2R-PSG,p027,f_mel,0.28,0.12040000000000001,0.053171398036486704,True
V2R-PSG,p027,f_mel,0.3,0.129,0.06178616473922971,True
V2R-PSG,p027,f_mel,0.32,0.1376,0.081529217340281,True
V2R-PSG,p027,f_mel,0.34,0.1462,0.10793241907452765,True
V2R-PSG,p027,f_mel,0.36,0.1548,0.13886347301988797,True
V2R-PSG,p027,f_mel,0.38,0.1634,0.1749900021008529,True
V2R-PSG,p027,f_mel,0.4,0.17200000000000001,0.2162212399467669,True
V2R-PSG,p027,f_mel,0.42,0.18059999999999998,0.2593668690030747,True
V2R-PSG,p027,f_mel,0.44,0.1892,0.3029456079446497,True
V2R-PSG,p027,f_mel,0.46,0.1978,0.3462648264766225,True
V2R-PSG,p027,f_mel,0.48,0.2064,0.38898226426166804,True
V2R-PSG,p027,f_mel,0.5,0.215,0.4309237673992287,True
V2R-PSG,p027,f_mel,0.52,0.2236,0.47200168593456693,True
V2R-PSG,p027,f_mel,0.54,0.23220000000000002,0.5121754697850711,True
V2R-PSG,p027,f_mel,0.56,0.24080000000000001,0.5514313342966431,True
V2R-PSG,p027,f_mel,0.58,0.24939999999999998,0.5897711642491332,True
V2R-PSG,p027,f_mel,0.6,0.258,0.6272061736544007,True
V2R-PSG,p027,f_mel,0.62,0.2666,0.6637531444648884,True
V2R-PSG,p027,f_mel,0.64,0.2752,0.6994321271056289,True
V2R-PSG,p027,f_mel,0.66,0.2838,0.7342650014405299,True
V2R-PSG,p027,f_mel,0.68,0.2924,0.7682745606438939,True
V2R-PSG,p027,f_mel,0.7000000000000001,0.30100000000000005,0.8014839215587363,True
V2R-PSG,p027,f_mel,0.72,0.3096,0.8339161435725486,True
V2R-PSG,p027,f_mel,0.74,0.3182,0.8655939831804792,True
V2R-PSG,p027,f_mel,0.76,0.3268,0.8965397381798765,True
V2R-PSG,p027,f_mel,0.78,0.33540000000000003,0.9267751517558438,True
V2R-PSG,p027,f_mel,0.8,0.34400000000000003,0.9563213569017527,True
V2R-PSG,p027,f_mel,0.8200000000000001,0.3526,0.9851988481134785,True
V2R-PSG,p027,f_mel,0.84,0.36119999999999997,1.013427471517877,True
V2R-PSG,p027,f_mel,0.86,0.36979999999999996,1.041026427387355,True
V2R-PSG,p027,f_mel,0.88,0.3784,1.0680142808660682,True
V2R-PSG,p027,f_mel,0.9,0.387,1.0944089780079667,True
V2R-PSG,p027,f_mel,0.92,0.3956,1.1202278651043058,True
V2R-PSG,p027,f_mel,0.9400000000000001,0.4042,1.1454877098884435,True
V2R-PSG,p027,f_mel,0.96,0.4128,1.1702047236338369,True
V2R-PSG,p027,f_mel,0.98,0.4214,1.1943945834634,True
V2R-PSG,p027,f_mel,1.0,0.43,1.2180724544042796,True
V2R-PSG,p027,f_blood,0.0,0.0,0.11200408438678754,True
V2R-PSG,p027,f_blood,0.02,0.002,0.1026898001924441,True
V2R-PSG,p027,f_blood,0.04,0.004,0.09598907666532171,True
V2R-PSG,p027,f_blood,0.06,0.006,0.09066531475051332,True
V2R-PSG,p027,f_blood,0.08,0.008,0.08623158697877775,True
V2R-PSG,p027,f_blood,0.1,0.010000000000000002,0.08243614657965392,True
V2R-PSG,p027,f_blood,0.12,0.012,0.07912882830958454,True
V2R-PSG,p027,f_blood,0.14,0.014000000000000002,0.07621158094018028,True
V2R-PSG,p027,f_blood,0.16,0.016,0.07361621112335211,True
V2R-PSG,p027,f_blood,0.18,0.018,0.07129301183386728,True
V2R-PSG,p027,f_blood,0.2,0.020000000000000004,0.06920440055023343,True
V2R-PSG,p027,f_blood,0.22,0.022000000000000002,0.06732110844500618,True
V2R-PSG,p027,f_blood,0.24,0.024,0.06561977236780347,True
V2R-PSG,p027,f_blood,0.26,0.026000000000000002,0.0640813465326904,True
V2R-PSG,p027,f_blood,0.28,0.028000000000000004,0.06269001744934918,True
V2R-PSG,p027,f_blood,0.3,0.03,0.06143244077362309,True
V2R-PSG,p027,f_blood,0.32,0.032,0.060297191375498695,True
V2R-PSG,p027,f_blood,0.34,0.034,0.05927435890380194,True
V2R-PSG,p027,f_blood,0.36,0.036,0.058355245230483715,True
V2R-PSG,p027,f_blood,0.38,0.038000000000000006,0.057532134848014525,True
V2R-PSG,p027,f_blood,0.4,0.04000000000000001,0.05679811852917614,True
V2R-PSG,p027,f_blood,0.42,0.042,0.056146956526430515,True
V2R-PSG,p027,f_blood,0.44,0.044000000000000004,0.055572971540601,True
V2R-PSG,p027,f_blood,0.46,0.046000000000000006,0.05507096436622467,True
V2R-PSG,p027,f_blood,0.48,0.048,0.05463614697354129,True
V2R-PSG,p027,f_blood,0.5,0.05,0.054264089094847735,True
V2R-PSG,p027,f_blood,0.52,0.052000000000000005,0.05395067532407664,True
V2R-PSG,p027,f_blood,0.54,0.054000000000000006,0.05369207042840849,True
V2R-PSG,p027,f_blood,0.56,0.05600000000000001,0.05348469108556975,True
V2R-PSG,p027,f_blood,0.58,0.057999999999999996,0.05332518265099552,True
V2R-PSG,p027,f_blood,0.6,0.06,0.05321039985967862,True
V2R-PSG,p027,f_blood,0.62,0.062,0.05313739060189594,True
V2R-PSG,p027,f_blood,0.64,0.064,0.05310338209655731,True
V2R-PSG,p027,f_blood,0.6485869608439422,0.06485869608439422,0.053100094699834954,True
V2R-PSG,p027,f_blood,0.66,0.066,0.053105768932300824,True
V2R-PSG,p027,f_blood,0.68,0.068,0.05314210256306461,True
V2R-PSG,p027,f_blood,0.7000000000000001,0.07,0.053210081937896836,True
V2R-PSG,p027,f_blood,0.72,0.072,0.05330754501889093,True
V2R-PSG,p027,f_blood,0.74,0.074,0.05343246099998513,True
V2R-PSG,p027,f_blood,0.76,0.07600000000000001,0.05358292308579571,True
V2R-PSG,p027,f_blood,0.78,0.07800000000000001,0.05375714172598672,True
V2R-PSG,p027,f_blood,0.8,0.08000000000000002,0.05395343822880782,True
V2R-PSG,p027,f_blood,0.8200000000000001,0.08200000000000002,0.054170238698920334,True
V2R-PSG,p027,f_blood,0.84,0.084,0.054406068260802395,True
V2R-PSG,p027,f_blood,0.86,0.08600000000000001,0.0546595455409467,True
V2R-PSG,p027,f_blood,0.88,0.08800000000000001,0.05492937739065419,True
V2R-PSG,p027,f_blood,0.9,0.09000000000000001,0.05521435383722831,True
V2R-PSG,p027,f_blood,0.92,0.09200000000000001,0.05551334325539257,True
V2R-PSG,p027,f_blood,0.9400000000000001,0.09400000000000001,0.05582528775328688,True
V2R-PSG,p027,f_blood,0.96,0.096,0.05614919876884698,True
V2R-PSG,p027,f_blood,0.98,0.098,0.056484152873036764,True
V2R-PSG,p027,f_blood,1.0,0.1,0.05682928777654611,True
V2R-PSG,p028,f_mel,0.0,0.0,0.891547980662947,True
V2R-PSG,p028,f_mel,0.02,0.0086,0.8047799776738025,True
V2R-PSG,p028,f_mel,0.04,0.0172,0.7217279029924183,True
V2R-PSG,p028,f_mel,0.06,0.0258,0.6421544777862184,True
V2R-PSG,p028,f_mel,0.08,0.0344,0.5658532804071142,True
V2R-PSG,p028,f_mel,0.1,0.043000000000000003,0.4926455673280393,True
V2R-PSG,p028,f_mel,0.12,0.0516,0.4223811757537589,True
V2R-PSG,p028,f_mel,0.14,0.060200000000000004,0.3549454819785118,True
V2R-PSG,p028,f_mel,0.16,0.0688,0.29027869500438697,True
V2R-PSG,p028,f_mel,0.18,0.0774,0.22842684673939126,True
V2R-PSG,p028,f_mel,0.2,0.08600000000000001,0.1696929126162372,True
V2R-PSG,p028,f_mel,0.22,0.0946,0.11519190481678321,True
V2R-PSG,p028,f_mel,0.24,0.1032,0.0695984148296877,True
V2R-PSG,p028,f_mel,0.258711215772873,0.11124582278233539,0.05239383148652014,True
V2R-PSG,p028,f_mel,0.26,0.1118,0.05242387615856499,True
V2R-PSG,p028,f_mel,0.28,0.12040000000000001,0.06023660497447299,True
V2R-PSG,p028,f_mel,0.3,0.129,0.07870971360628683,True
V2R-PSG,p028,f_mel,0.32,0.1376,0.10346295607487634,True
V2R-PSG,p028,f_mel,0.34,0.1462,0.13236233406379264,True
V2R-PSG,p028,f_mel,0.36,0.1548,0.16472083470003085,True
V2R-PSG,p028,f_mel,0.38,0.1634,0.20159568078397125,True
V2R-PSG,p028,f_mel,0.4,0.17200000000000001,0.24281658887148627,True
V2R-PSG,p028,f_mel,0.42,0.18059999999999998,0.2857715036024983,True
V2R-PSG,p028,f_mel,0.44,0.1892,0.3291662116436269,True
V2R-PSG,p028,f_mel,0.46,0.1978,0.3723519983377301,True
V2R-PSG,p028,f_mel,0.48,0.2064,0.4149900371747495,True
V2R-PSG,p028,f_mel,0.5,0.215,0.45689928331444535,True
V2R-PSG,p028,f_mel,0.52,0.2236,0.49798368667607074,True
V2R-PSG,p028,f_mel,0.54,0.23220000000000002,0.5381951991517401,True
V2R-PSG,p028,f_mel,0.56,0.24080000000000001,0.577513903965838,True
V2R-PSG,p028,f_mel,0.58,0.24939999999999998,0.6159368182759067,True
V2R-PSG,p028,f_mel,0.6,0.258,0.6534713227940999,True
V2R-PSG,p028,f_mel,0.62,0.2666,0.6901311747053027,True
V2R-PSG,p028,f_mel,0.64,0.2752,0.7259340209197521,True
V2R-PSG,p028,f_mel,0.66,0.2838,0.760899812862138,True
V2R-PSG,p028,f_mel,0.68,0.2924,0.7950497790819121,True
V2R-PSG,p028,f_mel,0.7000000000000001,0.30100000000000005,0.8284057517451634,True
V2R-PSG,p028,f_mel,0.72,0.3096,0.860989722447064,True
V2R-PSG,p028,f_mel,0.74,0.3182,0.8928235492906991,True
V2R-PSG,p028,f_mel,0.76,0.3268,0.9239287652085156,True
V2R-PSG,p028,f_mel,0.78,0.33540000000000003,0.9543264548277297,True
V2R-PSG,p028,f_mel,0.8,0.34400000000000003,0.9840371781337299,True
V2R-PSG,p028,f_mel,0.8200000000000001,0.3526,1.0130809262514102,True
V2R-PSG,p028,f_mel,0.84,0.36119999999999997,1.0414770993061855,True
V2R-PSG,p028,f_mel,0.86,0.36979999999999996,1.0692444994258814,True
V2R-PSG,p028,f_mel,0.88,0.3784,1.096401334044536,True
V2R-PSG,p028,f_mel,0.9,0.387,1.122965226110339,True
V2R-PSG,p028,f_mel,0.92,0.3956,1.1489532288004671,True
V2R-PSG,p028,f_mel,0.9400000000000001,0.4042,1.174381843047242,True
V2R-PSG,p028,f_mel,0.96,0.4128,1.1992670366766263,True
V2R-PSG,p028,f_mel,0.98,0.4214,1.2236242643156694,True
V2R-PSG,p028,f_mel,1.0,0.43,1.2474684874556436,True
V2R-PSG,p028,f_blood,0.0,0.0,0.12917009712107916,True
V2R-PSG,p028,f_blood,0.02,0.002,0.11911844093189776,True
V2R-PSG,p028,f_blood,0.04,0.004,0.11184904319354966,True
V2R-PSG,p028,f_blood,0.06,0.006,0.10602658885391263,True
V2R-PSG,p028,f_blood,0.08,0.008,0.10112962195125488,True
V2R-PSG,p028,f_blood,0.1,0.010000000000000002,0.09689014783994702,True
V2R-PSG,p028,f_blood,0.12,0.012,0.09314907919527486,True
V2R-PSG,p028,f_blood,0.14,0.014000000000000002,0.08980298263015243,True
V2R-PSG,p028,f_blood,0.16,0.016,0.08678022067352067,True
V2R-PSG,p028,f_blood,0.18,0.018,0.08402880649883493,True
V2R-PSG,p028,f_blood,0.2,0.020000000000000004,0.08150963111532757,True
V2R-PSG,p028,f_blood,0.22,0.022000000000000002,0.07919241768433195,True
V2R-PSG,p028,f_blood,0.24,0.024,0.07705317099396573,True
V2R-PSG,p028,f_blood,0.26,0.026000000000000002,0.07507249802265105,True
V2R-PSG,p028,f_blood,0.28,0.028000000000000004,0.07323446165690886,True
V2R-PSG,p028,f_blood,0.3,0.03,0.07152577435027667,True
V2R-PSG,p028,f_blood,0.32,0.032,0.0699352161435918,True
V2R-PSG,p028,f_blood,0.34,0.034,0.06845320521018174,True
V2R-PSG,p028,f_blood,0.36,0.036,0.06707147478754381,True
V2R-PSG,p028,f_blood,0.38,0.038000000000000006,0.06578282600600452,True
V2R-PSG,p028,f_blood,0.4,0.04000000000000001,0.0645809359566704,True
V2R-PSG,p028,f_blood,0.42,0.042,0.06346020668978919,True
V2R-PSG,p028,f_blood,0.44,0.044000000000000004,0.0624156450349582,True
V2R-PSG,p028,f_blood,0.46,0.046000000000000006,0.061442765974121114,True
V2R-PSG,p028,f_blood,0.48,0.048,0.06053751425529384,True
V2R-PSG,p028,f_blood,0.5,0.05,0.059696200307320146,True
V2R-PSG,p028,f_blood,0.52,0.052000000000000005,0.058915447493531725,True
V2R-PSG,p028,f_blood,0.54,0.054000000000000006,0.05819214844850037,True
V2R-PSG,p028,f_blood,0.56,0.05600000000000001,0.05752342875904439,True
V2R-PSG,p028,f_blood,0.58,0.057999999999999996,0.056906616633598535,True
V2R-PSG,p028,f_blood,0.6,0.06,0.056339217490872166,True
V2R-PSG,p028,f_blood,0.62,0.062,0.05581889261583227,True
V2R-PSG,p028,f_blood,0.64,0.064,0.055343441197056774,True
V2R-PSG,p028,f_blood,0.66,0.066,0.0549107851877264,True
V2R-PSG,p028,f_blood,0.68,0.068,0.054518956532556076,True
V2R-PSG,p028,f_blood,0.7000000000000001,0.07,0.05416608638183338,True
V2R-PSG,p028,f_blood,0.72,0.072,0.05385039597655644,True
V2R-PSG,p028,f_blood,0.74,0.074,0.05357018893929254,True
V2R-PSG,p028,f_blood,0.76,0.07600000000000001,0.05332384474661868,True
V2R-PSG,p028,f_blood,0.78,0.07800000000000001,0.05310981319300644,True
V2R-PSG,p028,f_blood,0.8,0.08000000000000002,0.052926609684339425,True
V2R-PSG,p028,f_blood,0.8200000000000001,0.08200000000000002,0.05277281122312106,True
V2R-PSG,p028,f_blood,0.84,0.084,0.05264705296771991,True
V2R-PSG,p028,f_blood,0.86,0.08600000000000001,0.05254802526540104,True
V2R-PSG,p028,f_blood,0.88,0.08800000000000001,0.05247447107391193,True
V2R-PSG,p028,f_blood,0.9,0.09000000000000001,0.052425183699414256,True
V2R-PSG,p028,f_blood,0.92,0.09200000000000001,0.05239900478988846,True
V2R-PSG,p028,f_blood,0.9338759959701404,0.09338759959701404,0.05239383148652014,True
V2R-PSG,p028,f_blood,0.9400000000000001,0.09400000000000001,0.05239482253300782,True
V2R-PSG,p028,f_blood,0.96,0.096,0.05241157001606978,True
V2R-PSG,p028,f_blood,0.98,0.098,0.052448223713041246,True
V2R-PSG,p028,f_blood,1.0,0.1,0.052503802070232114,True
V2R-PSG,p029,f_mel,0.0,0.0,0.8960598821457921,True
V2R-PSG,p029,f_mel,0.02,0.0086,0.8098654575831012,True
V2R-PSG,p029,f_mel,0.04,0.0172,0.7274202410519678,True
V2R-PSG,p029,f_mel,0.06,0.0258,0.6484743951929967,True
V2R-PSG,p029,f_mel,0.08,0.0344,0.5728119904023794,True
V2R-PSG,p029,f_mel,0.1,0.043000000000000003,0.5002473085072133,True
V2R-PSG,p029,f_mel,0.12,0.0516,0.43062532220870364,True
V2R-PSG,p029,f_mel,0.14,0.060200000000000004,0.36382813116258467,True
V2R-PSG,p029,f_mel,0.16,0.0688,0.2997930489981051,True
V2R-PSG,p029,f_mel,0.18,0.0774,0.23855935295708272,True
V2R-PSG,p029,f_mel,0.2,0.08600000000000001,0.18040068157153008,True
V2R-PSG,p029,f_mel,0.22,0.0946,0.12627582202659524,True
V2R-PSG,p029,f_mel,0.24,0.1032,0.07981009285916618,True
V2R-PSG,p029,f_mel,0.26,0.1118,0.05603277499299403,True
V2R-PSG,p029,f_mel,0.26816830148739607,0.1153123696395803,0.0550263321802586,True
V2R-PSG,p029,f_mel,0.28,0.12040000000000001,0.05719780412091113,True
V2R-PSG,p029,f_mel,0.3,0.129,0.06987542083603865,True
V2R-PSG,p029,f_mel,0.32,0.1376,0.09080988821742193,True
V2R-PSG,p029,f_mel,0.34,0.1462,0.11728804096641345,True
V2R-PSG,p029,f_mel,0.36,0.1548,0.14824295414881042,True
V2R-PSG,p029,f_mel,0.38,0.1634,0.1857762087261868,True
V2R-PSG,p029,f_mel,0.4,0.17200000000000001,0.22762226634598698,True
V2R-PSG,p029,f_mel,0.42,0.18059999999999998,0.2709843686495233,True
V2R-PSG,p029,f_mel,0.44,0.1892,0.3146036941138376,True
V2R-PSG,p029,f_mel,0.46,0.1978,0.3578803400751754,True
V2R-PSG,p029,f_mel,0.48,0.2064,0.40051385495537967,True
V2R-PSG,p029,f_mel,0.5,0.215,0.4423504376063409,True
V2R-PSG,p029,f_mel,0.52,0.2236,0.48331300938025784,True
V2R-PSG,p029,f_mel,0.54,0.23220000000000002,0.5233668047864399,True
V2R-PSG,p029,f_mel,0.56,0.24080000000000001,0.5625013353358558,True
V2R-PSG,p029,f_mel,0.58,0.24939999999999998,0.6007204210899361,True
V2R-PSG,p029,f_mel,0.6,0.258,0.6380364350176371,True
V2R-PSG,p029,f_mel,0.62,0.2666,0.6744668593826498,True
V2R-PSG,p029,f_mel,0.64,0.2752,0.710032166028927,True
V2R-PSG,p029,f_mel,0.66,0.2838,0.7447544826028254,True
V2R-PSG,p029,f_mel,0.68,0.2924,0.7786567398911354,True
V2R-PSG,p029,f_mel,0.7000000000000001,0.30100000000000005,0.8117621214075819,True
V2R-PSG,p029,f_mel,0.72,0.3096,0.8440937070257002,True
V2R-PSG,p029,f_mel,0.74,0.3182,0.8756742434388647,True
V2R-PSG,p029,f_mel,0.76,0.3268,0.9065259987068258,True
V2R-PSG,p029,f_mel,0.78,0.33540000000000003,0.93667067315749,True
V2R-PSG,p029,f_mel,0.8,0.34400000000000003,0.9661293483327987,True
V2R-PSG,p029,f_mel,0.8200000000000001,0.3526,0.994922461704308,True
V2R-PSG,p029,f_mel,0.84,0.36119999999999997,1.0230697988250044,True
V2R-PSG,p029,f_mel,0.86,0.36979999999999996,1.0505904971996374,True
V2R-PSG,p029,f_mel,0.88,0.3784,1.0775030579176959,True
V2R-PSG,p029,f_mel,0.9,0.387,1.103825362295446,True
V2R-PSG,p029,f_mel,0.92,0.3956,1.1295746916033158,True
V2R-PSG,p029,f_mel,0.9400000000000001,0.4042,1.1547677485335173,True
V2R-PSG,p029,f_mel,0.96,0.4128,1.1794206794692506,True
V2R-PSG,p029,f_mel,0.98,0.4214,1.2035490969058509,True
V2R-PSG,p029,f_mel,1.0,0.43,1.227168101578438,True
V2R-PSG,p029,f_blood,0.0,0.0,0.1139855902067138,True
V2R-PSG,p029,f_blood,0.02,0.002,0.10522706994240773,True
V2R-PSG,p029,f_blood,0.04,0.004,0.09893669584576337,True
V2R-PSG,p029,f_blood,0.06,0.006,0.09393946325177861,True
V2R-PSG,p029,f_blood,0.08,0.008,0.08977383592615786,True
V2R-PSG,p029,f_blood,0.1,0.010000000000000002,0.08620152391672128,True
V2R-PSG,p029,f_blood,0.12,0.012,0.08308051191593001,True
V2R-PSG,p029,f_blood,0.14,0.014000000000000002,0.08031812556126132,True
V2R-PSG,p029,f_blood,0.16,0.016,0.07784994441819082,True
V2R-PSG,p029,f_blood,0.18,0.018,0.07562904094060131,True
V2R-PSG,p029,f_blood,0.2,0.020000000000000004,0.07361996700184019,True
V2R-PSG,p029,f_blood,0.22,0.022000000000000002,0.07179515551594369,True
V2R-PSG,p029,f_blood,0.24,0.024,0.07013264875196364,True
V2R-PSG,p029,f_blood,0.26,0.026000000000000002,0.06861460100666202,True
V2R-PSG,p029,f_blood,0.28,0.028000000000000004,0.06722625604629297,True
V2R-PSG,p029,f_blood,0.3,0.03,0.06595522775836234,True
V2R-PSG,p029,f_blood,0.32,0.032,0.06479098123052314,True
V2R-PSG,p029,f_blood,0.34,0.034,0.06372445027617256,True
V2R-PSG,p029,f_blood,0.36,0.036,0.0627477502484438,True
V2R-PSG,p029,f_blood,0.38,0.038000000000000006,0.061853958896946316,True
V2R-PSG,p029,f_blood,0.4,0.04000000000000001,0.06103694677159404,True
V2R-PSG,p029,f_blood,0.42,0.042,0.06029124433395376,True
V2R-PSG,p029,f_blood,0.44,0.044000000000000004,0.05961193668284762,True
V2R-PSG,p029,f_blood,0.46,0.046000000000000006,0.058994579337012645,True
V2R-PSG,p029,f_blood,0.48,0.048,0.05843513026860314,True
V2R-PSG,p029,f_blood,0.5,0.05,0.057929894612148515,True
V2R-PSG,p029,f_blood,0.52,0.052000000000000005,0.05747547935316467,True
V2R-PSG,p029,f_blood,0.54,0.054000000000000006,0.057068755938839644,True
V2R-PSG,p029,f_blood,0.56,0.05600000000000001,0.05670682922292927,True
V2R-PSG,p029,f_blood,0.58,0.057999999999999996,0.05638701150729248,True
V2R-PSG,p029,f_blood,0.6,0.06,0.056106800706984455,True
V2R-PSG,p029,f_blood,0.62,0.062,0.05586386186784293,True
V2R-PSG,p029,f_blood,0.64,0.064,0.05565601142145957,True
V2R-PSG,p029,f_blood,0.66,0.066,0.055481203684020465,True
V2R-PSG,p029,f_blood,0.68,0.068,0.05533751920114457,True
V2R-PSG,p029,f_blood,0.7000000000000001,0.07,0.05522315461669058,True
V2R-PSG,p029,f_blood,0.72,0.072,0.055136413804059495,True
V2R-PSG,p029,f_blood,0.74,0.074,0.055075700047169,True
V2R-PSG,p029,f_blood,0.76,0.07600000000000001,0.05503950909754273,True
V2R-PSG,p029,f_blood,0.78,0.07800000000000001,0.05502642296579305,True
V2R-PSG,p029,f_blood,0.7818299642297387,0.07818299642297388,0.05502633218025893,True
V2R-PSG,p029,f_blood,0.8,0.08000000000000002,0.05503510433165051,True
V2R-PSG,p029,f_blood,0.8200000000000001,0.08200000000000002,0.055064291477775834,True
V2R-PSG,p029,f_blood,0.84,0.084,0.05511279366978966,True
V2R-PSG,p029,f_blood,0.86,0.08600000000000001,0.05517948691899352,True
V2R-PSG,p029,f_blood,0.88,0.08800000000000001,0.05526331007570724,True
V2R-PSG,p029,f_blood,0.9,0.09000000000000001,0.055363261210496895,True
V2R-PSG,p029,f_blood,0.92,0.09200000000000001,0.05547839424817025,True
V2R-PSG,p029,f_blood,0.9400000000000001,0.09400000000000001,0.05560781582560938,True
V2R-PSG,p029,f_blood,0.96,0.096,0.055750682349530276,True
V2R-PSG,p029,f_blood,0.98,0.098,0.05590619723432787,True
V2R-PSG,p029,f_blood,1.0,0.1,0.05607360830345286,True
V2R-PSG,p031,f_mel,0.0,0.0,0.723328848771642,True
V2R-PSG,p031,f_mel,0.02,0.0086,0.6366070752179434,True
V2R-PSG,p031,f_mel,0.04,0.0172,0.5536972123729917,True
V2R-PSG,p031,f_mel,0.06,0.0258,0.47435911824760535,True
V2R-PSG,p031,f_mel,0.08,0.0344,0.3983978477027317,True
V2R-PSG,p031,f_mel,0.1,0.043000000000000003,0.32567222908928245,True
V2R-PSG,p031,f_mel,0.12,0.0516,0.256127595590816,True
V2R-PSG,p031,f_mel,0.14,0.060200000000000004,0.18990124516577125,True
V2R-PSG,p031,f_mel,0.16,0.0688,0.12772569526828217,True
V2R-PSG,p031,f_mel,0.18,0.0774,0.07313595405546586,True
V2R-PSG,p031,f_mel,0.2,0.08600000000000001,0.04657679745749138,True
V2R-PSG,p031,f_mel,0.20424649284658702,0.08782599192403243,0.04608392363193058,True
V2R-PSG,p031,f_mel,0.22,0.0946,0.052597006982175315,True
V2R-PSG,p031,f_mel,0.24,0.1032,0.07439982507457467,True
V2R-PSG,p031,f_mel,0.26,0.1118,0.10359120175465453,True
V2R-PSG,p031,f_mel,0.28,0.12040000000000001,0.13681964728977877,True
V2R-PSG,p031,f_mel,0.3,0.129,0.1731970678134152,True
V2R-PSG,p031,f_mel,0.32,0.1376,0.2133377295865831,True
V2R-PSG,p031,f_mel,0.34,0.1462,0.25811148014099194,True
V2R-PSG,p031,f_mel,0.36,0.1548,0.3047975787040268,True
V2R-PSG,p031,f_mel,0.38,0.1634,0.35191139697539925,True
V2R-PSG,p031,f_mel,0.4,0.17200000000000001,0.3987253352270789,True
V2R-PSG,p031,f_mel,0.42,0.18059999999999998,0.44486831180530934,True
V2R-PSG,p031,f_mel,0.44,0.1892,0.49014771516439726,True
V2R-PSG,p031,f_mel,0.46,0.1978,0.5344655863951097,True
V2R-PSG,p031,f_mel,0.48,0.2064,0.5777766020678335,True
V2R-PSG,p031,f_mel,0.5,0.215,0.6200657735870821,True
V2R-PSG,p031,f_mel,0.52,0.2236,0.661336018314181,True
V2R-PSG,p031,f_mel,0.54,0.23220000000000002,0.701600944951518,True
V2R-PSG,p031,f_mel,0.56,0.24080000000000001,0.7408805243999093,True
V2R-PSG,p031,f_mel,0.58,0.24939999999999998,0.7791984227308955,True
V2R-PSG,p031,f_mel,0.6,0.258,0.816580324950665,True
V2R-PSG,p031,f_mel,0.62,0.2666,0.8530528668147844,True
V2R-PSG,p031,f_mel,0.64,0.2752,0.8886429490760299,True
V2R-PSG,p031,f_mel,0.66,0.2838,0.9233772972098779,True
V2R-PSG,p031,f_mel,0.68,0.2924,0.9572821813347718,True
V2R-PSG,p031,f_mel,0.7000000000000001,0.30100000000000005,0.9903832420252868,True
V2R-PSG,p031,f_mel,0.72,0.3096,1.0227053867689668,True
V2R-PSG,p031,f_mel,0.74,0.3182,1.054272733802359,True
V2R-PSG,p031,f_mel,0.76,0.3268,1.0851085877537152,True
V2R-PSG,p031,f_mel,0.78,0.33540000000000003,1.1152354365458832,True
V2R-PSG,p031,f_mel,0.8,0.34400000000000003,1.1446749623495238,True
V2R-PSG,p031,f_mel,0.8200000000000001,0.3526,1.1734480616232046,True
V2R-PSG,p031,f_mel,0.84,0.36119999999999997,1.2015748708080294,True
V2R-PSG,p031,f_mel,0.86,0.36979999999999996,1.2290747952992374,True
V2R-PSG,p031,f_mel,0.88,0.3784,1.2559665400504394,True
V2R-PSG,p031,f_mel,0.9,0.387,1.2822681406797596,True
V2R-PSG,p031,f_mel,0.92,0.3956,1.307996994308991,True
V2R-PSG,p031,f_mel,0.9400000000000001,0.4042,1.3331698896229291,True
V2R-PSG,p031,f_mel,0.96,0.4128,1.3578030358175948,True
V2R-PSG,p031,f_mel,0.98,0.4214,1.3819120902351754,True
V2R-PSG,p031,f_mel,1.0,0.43,1.4055121845742518,True
V2R-PSG,p031,f_blood,0.0,0.0,0.13796004979133844,True
V2R-PSG,p031,f_blood,0.02,0.002,0.126157564406285,True
V2R-PSG,p031,f_blood,0.04,0.004,0.11752830633022286,True
V2R-PSG,p031,f_blood,0.06,0.006,0.11056048132436416,True
V2R-PSG,p031,f_blood,0.08,0.008,0.10466014759583316,True
V2R-PSG,p031,f_blood,0.1,0.010000000000000002,0.09952100608073257,True
V2R-PSG,p031,f_blood,0.12,0.012,0.09496087292484597,True
V2R-PSG,p031,f_blood,0.14,0.014000000000000002,0.0908612008207813,True
V2R-PSG,p031,f_blood,0.16,0.016,0.08713990146009944,True
V2R-PSG,p031,f_blood,0.18,0.018,0.08373747534006669,True
V2R-PSG,p031,f_blood,0.2,0.020000000000000004,0.08060925998374444,True
V2R-PSG,p031,f_blood,0.22,0.022000000000000002,0.07772079012329319,True
V2R-PSG,p031,f_blood,0.24,0.024,0.07504486684314571,True
V2R-PSG,p031,f_blood,0.26,0.026000000000000002,0.07255962368089813,True
V2R-PSG,p031,f_blood,0.28,0.028000000000000004,0.07024720350711262,True
V2R-PSG,p031,f_blood,0.3,0.03,0.06809282506605209,True
V2R-PSG,p031,f_blood,0.32,0.032,0.06608410673871286,True
V2R-PSG,p031,f_blood,0.34,0.034,0.06421056513231682,True
V2R-PSG,p031,f_blood,0.36,0.036,0.06246323554600075,True
V2R-PSG,p031,f_blood,0.38,0.038000000000000006,0.06083437932538786,True
V2R-PSG,p031,f_blood,0.4,0.04000000000000001,0.059317254428126374,True
V2R-PSG,p031,f_blood,0.42,0.042,0.05790593284382419,True
V2R-PSG,p031,f_blood,0.44,0.044000000000000004,0.05659515336978629,True
V2R-PSG,p031,f_blood,0.46,0.046000000000000006,0.055380201538433683,True
V2R-PSG,p031,f_blood,0.48,0.048,0.05425681076914375,True
V2R-PSG,p031,f_blood,0.5,0.05,0.05322108041595751,True
V2R-PSG,p031,f_blood,0.52,0.052000000000000005,0.05226940751892327,True
V2R-PSG,p031,f_blood,0.54,0.054000000000000006,0.05139842988093169,True
V2R-PSG,p031,f_blood,0.56,0.05600000000000001,0.050604978676679374,True
V2R-PSG,p031,f_blood,0.58,0.057999999999999996,0.04988603921900492,True
V2R-PSG,p031,f_blood,0.6,0.06,0.04923871880433186,True
V2R-PSG,p031,f_blood,0.62,0.062,0.048660220765074494,True
V2R-PSG,p031,f_blood,0.64,0.064,0.048147823996355144,True
V2R-PSG,p031,f_blood,0.66,0.066,0.04769886731558775,True
V2R-PSG,p031,f_blood,0.68,0.068,0.047310738071000724,True
V2R-PSG,p031,f_blood,0.7000000000000001,0.07,0.04698086445077751,True
V2R-PSG,p031,f_blood,0.72,0.072,0.04670671096763203,True
V2R-PSG,p031,f_blood,0.74,0.074,0.04648577661169252,True
V2R-PSG,p031,f_blood,0.76,0.07600000000000001,0.046315595183020156,True
V2R-PSG,p031,f_blood,0.78,0.07800000000000001,0.04619373733759803,True
V2R-PSG,p031,f_blood,0.8,0.08000000000000002,0.04611781390924895,True
V2R-PSG,p031,f_blood,0.8200000000000001,0.08200000000000002,0.04608548010528079,True
V2R-PSG,p031,f_blood,0.8255194358898295,0.08255194358898295,0.04608392363193054,True
V2R-PSG,p031,f_blood,0.84,0.084,0.046094440215215665,True
V2R-PSG,p031,f_blood,0.86,0.08600000000000001,0.0461424525183602,True
V2R-PSG,p031,f_blood,0.88,0.08800000000000001,0.046227334125387785,True
V2R-PSG,p031,f_blood,0.9,0.09000000000000001,0.046346965539440406,True
V2R-PSG,p031,f_blood,0.92,0.09200000000000001,0.04649929477152867,True
V2R-PSG,p031,f_blood,0.9400000000000001,0.09400000000000001,0.046682340891417685,True
V2R-PSG,p031,f_blood,0.96,0.096,0.04689419693735636,True
V2R-PSG,p031,f_blood,0.98,0.098,0.04713303214493521,True
V2R-PSG,p031,f_blood,1.0,0.1,0.04739709348651631,True
V2R-PSG,p032,f_mel,0.0,0.0,0.8049841254117864,True
V2R-PSG,p032,f_mel,0.02,0.0086,0.7186150619954105,True
V2R-PSG,p032,f_mel,0.04,0.0172,0.6359896012158374,True
V2R-PSG,p032,f_mel,0.06,0.0258,0.5568640015825268,True
V2R-PSG,p032,f_mel,0.08,0.0344,0.4810295422237788,True
V2R-PSG,p032,f_mel,0.1,0.043000000000000003,0.4083113785113056,True
V2R-PSG,p032,f_mel,0.12,0.0516,0.3385747537451919,True
V2R-PSG,p032,f_mel,0.14,0.060200000000000004,0.2717462749848339,True
V2R-PSG,p032,f_mel,0.16,0.0688,0.20787676931982205,True
V2R-PSG,p032,f_mel,0.18,0.0774,0.1473533152583678,True
V2R-PSG,p032,f_mel,0.2,0.08600000000000001,0.09185226545196293,True
V2R-PSG,p032,f_mel,0.22,0.0946,0.05071048203080486,True
V2R-PSG,p032,f_mel,0.22735102377396305,0.09776094022280411,0.04617001030550892,True
V2R-PSG,p032,f_mel,0.24,0.1032,0.05114819545423736,True
V2R-PSG,p032,f_mel,0.26,0.1118,0.06875065101403237,True
V2R-PSG,p032,f_mel,0.28,0.12040000000000001,0.09308896291112058,True
V2R-PSG,p032,f_mel,0.3,0.129,0.1214667711029175,True
V2R-PSG,p032,f_mel,0.32,0.1376,0.15310676032171286,True
V2R-PSG,p032,f_mel,0.34,0.1462,0.1881999460116796,True
V2R-PSG,p032,f_mel,0.36,0.1548,0.22879343879798908,True
V2R-PSG,p032,f_mel,0.38,0.1634,0.27246439173100123,True
V2R-PSG,p032,f_mel,0.4,0.17200000000000001,0.317201908344437,True
V2R-PSG,p032,f_mel,0.42,0.18059999999999998,0.3620217006619472,True
V2R-PSG,p032,f_mel,0.44,0.1892,0.4064210926264405,True
V2R-PSG,p032,f_mel,0.46,0.1978,0.4501349252133275,True
V2R-PSG,p032,f_mel,0.48,0.2064,0.4930221910089121,True
V2R-PSG,p032,f_mel,0.5,0.215,0.5350102206600135,True
V2R-PSG,p032,f_mel,0.52,0.2236,0.5760655648489535,True
V2R-PSG,p032,f_mel,0.54,0.23220000000000002,0.6161780001017069,True
V2R-PSG,p032,f_mel,0.56,0.24080000000000001,0.65535134824223,True
V2R-PSG,p032,f_mel,0.58,0.24939999999999998,0.6935980094260775,True
V2R-PSG,p032,f_mel,0.6,0.258,0.730935606744119,True
V2R-PSG,p032,f_mel,0.62,0.2666,0.7673848762600164,True
V2R-PSG,p032,f_mel,0.64,0.2752,0.8029683151303654,True
V2R-PSG,p032,f_mel,0.66,0.2838,0.8377093037604298,True
V2R-PSG,p032,f_mel,0.68,0.2924,0.8716315312459704,True
V2R-PSG,p032,f_mel,0.7000000000000001,0.30100000000000005,0.9047586186257096,True
V2R-PSG,p032,f_mel,0.72,0.3096,0.9371138732137524,True
V2R-PSG,p032,f_mel,0.74,0.3182,0.9687201308998739,True
V2R-PSG,p032,f_mel,0.76,0.3268,0.9995996580490774,True
V2R-PSG,p032,f_mel,0.78,0.33540000000000003,1.0297740940342568,True
V2R-PSG,p032,f_mel,0.8,0.34400000000000003,1.0592644215467213,True
V2R-PSG,p032,f_mel,0.8200000000000001,0.3526,1.0880909558699519,True
V2R-PSG,p032,f_mel,0.84,0.36119999999999997,1.1162733470143997,True
V2R-PSG,p032,f_mel,0.86,0.36979999999999996,1.143830590457008,True
V2R-PSG,p032,f_mel,0.88,0.3784,1.1707810435004307,True
V2R-PSG,p032,f_mel,0.9,0.387,1.1971424451518355,True
V2R-PSG,p032,f_mel,0.92,0.3956,1.2229319380428123,True
V2R-PSG,p032,f_mel,0.9400000000000001,0.4042,1.2481660913520274,True
V2R-PSG,p032,f_mel,0.96,0.4128,1.272860924005913,True
V2R-PSG,p032,f_mel,0.98,0.4214,1.2970319276572957,True
V2R-PSG,p032,f_mel,1.0,0.43,1.3206940891034802,True
V2R-PSG,p032,f_blood,0.0,0.0,0.1352328575543325,True
V2R-PSG,p032,f_blood,0.02,0.002,0.12495508582243697,True
V2R-PSG,p032,f_blood,0.04,0.004,0.11744882438306511,True
V2R-PSG,p032,f_blood,0.06,0.006,0.11138907294760741,True
V2R-PSG,p032,f_blood,0.08,0.008,0.1062555815477119,True
V2R-PSG,p032,f_blood,0.1,0.010000000000000002,0.10178006540630145,True
V2R-PSG,p032,f_blood,0.12,0.012,0.09780288076500869,True
V2R-PSG,p032,f_blood,0.14,0.014000000000000002,0.09422004950682053,True
V2R-PSG,p032,f_blood,0.16,0.016,0.09095946614892657,True
V2R-PSG,p032,f_blood,0.18,0.018,0.08796876136370603,True
V2R-PSG,p032,f_blood,0.2,0.020000000000000004,0.08520852295339328,True
V2R-PSG,p032,f_blood,0.22,0.022000000000000002,0.08264824095118987,True
V2R-PSG,p032,f_blood,0.24,0.024,0.08026374840137726,True
V2R-PSG,p032,f_blood,0.26,0.026000000000000002,0.07803553460877403,True
V2R-PSG,p032,f_blood,0.28,0.028000000000000004,0.07594759294227788,True
V2R-PSG,p032,f_blood,0.3,0.03,0.07398660975903222,True
V2R-PSG,p032,f_blood,0.32,0.032,0.07214137861037777,True
V2R-PSG,p032,f_blood,0.34,0.034,0.07040236765834437,True
V2R-PSG,p032,f_blood,0.36,0.036,0.06876139396889192,True
V2R-PSG,p032,f_blood,0.38,0.038000000000000006,0.06721137403555096,True
V2R-PSG,p032,f_blood,0.4,0.04000000000000001,0.0657461297521458,True
V2R-PSG,p032,f_blood,0.42,0.042,0.06436023542953292,True
V2R-PSG,p032,f_blood,0.44,0.044000000000000004,0.06304889567408628,True
V2R-PSG,p032,f_blood,0.46,0.046000000000000006,0.06180784680372184,True
V2R-PSG,p032,f_blood,0.48,0.048,0.060633276449776737,True
V2R-PSG,p032,f_blood,0.5,0.05,0.059521757378638504,True
V2R-PSG,p032,f_blood,0.52,0.052000000000000005,0.05847019255598608,True
V2R-PSG,p032,f_blood,0.54,0.054000000000000006,0.05747576919273952,True
V2R-PSG,p032,f_blood,0.56,0.05600000000000001,0.056535920037429924,True
V2R-PSG,p032,f_blood,0.58,0.057999999999999996,0.05564829057011176,True
V2R-PSG,p032,f_blood,0.6,0.06,0.05481071104610801,True
V2R-PSG,p032,f_blood,0.62,0.062,0.054021172560201496,True
V2R-PSG,p032,f_blood,0.64,0.064,0.053277806471980355,True
V2R-PSG,p032,f_blood,0.66,0.066,0.052578866664197,True
V2R-PSG,p032,f_blood,0.68,0.068,0.05192271420780892,True
V2R-PSG,p032,f_blood,0.7000000000000001,0.07,0.05130780408686216,True
V2R-PSG,p032,f_blood,0.72,0.072,0.05073267369874735,True
V2R-PSG,p032,f_blood,0.74,0.074,0.0501959328944921,True
V2R-PSG,p032,f_blood,0.76,0.07600000000000001,0.04969625536258652,True
V2R-PSG,p032,f_blood,0.78,0.07800000000000001,0.0492323711906267,True
V2R-PSG,p032,f_blood,0.8,0.08000000000000002,0.04880306046353844,True
V2R-PSG,p032,f_blood,0.8200000000000001,0.08200000000000002,0.04840714777666631,True
V2R-PSG,p032,f_blood,0.84,0.084,0.048043497557661914,True
V2R-PSG,p032,f_blood,0.86,0.08600000000000001,0.04771101010371204,True
V2R-PSG,p032,f_blood,0.88,0.08800000000000001,0.047408618250911694,True
V2R-PSG,p032,f_blood,0.9,0.09000000000000001,0.04713528460103408,True
V2R-PSG,p032,f_blood,0.92,0.09200000000000001,0.046889999238020695,True
V2R-PSG,p032,f_blood,0.9400000000000001,0.09400000000000001,0.04667177787255515,True
V2R-PSG,p032,f_blood,0.96,0.096,0.04647966035835784,True
V2R-PSG,p032,f_blood,0.98,0.098,0.046312709528561945,True
V2R-PSG,p032,f_blood,1.0,0.1,0.04617001030485454,True
V2R-PSG,p033,f_mel,0.0,0.0,0.7787341840407136,True
V2R-PSG,p033,f_mel,0.02,0.0086,0.6917326316010233,True
V2R-PSG,p033,f_mel,0.04,0.0172,0.608473204220784,True
V2R-PSG,p033,f_mel,0.06,0.0258,0.5287211150551566,True
V2R-PSG,p033,f_mel,0.08,0.0344,0.4522762844051767,True
V2R-PSG,p033,f_mel,0.1,0.043000000000000003,0.3789740752277705,True
V2R-PSG,p033,f_mel,0.12,0.0516,0.30869590720358525,True
V2R-PSG,p033,f_mel,0.14,0.060200000000000004,0.24140324084654835,True
V2R-PSG,p033,f_mel,0.16,0.0688,0.17724597049912552,True
V2R-PSG,p033,f_mel,0.18,0.0774,0.11699247098843919,True
V2R-PSG,p033,f_mel,0.2,0.08600000000000001,0.06458474847332707,True
V2R-PSG,p033,f_mel,0.22,0.0946,0.04059482816549275,True
V2R-PSG,p033,f_mel,0.22836307691107546,0.09819612307176245,0.038729861557972055,True
V2R-PSG,p033,f_mel,0.24,0.1032,0.04240752716933581,True
V2R-PSG,p033,f_mel,0.26,0.1118,0.06176794229942082,True
V2R-PSG,p033,f_mel,0.28,0.12040000000000001,0.08955532638509481,True
V2R-PSG,p033,f_mel,0.3,0.129,0.12193516321604819,True
V2R-PSG,p033,f_mel,0.32,0.1376,0.15817779157363263,True
V2R-PSG,p033,f_mel,0.34,0.1462,0.20071896265693961,True
V2R-PSG,p033,f_mel,0.36,0.1548,0.24701776124982092,True
V2R-PSG,p033,f_mel,0.38,0.1634,0.29440948815642404,True
V2R-PSG,p033,f_mel,0.4,0.17200000000000001,0.3417408873820474,True
V2R-PSG,p033,f_mel,0.42,0.18059999999999998,0.38847870229083836,True
V2R-PSG,p033,f_mel,0.44,0.1892,0.4343654143623157,True
V2R-PSG,p033,f_mel,0.46,0.1978,0.4792766778133429,True
V2R-PSG,p033,f_mel,0.48,0.2064,0.523156946088273,True
V2R-PSG,p033,f_mel,0.5,0.215,0.5659880519642638,True
V2R-PSG,p033,f_mel,0.52,0.2236,0.6077728409139442,True
V2R-PSG,p033,f_mel,0.54,0.23220000000000002,0.6485261819382069,True
V2R-PSG,p033,f_mel,0.56,0.24080000000000001,0.6882698166187943,True
V2R-PSG,p033,f_mel,0.58,0.24939999999999998,0.7270293080983126,True
V2R-PSG,p033,f_mel,0.6,0.258,0.7648321885236516,True
V2R-PSG,p033,f_mel,0.62,0.2666,0.8017068150763428,True
V2R-PSG,p033,f_mel,0.64,0.2752,0.8376816574390602,True
V2R-PSG,p033,f_mel,0.66,0.2838,0.8727848543498781,True
V2R-PSG,p033,f_mel,0.68,0.2924,0.9070439412504393,True
V2R-PSG,p033,f_mel,0.7000000000000001,0.30100000000000005,0.9404856883275571,True
V2R-PSG,p033,f_mel,0.72,0.3096,0.9731360105058043,True
V2R-PSG,p033,f_mel,0.74,0.3182,1.0050199245801894,True
V2R-PSG,p033,f_mel,0.76,0.3268,1.0361615372206463,True
V2R-PSG,p033,f_mel,0.78,0.33540000000000003,1.0665840530423631,True
V2R-PSG,p033,f_mel,0.8,0.34400000000000003,1.0963097954914491,True
V2R-PSG,p033,f_mel,0.8200000000000001,0.3526,1.1253602356459427,True
V2R-PSG,p033,f_mel,0.84,0.36119999999999997,1.1537560256072181,True
V2R-PSG,p033,f_mel,0.86,0.36979999999999996,1.181517034224507,True
V2R-PSG,p033,f_mel,0.88,0.3784,1.208662383626,True
V2R-PSG,p033,f_mel,0.9,0.387,1.2352104855340684,True
V2R-PSG,p033,f_mel,0.92,0.3956,1.2611790766922535,True
V2R-PSG,p033,f_mel,0.9400000000000001,0.4042,1.2865852529721213,True
V2R-PSG,p033,f_mel,0.96,0.4128,1.3114455019096836,True
V2R-PSG,p033,f_mel,0.98,0.4214,1.3357757335118376,True
V2R-PSG,p033,f_mel,1.0,0.43,1.3595913093024186,True
V2R-PSG,p033,f_blood,0.0,0.0,0.11502339070409671,True
V2R-PSG,p033,f_blood,0.02,0.002,0.10393886952707963,True
V2R-PSG,p033,f_blood,0.04,0.004,0.09590388805223861,True
V2R-PSG,p033,f_blood,0.06,0.006,0.08946034345894381,True
V2R-PSG,p033,f_blood,0.08,0.008,0.08403836764684434,True
V2R-PSG,p033,f_blood,0.1,0.010000000000000002,0.07934533180508878,True
V2R-PSG,p033,f_blood,0.12,0.012,0.07520786883839564,True
V2R-PSG,p033,f_blood,0.14,0.014000000000000002,0.07151360616109395,True
V2R-PSG,p033,f_blood,0.16,0.016,0.06818504100693548,True
V2R-PSG,p033,f_blood,0.18,0.018,0.06516623189580123,True
V2R-PSG,p033,f_blood,0.2,0.020000000000000004,0.06241537057784885,True
V2R-PSG,p033,f_blood,0.22,0.022000000000000002,0.059900338957069796,True
V2R-PSG,p033,f_blood,0.24,0.024,0.05759590194497336,True
V2R-PSG,p033,f_blood,0.26,0.026000000000000002,0.05548185268628403,True
V2R-PSG,p033,f_blood,0.28,0.028000000000000004,0.053541740009645004,True
V2R-PSG,p033,f_blood,0.3,0.03,0.05176196658150663,True
V2R-PSG,p033,f_blood,0.32,0.032,0.05013113142109404,True
V2R-PSG,p033,f_blood,0.34,0.034,0.04863953850701126,True
V2R-PSG,p033,f_blood,0.36,0.036,0.047278821513301615,True
V2R-PSG,p033,f_blood,0.38,0.038000000000000006,0.046041651999903684,True
V2R-PSG,p033,f_blood,0.4,0.04000000000000001,0.0449215092700609,True
V2R-PSG,p033,f_blood,0.42,0.042,0.0439124971360107,True
V2R-PSG,p033,f_blood,0.44,0.044000000000000004,0.04300919745100048,True
V2R-PSG,p033,f_blood,0.46,0.046000000000000006,0.04220655332177027,True
V2R-PSG,p033,f_blood,0.48,0.048,0.04149977692991253,True
V2R-PSG,p033,f_blood,0.5,0.05,0.040884278192624544,True
V2R-PSG,p033,f_blood,0.52,0.052000000000000005,0.04035561130388199,True
V2R-PSG,p033,f_blood,0.54,0.054000000000000006,0.03990943667261319,True
V2R-PSG,p033,f_blood,0.56,0.05600000000000001,0.03954149603229088,True
V2R-PSG,p033,f_blood,0.58,0.057999999999999996,0.03924759862704833,True
V2R-PSG,p033,f_blood,0.6,0.06,0.039023616452533084,True
V2R-PSG,p033,f_blood,0.62,0.062,0.038865486596099987,True
V2R-PSG,p033,f_blood,0.64,0.064,0.038769218813829456,True
V2R-PSG,p033,f_blood,0.66,0.066,0.0387309066182352,True
V2R-PSG,p033,f_blood,0.6639477466778191,0.06639477466778192,0.03872986155797205,True
V2R-PSG,p033,f_blood,0.68,0.068,0.038746740333510915,True
V2R-PSG,p033,f_blood,0.7000000000000001,0.07,0.03881302079729321,True
V2R-PSG,p033,f_blood,0.72,0.072,0.03892617263505275,True
V2R-PSG,p033,f_blood,0.74,0.074,0.039082756288421096,True
V2R-PSG,p033,f_blood,0.76,0.07600000000000001,0.03927947822551889,True
V2R-PSG,p033,f_blood,0.78,0.07800000000000001,0.03951319898601531,True
V2R-PSG,p033,f_blood,0.8,0.08000000000000002,0.03978093890662922,True
V2R-PSG,p033,f_blood,0.8200000000000001,0.08200000000000002,0.04007988152893324,True
V2R-PSG,p033,f_blood,0.84,0.084,0.04040737480950995,True
V2R-PSG,p033,f_blood,0.86,0.08600000000000001,0.0407609303347747,True
V2R-PSG,p033,f_blood,0.88,0.08800000000000001,0.04113822079333889,True
V2R-PSG,p033,f_blood,0.9,0.09000000000000001,0.04153707598304032,True
V2R-PSG,p033,f_blood,0.92,0.09200000000000001,0.04195547763348523,True
V2R-PSG,p033,f_blood,0.9400000000000001,0.09400000000000001,0.042391553313659146,True
V2R-PSG,p033,f_blood,0.96,0.096,0.04284356967279072,True
V2R-PSG,p033,f_blood,0.98,0.098,0.04330992523527622,True
V2R-PSG,p033,f_blood,1.0,0.1,0.04378914294032491,True
V2R-PSG,p034,f_mel,0.0,0.0,0.5324123750630881,True
V2R-PSG,p034,f_mel,0.02,0.0086,0.445655050401494,True
V2R-PSG,p034,f_mel,0.04,0.0172,0.36303565595173265,True
V2R-PSG,p034,f_mel,0.06,0.0258,0.2845321593794423,True
V2R-PSG,p034,f_mel,0.08,0.0344,0.21047214257393057,True
V2R-PSG,p034,f_mel,0.1,0.043000000000000003,0.1422473837919827,True
V2R-PSG,p034,f_mel,0.12,0.0516,0.08586794078692053,True
V2R-PSG,p034,f_mel,0.14,0.060200000000000004,0.057424244760366124,True
V2R-PSG,p034,f_mel,0.15740692308207205,0.06768497692529098,0.04804242158684041,True
V2R-PSG,p034,f_mel,0.16,0.0688,0.04827816141332444,True
V2R-PSG,p034,f_mel,0.18,0.0774,0.06404240013753879,True
V2R-PSG,p034,f_mel,0.2,0.08600000000000001,0.09477299101167153,True
V2R-PSG,p034,f_mel,0.22,0.0946,0.13235077347838684,True
V2R-PSG,p034,f_mel,0.24,0.1032,0.1748031549530711,True
V2R-PSG,p034,f_mel,0.26,0.1118,0.22454981917576916,True
V2R-PSG,p034,f_mel,0.28,0.12040000000000001,0.27802486363983436,True
V2R-PSG,p034,f_mel,0.3,0.129,0.3322945124937206,True
V2R-PSG,p034,f_mel,0.32,0.1376,0.38615141296175987,True
V2R-PSG,p034,f_mel,0.34,0.1462,0.43906457894877354,True
V2R-PSG,p034,f_mel,0.36,0.1548,0.49079463598908435,True
V2R-PSG,p034,f_mel,0.38,0.1634,0.5412394346313397,True
V2R-PSG,p034,f_mel,0.4,0.17200000000000001,0.5903658169207587,True
V2R-PSG,p034,f_mel,0.42,0.18059999999999998,0.638176870472947,True
V2R-PSG,p034,f_mel,0.44,0.1892,0.6846951359350516,True
V2R-PSG,p034,f_mel,0.46,0.1978,0.7299535368836767,True
V2R-PSG,p034,f_mel,0.48,0.2064,0.7739902846713944,True
V2R-PSG,p034,f_mel,0.5,0.215,0.8168459356048571,True
V2R-PSG,p034,f_mel,0.52,0.2236,0.8585616629099196,True
V2R-PSG,p034,f_mel,0.54,0.23220000000000002,0.899178237786586,True
V2R-PSG,p034,f_mel,0.56,0.24080000000000001,0.9387354355037317,True
V2R-PSG,p034,f_mel,0.58,0.24939999999999998,0.9772717014476795,True
V2R-PSG,p034,f_mel,0.6,0.258,1.0148239783509783,True
V2R-PSG,p034,f_mel,0.62,0.2666,1.0514276341544324,True
V2R-PSG,p034,f_mel,0.64,0.2752,1.0871164526404085,True
V2R-PSG,p034,f_mel,0.66,0.2838,1.121922662780867,True
V2R-PSG,p034,f_mel,0.68,0.2924,1.1558769913312876,True
V2R-PSG,p034,f_mel,0.7000000000000001,0.30100000000000005,1.18900872864504,True
V2R-PSG,p034,f_mel,0.72,0.3096,1.2213458011886131,True
V2R-PSG,p034,f_mel,0.74,0.3182,1.252914846526346,True
V2R-PSG,p034,f_mel,0.76,0.3268,1.2837412880527315,True
V2R-PSG,p034,f_mel,0.78,0.33540000000000003,1.313849407754182,True
V2R-PSG,p034,f_mel,0.8,0.34400000000000003,1.3432624159530802,True
V2R-PSG,p034,f_mel,0.8200000000000001,0.3526,1.3720025174364086,True
V2R-PSG,p034,f_mel,0.84,0.36119999999999997,1.4000909736718274,True
V2R-PSG,p034,f_mel,0.86,0.36979999999999996,1.4275481610138243,True
V2R-PSG,p034,f_mel,0.88,0.3784,1.454393624933959,True
V2R-PSG,p034,f_mel,0.9,0.387,1.4806461303908187,True
V2R-PSG,p034,f_mel,0.92,0.3956,1.5063237085159185,True
V2R-PSG,p034,f_mel,0.9400000000000001,0.4042,1.5314436998046943,True
V2R-PSG,p034,f_mel,0.96,0.4128,1.5560227940374547,True
V2R-PSG,p034,f_mel,0.98,0.4214,1.5800770671439206,True
V2R-PSG,p034,f_mel,1.0,0.43,1.6036220152306524,True
V2R-PSG,p034,f_blood,0.0,0.0,0.12361982681521116,True
V2R-PSG,p034,f_blood,0.02,0.002,0.11067088746974775,True
V2R-PSG,p034,f_blood,0.04,0.004,0.10130567719750379,True
V2R-PSG,p034,f_blood,0.06,0.006,0.09383232016578334,True
V2R-PSG,p034,f_blood,0.08,0.008,0.08758866529584966,True
V2R-PSG,p034,f_blood,0.1,0.010000000000000002,0.08223467655439357,True
V2R-PSG,p034,f_blood,0.12,0.012,0.07756917014796877,True
V2R-PSG,p034,f_blood,0.14,0.014000000000000002,0.0734620790933681,True
V2R-PSG,p034,f_blood,0.16,0.016,0.06982399780916454,True
V2R-PSG,p034,f_blood,0.18,0.018,0.06659060532361599,True
V2R-PSG,p034,f_blood,0.2,0.020000000000000004,0.06371392041831514,True
V2R-PSG,p034,f_blood,0.22,0.022000000000000002,0.061157027367328164,True
V2R-PSG,p034,f_blood,0.24,0.024,0.05889070683590954,True
V2R-PSG,p034,f_blood,0.26,0.026000000000000002,0.05689118084344459,True
V2R-PSG,p034,f_blood,0.28,0.028000000000000004,0.05513854623103025,True
V2R-PSG,p034,f_blood,0.3,0.03,0.05361565637930734,True
V2R-PSG,p034,f_blood,0.32,0.032,0.05230731016106499,True
V2R-PSG,p034,f_blood,0.34,0.034,0.051199662317435765,True
V2R-PSG,p034,f_blood,0.36,0.036,0.05027980073162862,True
V2R-PSG,p034,f_blood,0.38,0.038000000000000006,0.04953545374967712,True
V2R-PSG,p034,f_blood,0.4,0.04000000000000001,0.04895480045956074,True
V2R-PSG,p034,f_blood,0.42,0.042,0.04852636209244864,True
V2R-PSG,p034,f_blood,0.44,0.044000000000000004,0.04823895561379337,True
V2R-PSG,p034,f_blood,0.46,0.046000000000000006,0.048081692512759684,True
V2R-PSG,p034,f_blood,0.4766111382831352,0.04766111382831353,0.04804242158684044,True
V2R-PSG,p034,f_blood,0.48,0.048,0.04804400760081971,True
V2R-PSG,p034,f_blood,0.5,0.05,0.04811570468626227,True
V2R-PSG,p034,f_blood,0.52,0.052000000000000005,0.0482870083734231,True
V2R-PSG,p034,f_blood,0.54,0.054000000000000006,0.048548613814782926,True
V2R-PSG,p034,f_blood,0.56,0.05600000000000001,0.04889172880355157,True
V2R-PSG,p034,f_blood,0.58,0.057999999999999996,0.04930810491901656,True
V2R-PSG,p034,f_blood,0.6,0.06,0.04979005637049098,True
V2R-PSG,p034,f_blood,0.62,0.062,0.05033046665195065,True
V2R-PSG,p034,f_blood,0.64,0.064,0.050922784116934176,True
V2R-PSG,p034,f_blood,0.66,0.066,0.05156100816486747,True
V2R-PSG,p034,f_blood,0.68,0.068,0.05223966797836093,True
V2R-PSG,p034,f_blood,0.7000000000000001,0.07,0.052953795757284844,True
V2R-PSG,p034,f_blood,0.72,0.072,0.053698896244092784,True
V2R-PSG,p034,f_blood,0.74,0.074,0.054470914095693525,True
V2R-PSG,p034,f_blood,0.76,0.07600000000000001,0.05526620038251303,True
V2R-PSG,p034,f_blood,0.78,0.07800000000000001,0.056081479220934205,True
V2R-PSG,p034,f_blood,0.8,0.08000000000000002,0.05691381529290439,True
V2R-PSG,p034,f_blood,0.8200000000000001,0.08200000000000002,0.05776058278746564,True
V2R-PSG,p034,f_blood,0.84,0.084,0.05861943611725034,True
V2R-PSG,p034,f_blood,0.86,0.08600000000000001,0.059488282617886294,True
V2R-PSG,p034,f_blood,0.88,0.08800000000000001,0.0603652573263839,True
V2R-PSG,p034,f_blood,0.9,0.09000000000000001,0.06124869985131511,True
V2R-PSG,p034,f_blood,0.92,0.09200000000000001,0.06213713328799394,True
V2R-PSG,p034,f_blood,0.9400000000000001,0.09400000000000001,0.06302924509120873,True
V2R-PSG,p034,f_blood,0.96,0.096,0.06392386979215196,True
V2R-PSG,p034,f_blood,0.98,0.098,0.06481997343144039,True
V2R-PSG,p034,f_blood,1.0,0.1,0.0657166395736266,True
V2R-PSG,p037,f_mel,0.0,0.0,0.7029375970416322,True
V2R-PSG,p037,f_mel,0.02,0.0086,0.6160947106371737,True
V2R-PSG,p037,f_mel,0.04,0.0172,0.5330976838070152,True
V2R-PSG,p037,f_mel,0.06,0.0258,0.4537228002964634,True
V2R-PSG,p037,f_mel,0.08,0.0344,0.3778023028251532,True
V2R-PSG,p037,f_mel,0.1,0.043000000000000003,0.30524589444591443,True
V2R-PSG,p037,f_mel,0.12,0.0516,0.2361085436342669,True
V2R-PSG,p037,f_mel,0.14,0.060200000000000004,0.17081166965143632,True
V2R-PSG,p037,f_mel,0.16,0.0688,0.11104736853009377,True
V2R-PSG,p037,f_mel,0.18,0.0774,0.06484899476591895,True
V2R-PSG,p037,f_mel,0.2,0.08600000000000001,0.04406817297857638,True
V2R-PSG,p037,f_mel,0.21256206248800155,0.09140168686984067,0.039281564298109715,True
V2R-PSG,p037,f_mel,0.22,0.0946,0.04110226022471688,True
V2R-PSG,p037,f_mel,0.24,0.1032,0.060334505023201264,True
V2R-PSG,p037,f_mel,0.26,0.1118,0.09050342220681463,True
V2R-PSG,p037,f_mel,0.28,0.12040000000000001,0.1261493061762815,True
V2R-PSG,p037,f_mel,0.3,0.129,0.16773686834848645,True
V2R-PSG,p037,f_mel,0.32,0.1376,0.21573638847884533,True
V2R-PSG,p037,f_mel,0.34,0.1462,0.265743301602109,True
V2R-PSG,p037,f_mel,0.36,0.1548,0.31590630646069645,True
V2R-PSG,p037,f_mel,0.38,0.1634,0.36546198111681105,True
V2R-PSG,p037,f_mel,0.4,0.17200000000000001,0.41407334259393946,True
V2R-PSG,p037,f_mel,0.42,0.18059999999999998,0.4615900681998233,True
V2R-PSG,p037,f_mel,0.44,0.1892,0.507951120790652,True
V2R-PSG,p037,f_mel,0.46,0.1978,0.5531409981322906,True
V2R-PSG,p037,f_mel,0.48,0.2064,0.5971683953588229,True
V2R-PSG,p037,f_mel,0.5,0.215,0.6400551016709026,True
V2R-PSG,p037,f_mel,0.52,0.2236,0.6818299243494564,True
V2R-PSG,p037,f_mel,0.54,0.23220000000000002,0.7225252352237272,True
V2R-PSG,p037,f_mel,0.56,0.24080000000000001,0.762174954236924,True
V2R-PSG,p037,f_mel,0.58,0.24939999999999998,0.8008133530883339,True
V2R-PSG,p037,f_mel,0.6,0.258,0.8384743424012506,True
V2R-PSG,p037,f_mel,0.62,0.2666,0.8751910515378348,True
V2R-PSG,p037,f_mel,0.64,0.2752,0.9109955890925008,True
V2R-PSG,p037,f_mel,0.66,0.2838,0.9459189164960075,True
V2R-PSG,p037,f_mel,0.68,0.2924,0.9799907929702671,True
V2R-PSG,p037,f_mel,0.7000000000000001,0.30100000000000005,1.0132397655071708,True
V2R-PSG,p037,f_mel,0.72,0.3096,1.0456931870061121,True
V2R-PSG,p037,f_mel,0.74,0.3182,1.0773772516318032,True
V2R-PSG,p037,f_mel,0.76,0.3268,1.1083170402368456,True
V2R-PSG,p037,f_mel,0.78,0.33540000000000003,1.138536571147015,True
V2R-PSG,p037,f_mel,0.8,0.34400000000000003,1.1680588532200968,True
V2R-PSG,p037,f_mel,0.8200000000000001,0.3526,1.1969059391612678,True
V2R-PSG,p037,f_mel,0.84,0.36119999999999997,1.2250989777968917,True
V2R-PSG,p037,f_mel,0.86,0.36979999999999996,1.2526582644936117,True
V2R-PSG,p037,f_mel,0.88,0.3784,1.2796032892379323,True
V2R-PSG,p037,f_mel,0.9,0.387,1.3059527821138206,True
V2R-PSG,p037,f_mel,0.92,0.3956,1.3317247560659944,True
V2R-PSG,p037,f_mel,0.9400000000000001,0.4042,1.3569365469358523,True
V2R-PSG,p037,f_mel,0.96,0.4128,1.3816048508263905,True
V2R-PSG,p037,f_mel,0.98,0.4214,1.4057457588891573,True
V2R-PSG,p037,f_mel,1.0,0.43,1.429374789657564,True
V2R-PSG,p037,f_blood,0.0,0.0,0.104212640601458,True
V2R-PSG,p037,f_blood,0.02,0.002,0.09284248216256537,True
V2R-PSG,p037,f_blood,0.04,0.004,0.08463776964132877,True
V2R-PSG,p037,f_blood,0.06,0.006,0.07810292847121242,True
V2R-PSG,p037,f_blood,0.08,0.008,0.07265318185636066,True
V2R-PSG,p037,f_blood,0.1,0.010000000000000002,0.06798858272280477,True
V2R-PSG,p037,f_blood,0.12,0.012,0.06393193583450126,True
V2R-PSG,p037,f_blood,0.14,0.014000000000000002,0.06036890225235988,True
V2R-PSG,p037,f_blood,0.16,0.016,0.05722106868582972,True
V2R-PSG,p037,f_blood,0.18,0.018,0.05443216792291096,True
V2R-PSG,p037,f_blood,0.2,0.020000000000000004,0.05196033426856127,True
V2R-PSG,p037,f_blood,0.22,0.022000000000000002,0.049773422353359464,True
V2R-PSG,p037,f_blood,0.24,0.024,0.047846006496596566,True
V2R-PSG,p037,f_blood,0.26,0.026000000000000002,0.04615736320796149,True
V2R-PSG,p037,f_blood,0.28,0.028000000000000004,0.04469006324470227,True
V2R-PSG,p037,f_blood,0.3,0.03,0.043428963888299255,True
V2R-PSG,p037,f_blood,0.32,0.032,0.04236047985910014,True
V2R-PSG,p037,f_blood,0.34,0.034,0.041472059588058385,True
V2R-PSG,p037,f_blood,0.36,0.036,0.04075182018299353,True
V2R-PSG,p037,f_blood,0.38,0.038000000000000006,0.04018830861206302,True
V2R-PSG,p037,f_blood,0.4,0.04000000000000001,0.03977036368411253,True
V2R-PSG,p037,f_blood,0.42,0.042,0.039487056677894795,True
V2R-PSG,p037,f_blood,0.44,0.044000000000000004,0.03932769016706363,True
V2R-PSG,p037,f_blood,0.4585530705712746,0.04585530705712746,0.03928156429810972,True
V2R-PSG,p037,f_blood,0.46,0.046000000000000006,0.039281836095672186,True
V2R-PSG,p037,f_blood,0.48,0.048,0.03933939619828694,True
V2R-PSG,p037,f_blood,0.5,0.05,0.039490670609092546,True
V2R-PSG,p037,f_blood,0.52,0.052000000000000005,0.03972642377515425,True
V2R-PSG,p037,f_blood,0.54,0.054000000000000006,0.04003794020972539,True
V2R-PSG,p037,f_blood,0.56,0.05600000000000001,0.04041706580803808,True
V2R-PSG,p037,f_blood,0.58,0.057999999999999996,0.04085623311290759,True
V2R-PSG,p037,f_blood,0.6,0.06,0.04134847091446066,True
V2R-PSG,p037,f_blood,0.62,0.062,0.041887399883961375,True
V2R-PSG,p037,f_blood,0.64,0.064,0.04246721665762429,True
V2R-PSG,p037,f_blood,0.66,0.066,0.04308266903360751,True
V2R-PSG,p037,f_blood,0.68,0.068,0.043729024866341074,True
V2R-PSG,p037,f_blood,0.7000000000000001,0.07,0.0444020369650555,True
V2R-PSG,p037,f_blood,0.72,0.072,0.04509790592923363,True
V2R-PSG,p037,f_blood,0.74,0.074,0.04581324245473705,True
V2R-PSG,p037,f_blood,0.76,0.07600000000000001,0.046545030266203505,True
V2R-PSG,p037,f_blood,0.78,0.07800000000000001,0.04729059049888702,True
V2R-PSG,p037,f_blood,0.8,0.08000000000000002,0.04804754807658284,True
V2R-PSG,p037,f_blood,0.8200000000000001,0.08200000000000002,0.04881380041234446,True
V2R-PSG,p037,f_blood,0.84,0.084,0.04958748859062685,True
V2R-PSG,p037,f_blood,0.86,0.08600000000000001,0.05036697106597958,True
V2R-PSG,p037,f_blood,0.88,0.08800000000000001,0.05115079982645004,True
V2R-PSG,p037,f_blood,0.9,0.09000000000000001,0.0519376989117637,True
V2R-PSG,p037,f_blood,0.92,0.09200000000000001,0.0527265451403299,True
V2R-PSG,p037,f_blood,0.9400000000000001,0.09400000000000001,0.05351635087950276,True
V2R-PSG,p037,f_blood,0.96,0.096,0.05430624868570344,True
V2R-PSG,p037,f_blood,0.98,0.098,0.055095477641396495,True
V2R-PSG,p037,f_blood,1.0,0.1,0.05588337122177073,True
V2R-PSG,p038,f_mel,0.0,0.0,0.9713814173137865,True
V2R-PSG,p038,f_mel,0.02,0.0086,0.8854400227565077,True
V2R-PSG,p038,f_mel,0.04,0.0172,0.8032052823969411,True
V2R-PSG,p038,f_mel,0.06,0.0258,0.7244295230704756,True
V2R-PSG,p038,f_mel,0.08,0.0344,0.6488968498466421,True
V2R-PSG,p038,f_mel,0.1,0.043000000000000003,0.5764184960719635,True
V2R-PSG,p038,f_mel,0.12,0.0516,0.5068311216322067,True
V2R-PSG,p038,f_mel,0.14,0.060200000000000004,0.43999834496188406,True
V2R-PSG,p038,f_mel,0.16,0.0688,0.3758171201556545,True
V2R-PSG,p038,f_mel,0.18,0.0774,0.314233486416873,True
V2R-PSG,p038,f_mel,0.2,0.08600000000000001,0.2552801011263688,True
V2R-PSG,p038,f_mel,0.22,0.0946,0.19917307763839143,True
V2R-PSG,p038,f_mel,0.24,0.1032,0.1466008317584295,True
V2R-PSG,p038,f_mel,0.26,0.1118,0.09977155806822664,True
V2R-PSG,p038,f_mel,0.28,0.12040000000000001,0.06668778322232519,True
V2R-PSG,p038,f_mel,0.29002029137681884,0.1247087252920321,0.06149214156379562,True
V2R-PSG,p038,f_mel,0.3,0.129,0.06275656752630389,True
V2R-PSG,p038,f_mel,0.32,0.1376,0.0720917488466857,True
V2R-PSG,p038,f_mel,0.34,0.1462,0.08882769216197778,True
V2R-PSG,p038,f_mel,0.36,0.1548,0.11101200375311442,True
V2R-PSG,p038,f_mel,0.38,0.1634,0.13756790962502669,True
V2R-PSG,p038,f_mel,0.4,0.17200000000000001,0.16892693930239122,True
V2R-PSG,p038,f_mel,0.42,0.18059999999999998,0.2062957268587071,True
V2R-PSG,p038,f_mel,0.44,0.1892,0.24648302074887696,True
V2R-PSG,p038,f_mel,0.46,0.1978,0.28766426397616224,True
V2R-PSG,p038,f_mel,0.48,0.2064,0.3289501866333981,True
V2R-PSG,p038,f_mel,0.5,0.215,0.3698861224513136,True
V2R-PSG,p038,f_mel,0.52,0.2236,0.4102306402058343,True
V2R-PSG,p038,f_mel,0.54,0.23220000000000002,0.44985356995317793,True
V2R-PSG,p038,f_mel,0.56,0.24080000000000001,0.48868605161900697,True
V2R-PSG,p038,f_mel,0.58,0.24939999999999998,0.5266945493217113,True
V2R-PSG,p038,f_mel,0.6,0.258,0.5638665928952242,True
V2R-PSG,p038,f_mel,0.62,0.2666,0.6002025891110749,True
V2R-PSG,p038,f_mel,0.64,0.2752,0.6357109347413472,True
V2R-PSG,p038,f_mel,0.66,0.2838,0.6704050054507296,True
V2R-PSG,p038,f_mel,0.68,0.2924,0.7043012511981439,True
V2R-PSG,p038,f_mel,0.7000000000000001,0.30100000000000005,0.7374179658960449,True
V2R-PSG,p038,f_mel,0.72,0.3096,0.7697744795932518,True
V2R-PSG,p038,f_mel,0.74,0.3182,0.8013906218828314,True
V2R-PSG,p038,f_mel,0.76,0.3268,0.8322863630302108,True
V2R-PSG,p038,f_mel,0.78,0.33540000000000003,0.8624815735971418,True
V2R-PSG,p038,f_mel,0.8,0.34400000000000003,0.8919958642262962,True
V2R-PSG,p038,f_mel,0.8200000000000001,0.3526,0.9208484802929857,True
V2R-PSG,p038,f_mel,0.84,0.36119999999999997,0.9490582344516958,True
V2R-PSG,p038,f_mel,0.86,0.36979999999999996,0.9766434655194575,True
V2R-PSG,p038,f_mel,0.88,0.3784,1.0036220157236175,True
V2R-PSG,p038,f_mel,0.9,0.387,1.0300112207539789,True
V2R-PSG,p038,f_mel,0.92,0.3956,1.0558279087057045,True
V2R-PSG,p038,f_mel,0.9400000000000001,0.4042,1.081088405137554,True
V2R-PSG,p038,f_mel,0.96,0.4128,1.1058085422658777,True
V2R-PSG,p038,f_mel,0.98,0.4214,1.1300036708770183,True
V2R-PSG,p038,f_mel,1.0,0.43,1.1536886739415415,True
V2R-PSG,p038,f_blood,0.0,0.0,0.12015505553481579,True
V2R-PSG,p038,f_blood,0.02,0.002,0.11221968630563192,True
V2R-PSG,p038,f_blood,0.04,0.004,0.1065023087552679,True
V2R-PSG,p038,f_blood,0.06,0.006,0.1019491354083984,True
V2R-PSG,p038,f_blood,0.08,0.008,0.09814398481128751,True
V2R-PSG,p038,f_blood,0.1,0.010000000000000002,0.09487126176861473,True
V2R-PSG,p038,f_blood,0.12,0.012,0.0920021791208749,True
V2R-PSG,p038,f_blood,0.14,0.014000000000000002,0.08945255880605375,True
V2R-PSG,p038,f_blood,0.16,0.016,0.08716382469383124,True
V2R-PSG,p038,f_blood,0.18,0.018,0.08509328395625718,True
V2R-PSG,p038,f_blood,0.2,0.020000000000000004,0.08320868753819603,True
V2R-PSG,p038,f_blood,0.22,0.022000000000000002,0.08148497092998659,True
V2R-PSG,p038,f_blood,0.24,0.024,0.0799021942325269,True
V2R-PSG,p038,f_blood,0.26,0.026000000000000002,0.07844418295731023,True
V2R-PSG,p038,f_blood,0.28,0.028000000000000004,0.07709759880449438,True
V2R-PSG,p038,f_blood,0.3,0.03,0.07585128520464865,True
V2R-PSG,p038,f_blood,0.32,0.032,0.0746957945495363,True
V2R-PSG,p038,f_blood,0.34,0.034,0.07362303913239318,True
V2R-PSG,p038,f_blood,0.36,0.036,0.07262602847991141,True
V2R-PSG,p038,f_blood,0.38,0.038000000000000006,0.07169866836528879,True
V2R-PSG,p038,f_blood,0.4,0.04000000000000001,0.07083560472736715,True
V2R-PSG,p038,f_blood,0.42,0.042,0.07003210085458907,True
V2R-PSG,p038,f_blood,0.44,0.044000000000000004,0.06928393959505987,True
V2R-PSG,p038,f_blood,0.46,0.046000000000000006,0.06858734465853741,True
V2R-PSG,p038,f_blood,0.48,0.048,0.0679389166676776,True
V2R-PSG,p038,f_blood,0.5,0.05,0.067335580734445,True
V2R-PSG,p038,f_blood,0.52,0.052000000000000005,0.06677454313645512,True
V2R-PSG,p038,f_blood,0.54,0.054000000000000006,0.066253255246916,True
V2R-PSG,p038,f_blood,0.56,0.05600000000000001,0.06576938329699171,True
V2R-PSG,p038,f_blood,0.58,0.057999999999999996,0.06532078286552429,True
V2R-PSG,p038,f_blood,0.6,0.06,0.06490547722877542,True
V2R-PSG,p038,f_blood,0.62,0.062,0.06452163888351978,True
V2R-PSG,p038,f_blood,0.64,0.064,0.06416757369548626,True
V2R-PSG,p038,f_blood,0.66,0.066,0.06384170723254053,True
V2R-PSG,p038,f_blood,0.68,0.068,0.06354257292589682,True
V2R-PSG,p038,f_blood,0.7000000000000001,0.07,0.06326880176870825,True
V2R-PSG,p038,f_blood,0.72,0.072,0.06301911331378902,True
V2R-PSG,p038,f_blood,0.74,0.074,0.06279230777409327,True
V2R-PSG,p038,f_blood,0.76,0.07600000000000001,0.06258725906323821,True
V2R-PSG,p038,f_blood,0.78,0.07800000000000001,0.06240290864060341,True
V2R-PSG,p038,f_blood,0.8,0.08000000000000002,0.06223826004770724,True
V2R-PSG,p038,f_blood,0.8200000000000001,0.08200000000000002,0.062092374040699255,True
V2R-PSG,p038,f_blood,0.84,0.084,0.06196436423872873,True
V2R-PSG,p038,f_blood,0.86,0.08600000000000001,0.061853393220272675,True
V2R-PSG,p038,f_blood,0.88,0.08800000000000001,0.06175866900974248,True
V2R-PSG,p038,f_blood,0.9,0.09000000000000001,0.061679441905213045,True
V2R-PSG,p038,f_blood,0.92,0.09200000000000001,0.06161500160525685,True
V2R-PSG,p038,f_blood,0.9400000000000001,0.09400000000000001,0.06156467459885434,True
V2R-PSG,p038,f_blood,0.96,0.096,0.06152782178740448,True
V2R-PSG,p038,f_blood,0.98,0.098,0.06150383631212748,True
V2R-PSG,p038,f_blood,1.0,0.1,0.06149214156376697,True
V2R-PSG,p040,f_mel,0.0,0.0,0.6616099442447854,True
V2R-PSG,p040,f_mel,0.02,0.0086,0.5748733217619084,True
V2R-PSG,p040,f_mel,0.04,0.0172,0.4920341005337843,True
V2R-PSG,p040,f_mel,0.06,0.0258,0.412873528445429,True
V2R-PSG,p040,f_mel,0.08,0.0344,0.337244438135661,True
V2R-PSG,p040,f_mel,0.1,0.043000000000000003,0.26511392039948967,True
V2R-PSG,p040,f_mel,0.12,0.0516,0.19670226248950762,True
V2R-PSG,p040,f_mel,0.14,0.060200000000000004,0.13300752706468078,True
V2R-PSG,p040,f_mel,0.16,0.0688,0.07851609471957788,True
V2R-PSG,p040,f_mel,0.18,0.0774,0.0535560475694721,True
V2R-PSG,p040,f_mel,0.1866580981359782,0.08026298219847063,0.052358501255874317,True
V2R-PSG,p040,f_mel,0.2,0.08600000000000001,0.05711290890243792,True
V2R-PSG,p040,f_mel,0.22,0.0946,0.07801288032982782,True
V2R-PSG,p040,f_mel,0.24,0.1032,0.10772707351858397,True
V2R-PSG,p040,f_mel,0.26,0.1118,0.14212523854809664,True
V2R-PSG,p040,f_mel,0.28,0.12040000000000001,0.17996257268710403,True
V2R-PSG,p040,f_mel,0.3,0.129,0.22181671388402482,True
V2R-PSG,p040,f_mel,0.32,0.1376,0.2682992318295608,True
V2R-PSG,p040,f_mel,0.34,0.1462,0.3165926364727161,True
V2R-PSG,p040,f_mel,0.36,0.1548,0.36522066384732327,True
V2R-PSG,p040,f_mel,0.38,0.1634,0.41346393389488856,True
V2R-PSG,p040,f_mel,0.4,0.17200000000000001,0.4609584982130362,True
V2R-PSG,p040,f_mel,0.42,0.18059999999999998,0.5075180088128447,True
V2R-PSG,p040,f_mel,0.44,0.1892,0.5530500987881757,True
V2R-PSG,p040,f_mel,0.46,0.1978,0.5975144838415283,True
V2R-PSG,p040,f_mel,0.48,0.2064,0.6409007361519207,True
V2R-PSG,p040,f_mel,0.5,0.215,0.6832159090582064,True
V2R-PSG,p040,f_mel,0.52,0.2236,0.7244773657246831,True
V2R-PSG,p040,f_mel,0.54,0.23220000000000002,0.7647084875273175,True
V2R-PSG,p040,f_mel,0.56,0.24080000000000001,0.8039360406011875,True
V2R-PSG,p040,f_mel,0.58,0.24939999999999998,0.8421885299887629,True
V2R-PSG,p040,f_mel,0.6,0.258,0.8794951590202791,True
V2R-PSG,p040,f_mel,0.62,0.2666,0.9158851685306355,True
V2R-PSG,p040,f_mel,0.64,0.2752,0.9513874191480827,True
V2R-PSG,p040,f_mel,0.66,0.2838,0.9860301315540887,True
V2R-PSG,p040,f_mel,0.68,0.2924,1.0198407305943327,True
V2R-PSG,p040,f_mel,0.7000000000000001,0.30100000000000005,1.0528457581710546,True
V2R-PSG,p040,f_mel,0.72,0.3096,1.0850708318258617,True
V2R-PSG,p040,f_mel,0.74,0.3182,1.116540633605115,True
V2R-PSG,p040,f_mel,0.76,0.3268,1.1472789188150083,True
V2R-PSG,p040,f_mel,0.78,0.33540000000000003,1.1773085375979853,True
V2R-PSG,p040,f_mel,0.8,0.34400000000000003,1.2066514644960382,True
V2R-PSG,p040,f_mel,0.8200000000000001,0.3526,1.23532883268532,True
V2R-PSG,p040,f_mel,0.84,0.36119999999999997,1.2633609706095368,True
V2R-PSG,p040,f_mel,0.86,0.36979999999999996,1.290767439461924,True
V2R-PSG,p040,f_mel,0.88,0.3784,1.3175670704691387,True
V2R-PSG,p040,f_mel,0.9,0.387,1.3437780012869136,True
V2R-PSG,p040,f_mel,0.92,0.3956,1.3694177110345707,True
V2R-PSG,p040,f_mel,0.9400000000000001,0.4042,1.3945030537766883,True
V2R-PSG,p040,f_mel,0.96,0.4128,1.4190502901684956,True
V2R-PSG,p040,f_mel,0.98,0.4214,1.4430751173345362,True
V2R-PSG,p040,f_mel,1.0,0.43,1.4665926968949639,True
V2R-PSG,p040,f_blood,0.0,0.0,0.14171531390863967,True
V2R-PSG,p040,f_blood,0.02,0.002,0.12947129196030668,True
V2R-PSG,p040,f_blood,0.04,0.004,0.12053645195069339,True
V2R-PSG,p040,f_blood,0.06,0.006,0.11333922414222784,True
V2R-PSG,p040,f_blood,0.08,0.008,0.10726163606404059,True
V2R-PSG,p040,f_blood,0.1,0.010000000000000002,0.10198481626592132,True
V2R-PSG,p040,f_blood,0.12,0.012,0.09731903691700533,True
V2R-PSG,p040,f_blood,0.14,0.014000000000000002,0.0931408166603481,True
V2R-PSG,p040,f_blood,0.16,0.016,0.08936463952545447,True
V2R-PSG,p040,f_blood,0.18,0.018,0.08592851298411754,True
V2R-PSG,p040,f_blood,0.2,0.020000000000000004,0.08278589143107773,True
V2R-PSG,p040,f_blood,0.22,0.022000000000000002,0.07990083838171638,True
V2R-PSG,p040,f_blood,0.24,0.024,0.07724496780185196,True
V2R-PSG,p040,f_blood,0.26,0.026000000000000002,0.07479542367134194,True
V2R-PSG,p040,f_blood,0.28,0.028000000000000004,0.07253349587360124,True
V2R-PSG,p040,f_blood,0.3,0.03,0.0704436422926216,True
V2R-PSG,p040,f_blood,0.32,0.032,0.06851277932598406,True
V2R-PSG,p040,f_blood,0.34,0.034,0.06672975514184673,True
V2R-PSG,p040,f_blood,0.36,0.036,0.06508495068411488,True
V2R-PSG,p040,f_blood,0.38,0.038000000000000006,0.06356997214470192,True
V2R-PSG,p040,f_blood,0.4,0.04000000000000001,0.062177410398649345,True
V2R-PSG,p040,f_blood,0.42,0.042,0.060900650509816766,True
V2R-PSG,p040,f_blood,0.44,0.044000000000000004,0.05973371944825417,True
V2R-PSG,p040,f_blood,0.46,0.046000000000000006,0.058671163552213336,True
V2R-PSG,p040,f_blood,0.48,0.048,0.057707949587746506,True
V2R-PSG,p040,f_blood,0.5,0.05,0.056839384862982956,True
V2R-PSG,p040,f_blood,0.52,0.052000000000000005,0.05606105297099154,True
V2R-PSG,p040,f_blood,0.54,0.054000000000000006,0.05536876251531927,True
V2R-PSG,p040,f_blood,0.56,0.05600000000000001,0.05475850671804686,True
V2R-PSG,p040,f_blood,0.58,0.057999999999999996,0.054226432192669614,True
V2R-PSG,p040,f_blood,0.6,0.06,0.053768815434054276,True
V2R-PSG,p040,f_blood,0.62,0.062,0.053382045771925596,True
V2R-PSG,p040,f_blood,0.64,0.064,0.053062613679565496,True
V2R-PSG,p040,f_blood,0.66,0.066,0.05280710344496102,True
V2R-PSG,p040,f_blood,0.68,0.068,0.05261218931093547,True
V2R-PSG,p040,f_blood,0.7000000000000001,0.07,0.052474634282617165,True
V2R-PSG,p040,f_blood,0.72,0.072,0.052391290890075264,True
V2R-PSG,p040,f_blood,0.74,0.074,0.05235910328333304,True
V2R-PSG,p040,f_blood,0.7431714170417648,0.07431714170417648,0.052358501255875066,True
V2R-PSG,p040,f_blood,0.76,0.07600000000000001,0.05237511012652349,True
V2R-PSG,p040,f_blood,0.78,0.07800000000000001,0.05243644784657224,True
V2R-PSG,p040,f_blood,0.8,0.08000000000000002,0.052540353877655266,True
V2R-PSG,p040,f_blood,0.8200000000000001,0.08200000000000002,0.05268416962375837,True
V2R-PSG,p040,f_blood,0.84,0.084,0.05286534293605553,True
V2R-PSG,p040,f_blood,0.86,0.08600000000000001,0.053081429968048016,True
V2R-PSG,p040,f_blood,0.88,0.08800000000000001,0.05333009632848277,True
V2R-PSG,p040,f_blood,0.9,0.09000000000000001,0.05360911749959228,True
V2R-PSG,p040,f_blood,0.92,0.09200000000000001,0.05391637852625437,True
V2R-PSG,p040,f_blood,0.9400000000000001,0.09400000000000001,0.05424987301077708,True
V2R-PSG,p040,f_blood,0.96,0.096,0.05460770146900701,True
V2R-PSG,p040,f_blood,0.98,0.098,0.054988069117349776,True
V2R-PSG,p040,f_blood,1.0,0.1,0.05538928316821931,True
V2R-PSG,p041,f_mel,0.0,0.0,0.8076476070801696,True
V2R-PSG,p041,f_mel,0.02,0.0086,0.7208253298586308,True
V2R-PSG,p041,f_mel,0.04,0.0172,0.6378340500576476,True
V2R-PSG,p041,f_mel,0.06,0.0258,0.5584471768847155,True
V2R-PSG,p041,f_mel,0.08,0.0344,0.482484877569582,True
V2R-PSG,p041,f_mel,0.1,0.043000000000000003,0.4098209130627002,True
V2R-PSG,p041,f_mel,0.12,0.0516,0.34040553334388135,True
V2R-PSG,p041,f_mel,0.14,0.060200000000000004,0.27432446851016,True
V2R-PSG,p041,f_mel,0.16,0.0688,0.2119565406962368,True
V2R-PSG,p041,f_mel,0.18,0.0774,0.15445355271042824,True
V2R-PSG,p041,f_mel,0.2,0.08600000000000001,0.10545758412522356,True
V2R-PSG,p041,f_mel,0.22,0.0946,0.0759199336153191,True
V2R-PSG,p041,f_mel,0.24,0.1032,0.06188564496685738,True
V2R-PSG,p041,f_mel,0.24943198520407348,0.1072557536377516,0.059996909684903024,True
V2R-PSG,p041,f_mel,0.26,0.1118,0.06245772100363853,True
V2R-PSG,p041,f_mel,0.28,0.12040000000000001,0.07901963723496465,True
V2R-PSG,p041,f_mel,0.3,0.129,0.10600195258573675,True
V2R-PSG,p041,f_mel,0.32,0.1376,0.13926930106260127,True
V2R-PSG,p041,f_mel,0.34,0.1462,0.17946766096134378,True
V2R-PSG,p041,f_mel,0.36,0.1548,0.22484494074941383,True
V2R-PSG,p041,f_mel,0.38,0.1634,0.2718513215951104,True
V2R-PSG,p041,f_mel,0.4,0.17200000000000001,0.3190145459252658,True
V2R-PSG,p041,f_mel,0.42,0.18059999999999998,0.36567955782472306,True
V2R-PSG,p041,f_mel,0.44,0.1892,0.4115376190748758,True
V2R-PSG,p041,f_mel,0.46,0.1978,0.45644088286553103,True
V2R-PSG,p041,f_mel,0.48,0.2064,0.5003222070935311,True
V2R-PSG,p041,f_mel,0.5,0.215,0.5431573545634051,True
V2R-PSG,p041,f_mel,0.52,0.2236,0.5849458408380707,True
V2R-PSG,p041,f_mel,0.54,0.23220000000000002,0.6257006441412779,True
V2R-PSG,p041,f_mel,0.56,0.24080000000000001,0.6654424108605884,True
V2R-PSG,p041,f_mel,0.58,0.24939999999999998,0.7041960698798021,True
V2R-PSG,p041,f_mel,0.6,0.258,0.7419887980905913,True
V2R-PSG,p041,f_mel,0.62,0.2666,0.7788487733816608,True
V2R-PSG,p041,f_mel,0.64,0.2752,0.8148044014208672,True
V2R-PSG,p041,f_mel,0.66,0.2838,0.8498838350727074,True
V2R-PSG,p041,f_mel,0.68,0.2924,0.8841146784290529,True
V2R-PSG,p041,f_mel,0.7000000000000001,0.30100000000000005,0.9175238092403353,True
V2R-PSG,p041,f_mel,0.72,0.3096,0.9501372781883147,True
V2R-PSG,p041,f_mel,0.74,0.3182,0.981980258382286,True
V2R-PSG,p041,f_mel,0.76,0.3268,1.0130770277359917,True
V2R-PSG,p041,f_mel,0.78,0.33540000000000003,1.043450972764863,True
V2R-PSG,p041,f_mel,0.8,0.34400000000000003,1.0731246061443405,True
V2R-PSG,p041,f_mel,0.8200000000000001,0.3526,1.1021195928671825,True
V2R-PSG,p041,f_mel,0.84,0.36119999999999997,1.1304567815019093,True
V2R-PSG,p041,f_mel,0.86,0.36979999999999996,1.1581562381775354,True
V2R-PSG,p041,f_mel,0.88,0.3784,1.1852372816855354,True
V2R-PSG,p041,f_mel,0.9,0.387,1.2117185186167552,True
V2R-PSG,p041,f_mel,0.92,0.3956,1.2376178778157845,True
V2R-PSG,p041,f_mel,0.9400000000000001,0.4042,1.262952643689158,True
V2R-PSG,p041,f_mel,0.96,0.4128,1.2877394880808932,True
V2R-PSG,p041,f_mel,0.98,0.4214,1.311994500552468,True
V2R-PSG,p041,f_mel,1.0,0.43,1.3357332169906904,True
V2R-PSG,p041,f_blood,0.0,0.0,0.10902746636967353,True
V2R-PSG,p041,f_blood,0.02,0.002,0.09904929472068935,True
V2R-PSG,p041,f_blood,0.04,0.004,0.09199794470100502,True
V2R-PSG,p041,f_blood,0.06,0.006,0.08650971487589286,True
V2R-PSG,p041,f_blood,0.08,0.008,0.08204565749003133,True
V2R-PSG,p041,f_blood,0.1,0.010000000000000002,0.07832586407830668,True
V2R-PSG,p041,f_blood,0.12,0.012,0.07518236249770963,True
V2R-PSG,p041,f_blood,0.14,0.014000000000000002,0.07250456182238314,True
V2R-PSG,p041,f_blood,0.16,0.016,0.07021467364918292,True
V2R-PSG,p041,f_blood,0.18,0.018,0.06825514671218604,True
V2R-PSG,p041,f_blood,0.2,0.020000000000000004,0.0665816440263689,True
V2R-PSG,p041,f_blood,0.22,0.022000000000000002,0.06515885052618434,True
V2R-PSG,p041,f_blood,0.24,0.024,0.063957842083081,True
V2R-PSG,p041,f_blood,0.26,0.026000000000000002,0.06295436937950352,True
V2R-PSG,p041,f_blood,0.28,0.028000000000000004,0.06212770405499336,True
V2R-PSG,p041,f_blood,0.3,0.03,0.06145984370866975,True
V2R-PSG,p041,f_blood,0.32,0.032,0.06093495273628136,True
V2R-PSG,p041,f_blood,0.34,0.034,0.06053896161241442,True
V2R-PSG,p041,f_blood,0.36,0.036,0.060259274344155275,True
V2R-PSG,p041,f_blood,0.38,0.038000000000000006,0.060084550608046385,True
V2R-PSG,p041,f_blood,0.4,0.04000000000000001,0.06000453985413908,True
V2R-PSG,p041,f_blood,0.4085828947858791,0.04085828947858791,0.05999690968490295,True
V2R-PSG,p041,f_blood,0.42,0.042,0.060009951787581395,True
V2R-PSG,p041,f_blood,0.44,0.044000000000000004,0.06009235246767844,True
V2R-PSG,p041,f_blood,0.46,0.046000000000000006,0.06024407859311369,True
V2R-PSG,p041,f_blood,0.48,0.048,0.06045816485893857,True
V2R-PSG,p041,f_blood,0.5,0.05,0.06072828088843625,True
V2R-PSG,p041,f_blood,0.52,0.052000000000000005,0.061048675368654486,True
V2R-PSG,p041,f_blood,0.54,0.054000000000000006,0.061414125795146456,True
V2R-PSG,p041,f_blood,0.56,0.05600000000000001,0.06181989276026759,True
V2R-PSG,p041,f_blood,0.58,0.057999999999999996,0.062261678072945706,True
V2R-PSG,p041,f_blood,0.6,0.06,0.06273558622890715,True
V2R-PSG,p041,f_blood,0.62,0.062,0.0632380888971543,True
V2R-PSG,p041,f_blood,0.64,0.064,0.06376599217859898,True
V2R-PSG,p041,f_blood,0.66,0.066,0.06431640644573598,True
V2R-PSG,p041,f_blood,0.68,0.068,0.06488671860177966,True
V2R-PSG,p041,f_blood,0.7000000000000001,0.07,0.06547456661313164,True
V2R-PSG,p041,f_blood,0.72,0.072,0.06607781617660892,True
V2R-PSG,p041,f_blood,0.74,0.074,0.06669453938653187,True
V2R-PSG,p041,f_blood,0.76,0.07600000000000001,0.0673229952689828,True
V2R-PSG,p041,f_blood,0.78,0.07800000000000001,0.06796161205270233,True
V2R-PSG,p041,f_blood,0.8,0.08000000000000002,0.06860897104889065,True
V2R-PSG,p041,f_blood,0.8200000000000001,0.08200000000000002,0.06926379201590138,True
V2R-PSG,p041,f_blood,0.84,0.084,0.06992491988948181,True
V2R-PSG,p041,f_blood,0.86,0.08600000000000001,0.07059131276468492,True
V2R-PSG,p041,f_blood,0.88,0.08800000000000001,0.07126203102170289,True
V2R-PSG,p041,f_blood,0.9,0.09000000000000001,0.0719362274943957,True
V2R-PSG,p041,f_blood,0.92,0.09200000000000001,0.07261313858707638,True
V2R-PSG,p041,f_blood,0.9400000000000001,0.09400000000000001,0.07329207625194135,True
V2R-PSG,p041,f_blood,0.96,0.096,0.07397242074630012,True
V2R-PSG,p041,f_blood,0.98,0.098,0.07465361409532954,True
V2R-PSG,p041,f_blood,1.0,0.1,0.07533515419237859,True
V2R-PSG,p042,f_mel,0.0,0.0,0.6390463836781305,True
V2R-PSG,p042,f_mel,0.02,0.0086,0.5522588315367353,True
V2R-PSG,p042,f_mel,0.04,0.0172,0.4694610194310471,True
V2R-PSG,p042,f_mel,0.06,0.0258,0.39047321832661774,True
V2R-PSG,p042,f_mel,0.08,0.0344,0.3152244752559881,True
V2R-PSG,p042,f_mel,0.1,0.043000000000000003,0.24384803405410047,True
V2R-PSG,p042,f_mel,0.12,0.0516,0.17698976340765862,True
V2R-PSG,p042,f_mel,0.14,0.060200000000000004,0.11701706204491755,True
V2R-PSG,p042,f_mel,0.16,0.0688,0.07379000747975768,True
V2R-PSG,p042,f_mel,0.18,0.0774,0.05454178223743711,True
V2R-PSG,p042,f_mel,0.1913876177469601,0.08229667563119283,0.05087595715253803,True
V2R-PSG,p042,f_mel,0.2,0.08600000000000001,0.05308311732174224,True
V2R-PSG,p042,f_mel,0.22,0.0946,0.072344049790642,True
V2R-PSG,p042,f_mel,0.24,0.1032,0.10304896976318748,True
V2R-PSG,p042,f_mel,0.26,0.1118,0.13981100619873718,True
V2R-PSG,p042,f_mel,0.28,0.12040000000000001,0.18223605889167555,True
V2R-PSG,p042,f_mel,0.3,0.129,0.2309877495016733,True
V2R-PSG,p042,f_mel,0.32,0.1376,0.28192162340881755,True
V2R-PSG,p042,f_mel,0.34,0.1462,0.3331092151548701,True
V2R-PSG,p042,f_mel,0.36,0.1548,0.3837272565088174,True
V2R-PSG,p042,f_mel,0.38,0.1634,0.43340306754911856,True
V2R-PSG,p042,f_mel,0.4,0.17200000000000001,0.4819662740489521,True
V2R-PSG,p042,f_mel,0.42,0.18059999999999998,0.5293449686818128,True
V2R-PSG,p042,f_mel,0.44,0.1892,0.575518109793389,True
V2R-PSG,p042,f_mel,0.46,0.1978,0.620491970184569,True
V2R-PSG,p042,f_mel,0.48,0.2064,0.6642877501857293,True
V2R-PSG,p042,f_mel,0.5,0.215,0.7069347430084895,True
V2R-PSG,p042,f_mel,0.52,0.2236,0.7484664241043092,True
V2R-PSG,p042,f_mel,0.54,0.23220000000000002,0.7889181549768964,True
V2R-PSG,p042,f_mel,0.56,0.24080000000000001,0.8283258139028477,True
V2R-PSG,p042,f_mel,0.58,0.24939999999999998,0.8667249758986149,True
V2R-PSG,p042,f_mel,0.6,0.258,0.9041504265078885,True
V2R-PSG,p042,f_mel,0.62,0.2666,0.9406358824248403,True
V2R-PSG,p042,f_mel,0.64,0.2752,0.9762138420112902,True
V2R-PSG,p042,f_mel,0.66,0.2838,1.0109155179882665,True
V2R-PSG,p042,f_mel,0.68,0.2924,1.044770822128352,True
V2R-PSG,p042,f_mel,0.7000000000000001,0.30100000000000005,1.0778083825695939,True
V2R-PSG,p042,f_mel,0.72,0.3096,1.1100555811543955,True
V2R-PSG,p042,f_mel,0.74,0.3182,1.1415386025374914,True
V2R-PSG,p042,f_mel,0.76,0.3268,1.1722824896288908,True
V2R-PSG,p042,f_mel,0.78,0.33540000000000003,1.2023112017965034,True
V2R-PSG,p042,f_mel,0.8,0.34400000000000003,1.2316476734908641,True
V2R-PSG,p042,f_mel,0.8200000000000001,0.3526,1.2603138717855165,True
V2R-PSG,p042,f_mel,0.84,0.36119999999999997,1.2883308518879735,True
V2R-PSG,p042,f_mel,0.86,0.36979999999999996,1.3157188100565407,True
V2R-PSG,p042,f_mel,0.88,0.3784,1.3424971336160028,True
V2R-PSG,p042,f_mel,0.9,0.387,1.3686844479390978,True
V2R-PSG,p042,f_mel,0.92,0.3956,1.3942986603770715,True
V2R-PSG,p042,f_mel,0.9400000000000001,0.4042,1.4193570011988927,True
V2R-PSG,p042,f_mel,0.96,0.4128,1.4438760616486528,True
V2R-PSG,p042,f_mel,0.98,0.4214,1.4678718292587571,True
V2R-PSG,p042,f_mel,1.0,0.43,1.4913597205755695,True
V2R-PSG,p042,f_blood,0.0,0.0,0.11622321048946577,True
V2R-PSG,p042,f_blood,0.02,0.002,0.10434581633587181,True
V2R-PSG,p042,f_blood,0.04,0.004,0.09583196670009674,True
V2R-PSG,p042,f_blood,0.06,0.006,0.08909548422955231,True
V2R-PSG,p042,f_blood,0.08,0.008,0.0835153020560993,True
V2R-PSG,p042,f_blood,0.1,0.010000000000000002,0.0787722985809898,True
V2R-PSG,p042,f_blood,0.12,0.012,0.0746773663689916,True
V2R-PSG,p042,f_blood,0.14,0.014000000000000002,0.07110785013801818,True
V2R-PSG,p042,f_blood,0.16,0.016,0.06797897262822147,True
V2R-PSG,p042,f_blood,0.18,0.018,0.06522923033798277,True
V2R-PSG,p042,f_blood,0.2,0.020000000000000004,0.06281220966884986,True
V2R-PSG,p042,f_blood,0.22,0.022000000000000002,0.060691670909001655,True
V2R-PSG,p042,f_blood,0.24,0.024,0.05883843220089247,True
V2R-PSG,p042,f_blood,0.26,0.026000000000000002,0.057228311068127875,True
V2R-PSG,p042,f_blood,0.28,0.028000000000000004,0.055840722494469766,True
V2R-PSG,p042,f_blood,0.3,0.03,0.054657704733916096,True
V2R-PSG,p042,f_blood,0.32,0.032,0.05366323566718378,True
V2R-PSG,p042,f_blood,0.34,0.034,0.052842753368025346,True
V2R-PSG,p042,f_blood,0.36,0.036,0.0521828237288504,True
V2R-PSG,p042,f_blood,0.38,0.038000000000000006,0.05167091529958168,True
V2R-PSG,p042,f_blood,0.4,0.04000000000000001,0.05129525217798219,True
V2R-PSG,p042,f_blood,0.42,0.042,0.051044722783127064,True
V2R-PSG,p042,f_blood,0.44,0.044000000000000004,0.05090882729259173,True
V2R-PSG,p042,f_blood,0.4562527715304423,0.045625277153044236,0.050875957152538044,True
V2R-PSG,p042,f_blood,0.46,0.046000000000000006,0.05087765033102829,True
V2R-PSG,p042,f_blood,0.48,0.048,0.05094184862515623,True
V2R-PSG,p042,f_blood,0.5,0.05,0.05109264599507024,True
V2R-PSG,p042,f_blood,0.52,0.052000000000000005,0.051321830307178934,True
V2R-PSG,p042,f_blood,0.54,0.054000000000000006,0.051621748886177106,True
V2R-PSG,p042,f_blood,0.56,0.05600000000000001,0.05198530037718903,True
V2R-PSG,p042,f_blood,0.58,0.057999999999999996,0.052405922180637284,True
V2R-PSG,p042,f_blood,0.6,0.06,0.05287757338488572,True
V2R-PSG,p042,f_blood,0.62,0.062,0.05339471364309342,True
V2R-PSG,p042,f_blood,0.64,0.064,0.053952278736475436,True
V2R-PSG,p042,f_blood,0.66,0.066,0.054545653692299544,True
V2R-PSG,p042,f_blood,0.68,0.068,0.05517064433256748,True
V2R-PSG,p042,f_blood,0.7000000000000001,0.07,0.055823448061378025,True
V2R-PSG,p042,f_blood,0.72,0.072,0.056500624589027,True
V2R-PSG,p042,f_blood,0.74,0.074,0.057199067163450835,True
V2R-PSG,p042,f_blood,0.76,0.07600000000000001,0.057915974751272435,True
V2R-PSG,p042,f_blood,0.78,0.07800000000000001,0.05864882549168365,True
V2R-PSG,p042,f_blood,0.8,0.08000000000000002,0.05939535164221957,True
V2R-PSG,p042,f_blood,0.8200000000000001,0.08200000000000002,0.060153516148294284,True
V2R-PSG,p042,f_blood,0.84,0.084,0.06092149089819639,True
V2R-PSG,p042,f_blood,0.86,0.08600000000000001,0.06169763667079187,True
V2R-PSG,p042,f_blood,0.88,0.08800000000000001,0.062480484742520534,True
V2R-PSG,p042,f_blood,0.9,0.09000000000000001,0.06326872009121526,True
V2R-PSG,p042,f_blood,0.92,0.09200000000000001,0.06406116611468687,True
V2R-PSG,p042,f_blood,0.9400000000000001,0.09400000000000001,0.06485677076991923,True
V2R-PSG,p042,f_blood,0.96,0.096,0.06565459403240435,True
V2R-PSG,p042,f_blood,0.98,0.098,0.06645379657315555,True
V2R-PSG,p042,f_blood,1.0,0.1,0.067253629552101,True
V2R-PSG,p043,f_mel,0.0,0.0,0.7703465176398474,True
V2R-PSG,p043,f_mel,0.02,0.0086,0.6830120822125081,True
V2R-PSG,p043,f_mel,0.04,0.0172,0.599534496587676,True
V2R-PSG,p043,f_mel,0.06,0.0258,0.5197147330525922,True
V2R-PSG,p043,f_mel,0.08,0.0344,0.44341029465016907,True
V2R-PSG,p043,f_mel,0.1,0.043000000000000003,0.37055435185768054,True
V2R-PSG,p043,f_mel,0.12,0.0516,0.3012071437933342,True
V2R-PSG,p043,f_mel,0.14,0.060200000000000004,0.23569056347323317,True
V2R-PSG,p043,f_mel,0.16,0.0688,0.17497918093395143,True
V2R-PSG,p043,f_mel,0.18,0.0774,0.12201908326704981,True
V2R-PSG,p043,f_mel,0.2,0.08600000000000001,0.08597493744555401,True
V2R-PSG,p043,f_mel,0.22,0.0946,0.0639567164677582,True
V2R-PSG,p043,f_mel,0.24,0.1032,0.05372789884021184,True
V2R-PSG,p043,f_mel,0.24062117453602877,0.10346710505049236,0.053717276686420755,True
V2R-PSG,p043,f_mel,0.26,0.1118,0.06365293008279446,True
V2R-PSG,p043,f_mel,0.28,0.12040000000000001,0.08929422140424105,True
V2R-PSG,p043,f_mel,0.3,0.129,0.12327895763455737,True
V2R-PSG,p043,f_mel,0.32,0.1376,0.16450389036547017,True
V2R-PSG,p043,f_mel,0.34,0.1462,0.21199662963603044,True
V2R-PSG,p043,f_mel,0.36,0.1548,0.2613395108311812,True
V2R-PSG,p043,f_mel,0.38,0.1634,0.31078692057329865,True
V2R-PSG,p043,f_mel,0.4,0.17200000000000001,0.3596209245837669,True
V2R-PSG,p043,f_mel,0.42,0.18059999999999998,0.4075248249537649,True
V2R-PSG,p043,f_mel,0.44,0.1892,0.4543574082634403,True
V2R-PSG,p043,f_mel,0.46,0.1978,0.5000614519857352,True
V2R-PSG,p043,f_mel,0.48,0.2064,0.5446226307338461,True
V2R-PSG,p043,f_mel,0.5,0.215,0.5880494640148646,True
V2R-PSG,p043,f_mel,0.52,0.2236,0.6303628702402867,True
V2R-PSG,p043,f_mel,0.54,0.23220000000000002,0.6715904414144036,True
V2R-PSG,p043,f_mel,0.56,0.24080000000000001,0.7117631822336308,True
V2R-PSG,p043,f_mel,0.58,0.24939999999999998,0.7509136012509512,True
V2R-PSG,p043,f_mel,0.6,0.258,0.7890745746725819,True
V2R-PSG,p043,f_mel,0.62,0.2666,0.8262786665483034,True
V2R-PSG,p043,f_mel,0.64,0.2752,0.8625577257800512,True
V2R-PSG,p043,f_mel,0.66,0.2838,0.8979426544802495,True
V2R-PSG,p043,f_mel,0.68,0.2924,0.932463283934216,True
V2R-PSG,p043,f_mel,0.7000000000000001,0.30100000000000005,0.9661483186953496,True
V2R-PSG,p043,f_mel,0.72,0.3096,0.9990253238748262,True
V2R-PSG,p043,f_mel,0.74,0.3182,1.0311207396090871,True
V2R-PSG,p043,f_mel,0.76,0.3268,1.0624599122861436,True
V2R-PSG,p043,f_mel,0.78,0.33540000000000003,1.0930671356911972,True
V2R-PSG,p043,f_mel,0.8,0.34400000000000003,1.122965697558648,True
V2R-PSG,p043,f_mel,0.8200000000000001,0.3526,1.1521779285508258,True
V2R-PSG,p043,f_mel,0.84,0.36119999999999997,1.1807252517059166,True
V2R-PSG,p043,f_mel,0.86,0.36979999999999996,1.2086282310851453,True
V2R-PSG,p043,f_mel,0.88,0.3784,1.2359066188149135,True
V2R-PSG,p043,f_mel,0.9,0.387,1.2625794000362172,True
V2R-PSG,p043,f_mel,0.92,0.3956,1.2886648354891286,True
V2R-PSG,p043,f_mel,0.9400000000000001,0.4042,1.3141805016071444,True
V2R-PSG,p043,f_mel,0.96,0.4128,1.3391433280896952,True
V2R-PSG,p043,f_mel,0.98,0.4214,1.363569633004379,True
V2R-PSG,p043,f_mel,1.0,0.43,1.3874751554779456,True
V2R-PSG,p043,f_blood,0.0,0.0,0.10033836481709514,True
V2R-PSG,p043,f_blood,0.02,0.002,0.089455942586146,True
V2R-PSG,p043,f_blood,0.04,0.004,0.08186821775837906,True
V2R-PSG,p043,f_blood,0.06,0.006,0.07604721832219467,True
V2R-PSG,p043,f_blood,0.08,0.008,0.07139348471462786,True
V2R-PSG,p043,f_blood,0.1,0.010000000000000002,0.06759734751673131,True
V2R-PSG,p043,f_blood,0.12,0.012,0.06447336363812411,True
V2R-PSG,p043,f_blood,0.14,0.014000000000000002,0.061899067451620944,True
V2R-PSG,p043,f_blood,0.16,0.016,0.05978745494943695,True
V2R-PSG,p043,f_blood,0.18,0.018,0.05807299085199214,True
V2R-PSG,p043,f_blood,0.2,0.020000000000000004,0.05670387377456862,True
V2R-PSG,p043,f_blood,0.22,0.022000000000000002,0.05563751471067408,True
V2R-PSG,p043,f_blood,0.24,0.024,0.054837796963933545,True
V2R-PSG,p043,f_blood,0.26,0.026000000000000002,0.05427337843797371,True
V2R-PSG,p043,f_blood,0.28,0.028000000000000004,0.0539166241501617,True
V2R-PSG,p043,f_blood,0.3,0.03,0.0537429247111741,True
V2R-PSG,p043,f_blood,0.31158123256454595,0.031158123256454597,0.053717276686420797,True
V2R-PSG,p043,f_blood,0.32,0.032,0.05373024991861397,True
V2R-PSG,p043,f_blood,0.34,0.034,0.05385884254612486,True
V2R-PSG,p043,f_blood,0.36,0.036,0.05411099287148582,True
V2R-PSG,p043,f_blood,0.38,0.038000000000000006,0.05447085770269366,True
V2R-PSG,p043,f_blood,0.4,0.04000000000000001,0.05492430292605743,True
V2R-PSG,p043,f_blood,0.42,0.042,0.05545875842679989,True
V2R-PSG,p043,f_blood,0.44,0.044000000000000004,0.056063080280160126,True
V2R-PSG,p043,f_blood,0.46,0.046000000000000006,0.05672741857344081,True
V2R-PSG,p043,f_blood,0.48,0.048,0.05744309098123404,True
V2R-PSG,p043,f_blood,0.5,0.05,0.05820246292303322,True
V2R-PSG,p043,f_blood,0.52,0.052000000000000005,0.05899883523772997,True
V2R-PSG,p043,f_blood,0.54,0.054000000000000006,0.05982634011404489,True
V2R-PSG,p043,f_blood,0.56,0.05600000000000001,0.06067984570641054,True
V2R-PSG,p043,f_blood,0.58,0.057999999999999996,0.06155486954819491,True
V2R-PSG,p043,f_blood,0.6,0.06,0.06244750060100941,True
V2R-PSG,p043,f_blood,0.62,0.062,0.06335432956992512,True
V2R-PSG,p043,f_blood,0.64,0.064,0.06427238697096536,True
V2R-PSG,p043,f_blood,0.66,0.066,0.06519908835134554,True
V2R-PSG,p043,f_blood,0.68,0.068,0.06613218602327207,True
V2R-PSG,p043,f_blood,0.7000000000000001,0.07,0.06706972666705453,True
V2R-PSG,p043,f_blood,0.72,0.072,0.06801001417849731,True
V2R-PSG,p043,f_blood,0.74,0.074,0.06895157717054351,True
V2R-PSG,p043,f_blood,0.76,0.07600000000000001,0.06989314058337569,True
V2R-PSG,p043,f_blood,0.78,0.07800000000000001,0.07083360090583388,True
V2R-PSG,p043,f_blood,0.8,0.08000000000000002,0.07177200456067931,True
V2R-PSG,p043,f_blood,0.8200000000000001,0.08200000000000002,0.07270752905464499,True
V2R-PSG,p043,f_blood,0.84,0.084,0.07363946653996863,True
V2R-PSG,p043,f_blood,0.86,0.08600000000000001,0.0745672094763661,True
V2R-PSG,p043,f_blood,0.88,0.08800000000000001,0.07549023812082366,True
V2R-PSG,p043,f_blood,0.9,0.09000000000000001,0.07640810960707699,True
V2R-PSG,p043,f_blood,0.92,0.09200000000000001,0.0773204484073073,True
V2R-PSG,p043,f_blood,0.9400000000000001,0.09400000000000001,0.07822693799565551,True
V2R-PSG,p043,f_blood,0.96,0.096,0.07912731355690893,True
V2R-PSG,p043,f_blood,0.98,0.098,0.0800213556044754,True
V2R-PSG,p043,f_blood,1.0,0.1,0.08090888438983082,True
V2R-PSG,p044,f_mel,0.0,0.0,1.0987535607305994,True
V2R-PSG,p044,f_mel,0.02,0.0086,1.012965775390863,True
V2R-PSG,p044,f_mel,0.04,0.0172,0.9308364121901929,True
V2R-PSG,p044,f_mel,0.06,0.0258,0.8521184750891567,True
V2R-PSG,p044,f_mel,0.08,0.0344,0.7765940867432257,True
V2R-PSG,p044,f_mel,0.1,0.043000000000000003,0.7040689852840631,True
V2R-PSG,p044,f_mel,0.12,0.0516,0.6343691171396169,True
V2R-PSG,p044,f_mel,0.14,0.060200000000000004,0.5673388587389803,True
V2R-PSG,p044,f_mel,0.16,0.0688,0.5028407608883869,True
V2R-PSG,p044,f_mel,0.18,0.0774,0.4407571400151076,True
V2R-PSG,p044,f_mel,0.2,0.08600000000000001,0.3809945702746666,True
V2R-PSG,p044,f_mel,0.22,0.0946,0.3234939105887838,True
V2R-PSG,p044,f_mel,0.24,0.1032,0.26825251419987484,True
V2R-PSG,p044,f_mel,0.26,0.1118,0.21537694895087656,True
V2R-PSG,p044,f_mel,0.28,0.12040000000000001,0.1652239807414366,True
V2R-PSG,p044,f_mel,0.3,0.129,0.11884542189534748,True
V2R-PSG,p044,f_mel,0.32,0.1376,0.07967594133128032,True
V2R-PSG,p044,f_mel,0.34,0.1462,0.05920953986530979,True
V2R-PSG,p044,f_mel,0.342316275671236,0.1471959985386315,0.0589553737502438,True
V2R-PSG,p044,f_mel,0.36,0.1548,0.0673666307105585,True
V2R-PSG,p044,f_mel,0.38,0.1634,0.08377171876319119,True
V2R-PSG,p044,f_mel,0.4,0.17200000000000001,0.1044008699343976,True
V2R-PSG,p044,f_mel,0.42,0.18059999999999998,0.1282354158829992,True
V2R-PSG,p044,f_mel,0.44,0.1892,0.1549310741359714,True
V2R-PSG,p044,f_mel,0.46,0.1978,0.1846966751876064,True
V2R-PSG,p044,f_mel,0.48,0.2064,0.2186886633360266,True
V2R-PSG,p044,f_mel,0.5,0.215,0.2550340359806111,True
V2R-PSG,p044,f_mel,0.52,0.2236,0.2923473857576557,True
V2R-PSG,p044,f_mel,0.54,0.23220000000000002,0.32988562684633155,True
V2R-PSG,p044,f_mel,0.56,0.24080000000000001,0.36723704725359857,True
V2R-PSG,p044,f_mel,0.58,0.24939999999999998,0.40416667656560357,True
V2R-PSG,p044,f_mel,0.6,0.258,0.44053806860520617,True
V2R-PSG,p044,f_mel,0.62,0.2666,0.4762720896515357,True
V2R-PSG,p044,f_mel,0.64,0.2752,0.5113242079244164,True
V2R-PSG,p044,f_mel,0.66,0.2838,0.5456714359986694,True
V2R-PSG,p044,f_mel,0.68,0.2924,0.5793045323120573,True
V2R-PSG,p044,f_mel,0.7000000000000001,0.30100000000000005,0.6122231860348084,True
V2R-PSG,p044,f_mel,0.72,0.3096,0.6444329574209683,True
V2R-PSG,p044,f_mel,0.74,0.3182,0.6759432852781814,True
V2R-PSG,p044,f_mel,0.76,0.3268,0.7067661621293552,True
V2R-PSG,p044,f_mel,0.78,0.33540000000000003,0.7369152379100096,True
V2R-PSG,p044,f_mel,0.8,0.34400000000000003,0.7664052049382662,True
V2R-PSG,p044,f_mel,0.8200000000000001,0.3526,0.7952513711662665,True
V2R-PSG,p044,f_mel,0.84,0.36119999999999997,0.8234693616511871,True
V2R-PSG,p044,f_mel,0.86,0.36979999999999996,0.8510749086589305,True
V2R-PSG,p044,f_mel,0.88,0.3784,0.8780837038302779,True
V2R-PSG,p044,f_mel,0.9,0.387,0.9045112942832292,True
V2R-PSG,p044,f_mel,0.92,0.3956,0.9303730101042617,True
V2R-PSG,p044,f_mel,0.9400000000000001,0.4042,0.9556839144294907,True
V2R-PSG,p044,f_mel,0.96,0.4128,0.9804587698736101,True
V2R-PSG,p044,f_mel,0.98,0.4214,1.0047120168330756,True
V2R-PSG,p044,f_mel,1.0,0.43,1.0284577604288636,True
V2R-PSG,p044,f_blood,0.0,0.0,0.13136018279402573,True
V2R-PSG,p044,f_blood,0.02,0.002,0.1233729472125968,True
V2R-PSG,p044,f_blood,0.04,0.004,0.11754379581257231,True
V2R-PSG,p044,f_blood,0.06,0.006,0.11284297007465188,True
V2R-PSG,p044,f_blood,0.08,0.008,0.10886490418158257,True
V2R-PSG,p044,f_blood,0.1,0.010000000000000002,0.10539982757951517,True
V2R-PSG,p044,f_blood,0.12,0.012,0.10232260644662503,True
V2R-PSG,p044,f_blood,0.14,0.014000000000000002,0.09955157193311007,True
V2R-PSG,p044,f_blood,0.16,0.016,0.09702998920850968,True
V2R-PSG,p044,f_blood,0.18,0.018,0.09471658685155077,True
V2R-PSG,p044,f_blood,0.2,0.020000000000000004,0.09258025802280379,True
V2R-PSG,p044,f_blood,0.22,0.022000000000000002,0.09059688645306234,True
V2R-PSG,p044,f_blood,0.24,0.024,0.08874734084428884,True
V2R-PSG,p044,f_blood,0.26,0.026000000000000002,0.08701615177633881,True
V2R-PSG,p044,f_blood,0.28,0.028000000000000004,0.08539060729765839,True
V2R-PSG,p044,f_blood,0.3,0.03,0.08386011599419788,True
V2R-PSG,p044,f_blood,0.32,0.032,0.08241574688443473,True
V2R-PSG,p044,f_blood,0.34,0.034,0.08104988968176731,True
V2R-PSG,p044,f_blood,0.36,0.036,0.07975599909321225,True
V2R-PSG,p044,f_blood,0.38,0.038000000000000006,0.07852839910274907,True
V2R-PSG,p044,f_blood,0.4,0.04000000000000001,0.07736213091587478,True
V2R-PSG,p044,f_blood,0.42,0.042,0.07625283324065942,True
V2R-PSG,p044,f_blood,0.44,0.044000000000000004,0.07519664689317666,True
V2R-PSG,p044,f_blood,0.46,0.046000000000000006,0.07419013795836618,True
V2R-PSG,p044,f_blood,0.48,0.048,0.07323023528623407,True
V2R-PSG,p044,f_blood,0.5,0.05,0.07231417919164125,True
V2R-PSG,p044,f_blood,0.52,0.052000000000000005,0.07143947900300068,True
V2R-PSG,p044,f_blood,0.54,0.054000000000000006,0.07060387766813653,True
V2R-PSG,p044,f_blood,0.56,0.05600000000000001,0.06980532203883894,True
V2R-PSG,p044,f_blood,0.58,0.057999999999999996,0.0690419377627984,True
V2R-PSG,p044,f_blood,0.6,0.06,0.06831200794247153,True
V2R-PSG,p044,f_blood,0.62,0.062,0.06761395489577969,True
V2R-PSG,p044,f_blood,0.64,0.064,0.06694632448803611,True
V2R-PSG,p044,f_blood,0.66,0.066,0.06630777260857182,True
V2R-PSG,p044,f_blood,0.68,0.068,0.06569705344676696,True
V2R-PSG,p044,f_blood,0.7000000000000001,0.07,0.06511300928609175,True
V2R-PSG,p044,f_blood,0.72,0.072,0.06455456158539677,True
V2R-PSG,p044,f_blood,0.74,0.074,0.06402070315710336,True
V2R-PSG,p044,f_blood,0.76,0.07600000000000001,0.06351049128439765,True
V2R-PSG,p044,f_blood,0.78,0.07800000000000001,0.06302304164575938,True
V2R-PSG,p044,f_blood,0.8,0.08000000000000002,0.06255752293647848,True
V2R-PSG,p044,f_blood,0.8200000000000001,0.08200000000000002,0.06211315209423646,True
V2R-PSG,p044,f_blood,0.84,0.084,0.06168919005014501,True
V2R-PSG,p044,f_blood,0.86,0.08600000000000001,0.06128493793845733,True
V2R-PSG,p044,f_blood,0.88,0.08800000000000001,0.060899733707969576,True
V2R-PSG,p044,f_blood,0.9,0.09000000000000001,0.06053294908630557,True
V2R-PSG,p044,f_blood,0.92,0.09200000000000001,0.06018398685511244,True
V2R-PSG,p044,f_blood,0.9400000000000001,0.09400000000000001,0.05985227839994195,True
V2R-PSG,p044,f_blood,0.96,0.096,0.059537281503443645,True
V2R-PSG,p044,f_blood,0.98,0.098,0.05923847835459514,True
V2R-PSG,p044,f_blood,1.0,0.1,0.058955373750193656,True
V2R-PSG,p045,f_mel,0.0,0.0,0.8811300143345068,True
V2R-PSG,p045,f_mel,0.02,0.0086,0.7947501730306239,True
V2R-PSG,p045,f_mel,0.04,0.0172,0.712155794998866,True
V2R-PSG,p045,f_mel,0.06,0.0258,0.6330971108454906,True
V2R-PSG,p045,f_mel,0.08,0.0344,0.5573617771979961,True
V2R-PSG,p045,f_mel,0.1,0.043000000000000003,0.4847725123548987,True
V2R-PSG,p045,f_mel,0.12,0.0516,0.4151904324833052,True
V2R-PSG,p045,f_mel,0.14,0.060200000000000004,0.34852763430453326,True
V2R-PSG,p045,f_mel,0.16,0.0688,0.28477943976213466,True
V2R-PSG,p045,f_mel,0.18,0.0774,0.22410754694754947,True
V2R-PSG,p045,f_mel,0.2,0.08600000000000001,0.1670811429169132,True
V2R-PSG,p045,f_mel,0.22,0.0946,0.11551667012663434,True
V2R-PSG,p045,f_mel,0.24,0.1032,0.07592541041507248,True
V2R-PSG,p045,f_mel,0.26,0.1118,0.061743785120522546,True
V2R-PSG,p045,f_mel,0.2679572505317391,0.11522161772864781,0.06060342347906564,True
V2R-PSG,p045,f_mel,0.28,0.12040000000000001,0.06326668968133325,True
V2R-PSG,p045,f_mel,0.3,0.129,0.07811954952438618,True
V2R-PSG,p045,f_mel,0.32,0.1376,0.10191515279058033,True
V2R-PSG,p045,f_mel,0.34,0.1462,0.1312725283656209,True
V2R-PSG,p045,f_mel,0.36,0.1548,0.1648811530484807,True
V2R-PSG,p045,f_mel,0.38,0.1634,0.20433361079170614,True
V2R-PSG,p045,f_mel,0.4,0.17200000000000001,0.24706891920827367,True
V2R-PSG,p045,f_mel,0.42,0.18059999999999998,0.2908930055974868,True
V2R-PSG,p045,f_mel,0.44,0.1892,0.3347851147766758,True
V2R-PSG,p045,f_mel,0.46,0.1978,0.3782438725465988,True
V2R-PSG,p045,f_mel,0.48,0.2064,0.4210127216078996,True
V2R-PSG,p045,f_mel,0.5,0.215,0.4629587875206779,True
V2R-PSG,p045,f_mel,0.52,0.2236,0.5040155345294901,True
V2R-PSG,p045,f_mel,0.54,0.23220000000000002,0.5441537373489147,True
V2R-PSG,p045,f_mel,0.56,0.24080000000000001,0.5833659073215398,True
V2R-PSG,p045,f_mel,0.58,0.24939999999999998,0.6216575189428923,True
V2R-PSG,p045,f_mel,0.6,0.258,0.6590418638554036,True
V2R-PSG,p045,f_mel,0.62,0.2666,0.6955369316074231,True
V2R-PSG,p045,f_mel,0.64,0.2752,0.7311634686225715,True
V2R-PSG,p045,f_mel,0.66,0.2838,0.7659437456852831,True
V2R-PSG,p045,f_mel,0.68,0.2924,0.7999007639365172,True
V2R-PSG,p045,f_mel,0.7000000000000001,0.30100000000000005,0.8330577389685497,True
V2R-PSG,p045,f_mel,0.72,0.3096,0.8654377649261106,True
V2R-PSG,p045,f_mel,0.74,0.3182,0.897063597095669,True
V2R-PSG,p045,f_mel,0.76,0.3268,0.9279575135413111,True
V2R-PSG,p045,f_mel,0.78,0.33540000000000003,0.9581412300084213,True
V2R-PSG,p045,f_mel,0.8,0.34400000000000003,0.9876358509628057,True
V2R-PSG,p045,f_mel,0.8200000000000001,0.3526,1.0164618452148702,True
V2R-PSG,p045,f_mel,0.84,0.36119999999999997,1.0446390382467947,True
V2R-PSG,p045,f_mel,0.86,0.36979999999999996,1.0721866158099058,True
V2R-PSG,p045,f_mel,0.88,0.3784,1.0991231350180597,True
V2R-PSG,p045,f_mel,0.9,0.387,1.1254665403001074,True
V2R-PSG,p045,f_mel,0.92,0.3956,1.1512341823629362,True
V2R-PSG,p045,f_mel,0.9400000000000001,0.4042,1.1764428388684658,True
V2R-PSG,p045,f_mel,0.96,0.4128,1.2011087359172206,True
V2R-PSG,p045,f_mel,0.98,0.4214,1.2252475697078833,True
V2R-PSG,p045,f_mel,1.0,0.43,1.2488745279396534,True
V2R-PSG,p045,f_blood,0.0,0.0,0.11917199348765281,True
V2R-PSG,p045,f_blood,0.02,0.002,0.10961730999406527,True
V2R-PSG,p045,f_blood,0.04,0.004,0.10274255765318528,True
V2R-PSG,p045,f_blood,0.06,0.006,0.09729009571007109,True
V2R-PSG,p045,f_blood,0.08,0.008,0.09276110275256585,True
V2R-PSG,p045,f_blood,0.1,0.010000000000000002,0.08889643450996965,True
V2R-PSG,p045,f_blood,0.12,0.012,0.08554092013183899,True
V2R-PSG,p045,f_blood,0.14,0.014000000000000002,0.08259289952292255,True
V2R-PSG,p045,f_blood,0.16,0.016,0.0799814458590778,True
V2R-PSG,p045,f_blood,0.18,0.018,0.07765469791644357,True
V2R-PSG,p045,f_blood,0.2,0.020000000000000004,0.07557331946714127,True
V2R-PSG,p045,f_blood,0.22,0.022000000000000002,0.07370657540276895,True
V2R-PSG,p045,f_blood,0.24,0.024,0.07202984964818115,True
V2R-PSG,p045,f_blood,0.26,0.026000000000000002,0.07052300701280755,True
V2R-PSG,p045,f_blood,0.28,0.028000000000000004,0.06916927390397118,True
V2R-PSG,p045,f_blood,0.3,0.03,0.06795445131098304,True
V2R-PSG,p045,f_blood,0.32,0.032,0.06686634800537855,True
V2R-PSG,p045,f_blood,0.34,0.034,0.06589436402660898,True
V2R-PSG,p045,f_blood,0.36,0.036,0.06502917933619548,True
V2R-PSG,p045,f_blood,0.38,0.038000000000000006,0.06426251767243073,True
V2R-PSG,p045,f_blood,0.4,0.04000000000000001,0.06358696518061989,True
V2R-PSG,p045,f_blood,0.42,0.042,0.06299582957485776,True
V2R-PSG,p045,f_blood,0.44,0.044000000000000004,0.062483029692518274,True
V2R-PSG,p045,f_blood,0.46,0.046000000000000006,0.062043008092362184,True
V2R-PSG,p045,f_blood,0.48,0.048,0.061670661283535676,True
V2R-PSG,p045,f_blood,0.5,0.05,0.0613612835434927,True
V2R-PSG,p045,f_blood,0.52,0.052000000000000005,0.06111052127112451,True
V2R-PSG,p045,f_blood,0.54,0.054000000000000006,0.060914335545941285,True
V2R-PSG,p045,f_blood,0.56,0.05600000000000001,0.06076897110352559,True
V2R-PSG,p045,f_blood,0.58,0.057999999999999996,0.06067093034440724,True
V2R-PSG,p045,f_blood,0.6,0.06,0.06061695130403607,True
V2R-PSG,p045,f_blood,0.6165713587088822,0.061657135870888224,0.060603423479065915,True
V2R-PSG,p045,f_blood,0.62,0.062,0.06060398875069018,True
V2R-PSG,p045,f_blood,0.64,0.064,0.06062919776364517,True
V2R-PSG,p045,f_blood,0.66,0.066,0.06068991928848203,True
V2R-PSG,p045,f_blood,0.68,0.068,0.06078366727935709,True
V2R-PSG,p045,f_blood,0.7000000000000001,0.07,0.06090811712637053,True
V2R-PSG,p045,f_blood,0.72,0.072,0.06106109513512949,True
V2R-PSG,p045,f_blood,0.74,0.074,0.061240568879312444,True
V2R-PSG,p045,f_blood,0.76,0.07600000000000001,0.061444638288674906,True
V2R-PSG,p045,f_blood,0.78,0.07800000000000001,0.061671527367046036,True
V2R-PSG,p045,f_blood,0.8,0.08000000000000002,0.061919576459438,True
V2R-PSG,p045,f_blood,0.8200000000000001,0.08200000000000002,0.062187235006058744,True
V2R-PSG,p045,f_blood,0.84,0.084,0.06247305473506432,True
V2R-PSG,p045,f_blood,0.86,0.08600000000000001,0.0627756832563445,True
V2R-PSG,p045,f_blood,0.88,0.08800000000000001,0.06309385802633737,True
V2R-PSG,p045,f_blood,0.9,0.09000000000000001,0.06342640065947332,True
V2R-PSG,p045,f_blood,0.92,0.09200000000000001,0.06377221156586235,True
V2R-PSG,p045,f_blood,0.9400000000000001,0.09400000000000001,0.06413026489769319,True
V2R-PSG,p045,f_blood,0.96,0.096,0.06449960378879777,True
V2R-PSG,p045,f_blood,0.98,0.098,0.0648793358732158,True
V2R-PSG,p045,f_blood,1.0,0.1,0.0652686290695436,True
V2R-PSG,p046,f_mel,0.0,0.0,1.2296152613622233,True
V2R-PSG,p046,f_mel,0.02,0.0086,1.1450384825286315,True
V2R-PSG,p046,f_mel,0.04,0.0172,1.0640584505421626,True
V2R-PSG,p046,f_mel,0.06,0.0258,0.986441458371833,True
V2R-PSG,p046,f_mel,0.08,0.0344,0.9119811973182451,True
V2R-PSG,p046,f_mel,0.1,0.043000000000000003,0.8404938552182205,True
V2R-PSG,p046,f_mel,0.12,0.0516,0.7718151121481723,True
V2R-PSG,p046,f_mel,0.14,0.060200000000000004,0.7057985577893716,True
V2R-PSG,p046,f_mel,0.16,0.0688,0.6423153190549473,True
V2R-PSG,p046,f_mel,0.18,0.0774,0.5812549251315837,True
V2R-PSG,p046,f_mel,0.2,0.08600000000000001,0.5225277173257981,True
V2R-PSG,p046,f_mel,0.22,0.0946,0.46606953089559644,True
V2R-PSG,p046,f_mel,0.24,0.1032,0.41185011743142114,True
V2R-PSG,p046,f_mel,0.26,0.1118,0.359888222989372,True
V2R-PSG,p046,f_mel,0.28,0.12040000000000001,0.31027925233196885,True
V2R-PSG,p046,f_mel,0.3,0.129,0.2632480393674682,True
V2R-PSG,p046,f_mel,0.32,0.1376,0.21925398203159197,True
V2R-PSG,p046,f_mel,0.34,0.1462,0.17920725196693896,True
V2R-PSG,p046,f_mel,0.36,0.1548,0.14490179081305232,True
V2R-PSG,p046,f_mel,0.38,0.1634,0.11968351582410508,True
V2R-PSG,p046,f_mel,0.4,0.17200000000000001,0.10835853359910502,True
V2R-PSG,p046,f_mel,0.4034710914060414,0.1734925693045978,0.1080992141514606,True
V2R-PSG,p046,f_mel,0.42,0.18059999999999998,0.11368400195718582,True
V2R-PSG,p046,f_mel,0.44,0.1892,0.13073255271256165,True
V2R-PSG,p046,f_mel,0.46,0.1978,0.14915827516340024,True
V2R-PSG,p046,f_mel,0.48,0.2064,0.1684414259344,True
V2R-PSG,p046,f_mel,0.5,0.215,0.18909502381295518,True
V2R-PSG,p046,f_mel,0.52,0.2236,0.2116507184711081,True
V2R-PSG,p046,f_mel,0.54,0.23220000000000002,0.23708867857441554,True
V2R-PSG,p046,f_mel,0.56,0.24080000000000001,0.26571348146333035,True
V2R-PSG,p046,f_mel,0.58,0.24939999999999998,0.29622772646344514,True
V2R-PSG,p046,f_mel,0.6,0.258,0.3277651766891185,True
V2R-PSG,p046,f_mel,0.62,0.2666,0.35977106072163384,True
V2R-PSG,p046,f_mel,0.64,0.2752,0.39188761249391213,True
V2R-PSG,p046,f_mel,0.66,0.2838,0.42388140619559206,True
V2R-PSG,p046,f_mel,0.68,0.2924,0.45559851909796534,True
V2R-PSG,p046,f_mel,0.7000000000000001,0.30100000000000005,0.48693682101639424,True
V2R-PSG,p046,f_mel,0.72,0.3096,0.5178286023743349,True
V2R-PSG,p046,f_mel,0.74,0.3182,0.5482294718504259,True
V2R-PSG,p046,f_mel,0.76,0.3268,0.5781111128313197,True
V2R-PSG,p046,f_mel,0.78,0.33540000000000003,0.6074564603943216,True
V2R-PSG,p046,f_mel,0.8,0.34400000000000003,0.6362564276586501,True
V2R-PSG,p046,f_mel,0.8200000000000001,0.3526,0.6645076439743445,True
V2R-PSG,p046,f_mel,0.84,0.36119999999999997,0.6922108667115853,True
V2R-PSG,p046,f_mel,0.86,0.36979999999999996,0.7193698496284792,True
V2R-PSG,p046,f_mel,0.88,0.3784,0.745990525929912,True
V2R-PSG,p046,f_mel,0.9,0.387,0.7720804115869679,True
V2R-PSG,p046,f_mel,0.92,0.3956,0.7976481650129413,True
V2R-PSG,p046,f_mel,0.9400000000000001,0.4042,0.8227032591724532,True
V2R-PSG,p046,f_mel,0.96,0.4128,0.8472557354945484,True
V2R-PSG,p046,f_mel,0.98,0.4214,0.8713160179438592,True
V2R-PSG,p046,f_mel,1.0,0.43,0.8948947717624097,True
V2R-PSG,p046,f_blood,0.0,0.0,0.17643441285920186,True
V2R-PSG,p046,f_blood,0.02,0.002,0.1704744539485987,True
V2R-PSG,p046,f_blood,0.04,0.004,0.16606450077683924,True
V2R-PSG,p046,f_blood,0.06,0.006,0.16245908199597814,True
V2R-PSG,p046,f_blood,0.08,0.008,0.1593659607768712,True
V2R-PSG,p046,f_blood,0.1,0.010000000000000002,0.15663451670600334,True
V2R-PSG,p046,f_blood,0.12,0.012,0.1541751687384703,True
V2R-PSG,p046,f_blood,0.14,0.014000000000000002,0.15192960308750644,True
V2R-PSG,p046,f_blood,0.16,0.016,0.14985740170958903,True
V2R-PSG,p046,f_blood,0.18,0.018,0.14792922198148642,True
V2R-PSG,p046,f_blood,0.2,0.020000000000000004,0.14612298774386856,True
V2R-PSG,p046,f_blood,0.22,0.022000000000000002,0.14442161167518774,True
V2R-PSG,p046,f_blood,0.24,0.024,0.14281155844712473,True
V2R-PSG,p046,f_blood,0.26,0.026000000000000002,0.14128189829540502,True
V2R-PSG,p046,f_blood,0.28,0.028000000000000004,0.13982366102164873,True
V2R-PSG,p046,f_blood,0.3,0.03,0.1384293816749007,True
V2R-PSG,p046,f_blood,0.32,0.032,0.13709277279133059,True
V2R-PSG,p046,f_blood,0.34,0.034,0.13580848268056647,True
V2R-PSG,p046,f_blood,0.36,0.036,0.13457191371830504,True
V2R-PSG,p046,f_blood,0.38,0.038000000000000006,0.13337908342432367,True
V2R-PSG,p046,f_blood,0.4,0.04000000000000001,0.13222651665021612,True
V2R-PSG,p046,f_blood,0.42,0.042,0.1311111607844485,True
V2R-PSG,p046,f_blood,0.44,0.044000000000000004,0.13003031825473818,True
V2R-PSG,p046,f_blood,0.46,0.046000000000000006,0.12898159221284936,True
V2R-PSG,p046,f_blood,0.48,0.048,0.12796284239420969,True
V2R-PSG,p046,f_blood,0.5,0.05,0.12697214892220715,True
V2R-PSG,p046,f_blood,0.52,0.052000000000000005,0.12600778238166868,True
V2R-PSG,p046,f_blood,0.54,0.054000000000000006,0.1250681788875244,True
V2R-PSG,p046,f_blood,0.56,0.05600000000000001,0.1241519191692087,True
V2R-PSG,p046,f_blood,0.58,0.057999999999999996,0.12325771091010375,True
V2R-PSG,p046,f_blood,0.6,0.06,0.12238437374564583,True
V2R-PSG,p046,f_blood,0.62,0.062,0.1215308264484447,True
V2R-PSG,p046,f_blood,0.64,0.064,0.12069607592436372,True
V2R-PSG,p046,f_blood,0.66,0.066,0.11987920771746187,True
V2R-PSG,p046,f_blood,0.68,0.068,0.11907937777937354,True
V2R-PSG,p046,f_blood,0.7000000000000001,0.07,0.11829580530407013,True
V2R-PSG,p046,f_blood,0.72,0.072,0.11752776646484896,True
V2R-PSG,p046,f_blood,0.74,0.074,0.11677458891908163,True
V2R-PSG,p046,f_blood,0.76,0.07600000000000001,0.11603564696924382,True
V2R-PSG,p046,f_blood,0.78,0.07800000000000001,0.11531035728734254,True
V2R-PSG,p046,f_blood,0.8,0.08000000000000002,0.11459817512497074,True
V2R-PSG,p046,f_blood,0.8200000000000001,0.08200000000000002,0.1138985909435576,True
V2R-PSG,p046,f_blood,0.84,0.084,0.1132111274095314,True
V2R-PSG,p046,f_blood,0.86,0.08600000000000001,0.11253533670747927,True
V2R-PSG,p046,f_blood,0.88,0.08800000000000001,0.11187079813133623,True
V2R-PSG,p046,f_blood,0.9,0.09000000000000001,0.1112171159194247,True
V2R-PSG,p046,f_blood,0.92,0.09200000000000001,0.11057391730400566,True
V2R-PSG,p046,f_blood,0.9400000000000001,0.09400000000000001,0.10994085075007524,True
V2R-PSG,p046,f_blood,0.96,0.096,0.10931758436157149,True
V2R-PSG,p046,f_blood,0.98,0.098,0.1087038044360624,True
V2R-PSG,p046,f_blood,1.0,0.1,0.1080992141514597,True
V2R-PSG,p047,f_mel,0.0,0.0,0.9995593758809308,True
V2R-PSG,p047,f_mel,0.02,0.0086,0.9144931532587477,True
V2R-PSG,p047,f_mel,0.04,0.0172,0.833157047880716,True
V2R-PSG,p047,f_mel,0.06,0.0258,0.7552986769716487,True
V2R-PSG,p047,f_mel,0.08,0.0344,0.6806992834732423,True
V2R-PSG,p047,f_mel,0.1,0.043000000000000003,0.6091690016334705,True
V2R-PSG,p047,f_mel,0.12,0.0516,0.5405451386181327,True
V2R-PSG,p047,f_mel,0.14,0.060200000000000004,0.4746936354958101,True
V2R-PSG,p047,f_mel,0.16,0.0688,0.41151497224191674,True
V2R-PSG,p047,f_mel,0.18,0.0774,0.35095791974770235,True
V2R-PSG,p047,f_mel,0.2,0.08600000000000001,0.29304960778112066,True
V2R-PSG,p047,f_mel,0.22,0.0946,0.237964113787251,True
V2R-PSG,p047,f_mel,0.24,0.1032,0.18619375866220136,True
V2R-PSG,p047,f_mel,0.26,0.1118,0.13902985983878086,True
V2R-PSG,p047,f_mel,0.28,0.12040000000000001,0.10003405783186062,True
V2R-PSG,p047,f_mel,0.3,0.129,0.07847231516858298,True
V2R-PSG,p047,f_mel,0.3051987029415611,0.13123544226487127,0.07741006728302892,True
V2R-PSG,p047,f_mel,0.32,0.1376,0.08529540503665346,True
V2R-PSG,p047,f_mel,0.34,0.1462,0.10460343662064077,True
V2R-PSG,p047,f_mel,0.36,0.1548,0.12578614483200057,True
V2R-PSG,p047,f_mel,0.38,0.1634,0.14890333970574918,True
V2R-PSG,p047,f_mel,0.4,0.17200000000000001,0.17425297656080954,True
V2R-PSG,p047,f_mel,0.42,0.18059999999999998,0.20223756420471156,True
V2R-PSG,p047,f_mel,0.44,0.1892,0.23447153249715855,True
V2R-PSG,p047,f_mel,0.46,0.1978,0.2699340660554405,True
V2R-PSG,p047,f_mel,0.48,0.2064,0.30696598939153713,True
V2R-PSG,p047,f_mel,0.5,0.215,0.34461971835189015,True
V2R-PSG,p047,f_mel,0.52,0.2236,0.38234672836239086,True
V2R-PSG,p047,f_mel,0.54,0.23220000000000002,0.4198225850090853,True
V2R-PSG,p047,f_mel,0.56,0.24080000000000001,0.4568520233452256,True
V2R-PSG,p047,f_mel,0.58,0.24939999999999998,0.4933166782136399,True
V2R-PSG,p047,f_mel,0.6,0.258,0.5291454245619152,True
V2R-PSG,p047,f_mel,0.62,0.2666,0.5642969751293478,True
V2R-PSG,p047,f_mel,0.64,0.2752,0.5987493336590745,True
V2R-PSG,p047,f_mel,0.66,0.2838,0.6324932102922833,True
V2R-PSG,p047,f_mel,0.68,0.2924,0.6655278003627938,True
V2R-PSG,p047,f_mel,0.7000000000000001,0.30100000000000005,0.6978580147439639,True
V2R-PSG,p047,f_mel,0.72,0.3096,0.7294926256983962,True
V2R-PSG,p047,f_mel,0.74,0.3182,0.7604430040938908,True
V2R-PSG,p047,f_mel,0.76,0.3268,0.790722246848839,True
V2R-PSG,p047,f_mel,0.78,0.33540000000000003,0.8203445668150757,True
V2R-PSG,p047,f_mel,0.8,0.34400000000000003,0.8493248621467447,True
V2R-PSG,p047,f_mel,0.8200000000000001,0.3526,0.8776784102542657,True
V2R-PSG,p047,f_mel,0.84,0.36119999999999997,0.9054206493633606,True
V2R-PSG,p047,f_mel,0.86,0.36979999999999996,0.9325670223715038,True
V2R-PSG,p047,f_mel,0.88,0.3784,0.9591328654324983,True
V2R-PSG,p047,f_mel,0.9,0.387,0.9851333289138495,True
V2R-PSG,p047,f_mel,0.92,0.3956,1.0105833219373195,True
V2R-PSG,p047,f_mel,0.9400000000000001,0.4042,1.0354974741849197,True
V2R-PSG,p047,f_mel,0.96,0.4128,1.059890110387702,True
V2R-PSG,p047,f_mel,0.98,0.4214,1.0837752341465856,True
V2R-PSG,p047,f_mel,1.0,0.43,1.1071665186182291,True
V2R-PSG,p047,f_blood,0.0,0.0,0.15770428877752446,True
V2R-PSG,p047,f_blood,0.02,0.002,0.1500583399985277,True
V2R-PSG,p047,f_blood,0.04,0.004,0.14444973468245445,True
V2R-PSG,p047,f_blood,0.06,0.006,0.1398975718731017,True
V2R-PSG,p047,f_blood,0.08,0.008,0.1360179814664604,True
V2R-PSG,p047,f_blood,0.1,0.010000000000000002,0.13261332229985284,True
V2R-PSG,p047,f_blood,0.12,0.012,0.12956611060266932,True
V2R-PSG,p047,f_blood,0.14,0.014000000000000002,0.1267998835534846,True
V2R-PSG,p047,f_blood,0.16,0.016,0.12426164178027577,True
V2R-PSG,p047,f_blood,0.18,0.018,0.12191290159633959,True
V2R-PSG,p047,f_blood,0.2,0.020000000000000004,0.11972470110507094,True
V2R-PSG,p047,f_blood,0.22,0.022000000000000002,0.11767461538600563,True
V2R-PSG,p047,f_blood,0.24,0.024,0.11574487410943138,True
V2R-PSG,p047,f_blood,0.26,0.026000000000000002,0.11392112187941862,True
V2R-PSG,p047,f_blood,0.28,0.028000000000000004,0.11219157217451466,True
V2R-PSG,p047,f_blood,0.3,0.03,0.11054641234321787,True
V2R-PSG,p047,f_blood,0.32,0.032,0.10897737432954455,True
V2R-PSG,p047,f_blood,0.34,0.034,0.10747741806454762,True
V2R-PSG,p047,f_blood,0.36,0.036,0.10604049342256962,True
V2R-PSG,p047,f_blood,0.38,0.038000000000000006,0.10466135819449061,True
V2R-PSG,p047,f_blood,0.4,0.04000000000000001,0.10333543679257622,True
V2R-PSG,p047,f_blood,0.42,0.042,0.10205870909350052,True
V2R-PSG,p047,f_blood,0.44,0.044000000000000004,0.10082762193204849,True
V2R-PSG,p047,f_blood,0.46,0.046000000000000006,0.09963901785913697,True
V2R-PSG,p047,f_blood,0.48,0.048,0.09849007722717426,True
V2R-PSG,p047,f_blood,0.5,0.05,0.09737827068334763,True
V2R-PSG,p047,f_blood,0.52,0.052000000000000005,0.0963013198773505,True
V2R-PSG,p047,f_blood,0.54,0.054000000000000006,0.0952571647155458,True
V2R-PSG,p047,f_blood,0.56,0.05600000000000001,0.09424393587906953,True
V2R-PSG,p047,f_blood,0.58,0.057999999999999996,0.09325993160969603,True
V2R-PSG,p047,f_blood,0.6,0.06,0.09230359798236738,True
V2R-PSG,p047,f_blood,0.62,0.062,0.09137351204655145,True
V2R-PSG,p047,f_blood,0.64,0.064,0.09046836734375419,True
V2R-PSG,p047,f_blood,0.66,0.066,0.08958696140531978,True
V2R-PSG,p047,f_blood,0.68,0.068,0.08872818491018516,True
V2R-PSG,p047,f_blood,0.7000000000000001,0.07,0.08789101224164182,True
V2R-PSG,p047,f_blood,0.72,0.072,0.0870744932292144,True
V2R-PSG,p047,f_blood,0.74,0.074,0.08627774589929749,True
V2R-PSG,p047,f_blood,0.76,0.07600000000000001,0.08549995008833919,True
V2R-PSG,p047,f_blood,0.78,0.07800000000000001,0.08474034179671498,True
V2R-PSG,p047,f_blood,0.8,0.08000000000000002,0.0839982081812344,True
V2R-PSG,p047,f_blood,0.8200000000000001,0.08200000000000002,0.08327288310040205,True
V2R-PSG,p047,f_blood,0.84,0.084,0.0825637431398527,True
V2R-PSG,p047,f_blood,0.86,0.08600000000000001,0.08187020405635234,True
V2R-PSG,p047,f_blood,0.88,0.08800000000000001,0.0811917175878705,True
V2R-PSG,p047,f_blood,0.9,0.09000000000000001,0.0805277685848157,True
V2R-PSG,p047,f_blood,0.92,0.09200000000000001,0.07987787242388154,True
V2R-PSG,p047,f_blood,0.9400000000000001,0.09400000000000001,0.07924157267128783,True
V2R-PSG,p047,f_blood,0.96,0.096,0.07861843896671078,True
V2R-PSG,p047,f_blood,0.98,0.098,0.07800806510300468,True
V2R-PSG,p047,f_blood,1.0,0.1,0.07741006728006924,True
V2R-PSG,p048,f_mel,0.0,0.0,0.8686696078261728,True
V2R-PSG,p048,f_mel,0.02,0.0086,0.7837141862260232,True
V2R-PSG,p048,f_mel,0.04,0.0172,0.7025567594372392,True
V2R-PSG,p048,f_mel,0.06,0.0258,0.6249667570264718,True
V2R-PSG,p048,f_mel,0.08,0.0344,0.5507561369447751,True
V2R-PSG,p048,f_mel,0.1,0.043000000000000003,0.47978133283407953,True
V2R-PSG,p048,f_mel,0.12,0.0516,0.4119539499715933,True
V2R-PSG,p048,f_mel,0.14,0.060200000000000004,0.3472670300265264,True
V2R-PSG,p048,f_mel,0.16,0.0688,0.28585468207843845,True
V2R-PSG,p048,f_mel,0.18,0.0774,0.22813352327100223,True
V2R-PSG,p048,f_mel,0.2,0.08600000000000001,0.17516870329882378,True
V2R-PSG,p048,f_mel,0.22,0.0946,0.12969721913961946,True
V2R-PSG,p048,f_mel,0.24,0.1032,0.09865950568122481,True
V2R-PSG,p048,f_mel,0.25323817326039033,0.10889241450196784,0.09192408775993853,True
V2R-PSG,p048,f_mel,0.26,0.1118,0.09366969753229563,True
V2R-PSG,p048,f_mel,0.28,0.12040000000000001,0.11202904088582184,True
V2R-PSG,p048,f_mel,0.3,0.129,0.13345730916758264,True
V2R-PSG,p048,f_mel,0.32,0.1376,0.15651441382564035,True
V2R-PSG,p048,f_mel,0.34,0.1462,0.18157146213609568,True
V2R-PSG,p048,f_mel,0.36,0.1548,0.20912138341515182,True
V2R-PSG,p048,f_mel,0.38,0.1634,0.24026839020960336,True
V2R-PSG,p048,f_mel,0.4,0.17200000000000001,0.27604392845203823,True
V2R-PSG,p048,f_mel,0.42,0.18059999999999998,0.3143931136433563,True
V2R-PSG,p048,f_mel,0.44,0.1892,0.3539394965270786,True
V2R-PSG,p048,f_mel,0.46,0.1978,0.3938808001262183,True
V2R-PSG,p048,f_mel,0.48,0.2064,0.43374266178644627,True
V2R-PSG,p048,f_mel,0.5,0.215,0.4732398420105185,True
V2R-PSG,p048,f_mel,0.52,0.2236,0.5121989969022848,True
V2R-PSG,p048,f_mel,0.54,0.23220000000000002,0.5505149223712404,True
V2R-PSG,p048,f_mel,0.56,0.24080000000000001,0.588125052796876,True
V2R-PSG,p048,f_mel,0.58,0.24939999999999998,0.6249941420572759,True
V2R-PSG,p048,f_mel,0.6,0.258,0.6611047906144859,True
V2R-PSG,p048,f_mel,0.62,0.2666,0.6964514307233508,True
V2R-PSG,p048,f_mel,0.64,0.2752,0.7310364165969979,True
V2R-PSG,p048,f_mel,0.66,0.2838,0.7648674302481214,True
V2R-PSG,p048,f_mel,0.68,0.2924,0.7979557297181815,True
V2R-PSG,p048,f_mel,0.7000000000000001,0.30100000000000005,0.8303149484708748,True
V2R-PSG,p048,f_mel,0.72,0.3096,0.8619602624469617,True
V2R-PSG,p048,f_mel,0.74,0.3182,0.8929078066172815,True
V2R-PSG,p048,f_mel,0.76,0.3268,0.9231742634286801,True
V2R-PSG,p048,f_mel,0.78,0.33540000000000003,0.9527765712545163,True
V2R-PSG,p048,f_mel,0.8,0.34400000000000003,0.9817317175899699,True
V2R-PSG,p048,f_mel,0.8200000000000001,0.3526,1.0100565926796072,True
V2R-PSG,p048,f_mel,0.84,0.36119999999999997,1.0377678865911175,True
V2R-PSG,p048,f_mel,0.86,0.36979999999999996,1.0648820177271787,True
V2R-PSG,p048,f_mel,0.88,0.3784,1.0914150841968715,True
V2R-PSG,p048,f_mel,0.9,0.387,1.1173828318608174,True
V2R-PSG,p048,f_mel,0.92,0.3956,1.142800634553141,True
V2R-PSG,p048,f_mel,0.9400000000000001,0.4042,1.1676834831881593,True
V2R-PSG,p048,f_mel,0.96,0.4128,1.1920459813275073,True
V2R-PSG,p048,f_mel,0.98,0.4214,1.2159023454140523,True
V2R-PSG,p048,f_mel,1.0,0.43,1.2392664083400715,True
V2R-PSG,p048,f_blood,0.0,0.0,0.17836645695949296,True
V2R-PSG,p048,f_blood,0.02,0.002,0.1702325613388186,True
V2R-PSG,p048,f_blood,0.04,0.004,0.16427217215281578,True
V2R-PSG,p048,f_blood,0.06,0.006,0.1594350183371129,True
V2R-PSG,p048,f_blood,0.08,0.008,0.15531142144438664,True
V2R-PSG,p048,f_blood,0.1,0.010000000000000002,0.1516909403427369,True
V2R-PSG,p048,f_blood,0.12,0.012,0.14844869712461364,True
V2R-PSG,p048,f_blood,0.14,0.014000000000000002,0.14550352075749032,True
V2R-PSG,p048,f_blood,0.16,0.016,0.1427992020586066,True
V2R-PSG,p048,f_blood,0.18,0.018,0.14029495515879067,True
V2R-PSG,p048,f_blood,0.2,0.020000000000000004,0.13796010087606286,True
V2R-PSG,p048,f_blood,0.22,0.022000000000000002,0.1357708926358797,True
V2R-PSG,p048,f_blood,0.24,0.024,0.13370851671101502,True
V2R-PSG,p048,f_blood,0.26,0.026000000000000002,0.13175777640112155,True
V2R-PSG,p048,f_blood,0.28,0.028000000000000004,0.12990619466230968,True
V2R-PSG,p048,f_blood,0.3,0.03,0.12814338342392814,True
V2R-PSG,p048,f_blood,0.32,0.032,0.12646058882547886,True
V2R-PSG,p048,f_blood,0.34,0.034,0.12485035596828117,True
V2R-PSG,p048,f_blood,0.36,0.036,0.12330627695894728,True
V2R-PSG,p048,f_blood,0.38,0.038000000000000006,0.12182279830937139,True
V2R-PSG,p048,f_blood,0.4,0.04000000000000001,0.1203950714766876,True
V2R-PSG,p048,f_blood,0.42,0.042,0.1190188353104021,True
V2R-PSG,p048,f_blood,0.44,0.044000000000000004,0.11769032247114285,True
V2R-PSG,p048,f_blood,0.46,0.046000000000000006,0.11640618411483185,True
V2R-PSG,p048,f_blood,0.48,0.048,0.11516342867318331,True
V2R-PSG,p048,f_blood,0.5,0.05,0.11395937164010475,True
V2R-PSG,p048,f_blood,0.52,0.052000000000000005,0.11279159404277216,True
V2R-PSG,p048,f_blood,0.54,0.054000000000000006,0.11165790783274548,True
V2R-PSG,p048,f_blood,0.56,0.05600000000000001,0.11055632684068382,True
V2R-PSG,p048,f_blood,0.58,0.057999999999999996,0.10948504224129138,True
V2R-PSG,p048,f_blood,0.6,0.06,0.10844240170271283,True
V2R-PSG,p048,f_blood,0.62,0.062,0.10742689156732534,True
V2R-PSG,p048,f_blood,0.64,0.064,0.10643712154324211,True
V2R-PSG,p048,f_blood,0.66,0.066,0.10547181148821574,True
V2R-PSG,p048,f_blood,0.68,0.068,0.10452977994747827,True
V2R-PSG,p048,f_blood,0.7000000000000001,0.07,0.10360993416983316,True
V2R-PSG,p048,f_blood,0.72,0.072,0.10271126137604208,True
V2R-PSG,p048,f_blood,0.74,0.074,0.10183282109321007,True
V2R-PSG,p048,f_blood,0.76,0.07600000000000001,0.10097373840072682,True
V2R-PSG,p048,f_blood,0.78,0.07800000000000001,0.10013319795904978,True
V2R-PSG,p048,f_blood,0.8,0.08000000000000002,0.09931043871352953,True
V2R-PSG,p048,f_blood,0.8200000000000001,0.08200000000000002,0.09850474918256916,True
V2R-PSG,p048,f_blood,0.84,0.084,0.09771546325344939,True
V2R-PSG,p048,f_blood,0.86,0.08600000000000001,0.09694195642074875,True
V2R-PSG,p048,f_blood,0.88,0.08800000000000001,0.09618364241189988,True
V2R-PSG,p048,f_blood,0.9,0.09000000000000001,0.09543997015244637,True
V2R-PSG,p048,f_blood,0.92,0.09200000000000001,0.09471042103026886,True
V2R-PSG,p048,f_blood,0.9400000000000001,0.09400000000000001,0.09399450642368919,True
V2R-PSG,p048,f_blood,0.96,0.096,0.0932917654631176,True
V2R-PSG,p048,f_blood,0.98,0.098,0.09260176299993937,True
V2R-PSG,p048,f_blood,1.0,0.1,0.09192408775975862,True
V2R-PSG,p049,f_mel,0.0,0.0,0.99035357305678,True
V2R-PSG,p049,f_mel,0.02,0.0086,0.9046329755770774,True
V2R-PSG,p049,f_mel,0.04,0.0172,0.8225960787183958,True
V2R-PSG,p049,f_mel,0.06,0.0258,0.7439983767536672,True
V2R-PSG,p049,f_mel,0.08,0.0344,0.6686262258787198,True
V2R-PSG,p049,f_mel,0.1,0.043000000000000003,0.5962922463142949,True
V2R-PSG,p049,f_mel,0.12,0.0516,0.5268334819414299,True
V2R-PSG,p049,f_mel,0.14,0.060200000000000004,0.460112451928034,True
V2R-PSG,p049,f_mel,0.16,0.0688,0.39602229912919196,True
V2R-PSG,p049,f_mel,0.18,0.0774,0.33449943481296873,True
V2R-PSG,p049,f_mel,0.2,0.08600000000000001,0.2755526459043067,True
V2R-PSG,p049,f_mel,0.22,0.0946,0.21933413097185442,True
V2R-PSG,p049,f_mel,0.24,0.1032,0.166335072224358,True
V2R-PSG,p049,f_mel,0.26,0.1118,0.11802224313567049,True
V2R-PSG,p049,f_mel,0.28,0.12040000000000001,0.07926038793052562,True
V2R-PSG,p049,f_mel,0.2980435441119564,0.12815872396814124,0.06443713997774804,True
V2R-PSG,p049,f_mel,0.3,0.129,0.0646251900293669,True
V2R-PSG,p049,f_mel,0.32,0.1376,0.07951160090124833,True
V2R-PSG,p049,f_mel,0.34,0.1462,0.100371440921111,True
V2R-PSG,p049,f_mel,0.36,0.1548,0.12416915936796136,True
V2R-PSG,p049,f_mel,0.38,0.1634,0.15036635282417224,True
V2R-PSG,p049,f_mel,0.4,0.17200000000000001,0.1788813488465543,True
V2R-PSG,p049,f_mel,0.42,0.18059999999999998,0.20984819811726974,True
V2R-PSG,p049,f_mel,0.44,0.1892,0.24460665178905733,True
V2R-PSG,p049,f_mel,0.46,0.1978,0.28197209345332663,True
V2R-PSG,p049,f_mel,0.48,0.2064,0.3205032199820462,True
V2R-PSG,p049,f_mel,0.5,0.215,0.35939201588911845,True
V2R-PSG,p049,f_mel,0.52,0.2236,0.39817542685716106,True
V2R-PSG,p049,f_mel,0.54,0.23220000000000002,0.43658181434599086,True
V2R-PSG,p049,f_mel,0.56,0.24080000000000001,0.474449398080228,True
V2R-PSG,p049,f_mel,0.58,0.24939999999999998,0.5116817246637755,True
V2R-PSG,p049,f_mel,0.6,0.258,0.5482224646565793,True
V2R-PSG,p049,f_mel,0.62,0.2666,0.5840406230311758,True
V2R-PSG,p049,f_mel,0.64,0.2752,0.6191215638973302,True
V2R-PSG,p049,f_mel,0.66,0.2838,0.6534613975275263,True
V2R-PSG,p049,f_mel,0.68,0.2924,0.6870633763301154,True
V2R-PSG,p049,f_mel,0.7000000000000001,0.30100000000000005,0.719935527324541,True
V2R-PSG,p049,f_mel,0.72,0.3096,0.7520890662376174,True
V2R-PSG,p049,f_mel,0.74,0.3182,0.7835373175541431,True
V2R-PSG,p049,f_mel,0.76,0.3268,0.8142949690540238,True
V2R-PSG,p049,f_mel,0.78,0.33540000000000003,0.8443775516335754,True
V2R-PSG,p049,f_mel,0.8,0.34400000000000003,0.8738010733658216,True
V2R-PSG,p049,f_mel,0.8200000000000001,0.3526,0.9025817606818752,True
V2R-PSG,p049,f_mel,0.84,0.36119999999999997,0.9307358748783569,True
V2R-PSG,p049,f_mel,0.86,0.36979999999999996,0.9582795821586527,True
V2R-PSG,p049,f_mel,0.88,0.3784,0.9852288620611989,True
V2R-PSG,p049,f_mel,0.9,0.387,1.0115994436141325,True
V2R-PSG,p049,f_mel,0.92,0.3956,1.0374067616288023,True
V2R-PSG,p049,f_mel,0.9400000000000001,0.4042,1.062665927678171,True
V2R-PSG,p049,f_mel,0.96,0.4128,1.0873917118055487,True
V2R-PSG,p049,f_mel,0.98,0.4214,1.11159853207466,True
V2R-PSG,p049,f_mel,1.0,0.43,1.1353004498369912,True
V2R-PSG,p049,f_blood,0.0,0.0,0.15420542049716646,True
V2R-PSG,p049,f_blood,0.02,0.002,0.14517883975448573,True
V2R-PSG,p049,f_blood,0.04,0.004,0.13854936691268463,True
V2R-PSG,p049,f_blood,0.06,0.006,0.13317061541968586,True
V2R-PSG,p049,f_blood,0.08,0.008,0.12859172427139945,True
V2R-PSG,p049,f_blood,0.1,0.010000000000000002,0.1245798523115787,True
V2R-PSG,p049,f_blood,0.12,0.012,0.1209962692889314,True
V2R-PSG,p049,f_blood,0.14,0.014000000000000002,0.11775051229838053,True
V2R-PSG,p049,f_blood,0.16,0.016,0.11477977721723162,True
V2R-PSG,p049,f_blood,0.18,0.018,0.11203839817368325,True
V2R-PSG,p049,f_blood,0.2,0.020000000000000004,0.10949196715581026,True
V2R-PSG,p049,f_blood,0.22,0.022000000000000002,0.10711381468826077,True
V2R-PSG,p049,f_blood,0.24,0.024,0.10488278768976861,True
V2R-PSG,p049,f_blood,0.26,0.026000000000000002,0.10278178445665953,True
V2R-PSG,p049,f_blood,0.28,0.028000000000000004,0.10079675378106061,True
V2R-PSG,p049,f_blood,0.3,0.03,0.09891599040015275,True
V2R-PSG,p049,f_blood,0.32,0.032,0.09712962623870572,True
V2R-PSG,p049,f_blood,0.34,0.034,0.09542925486591813,True
V2R-PSG,p049,f_blood,0.36,0.036,0.09380764891828043,True
V2R-PSG,p049,f_blood,0.38,0.038000000000000006,0.09225854385607035,True
V2R-PSG,p049,f_blood,0.4,0.04000000000000001,0.09077646998609533,True
V2R-PSG,p049,f_blood,0.42,0.042,0.0893566202207258,True
V2R-PSG,p049,f_blood,0.44,0.044000000000000004,0.08799474471127952,True
V2R-PSG,p049,f_blood,0.46,0.046000000000000006,0.08668706597675792,True
V2R-PSG,p049,f_blood,0.48,0.048,0.08543020986272595,True
V2R-PSG,p049,f_blood,0.5,0.05,0.08422114886901702,True
V2R-PSG,p049,f_blood,0.52,0.052000000000000005,0.08305715524426463,True
V2R-PSG,p049,f_blood,0.54,0.054000000000000006,0.0819357618676377,True
V2R-PSG,p049,f_blood,0.56,0.05600000000000001,0.08085472939497906,True
V2R-PSG,p049,f_blood,0.58,0.057999999999999996,0.07981201848599905,True
V2R-PSG,p049,f_blood,0.6,0.06,0.07880576618428393,True
V2R-PSG,p049,f_blood,0.62,0.062,0.07783426571562761,True
V2R-PSG,p049,f_blood,0.64,0.064,0.07689594911877741,True
V2R-PSG,p049,f_blood,0.66,0.066,0.07598937223766998,True
V2R-PSG,p049,f_blood,0.68,0.068,0.07511320169398047,True
V2R-PSG,p049,f_blood,0.7000000000000001,0.07,0.07426620352940122,True
V2R-PSG,p049,f_blood,0.72,0.072,0.0734472332630203,True
V2R-PSG,p049,f_blood,0.74,0.074,0.0726552271538245,True
V2R-PSG,p049,f_blood,0.76,0.07600000000000001,0.0718891944942217,True
V2R-PSG,p049,f_blood,0.78,0.07800000000000001,0.07114821078947582,True
V2R-PSG,p049,f_blood,0.8,0.08000000000000002,0.07043141170152298,True
V2R-PSG,p049,f_blood,0.8200000000000001,0.08200000000000002,0.06973798765491276,True
V2R-PSG,p049,f_blood,0.84,0.084,0.06906717901846116,True
V2R-PSG,p049,f_blood,0.86,0.08600000000000001,0.06841827178928428,True
V2R-PSG,p049,f_blood,0.88,0.08800000000000001,0.06779059371674183,True
V2R-PSG,p049,f_blood,0.9,0.09000000000000001,0.06718351081286851,True
V2R-PSG,p049,f_blood,0.92,0.09200000000000001,0.06659642420344826,True
V2R-PSG,p049,f_blood,0.9400000000000001,0.09400000000000001,0.06602876728025266,True
V2R-PSG,p049,f_blood,0.96,0.096,0.06548000312033969,True
V2R-PSG,p049,f_blood,0.98,0.098,0.06494962214285295,True
V2R-PSG,p049,f_blood,1.0,0.1,0.06443713997763098,True
V2R-PSG,p050,f_mel,0.0,0.0,0.8041881314908447,True
V2R-PSG,p050,f_mel,0.02,0.0086,0.7182193949556737,True
V2R-PSG,p050,f_mel,0.04,0.0172,0.6359980375229618,True
V2R-PSG,p050,f_mel,0.06,0.0258,0.5572843077363536,True
V2R-PSG,p050,f_mel,0.08,0.0344,0.4818754381056277,True
V2R-PSG,p050,f_mel,0.1,0.043000000000000003,0.4096060971437429,True
V2R-PSG,p050,f_mel,0.12,0.0516,0.3403577472912853,True
V2R-PSG,p050,f_mel,0.14,0.060200000000000004,0.27408678179138357,True
V2R-PSG,p050,f_mel,0.16,0.0688,0.2109041271600132,True
V2R-PSG,p050,f_mel,0.18,0.0774,0.1513332479164801,True
V2R-PSG,p050,f_mel,0.2,0.08600000000000001,0.09738684832628822,True
V2R-PSG,p050,f_mel,0.22,0.0946,0.05849562283827701,True
V2R-PSG,p050,f_mel,0.22810697338245348,0.09808599855445499,0.0537777839903463,True
V2R-PSG,p050,f_mel,0.24,0.1032,0.06232102071347542,True
V2R-PSG,p050,f_mel,0.26,0.1118,0.08569859848503107,True
V2R-PSG,p050,f_mel,0.28,0.12040000000000001,0.11184722933109272,True
V2R-PSG,p050,f_mel,0.3,0.129,0.14017549450511593,True
V2R-PSG,p050,f_mel,0.32,0.1376,0.17071145486478884,True
V2R-PSG,p050,f_mel,0.34,0.1462,0.20372414104299627,True
V2R-PSG,p050,f_mel,0.36,0.1548,0.24048382509303454,True
V2R-PSG,p050,f_mel,0.38,0.1634,0.2811922200082249,True
V2R-PSG,p050,f_mel,0.4,0.17200000000000001,0.323689010006706,True
V2R-PSG,p050,f_mel,0.42,0.18059999999999998,0.3667783463036951,True
V2R-PSG,p050,f_mel,0.44,0.1892,0.4098071749961876,True
V2R-PSG,p050,f_mel,0.46,0.1978,0.45240943993901167,True
V2R-PSG,p050,f_mel,0.48,0.2064,0.49437640697683866,True
V2R-PSG,p050,f_mel,0.5,0.215,0.5355890983627918,True
V2R-PSG,p050,f_mel,0.52,0.2236,0.5759816409654526,True
V2R-PSG,p050,f_mel,0.54,0.23220000000000002,0.6155205488645075,True
V2R-PSG,p050,f_mel,0.56,0.24080000000000001,0.6541925606287945,True
V2R-PSG,p050,f_mel,0.58,0.24939999999999998,0.691997256282244,True
V2R-PSG,p050,f_mel,0.6,0.258,0.7289424449303578,True
V2R-PSG,p050,f_mel,0.62,0.2666,0.7650412123324003,True
V2R-PSG,p050,f_mel,0.64,0.2752,0.8003099926164475,True
V2R-PSG,p050,f_mel,0.66,0.2838,0.834767288258359,True
V2R-PSG,p050,f_mel,0.68,0.2924,0.868432809757161,True
V2R-PSG,p050,f_mel,0.7000000000000001,0.30100000000000005,0.9013268923681095,True
V2R-PSG,p050,f_mel,0.72,0.3096,0.9334700988246211,True
V2R-PSG,p050,f_mel,0.74,0.3182,0.9648829487038438,True
V2R-PSG,p050,f_mel,0.76,0.3268,0.9955857350534096,True
V2R-PSG,p050,f_mel,0.78,0.33540000000000003,1.0255984017191433,True
V2R-PSG,p050,f_mel,0.8,0.34400000000000003,1.054940463203654,True
V2R-PSG,p050,f_mel,0.8200000000000001,0.3526,1.0836309544688338,True
V2R-PSG,p050,f_mel,0.84,0.36119999999999997,1.1116884018674085,True
V2R-PSG,p050,f_mel,0.86,0.36979999999999996,1.1391308089725518,True
V2R-PSG,p050,f_mel,0.88,0.3784,1.1659756528665386,True
V2R-PSG,p050,f_mel,0.9,0.387,1.192239887706169,True
V2R-PSG,p050,f_mel,0.92,0.3956,1.2179399532729016,True
V2R-PSG,p050,f_mel,0.9400000000000001,0.4042,1.2430917868518396,True
V2R-PSG,p050,f_mel,0.96,0.4128,1.2677108372419978,True
V2R-PSG,p050,f_mel,0.98,0.4214,1.291812080032309,True
V2R-PSG,p050,f_mel,1.0,0.43,1.3154100335211774,True
V2R-PSG,p050,f_blood,0.0,0.0,0.160311979851101,True
V2R-PSG,p050,f_blood,0.02,0.002,0.15004892815851423,True
V2R-PSG,p050,f_blood,0.04,0.004,0.14250600469832464,True
V2R-PSG,p050,f_blood,0.06,0.006,0.13637491042061414,True
V2R-PSG,p050,f_blood,0.08,0.008,0.13114370835617548,True
V2R-PSG,p050,f_blood,0.1,0.010000000000000002,0.12654892723011676,True
V2R-PSG,p050,f_blood,0.12,0.012,0.12243398501077526,True
V2R-PSG,p050,f_blood,0.14,0.014000000000000002,0.11869697386646542,True
V2R-PSG,p050,f_blood,0.16,0.016,0.11526724808378164,True
V2R-PSG,p050,f_blood,0.18,0.018,0.11209349850139817,True
V2R-PSG,p050,f_blood,0.2,0.020000000000000004,0.10913709928469996,True
V2R-PSG,p050,f_blood,0.22,0.022000000000000002,0.10636813253212005,True
V2R-PSG,p050,f_blood,0.24,0.024,0.1037628817081153,True
V2R-PSG,p050,f_blood,0.26,0.026000000000000002,0.10130218115174851,True
V2R-PSG,p050,f_blood,0.28,0.028000000000000004,0.09897028970421821,True
V2R-PSG,p050,f_blood,0.3,0.03,0.09675409858065909,True
V2R-PSG,p050,f_blood,0.32,0.032,0.09464255985817872,True
V2R-PSG,p050,f_blood,0.34,0.034,0.09262626492863607,True
V2R-PSG,p050,f_blood,0.36,0.036,0.09069712752010681,True
V2R-PSG,p050,f_blood,0.38,0.038000000000000006,0.08884814127496234,True
V2R-PSG,p050,f_blood,0.4,0.04000000000000001,0.08707319154086937,True
V2R-PSG,p050,f_blood,0.42,0.042,0.08536690727650738,True
V2R-PSG,p050,f_blood,0.44,0.044000000000000004,0.08372454310760742,True
V2R-PSG,p050,f_blood,0.46,0.046000000000000006,0.08214188436513228,True
V2R-PSG,p050,f_blood,0.48,0.048,0.08061516986612839,True
V2R-PSG,p050,f_blood,0.5,0.05,0.07914102855180935,True
V2R-PSG,p050,f_blood,0.52,0.052000000000000005,0.07771642706334397,True
V2R-PSG,p050,f_blood,0.54,0.054000000000000006,0.0763386260350263,True
V2R-PSG,p050,f_blood,0.56,0.05600000000000001,0.07500514339745284,True
V2R-PSG,p050,f_blood,0.58,0.057999999999999996,0.07371372336431141,True
V2R-PSG,p050,f_blood,0.6,0.06,0.07246231006257509,True
V2R-PSG,p050,f_blood,0.62,0.062,0.07124902498315601,True
V2R-PSG,p050,f_blood,0.64,0.064,0.07007214759562114,True
V2R-PSG,p050,f_blood,0.66,0.066,0.06893009859941773,True
V2R-PSG,p050,f_blood,0.68,0.068,0.06782142538457685,True
V2R-PSG,p050,f_blood,0.7000000000000001,0.07,0.06674478935391812,True
V2R-PSG,p050,f_blood,0.72,0.072,0.06569895482140889,True
V2R-PSG,p050,f_blood,0.74,0.074,0.06468277925130982,True
V2R-PSG,p050,f_blood,0.76,0.07600000000000001,0.06369520464287214,True
V2R-PSG,p050,f_blood,0.78,0.07800000000000001,0.06273524989779385,True
V2R-PSG,p050,f_blood,0.8,0.08000000000000002,0.06180200403401244,True
V2R-PSG,p050,f_blood,0.8200000000000001,0.08200000000000002,0.06089462013097584,True
V2R-PSG,p050,f_blood,0.84,0.084,0.060012309909256094,True
V2R-PSG,p050,f_blood,0.86,0.08600000000000001,0.05915433886201007,True
V2R-PSG,p050,f_blood,0.88,0.08800000000000001,0.058320021867954645,True
V2R-PSG,p050,f_blood,0.9,0.09000000000000001,0.05750871922565929,True
V2R-PSG,p050,f_blood,0.92,0.09200000000000001,0.05671983305746127,True
V2R-PSG,p050,f_blood,0.9400000000000001,0.09400000000000001,0.0559528040384645,True
V2R-PSG,p050,f_blood,0.96,0.096,0.05520710841212701,True
V2R-PSG,p050,f_blood,0.98,0.098,0.054482255259082624,True
V2R-PSG,p050,f_blood,1.0,0.1,0.0537777839902196,True
V2R-PSG,p051,f_mel,0.0,0.0,0.8365304827383806,True
V2R-PSG,p051,f_mel,0.02,0.0086,0.750562196909753,True
V2R-PSG,p051,f_mel,0.04,0.0172,0.6683278384519679,True
V2R-PSG,p051,f_mel,0.06,0.0258,0.58958465781673,True
V2R-PSG,p051,f_mel,0.08,0.0344,0.5141244969975297,True
V2R-PSG,p051,f_mel,0.1,0.043000000000000003,0.44177208617795793,True
V2R-PSG,p051,f_mel,0.12,0.0516,0.37238948753083856,True
V2R-PSG,p051,f_mel,0.14,0.060200000000000004,0.3058917338971536,True
V2R-PSG,p051,f_mel,0.16,0.0688,0.2422895975218195,True
V2R-PSG,p051,f_mel,0.18,0.0774,0.18181472899505666,True
V2R-PSG,p051,f_mel,0.2,0.08600000000000001,0.12536361802108612,True
V2R-PSG,p051,f_mel,0.22,0.0946,0.0766096510139468,True
V2R-PSG,p051,f_mel,0.23974119894209472,0.10308871554510073,0.0527976539920289,True
V2R-PSG,p051,f_mel,0.24,0.1032,0.05280250171719855,True
V2R-PSG,p051,f_mel,0.26,0.1118,0.07038012504822348,True
V2R-PSG,p051,f_mel,0.28,0.12040000000000001,0.0946729003667893,True
V2R-PSG,p051,f_mel,0.3,0.129,0.12134204472829072,True
V2R-PSG,p051,f_mel,0.32,0.1376,0.15013531642124459,True
V2R-PSG,p051,f_mel,0.34,0.1462,0.18120637023205408,True
V2R-PSG,p051,f_mel,0.36,0.1548,0.21496745685688254,True
V2R-PSG,p051,f_mel,0.38,0.1634,0.25317093037515725,True
V2R-PSG,p051,f_mel,0.4,0.17200000000000001,0.29421119425880893,True
V2R-PSG,p051,f_mel,0.42,0.18059999999999998,0.3364176513246645,True
V2R-PSG,p051,f_mel,0.44,0.1892,0.3788899652844248,True
V2R-PSG,p051,f_mel,0.46,0.1978,0.421130224022041,True
V2R-PSG,p051,f_mel,0.48,0.2064,0.4628563266765479,True
V2R-PSG,p051,f_mel,0.5,0.215,0.5039065880189951,True
V2R-PSG,p051,f_mel,0.52,0.2236,0.5441892008506999,True
V2R-PSG,p051,f_mel,0.54,0.23220000000000002,0.5836543220734338,True
V2R-PSG,p051,f_mel,0.56,0.24080000000000001,0.6222780221693571,True
V2R-PSG,p051,f_mel,0.58,0.24939999999999998,0.6600527158451791,True
V2R-PSG,p051,f_mel,0.6,0.258,0.6969812736455888,True
V2R-PSG,p051,f_mel,0.62,0.2666,0.7330732993251567,True
V2R-PSG,p051,f_mel,0.64,0.2752,0.7683427222810756,True
V2R-PSG,p051,f_mel,0.66,0.2838,0.802806211037107,True
V2R-PSG,p051,f_mel,0.68,0.2924,0.8364821120227469,True
V2R-PSG,p051,f_mel,0.7000000000000001,0.30100000000000005,0.8693897316663407,True
V2R-PSG,p051,f_mel,0.72,0.3096,0.9015488470479373,True
V2R-PSG,p051,f_mel,0.74,0.3182,0.9329793711469012,True
V2R-PSG,p051,f_mel,0.76,0.3268,0.9637011240686392,True
V2R-PSG,p051,f_mel,0.78,0.33540000000000003,0.9937336777354681,True
V2R-PSG,p051,f_mel,0.8,0.34400000000000003,1.0230962519563533,True
V2R-PSG,p051,f_mel,0.8200000000000001,0.3526,1.0518076466683064,True
V2R-PSG,p051,f_mel,0.84,0.36119999999999997,1.079886199752032,True
V2R-PSG,p051,f_mel,0.86,0.36979999999999996,1.1073497629596667,True
V2R-PSG,p051,f_mel,0.88,0.3784,1.1342156906532272,True
V2R-PSG,p051,f_mel,0.9,0.387,1.1605008375595525,True
V2R-PSG,p051,f_mel,0.92,0.3956,1.1862215628101356,True
V2R-PSG,p051,f_mel,0.9400000000000001,0.4042,1.2113937382907105,True
V2R-PSG,p051,f_mel,0.96,0.4128,1.236032759868604,True
V2R-PSG,p051,f_mel,0.98,0.4214,1.2601535604599947,True
V2R-PSG,p051,f_mel,1.0,0.43,1.283770624175941,True
V2R-PSG,p051,f_blood,0.0,0.0,0.15711996384700785,True
V2R-PSG,p051,f_blood,0.02,0.002,0.14707736622813009,True
V2R-PSG,p051,f_blood,0.04,0.004,0.13969374106752153,True
V2R-PSG,p051,f_blood,0.06,0.006,0.133690903254515,True
V2R-PSG,p051,f_blood,0.08,0.008,0.12856850687113325,True
V2R-PSG,p051,f_blood,0.1,0.010000000000000002,0.12406894598412059,True
V2R-PSG,p051,f_blood,0.12,0.012,0.12003907329667891,True
V2R-PSG,p051,f_blood,0.14,0.014000000000000002,0.11637918876525345,True
V2R-PSG,p051,f_blood,0.16,0.016,0.1130201614567223,True
V2R-PSG,p051,f_blood,0.18,0.018,0.10991177308695407,True
V2R-PSG,p051,f_blood,0.2,0.020000000000000004,0.10701621341907355,True
V2R-PSG,p051,f_blood,0.22,0.022000000000000002,0.10430419283876369,True
V2R-PSG,p051,f_blood,0.24,0.024,0.10175249076864315,True
V2R-PSG,p051,f_blood,0.26,0.026000000000000002,0.09934234108762878,True
V2R-PSG,p051,f_blood,0.28,0.028000000000000004,0.09705833008292909,True
V2R-PSG,p051,f_blood,0.3,0.03,0.09488762131072767,True
V2R-PSG,p051,f_blood,0.32,0.032,0.09281939626413667,True
V2R-PSG,p051,f_blood,0.34,0.034,0.09084444175779212,True
V2R-PSG,p051,f_blood,0.36,0.036,0.08895483962979088,True
V2R-PSG,p051,f_blood,0.38,0.038000000000000006,0.08714372940402042,True
V2R-PSG,p051,f_blood,0.4,0.04000000000000001,0.08540512401080075,True
V2R-PSG,p051,f_blood,0.42,0.042,0.0837337647720649,True
V2R-PSG,p051,f_blood,0.44,0.044000000000000004,0.08212500590077026,True
V2R-PSG,p051,f_blood,0.46,0.046000000000000006,0.08057472149964102,True
V2R-PSG,p051,f_blood,0.48,0.048,0.0790792299313107,True
V2R-PSG,p051,f_blood,0.5,0.05,0.07763523175677664,True
V2R-PSG,p051,f_blood,0.52,0.052000000000000005,0.07623975838427641,True
V2R-PSG,p051,f_blood,0.54,0.054000000000000006,0.07489012925495189,True
V2R-PSG,p051,f_blood,0.56,0.05600000000000001,0.07358391589369966,True
V2R-PSG,p051,f_blood,0.58,0.057999999999999996,0.0723189115265067,True
V2R-PSG,p051,f_blood,0.6,0.06,0.07109310524570787,True
V2R-PSG,p051,f_blood,0.62,0.062,0.0699046599172931,True
V2R-PSG,p051,f_blood,0.64,0.064,0.06875189318743706,True
V2R-PSG,p051,f_blood,0.66,0.066,0.06763326107157898,True
V2R-PSG,p051,f_blood,0.68,0.068,0.06654734370780058,True
V2R-PSG,p051,f_blood,0.7000000000000001,0.07,0.0654928329336584,True
V2R-PSG,p051,f_blood,0.72,0.072,0.06446852140696345,True
V2R-PSG,p051,f_blood,0.74,0.074,0.0634732930399379,True
V2R-PSG,p051,f_blood,0.76,0.07600000000000001,0.06250611455548993,True
V2R-PSG,p051,f_blood,0.78,0.07800000000000001,0.06156602800611821,True
V2R-PSG,p051,f_blood,0.8,0.08000000000000002,0.060652144121788744,True
V2R-PSG,p051,f_blood,0.8200000000000001,0.08200000000000002,0.0597636363742486,True
V2R-PSG,p051,f_blood,0.84,0.084,0.05889973566260097,True
V2R-PSG,p051,f_blood,0.86,0.08600000000000001,0.0580597255393126,True
V2R-PSG,p051,f_blood,0.88,0.08800000000000001,0.05724293790773387,True
V2R-PSG,p051,f_blood,0.9,0.09000000000000001,0.05644874913215061,True
V2R-PSG,p051,f_blood,0.92,0.09200000000000001,0.05567657650971407,True
V2R-PSG,p051,f_blood,0.9400000000000001,0.09400000000000001,0.054925875060607206,True
V2R-PSG,p051,f_blood,0.96,0.096,0.054196134598736054,True
V2R-PSG,p051,f_blood,0.98,0.098,0.053486877050265995,True
V2R-PSG,p051,f_blood,1.0,0.1,0.05279765399162205,True
