subject_id,capture_id,roi,setting,kind,value,success,valid_start_count,f_mel,shift_f_mel,boundary_f_mel,f_blood,shift_f_blood,boundary_f_blood,s,shift_s,boundary_s,logrmse,rmse,sam_deg,hb_absorption_content_scale
p003,p003_neutral_front,left_cheek,epidermis_0.050mm,thickness,0.05,True,33,0.027828611865651616,-0.0008823126005446033,False,0.07562451463277518,0.0025913438101901887,False,0.7387846207376645,-0.06782522925628032,False,0.14577129063037603,0.05115475886389672,6.6502731694768995,
p003,p003_neutral_front,left_cheek,epidermis_0.070mm,thickness,0.07,True,33,0.028962512130964787,0.0002515876647685676,False,0.07174471781367632,-0.0012884530089086743,False,0.8794628165619166,0.0728529665679718,False,0.12810012235622137,0.047639903119332236,6.069843852454257,
p003,p003_neutral_front,left_cheek,scattering_x0.8,scattering,0.8,True,33,0.021428064096276123,-0.007282860369920097,False,0.061346650479052,-0.011686520343532993,False,0.7515225131109119,-0.05508733688303291,False,0.14890627189682704,0.05260136492232062,6.831716420854957,
p003,p003_neutral_front,left_cheek,scattering_x1.2,scattering,1.2,True,33,0.03542966621786193,0.006718741751665709,False,0.08439618446946869,0.01136301364688369,False,0.8737258369124415,0.06711598691849674,False,0.12599902842190178,0.04655703950933637,5.943587690745087,
p003,p003_neutral_front,left_cheek,whole_blood_hb_120gL,hb,120.0,True,33,0.028722490792726027,1.1566326529807713e-05,False,0.09134732819384428,0.018314157371259285,False,0.804624751312295,-0.001985098681649755,False,0.13488146171460644,0.04875260037315819,6.275458527727738,10.961679383261313
p003,p003_neutral_front,left_cheek,whole_blood_hb_180gL,hb,180.0,True,33,0.02870349661020773,-7.427855988489246e-06,False,0.06083495660541053,-0.012198214217174465,False,0.8079252746197206,0.0013154246257758295,False,0.1349816939094072,0.04889339190692301,6.2898184805128965,10.950292188973895
p003,p003_neutral_front,left_cheek,observation_scale_0.95,observation_scale,0.95,True,33,0.03248892091186101,0.0037779964456647885,False,0.07753336148174754,0.004500190659162545,False,0.755082273570114,-0.05152757642383077,False,0.13130826107770904,0.04438734264463545,6.040134362205537,
p003,p003_neutral_front,left_cheek,observation_scale_1.05,observation_scale,1.05,True,33,0.025200605172016544,-0.003510319294179675,False,0.06910670273336834,-0.00392646808921665,False,0.8552253370583277,0.0486154870643829,False,0.13881846898068392,0.05373170816804063,6.549844070762812,
p003,p003_neutral_front,left_cheek,observation_tilt_-0.02,observation_tilt,-0.02,True,33,0.027310799817699377,-0.0014001246484968422,False,0.07643736410427077,0.0034041932816857717,False,0.7643470435205175,-0.042262806473427283,False,0.1340305482058924,0.04785629962311248,6.240616758696716,
p003,p003_neutral_front,left_cheek,observation_tilt_+0.02,observation_tilt,0.02,True,33,0.030078230049975584,0.0013673055837793643,False,0.06998026792618245,-0.0030529028964025456,False,0.8486864319678158,0.042076581973870986,False,0.13614545152791543,0.05015187133795517,6.3582835451625055,
p003,p003_neutral_front,left_cheek,subset_420_680_point,subset_point,0.0,True,33,0.04359032032309975,0.014879395856903531,False,0.036244100425704605,-0.03678907039688039,False,0.8802769484485775,0.0736670984546327,False,0.08543087006991154,0.03604872888477659,4.768537682976659,
p003,p003_neutral_front,left_cheek,subset_420_680_gaussian_5nm,gaussian,5.0,True,33,0.04348270851016255,0.014771784043966334,False,0.03677102598619223,-0.036262144836392764,False,0.8933708593934735,0.08676100939952869,False,0.08413419219898043,0.035401091559941936,4.689187139721269,
p003,p003_neutral_front,left_cheek,subset_420_680_gaussian_10nm,gaussian,10.0,True,33,0.04331505648188993,0.014604132015693709,False,0.03788607131413193,-0.035147099508453065,False,0.918811344298802,0.11220149430485715,False,0.08181488869300255,0.03433049336894719,4.562592106799818,
p003,p003_neutral_front,right_cheek,epidermis_0.050mm,thickness,0.05,True,33,0.05721741937009685,0.0024119096217179586,False,0.09999999999999999,0.0,True,2.1202807418038453e-22,-2.5107700465151584e-21,True,0.21747252596697722,0.061815698004249436,11.674969450945866,
p003,p003_neutral_front,right_cheek,epidermis_0.070mm,thickness,0.07,True,33,0.05282783457917939,-0.0019776751691995,False,0.09999999999999999,0.0,True,1.2959772225124335e-21,-1.4268208981831094e-21,True,0.18414395955494336,0.05284729261566029,10.32094497828227,
p003,p003_neutral_front,right_cheek,scattering_x0.8,scattering,0.8,True,33,0.04102266315117213,-0.013782846597206758,False,0.09999999999999999,0.0,True,1.3210524885157606e-22,-2.590692871843967e-21,True,0.2090125811098081,0.05924463723820313,11.34464781323993,
p003,p003_neutral_front,right_cheek,scattering_x1.2,scattering,1.2,True,33,0.06676675084867642,0.011961241100297532,False,0.09999999999999999,0.0,True,2.197118805054447e-21,-5.256793156410958e-22,True,0.18975115471346085,0.054355342598392045,10.564925728714375,
p003,p003_neutral_front,right_cheek,whole_blood_hb_120gL,hb,120.0,True,33,0.05905995032807235,0.004254440579693458,False,0.09999999999999999,0.0,True,2.1278072163689047e-21,-5.949909043266383e-22,True,0.20879834764759353,0.059340903519978574,11.322979524608751,11.999999999999998
p003,p003_neutral_front,right_cheek,whole_blood_hb_180gL,hb,180.0,True,33,0.05119979628186005,-0.003605713466518841,False,0.09999999999999999,0.0,True,7.403164829607133e-19,7.375936848400178e-19,True,0.18950653135411974,0.05427646384994498,10.557051879869515,18.0
p003,p003_neutral_front,right_cheek,observation_scale_0.95,observation_scale,0.95,True,33,0.06102863669801657,0.006223126949637683,False,0.09999999999999999,0.0,True,9.883392283129373e-20,9.611112471059818e-20,True,0.2004117502563356,0.0549319734268671,11.063373801534134,
p003,p003_neutral_front,right_cheek,observation_scale_1.05,observation_scale,1.05,True,33,0.049064912570318156,-0.005740597178060733,False,0.09999999999999999,0.0,True,2.7128954740216567e-21,-9.902646673886262e-24,True,0.19553032642706025,0.05818935833562668,10.76365445155745,
p003,p003_neutral_front,right_cheek,observation_tilt_-0.02,observation_tilt,-0.02,True,33,0.054476285616316726,-0.0003292241320621628,False,0.09999999999999999,0.0,True,1.6596580052746532e-19,1.6324300240676977e-19,True,0.2033196027304213,0.059111784417877115,11.376876847452424,
p003,p003_neutral_front,right_cheek,observation_tilt_+0.02,observation_tilt,0.02,True,33,0.05514974704126932,0.00034423729289043137,False,0.09999999999999999,0.0,True,6.783470029653134e-19,6.756242048446178e-19,True,0.19263262532131223,0.05407138337286128,10.44863788272309,
p003,p003_neutral_front,right_cheek,subset_420_680_point,subset_point,0.0,True,33,0.06173689124900218,0.006931381500623293,False,0.09999999999999999,0.0,True,3.7388212058088333e-16,3.7387939778276264e-16,True,0.09622630697363237,0.024266983167952515,5.043319725278029,
p003,p003_neutral_front,right_cheek,subset_420_680_gaussian_5nm,gaussian,5.0,True,33,0.061728332451303596,0.006922822702924707,False,0.09999999999999999,0.0,True,4.2760008207309576e-17,4.275728540918888e-17,True,0.09603865013873335,0.024242108248102558,5.039986292758984,
p003,p003_neutral_front,right_cheek,subset_420_680_gaussian_10nm,gaussian,10.0,True,33,0.06176236019657795,0.006956850448199062,False,0.09999999999999999,0.0,True,5.5718783148671515e-18,5.569155516746456e-18,True,0.09554895959702427,0.02415891616262097,5.024984569040849,
p004,p004_neutral_front,left_cheek,epidermis_0.050mm,thickness,0.05,True,33,0.04023268485612047,-0.0003995471105946932,False,0.08262220059904175,0.006096197818001664,False,0.6496890438784562,-0.07242771162961403,False,0.15859000160500236,0.04675674441762896,6.925618918026652,
p004,p004_neutral_front,left_cheek,epidermis_0.070mm,thickness,0.07,True,33,0.04044439971627792,-0.00018783225043724622,False,0.07222796966645084,-0.0042980331145892475,False,0.8055603263766973,0.08344357086862708,False,0.13656129388094068,0.041818710506159595,6.146038522502795,
p004,p004_neutral_front,left_cheek,scattering_x0.8,scattering,0.8,True,33,0.031606009002565966,-0.009026222964149198,False,0.06697236312415229,-0.009553639656887797,False,0.662481245148432,-0.05963551035963821,False,0.1614176613966385,0.047617585559567924,7.054143021300709,
p004,p004_neutral_front,left_cheek,scattering_x1.2,scattering,1.2,True,33,0.04900275775949676,0.008370525792781594,False,0.0848525831162847,0.00832658033524461,False,0.7996343100353448,0.0775175545272746,False,0.1348320253854304,0.04120563674186606,6.060927019420277,
p004,p004_neutral_front,left_cheek,whole_blood_hb_120gL,hb,120.0,True,33,0.04065685805710088,2.4626090385712618e-05,False,0.09562335075418393,0.019097347973143844,False,0.7196911658423969,-0.0024255896656733,False,0.14540747983220265,0.0436298455856306,6.448187513808778,11.474802090502072
p004,p004_neutral_front,left_cheek,whole_blood_hb_180gL,hb,180.0,True,33,0.040616110590909055,-1.612137580610934e-05,False,0.0637855616694367,-0.012740441111603384,False,0.7237268689306151,0.001610113422544912,False,0.145385532972862,0.04366029909173041,6.451370906772641,11.481401100498607
p004,p004_neutral_front,left_cheek,observation_scale_0.95,observation_scale,0.95,True,33,0.04475824025878097,0.0041260082920658026,False,0.0812070466674897,0.004681043886449604,False,0.6696831290074773,-0.05243362650059291,False,0.1428570425762264,0.040552036818871456,6.3162814553008495,
p004,p004_neutral_front,left_cheek,observation_scale_1.05,observation_scale,1.05,True,33,0.03683461781176422,-0.0037976141549509457,False,0.07230043194759332,-0.004225570833446768,False,0.7728053997068662,0.05068864419879604,False,0.1480413028386404,0.04703363581931818,6.605830213478097,
p004,p004_neutral_front,left_cheek,observation_tilt_-0.02,observation_tilt,-0.02,True,33,0.038932031852067985,-0.0017002001146471796,False,0.08153247757646713,0.0050064747954270405,False,0.6782189606093604,-0.04389779489870982,False,0.14582502991922558,0.04386723007861279,6.54148684097744,
p004,p004_neutral_front,left_cheek,observation_tilt_+0.02,observation_tilt,0.02,True,33,0.042294479235517116,0.0016622472688019516,False,0.07203945893565435,-0.004486543845385743,False,0.7673617789218098,0.04524502341373959,False,0.14516956929989833,0.043687970956224245,6.388054319681232,
p004,p004_neutral_front,left_cheek,subset_420_680_point,subset_point,0.0,True,33,0.05832967168801234,0.017697439721297177,False,0.032449335513476986,-0.044076667267563104,False,0.8233339932733299,0.1012172377652597,False,0.08181943005724099,0.027245433871276,4.174401174644445,
p004,p004_neutral_front,left_cheek,subset_420_680_gaussian_5nm,gaussian,5.0,True,33,0.05823762852806377,0.01760539656134861,False,0.03290705195471776,-0.04361895082632233,False,0.8386840379665577,0.11656728245848746,False,0.08076148442598365,0.026783592533937972,4.109987411746239,
p004,p004_neutral_front,left_cheek,subset_420_680_gaussian_10nm,gaussian,10.0,True,33,0.058066003977586864,0.0174337720108717,False,0.033934840429467934,-0.042591162351572155,False,0.866692442430266,0.1445756869221958,False,0.07864791257491428,0.02600193299864072,4.001536779383781,
p004,p004_neutral_front,right_cheek,epidermis_0.050mm,thickness,0.05,True,33,0.07176765212468168,0.003812472878975251,False,0.09999999999999999,0.0,True,1.515204955414517e-19,1.4568093496642634e-19,True,0.24668975156731207,0.06571398275438584,13.53707041747343,
p004,p004_neutral_front,right_cheek,epidermis_0.070mm,thickness,0.07,True,33,0.06497227764850108,-0.0029829015972053508,False,0.09999999999999999,0.0,True,2.099641560537896e-19,2.0412459547876423e-19,True,0.20717067345355167,0.0553085641792228,11.91127490183234,
p004,p004_neutral_front,right_cheek,scattering_x0.8,scattering,0.8,True,33,0.052837868274028685,-0.015117310971677747,False,0.09999999999999999,0.0,True,1.6224263552856872e-17,1.6218423992281847e-17,True,0.23748857782903807,0.06297753915672198,13.151664886032618,
p004,p004_neutral_front,right_cheek,scattering_x1.2,scattering,1.2,True,33,0.08121014636514677,0.013254967119440339,False,0.09999999999999999,0.0,True,1.397874846019056e-20,8.139187885165201e-21,True,0.21284218885853035,0.056838393628850035,12.173470795892172,
p004,p004_neutral_front,right_cheek,whole_blood_hb_120gL,hb,120.0,True,33,0.07229098587061072,0.004335806624904293,False,0.09999999999999999,0.0,True,3.1383661410200355e-20,2.5544100835174996e-20,True,0.23529034397443724,0.0625811484172086,13.085567203364489,11.999999999999998
p004,p004_neutral_front,right_cheek,whole_blood_hb_180gL,hb,180.0,True,33,0.06427607476142208,-0.0036791044842843512,False,0.09999999999999999,0.0,True,7.35243621098902e-21,1.5128756359636617e-21,True,0.2147283572284733,0.05732432154979442,12.243683406631725,18.0
p004,p004_neutral_front,right_cheek,observation_scale_0.95,observation_scale,0.95,True,33,0.07462844001116932,0.006673260765462888,False,0.09999999999999999,0.0,True,4.424350604961835e-21,-1.4152099700635234e-21,True,0.2266247041740655,0.058093922936633687,12.83279588281002,
p004,p004_neutral_front,right_cheek,observation_scale_1.05,observation_scale,1.05,True,33,0.06180393025476685,-0.0061512489909395784,False,0.09999999999999999,0.0,True,2.2694734549678274e-18,2.263633894392802e-18,True,0.22124382781743263,0.0613509453211994,12.4495636665598,
p004,p004_neutral_front,right_cheek,observation_tilt_-0.02,observation_tilt,-0.02,True,33,0.06764763542992235,-0.0003075438157840865,False,0.09999999999999999,0.0,True,8.796310363827717e-22,-4.959929538642587e-21,True,0.23056232371127242,0.06255357819118242,13.202776847650789,
p004,p004_neutral_front,right_cheek,observation_tilt_+0.02,observation_tilt,0.02,True,33,0.06827868640780652,0.000323507162100084,False,0.09999999999999999,0.0,True,2.0639967374045618e-19,2.0056011316543083e-19,True,0.21745049232206085,0.05700669727713467,12.08372218599697,
p004,p004_neutral_front,right_cheek,subset_420_680_point,subset_point,0.0,True,33,0.075278962082287,0.00732378283658057,False,0.09999999999999999,0.0,True,6.279896998878668e-22,-5.2115708751374916e-21,True,0.11635102814639202,0.027404458630915302,6.1477557665752425,
p004,p004_neutral_front,right_cheek,subset_420_680_gaussian_5nm,gaussian,5.0,True,33,0.07526586207745814,0.007310682831751708,False,0.09999999999999999,0.0,True,3.46977286581026e-21,-2.3697877092150982e-21,True,0.11610822839820589,0.0273758660373502,6.143523083699282,
p004,p004_neutral_front,right_cheek,subset_420_680_gaussian_10nm,gaussian,10.0,True,33,0.07529359621603988,0.007338416970333453,False,0.09999999999999999,0.0,True,1.7469748403868455e-22,-5.664863090986674e-21,True,0.11548927308591272,0.027277586818102235,6.123038906617276,
p005,p005_neutral_front,left_cheek,epidermis_0.050mm,thickness,0.05,True,33,0.051232726157219535,0.0012572768905447507,False,0.09999999999999999,0.0,True,0.5643042275744228,-0.09898868847870557,False,0.16496799437044773,0.044180107658178217,7.318968465166717,
p005,p005_neutral_front,left_cheek,epidermis_0.070mm,thickness,0.07,True,33,0.04904186924504071,-0.0009335800216340728,False,0.09999999999999999,0.0,True,0.7673279544783532,0.10403503842522488,False,0.14330318908208672,0.040154300810860535,6.59188249315586,
p005,p005_neutral_front,left_cheek,scattering_x0.8,scattering,0.8,True,33,0.03694802736294169,-0.013027421903733093,False,0.09999999999999999,0.0,True,0.6168214628795721,-0.046471453173556276,False,0.16499965261882993,0.044064163998770056,7.299535472671923,
p005,p005_neutral_front,left_cheek,scattering_x1.2,scattering,1.2,True,33,0.06147739313184016,0.011501943865165377,False,0.09999999999999999,0.0,True,0.7408791559682623,0.07758623991513391,False,0.14383555275337742,0.04042987209435251,6.636415059011723,
p005,p005_neutral_front,left_cheek,whole_blood_hb_120gL,hb,120.0,True,33,0.0533354038653502,0.003359954598675413,False,0.09999999999999999,0.0,True,0.6147972865991594,-0.0484956294539689,False,0.15530700103501952,0.042639440176234666,7.035673979934357,11.999999999999998
p005,p005_neutral_front,left_cheek,whole_blood_hb_180gL,hb,180.0,True,33,0.04718464317542462,-0.002790806091250167,False,0.09999999999999999,0.0,True,0.7009958800508368,0.03770296399770845,False,0.14977611804993365,0.040910746895723674,6.752247931282333,18.0
p005,p005_neutral_front,left_cheek,observation_scale_0.95,observation_scale,0.95,True,33,0.05539522750265555,0.005419778235980763,False,0.09999999999999999,0.0,True,0.6088887161236609,-0.054404199929467434,False,0.1498383002609442,0.03891757993059198,6.769469008744524,
p005,p005_neutral_front,left_cheek,observation_scale_1.05,observation_scale,1.05,True,33,0.044966375087176824,-0.00500907417949796,False,0.09999999999999999,0.0,True,0.7135339142562512,0.05024099820312289,False,0.15363930211539006,0.044458189364179106,6.9759471679597365,
p005,p005_neutral_front,left_cheek,observation_tilt_-0.02,observation_tilt,-0.02,True,33,0.04915795292740948,-0.0008174963392653042,False,0.09999999999999999,0.0,True,0.6094231728360807,-0.05386974321704763,False,0.1527289292959445,0.042060357768636314,7.008809487679767,
p005,p005_neutral_front,left_cheek,observation_tilt_+0.02,observation_tilt,0.02,True,33,0.05082161885507981,0.0008461695884050269,False,0.09999999999999999,0.0,True,0.7149163011661376,0.051623385113009235,False,0.15088473318232357,0.0413449608800453,6.75033902001448,
p005,p005_neutral_front,left_cheek,subset_420_680_point,subset_point,0.0,True,33,0.0647481042853822,0.01477265501870742,False,0.05790294327780331,-0.04209705672219668,False,0.7114326063010397,0.048139690247911315,False,0.0815898405235848,0.023742107136637828,4.106827105990811,
p005,p005_neutral_front,left_cheek,subset_420_680_gaussian_5nm,gaussian,5.0,True,33,0.06461942395315559,0.014643974686480807,False,0.05868204182094625,-0.04131795817905374,False,0.7234036790010261,0.060110762947897745,False,0.08059552951517446,0.02333151992934725,4.041926786997506,
p005,p005_neutral_front,left_cheek,subset_420_680_gaussian_10nm,gaussian,10.0,True,33,0.06438309450852356,0.014407645241848774,False,0.06040118317795107,-0.039598816822048924,False,0.7446622599016531,0.08136934384852479,False,0.07894166543470738,0.022743982489422724,3.95107699154212,
p005,p005_neutral_front,right_cheek,epidermis_0.050mm,thickness,0.05,True,33,0.0862665286390428,0.005189434570749968,False,0.09999999999999999,0.0,True,1.498967540312679e-20,-1.0418447314916432e-19,True,0.2635606480294692,0.06479586154204042,14.582201648051301,
p005,p005_neutral_front,right_cheek,epidermis_0.070mm,thickness,0.07,True,33,0.07710170521142885,-0.003975388856863979,False,0.09999999999999999,0.0,True,2.8193392678996436e-20,-9.098075587329467e-20,True,0.22345231450605957,0.054945916832306756,12.943387197096964,
p005,p005_neutral_front,right_cheek,scattering_x0.8,scattering,0.8,True,33,0.06458484713637204,-0.016492246931920793,False,0.09999999999999999,0.0,True,2.9328591098608996e-21,-1.162412894424302e-19,True,0.25301418726320246,0.062220763109198586,14.161430542838636,
p005,p005_neutral_front,right_cheek,scattering_x1.2,scattering,1.2,True,33,0.09565202722957555,0.014574933161282722,False,0.09999999999999999,0.0,True,2.803732410681702e-19,1.6119909251587908e-19,True,0.22944049620214177,0.05627703713515766,13.205422527151622,
p005,p005_neutral_front,right_cheek,whole_blood_hb_120gL,hb,120.0,True,33,0.085517146981578,0.00444005291328517,False,0.09999999999999999,0.0,True,3.6188387108987876e-21,-1.1555530984139232e-19,True,0.25249950438361735,0.06170889923566294,14.139859463163445,11.999999999999998
p005,p005_neutral_front,right_cheek,whole_blood_hb_180gL,hb,180.0,True,33,0.07730705984491558,-0.0037700342233772527,False,0.09999999999999999,0.0,True,1.0098091167783393e-21,-1.1816433943551277e-19,True,0.23021514331398382,0.056839909133371495,13.259680621374546,18.0
p005,p005_neutral_front,right_cheek,observation_scale_0.95,observation_scale,0.95,True,33,0.08819985604846012,0.007122761980167286,False,0.09999999999999999,0.0,True,8.549852342631852e-21,-1.1062429620965926e-19,True,0.2427198578527759,0.05720046725887429,13.847696988511297,
p005,p005_neutral_front,right_cheek,observation_scale_1.05,observation_scale,1.05,True,33,0.07451458101312759,-0.006562513055165239,False,0.09999999999999999,0.0,True,2.852921081178741e-19,1.6611795956558297e-19,True,0.23772684922373727,0.06090965238660406,13.497182791409642,
p005,p005_neutral_front,right_cheek,observation_tilt_-0.02,observation_tilt,-0.02,True,33,0.08079622863365918,-0.00028086543463365365,False,0.09999999999999999,0.0,True,1.3083615577521073e-20,-1.0609053297477004e-19,True,0.24738196161133297,0.06179848512713979,14.278814299177558,
p005,p005_neutral_front,right_cheek,observation_tilt_+0.02,observation_tilt,0.02,True,33,0.08137494950209345,0.0002978554338006201,False,0.09999999999999999,0.0,True,6.251839039064192e-20,-5.665575816164919e-20,True,0.23332314380785318,0.056450970525326875,13.077252799812566,
p005,p005_neutral_front,right_cheek,subset_420_680_point,subset_point,0.0,True,33,0.08914347680730597,0.00806638273901314,False,0.09999999999999999,0.0,True,6.846865769761276e-19,5.655124284238365e-19,True,0.11775039511984237,0.025139928800810087,6.177652889963384,
p005,p005_neutral_front,right_cheek,subset_420_680_gaussian_5nm,gaussian,5.0,True,33,0.08912826445251244,0.00805117038421961,False,0.09999999999999999,0.0,True,2.2043240812981972e-17,2.192406666442968e-17,True,0.11761679662550895,0.025130117093440117,6.1774074201687075,
p005,p005_neutral_front,right_cheek,subset_420_680_gaussian_10nm,gaussian,10.0,True,33,0.08915859347953917,0.008081499411246335,False,0.09999999999999999,0.0,True,2.1660741949569055e-18,2.0469000464046144e-18,True,0.11739545897275773,0.02509998710535534,6.172690703762655,
p006,p006_neutral_front,left_cheek,epidermis_0.050mm,thickness,0.05,True,33,0.04582309443653891,0.00043863366971146067,False,0.09999999999999999,0.0025857245405655344,True,0.5152354612606409,-0.08230416316231248,False,0.1629728797294796,0.045159071142898286,7.30217627079643,
p006,p006_neutral_front,left_cheek,epidermis_0.070mm,thickness,0.07,True,33,0.045432721681664935,4.82609148374849e-05,False,0.09097429587961074,-0.006439979579823715,False,0.6796643311669605,0.08212470674400707,False,0.14140646980401064,0.04092966498387933,6.551201175194222,
p006,p006_neutral_front,left_cheek,scattering_x0.8,scattering,0.8,True,33,0.03498022657300821,-0.010404234193819244,False,0.08664472818377855,-0.010769547275655905,False,0.5400757168756883,-0.05746390754726505,False,0.16588707426816376,0.045917834483286415,7.425435530424014,
p006,p006_neutral_front,left_cheek,scattering_x1.2,scattering,1.2,True,33,0.055878493980058105,0.010494033213230655,False,0.09999999999999999,0.0025857245405655344,True,0.6630863934693773,0.06554676904642387,False,0.13980944672994527,0.040523269524966044,6.48725351643623,
p006,p006_neutral_front,left_cheek,whole_blood_hb_120gL,hb,120.0,True,33,0.04835331624659741,0.0029688554797699593,False,0.09999999999999999,0.0025857245405655344,True,0.5473056661501252,-0.05023395827282817,False,0.15048890915453755,0.04276640739017305,6.887890086003564,11.999999999999998
p006,p006_neutral_front,left_cheek,whole_blood_hb_180gL,hb,180.0,True,33,0.045373083214529514,-1.1377552297936466e-05,False,0.08116097004931383,-0.016253305410120628,False,0.5991182050216476,0.0015785805986942014,False,0.14985225003576563,0.042415058147108005,6.8305753316316435,14.608974608876489
p006,p006_neutral_front,left_cheek,observation_scale_0.95,observation_scale,0.95,True,33,0.05026134260509968,0.004876881838272229,False,0.09999999999999999,0.0025857245405655344,True,0.5444543397479211,-0.05308528467503226,False,0.14713487669004133,0.039343212983835946,6.679235406208625,
p006,p006_neutral_front,left_cheek,observation_scale_1.05,observation_scale,1.05,True,33,0.04138664530477774,-0.003997815462049713,False,0.09189184190426616,-0.0055224335551682935,False,0.6408815518278408,0.043341927404887404,False,0.1526300992014454,0.045702816307172024,6.9981535505810015,
p006,p006_neutral_front,left_cheek,observation_tilt_-0.02,observation_tilt,-0.02,True,33,0.04421328035367665,-0.0011711804131507991,False,0.09999999999999999,0.0025857245405655344,True,0.5495753083992015,-0.04796431602375184,False,0.1501285761820274,0.04251152540130299,6.912889775127596,
p006,p006_neutral_front,left_cheek,observation_tilt_+0.02,observation_tilt,0.02,True,33,0.047268819671484025,0.0018843589046565745,False,0.0905959699654564,-0.0068183054939780635,False,0.6351461963439593,0.037606571921005916,False,0.14975374066961086,0.04255710868535242,6.780638455171215,
p006,p006_neutral_front,left_cheek,subset_420_680_point,subset_point,0.0,True,33,0.06482164593487522,0.019437185168047766,False,0.03844373990968569,-0.058970535549748765,False,0.5403570131018631,-0.05718261132109026,False,0.08144076847962017,0.025191923013578556,4.252168308599736,
p006,p006_neutral_front,left_cheek,subset_420_680_gaussian_5nm,gaussian,5.0,True,33,0.06468117219928182,0.019296711432454372,False,0.03900236071103996,-0.058411914748394494,False,0.5559446517713835,-0.04159497265156986,False,0.08069677817252054,0.024876226946866503,4.203824307109393,
p006,p006_neutral_front,left_cheek,subset_420_680_gaussian_10nm,gaussian,10.0,True,33,0.06444937485822734,0.01906491409139989,False,0.040154989210907155,-0.0572592862485273,False,0.5844222098454008,-0.013117414577552555,False,0.07942513883047515,0.02441297814726116,4.1346959282724285,
p006,p006_neutral_front,right_cheek,epidermis_0.050mm,thickness,0.05,True,33,0.09072742130917585,0.005504743670803766,False,0.09999999999999999,0.0,True,8.614627183820517e-23,-5.031216906560385e-20,True,0.27996165975550663,0.06856107437883574,15.818233581485762,
p006,p006_neutral_front,right_cheek,epidermis_0.070mm,thickness,0.07,True,33,0.08102237136206224,-0.004200306276309851,False,0.09999999999999999,0.0,True,1.5509429346272776e-21,-4.8847372402814777e-20,True,0.23571643984664487,0.057626114758004804,13.99609580636897,
p006,p006_neutral_front,right_cheek,scattering_x0.8,scattering,0.8,True,33,0.06817162602701442,-0.01705105161135767,False,0.09999999999999999,0.0,True,3.818969212753419e-20,-1.2208623209907867e-20,True,0.26857243016837157,0.06585633816322538,15.35552529287687,
p006,p006_neutral_front,right_cheek,scattering_x1.2,scattering,1.2,True,33,0.10034871356642369,0.015126035928051604,False,0.09999999999999999,0.0,True,2.438520124522844e-19,1.9345369711484235e-19,True,0.24226150436295874,0.059045201143397966,14.284471116713492,
p006,p006_neutral_front,right_cheek,whole_blood_hb_120gL,hb,120.0,True,33,0.08970075563404806,0.004478077995675969,False,0.09999999999999999,0.0,True,8.199012633393416e-21,-4.219930270404864e-20,True,0.26775499504146505,0.06509690192009752,15.331072620911662,11.999999999999998
p006,p006_neutral_front,right_cheek,whole_blood_hb_180gL,hb,180.0,True,33,0.0814180817149849,-0.003804595923387194,False,0.09999999999999999,0.0,True,2.743446176630899e-22,-5.0123970719778964e-20,True,0.24366445384049554,0.059895856872944124,14.365287779174597,18.0
p006,p006_neutral_front,right_cheek,observation_scale_0.95,observation_scale,0.95,True,33,0.09253260473831271,0.007309927099940619,False,0.09999999999999999,0.0,True,6.344351069255229e-21,-4.4053964268186825e-20,True,0.25751098249391063,0.060323041626373496,15.01645003646011,
p006,p006_neutral_front,right_cheek,observation_scale_1.05,observation_scale,1.05,True,33,0.07849111623876522,-0.006731561399606872,False,0.09999999999999999,0.0,True,1.8251352333075458e-20,-3.2146963004366596e-20,True,0.2516864461265197,0.06422968031183511,14.625105349533904,
p006,p006_neutral_front,right_cheek,observation_tilt_-0.02,observation_tilt,-0.02,True,33,0.08494959321114441,-0.0002730844272276767,False,0.09999999999999999,0.0,True,1.1923014216045666e-21,-4.920601391583749e-20,True,0.26258523955366736,0.06515230291582987,15.476801375546922,
p006,p006_neutral_front,right_cheek,observation_tilt_+0.02,observation_tilt,0.02,True,33,0.08551319193793853,0.0002905142995664467,False,0.09999999999999999,0.0,True,2.219910946039351e-19,1.7159277926649306e-19,True,0.24689277729032733,0.05955356031946713,14.176932853063706,
p006,p006_neutral_front,right_cheek,subset_420_680_point,subset_point,0.0,True,33,0.09352848582947387,0.008305808191101785,False,0.09999999999999999,0.0,True,2.152950960806261e-18,2.102552645468819e-18,True,0.13182871825188677,0.028469217272434618,7.038740743232017,
p006,p006_neutral_front,right_cheek,subset_420_680_gaussian_5nm,gaussian,5.0,True,33,0.09351112245966833,0.008288444821296245,False,0.09999999999999999,0.0,True,2.012741024648774e-21,-4.838557431279328e-20,True,0.13161478041645733,0.028442934130152954,7.033882009587123,
p006,p006_neutral_front,right_cheek,subset_420_680_gaussian_10nm,gaussian,10.0,True,33,0.09353923599274903,0.008316558354376946,False,0.09999999999999999,0.0,True,5.210623740335691e-21,-4.5187691597106364e-20,True,0.13132984132490058,0.02839330271342961,7.023446839367028,
p007,p007_neutral_front,left_cheek,epidermis_0.050mm,thickness,0.05,True,33,0.05226799717891945,0.0014392980625143464,False,0.09999999999999999,0.0,True,0.4839431161426047,-0.09654506911528876,False,0.18467031925032423,0.04827985730642531,8.189290632122198,
p007,p007_neutral_front,left_cheek,epidermis_0.070mm,thickness,0.07,True,33,0.04975724155293948,-0.0010714575634656262,False,0.09999999999999999,0.0,True,0.684740270277214,0.10425208501932048,False,0.15944332034977854,0.0432441747122027,7.291754409922236,
p007,p007_neutral_front,left_cheek,scattering_x0.8,scattering,0.8,True,33,0.03776875926429405,-0.013059939852111055,False,0.09999999999999999,0.0,True,0.545256117171162,-0.035232068086731516,False,0.18616465809104973,0.048602867746375546,8.244606189278269,
p007,p007_neutral_front,left_cheek,scattering_x1.2,scattering,1.2,True,33,0.062331923360236366,0.01150322424383126,False,0.09999999999999999,0.0,True,0.6493369883316817,0.06884880307378827,False,0.15868750848738372,0.043141253959652105,7.272701975086045,
p007,p007_neutral_front,left_cheek,whole_blood_hb_120gL,hb,120.0,True,33,0.054222360155384786,0.00339366103897968,False,0.09999999999999999,0.0,True,0.5215100539189205,-0.058978131338973006,False,0.1717216622822519,0.04571994787270767,7.740924663731772,11.999999999999998
p007,p007_neutral_front,left_cheek,whole_blood_hb_180gL,hb,180.0,True,33,0.04800815097137173,-0.0028205481450333733,False,0.09999999999999999,0.0,True,0.6259025471809159,0.045414361923022395,False,0.1686820434826519,0.044817302886999186,7.587943292339767,18.0
p007,p007_neutral_front,left_cheek,observation_scale_0.95,observation_scale,0.95,True,33,0.05629155632946086,0.005462857213055755,False,0.09999999999999999,0.0,True,0.5214921018767308,-0.05899608338116269,False,0.16724238310203843,0.04222291415278112,7.529748631312769,
p007,p007_neutral_front,left_cheek,observation_scale_1.05,observation_scale,1.05,True,33,0.045778763388431835,-0.00504993572797327,False,0.09999999999999999,0.0,True,0.6350025748193251,0.05451438956143162,False,0.17193231685814628,0.04824480669137328,7.772733657909623,
p007,p007_neutral_front,left_cheek,observation_tilt_-0.02,observation_tilt,-0.02,True,33,0.05003416539637763,-0.0007945337200274752,False,0.09999999999999999,0.0,True,0.5236605517573469,-0.05682763350054654,False,0.17061644385560035,0.04567980340458017,7.800274478821546,
p007,p007_neutral_front,left_cheek,observation_tilt_+0.02,observation_tilt,0.02,True,33,0.051653697848489964,0.0008249987320848584,False,0.09999999999999999,0.0,True,0.635206154848825,0.05471796959093156,False,0.16875401735957016,0.04482869629983663,7.519566275334484,
p007,p007_neutral_front,left_cheek,subset_420_680_point,subset_point,0.0,True,33,0.07058088109253648,0.01975218197613137,False,0.041580390331555035,-0.058419609668444956,False,0.5588524571764049,-0.021635728081488614,False,0.09938020255408245,0.02579069771197024,4.6225291870920495,
p007,p007_neutral_front,left_cheek,subset_420_680_gaussian_5nm,gaussian,5.0,True,33,0.07042144244220018,0.019592743325795074,False,0.04227327070337011,-0.057726729296629885,False,0.5758532737846535,-0.004634911473240022,False,0.09866142655532636,0.02552100197196868,4.578962423013962,
p007,p007_neutral_front,left_cheek,subset_420_680_gaussian_10nm,gaussian,10.0,True,33,0.07011253835702516,0.019283839240620056,False,0.04385922514939612,-0.05614077485060387,False,0.6092944840278715,0.028806298769977978,False,0.09710760093175311,0.025049053294843453,4.503046727810371,
p007,p007_neutral_front,right_cheek,epidermis_0.050mm,thickness,0.05,True,33,0.10841514367586871,0.006969192674883315,False,0.09999999999999999,0.0,True,8.332659115136491e-20,2.6408374905492754e-20,True,0.3285455654834429,0.07491925135656635,19.262827882926945,
p007,p007_neutral_front,right_cheek,epidermis_0.070mm,thickness,0.07,True,33,0.09617502082117856,-0.005270930179806843,False,0.09999999999999999,0.0,True,2.5310180188628848e-20,-3.160803605724331e-20,True,0.2781408939982957,0.06340397583963822,17.167344819130527,
p007,p007_neutral_front,right_cheek,scattering_x0.8,scattering,0.8,True,33,0.08243700837311004,-0.019008942627875364,False,0.09999999999999999,0.0,True,2.4320735187163792e-20,-3.2597481058708367e-20,True,0.31737089003097013,0.07263491160633889,18.809718131846857,
p007,p007_neutral_front,right_cheek,scattering_x1.2,scattering,1.2,True,33,0.11843148677006547,0.016985535769080073,False,0.09999999999999999,0.0,True,3.418776398417462e-21,-5.3499439847454697e-20,True,0.28417202207789527,0.06453056828747712,17.433076009072526,
p007,p007_neutral_front,right_cheek,whole_blood_hb_120gL,hb,120.0,True,33,0.1060606224545178,0.004614671453532407,False,0.09999999999999999,0.0,True,4.213011489000571e-20,-1.478810135586645e-20,True,0.3131017543512284,0.07084614458138433,18.640453542666293,11.999999999999998
p007,p007_neutral_front,right_cheek,whole_blood_hb_180gL,hb,180.0,True,33,0.09751813661608696,-0.003927814384898434,False,0.09999999999999999,0.0,True,8.33688497137719e-21,-4.858133127449497e-20,True,0.2888718023539519,0.06620952026791813,17.667856046628152,18.0
p007,p007_neutral_front,right_cheek,observation_scale_0.95,observation_scale,0.95,True,33,0.10938954036454336,0.007943589363557962,False,0.09999999999999999,0.0,True,2.048269397839219e-20,-3.643552226747997e-20,True,0.3022207359285824,0.06576672569734428,18.2953104192131,
p007,p007_neutral_front,right_cheek,observation_scale_1.05,observation_scale,1.05,True,33,0.09413489840699253,-0.007311052593992867,False,0.09999999999999999,0.0,True,3.5487638117238833e-20,-2.1430578128633325e-20,True,0.2976351071690621,0.07091465670518553,17.95843252793836,
p007,p007_neutral_front,right_cheek,observation_tilt_-0.02,observation_tilt,-0.02,True,33,0.1012120008602085,-0.00023395014077690068,False,0.09999999999999999,0.0,True,1.1084656332170833e-19,5.392834707583617e-20,True,0.30869435651227856,0.07115116684257297,18.85712205848716,
p007,p007_neutral_front,right_cheek,observation_tilt_+0.02,observation_tilt,0.02,True,33,0.10169893213765464,0.0002529811366692447,False,0.09999999999999999,0.0,True,3.90289091671573e-20,-1.7889307078714856e-20,True,0.2915482496088787,0.06568522798432591,17.41331145523073,
p007,p007_neutral_front,right_cheek,subset_420_680_point,subset_point,0.0,True,33,0.11082915496624628,0.009383203965260878,False,0.09999999999999999,0.0,True,2.1027601470153434e-22,-5.670794023117062e-20,True,0.17043256818954391,0.033407994764086464,9.293905351115407,
p007,p007_neutral_front,right_cheek,subset_420_680_gaussian_5nm,gaussian,5.0,True,33,0.1108070848063856,0.009361133805400199,False,0.09999999999999999,0.0,True,1.3278859661305232e-21,-5.559033027974164e-20,True,0.1702071416712827,0.03338459159461113,9.28797852438494,
p007,p007_neutral_front,right_cheek,subset_420_680_gaussian_10nm,gaussian,10.0,True,33,0.11083272130353458,0.009386770302549183,False,0.09999999999999999,0.0,True,1.764525822491847e-21,-5.515369042338031e-20,True,0.16991025566123352,0.03333667606288594,9.27511214085221,
p008,p008_neutral_front,left_cheek,epidermis_0.050mm,thickness,0.05,True,33,0.02962326532181137,-0.0007644700450890676,False,0.09999999999999999,0.0,True,3.4226917989074364e-23,-7.542368424821317e-21,True,0.25826276734103076,0.08884798401803208,13.76882623301801,
p008,p008_neutral_front,left_cheek,epidermis_0.070mm,thickness,0.07,True,33,0.030692733406868664,0.0003049980399682274,False,0.09999999999999999,0.0,True,1.1813100748979177e-21,-6.3952852679124736e-21,True,0.21622790551142101,0.0740092286625313,11.92190910893612,
p008,p008_neutral_front,left_cheek,scattering_x0.8,scattering,0.8,True,33,0.018416392473725885,-0.011971342893174551,False,0.09999999999999999,0.0,True,6.046105942852156e-22,-6.971984748525176e-21,True,0.24200492546106778,0.08305451558969643,13.046962003354242,
p008,p008_neutral_front,left_cheek,scattering_x1.2,scattering,1.2,True,33,0.040634829885204365,0.01024709451830393,False,0.09999999999999999,0.0,True,1.4988865853555467e-20,7.412270510745076e-21,True,0.22907046455479219,0.07837185514600506,12.533005472205213,
p008,p008_neutral_front,left_cheek,whole_blood_hb_120gL,hb,120.0,True,33,0.034578377969138686,0.00419064260223825,False,0.09999999999999999,0.0,True,3.4529707454182805e-21,-4.123624597392111e-21,True,0.2532228828577393,0.0866786172399016,13.57045019252979,11.999999999999998
p008,p008_neutral_front,left_cheek,whole_blood_hb_180gL,hb,180.0,True,33,0.026833123970055467,-0.0035546113968449693,False,0.09999999999999999,0.0,True,1.143164872512265e-20,3.855053382312258e-21,True,0.21885715010203077,0.07524089209684279,12.036499074660885,18.0
p008,p008_neutral_front,left_cheek,observation_scale_0.95,observation_scale,0.95,True,33,0.0360100047159296,0.005622269349029162,False,0.09999999999999999,0.0,True,1.586664294830927e-23,-7.560728699862082e-21,True,0.2426582560819636,0.07999754598949932,13.203687281788074,
p008,p008_neutral_front,left_cheek,observation_scale_1.05,observation_scale,1.05,True,33,0.025204149710792847,-0.005183585656107589,False,0.09999999999999999,0.0,True,2.9523801446756544e-21,-4.624215198134737e-21,True,0.2272512311681206,0.08117124545129095,12.357088519677257,
p008,p008_neutral_front,left_cheek,observation_tilt_-0.02,observation_tilt,-0.02,True,33,0.030018055542724322,-0.000369679824176114,False,0.09999999999999999,0.0,True,9.3243009018983e-22,-6.644165252620561e-21,True,0.24327835206286091,0.08460379437853469,13.372402392993747,
p008,p008_neutral_front,left_cheek,observation_tilt_+0.02,observation_tilt,0.02,True,33,0.030771360240662425,0.0003836248737619889,False,0.09999999999999999,0.0,True,3.2393103235707806e-21,-4.337285019239611e-21,True,0.2263117323329644,0.07667540970728105,12.165180368971413,
p008,p008_neutral_front,left_cheek,subset_420_680_point,subset_point,0.0,True,33,0.0350525421754269,0.004664806808526465,False,0.09999999999999999,0.0,True,3.199740385072768e-18,3.1921637897299574e-18,True,0.2076646086177127,0.06693570525522351,11.30868413472845,
p008,p008_neutral_front,left_cheek,subset_420_680_gaussian_5nm,gaussian,5.0,True,33,0.03504200331377193,0.004654267946871491,False,0.09999999999999999,0.0,True,9.150075652322244e-20,8.392416118041205e-20,True,0.20699320178398525,0.06675573056586707,11.279172376694383,
p008,p008_neutral_front,left_cheek,subset_420_680_gaussian_10nm,gaussian,10.0,True,33,0.035055456049220994,0.004667720682320558,False,0.09999999999999999,0.0,True,2.0061620698496375e-21,-5.570433272960754e-21,True,0.20555346305520245,0.0663844738954891,11.214079746255258,
p008,p008_neutral_front,right_cheek,epidermis_0.050mm,thickness,0.05,True,33,0.041252232498439394,0.00021318949014756394,False,0.09999999999999999,0.0,True,1.414494801783055e-21,3.7298725693016147e-22,True,0.3304127368835994,0.10963086159516097,18.583297649736096,
p008,p008_neutral_front,right_cheek,epidermis_0.070mm,thickness,0.07,True,33,0.040664081861181534,-0.0003749611471102962,False,0.09999999999999999,0.0,True,9.444554128199423e-21,8.403046583346529e-21,True,0.28794974302586407,0.09477824486383031,16.782174142296913,
p008,p008_neutral_front,right_cheek,scattering_x0.8,scattering,0.8,True,33,0.027797232375430588,-0.013241810632861242,False,0.09999999999999999,0.0,True,8.979132918566597e-22,-1.435942529962338e-22,True,0.31098881854562166,0.10338451654120956,17.679622183700666,
p008,p008_neutral_front,right_cheek,scattering_x1.2,scattering,1.2,True,33,0.052590461076957605,0.011551418068665775,False,0.09999999999999999,0.0,True,2.7190792686656825e-23,-1.0143167521662367e-21,True,0.30187167090856987,0.09901358767288135,17.461738471226095,
p008,p008_neutral_front,right_cheek,whole_blood_hb_120gL,hb,120.0,True,33,0.045349626248816,0.00431058324052417,False,0.09999999999999999,0.0,True,2.2379742050445355e-19,2.2275591295960066e-19,True,0.3267717738418843,0.10745250222083977,18.502023969664418,11.999999999999998
p008,p008_neutral_front,right_cheek,whole_blood_hb_180gL,hb,180.0,True,33,0.03737913325946262,-0.00365990974882921,False,0.09999999999999999,0.0,True,1.8347446379004257e-21,7.932370930475322e-22,True,0.28932950666163276,0.0960794315770388,16.808276784790788,18.0
p008,p008_neutral_front,right_cheek,observation_scale_0.95,observation_scale,0.95,True,33,0.04712852784177261,0.0060894848334807836,False,0.09999999999999999,0.0,True,1.1927003739064934e-21,1.511928290535999e-22,True,0.31652163358971863,0.10003163214096396,18.18390371670523,
p008,p008_neutral_front,right_cheek,observation_scale_1.05,observation_scale,1.05,True,33,0.03543677632393725,-0.0056022666843545815,False,0.09999999999999999,0.0,True,7.020195321090674e-22,-3.3948801274382614e-22,True,0.29738415318124345,0.10269450924406825,17.073976831568284,
p008,p008_neutral_front,right_cheek,observation_tilt_-0.02,observation_tilt,-0.02,True,33,0.04067337155947364,-0.0003656714488181889,False,0.09999999999999999,0.0,True,7.257064120404096e-22,-3.158011328124839e-22,True,0.31714838572562515,0.10544166087829161,18.318570353803725,
p008,p008_neutral_front,right_cheek,observation_tilt_+0.02,observation_tilt,0.02,True,33,0.041419558870063065,0.00038051586177123564,False,0.09999999999999999,0.0,True,3.5717992348876026e-20,3.467648480402313e-20,True,0.2966483946589759,0.09755903764479641,16.926013628255188,
p008,p008_neutral_front,right_cheek,subset_420_680_point,subset_point,0.0,True,33,0.04637352325296522,0.005334480244673388,False,0.09999999999999999,0.0,True,3.0927389181957126e-21,2.051231373342819e-21,True,0.2683925809834421,0.08351048175051426,15.483330954879504,
p008,p008_neutral_front,right_cheek,subset_420_680_gaussian_5nm,gaussian,5.0,True,33,0.04635749915327459,0.005318456144982761,False,0.09999999999999999,0.0,True,3.104247759036693e-21,2.0627402141837996e-21,True,0.26788332709396534,0.08339725637720932,15.463125846388051,
p008,p008_neutral_front,right_cheek,subset_420_680_gaussian_10nm,gaussian,10.0,True,33,0.046364325407348986,0.005325282399057156,False,0.09999999999999999,0.0,True,2.9613768552029453e-21,1.9198693103500518e-21,True,0.266930263845933,0.0831874986762071,15.421416550255476,
p009,p009_neutral_front,left_cheek,epidermis_0.050mm,thickness,0.05,True,33,0.0664710031752798,0.0034461515130130432,False,0.09999999999999999,0.0,True,1.6829382994376388e-15,1.6285782310333187e-15,True,0.20552648557726974,0.05091861696986447,10.18116061310699,
p009,p009_neutral_front,left_cheek,epidermis_0.070mm,thickness,0.07,True,33,0.060539958795071194,-0.002484892867195568,False,0.09999999999999999,0.0,True,0.04935749080546328,0.04935749080546323,False,0.17290488980235533,0.04350148481962226,8.921107213740397,
p009,p009_neutral_front,left_cheek,scattering_x0.8,scattering,0.8,True,33,0.04860787753561525,-0.014416974126651515,False,0.09999999999999987,-1.249000902703301e-16,True,0.006131891527886072,0.0061318915278860174,True,0.19756314124685137,0.048948570038631,9.904220818284633,
p009,p009_neutral_front,left_cheek,scattering_x1.2,scattering,1.2,True,33,0.07561050906424663,0.012585657401979866,False,0.09999999999999999,0.0,True,4.99266251664972e-18,-4.9367405887670393e-17,True,0.1777876770235786,0.04446348058411406,9.110140817634276,
p009,p009_neutral_front,left_cheek,whole_blood_hb_120gL,hb,120.0,True,33,0.06731568306209564,0.004290831399828873,False,0.09999999999999999,0.0,True,5.108008729687977e-19,-5.3849267531351315e-17,True,0.19645132839019452,0.04859011733290966,9.818720788868923,11.999999999999998
p009,p009_neutral_front,left_cheek,whole_blood_hb_180gL,hb,180.0,True,33,0.05967013934127639,-0.003354712320990369,False,0.09999999999999999,0.0,True,0.053183602588564416,0.05318360258856436,False,0.17788287661047925,0.04467399383976197,9.134276737410378,18.0
p009,p009_neutral_front,left_cheek,observation_scale_0.95,observation_scale,0.95,True,33,0.06946496124748357,0.006440109585216805,False,0.09999999999999999,0.0,True,9.167176434821851e-22,-5.435915168667663e-17,True,0.1870366130107647,0.04460355281615383,9.510875616768539,
p009,p009_neutral_front,left_cheek,observation_scale_1.05,observation_scale,1.05,True,33,0.057227501285159424,-0.005797350377107338,False,0.09999999999999999,0.0,True,0.03052364669974504,0.030523646699744986,False,0.18482423509517762,0.048149920640697605,9.377048801287165,
p009,p009_neutral_front,left_cheek,observation_tilt_-0.02,observation_tilt,-0.02,True,33,0.06271161849973417,-0.0003132331625325946,False,0.09999999999999999,0.0,True,1.8211834077815704e-21,-5.435824722091233e-17,True,0.19071279001236507,0.04841264230997426,9.860739671776834,
p009,p009_neutral_front,left_cheek,observation_tilt_+0.02,observation_tilt,0.02,True,33,0.06347847597792976,0.00045362431566299544,False,0.09999999999999999,0.0,True,0.025027058334468652,0.025027058334468597,False,0.18128788854947214,0.044400889200582404,9.033745550296304,
p009,p009_neutral_front,left_cheek,subset_420_680_point,subset_point,0.0,True,33,0.0703626682890712,0.007337816626804439,False,0.09999999999999999,0.0,True,0.14889937971105163,0.14889937971105158,False,0.0914062898333444,0.01897702737209112,4.1380272231133635,
p009,p009_neutral_front,left_cheek,subset_420_680_gaussian_5nm,gaussian,5.0,True,33,0.07036738687002807,0.007342535207761305,False,0.09999999999999999,0.0,True,0.15203942551085461,0.15203942551085456,False,0.09100997605142225,0.01888738151783833,4.117515932495544,
p009,p009_neutral_front,left_cheek,subset_420_680_gaussian_10nm,gaussian,10.0,True,33,0.07041101774617513,0.007386166083908366,False,0.09999999999999999,0.0,True,0.15404466876871842,0.15404466876871836,False,0.09042669644552954,0.018771479795005923,4.092489697560436,
p009,p009_neutral_front,right_cheek,epidermis_0.050mm,thickness,0.05,True,33,0.1096618455075579,0.00674981101445353,False,0.09999999999999996,-2.7755575615628914e-17,True,5.313849752850212e-17,5.3130690864224743e-17,True,0.36988810659601123,0.08548672938921696,22.29005236333193,
p009,p009_neutral_front,right_cheek,epidermis_0.070mm,thickness,0.07,True,33,0.09780585637525276,-0.00510617811785162,False,0.09999999999999999,0.0,True,3.660548368426249e-20,2.87988194068833e-20,True,0.31685047296937,0.07286553675811216,20.060061809617746,
p009,p009_neutral_front,right_cheek,scattering_x0.8,scattering,0.8,True,33,0.08328278320891318,-0.0196292512841912,False,0.09999999999999999,0.0,True,7.894908291427582e-24,-7.798769369087757e-21,True,0.356269938497354,0.08297217637489755,21.745614361525888,
p009,p009_neutral_front,right_cheek,scattering_x1.2,scattering,1.2,True,33,0.12053730903939776,0.017625274546293382,False,0.09999999999999999,0.0,True,6.561222265269733e-20,5.780555837531815e-20,True,0.32438041217369057,0.0741328296404969,20.382886267059344,
p009,p009_neutral_front,right_cheek,whole_blood_hb_120gL,hb,120.0,True,33,0.10764424832558254,0.004732213832478169,False,0.09999999999999999,0.0,True,7.444039308466427e-22,-7.062260346532542e-21,True,0.3553283381432255,0.08110094443151977,21.686311213232518,11.999999999999998
p009,p009_neutral_front,right_cheek,whole_blood_hb_180gL,hb,180.0,True,33,0.09888321817909664,-0.004028816314007741,False,0.09999999999999999,0.0,True,5.849083509813404e-21,-1.9575807675657808e-21,True,0.32720271710772875,0.07601241593700861,20.57028812144145,18.0
p009,p009_neutral_front,right_cheek,observation_scale_0.95,observation_scale,0.95,True,33,0.11107451881685522,0.008162484323750843,False,0.09999999999999999,0.0,True,1.2395861412577646e-20,4.589197135198461e-21,True,0.34346079883238934,0.07539227107102404,21.317520684060128,
p009,p009_neutral_front,right_cheek,observation_scale_1.05,observation_scale,1.05,True,33,0.09540707462161188,-0.007504959871492495,False,0.09999999999999999,0.0,True,4.0447314733861786e-22,-7.402191130040567e-21,True,0.3367915862688733,0.08132178624589037,20.878888577237312,
p009,p009_neutral_front,right_cheek,observation_tilt_-0.02,observation_tilt,-0.02,True,33,0.10267744442757354,-0.0002345900655308375,False,0.09999999999999999,0.0,True,2.9676296408668916e-21,-4.839034636512293e-21,True,0.35005841751733874,0.08132998144155804,21.885843032086406,
p009,p009_neutral_front,right_cheek,observation_tilt_+0.02,observation_tilt,0.02,True,33,0.10316615487345861,0.0002541203803542308,False,0.09999999999999999,0.0,True,1.4921667852793535e-21,-6.314497492099831e-21,True,0.3305899176569097,0.07555948458677231,20.324927749471268,
p009,p009_neutral_front,right_cheek,subset_420_680_point,subset_point,0.0,True,33,0.11229593146319304,0.009383896970088665,False,0.09999999999999999,0.0,True,1.108303092229872e-20,3.276366644919536e-21,True,0.2159000440662764,0.042850523357263894,12.177630822572823,
p009,p009_neutral_front,right_cheek,subset_420_680_gaussian_5nm,gaussian,5.0,True,33,0.11227170242557896,0.009359667932474586,False,0.09999999999999999,0.0,True,8.81478740907645e-22,-6.92518553647154e-21,True,0.21570918511358425,0.04283241766055659,12.172956476476468,
p009,p009_neutral_front,right_cheek,subset_420_680_gaussian_10nm,gaussian,10.0,True,33,0.1122966125044072,0.009384578011302824,False,0.09999999999999999,0.0,True,1.7654500061744714e-22,-7.630119276761737e-21,True,0.21557704287502077,0.042806099765115825,12.166835104894478,
p010,p010_neutral_front,left_cheek,epidermis_0.050mm,thickness,0.05,True,33,0.030362151955898562,-0.0009209440854391869,False,0.09999999999999999,0.0,True,0.7908854132240735,-0.07577691631637828,False,0.15308028510446345,0.05045250008202072,6.843088739183773,
p010,p010_neutral_front,left_cheek,epidermis_0.070mm,thickness,0.07,True,33,0.031825167377736226,0.0005420713363984767,False,0.09999999999999999,0.0,True,0.9414275520197074,0.07476522247925566,False,0.13459396205631585,0.04701485573055122,6.2684263823667035,
p010,p010_neutral_front,left_cheek,scattering_x0.8,scattering,0.8,True,33,0.019853705721590252,-0.011429390319747497,False,0.09999999999999999,0.0,True,0.8200143410886351,-0.04664798845181661,False,0.15255634188915634,0.04989445352942307,6.766124543672208,
p010,p010_neutral_front,left_cheek,scattering_x1.2,scattering,1.2,True,33,0.041154994135697044,0.009871898094359295,False,0.09999999999999999,0.0,True,0.9304936558850406,0.06383132634458888,False,0.13627064366575756,0.04771153102322823,6.3636797154786855,
p010,p010_neutral_front,left_cheek,whole_blood_hb_120gL,hb,120.0,True,33,0.03463390945303159,0.00335081341169384,False,0.09999999999999999,0.0,True,0.8457689308994851,-0.02089339864096662,False,0.14703708768073323,0.05039156468262884,6.764855395079795,11.999999999999998
p010,p010_neutral_front,left_cheek,whole_blood_hb_180gL,hb,180.0,True,33,0.028491442538027992,-0.0027916535033097566,False,0.09999999999999999,0.0,True,0.8836600324744468,0.01699770293399505,False,0.13878379406905472,0.04662573429130724,6.270943469324011,18.0
p010,p010_neutral_front,left_cheek,observation_scale_0.95,observation_scale,0.95,True,33,0.036153285622587544,0.004870189581249795,False,0.09999999999999999,0.0,True,0.8208036995505267,-0.04585862998992507,False,0.13945497594793513,0.04445766930499292,6.310043631547722,
p010,p010_neutral_front,left_cheek,observation_scale_1.05,observation_scale,1.05,True,33,0.026775562839415002,-0.004507533201922747,False,0.09999999999999999,0.0,True,0.9078475727858918,0.04118524324544004,False,0.14430459274460358,0.05220859182482947,6.6560729532516385,
p010,p010_neutral_front,left_cheek,observation_tilt_-0.02,observation_tilt,-0.02,True,33,0.030477420031355233,-0.0008056760099825165,False,0.09999999999999999,0.0,True,0.8255029760882666,-0.04115935345218513,False,0.14168617094693672,0.04784438636749933,6.512043520822203,
p010,p010_neutral_front,left_cheek,observation_tilt_+0.02,observation_tilt,0.02,True,33,0.03210929682900824,0.0008262007876704905,False,0.09999999999999999,0.0,True,0.9055378702561251,0.03887554071567334,False,0.1420312493105304,0.04879857137976642,6.466558867412451,
p010,p010_neutral_front,left_cheek,subset_420_680_point,subset_point,0.0,True,33,0.04213411128324814,0.010851015241910393,False,0.07295834519779709,-0.0270416548022029,False,0.9383211910718802,0.07165886153142842,False,0.08642041245050985,0.03144957897856944,4.397026853939902,
p010,p010_neutral_front,left_cheek,subset_420_680_gaussian_5nm,gaussian,5.0,True,33,0.04204054379876629,0.01075744775742854,False,0.0737910153380095,-0.026208984661990495,False,0.9462363638621759,0.07957403432172416,False,0.08461775436955893,0.030645560169736942,4.290570553291681,
p010,p010_neutral_front,left_cheek,subset_420_680_gaussian_10nm,gaussian,10.0,True,33,0.041851183947596536,0.010568087906258787,False,0.07584574415300918,-0.02415425584699081,False,0.9616901928511896,0.09502786331073787,False,0.08135234676560257,0.029347804543292857,4.125091472491833,
p010,p010_neutral_front,right_cheek,epidermis_0.050mm,thickness,0.05,True,33,0.06292101072041649,0.002902166904786632,False,0.09999999999999999,0.0,True,1.5578348141392086e-20,-1.6398065239946622e-20,True,0.25139540010597894,0.06963827472585199,13.691082687122483,
p010,p010_neutral_front,right_cheek,epidermis_0.070mm,thickness,0.07,True,33,0.057684707053148064,-0.0023341367624817935,False,0.09999999999999999,0.0,True,7.15939244959614e-21,-2.481702093174257e-20,True,0.2171775859854925,0.06070459004641187,12.31983934143095,
p010,p010_neutral_front,right_cheek,scattering_x0.8,scattering,0.8,True,33,0.045571848600796556,-0.014446995214833301,False,0.09999999999999999,0.0,True,1.855945120190389e-20,-1.3416962179434818e-20,True,0.23948824118556228,0.0666188718627014,13.2404891620555,
p010,p010_neutral_front,right_cheek,scattering_x1.2,scattering,1.2,True,33,0.07262304256009725,0.012604198744467388,False,0.09999999999999999,0.0,True,6.790282409681546e-18,6.7583059963002075e-18,True,0.2246345473727871,0.062451721647480224,12.629147996313636,
p010,p010_neutral_front,right_cheek,whole_blood_hb_120gL,hb,120.0,True,33,0.06438129944521055,0.004362455629580694,False,0.09999999999999999,0.0,True,1.5113568529175657e-19,1.1915927191041786e-19,True,0.24480825033797127,0.06749622085390261,13.421906371369284,11.999999999999998
p010,p010_neutral_front,right_cheek,whole_blood_hb_180gL,hb,180.0,True,33,0.0563187517389576,-0.003700092076672261,False,0.09999999999999999,0.0,True,2.1669517322087316e-21,-2.9809461649129977e-20,True,0.2203368511789586,0.06180450373742999,12.480712082862556,18.0
p010,p010_neutral_front,right_cheek,observation_scale_0.95,observation_scale,0.95,True,33,0.0664765237173961,0.006457679901766239,False,0.09999999999999999,0.0,True,1.9068395256270167e-20,-1.2908018125068541e-20,True,0.23452633503378664,0.06245131799742357,13.103282390655055,
p010,p010_neutral_front,right_cheek,observation_scale_1.05,observation_scale,1.05,True,33,0.054064674762752354,-0.005954169052877503,False,0.09999999999999999,0.0,True,2.1015887986171865e-21,-2.987482458272152e-20,True,0.2281090327634555,0.06632796761914864,12.738530567367878,
p010,p010_neutral_front,right_cheek,observation_tilt_-0.02,observation_tilt,-0.02,True,33,0.05969478046673185,-0.00032406334889800714,False,0.09999999999999999,0.0,True,6.199914661488739e-21,-2.577649871984997e-20,True,0.23760923816283977,0.0672528535310005,13.47119852603584,
p010,p010_neutral_front,right_cheek,observation_tilt_+0.02,observation_tilt,0.02,True,33,0.060358405118473554,0.0003395613028436967,False,0.09999999999999999,0.0,True,1.550532786594447e-20,-1.6471085515394237e-20,True,0.2251159837711571,0.061630632619824564,12.373289726365826,
p010,p010_neutral_front,right_cheek,subset_420_680_point,subset_point,0.0,True,33,0.0679916114745038,0.007972767658873947,False,0.09999999999999999,0.0,True,1.3280788812268091e-16,1.3277591170929958e-16,True,0.1202903244380677,0.02758492176275545,5.997431567650607,
p010,p010_neutral_front,right_cheek,subset_420_680_gaussian_5nm,gaussian,5.0,True,33,0.06798017764755068,0.007961333831920825,False,0.09999999999999999,0.0,True,2.5465350275121598e-18,2.514558614130821e-18,True,0.12013342181577909,0.027566238667678065,5.995135227280456,
p010,p010_neutral_front,right_cheek,subset_420_680_gaussian_10nm,gaussian,10.0,True,33,0.06801068202820643,0.007991838212576569,False,0.09999999999999999,0.0,True,4.3406792624155973e-16,4.340359498281784e-16,True,0.11981725617642823,0.027524373190995297,5.98830377880447,
p011,p011_neutral_front,left_cheek,epidermis_0.050mm,thickness,0.05,True,33,0.017770982453916628,-0.0011781551747729567,False,0.0598750791882971,0.0008955820505915021,False,0.733571475910829,-0.055625840171062535,False,0.142222155838649,0.05535289232998935,6.570106122752738,
p011,p011_neutral_front,left_cheek,epidermis_0.070mm,thickness,0.07,True,33,0.019581761134378407,0.000632623505688823,False,0.05840144565617325,-0.0005780514815323448,False,0.8491911387313681,0.0599938226494765,False,0.12213205263093511,0.049680147257813584,5.8096844473051155,
p011,p011_neutral_front,left_cheek,scattering_x0.8,scattering,0.8,True,33,0.013346183192230788,-0.0056029544364587965,False,0.048211343945404314,-0.010768153192301282,False,0.7515863746664979,-0.03761094141539367,False,0.14519325928499802,0.05696023204458408,6.757024810599274,
p011,p011_neutral_front,left_cheek,scattering_x1.2,scattering,1.2,True,33,0.024238399397059844,0.00528926176837026,False,0.06896586951685982,0.009986372379154222,False,0.8386978491864377,0.04950053310454616,False,0.11992549532850995,0.04842754769444928,5.673032094510818,
p011,p011_neutral_front,left_cheek,whole_blood_hb_120gL,hb,120.0,True,33,0.018964020470457258,1.488284176767371e-05,False,0.07374329620242072,0.014763799064715123,False,0.7873553337473415,-0.0018419823345501296,False,0.1302822467438113,0.05177829560301523,6.108427195553907,8.849195544290486
p011,p011_neutral_front,left_cheek,whole_blood_hb_180gL,hb,180.0,True,33,0.018939451117386215,-9.686511303369505e-06,False,0.04914035202380394,-0.009839145113901653,False,0.7904188969722831,0.0012215808903914827,False,0.13032928736489513,0.051880509883426976,6.1181846450721356,8.84526336428471
p011,p011_neutral_front,left_cheek,observation_scale_0.95,observation_scale,0.95,True,33,0.022204824928737845,0.0032556873000482607,False,0.06361197866999063,0.004632481532285036,False,0.728581927838827,-0.06061538824306456,False,0.12706052749517413,0.047167385964148774,5.877355619907515,
p011,p011_neutral_front,left_cheek,observation_scale_1.05,observation_scale,1.05,True,33,0.015895426931558987,-0.0030537106971305975,False,0.05505818131192744,-0.003921315825778156,False,0.8458349247394803,0.05663760865758871,False,0.13392373559459927,0.05709598997822701,6.381359843892931,
p011,p011_neutral_front,left_cheek,observation_tilt_-0.02,observation_tilt,-0.02,True,33,0.017636646671360025,-0.0013124909573295589,False,0.06165234500822178,0.002672847870516186,False,0.7442466460513416,-0.04495067003054998,False,0.12968982594858836,0.05111316716311184,6.092755418299157,
p011,p011_neutral_front,left_cheek,observation_tilt_+0.02,observation_tilt,0.02,True,33,0.0202231677980479,0.0012740301693583145,False,0.05660684439833816,-0.002372652739367438,False,0.8336466180148522,0.044449301932960594,False,0.13128546435873145,0.05297627756289537,6.170255464608575,
p011,p011_neutral_front,left_cheek,subset_420_680_point,subset_point,0.0,True,33,0.03301735368955919,0.014068216060869602,False,0.02969711619752014,-0.029282380940185454,False,0.9046655991115798,0.11546828302968826,False,0.08654694554015625,0.037726563513469084,4.578727945432188,
p011,p011_neutral_front,left_cheek,subset_420_680_gaussian_5nm,gaussian,5.0,True,33,0.032903813973309486,0.013954676344619901,False,0.030178125324242768,-0.028801371813462828,False,0.9192362396045685,0.13003892352267687,False,0.08507775283243435,0.03697859323492117,4.492882024170515,
p011,p011_neutral_front,left_cheek,subset_420_680_gaussian_10nm,gaussian,10.0,True,33,0.032716616316810616,0.013767478688121032,False,0.0312346104873147,-0.027744886650390897,False,0.94932977573288,0.16013245965098843,False,0.0820576391942387,0.03559313937821579,4.336328113413936,
p011,p011_neutral_front,right_cheek,epidermis_0.050mm,thickness,0.05,True,33,0.015326967334035583,-0.002345588473244486,False,0.09999999999999999,0.0,True,0.5350053636735492,-0.05258111068789095,False,0.15757274664513796,0.057132384745456746,7.58658866015989,
p011,p011_neutral_front,right_cheek,epidermis_0.070mm,thickness,0.07,True,33,0.019193706941249524,0.0015211511339694554,False,0.09999999999999999,0.0,True,0.6458780414616712,0.05829156710023098,False,0.13192677658984114,0.04855913726628512,6.491710304782145,
p011,p011_neutral_front,right_cheek,scattering_x0.8,scattering,0.8,True,33,0.010303648506730545,-0.007368907300549524,False,0.0847786434355565,-0.015221356564443497,False,0.5602276611151336,-0.027358813246306624,False,0.16009320954507592,0.05777475698126892,7.6752962384545524,
p011,p011_neutral_front,right_cheek,scattering_x1.2,scattering,1.2,True,33,0.026274264106190638,0.00860170829891057,False,0.09999999999999999,0.0,True,0.5992627278491713,0.011676253487731159,False,0.1310834581963472,0.048669655125824746,6.506425114437514,
p011,p011_neutral_front,right_cheek,whole_blood_hb_120gL,hb,120.0,True,33,0.02114032964483702,0.0034677738375569513,False,0.09999999999999999,0.0,True,0.5339249848335295,-0.05366148952791072,False,0.14401822852606755,0.052897079115258025,7.061318686512972,11.999999999999998
p011,p011_neutral_front,right_cheek,whole_blood_hb_180gL,hb,180.0,True,33,0.017147511655484643,-0.0005250441517954257,False,0.08609683196907786,-0.013903168030922133,False,0.5965754862149685,0.008989011853528295,False,0.14251814424780937,0.05191485630490214,6.932298080059009,15.497429754434014
p011,p011_neutral_front,right_cheek,observation_scale_0.95,observation_scale,0.95,True,33,0.022257613914545827,0.004585058107265758,False,0.09999999999999999,0.0,True,0.5184922357995501,-0.06909423856189012,False,0.14123704056223374,0.049313204867989326,6.92015162669701,
p011,p011_neutral_front,right_cheek,observation_scale_1.05,observation_scale,1.05,True,33,0.0143412516797373,-0.0033313041275427682,False,0.09432717574564992,-0.005672824254350076,False,0.6391997395677312,0.05161326520629106,False,0.1443043194966817,0.055134214771840405,7.018351026661048,
p011,p011_neutral_front,right_cheek,observation_tilt_-0.02,observation_tilt,-0.02,True,33,0.016978142521285117,-0.0006944132859949513,False,0.09999999999999999,0.0,True,0.5377846127106404,-0.049801861650799806,False,0.14361752495743488,0.05310590133250986,7.11865101059172,
p011,p011_neutral_front,right_cheek,observation_tilt_+0.02,observation_tilt,0.02,True,33,0.01893099454634705,0.0012584387390669818,False,0.09659781820923201,-0.003402181790767983,False,0.6288812251739219,0.041294750812481684,False,0.14188553150383745,0.05126446845344973,6.8135266327854005,
p011,p011_neutral_front,right_cheek,subset_420_680_point,subset_point,0.0,True,33,0.03573149530888208,0.018058939501602013,False,0.043926445837405494,-0.0560735541625945,False,0.5854291314662159,-0.00215734289522429,False,0.08917739049446503,0.030449573784656632,4.259787997308321,
p011,p011_neutral_front,right_cheek,subset_420_680_gaussian_5nm,gaussian,5.0,True,33,0.03558736790176411,0.01791481209448404,False,0.0445095025205796,-0.05549049747942039,False,0.5996993157248639,0.01211284136342372,False,0.08841221250122287,0.030186175049503522,4.218871314928562,
p011,p011_neutral_front,right_cheek,subset_420_680_gaussian_10nm,gaussian,10.0,True,33,0.035314630690274434,0.017642074882994366,False,0.04579867562655257,-0.05420132437344742,False,0.6235563296882514,0.035969855326811184,False,0.08663294351276293,0.029681628662630424,4.14123398754747,
p012,p012_neutral_front,left_cheek,epidermis_0.050mm,thickness,0.05,True,33,0.021475228071904193,-0.001483686901574733,False,0.07367911747461886,0.0025279160226746866,False,0.6318019319785256,-0.05700322424485749,False,0.14087561760540718,0.05040443715434963,6.455824864243035,
p012,p012_neutral_front,left_cheek,epidermis_0.070mm,thickness,0.07,True,33,0.023692063581310922,0.000733148607831996,False,0.06951595118734126,-0.0016352502646029138,False,0.753391608028478,0.06458645180509492,False,0.1209166125843036,0.04499713683586517,5.684324501070291,
p012,p012_neutral_front,left_cheek,scattering_x0.8,scattering,0.8,True,33,0.016333428697245776,-0.006625486276233151,False,0.059328744462620625,-0.011822456989323549,False,0.6461550848816402,-0.04265007134174292,False,0.1437731609591285,0.05171419708630211,6.622378680568798,
p012,p012_neutral_front,left_cheek,scattering_x1.2,scattering,1.2,True,33,0.029106503761501482,0.006147588788022556,False,0.08224856098493846,0.011097359532994289,False,0.745430503595895,0.0566253473725119,False,0.11899232821285073,0.04403790214071497,5.569874184703382,
p012,p012_neutral_front,left_cheek,whole_blood_hb_120gL,hb,120.0,True,33,0.02297414103704126,1.5226063562332609e-05,False,0.08896815103199819,0.017816949580054017,False,0.686822909704744,-0.001982246518639097,False,0.12881057126364587,0.04694108686927327,5.979783460768569,10.676178123839783
p012,p012_neutral_front,left_cheek,whole_blood_hb_180gL,hb,180.0,True,33,0.022949013710892936,-9.901262585990805e-06,False,0.05927872486208844,-0.011872476589855734,False,0.6901193061594705,0.001314149936087361,False,0.12884172476385772,0.04702264352187246,5.988047938977341,10.670170475175919
p012,p012_neutral_front,left_cheek,observation_scale_0.95,observation_scale,0.95,True,33,0.026415598103731737,0.0034566831302528106,False,0.07654868056139871,0.005397479109454539,False,0.633710558675443,-0.055094597547940105,False,0.1257945151854193,0.04298447409903605,5.779367690798298,
p012,p012_neutral_front,left_cheek,observation_scale_1.05,observation_scale,1.05,True,33,0.019755884452390335,-0.0032030305210885915,False,0.06643402551755359,-0.004717175934390583,False,0.741901964168169,0.053096807944785884,False,0.13211324098104765,0.05144016606426918,6.215375570672522,
p012,p012_neutral_front,left_cheek,observation_tilt_-0.02,observation_tilt,-0.02,True,33,0.021517458170093273,-0.0014414568033856538,False,0.07486969297891519,0.003718491526971013,False,0.6465856359635694,-0.04221952025981368,False,0.12841200050553067,0.046602635637613014,5.995436386485479,
p012,p012_neutral_front,left_cheek,observation_tilt_+0.02,observation_tilt,0.02,True,33,0.02437194209666359,0.0014130271231846646,False,0.06778813300511986,-0.0033630684468243105,False,0.7316392166244997,0.04283406040111659,False,0.12954047163360716,0.0477220608637274,6.006161873080379,
p012,p012_neutral_front,left_cheek,subset_420_680_point,subset_point,0.0,True,33,0.03761678303865141,0.014657868065172483,False,0.03560366293266884,-0.035547538519275335,False,0.7312109372735635,0.042405781050180336,False,0.07960548010402484,0.03158551460268567,4.150106797252962,
p012,p012_neutral_front,left_cheek,subset_420_680_gaussian_5nm,gaussian,5.0,True,33,0.03747197439540276,0.014513059421923831,False,0.03617407056420906,-0.03497713088773512,False,0.7471449267636985,0.05833977054031536,False,0.07832117043848069,0.030935510765838833,4.070337655624258,
p012,p012_neutral_front,left_cheek,subset_420_680_gaussian_10nm,gaussian,10.0,True,33,0.03723924008786369,0.014280325114384762,False,0.03737620879365424,-0.03377499265828993,False,0.77798014754935,0.08917499132596685,False,0.07596927926445747,0.029849349615775157,3.9389097272906928,
p012,p012_neutral_front,right_cheek,epidermis_0.050mm,thickness,0.05,True,33,0.0575379994019166,0.002287304883331849,False,0.09999999999999999,0.0,True,4.898385014042548e-20,-7.534684386218382e-19,True,0.24664763558983985,0.0732821976079448,13.806610709427382,
p012,p012_neutral_front,right_cheek,epidermis_0.070mm,thickness,0.07,True,33,0.05336588544242933,-0.0018848090761554165,False,0.09999999999999999,0.0,True,1.795466251576122e-21,-8.006568225106875e-19,True,0.20765200936555897,0.06193730149370085,12.1932795745377,
p012,p012_neutral_front,right_cheek,scattering_x0.8,scattering,0.8,True,33,0.041208679288007255,-0.014042015230577493,False,0.09999999999999999,0.0,True,7.420119539490227e-21,-7.950321692227734e-19,True,0.23469240484797413,0.06965522797451046,13.3077474410521,
p012,p012_neutral_front,right_cheek,scattering_x1.2,scattering,1.2,True,33,0.06748459426826037,0.01223389974967562,False,0.09999999999999999,0.0,True,2.2717369655972417e-21,-8.001805517966664e-19,True,0.21576224903279384,0.0642084635118446,12.558565768850984,
p012,p012_neutral_front,right_cheek,whole_blood_hb_120gL,hb,120.0,True,33,0.05955406166833897,0.004303367149754225,False,0.09999999999999999,0.0,True,3.350271856074039e-19,-4.674251031548597e-19,True,0.23825897867569612,0.07054997695206122,13.472611616929708,11.999999999999998
p012,p012_neutral_front,right_cheek,whole_blood_hb_180gL,hb,180.0,True,33,0.05160091159941057,-0.0036497829191741785,False,0.09999999999999999,0.0,True,2.721594641440514e-20,-7.752363423478585e-19,True,0.21292077400704532,0.06366170230784635,12.430758740708228,18.0
p012,p012_neutral_front,right_cheek,observation_scale_0.95,observation_scale,0.95,True,33,0.06157466101488802,0.00632396649630327,False,0.09999999999999999,0.0,True,3.0480215950707173e-21,-7.9940426716719295e-19,True,0.22893392173645463,0.0654404587880293,13.195770463861882,
p012,p012_neutral_front,right_cheek,observation_scale_1.05,observation_scale,1.05,True,33,0.049421225152954745,-0.005829469365630002,False,0.09999999999999999,0.0,True,1.462408942311261e-21,-8.009898798199524e-19,True,0.2199519469437759,0.06821064852182551,12.657256855801684,
p012,p012_neutral_front,right_cheek,observation_tilt_-0.02,observation_tilt,-0.02,True,33,0.05491771721973569,-0.0003329772988490548,False,0.09999999999999999,0.0,True,4.337047553490022e-19,-3.687475334132615e-19,True,0.23174535417973227,0.07012146439305425,13.520214035409943,
p012,p012_neutral_front,right_cheek,observation_tilt_+0.02,observation_tilt,0.02,True,33,0.05559890049613257,0.0003482059775478247,False,0.09999999999999999,0.0,True,2.9849028448365483e-19,-5.039620042786088e-19,True,0.21714224191464085,0.0636431428936536,12.328408481927678,
p012,p012_neutral_front,right_cheek,subset_420_680_point,subset_point,0.0,True,33,0.06246405326924093,0.007213358750656179,False,0.09999999999999999,0.0,True,2.7663147578430883e-20,-7.747891411838328e-19,True,0.12225509839776616,0.032174885037682274,6.487773940378206,
p012,p012_neutral_front,right_cheek,subset_420_680_gaussian_5nm,gaussian,5.0,True,33,0.062452860482679076,0.007202165964094329,False,0.09999999999999999,0.0,True,4.356935332658399e-20,-7.588829354356797e-19,True,0.12192191311609431,0.03211842552616934,6.478654946338632,
p012,p012_neutral_front,right_cheek,subset_420_680_gaussian_10nm,gaussian,10.0,True,33,0.062482125919627124,0.007231431401042376,False,0.09999999999999999,0.0,True,5.577429382139737e-21,-7.968748593801239e-19,True,0.12124605600003285,0.03199038969122569,6.454463752617933,
p013,p013_neutral_front,left_cheek,epidermis_0.050mm,thickness,0.05,True,33,0.021680288493658283,-0.002015448076579985,False,0.09383625008628999,0.0027369881154798437,False,0.7105964234876354,-0.06148976398553452,False,0.15140887986454843,0.051401389277668026,6.749311578307901,
p013,p013_neutral_front,left_cheek,epidermis_0.070mm,thickness,0.07,True,33,0.024741482674409305,0.0010457461041710366,False,0.08990923007110241,-0.001190031899707733,False,0.8386099197088588,0.06652373223568886,False,0.13068099908768233,0.045934886268015195,5.962041288966142,
p013,p013_neutral_front,left_cheek,scattering_x0.8,scattering,0.8,True,33,0.01640643868489865,-0.007289297885339618,False,0.07563389982809321,-0.015465362142716932,False,0.7214784665385954,-0.05060772093457455,False,0.1544172518563801,0.05261895787686773,6.908118686823076,
p013,p013_neutral_front,left_cheek,scattering_x1.2,scattering,1.2,True,33,0.03127000519108644,0.0075742686208481735,False,0.09999999999999999,0.00890073802918985,True,0.8265216736334215,0.05443548616025162,False,0.128846278208335,0.045340708905976766,5.888885231590341,
p013,p013_neutral_front,left_cheek,whole_blood_hb_120gL,hb,120.0,True,33,0.025656918093624297,0.0019611815233860283,False,0.09999999999999999,0.00890073802918985,True,0.7530608306307902,-0.019025356842379715,False,0.1393711003751003,0.04853212731239959,6.339463866906941,11.999999999999998
p013,p013_neutral_front,left_cheek,whole_blood_hb_180gL,hb,180.0,True,33,0.023684351082645792,-1.1385487592475985e-05,False,0.07590366606365362,-0.015195595907156523,False,0.773599636292336,0.0015134488191660411,False,0.13903050072054257,0.048048840101274116,6.276635092584159,13.66265989145765
p013,p013_neutral_front,left_cheek,observation_scale_0.95,observation_scale,0.95,True,33,0.027270573684253428,0.0035748371140151593,False,0.09771357928871932,0.00661431731790918,False,0.7266398601585202,-0.045446327314649704,False,0.13591585265754552,0.04414132624171586,6.0854296720299335,
p013,p013_neutral_front,left_cheek,observation_scale_1.05,observation_scale,1.05,True,33,0.020387455169527457,-0.0033082814007108115,False,0.08530704053484749,-0.005792221435962655,False,0.8161038019576686,0.0440176144844987,False,0.1423032179162977,0.05227544136895066,6.483585620259277,
p013,p013_neutral_front,left_cheek,observation_tilt_-0.02,observation_tilt,-0.02,True,33,0.022154064046178045,-0.0015416725240602232,False,0.09602677691918965,0.004927514948379508,False,0.735146173969418,-0.03694001350375198,False,0.13861535305126488,0.047800278604528915,6.306996407532106,
p013,p013_neutral_front,left_cheek,observation_tilt_+0.02,observation_tilt,0.02,True,33,0.0252107688471652,0.0015150322769269323,False,0.08662608601638387,-0.00447317595442627,False,0.8095309300741683,0.03744474260099839,False,0.13964566607768172,0.048520623286808076,6.267506560477558,
p013,p013_neutral_front,left_cheek,subset_420_680_point,subset_point,0.0,True,33,0.04042939137742642,0.01673365480718815,False,0.042241892422353655,-0.048857369548456486,False,0.8295408134282971,0.05745462595512718,False,0.08668374955510522,0.032287984011241944,4.355660845503749,
p013,p013_neutral_front,left_cheek,subset_420_680_gaussian_5nm,gaussian,5.0,True,33,0.040302817452652885,0.016607080882414617,False,0.042872659721854944,-0.0482266022489552,False,0.8431075555942088,0.07102136812103887,False,0.08527090269933874,0.03159355965681126,4.2685543790374005,
p013,p013_neutral_front,left_cheek,subset_420_680_gaussian_10nm,gaussian,10.0,True,33,0.040091161391974,0.016395424821735734,False,0.04426198308615723,-0.04683727888465291,False,0.8701153562881154,0.0980291688149455,False,0.08259926136624417,0.0304095095539402,4.123134500982999,
p013,p013_neutral_front,right_cheek,epidermis_0.050mm,thickness,0.05,True,33,0.06681289276784491,0.0031196132428418233,False,0.09999999999999999,0.0,True,6.688270693417839e-21,-2.4587198071289106e-20,True,0.2803191342898999,0.07986874166841625,16.029885304518956,
p013,p013_neutral_front,right_cheek,epidermis_0.070mm,thickness,0.07,True,33,0.061210783436128874,-0.0024824960888742142,False,0.09999999999999999,0.0,True,8.593843191521885e-20,5.46629631505119e-20,True,0.23862533044411866,0.06819487879841044,14.317795060917245,
p013,p013_neutral_front,right_cheek,scattering_x0.8,scattering,0.8,True,33,0.04868920674551799,-0.015004072779485095,False,0.09999999999999999,0.0,True,3.740003129526718e-21,-2.753546563518023e-20,True,0.2669611458128563,0.07624417598820983,15.477801937934833,
p013,p013_neutral_front,right_cheek,scattering_x1.2,scattering,1.2,True,33,0.07686535444215023,0.013172074917147142,False,0.09999999999999999,0.0,True,2.8951359805606094e-21,-2.8380332784146336e-20,True,0.2472239217901276,0.07036765337809635,14.700184705277756,
p013,p013_neutral_front,right_cheek,whole_blood_hb_120gL,hb,120.0,True,33,0.06809106949230169,0.0043977899672986015,False,0.09999999999999999,0.0,True,1.7262260542502993e-20,-1.4013208222203953e-20,True,0.2714946564198245,0.07691168281241675,15.6834168687201,11.999999999999998
p013,p013_neutral_front,right_cheek,whole_blood_hb_180gL,hb,180.0,True,33,0.05996003977390377,-0.003733239751099321,False,0.09999999999999999,0.0,True,2.4800770545400866e-20,-6.47469821930608e-21,True,0.24410644438539697,0.07011396713791947,14.571544686675972,18.0
p013,p013_neutral_front,right_cheek,observation_scale_0.95,observation_scale,0.95,True,33,0.07034804008336144,0.006654760558358355,False,0.09999999999999999,0.0,True,3.7712609354180776e-20,6.437140589473831e-21,True,0.26133196440697154,0.07143495513717082,15.38368862652318,
p013,p013_neutral_front,right_cheek,observation_scale_1.05,observation_scale,1.05,True,33,0.05756291493566949,-0.006130364589333595,False,0.09999999999999999,0.0,True,4.949520392977666e-21,-2.632594837172928e-20,True,0.25197728259534835,0.07504874366281503,14.818517273061829,
p013,p013_neutral_front,right_cheek,observation_tilt_-0.02,observation_tilt,-0.02,True,33,0.06337210656282083,-0.000321172962182259,False,0.09999999999999999,0.0,True,1.435789790713869e-21,-2.9839678973993077e-20,True,0.2647626702252511,0.07661045107668119,15.759395491280609,
p013,p013_neutral_front,right_cheek,observation_tilt_+0.02,observation_tilt,0.02,True,33,0.06403036989748122,0.0003370903724781299,False,0.09999999999999999,0.0,True,2.0135031624964003e-21,-2.9261965602210545e-20,True,0.2486491696559915,0.07002361387375249,14.44316437253208,
p013,p013_neutral_front,right_cheek,subset_420_680_point,subset_point,0.0,True,33,0.07161359890730983,0.007920319382306737,False,0.09999999999999999,0.0,True,3.1290179922494937e-21,-2.814645077245745e-20,True,0.14674043197862777,0.03658185588301955,7.875968408187544,
p013,p013_neutral_front,right_cheek,subset_420_680_gaussian_5nm,gaussian,5.0,True,33,0.07159891863494232,0.00790563910993923,False,0.09999999999999999,0.0,True,1.6235557208188572e-20,-1.5039911556518373e-20,True,0.14645976716785744,0.036540760612106454,7.869183441389956,
p013,p013_neutral_front,right_cheek,subset_420_680_gaussian_10nm,gaussian,10.0,True,33,0.07162423907656432,0.007930959551561229,False,0.09999999999999999,0.0,True,1.152042766151075e-21,-3.012342599855587e-20,True,0.14596467215965214,0.0364550825293681,7.852321293907203,
p014,p014_neutral_front,left_cheek,epidermis_0.050mm,thickness,0.05,True,33,0.05945945430694491,0.002289597264738402,False,0.09999999999999999,0.0,True,0.18841104271321285,-0.08801297809444314,False,0.21468481057595482,0.05389314876352119,10.044853119010952,
p014,p014_neutral_front,left_cheek,epidermis_0.070mm,thickness,0.07,True,33,0.05550630906486495,-0.0016635479773415562,False,0.09999999999999999,0.0,True,0.38311258334949205,0.10668856254183606,False,0.18395023643811026,0.048035395367644666,8.954214828342334,
p014,p014_neutral_front,left_cheek,scattering_x0.8,scattering,0.8,True,33,0.043440976938849594,-0.013728880103356912,False,0.09999999999999999,0.0,True,0.2780547320223255,0.0016307112146695113,False,0.21001155896463347,0.05307449805123276,9.894261251575635,
p014,p014_neutral_front,left_cheek,scattering_x1.2,scattering,1.2,True,33,0.06929428925712586,0.01212443221491935,False,0.09999999999999999,0.0,True,0.3185190278373912,0.04209500702973523,False,0.1870497216020454,0.048644106627547895,9.069288182233128,
p014,p014_neutral_front,left_cheek,whole_blood_hb_120gL,hb,120.0,True,33,0.06078131568629837,0.003611458644091861,False,0.09999999999999999,0.0,True,0.18203458168225842,-0.09438943912539757,False,0.20403609104220083,0.051760583343310664,9.669451622188438,11.999999999999998
p014,p014_neutral_front,left_cheek,whole_blood_hb_180gL,hb,180.0,True,33,0.054170992125037926,-0.002998864917168581,False,0.09999999999999999,0.0,True,0.34907306827407686,0.07264904746642087,False,0.19045842421555467,0.04909815368204797,9.167581662909335,18.0
p014,p014_neutral_front,left_cheek,observation_scale_0.95,observation_scale,0.95,True,33,0.06296680663268199,0.005796949590475484,False,0.09999999999999999,0.0,True,0.20697713290757722,-0.06944688790007877,False,0.19572632555536246,0.047532173741850536,9.343789589724116,
p014,p014_neutral_front,left_cheek,observation_scale_1.05,observation_scale,1.05,True,33,0.05181558596669916,-0.005354271075507344,False,0.09999999999999999,0.0,True,0.3416396461366357,0.06521562532897973,False,0.1969444282273452,0.053101682396692794,9.44513011338566,
p014,p014_neutral_front,left_cheek,observation_tilt_-0.02,observation_tilt,-0.02,True,33,0.056451037881169966,-0.0007188191610365408,False,0.09999999999999999,0.0,True,0.21153133235018726,-0.06489268845746873,False,0.19943924419663348,0.05157901597789198,9.694246123836342,
p014,p014_neutral_front,left_cheek,observation_tilt_+0.02,observation_tilt,0.02,True,33,0.05792874972653262,0.0007588926843261137,False,0.09999999999999999,0.0,True,0.34032895390760476,0.06390493309994877,False,0.19344954658791763,0.04913162643528014,9.113346213352918,
p014,p014_neutral_front,left_cheek,subset_420_680_point,subset_point,0.0,True,33,0.06523013900376076,0.008060281961554255,False,0.09999999999999999,0.0,True,0.4346070472834175,0.1581830264757615,False,0.11396172704071757,0.024643038973277024,4.9705892221994725,
p014,p014_neutral_front,left_cheek,subset_420_680_gaussian_5nm,gaussian,5.0,True,33,0.06526843516161827,0.008098578119411767,False,0.09999999999999999,0.0,True,0.4418337610163698,0.1654097402087138,False,0.11325583177279722,0.024446023074827895,4.9306072429076515,
p014,p014_neutral_front,left_cheek,subset_420_680_gaussian_10nm,gaussian,10.0,True,33,0.065399731588492,0.008229874546285487,False,0.09999999999999999,0.0,True,0.4544185023520636,0.1779944815444076,False,0.11181159051448834,0.024106595131564386,4.861273218928261,
p014,p014_neutral_front,right_cheek,epidermis_0.050mm,thickness,0.05,True,33,0.12462352882361319,0.007893042748762805,False,0.09999999999999999,0.0,True,7.077994885363793e-24,-1.2291651353480084e-20,True,0.42271193637282467,0.09174369161096319,26.157236333592355,
p014,p014_neutral_front,right_cheek,epidermis_0.070mm,thickness,0.07,True,33,0.11075870640193745,-0.00597177967291293,False,0.09999999999999999,0.0,True,3.48243057511684e-20,2.252557640280295e-20,True,0.36497606995629567,0.0794174770691675,23.741918405683382,
p014,p014_neutral_front,right_cheek,scattering_x0.8,scattering,0.8,True,33,0.09528254253066812,-0.021447943544182266,False,0.09999999999999999,0.0,True,2.9022687125250577e-18,2.8899699831766923e-18,True,0.41035389850242704,0.0897747108206003,25.669045850252814,
p014,p014_neutral_front,right_cheek,scattering_x1.2,scattering,1.2,True,33,0.13602772787497663,0.01929724180012625,False,0.09999999999999999,0.0,True,2.1019408853829875e-23,-1.2277709939511617e-20,True,0.3714047041667463,0.0803445415265769,24.013893863429768,
p014,p014_neutral_front,right_cheek,whole_blood_hb_120gL,hb,120.0,True,33,0.12161294287417941,0.004882456799329027,False,0.09999999999999999,0.0,True,5.284222194028848e-21,-7.0145071543366e-21,True,0.40483922686024904,0.08707549349949154,25.42472430402491,11.999999999999998
p014,p014_neutral_front,right_cheek,whole_blood_hb_180gL,hb,180.0,True,33,0.11256527906307065,-0.004165207011779734,False,0.09999999999999999,0.0,True,1.4586149788964729e-21,-1.0840114369468974e-20,True,0.3780936453269467,0.08276474279030227,24.367766090229104,18.0
p014,p014_neutral_front,right_cheek,observation_scale_0.95,observation_scale,0.95,True,33,0.12547302868075147,0.008742542605901085,False,0.09999999999999999,0.0,True,9.640269801315762e-23,-1.220232665035229e-20,True,0.3924875780323228,0.08107300863312294,25.021031714659852,
p014,p014_neutral_front,right_cheek,observation_scale_1.05,observation_scale,1.05,True,33,0.10869125541117568,-0.008039230663674707,False,0.09999999999999999,0.0,True,2.8337551607306096e-20,1.603882225894065e-20,True,0.3882439861846989,0.08843824625273199,24.710635520150877,
p014,p014_neutral_front,right_cheek,observation_tilt_-0.02,observation_tilt,-0.02,True,33,0.11653556424982181,-0.00019492182502857391,False,0.09999999999999999,0.0,True,4.046212198338829e-23,-1.2258267226382059e-20,True,0.4004014016158505,0.0876289973192908,25.685008429097365,
p014,p014_neutral_front,right_cheek,observation_tilt_+0.02,observation_tilt,0.02,True,33,0.11694653373516771,0.00021604766031732558,False,0.09999999999999998,-1.3877787807814457e-17,True,6.135420727149671e-17,6.134190854214834e-17,True,0.380810762073828,0.08203562404243267,24.063773447357878,
p014,p014_neutral_front,right_cheek,subset_420_680_point,subset_point,0.0,True,33,0.12767076110017694,0.01094027502532656,False,0.09999999999999999,0.0,True,8.067079151706989e-22,-1.1492021433194748e-20,True,0.2602148075464268,0.04683212204050799,14.96847042118999,
p014,p014_neutral_front,right_cheek,subset_420_680_gaussian_5nm,gaussian,5.0,True,33,0.127641631799656,0.01091114572480563,False,0.09999999999999999,0.0,True,5.40467109441789e-22,-1.1758262238923658e-20,True,0.26001102458551245,0.04681580188588224,14.96274773218228,
p014,p014_neutral_front,right_cheek,subset_420_680_gaussian_10nm,gaussian,10.0,True,33,0.12766213322580175,0.010931647150951365,False,0.09999999999999999,0.0,True,3.19335455775131e-22,-1.1979393892590316e-20,True,0.25981402529222236,0.04678663583539028,14.953217160717095,
p015,p015_neutral_front,left_cheek,epidermis_0.050mm,thickness,0.05,True,33,0.02238021528660281,-0.001703845293846578,False,0.08232225575965918,0.003088796023685364,False,0.6423699730274391,-0.05758692533354093,False,0.14340569107996862,0.049318144233636084,6.481197068618292,
p015,p015_neutral_front,left_cheek,epidermis_0.070mm,thickness,0.07,True,33,0.024937040709291796,0.0008529801288424087,False,0.0772983388280914,-0.0019351209078824205,False,0.7650661543168511,0.06510925595587103,False,0.12264724748722357,0.04357812576920693,5.67014741793625,
p015,p015_neutral_front,left_cheek,scattering_x0.8,scattering,0.8,True,33,0.017052076492822046,-0.007031984087627341,False,0.06626503544732477,-0.012968424288649041,False,0.6556124423106818,-0.04434445605029824,False,0.1462407327818619,0.05047340889991413,6.633423606632053,
p015,p015_neutral_front,left_cheek,scattering_x1.2,scattering,1.2,True,33,0.03058886525044036,0.006504804669990972,False,0.09155322569748019,0.012319765961506371,False,0.7580024275860684,0.05804552922508832,False,0.12083659450545392,0.04275606368974922,5.568511263555466,
p015,p015_neutral_front,left_cheek,whole_blood_hb_120gL,hb,120.0,True,33,0.024102389871598812,1.832929114942497e-05,False,0.0990544264153229,0.019820966679349086,True,0.6977792552058364,-0.0021776431551436826,False,0.13092125879786987,0.04569290067292801,5.9850245722301425,11.886531169838749
p015,p015_neutral_front,left_cheek,whole_blood_hb_180gL,hb,180.0,True,33,0.02407212416306475,-1.1936417384637854e-05,False,0.06602104419727944,-0.013212415538694372,False,0.7014009906434243,0.0014440922824442426,False,0.13092769807949597,0.045752264424572864,5.991123261996345,11.8837879555103
p015,p015_neutral_front,left_cheek,observation_scale_0.95,observation_scale,0.95,True,33,0.027591634960092915,0.003507574379643528,False,0.08524671895864876,0.006013259222674941,False,0.6483030757563212,-0.051653822604658894,False,0.128160355126696,0.042100349490110885,5.81490670280276,
p015,p015_neutral_front,left_cheek,observation_scale_1.05,observation_scale,1.05,True,33,0.020840972004506058,-0.0032430885759433294,False,0.07395682642592903,-0.005276633310044784,False,0.7501216861330969,0.05016478777211686,False,0.13389984800267418,0.04975369712094081,6.187586145158226,
p015,p015_neutral_front,left_cheek,observation_tilt_-0.02,observation_tilt,-0.02,True,33,0.02256558606160735,-0.0015184745188420376,False,0.08362628290340679,0.004392823167432974,False,0.6597862799099199,-0.04017061845106018,False,0.13077792137892758,0.04567083033503551,6.034699428071038,
p015,p015_neutral_front,left_cheek,observation_tilt_+0.02,observation_tilt,0.02,True,33,0.02557560144136226,0.0014915408609128718,False,0.07524880175280119,-0.003984657983172629,False,0.7409277781184195,0.040970879757439405,False,0.13133288705415413,0.04609842808134793,5.973242835446105,
p015,p015_neutral_front,left_cheek,subset_420_680_point,subset_point,0.0,True,33,0.039622143183924444,0.015538082603475056,False,0.03844434497960144,-0.040789114756372376,False,0.7493616435256428,0.049404745164662756,False,0.07819516239426784,0.02941441628971289,3.976278639456811,
p015,p015_neutral_front,left_cheek,subset_420_680_gaussian_5nm,gaussian,5.0,True,33,0.03948329029050047,0.01539922971005108,False,0.03903191893736664,-0.040201540798607174,False,0.7641806311887678,0.0642237328277877,False,0.07687705354825464,0.02877316324494372,3.895059487502979,
p015,p015_neutral_front,left_cheek,subset_420_680_gaussian_10nm,gaussian,10.0,True,33,0.03924945310197657,0.015165392521527182,False,0.04029780753693751,-0.0389356521990363,False,0.792427259941224,0.09247036158024391,False,0.07441004793717682,0.027704078315281804,3.7610114066160127,
p015,p015_neutral_front,right_cheek,epidermis_0.050mm,thickness,0.05,True,33,0.05577913212612494,0.0021124667264838595,False,0.09999999999999999,0.0,True,4.958009367777238e-21,-1.2510900011623585e-18,True,0.24332161978779643,0.07323344661852466,13.66679383681956,
p015,p015_neutral_front,right_cheek,epidermis_0.070mm,thickness,0.07,True,33,0.0519077137491082,-0.0017589516505328792,False,0.09999999999999999,0.0,True,4.835833146212624e-20,-1.2076896790680095e-18,True,0.2063579065481219,0.06237546095895103,12.142027936886862,
p015,p015_neutral_front,right_cheek,scattering_x0.8,scattering,0.8,True,33,0.03977123249835467,-0.013895432901286413,False,0.09999999999999999,0.0,True,1.4020738791745971e-21,-1.2546459366509612e-18,True,0.2307923142212722,0.06954143176542348,13.15677250158058,
p015,p015_neutral_front,right_cheek,scattering_x1.2,scattering,1.2,True,33,0.06575926300218442,0.012092597602543338,False,0.09999999999999999,0.0,True,2.018596717691213e-19,-1.0541883387610145e-18,True,0.21482907635925938,0.06469360922253385,12.51487978182451,
p015,p015_neutral_front,right_cheek,whole_blood_hb_120gL,hb,120.0,True,33,0.05796951576688776,0.004302850367246681,False,0.09999999999999999,0.0,True,9.933145369657037e-21,-1.2461148651604787e-18,True,0.23631663696892338,0.07077716484513231,13.381569154311796,11.999999999999998
p015,p015_neutral_front,right_cheek,whole_blood_hb_180gL,hb,180.0,True,33,0.05001822846350738,-0.0036484369361336963,False,0.09999999999999999,0.0,True,4.8373500088557324e-18,3.581301998325597e-18,True,0.21034466284162306,0.06384425470961741,12.33385926791242,18.0
p015,p015_neutral_front,right_cheek,observation_scale_0.95,observation_scale,0.95,True,33,0.05994076680171928,0.006274101402078201,False,0.09999999999999999,0.0,True,1.5234931868468283e-21,-1.254524517343289e-18,True,0.2268103089562669,0.0656493410350373,13.103785226330748,
p015,p015_neutral_front,right_cheek,observation_scale_1.05,observation_scale,1.05,True,33,0.04788272758771786,-0.005783937811923219,False,0.09999999999999999,0.0,True,4.5256268564595945e-21,-1.2515223836736762e-18,True,0.21746321713658145,0.0683940874908625,12.558378183008811,
p015,p015_neutral_front,right_cheek,observation_tilt_-0.02,observation_tilt,-0.02,True,33,0.05333111730722609,-0.00033554809241499034,False,0.09999999999999999,0.0,True,9.783183244473824e-20,-1.1582161780853975e-18,True,0.22933340019409362,0.07031261998993125,13.417175489535403,
p015,p015_neutral_front,right_cheek,observation_tilt_+0.02,observation_tilt,0.02,True,33,0.05401734141737382,0.00035067601773274004,False,0.09999999999999999,0.0,True,1.3029660505052613e-20,-1.2430183500250831e-18,True,0.21492635446644306,0.06384069920471204,12.239775889267019,
p015,p015_neutral_front,right_cheek,subset_420_680_point,subset_point,0.0,True,33,0.06087937995621886,0.007212714556577779,False,0.09999999999999999,0.0,True,2.127577849223141e-20,-1.2347722320379044e-18,True,0.11701854131373601,0.030940307672569896,6.203474918935349,
p015,p015_neutral_front,right_cheek,subset_420_680_gaussian_5nm,gaussian,5.0,True,33,0.06086922204963071,0.00720255664998963,False,0.09999999999999999,0.0,True,5.412374079075683e-24,-1.2560425981560567e-18,True,0.1167371410804158,0.030893898601756602,6.196783613948778,
p015,p015_neutral_front,right_cheek,subset_420_680_gaussian_10nm,gaussian,10.0,True,33,0.06090055345968916,0.0072338880600480784,False,0.09999999999999999,0.0,True,2.5408303715709264e-20,-1.2306397068144265e-18,True,0.11618417849108037,0.030791546028919575,6.178994656373358,
p017,p017_neutral_front,left_cheek,epidermis_0.050mm,thickness,0.05,True,33,0.02794362234295456,-0.0008746525861251728,False,0.07665652248261916,0.0023192536683823567,False,0.7983327147065924,-0.06867404206959493,False,0.1681922318245853,0.05741607021581558,7.373975519873552,
p017,p017_neutral_front,left_cheek,epidermis_0.070mm,thickness,0.07,True,33,0.029067786333827988,0.0002495114047482566,False,0.0732710331749155,-0.001066235639321303,False,0.9377980079722318,0.07079125119604446,False,0.1482534444075811,0.053169881587333906,6.7031978577261695,
p017,p017_neutral_front,left_cheek,scattering_x0.8,scattering,0.8,True,33,0.021490690732966125,-0.007327584196113606,False,0.06225160258518745,-0.01208566622904935,False,0.8100221321060371,-0.0569846246701502,False,0.17150042389610623,0.05895658152726927,7.563916349170432,
p017,p017_neutral_front,left_cheek,scattering_x1.2,scattering,1.2,True,33,0.035609406265532044,0.006791131336452313,False,0.08594156013817003,0.01160429132393323,False,0.932647302823719,0.06564054604753167,False,0.14595629811220365,0.051997890677807725,6.568442237392625,
p017,p017_neutral_front,left_cheek,whole_blood_hb_120gL,hb,120.0,True,33,0.028831592983953828,1.3318054874096596e-05,False,0.09297113616136894,0.01863386734713214,False,0.8650259003320048,-0.001980856444182555,False,0.15627145963154135,0.05465659599580046,6.95602233357626,11.156536339364273
p017,p017_neutral_front,left_cheek,whole_blood_hb_180gL,hb,180.0,True,33,0.028809793205725836,-8.481723353895299e-06,False,0.061923973459204695,-0.012413295355032106,False,0.8683186542530495,0.0013118974768622227,False,0.15636466294158338,0.05480267701752587,6.970475427566848,11.146315222656845
p017,p017_neutral_front,left_cheek,observation_scale_0.95,observation_scale,0.95,True,33,0.03265440491319001,0.0038361299841102765,False,0.0786857134452349,0.004348444630998094,False,0.8194695430128333,-0.04753721376335407,False,0.152512649429348,0.049916042234830864,6.714232811208291,
p017,p017_neutral_front,left_cheek,observation_scale_1.05,observation_scale,1.05,True,33,0.02524235942828207,-0.0035759155007976627,False,0.07057683645441198,-0.003760432359824817,False,0.9112225594604685,0.04421580268428116,False,0.16034590098191348,0.060012305005849885,7.234321544013145,
p017,p017_neutral_front,left_cheek,observation_tilt_-0.02,observation_tilt,-0.02,True,33,0.027398209685618978,-0.0014200652434607532,False,0.07784422646871514,0.0035069576544783376,False,0.8270670362733774,-0.03993972050280992,False,0.15550104053173905,0.05390868561372809,6.94920748559606,
p017,p017_neutral_front,left_cheek,observation_tilt_+0.02,observation_tilt,0.02,True,33,0.0301937715751901,0.0013754966461103704,False,0.07123399977202917,-0.003103269042207632,False,0.9064214617150665,0.03941470493887922,False,0.15741011750658557,0.05591320290214557,7.009980454904273,
p017,p017_neutral_front,left_cheek,subset_420_680_point,subset_point,0.0,True,33,0.0464633145993728,0.01764503967029307,False,0.03163733892284541,-0.04269992989139139,False,0.9918283081252592,0.12482155134907191,True,0.10018806520647587,0.039871882255671,5.18857019076946,
p017,p017_neutral_front,left_cheek,subset_420_680_gaussian_5nm,gaussian,5.0,True,33,0.046300692686364976,0.017482417757285245,False,0.03223047787735805,-0.04210679093687875,False,0.9999999999999999,0.13299324322381256,True,0.09868493600297834,0.03917982475491481,5.099789197823683,
p017,p017_neutral_front,left_cheek,subset_420_680_gaussian_10nm,gaussian,10.0,True,33,0.04575529798783079,0.01693702305875106,False,0.033810878371279614,-0.04052639044295719,False,0.9999999999999999,0.13299324322381256,True,0.09558317988197769,0.038011765061506234,4.935989053383436,
p017,p017_neutral_front,right_cheek,epidermis_0.050mm,thickness,0.05,True,33,0.033493508308432875,-0.00034856533540553875,False,0.09999999999999999,0.0,True,0.3458621018229823,-0.06300962800918264,False,0.19060127463093804,0.060191984933045686,9.33771525217895,
p017,p017_neutral_front,right_cheek,epidermis_0.070mm,thickness,0.07,True,33,0.033966214609385176,0.00012414096554676235,False,0.09999999999999999,0.0,True,0.4823386311179165,0.07346690128575156,False,0.162792256175917,0.05236399318109559,8.192004251090358,
p017,p017_neutral_front,right_cheek,scattering_x0.8,scattering,0.8,True,33,0.022271924722633996,-0.011570148921204417,False,0.09999999999999999,0.0,True,0.4237824603482647,0.014910730516099757,False,0.19012902583479488,0.05983773964386152,9.291015352236792,
p017,p017_neutral_front,right_cheek,scattering_x1.2,scattering,1.2,True,33,0.04376748127838234,0.009925407634543928,False,0.09999999999999999,0.0,True,0.4213635287101639,0.01249179887799895,False,0.16372059340554976,0.05272145416124809,8.247843747485675,
p017,p017_neutral_front,right_cheek,whole_blood_hb_120gL,hb,120.0,True,33,0.037377993774016655,0.003535920130178241,False,0.09999999999999999,0.0,True,0.3324264748491027,-0.07644525498306226,False,0.1782525474493037,0.056608680665339715,8.83451694872409,11.999999999999998
p017,p017_neutral_front,right_cheek,whole_blood_hb_180gL,hb,180.0,True,33,0.030899211546884384,-0.002942862096954029,False,0.09999999999999999,0.0,True,0.4676869691059212,0.05881523927375626,False,0.1719159805852661,0.05471163250129628,8.544902275735767,18.0
p017,p017_neutral_front,right_cheek,observation_scale_0.95,observation_scale,0.95,True,33,0.03892694577000934,0.005084872126170925,False,0.09999999999999999,0.0,True,0.3356535838054154,-0.07321814602674959,False,0.1738145690831975,0.05284443830440863,8.67403776540994,
p017,p017_neutral_front,right_cheek,observation_scale_1.05,observation_scale,1.05,True,33,0.0291437610031091,-0.004698312640729313,False,0.09999999999999999,0.0,True,0.4763814908490613,0.06750976101689632,False,0.17489318983317398,0.05828693304030486,8.675774365858432,
p017,p017_neutral_front,right_cheek,observation_tilt_-0.02,observation_tilt,-0.02,True,33,0.03314934303217384,-0.0006927306116645757,False,0.09999999999999999,0.0,True,0.35136548285987396,-0.05750624697229101,False,0.17646438744536286,0.057027379334263516,8.940864370111909,
p017,p017_neutral_front,right_cheek,observation_tilt_+0.02,observation_tilt,0.02,True,33,0.03456780005083795,0.0007257264069995342,False,0.09999999999999999,0.0,True,0.46514045287218897,0.056268723040024005,False,0.17231889458702027,0.05416852069950134,8.418856871713558,
p017,p017_neutral_front,right_cheek,subset_420_680_point,subset_point,0.0,True,33,0.051335520606067726,0.017493446962229313,False,0.05094827046079601,-0.04905172953920398,False,0.39989862099234014,-0.008973108839824828,False,0.1026288057879339,0.028699800384201623,4.73591804350833,
p017,p017_neutral_front,right_cheek,subset_420_680_gaussian_5nm,gaussian,5.0,True,33,0.05118936372996671,0.017347290086128293,False,0.05156334525983167,-0.048436654740168325,False,0.4129525624224949,0.00408083259032993,False,0.1021611450858335,0.028618379038221682,4.718137267490883,
p017,p017_neutral_front,right_cheek,subset_420_680_gaussian_10nm,gaussian,10.0,True,33,0.05088587256091929,0.017043798917080875,False,0.05302650102243875,-0.04697349897756124,False,0.43667359191438326,0.027801862082218298,False,0.10093620747993264,0.028417052279635636,4.677215401906973,
p018,p018_neutral_front,left_cheek,epidermis_0.050mm,thickness,0.05,True,33,0.06803518219139956,0.0031959410273658395,False,0.09999999999999999,0.0,True,0.043317915232472796,-0.08792076740224383,False,0.22452494734055906,0.053463970873064336,10.712991579651478,
p018,p018_neutral_front,left_cheek,epidermis_0.070mm,thickness,0.07,True,33,0.06256003006172825,-0.002279211102305473,False,0.09999999999999999,0.0,True,0.24401224755671055,0.11277356492199392,False,0.19257134405345327,0.04766297047458747,9.57729780424248,
p018,p018_neutral_front,left_cheek,scattering_x0.8,scattering,0.8,True,33,0.05036932446179427,-0.014469916702239453,False,0.09999999999999999,0.0,True,0.14479542391789937,0.013556741283182738,False,0.21847791301651615,0.052464336552061216,10.516175401231456,
p018,p018_neutral_front,left_cheek,scattering_x1.2,scattering,1.2,True,33,0.07770139604701135,0.012862154882977622,False,0.09999999999999999,0.0,True,0.16820582188405586,0.036967139249339226,False,0.196360312913079,0.04835419162138388,9.718193772781024,
p018,p018_neutral_front,left_cheek,whole_blood_hb_120gL,hb,120.0,True,33,0.06854276390366326,0.003703522739629539,False,0.09999999999999999,0.0,True,0.021933857509526044,-0.10930482512519059,False,0.21413985097515856,0.05142589788841852,10.34345310501912,11.999999999999998
p018,p018_neutral_front,left_cheek,whole_blood_hb_180gL,hb,180.0,True,33,0.06176828786411417,-0.0030709532999195557,False,0.09999999999999999,0.0,True,0.21583758409648354,0.0845989014617669,False,0.19849793098575333,0.048632642387802,9.779740399819278,18.0
p018,p018_neutral_front,left_cheek,observation_scale_0.95,observation_scale,0.95,True,33,0.07091135698092103,0.006072115816887311,False,0.09999999999999999,0.0,True,0.060089487074607414,-0.07114919556010922,False,0.20509569546519163,0.047301275818650325,10.011584944575482,
p018,p018_neutral_front,left_cheek,observation_scale_1.05,observation_scale,1.05,True,33,0.059232302011493904,-0.005606939152539819,False,0.09999999999999999,0.0,True,0.19856158896975817,0.06732290633504154,False,0.205615721827619,0.05250868459053843,10.059256675590351,
p018,p018_neutral_front,left_cheek,observation_tilt_-0.02,observation_tilt,-0.02,True,33,0.06415060745406616,-0.0006886337099675649,False,0.09999999999999999,0.0,True,0.0630497632031555,-0.06818891943156113,False,0.20915440753372594,0.05138836004240725,10.394141482215247,
p018,p018_neutral_front,left_cheek,observation_tilt_+0.02,observation_tilt,0.02,True,33,0.0655728024173304,0.0007335612532966829,False,0.09999999999999999,0.0,True,0.1990365387767173,0.06779785614200065,False,0.2017954791545918,0.04849860410668971,9.694355105099067,
p018,p018_neutral_front,left_cheek,subset_420_680_point,subset_point,0.0,True,33,0.07338177411075442,0.008542532946720693,False,0.09999999999999999,0.0,True,0.31494408795388773,0.1837054053191711,False,0.11240098779302457,0.02236901026343807,4.870577654893027,
p018,p018_neutral_front,left_cheek,subset_420_680_gaussian_5nm,gaussian,5.0,True,33,0.07340395564022552,0.008564714476191795,False,0.09999999999999999,0.0,True,0.32040172648720755,0.18916304385249091,False,0.11186778720615655,0.02222582096962674,4.83892703594655,
p018,p018_neutral_front,left_cheek,subset_420_680_gaussian_10nm,gaussian,10.0,True,33,0.07349366482771313,0.008654423663679411,False,0.09999999999999999,0.0,True,0.3285937746233946,0.19735509198867798,False,0.11090952312144875,0.02201361352395049,4.791906660446106,
p018,p018_neutral_front,right_cheek,epidermis_0.050mm,thickness,0.05,True,33,0.10217980297351757,0.006326762518905793,False,0.09999999999999999,0.0,True,3.9449013033241632e-22,-6.851093276480427e-20,True,0.34844165561904317,0.0820044945111082,20.476208077185134,
p018,p018_neutral_front,right_cheek,epidermis_0.070mm,thickness,0.07,True,33,0.09104272965431626,-0.0048103108002955225,False,0.09999999999999999,0.0,True,7.98236227977819e-20,1.0918199902645213e-20,True,0.2989276250554164,0.07056404321946187,18.44366122154162,
p018,p018_neutral_front,right_cheek,scattering_x0.8,scattering,0.8,True,33,0.07728993587253452,-0.01856310458207726,False,0.09999999999999999,0.0,True,7.587901919873045e-20,6.973596303593767e-21,True,0.3359987984089558,0.07950384811071223,19.97839602810267,
p018,p018_neutral_front,right_cheek,scattering_x1.2,scattering,1.2,True,33,0.11241334561444653,0.016560305159834754,False,0.09999999999999999,0.0,True,2.3698557263169593e-19,1.6808014973655924e-19,True,0.30581616567065234,0.07183867523426184,18.74142066316243,
p018,p018_neutral_front,right_cheek,whole_blood_hb_120gL,hb,120.0,True,33,0.1005142807296678,0.004661240275056017,False,0.09999999999999999,0.0,True,1.7899579022732912e-20,-5.1005843872403773e-20,True,0.3345535604997189,0.0781674937883805,19.924963115985907,11.999999999999998
p018,p018_neutral_front,right_cheek,whole_blood_hb_180gL,hb,180.0,True,33,0.09188583277901756,-0.00396720767559422,False,0.09999999999999999,0.0,True,8.032944701928628e-21,-6.087247819320806e-20,True,0.3083475553836407,0.07317758923360683,18.882939170284786,18.0
p018,p018_neutral_front,right_cheek,observation_scale_0.95,observation_scale,0.95,True,33,0.10366837466100579,0.007815334206394006,False,0.09999999999999999,0.0,True,2.3737400389217997e-21,-6.653168285621489e-20,True,0.3230221432772817,0.07261753435550723,19.556847447817788,
p018,p018_neutral_front,right_cheek,observation_scale_1.05,observation_scale,1.05,True,33,0.08865985496917647,-0.007193185485435308,False,0.09999999999999999,0.0,True,2.0430580047323088e-20,-4.84748428478136e-20,True,0.3176474296306899,0.0783293359270658,19.192871734610957,
p018,p018_neutral_front,right_cheek,observation_tilt_-0.02,observation_tilt,-0.02,True,33,0.0956018419598211,-0.0002511984947906748,False,0.09999999999999999,0.0,True,6.395431992175426e-20,-4.951102973382423e-21,True,0.32918312542174055,0.07846968731378483,20.125128323875902,
p018,p018_neutral_front,right_cheek,observation_tilt_+0.02,observation_tilt,0.02,True,33,0.09612289403476029,0.000269853580148513,False,0.09999999999999999,0.0,True,7.62052572267214e-20,7.299834331584715e-21,True,0.3118485381474114,0.07263491765119676,18.639108674479616,
p018,p018_neutral_front,right_cheek,subset_420_680_point,subset_point,0.0,True,33,0.10584326684443802,0.009990226389826246,False,0.09999999999999999,0.0,True,7.100902196259257e-23,-6.883441387317409e-20,True,0.19414789064697152,0.038247672074964476,10.482375575702283,
p018,p018_neutral_front,right_cheek,subset_420_680_gaussian_5nm,gaussian,5.0,True,33,0.1058198197915605,0.009966779336948714,False,0.09999999999999999,0.0,True,3.6962362670410997e-22,-6.853579926843258e-20,True,0.1939025378702859,0.038219528469330834,10.475059959914384,
p018,p018_neutral_front,right_cheek,subset_420_680_gaussian_10nm,gaussian,10.0,True,33,0.10584129313625787,0.00998825268164609,False,0.09999999999999999,0.0,True,4.96236679244852e-21,-6.394305610268817e-20,True,0.19358961738491848,0.03817098620939039,10.462053331709413,
p019,p019_neutral_front,left_cheek,epidermis_0.050mm,thickness,0.05,True,33,0.04527145591242174,0.0007197547831923751,False,0.09999999999999999,0.0,True,0.44594350782362213,-0.08805017612570165,False,0.17916780250786601,0.04992244874652532,8.184008805697706,
p019,p019_neutral_front,left_cheek,epidermis_0.070mm,thickness,0.07,True,33,0.04397709491509653,-0.0005746062141328348,False,0.09999999999999999,0.0,True,0.631407668970909,0.09741398502158527,False,0.1535534434558463,0.04447251533276387,7.269805531193772,
p019,p019_neutral_front,left_cheek,scattering_x0.8,scattering,0.8,True,33,0.03195924375055265,-0.01259245737867671,False,0.09999999999999999,0.0,True,0.5125127269987944,-0.02148095695052943,False,0.17467425140923348,0.04888200438725048,8.01340156310617,
p019,p019_neutral_front,left_cheek,scattering_x1.2,scattering,1.2,True,33,0.05557433603182455,0.01102263490259519,False,0.09999999999999999,0.0,True,0.5887180664992302,0.054724382549906414,False,0.157175153391359,0.04537300921382484,7.418318354653606,
p019,p019_neutral_front,left_cheek,whole_blood_hb_120gL,hb,120.0,True,33,0.04802228713552651,0.003470586006297148,False,0.09999999999999999,0.0,True,0.4685748083583275,-0.0654188755909963,False,0.17150271712946646,0.04837738400237679,7.933977685811917,11.999999999999998
p019,p019_neutral_front,left_cheek,whole_blood_hb_180gL,hb,180.0,True,33,0.04166615856417628,-0.0028855425650530855,False,0.09999999999999999,0.0,True,0.5842615094597797,0.050267825510455943,False,0.15802312398924642,0.04508755445420281,7.390316709869109,18.0
p019,p019_neutral_front,left_cheek,observation_scale_0.95,observation_scale,0.95,True,33,0.049902720819783225,0.005351019690553863,False,0.09999999999999999,0.0,True,0.47120576274128984,-0.06278792120803395,False,0.16338144817293057,0.04398496705149003,7.593165120892122,
p019,p019_neutral_front,left_cheek,observation_scale_1.05,observation_scale,1.05,True,33,0.03960760460206164,-0.004944096527167721,False,0.09999999999999999,0.0,True,0.59212307657349,0.058129392624166165,False,0.16412808400598475,0.04918432629793854,7.6756062870967865,
p019,p019_neutral_front,left_cheek,observation_tilt_-0.02,observation_tilt,-0.02,True,33,0.04378215059057263,-0.0007695505386567311,False,0.09999999999999999,0.0,True,0.4767587469375824,-0.05723493701174137,False,0.16608443834124548,0.04763201655538442,7.866240391887639,
p019,p019_neutral_front,left_cheek,observation_tilt_+0.02,observation_tilt,0.02,True,33,0.0453535173111457,0.00080181618191634,False,0.09999999999999999,0.0,True,0.5894465644894723,0.05545288054014852,False,0.1615236593150128,0.04559439357479216,7.415314495613655,
p019,p019_neutral_front,left_cheek,subset_420_680_point,subset_point,0.0,True,33,0.05153700997966894,0.0069853088504395755,False,0.09999999999999996,-2.7755575615628914e-17,True,0.6677596825829315,0.13376599863360772,False,0.09014263194687877,0.0231470205625595,4.030278818865358,
p019,p019_neutral_front,left_cheek,subset_420_680_gaussian_5nm,gaussian,5.0,True,33,0.05159369641242564,0.007041995283196274,False,0.09999999999999999,0.0,True,0.6755951480327933,0.14160146408346952,False,0.08902780429529177,0.022756412028758825,3.9645467414010946,
p019,p019_neutral_front,left_cheek,subset_420_680_gaussian_10nm,gaussian,10.0,True,33,0.051768781228177616,0.007217080098948253,False,0.09999999999999999,0.0,True,0.6892133299921145,0.1552196460427907,False,0.08702592730627849,0.022182263721896342,3.867594924792127,
p019,p019_neutral_front,right_cheek,epidermis_0.050mm,thickness,0.05,True,33,0.07585456327386571,0.004073493685614368,False,0.09999999999999999,0.0,True,6.232276719923937e-20,2.0290326056224918e-20,True,0.2870351723690983,0.07501967330474517,15.969694868962932,
p019,p019_neutral_front,right_cheek,epidermis_0.070mm,thickness,0.07,True,33,0.06860361945352628,-0.0031774501347250628,False,0.09999999999999999,0.0,True,1.4445061524605607e-20,-2.758737961840885e-20,True,0.24592480438910913,0.06451469868753389,14.302101878072822,
p019,p019_neutral_front,right_cheek,scattering_x0.8,scattering,0.8,True,33,0.05603261958622026,-0.01574845000203108,False,0.09999999999999999,0.0,True,5.005552161500642e-21,-3.7026888981513814e-20,True,0.2745939694180448,0.07195914291006161,15.472861006188406,
p019,p019_neutral_front,right_cheek,scattering_x1.2,scattering,1.2,True,33,0.08564505342613854,0.0138639838378872,False,0.09999999999999999,0.0,True,9.216849515076508e-21,-3.281559162793795e-20,True,0.25343380723726633,0.0662305840332468,14.62813254282053,
p019,p019_neutral_front,right_cheek,whole_blood_hb_120gL,hb,120.0,True,33,0.07624212530575634,0.004461055717505005,False,0.09999999999999999,0.0,True,8.984931673403834e-20,4.7816875591023886e-20,True,0.27743464652161803,0.07211479428922196,15.593140240824482,11.999999999999998
p019,p019_neutral_front,right_cheek,whole_blood_hb_180gL,hb,180.0,True,33,0.0679924584925048,-0.003788611095746533,False,0.09999999999999999,0.0,True,4.268772511941177e-21,-3.776366863107328e-20,True,0.2516776341937624,0.0663051252774064,14.569229810637076,18.0
p019,p019_neutral_front,right_cheek,observation_scale_0.95,observation_scale,0.95,True,33,0.07867806947081392,0.0068969998825625795,False,0.09999999999999999,0.0,True,1.9499887262349383e-21,-4.008245241677952e-20,True,0.2667046323702911,0.06684729187787235,15.26079313585347,
p019,p019_neutral_front,right_cheek,observation_scale_1.05,observation_scale,1.05,True,33,0.06542650205324145,-0.006354567535009889,False,0.09999999999999999,0.0,True,1.3917402649297558e-20,-2.81150384937169e-20,True,0.26006231314471023,0.07108773023278486,14.844391125930533,
p019,p019_neutral_front,right_cheek,observation_tilt_-0.02,observation_tilt,-0.02,True,33,0.0714767419165157,-0.00030432767173564634,False,0.09999999999999999,0.0,True,9.828602459350253e-21,-3.2203838683664203e-20,True,0.270897890132105,0.07204716403168572,15.695278304516147,
p019,p019_neutral_front,right_cheek,observation_tilt_+0.02,observation_tilt,0.02,True,33,0.07210184542290492,0.00032077583465357773,False,0.09999999999999999,0.0,True,5.454697153707084e-19,5.03437274227694e-19,True,0.25606444525159017,0.06602786543014383,14.416904175561351,
p019,p019_neutral_front,right_cheek,subset_420_680_point,subset_point,0.0,True,33,0.08036809173985321,0.00858702215160187,False,0.09999999999999999,0.0,True,5.85618964300056e-21,-3.6176251500013896e-20,True,0.14994849639605445,0.032867757052990484,7.671674148109019,
p019,p019_neutral_front,right_cheek,subset_420_680_gaussian_5nm,gaussian,5.0,True,33,0.08035152840540162,0.008570458817150281,False,0.09999999999999999,0.0,True,1.7884980546215275e-18,1.746465613478513e-18,True,0.1497069860118016,0.03283373633150927,7.665360033489417,
p019,p019_neutral_front,right_cheek,subset_420_680_gaussian_10nm,gaussian,10.0,True,33,0.08037590895802674,0.008594839369775398,False,0.09999999999999999,0.0,True,2.8656140486155906e-23,-4.20037850025283e-20,True,0.14930147713428318,0.03277002348757519,7.652130919438221,
p020,p020_neutral_front,left_cheek,epidermis_0.050mm,thickness,0.05,True,33,0.013797727605336783,-0.0023751782051906443,False,0.09999999999999999,0.0,True,3.462159190560738e-21,-6.707858836235371e-22,True,0.20314526054409193,0.07526975236484336,10.52006423195905,
p020,p020_neutral_front,left_cheek,epidermis_0.070mm,thickness,0.07,True,33,0.017625224593138564,0.0014523187826111367,False,0.09999999999999999,0.0,True,8.295608459702301e-20,7.882313952283874e-20,True,0.1643504247444285,0.060616309170569475,8.717367382946156,
p020,p020_neutral_front,left_cheek,scattering_x0.8,scattering,0.8,True,33,0.00569851309958033,-0.010474392710947099,False,0.09999999999999999,0.0,True,0.061202564172895206,0.061202564172895206,False,0.193029931355225,0.07181302238903502,10.12057460893284,
p020,p020_neutral_front,left_cheek,scattering_x1.2,scattering,1.2,True,33,0.02506319196659616,0.008890286156068732,False,0.09999999999999999,0.0,True,2.298876139430951e-21,-1.8340689347533236e-21,True,0.17402957639307995,0.06406390187518114,9.130742338572281,
p020,p020_neutral_front,left_cheek,whole_blood_hb_120gL,hb,120.0,True,33,0.020248357589562664,0.004075451779035236,False,0.09999999999999999,0.0,True,7.596535767242367e-24,-4.1253485384170324e-21,True,0.19574785649125936,0.07203815416603818,10.102486124346331,11.999999999999998
p020,p020_neutral_front,left_cheek,whole_blood_hb_180gL,hb,180.0,True,33,0.012801556952781285,-0.003371348857746143,False,0.09999999999999999,0.0,True,0.028864108355944686,0.028864108355944686,False,0.16983406744466817,0.06303117057206986,9.028831231761542,18.0
p020,p020_neutral_front,left_cheek,observation_scale_0.95,observation_scale,0.95,True,33,0.02128246186222982,0.005109556051702394,False,0.09999999999999999,0.0,True,4.995915977841043e-20,4.582621470422616e-20,True,0.18595558860232902,0.06586533589869575,9.731331136682615,
p020,p020_neutral_front,left_cheek,observation_scale_1.05,observation_scale,1.05,True,33,0.01152990393320799,-0.004643001877319438,False,0.09999999999999999,0.0,True,0.03126869145205213,0.03126869145205213,False,0.17731960380763132,0.06858624114543829,9.352758759667394,
p020,p020_neutral_front,left_cheek,observation_tilt_-0.02,observation_tilt,-0.02,True,33,0.01579800047754799,-0.00037490533297943746,False,0.09999999999999999,0.0,True,1.9013590352152667e-19,1.860029584473424e-19,True,0.18680095325716528,0.07022202484365578,9.930594229517064,
p020,p020_neutral_front,left_cheek,observation_tilt_+0.02,observation_tilt,0.02,True,33,0.01656082279464446,0.00038791698411703296,False,0.09999999999999999,0.0,True,1.6508290785874533e-17,1.6504157840800348e-17,True,0.17586812737880955,0.06395241660079372,9.130863895158488,
p020,p020_neutral_front,left_cheek,subset_420_680_point,subset_point,0.0,True,33,0.020040756229778845,0.0038678504192514174,False,0.09999999999999999,0.0,True,0.05443339913589367,0.05443339913589367,False,0.16342997147729646,0.05666231408747539,8.49161534242816,
p020,p020_neutral_front,left_cheek,subset_420_680_gaussian_5nm,gaussian,5.0,True,33,0.02002360266872896,0.0038506968582015313,False,0.09999999999999999,0.0,True,0.050030194361657995,0.050030194361657995,False,0.16278984910843894,0.05642313591048535,8.461152341785725,
p020,p020_neutral_front,left_cheek,subset_420_680_gaussian_10nm,gaussian,10.0,True,33,0.02001840759973865,0.003845501789211222,False,0.09999999999999999,0.0,True,0.03815502850170244,0.03815502850170244,False,0.16110098966441533,0.055823849011143685,8.382373279033198,
p020,p020_neutral_front,right_cheek,epidermis_0.050mm,thickness,0.05,True,33,0.027742778675931685,-0.0010908730473840923,False,0.09999999999999999,0.0,True,8.029209984334404e-21,7.553378996074389e-21,True,0.2887364033826102,0.10546130388954912,16.190956941075637,
p020,p020_neutral_front,right_cheek,epidermis_0.070mm,thickness,0.07,True,33,0.02938056739907956,0.0005469156757637837,False,0.09999999999999999,0.0,True,3.3674383036669975e-22,-1.3908715789331557e-22,True,0.24873386521688012,0.09064613322522543,14.460785786993588,
p020,p020_neutral_front,right_cheek,scattering_x0.8,scattering,0.8,True,33,0.016839368386413665,-0.011994283336902112,False,0.09999999999999999,0.0,True,2.7047212243521228e-21,2.2288902360921075e-21,True,0.27015777041898514,0.09881158937597696,15.33224504695624,
p020,p020_neutral_front,right_cheek,scattering_x1.2,scattering,1.2,True,33,0.03912845770927632,0.01029480598596054,False,0.09999999999999999,0.0,True,1.0742988362525237e-20,1.0267157374265222e-20,True,0.2629354238713395,0.095496538337644,15.15129980285148,
p020,p020_neutral_front,right_cheek,whole_blood_hb_120gL,hb,120.0,True,33,0.033037897500770075,0.004204245777454298,False,0.09999999999999999,0.0,True,3.3653274906602287e-21,2.8894965024002134e-21,True,0.28600037832734776,0.10377687380830479,16.121680884090928,11.999999999999998
p020,p020_neutral_front,right_cheek,whole_blood_hb_180gL,hb,180.0,True,33,0.02526712911937013,-0.003566522603945646,False,0.09999999999999999,0.0,True,6.157757577162523e-22,1.3994476945623699e-22,True,0.24932834229397746,0.09144176791790468,14.461874510025009,18.0
p020,p020_neutral_front,right_cheek,observation_scale_0.95,observation_scale,0.95,True,33,0.03447231233362887,0.005638660610313095,False,0.09999999999999999,0.0,True,9.972962437785599e-23,-3.7610136388215934e-22,True,0.27641810687917023,0.09657549413885415,15.828140920172267,
p020,p020_neutral_front,right_cheek,observation_scale_1.05,observation_scale,1.05,True,33,0.023638347977999005,-0.005195303745316772,False,0.09999999999999999,0.0,True,2.6511993895596455e-22,-2.1071104930405077e-22,True,0.2567593042713215,0.09779588730949285,14.709434346286343,
p020,p020_neutral_front,right_cheek,observation_tilt_-0.02,observation_tilt,-0.02,True,33,0.02845837177140662,-0.00037527995190915833,False,0.09999999999999999,0.0,True,2.2647607218587007e-22,-2.4935491607414525e-22,True,0.27612761930898794,0.1015065895519722,15.916899925503,
p020,p020_neutral_front,right_cheek,observation_tilt_+0.02,observation_tilt,0.02,True,33,0.029222942177826696,0.00038929045451091895,False,0.09999999999999999,0.0,True,1.785384968434932e-22,-2.972924914165221e-22,True,0.25676740649061375,0.09308053397485605,14.597269947665314,
p020,p020_neutral_front,right_cheek,subset_420_680_point,subset_point,0.0,True,33,0.03371279522478269,0.004879143501466912,False,0.09999999999999999,0.0,True,2.4747394987015284e-23,-4.51083593273e-22,True,0.22850633969565184,0.07807296986021547,13.013537429678188,
p020,p020_neutral_front,right_cheek,subset_420_680_gaussian_5nm,gaussian,5.0,True,33,0.03370253948652028,0.004868887763204502,False,0.09999999999999999,0.0,True,7.716563718929217e-22,2.958253836329064e-22,True,0.22795051176859799,0.0779277324145035,12.990637053893957,
p020,p020_neutral_front,right_cheek,subset_420_680_gaussian_10nm,gaussian,10.0,True,33,0.03371870109910239,0.004885049375786613,False,0.09999999999999999,0.0,True,5.701249128662746e-22,9.429392460625929e-23,True,0.22677155184713899,0.0776271600157433,12.938832970430324,
p021,p021_neutral_front,left_cheek,epidermis_0.050mm,thickness,0.05,True,33,0.007265601292572825,-0.0031607513108429346,False,0.09999999999999999,0.0,True,0.3885037187466161,-0.023717130958739063,False,0.1701270837254886,0.06461652981965382,8.264894999776391,
p021,p021_neutral_front,left_cheek,epidermis_0.070mm,thickness,0.07,True,33,0.012494624106262207,0.0020682715028464468,False,0.09999999999999999,0.0,True,0.4442350761287877,0.032014226423432546,False,0.1350691020992324,0.05163562352136256,6.7234482988656366,
p021,p021_neutral_front,left_cheek,scattering_x0.8,scattering,0.8,True,33,0.0006727810460699943,-0.009753571557345766,True,0.09999999999999999,0.0,True,0.45935449660945227,0.047133646904097104,False,0.1662886363829156,0.06291978982317514,8.065499616271904,
p021,p021_neutral_front,left_cheek,scattering_x1.2,scattering,1.2,True,33,0.01851268201099538,0.00808632940757962,False,0.09999999999999999,0.0,True,0.37995092346721465,-0.03226992623814051,False,0.13994349195147288,0.053357900146797636,6.944202104202955,
p021,p021_neutral_front,left_cheek,whole_blood_hb_120gL,hb,120.0,True,33,0.014046385411556964,0.0036200328081412037,False,0.09999999999999999,0.0,True,0.34681006724439445,-0.06541078246096071,False,0.15899811700079658,0.060232580398919544,7.7822333678804485,11.999999999999998
p021,p021_neutral_front,left_cheek,whole_blood_hb_180gL,hb,180.0,True,33,0.007409228372805821,-0.0030171242306099386,False,0.09999999999999999,0.0,True,0.4641432199441227,0.05192237023876756,False,0.14393666598543564,0.05459459952072293,7.075214137728491,18.0
p021,p021_neutral_front,left_cheek,observation_scale_0.95,observation_scale,0.95,True,33,0.014942739096033107,0.004516386492617347,False,0.09999999999999999,0.0,True,0.33135674195702985,-0.08086410774832531,False,0.15138735058571454,0.05466976478081083,7.429311889544771,
p021,p021_neutral_front,left_cheek,observation_scale_1.05,observation_scale,1.05,True,33,0.006258992449532918,-0.0041673601538828415,False,0.09999999999999999,0.0,True,0.4869086504989323,0.07468780079357712,False,0.14939587431366957,0.05969229144818306,7.373643576580102,
p021,p021_neutral_front,left_cheek,observation_tilt_-0.02,observation_tilt,-0.02,True,33,0.009814864539972996,-0.0006114880634427635,False,0.09999999999999999,0.0,True,0.361488944358731,-0.05073190534662414,False,0.15319384551228757,0.05885864274030008,7.62819183543655,
p021,p021_neutral_front,left_cheek,observation_tilt_+0.02,observation_tilt,0.02,True,33,0.011066578701104779,0.000640226097689019,False,0.09999999999999999,0.0,True,0.46215833686415264,0.04993748715879748,False,0.14745367708114007,0.05559990388365145,7.183389266537205,
p021,p021_neutral_front,left_cheek,subset_420_680_point,subset_point,0.0,True,33,0.013824471364026151,0.003398118760610391,False,0.09999999999999999,0.0,True,0.48361318796509545,0.07139233825974028,False,0.14032285700715064,0.050763937561572624,6.849734711128404,
p021,p021_neutral_front,left_cheek,subset_420_680_gaussian_5nm,gaussian,5.0,True,33,0.013841130437496846,0.0034147778340810862,False,0.09999999999999999,0.0,True,0.4892582718440291,0.07703742213867393,False,0.13961250932980276,0.050501526939920285,6.811350638719634,
p021,p021_neutral_front,left_cheek,subset_420_680_gaussian_10nm,gaussian,10.0,True,33,0.013917275441782215,0.003490922838366455,False,0.09999999999999999,0.0,True,0.49632289123497925,0.08410204152962408,False,0.13783290634996567,0.04988938159217235,6.725871859415619,
p021,p021_neutral_front,right_cheek,epidermis_0.050mm,thickness,0.05,True,33,0.025895050566397366,-0.0012088108812730869,False,0.09999999999999999,0.0,True,3.318862949492974e-22,-2.229137728875169e-21,True,0.26196329985416034,0.0958706406731,14.413870219543965,
p021,p021_neutral_front,right_cheek,epidermis_0.070mm,thickness,0.07,True,33,0.02773106112376372,0.0006271996760932666,False,0.09999999999999999,0.0,True,1.1556671799873268e-22,-2.4454573058257336e-21,True,0.2208632513843909,0.08076045928046832,12.61074192661651,
p021,p021_neutral_front,right_cheek,scattering_x0.8,scattering,0.8,True,33,0.015374054907772612,-0.01172980653989784,False,0.09999999999999999,0.0,True,1.9681715378045065e-23,-2.5413423084464213e-21,True,0.24520775410434173,0.08963637135884939,13.650179472937682,
p021,p021_neutral_front,right_cheek,scattering_x1.2,scattering,1.2,True,33,0.037122531061580956,0.010018669613910503,False,0.09999999999999999,0.0,True,1.2842214658415362e-21,-1.27680255798293e-21,True,0.23426521214907206,0.08548755513138548,13.257942745938758,
p021,p021_neutral_front,right_cheek,whole_blood_hb_120gL,hb,120.0,True,33,0.03126825789669516,0.0041643964490247105,False,0.09999999999999999,0.0,True,2.2349233191621767e-21,-3.261007046622896e-22,True,0.25763342517623716,0.09384630651866792,14.252969177081692,11.999999999999998
p021,p021_neutral_front,right_cheek,whole_blood_hb_180gL,hb,180.0,True,33,0.023572481492453983,-0.0035313799552164696,False,0.09999999999999999,0.0,True,9.2794130400618e-21,6.718389016237334e-21,True,0.2230101416762417,0.08188040306112647,12.695207677881292,18.0
p021,p021_neutral_front,right_cheek,observation_scale_0.95,observation_scale,0.95,True,33,0.03263916304017442,0.0055353015925039654,False,0.09999999999999999,0.0,True,9.531456666233299e-21,6.970432642408833e-21,True,0.24825352253672056,0.08715554220324703,13.961107210350008,
p021,p021_neutral_front,right_cheek,observation_scale_1.05,observation_scale,1.05,True,33,0.022000508367050142,-0.0051033530806203105,False,0.09999999999999999,0.0,True,5.856109927028365e-21,3.295085903203899e-21,True,0.23028509082136162,0.08776690351630653,12.945497500207587,
p021,p021_neutral_front,right_cheek,observation_tilt_-0.02,observation_tilt,-0.02,True,33,0.02673025934388954,-0.0003736021037809116,False,0.09999999999999999,0.0,True,7.649758676704054e-23,-2.4845264370574258e-21,True,0.24824934900182324,0.09167843087417459,14.065738155738394,
p021,p021_neutral_front,right_cheek,observation_tilt_+0.02,observation_tilt,0.02,True,33,0.027491266552645076,0.00038740510497462313,False,0.09999999999999999,0.0,True,3.43508620531242e-22,-2.2175154032932243e-21,True,0.22992811306530075,0.0833942800692794,12.813756818425546,
p021,p021_neutral_front,right_cheek,subset_420_680_point,subset_point,0.0,True,33,0.03159675245818058,0.00449289101051013,False,0.09999999999999999,0.0,True,2.251951482716167e-22,-2.3358288755528496e-21,True,0.20592760403994143,0.07051857539566167,11.497790627656839,
p021,p021_neutral_front,right_cheek,subset_420_680_gaussian_5nm,gaussian,5.0,True,33,0.031588083655063603,0.004484222207393151,False,0.09999999999999999,0.0,True,5.614719198822259e-23,-2.5048768318362437e-21,True,0.20533312432972686,0.0703571586761218,11.472713724351742,
p021,p021_neutral_front,right_cheek,subset_420_680_gaussian_10nm,gaussian,10.0,True,33,0.03160623482954443,0.004502373381873977,False,0.09999999999999999,0.0,True,1.27000749631653e-22,-2.4340232741928133e-21,True,0.20400644976247928,0.07000598771375793,11.413334979666555,
p022,p022_neutral_front,left_cheek,epidermis_0.050mm,thickness,0.05,True,33,0.0069896345721196605,-0.0031294766005115337,False,0.09999999999999999,0.0,True,0.16229935559817715,-0.004050040797018317,False,0.17039294337823116,0.06605492025657939,8.599547522008079,
p022,p022_neutral_front,left_cheek,epidermis_0.070mm,thickness,0.07,True,33,0.012142790578214744,0.00202367940558355,False,0.09999999999999999,0.0,True,0.17896351338486752,0.012614116989672047,False,0.13166167599089873,0.050794057139805615,6.798500352298215,
p022,p022_neutral_front,left_cheek,scattering_x0.8,scattering,0.8,True,33,0.0003426835872848621,-0.009776427585346331,True,0.09999999999999999,0.0,True,0.2529846013555815,0.08663520496038601,False,0.16522292468642438,0.06390722700612671,8.351814697820316,
p022,p022_neutral_front,left_cheek,scattering_x1.2,scattering,1.2,True,33,0.01820491970676657,0.008085808534135375,False,0.09999999999999999,0.0,True,0.09307014580387075,-0.07327925059132472,False,0.13768952369054344,0.05289999394186629,7.0687664767617155,
p022,p022_neutral_front,left_cheek,whole_blood_hb_120gL,hb,120.0,True,33,0.013849257772696365,0.0037301466000651713,False,0.09999999999999999,0.0,True,0.07904178413732801,-0.08730761225786746,False,0.15865006411014423,0.06088114533878985,8.028375681764489,11.999999999999998
p022,p022_neutral_front,left_cheek,whole_blood_hb_180gL,hb,180.0,True,33,0.007007402559734649,-0.0031117086128965455,False,0.09999999999999999,0.0,True,0.23516938474909926,0.0688199883539038,False,0.14118332500724567,0.0545041195802762,7.236837853337392,18.0
p022,p022_neutral_front,left_cheek,observation_scale_0.95,observation_scale,0.95,True,33,0.014735765041332716,0.004616653868701522,False,0.09999999999999999,0.0,True,0.07842925837987416,-0.08792013801532131,False,0.15106280219885934,0.05558956026350927,7.716579107192125,
p022,p022_neutral_front,left_cheek,observation_scale_1.05,observation_scale,1.05,True,33,0.005862260054450819,-0.004256851118180375,False,0.09999999999999999,0.0,True,0.24883901436210595,0.08248961796691048,False,0.1465335308998836,0.05925822501233121,7.496196197008674,
p022,p022_neutral_front,left_cheek,observation_tilt_-0.02,observation_tilt,-0.02,True,33,0.009585290307533167,-0.000533820865098027,False,0.09999999999999999,0.0,True,0.11485868148001276,-0.051490714915182714,False,0.15277232431045293,0.05982074575487287,7.916849883086587,
p022,p022_neutral_front,left_cheek,observation_tilt_+0.02,observation_tilt,0.02,True,33,0.010682766789359664,0.0005636556167284701,False,0.09999999999999999,0.0,True,0.21782967573537027,0.051480279340174795,False,0.14464014511383985,0.05513696817381174,7.299653573962392,
p022,p022_neutral_front,left_cheek,subset_420_680_point,subset_point,0.0,True,33,0.013194320266387324,0.0030752090937561302,False,0.09999999999999999,0.0,True,0.2502429644768257,0.08389356808163023,False,0.1390430051860577,0.05081741503269011,7.008202427055838,
p022,p022_neutral_front,left_cheek,subset_420_680_gaussian_5nm,gaussian,5.0,True,33,0.013190933238778735,0.0030718220661475407,False,0.09999999999999999,0.0,True,0.25145454223825103,0.08510514584305556,False,0.13836677191814914,0.05056016536194202,6.973351151550328,
p022,p022_neutral_front,left_cheek,subset_420_680_gaussian_10nm,gaussian,10.0,True,33,0.013217353469043768,0.0030982422964125744,False,0.09999999999999999,0.0,True,0.24945109186633746,0.08310169547114199,False,0.13656661168353526,0.04989139088124408,6.885233243968695,
p022,p022_neutral_front,right_cheek,epidermis_0.050mm,thickness,0.05,True,33,0.03067691192490013,-0.0008188882596815716,False,0.09999999999999999,0.0,True,4.594180958815838e-22,2.6968390158707786e-22,True,0.2997894112969082,0.10742289641175712,16.824696691458,
p022,p022_neutral_front,right_cheek,epidermis_0.070mm,thickness,0.07,True,33,0.031853551395764346,0.0003577512111826442,False,0.09999999999999999,0.0,True,5.009661816794508e-21,4.819927622500002e-21,True,0.26005287938559907,0.09271431499060999,15.118855251099147,
p022,p022_neutral_front,right_cheek,scattering_x0.8,scattering,0.8,True,33,0.019218293817325184,-0.012277506367256517,False,0.09999999999999999,0.0,True,4.1974052406067403e-23,-1.4776014188843857e-22,True,0.28006299263172363,0.10060496171554921,15.91081243063889,
p022,p022_neutral_front,right_cheek,scattering_x1.2,scattering,1.2,True,33,0.042083261575227605,0.010587461390645904,False,0.09999999999999999,0.0,True,1.410492740608559e-21,1.220758546314053e-21,True,0.27479885003935334,0.09758402498949632,15.836546310871865,
p022,p022_neutral_front,right_cheek,whole_blood_hb_120gL,hb,120.0,True,33,0.03572378500021436,0.004227984815632656,False,0.09999999999999999,0.0,True,4.325184383994782e-23,-1.4648235045455816e-22,True,0.29792220218400983,0.10586315931360489,16.804125641796094,11.999999999999998
p022,p022_neutral_front,right_cheek,whole_blood_hb_180gL,hb,180.0,True,33,0.02790877296377204,-0.003587027220809662,False,0.09999999999999999,0.0,True,8.867403063767096e-22,6.970061120822037e-22,True,0.2598303133463881,0.09341486647505608,15.07961202541107,18.0
p022,p022_neutral_front,right_cheek,observation_scale_0.95,observation_scale,0.95,True,33,0.03723893998676823,0.005743139802186527,False,0.09999999999999999,0.0,True,5.89578380265383e-22,3.99844185970877e-22,True,0.28810625560700887,0.09854542031998102,16.506131993674053,
p022,p022_neutral_front,right_cheek,observation_scale_1.05,observation_scale,1.05,True,33,0.02620689088451743,-0.00528890930006427,False,0.09999999999999999,0.0,True,2.8308991723381077e-22,9.335572293930479e-23,True,0.26744580750712693,0.09986031687997043,15.327566377034593,
p022,p022_neutral_front,right_cheek,observation_tilt_-0.02,observation_tilt,-0.02,True,33,0.031121770909614096,-0.00037402927496760566,False,0.09999999999999999,0.0,True,5.723423125184295e-22,3.826081182239235e-22,True,0.2877612550116334,0.1035055166188073,16.582988859040388,
p022,p022_neutral_front,right_cheek,observation_tilt_+0.02,observation_tilt,0.02,True,33,0.031884035532552674,0.00038823534797097214,False,0.09999999999999999,0.0,True,6.385097524935288e-22,4.487755581990228e-22,True,0.2675550618657351,0.0951531548021705,15.229754991901807,
p022,p022_neutral_front,right_cheek,subset_420_680_point,subset_point,0.0,True,33,0.03636171475979584,0.004865914575214139,False,0.09999999999999999,0.0,True,9.482424981959407e-21,9.292690787664901e-21,True,0.23873051804230971,0.08008619448546261,13.628756862421115,
p022,p022_neutral_front,right_cheek,subset_420_680_gaussian_5nm,gaussian,5.0,True,33,0.0363499441397043,0.004854143955122597,False,0.09999999999999999,0.0,True,9.651178860955312e-21,9.461444666660806e-21,True,0.23816468014437409,0.07994060269601933,13.6049019712516,
p022,p022_neutral_front,right_cheek,subset_420_680_gaussian_10nm,gaussian,10.0,True,33,0.03636512227388389,0.004869322089302186,False,0.09999999999999999,0.0,True,1.5617909483642838e-22,-3.3555099458077596e-23,True,0.23712774379970047,0.07967926101672086,13.558803265068946,
p023,p023_neutral_front,left_cheek,epidermis_0.050mm,thickness,0.05,True,33,0.04885670759549608,0.001200576134810026,False,0.09999999999999999,0.0,True,0.3477406584447528,-0.08579180516252438,False,0.15259530481207326,0.041332849754129285,7.06455131337563,
p023,p023_neutral_front,left_cheek,epidermis_0.070mm,thickness,0.07,True,33,0.04675080443864443,-0.0009053270220416229,False,0.09999999999999999,0.0,True,0.5317101392782907,0.09817767567101349,False,0.13024740999974715,0.036323288743614686,6.219948149911861,
p023,p023_neutral_front,left_cheek,scattering_x0.8,scattering,0.8,True,33,0.03492057812455394,-0.012735553336132119,False,0.09999999999999999,0.0,True,0.424050663822769,-0.009481799784508194,False,0.15050715968374662,0.040801140947205355,6.977841637819051,
p023,p023_neutral_front,left_cheek,scattering_x1.2,scattering,1.2,True,33,0.058816022976969785,0.01115989151628373,False,0.09999999999999999,0.0,True,0.47866478720332317,0.045132323596045965,False,0.13232282011713045,0.03689342098103033,6.319029037198121,
p023,p023_neutral_front,left_cheek,whole_blood_hb_120gL,hb,120.0,True,33,0.05112117417754893,0.003465042716862876,False,0.09999999999999999,0.0,True,0.3565594479021647,-0.0769730157051125,False,0.14407843019220212,0.039380195732106056,6.755607824379665,11.999999999999998
p023,p023_neutral_front,left_cheek,whole_blood_hb_180gL,hb,180.0,True,33,0.04478396054698895,-0.0028721709136971044,False,0.09999999999999999,0.0,True,0.49295049706044314,0.05941803345316593,False,0.13536659409567262,0.03722568931490301,6.384889495407016,18.0
p023,p023_neutral_front,left_cheek,observation_scale_0.95,observation_scale,0.95,True,33,0.05307773087474232,0.005421599414056261,False,0.09999999999999999,0.0,True,0.36691985489476764,-0.06661260871250957,False,0.13824595403590503,0.036111399269315496,6.51813765556668,
p023,p023_neutral_front,left_cheek,observation_scale_1.05,observation_scale,1.05,True,33,0.042647282678806235,-0.005008848781879821,False,0.09999999999999999,0.0,True,0.495387646774906,0.06185518316762878,False,0.13923042709943845,0.04023721125281923,6.572747879614125,
p023,p023_neutral_front,left_cheek,observation_tilt_-0.02,observation_tilt,-0.02,True,33,0.046918351598812795,-0.0007377798618732612,False,0.09999999999999999,0.0,True,0.3738309012789778,-0.05970156232829943,False,0.14077318130226651,0.039128917372056204,6.7541870408730444,
p023,p023_neutral_front,left_cheek,observation_tilt_+0.02,observation_tilt,0.02,True,33,0.04842799279973599,0.0007718613390499326,False,0.09999999999999999,0.0,True,0.49171303876196853,0.05818057515469133,False,0.1368002463273038,0.037268112406794375,6.346691663785409,
p023,p023_neutral_front,left_cheek,subset_420_680_point,subset_point,0.0,True,33,0.05833047121903924,0.010674339758353184,False,0.07403883675673209,-0.0259611632432679,False,0.48595336367600944,0.052420900068732235,False,0.06791471071579924,0.018230574876733144,3.2933333601934365,
p023,p023_neutral_front,left_cheek,subset_420_680_gaussian_5nm,gaussian,5.0,True,33,0.0582175450290584,0.010561413568372341,False,0.07472401537873832,-0.02527598462126167,False,0.4955207444671417,0.06198828085986452,False,0.06725958275373659,0.017978803384744207,3.2492607637274076,
p023,p023_neutral_front,left_cheek,subset_420_680_gaussian_10nm,gaussian,10.0,True,33,0.05800860443000759,0.010352472969321534,False,0.07625657577515059,-0.023743424224849402,False,0.5110663019152726,0.07753383830799537,False,0.06667556195337185,0.017750843788276585,3.2097267783333976,
p023,p023_neutral_front,right_cheek,epidermis_0.050mm,thickness,0.05,True,33,0.07330785833629946,0.00387124827148555,False,0.09999999999999999,0.0,True,3.699174212835729e-22,-9.759086006445853e-22,True,0.24077433409986726,0.06531459362792683,13.41224373148378,
p023,p023_neutral_front,right_cheek,epidermis_0.070mm,thickness,0.07,True,33,0.06642382984687877,-0.0030127802179351487,False,0.09999999999999999,0.0,True,3.352195153487034e-17,3.352060570884841e-17,True,0.20041978139994618,0.053965486379835705,11.719616775916283,
p023,p023_neutral_front,right_cheek,scattering_x0.8,scattering,0.8,True,33,0.05407072011558748,-0.015365889949226434,False,0.09999999999999999,0.0,True,6.3051050814483026e-21,4.959279059520144e-21,True,0.22852833215448454,0.061951447986132044,12.908194897449599,
p023,p023_neutral_front,right_cheek,scattering_x1.2,scattering,1.2,True,33,0.08296498246356011,0.0135283723987462,False,0.09999999999999999,0.0,True,2.641449080209597e-19,2.6279908199903153e-19,True,0.20820124219918418,0.05592251703659182,12.065269046621763,
p023,p023_neutral_front,right_cheek,whole_blood_hb_120gL,hb,120.0,True,33,0.07378883612593772,0.004352226061123801,False,0.09999999999999999,0.0,True,4.714673942428594e-21,3.368847920500436e-21,True,0.23151938232088579,0.06224617046377576,13.029614901062798,11.999999999999998
p023,p023_neutral_front,right_cheek,whole_blood_hb_180gL,hb,180.0,True,33,0.06574489783854345,-0.0036917122262704605,False,0.09999999999999999,0.0,True,5.934011871035823e-19,5.920553610816542e-19,True,0.20617729922485228,0.05595827923546793,12.002307084537266,18.0
p023,p023_neutral_front,right_cheek,observation_scale_0.95,observation_scale,0.95,True,33,0.07619415841972207,0.0067575483549081605,False,0.09999999999999999,0.0,True,6.584085107439951e-20,6.449502505247135e-20,True,0.2220037968223761,0.05764178693128982,12.754246106407805,
p023,p023_neutral_front,right_cheek,observation_scale_1.05,observation_scale,1.05,True,33,0.06321177007824526,-0.006224839986568656,False,0.09999999999999999,0.0,True,4.055522475258096e-20,3.92093987306528e-20,True,0.21334959776393397,0.06002558772853834,12.222917341850835,
p023,p023_neutral_front,right_cheek,observation_tilt_-0.02,observation_tilt,-0.02,True,33,0.06913040694091609,-0.00030620312389782744,False,0.09999999999999999,0.0,True,7.48735582367189e-21,6.1415298017437315e-21,True,0.2256069938601962,0.06191970482484073,13.100291524526918,
p023,p023_neutral_front,right_cheek,observation_tilt_+0.02,observation_tilt,0.02,True,33,0.06975896235297145,0.00032235228815753747,False,0.09999999999999999,0.0,True,1.4156812272379313e-19,1.4022229670186497e-19,True,0.20986754225748433,0.055896157408987956,11.879791053880584,
p023,p023_neutral_front,right_cheek,subset_420_680_point,subset_point,0.0,True,33,0.07633116048730743,0.006894550422493512,False,0.09999999999999999,0.0,True,2.0895189600565884e-18,2.0881731340346603e-18,True,0.10898435267782984,0.02759097450908782,5.981469174507742,
p023,p023_neutral_front,right_cheek,subset_420_680_gaussian_5nm,gaussian,5.0,True,33,0.07631855118300863,0.00688194111819472,False,0.09999999999999999,0.0,True,1.2783304116357042e-18,1.276984585613776e-18,True,0.10879355050073362,0.027566285275576263,5.979116526794308,
p023,p023_neutral_front,right_cheek,subset_420_680_gaussian_10nm,gaussian,10.0,True,33,0.07635243775782576,0.006915827693011842,False,0.09999999999999999,0.0,True,9.651964760378087e-24,-1.3361740571677801e-21,True,0.10859701949203124,0.027520683620648134,5.973420912819445,
p024,p024_neutral_front,left_cheek,epidermis_0.050mm,thickness,0.05,True,33,0.0548329472878221,0.0015399623232171256,False,0.09999999999999999,0.0,True,0.5806186568332803,-0.10443900716979249,False,0.16655647924741296,0.04379845958700826,7.368307768365281,
p024,p024_neutral_front,left_cheek,epidermis_0.070mm,thickness,0.07,True,33,0.05217491894509684,-0.0011180660195081321,False,0.09999999999999999,0.0,True,0.793677598320244,0.10861993431717121,False,0.14526675977920098,0.040425380763956846,6.72356534418209,
p024,p024_neutral_front,left_cheek,scattering_x0.8,scattering,0.8,True,33,0.03986511425969145,-0.013427870704913525,False,0.09999999999999999,0.0,True,0.6298399336405819,-0.05521773036249089,False,0.1630609876317698,0.043012431043777985,7.234823438570473,
p024,p024_neutral_front,left_cheek,scattering_x1.2,scattering,1.2,True,33,0.06522092656985629,0.011927941605251312,False,0.09999999999999999,0.0,True,0.7719749296360472,0.08691726563297442,False,0.14813905966694346,0.04115204237562597,6.845941627952658,
p024,p024_neutral_front,left_cheek,whole_blood_hb_120gL,hb,120.0,True,33,0.056668562399804716,0.003375577435199742,False,0.09999999999999999,0.0,True,0.6398075749801443,-0.045250089022928486,False,0.16015457587725165,0.04324528468767444,7.236600149245137,11.999999999999998
p024,p024_neutral_front,left_cheek,whole_blood_hb_180gL,hb,180.0,True,33,0.05048895022269455,-0.002804034741910426,False,0.09999999999999999,0.0,True,0.7204391467665693,0.03538148276349651,False,0.14863954266833085,0.04033041794129516,6.748460375704335,18.0
p024,p024_neutral_front,left_cheek,observation_scale_0.95,observation_scale,0.95,True,33,0.05883447783984684,0.005541492875241867,False,0.09999999999999999,0.0,True,0.634056435908901,-0.051001228094171736,False,0.15233555131686666,0.038956647345258874,6.873364772521252,
p024,p024_neutral_front,left_cheek,observation_scale_1.05,observation_scale,1.05,True,33,0.04817370551283855,-0.005119279451766427,False,0.09999999999999999,0.0,True,0.7324348963150707,0.047377232311997974,False,0.15445919865411875,0.044350177672523715,7.0537891423720405,
p024,p024_neutral_front,left_cheek,observation_tilt_-0.02,observation_tilt,-0.02,True,33,0.05245814493891773,-0.0008348400256872404,False,0.09999999999999999,0.0,True,0.6316849004762942,-0.053372763526778555,False,0.1550808097780808,0.04206449451350907,7.113385612400107,
p024,p024_neutral_front,left_cheek,observation_tilt_+0.02,observation_tilt,0.02,True,33,0.054156604531044254,0.0008636195664392804,False,0.09999999999999999,0.0,True,0.7361557526682312,0.051098088665158414,False,0.15182807714009353,0.041281670413172836,6.827949239701561,
p024,p024_neutral_front,left_cheek,subset_420_680_point,subset_point,0.0,True,33,0.061021061605798184,0.00772807664119321,False,0.09419791734931028,-0.0058020826506897105,False,0.7910220684670835,0.10596440446401068,False,0.0796595825964684,0.022309098745652033,3.918227129810306,
p024,p024_neutral_front,left_cheek,subset_420_680_gaussian_5nm,gaussian,5.0,True,33,0.06091155428244523,0.007618569317840253,False,0.09518354202998841,-0.004816457970011581,False,0.7983915787336943,0.11333391473062149,False,0.07864242831843796,0.021895694617216487,3.8506305406799872,
p024,p024_neutral_front,left_cheek,subset_420_680_gaussian_10nm,gaussian,10.0,True,33,0.06066634767487915,0.007373362710274174,False,0.0977140206672307,-0.0022859793327692918,False,0.8114281940648963,0.12637053006182353,False,0.07732839218477862,0.02137998114094618,3.7689660938434866,
p024,p024_neutral_front,right_cheek,epidermis_0.050mm,thickness,0.05,True,33,0.07763254192146544,0.004402330540625915,False,0.09999999999999999,0.0,True,7.544536490321635e-20,6.892966997709639e-20,True,0.23993887906981098,0.06075860362653414,12.936810829937771,
p024,p024_neutral_front,right_cheek,epidermis_0.070mm,thickness,0.07,True,33,0.0698240776992212,-0.003406133681618337,False,0.09999999999999999,0.0,True,2.940316226544549e-19,2.8751592772833493e-19,True,0.2012589946138038,0.05093345618257143,11.364198243491735,
p024,p024_neutral_front,right_cheek,scattering_x0.8,scattering,0.8,True,33,0.05760505959382828,-0.01562515178701125,False,0.09999999999999999,0.0,True,4.5289680571021355e-21,-1.9867268690178276e-21,True,0.22952032434172046,0.058030635441827724,12.524115154714531,
p024,p024_neutral_front,right_cheek,scattering_x1.2,scattering,1.2,True,33,0.08697607145084096,0.013745860070001434,False,0.09999999999999999,0.0,True,8.411388621659844e-22,-5.674556063953979e-21,True,0.20749938979332883,0.05240532997324144,11.634986384678783,
p024,p024_neutral_front,right_cheek,whole_blood_hb_120gL,hb,120.0,True,33,0.07760167375621582,0.004371462375376292,False,0.09999999999999999,0.0,True,3.2230342713555366e-18,3.2165185764294167e-18,True,0.22973009644001252,0.057845100066702376,12.527841781247986,11.999999999999998
p024,p024_neutral_front,right_cheek,whole_blood_hb_180gL,hb,180.0,True,33,0.06952093853115751,-0.0037092728496820188,False,0.09999999999999999,0.0,True,6.932551021880783e-21,4.168560957608202e-22,True,0.20741372751359075,0.052674824660461764,11.647934565385215,18.0
p024,p024_neutral_front,right_cheek,observation_scale_0.95,observation_scale,0.95,True,33,0.08006832761899549,0.0068381162381559585,False,0.09999999999999999,0.0,True,1.1967743400199242e-18,1.1902586450938042e-18,True,0.22008356936838513,0.05348387573923131,12.237993650036197,
p024,p024_neutral_front,right_cheek,observation_scale_1.05,observation_scale,1.05,True,33,0.06692823118389715,-0.006301980196942378,False,0.09999999999999999,0.0,True,7.607536868904362e-23,-6.4396195574309194e-21,True,0.2147068796462651,0.056558370855663634,11.88130627838989,
p024,p024_neutral_front,right_cheek,observation_tilt_-0.02,observation_tilt,-0.02,True,33,0.07293349387333734,-0.00029671750750219494,False,0.09999999999999999,0.0,True,2.8002004907290005e-18,2.7936847958028805e-18,True,0.22423568831888235,0.057750761656546946,12.62151791811491,
p024,p024_neutral_front,right_cheek,observation_tilt_+0.02,observation_tilt,0.02,True,33,0.07354326173965187,0.0003130503588123362,False,0.09999999999999999,0.0,True,1.1552161011372895e-20,5.036466085252932e-21,True,0.21074182133831043,0.0524173262528624,11.505390664757778,
p024,p024_neutral_front,right_cheek,subset_420_680_point,subset_point,0.0,True,33,0.08054959921352361,0.007319387832684085,False,0.09999999999999999,0.0,True,1.0858294771497618e-17,1.0851779076571498e-17,True,0.10547275705863715,0.023363212791033827,5.4337736162372074,
p024,p024_neutral_front,right_cheek,subset_420_680_gaussian_5nm,gaussian,5.0,True,33,0.08053622729096242,0.007306015910122893,False,0.09999999999999999,0.0,True,9.548263546611981e-21,3.032568620492018e-21,True,0.10534211740764952,0.023354402481114745,5.4340749943087845,
p024,p024_neutral_front,right_cheek,subset_420_680_gaussian_10nm,gaussian,10.0,True,33,0.08056813242126415,0.007337921040424619,False,0.09999999999999999,0.0,True,7.951048490952741e-21,1.4353535648327781e-21,True,0.10513387495118154,0.02332460412085332,5.43019003131662,
p025,p025_neutral_front,left_cheek,epidermis_0.050mm,thickness,0.05,True,33,0.04409842941308613,0.0006671035090458077,False,0.09999999999999999,0.0,True,0.5550309888166611,-0.08133075690213565,False,0.1694623391320673,0.04669131567611212,7.471103232560269,
p025,p025_neutral_front,left_cheek,epidermis_0.070mm,thickness,0.07,True,33,0.04286794544520863,-0.0005633804588316901,False,0.09999999999999999,0.0,True,0.7238483681540248,0.08748662243522798,False,0.14445310329312971,0.04093142757375023,6.5454207963698305,
p025,p025_neutral_front,left_cheek,scattering_x0.8,scattering,0.8,True,33,0.03107388607258286,-0.012357439831457463,False,0.09999999999999999,0.0,True,0.6068171367692193,-0.029544608949577444,False,0.17113531399656454,0.04694808977918608,7.514981870237326,
p025,p025_neutral_front,left_cheek,scattering_x1.2,scattering,1.2,True,33,0.05420110209999146,0.010769776195951139,False,0.09999999999999999,0.0,True,0.693083021010141,0.056721275291344186,False,0.14387253308787396,0.04093153151235881,6.54585985172377,
p025,p025_neutral_front,left_cheek,whole_blood_hb_120gL,hb,120.0,True,33,0.04685218604009822,0.003420860136057899,False,0.09999999999999999,0.0,True,0.5904954334109899,-0.04586631230780691,False,0.15668419805134273,0.04380391231718767,7.021690952257104,11.999999999999998
p025,p025_neutral_front,left_cheek,whole_blood_hb_180gL,hb,180.0,True,33,0.04058743649779039,-0.0028438894062499318,False,0.09999999999999999,0.0,True,0.6727660188811982,0.03640427316240147,False,0.15384472687550796,0.042748115306293216,6.851355571717107,18.0
p025,p025_neutral_front,left_cheek,observation_scale_0.95,observation_scale,0.95,True,33,0.04867876496492983,0.005247439060889508,False,0.09999999999999999,0.0,True,0.5784661093715269,-0.05789563634726991,False,0.1526535171706721,0.04048999636390535,6.830965777317598,
p025,p025_neutral_front,left_cheek,observation_scale_1.05,observation_scale,1.05,True,33,0.038580572636694226,-0.004850753267346096,False,0.09999999999999999,0.0,True,0.6896204559606741,0.05325871024187734,False,0.15649868791867083,0.04595129170928164,7.0121658973272,
p025,p025_neutral_front,left_cheek,observation_tilt_-0.02,observation_tilt,-0.02,True,33,0.042661622832890156,-0.0007697030711501657,False,0.09999999999999999,0.0,True,0.5845001097557295,-0.051861635963067254,False,0.15573124835777954,0.04386116577668108,7.080173916851569,
p025,p025_neutral_front,left_cheek,observation_tilt_+0.02,observation_tilt,0.02,True,33,0.04422909995424014,0.0007977740501998176,False,0.09999999999999999,0.0,True,0.6862991681730719,0.04993742245427513,False,0.1535536352130936,0.04260946066634127,6.775355520125932,
p025,p025_neutral_front,left_cheek,subset_420_680_point,subset_point,0.0,True,33,0.06133269149796928,0.017901365593928957,False,0.04585987890521148,-0.05414012109478851,False,0.6779202784192226,0.041558532700425865,False,0.09159236409872897,0.025328295974600762,4.2706004321644695,
p025,p025_neutral_front,left_cheek,subset_420_680_gaussian_5nm,gaussian,5.0,True,33,0.06119972618396355,0.017768400279923227,False,0.046445247255900254,-0.05355475274409974,False,0.6886847851807139,0.052323039461917076,False,0.09086802480788053,0.02504398109739003,4.22437543189928,
p025,p025_neutral_front,left_cheek,subset_420_680_gaussian_10nm,gaussian,10.0,True,33,0.06096202964215638,0.017530703738116056,False,0.04770390094774606,-0.05229609905225393,False,0.7071821511287999,0.07082040541000312,False,0.08966657160110546,0.02465894079402648,4.161827984588859,
p025,p025_neutral_front,right_cheek,epidermis_0.050mm,thickness,0.05,True,33,0.049231953103969016,0.0013865330556469893,False,0.09999999999999999,0.0,True,0.1678933493943085,-0.064507794053214,False,0.19460747584733518,0.05500939853151796,9.691115579614824,
p025,p025_neutral_front,right_cheek,epidermis_0.070mm,thickness,0.07,True,33,0.04676032266687552,-0.0010850973814465065,False,0.09999999999999999,0.0,True,0.31294818908141186,0.08054704563388937,False,0.16445008785693713,0.047403943592871985,8.475296658672928,
p025,p025_neutral_front,right_cheek,scattering_x0.8,scattering,0.8,True,33,0.035097244611756125,-0.012748175436565902,False,0.09999999999999999,0.0,True,0.258626215324991,0.02622507187746853,False,0.19294553587977015,0.05454207835763783,9.6254644309179,
p025,p025_neutral_front,right_cheek,scattering_x1.2,scattering,1.2,True,33,0.058936417676495975,0.011090997628173949,False,0.09999999999999999,0.0,True,0.24075066961230254,0.008349526164780047,False,0.16581643860007295,0.04777833972006166,8.54027717078218,
p025,p025_neutral_front,right_cheek,whole_blood_hb_120gL,hb,120.0,True,33,0.05146489716111301,0.003619477112790981,False,0.09999999999999999,0.0,True,0.14059741873612505,-0.09180372471139744,False,0.18160531988516662,0.05151460444951373,9.156690711742476,11.999999999999998
p025,p025_neutral_front,right_cheek,whole_blood_hb_180gL,hb,180.0,True,33,0.044837826725536996,-0.0030075933227850307,False,0.09999999999999999,0.0,True,0.30382348195574876,0.07142233850822627,False,0.17360778096032953,0.049646703432296393,8.846408326426703,18.0
p025,p025_neutral_front,right_cheek,observation_scale_0.95,observation_scale,0.95,True,33,0.05336171247982041,0.005516292431498385,False,0.09999999999999999,0.0,True,0.15714083126695974,-0.07526031218056276,False,0.17671484215563918,0.048163208838373626,9.009377343292691,
p025,p025_neutral_front,right_cheek,observation_scale_1.05,observation_scale,1.05,True,33,0.04275077824607613,-0.005094641802245899,False,0.09999999999999999,0.0,True,0.302679658214744,0.07027851476722152,False,0.17695116646345127,0.05279229019748639,8.962655312779134,
p025,p025_neutral_front,right_cheek,observation_tilt_-0.02,observation_tilt,-0.02,True,33,0.04718104127565125,-0.0006643787726707748,False,0.09999999999999999,0.0,True,0.17035072191763848,-0.06205042152988402,False,0.17990731171787003,0.05206400441585235,9.30151786526554,
p025,p025_neutral_front,right_cheek,observation_tilt_+0.02,observation_tilt,0.02,True,33,0.04854791630336538,0.0007024962550433514,False,0.09999999999999999,0.0,True,0.2938020719075061,0.06140092845998363,False,0.17391604087166165,0.048964382427674674,8.681126811493714,
p025,p025_neutral_front,right_cheek,subset_420_680_point,subset_point,0.0,True,33,0.06321411773012524,0.015368697681803212,False,0.059343906677139506,-0.040656093322860486,False,0.24092740968988152,0.008526266242359026,False,0.09615709345514988,0.024770165814936778,4.629601814445177,
p025,p025_neutral_front,right_cheek,subset_420_680_gaussian_5nm,gaussian,5.0,True,33,0.06315211964395526,0.01530669959563323,False,0.059601312273990195,-0.040398687726009797,False,0.24637406862571445,0.013972925178191958,False,0.09589327295180994,0.024735945862835625,4.621947729391039,
p025,p025_neutral_front,right_cheek,subset_420_680_gaussian_10nm,gaussian,10.0,True,33,0.06301309020181105,0.015167670153489021,False,0.06031423349630857,-0.03968576650369142,False,0.2535889897831623,0.021187846335639804,False,0.09529584381147453,0.024642318270045486,4.605118181528037,
p026,p026_neutral_front,left_cheek,epidermis_0.050mm,thickness,0.05,True,33,0.051680322674819874,0.0013484418386967914,False,0.09999999999999999,0.0,True,0.5216571736790712,-0.09516810791905239,False,0.16920932080426698,0.044579573022287405,7.491619392622679,
p026,p026_neutral_front,left_cheek,epidermis_0.070mm,thickness,0.07,True,33,0.04932429228484747,-0.0010075885512756122,False,0.09999999999999999,0.0,True,0.7187557725416059,0.10193049094348239,False,0.14545264534319644,0.04008578791402405,6.691247440724427,
p026,p026_neutral_front,left_cheek,scattering_x0.8,scattering,0.8,True,33,0.03727222213477501,-0.013059658701348072,False,0.09999999999999999,0.0,True,0.5773652073446065,-0.03946007425351705,False,0.16786760302756012,0.044227362439358466,7.432435599271112,
p026,p026_neutral_front,left_cheek,scattering_x1.2,scattering,1.2,True,33,0.06184435484974903,0.01151247401362595,False,0.09999999999999999,0.0,True,0.6882428539794933,0.0714175723813697,False,0.1468669544569316,0.040513615991599354,6.763469039828956,
p026,p026_neutral_front,left_cheek,whole_blood_hb_120gL,hb,120.0,True,33,0.05373943527862772,0.0034075544425046372,False,0.09999999999999999,0.0,True,0.5644814194971942,-0.05234386210092934,False,0.1596357405352114,0.04295171272617596,7.204853603430996,11.999999999999998
p026,p026_neutral_front,left_cheek,whole_blood_hb_180gL,hb,180.0,True,33,0.047501099584613564,-0.002830781251509519,False,0.09999999999999999,0.0,True,0.6576850328125373,0.040859751214413764,False,0.15166813533985726,0.04082904284608903,6.84633384965656,18.0
p026,p026_neutral_front,left_cheek,observation_scale_0.95,observation_scale,0.95,True,33,0.055794079773667446,0.005462198937544363,False,0.09999999999999999,0.0,True,0.5607817522352438,-0.05604352936287971,False,0.1533494148867253,0.03911850367524358,6.911820613012604,
p026,p026_neutral_front,left_cheek,observation_scale_1.05,observation_scale,1.05,True,33,0.04528441445010991,-0.005047466386013173,False,0.09999999999999999,0.0,True,0.6687541031292936,0.051928821531170066,False,0.1562077690897601,0.04446027463663093,7.09292781540053,
p026,p026_neutral_front,left_cheek,observation_tilt_-0.02,observation_tilt,-0.02,True,33,0.049535504249868356,-0.0007963765862547267,False,0.09999999999999999,0.0,True,0.5622641008872886,-0.05456118071083493,False,0.15634532080252816,0.04237670977793588,7.169747476727167,
p026,p026_neutral_front,left_cheek,observation_tilt_+0.02,observation_tilt,0.02,True,33,0.05115804669319993,0.0008261658570768438,False,0.09999999999999999,0.0,True,0.6693554522025226,0.05253017060439902,False,0.15335272136311207,0.04124416139927408,6.849599688991933,
p026,p026_neutral_front,left_cheek,subset_420_680_point,subset_point,0.0,True,33,0.06273968634245025,0.012407805506327169,False,0.06889468649102168,-0.031105313508978313,False,0.6861019777268437,0.06927669612872012,False,0.08496608524122491,0.022746810179918236,4.015785867887365,
p026,p026_neutral_front,left_cheek,subset_420_680_gaussian_5nm,gaussian,5.0,True,33,0.06260374845430759,0.01227186761818451,False,0.06973975973587045,-0.030260240264129545,False,0.6958548975126599,0.07902961591453639,False,0.0840935377924765,0.022398354838189413,3.9582734539790967,
p026,p026_neutral_front,left_cheek,subset_420_680_gaussian_10nm,gaussian,10.0,True,33,0.062336630352340376,0.012004749516217293,False,0.07170069193443894,-0.028299308065561052,False,0.713213796521726,0.09638851492360245,False,0.08278892938160999,0.021936220722833445,3.883381376571639,
p026,p026_neutral_front,right_cheek,epidermis_0.050mm,thickness,0.05,True,33,0.08446069546264748,0.005011277875547823,False,0.09999999999999999,0.0,True,2.383955851049107e-21,-4.005027192497629e-21,True,0.2614671379696318,0.0638329302844373,14.205447641254128,
p026,p026_neutral_front,right_cheek,epidermis_0.070mm,thickness,0.07,True,33,0.0756010279647445,-0.003848389622355161,False,0.09999999999999999,0.0,True,1.6211665373013685e-19,1.557276706865901e-19,True,0.2213916829393665,0.05403512226488474,12.585836556740759,
p026,p026_neutral_front,right_cheek,scattering_x0.8,scattering,0.8,True,33,0.06310329904753044,-0.016346118539569215,False,0.09999999999999999,0.0,True,5.491347441279729e-22,-5.839848299418763e-21,True,0.2500494784128957,0.06112926997784129,13.759268551482625,
p026,p026_neutral_front,right_cheek,scattering_x1.2,scattering,1.2,True,33,0.09388472430455586,0.0144353067174562,False,0.09999999999999999,0.0,True,5.2911538327614905e-21,-1.0978292107852456e-21,True,0.22800605981316574,0.05545927786946878,12.867627614618089,
p026,p026_neutral_front,right_cheek,whole_blood_hb_120gL,hb,120.0,True,33,0.08389584092825775,0.004446423341158093,False,0.09999999999999999,0.0,True,1.3911849530797293e-20,7.522866487250557e-21,True,0.25122536066485596,0.06089001611074095,13.797459862754314,11.999999999999998
p026,p026_neutral_front,right_cheek,whole_blood_hb_180gL,hb,180.0,True,33,0.07567422898907201,-0.00377518859802764,False,0.09999999999999999,0.0,True,2.1433739861053346e-21,-4.2456090574414016e-21,True,0.2273811580112039,0.055781654441711855,12.868276169530256,18.0
p026,p026_neutral_front,right_cheek,observation_scale_0.95,observation_scale,0.95,True,33,0.08652746012422823,0.0070780425371285705,False,0.09999999999999999,0.0,True,1.1629737422398374e-20,5.240754378851638e-21,True,0.24077398058975183,0.05630996923099824,13.478971160570008,
p026,p026_neutral_front,right_cheek,observation_scale_1.05,observation_scale,1.05,True,33,0.0729280518889072,-0.0065213656981924495,False,0.09999999999999999,0.0,True,7.453723332201193e-21,1.0647402886544565e-21,True,0.2354520228960858,0.059899841344702325,13.127340886211842,
p026,p026_neutral_front,right_cheek,observation_tilt_-0.02,observation_tilt,-0.02,True,33,0.0791645416774919,-0.0002848759096077541,False,0.09999999999999999,0.0,True,1.165379294305565e-19,1.1014894638700977e-19,True,0.24537859937308937,0.060864445445628176,13.905209353206878,
p026,p026_neutral_front,right_cheek,observation_tilt_+0.02,observation_tilt,0.02,True,33,0.0797511753051002,0.0003017577180005476,False,0.09999999999999999,0.0,True,3.939876902279543e-20,3.3009785979248695e-20,True,0.2310916270666095,0.05548488324492101,12.712084124669325,
p026,p026_neutral_front,right_cheek,subset_420_680_point,subset_point,0.0,True,33,0.08741905339684444,0.007969635809744788,False,0.09999999999999999,0.0,True,1.0376856901256305e-18,1.0312967070820838e-18,True,0.12050343209727314,0.024881802120570253,6.073358234949426,
p026,p026_neutral_front,right_cheek,subset_420_680_gaussian_5nm,gaussian,5.0,True,33,0.08740376310825482,0.007954345521155162,False,0.09999999999999999,0.0,True,2.9518063246499556e-19,2.887916494214488e-19,True,0.12036741160999341,0.02486775395750714,6.071889556977427,
p026,p026_neutral_front,right_cheek,subset_420_680_gaussian_10nm,gaussian,10.0,True,33,0.08743462892051365,0.007985211333413997,False,0.09999999999999999,0.0,True,7.744835113770625e-19,7.680945283335158e-19,True,0.12024574889467636,0.02485112806605719,6.070766710032353,
p027,p027_neutral_front,left_cheek,epidermis_0.050mm,thickness,0.05,True,33,0.058179206186535014,0.0021288287264196876,False,0.09999999999999999,0.0,True,0.3170465356187822,-0.09414548633193537,False,0.18138582771200787,0.04558903393523683,8.285764308844547,
p027,p027_neutral_front,left_cheek,epidermis_0.070mm,thickness,0.07,True,33,0.05450645811305953,-0.0015439193470557985,False,0.09999999999999999,0.0,True,0.5192647412212934,0.10807271927057582,False,0.15449559610825836,0.04028276588908653,7.320572646185815,
p027,p027_neutral_front,left_cheek,scattering_x0.8,scattering,0.8,True,33,0.04252613517429726,-0.01352424228581807,False,0.09999999999999999,0.0,True,0.39366665757057867,-0.017525364380138908,False,0.18029249511036782,0.04538236198697851,8.251393554664187,
p027,p027_neutral_front,left_cheek,scattering_x1.2,scattering,1.2,True,33,0.06800376504812361,0.011953387588008284,False,0.09999999999999999,0.0,True,0.4685799418436089,0.057387919892891326,False,0.1554136723617486,0.04052649336701794,7.365781385640606,
p027,p027_neutral_front,left_cheek,whole_blood_hb_120gL,hb,120.0,True,33,0.05953474456565245,0.003484367105537123,False,0.09999999999999999,0.0,True,0.33331345690813874,-0.07787856504257884,False,0.1695577636999506,0.04319870214657055,7.869358865940858,11.999999999999998
p027,p027_neutral_front,left_cheek,whole_blood_hb_180gL,hb,180.0,True,33,0.05315994306591943,-0.0028904343941958954,False,0.09999999999999999,0.0,True,0.471409685972069,0.060217664021351425,False,0.16231321289099326,0.041599888272200805,7.575830405379518,18.0
p027,p027_neutral_front,left_cheek,observation_scale_0.95,observation_scale,0.95,True,33,0.06172304534768639,0.0056726678875710645,False,0.09999999999999999,0.0,True,0.3467522533802732,-0.06443976857044437,False,0.16381916144770567,0.039815843231408285,7.633116564847681,
p027,p027_neutral_front,left_cheek,observation_scale_1.05,observation_scale,1.05,True,33,0.05080954529255744,-0.005240832167557885,False,0.09999999999999999,0.0,True,0.4713488765211252,0.06015685457040765,False,0.1664801487175352,0.04482939861925141,7.7751153376549205,
p027,p027_neutral_front,left_cheek,observation_tilt_-0.02,observation_tilt,-0.02,True,33,0.055298498060739686,-0.0007518793993756406,False,0.09999999999999999,0.0,True,0.3495864614643219,-0.061605560486395705,False,0.1672538195483736,0.0432012927735725,7.923166173944857,
p027,p027_neutral_front,left_cheek,observation_tilt_+0.02,observation_tilt,0.02,True,33,0.056837915342886285,0.0007875378827709584,False,0.09999999999999999,0.0,True,0.4712598323662361,0.06006781041551851,False,0.16324670166326266,0.04150123313606128,7.5013368374044385,
p027,p027_neutral_front,left_cheek,subset_420_680_point,subset_point,0.0,True,33,0.07052977136853916,0.014479393908423836,False,0.06150748451139322,-0.03849251548860677,False,0.4289453116315337,0.01775328968081613,False,0.08899323441096796,0.021202604797252392,4.112052258352074,
p027,p027_neutral_front,left_cheek,subset_420_680_gaussian_5nm,gaussian,5.0,True,33,0.07039639172015676,0.01434601426004143,False,0.06218267246915632,-0.03781732753084367,False,0.4396939810760864,0.028501959125368848,False,0.08840438298509172,0.02101586105131504,4.076639875891076,
p027,p027_neutral_front,left_cheek,subset_420_680_gaussian_10nm,gaussian,10.0,True,33,0.07012989329456691,0.014079515834451585,False,0.06376745610588685,-0.03623254389411314,False,0.459268545051733,0.0480765231010154,False,0.08747185837581217,0.020772843954870605,4.030562097303192,
p027,p027_neutral_front,right_cheek,epidermis_0.050mm,thickness,0.05,True,33,0.06710037479813438,0.003490048972624102,False,0.09999999999999999,0.0,True,3.282631696187267e-22,-1.7708515454863033e-17,True,0.21716426799332172,0.056122673658264476,11.255996576275571,
p027,p027_neutral_front,right_cheek,epidermis_0.070mm,thickness,0.07,True,33,0.06085543132174302,-0.002754894503767258,False,0.09999999999999999,0.0,True,7.407658203537595e-21,-1.7701436059829114e-17,True,0.1816095254704309,0.04729355792893831,9.814399067694772,
p027,p027_neutral_front,right_cheek,scattering_x0.8,scattering,0.8,True,33,0.04911446800637544,-0.014495857819134837,False,0.09999999999999999,0.0,True,5.399589225483532e-16,5.222500788303206e-16,True,0.21121384670800553,0.05416296562486882,11.016417599676132,
p027,p027_neutral_front,right_cheek,scattering_x1.2,scattering,1.2,True,33,0.07624701166903562,0.012636685843525342,False,0.09999999999999999,0.0,True,1.467397536191358e-17,-3.034868356119071e-18,True,0.1851805488092329,0.048292907372236446,9.981575277851594,
p027,p027_neutral_front,right_cheek,whole_blood_hb_120gL,hb,120.0,True,33,0.06787473879329059,0.004264412967780309,False,0.09999999999999999,0.0,True,4.546910528275111e-18,-1.316193318975754e-17,True,0.20502424426082688,0.05311456368224536,10.774313537957985,11.999999999999998
p027,p027_neutral_front,right_cheek,whole_blood_hb_180gL,hb,180.0,True,33,0.05999431473902637,-0.0036160110864839126,False,0.09999999999999999,0.0,True,1.6793168019773986e-21,-1.7707164401230674e-17,True,0.18973746148657541,0.04912438418556164,10.15407835245973,18.0
p027,p027_neutral_front,right_cheek,observation_scale_0.95,observation_scale,0.95,True,33,0.07006737188466074,0.006457046059150456,False,0.09999999999999999,0.0,True,7.586990820994701e-19,-1.695014463593318e-17,True,0.1973551799978969,0.04919633884309943,10.537382804362641,
p027,p027_neutral_front,right_cheek,observation_scale_1.05,observation_scale,1.05,True,33,0.0576542050310225,-0.005956120794487783,False,0.09999999999999999,0.0,True,6.692290003627674e-21,-1.7702151428029024e-17,True,0.19524519742026775,0.052623070707668244,10.34347805722526,
p027,p027_neutral_front,right_cheek,observation_tilt_-0.02,observation_tilt,-0.02,True,33,0.06329822722929505,-0.00031209859621522673,False,0.09999999999999999,0.0,True,1.3586488728754725e-20,-1.7695257229303897e-17,True,0.20122681882190524,0.05317528957401933,10.882942530422149,
p027,p027_neutral_front,right_cheek,observation_tilt_+0.02,observation_tilt,0.02,True,33,0.06393792134361127,0.00032759551810099263,False,0.09999999999999999,0.0,True,1.1828073995547737e-22,-1.7708725437292696e-17,True,0.19150168469502557,0.048714976707650265,10.002044437866822,
p027,p027_neutral_front,right_cheek,subset_420_680_point,subset_point,0.0,True,33,0.07067567189679287,0.007065346071282591,False,0.09999999999999999,0.0,True,0.07791840448406254,0.07791840448406252,False,0.1012605541115695,0.02324897349814165,5.107882550339937,
p027,p027_neutral_front,right_cheek,subset_420_680_gaussian_5nm,gaussian,5.0,True,33,0.07067198306434566,0.007061657238835381,False,0.09999999999999999,0.0,True,0.07941266664083124,0.07941266664083123,False,0.10106583165740171,0.023234374043341947,5.10502981807636,
p027,p027_neutral_front,right_cheek,subset_420_680_gaussian_10nm,gaussian,10.0,True,33,0.07069784624722278,0.007087520421712498,False,0.09999999999999999,0.0,True,0.0781481315538381,0.07814813155383808,False,0.10049792470813376,0.023123448781709414,5.083651808677369,
p028,p028_neutral_front,left_cheek,epidermis_0.050mm,thickness,0.05,True,33,0.03773544464769935,5.27280259000687e-05,False,0.09999999999999999,0.0,True,0.48359036214524925,-0.07652282502271229,False,0.1461436905793859,0.043210662144805345,6.70881964050716,
p028,p028_neutral_front,left_cheek,epidermis_0.070mm,thickness,0.07,True,33,0.03755240226346849,-0.00013031435833079502,False,0.09999999999999999,0.0,True,0.6442571173284136,0.08414393016045207,False,0.12566800077761506,0.03838018375182699,5.925319270153019,
p028,p028_neutral_front,left_cheek,scattering_x0.8,scattering,0.8,True,33,0.0260169910340562,-0.011665725587743085,False,0.09913479018207144,-0.00086520981792855,True,0.544544835949292,-0.015568351218669507,False,0.14782361729769924,0.043397458486957384,6.739385652984936,
p028,p028_neutral_front,left_cheek,scattering_x1.2,scattering,1.2,True,33,0.04790509074467896,0.010222374122879678,False,0.09999999999999999,0.0,True,0.6011042881671197,0.04099110099915815,False,0.12547747391371836,0.03852557867028807,5.949340058360788,
p028,p028_neutral_front,left_cheek,whole_blood_hb_120gL,hb,120.0,True,33,0.04109398086277502,0.0034112642409757366,False,0.09999999999999999,0.0,True,0.4993993360788655,-0.06071385108909605,False,0.1358380488219844,0.040963238527291904,6.355612576695823,11.999999999999998
p028,p028_neutral_front,left_cheek,whole_blood_hb_180gL,hb,180.0,True,33,0.03543346897157078,-0.002249247650228506,False,0.0963138685307729,-0.003686131469227097,False,0.5979550926116622,0.037841905443700696,False,0.132946911334947,0.039685416874258285,6.154470672757923,17.33649633553912
p028,p028_neutral_front,left_cheek,observation_scale_0.95,observation_scale,0.95,True,33,0.042781486202896665,0.0050987695810973815,False,0.09999999999999999,0.0,True,0.49672766987297157,-0.06338551729498998,False,0.13171711896309013,0.037486382916693484,6.125545227029883,
p028,p028_neutral_front,left_cheek,observation_scale_1.05,observation_scale,1.05,True,33,0.03296914538004092,-0.004713571241758363,False,0.09999999999999999,0.0,True,0.6183354470764859,0.058222259908524365,False,0.13542133823110972,0.04289594137061348,6.3283720035015225,
p028,p028_neutral_front,left_cheek,observation_tilt_-0.02,observation_tilt,-0.02,True,33,0.036945043406333165,-0.0007376732154661184,False,0.09999999999999999,0.0,True,0.5065323860085522,-0.05358080115940933,False,0.134192177667346,0.040541756787990525,6.338829527380819,
p028,p028_neutral_front,left_cheek,observation_tilt_+0.02,observation_tilt,0.02,True,33,0.03844946738026312,0.0007667507584638369,False,0.09999999999999999,0.0,True,0.6119553397170033,0.05184215254904179,False,0.13300234401761837,0.03986303088172609,6.126553775727315,
p028,p028_neutral_front,left_cheek,subset_420_680_point,subset_point,0.0,True,33,0.05264984546330451,0.014967128841505223,False,0.05343321603903178,-0.04656678396096821,False,0.5408637443603154,-0.019249442807646178,False,0.07391020110049068,0.023586758529504714,3.8253978607174894,
p028,p028_neutral_front,left_cheek,subset_420_680_gaussian_5nm,gaussian,5.0,True,33,0.05251991704765922,0.01483720042585994,False,0.05403064520143175,-0.04596935479856824,False,0.5518897599011133,-0.008223427266848216,False,0.07316316644877838,0.023264552150091773,3.775832762575446,
p028,p028_neutral_front,left_cheek,subset_420_680_gaussian_10nm,gaussian,10.0,True,33,0.052311669839372216,0.014628953217572932,False,0.05524237779284391,-0.04475762220715608,False,0.5701465131119952,0.010033325944033611,False,0.07233677858491824,0.0229125060655015,3.722776073494684,
p028,p028_neutral_front,right_cheek,epidermis_0.050mm,thickness,0.05,True,33,0.0550828758997071,0.002250548929138743,False,0.09999999999999999,0.0,True,5.559599394920916e-22,4.8590528564345895e-22,True,0.19104334348928065,0.05389456754533055,9.978360402613344,
p028,p028_neutral_front,right_cheek,epidermis_0.070mm,thickness,0.07,True,33,0.050974528402572626,-0.0018577985679957276,False,0.09999999999999999,0.0,True,3.3298286622828366e-20,3.3228231968979733e-20,True,0.15795130480558314,0.04470310241976178,8.60063529352088,
p028,p028_neutral_front,right_cheek,scattering_x0.8,scattering,0.8,True,33,0.03934316534477189,-0.013489161625796463,False,0.09999999999999999,0.0,True,1.4797408815191502e-19,1.4790403349806638e-19,True,0.1847076420316261,0.051660522416190756,9.733356695976385,
p028,p028_neutral_front,right_cheek,scattering_x1.2,scattering,1.2,True,33,0.06451177672514773,0.011679449754579373,False,0.09999999999999999,0.0,True,2.294549801717158e-16,2.2945491011706194e-16,True,0.16243576601558948,0.04603168465823592,8.800955180605687,
p028,p028_neutral_front,right_cheek,whole_blood_hb_120gL,hb,120.0,True,33,0.05702751274999372,0.004195185779425369,False,0.09999999999999999,0.0,True,6.455602905947934e-19,6.454902359409447e-19,True,0.18095508267535246,0.05107556565684307,9.553445721883719,11.999999999999998
p028,p028_neutral_front,right_cheek,whole_blood_hb_180gL,hb,180.0,True,33,0.04929500703163786,-0.003537319938930493,False,0.09999999999999996,-2.7755575615628914e-17,True,0.003517955554587772,0.003517955554587772,True,0.16477761416587713,0.04647221289420925,8.903858164467998,17.999999999999993
p028,p028_neutral_front,right_cheek,observation_scale_0.95,observation_scale,0.95,True,33,0.058948704662792305,0.006116377692223951,False,0.09999999999999999,0.0,True,2.3838619224066416e-20,2.3768564570217783e-20,True,0.17361812965050177,0.047231437417216623,9.329911234689451,
p028,p028_neutral_front,right_cheek,observation_scale_1.05,observation_scale,1.05,True,33,0.047189068172268256,-0.005643258798300098,False,0.09999999999999999,0.0,True,5.514509250141693e-15,5.514509180087039e-15,True,0.16973141088630905,0.04980294946623141,9.075212615282181,
p028,p028_neutral_front,right_cheek,observation_tilt_-0.02,observation_tilt,-0.02,True,33,0.05250242314781203,-0.00032990382275632085,False,0.09999999999999999,0.0,True,4.3003947029398507e-20,4.2933892375549874e-20,True,0.17653844111099312,0.050858518388141864,9.60919537107034,
p028,p028_neutral_front,right_cheek,observation_tilt_+0.02,observation_tilt,0.02,True,33,0.053177025251418715,0.00034469828085036125,False,0.09999999999999999,0.0,True,1.957359301019755e-19,1.9566587544812687e-19,True,0.16675901782593391,0.04619812525195587,8.78985808861667,
p028,p028_neutral_front,right_cheek,subset_420_680_point,subset_point,0.0,True,33,0.05901979569132325,0.006187468720754895,False,0.09999999999999999,0.0,True,0.07337063637882718,0.07337063637882718,False,0.08564839243360396,0.022618002944102832,4.546552192102195,
p028,p028_neutral_front,right_cheek,subset_420_680_gaussian_5nm,gaussian,5.0,True,33,0.05901383541626865,0.006181508445700298,False,0.09999999999999999,0.0,True,0.07397351380118913,0.07397351380118913,False,0.08548913294835947,0.0226019590627366,4.544972172427061,
p028,p028_neutral_front,right_cheek,subset_420_680_gaussian_10nm,gaussian,10.0,True,33,0.05902943387110569,0.006197106900537333,False,0.09999999999999999,0.0,True,0.06971116115279406,0.06971116115279406,False,0.08506476964043534,0.02248524563646555,4.52849998589788,
p029,p029_neutral_front,left_cheek,epidermis_0.050mm,thickness,0.05,True,33,0.047923974039450874,0.00111742319679662,False,0.09999999999999999,0.0,True,0.4173646611721398,-0.08194206790664427,False,0.17480448413230568,0.046547766601979644,7.826274751666414,
p029,p029_neutral_front,left_cheek,epidermis_0.070mm,thickness,0.07,True,33,0.04593384849730541,-0.0008727023453488428,False,0.09999999999999999,0.0,True,0.5913468116645008,0.09204008258571672,False,0.14720252573166537,0.04014432761948609,6.770681147889688,
p029,p029_neutral_front,left_cheek,scattering_x0.8,scattering,0.8,True,33,0.034168459440093495,-0.01263809140256076,False,0.09999999999999999,0.0,True,0.48428570857511205,-0.015021020503671989,False,0.17600644044227506,0.046760348690309955,7.86729865757033,
p029,p029_neutral_front,left_cheek,scattering_x1.2,scattering,1.2,True,33,0.057844717744526375,0.01103816690187212,False,0.09999999999999999,0.0,True,0.546415376970201,0.047108647891417,False,0.14675234007546575,0.040123322206205514,6.767539058208433,
p029,p029_neutral_front,left_cheek,whole_blood_hb_120gL,hb,120.0,True,33,0.05026625521435887,0.0034597043717046125,False,0.09999999999999999,0.0,True,0.43475420480147337,-0.06455252427731067,False,0.16094322061184888,0.0432702055276606,7.304227621538063,11.999999999999998
p029,p029_neutral_front,left_cheek,whole_blood_hb_180gL,hb,180.0,True,33,0.04393203777460616,-0.002874513068048097,False,0.09999999999999999,0.0,True,0.5495634543814348,0.050256725302650795,False,0.1572983851261733,0.04223538269406966,7.13010367446319,18.0
p029,p029_neutral_front,left_cheek,observation_scale_0.95,observation_scale,0.95,True,33,0.052185312746671264,0.00537876190401701,False,0.09999999999999999,0.0,True,0.43511416033700184,-0.0641925687417822,False,0.1566726549048008,0.04010286315560154,7.122145928411807,
p029,p029_neutral_front,left_cheek,observation_scale_1.05,observation_scale,1.05,True,33,0.04183548744960829,-0.004971063393045962,False,0.09999999999999999,0.0,True,0.5586972149072149,0.05939048582843087,False,0.1602054117348148,0.045300956926384126,7.284958514670391,
p029,p029_neutral_front,left_cheek,observation_tilt_-0.02,observation_tilt,-0.02,True,33,0.04606192797606531,-0.0007446228665889468,False,0.09999999999999999,0.0,True,0.4423162808150662,-0.05699044826371785,False,0.16003124190999984,0.04353285059189227,7.393957123582151,
p029,p029_neutral_front,left_cheek,observation_tilt_+0.02,observation_tilt,0.02,True,33,0.047582962367082565,0.000776411524428311,False,0.09999999999999999,0.0,True,0.554630081222248,0.055323352143463955,False,0.1570222636509294,0.04191650127089831,7.027588997204521,
p029,p029_neutral_front,left_cheek,subset_420_680_point,subset_point,0.0,True,33,0.06473107465619991,0.01792452381354566,False,0.046267983180411976,-0.053732016819588016,False,0.4803389206378823,-0.018967808440901734,False,0.09403041370465134,0.023596483159761285,4.208839184656479,
p029,p029_neutral_front,left_cheek,subset_420_680_gaussian_5nm,gaussian,5.0,True,33,0.06458507451004696,0.0177785236673927,False,0.046848075532528996,-0.053151924467470996,False,0.4918426818427535,-0.007464047236030558,False,0.09342975287977459,0.023396786220070194,4.17320721872291,
p029,p029_neutral_front,left_cheek,subset_420_680_gaussian_10nm,gaussian,10.0,True,33,0.06432033088228482,0.01751378003963057,False,0.04811137061406489,-0.0518886293859351,False,0.5126333759071714,0.013326646828387356,False,0.0923539090025053,0.023114976927460788,4.122555162444045,
p029,p029_neutral_front,right_cheek,epidermis_0.050mm,thickness,0.05,True,33,0.07488946070712872,0.004060276101949367,False,0.09999999999999999,0.0,True,1.8629030467976197e-19,3.1444692151625532e-21,True,0.25538465222546747,0.06732449890642035,14.05848292256767,
p029,p029_neutral_front,right_cheek,epidermis_0.070mm,thickness,0.07,True,33,0.06767011327458373,-0.0031590713305956197,False,0.09999999999999999,0.0,True,4.2102295096449304e-21,-1.789356059549545e-19,True,0.21203903742036606,0.055764733942495516,12.252865769787624,
p029,p029_neutral_front,right_cheek,scattering_x0.8,scattering,0.8,True,33,0.05536158113141241,-0.015467603473766946,False,0.09999999999999999,0.0,True,3.2283900029418094e-21,-1.7991744546165761e-19,True,0.24545536361919676,0.06438265704981831,13.632760907148713,
p029,p029_neutral_front,right_cheek,scattering_x1.2,scattering,1.2,True,33,0.0844314453177674,0.013602260712588049,False,0.09999999999999999,0.0,True,1.532442904227909e-19,-2.9901545041808514e-20,True,0.21825539234790123,0.05744440520829621,12.544905065478478,
p029,p029_neutral_front,right_cheek,whole_blood_hb_120gL,hb,120.0,True,33,0.07518316883462944,0.004353984229450089,False,0.09999999999999999,0.0,True,1.3928901600978231e-21,-1.817529453045016e-19,True,0.2428773031494127,0.06383452799336935,13.560947564086899,11.999999999999998
p029,p029_neutral_front,right_cheek,whole_blood_hb_180gL,hb,180.0,True,33,0.0671330288623547,-0.0036961557428246555,False,0.09999999999999999,0.0,True,4.2056661520454795e-21,-1.7894016931255394e-19,True,0.2206879555827418,0.05813147110359804,12.635605549923332,18.0
p029,p029_neutral_front,right_cheek,observation_scale_0.95,observation_scale,0.95,True,33,0.07762226743703551,0.006793082831856159,False,0.09999999999999999,0.0,True,2.9787994057728923e-23,-1.831160474705417e-19,True,0.23385922339587303,0.059210689915386826,13.294906940553952,
p029,p029_neutral_front,right_cheek,observation_scale_1.05,observation_scale,1.05,True,33,0.06456980583575021,-0.006259378769429141,False,0.09999999999999999,0.0,True,9.348883933685126e-22,-1.822109470712309e-19,True,0.2275997390376641,0.062283992629982805,12.855440536395216,
p029,p029_neutral_front,right_cheek,observation_tilt_-0.02,observation_tilt,-0.02,True,33,0.07052614939809557,-0.00030303520708378773,False,0.09999999999999999,0.0,True,2.8336219587860284e-22,-1.8286247326872082e-19,True,0.23813093547271366,0.06373078725584112,13.677530196125542,
p029,p029_neutral_front,right_cheek,observation_tilt_+0.02,observation_tilt,0.02,True,33,0.07114844655937784,0.00031926195419848535,False,0.09999999999999999,0.0,True,2.7472261634025986e-22,-1.8287111284825916e-19,True,0.22348410391218038,0.05789565077107912,12.47711937654124,
p029,p029_neutral_front,right_cheek,subset_420_680_point,subset_point,0.0,True,33,0.07804418823045861,0.0072150036252792565,False,0.09999999999999999,0.0,True,1.7303491156041605e-22,-1.82972800553039e-19,True,0.1269989628779134,0.02997454200923192,6.740120606623561,
p029,p029_neutral_front,right_cheek,subset_420_680_gaussian_5nm,gaussian,5.0,True,33,0.07802952818342097,0.007200343578241619,False,0.09999999999999999,0.0,True,4.5372467578719774e-20,-1.3777336788587965e-19,True,0.12670825975198527,0.029936687618715832,6.733570662735611,
p029,p029_neutral_front,right_cheek,subset_420_680_gaussian_10nm,gaussian,10.0,True,33,0.07805728528134331,0.007228100676163959,False,0.09999999999999999,0.0,True,4.768126982436464e-24,-1.8314106733761699e-19,True,0.1261142904164512,0.029834847053637745,6.71173665062388,
p031,p031_neutral_front,left_cheek,epidermis_0.050mm,thickness,0.05,True,33,0.02793625001462466,-0.0010903110525597413,False,0.09999999999999999,0.0,True,0.7388961332617544,-0.07000009732029377,False,0.15142367937665066,0.04817360538471106,6.648576543785661,
p031,p031_neutral_front,left_cheek,epidermis_0.070mm,thickness,0.07,True,33,0.029680510928932795,0.0006539498617483958,False,0.09999999999999999,0.0,True,0.8802109818056704,0.07131475122362219,False,0.13060651475576024,0.042944496677232914,5.879475334049306,
p031,p031_neutral_front,left_cheek,scattering_x0.8,scattering,0.8,True,33,0.018315742610269393,-0.010710818456915006,False,0.09735623689130933,-0.002643763108690661,False,0.7702903564965049,-0.03860587408554328,False,0.15339989249490718,0.0483203777094162,6.668777426146689,
p031,p031_neutral_front,left_cheek,scattering_x1.2,scattering,1.2,True,33,0.03861445831332068,0.00958789724613628,False,0.09999999999999999,0.0,True,0.8626831653327225,0.05378693475067431,False,0.13050237280549398,0.043244017404150986,5.921077997087761,
p031,p031_neutral_front,left_cheek,whole_blood_hb_120gL,hb,120.0,True,33,0.0324152989991499,0.003388737931965497,False,0.09999999999999999,0.0,True,0.7839567861207177,-0.02493944446133045,False,0.14150281591428598,0.046202509328557705,6.355205868080492,11.999999999999998
p031,p031_neutral_front,left_cheek,whole_blood_hb_180gL,hb,180.0,True,33,0.026552708164673044,-0.002473852902511356,False,0.09778218869789607,-0.0022178113021039253,False,0.8270677136056509,0.01817148302360272,False,0.13826994232529216,0.044199626425915524,6.0826867851534665,17.600793965621293
p031,p031_neutral_front,left_cheek,observation_scale_0.95,observation_scale,0.95,True,33,0.033835426032088264,0.004808864964903865,False,0.09999999999999999,0.0,True,0.7573907265123213,-0.05150550406972687,False,0.13673932775267122,0.041868406891968385,6.0730318898658835,
p031,p031_neutral_front,left_cheek,observation_scale_1.05,observation_scale,1.05,True,33,0.0245769553085262,-0.004449605758658201,False,0.09999999999999999,0.0,True,0.8553006098756383,0.04640437929359009,False,0.141324913771993,0.04820787504501801,6.303829375070622,
p031,p031_neutral_front,left_cheek,observation_tilt_-0.02,observation_tilt,-0.02,True,33,0.028246980492844707,-0.0007795805743396923,False,0.09999999999999999,0.0,True,0.7655173036251622,-0.043378926956885944,False,0.13920178567726066,0.045344853996919406,6.295424229961033,
p031,p031_neutral_front,left_cheek,observation_tilt_+0.02,observation_tilt,0.02,True,33,0.029828623993462696,0.0008020629262782963,False,0.09999999999999999,0.0,True,0.8501551129617869,0.04125888237973874,False,0.13883342468936888,0.04471308865482818,6.089488481904258,
p031,p031_neutral_front,left_cheek,subset_420_680_point,subset_point,0.0,True,33,0.04459803393058176,0.01557147286339736,False,0.05290601693734777,-0.04709398306265222,False,0.899575540485593,0.09067930990354478,False,0.07862188941025595,0.026758838299359003,3.8133354452466075,
p031,p031_neutral_front,left_cheek,subset_420_680_gaussian_5nm,gaussian,5.0,True,33,0.044506367448707555,0.015479806381523156,False,0.05348511577749663,-0.04651488422250336,False,0.9082160503090936,0.0993198197270454,False,0.07734310334813885,0.02616802330603265,3.733826824304634,
p031,p031_neutral_front,left_cheek,subset_420_680_gaussian_10nm,gaussian,10.0,True,33,0.04431141695384149,0.015284855886657091,False,0.05490333114011464,-0.04509666885988535,False,0.9237420328825064,0.11484580230045827,False,0.0751250154340232,0.025259258887290748,3.6134857693953815,
p031,p031_neutral_front,right_cheek,epidermis_0.050mm,thickness,0.05,True,33,0.053679132093515,0.0020335326106765764,False,0.09999999999999999,0.0,True,1.5021549506284808e-20,-1.2250383116613444e-16,True,0.22336708393943663,0.06558561586296607,12.10637420304772,
p031,p031_neutral_front,right_cheek,epidermis_0.070mm,thickness,0.07,True,33,0.049937199086746265,-0.0017084003960921579,False,0.09999999999999999,0.0,True,1.5084325126748107e-18,-1.2101042020296592e-16,True,0.18801595027816423,0.055677069599758836,10.645155822428539,
p031,p031_neutral_front,right_cheek,scattering_x0.8,scattering,0.8,True,33,0.03812912836835637,-0.013516471114482051,False,0.09999999999999999,0.0,True,1.8733891936630153e-18,-1.206454635219777e-16,True,0.21506314040249722,0.06287907807909354,11.773967931099511,
p031,p031_neutral_front,right_cheek,scattering_x1.2,scattering,1.2,True,33,0.06334556009995769,0.011699960617119268,False,0.09999999999999999,0.0,True,1.680547231480575e-16,4.553587043241677e-17,True,0.19374934412613115,0.057361641772714564,10.90367631637191,
p031,p031_neutral_front,right_cheek,whole_blood_hb_120gL,hb,120.0,True,33,0.05589004223178494,0.004244442748946517,False,0.09999999999999999,0.0,True,3.5118159019516106e-21,-1.2251534089973877e-16,True,0.21376685876520019,0.06281140761271295,11.70854105766976,11.999999999999998
p031,p031_neutral_front,right_cheek,whole_blood_hb_180gL,hb,180.0,True,33,0.048047744032059074,-0.0035978554507793484,False,0.09999999999999999,0.0,True,1.2481006324118229e-15,1.1255817796961822e-15,True,0.19435425407635873,0.05741847500969717,10.928763641676241,18.0
p031,p031_neutral_front,right_cheek,observation_scale_0.95,observation_scale,0.95,True,33,0.05778138304406041,0.006135783561221984,False,0.09999999999999999,0.0,True,1.0030577351291221e-22,-1.2251875240986721e-16,True,0.20556003329770603,0.05831521993102649,11.474104531913676,
p031,p031_neutral_front,right_cheek,observation_scale_1.05,observation_scale,1.05,True,33,0.04598481759963529,-0.005660781883203132,False,0.09999999999999999,0.0,True,3.0853965590327664e-23,-1.2251882186167514e-16,True,0.2002780788181825,0.06142157624321817,11.116663667677788,
p031,p031_neutral_front,right_cheek,observation_tilt_-0.02,observation_tilt,-0.02,True,33,0.05131084166716925,-0.0003347578156691691,False,0.09999999999999999,0.0,True,2.9359947726209096e-16,1.7108062454645024e-16,True,0.20851108904142496,0.06271143328315135,11.796230674262707,
p031,p031_neutral_front,right_cheek,observation_tilt_+0.02,observation_tilt,0.02,True,33,0.05199519639129119,0.00034959690845276503,False,0.09999999999999999,0.0,True,1.1708742826807103e-18,-1.2134797843296002e-16,True,0.1972925242778117,0.057066842270206364,10.787409293814564,
p031,p031_neutral_front,right_cheek,subset_420_680_point,subset_point,0.0,True,33,0.05873525121762542,0.0070896517347869975,False,0.09999999999999999,0.0,True,0.07640478587432842,0.0764047858743283,False,0.10444040916859383,0.026651569018013622,5.3207523875685245,
p031,p031_neutral_front,right_cheek,subset_420_680_gaussian_5nm,gaussian,5.0,True,33,0.058730751302444165,0.007085151819605742,False,0.09999999999999999,0.0,True,0.07721818218470865,0.07721818218470852,False,0.10442954780941129,0.026684426146087892,5.329563623101764,
p031,p031_neutral_front,right_cheek,subset_420_680_gaussian_10nm,gaussian,10.0,True,33,0.058742086307560636,0.007096486824722213,False,0.09999999999999999,0.0,True,0.07290794547122872,0.0729079454712286,False,0.10394954374971027,0.02657538016063242,5.315728030547032,
p032,p032_neutral_front,left_cheek,epidermis_0.050mm,thickness,0.05,True,33,0.038204108274561416,0.00011845479518224344,False,0.09999999999999999,0.0,True,0.4442314046310563,-0.07046630239322077,False,0.16830105156405073,0.04928254668467508,7.75811403048797,
p032,p032_neutral_front,left_cheek,epidermis_0.070mm,thickness,0.07,True,33,0.03789615837268505,-0.00018949510669412362,False,0.09999999999999999,0.0,True,0.5945316161899167,0.0798339091656396,False,0.1403719673597982,0.04208990292454689,6.672768315849129,
p032,p032_neutral_front,left_cheek,scattering_x0.8,scattering,0.8,True,33,0.026176710551099595,-0.011908942928279577,False,0.09999999999999999,0.0,True,0.5096175486538053,-0.005080158370471821,False,0.16736911765492912,0.0488901277913811,7.702516237256933,
p032,p032_neutral_front,left_cheek,scattering_x1.2,scattering,1.2,True,33,0.048377311038126376,0.010291657558747204,False,0.09999999999999999,0.0,True,0.5478155454740158,0.0331178384497387,False,0.14176319992700856,0.04255711987433565,6.747296457186562,
p032,p032_neutral_front,left_cheek,whole_blood_hb_120gL,hb,120.0,True,33,0.04157879652266872,0.0034931430432895497,False,0.09999999999999999,0.0,True,0.4529903205033122,-0.06170738652096486,False,0.15652213327940542,0.046171982136625656,7.31213891302427,11.999999999999998
p032,p032_neutral_front,left_cheek,whole_blood_hb_180gL,hb,180.0,True,33,0.035180817024356464,-0.002904836455022708,False,0.09999999999999999,0.0,True,0.5628933205359676,0.04819561351169055,False,0.14888378148152068,0.044010028933515855,6.972060070773106,18.0
p032,p032_neutral_front,left_cheek,observation_scale_0.95,observation_scale,0.95,True,33,0.04323949670787093,0.0051538432284917585,False,0.09999999999999999,0.0,True,0.447748584518176,-0.06694912250610108,False,0.15102484404261382,0.042580236870961775,7.09156743748372,
p032,p032_neutral_front,left_cheek,observation_scale_1.05,observation_scale,1.05,True,33,0.03332340755286077,-0.004762245926518402,False,0.09999999999999999,0.0,True,0.5764552393510142,0.061757532326737086,False,0.15261702193621748,0.04737385631268473,7.1520773260995565,
p032,p032_neutral_front,left_cheek,observation_tilt_-0.02,observation_tilt,-0.02,True,33,0.03735820461538468,-0.0007274488639944926,False,0.09999999999999999,0.0,True,0.459481758219608,-0.05521594880466907,False,0.15389690179947044,0.04623365305452069,7.359489826403692,
p032,p032_neutral_front,left_cheek,observation_tilt_+0.02,observation_tilt,0.02,True,33,0.03884434443831841,0.0007586909589392399,False,0.09999999999999999,0.0,True,0.5683865998566047,0.053688892832327584,False,0.14983798047069918,0.0437688860578475,6.8943725924241335,
p032,p032_neutral_front,left_cheek,subset_420_680_point,subset_point,0.0,True,33,0.051305971103185154,0.013220317623805981,False,0.06408160549684669,-0.0359183945031533,False,0.573417765833897,0.058720058809619946,False,0.08744868011147264,0.02271957111506324,3.7924974583267774,
p032,p032_neutral_front,left_cheek,subset_420_680_gaussian_5nm,gaussian,5.0,True,33,0.05116414156884846,0.013078488089469285,False,0.06483099979197313,-0.035169000208026865,False,0.5840963963311093,0.06939868930683224,False,0.08669298722577969,0.022464633181548694,3.7482464478369497,
p032,p032_neutral_front,left_cheek,subset_420_680_gaussian_10nm,gaussian,10.0,True,33,0.05088301199064547,0.012797358511266295,False,0.06652898455005078,-0.03347101544994921,False,0.6017493173740343,0.08705161034975717,False,0.08517617402169018,0.02206083418552799,3.677738484575145,
p032,p032_neutral_front,right_cheek,epidermis_0.050mm,thickness,0.05,True,33,0.06289743975858864,0.0028809498997819025,False,0.09999999999999999,0.0,True,3.538093296680097e-20,-8.881179275151255e-19,True,0.2511185267884251,0.07155642185951294,13.980374003455657,
p032,p032_neutral_front,right_cheek,epidermis_0.070mm,thickness,0.07,True,33,0.05770098822211345,-0.002315501636693286,False,0.09999999999999999,0.0,True,1.133668666461613e-21,-9.223651918154649e-19,True,0.21079002626990215,0.06047029161815945,12.324897204555379,
p032,p032_neutral_front,right_cheek,scattering_x0.8,scattering,0.8,True,33,0.045588753586907234,-0.0144277362718995,False,0.09999999999999999,0.0,True,3.236791964016953e-21,-9.202620685179095e-19,True,0.240871877628488,0.06841937819460252,13.549636682215695,
p032,p032_neutral_front,right_cheek,scattering_x1.2,scattering,1.2,True,33,0.07260825074339763,0.012591760884590901,False,0.09999999999999999,0.0,True,2.5242847857792076e-19,-6.710703819040057e-19,True,0.21754627996386017,0.06236578760098435,12.635387160701926,
p032,p032_neutral_front,right_cheek,whole_blood_hb_120gL,hb,120.0,True,33,0.0643333086595124,0.0043168188007056615,False,0.09999999999999999,0.0,True,5.758664761635188e-20,-8.659122128655746e-19,True,0.24054905509273933,0.06851329942563854,13.56482091135966,11.999999999999998
p032,p032_neutral_front,right_cheek,whole_blood_hb_180gL,hb,180.0,True,33,0.05635372710429624,-0.0036627627545104957,False,0.09999999999999999,0.0,True,9.252302801646094e-22,-9.225736302017619e-19,True,0.21785475590871922,0.06245467781456164,12.631522525075145,18.0
p032,p032_neutral_front,right_cheek,observation_scale_0.95,observation_scale,0.95,True,33,0.06646741172510391,0.006450921866297178,False,0.09999999999999999,0.0,True,4.9190159115432407e-20,-8.74308701366494e-19,True,0.2315226743885947,0.06361862502632043,13.301501283783526,
p032,p032_neutral_front,right_cheek,observation_scale_1.05,observation_scale,1.05,True,33,0.05406928067497484,-0.005947209183831896,False,0.09999999999999999,0.0,True,4.602714644673797e-21,-9.188961458372527e-19,True,0.22469396003629988,0.06684870273051388,12.848340988357654,
p032,p032_neutral_front,right_cheek,observation_tilt_-0.02,observation_tilt,-0.02,True,33,0.0596927819498318,-0.00032370790897493645,False,0.09999999999999999,0.0,True,2.4036471741120282e-21,-9.210952133078145e-19,True,0.23502495451126654,0.06838322391233838,13.666709930488192,
p032,p032_neutral_front,right_cheek,observation_tilt_+0.02,observation_tilt,0.02,True,33,0.060355683308675336,0.0003391934498686022,False,0.09999999999999999,0.0,True,2.764075903446231e-19,-6.470912701373034e-19,True,0.221251320939049,0.06218556122231037,12.48104718838217,
p032,p032_neutral_front,right_cheek,subset_420_680_point,subset_point,0.0,True,33,0.06730863193434634,0.007292142075539611,False,0.09999999999999999,0.0,True,2.471163330726375e-16,2.461928342121556e-16,True,0.12225474120597968,0.02966180127158379,6.246941735768619,
p032,p032_neutral_front,right_cheek,subset_420_680_gaussian_5nm,gaussian,5.0,True,33,0.06729777653123302,0.007281286672426286,False,0.09999999999999999,0.0,True,5.547991197348059e-17,5.455641311299866e-17,True,0.12207405486622269,0.029644018425031348,6.246210001714473,
p032,p032_neutral_front,right_cheek,subset_420_680_gaussian_10nm,gaussian,10.0,True,33,0.06732533211296596,0.007308842254159224,False,0.09999999999999999,0.0,True,3.7349827067076426e-22,-9.231253622112557e-19,True,0.1214537539255149,0.02953591545660463,6.225111330931725,
p033,p033_neutral_front,left_cheek,epidermis_0.050mm,thickness,0.05,True,33,0.028505058195922254,-0.0016121087675364694,False,0.09999999999999999,0.004605280874668272,True,0.508920004220887,-0.05178168485383461,False,0.15268748506553115,0.04779406157373764,6.9775118276664125,
p033,p033_neutral_front,left_cheek,epidermis_0.070mm,thickness,0.07,True,33,0.03107295974431842,0.0009557927808596968,False,0.09069881762650021,-0.004695901498831506,False,0.6202070670577913,0.05950537798306965,False,0.1279993501382051,0.0405657765431603,5.958760483817791,
p033,p033_neutral_front,left_cheek,scattering_x0.8,scattering,0.8,True,33,0.02179677846107919,-0.008320388502379532,False,0.08157767175594732,-0.013817047369384397,False,0.5242790453789142,-0.03642264369580739,False,0.15534061104934813,0.04853416728507131,7.087482177479043,
p033,p033_neutral_front,left_cheek,scattering_x1.2,scattering,1.2,True,33,0.03887035343044155,0.008753186466982824,False,0.09999999999999999,0.004605280874668272,True,0.5970745062384901,0.0363728171637685,False,0.12660927283876416,0.04025502521971611,5.913255672070576,
p033,p033_neutral_front,left_cheek,whole_blood_hb_120gL,hb,120.0,True,33,0.03283433628747746,0.002717169324018734,False,0.09999999999999999,0.004605280874668272,True,0.5167305907379846,-0.04397109833673707,False,0.13874633612992923,0.043781612229734576,6.42674604254144,11.999999999999998
p033,p033_neutral_front,left_cheek,whole_blood_hb_180gL,hb,180.0,True,33,0.030098261390599207,-1.8905572859516384e-05,False,0.07952024898797361,-0.015874470137358113,False,0.5624365667954934,0.0017348777207717436,False,0.13800126835374732,0.04337661683309654,6.368872735776725,14.31364481783525
p033,p033_neutral_front,left_cheek,observation_scale_0.95,observation_scale,0.95,True,33,0.03426171008738064,0.004144543123921915,False,0.09999999999999999,0.004605280874668272,True,0.5051033662896508,-0.05559832278507082,False,0.13631860325780074,0.040845893149314014,6.304276181455005,
p033,p033_neutral_front,left_cheek,observation_scale_1.05,observation_scale,1.05,True,33,0.026821492695063624,-0.0032956742683950997,False,0.0881422458766843,-0.0072524732486474175,False,0.6073526600845426,0.04665097100982096,False,0.1398563000920818,0.046182600954751823,6.462696192248063,
p033,p033_neutral_front,left_cheek,observation_tilt_-0.02,observation_tilt,-0.02,True,33,0.02867152053179635,-0.0014456464316623743,False,0.09999999999999999,0.004605280874668272,True,0.5199069622737974,-0.04079472680092422,False,0.13906438831786197,0.04433676325420101,6.540596952851736,
p033,p033_neutral_front,left_cheek,observation_tilt_+0.02,observation_tilt,0.02,True,33,0.03194338455382627,0.0018262175903675446,False,0.08884288256215737,-0.006551836563174346,False,0.5971880977289106,0.03648640865418895,False,0.13718802012495715,0.042651818740130305,6.2274550489989675,
p033,p033_neutral_front,left_cheek,subset_420_680_point,subset_point,0.0,True,33,0.04818143692037299,0.018064269956914264,False,0.04112068605243377,-0.05427403307289795,False,0.5589494496374325,-0.0017522394372890826,False,0.07409540871194237,0.02159901245653499,3.3211736509551333,
p033,p033_neutral_front,left_cheek,subset_420_680_gaussian_5nm,gaussian,5.0,True,33,0.048054254579322546,0.017937087615863823,False,0.04160698899065302,-0.0537877301346787,False,0.571519583025212,0.010817893950490376,False,0.07334845321690057,0.021310289485667294,3.275692278335611,
p033,p033_neutral_front,left_cheek,subset_420_680_gaussian_10nm,gaussian,10.0,True,33,0.04783187103888033,0.017714704075421604,False,0.042624454257499944,-0.052770264867831776,False,0.591512320235821,0.03081063116109939,False,0.0719189880512457,0.02087592255481235,3.206808643329211,
p033,p033_neutral_front,right_cheek,epidermis_0.050mm,thickness,0.05,True,33,0.037102812867982025,0.00020870522544888526,False,0.09999999999999999,0.0,True,0.07531404025561042,-0.03889120028195987,False,0.18393220791329895,0.058081874586951486,9.54060624364836,
p033,p033_neutral_front,right_cheek,epidermis_0.070mm,thickness,0.07,True,33,0.036593829666473045,-0.00030027797606009543,False,0.09999999999999999,0.0,True,0.1674669601053095,0.053261719567739216,False,0.15269076987081462,0.0488549834348794,8.19638631952094,
p033,p033_neutral_front,right_cheek,scattering_x0.8,scattering,0.8,True,33,0.0250997609905358,-0.011794346651997339,False,0.09999999999999999,0.0,True,0.17641793701291983,0.062212696475349535,False,0.18162188608435234,0.057265820834292734,9.433149633754404,
p033,p033_neutral_front,right_cheek,scattering_x1.2,scattering,1.2,True,33,0.04698853961950549,0.010094431976972351,False,0.09999999999999999,0.0,True,0.07870577984612051,-0.03549946069144978,False,0.15485425284491902,0.04950428866495646,8.29932150245165,
p033,p033_neutral_front,right_cheek,whole_blood_hb_120gL,hb,120.0,True,33,0.04058726095500125,0.0036931533124681115,False,0.09999999999999999,0.0,True,0.01164974086605287,-0.10255549967151742,False,0.1712838411344245,0.05409288491626641,8.984436527942869,11.999999999999998
p033,p033_neutral_front,right_cheek,whole_blood_hb_180gL,hb,180.0,True,33,0.03382339506001012,-0.003070712582523019,False,0.09999999999999999,0.0,True,0.19402623016660944,0.07982098962903915,False,0.1618605310686475,0.05147847683452895,8.590645625654306,18.0
p033,p033_neutral_front,right_cheek,observation_scale_0.95,observation_scale,0.95,True,33,0.0421647375716669,0.005270629929133762,False,0.09999999999999999,0.0,True,0.03099764880958772,-0.08320759172798257,False,0.16642117106729679,0.050532331596462546,8.837251791824194,
p033,p033_neutral_front,right_cheek,observation_scale_1.05,observation_scale,1.05,True,33,0.032029366697253585,-0.004864740945279555,False,0.09999999999999999,0.0,True,0.19210577071425494,0.07790053017668465,False,0.16497125555330616,0.054742643495649015,8.701603913951264,
p033,p033_neutral_front,right_cheek,observation_tilt_-0.02,observation_tilt,-0.02,True,33,0.03629860171574886,-0.0005955059267842774,False,0.09999999999999999,0.0,True,0.053982267504074304,-0.06022297303349599,False,0.16911483495901375,0.054621681263904896,9.116968929117458,
p033,p033_neutral_front,right_cheek,observation_tilt_+0.02,observation_tilt,0.02,True,33,0.03752716233055437,0.0006330546880212312,False,0.09999999999999999,0.0,True,0.17439775983317557,0.060192519295605276,False,0.16236461725929854,0.050739469893480826,8.429462440701238,
p033,p033_neutral_front,right_cheek,subset_420_680_point,subset_point,0.0,True,33,0.049893652712455674,0.012999545069922534,False,0.06682608217820182,-0.03317391782179817,False,0.12568281793944117,0.011477577401870873,False,0.09152613421151369,0.02559578611211083,4.399363616994194,
p033,p033_neutral_front,right_cheek,subset_420_680_gaussian_5nm,gaussian,5.0,True,33,0.049881431009228906,0.012987323366695766,False,0.0668865469294698,-0.033113453070530194,False,0.1290134227388211,0.01480818220125081,False,0.0913257399022842,0.025581994225590782,4.396802531733639,
p033,p033_neutral_front,right_cheek,subset_420_680_gaussian_10nm,gaussian,10.0,True,33,0.04983326141723499,0.012939153774701853,False,0.06720939269207597,-0.03279060730792402,False,0.13043388392592561,0.01622864338835532,False,0.09051339319298693,0.025397105344936676,4.369010475987515,
p034,p034_neutral_front,left_cheek,epidermis_0.050mm,thickness,0.05,True,33,0.021689693254875072,-0.00040545326903366347,False,0.05206746787596024,0.0006168111258822648,False,0.839564324386952,-0.05872714018298808,False,0.14111322904438256,0.053702797662792255,6.299828867586761,
p034,p034_neutral_front,left_cheek,epidermis_0.070mm,thickness,0.07,True,33,0.022193538347310002,9.839182340126706e-05,False,0.05107926566133565,-0.0003713910887423247,False,0.9591330502695108,0.060841585699570655,False,0.12254447592154936,0.048931769655446794,5.629928995820971,
p034,p034_neutral_front,left_cheek,scattering_x0.8,scattering,0.8,True,33,0.01648984147287068,-0.005605305051038054,False,0.04224707208310969,-0.009203584666968287,False,0.858188579855858,-0.04010288471408219,False,0.14413482679672995,0.055454282313677945,6.494834120723593,
p034,p034_neutral_front,left_cheek,scattering_x1.2,scattering,1.2,True,33,0.027386546925691563,0.005291400401782827,False,0.05988986353892485,0.008439206788846874,False,0.9488255226156991,0.050534058045758945,False,0.12021429105150523,0.047521907244816274,5.48430581195499,
p034,p034_neutral_front,left_cheek,whole_blood_hb_120gL,hb,120.0,True,33,0.022111867008661135,1.672048475239926e-05,False,0.06431920708874769,0.012868550338669717,False,0.896595830893146,-0.0016956336767941504,False,0.12998113856657303,0.050613184838737196,5.887190370168495,7.718304850649723
p034,p034_neutral_front,left_cheek,whole_blood_hb_180gL,hb,180.0,True,33,0.022084236499479323,-1.0910024429412746e-05,False,0.04287215720810487,-0.008578499541973109,False,0.8994159722383495,0.0011245076684093247,False,0.13004956279026864,0.05073223800480118,5.897944993792866,7.716988297458876
p034,p034_neutral_front,left_cheek,observation_scale_0.95,observation_scale,0.95,True,33,0.025545147282141373,0.003450000758232638,False,0.054867245291076186,0.0034165885409982097,False,0.8381337621797975,-0.06015770239014262,False,0.12658389543994436,0.04586267155606941,5.646481329698267,
p034,p034_neutral_front,left_cheek,observation_scale_1.05,observation_scale,1.05,True,33,0.018813406488011924,-0.0032817400358968116,False,0.04868981750492943,-0.0027608392451485483,False,0.9515662556318932,0.0532747910619531,False,0.13398942590822555,0.056228848916921814,6.178249064441143,
p034,p034_neutral_front,left_cheek,observation_tilt_-0.02,observation_tilt,-0.02,True,33,0.020910070041029283,-0.0011850764828794519,False,0.05334999658162204,0.0018993398315440627,False,0.8532170282385245,-0.04507443633141561,False,0.129304185061443,0.04985526683842176,5.872244431705667,
p034,p034_neutral_front,left_cheek,observation_tilt_+0.02,observation_tilt,0.02,True,33,0.023226812568935384,0.001131666045026649,False,0.04983098199423967,-0.0016196747558383032,False,0.9414202837370312,0.043128819167091104,False,0.13117542730073598,0.051994089598775405,5.953554948919988,
p034,p034_neutral_front,left_cheek,subset_420_680_point,subset_point,0.0,True,33,0.034834585937867216,0.01273943941395848,False,0.027153740974734067,-0.02429691577534391,False,0.9999999999999999,0.10170853543005975,True,0.08430667382484264,0.039512363103867305,4.560135768385556,
p034,p034_neutral_front,left_cheek,subset_420_680_gaussian_5nm,gaussian,5.0,True,33,0.0346375994351329,0.012542452911224165,False,0.027626090495401608,-0.02382456625467637,False,0.9999999999999999,0.10170853543005975,True,0.08320886079960702,0.03897491866535201,4.4892642510829095,
p034,p034_neutral_front,left_cheek,subset_420_680_gaussian_10nm,gaussian,10.0,True,33,0.03423535414048875,0.012140207616580013,False,0.028690840699180122,-0.022759816050897854,False,0.9999999999999999,0.10170853543005975,True,0.08122808528205105,0.03807268816582158,4.371492393660096,
p034,p034_neutral_front,right_cheek,epidermis_0.050mm,thickness,0.05,True,33,0.030485291164237885,-0.0005469339884943102,False,0.09999999999999999,0.0,True,0.16417196094137376,-0.03835878651505939,False,0.18217586482002263,0.06094808904235932,9.463519093331787,
p034,p034_neutral_front,right_cheek,epidermis_0.070mm,thickness,0.07,True,33,0.03126232561152823,0.00023010045879603633,False,0.09999999999999999,0.0,True,0.25316030185615995,0.0506295543997268,False,0.1508565646578345,0.05117262199498715,8.122192909578297,
p034,p034_neutral_front,right_cheek,scattering_x0.8,scattering,0.8,True,33,0.01969510008408543,-0.011337125068646765,False,0.09999999999999999,0.0,True,0.2573336973434116,0.05480294988697845,False,0.17907865101141937,0.05986229938173887,9.318900250385461,
p034,p034_neutral_front,right_cheek,scattering_x1.2,scattering,1.2,True,33,0.04068099260169584,0.009648767448963643,False,0.09999999999999999,0.0,True,0.17188442636739673,-0.03064632108903642,False,0.15386094553659088,0.052071807399689515,8.259058208967195,
p034,p034_neutral_front,right_cheek,whole_blood_hb_120gL,hb,120.0,True,33,0.03470019055585496,0.003667965403122763,False,0.09999999999999999,0.0,True,0.11036706452778018,-0.09216368292865297,False,0.17041457552343928,0.05693376057081997,8.942215605939275,11.999999999999998
p034,p034_neutral_front,right_cheek,whole_blood_hb_180gL,hb,180.0,True,33,0.027979029711064203,-0.003053195441667992,False,0.09999999999999999,0.0,True,0.2742878531127453,0.07175710565631213,False,0.15947590363217803,0.05382954152498914,8.492861551678846,18.0
p034,p034_neutral_front,right_cheek,observation_scale_0.95,observation_scale,0.95,True,33,0.036131034588455464,0.005098809435723269,False,0.09999999999999999,0.0,True,0.12023220523758647,-0.08229854221884668,False,0.1653168996012426,0.05321894447754952,8.798502640690021,
p034,p034_neutral_front,right_cheek,observation_scale_1.05,observation_scale,1.05,True,33,0.026326192901436504,-0.0047060322512956915,False,0.09999999999999999,0.0,True,0.27928960054068,0.07675885308424688,False,0.1627158717045964,0.05719596068274245,8.59750554056325,
p034,p034_neutral_front,right_cheek,observation_tilt_-0.02,observation_tilt,-0.02,True,33,0.030421256963544616,-0.0006109681891875787,False,0.09999999999999999,0.0,True,0.14404783515904485,-0.058482912297388306,False,0.16763344250719714,0.05735271743174143,9.05005387677628,
p034,p034_neutral_front,right_cheek,observation_tilt_+0.02,observation_tilt,0.02,True,33,0.031678646948824156,0.0006464217960919609,False,0.09999999999999999,0.0,True,0.26069219379648617,0.05816144634005302,False,0.16042476580748796,0.05315299352850911,8.350468729672217,
p034,p034_neutral_front,right_cheek,subset_420_680_point,subset_point,0.0,True,33,0.04168571723391128,0.010653492081179088,False,0.07651084270052343,-0.023489157299476565,False,0.28562478046768164,0.08309403301124849,False,0.09736570426616706,0.029389688329309393,4.782952900559398,
p034,p034_neutral_front,right_cheek,subset_420_680_gaussian_5nm,gaussian,5.0,True,33,0.04163952024909046,0.010607295096358268,False,0.07676254374710034,-0.02323745625289965,False,0.2909789941653097,0.08844824670887655,False,0.09719374009275776,0.02940999384494967,4.784427118449828,
p034,p034_neutral_front,right_cheek,subset_420_680_gaussian_10nm,gaussian,10.0,True,33,0.04152801553110985,0.010495790378377657,False,0.07747934812426138,-0.02252065187573861,False,0.29628653760473955,0.0937557901483064,False,0.09638611001202253,0.029263927582765286,4.762481843971605,
p037,p037_neutral_front,left_cheek,epidermis_0.050mm,thickness,0.05,True,33,0.032117828008706904,-0.0013406299257785817,False,0.08952809251996036,0.006255758566442324,False,0.5621251822544634,-0.05315594326560902,False,0.16685039865094925,0.05127168397818818,7.449512949047999,
p037,p037_neutral_front,left_cheek,epidermis_0.070mm,thickness,0.07,True,33,0.0339787043090523,0.000520246374566817,False,0.07847494446797397,-0.004797389485544062,False,0.6798080690607625,0.06452694354069011,False,0.14128386207838073,0.04421744633349278,6.44143331377059,
p037,p037_neutral_front,left_cheek,scattering_x0.8,scattering,0.8,True,33,0.02509355431697068,-0.008364903617514807,False,0.07179680023350613,-0.011475533720011907,False,0.5748405854377783,-0.04044054008229414,False,0.1696132175520084,0.05209920833325842,7.572100978105915,
p037,p037_neutral_front,left_cheek,scattering_x1.2,scattering,1.2,True,33,0.04124978597906056,0.007791328044575073,False,0.09302459114588625,0.009752257192368219,False,0.6725556224885137,0.057274496968441335,False,0.13960567687695166,0.04367223063894125,6.362701730222669,
p037,p037_neutral_front,left_cheek,whole_blood_hb_120gL,hb,120.0,True,33,0.03408400189752227,0.0006255439630367815,False,0.09999999999999999,0.01672766604648196,True,0.6053887798003914,-0.009892345719681006,False,0.1519436653540827,0.04706189119138168,6.862285517653196,11.999999999999998
p037,p037_neutral_front,left_cheek,whole_blood_hb_180gL,hb,180.0,True,33,0.03343876083669124,-1.9697097794244e-05,False,0.0694215007450532,-0.013850833208464836,False,0.6169586505199318,0.0016775249998594033,False,0.15182175613781748,0.047001326475241224,6.853790975009158,12.495870134109575
p037,p037_neutral_front,left_cheek,observation_scale_0.95,observation_scale,0.95,True,33,0.03713390546084367,0.0036754475263581846,False,0.09020296552811591,0.006930631574597876,False,0.5650457526407325,-0.05023537287933988,False,0.14982115426770531,0.04403955838931303,6.754655978862461,
p037,p037_neutral_front,left_cheek,observation_scale_1.05,observation_scale,1.05,True,33,0.030083739789812228,-0.0033747181446732583,False,0.07712547601499493,-0.006146857938523098,False,0.6654768495739631,0.05019572405389072,False,0.1539335981416939,0.050194437544879726,6.972223254378455,
p037,p037_neutral_front,left_cheek,observation_tilt_-0.02,observation_tilt,-0.02,True,33,0.031590493674578196,-0.0018679642599072899,False,0.08978143775073665,0.006509103797218613,False,0.5774550430974841,-0.037826082422588336,False,0.15282671218652416,0.04780732236518355,7.011116361120202,
p037,p037_neutral_front,left_cheek,observation_tilt_+0.02,observation_tilt,0.02,True,33,0.035286798771636506,0.0018283408371510199,False,0.07744302216505589,-0.0058293117884621465,False,0.6555254375663474,0.04024431204627499,False,0.15103634006888778,0.04639570581914861,6.720660132902434,
p037,p037_neutral_front,left_cheek,subset_420_680_point,subset_point,0.0,True,33,0.053118823682564806,0.01966036574807932,False,0.03179373453260816,-0.05147859942090987,False,0.6800094424391055,0.06472831691903314,False,0.08455757565150161,0.02483618948306879,3.7973772740752354,
p037,p037_neutral_front,left_cheek,subset_420_680_gaussian_5nm,gaussian,5.0,True,33,0.05300019095409338,0.019541733019607897,False,0.03222256199480793,-0.051049771958710105,False,0.6943040206170532,0.0790228950969808,False,0.0837832485940214,0.024528386646663767,3.7506435656827843,
p037,p037_neutral_front,left_cheek,subset_420_680_gaussian_10nm,gaussian,10.0,True,33,0.052778217987311256,0.01931976005282577,False,0.03315931243945814,-0.05011302151405989,False,0.7182352863844194,0.10295416086434694,False,0.08221477880502369,0.02402943071948147,3.6740349684147287,
p037,p037_neutral_front,right_cheek,epidermis_0.050mm,thickness,0.05,True,33,0.04402648179713173,0.0010168044819974173,False,0.09999999999999999,0.0,True,4.349359901524906e-16,-0.022922920179068128,True,0.20181360172901364,0.06084110692512254,10.562694808938398,
p037,p037_neutral_front,right_cheek,epidermis_0.070mm,thickness,0.07,True,33,0.04216444956106376,-0.000845227754070553,False,0.09999999999999999,0.0,True,0.07386015157215986,0.050937231393091295,False,0.16819741339284403,0.05135355129506284,9.127840887776118,
p037,p037_neutral_front,right_cheek,scattering_x0.8,scattering,0.8,True,33,0.030674272850629233,-0.012335404464505078,False,0.09999999999999999,0.0,True,0.09397378239337771,0.07105086221430915,False,0.19890644304926283,0.05989215235379012,10.44220535880389,
p037,p037_neutral_front,right_cheek,scattering_x1.2,scattering,1.2,True,33,0.053707048573159506,0.010697371258025196,False,0.09999999999999999,0.0,True,4.958401354837324e-17,-0.022922920179068513,True,0.17049845234911865,0.05206565344095221,9.237519776786138,
p037,p037_neutral_front,right_cheek,whole_blood_hb_120gL,hb,120.0,True,33,0.04705940756844835,0.004049730253314038,False,0.09999999999999999,0.0,True,3.660169260492317e-22,-0.02292292017906856,True,0.18859272872622582,0.05726548122520736,9.9988155535679,11.999999999999998
p037,p037_neutral_front,right_cheek,whole_blood_hb_180gL,hb,180.0,True,33,0.03988204951454812,-0.0031276278005861885,False,0.09999999999999999,0.0,True,0.10733259861439094,0.08440967843532238,False,0.17790994561432724,0.05404564607782688,9.55266016108744,18.0
p037,p037_neutral_front,right_cheek,observation_scale_0.95,observation_scale,0.95,True,33,0.04872651410539007,0.00571683679025576,False,0.09999999999999999,0.0,True,9.60554940881007e-20,-0.02292292017906856,True,0.1831738595882719,0.05340025186623591,9.83959795293676,
p037,p037_neutral_front,right_cheek,observation_scale_1.05,observation_scale,1.05,True,33,0.03795380776198607,-0.00505586955314824,False,0.09999999999999999,0.0,True,0.10146794885738519,0.07854502867831663,False,0.18153158766698071,0.057489143277205224,9.67427937348908,
p037,p037_neutral_front,right_cheek,observation_tilt_-0.02,observation_tilt,-0.02,True,33,0.04257646626339421,-0.0004332110517401011,False,0.09999999999999999,0.0,True,3.014142942750253e-16,-0.02292292017906826,True,0.18620067608966617,0.05754534680504667,10.140015166155532,
p037,p037_neutral_front,right_cheek,observation_tilt_+0.02,observation_tilt,0.02,True,33,0.043623615547234006,0.000613938232099695,False,0.09999999999999999,0.0,True,0.08420074282627905,0.06127782264721049,False,0.17854861821035123,0.053266834742437597,9.369841813656157,
p037,p037_neutral_front,right_cheek,subset_420_680_point,subset_point,0.0,True,33,0.05554080869836919,0.012531131383234882,False,0.0709792168195017,-0.02902078318049829,False,0.060879262234181705,0.03795634205511314,False,0.10433212796647631,0.027944609260511136,5.106467233793684,
p037,p037_neutral_front,right_cheek,subset_420_680_gaussian_5nm,gaussian,5.0,True,33,0.05556931839462147,0.012559641079487156,False,0.07084522969275804,-0.02915477030724195,False,0.06154703189835947,0.03862411171929091,False,0.10416682316190327,0.027934573768124405,5.10574914568926,
p037,p037_neutral_front,right_cheek,subset_420_680_gaussian_10nm,gaussian,10.0,True,33,0.05556956470265037,0.01255988738751606,False,0.07091522699118041,-0.02908477300881958,False,0.05846698240463769,0.035544062225569134,False,0.1033622792156339,0.027737363191521456,5.0759296673593965,
p038,p038_neutral_front,left_cheek,epidermis_0.050mm,thickness,0.05,True,33,0.05804415387005158,0.002160599520677313,False,0.09999999999999999,0.0,True,0.27099185893352645,-0.08600822717398116,False,0.20323324983505411,0.0512795303378468,9.396746078188668,
p038,p038_neutral_front,left_cheek,epidermis_0.070mm,thickness,0.07,True,33,0.05429740038592169,-0.0015861539634525745,False,0.09999999999999999,0.0,True,0.45880880262597395,0.10180871651846635,False,0.17204401225486404,0.044816684613508455,8.254182812864727,
p038,p038_neutral_front,left_cheek,scattering_x0.8,scattering,0.8,True,33,0.04234052299968148,-0.013543031349692786,False,0.09999999999999999,0.0,True,0.3505721754362318,-0.006427910671275794,False,0.20078510103258762,0.05081923020547112,9.317540274281104,
p038,p038_neutral_front,left_cheek,scattering_x1.2,scattering,1.2,True,33,0.06782035714965098,0.011936802800276716,False,0.09999999999999999,0.0,True,0.4033095809259516,0.046309494818443986,False,0.17374055821130155,0.045191145769060165,8.323890804809484,
p038,p038_neutral_front,left_cheek,whole_blood_hb_120gL,hb,120.0,True,33,0.05945069584437156,0.003567141494997289,False,0.09999999999999999,0.0,True,0.2765344064052953,-0.0804656797022123,False,0.1904720507364924,0.04848661445068678,8.92816608850729,11.999999999999998
p038,p038_neutral_front,left_cheek,whole_blood_hb_180gL,hb,180.0,True,33,0.05291970642398038,-0.002963847925393885,False,0.09999999999999999,0.0,True,0.4195216515020038,0.06252156539449621,False,0.18061802537288293,0.04645470207962724,8.555920400591525,18.0
p038,p038_neutral_front,left_cheek,observation_scale_0.95,observation_scale,0.95,True,33,0.06159426341386475,0.005710709064490484,False,0.09999999999999999,0.0,True,0.28955010778556994,-0.06744997832193766,False,0.18377761928329678,0.04478984432690452,8.677892295129189,
p038,p038_neutral_front,left_cheek,observation_scale_1.05,observation_scale,1.05,True,33,0.05060823741305895,-0.005275316936315319,False,0.09999999999999999,0.0,True,0.420128398896603,0.06312831278909536,False,0.18568626871977162,0.04996995600411165,8.768011257569553,
p038,p038_neutral_front,left_cheek,observation_tilt_-0.02,observation_tilt,-0.02,True,33,0.055152389054504154,-0.0007311652948701133,False,0.09999999999999999,0.0,True,0.29458801682782537,-0.062412069279682236,False,0.1875691859883018,0.04871250661272083,9.021882969236396,
p038,p038_neutral_front,left_cheek,observation_tilt_+0.02,observation_tilt,0.02,True,33,0.056652254569219865,0.0007687002198455972,False,0.09999999999999999,0.0,True,0.41818582714612845,0.061185741038620844,False,0.1821140356175506,0.046111799344857436,8.440186272061293,
p038,p038_neutral_front,left_cheek,subset_420_680_point,subset_point,0.0,True,33,0.06785833867575078,0.011974784326376511,False,0.07595288236395326,-0.024047117636046736,False,0.4492103740288308,0.09221028792132319,False,0.10600909561685819,0.02243730788230675,4.41787972810801,
p038,p038_neutral_front,left_cheek,subset_420_680_gaussian_5nm,gaussian,5.0,True,33,0.06771336517928063,0.011829810829906362,False,0.0768186577442681,-0.023181342255731888,False,0.45984094904245626,0.10284086293494865,False,0.10545718332867923,0.022305988975040436,4.390147943477545,
p038,p038_neutral_front,left_cheek,subset_420_680_gaussian_10nm,gaussian,10.0,True,33,0.06736843436422463,0.01148488001485036,False,0.07907487663139486,-0.020925123368605136,False,0.47960981098038186,0.12260972487287425,False,0.10420928014451289,0.022063351654159145,4.338871414654046,
p038,p038_neutral_front,right_cheek,epidermis_0.050mm,thickness,0.05,True,33,0.08040610686553709,0.004598712889193571,False,0.09999999999999999,0.0,True,3.772532377722219e-21,-3.544716847600586e-20,True,0.2804381547855307,0.07200479704026465,15.720580825482541,
p038,p038_neutral_front,right_cheek,epidermis_0.070mm,thickness,0.07,True,33,0.07225135667968142,-0.0035560372966620957,False,0.09999999999999999,0.0,True,5.165658992171064e-21,-3.4054041861557015e-20,True,0.2365963612135164,0.061201951306250654,13.938169989943933,
p038,p038_neutral_front,right_cheek,scattering_x0.8,scattering,0.8,True,33,0.05980378975772689,-0.01600360421861663,False,0.09999999999999999,0.0,True,1.466896761351441e-19,1.0746997528141602e-19,True,0.2707458313787642,0.06936398888279399,15.30990986238505,
p038,p038_neutral_front,right_cheek,scattering_x1.2,scattering,1.2,True,33,0.08990336927649145,0.014095975300147931,False,0.09999999999999999,0.0,True,7.377614095174342e-21,-3.1842086758553737e-20,True,0.24234678859928907,0.06263807658716365,14.20619774182601,
p038,p038_neutral_front,right_cheek,whole_blood_hb_120gL,hb,120.0,True,33,0.08022604326745324,0.004418649291109716,False,0.09999999999999999,0.0,True,5.683428963945487e-22,-3.865135795733353e-20,True,0.2672954347825797,0.06861481038300486,15.218045302168893,11.999999999999998
p038,p038_neutral_front,right_cheek,whole_blood_hb_180gL,hb,180.0,True,33,0.07205315244690445,-0.0037542415294390674,False,0.09999999999999999,0.0,True,5.026028068343842e-20,1.1040579829710344e-20,True,0.2454952900676398,0.0634331660749757,14.316988640806011,18.0
p038,p038_neutral_front,right_cheek,observation_scale_0.95,observation_scale,0.95,True,33,0.0827803832066402,0.006972989230296683,False,0.09999999999999999,0.0,True,1.0771834830150793e-20,-2.8447866023577286e-20,True,0.2577219591251399,0.06368905535720017,14.920071451612886,
p038,p038_neutral_front,right_cheek,observation_scale_1.05,observation_scale,1.05,True,33,0.0693815533634413,-0.006425840612902217,False,0.09999999999999999,0.0,True,5.802984543119049e-20,1.881014457746241e-20,True,0.25299243886817313,0.06793143416594422,14.566967101031313,
p038,p038_neutral_front,right_cheek,observation_tilt_-0.02,observation_tilt,-0.02,True,33,0.07551392647664901,-0.0002934674996945136,False,0.09999999999999999,0.0,True,2.3165254513122944e-20,-1.6054446340605135e-20,True,0.26252314163056695,0.06877528477946064,15.380081376984448,
p038,p038_neutral_front,right_cheek,observation_tilt_+0.02,observation_tilt,0.02,True,33,0.07611749305167062,0.0003100990753270999,False,0.09999999999999999,0.0,True,9.093561325119542e-20,5.171591239746734e-20,True,0.24841370564015314,0.06297111294239913,14.114747322146485,
p038,p038_neutral_front,right_cheek,subset_420_680_point,subset_point,0.0,True,33,0.08414633571125611,0.008338941734912592,False,0.09999999999999999,0.0,True,1.096303176188921e-18,1.0570834753351929e-18,True,0.13827366624836798,0.02952893635773135,6.981874136140975,
p038,p038_neutral_front,right_cheek,subset_420_680_gaussian_5nm,gaussian,5.0,True,33,0.08413091539508401,0.008323521418740487,False,0.09999999999999999,0.0,True,4.965971939639061e-22,-3.872310365976417e-20,True,0.13805090604346779,0.02950184773745362,6.977449821487844,
p038,p038_neutral_front,right_cheek,subset_420_680_gaussian_10nm,gaussian,10.0,True,33,0.08415456723747097,0.008347173261127452,False,0.09999999999999999,0.0,True,8.464729726367896e-20,4.5427596409950886e-20,True,0.13745474250167572,0.029402843121311424,6.954376606307825,
p040,p040_neutral_front,left_cheek,epidermis_0.050mm,thickness,0.05,True,33,0.02192706693815035,-0.0019458287191401503,False,0.09494345167741275,0.002149635018469806,False,0.8044885677676106,-0.06361881613720022,False,0.13775898970555706,0.04699759156673942,6.0347447678737565,
p040,p040_neutral_front,left_cheek,epidermis_0.070mm,thickness,0.07,True,33,0.024865376101232867,0.000992480443942366,False,0.0923567818436637,-0.0004370348152792497,False,0.9336416188242649,0.06553423491945409,False,0.12049269680352086,0.04287267090069061,5.4188104177584755,
p040,p040_neutral_front,left_cheek,scattering_x0.8,scattering,0.8,True,33,0.016537732388564156,-0.0073351632687263454,False,0.07686261458258146,-0.015931202076361478,False,0.8155495192240076,-0.052557864680803146,False,0.1407342411477457,0.04830590569869616,6.197986227067735,
p040,p040_neutral_front,left_cheek,scattering_x1.2,scattering,1.2,True,33,0.03179229083685933,0.007919395179568831,False,0.09999999999999999,0.007206183341057049,True,0.924331220521871,0.05622383661706021,False,0.1187878054086483,0.04241644437904815,5.366350065249774,
p040,p040_neutral_front,left_cheek,whole_blood_hb_120gL,hb,120.0,True,33,0.026102075122894898,0.0022291794656043966,False,0.09999999999999999,0.007206183341057049,True,0.8556620362638119,-0.012445347640998916,False,0.12768116686548261,0.045146778536800714,5.747471740889575,11.999999999999998
p040,p040_neutral_front,left_cheek,whole_blood_hb_180gL,hb,180.0,True,33,0.02386226159726076,-1.0634060029740544e-05,False,0.07731382982594051,-0.015479986833002432,False,0.8696634168980465,0.0015560329932357009,False,0.1271949691825692,0.04439916459192743,5.654984428184998,13.916489368669293
p040,p040_neutral_front,left_cheek,observation_scale_0.95,observation_scale,0.95,True,33,0.027536213627946646,0.003663317970656145,False,0.09878191472791913,0.005988098068976183,False,0.8239818173480904,-0.0441255665567204,False,0.123896516401577,0.04044492580662386,5.445811963142796,
p040,p040_neutral_front,left_cheek,observation_scale_1.05,observation_scale,1.05,True,33,0.020472719257417407,-0.0034001763998730943,False,0.0875809492927984,-0.005212867366144541,False,0.9101231333202471,0.04201574941543629,False,0.13069048530944058,0.04870384855088941,5.880645548678915,
p040,p040_neutral_front,left_cheek,observation_tilt_-0.02,observation_tilt,-0.02,True,33,0.022430286864642122,-0.001442608792648379,False,0.09702015789675127,0.004226341237808323,False,0.8312835621368957,-0.0368238217679151,False,0.12638323541401944,0.043849508305622974,5.653829436433627,
p040,p040_neutral_front,left_cheek,observation_tilt_+0.02,observation_tilt,0.02,True,33,0.025291828426265046,0.001418932768974545,False,0.08895221797043068,-0.0038415986885122627,False,0.9046830187418211,0.03657563483701032,False,0.12820094139736504,0.04517443384824521,5.677223772466865,
p040,p040_neutral_front,left_cheek,subset_420_680_point,subset_point,0.0,True,33,0.03904644512736937,0.01517354947007887,False,0.0475082790729011,-0.04528553758604184,False,0.9576881883951833,0.08958080449037253,False,0.07425192207674268,0.03070748304557007,3.987916496794938,
p040,p040_neutral_front,left_cheek,subset_420_680_gaussian_5nm,gaussian,5.0,True,33,0.038956018438927986,0.015083122781637485,False,0.048050593950484166,-0.04474322270845878,False,0.9655767445027449,0.0974693605979341,False,0.0727890571454909,0.02999710601884392,3.8985957786932586,
p040,p040_neutral_front,left_cheek,subset_420_680_gaussian_10nm,gaussian,10.0,True,33,0.03878415112299159,0.01491125546570109,False,0.049324190459126206,-0.04346962619981674,False,0.9809160474096091,0.11280866350479835,False,0.07032832767808132,0.028874158649338382,3.7628430235078256,
p040,p040_neutral_front,right_cheek,epidermis_0.050mm,thickness,0.05,True,33,0.04302236418662267,0.0007699303967029156,False,0.09999999999999999,0.0,True,0.0742313161487227,-0.047229480259998805,False,0.20111155160719502,0.060891364102438915,10.42784308302492,
p040,p040_neutral_front,right_cheek,epidermis_0.070mm,thickness,0.07,True,33,0.04157250495868168,-0.0006799288312380747,False,0.09999999999999999,0.0,True,0.18507909088745778,0.06361829447873626,False,0.1691762348880971,0.05235007907789472,9.136132854462673,
p040,p040_neutral_front,right_cheek,scattering_x0.8,scattering,0.8,True,33,0.02990043261816976,-0.012352001171749994,False,0.09999999999999999,0.0,True,0.17416411652628652,0.05270332011756501,False,0.19477867232164278,0.05942288314110179,10.193307041311307,
p040,p040_neutral_front,right_cheek,scattering_x1.2,scattering,1.2,True,33,0.0529162918582328,0.010663858068313048,False,0.09999999999999999,0.0,True,0.10014843347306145,-0.021312362935660065,False,0.17390492287867954,0.05344163085157588,9.323807500294564,
p040,p040_neutral_front,right_cheek,whole_blood_hb_120gL,hb,120.0,True,33,0.0459873119124753,0.003734878122555546,False,0.09999999999999999,0.0,True,0.0199982982724942,-0.10146249813622732,False,0.19143395994142146,0.05781813407884827,10.008002534028034,11.999999999999998
p040,p040_neutral_front,right_cheek,whole_blood_hb_180gL,hb,180.0,True,33,0.039145074435990995,-0.0031073593539287583,False,0.09999999999999999,0.0,True,0.20050518300901551,0.079044386600294,False,0.17528931057724328,0.054164311079340235,9.405446489332741,18.0
p040,p040_neutral_front,right_cheek,observation_scale_0.95,observation_scale,0.95,True,33,0.047700407794716425,0.005447974004796671,False,0.09999999999999999,0.0,True,0.04044833476991481,-0.08101246163880671,False,0.18393180688781555,0.053650675594224755,9.776620723921239,
p040,p040_neutral_front,right_cheek,observation_scale_1.05,observation_scale,1.05,True,33,0.037224454686869725,-0.005027979103050029,False,0.09999999999999999,0.0,True,0.1975395672992772,0.0760787708905557,False,0.18073355493455104,0.05795724778992647,9.586506308616839,
p040,p040_neutral_front,right_cheek,observation_tilt_-0.02,observation_tilt,-0.02,True,33,0.04163505265090738,-0.0006173811390123712,False,0.09999999999999999,0.0,True,0.05954237506940701,-0.0619184213393145,False,0.1866089657695477,0.05795657075023655,10.078566346529815,
p040,p040_neutral_front,right_cheek,observation_tilt_+0.02,observation_tilt,0.02,True,33,0.042909242872430337,0.000656809082510583,False,0.09999999999999999,0.0,True,0.18333191157712247,0.061871115168400964,False,0.17816201728608558,0.05374770871240317,9.292188338378066,
p040,p040_neutral_front,right_cheek,subset_420_680_point,subset_point,0.0,True,33,0.04941205709833075,0.007159623308410995,False,0.09999999999999999,0.0,True,0.3055773829587068,0.18411658654998528,False,0.09776516931612564,0.0261957307303985,4.758804575559778,
p040,p040_neutral_front,right_cheek,subset_420_680_gaussian_5nm,gaussian,5.0,True,33,0.04942449473059516,0.0071720609406754066,False,0.09999999999999999,0.0,True,0.309651869949612,0.1881910735408905,False,0.09770458269163841,0.02624038746732432,4.764729709057507,
p040,p040_neutral_front,right_cheek,subset_420_680_gaussian_10nm,gaussian,10.0,True,33,0.04947393724429853,0.007221503454378775,False,0.09999999999999999,0.0,True,0.31225072738240484,0.19078993097368332,False,0.09714688287747984,0.026155407910283614,4.749671364328517,
p041,p041_neutral_front,left_cheek,epidermis_0.050mm,thickness,0.05,True,33,0.04354513443166326,7.334959201531904e-05,False,0.08086803473762727,0.005567641524200528,False,0.7664566805026379,-0.07744048644633228,False,0.16663042656744043,0.04731631159279172,6.925247453487236,
p041,p041_neutral_front,left_cheek,epidermis_0.070mm,thickness,0.07,True,33,0.0429095698337813,-0.0005622150058666384,False,0.07168227455273235,-0.0036181186606943916,False,0.9270865518935226,0.08318938494455241,False,0.1435615496665823,0.043090654955519045,6.207647332729341,
p041,p041_neutral_front,left_cheek,scattering_x0.8,scattering,0.8,True,33,0.03426318803943494,-0.009208596800213,False,0.06580803338406864,-0.009492359829358102,False,0.7781204471437723,-0.06577671980519795,False,0.1698572517868307,0.048445832839348696,7.088646142288144,
p041,p041_neutral_front,left_cheek,scattering_x1.2,scattering,1.2,True,33,0.051998514532268676,0.008526729692620735,False,0.08377787822291874,0.008477485009491997,False,0.9226584144829103,0.07876124753394009,False,0.1414369749516944,0.04221679365686611,6.091110391219257,
p041,p041_neutral_front,left_cheek,whole_blood_hb_120gL,hb,120.0,True,33,0.043493674340328435,2.1889500680494223e-05,False,0.09411630540641626,0.018815912192989517,False,0.8416424285754712,-0.002254738373498988,False,0.15286388278003413,0.044529840436464484,6.474938554030317,11.293956648769951
p041,p041_neutral_front,left_cheek,whole_blood_hb_180gL,hb,180.0,True,33,0.04345753529865595,-1.4249540991988219e-05,False,0.06275288454472262,-0.012547508668704119,False,0.8453933324901962,0.0014961655412260022,False,0.1528887843117377,0.04461546064449956,6.484573168657245,11.295519218050073
p041,p041_neutral_front,left_cheek,observation_scale_0.95,observation_scale,0.95,True,33,0.047768637229327865,0.004296852389679924,False,0.07932112263228974,0.0040207294188630005,False,0.7964501084864352,-0.04744705846253505,False,0.14960171222352037,0.040910234941324626,6.278663207522245,
p041,p041_neutral_front,left_cheek,observation_scale_1.05,observation_scale,1.05,True,33,0.039500235661745715,-0.0039715491779022255,False,0.07170064694469153,-0.0035997462687352155,False,0.8888235479844221,0.04492638103545188,False,0.1562630381609382,0.04859263897836142,6.702719181836392,
p041,p041_neutral_front,left_cheek,observation_tilt_-0.02,observation_tilt,-0.02,True,33,0.041814541377066805,-0.0016572434625811358,False,0.07996168832742764,0.004661295114000902,False,0.8014132081680683,-0.04248395878090194,False,0.15298267026552673,0.044315336254851026,6.519326193024592,
p041,p041_neutral_front,left_cheek,observation_tilt_+0.02,observation_tilt,0.02,True,33,0.04507398001419664,0.0016021951745487026,False,0.07118978665760377,-0.004110606555822974,False,0.8867060455359457,0.04280887858697546,False,0.15300765112757134,0.04516233962151291,6.475754037965617,
p041,p041_neutral_front,left_cheek,subset_420_680_point,subset_point,0.0,True,33,0.061496072146563274,0.018024287306915333,False,0.030997378606906392,-0.04430301460652035,False,0.9950485810968791,0.1511514141479089,True,0.09517696203469309,0.032208019462526744,4.813516439061032,
p041,p041_neutral_front,left_cheek,subset_420_680_gaussian_5nm,gaussian,5.0,True,33,0.061338373296576924,0.017866588456928983,False,0.03151823308990325,-0.04378216012352349,False,0.9999999999999999,0.15610283305102968,True,0.09407799153078285,0.03174599074968597,4.745147426986552,
p041,p041_neutral_front,left_cheek,subset_420_680_gaussian_10nm,gaussian,10.0,True,33,0.06088279075038707,0.01741100591073913,False,0.032868428373699306,-0.042431964839727436,False,0.9999999999999999,0.15610283305102968,True,0.09200217348502014,0.03098155142635288,4.626009176770225,
p041,p041_neutral_front,right_cheek,epidermis_0.050mm,thickness,0.05,True,33,0.06381332896028663,0.003182032884203004,False,0.09999999999999999,0.0,True,9.090170144616629e-22,-2.919324844664393e-20,True,0.22004170771532885,0.05742091594421737,11.305454163655934,
p041,p041_neutral_front,right_cheek,epidermis_0.070mm,thickness,0.07,True,33,0.05826032049229407,-0.0023709755837895558,False,0.09999999999999999,0.0,True,0.0359519945746664,0.0359519945746664,False,0.18446293919408657,0.048664336396917696,9.86292740991318,
p041,p041_neutral_front,right_cheek,scattering_x0.8,scattering,0.8,True,33,0.04651284313937103,-0.0141184529367126,False,0.09999999999999999,0.0,True,0.016240631508444188,0.016240631508444188,False,0.21538469325134194,0.05583139117211211,11.121664970320406,
p041,p041_neutral_front,right_cheek,scattering_x1.2,scattering,1.2,True,33,0.07295980881098298,0.01232851273489935,False,0.09999999999999999,0.0,True,1.5798468012465205e-17,1.57683657470041e-17,True,0.187293506022005,0.049428907865713904,9.992842064782842,
p041,p041_neutral_front,right_cheek,whole_blood_hb_120gL,hb,120.0,True,33,0.06487565517434764,0.004244359098264011,False,0.09999999999999999,0.0,True,2.262419879283305e-16,2.262118856628694e-16,True,0.20689645747926355,0.05420807189795675,10.776501596085783,11.999999999999998
p041,p041_neutral_front,right_cheek,whole_blood_hb_180gL,hb,180.0,True,33,0.05728506729977805,-0.003346228776305575,False,0.09999999999999999,0.0,True,0.0497147649943711,0.0497147649943711,False,0.1935102643113213,0.05080440594648272,10.248539469422312,18.0
p041,p041_neutral_front,right_cheek,observation_scale_0.95,observation_scale,0.95,True,33,0.06698502071502899,0.00635372463894536,False,0.09999999999999999,0.0,True,7.426913404713381e-18,7.396811139252275e-18,True,0.1998098604177837,0.05036846746887083,10.570254518183429,
p041,p041_neutral_front,right_cheek,observation_scale_1.05,observation_scale,1.05,True,33,0.05492368291291865,-0.005707613163164975,False,0.09999999999999999,0.0,True,0.034271865857054586,0.034271865857054586,False,0.19862737181399556,0.05419763066557436,10.408884273669054,
p041,p041_neutral_front,right_cheek,observation_tilt_-0.02,observation_tilt,-0.02,True,33,0.060314363890020775,-0.00031693218606285156,False,0.09999999999999999,0.0,True,6.490207952348024e-20,3.479981406237465e-20,True,0.20373659067929292,0.054419920945288816,10.913004165437979,
p041,p041_neutral_front,right_cheek,observation_tilt_+0.02,observation_tilt,0.02,True,33,0.061085053388412226,0.00045375731232859956,False,0.09999999999999999,0.0,True,0.025364722035085056,0.025364722035085056,False,0.19483200334492015,0.050159751392384655,10.067219236783284,
p041,p041_neutral_front,right_cheek,subset_420_680_point,subset_point,0.0,True,33,0.06801390631789528,0.007382610241811652,False,0.09999999999999999,0.0,True,0.15883049660277082,0.15883049660277082,False,0.1115612974901917,0.026453638530570096,5.649977704820264,
p041,p041_neutral_front,right_cheek,subset_420_680_gaussian_5nm,gaussian,5.0,True,33,0.0680174634004952,0.00738616732441158,False,0.09999999999999999,0.0,True,0.16173975962453063,0.16173975962453063,False,0.11134079258220267,0.02644793785447549,5.647721667430169,
p041,p041_neutral_front,right_cheek,subset_420_680_gaussian_10nm,gaussian,10.0,True,33,0.06805562111194575,0.007424325035862128,False,0.09999999999999999,0.0,True,0.16320732361004817,0.16320732361004817,False,0.1106280236299917,0.0263354059657041,5.624240977094813,
p042,p042_neutral_front,left_cheek,epidermis_0.050mm,thickness,0.05,True,33,0.03164323194142496,-0.00024066864222269807,False,0.06266955327537196,0.003368266885341281,False,0.6153803976963135,-0.06180926533625375,False,0.13049680425020255,0.04376152111573525,5.902685074734799,
p042,p042_neutral_front,left_cheek,epidermis_0.070mm,thickness,0.07,True,33,0.03171301235930574,-0.00017088822434192102,False,0.05679877048292731,-0.0025025159071033753,False,0.7491224846867202,0.07193282165415293,False,0.1111443397691594,0.039197447240293413,5.214295361658583,
p042,p042_neutral_front,left_cheek,scattering_x0.8,scattering,0.8,True,33,0.024686600253728836,-0.007197300329918822,False,0.05066044464406638,-0.0086408417459643,False,0.6326671474135055,-0.04452251561906173,False,0.1331653757986918,0.044851000659889916,6.049399213366377,
p042,p042_neutral_front,left_cheek,scattering_x1.2,scattering,1.2,True,33,0.03858107020116068,0.006697169617513023,False,0.06687663488150083,0.007575348491470152,False,0.7393668604981116,0.0621771974655444,False,0.10939668396788287,0.03836920115412006,5.112241929395797,
p042,p042_neutral_front,left_cheek,whole_blood_hb_120gL,hb,120.0,True,33,0.03190222407697534,1.8323493327684903e-05,False,0.07412914369006449,0.014827857300033803,False,0.6752259248044622,-0.0019637382281050275,False,0.11857220013146398,0.04071146576945807,5.4659395875952965,8.895497242807739
p042,p042_neutral_front,left_cheek,whole_blood_hb_180gL,hb,180.0,True,33,0.03187189758476548,-1.200299888217543e-05,False,0.049415875844037865,-0.009885410545992818,False,0.6784926884521251,0.0013030254195578461,False,0.118582825745133,0.04076894038319762,5.47189792812758,8.894857651926817
p042,p042_neutral_front,left_cheek,observation_scale_0.95,observation_scale,0.95,True,33,0.035612831379743054,0.0037289307960953963,False,0.06340369176720871,0.004102405377178028,False,0.6152247146220247,-0.061964948410542564,False,0.11597426714575124,0.037364653736843216,5.295295538488591,
p042,p042_neutral_front,left_cheek,observation_scale_1.05,observation_scale,1.05,True,33,0.028425892516707456,-0.003458008066940202,False,0.055708613079503394,-0.003592673310527289,False,0.7363702316015166,0.05918056856894938,False,0.12150288780487595,0.044596909057378065,5.6760626034625306,
p042,p042_neutral_front,left_cheek,observation_tilt_-0.02,observation_tilt,-0.02,True,33,0.030460423297201222,-0.0014234772864464354,False,0.06246097095384902,0.003159684563818335,False,0.6291981202948654,-0.04799154273770179,False,0.11862999328154014,0.04050036682964231,5.492858555572606,
p042,p042_neutral_front,left_cheek,observation_tilt_+0.02,observation_tilt,0.02,True,33,0.0332735623156208,0.0013896617319731422,False,0.05646787328974469,-0.0028334131002859947,False,0.7257926708679707,0.0486030078354035,False,0.1188965120702005,0.041376926408281826,5.4840420617880445,
p042,p042_neutral_front,left_cheek,subset_420_680_point,subset_point,0.0,True,33,0.044903951115507414,0.013020050531859756,False,0.03161770416200368,-0.027683582228027005,False,0.7473690483551507,0.0701793853225835,False,0.06966829830990692,0.028352958580457725,3.902935385746928,
p042,p042_neutral_front,left_cheek,subset_420_680_gaussian_5nm,gaussian,5.0,True,33,0.04479078290806095,0.01290688232441329,False,0.032038703391686706,-0.027262582998343977,False,0.7608022344223756,0.08361257138980838,False,0.06870400845520674,0.027884387354295156,3.84294408049617,
p042,p042_neutral_front,left_cheek,subset_420_680_gaussian_10nm,gaussian,10.0,True,33,0.044614206636142094,0.012730306052494436,False,0.03290151183629599,-0.02639977455373469,False,0.7847321181575819,0.1075424551250147,False,0.06722334380544495,0.027210855478934308,3.758381231702281,
p042,p042_neutral_front,right_cheek,epidermis_0.050mm,thickness,0.05,True,33,0.03682367284826612,0.0001413125117541228,False,0.09999999999999999,0.0,True,0.18580925079489966,-0.05083514289221794,False,0.1603645433248842,0.050328510677876394,8.117726870270355,
p042,p042_neutral_front,right_cheek,epidermis_0.070mm,thickness,0.07,True,33,0.03645472662158044,-0.00022763371493155632,False,0.09999999999999999,0.0,True,0.30129886763722624,0.06465447395010865,False,0.13198592191929892,0.04184177427588098,6.896012399545064,
p042,p042_neutral_front,right_cheek,scattering_x0.8,scattering,0.8,True,33,0.024967899195422215,-0.011714461141089781,False,0.09999999999999999,0.0,True,0.27822226344990164,0.04157786976278405,False,0.16015935284745128,0.050024982557671814,8.093801306715878,
p042,p042_neutral_front,right_cheek,scattering_x1.2,scattering,1.2,True,33,0.046732083510888006,0.01004972317437601,False,0.09999999999999999,0.0,True,0.2232111962875086,-0.013433197399608993,False,0.1328741671114285,0.042180972126085986,6.947179995197585,
p042,p042_neutral_front,right_cheek,whole_blood_hb_120gL,hb,120.0,True,33,0.040276770481636096,0.0035944101451240995,False,0.09999999999999999,0.0,True,0.14403656255208758,-0.09260783113503002,False,0.14728929997791415,0.046222622314847785,7.543105021075604,11.999999999999998
p042,p042_neutral_front,right_cheek,whole_blood_hb_180gL,hb,180.0,True,33,0.03369800238243244,-0.0029843579540795584,False,0.09999999999999999,0.0,True,0.3086036758254556,0.07195928213833802,False,0.14167658687515544,0.04459384148159888,7.3101286446082225,18.0
p042,p042_neutral_front,right_cheek,observation_scale_0.95,observation_scale,0.95,True,33,0.04186922227033369,0.0051868619338216945,False,0.09999999999999999,0.0,True,0.15633619471507187,-0.08030819897204572,False,0.14387508664633583,0.04346198929249582,7.462986871324403,
p042,p042_neutral_front,right_cheek,observation_scale_1.05,observation_scale,1.05,True,33,0.0318928353549467,-0.004789524981565298,False,0.09999999999999999,0.0,True,0.3112586555648042,0.0746142618776866,False,0.14338159801000758,0.047099559999220865,7.358302347902301,
p042,p042_neutral_front,right_cheek,observation_tilt_-0.02,observation_tilt,-0.02,True,33,0.036044191384210174,-0.0006381689523018222,False,0.09999999999999999,0.0,True,0.17635914624984866,-0.06028524743726893,False,0.1464568210411993,0.04685752175708733,7.683517469852343,
p042,p042_neutral_front,right_cheek,observation_tilt_+0.02,observation_tilt,0.02,True,33,0.03735656539425348,0.0006742050577414824,False,0.09999999999999999,0.0,True,0.2962993360006105,0.05965494231349289,False,0.1408559673864418,0.04377518967567289,7.143792846581098,
p042,p042_neutral_front,right_cheek,subset_420_680_point,subset_point,0.0,True,33,0.051243773051977165,0.014561412715465169,False,0.05677980949153222,-0.04322019050846777,False,0.18964421770171705,-0.047000175985400544,False,0.07996433055522269,0.024875744521898,4.2019289753944085,
p042,p042_neutral_front,right_cheek,subset_420_680_gaussian_5nm,gaussian,5.0,True,33,0.05120654164796208,0.014524181311450085,False,0.056905391413043495,-0.0430946085869565,False,0.19265289977687988,-0.04399149391023771,False,0.07977045121579619,0.024858624873071316,4.199568768475315,
p042,p042_neutral_front,right_cheek,subset_420_680_gaussian_10nm,gaussian,10.0,True,33,0.05114036128230892,0.014458000945796926,False,0.0572342234935824,-0.042765776506417594,False,0.19254691849771705,-0.04409747518940055,False,0.07916653497879056,0.024734216135404483,4.184437198636369,
p043,p043_neutral_front,left_cheek,epidermis_0.050mm,thickness,0.05,True,33,0.04194993821280609,0.0002224323134006681,False,0.06845006725181792,0.005643924470601011,False,0.5668237633514404,-0.06559479824257941,False,0.14260214617417083,0.041862092502242265,6.204529103943797,
p043,p043_neutral_front,left_cheek,epidermis_0.070mm,thickness,0.07,True,33,0.0411336792886967,-0.0005938266107087253,False,0.05851186078169821,-0.004294281999518694,False,0.7124421289570368,0.08002356736301708,False,0.12007085262022955,0.036451048532378696,5.382162626534984,
p043,p043_neutral_front,left_cheek,scattering_x0.8,scattering,0.8,True,33,0.03311559457731496,-0.008611911322090465,False,0.055385687624915816,-0.0074204551563010895,False,0.5830909638467421,-0.049327597747277685,False,0.14522103048651205,0.04264045074667568,6.3232068914805595,
p043,p043_neutral_front,left_cheek,scattering_x1.2,scattering,1.2,True,33,0.04973738005329549,0.008009874153890068,False,0.06876433529689457,0.005958192515677668,False,0.7034466858293464,0.07102812423532667,False,0.11848177234800693,0.035882912415721877,5.302490790258461,
p043,p043_neutral_front,left_cheek,whole_blood_hb_120gL,hb,120.0,True,33,0.041752648953019146,2.5143053613722877e-05,False,0.0784732648798814,0.0156671220986645,False,0.6301788509447203,-0.002239710649299509,False,0.12900123489294288,0.038396040888021524,5.697414817910448,9.416791785585769
p043,p043_neutral_front,left_cheek,whole_blood_hb_180gL,hb,180.0,True,33,0.041710970218497095,-1.65356809083278e-05,False,0.05235293375954539,-0.010453209021671517,False,0.6339060218952515,0.0014874603012317023,False,0.1289554632234852,0.03840749560184037,5.698576455701424,9.42352807671817
p043,p043_neutral_front,left_cheek,observation_scale_0.95,observation_scale,0.95,True,33,0.04578109155810719,0.004053585658701765,False,0.06693460927581027,0.004128466494593364,False,0.5719856654905083,-0.060432896103511435,False,0.12687346266956617,0.03574838262977746,5.585439721634592,
p043,p043_neutral_front,left_cheek,observation_scale_1.05,observation_scale,1.05,True,33,0.03798993824607644,-0.0037375676533289853,False,0.05911042022452609,-0.003695722556690817,False,0.690919403526803,0.058500841932783265,False,0.13125632010177085,0.041389039398138025,5.8392991262194185,
p043,p043_neutral_front,left_cheek,observation_tilt_-0.02,observation_tilt,-0.02,True,33,0.04010257122398066,-0.0016249346754247662,False,0.06693560346815013,0.00412946068693322,False,0.5844293033756458,-0.047989258218373965,False,0.12985095692348606,0.03882829825855684,5.804887290863613,
p043,p043_neutral_front,left_cheek,observation_tilt_+0.02,observation_tilt,0.02,True,33,0.043312777718592745,0.0015852718191873214,False,0.059113052262554845,-0.003693090518662061,False,0.6820918481339378,0.04967328653991798,False,0.12837776856036517,0.038284888661802005,5.626419826806871,
p043,p043_neutral_front,left_cheek,subset_420_680_point,subset_point,0.0,True,33,0.056776469182388586,0.015048963282983163,False,0.02988263956766073,-0.03292350321355618,False,0.7147066241985444,0.08228806260452459,False,0.06944997641914616,0.023400764568448994,3.5938784290931114,
p043,p043_neutral_front,left_cheek,subset_420_680_gaussian_5nm,gaussian,5.0,True,33,0.05667256988576317,0.014945063986357747,False,0.030267163376560435,-0.03253897940465647,False,0.7284767691026626,0.0960582075086428,False,0.06863975697290185,0.023044839882371552,3.5427735388623582,
p043,p043_neutral_front,left_cheek,subset_420_680_gaussian_10nm,gaussian,10.0,True,33,0.056501717200468586,0.014774211301063163,False,0.031071595779008393,-0.03173454700220851,False,0.7525545086200903,0.12013594702607056,False,0.06729179303258757,0.02253461868293923,3.4701165801771277,
p043,p043_neutral_front,right_cheek,epidermis_0.050mm,thickness,0.05,True,33,0.03861656504330214,-0.000722738985187793,False,0.08232701138182125,0.007397205887411454,False,0.44697803461282387,-0.04910497368620592,False,0.15905518852035164,0.04906197865561946,7.476828087541806,
p043,p043_neutral_front,right_cheek,epidermis_0.070mm,thickness,0.07,True,33,0.039394798673609455,5.5494645119523456e-05,False,0.06909725015518942,-0.005832555339220377,False,0.5615116868872303,0.0654286785882005,False,0.1347608882122937,0.04225552372227427,6.495489067978782,
p043,p043_neutral_front,right_cheek,scattering_x0.8,scattering,0.8,True,33,0.03042762502590771,-0.008911679002582221,False,0.06615320102052996,-0.008776604473879832,False,0.46086921658824415,-0.03521379171078565,False,0.1614005560158103,0.049596203049794736,7.560338914685333,
p043,p043_neutral_front,right_cheek,scattering_x1.2,scattering,1.2,True,33,0.04763140650005063,0.008292102471560696,False,0.08176027401673563,0.0068304685223258416,False,0.5527457513985671,0.05666274309953728,False,0.13348194837730118,0.04194725268874399,6.447727201768045,
p043,p043_neutral_front,right_cheek,whole_blood_hb_120gL,hb,120.0,True,33,0.03937484696255965,3.5542934069716925e-05,False,0.09356484637078986,0.01863504087638007,False,0.4934609171228044,-0.002622091176225416,False,0.144717447842923,0.04496485569347345,6.899176787780878,11.227781564494784
p043,p043_neutral_front,right_cheek,whole_blood_hb_180gL,hb,180.0,True,33,0.039315863615315645,-2.3440413174286023e-05,False,0.06248381088478386,-0.012445994609625935,False,0.49782527191406345,0.0017422636150336568,False,0.14458883179345997,0.04491750212377044,6.893002464113995,11.247085959261094
p043,p043_neutral_front,right_cheek,observation_scale_0.95,observation_scale,0.95,True,33,0.04322015778801803,0.0038808537595280967,False,0.08085498138501285,0.005925175890603054,False,0.4415815553254164,-0.05450145297361342,False,0.1434496911045864,0.04261743362715192,6.8712737612865915,
p043,p043_neutral_front,right_cheek,observation_scale_1.05,observation_scale,1.05,True,33,0.035771022241502234,-0.0035682817869876968,False,0.06965310258652181,-0.005276702907887981,False,0.5502882340449549,0.05420522574592507,False,0.14591794906438982,0.047417541286271216,6.938947479843692,
p043,p043_neutral_front,right_cheek,observation_tilt_-0.02,observation_tilt,-0.02,True,33,0.03748034186506021,-0.0018589621634297199,False,0.08093900941947405,0.006009203925064252,False,0.4562172584252635,-0.03986574987376629,False,0.14623074249964024,0.04597824529730902,7.087154481532101,
p043,p043_neutral_front,right_cheek,observation_tilt_+0.02,observation_tilt,0.02,True,33,0.041156028389905765,0.0018167243614158335,False,0.0695606763573713,-0.005369129137038492,False,0.5389580100593829,0.04287500176035314,False,0.14320773858594885,0.04404525811253906,6.724096915582031,
p043,p043_neutral_front,right_cheek,subset_420_680_point,subset_point,0.0,True,33,0.05759541265074991,0.01825610862225998,False,0.03053898383043407,-0.04439082166397572,False,0.5083927944342336,0.012309786135203782,False,0.07099924794090298,0.02301051219567539,3.6993644270771116,
p043,p043_neutral_front,right_cheek,subset_420_680_gaussian_5nm,gaussian,5.0,True,33,0.05750643277758872,0.018167128749098788,False,0.030829234885667092,-0.0441005706087427,False,0.5207038370211196,0.02462082872208976,False,0.07069098020080555,0.0229316411933442,3.6844970092424814,
p043,p043_neutral_front,right_cheek,subset_420_680_gaussian_10nm,gaussian,10.0,True,33,0.05734965946969486,0.018010355441204925,False,0.03144972391466818,-0.04348008157974161,False,0.5389201713720106,0.042837163072980855,False,0.0700731395699627,0.022824332556855693,3.664417746243923,
p044,p044_neutral_front,left_cheek,epidermis_0.050mm,thickness,0.05,True,33,0.07221681361998526,0.0034961683919817743,False,0.09999999999999999,0.0,True,0.1985877956472425,-0.10699474273677778,False,0.18271510206668526,0.04108856892900053,8.282317127974238,
p044,p044_neutral_front,left_cheek,epidermis_0.070mm,thickness,0.07,True,33,0.06628236314610407,-0.0024382820818994178,False,0.09999999999999999,0.0,True,0.43353383341187296,0.12795129502785269,False,0.1527620825511203,0.03579735732487486,7.252824408457521,
p044,p044_neutral_front,left_cheek,scattering_x0.8,scattering,0.8,True,33,0.053949367671073764,-0.014771277556929724,False,0.09999999999999999,0.0,True,0.2841399155810707,-0.021442622802949562,False,0.179092523977283,0.0405254923776537,8.173371065406045,
p044,p044_neutral_front,left_cheek,scattering_x1.2,scattering,1.2,True,33,0.08197721528861389,0.013256570060610401,False,0.09999999999999999,0.0,True,0.37830292247610126,0.07272038409208098,False,0.15516335239105059,0.03625470692599103,7.3463584865326705,
p044,p044_neutral_front,left_cheek,whole_blood_hb_120gL,hb,120.0,True,33,0.07226109314420927,0.00354044791620578,False,0.09999999999999999,0.0,True,0.21629273276600802,-0.08928980561801225,False,0.17123076095100684,0.03891313248220575,7.886643372489597,11.999999999999998
p044,p044_neutral_front,left_cheek,whole_blood_hb_180gL,hb,180.0,True,33,0.06579041424208644,-0.0029302309859170483,False,0.09999999999999999,0.0,True,0.37505687811416183,0.06947433973014155,False,0.1596707929320377,0.03689959456562762,7.479639739546299,18.0
p044,p044_neutral_front,left_cheek,observation_scale_0.95,observation_scale,0.95,True,33,0.07479395496691957,0.00607330973891608,False,0.09999999999999999,0.0,True,0.24096481400464165,-0.06461772437937863,False,0.1637653897258478,0.03576235799826406,7.626559398565974,
p044,p044_neutral_front,left_cheek,observation_scale_1.05,observation_scale,1.05,True,33,0.06311343590348113,-0.005607209324522355,False,0.09999999999999999,0.0,True,0.3666404558675701,0.06105791748354983,False,0.16530243398628602,0.0398446506373486,7.694174435437982,
p044,p044_neutral_front,left_cheek,observation_tilt_-0.02,observation_tilt,-0.02,True,33,0.06796074820839454,-0.0007598970196089488,False,0.09999999999999999,0.0,True,0.23816146822480375,-0.06742107015921653,False,0.16779302375279095,0.03890036818943652,7.933877107161189,
p044,p044_neutral_front,left_cheek,observation_tilt_+0.02,observation_tilt,0.02,True,33,0.0695220405797362,0.0008013953517327088,False,0.09999999999999999,0.0,True,0.37170614915847977,0.0661236107744595,False,0.1615110170493664,0.03676935200173567,7.402359576671522,
p044,p044_neutral_front,left_cheek,subset_420_680_point,subset_point,0.0,True,33,0.07568166293647087,0.006961017708467382,False,0.09999999999999999,0.0,True,0.45906873971273027,0.15348620132871,False,0.08809568947364842,0.018844370163990695,4.079101667660941,
p044,p044_neutral_front,left_cheek,subset_420_680_gaussian_5nm,gaussian,5.0,True,33,0.07571527142683503,0.006994626198831538,False,0.09999999999999999,0.0,True,0.4650769034256068,0.15949436504158654,False,0.08755072845827662,0.01870519056661282,4.048393387374959,
p044,p044_neutral_front,left_cheek,subset_420_680_gaussian_10nm,gaussian,10.0,True,33,0.07582274297953642,0.007102097751532935,False,0.09999999999999999,0.0,True,0.47349359943475705,0.16791106105073678,False,0.08664817849186629,0.01852105777521463,4.007585088585776,
p044,p044_neutral_front,right_cheek,epidermis_0.050mm,thickness,0.05,True,33,0.10929670580003925,0.0072295278971045845,False,0.09999999999999999,0.0,True,7.846902670033135e-20,-2.186726197661189e-19,True,0.28672946679664313,0.061921715255199385,15.784285687683672,
p044,p044_neutral_front,right_cheek,epidermis_0.070mm,thickness,0.07,True,33,0.09661069297286452,-0.0054564849300701435,False,0.09999999999999999,0.0,True,5.471215912674445e-19,2.4997994480099424e-19,True,0.2382435261195133,0.05086671644115724,13.760023916190319,
p044,p044_neutral_front,right_cheek,scattering_x0.8,scattering,0.8,True,33,0.08323963598663543,-0.018827541916299234,False,0.09999999999999999,0.0,True,4.202149932987012e-20,-2.5512014713658013e-19,True,0.2754992676487824,0.05962516006043232,15.338215320455689,
p044,p044_neutral_front,right_cheek,scattering_x1.2,scattering,1.2,True,33,0.11887302967742046,0.01680585177448579,False,0.09999999999999999,0.0,True,4.0003556106761605e-21,-2.931412908557741e-19,True,0.24427835665632186,0.051985660173106865,14.020454525590702,
p044,p044_neutral_front,right_cheek,whole_blood_hb_120gL,hb,120.0,True,33,0.10663815833270647,0.004570980429771804,False,0.09999999999999999,0.0,True,2.9525050357931054e-20,-2.676165961085192e-19,True,0.2720709188517569,0.05802190211076378,15.181268764794876,11.999999999999998
p044,p044_neutral_front,right_cheek,whole_blood_hb_180gL,hb,180.0,True,33,0.09817934188637262,-0.003887836016562049,False,0.09999999999999999,0.0,True,2.30558601516364e-21,-2.948360604512866e-19,True,0.24783104557690466,0.053421242170938354,14.221111890881435,18.0
p044,p044_neutral_front,right_cheek,observation_scale_0.95,observation_scale,0.95,True,33,0.10993941923018782,0.007872241327253157,False,0.09999999999999999,0.0,True,3.2176755538676287e-20,-2.6496489092777396e-19,True,0.2608342186945151,0.05357342958032462,14.826735022687703,
p044,p044_neutral_front,right_cheek,observation_scale_1.05,observation_scale,1.05,True,33,0.09481965493876288,-0.00724752296417179,False,0.09999999999999999,0.0,True,1.8961998329565193e-20,-2.7817964813688506e-19,True,0.25680171010928615,0.05747770531135861,14.51600655813369,
p044,p044_neutral_front,right_cheek,observation_tilt_-0.02,observation_tilt,-0.02,True,33,0.10183763691541439,-0.0002295409875202742,False,0.09999999999999999,0.0,True,9.63056176347175e-20,-2.0083602883173275e-19,True,0.26730732226647264,0.058174087400161625,15.349525306711483,
p044,p044_neutral_front,right_cheek,observation_tilt_+0.02,observation_tilt,0.02,True,33,0.10231560720476095,0.00024842930182628065,False,0.09999999999999999,0.0,True,2.6452046781631204e-21,-2.9449644178828713e-19,True,0.25071260242492727,0.05303107146602987,14.012169634535722,
p044,p044_neutral_front,right_cheek,subset_420_680_point,subset_point,0.0,True,33,0.11038472733949704,0.008317549436562377,False,0.09999999999999999,0.0,True,6.351192792833034e-21,-2.907904536736172e-19,True,0.14338687523466087,0.02710041602200313,7.508370459847127,
p044,p044_neutral_front,right_cheek,subset_420_680_gaussian_5nm,gaussian,5.0,True,33,0.11036386819664358,0.008296690293708914,False,0.09999999999999999,0.0,True,6.882145482521203e-18,6.5850038360547524e-18,True,0.1432356084042932,0.027089988163926052,7.506782660716156,
p044,p044_neutral_front,right_cheek,subset_420_680_gaussian_10nm,gaussian,10.0,True,33,0.11038984608829051,0.008322668185355847,False,0.09999999999999999,0.0,True,9.395510098646795e-21,-2.8774613636780346e-19,True,0.1430462854279898,0.02706390879951227,7.501007254722227,
p045,p045_neutral_front,left_cheek,epidermis_0.050mm,thickness,0.05,True,33,0.04961171685073223,0.001236398484583144,False,0.09999999999999999,0.0,True,0.45845165328488136,-0.08584349604289576,False,0.17061955063497317,0.04445208051837303,7.502640793750301,
p045,p045_neutral_front,left_cheek,epidermis_0.070mm,thickness,0.07,True,33,0.047430256760156754,-0.0009450616059923297,False,0.09999999999999999,0.0,True,0.6397403332281616,0.09544518390038448,False,0.14110440993591677,0.03794917787760239,6.426697457149365,
p045,p045_neutral_front,left_cheek,scattering_x0.8,scattering,0.8,True,33,0.03554480054192312,-0.012830517824225965,False,0.09999999999999999,0.0,True,0.5205475477420055,-0.023747601585771605,False,0.17001223572495855,0.04434283198075213,7.487792785489213,
p045,p045_neutral_front,left_cheek,scattering_x1.2,scattering,1.2,True,33,0.059626362180809626,0.011251043814660543,False,0.09999999999999999,0.0,True,0.6007224867731541,0.05642733744537698,False,0.1419637697081736,0.038184347984403816,6.466893992281867,
p045,p045_neutral_front,left_cheek,whole_blood_hb_120gL,hb,120.0,True,33,0.05183697379348948,0.0034616554273403932,False,0.09999999999999999,0.0,True,0.4858299522757899,-0.05846519705198722,False,0.1576013876889352,0.041479134765780606,7.031198057842164,11.999999999999998
p045,p045_neutral_front,left_cheek,whole_blood_hb_180gL,hb,180.0,True,33,0.045498216810006376,-0.0028771015561427082,False,0.09999999999999999,0.0,True,0.590061644252061,0.04576649492428386,False,0.1503956710350628,0.03977615219801705,6.742168732603961,18.0
p045,p045_neutral_front,left_cheek,observation_scale_0.95,observation_scale,0.95,True,33,0.05379488600515299,0.0054195676390039055,False,0.09999999999999999,0.0,True,0.4820803311965735,-0.06221481813120361,False,0.15172684880385331,0.03808448469308364,6.791555464828982,
p045,p045_neutral_front,left_cheek,observation_scale_1.05,observation_scale,1.05,True,33,0.043367410443303805,-0.005007907922845278,False,0.09999999999999999,0.0,True,0.6018992816804972,0.057604132352720105,False,0.15459350972816732,0.043002760423417524,6.943815046181124,
p045,p045_neutral_front,left_cheek,observation_tilt_-0.02,observation_tilt,-0.02,True,33,0.047607547045848776,-0.0007677713203003075,False,0.09999999999999999,0.0,True,0.4875695898876667,-0.05672555944011043,False,0.15522101511784325,0.04141609664530588,7.064348519598234,
p045,p045_neutral_front,left_cheek,observation_tilt_+0.02,observation_tilt,0.02,True,33,0.049174652822791654,0.0007993344566425697,False,0.09999999999999999,0.0,True,0.5991931595742014,0.05489801024642427,False,0.1512774265401152,0.03972301665117378,6.686057369317465,
p045,p045_neutral_front,left_cheek,subset_420_680_point,subset_point,0.0,True,33,0.06144179709094325,0.013066478724794169,False,0.06436781467272938,-0.03563218532727061,False,0.5938940953398478,0.04959894601207071,False,0.09583507111922925,0.023531380041738617,4.2209920014204085,
p045,p045_neutral_front,left_cheek,subset_420_680_gaussian_5nm,gaussian,5.0,True,33,0.06128643827292582,0.012911119906776736,False,0.06520079355648394,-0.034799206443516056,False,0.6043987999717362,0.06010365064395906,False,0.09509857289848976,0.023301673742923166,4.179224832933105,
p045,p045_neutral_front,left_cheek,subset_420_680_gaussian_10nm,gaussian,10.0,True,33,0.06095701214198628,0.012581693775837198,False,0.06719716643368119,-0.0328028335663188,False,0.6232600200375304,0.07896487070975333,False,0.09354444507894479,0.02292024515584427,4.109200743800254,
p045,p045_neutral_front,right_cheek,epidermis_0.050mm,thickness,0.05,True,33,0.06514575554846036,0.0029225631736329444,False,0.09999999999999999,0.0,True,0.07480631160352738,-0.08384405036484294,False,0.21747959098391734,0.05422546183887983,10.678195621224344,
p045,p045_neutral_front,right_cheek,epidermis_0.070mm,thickness,0.07,True,33,0.06012391974636148,-0.0020992726284659383,False,0.09999999999999999,0.0,True,0.2658357804447973,0.10718541847642696,False,0.1848443024674686,0.04744164203341232,9.451537267854608,
p045,p045_neutral_front,right_cheek,scattering_x0.8,scattering,0.8,True,33,0.04804552752350074,-0.014177664851326675,False,0.09999999999999999,0.0,True,0.1735060980800165,0.014855736111646173,False,0.21295903115547085,0.05344920799967117,10.533269849858739,
p045,p045_neutral_front,right_cheek,scattering_x1.2,scattering,1.2,True,33,0.07478950773527603,0.01256631536044861,False,0.09999999999999999,0.0,True,0.1917074255802006,0.03305706361183028,False,0.18771621568729663,0.04798358756888325,9.559907748198864,
p045,p045_neutral_front,right_cheek,whole_blood_hb_120gL,hb,120.0,True,33,0.06590131496534755,0.0036781225905201387,False,0.09999999999999999,0.0,True,0.055454075213971964,-0.10319628675439835,False,0.2054200342743325,0.05141478615907299,10.204805218001656,11.999999999999998
p045,p045_neutral_front,right_cheek,whole_blood_hb_180gL,hb,180.0,True,33,0.059170533945904664,-0.0030526584289227512,False,0.09999999999999999,0.0,True,0.2386750191785795,0.08002465721020918,False,0.19254377807141093,0.049110898026445124,9.759473465157395,18.0
p045,p045_neutral_front,right_cheek,observation_scale_0.95,observation_scale,0.95,True,33,0.06818628668520128,0.005963094310373868,False,0.09999999999999999,0.0,True,0.08486880980659314,-0.07378155216177718,False,0.19807212755094297,0.047790818503507214,9.98316513912005,
p045,p045_neutral_front,right_cheek,observation_scale_1.05,observation_scale,1.05,True,33,0.05671699524397555,-0.005506197130851868,False,0.09999999999999999,0.0,True,0.22813184557847557,0.06948148361010525,False,0.19812526964408736,0.05250280689372429,9.939504118875135,
p045,p045_neutral_front,right_cheek,observation_tilt_-0.02,observation_tilt,-0.02,True,33,0.061527959538131824,-0.0006952328366955918,False,0.09999999999999999,0.0,True,0.09004708134682139,-0.06860328062154893,False,0.20201133102402885,0.05177170494112699,10.32955827729589,
p045,p045_neutral_front,right_cheek,observation_tilt_+0.02,observation_tilt,0.02,True,33,0.06296317319199732,0.0007399808171699024,False,0.09999999999999999,0.0,True,0.22674082743758972,0.0680904654692194,False,0.19440517854375447,0.048596058033436675,9.60619818516835,
p045,p045_neutral_front,right_cheek,subset_420_680_point,subset_point,0.0,True,33,0.07029624123389998,0.008073048859072562,False,0.09999999999999999,0.0,True,0.35902991878369417,0.20037955681532385,False,0.109959885379715,0.024975619893403293,5.2953577154503595,
p045,p045_neutral_front,right_cheek,subset_420_680_gaussian_5nm,gaussian,5.0,True,33,0.07031935668436731,0.008096164309539897,False,0.09999999999999999,0.0,True,0.3642945607750967,0.20564419880672638,False,0.10971184951190269,0.02496947363663307,5.291216320567075,
p045,p045_neutral_front,right_cheek,subset_420_680_gaussian_10nm,gaussian,10.0,True,33,0.07040682646044019,0.008183634085612776,False,0.09999999999999999,0.0,True,0.37170528689964577,0.21305492493127545,False,0.10886717629328031,0.024858890155314638,5.263745641249331,
p046,p046_neutral_front,left_cheek,epidermis_0.050mm,thickness,0.05,True,33,0.0784243674725856,0.00441469436906948,False,0.09999999999999999,0.0,True,2.458090821764287e-22,-5.63279818360738e-19,True,0.2567860929835803,0.06482327199694826,13.902487276953808,
p046,p046_neutral_front,left_cheek,epidermis_0.070mm,thickness,0.07,True,33,0.07059085314333481,-0.003418819960181313,False,0.09999999999999999,0.0,True,5.075912314356596e-21,-5.584497151285578e-19,True,0.21636869249047241,0.05467532234155969,12.281521989200504,
p046,p046_neutral_front,left_cheek,scattering_x0.8,scattering,0.8,True,33,0.058199870895844434,-0.01580980220767169,False,0.09999999999999999,0.0,True,2.6573151390403022e-21,-5.608683123038741e-19,True,0.2448118357715181,0.06186328506322221,13.430045139903319,
p046,p046_neutral_front,left_cheek,scattering_x1.2,scattering,1.2,True,33,0.08793505877406656,0.013925385670550433,False,0.09999999999999999,0.0,True,2.2726387427902586e-20,-5.407992400150118e-19,True,0.22364782137435063,0.05631624922632734,12.593281964284902,
p046,p046_neutral_front,left_cheek,whole_blood_hb_120gL,hb,120.0,True,33,0.07842262075698829,0.004412947653472166,False,0.09999999999999999,0.0,True,1.4903159635785019e-18,9.267903361355875e-19,True,0.2471180096909683,0.06196899826053797,13.524098396941609,11.999999999999998
p046,p046_neutral_front,left_cheek,whole_blood_hb_180gL,hb,180.0,True,33,0.07026324170655036,-0.0037464313969657603,False,0.09999999999999999,0.0,True,5.02436359647153e-18,4.460837969028615e-18,True,0.2220184836105422,0.05637235475241827,12.541493233166538,18.0
p046,p046_neutral_front,left_cheek,observation_scale_0.95,observation_scale,0.95,True,33,0.0809163099486036,0.00690663684508748,False,0.09999999999999999,0.0,True,1.8942901162573246e-19,-3.740966158171819e-19,True,0.2364379494903656,0.05725417448126489,13.198840720551356,
p046,p046_neutral_front,left_cheek,observation_scale_1.05,observation_scale,1.05,True,33,0.06764579128361488,-0.006363881819901246,False,0.09999999999999999,0.0,True,5.1938398268534035e-21,-5.58331787616061e-19,True,0.2302901887216897,0.060591519012122265,12.806471130712755,
p046,p046_neutral_front,left_cheek,observation_tilt_-0.02,observation_tilt,-0.02,True,33,0.07371273688580075,-0.00029693621771537115,False,0.09999999999999999,0.0,True,1.8763296202058883e-19,-3.7589266542232555e-19,True,0.24073122767715674,0.061831104018681325,13.610466740014981,
p046,p046_neutral_front,left_cheek,observation_tilt_+0.02,observation_tilt,0.02,True,33,0.07432309077025283,0.0003134176667367039,False,0.09999999999999999,0.0,True,1.7037466018721207e-22,-5.633552527827272e-19,True,0.22618899534036527,0.05614481142020162,12.401593382785851,
p046,p046_neutral_front,left_cheek,subset_420_680_point,subset_point,0.0,True,33,0.08140069171189628,0.007391018608380151,False,0.09999999999999999,0.0,True,9.764715906834126e-17,9.708363344089834e-17,True,0.11966171008180225,0.024017053891159976,5.648051759733661,
p046,p046_neutral_front,left_cheek,subset_420_680_gaussian_5nm,gaussian,5.0,True,33,0.0813832656944799,0.007373592590963776,False,0.09999999999999999,0.0,True,2.4711312055830015e-21,-5.610544962373314e-19,True,0.11936472446558866,0.023964804004429564,5.636810222410223,
p046,p046_neutral_front,left_cheek,subset_420_680_gaussian_10nm,gaussian,10.0,True,33,0.0814062853132816,0.00739661220976548,False,0.09999999999999998,-1.3877787807814457e-17,True,5.92740233501451e-16,5.921767078740081e-16,True,0.1190417254015857,0.02391438516743912,5.626445567701601,
p046,p046_neutral_front,right_cheek,epidermis_0.050mm,thickness,0.05,True,33,0.09666355345767005,0.005737671923677828,False,0.09999999999999999,0.0,True,3.9021801682651416e-22,-5.634240144298516e-21,True,0.3416138785092079,0.08493235556230874,20.536891809816673,
p046,p046_neutral_front,right_cheek,epidermis_0.070mm,thickness,0.07,True,33,0.08655751898436571,-0.004368362549626512,False,0.09999999999999999,0.0,True,3.951334320433556e-21,-2.0731238406914746e-21,True,0.292806826180716,0.07291807093822149,18.537694447333955,
p046,p046_neutral_front,right_cheek,scattering_x0.8,scattering,0.8,True,33,0.07281899082432623,-0.018106890709665993,False,0.09999999999999999,0.0,True,1.992275447308039e-20,1.389829631195536e-20,True,0.3277932840748724,0.08207916586734348,19.985274891118625,
p046,p046_neutral_front,right_cheek,scattering_x1.2,scattering,1.2,True,33,0.1070948983831514,0.016169016849159168,False,0.09999999999999999,0.0,True,7.394735246062522e-20,6.792289429950019e-20,True,0.300796251768178,0.07443056833250193,18.879134226954772,
p046,p046_neutral_front,right_cheek,whole_blood_hb_120gL,hb,120.0,True,33,0.09554697147185007,0.004621089937857842,False,0.09999999999999999,0.0,True,4.48578178717086e-22,-5.5758799824079445e-21,True,0.3293123898831152,0.08110804816650188,20.044870295202617,11.999999999999998
p046,p046_neutral_front,right_cheek,whole_blood_hb_180gL,hb,180.0,True,33,0.08699511153841356,-0.003930769995578662,False,0.09999999999999999,0.0,True,2.2073689916576488e-20,1.6049231755451458e-20,True,0.3011389012249769,0.07558198437667403,18.937261380329794,18.0
p046,p046_neutral_front,right_cheek,observation_scale_0.95,observation_scale,0.95,True,33,0.09859950917175853,0.0076736276377663,False,0.09999999999999999,0.0,True,2.777827989326095e-20,2.175382173213592e-20,True,0.31789782588196924,0.07542494953868407,19.70164547556871,
p046,p046_neutral_front,right_cheek,observation_scale_1.05,observation_scale,1.05,True,33,0.08386659588297117,-0.007059285651021055,False,0.09999999999999999,0.0,True,9.367436127795842e-21,3.3429779666708115e-21,True,0.3102652423734093,0.08082230619318771,19.222195851564,
p046,p046_neutral_front,right_cheek,observation_tilt_-0.02,observation_tilt,-0.02,True,33,0.09066089705467799,-0.00026498447931423696,False,0.09999999999999999,0.0,True,2.6576418449953386e-22,-5.7586939766254966e-21,True,0.3234631185697088,0.08124863840297705,20.220220769944284,
p046,p046_neutral_front,right_cheek,observation_tilt_+0.02,observation_tilt,0.02,True,33,0.09120914102524291,0.00028325949125068695,False,0.09999999999999999,0.0,True,2.3187870377458778e-20,1.7163412216333747e-20,True,0.30501706501674786,0.07517190915354663,18.714072883821373,
p046,p046_neutral_front,right_cheek,subset_420_680_point,subset_point,0.0,True,33,0.09998003407992144,0.009054152545929214,False,0.09999999999999999,0.0,True,3.410977383217043e-20,2.80853156710454e-20,True,0.18304143969505365,0.038434953812397296,9.970028668156248,
p046,p046_neutral_front,right_cheek,subset_420_680_gaussian_5nm,gaussian,5.0,True,33,0.09995823540930672,0.009032353875314494,False,0.09999999999999999,0.0,True,1.8658133933547355e-20,1.2633675772422325e-20,True,0.1828789739886995,0.03842035941294535,9.967568902336355,
p046,p046_neutral_front,right_cheek,subset_420_680_gaussian_10nm,gaussian,10.0,True,33,0.09998070232261454,0.009054820788622311,False,0.09999999999999999,0.0,True,6.977050785703594e-19,6.916806204092343e-19,True,0.18277354503002294,0.038400306075362066,9.96421988412828,
p047,p047_neutral_front,left_cheek,epidermis_0.050mm,thickness,0.05,True,33,0.04874340414886948,0.0013121413715827465,False,0.09999999999999999,0.0,True,0.15466052376026512,-0.06453923985766538,False,0.18680542567425218,0.05271497722516449,9.2709973834334,
p047,p047_neutral_front,left_cheek,epidermis_0.070mm,thickness,0.07,True,33,0.04640372866853244,-0.0010275341087542939,False,0.09999999999999999,0.0,True,0.3004743077017904,0.0812745440838599,False,0.15783034269073903,0.045670512221864495,8.140883734638708,
p047,p047_neutral_front,left_cheek,scattering_x0.8,scattering,0.8,True,33,0.03466733969286134,-0.012763923084425394,False,0.09999999999999999,0.0,True,0.24745837018718672,0.028258606569256217,False,0.1815949956234964,0.05154092661345703,9.076468663414689,
p047,p047_neutral_front,left_cheek,scattering_x1.2,scattering,1.2,True,33,0.05854339590106998,0.011112133123783244,False,0.09999999999999999,0.0,True,0.22610361872124657,0.0069038551033160644,False,0.16174884776000634,0.04658035455086762,8.3026719217274,
p047,p047_neutral_front,left_cheek,whole_blood_hb_120gL,hb,120.0,True,33,0.05107284362053644,0.0036415808432497046,False,0.09999999999999999,0.0,True,0.12368262194699124,-0.09551714167093926,False,0.17752468359750956,0.05014200061427903,8.896797373204757,11.999999999999998
p047,p047_neutral_front,left_cheek,whole_blood_hb_180gL,hb,180.0,True,33,0.04440739964894302,-0.0030238631283437192,False,0.09999999999999999,0.0,True,0.2934334929456716,0.07423372932774111,False,0.16343932102863168,0.047048215385833266,8.36243623648126,18.0
p047,p047_neutral_front,left_cheek,observation_scale_0.95,observation_scale,0.95,True,33,0.05296563060897979,0.005534367831693053,False,0.09999999999999999,0.0,True,0.1444671961443748,-0.0747325674735557,False,0.17028144323879285,0.04636512509868519,8.655932181793954,
p047,p047_neutral_front,left_cheek,observation_scale_1.05,observation_scale,1.05,True,33,0.04232085566551514,-0.005110407111771596,False,0.09999999999999999,0.0,True,0.2891497380333321,0.0699499744154016,False,0.16867809532615707,0.05050492480687129,8.553753894267496,
p047,p047_neutral_front,left_cheek,observation_tilt_-0.02,observation_tilt,-0.02,True,33,0.04677212147052356,-0.0006591413067631793,False,0.09999999999999999,0.0,True,0.15754998527892142,-0.06164977833900909,False,0.17311200909424998,0.05020393953149391,8.950300710522027,
p047,p047_neutral_front,left_cheek,observation_tilt_+0.02,observation_tilt,0.02,True,33,0.04812868968503371,0.0006974269077469758,False,0.09999999999999999,0.0,True,0.28030518882867805,0.06110542521074755,False,0.1659743864812839,0.046742586267658676,8.268039072326234,
p047,p047_neutral_front,left_cheek,subset_420_680_point,subset_point,0.0,True,33,0.05428300279743083,0.00685174002014409,False,0.09999999999999999,0.0,True,0.3983457265501602,0.1791459629322297,False,0.08483465357058585,0.020807534768824118,3.9123740304425545,
p047,p047_neutral_front,left_cheek,subset_420_680_gaussian_5nm,gaussian,5.0,True,33,0.05430075639615188,0.006869493618865144,False,0.09999999999999999,0.0,True,0.40319711419175785,0.18399735057382735,False,0.08440116298751703,0.020700061310946392,3.8905761005219746,
p047,p047_neutral_front,left_cheek,subset_420_680_gaussian_10nm,gaussian,10.0,True,33,0.05437267066142675,0.006941407884140015,False,0.09999999999999999,0.0,True,0.4085122398573951,0.1893124762394646,False,0.083676643582583,0.020539537971400765,3.8592291069167963,
p047,p047_neutral_front,right_cheek,epidermis_0.050mm,thickness,0.05,True,33,0.09421390202008842,0.005531795655327507,False,0.09999999999999999,0.0,True,1.5078138691417592e-23,-6.622197002022773e-20,True,0.3357462702669515,0.08503248371980902,20.24245408688015,
p047,p047_neutral_front,right_cheek,epidermis_0.070mm,thickness,0.07,True,33,0.08446485522626213,-0.004217251138498787,False,0.09999999999999999,0.0,True,3.7544515528514906e-21,-6.248259660606766e-20,True,0.28637923003312116,0.07271602782885907,18.219777025262616,
p047,p047_neutral_front,right_cheek,scattering_x0.8,scattering,0.8,True,33,0.07086432365965878,-0.017817782705102134,False,0.09999999999999999,0.0,True,1.6194585708636054e-20,-5.00424624502831e-20,True,0.3224181094364437,0.08212830191078231,19.69993675540481,
p047,p047_neutral_front,right_cheek,scattering_x1.2,scattering,1.2,True,33,0.10457747130330239,0.015895364938541476,False,0.09999999999999999,0.0,True,6.073401190843811e-21,-6.016364696807534e-20,True,0.2942076881974275,0.07427654279307518,18.561012860286883,
p047,p047_neutral_front,right_cheek,whole_blood_hb_120gL,hb,120.0,True,33,0.09325942951804432,0.004577323153283408,False,0.09999999999999999,0.0,True,1.0570631624092215e-17,1.0504394575933296e-17,True,0.3228733602136927,0.0811163434805235,19.73316430891446,11.999999999999998
p047,p047_neutral_front,right_cheek,whole_blood_hb_180gL,hb,180.0,True,33,0.0847885856949044,-0.003893520669856515,False,0.09999999999999999,0.0,True,1.0645739745297584e-20,-5.559130841362157e-20,True,0.2953332618914108,0.07548526906472046,18.637115700077594,18.0
p047,p047_neutral_front,right_cheek,observation_scale_0.95,observation_scale,0.95,True,33,0.0962621193855518,0.007580013020790893,False,0.09999999999999999,0.0,True,2.7713967152837586e-20,-3.8523081006081566e-20,True,0.311921365926418,0.07546785945669479,19.407958820562623,
p047,p047_neutral_front,right_cheek,observation_scale_1.05,observation_scale,1.05,True,33,0.08170861785794552,-0.006973488506815395,False,0.09999999999999999,0.0,True,4.370110114098169e-20,-2.2535947017937462e-20,True,0.30408106197096124,0.08068695237289171,18.90752427090184,
p047,p047_neutral_front,right_cheek,observation_tilt_-0.02,observation_tilt,-0.02,True,33,0.08841200568815656,-0.0002701006766043512,False,0.09999999999999999,0.0,True,3.538047405485797e-20,-3.0856574104061184e-20,True,0.3173681814281481,0.08121789489600682,19.908922108063773,
p047,p047_neutral_front,right_cheek,observation_tilt_+0.02,observation_tilt,0.02,True,33,0.08897025261769503,0.0002881462529341211,False,0.09999999999999999,0.0,True,1.1358952046098154e-19,4.735247230206239e-20,True,0.29893153320266935,0.07511155538547692,18.415741700712204,
p047,p047_neutral_front,right_cheek,subset_420_680_point,subset_point,0.0,True,33,0.09741656404753346,0.008734457682772548,False,0.09999999999999999,0.0,True,2.9187857967497884e-23,-6.620786030095165e-20,True,0.17773056193696074,0.038721824397550994,9.808563620892036,
p047,p047_neutral_front,right_cheek,subset_420_680_gaussian_5nm,gaussian,5.0,True,33,0.0973944840241352,0.008712377659374285,False,0.09999999999999999,0.0,True,2.949666921687095e-23,-6.620755148970228e-20,True,0.17752993525502356,0.03870374241473722,9.805157692582707,
p047,p047_neutral_front,right_cheek,subset_420_680_gaussian_10nm,gaussian,10.0,True,33,0.09741471596068363,0.008732609595922716,False,0.09999999999999999,0.0,True,3.1239141797329887e-21,-6.311313397918616e-20,True,0.17731702331557286,0.038671194600928015,9.797880053729399,
p048,p048_neutral_front,left_cheek,epidermis_0.050mm,thickness,0.05,True,33,0.040551019045908104,0.0005702877704854073,False,0.09999999999999999,0.0,True,0.041293651496560155,-0.037026370503154646,False,0.18502901445662587,0.05570071269956897,9.38645014486006,
p048,p048_neutral_front,left_cheek,epidermis_0.070mm,thickness,0.07,True,33,0.03942345298304162,-0.000557278292381079,False,0.09999999999999999,0.0,True,0.13074888324117845,0.05242886124146365,False,0.15203373777418605,0.04649105663942373,8.02187124293719,
p048,p048_neutral_front,left_cheek,scattering_x0.8,scattering,0.8,True,33,0.027876483117664292,-0.012104248157758405,False,0.09999999999999999,0.0,True,0.14287893842359126,0.06455891642387646,False,0.17903455879675795,0.054207572068502186,9.159342653626041,
p048,p048_neutral_front,left_cheek,scattering_x1.2,scattering,1.2,True,33,0.05038289834866946,0.01040216707324676,False,0.09999999999999999,0.0,True,0.04189406810145186,-0.03642595389826294,False,0.15683100849176884,0.04766038680582374,8.217920672889413,
p048,p048_neutral_front,left_cheek,whole_blood_hb_120gL,hb,120.0,True,33,0.04380936467840253,0.003828633402979835,False,0.09999999999999999,0.0,True,5.312777585929457e-16,-0.07832002199971427,True,0.17484594423944702,0.05246689287698411,8.934707953316476,11.999999999999998
p048,p048_neutral_front,left_cheek,whole_blood_hb_180gL,hb,180.0,True,33,0.036867469673349654,-0.0031132616020730433,False,0.09999999999999999,0.0,True,0.15921752778501472,0.08089750578529992,False,0.15872277262343268,0.04849674755062375,8.316654691154946,18.0
p048,p048_neutral_front,left_cheek,observation_scale_0.95,observation_scale,0.95,True,33,0.04538747505598904,0.005406743780566346,False,0.09999999999999999,0.0,True,7.873854890117951e-18,-0.07832002199971479,True,0.1673608888992705,0.04839534831759213,8.694189783427827,
p048,p048_neutral_front,left_cheek,observation_scale_1.05,observation_scale,1.05,True,33,0.0350037328748168,-0.004976998400605899,False,0.09999999999999999,0.0,True,0.15520659815068247,0.07688657615096767,False,0.16405344053012197,0.052074068274962894,8.50542343337263,
p048,p048_neutral_front,left_cheek,observation_tilt_-0.02,observation_tilt,-0.02,True,33,0.03939562760574978,-0.0005851036696729178,False,0.09999999999999999,0.0,True,0.01876048618141093,-0.059559535818303866,False,0.17001087518467156,0.05230031997252476,8.968689146078765,
p048,p048_neutral_front,left_cheek,observation_tilt_+0.02,observation_tilt,0.02,True,33,0.04060351928865645,0.0006227880132337535,False,0.09999999999999999,0.0,True,0.13801504091185934,0.05969501891214454,False,0.1614901989304931,0.048248834207298225,8.23782393781395,
p048,p048_neutral_front,left_cheek,subset_420_680_point,subset_point,0.0,True,33,0.04600374110634262,0.006023009830919926,False,0.09999999999999999,0.0,True,0.24706251816327265,0.16874249616355785,False,0.09730341057800133,0.025662286379393374,4.608710737427781,
p048,p048_neutral_front,left_cheek,subset_420_680_gaussian_5nm,gaussian,5.0,True,33,0.04600264742151962,0.0060219161460969214,False,0.09999999999999999,0.0,True,0.24920659061387748,0.17088656861416268,False,0.09687324390911177,0.025559316211293218,4.589743137333365,
p048,p048_neutral_front,left_cheek,subset_420_680_gaussian_10nm,gaussian,10.0,True,33,0.04602969861869952,0.006048967343276826,False,0.09999999999999999,0.0,True,0.24855936449760474,0.17023934249788994,False,0.09594186548729738,0.025327288592283646,4.550810359472055,
p048,p048_neutral_front,right_cheek,epidermis_0.050mm,thickness,0.05,True,33,0.06999783560247573,0.0033114739836629103,False,0.09999999999999999,0.0,True,1.861166548633533e-21,-4.741238890604327e-21,True,0.29734935299864595,0.08530785355471397,17.42859858394598,
p048,p048_neutral_front,right_cheek,epidermis_0.070mm,thickness,0.07,True,33,0.06407477905076864,-0.0026115825680441823,False,0.09999999999999999,0.0,True,1.8990573852184342e-19,1.8330333308260556e-19,True,0.25298908168345624,0.07268793090101955,15.607408532524966,
p048,p048_neutral_front,right_cheek,scattering_x0.8,scattering,0.8,True,33,0.051250776829130734,-0.015435584789682086,False,0.09999999999999999,0.0,True,1.31536012423281e-20,6.55119580309024e-21,True,0.28269875858625154,0.08143686554478267,16.814150013125783,
p048,p048_neutral_front,right_cheek,scattering_x1.2,scattering,1.2,True,33,0.08030437134122727,0.013618009722414448,False,0.09999999999999999,0.0,True,2.6962599458672873e-21,-3.906145493370573e-21,True,0.26247391659099367,0.07500791348417926,16.030472547643125,
p048,p048_neutral_front,right_cheek,whole_blood_hb_120gL,hb,120.0,True,33,0.07110803249408076,0.004421670875267944,False,0.09999999999999999,0.0,True,3.4260959867159485e-20,2.7658554427921625e-20,True,0.2883408562687938,0.0820915808812024,17.080643938862544,11.999999999999998
p048,p048_neutral_front,right_cheek,whole_blood_hb_180gL,hb,180.0,True,33,0.06293140102858179,-0.0037549605902310323,False,0.09999999999999999,0.0,True,6.335208987834754e-21,-2.671964514031058e-22,True,0.2588235882274688,0.07488945522891277,15.87646611521983,18.0
p048,p048_neutral_front,right_cheek,observation_scale_0.95,observation_scale,0.95,True,33,0.07349069324494756,0.006804331626134738,False,0.09999999999999999,0.0,True,1.3110548592812394e-20,6.508143153574534e-21,True,0.27804465150619434,0.07634773655439843,16.78496838404389,
p048,p048_neutral_front,right_cheek,observation_scale_1.05,observation_scale,1.05,True,33,0.06042271436773285,-0.0062636472510799734,False,0.09999999999999999,0.0,True,2.6824676435192647e-19,2.616443589126886e-19,True,0.2668660577555482,0.08007079716686476,16.11930413197838,
p048,p048_neutral_front,right_cheek,observation_tilt_-0.02,observation_tilt,-0.02,True,33,0.06636855573588746,-0.00031780588292536216,False,0.09999999999999999,0.0,True,4.1191529724830235e-21,-2.4832524667548367e-21,True,0.28153954531834263,0.08167773976764994,17.15314555668196,
p048,p048_neutral_front,right_cheek,observation_tilt_+0.02,observation_tilt,0.02,True,33,0.06702040779669437,0.00033404617788154733,False,0.09999999999999999,0.0,True,2.2474855841483905e-21,-4.35491985508947e-21,True,0.26349013214318334,0.07492375002286258,15.751290962116757,
p048,p048_neutral_front,right_cheek,subset_420_680_point,subset_point,0.0,True,33,0.07438921134964183,0.007702849730829006,False,0.09999999999999999,0.0,True,3.715743880176413e-20,3.055503336252627e-20,True,0.16159511853155234,0.041093121394437805,8.85978455961829,
p048,p048_neutral_front,right_cheek,subset_420_680_gaussian_5nm,gaussian,5.0,True,33,0.07437189491809645,0.007685533299283634,False,0.09999999999999999,0.0,True,1.9243103084247472e-22,-6.4099744083953854e-21,True,0.16132776670017215,0.041059643952073656,8.854473983890221,
p048,p048_neutral_front,right_cheek,subset_420_680_gaussian_10nm,gaussian,10.0,True,33,0.07439172835742773,0.0077053667386149105,False,0.09999999999999999,0.0,True,7.262874909176392e-21,6.604694699385315e-22,True,0.16089935055066457,0.040990683916141385,8.840261250298816,
p049,p049_neutral_front,left_cheek,epidermis_0.050mm,thickness,0.05,True,33,0.055827240417139816,0.0017479009083986932,False,0.09999999999999999,0.0,True,0.42415687296304705,-0.10035033182730368,False,0.18051273689891517,0.04626794500864828,8.107006933475175,
p049,p049_neutral_front,left_cheek,epidermis_0.070mm,thickness,0.07,True,33,0.0528125724970983,-0.0012667670116428206,False,0.09999999999999999,0.0,True,0.6351171538383191,0.11060994904796839,False,0.1543444369465653,0.041664974982703246,7.252091257775906,
p049,p049_neutral_front,left_cheek,scattering_x0.8,scattering,0.8,True,33,0.04059650023245294,-0.013482839276288183,False,0.09999999999999999,0.0,True,0.49008489289812285,-0.034422311892227886,False,0.1759292070374332,0.045424593390540134,7.958691769390084,
p049,p049_neutral_front,left_cheek,scattering_x1.2,scattering,1.2,True,33,0.06602656644105419,0.011947226932313065,False,0.09999999999999999,0.0,True,0.5968229825268869,0.07231577773653619,False,0.1577433241554079,0.042376347415551074,7.377481500711162,
p049,p049_neutral_front,left_cheek,whole_blood_hb_120gL,hb,120.0,True,33,0.05754703473527831,0.0034676952265371846,False,0.09999999999999999,0.0,True,0.4591016601542797,-0.06540554463607101,False,0.17243397012848224,0.044999473479698,7.8725037537426354,11.999999999999998
p049,p049_neutral_front,left_cheek,whole_blood_hb_180gL,hb,180.0,True,33,0.05119898120852588,-0.002880358300215241,False,0.09999999999999999,0.0,True,0.5750350996641151,0.05052789487376441,False,0.15886441893289813,0.04204936972240179,7.350506152441361,18.0
p049,p049_neutral_front,left_cheek,observation_scale_0.95,observation_scale,0.95,True,33,0.0597026455789572,0.0056233060702160775,False,0.09999999999999999,0.0,True,0.46528436615934754,-0.059222838631003194,False,0.16390608354919275,0.04070839665655145,7.498447628474904,
p049,p049_neutral_front,left_cheek,observation_scale_1.05,observation_scale,1.05,True,33,0.048884632774869846,-0.005194706733871277,False,0.09999999999999999,0.0,True,0.5797445007539377,0.05523729596358695,False,0.16537463224177432,0.04607821229453322,7.667217063303169,
p049,p049_neutral_front,left_cheek,observation_tilt_-0.02,observation_tilt,-0.02,True,33,0.05328715746311339,-0.0007921820456277331,False,0.09999999999999999,0.0,True,0.46550032651477014,-0.0590068782755806,False,0.16708114348267472,0.04417342277816885,7.790946659248618,
p049,p049_neutral_front,left_cheek,observation_tilt_+0.02,observation_tilt,0.02,True,33,0.054904610230738365,0.0008252707219972427,False,0.09999999999999999,0.0,True,0.5816054752290117,0.057098270438661,False,0.16235817225640453,0.04267850199910999,7.393074712552936,
p049,p049_neutral_front,left_cheek,subset_420_680_point,subset_point,0.0,True,33,0.061281042764857026,0.007201703256115903,False,0.09999999999999999,0.0,True,0.6549511027339996,0.13044389794364886,False,0.085125347490965,0.02048698218477233,3.815995188435072,
p049,p049_neutral_front,left_cheek,subset_420_680_gaussian_5nm,gaussian,5.0,True,33,0.06132705533915844,0.00724771583041732,False,0.09999999999999999,0.0,True,0.6613992991155229,0.13689209432517213,False,0.08439710510164095,0.020241861922693172,3.773236642810112,
p049,p049_neutral_front,left_cheek,subset_420_680_gaussian_10nm,gaussian,10.0,True,33,0.06147289030113945,0.007393550792398326,False,0.09999999999999999,0.0,True,0.6717453689604473,0.1472381641700966,False,0.08309895719273859,0.019878638629684725,3.709359242190696,
p049,p049_neutral_front,right_cheek,epidermis_0.050mm,thickness,0.05,True,33,0.09462955578259294,0.005751339909886549,False,0.09999999999999999,0.0,True,8.892322145211394e-20,6.703511815377251e-20,True,0.3071730864668243,0.07361310541817645,17.44861799621274,
p049,p049_neutral_front,right_cheek,epidermis_0.070mm,thickness,0.07,True,33,0.08449468458944169,-0.004383531283264699,False,0.09999999999999999,0.0,True,6.3300996556584954e-21,-1.5558003642682933e-20,True,0.2602891398454463,0.06221170419561224,15.516029425802873,
p049,p049_neutral_front,right_cheek,scattering_x0.8,scattering,0.8,True,33,0.07124694390632359,-0.017631271966382797,False,0.09999999999999999,0.0,True,7.445199647837335e-20,5.256389318003192e-20,True,0.2942914112483397,0.0708339163474945,16.934746570103748,
p049,p049_neutral_front,right_cheek,scattering_x1.2,scattering,1.2,True,33,0.10456211797162131,0.015683902098914917,False,0.09999999999999999,0.0,True,4.505685226332611e-20,2.316874896498468e-20,True,0.26767004369125813,0.06367529729494208,15.83345212120425,
p049,p049_neutral_front,right_cheek,whole_blood_hb_120gL,hb,120.0,True,33,0.09344717488390855,0.004568959011202162,False,0.09999999999999999,0.0,True,1.2284862734215748e-22,-2.176525467099927e-20,True,0.2949673989967567,0.07001223808584502,16.9573747226213,11.999999999999998
p049,p049_neutral_front,right_cheek,whole_blood_hb_180gL,hb,180.0,True,33,0.08499388501378272,-0.0038843308589236736,False,0.09999999999999999,0.0,True,1.3742564532264287e-20,-8.145538766077142e-21,True,0.26820589129839345,0.0646053637321823,15.894869799842763,18.0
p049,p049_neutral_front,right_cheek,observation_scale_0.95,observation_scale,0.95,True,33,0.0963865911140614,0.007508375241355017,False,0.09999999999999999,0.0,True,3.2957437322617245e-20,1.1069334024275816e-20,True,0.2835403707076235,0.0648444028288515,16.597487441908797,
p049,p049_neutral_front,right_cheek,observation_scale_1.05,observation_scale,1.05,True,33,0.08196624840848521,-0.00691196746422118,False,0.09999999999999999,0.0,True,7.084580677343655e-21,-1.4803522620997774e-20,True,0.27731184013494425,0.06933131295646763,16.19496591811406,
p049,p049_neutral_front,right_cheek,observation_tilt_-0.02,observation_tilt,-0.02,True,33,0.08861131074882504,-0.00026690512388134746,False,0.09999999999999999,0.0,True,1.816026026403119e-20,-3.72784303431024e-21,True,0.28905910152414066,0.07009259939995474,17.10776567951708,
p049,p049_neutral_front,right_cheek,observation_tilt_+0.02,observation_tilt,0.02,True,33,0.08916301685330631,0.0002848009805999224,False,0.09999999999999999,0.0,True,1.4099929383681893e-19,1.191111905384775e-19,True,0.27210127589529204,0.06424231440538987,15.697542980067805,
p049,p049_neutral_front,right_cheek,subset_420_680_point,subset_point,0.0,True,33,0.09768124825749451,0.00880303238478812,False,0.09999999999999999,0.0,True,2.2514746075031616e-20,6.266427766901871e-22,True,0.16183853747860605,0.03290723531473354,8.43486664115425,
p049,p049_neutral_front,right_cheek,subset_420_680_gaussian_5nm,gaussian,5.0,True,33,0.09766128819225606,0.008783072319549667,False,0.09999999999999999,0.0,True,1.0559176995293565e-20,-1.1328926303047863e-20,True,0.16167675598178613,0.03289435383147946,8.433226975003567,
p049,p049_neutral_front,right_cheek,subset_420_680_gaussian_10nm,gaussian,10.0,True,33,0.09768455249403486,0.008806336621328473,False,0.09999999999999999,0.0,True,8.635905412513931e-24,-2.1879467392928915e-20,True,0.1614199724513674,0.03285453987212409,8.424241854620405,
p050,p050_neutral_front,left_cheek,epidermis_0.050mm,thickness,0.05,True,33,0.0312855954087227,-0.0005925052313853693,False,0.09999999999999999,0.0,True,0.4672898366136296,-0.06426129022308041,False,0.13866866164295452,0.04212018707719848,6.304810200610697,
p050,p050_neutral_front,left_cheek,epidermis_0.070mm,thickness,0.07,True,33,0.032184273129323954,0.00030617248921588347,False,0.09999999999999999,0.0,True,0.6043619376374726,0.07281081080076257,False,0.11072054042267107,0.0345559744246909,5.206879906115925,
p050,p050_neutral_front,left_cheek,scattering_x0.8,scattering,0.8,True,33,0.02052588159377706,-0.011352219046331009,False,0.09999999999999999,0.0,True,0.5313787644233796,-0.00017236241333040692,False,0.1381180927876858,0.04183472817554575,6.269594282994049,
p050,p050_neutral_front,left_cheek,scattering_x1.2,scattering,1.2,True,33,0.041616387890771454,0.009738287250663384,False,0.09999999999999999,0.0,True,0.5571692431819534,0.025618116345243358,False,0.11246156575531022,0.03508265548121802,5.287278824994826,
p050,p050_neutral_front,left_cheek,whole_blood_hb_120gL,hb,120.0,True,33,0.035355613373323366,0.003477512733215296,False,0.09999999999999999,0.0,True,0.4715759789078233,-0.059975147928886696,False,0.12730464443559167,0.03897733705244868,5.872562481831581,11.999999999999998
p050,p050_neutral_front,left_cheek,whole_blood_hb_180gL,hb,180.0,True,33,0.02898827648100229,-0.00288982415910578,False,0.09999999999999999,0.0,True,0.578505881815377,0.04695475497866697,False,0.11922412002998244,0.036463570675064026,5.495831183899132,18.0
p050,p050_neutral_front,left_cheek,observation_scale_0.95,observation_scale,0.95,True,33,0.0368451325279171,0.004967031887809031,False,0.09999999999999999,0.0,True,0.46312861066723854,-0.06842251616947148,False,0.1212370371944144,0.03523773391391575,5.582681600709037,
p050,p050_neutral_front,left_cheek,observation_scale_1.05,observation_scale,1.05,True,33,0.02728799310202256,-0.00459010753808551,False,0.09999999999999999,0.0,True,0.5943534004037269,0.06280227356701684,False,0.12310270040574126,0.03989911616356228,5.730087103857059,
p050,p050_neutral_front,left_cheek,observation_tilt_-0.02,observation_tilt,-0.02,True,33,0.031162444681729438,-0.0007156559583786325,False,0.09999999999999999,0.0,True,0.47770868671706584,-0.053842440119644175,False,0.12387208937655463,0.03836569456641394,5.809123219412547,
p050,p050_neutral_front,left_cheek,observation_tilt_+0.02,observation_tilt,0.02,True,33,0.03262325269624036,0.0007451520561322922,False,0.09999999999999999,0.0,True,0.5837950993332268,0.0522439724965168,False,0.12048396488206442,0.03681552316003886,5.5155760693506855,
p050,p050_neutral_front,left_cheek,subset_420_680_point,subset_point,0.0,True,33,0.041529990239447805,0.009651889599339734,False,0.07398554393493048,-0.02601445606506951,False,0.5721184269001076,0.04056730006339759,False,0.07794088716031129,0.02251243936511893,3.560086759123003,
p050,p050_neutral_front,left_cheek,subset_420_680_gaussian_5nm,gaussian,5.0,True,33,0.04139760541493335,0.009519504774825278,False,0.07472334066908526,-0.025276659330914733,False,0.5807130725803016,0.04916194574359156,False,0.0771561113806301,0.022231240452571036,3.5146190512864792,
p050,p050_neutral_front,left_cheek,subset_420_680_gaussian_10nm,gaussian,10.0,True,33,0.04113388122497185,0.00925578058486378,False,0.07642601511660337,-0.023573984883396626,False,0.5941861142264152,0.06263498738970519,False,0.07561422930111768,0.021767770326122673,3.439937161826959,
p050,p050_neutral_front,right_cheek,epidermis_0.050mm,thickness,0.05,True,33,0.07151149805213523,0.003610752590741867,False,0.09999999999999999,0.0,True,6.164736808070793e-21,-3.6041428984275546e-20,True,0.26987463575183424,0.07340650768827214,15.07200285099183,
p050,p050_neutral_front,right_cheek,epidermis_0.070mm,thickness,0.07,True,33,0.06506706632949795,-0.002833679131895417,False,0.09999999999999999,0.0,True,3.882422775419281e-20,-3.3819380381535277e-21,True,0.22714216557197794,0.06170000061712033,13.314192368875077,
p050,p050_neutral_front,right_cheek,scattering_x0.8,scattering,0.8,True,33,0.052524747876368384,-0.015375997585024982,False,0.09999999999999999,0.0,True,2.444727008342868e-19,2.0226653504194044e-19,True,0.2563032863562338,0.0698639617661769,14.517423751583857,
p050,p050_neutral_front,right_cheek,scattering_x1.2,scattering,1.2,True,33,0.0814332088551512,0.01353246339375784,False,0.09999999999999999,0.0,True,1.063787443485778e-22,-4.209978704799776e-20,True,0.23575957558943064,0.06378322873858577,13.692420525294065,
p050,p050_neutral_front,right_cheek,whole_blood_hb_120gL,hb,120.0,True,33,0.07231390398965705,0.004413158528263683,False,0.09999999999999999,0.0,True,1.1168720755901484e-20,-3.1037445036444855e-20,True,0.26070344214110686,0.07035908546727973,14.7080170746507,11.999999999999998
p050,p050_neutral_front,right_cheek,whole_blood_hb_180gL,hb,180.0,True,33,0.06415443548961784,-0.0037463099717755244,False,0.09999999999999999,0.0,True,8.719447527978108e-22,-4.133422103954853e-20,True,0.23277479240403273,0.06366921646933718,13.58040461209527,18.0
p050,p050_neutral_front,right_cheek,observation_scale_0.95,observation_scale,0.95,True,33,0.07467527053734288,0.006774525075949514,False,0.09999999999999999,0.0,True,7.979979893969785e-20,3.759363314735151e-20,True,0.24997937833126546,0.06513071043252176,14.381561406787116,
p050,p050_neutral_front,right_cheek,observation_scale_1.05,observation_scale,1.05,True,33,0.06166082194970382,-0.006239923511689546,False,0.09999999999999999,0.0,True,1.1594559981554681e-21,-4.104670979419087e-20,True,0.2411393480617157,0.0683592623574159,13.850108975400811,
p050,p050_neutral_front,right_cheek,observation_tilt_-0.02,observation_tilt,-0.02,True,33,0.06758845518031141,-0.0003122902810819561,False,0.09999999999999999,0.0,True,2.6032998495057317e-20,-1.6173167297289022e-20,True,0.25377468667642544,0.07002430826476366,14.773124998549632,
p050,p050_neutral_front,right_cheek,observation_tilt_+0.02,observation_tilt,0.02,True,33,0.06822921364379494,0.0003284681824015784,False,0.09999999999999999,0.0,True,1.0888326229258254e-21,-4.1117333169420514e-20,True,0.23747685467416715,0.06361693168642645,13.461417153607966,
p050,p050_neutral_front,right_cheek,subset_420_680_point,subset_point,0.0,True,33,0.07550195507230328,0.0076012096109099175,False,0.09999999999999999,0.0,True,3.3370920529981822e-21,-3.8869073739348157e-20,True,0.1406900216784875,0.033173837097871355,7.2774896002100355,
p050,p050_neutral_front,right_cheek,subset_420_680_gaussian_5nm,gaussian,5.0,True,33,0.0754866738023238,0.0075859283409304284,False,0.09999999999999999,0.0,True,3.5273004179755576e-18,3.485094252183211e-18,True,0.140447723729751,0.033144280304878156,7.273276077805884,
p050,p050_neutral_front,right_cheek,subset_420_680_gaussian_10nm,gaussian,10.0,True,33,0.07551043673799537,0.007609691276602007,False,0.09999999999999999,0.0,True,2.2371628108639823e-22,-4.198244951125994e-20,True,0.139950507413936,0.033061601989443586,7.256145550837277,
p051,p051_neutral_front,left_cheek,epidermis_0.050mm,thickness,0.05,True,33,0.044266141044818394,0.0007611310630463303,False,0.09999999999999999,0.0,True,0.3047818283194301,-0.07419441194749304,False,0.16452042818007703,0.04571431820332619,7.644012706117677,
p051,p051_neutral_front,left_cheek,epidermis_0.070mm,thickness,0.07,True,33,0.04288324185051416,-0.0006217681312579021,False,0.09999999999999999,0.0,True,0.4666950705361479,0.08771883026922472,False,0.13600075152770993,0.03915667278957439,6.583710182407229,
p051,p051_neutral_front,left_cheek,scattering_x0.8,scattering,0.8,True,33,0.03108050087508131,-0.012424509106690754,False,0.09999999999999999,0.0,True,0.3848097925254029,0.005833552258479757,False,0.15940589826849216,0.04462037173947807,7.466586123465008,
p051,p051_neutral_front,left_cheek,scattering_x1.2,scattering,1.2,True,33,0.054321119483344366,0.010816109501572302,False,0.09999999999999999,0.0,True,0.4073065410990408,0.028330300832117628,False,0.14021820764545956,0.04010867387100833,6.745324834850661,
p051,p051_neutral_front,left_cheek,whole_blood_hb_120gL,hb,120.0,True,33,0.047055194412959564,0.0035501844311875003,False,0.09999999999999999,0.0,True,0.29832335324972026,-0.08065288701720291,False,0.15599998469539386,0.04357982437335306,7.328402410012098,11.999999999999998
p051,p051_neutral_front,left_cheek,whole_blood_hb_180gL,hb,180.0,True,33,0.040557223478331086,-0.0029477865034409773,False,0.09999999999999999,0.0,True,0.44143134062114187,0.062455100354218696,False,0.1410508012609768,0.040126835313610325,6.7489526677893945,18.0
p051,p051_neutral_front,left_cheek,observation_scale_0.95,observation_scale,0.95,True,33,0.04886452297976045,0.005359512997988383,False,0.09999999999999999,0.0,True,0.3080150879170218,-0.07096115234990136,False,0.1476041141830442,0.03946646872619415,6.981808604762402,
p051,p051_neutral_front,left_cheek,observation_scale_1.05,observation_scale,1.05,True,33,0.038554888368888304,-0.004950121612883759,False,0.09999999999999999,0.0,True,0.4449749310435934,0.06599869077667025,False,0.14722601843096023,0.043907252364957586,7.035769000701996,
p051,p051_neutral_front,left_cheek,observation_tilt_-0.02,observation_tilt,-0.02,True,33,0.042794416083473265,-0.0007105938982987989,False,0.09999999999999999,0.0,True,0.3189183211450107,-0.060057919121912495,False,0.150349112461617,0.042893662488881774,7.251899731381435,
p051,p051_neutral_front,left_cheek,observation_tilt_+0.02,observation_tilt,0.02,True,33,0.0442505721185233,0.0007455621367512336,False,0.09999999999999999,0.0,True,0.43778309359162615,0.05880685332470298,False,0.1445813187492732,0.040554486644612614,6.779603251780899,
p051,p051_neutral_front,left_cheek,subset_420_680_point,subset_point,0.0,True,33,0.04962895614634427,0.006123946164572208,False,0.09999999999999999,0.0,True,0.505942686994972,0.12696644672804885,False,0.07929881478631291,0.019785665635041524,3.5303527793387444,
p051,p051_neutral_front,left_cheek,subset_420_680_gaussian_5nm,gaussian,5.0,True,33,0.049655650133019105,0.0061506401512470416,False,0.09999999999999999,0.0,True,0.5116098549675034,0.13263361470058027,False,0.07865545202636483,0.019577593086494437,3.4925714448100087,
p051,p051_neutral_front,left_cheek,subset_420_680_gaussian_10nm,gaussian,10.0,True,33,0.04975063118233444,0.006245621200562379,False,0.09999999999999999,0.0,True,0.5190603352492699,0.1400840949823467,False,0.07747189803647166,0.01925204341279472,3.43364424999545,
p051,p051_neutral_front,right_cheek,epidermis_0.050mm,thickness,0.05,True,33,0.06332945046961125,0.0028676515899579633,False,0.09999999999999999,0.0,True,7.71885540423231e-22,-2.2896878182481245e-20,True,0.24463476103907342,0.0693301940680179,13.467616790036391,
p051,p051_neutral_front,right_cheek,epidermis_0.070mm,thickness,0.07,True,33,0.05816235371403853,-0.002299445165614755,False,0.09999999999999999,0.0,True,7.561012906138611e-20,5.194136533848164e-20,True,0.20358302427714295,0.057674332885166865,11.770498133636783,
p051,p051_neutral_front,right_cheek,scattering_x0.8,scattering,0.8,True,33,0.04592371784578605,-0.014538081033867237,False,0.09999999999999999,0.0,True,3.3005422663364173e-21,-2.0368221456568058e-20,True,0.2320633859824512,0.06569999957481483,12.946778982131484,
p051,p051_neutral_front,right_cheek,scattering_x1.2,scattering,1.2,True,33,0.07318085486309756,0.01271905598344427,False,0.09999999999999999,0.0,True,2.6021367743178727e-19,2.365449137088828e-19,True,0.21195932226500527,0.05989791128168133,12.14352078931847,
p051,p051_neutral_front,right_cheek,whole_blood_hb_120gL,hb,120.0,True,33,0.06479239504296766,0.004330596163314375,False,0.09999999999999999,0.0,True,5.155950945649582e-21,-1.8512812777254893e-20,True,0.2357351897019997,0.06643826734370079,13.113822482170145,11.999999999999998
p051,p051_neutral_front,right_cheek,whole_blood_hb_180gL,hb,180.0,True,33,0.05678803882575721,-0.0036737600538960732,False,0.09999999999999999,0.0,True,8.435392973498214e-18,8.41172420977531e-18,True,0.20916531369414287,0.05952004471190828,12.02515498964578,18.0
p051,p051_neutral_front,right_cheek,observation_scale_0.95,observation_scale,0.95,True,33,0.06695206226718907,0.006490263387535784,False,0.09999999999999999,0.0,True,1.2976581999044818e-21,-2.2371105522999994e-20,True,0.22572838632381784,0.0614306087845085,12.806771511641422,
p051,p051_neutral_front,right_cheek,observation_scale_1.05,observation_scale,1.05,True,33,0.05448085371056661,-0.005980945169086677,False,0.09999999999999999,0.0,True,5.883954034855589e-21,-1.7784809688048886e-20,True,0.21683195479663916,0.06396736063246199,12.278058335131643,
p051,p051_neutral_front,right_cheek,observation_tilt_-0.02,observation_tilt,-0.02,True,33,0.06013768458980936,-0.000324114289843927,False,0.09999999999999999,0.0,True,6.3020755345058655e-21,-1.736668818839861e-20,True,0.2289703051940117,0.06596851588518116,13.152700775553322,
p051,p051_neutral_front,right_cheek,observation_tilt_+0.02,observation_tilt,0.02,True,33,0.06080148399793422,0.00033968511828093295,False,0.09999999999999999,0.0,True,1.0616846734089759e-21,-2.26070790494955e-20,True,0.21363777730973751,0.05955659147789561,11.930711828763645,
p051,p051_neutral_front,right_cheek,subset_420_680_point,subset_point,0.0,True,33,0.06753676356498027,0.007074964685326986,False,0.09999999999999999,0.0,True,1.1049711816077814e-20,-1.2619051906826661e-20,True,0.12165866275802559,0.030389663201966368,6.261935863298571,
p051,p051_neutral_front,right_cheek,subset_420_680_gaussian_5nm,gaussian,5.0,True,33,0.06752355206261938,0.007061753182966098,False,0.09999999999999999,0.0,True,2.6604739157247286e-19,2.423786278495684e-19,True,0.12135353746265026,0.030347466931417603,6.255546653351073,
p051,p051_neutral_front,right_cheek,subset_420_680_gaussian_10nm,gaussian,10.0,True,33,0.0675489679505729,0.007087169070919615,False,0.09999999999999999,0.0,True,5.578116239609014e-16,5.577879551971785e-16,True,0.12066897486684529,0.030226050154270018,6.230909833393996,
