camera_name,illuminant_name,camera_light_qualified,m,h,observation_space,sigma_max,sigma_min,sigma_ratio,condition_number,numerical_rank,finite,status
Canon 1DMarkIII,D65,True,0.2,0.2,camera_rgb_wb,1.47557121392,0.0281863258344,0.0191019759456,52.3506051335,2,True,PASS
Canon 1DMarkIII,D65,True,0.2,0.2,linear_srgb_unclipped,1.43898379742,0.0542510027144,0.0377009128329,26.5245566979,2,True,PASS
Canon 1DMarkIII,D65,True,0.2,0.2,chromaticity,0.514553186809,0.0273220849541,0.0530986604583,18.8328668062,2,True,PASS
Canon 1DMarkIII,D65,True,0.2,0.35,camera_rgb_wb,1.40755647273,0.0238571047184,0.016949305538,58.9994674269,2,True,PASS
Canon 1DMarkIII,D65,True,0.2,0.35,linear_srgb_unclipped,1.37848603145,0.0454887328676,0.0329990524603,30.3039004287,2,True,PASS
Canon 1DMarkIII,D65,True,0.2,0.35,chromaticity,0.514547359861,0.0239476469993,0.0465411910884,21.4863430998,2,True,PASS
Canon 1DMarkIII,D65,True,0.2,0.5,camera_rgb_wb,1.34958618522,0.0206543190433,0.0153041867719,65.3415967084,2,True,PASS
Canon 1DMarkIII,D65,True,0.2,0.5,linear_srgb_unclipped,1.32701674421,0.0390549391562,0.0294306302663,33.9782053918,2,True,PASS
Canon 1DMarkIII,D65,True,0.2,0.5,chromaticity,0.514677530018,0.0213913964055,0.0415627167652,24.0600248932,2,True,PASS
Canon 1DMarkIII,D65,True,0.2,0.65,camera_rgb_wb,1.29906910851,0.0181812984986,0.0139956360901,71.4508432173,2,True,PASS
Canon 1DMarkIII,D65,True,0.2,0.65,linear_srgb_unclipped,1.28223248485,0.0341208556959,0.0266105063622,37.5791421024,2,True,PASS
Canon 1DMarkIII,D65,True,0.2,0.65,chromaticity,0.514869001442,0.0193726396809,0.0376263469479,26.5771216479,2,True,PASS
Canon 1DMarkIII,D65,True,0.2,0.8,camera_rgb_wb,1.25432705414,0.0162099805207,0.012923248739,77.3799235934,2,True,PASS
Canon 1DMarkIII,D65,True,0.2,0.8,linear_srgb_unclipped,1.24261689519,0.0302122166326,0.0243133798917,41.1296168798,2,True,PASS
Canon 1DMarkIII,D65,True,0.2,0.8,chromaticity,0.515083699602,0.0177281882078,0.0344180726773,29.0545031204,2,True,PASS
Canon 1DMarkIII,D65,True,0.35,0.2,camera_rgb_wb,0.945138847515,0.0184988657681,0.0195726435505,51.0917187768,2,True,PASS
Canon 1DMarkIII,D65,True,0.35,0.2,linear_srgb_unclipped,0.956191282467,0.0379788219259,0.0397188539806,25.1769600525,2,True,PASS
Canon 1DMarkIII,D65,True,0.35,0.2,chromaticity,0.465147718957,0.0282540890328,0.0607421855065,16.4630230483,2,True,PASS
Canon 1DMarkIII,D65,True,0.35,0.35,camera_rgb_wb,0.904451582359,0.0155288880122,0.0171693966986,58.2431647165,2,True,PASS
Canon 1DMarkIII,D65,True,0.35,0.35,linear_srgb_unclipped,0.921305371333,0.031626652595,0.0343280887956,29.1306634038,2,True,PASS
Canon 1DMarkIII,D65,True,0.35,0.35,chromaticity,0.46500486144,0.0245977474025,0.0528978284794,18.904367698,2,True,PASS
Canon 1DMarkIII,D65,True,0.35,0.5,camera_rgb_wb,0.869670555012,0.0133503920681,0.0153510912738,65.141948684,2,True,PASS
Canon 1DMarkIII,D65,True,0.35,0.5,linear_srgb_unclipped,0.891470683506,0.026992943091,0.0302791147151,33.0260646459,2,True,PASS
Canon 1DMarkIII,D65,True,0.35,0.5,chromaticity,0.464936083309,0.0218471703494,0.0469896210118,21.2812952832,2,True,PASS
Canon 1DMarkIII,D65,True,0.35,0.65,camera_rgb_wb,0.839281708354,0.0116800595242,0.0139167330921,71.8559444508,2,True,PASS
Canon 1DMarkIII,D65,True,0.35,0.65,linear_srgb_unclipped,0.865385433876,0.0234584148675,0.0271074759861,36.8901922301,2,True,PASS
Canon 1DMarkIII,D65,True,0.35,0.65,chromaticity,0.464886421817,0.0196873986193,0.0423488355335,23.6134001656,2,True,PASS
Canon 1DMarkIII,D65,True,0.35,0.8,camera_rgb_wb,0.81230328112,0.0103566026526,0.0127496747745,78.433373218,2,True,PASS
Canon 1DMarkIII,D65,True,0.35,0.8,linear_srgb_unclipped,0.842206496154,0.0206714419589,0.0245443867428,40.7425131652,2,True,PASS
Canon 1DMarkIII,D65,True,0.35,0.8,chromaticity,0.464830676202,0.0179368891339,0.0385880064553,25.9147878282,2,True,PASS
Canon 1DMarkIII,D65,True,0.5,0.2,camera_rgb_wb,0.634093067859,0.0127067099162,0.0200391875582,49.9022226873,2,True,PASS
Canon 1DMarkIII,D65,True,0.5,0.2,linear_srgb_unclipped,0.68001054137,0.0270678507238,0.0398050457706,25.1224431637,2,True,PASS
Canon 1DMarkIII,D65,True,0.5,0.2,chromaticity,0.41520854803,0.0277030673929,0.0667208503398,14.9878185741,2,True,PASS
Canon 1DMarkIII,D65,True,0.5,0.35,camera_rgb_wb,0.608631922049,0.0105945028705,0.017407077228,57.4478981683,2,True,PASS
Canon 1DMarkIII,D65,True,0.5,0.35,linear_srgb_unclipped,0.658294875958,0.0224270203873,0.0340683502278,29.3527568348,2,True,PASS
Canon 1DMarkIII,D65,True,0.5,0.35,chromaticity,0.414605154736,0.0240044500389,0.0578971336094,17.2720122337,2,True,PASS
Canon 1DMarkIII,D65,True,0.5,0.5,camera_rgb_wb,0.586813498287,0.00905351544219,0.0154282671899,64.8160929347,2,True,PASS
Canon 1DMarkIII,D65,True,0.5,0.5,linear_srgb_unclipped,0.639616897586,0.0190560617499,0.0297929304585,33.5650097057,2,True,PASS
Canon 1DMarkIII,D65,True,0.5,0.5,chromaticity,0.414091159538,0.0212339113974,0.0512783499678,19.5014075263,2,True,PASS
Canon 1DMarkIII,D65,True,0.5,0.65,camera_rgb_wb,0.567707345084,0.00787747505017,0.0138759435092,72.0671714565,2,True,PASS
Canon 1DMarkIII,D65,True,0.5,0.65,linear_srgb_unclipped,0.623198768765,0.0164939909126,0.0264666615842,37.7833825705,2,True,PASS
Canon 1DMarkIII,D65,True,0.5,0.65,chromaticity,0.413608461544,0.0190663666272,0.0460976222683,21.6930928493,2,True,PASS
Canon 1DMarkIII,D65,True,0.5,0.8,camera_rgb_wb,0.550709974123,0.00694952901302,0.0126192176274,79.2442154124,2,True,PASS
Canon 1DMarkIII,D65,True,0.5,0.8,linear_srgb_unclipped,0.608536567246,0.0144802292454,0.0237951670036,42.0253406858,2,True,PASS
Canon 1DMarkIII,D65,True,0.5,0.8,chromaticity,0.413130885166,0.0173152776119,0.0419123290792,23.8593278391,2,True,PASS
Canon 1DMarkIII,D65,True,0.65,0.2,camera_rgb_wb,0.4416227339,0.00917810650086,0.0207826857549,48.1169764001,2,True,PASS
Canon 1DMarkIII,D65,True,0.65,0.2,linear_srgb_unclipped,0.504926735752,0.0195297704075,0.0386784240657,25.8542074595,2,True,PASS
Canon 1DMarkIII,D65,True,0.65,0.2,chromaticity,0.367591088341,0.0259949445017,0.0707170149827,14.1408683645,2,True,PASS
Canon 1DMarkIII,D65,True,0.65,0.35,camera_rgb_wb,0.425094279775,0.00761823136981,0.0179212747202,55.7996021831,2,True,PASS
Canon 1DMarkIII,D65,True,0.65,0.35,linear_srgb_unclipped,0.490551747613,0.016123708516,0.0328685171228,30.4242505454,2,True,PASS
Canon 1DMarkIII,D65,True,0.65,0.35,chromaticity,0.366324087724,0.0224546882047,0.0612973292153,16.3139244858,2,True,PASS
Canon 1DMarkIII,D65,True,0.65,0.5,camera_rgb_wb,0.410895456485,0.00648333754988,0.0157785574105,63.3771500132,2,True,PASS
Canon 1DMarkIII,D65,True,0.65,0.5,linear_srgb_unclipped,0.478108245778,0.0136569464918,0.0285645491631,35.0084293048,2,True,PASS
Canon 1DMarkIII,D65,True,0.65,0.5,chromaticity,0.365224093803,0.019808484486,0.054236521692,18.4377605496,2,True,PASS
Canon 1DMarkIII,D65,True,0.65,0.65,camera_rgb_wb,0.398433063619,0.00561937855589,0.0141036953732,70.9034032244,2,True,PASS
Canon 1DMarkIII,D65,True,0.65,0.65,linear_srgb_unclipped,0.467106562668,0.0117868472544,0.0252337436388,39.6294744971,2,True,PASS
Canon 1DMarkIII,D65,True,0.65,0.65,chromaticity,0.364210359279,0.0177423320743,0.0487145179217,20.5277613874,2,True,PASS
Canon 1DMarkIII,D65,True,0.65,0.8,camera_rgb_wb,0.387322291111,0.00493925620809,0.0127523158916,78.4171289751,2,True,PASS
Canon 1DMarkIII,D65,True,0.65,0.8,linear_srgb_unclipped,0.457228991523,0.0103202923036,0.0225713865371,44.3038799746,2,True,PASS
Canon 1DMarkIII,D65,True,0.65,0.8,chromaticity,0.363244070317,0.0160763147461,0.0442576109557,22.5949837419,2,True,PASS
Canon 1DMarkIII,D65,True,0.8,0.2,camera_rgb_wb,0.316437115987,0.00683175309933,0.0215896073949,46.3185819783,2,True,PASS
Canon 1DMarkIII,D65,True,0.8,0.2,linear_srgb_unclipped,0.384167491242,0.0141325845864,0.0367875598757,27.1831022057,2,True,PASS
Canon 1DMarkIII,D65,True,0.8,0.2,chromaticity,0.323879004479,0.0235245011766,0.0726336096235,13.7677310158,2,True,PASS
Canon 1DMarkIII,D65,True,0.8,0.35,camera_rgb_wb,0.305393881671,0.00565633939485,0.0185214561729,53.9914351584,2,True,PASS
Canon 1DMarkIII,D65,True,0.8,0.35,linear_srgb_unclipped,0.374229587586,0.011639329657,0.0311021096223,32.152159842,2,True,PASS
Canon 1DMarkIII,D65,True,0.8,0.35,chromaticity,0.321874869859,0.0202838964592,0.0630179562266,15.8684930435,2,True,PASS
Canon 1DMarkIII,D65,True,0.8,0.5,camera_rgb_wb,0.295880532492,0.00480231415477,0.0162305850754,61.6120734621,2,True,PASS
Canon 1DMarkIII,D65,True,0.8,0.5,linear_srgb_unclipped,0.365569061863,0.00983748864802,0.0269100689153,37.160811559,2,True,PASS
Canon 1DMarkIII,D65,True,0.8,0.5,chromaticity,0.320153719037,0.017862847921,0.0557945975911,17.9228821996,2,True,PASS
Canon 1DMarkIII,D65,True,0.8,0.65,camera_rgb_wb,0.28750912214,0.00415299237191,0.0144447325392,69.229388449,2,True,PASS
Canon 1DMarkIII,D65,True,0.8,0.65,linear_srgb_unclipped,0.357866729474,0.00847396520147,0.0236791087395,42.231319219,2,True,PASS
Canon 1DMarkIII,D65,True,0.8,0.65,chromaticity,0.318599415346,0.0159738052207,0.0501375848521,19.9451170803,2,True,PASS
Canon 1DMarkIII,D65,True,0.8,0.8,camera_rgb_wb,0.280027835452,0.00364245327595,0.0130074685971,76.8789094155,2,True,PASS
Canon 1DMarkIII,D65,True,0.8,0.8,linear_srgb_unclipped,0.350914826065,0.00740640938759,0.0211060030454,47.3798851375,2,True,PASS
Canon 1DMarkIII,D65,True,0.8,0.8,chromaticity,0.317152944262,0.0144518534414,0.0455674579186,21.9454857848,2,True,PASS
Canon 20D,D65,True,0.2,0.2,camera_rgb_wb,1.48486940212,0.0311277725303,0.020963306595,47.702398258,2,True,PASS
Canon 20D,D65,True,0.2,0.2,linear_srgb_unclipped,1.45025857097,0.0613117451723,0.0422764232529,23.6538458804,2,True,PASS
Canon 20D,D65,True,0.2,0.2,chromaticity,0.500032869782,0.0301159777788,0.0602279961953,16.6035741378,2,True,PASS
Canon 20D,D65,True,0.2,0.35,camera_rgb_wb,1.41728755121,0.0262117492955,0.0184943057413,54.0706968937,2,True,PASS
Canon 20D,D65,True,0.2,0.35,linear_srgb_unclipped,1.39027360594,0.0512703715873,0.0368779004134,27.1165112111,2,True,PASS
Canon 20D,D65,True,0.2,0.35,chromaticity,0.500905852078,0.0263175201965,0.0525398537216,19.0331706156,2,True,PASS
Canon 20D,D65,True,0.2,0.5,camera_rgb_wb,1.35958421902,0.0225964875682,0.0166201455211,60.1679449034,2,True,PASS
Canon 20D,D65,True,0.2,0.5,linear_srgb_unclipped,1.33913216129,0.0439209341358,0.0327980578807,30.489610197,2,True,PASS
Canon 20D,D65,True,0.2,0.5,chromaticity,0.501736771521,0.0234517990083,0.0467412403065,21.3943830639,2,True,PASS
Canon 20D,D65,True,0.2,0.65,camera_rgb_wb,1.30922903591,0.0198179825234,0.0151371394766,66.0626799101,2,True,PASS
Canon 20D,D65,True,0.2,0.65,linear_srgb_unclipped,1.29455917701,0.0382978744052,0.029583718601,33.8023766885,2,True,PASS
Canon 20D,D65,True,0.2,0.65,chromaticity,0.502504475454,0.0211954532368,0.0421796307739,23.7081259758,2,True,PASS
Canon 20D,D65,True,0.2,0.8,camera_rgb_wb,1.26457910136,0.0176117599333,0.0139269737372,71.8031080454,2,True,PASS
Canon 20D,D65,True,0.2,0.8,linear_srgb_unclipped,1.25507741704,0.0338518965748,0.0269719589527,37.0755421122,2,True,PASS
Canon 20D,D65,True,0.2,0.8,chromaticity,0.503203500727,0.0193619271845,0.0384773300594,25.989329261,2,True,PASS
Canon 20D,D65,True,0.35,0.2,camera_rgb_wb,0.952496160537,0.0205209879362,0.0215444311341,46.4157068607,2,True,PASS
Canon 20D,D65,True,0.35,0.2,linear_srgb_unclipped,0.960131412285,0.0427305523111,0.0445048998131,22.4694360441,2,True,PASS
Canon 20D,D65,True,0.35,0.2,chromaticity,0.453867714527,0.0308495838275,0.0679704302379,14.7122799797,2,True,PASS
Canon 20D,D65,True,0.35,0.35,camera_rgb_wb,0.911728409345,0.0171880196548,0.0188521268819,53.0444127746,2,True,PASS
Canon 20D,D65,True,0.35,0.35,linear_srgb_unclipped,0.925375906236,0.0355719541184,0.0384405449491,26.0141993649,2,True,PASS
Canon 20D,D65,True,0.35,0.35,chromaticity,0.454275735188,0.026814407505,0.0590267219401,16.9414795051,2,True,PASS
Canon 20D,D65,True,0.35,0.5,camera_rgb_wb,0.876859247306,0.0147479917788,0.0168191095938,59.4561795571,2,True,PASS
Canon 20D,D65,True,0.35,0.5,linear_srgb_unclipped,0.895650842728,0.0303517811242,0.0338879613307,29.5090043996,2,True,PASS
Canon 20D,D65,True,0.35,0.5,chromaticity,0.454641854127,0.0237848480476,0.0523155706668,19.1147680749,2,True,PASS
Canon 20D,D65,True,0.35,0.65,camera_rgb_wb,0.846380337563,0.0128798583441,0.015217577456,65.7134818531,2,True,PASS
Canon 20D,D65,True,0.35,0.65,linear_srgb_unclipped,0.86966099239,0.026370204889,0.0303223958759,32.9789243599,2,True,PASS
Canon 20D,D65,True,0.35,0.65,chromaticity,0.454946046485,0.0214093550333,0.047059107775,21.2498716461,2,True,PASS
Canon 20D,D65,True,0.35,0.8,camera_rgb_wb,0.819312792646,0.01140147553,0.0139159007797,71.8602421671,2,True,PASS
Canon 20D,D65,True,0.35,0.8,linear_srgb_unclipped,0.846566989361,0.0232307014679,0.0274410669915,36.4417316684,2,True,PASS
Canon 20D,D65,True,0.35,0.8,chromaticity,0.455184407557,0.0194861471248,0.0428093467203,23.3593847281,2,True,PASS
Canon 20D,D65,True,0.5,0.2,camera_rgb_wb,0.63907967777,0.0141516709824,0.022143828813,45.1593086473,2,True,PASS
Canon 20D,D65,True,0.5,0.2,linear_srgb_unclipped,0.680672578538,0.030321954972,0.0445470493862,22.4481758899,2,True,PASS
Canon 20D,D65,True,0.5,0.2,chromaticity,0.405970346781,0.0301167183882,0.074184527582,13.47989982,2,True,PASS
Canon 20D,D65,True,0.5,0.35,camera_rgb_wb,0.613480567743,0.0118018256534,0.019237488967,51.9818361802,2,True,PASS
Canon 20D,D65,True,0.5,0.35,linear_srgb_unclipped,0.659071257381,0.0251505880586,0.0381606507292,26.205003869,2,True,PASS
Canon 20D,D65,True,0.5,0.35,chromaticity,0.405683246216,0.026077692957,0.064280921631,15.5567153461,2,True,PASS
Canon 20D,D65,True,0.5,0.5,camera_rgb_wb,0.591549184658,0.0100861953985,0.0170504763764,58.6493877312,2,True,PASS
Canon 20D,D65,True,0.5,0.5,linear_srgb_unclipped,0.640513809345,0.021389747688,0.033394670616,29.9448978401,2,True,PASS
Canon 20D,D65,True,0.5,0.5,chromaticity,0.40541614967,0.0230539778377,0.0568649716012,17.5855183225,2,True,PASS
Canon 20D,D65,True,0.5,0.65,camera_rgb_wb,0.572348070647,0.00877588714897,0.0153331296095,65.2182578161,2,True,PASS
Canon 20D,D65,True,0.5,0.65,linear_srgb_unclipped,0.624217133347,0.018528029847,0.0296820270659,33.6904214048,2,True,PASS
Canon 20D,D65,True,0.5,0.65,chromaticity,0.405131600957,0.0206892151618,0.0510678878491,19.5817771621,2,True,PASS
Canon 20D,D65,True,0.5,0.8,camera_rgb_wb,0.555269352296,0.00774128827722,0.0139415010845,71.7282876457,2,True,PASS
Canon 20D,D65,True,0.5,0.8,linear_srgb_unclipped,0.609674634234,0.0162763791928,0.0266968285686,37.4576327458,2,True,PASS
Canon 20D,D65,True,0.5,0.8,chromaticity,0.404816132963,0.0187793240014,0.0463897618506,21.5564805705,2,True,PASS
Canon 20D,D65,True,0.65,0.2,camera_rgb_wb,0.445009552214,0.0102267840515,0.0229810438914,43.5141242812,2,True,PASS
Canon 20D,D65,True,0.65,0.2,linear_srgb_unclipped,0.504654591884,0.0218071338988,0.0432119993546,23.1417202383,2,True,PASS
Canon 20D,D65,True,0.65,0.2,chromaticity,0.359738160907,0.0282186194756,0.0784421074609,12.7482551447,2,True,PASS
Canon 20D,D65,True,0.65,0.35,camera_rgb_wb,0.428382531749,0.00850353587306,0.0198503329217,50.3769888366,2,True,PASS
Canon 20D,D65,True,0.65,0.35,linear_srgb_unclipped,0.490408012817,0.0180358295835,0.0367771918731,27.1907655008,2,True,PASS
Canon 20D,D65,True,0.65,0.35,chromaticity,0.358629361252,0.0243728761161,0.0679611843019,14.7142815457,2,True,PASS
Canon 20D,D65,True,0.65,0.5,camera_rgb_wb,0.414109346775,0.00724713646782,0.0175005382618,57.1410996073,2,True,PASS
Canon 20D,D65,True,0.65,0.5,linear_srgb_unclipped,0.478097346655,0.0152993432575,0.0320004772346,31.2495339576,2,True,PASS
Canon 20D,D65,True,0.65,0.5,chromaticity,0.357651531612,0.0214973531475,0.060106979133,16.6370031305,2,True,PASS
Canon 20D,D65,True,0.65,0.65,camera_rgb_wb,0.401589007718,0.00628886580902,0.015659955049,63.8571437065,2,True,PASS
Canon 20D,D65,True,0.65,0.65,linear_srgb_unclipped,0.46722777041,0.0132212101357,0.0282971410797,35.3392590856,2,True,PASS
Canon 20D,D65,True,0.65,0.65,chromaticity,0.356734027797,0.0192514039373,0.0539657067652,18.5302863604,2,True,PASS
Canon 20D,D65,True,0.65,0.8,camera_rgb_wb,0.390432031588,0.00553322884684,0.0141720668366,70.5613381256,2,True,PASS
Canon 20D,D65,True,0.65,0.8,linear_srgb_unclipped,0.457479101035,0.0115890474938,0.0253324085571,39.4751252233,2,True,PASS
Canon 20D,D65,True,0.65,0.8,chromaticity,0.355844513045,0.0174399158657,0.0490099333455,20.4040269337,2,True,PASS
Canon 20D,D65,True,0.8,0.2,camera_rgb_wb,0.31889090892,0.00759926362406,0.0238302924652,41.9633960204,2,True,PASS
Canon 20D,D65,True,0.8,0.2,linear_srgb_unclipped,0.383874681647,0.0157572954184,0.0410480195017,24.3617112869,2,True,PASS
Canon 20D,D65,True,0.8,0.2,chromaticity,0.317139292372,0.0255333796223,0.0805115614383,12.4205764009,2,True,PASS
Canon 20D,D65,True,0.8,0.35,camera_rgb_wb,0.307791107492,0.00630696980007,0.0204910721803,48.801741129,2,True,PASS
Canon 20D,D65,True,0.8,0.35,linear_srgb_unclipped,0.374063095353,0.0130037131292,0.0347634217082,28.7658679975,2,True,PASS
Canon 20D,D65,True,0.8,0.35,chromaticity,0.31518880763,0.0220223392069,0.0698703084428,14.3122310791,2,True,PASS
Canon 20D,D65,True,0.8,0.5,camera_rgb_wb,0.298238526931,0.00536557002626,0.0179908681868,55.58375447,2,True,PASS
Canon 20D,D65,True,0.8,0.5,linear_srgb_unclipped,0.365528754815,0.0110094363929,0.0301192074438,33.2014048466,2,True,PASS
Canon 20D,D65,True,0.8,0.5,chromaticity,0.313509086527,0.0193965600565,0.0618692117394,16.1631281842,2,True,PASS
Canon 20D,D65,True,0.8,0.65,camera_rgb_wb,0.289839228416,0.00464816638569,0.0160370506473,62.3556052789,2,True,PASS
Canon 20D,D65,True,0.8,0.65,linear_srgb_unclipped,0.357949229203,0.00949742838671,0.0265328924101,37.6890685171,2,True,PASS
Canon 20D,D65,True,0.8,0.65,chromaticity,0.311986290136,0.0173460930558,0.0555988952215,17.9859688941,2,True,PASS
Canon 20D,D65,True,0.8,0.8,camera_rgb_wb,0.282337875132,0.0040829471129,0.0144612093258,69.1505099932,2,True,PASS
Canon 20D,D65,True,0.8,0.8,linear_srgb_unclipped,0.351115365931,0.00831165373076,0.0236721446489,42.2437432194,2,True,PASS
Canon 20D,D65,True,0.8,0.8,chromaticity,0.310563353102,0.0156930175662,0.0505308092839,19.7899066762,2,True,PASS
Canon 300D,D65,True,0.2,0.2,camera_rgb_wb,1.46134393161,0.0246318037031,0.0168555828442,59.3275242536,2,True,PASS
Canon 300D,D65,True,0.2,0.2,linear_srgb_unclipped,1.43286094759,0.0532881871182,0.0371900617487,26.8889039969,2,True,PASS
Canon 300D,D65,True,0.2,0.2,chromaticity,0.529646375206,0.0246435423166,0.0465282941039,21.49229881,2,True,PASS
Canon 300D,D65,True,0.2,0.35,camera_rgb_wb,1.39383927994,0.0208510470237,0.0149594342216,66.8474479174,2,True,PASS
Canon 300D,D65,True,0.2,0.35,linear_srgb_unclipped,1.37163132424,0.0447674099523,0.0326380778574,30.6390592108,2,True,PASS
Canon 300D,D65,True,0.2,0.35,chromaticity,0.529177227005,0.0215757515276,0.0407722600795,24.5264794753,2,True,PASS
Canon 300D,D65,True,0.2,0.5,camera_rgb_wb,1.33638871978,0.0180550671275,0.0135103408613,74.0173775232,2,True,PASS
Canon 300D,D65,True,0.2,0.5,linear_srgb_unclipped,1.31961971253,0.0384979254638,0.0291734998336,34.2776837096,2,True,PASS
Canon 300D,D65,True,0.2,0.5,chromaticity,0.528908097017,0.0192529834346,0.0364013777502,27.4714876691,2,True,PASS
Canon 300D,D65,True,0.2,0.65,camera_rgb_wb,1.28638399019,0.0158967658102,0.012357714284,80.921113486,2,True,PASS
Canon 300D,D65,True,0.2,0.65,linear_srgb_unclipped,1.27441974779,0.0336806246534,0.0264282036683,37.8383643682,2,True,PASS
Canon 300D,D65,True,0.2,0.65,chromaticity,0.528743594013,0.0174193595517,0.0329448143655,30.353790703,2,True,PASS
Canon 300D,D65,True,0.2,0.8,camera_rgb_wb,1.24213899224,0.0141767064355,0.0114131401751,87.6183052739,2,True,PASS
Canon 300D,D65,True,0.2,0.8,linear_srgb_unclipped,1.23447767342,0.0298577806079,0.0241865699564,41.3452590344,2,True,PASS
Canon 300D,D65,True,0.2,0.8,chromaticity,0.528633944105,0.0159262433489,0.0301271674407,33.1926325954,2,True,PASS
Canon 300D,D65,True,0.35,0.2,camera_rgb_wb,0.934593973235,0.0164097961255,0.0175582088003,56.9534177076,2,True,PASS
Canon 300D,D65,True,0.35,0.2,linear_srgb_unclipped,0.952000442663,0.0370546544353,0.0389229382411,25.691791144,2,True,PASS
Canon 300D,D65,True,0.35,0.2,chromaticity,0.479275188901,0.0252928891211,0.0527732077662,18.9490092099,2,True,PASS
Canon 300D,D65,True,0.35,0.35,camera_rgb_wb,0.894712459163,0.0137537381839,0.0153722439461,65.0523113934,2,True,PASS
Canon 300D,D65,True,0.35,0.35,linear_srgb_unclipped,0.916641087477,0.0309054835475,0.0337160137918,29.6594967061,2,True,PASS
Canon 300D,D65,True,0.35,0.35,chromaticity,0.478528597841,0.0219916344232,0.0459567819403,21.7595740559,2,True,PASS
Canon 300D,D65,True,0.35,0.5,camera_rgb_wb,0.860639502757,0.0118095863898,0.0137218735045,72.8763459065,2,True,PASS
Canon 300D,D65,True,0.35,0.5,linear_srgb_unclipped,0.886432635345,0.0264147809921,0.0297989716747,33.5582049917,2,True,PASS
Canon 300D,D65,True,0.35,0.5,chromaticity,0.477934965393,0.0195107196675,0.040822959357,24.4960192929,2,True,PASS
Canon 300D,D65,True,0.35,0.65,camera_rgb_wb,0.830881840051,0.0103214490832,0.0124222826709,80.5005027249,2,True,PASS
Canon 300D,D65,True,0.35,0.65,linear_srgb_unclipped,0.860042935497,0.0229850734917,0.0267254953712,37.4174542364,2,True,PASS
Canon 300D,D65,True,0.35,0.65,chromaticity,0.477416258087,0.0175642386723,0.0367901980185,27.1811529663,2,True,PASS
Canon 300D,D65,True,0.35,0.8,camera_rgb_wb,0.804472069224,0.00914403046118,0.0113664983671,87.9778422261,2,True,PASS
Canon 300D,D65,True,0.35,0.8,linear_srgb_unclipped,0.836610403492,0.0202773439662,0.0242374991771,41.2583820093,2,True,PASS
Canon 300D,D65,True,0.35,0.8,chromaticity,0.47693368216,0.0159876521167,0.0335217509576,29.8313772829,2,True,PASS
Canon 300D,D65,True,0.5,0.2,camera_rgb_wb,0.628265380616,0.0114500011718,0.0182247845021,54.8703333028,2,True,PASS
Canon 300D,D65,True,0.5,0.2,linear_srgb_unclipped,0.677499606751,0.0262324257414,0.0387194700631,25.8267997565,2,True,PASS
Canon 300D,D65,True,0.5,0.2,chromaticity,0.426930975928,0.0246297537927,0.0576902477951,17.3339522401,2,True,PASS
Canon 300D,D65,True,0.5,0.35,camera_rgb_wb,0.603488739103,0.00952378023939,0.0157812062136,63.3665124492,2,True,PASS
Canon 300D,D65,True,0.5,0.35,linear_srgb_unclipped,0.655315042383,0.0217669607128,0.0332160248201,30.1059505288,2,True,PASS
Canon 300D,D65,True,0.5,0.35,chromaticity,0.4256568246,0.021316406668,0.0500788556323,19.9685074145,2,True,PASS
Canon 300D,D65,True,0.5,0.5,camera_rgb_wb,0.582252992595,0.00812216463757,0.0139495455427,71.6869232005,2,True,PASS
Canon 300D,D65,True,0.5,0.5,linear_srgb_unclipped,0.636258151654,0.0185208145001,0.0291089622223,34.3536809166,2,True,PASS
Canon 300D,D65,True,0.5,0.5,chromaticity,0.424559233703,0.0188372338661,0.0443689180938,22.5383003004,2,True,PASS
Canon 300D,D65,True,0.5,0.65,camera_rgb_wb,0.563653031967,0.0070547740544,0.0125161644741,79.8966809738,2,True,PASS
Canon 300D,D65,True,0.5,0.65,linear_srgb_unclipped,0.619525157784,0.0160511364611,0.0259087726453,38.596965348,2,True,PASS
Canon 300D,D65,True,0.5,0.65,chromaticity,0.423556306209,0.0168992767264,0.0398985364606,25.0635759782,2,True,PASS
Canon 300D,D65,True,0.5,0.8,camera_rgb_wb,0.547101945212,0.00621408990656,0.0113581937716,88.0421676285,2,True,PASS
Canon 300D,D65,True,0.5,0.8,linear_srgb_unclipped,0.604596068819,0.0141078946878,0.0233344135289,42.8551589163,2,True,PASS
Canon 300D,D65,True,0.5,0.8,chromaticity,0.422607355002,0.0153347368747,0.0362860151231,27.5588266336,2,True,PASS
Canon 300D,D65,True,0.65,0.2,camera_rgb_wb,0.439558334527,0.00837647707396,0.0190565766043,52.4753223397,2,True,PASS
Canon 300D,D65,True,0.65,0.2,linear_srgb_unclipped,0.503227354247,0.0188565360456,0.0374712063771,26.6871578656,2,True,PASS
Canon 300D,D65,True,0.65,0.2,chromaticity,0.376155753973,0.0230086320635,0.0611678322622,16.3484623047,2,True,PASS
Canon 300D,D65,True,0.65,0.35,camera_rgb_wb,0.423507880391,0.00693577518417,0.0163769684233,61.0613621615,2,True,PASS
Canon 300D,D65,True,0.65,0.35,linear_srgb_unclipped,0.48840708089,0.0155905558261,0.0319212321773,31.3271115114,2,True,PASS
Canon 300D,D65,True,0.65,0.35,chromaticity,0.374230730397,0.0198549099243,0.0530552632683,18.8482713759,2,True,PASS
Canon 300D,D65,True,0.65,0.5,camera_rgb_wb,0.409708871779,0.00589020279121,0.014376556616,69.5576852449,2,True,PASS
Canon 300D,D65,True,0.65,0.5,linear_srgb_unclipped,0.475602890793,0.0132235099412,0.0278036786512,35.9664637384,2,True,PASS
Canon 300D,D65,True,0.65,0.5,chromaticity,0.372558098211,0.0175002370793,0.0469731758974,21.2887457766,2,True,PASS
Canon 300D,D65,True,0.65,0.65,camera_rgb_wb,0.397588502932,0.00509585791884,0.0128169146775,78.0218972476,2,True,PASS
Canon 300D,D65,True,0.65,0.65,linear_srgb_unclipped,0.464301050715,0.0114273127055,0.0246118605329,40.6308169454,2,True,PASS
Canon 300D,D65,True,0.65,0.65,chromaticity,0.371035281932,0.0156631892617,0.0422148243696,23.6883610185,2,True,PASS
Canon 300D,D65,True,0.65,0.8,camera_rgb_wb,0.386775117032,0.00447161584221,0.0115612810786,86.495604873,2,True,PASS
Canon 300D,D65,True,0.65,0.8,linear_srgb_unclipped,0.454168843278,0.0100172604762,0.0220562476367,45.3386276973,2,True,PASS
Canon 300D,D65,True,0.65,0.8,chromaticity,0.369609658656,0.0141828391667,0.0383724798163,26.0603433708,2,True,PASS
Canon 300D,D65,True,0.8,0.2,camera_rgb_wb,0.316864752588,0.00628204379082,0.0198256314074,50.4397554585,2,True,PASS
Canon 300D,D65,True,0.8,0.2,linear_srgb_unclipped,0.382830651427,0.0136326405633,0.0356101072693,28.0819148461,2,True,PASS
Canon 300D,D65,True,0.8,0.2,chromaticity,0.329111098995,0.0207952368168,0.0631860696291,15.8262731939,2,True,PASS
Canon 300D,D65,True,0.8,0.35,camera_rgb_wb,0.306114560749,0.00519001536257,0.0169544870713,58.9814363474,2,True,PASS
Canon 300D,D65,True,0.8,0.35,linear_srgb_unclipped,0.372501369398,0.0112438021334,0.0301845927483,33.1294845798,2,True,PASS
Canon 300D,D65,True,0.8,0.35,chromaticity,0.32652793106,0.0179144067236,0.0548633210809,18.2271138586,2,True,PASS
Canon 300D,D65,True,0.8,0.5,camera_rgb_wb,0.29684225828,0.00439831596471,0.014817014229,67.4899804065,2,True,PASS
Canon 300D,D65,True,0.8,0.5,linear_srgb_unclipped,0.363524196126,0.0095160830634,0.0261773030924,38.2010322633,2,True,PASS
Canon 300D,D65,True,0.8,0.5,chromaticity,0.324301355834,0.0157646134537,0.0486110007563,20.5714752719,2,True,PASS
Canon 300D,D65,True,0.8,0.65,camera_rgb_wb,0.288673855137,0.00379744793909,0.0131548038436,76.0178571944,2,True,PASS
Canon 300D,D65,True,0.8,0.65,linear_srgb_unclipped,0.355558759632,0.00820740621835,0.0230831219763,43.3216963037,2,True,PASS
Canon 300D,D65,True,0.8,0.65,chromaticity,0.322298098178,0.0140885584286,0.0437128189965,22.876584557,2,True,PASS
Canon 300D,D65,True,0.8,0.8,camera_rgb_wb,0.281366471707,0.00332571250651,0.0118198607188,84.6033657919,2,True,PASS
Canon 300D,D65,True,0.8,0.8,linear_srgb_unclipped,0.348384038042,0.00718174591745,0.0206144516776,48.5096579642,2,True,PASS
Canon 300D,D65,True,0.8,0.8,chromaticity,0.320447700409,0.0127390141909,0.0397538012433,25.1548271794,2,True,PASS
Canon 40D,D65,True,0.2,0.2,camera_rgb_wb,1.48179027695,0.026704848678,0.0180220164037,55.4876867051,2,True,PASS
Canon 40D,D65,True,0.2,0.2,linear_srgb_unclipped,1.44146993637,0.0561751697042,0.0389707535945,25.6602684774,2,True,PASS
Canon 40D,D65,True,0.2,0.2,chromaticity,0.494052104951,0.0262855451295,0.0532039938017,18.7955814695,2,True,PASS
Canon 40D,D65,True,0.2,0.35,camera_rgb_wb,1.41463865394,0.0225503475399,0.0159407121225,62.7324546302,2,True,PASS
Canon 40D,D65,True,0.2,0.35,linear_srgb_unclipped,1.38124560988,0.0471470744473,0.0341337370487,29.2965284924,2,True,PASS
Canon 40D,D65,True,0.2,0.35,chromaticity,0.494533728161,0.0230294649657,0.0465680370302,21.4739564683,2,True,PASS
Canon 40D,D65,True,0.2,0.5,camera_rgb_wb,1.35731348373,0.0194810824887,0.0143526773455,69.6734118607,2,True,PASS
Canon 40D,D65,True,0.2,0.5,linear_srgb_unclipped,1.32994850785,0.0405040007411,0.0304553150005,32.8349911989,2,True,PASS
Canon 40D,D65,True,0.2,0.5,chromaticity,0.495054908995,0.0205614313757,0.0415336379906,24.0768699392,2,True,PASS
Canon 40D,D65,True,0.2,0.65,camera_rgb_wb,1.30729529239,0.0171144324046,0.013091481706,76.3855476756,2,True,PASS
Canon 40D,D65,True,0.2,0.65,linear_srgb_unclipped,1.28527613543,0.0354008148759,0.0275433534475,36.3063997238,2,True,PASS
Canon 40D,D65,True,0.2,0.65,chromaticity,0.495567976087,0.0186117871043,0.0375564766134,26.6265659128,2,True,PASS
Canon 40D,D65,True,0.2,0.8,camera_rgb_wb,1.26294872992,0.0152304706445,0.0120594528373,82.9225018323,2,True,PASS
Canon 40D,D65,True,0.2,0.8,linear_srgb_unclipped,1.24573488994,0.031352690185,0.0251680276744,39.7329505886,2,True,PASS
Canon 40D,D65,True,0.2,0.8,chromaticity,0.496051874034,0.0170235240404,0.0343180319066,29.139200136,2,True,PASS
Canon 40D,D65,True,0.35,0.2,camera_rgb_wb,0.953107970624,0.017966108655,0.0188500245605,53.0503287565,2,True,PASS
Canon 40D,D65,True,0.35,0.2,linear_srgb_unclipped,0.956323286228,0.0396703514477,0.0414821556884,24.1067510452,2,True,PASS
Canon 40D,D65,True,0.35,0.2,chromaticity,0.448285772744,0.0269244187132,0.0600608369711,16.6497846256,2,True,PASS
Canon 40D,D65,True,0.35,0.35,camera_rgb_wb,0.912661963546,0.0150698497554,0.0165119730605,60.5621143115,2,True,PASS
Canon 40D,D65,True,0.35,0.35,linear_srgb_unclipped,0.92150451099,0.0331180308369,0.0359390870494,27.8248581726,2,True,PASS
Canon 40D,D65,True,0.35,0.35,chromaticity,0.448413419039,0.0234431046779,0.0522801140254,19.1277318086,2,True,PASS
Canon 40D,D65,True,0.35,0.5,camera_rgb_wb,0.878059343549,0.0129430550966,0.014740524307,67.8401920565,2,True,PASS
Canon 40D,D65,True,0.35,0.5,linear_srgb_unclipped,0.891735644372,0.0283201725857,0.0317584844392,31.4876486602,2,True,PASS
Canon 40D,D65,True,0.35,0.5,chromaticity,0.448556555707,0.0208205605246,0.0464168013145,21.5439231416,2,True,PASS
Canon 40D,D65,True,0.35,0.65,camera_rgb_wb,0.847807103162,0.0113112730629,0.0133418002995,74.9524035403,2,True,PASS
Canon 40D,D65,True,0.35,0.65,linear_srgb_unclipped,0.865717163057,0.0246490508152,0.0284724063089,35.1217241406,2,True,PASS
Canon 40D,D65,True,0.35,0.65,chromaticity,0.448676115026,0.0187593906687,0.041810540032,23.9174141074,2,True,PASS
Canon 40D,D65,True,0.35,0.8,camera_rgb_wb,0.820935906224,0.0100178805002,0.0122029995573,81.9470651706,2,True,PASS
Canon 40D,D65,True,0.35,0.8,linear_srgb_unclipped,0.842606668473,0.0217468236316,0.0258089859068,38.746194973,2,True,PASS
Canon 40D,D65,True,0.35,0.8,chromaticity,0.448757128924,0.0170877613367,0.0380779718814,26.2619028953,2,True,PASS
Canon 40D,D65,True,0.5,0.2,camera_rgb_wb,0.640832216732,0.0127480756715,0.0198930005992,50.2689373085,2,True,PASS
Canon 40D,D65,True,0.5,0.2,linear_srgb_unclipped,0.679189553583,0.0285568478969,0.0420454757384,23.7837717956,2,True,PASS
Canon 40D,D65,True,0.5,0.2,chromaticity,0.401453057625,0.0261876608234,0.0652321867428,15.3298555504,2,True,PASS
Canon 40D,D65,True,0.5,0.35,camera_rgb_wb,0.615469846271,0.0106426222538,0.0172918662356,57.830657858,2,True,PASS
Canon 40D,D65,True,0.5,0.35,linear_srgb_unclipped,0.657560144313,0.0237463664201,0.0361128432517,27.6909794399,2,True,PASS
Canon 40D,D65,True,0.5,0.35,chromaticity,0.400947083064,0.0227027497584,0.0566228081394,17.6607277678,2,True,PASS
Canon 40D,D65,True,0.5,0.5,camera_rgb_wb,0.593729588245,0.00910141036423,0.0153292181229,65.2348992612,2,True,PASS
Canon 40D,D65,True,0.5,0.5,linear_srgb_unclipped,0.638983560317,0.0202353062865,0.0316679607163,31.5776569561,2,True,PASS
Canon 40D,D65,True,0.5,0.5,chromaticity,0.400502918431,0.0200871967762,0.0501549323409,19.9382185027,2,True,PASS
Canon 40D,D65,True,0.5,0.65,camera_rgb_wb,0.574687514446,0.00792213444693,0.01378511669,72.5420047206,2,True,PASS
Canon 40D,D65,True,0.5,0.65,linear_srgb_unclipped,0.622675709892,0.0175560805447,0.0281945806875,35.4678089057,2,True,PASS
Canon 40D,D65,True,0.5,0.65,chromaticity,0.40006933782,0.0180380654713,0.0450873480322,22.1791709569,2,True,PASS
Canon 40D,D65,True,0.5,0.8,camera_rgb_wb,0.557743986068,0.00698969382018,0.01253208281,79.7951956719,2,True,PASS
Canon 40D,D65,True,0.5,0.8,linear_srgb_unclipped,0.608128908759,0.0154430937061,0.0253944410201,39.3786970624,2,True,PASS
Canon 40D,D65,True,0.5,0.8,chromaticity,0.399624872236,0.0163809908572,0.0409909192226,24.3956471083,2,True,PASS
Canon 40D,D65,True,0.65,0.2,camera_rgb_wb,0.446933511948,0.00947187083323,0.021193019946,47.1853469939,2,True,PASS
Canon 40D,D65,True,0.65,0.2,linear_srgb_unclipped,0.504140499229,0.0208063305196,0.0412708968063,24.2301495093,2,True,PASS
Canon 40D,D65,True,0.65,0.2,chromaticity,0.356360223392,0.024398602015,0.0684661205529,14.6057640176,2,True,PASS
Canon 40D,D65,True,0.65,0.35,camera_rgb_wb,0.430485358642,0.00788585839642,0.0183185286982,54.5895369916,2,True,PASS
Canon 40D,D65,True,0.65,0.35,linear_srgb_unclipped,0.489894415104,0.0172499783938,0.0352116249174,28.3997118095,2,True,PASS
Canon 40D,D65,True,0.65,0.35,chromaticity,0.355069335509,0.0210918186519,0.0594019717915,16.8344580128,2,True,PASS
Canon 40D,D65,True,0.65,0.5,camera_rgb_wb,0.416355686719,0.00672651768761,0.0161557002875,61.8976573103,2,True,PASS
Canon 40D,D65,True,0.65,0.5,linear_srgb_unclipped,0.477589848504,0.014660777827,0.0306974234753,32.576023874,2,True,PASS
Canon 40D,D65,True,0.65,0.5,chromaticity,0.353940175588,0.0186142925286,0.0525916350064,19.0144307147,2,True,PASS
Canon 40D,D65,True,0.65,0.65,camera_rgb_wb,0.403954150593,0.00584057286938,0.0144585044139,69.1634467418,2,True,PASS
Canon 40D,D65,True,0.65,0.65,linear_srgb_unclipped,0.466731182663,0.0126892426303,0.0271874755783,36.7816422352,2,True,PASS
Canon 40D,D65,True,0.65,0.65,chromaticity,0.352892567067,0.0166765373715,0.0472566977257,21.1610215721,2,True,PASS
Canon 40D,D65,True,0.65,0.8,camera_rgb_wb,0.392897708392,0.00514091043064,0.0130846027371,76.4257058536,2,True,PASS
Canon 40D,D65,True,0.65,0.8,linear_srgb_unclipped,0.456997425967,0.0111373634281,0.024370735578,41.0328197439,2,True,PASS
Canon 40D,D65,True,0.65,0.8,chromaticity,0.351888475899,0.0151120868674,0.0429456714342,23.285233799,2,True,PASS
Canon 40D,D65,True,0.8,0.2,camera_rgb_wb,0.320714604692,0.00718632111638,0.0224072150481,44.6284822927,2,True,PASS
Canon 40D,D65,True,0.8,0.2,linear_srgb_unclipped,0.383847517029,0.0151921577587,0.0395786271494,25.2661618662,2,True,PASS
Canon 40D,D65,True,0.8,0.2,chromaticity,0.314661503661,0.0219350861621,0.0697101040544,14.3451227561,2,True,PASS
Canon 40D,D65,True,0.8,0.35,camera_rgb_wb,0.309752542688,0.00597362727545,0.0192851597717,51.8533427691,2,True,PASS
Canon 40D,D65,True,0.8,0.35,linear_srgb_unclipped,0.374062193787,0.0125675741235,0.0335975523116,29.7640730112,2,True,PASS
Canon 40D,D65,True,0.8,0.35,chromaticity,0.312559193544,0.018931234964,0.0605684790435,16.5102379289,2,True,PASS
Canon 40D,D65,True,0.8,0.5,camera_rgb_wb,0.300310852632,0.00508791152688,0.0169421500498,59.0243857516,2,True,PASS
Canon 40D,D65,True,0.8,0.5,linear_srgb_unclipped,0.36555638,0.0106606327141,0.0291627592825,34.2903080711,2,True,PASS
Canon 40D,D65,True,0.8,0.5,chromaticity,0.310748728668,0.016681102049,0.05368035493,18.6287888987,2,True,PASS
Canon 40D,D65,True,0.8,0.65,camera_rgb_wb,0.292003628722,0.00441158791566,0.0151079900444,66.1901415781,2,True,PASS
Canon 40D,D65,True,0.8,0.65,linear_srgb_unclipped,0.358007136817,0.00921112121626,0.0257288759609,38.8668359054,2,True,PASS
Canon 40D,D65,True,0.8,0.65,chromaticity,0.309110798124,0.0149220113235,0.0482739891782,20.7150893685,2,True,PASS
Canon 40D,D65,True,0.8,0.8,camera_rgb_wb,0.284580403871,0.00387786787465,0.0136266159648,73.3857916438,2,True,PASS
Canon 40D,D65,True,0.8,0.8,linear_srgb_unclipped,0.351204845221,0.0080719126039,0.0229834887352,43.5094955131,2,True,PASS
Canon 40D,D65,True,0.8,0.8,chromaticity,0.307584734815,0.0135027125675,0.0438991635122,22.7794773292,2,True,PASS
Canon 500D,D65,True,0.2,0.2,camera_rgb_wb,1.46658781064,0.0203559073458,0.0138797739884,72.0472826747,2,True,PASS
Canon 500D,D65,True,0.2,0.2,linear_srgb_unclipped,1.41788376371,0.0489608011252,0.0345308990611,28.9595703324,2,True,PASS
Canon 500D,D65,True,0.2,0.2,chromaticity,0.413843939261,0.0174696768576,0.042213199712,23.6892727114,2,True,PASS
Canon 500D,D65,True,0.2,0.35,camera_rgb_wb,1.39735639305,0.0173333656796,0.0124043985957,80.6165645425,2,True,PASS
Canon 500D,D65,True,0.2,0.35,linear_srgb_unclipped,1.35565110293,0.0413889322275,0.0305306668788,32.7539520827,2,True,PASS
Canon 500D,D65,True,0.2,0.35,chromaticity,0.414222323631,0.0154890879973,0.0373931753882,26.7428478491,2,True,PASS
Canon 500D,D65,True,0.2,0.5,camera_rgb_wb,1.33840256968,0.0150770333415,0.011264946499,88.7709497858,2,True,PASS
Canon 500D,D65,True,0.2,0.5,linear_srgb_unclipped,1.30284299412,0.0357638680827,0.0274506354519,36.4290291841,2,True,PASS
Canon 500D,D65,True,0.2,0.5,chromaticity,0.414701299916,0.0139661759248,0.0336776757817,29.6932604993,2,True,PASS
Canon 500D,D65,True,0.2,0.65,camera_rgb_wb,1.28706481874,0.0133226897437,0.0103512189516,96.6069797839,2,True,PASS
Canon 500D,D65,True,0.2,0.65,linear_srgb_unclipped,1.25699711124,0.0314101984466,0.0249882821255,40.0187573911,2,True,PASS
Canon 500D,D65,True,0.2,0.65,chromaticity,0.415221098948,0.0127489168635,0.030703923514,32.5691275104,2,True,PASS
Canon 500D,D65,True,0.2,0.8,camera_rgb_wb,1.2416227307,0.011916402714,0.00959744245924,104.194425155,2,True,PASS
Canon 500D,D65,True,0.2,0.8,linear_srgb_unclipped,1.21652448989,0.0279351312118,0.0229630652272,43.5481931573,2,True,PASS
Canon 500D,D65,True,0.2,0.8,chromaticity,0.415751116527,0.0117471865176,0.0282553336615,35.3915480872,2,True,PASS
Canon 500D,D65,True,0.35,0.2,camera_rgb_wb,0.938768200015,0.0126624720719,0.0134883905012,74.1378298552,2,True,PASS
Canon 500D,D65,True,0.35,0.2,linear_srgb_unclipped,0.94015053492,0.0342676426145,0.0364491018637,27.4355182671,2,True,PASS
Canon 500D,D65,True,0.35,0.2,chromaticity,0.374270972578,0.0186416386988,0.0498078666651,20.0771497949,2,True,PASS
Canon 500D,D65,True,0.35,0.35,camera_rgb_wb,0.896634594685,0.0107059531249,0.0119401517501,83.7510293782,2,True,PASS
Canon 500D,D65,True,0.35,0.35,linear_srgb_unclipped,0.904035866454,0.0287574763911,0.0318101056144,31.4365507654,2,True,PASS
Canon 500D,D65,True,0.35,0.35,chromaticity,0.374801170658,0.0163790204332,0.0437005583638,22.8830028137,2,True,PASS
Canon 500D,D65,True,0.35,0.5,camera_rgb_wb,0.860675867397,0.00925788841467,0.0107565330519,92.9667575204,2,True,PASS
Canon 500D,D65,True,0.35,0.5,linear_srgb_unclipped,0.87326177191,0.0246971825287,0.0282815340407,35.3587608989,2,True,PASS
Canon 500D,D65,True,0.35,0.5,chromaticity,0.375336184246,0.014658293071,0.0390537701565,25.6057224691,2,True,PASS
Canon 500D,D65,True,0.35,0.65,camera_rgb_wb,0.829300464468,0.00813950323449,0.00981490253923,101.885881801,2,True,PASS
Canon 500D,D65,True,0.35,0.65,linear_srgb_unclipped,0.846440389185,0.02157452153,0.0254885303273,39.2333330781,2,True,PASS
Canon 500D,D65,True,0.35,0.65,chromaticity,0.37584452466,0.013294939302,0.0353735080059,28.2697435559,2,True,PASS
Canon 500D,D65,True,0.35,0.8,camera_rgb_wb,0.801478849394,0.00724794923705,0.00904321959653,110.580085922,2,True,PASS
Canon 500D,D65,True,0.35,0.8,linear_srgb_unclipped,0.82267565941,0.0190951702685,0.0232110553534,43.0829182376,2,True,PASS
Canon 500D,D65,True,0.35,0.8,chromaticity,0.376313703569,0.0121813227515,0.0323701279967,30.892679822,2,True,PASS
Canon 500D,D65,True,0.5,0.2,camera_rgb_wb,0.62478897782,0.00833740785274,0.0133443580932,74.9380369602,2,True,PASS
Canon 500D,D65,True,0.5,0.2,linear_srgb_unclipped,0.668336116156,0.0246843384252,0.0369340184205,27.0753100465,2,True,PASS
Canon 500D,D65,True,0.5,0.2,chromaticity,0.335258976418,0.0186870069302,0.055739020413,17.9407530414,2,True,PASS
Canon 500D,D65,True,0.5,0.35,camera_rgb_wb,0.59812562538,0.00700644706039,0.011714005826,85.3678933451,2,True,PASS
Canon 500D,D65,True,0.5,0.35,linear_srgb_unclipped,0.645720608938,0.0206093109897,0.0319167619933,31.3314991104,2,True,PASS
Canon 500D,D65,True,0.5,0.35,chromaticity,0.335574948293,0.0163191606809,0.0486304498112,20.5632480037,2,True,PASS
Canon 500D,D65,True,0.5,0.5,camera_rgb_wb,0.575334891796,0.00602670437004,0.0104751240642,95.4642631312,2,True,PASS
Canon 500D,D65,True,0.5,0.5,linear_srgb_unclipped,0.626367139863,0.0176211418449,0.0281322897123,35.5463423073,2,True,PASS
Canon 500D,D65,True,0.5,0.5,chromaticity,0.335873836655,0.0145299328059,0.0432600912015,23.1159938,2,True,PASS
Canon 500D,D65,True,0.5,0.65,camera_rgb_wb,0.555420395383,0.00527336107687,0.00949435980512,105.325690255,2,True,PASS
Canon 500D,D65,True,0.5,0.65,linear_srgb_unclipped,0.609429995097,0.0153320525903,0.02515802096,39.7487545458,2,True,PASS
Canon 500D,D65,True,0.5,0.65,chromaticity,0.33613130907,0.0131197583292,0.0390316461907,25.6202363363,2,True,PASS
Canon 500D,D65,True,0.5,0.8,camera_rgb_wb,0.537737761552,0.0046750813964,0.00869398009712,115.022117469,2,True,PASS
Canon 500D,D65,True,0.5,0.8,linear_srgb_unclipped,0.594363610999,0.0135206642379,0.0227481359687,43.959645809,2,True,PASS
Canon 500D,D65,True,0.5,0.8,chromaticity,0.336340052833,0.0119731707446,0.0355984089427,28.0911431073,2,True,PASS
Canon 500D,D65,True,0.65,0.2,camera_rgb_wb,0.429571450456,0.00598564599002,0.013933993946,71.7669322864,2,True,PASS
Canon 500D,D65,True,0.65,0.2,linear_srgb_unclipped,0.496670323869,0.0181460515586,0.0365354052508,27.3707104968,2,True,PASS
Canon 500D,D65,True,0.65,0.2,chromaticity,0.298482612354,0.0178316079341,0.0597408599232,16.7389622661,2,True,PASS
Canon 500D,D65,True,0.65,0.35,camera_rgb_wb,0.412167364031,0.00501000213578,0.0121552616073,82.2688998649,2,True,PASS
Canon 500D,D65,True,0.65,0.35,linear_srgb_unclipped,0.481646107003,0.0150943553949,0.0313390997568,31.909021247,2,True,PASS
Canon 500D,D65,True,0.65,0.35,chromaticity,0.298330794348,0.0155102558439,0.0519901268583,19.234421234,2,True,PASS
Canon 500D,D65,True,0.65,0.5,camera_rgb_wb,0.397270751166,0.00429356292055,0.0108076492114,92.5270593486,2,True,PASS
Canon 500D,D65,True,0.65,0.5,linear_srgb_unclipped,0.468724249935,0.0128641403565,0.0274450070767,36.4364999872,2,True,PASS
Canon 500D,D65,True,0.65,0.5,chromaticity,0.298201260101,0.0137621520605,0.0461505496518,21.6682143018,2,True,PASS
Canon 500D,D65,True,0.65,0.65,camera_rgb_wb,0.384236965999,0.00374383587986,0.00974355986318,102.631893686,2,True,PASS
Canon 500D,D65,True,0.65,0.65,linear_srgb_unclipped,0.457362356504,0.0111604820887,0.0244018379081,40.9805197366,2,True,PASS
Canon 500D,D65,True,0.65,0.65,chromaticity,0.298058527651,0.0123884528497,0.0415638262302,24.0593826579,2,True,PASS
Canon 500D,D65,True,0.65,0.8,camera_rgb_wb,0.372649310832,0.00330808180721,0.00887719824256,112.648154595,2,True,PASS
Canon 500D,D65,True,0.65,0.8,linear_srgb_unclipped,0.447210508915,0.00981567469446,0.0219486673475,45.5608527009,2,True,PASS
Canon 500D,D65,True,0.65,0.8,chromaticity,0.297889368839,0.0112745128948,0.0378479867838,26.4214846013,2,True,PASS
Canon 500D,D65,True,0.8,0.2,camera_rgb_wb,0.303192805719,0.00457499211961,0.0150893821796,66.2717656758,2,True,PASS
Canon 500D,D65,True,0.8,0.2,linear_srgb_unclipped,0.378498007075,0.0134018170435,0.0354078932861,28.242290269,2,True,PASS
Canon 500D,D65,True,0.8,0.2,chromaticity,0.264835002941,0.0163566199388,0.0617615487271,16.1913038227,2,True,PASS
Canon 500D,D65,True,0.8,0.35,camera_rgb_wb,0.291555160856,0.00382151159047,0.0131073364616,76.2931510094,2,True,PASS
Canon 500D,D65,True,0.8,0.35,linear_srgb_unclipped,0.368098210795,0.011118120651,0.0302042235602,33.1079525354,2,True,PASS
Canon 500D,D65,True,0.8,0.35,chromaticity,0.264084818514,0.014192776621,0.0537432507512,18.6069875942,2,True,PASS
Canon 500D,D65,True,0.8,0.5,camera_rgb_wb,0.281578909185,0.00326868971476,0.0116084323369,86.1442760727,2,True,PASS
Canon 500D,D65,True,0.8,0.5,linear_srgb_unclipped,0.359102964587,0.00945345635282,0.026325197186,37.9864201181,2,True,PASS
Canon 500D,D65,True,0.8,0.5,chromaticity,0.263437705717,0.0125653678377,0.0476976817098,20.9653795353,2,True,PASS
Canon 500D,D65,True,0.8,0.65,camera_rgb_wb,0.272837403216,0.00284484831367,0.0104268999783,95.9057823591,2,True,PASS
Canon 500D,D65,True,0.8,0.65,linear_srgb_unclipped,0.351153208649,0.00818456788621,0.0233076836111,42.9043064376,2,True,PASS
Canon 500D,D65,True,0.8,0.65,chromaticity,0.262834127528,0.0112881720215,0.0429478931357,23.2840292501,2,True,PASS
Canon 500D,D65,True,0.8,0.8,camera_rgb_wb,0.265054927811,0.00250913974732,0.00946648971232,105.635777399,2,True,PASS
Canon 500D,D65,True,0.8,0.8,linear_srgb_unclipped,0.344016902928,0.00718486018817,0.0208851952536,47.8808068519,2,True,PASS
Canon 500D,D65,True,0.8,0.8,chromaticity,0.262247175281,0.0102538554919,0.0390999654465,25.5754701719,2,True,PASS
Canon 50D,D65,True,0.2,0.2,camera_rgb_wb,1.46881027199,0.0203077484343,0.0138259847589,72.3275786453,2,True,PASS
Canon 50D,D65,True,0.2,0.2,linear_srgb_unclipped,1.42414391251,0.04940378147,0.0346901609002,28.8266175206,2,True,PASS
Canon 50D,D65,True,0.2,0.2,chromaticity,0.420121314972,0.0189511869619,0.0451088442468,22.1686016722,2,True,PASS
Canon 50D,D65,True,0.2,0.35,camera_rgb_wb,1.40026824531,0.0172861993241,0.012344919898,81.0049808557,2,True,PASS
Canon 50D,D65,True,0.2,0.35,linear_srgb_unclipped,1.36264230122,0.041668891178,0.0305794786649,32.7016693437,2,True,PASS
Canon 50D,D65,True,0.2,0.35,chromaticity,0.42021796414,0.0167423273462,0.0398420076603,25.0991367836,2,True,PASS
Canon 50D,D65,True,0.2,0.5,camera_rgb_wb,1.34187246653,0.0150307279072,0.0112013088294,89.2752815974,2,True,PASS
Canon 50D,D65,True,0.2,0.5,linear_srgb_unclipped,1.31042949808,0.0359373392126,0.0274240920745,36.4642883084,2,True,PASS
Canon 50D,D65,True,0.2,0.5,chromaticity,0.420454292343,0.0150507414471,0.0357963795854,27.9357860091,2,True,PASS
Canon 50D,D65,True,0.2,0.65,camera_rgb_wb,1.29099922965,0.0132774478115,0.0102846287639,97.2324838311,2,True,PASS
Canon 50D,D65,True,0.2,0.65,linear_srgb_unclipped,1.26508057656,0.0315108903328,0.0249082081542,40.147408188,2,True,PASS
Canon 50D,D65,True,0.2,0.65,chromaticity,0.420757587329,0.0137033804319,0.0325683501488,30.7046563744,2,True,PASS
Canon 50D,D65,True,0.2,0.8,camera_rgb_wb,1.24595153601,0.011872401646,0.00952878286423,104.94519754,2,True,PASS
Canon 50D,D65,True,0.2,0.8,linear_srgb_unclipped,1.22503000628,0.0279844407178,0.0228438818432,43.7753971442,2,True,PASS
Canon 50D,D65,True,0.2,0.8,chromaticity,0.42108996686,0.0125980291271,0.0299176663388,33.4250669379,2,True,PASS
Canon 50D,D65,True,0.35,0.2,camera_rgb_wb,0.942585510827,0.0131215979093,0.0139208567908,71.8346589599,2,True,PASS
Canon 50D,D65,True,0.35,0.2,linear_srgb_unclipped,0.94673351772,0.0351268209632,0.0371031766656,26.9518701596,2,True,PASS
Canon 50D,D65,True,0.35,0.2,chromaticity,0.378500221212,0.0199335635183,0.0526646020298,18.9880861425,2,True,PASS
Canon 50D,D65,True,0.35,0.35,camera_rgb_wb,0.90097528125,0.0110695944635,0.012286235476,81.3918959922,2,True,PASS
Canon 50D,D65,True,0.35,0.35,linear_srgb_unclipped,0.911234210088,0.0293982788052,0.0322620446859,30.9961755287,2,True,PASS
Canon 50D,D65,True,0.35,0.35,chromaticity,0.37872117046,0.017462673769,0.0461095791076,21.6874675361,2,True,PASS
Canon 50D,D65,True,0.35,0.5,camera_rgb_wb,0.865434058114,0.00955366692485,0.0110391621814,90.5865847032,2,True,PASS
Canon 50D,D65,True,0.35,0.5,linear_srgb_unclipped,0.880945511416,0.0251887626447,0.0285928724516,34.9737509476,2,True,PASS
Canon 50D,D65,True,0.35,0.5,chromaticity,0.378989974435,0.0155888252723,0.0411325531647,24.3116442589,2,True,PASS
Canon 50D,D65,True,0.35,0.65,camera_rgb_wb,0.834401447766,0.00838488557902,0.0100489825389,99.5125622052,2,True,PASS
Canon 50D,D65,True,0.35,0.65,linear_srgb_unclipped,0.854517319919,0.0219591386526,0.0256977104392,38.9139726033,2,True,PASS
Canon 50D,D65,True,0.35,0.65,chromaticity,0.379261200281,0.0141079628711,0.0371985398471,26.8827756173,2,True,PASS
Canon 50D,D65,True,0.35,0.8,camera_rgb_wb,0.806867057397,0.00745462678829,0.00923897774727,108.237082863,2,True,PASS
Canon 50D,D65,True,0.35,0.8,linear_srgb_unclipped,0.83107687852,0.0194003494524,0.0233436279529,42.838242711,2,True,PASS
Canon 50D,D65,True,0.35,0.8,chromaticity,0.379514519038,0.0129012238562,0.0339940192245,29.4169392973,2,True,PASS
Canon 50D,D65,True,0.5,0.2,camera_rgb_wb,0.629259984755,0.00904233679364,0.0143697946996,69.5904166275,2,True,PASS
Canon 50D,D65,True,0.5,0.2,linear_srgb_unclipped,0.674006359488,0.0255445786352,0.0378996107019,26.3854952987,2,True,PASS
Canon 50D,D65,True,0.5,0.2,chromaticity,0.338056703853,0.0197280136602,0.0583571141626,17.1358713389,2,True,PASS
Canon 50D,D65,True,0.5,0.35,camera_rgb_wb,0.60297921573,0.00757514540262,0.0125628632049,79.5996886768,2,True,PASS
Canon 50D,D65,True,0.5,0.35,linear_srgb_unclipped,0.651874576943,0.0212664788044,0.0326235744675,30.6526803492,2,True,PASS
Canon 50D,D65,True,0.5,0.35,chromaticity,0.338036856557,0.0171846316286,0.0508365620354,19.6708817426,2,True,PASS
Canon 50D,D65,True,0.5,0.5,camera_rgb_wb,0.580489365767,0.00649783152592,0.0111937132859,89.3358597328,2,True,PASS
Canon 50D,D65,True,0.5,0.5,linear_srgb_unclipped,0.632894534607,0.0181383360514,0.0286593343118,34.8926457649,2,True,PASS
Canon 50D,D65,True,0.5,0.5,chromaticity,0.338049744833,0.0152668942173,0.045161679459,22.1426663485,2,True,PASS
Canon 50D,D65,True,0.5,0.65,camera_rgb_wb,0.560818480635,0.00567136990257,0.0101126658596,98.8858935794,2,True,PASS
Canon 50D,D65,True,0.5,0.65,linear_srgb_unclipped,0.616253565541,0.0157480116352,0.0255544349205,39.132150764,2,True,PASS
Canon 50D,D65,True,0.5,0.65,chromaticity,0.338054989022,0.0137585600835,0.0406991777382,24.5705209681,2,True,PASS
Canon 50D,D65,True,0.5,0.8,camera_rgb_wb,0.543337114406,0.00501640403641,0.00923258121597,108.312071847,2,True,PASS
Canon 50D,D65,True,0.5,0.8,linear_srgb_unclipped,0.601426329883,0.0138607448357,0.0230464549804,43.3906212844,2,True,PASS
Canon 50D,D65,True,0.5,0.8,chromaticity,0.338036251389,0.0125345632835,0.0370805297715,26.9683309856,2,True,PASS
Canon 50D,D65,True,0.65,0.2,camera_rgb_wb,0.434048067931,0.00669096148959,0.0154152546318,64.8708064762,2,True,PASS
Canon 50D,D65,True,0.65,0.2,linear_srgb_unclipped,0.501049600522,0.0188123144342,0.0375458126592,26.6341285266,2,True,PASS
Canon 50D,D65,True,0.65,0.2,chromaticity,0.300364531072,0.0185968460884,0.0619142547291,16.151369412,2,True,PASS
Canon 50D,D65,True,0.65,0.35,camera_rgb_wb,0.416919011395,0.00558281886354,0.0133906555253,74.6789429473,2,True,PASS
Canon 50D,D65,True,0.65,0.35,linear_srgb_unclipped,0.486397793095,0.0156052126385,0.032083230763,31.1689308158,2,True,PASS
Canon 50D,D65,True,0.65,0.35,chromaticity,0.299857136621,0.0161399746144,0.0538255477135,18.5785383053,2,True,PASS
Canon 50D,D65,True,0.65,0.5,camera_rgb_wb,0.402235546918,0.00477125048789,0.0118618320147,84.3040095966,2,True,PASS
Canon 50D,D65,True,0.65,0.5,linear_srgb_unclipped,0.473760227863,0.0132679651443,0.0280056542614,35.7070751022,2,True,PASS
Canon 50D,D65,True,0.65,0.5,chromaticity,0.29942963117,0.014292967189,0.0477339772057,20.9494380845,2,True,PASS
Canon 50D,D65,True,0.65,0.65,camera_rgb_wb,0.389371765213,0.0041500306374,0.0106582731676,93.8238290831,2,True,PASS
Canon 50D,D65,True,0.65,0.65,linear_srgb_unclipped,0.462621306964,0.0114869226771,0.0248300770072,40.2737373593,2,True,PASS
Canon 50D,D65,True,0.65,0.65,chromaticity,0.299027837644,0.012844047977,0.0429526831957,23.2814326277,2,True,PASS
Canon 50D,D65,True,0.65,0.8,camera_rgb_wb,0.377922376117,0.00365868681537,0.00968105369405,103.294541235,2,True,PASS
Canon 50D,D65,True,0.65,0.8,linear_srgb_unclipped,0.452647458526,0.0100841132919,0.0222780733703,44.8871849634,2,True,PASS
Canon 50D,D65,True,0.65,0.8,chromaticity,0.298628021255,0.01167108219,0.0390823411044,25.5870035351,2,True,PASS
Canon 50D,D65,True,0.8,0.2,camera_rgb_wb,0.307318873303,0.00515234218816,0.0167654597089,59.6464407992,2,True,PASS
Canon 50D,D65,True,0.8,0.2,linear_srgb_unclipped,0.381690431453,0.0138586856618,0.0363087060084,27.5416039274,2,True,PASS
Canon 50D,D65,True,0.8,0.2,chromaticity,0.266178419306,0.0168564350693,0.0633275797237,15.7909082325,2,True,PASS
Canon 50D,D65,True,0.8,0.35,camera_rgb_wb,0.295877184151,0.00429113566844,0.0145030975631,68.9507876265,2,True,PASS
Canon 50D,D65,True,0.8,0.35,linear_srgb_unclipped,0.37157653447,0.0114675021187,0.0308617500161,32.4025695068,2,True,PASS
Canon 50D,D65,True,0.8,0.35,chromaticity,0.265064082752,0.0145980443143,0.0550736416746,18.1575063786,2,True,PASS
Canon 50D,D65,True,0.8,0.5,camera_rgb_wb,0.286050490547,0.00366101395996,0.0127984886618,78.1342255656,2,True,PASS
Canon 50D,D65,True,0.8,0.5,linear_srgb_unclipped,0.362798717635,0.0097290896234,0.0268167696039,37.2900992465,2,True,PASS
Canon 50D,D65,True,0.8,0.5,chromaticity,0.264117246811,0.0129018059283,0.0488487824408,20.4713393054,2,True,PASS
Canon 50D,D65,True,0.8,0.65,camera_rgb_wb,0.277426342142,0.00317908893724,0.0114592180133,87.2659896025,2,True,PASS
Canon 50D,D65,True,0.8,0.65,linear_srgb_unclipped,0.355018844159,0.00840705705815,0.0236805938515,42.2286707112,2,True,PASS
Canon 50D,D65,True,0.8,0.65,chromaticity,0.263257182523,0.0115725118933,0.0439589597608,22.7484909889,2,True,PASS
Canon 50D,D65,True,0.8,0.8,camera_rgb_wb,0.269737644644,0.00279821713656,0.0103738472999,96.3962521421,2,True,PASS
Canon 50D,D65,True,0.8,0.8,linear_srgb_unclipped,0.348017636772,0.00736763196141,0.021170283293,47.2360235412,2,True,PASS
Canon 50D,D65,True,0.8,0.8,chromaticity,0.262445086419,0.0104975601176,0.0399990727997,25.0005795136,2,True,PASS
Canon 5DMarkII,D65,True,0.2,0.2,camera_rgb_wb,1.47333800588,0.0262291090778,0.0178025062634,56.1718662082,2,True,PASS
Canon 5DMarkII,D65,True,0.2,0.2,linear_srgb_unclipped,1.4300028186,0.0527579559536,0.0368936027729,27.1049700989,2,True,PASS
Canon 5DMarkII,D65,True,0.2,0.2,chromaticity,0.48646093781,0.0236226826148,0.0485602867131,20.5929591378,2,True,PASS
Canon 5DMarkII,D65,True,0.2,0.35,camera_rgb_wb,1.40488826201,0.0222806737541,0.0158593920646,63.0541193463,2,True,PASS
Canon 5DMarkII,D65,True,0.2,0.35,linear_srgb_unclipped,1.36869731076,0.0444360797208,0.0324659655363,30.8014865254,2,True,PASS
Canon 5DMarkII,D65,True,0.2,0.35,chromaticity,0.486695642301,0.0208350963209,0.0428092929339,23.3594140773,2,True,PASS
Canon 5DMarkII,D65,True,0.2,0.5,camera_rgb_wb,1.34654329767,0.0193441200675,0.0143657616514,69.6099534621,2,True,PASS
Canon 5DMarkII,D65,True,0.2,0.5,linear_srgb_unclipped,1.31657739295,0.0382855814922,0.0290796285103,34.3883347631,2,True,PASS
Canon 5DMarkII,D65,True,0.2,0.5,chromaticity,0.487042847463,0.018706546817,0.0384084211778,26.0359569421,2,True,PASS
Canon 5DMarkII,D65,True,0.2,0.65,camera_rgb_wb,1.29569649124,0.0170671467907,0.0131721795236,75.9175805501,2,True,PASS
Canon 5DMarkII,D65,True,0.2,0.65,linear_srgb_unclipped,1.27125731052,0.0335445571757,0.0263869138829,37.8975731849,2,True,PASS
Canon 5DMarkII,D65,True,0.2,0.65,chromaticity,0.48743734486,0.0170148120505,0.0349066648871,28.647824226,2,True,PASS
Canon 5DMarkII,D65,True,0.2,0.8,camera_rgb_wb,1.25066003903,0.0152458507038,0.0121902437338,82.0328142604,2,True,PASS
Canon 5DMarkII,D65,True,0.2,0.8,linear_srgb_unclipped,1.23119399485,0.0297730522816,0.0241822591779,41.352629324,2,True,PASS
Canon 5DMarkII,D65,True,0.2,0.8,chromaticity,0.487845688406,0.0156293364778,0.0320374594861,31.2134612432,2,True,PASS
Canon 5DMarkII,D65,True,0.35,0.2,camera_rgb_wb,0.942594468626,0.0167318051067,0.0177507991651,56.3354917544,2,True,PASS
Canon 5DMarkII,D65,True,0.35,0.2,linear_srgb_unclipped,0.947915571132,0.0370090028146,0.0390425096302,25.6131075966,2,True,PASS
Canon 5DMarkII,D65,True,0.35,0.2,chromaticity,0.438665433076,0.0249682343573,0.0569186274428,17.568940871,2,True,PASS
Canon 5DMarkII,D65,True,0.35,0.35,camera_rgb_wb,0.901345590734,0.0141134578602,0.0156582092432,63.8642634331,2,True,PASS
Canon 5DMarkII,D65,True,0.35,0.35,linear_srgb_unclipped,0.912431229906,0.0309648476766,0.0339366372629,29.4666791012,2,True,PASS
Canon 5DMarkII,D65,True,0.35,0.35,chromaticity,0.438937963708,0.0218506348847,0.0497806904195,20.0881103009,2,True,PASS
Canon 5DMarkII,D65,True,0.35,0.5,camera_rgb_wb,0.866097664342,0.0121814200531,0.0140647187431,71.0998931627,2,True,PASS
Canon 5DMarkII,D65,True,0.35,0.5,linear_srgb_unclipped,0.882136929973,0.0265280230834,0.0300724549467,33.2530218026,2,True,PASS
Canon 5DMarkII,D65,True,0.35,0.5,chromaticity,0.439236001141,0.0194907973889,0.0443743166277,22.5355583138,2,True,PASS
Canon 5DMarkII,D65,True,0.35,0.65,camera_rgb_wb,0.835310841394,0.0106927935446,0.012800975415,78.1190469929,2,True,PASS
Canon 5DMarkII,D65,True,0.35,0.65,linear_srgb_unclipped,0.85569112344,0.0231265728236,0.0270267765905,37.0003428508,2,True,PASS
Canon 5DMarkII,D65,True,0.35,0.65,chromaticity,0.439520785424,0.0176284202941,0.0401082744632,24.9325111435,2,True,PASS
Canon 5DMarkII,D65,True,0.35,0.8,camera_rgb_wb,0.807987214277,0.00950841333333,0.0117680245,84.9760297488,2,True,PASS
Canon 5DMarkII,D65,True,0.35,0.8,linear_srgb_unclipped,0.832225916853,0.0204331987631,0.0245524662827,40.7291059271,2,True,PASS
Canon 5DMarkII,D65,True,0.35,0.8,chromaticity,0.439775840183,0.016112409808,0.0366377784675,27.2942313052,2,True,PASS
Canon 5DMarkII,D65,True,0.5,0.2,camera_rgb_wb,0.630323559411,0.0112139237344,0.0177907418611,56.2090107209,2,True,PASS
Canon 5DMarkII,D65,True,0.5,0.2,linear_srgb_unclipped,0.673431451152,0.0265994299604,0.0394983482208,25.3175144037,2,True,PASS
Canon 5DMarkII,D65,True,0.5,0.2,chromaticity,0.390987142381,0.0249132699608,0.0637188982971,15.6939311056,2,True,PASS
Canon 5DMarkII,D65,True,0.5,0.35,camera_rgb_wb,0.60435996692,0.00940295534904,0.0155585344227,64.2734060183,2,True,PASS
Canon 5DMarkII,D65,True,0.5,0.35,linear_srgb_unclipped,0.651306921343,0.0221489436064,0.034006921899,29.4057781227,2,True,PASS
Canon 5DMarkII,D65,True,0.5,0.35,chromaticity,0.390941281084,0.021684926563,0.0554685002895,18.0282501741,2,True,PASS
Canon 5DMarkII,D65,True,0.5,0.5,camera_rgb_wb,0.582132009391,0.00807338657804,0.0138686525527,72.1050582385,2,True,PASS
Canon 5DMarkII,D65,True,0.5,0.5,linear_srgb_unclipped,0.632330862535,0.018895892585,0.02988292001,33.4639318937,2,True,PASS
Canon 5DMarkII,D65,True,0.5,0.5,chromaticity,0.390911778636,0.0192541769201,0.0492545325376,20.3027000457,2,True,PASS
Canon 5DMarkII,D65,True,0.5,0.65,camera_rgb_wb,0.562683281572,0.00705332260407,0.0125351558062,79.7756338619,2,True,PASS
Canon 5DMarkII,D65,True,0.5,0.65,linear_srgb_unclipped,0.615691933156,0.0164107707584,0.0266541916089,37.5175512608,2,True,PASS
Canon 5DMarkII,D65,True,0.5,0.65,chromaticity,0.390863706882,0.0173442751225,0.0443742276838,22.5356034842,2,True,PASS
Canon 5DMarkII,D65,True,0.5,0.8,camera_rgb_wb,0.545394093877,0.00624477206848,0.0114500177735,87.3361089719,2,True,PASS
Canon 5DMarkII,D65,True,0.5,0.8,linear_srgb_unclipped,0.600865629992,0.0144490284285,0.0240470210098,41.5851925939,2,True,PASS
Canon 5DMarkII,D65,True,0.5,0.8,chromaticity,0.39078378628,0.0157956014173,0.0404203090607,24.740038442,2,True,PASS
Canon 5DMarkII,D65,True,0.65,0.2,camera_rgb_wb,0.436971101383,0.00803499714507,0.0183879371419,54.3834793584,2,True,PASS
Canon 5DMarkII,D65,True,0.65,0.2,linear_srgb_unclipped,0.500166713823,0.0194373730889,0.0388617885832,25.7322175962,2,True,PASS
Canon 5DMarkII,D65,True,0.65,0.2,chromaticity,0.345973434527,0.0237182589467,0.0685551449323,14.5867972562,2,True,PASS
Canon 5DMarkII,D65,True,0.65,0.35,camera_rgb_wb,0.420051839701,0.0067102893795,0.0159749077264,62.5981706517,2,True,PASS
Canon 5DMarkII,D65,True,0.65,0.35,linear_srgb_unclipped,0.485530370231,0.0161293665768,0.0332200981972,30.1022590019,2,True,PASS
Canon 5DMarkII,D65,True,0.65,0.35,chromaticity,0.345366203154,0.0205708638886,0.0595624693464,16.7890957338,2,True,PASS
Canon 5DMarkII,D65,True,0.65,0.5,camera_rgb_wb,0.40554073794,0.00574015320977,0.0141543195855,70.649810749,2,True,PASS
Canon 5DMarkII,D65,True,0.65,0.5,linear_srgb_unclipped,0.47290711569,0.0137187137765,0.029009319846,34.4716803189,2,True,PASS
Canon 5DMarkII,D65,True,0.65,0.5,chromaticity,0.344831557305,0.0182077183277,0.0528017750752,18.9387572402,2,True,PASS
Canon 5DMarkII,D65,True,0.65,0.65,camera_rgb_wb,0.392822175431,0.00499752375645,0.0127221019307,78.6033633004,2,True,PASS
Canon 5DMarkII,D65,True,0.65,0.65,linear_srgb_unclipped,0.46178152113,0.0118818227782,0.0257303989754,38.8645353287,2,True,PASS
Canon 5DMarkII,D65,True,0.65,0.65,chromaticity,0.34431835835,0.0163555424869,0.0475012211527,21.0520903618,2,True,PASS
Canon 5DMarkII,D65,True,0.65,0.8,camera_rgb_wb,0.381497405125,0.00441009460192,0.0115599596293,86.5054924126,2,True,PASS
Canon 5DMarkII,D65,True,0.65,0.8,linear_srgb_unclipped,0.451820232348,0.010435057926,0.0230955968302,43.2982965261,2,True,PASS
Canon 5DMarkII,D65,True,0.65,0.8,chromaticity,0.343804486649,0.0148571210972,0.0432138662355,23.1407204935,2,True,PASS
Canon 5DMarkII,D65,True,0.8,0.2,camera_rgb_wb,0.31148926387,0.0060300700546,0.0193588375396,51.6559942172,2,True,PASS
Canon 5DMarkII,D65,True,0.8,0.2,linear_srgb_unclipped,0.380977785475,0.014258347308,0.0374256658828,26.7196314725,2,True,PASS
Canon 5DMarkII,D65,True,0.8,0.2,chromaticity,0.304994501756,0.0217255075839,0.071232456516,14.0385443506,2,True,PASS
Canon 5DMarkII,D65,True,0.8,0.35,camera_rgb_wb,0.300164608585,0.00502452444641,0.0167392300848,59.7399041015,2,True,PASS
Canon 5DMarkII,D65,True,0.8,0.35,linear_srgb_unclipped,0.370880842514,0.0118027738676,0.0318236277387,31.4231931134,2,True,PASS
Canon 5DMarkII,D65,True,0.8,0.35,chromaticity,0.303710027545,0.01880175113,0.0619069158895,16.1532840981,2,True,PASS
Canon 5DMarkII,D65,True,0.8,0.5,camera_rgb_wb,0.290431548093,0.00428895367626,0.0147675199352,67.7161774211,2,True,PASS
Canon 5DMarkII,D65,True,0.8,0.5,linear_srgb_unclipped,0.362118595448,0.0100174124254,0.0276633471778,36.1489155153,2,True,PASS
Canon 5DMarkII,D65,True,0.8,0.5,chromaticity,0.30259801982,0.0166084979541,0.0548863405119,18.2194693739,2,True,PASS
Canon 5DMarkII,D65,True,0.8,0.65,camera_rgb_wb,0.281884127805,0.00372648053858,0.0132199019774,75.6435260796,2,True,PASS
Canon 5DMarkII,D65,True,0.8,0.65,linear_srgb_unclipped,0.354353112007,0.00865960717978,0.0244377906849,40.920229365,2,True,PASS
Canon 5DMarkII,D65,True,0.8,0.65,chromaticity,0.301577030648,0.0148912135711,0.0493778108337,20.2520116448,2,True,PASS
Canon 5DMarkII,D65,True,0.8,0.8,camera_rgb_wb,0.274259391751,0.00328201121446,0.0119668143122,83.5644285866,2,True,PASS
Canon 5DMarkII,D65,True,0.8,0.8,linear_srgb_unclipped,0.347365343405,0.00759199704135,0.0218559426998,45.7541463087,2,True,PASS
Canon 5DMarkII,D65,True,0.8,0.8,chromaticity,0.300607714727,0.0135034283563,0.0449204318277,22.2615847469,2,True,PASS
Canon 600D,D65,True,0.2,0.2,camera_rgb_wb,1.47461909263,0.0239784468228,0.0162607733364,61.4976901352,2,True,PASS
Canon 600D,D65,True,0.2,0.2,linear_srgb_unclipped,1.43285299817,0.0532052597369,0.0371323923704,26.9306644728,2,True,PASS
Canon 600D,D65,True,0.2,0.2,chromaticity,0.47689885741,0.0226051849898,0.0474003756532,21.0968792171,2,True,PASS
Canon 600D,D65,True,0.2,0.35,camera_rgb_wb,1.4067214605,0.0203385869465,0.0144581479117,69.1651521417,2,True,PASS
Canon 600D,D65,True,0.2,0.35,linear_srgb_unclipped,1.37173681645,0.0447698751774,0.032637365011,30.6397284114,2,True,PASS
Canon 600D,D65,True,0.2,0.35,chromaticity,0.477164313943,0.0198836838625,0.0416705174328,23.9977821637,2,True,PASS
Canon 600D,D65,True,0.2,0.5,camera_rgb_wb,1.34881968581,0.0176366821341,0.0130756411103,76.4780855918,2,True,PASS
Canon 600D,D65,True,0.2,0.5,linear_srgb_unclipped,1.31975559798,0.0385433195649,0.0292048918935,34.2408389542,2,True,PASS
Canon 600D,D65,True,0.2,0.5,chromaticity,0.477513122496,0.0178116733795,0.0373009086879,26.8089983643,2,True,PASS
Canon 600D,D65,True,0.2,0.65,camera_rgb_wb,1.2983402389,0.0155451051275,0.0119730596509,83.520840049,2,True,PASS
Canon 600D,D65,True,0.2,0.65,linear_srgb_unclipped,1.27454137686,0.0337481026704,0.0264786246121,37.7663120592,2,True,PASS
Canon 600D,D65,True,0.2,0.65,chromaticity,0.477887884014,0.0161688246944,0.0338339289093,29.5561299629,2,True,PASS
Canon 600D,D65,True,0.2,0.8,camera_rgb_wb,1.25361545508,0.0138745060232,0.0110675933094,90.3538802016,2,True,PASS
Canon 600D,D65,True,0.2,0.8,linear_srgb_unclipped,1.23456121584,0.0299362700176,0.024248510024,41.2396472612,2,True,PASS
Canon 600D,D65,True,0.2,0.8,chromaticity,0.478260627825,0.0148261751692,0.031000200114,32.2578562823,2,True,PASS
Canon 600D,D65,True,0.35,0.2,camera_rgb_wb,0.94596259114,0.0156471840155,0.0165410177548,60.4557721188,2,True,PASS
Canon 600D,D65,True,0.35,0.2,linear_srgb_unclipped,0.950548980896,0.0374944955715,0.0394450957552,25.3516940662,2,True,PASS
Canon 600D,D65,True,0.35,0.2,chromaticity,0.431123802565,0.0235777885931,0.0546891367464,18.2851670275,2,True,PASS
Canon 600D,D65,True,0.35,0.35,camera_rgb_wb,0.905017484968,0.0131705945606,0.0145528619937,68.7150060541,2,True,PASS
Canon 600D,D65,True,0.35,0.35,linear_srgb_unclipped,0.915139615167,0.0313528829783,0.0342602182866,29.1883721124,2,True,PASS
Canon 600D,D65,True,0.35,0.35,chromaticity,0.431216131914,0.0205908740197,0.0477507043354,20.9420994709,2,True,PASS
Canon 600D,D65,True,0.35,0.5,camera_rgb_wb,0.870017254701,0.0113468107152,0.013042052504,76.6750478647,2,True,PASS
Canon 600D,D65,True,0.35,0.5,linear_srgb_unclipped,0.884901350608,0.0268479483323,0.0303400467338,32.9597382883,2,True,PASS
Canon 600D,D65,True,0.35,0.5,chromaticity,0.431340946301,0.0183343078825,0.0425053731618,23.5264373799,2,True,PASS
Canon 600D,D65,True,0.35,0.65,camera_rgb_wb,0.839438163475,0.0099440674096,0.0118460987864,84.4159767727,2,True,PASS
Canon 600D,D65,True,0.35,0.65,linear_srgb_unclipped,0.85849881683,0.0233960132286,0.0272522370095,36.6942353999,2,True,PASS
Canon 600D,D65,True,0.35,0.65,chromaticity,0.43145723649,0.0165563484857,0.0383730925928,26.0599272155,2,True,PASS
Canon 600D,D65,True,0.35,0.8,camera_rgb_wb,0.812292245468,0.00882977486533,0.0108701947047,91.9946723283,2,True,PASS
Canon 600D,D65,True,0.35,0.8,linear_srgb_unclipped,0.835067663286,0.0206636654969,0.0247448996116,40.4123684353,2,True,PASS
Canon 600D,D65,True,0.35,0.8,chromaticity,0.431547748733,0.0151111624398,0.0350162003722,28.5582098963,2,True,PASS
Canon 600D,D65,True,0.5,0.2,camera_rgb_wb,0.633922979456,0.0108088397921,0.0170507145859,58.6485683614,2,True,PASS
Canon 600D,D65,True,0.5,0.2,linear_srgb_unclipped,0.675388875102,0.0270050032381,0.0399843767548,25.0097683436,2,True,PASS
Canon 600D,D65,True,0.5,0.2,chromaticity,0.384576531834,0.0232664579065,0.0604989019887,16.5292256079,2,True,PASS
Canon 600D,D65,True,0.5,0.35,camera_rgb_wb,0.608178896738,0.00904339942224,0.0148696369945,67.2511373591,2,True,PASS
Canon 600D,D65,True,0.5,0.35,linear_srgb_unclipped,0.65329510598,0.0224807128813,0.0344112678566,29.060248642,2,True,PASS
Canon 600D,D65,True,0.5,0.35,chromaticity,0.384208704871,0.0202188771169,0.0526247241683,19.0024748976,2,True,PASS
Canon 600D,D65,True,0.5,0.5,camera_rgb_wb,0.586130138883,0.00774938897307,0.0132212770833,75.6356586203,2,True,PASS
Canon 600D,D65,True,0.5,0.5,linear_srgb_unclipped,0.634342570065,0.0191751395431,0.0302283662614,33.0815099748,2,True,PASS
Canon 600D,D65,True,0.5,0.5,chromaticity,0.383891012479,0.0179270999415,0.0466984101183,21.414005262,2,True,PASS
Canon 600D,D65,True,0.5,0.65,camera_rgb_wb,0.566831542164,0.00675805234308,0.0119225057894,83.8749854822,2,True,PASS
Canon 600D,D65,True,0.5,0.65,linear_srgb_unclipped,0.617722075318,0.0166504496847,0.0269545971401,37.0994229593,2,True,PASS
Canon 600D,D65,True,0.5,0.65,chromaticity,0.383578783535,0.0161284068755,0.0420471818771,23.782806727,2,True,PASS
Canon 600D,D65,True,0.5,0.8,camera_rgb_wb,0.549670418115,0.00597331298123,0.0108670810442,92.0210308487,2,True,PASS
Canon 600D,D65,True,0.5,0.8,linear_srgb_unclipped,0.602910345965,0.0146577173884,0.0243116036845,41.1326218122,2,True,PASS
Canon 600D,D65,True,0.5,0.8,chromaticity,0.383253291472,0.0146714129443,0.0382812444688,26.122452754,2,True,PASS
Canon 600D,D65,True,0.65,0.2,camera_rgb_wb,0.440388741483,0.00794284141339,0.0180359774563,55.4447355251,2,True,PASS
Canon 600D,D65,True,0.65,0.2,linear_srgb_unclipped,0.501523060077,0.0197386004691,0.0393573138312,25.4082380797,2,True,PASS
Canon 600D,D65,True,0.65,0.2,chromaticity,0.340060741589,0.0219472021532,0.0645390645525,15.4944916995,2,True,PASS
Canon 600D,D65,True,0.65,0.35,camera_rgb_wb,0.423637635406,0.00662130909485,0.0156296526594,63.98094838,2,True,PASS
Canon 600D,D65,True,0.65,0.35,linear_srgb_unclipped,0.486897445807,0.0163783529784,0.0336381985969,29.7281079758,2,True,PASS
Canon 600D,D65,True,0.65,0.35,chromaticity,0.339058590556,0.0190108918531,0.0560696362889,17.8349649862,2,True,PASS
Canon 600D,D65,True,0.65,0.5,camera_rgb_wb,0.409262789363,0.00565469306838,0.0138167779123,72.3757743195,2,True,PASS
Canon 600D,D65,True,0.65,0.5,linear_srgb_unclipped,0.474283118632,0.01393018679,0.0293710365028,34.0471470901,2,True,PASS
Canon 600D,D65,True,0.65,0.5,chromaticity,0.338178979344,0.0168079598435,0.0497013737404,20.1201682115,2,True,PASS
Canon 600D,D65,True,0.65,0.65,camera_rgb_wb,0.396657451737,0.00491555087799,0.0123924329581,80.6944046725,2,True,PASS
Canon 600D,D65,True,0.65,0.65,linear_srgb_unclipped,0.463165040651,0.0120648182318,0.026048637468,38.3897238858,2,True,PASS
Canon 600D,D65,True,0.65,0.65,chromaticity,0.337356591398,0.0150826598946,0.0447083598756,22.3671815021,2,True,PASS
Canon 600D,D65,True,0.65,0.8,camera_rgb_wb,0.385428413837,0.00433144912881,0.0112380119714,88.9837101566,2,True,PASS
Canon 600D,D65,True,0.65,0.8,linear_srgb_unclipped,0.4532100579,0.0105956035122,0.0233790122869,42.7734066661,2,True,PASS
Canon 600D,D65,True,0.65,0.8,chromaticity,0.33656103566,0.0136879042658,0.0406699017876,24.5882078895,2,True,PASS
Canon 600D,D65,True,0.8,0.2,camera_rgb_wb,0.314654860579,0.00604258480909,0.0192038502058,52.0728910756,2,True,PASS
Canon 600D,D65,True,0.8,0.2,linear_srgb_unclipped,0.381914727366,0.0144728508132,0.0378955033052,26.3883551552,2,True,PASS
Canon 600D,D65,True,0.8,0.2,chromaticity,0.299191162872,0.0199519132475,0.0666861716636,14.9956126593,2,True,PASS
Canon 600D,D65,True,0.8,0.35,camera_rgb_wb,0.303454128487,0.00502772357712,0.0165683149615,60.3561679221,2,True,PASS
Canon 600D,D65,True,0.8,0.35,linear_srgb_unclipped,0.371819903276,0.0119809911633,0.0322225654349,31.0341522006,2,True,PASS
Canon 600D,D65,True,0.8,0.35,chromaticity,0.29749606651,0.0172496637334,0.0579828296077,17.2464849812,2,True,PASS
Canon 600D,D65,True,0.8,0.5,camera_rgb_wb,0.293820356237,0.00428610119764,0.0145874889423,68.5518942947,2,True,PASS
Canon 600D,D65,True,0.8,0.5,linear_srgb_unclipped,0.363060466208,0.0101694378382,0.0280103144922,35.7011343189,2,True,PASS
Canon 600D,D65,True,0.8,0.5,chromaticity,0.296029793287,0.0152235261036,0.0514256552848,19.4455470613,2,True,PASS
Canon 600D,D65,True,0.8,0.65,camera_rgb_wb,0.285354484935,0.00371949126789,0.0130346339877,76.7186866114,2,True,PASS
Canon 600D,D65,True,0.8,0.65,linear_srgb_unclipped,0.355298095316,0.00879167237049,0.0247444962031,40.4130272766,2,True,PASS
Canon 600D,D65,True,0.8,0.65,chromaticity,0.294695176655,0.013637897379,0.0462779796187,21.6085492115,2,True,PASS
Canon 600D,D65,True,0.8,0.8,camera_rgb_wb,0.277797863859,0.00327210068534,0.0117787107499,84.8989351406,2,True,PASS
Canon 600D,D65,True,0.8,0.8,linear_srgb_unclipped,0.348313486248,0.00770827885746,0.0221302911366,45.1869337745,2,True,PASS
Canon 600D,D65,True,0.8,0.8,chromaticity,0.293443498777,0.0123571814292,0.0421109395188,23.7467986093,2,True,PASS
Canon 60D,D65,True,0.2,0.2,camera_rgb_wb,1.46405416823,0.0234527493556,0.0160190448307,62.4256945759,2,True,PASS
Canon 60D,D65,True,0.2,0.2,linear_srgb_unclipped,1.42403595337,0.0511878839636,0.0359456401662,27.8197855255,2,True,PASS
Canon 60D,D65,True,0.2,0.2,chromaticity,0.480105043057,0.0225919427902,0.047056249704,21.2511623066,2,True,PASS
Canon 60D,D65,True,0.2,0.35,camera_rgb_wb,1.39607170093,0.0199235226586,0.0142711313791,70.0715292598,2,True,PASS
Canon 60D,D65,True,0.2,0.35,linear_srgb_unclipped,1.3626410066,0.0431255354708,0.0316484938159,31.597080285,2,True,PASS
Canon 60D,D65,True,0.2,0.35,chromaticity,0.479907339738,0.0199034012573,0.0414734254079,24.1118255887,2,True,PASS
Canon 60D,D65,True,0.2,0.5,camera_rgb_wb,1.33818986341,0.0172956769594,0.0129246808935,77.3713493001,2,True,PASS
Canon 60D,D65,True,0.2,0.5,linear_srgb_unclipped,1.31052667488,0.0371601995278,0.0283551645609,35.266943976,2,True,PASS
Canon 60D,D65,True,0.2,0.5,chromaticity,0.479884840096,0.0178501933663,0.0371968269778,26.8840135369,2,True,PASS
Canon 60D,D65,True,0.2,0.65,camera_rgb_wb,1.28779152652,0.0152568912867,0.0118473300783,84.4072034281,2,True,PASS
Canon 60D,D65,True,0.2,0.65,linear_srgb_unclipped,1.26526848661,0.0325581279579,0.0257321890986,38.8618316214,2,True,PASS
Canon 60D,D65,True,0.2,0.65,chromaticity,0.479951586987,0.0162184736597,0.0337918950566,29.5928949331,2,True,PASS
Canon 60D,D65,True,0.2,0.8,camera_rgb_wb,1.24318478449,0.0136256552447,0.0109602815404,91.2385321779,2,True,PASS
Canon 60D,D65,True,0.2,0.8,linear_srgb_unclipped,1.22530153755,0.0288948452973,0.023581824075,42.4055406748,2,True,PASS
Canon 60D,D65,True,0.2,0.8,chromaticity,0.480062451102,0.0148824437132,0.0310010576313,32.2569640009,2,True,PASS
Canon 60D,D65,True,0.35,0.2,camera_rgb_wb,0.939592563093,0.0154937170742,0.0164898251463,60.6434568667,2,True,PASS
Canon 60D,D65,True,0.35,0.2,linear_srgb_unclipped,0.946785014434,0.0364058924483,0.0384521215411,26.0063673972,2,True,PASS
Canon 60D,D65,True,0.35,0.2,chromaticity,0.431754729529,0.023633730984,0.0547387888716,18.2685810303,2,True,PASS
Canon 60D,D65,True,0.35,0.35,camera_rgb_wb,0.898777022209,0.0130449538241,0.0145141158505,68.8984441287,2,True,PASS
Canon 60D,D65,True,0.35,0.35,linear_srgb_unclipped,0.911364070619,0.030449425483,0.033410825009,29.9304192497,2,True,PASS
Canon 60D,D65,True,0.35,0.35,chromaticity,0.431540746341,0.0206541035829,0.0478613057007,20.8937049535,2,True,PASS
Canon 60D,D65,True,0.35,0.5,camera_rgb_wb,0.863919962163,0.01123963949,0.0130100472061,76.8636719115,2,True,PASS
Canon 60D,D65,True,0.35,0.5,linear_srgb_unclipped,0.881145797277,0.0260764480302,0.0295937949324,33.7908673857,2,True,PASS
Canon 60D,D65,True,0.35,0.5,chromaticity,0.431421002644,0.0183995197909,0.0426486417632,23.4474055599,2,True,PASS
Canon 60D,D65,True,0.35,0.65,camera_rgb_wb,0.833488124352,0.00985004276217,0.011817856157,84.6177163365,2,True,PASS
Canon 60D,D65,True,0.35,0.65,linear_srgb_unclipped,0.854781153788,0.0227235606931,0.0265840684395,37.6165146533,2,True,PASS
Canon 60D,D65,True,0.35,0.65,chromaticity,0.43133494343,0.0166210871825,0.0385340613732,25.95106678,2,True,PASS
Canon 60D,D65,True,0.35,0.8,camera_rgb_wb,0.80648883926,0.00874558522693,0.0108440251138,92.216680569,2,True,PASS
Canon 60D,D65,True,0.35,0.8,linear_srgb_unclipped,0.831398292374,0.0200684066193,0.0241381378857,41.4282164073,2,True,PASS
Canon 60D,D65,True,0.35,0.8,chromaticity,0.431253706376,0.0151742322646,0.0351863231323,28.4201334774,2,True,PASS
Canon 60D,D65,True,0.5,0.2,camera_rgb_wb,0.630512844965,0.0108378675555,0.0171889718696,58.1768361475,2,True,PASS
Canon 60D,D65,True,0.5,0.2,linear_srgb_unclipped,0.674179475497,0.026433660332,0.0392086399731,25.5045826809,2,True,PASS
Canon 60D,D65,True,0.5,0.2,chromaticity,0.383858084395,0.0233081895494,0.0607208510043,16.4688073942,2,True,PASS
Canon 60D,D65,True,0.5,0.35,camera_rgb_wb,0.604890402903,0.00906500573434,0.0149861953353,66.7280772489,2,True,PASS
Canon 60D,D65,True,0.5,0.35,linear_srgb_unclipped,0.652093440637,0.0219998211828,0.0337372220173,29.6408518605,2,True,PASS
Canon 60D,D65,True,0.5,0.35,chromaticity,0.38329067647,0.0202594927126,0.0528567323869,18.9190658378,2,True,PASS
Canon 60D,D65,True,0.5,0.5,camera_rgb_wb,0.582956917457,0.00776526822604,0.0133204838874,75.0723478556,2,True,PASS
Canon 60D,D65,True,0.5,0.5,linear_srgb_unclipped,0.633154632721,0.0187597249715,0.0296289784549,33.750741745,2,True,PASS
Canon 60D,D65,True,0.5,0.5,chromaticity,0.382815337834,0.0179651319647,0.046928976426,21.3087963164,2,True,PASS
Canon 60D,D65,True,0.5,0.65,camera_rgb_wb,0.563766629897,0.00676944238634,0.012007525858,83.2811031873,2,True,PASS
Canon 60D,D65,True,0.5,0.65,linear_srgb_unclipped,0.616550885034,0.0162848204066,0.0264127759799,37.8604657367,2,True,PASS
Canon 60D,D65,True,0.5,0.65,chromaticity,0.382373728682,0.0161634832478,0.0422714272329,23.6566415061,2,True,PASS
Canon 60D,D65,True,0.5,0.8,camera_rgb_wb,0.54670701648,0.00598112278109,0.0109402707498,91.4054160881,2,True,PASS
Canon 60D,D65,True,0.5,0.8,linear_srgb_unclipped,0.60175734649,0.0143313228562,0.0238157837869,41.9889603024,2,True,PASS
Canon 60D,D65,True,0.5,0.8,chromaticity,0.381939156501,0.0147035564109,0.0384971170424,25.9759711071,2,True,PASS
Canon 60D,D65,True,0.65,0.2,camera_rgb_wb,0.438670220504,0.00803173196484,0.018309271041,54.6171389215,2,True,PASS
Canon 60D,D65,True,0.65,0.2,linear_srgb_unclipped,0.501268340064,0.0194260363051,0.0387537667004,25.8039433361,2,True,PASS
Canon 60D,D65,True,0.65,0.2,chromaticity,0.338867711985,0.0219299784087,0.0647154557166,15.4522592621,2,True,PASS
Canon 60D,D65,True,0.65,0.35,camera_rgb_wb,0.421999062701,0.00669267070259,0.0158594444731,63.0539109801,2,True,PASS
Canon 60D,D65,True,0.65,0.35,linear_srgb_unclipped,0.486640872789,0.0161123180486,0.0331092576673,30.2030329417,2,True,PASS
Canon 60D,D65,True,0.65,0.35,chromaticity,0.337731927004,0.0189956266206,0.0562446872853,17.7794570166,2,True,PASS
Canon 60D,D65,True,0.65,0.5,camera_rgb_wb,0.407696332069,0.00571336150027,0.0140137672352,71.3583994378,2,True,PASS
Canon 60D,D65,True,0.65,0.5,linear_srgb_unclipped,0.474025609895,0.0136983492676,0.0288979096945,34.604579036,2,True,PASS
Canon 60D,D65,True,0.65,0.5,chromaticity,0.336749186163,0.0167933714005,0.0498690779088,20.0525063212,2,True,PASS
Canon 60D,D65,True,0.65,0.65,camera_rgb_wb,0.395156444017,0.00496461643212,0.0125636732167,79.5945566833,2,True,PASS
Canon 60D,D65,True,0.65,0.65,linear_srgb_unclipped,0.462907033884,0.0118593014009,0.0256191859982,39.0332464143,2,True,PASS
Canon 60D,D65,True,0.65,0.65,chromaticity,0.335843761924,0.0150682536356,0.0448668557942,22.2881675638,2,True,PASS
Canon 60D,D65,True,0.65,0.8,camera_rgb_wb,0.383987157703,0.00437301013138,0.0113884280858,87.8084308444,2,True,PASS
Canon 60D,D65,True,0.65,0.8,linear_srgb_unclipped,0.452951740369,0.010411043085,0.0229848837242,43.506854853,2,True,PASS
Canon 60D,D65,True,0.65,0.8,chromaticity,0.334979356694,0.0136734892443,0.0408189011383,24.4984546892,2,True,PASS
Canon 60D,D65,True,0.8,0.2,camera_rgb_wb,0.313808791261,0.0061313485018,0.019538485449,51.1810397286,2,True,PASS
Canon 60D,D65,True,0.8,0.2,linear_srgb_unclipped,0.381912234476,0.0142865819599,0.0374080238081,26.7322327726,2,True,PASS
Canon 60D,D65,True,0.8,0.2,chromaticity,0.298051584103,0.0198656907882,0.0666518544028,15.0033335,2,True,PASS
Canon 60D,D65,True,0.8,0.35,camera_rgb_wb,0.302655182592,0.00509956234985,0.0168494136006,59.349246431,2,True,PASS
Canon 60D,D65,True,0.8,0.35,linear_srgb_unclipped,0.37181105417,0.0118213377326,0.0317939383459,31.4525363018,2,True,PASS
Canon 60D,D65,True,0.8,0.35,chromaticity,0.29626114879,0.0171733630354,0.0579669764513,17.2512016534,2,True,PASS
Canon 60D,D65,True,0.8,0.5,camera_rgb_wb,0.293062760337,0.00434577848649,0.0148288321638,67.4361938253,2,True,PASS
Canon 60D,D65,True,0.8,0.5,linear_srgb_unclipped,0.363045184882,0.010029598634,0.0276263094835,36.1973791902,2,True,PASS
Canon 60D,D65,True,0.8,0.5,chromaticity,0.294724034425,0.0151542721872,0.0514185150076,19.4482473843,2,True,PASS
Canon 60D,D65,True,0.8,0.65,camera_rgb_wb,0.284633627708,0.00377000965322,0.0132451308848,75.4994426778,2,True,PASS
Canon 60D,D65,True,0.8,0.65,linear_srgb_unclipped,0.355276397114,0.00866723397688,0.0243957494708,40.9907472282,2,True,PASS
Canon 60D,D65,True,0.8,0.65,chromaticity,0.293334242493,0.0135740422079,0.0462750004655,21.6099403553,2,True,PASS
Canon 60D,D65,True,0.8,0.8,camera_rgb_wb,0.277109968989,0.0033154809114,0.0119644952634,83.5806256753,2,True,PASS
Canon 60D,D65,True,0.8,0.8,linear_srgb_unclipped,0.348285429707,0.00759619971744,0.0218102713164,45.8499569077,2,True,PASS
Canon 60D,D65,True,0.8,0.8,chromaticity,0.292038186248,0.0122976769218,0.0421098250191,23.7474271039,2,True,PASS
Hasselblad H2,D65,True,0.2,0.2,camera_rgb_wb,1.47054463047,0.0364534451925,0.0247890777587,40.3403470566,2,True,PASS
Hasselblad H2,D65,True,0.2,0.2,linear_srgb_unclipped,1.45013216965,0.0687188575384,0.0473879960575,21.1023905461,2,True,PASS
Hasselblad H2,D65,True,0.2,0.2,chromaticity,0.4699949902,0.0362298156958,0.0770855359125,12.9726022938,2,True,PASS
Hasselblad H2,D65,True,0.2,0.35,camera_rgb_wb,1.40498202274,0.0303033648124,0.0215685071566,46.3638949482,2,True,PASS
Hasselblad H2,D65,True,0.2,0.35,linear_srgb_unclipped,1.39233020873,0.0570493633171,0.040974018203,24.4057098585,2,True,PASS
Hasselblad H2,D65,True,0.2,0.35,chromaticity,0.470076844863,0.0313676371025,0.0667287432794,14.9860457556,2,True,PASS
Hasselblad H2,D65,True,0.2,0.5,camera_rgb_wb,1.34912256509,0.0258216533133,0.0191395904135,52.2477220461,2,True,PASS
Hasselblad H2,D65,True,0.2,0.5,linear_srgb_unclipped,1.34318342925,0.0485582564258,0.0361516196286,27.6612779807,2,True,PASS
Hasselblad H2,D65,True,0.2,0.5,chromaticity,0.470307008189,0.0277243234232,0.0589494158933,16.9636964989,2,True,PASS
Hasselblad H2,D65,True,0.2,0.65,camera_rgb_wb,1.30045465552,0.0224061090167,0.017229442735,58.0401824588,2,True,PASS
Hasselblad H2,D65,True,0.2,0.65,linear_srgb_unclipped,1.30043011335,0.0420961254359,0.0323709248221,30.8919193843,2,True,PASS
Hasselblad H2,D65,True,0.2,0.65,chromaticity,0.470589392683,0.0248744174769,0.0528580071367,18.9186095763,2,True,PASS
Hasselblad H2,D65,True,0.2,0.8,camera_rgb_wb,1.25735376028,0.0197151998474,0.0156799148102,63.7758566999,2,True,PASS
Hasselblad H2,D65,True,0.2,0.8,linear_srgb_unclipped,1.262609696,0.037011694562,0.0293136467107,34.1138040541,2,True,PASS
Hasselblad H2,D65,True,0.2,0.8,chromaticity,0.470878550001,0.0225729899851,0.0479380298488,20.8602648702,2,True,PASS
Hasselblad H2,D65,True,0.35,0.2,camera_rgb_wb,0.95274246302,0.0265009802544,0.027815470899,35.9512159126,2,True,PASS
Hasselblad H2,D65,True,0.35,0.2,linear_srgb_unclipped,0.968844691828,0.0493644578639,0.0509518793676,19.6263614299,2,True,PASS
Hasselblad H2,D65,True,0.35,0.2,chromaticity,0.429343800738,0.0355680973281,0.0828429274325,12.0710364903,2,True,PASS
Hasselblad H2,D65,True,0.35,0.35,camera_rgb_wb,0.913665564959,0.0219419210659,0.0240152654401,41.640181013,2,True,PASS
Hasselblad H2,D65,True,0.35,0.35,linear_srgb_unclipped,0.936265310857,0.0407981594134,0.0435754256195,22.9487144596,2,True,PASS
Hasselblad H2,D65,True,0.35,0.35,chromaticity,0.428935167061,0.0306576196631,0.0714737844256,13.9911438584,2,True,PASS
Hasselblad H2,D65,True,0.35,0.5,camera_rgb_wb,0.880251467382,0.0186290561827,0.0211633344255,47.2515332365,2,True,PASS
Hasselblad H2,D65,True,0.35,0.5,linear_srgb_unclipped,0.908361723878,0.0345881833566,0.0380775438324,26.2621981187,2,True,PASS
Hasselblad H2,D65,True,0.35,0.5,chromaticity,0.428675920248,0.0269921455971,0.0629663209949,15.8815059257,2,True,PASS
Hasselblad H2,D65,True,0.35,0.65,camera_rgb_wb,0.851045974698,0.0161105440197,0.0189302863755,52.8254026466,2,True,PASS
Hasselblad H2,D65,True,0.35,0.65,linear_srgb_unclipped,0.883925003444,0.0298771692414,0.0338005703256,29.5852996079,2,True,PASS
Hasselblad H2,D65,True,0.35,0.65,chromaticity,0.42846890711,0.0241345839421,0.0563275036802,17.7533164913,2,True,PASS
Hasselblad H2,D65,True,0.35,0.8,camera_rgb_wb,0.8251067074,0.0141308076203,0.0171260365399,58.3906263231,2,True,PASS
Hasselblad H2,D65,True,0.35,0.8,linear_srgb_unclipped,0.862173040967,0.0261810892948,0.0303663975221,32.9311370989,2,True,PASS
Hasselblad H2,D65,True,0.35,0.8,chromaticity,0.42827016313,0.021834102383,0.050982076882,19.6147364164,2,True,PASS
Hasselblad H2,D65,True,0.5,0.2,camera_rgb_wb,0.644432289507,0.0195872893911,0.0303946430215,32.9005344558,2,True,PASS
Hasselblad H2,D65,True,0.5,0.2,linear_srgb_unclipped,0.691802595457,0.0355920723064,0.0514483069883,19.4369855597,2,True,PASS
Hasselblad H2,D65,True,0.5,0.2,chromaticity,0.389525582999,0.0333501644427,0.0856173917663,11.6798699349,2,True,PASS
Hasselblad H2,D65,True,0.5,0.35,camera_rgb_wb,0.620196538265,0.0161796026463,0.0260878635208,38.332000595,2,True,PASS
Hasselblad H2,D65,True,0.5,0.35,linear_srgb_unclipped,0.671872052996,0.0293181426993,0.043636496813,22.916596726,2,True,PASS
Hasselblad H2,D65,True,0.5,0.35,chromaticity,0.388229009827,0.0286700658159,0.0738483345917,13.5412667805,2,True,PASS
Hasselblad H2,D65,True,0.5,0.5,camera_rgb_wb,0.599404443155,0.0137069006026,0.0228675325301,43.7301225518,2,True,PASS
Hasselblad H2,D65,True,0.5,0.5,linear_srgb_unclipped,0.654669554312,0.024782350661,0.0378547474794,26.4167658375,2,True,PASS
Hasselblad H2,D65,True,0.5,0.5,chromaticity,0.387183491059,0.0251815808254,0.0650378474469,15.3756626219,2,True,PASS
Hasselblad H2,D65,True,0.5,0.65,camera_rgb_wb,0.581176540262,0.0118295480989,0.0203544831551,49.1292258505,2,True,PASS
Hasselblad H2,D65,True,0.5,0.65,linear_srgb_unclipped,0.639496782822,0.021349606234,0.0333850096005,29.9535633498,2,True,PASS
Hasselblad H2,D65,True,0.5,0.65,chromaticity,0.386260140526,0.0224660782952,0.0581630769993,17.1930381196,2,True,PASS
Hasselblad H2,D65,True,0.5,0.8,camera_rgb_wb,0.564942328953,0.0103556243259,0.0183304096634,54.5541544549,2,True,PASS
Hasselblad H2,D65,True,0.5,0.8,linear_srgb_unclipped,0.625901542421,0.0186622045059,0.0298165178404,33.5384569504,2,True,PASS
Hasselblad H2,D65,True,0.5,0.8,chromaticity,0.385397985297,0.0202833011594,0.0526294945308,19.0007525042,2,True,PASS
Hasselblad H2,D65,True,0.65,0.2,camera_rgb_wb,0.451414577559,0.0145737048674,0.0322845242309,30.9745930542,2,True,PASS
Hasselblad H2,D65,True,0.65,0.2,linear_srgb_unclipped,0.514650226096,0.0256739081788,0.0498861301851,20.0456518934,2,True,PASS
Hasselblad H2,D65,True,0.65,0.2,chromaticity,0.351569657267,0.0301298206975,0.0857008563586,11.6684948376,2,True,PASS
Hasselblad H2,D65,True,0.65,0.35,camera_rgb_wb,0.435890905872,0.0120197202988,0.0275750655426,36.2646463507,2,True,PASS
Hasselblad H2,D65,True,0.65,0.35,linear_srgb_unclipped,0.501649850982,0.0210956122082,0.0420524638189,23.7798195204,2,True,PASS
Hasselblad H2,D65,True,0.65,0.35,chromaticity,0.349209634341,0.0258690643318,0.0740788964217,13.4991211844,2,True,PASS
Hasselblad H2,D65,True,0.65,0.5,camera_rgb_wb,0.422524979411,0.0101683491649,0.0240656757833,41.552957374,2,True,PASS
Hasselblad H2,D65,True,0.65,0.5,linear_srgb_unclipped,0.490335507107,0.0177930083475,0.0362874156361,27.5577630005,2,True,PASS
Hasselblad H2,D65,True,0.65,0.5,chromaticity,0.34726419942,0.0226919389479,0.065344884344,15.3034167868,2,True,PASS
Hasselblad H2,D65,True,0.65,0.65,camera_rgb_wb,0.410768786782,0.00876405228782,0.0213357308779,46.8697325497,2,True,PASS
Hasselblad H2,D65,True,0.65,0.65,linear_srgb_unclipped,0.480281671182,0.0152983641779,0.0318529002789,31.3943154703,2,True,PASS
Hasselblad H2,D65,True,0.65,0.65,chromaticity,0.345553353072,0.0202189884335,0.0585119150306,17.0905361665,2,True,PASS
Hasselblad H2,D65,True,0.65,0.8,camera_rgb_wb,0.400266494618,0.00766251660735,0.0191435373942,52.2369497031,2,True,PASS
Hasselblad H2,D65,True,0.65,0.8,linear_srgb_unclipped,0.471212189323,0.0133487405929,0.0283285129192,35.300123337,2,True,PASS
Hasselblad H2,D65,True,0.65,0.8,chromaticity,0.343987334353,0.0182318752028,0.0530015886692,18.8673589813,2,True,PASS
Hasselblad H2,D65,True,0.8,0.2,camera_rgb_wb,0.324982712024,0.0108249023309,0.0333091636275,30.0217685194,2,True,PASS
Hasselblad H2,D65,True,0.8,0.2,linear_srgb_unclipped,0.391803799216,0.0184761840337,0.0471567250514,21.2058831251,2,True,PASS
Hasselblad H2,D65,True,0.8,0.2,chromaticity,0.316058749646,0.026419916699,0.0835917902243,11.9628972811,2,True,PASS
Hasselblad H2,D65,True,0.8,0.35,camera_rgb_wb,0.314772342901,0.00891708827754,0.0283286904922,35.2999020649,2,True,PASS
Hasselblad H2,D65,True,0.8,0.35,linear_srgb_unclipped,0.382937870519,0.0151535836181,0.0395719117504,25.270449563,2,True,PASS
Hasselblad H2,D65,True,0.8,0.35,chromaticity,0.312644793695,0.0226776634561,0.072534914745,13.7864641258,2,True,PASS
Hasselblad H2,D65,True,0.8,0.5,camera_rgb_wb,0.305944198818,0.00753550388063,0.0246303211819,40.6003637798,2,True,PASS
Hasselblad H2,D65,True,0.8,0.5,linear_srgb_unclipped,0.37515540588,0.0127610546904,0.0340153826666,29.3984639186,2,True,PASS
Hasselblad H2,D65,True,0.8,0.5,chromaticity,0.309832054306,0.019882542916,0.0641720010558,15.5831201076,2,True,PASS
Hasselblad H2,D65,True,0.8,0.65,camera_rgb_wb,0.298149768686,0.00648849811075,0.0217625461839,45.9505055865,2,True,PASS
Hasselblad H2,D65,True,0.8,0.65,linear_srgb_unclipped,0.368188356808,0.0109565994963,0.029758136817,33.6042543977,2,True,PASS
Hasselblad H2,D65,True,0.8,0.65,chromaticity,0.307382030951,0.0177049070187,0.0575990306391,17.3614032893,2,True,PASS
Hasselblad H2,D65,True,0.8,0.8,camera_rgb_wb,0.291162421663,0.0056679160819,0.0194665096187,51.3702774451,2,True,PASS
Hasselblad H2,D65,True,0.8,0.8,linear_srgb_unclipped,0.361862030767,0.00954827734879,0.0263865134691,37.8981482783,2,True,PASS
Hasselblad H2,D65,True,0.8,0.8,chromaticity,0.305171424063,0.0159542513168,0.0522796371441,19.1279062868,2,True,PASS
Nikon D3X,D65,True,0.2,0.2,camera_rgb_wb,1.46959902732,0.0286041457755,0.0194639117498,51.3771338903,2,True,PASS
Nikon D3X,D65,True,0.2,0.2,linear_srgb_unclipped,1.44135057341,0.0581891757933,0.0403712857002,24.7700805822,2,True,PASS
Nikon D3X,D65,True,0.2,0.2,chromaticity,0.511224522409,0.0300375913319,0.0587561629288,17.0194912355,2,True,PASS
Nikon D3X,D65,True,0.2,0.35,camera_rgb_wb,1.40226776052,0.0239639581656,0.0170894310204,58.5156989021,2,True,PASS
Nikon D3X,D65,True,0.2,0.35,linear_srgb_unclipped,1.38144786263,0.0484678041814,0.0350847871226,28.5023818587,2,True,PASS
Nikon D3X,D65,True,0.2,0.35,chromaticity,0.510982837094,0.0261264484426,0.0511297964353,19.5580673055,2,True,PASS
Nikon D3X,D65,True,0.2,0.5,camera_rgb_wb,1.34493432112,0.0205723124239,0.0152961465113,65.3759428404,2,True,PASS
Nikon D3X,D65,True,0.2,0.5,linear_srgb_unclipped,1.33053415886,0.041387377013,0.0311058357557,32.1483083706,2,True,PASS
Nikon D3X,D65,True,0.2,0.5,chromaticity,0.510897853915,0.0231884289445,0.0453876029559,22.0324479566,2,True,PASS
Nikon D3X,D65,True,0.2,0.65,camera_rgb_wb,1.29500968597,0.0179794645072,0.0138836525333,72.0271555055,2,True,PASS
Nikon D3X,D65,True,0.2,0.65,linear_srgb_unclipped,1.2862637649,0.0359925612014,0.0279822554157,35.7369334654,2,True,PASS
Nikon D3X,D65,True,0.2,0.65,chromaticity,0.510883179746,0.0208843666229,0.0408789473814,24.4624694142,2,True,PASS
Nikon D3X,D65,True,0.2,0.8,camera_rgb_wb,1.25081893519,0.0159301821069,0.0127358018485,78.5188095652,2,True,PASS
Nikon D3X,D65,True,0.2,0.8,linear_srgb_unclipped,1.24712149463,0.031742166584,0.0254523450367,39.2891106324,2,True,PASS
Nikon D3X,D65,True,0.2,0.8,chromaticity,0.510896300601,0.0190188501903,0.0372264394318,26.8626281552,2,True,PASS
Nikon D3X,D65,True,0.35,0.2,camera_rgb_wb,0.936870547632,0.0199709093871,0.0213166156601,46.9117619769,2,True,PASS
Nikon D3X,D65,True,0.35,0.2,linear_srgb_unclipped,0.961625635087,0.0413310944767,0.0429804416279,23.2663965777,2,True,PASS
Nikon D3X,D65,True,0.35,0.2,chromaticity,0.464063189308,0.0305423680559,0.0658151061313,15.1940801859,2,True,PASS
Nikon D3X,D65,True,0.35,0.35,camera_rgb_wb,0.897330775206,0.0165838667107,0.0184813305961,54.1086581833,2,True,PASS
Nikon D3X,D65,True,0.35,0.35,linear_srgb_unclipped,0.927414587084,0.0341954787688,0.0368718362263,27.1209709726,2,True,PASS
Nikon D3X,D65,True,0.35,0.35,chromaticity,0.463283009157,0.0264139730942,0.0570147675871,17.5393155549,2,True,PASS
Nikon D3X,D65,True,0.35,0.5,camera_rgb_wb,0.863525332833,0.0141270694911,0.0163597626543,61.1255811671,2,True,PASS
Nikon D3X,D65,True,0.35,0.5,linear_srgb_unclipped,0.898136615895,0.0290295727205,0.0323220011374,30.9386784484,2,True,PASS
Nikon D3X,D65,True,0.35,0.5,chromaticity,0.462669238827,0.0233297348562,0.0504242186392,19.8317401238,2,True,PASS
Nikon D3X,D65,True,0.35,0.65,camera_rgb_wb,0.833983525777,0.0122610416106,0.0147017791498,68.0189785065,2,True,PASS
Nikon D3X,D65,True,0.35,0.65,linear_srgb_unclipped,0.872518744614,0.0251132299413,0.0287824532096,34.7433901037,2,True,PASS
Nikon D3X,D65,True,0.35,0.65,chromaticity,0.462134665266,0.020922249781,0.0452730585986,22.0881917625,2,True,PASS
Nikon D3X,D65,True,0.35,0.8,camera_rgb_wb,0.80775154118,0.0107946142472,0.013363780441,74.8291252177,2,True,PASS
Nikon D3X,D65,True,0.35,0.8,linear_srgb_unclipped,0.849736797096,0.0220411748327,0.0259388258906,38.5522461277,2,True,PASS
Nikon D3X,D65,True,0.35,0.8,chromaticity,0.461637126753,0.0189810647088,0.0411168504628,24.3209289803,2,True,PASS
Nikon D3X,D65,True,0.5,0.2,camera_rgb_wb,0.627021800536,0.0143737987642,0.0229239218667,43.6225531484,2,True,PASS
Nikon D3X,D65,True,0.5,0.2,linear_srgb_unclipped,0.686024375337,0.0296481496607,0.0432173414336,23.1388596991,2,True,PASS
Nikon D3X,D65,True,0.5,0.2,chromaticity,0.414213142177,0.0294833392062,0.0711791495828,14.0490579876,2,True,PASS
Nikon D3X,D65,True,0.5,0.35,camera_rgb_wb,0.602689966425,0.0118654546657,0.019687493283,50.7936681236,2,True,PASS
Nikon D3X,D65,True,0.5,0.35,linear_srgb_unclipped,0.664839198849,0.0244148698576,0.0367229698548,27.2309130758,2,True,PASS
Nikon D3X,D65,True,0.5,0.35,chromaticity,0.412726707428,0.0254020373817,0.0615468709065,16.2477797047,2,True,PASS
Nikon D3X,D65,True,0.5,0.5,camera_rgb_wb,0.581809209011,0.0100533660214,0.0172794893337,57.8720806319,2,True,PASS
Nikon D3X,D65,True,0.5,0.5,linear_srgb_unclipped,0.646572032778,0.0206407540426,0.0319233635175,31.3250199796,2,True,PASS
Nikon D3X,D65,True,0.5,0.5,chromaticity,0.411474441045,0.0223621266392,0.0543463321378,18.4005058053,2,True,PASS
Nikon D3X,D65,True,0.5,0.65,camera_rgb_wb,0.563501028603,0.00868189116599,0.0154070546908,64.9053320099,2,True,PASS
Nikon D3X,D65,True,0.5,0.65,linear_srgb_unclipped,0.630478966701,0.0177889461761,0.0282149716576,35.4421763076,2,True,PASS
Nikon D3X,D65,True,0.5,0.65,chromaticity,0.410350051712,0.0199956174127,0.0487281951818,20.5219995583,2,True,PASS
Nikon D3X,D65,True,0.5,0.8,camera_rgb_wb,0.547194740577,0.00760757009009,0.0139028567454,71.9276633797,2,True,PASS
Nikon D3X,D65,True,0.5,0.8,linear_srgb_unclipped,0.61607733076,0.0155584620257,0.025254073229,39.597572674,2,True,PASS
Nikon D3X,D65,True,0.5,0.8,chromaticity,0.409300907042,0.0180922244091,0.0442027469226,22.6230284229,2,True,PASS
Nikon D3X,D65,True,0.65,0.2,camera_rgb_wb,0.436626154128,0.0105848936189,0.0242424635328,41.2499331451,2,True,PASS
Nikon D3X,D65,True,0.65,0.2,linear_srgb_unclipped,0.510080144379,0.0213687094946,0.0418928470949,23.8704234576,2,True,PASS
Nikon D3X,D65,True,0.65,0.2,chromaticity,0.365742665104,0.0272668221204,0.0745519315134,13.4134687016,2,True,PASS
Nikon D3X,D65,True,0.65,0.35,camera_rgb_wb,0.421033414475,0.00870923310331,0.0206853727136,48.343339704,2,True,PASS
Nikon D3X,D65,True,0.65,0.35,linear_srgb_unclipped,0.496075206494,0.0175420180856,0.0353616102074,28.2792552187,2,True,PASS
Nikon D3X,D65,True,0.65,0.35,chromaticity,0.36347629311,0.0234400907314,0.064488637019,15.5066077719,2,True,PASS
Nikon D3X,D65,True,0.65,0.5,camera_rgb_wb,0.407601448833,0.00735669046477,0.0180487348262,55.4055455758,2,True,PASS
Nikon D3X,D65,True,0.65,0.5,linear_srgb_unclipped,0.4839043152,0.0147893848844,0.0305626224438,32.7197053145,2,True,PASS
Nikon D3X,D65,True,0.65,0.5,chromaticity,0.361556174051,0.0205927200596,0.0569557970174,17.5574753119,2,True,PASS
Nikon D3X,D65,True,0.65,0.65,camera_rgb_wb,0.395784142833,0.00633472171099,0.0160054964953,62.4785366887,2,True,PASS
Nikon D3X,D65,True,0.65,0.65,linear_srgb_unclipped,0.473107345057,0.0127140355462,0.0268734689475,37.2114222378,2,True,PASS
Nikon D3X,D65,True,0.65,0.65,chromaticity,0.359841969322,0.0183786129156,0.0510741227608,19.579386702,2,True,PASS
Nikon D3X,D65,True,0.65,0.8,camera_rgb_wb,0.385226199158,0.0055354200676,0.0143692720788,69.5929476813,2,True,PASS
Nikon D3X,D65,True,0.65,0.8,linear_srgb_unclipped,0.463384718352,0.0110940554771,0.0239413494613,41.7687399625,2,True,PASS
Nikon D3X,D65,True,0.65,0.8,chromaticity,0.358261806266,0.016599931607,0.0463346394081,21.5821254417,2,True,PASS
Nikon D3X,D65,True,0.8,0.2,camera_rgb_wb,0.313342666921,0.00786197251939,0.0250906542561,39.8554772544,2,True,PASS
Nikon D3X,D65,True,0.8,0.2,linear_srgb_unclipped,0.388018433638,0.0153894936714,0.0396617591775,25.2132033661,2,True,PASS
Nikon D3X,D65,True,0.8,0.2,chromaticity,0.321000867368,0.0243440014194,0.0758378057324,13.1860355181,2,True,PASS
Nikon D3X,D65,True,0.8,0.35,camera_rgb_wb,0.303010269904,0.0064583848355,0.0213140790164,46.9173450672,2,True,PASS
Nikon D3X,D65,True,0.8,0.35,linear_srgb_unclipped,0.378327945516,0.0126081258437,0.0333259173507,30.0066758697,2,True,PASS
Nikon D3X,D65,True,0.8,0.35,chromaticity,0.317977793231,0.020906339766,0.0657477981515,15.2096348184,2,True,PASS
Nikon D3X,D65,True,0.8,0.5,camera_rgb_wb,0.294073740154,0.00544710237415,0.018522913237,53.9871880413,2,True,PASS
Nikon D3X,D65,True,0.8,0.5,linear_srgb_unclipped,0.369841749857,0.0106109077706,0.0286904000825,34.8548642446,2,True,PASS
Nikon D3X,D65,True,0.8,0.5,chromaticity,0.315435449623,0.0183470869758,0.0581643153862,17.1926720595,2,True,PASS
Nikon D3X,D65,True,0.8,0.65,camera_rgb_wb,0.286183160493,0.00468358448664,0.0163656885981,61.1034478634,2,True,PASS
Nikon D3X,D65,True,0.8,0.65,linear_srgb_unclipped,0.36226375938,0.00910736260421,0.0251401426955,39.7770216388,2,True,PASS
Nikon D3X,D65,True,0.8,0.65,chromaticity,0.313191110784,0.016356839898,0.0522263861738,19.1474094469,2,True,PASS
Nikon D3X,D65,True,0.8,0.8,camera_rgb_wb,0.279110451147,0.00408687093468,0.0146424862197,68.2944129157,2,True,PASS
Nikon D3X,D65,True,0.8,0.8,linear_srgb_unclipped,0.355400212213,0.00793529485165,0.0223277718442,44.7872724148,2,True,PASS
Nikon D3X,D65,True,0.8,0.8,chromaticity,0.311148796418,0.0147582936865,0.0474316271071,21.0829790372,2,True,PASS
Nikon D200,D65,True,0.2,0.2,camera_rgb_wb,1.48059255412,0.031229354128,0.0210924700662,47.4102841849,2,True,PASS
Nikon D200,D65,True,0.2,0.2,linear_srgb_unclipped,1.44755227971,0.0573986927885,0.0396522416447,25.2192551675,2,True,PASS
Nikon D200,D65,True,0.2,0.2,chromaticity,0.525188394761,0.0324905688076,0.0618645977932,16.1643336524,2,True,PASS
Nikon D200,D65,True,0.2,0.35,camera_rgb_wb,1.41303349645,0.0261973644959,0.0185398043016,53.9380019191,2,True,PASS
Nikon D200,D65,True,0.2,0.35,linear_srgb_unclipped,1.38766869572,0.0478197232835,0.0344604756388,29.0187521055,2,True,PASS
Nikon D200,D65,True,0.2,0.35,chromaticity,0.525184036562,0.0282670344469,0.0538231029107,18.5793821969,2,True,PASS
Nikon D200,D65,True,0.2,0.5,camera_rgb_wb,1.35542603358,0.0225143420982,0.0166105280115,60.2027821939,2,True,PASS
Nikon D200,D65,True,0.2,0.5,linear_srgb_unclipped,1.33668528549,0.0408466141939,0.0305581385816,32.7245063481,2,True,PASS
Nikon D200,D65,True,0.2,0.5,chromaticity,0.52528891221,0.0250966780348,0.0477769041978,20.9306152584,2,True,PASS
Nikon D200,D65,True,0.2,0.65,camera_rgb_wb,1.30520985382,0.0196952784827,0.0150897408758,66.2701903385,2,True,PASS
Nikon D200,D65,True,0.2,0.65,linear_srgb_unclipped,1.29229700527,0.0355350502536,0.0274975877129,36.3668264445,2,True,PASS
Nikon D200,D65,True,0.2,0.65,chromaticity,0.525433193019,0.0226113951196,0.0430338155641,23.2375397555,2,True,PASS
Nikon D200,D65,True,0.2,0.8,camera_rgb_wb,1.26072425523,0.0174647270731,0.0138529317578,72.1868855981,2,True,PASS
Nikon D200,D65,True,0.2,0.8,linear_srgb_unclipped,1.25301051478,0.0313508374151,0.0250204104795,39.9673698726,2,True,PASS
Nikon D200,D65,True,0.2,0.8,chromaticity,0.525583603991,0.0205995523242,0.03919367379,25.5143216571,2,True,PASS
Nikon D200,D65,True,0.35,0.2,camera_rgb_wb,0.940631505491,0.0214061830266,0.0227572464899,43.9420472263,2,True,PASS
Nikon D200,D65,True,0.35,0.2,linear_srgb_unclipped,0.963810733376,0.0404221332992,0.0419399078049,23.8436384899,2,True,PASS
Nikon D200,D65,True,0.35,0.2,chromaticity,0.477730036789,0.0331073165736,0.0693013083207,14.4297420097,2,True,PASS
Nikon D200,D65,True,0.35,0.35,camera_rgb_wb,0.900923332991,0.0178160132636,0.0197752823256,50.5681781698,2,True,PASS
Nikon D200,D65,True,0.35,0.35,linear_srgb_unclipped,0.929497365794,0.0334611146656,0.0359991495372,27.7784340146,2,True,PASS
Nikon D200,D65,True,0.35,0.35,chromaticity,0.477163093103,0.0286441202849,0.0600300415078,16.6583259795,2,True,PASS
Nikon D200,D65,True,0.35,0.5,camera_rgb_wb,0.866950894664,0.0152068942971,0.0175406639415,57.0103847458,2,True,PASS
Nikon D200,D65,True,0.35,0.5,linear_srgb_unclipped,0.900109406073,0.0284217148192,0.0315758447,31.6697782593,2,True,PASS
Nikon D200,D65,True,0.35,0.5,chromaticity,0.476718140586,0.0253105569841,0.053093337193,18.8347550346,2,True,PASS
Nikon D200,D65,True,0.35,0.65,camera_rgb_wb,0.837248951095,0.0132216342542,0.0157917597113,63.3241651521,2,True,PASS
Nikon D200,D65,True,0.35,0.65,linear_srgb_unclipped,0.874381650027,0.0246007947895,0.0281350767011,35.5428211775,2,True,PASS
Nikon D200,D65,True,0.35,0.65,chromaticity,0.476323017744,0.0227085354318,0.0476746547738,20.9755058478,2,True,PASS
Nikon D200,D65,True,0.35,0.8,camera_rgb_wb,0.810865601531,0.0116589219383,0.0143783654361,69.5489347831,2,True,PASS
Nikon D200,D65,True,0.35,0.8,linear_srgb_unclipped,0.851493348866,0.0216029810799,0.02537069856,39.4155485169,2,True,PASS
Nikon D200,D65,True,0.35,0.8,chromaticity,0.475944043022,0.0206103202744,0.0433040828571,23.0925107755,2,True,PASS
Nikon D200,D65,True,0.5,0.2,camera_rgb_wb,0.627830072896,0.0151392879953,0.0241136712764,41.4702509849,2,True,PASS
Nikon D200,D65,True,0.5,0.2,linear_srgb_unclipped,0.68644480142,0.0288449712074,0.0420208167469,23.7977287786,2,True,PASS
Nikon D200,D65,True,0.5,0.2,chromaticity,0.426991918586,0.031995662734,0.0749327126378,13.3453062728,2,True,PASS
Nikon D200,D65,True,0.5,0.35,camera_rgb_wb,0.603395653923,0.0125271371789,0.0207610663043,48.1670828146,2,True,PASS
Nikon D200,D65,True,0.5,0.35,linear_srgb_unclipped,0.665192807145,0.0237672627672,0.0357298853984,27.9877751873,2,True,PASS
Nikon D200,D65,True,0.5,0.35,chromaticity,0.425676529794,0.0275774508002,0.0647849925237,15.4356736189,2,True,PASS
Nikon D200,D65,True,0.5,0.5,camera_rgb_wb,0.582424411697,0.0106367623363,0.0182629060916,54.7557981728,2,True,PASS
Nikon D200,D65,True,0.5,0.5,linear_srgb_unclipped,0.646864304239,0.0201046834225,0.0310802177377,32.1748067675,2,True,PASS
Nikon D200,D65,True,0.5,0.5,chromaticity,0.424555989184,0.0242868607635,0.0572053189265,17.4808919654,2,True,PASS
Nikon D200,D65,True,0.5,0.65,camera_rgb_wb,0.564036406525,0.00920362017588,0.0163174221901,61.284189889,2,True,PASS
Nikon D200,D65,True,0.5,0.65,linear_srgb_unclipped,0.630716029782,0.0173363655422,0.0274868002772,36.3810989244,2,True,PASS
Nikon D200,D65,True,0.5,0.65,chromaticity,0.423537157593,0.0217250213791,0.0512942512589,19.4953620622,2,True,PASS
Nikon D200,D65,True,0.5,0.8,camera_rgb_wb,0.547659458903,0.00807918904398,0.0147522131,67.786439446,2,True,PASS
Nikon D200,D65,True,0.5,0.8,linear_srgb_unclipped,0.616265049259,0.015170458344,0.0246167754641,40.6227046861,2,True,PASS
Nikon D200,D65,True,0.5,0.8,chromaticity,0.422574877502,0.0196642159508,0.04653427593,21.4895360466,2,True,PASS
Nikon D200,D65,True,0.65,0.2,camera_rgb_wb,0.436406546771,0.0110073096859,0.025222604398,39.6469763479,2,True,PASS
Nikon D200,D65,True,0.65,0.2,linear_srgb_unclipped,0.509989128377,0.0207319397572,0.0406517288383,24.5991998023,2,True,PASS
Nikon D200,D65,True,0.65,0.2,chromaticity,0.377352171192,0.0295649076001,0.0783483171879,12.763516,2,True,PASS
Nikon D200,D65,True,0.65,0.35,camera_rgb_wb,0.420757084221,0.00907569928722,0.0215699262771,46.3608445923,2,True,PASS
Nikon D200,D65,True,0.65,0.35,linear_srgb_unclipped,0.495952072913,0.017028813548,0.0343356031319,29.124288167,2,True,PASS
Nikon D200,D65,True,0.65,0.35,chromaticity,0.375200118704,0.0254233247443,0.0677593728706,14.758105892,2,True,PASS
Nikon D200,D65,True,0.65,0.5,camera_rgb_wb,0.407280241126,0.00768080826578,0.018858779509,53.0257008159,2,True,PASS
Nikon D200,D65,True,0.65,0.5,linear_srgb_unclipped,0.483754506466,0.0143643123822,0.0296933923926,33.6775261909,2,True,PASS
Nikon D200,D65,True,0.65,0.5,chromaticity,0.373363052632,0.0223418952992,0.0598395988615,16.7113419713,2,True,PASS
Nikon D200,D65,True,0.65,0.65,camera_rgb_wb,0.395427046403,0.00662533473868,0.0167548851272,59.6840857103,2,True,PASS
Nikon D200,D65,True,0.65,0.65,linear_srgb_unclipped,0.472935729723,0.0123546919741,0.0261234057773,38.2798479083,2,True,PASS
Nikon D200,D65,True,0.65,0.65,chromaticity,0.371711112612,0.0199456417721,0.0536589870342,18.6362071905,2,True,PASS
Nikon D200,D65,True,0.65,0.8,camera_rgb_wb,0.384840185345,0.00579868793674,0.0150677817898,66.3667694388,2,True,PASS
Nikon D200,D65,True,0.65,0.8,linear_srgb_unclipped,0.463195438118,0.010785412788,0.0232847992454,42.9464729097,2,True,PASS
Nikon D200,D65,True,0.65,0.8,chromaticity,0.370178424192,0.0180203924482,0.0486802883975,20.5421954741,2,True,PASS
Nikon D200,D65,True,0.8,0.2,camera_rgb_wb,0.312877494598,0.00811344466321,0.0259316978795,38.5628432294,2,True,PASS
Nikon D200,D65,True,0.8,0.2,linear_srgb_unclipped,0.387916068724,0.0149076444248,0.0384300770881,26.0212852997,2,True,PASS
Nikon D200,D65,True,0.8,0.2,chromaticity,0.331384094386,0.0263097304797,0.0793934619234,12.5954955959,2,True,PASS
Nikon D200,D65,True,0.8,0.35,camera_rgb_wb,0.302517268559,0.00667653069936,0.0220699159792,45.310548574,2,True,PASS
Nikon D200,D65,True,0.8,0.35,linear_srgb_unclipped,0.378211472869,0.0122198418143,0.0323095482048,30.9506030125,2,True,PASS
Nikon D200,D65,True,0.8,0.35,chromaticity,0.328411802988,0.0225990429119,0.0688131264049,14.5321111283,2,True,PASS
Nikon D200,D65,True,0.8,0.5,camera_rgb_wb,0.293561792278,0.00563999220662,0.0192122829162,52.0500350929,2,True,PASS
Nikon D200,D65,True,0.8,0.5,linear_srgb_unclipped,0.369715279183,0.0102891405212,0.0278299034433,35.9325716684,2,True,PASS
Nikon D200,D65,True,0.8,0.5,chromaticity,0.325899307608,0.0198368334393,0.0608679827671,16.4289985398,2,True,PASS
Nikon D200,D65,True,0.8,0.65,camera_rgb_wb,0.285658595981,0.00485645964608,0.0170009224802,58.8203376119,2,True,PASS
Nikon D200,D65,True,0.8,0.65,linear_srgb_unclipped,0.362130692384,0.00883509368397,0.0243975279361,40.987759195,2,True,PASS
Nikon D200,D65,True,0.8,0.65,chromaticity,0.323671045715,0.0176887258071,0.0546503187149,18.2981549516,2,True,PASS
Nikon D200,D65,True,0.8,0.8,camera_rgb_wb,0.278577916966,0.00424338458838,0.015232307839,65.6499337178,2,True,PASS
Nikon D200,D65,True,0.8,0.8,linear_srgb_unclipped,0.355263283256,0.00770114789837,0.0216772975462,46.1312115991,2,True,PASS
Nikon D200,D65,True,0.8,0.8,chromaticity,0.321635162304,0.0159632543438,0.0496315584075,20.1484706926,2,True,PASS
Nikon D3,D65,True,0.2,0.2,camera_rgb_wb,1.47943911082,0.0316960281615,0.0214243546286,46.6758517275,2,True,PASS
Nikon D3,D65,True,0.2,0.2,linear_srgb_unclipped,1.44610667937,0.0571625242333,0.0395285666324,25.2981599181,2,True,PASS
Nikon D3,D65,True,0.2,0.2,chromaticity,0.515608383822,0.0328647383643,0.0637397284363,15.6888023299,2,True,PASS
Nikon D3,D65,True,0.2,0.35,camera_rgb_wb,1.41163758134,0.0266008605604,0.0188439730651,53.0673651754,2,True,PASS
Nikon D3,D65,True,0.2,0.35,linear_srgb_unclipped,1.38606282564,0.0476638286497,0.0343879279988,29.0799724844,2,True,PASS
Nikon D3,D65,True,0.2,0.35,chromaticity,0.515895313356,0.0286220142412,0.0554802757463,18.0244237533,2,True,PASS
Nikon D3,D65,True,0.2,0.5,camera_rgb_wb,1.35383260148,0.0228672111319,0.0168907227577,59.204097678,2,True,PASS
Nikon D3,D65,True,0.2,0.5,linear_srgb_unclipped,1.33494841829,0.0407410555579,0.0305188237986,32.7666625227,2,True,PASS
Nikon D3,D65,True,0.2,0.5,chromaticity,0.516262462662,0.0254332180233,0.0492641240895,20.2987471813,2,True,PASS
Nikon D3,D65,True,0.2,0.65,camera_rgb_wb,1.30345038304,0.0200068852424,0.015349172859,65.1500904436,2,True,PASS
Nikon D3,D65,True,0.2,0.65,linear_srgb_unclipped,1.29045008009,0.035463127284,0.0274812081701,36.388502056,2,True,PASS
Nikon D3,D65,True,0.2,0.65,chromaticity,0.516647368872,0.0229309612555,0.0443841634296,22.5305587112,2,True,PASS
Nikon D3,D65,True,0.2,0.8,camera_rgb_wb,1.25882221277,0.0177421216709,0.0140942235455,70.9510528742,2,True,PASS
Nikon D3,D65,True,0.2,0.8,linear_srgb_unclipped,1.25106937307,0.0313024145428,0.0250205266123,39.9671843641,2,True,PASS
Nikon D3,D65,True,0.2,0.8,chromaticity,0.51702126498,0.0209036701348,0.0404309678357,24.7335162508,2,True,PASS
Nikon D3,D65,True,0.35,0.2,camera_rgb_wb,0.94173672134,0.0216805923587,0.0230219252021,43.4368538349,2,True,PASS
Nikon D3,D65,True,0.35,0.2,linear_srgb_unclipped,0.962383064831,0.0402316439781,0.0418041894629,23.921047456,2,True,PASS
Nikon D3,D65,True,0.35,0.2,chromaticity,0.470258130772,0.0335001699439,0.0712378324835,14.0374849309,2,True,PASS
Nikon D3,D65,True,0.35,0.35,camera_rgb_wb,0.901639086334,0.0180568532807,0.0200266975494,49.9333451026,2,True,PASS
Nikon D3,D65,True,0.35,0.35,linear_srgb_unclipped,0.927926097602,0.033327647908,0.0359162739298,27.8425318271,2,True,PASS
Nikon D3,D65,True,0.35,0.35,chromaticity,0.470062945906,0.0290091563171,0.061713344074,16.2039509446,2,True,PASS
Nikon D3,D65,True,0.35,0.5,camera_rgb_wb,0.867348305791,0.0154201291066,0.017778473773,56.2477979139,2,True,PASS
Nikon D3,D65,True,0.35,0.5,linear_srgb_unclipped,0.898423530352,0.0283248334511,0.0315272613575,31.7185812196,2,True,PASS
Nikon D3,D65,True,0.35,0.5,chromaticity,0.469949029583,0.0256515287137,0.0545836401374,18.3205077104,2,True,PASS
Nikon D3,D65,True,0.35,0.65,camera_rgb_wb,0.837378713855,0.0134119660261,0.0160166073058,62.4351949763,2,True,PASS
Nikon D3,D65,True,0.35,0.65,linear_srgb_unclipped,0.872601677663,0.0245289472615,0.0281101307612,35.5743631539,2,True,PASS
Nikon D3,D65,True,0.35,0.65,chromaticity,0.469854130037,0.0230286498382,0.0490123388645,20.4030255068,2,True,PASS
Nikon D3,D65,True,0.35,0.8,camera_rgb_wb,0.81076583721,0.0118300042955,0.0145911479647,68.5347035351,2,True,PASS
Nikon D3,D65,True,0.35,0.8,linear_srgb_unclipped,0.849634627849,0.0215490633711,0.0253627414241,39.427914486,2,True,PASS
Nikon D3,D65,True,0.35,0.8,chromaticity,0.469750872353,0.0209121985774,0.0445176364924,22.4630074459,2,True,PASS
Nikon D3,D65,True,0.5,0.2,camera_rgb_wb,0.62887258154,0.0153236292572,0.0243668267738,41.0394020231,2,True,PASS
Nikon D3,D65,True,0.5,0.2,linear_srgb_unclipped,0.685197989402,0.0287085981256,0.0418982521397,23.867344076,2,True,PASS
Nikon D3,D65,True,0.5,0.2,chromaticity,0.422326906315,0.0323656952522,0.0766365930473,13.0485967635,2,True,PASS
Nikon D3,D65,True,0.5,0.35,camera_rgb_wb,0.604079805227,0.0126906816386,0.0210082865357,47.6002647005,2,True,PASS
Nikon D3,D65,True,0.5,0.35,linear_srgb_unclipped,0.663829292844,0.0236696811572,0.0356562770163,28.045552808,2,True,PASS
Nikon D3,D65,True,0.5,0.35,chromaticity,0.421401224161,0.0279193839809,0.0662536850397,15.0935000733,2,True,PASS
Nikon D3,D65,True,0.5,0.5,camera_rgb_wb,0.58281705044,0.0107829139121,0.0185013700337,54.0500513302,2,True,PASS
Nikon D3,D65,True,0.5,0.5,linear_srgb_unclipped,0.645409458964,0.0200321681808,0.03103792159,32.2186521769,2,True,PASS
Nikon D3,D65,True,0.5,0.5,chromaticity,0.420626426615,0.024604904174,0.0584958590738,17.0952271808,2,True,PASS
Nikon D3,D65,True,0.5,0.65,camera_rgb_wb,0.564185192623,0.00933517787919,0.0165463007559,60.4364694411,2,True,PASS
Nikon D3,D65,True,0.5,0.65,linear_srgb_unclipped,0.629187551849,0.0172811369265,0.0274657959709,36.4089211564,2,True,PASS
Nikon D3,D65,True,0.5,0.65,chromaticity,0.419919487041,0.022022583904,0.0524447771147,19.0676756584,2,True,PASS
Nikon D3,D65,True,0.5,0.8,camera_rgb_wb,0.547600186445,0.00819837679348,0.0149714645766,66.793732496,2,True,PASS
Nikon D3,D65,True,0.5,0.8,linear_srgb_unclipped,0.614676012543,0.0151277163215,0.0246108779467,40.6324391258,2,True,PASS
Nikon D3,D65,True,0.5,0.8,chromaticity,0.419241915468,0.0199440108434,0.0475716050986,21.0209430169,2,True,PASS
Nikon D3,D65,True,0.65,0.2,camera_rgb_wb,0.436835093663,0.0111533627454,0.0255322040449,39.1662231056,2,True,PASS
Nikon D3,D65,True,0.65,0.2,linear_srgb_unclipped,0.50899047206,0.0206505733889,0.040571630556,24.6477646153,2,True,PASS
Nikon D3,D65,True,0.65,0.2,chromaticity,0.375546245702,0.0298972020332,0.0796099079017,12.5612505573,2,True,PASS
Nikon D3,D65,True,0.65,0.35,camera_rgb_wb,0.420909097249,0.00920488885755,0.0218690660708,45.72668978,2,True,PASS
Nikon D3,D65,True,0.65,0.35,linear_srgb_unclipped,0.494862055943,0.0169712381695,0.0342948867583,29.1588657822,2,True,PASS
Nikon D3,D65,True,0.65,0.35,chromaticity,0.373756214928,0.0257306893893,0.0688435091152,14.5256976707,2,True,PASS
Nikon D3,D65,True,0.65,0.5,camera_rgb_wb,0.407208856196,0.00779612200638,0.0191452663363,52.2322323666,2,True,PASS
Nikon D3,D65,True,0.65,0.5,linear_srgb_unclipped,0.482593690211,0.0143219787693,0.0296770949554,33.6960205001,2,True,PASS
Nikon D3,D65,True,0.65,0.5,chromaticity,0.372240095675,0.0226278707933,0.0607883757184,16.4505135757,2,True,PASS
Nikon D3,D65,True,0.65,0.65,camera_rgb_wb,0.395170042133,0.00672912277736,0.0170284233619,58.7253428429,2,True,PASS
Nikon D3,D65,True,0.65,0.65,linear_srgb_unclipped,0.471718342002,0.0123227959862,0.0261232071959,38.280138901,2,True,PASS
Nikon D3,D65,True,0.65,0.65,chromaticity,0.370876751961,0.0202131779465,0.0545010649485,18.3482653219,2,True,PASS
Nikon D3,D65,True,0.65,0.8,camera_rgb_wb,0.384425844569,0.00589277511755,0.0153287693863,65.2368089568,2,True,PASS
Nikon D3,D65,True,0.65,0.8,linear_srgb_unclipped,0.461931911541,0.0107610118877,0.0232956667829,42.9264381791,2,True,PASS
Nikon D3,D65,True,0.65,0.8,chromaticity,0.369606336442,0.018271873881,0.049436040672,20.2281571583,2,True,PASS
Nikon D3,D65,True,0.8,0.2,camera_rgb_wb,0.312760635791,0.00824028102321,0.026346925029,37.9550933894,2,True,PASS
Nikon D3,D65,True,0.8,0.2,linear_srgb_unclipped,0.387148438623,0.0148684175658,0.0384049529393,26.0383081729,2,True,PASS
Nikon D3,D65,True,0.8,0.2,chromaticity,0.332086054205,0.0266076836785,0.08012285774,12.4808329134,2,True,PASS
Nikon D3,D65,True,0.8,0.35,camera_rgb_wb,0.302204468805,0.0067874357842,0.0224597465783,44.5240998831,2,True,PASS
Nikon D3,D65,True,0.8,0.35,linear_srgb_unclipped,0.377372972328,0.0121936211685,0.0323118560753,30.9483923694,2,True,PASS
Nikon D3,D65,True,0.8,0.35,chromaticity,0.329420639363,0.0228749312858,0.0694398849145,14.4009455262,2,True,PASS
Nikon D3,D65,True,0.8,0.5,camera_rgb_wb,0.293092002996,0.00573818986944,0.0195781181704,51.0774320238,2,True,PASS
Nikon D3,D65,True,0.8,0.5,linear_srgb_unclipped,0.368821971673,0.0102710356921,0.0278482207704,35.908936813,2,True,PASS
Nikon D3,D65,True,0.8,0.5,chromaticity,0.32718057696,0.0200935808613,0.0614143450933,16.282840735,2,True,PASS
Nikon D3,D65,True,0.8,0.65,camera_rgb_wb,0.285059400036,0.00494431647343,0.0173448638172,57.6539551154,2,True,PASS
Nikon D3,D65,True,0.8,0.65,linear_srgb_unclipped,0.361193664489,0.00882241363956,0.0244257153625,40.9404590678,2,True,PASS
Nikon D3,D65,True,0.8,0.65,chromaticity,0.325196778411,0.0179288649801,0.0551323572999,18.1381687447,2,True,PASS
Nikon D3,D65,True,0.8,0.8,camera_rgb_wb,0.277869882289,0.00432266725978,0.015556443988,64.2820429125,2,True,PASS
Nikon D3,D65,True,0.8,0.8,linear_srgb_unclipped,0.354290643791,0.00769227525733,0.0217117651627,46.0579778985,2,True,PASS
Nikon D3,D65,True,0.8,0.8,chromaticity,0.323382197811,0.0161888739929,0.0500611168534,19.9755831043,2,True,PASS
Nikon D300s,D65,True,0.2,0.2,camera_rgb_wb,1.47628833438,0.0293935218499,0.0199104207257,50.2249557545,2,True,PASS
Nikon D300s,D65,True,0.2,0.2,linear_srgb_unclipped,1.44484802123,0.0593527796565,0.0410789084973,24.3433926699,2,True,PASS
Nikon D300s,D65,True,0.2,0.2,chromaticity,0.48580929238,0.0306165400879,0.0630217259491,15.86754385,2,True,PASS
Nikon D300s,D65,True,0.2,0.35,camera_rgb_wb,1.40809262428,0.0246693417464,0.0175196867883,57.0786459873,2,True,PASS
Nikon D300s,D65,True,0.2,0.35,linear_srgb_unclipped,1.38495325184,0.0494853479287,0.0357306991142,27.9871378056,2,True,PASS
Nikon D300s,D65,True,0.2,0.35,chromaticity,0.486473108755,0.0266742146961,0.0548318380114,18.2375794113,2,True,PASS
Nikon D300s,D65,True,0.2,0.5,camera_rgb_wb,1.3499772358,0.0212083128568,0.0157101262853,63.6532120645,2,True,PASS
Nikon D300s,D65,True,0.2,0.5,linear_srgb_unclipped,1.33398566223,0.0422949177836,0.031705676441,31.540093518,2,True,PASS
Nikon D300s,D65,True,0.2,0.5,chromaticity,0.487177773754,0.0237110467436,0.0486702144906,20.5464473594,2,True,PASS
Nikon D300s,D65,True,0.2,0.65,camera_rgb_wb,1.29934095251,0.0185569398926,0.0142818094486,70.0191389331,2,True,PASS
Nikon D300s,D65,True,0.2,0.65,linear_srgb_unclipped,1.28962709391,0.0368130005765,0.028545461514,35.0318385818,2,True,PASS
Nikon D300s,D65,True,0.2,0.65,chromaticity,0.487870988715,0.0213853079415,0.0438339406036,22.8133721548,2,True,PASS
Nikon D300s,D65,True,0.2,0.8,camera_rgb_wb,1.2544989746,0.0164575305006,0.0131188074553,76.2264408111,2,True,PASS
Nikon D300s,D65,True,0.2,0.8,linear_srgb_unclipped,1.25037728566,0.0324913025314,0.0259851989509,38.4834459759,2,True,PASS
Nikon D300s,D65,True,0.2,0.8,chromaticity,0.48853037491,0.0195004529959,0.0399165619938,25.052257761,2,True,PASS
Nikon D300s,D65,True,0.35,0.2,camera_rgb_wb,0.939284182366,0.0200919085683,0.0213906599786,46.7493757088,2,True,PASS
Nikon D300s,D65,True,0.35,0.2,linear_srgb_unclipped,0.961590238582,0.0417385201424,0.0434057236313,23.0384363246,2,True,PASS
Nikon D300s,D65,True,0.35,0.2,chromaticity,0.446151747715,0.0312701926615,0.0700886925169,14.267636677,2,True,PASS
Nikon D300s,D65,True,0.35,0.35,camera_rgb_wb,0.898785491584,0.0167335630219,0.0186179718949,53.7115431071,2,True,PASS
Nikon D300s,D65,True,0.35,0.35,linear_srgb_unclipped,0.927240354327,0.0345800885521,0.0372935543527,26.8142851321,2,True,PASS
Nikon D300s,D65,True,0.35,0.35,chromaticity,0.44636420418,0.0270934645331,0.060698112168,16.4749769685,2,True,PASS
Nikon D300s,D65,True,0.35,0.5,camera_rgb_wb,0.864165309026,0.0142906999568,0.0165369979651,60.4704676213,2,True,PASS
Nikon D300s,D65,True,0.35,0.5,linear_srgb_unclipped,0.897833312344,0.0293934528847,0.0327382070598,30.5453502134,2,True,PASS
Nikon D300s,D65,True,0.35,0.5,chromaticity,0.446614821898,0.0239702759027,0.0536710264135,18.6320267531,2,True,PASS
Nikon D300s,D65,True,0.35,0.65,camera_rgb_wb,0.833917315603,0.0124304349903,0.0149060761273,67.086736406,2,True,PASS
Nikon D300s,D65,True,0.35,0.65,linear_srgb_unclipped,0.872096660922,0.0254580010046,0.0291917193877,34.2562898306,2,True,PASS
Nikon D300s,D65,True,0.35,0.65,chromaticity,0.446852479544,0.0215297418939,0.0481808714946,20.7551247825,2,True,PASS
Nikon D300s,D65,True,0.35,0.8,camera_rgb_wb,0.807064312308,0.0109650510781,0.0135863411513,73.603333588,2,True,PASS
Nikon D300s,D65,True,0.35,0.8,linear_srgb_unclipped,0.849205722522,0.0223683052448,0.0263402667358,37.9646876787,2,True,PASS
Nikon D300s,D65,True,0.35,0.8,chromaticity,0.447056747542,0.0195596590135,0.0437520720157,22.8560603859,2,True,PASS
Nikon D300s,D65,True,0.5,0.2,camera_rgb_wb,0.625265069835,0.0142103854724,0.0227269779778,44.0005706424,2,True,PASS
Nikon D300s,D65,True,0.5,0.2,linear_srgb_unclipped,0.684711929079,0.029707389081,0.0433866971195,23.0485394462,2,True,PASS
Nikon D300s,D65,True,0.5,0.2,chromaticity,0.403612899606,0.0303509213126,0.0751980953588,13.2982091532,2,True,PASS
Nikon D300s,D65,True,0.5,0.35,camera_rgb_wb,0.600171024872,0.0117686081436,0.0196087575972,50.9976216006,2,True,PASS
Nikon D300s,D65,True,0.5,0.35,linear_srgb_unclipped,0.663394405054,0.0244990464202,0.0369298357562,27.0783765896,2,True,PASS
Nikon D300s,D65,True,0.5,0.35,chromaticity,0.403110079716,0.026200956556,0.0649970265551,15.3853191907,2,True,PASS
Nikon D300s,D65,True,0.5,0.5,camera_rgb_wb,0.578660248146,0.00999984338136,0.0172810270161,57.8669311186,2,True,PASS
Nikon D300s,D65,True,0.5,0.5,linear_srgb_unclipped,0.645019443288,0.0207395617251,0.0321533900116,31.1009196741,2,True,PASS
Nikon D300s,D65,True,0.5,0.5,chromaticity,0.402710302773,0.0231063371804,0.057377069872,17.4285651434,2,True,PASS
Nikon D300s,D65,True,0.5,0.65,camera_rgb_wb,0.559818952964,0.00865777152663,0.0154653062044,64.6608600426,2,True,PASS
Nikon D300s,D65,True,0.5,0.65,linear_srgb_unclipped,0.628836944193,0.0178961931272,0.0284591948556,35.1380285027,2,True,PASS
Nikon D300s,D65,True,0.5,0.65,chromaticity,0.402343205166,0.0206941984152,0.0514341938662,19.4423189095,2,True,PASS
Nikon D300s,D65,True,0.5,0.8,camera_rgb_wb,0.543053872002,0.00760400132456,0.0140022964877,71.4168565763,2,True,PASS
Nikon D300s,D65,True,0.5,0.8,linear_srgb_unclipped,0.614360104007,0.0156702930168,0.0255066904811,39.2053998829,2,True,PASS
Nikon D300s,D65,True,0.5,0.8,chromaticity,0.401978083554,0.0187516211346,0.046648366918,21.4369776708,2,True,PASS
Nikon D300s,D65,True,0.65,0.2,camera_rgb_wb,0.432241281228,0.0103634441944,0.0239760630103,41.7082654299,2,True,PASS
Nikon D300s,D65,True,0.65,0.2,linear_srgb_unclipped,0.508665346946,0.0213104930531,0.041894918105,23.8692434604,2,True,PASS
Nikon D300s,D65,True,0.65,0.2,chromaticity,0.361441923542,0.0282438692157,0.0781422059149,12.7971816036,2,True,PASS
Nikon D300s,D65,True,0.65,0.35,camera_rgb_wb,0.416120702898,0.00855337720294,0.0205550388226,48.6498716267,2,True,PASS
Nikon D300s,D65,True,0.65,0.35,linear_srgb_unclipped,0.494553832215,0.0175183416684,0.0354225172818,28.2306305914,2,True,PASS
Nikon D300s,D65,True,0.65,0.35,chromaticity,0.360078593051,0.0243288861535,0.0675654888211,14.8004553426,2,True,PASS
Nikon D300s,D65,True,0.65,0.5,camera_rgb_wb,0.402262527377,0.00724488902207,0.0180103502787,55.5236286093,2,True,PASS
Nikon D300s,D65,True,0.65,0.5,linear_srgb_unclipped,0.482300536615,0.0147881007277,0.0306615887917,32.6140959881,2,True,PASS
Nikon D300s,D65,True,0.65,0.5,chromaticity,0.358935415081,0.0214120150126,0.0596542277883,16.7632712228,2,True,PASS
Nikon D300s,D65,True,0.65,0.65,camera_rgb_wb,0.39009239457,0.00625389820257,0.0160318383276,62.3758785216,2,True,PASS
Nikon D300s,D65,True,0.65,0.65,linear_srgb_unclipped,0.471438448495,0.0127277636578,0.026997720908,37.0401636274,2,True,PASS
Nikon D300s,D65,True,0.65,0.65,chromaticity,0.357906128743,0.0191407470939,0.0534797969545,18.6986499005,2,True,PASS
Nikon D300s,D65,True,0.65,0.8,camera_rgb_wb,0.379237147497,0.00547712860814,0.0144424897305,69.2401392461,2,True,PASS
Nikon D300s,D65,True,0.65,0.8,linear_srgb_unclipped,0.461663611693,0.0111180776257,0.0240826379731,41.5236902667,2,True,PASS
Nikon D300s,D65,True,0.65,0.8,chromaticity,0.356939866071,0.017313659766,0.0485058168386,20.6160841148,2,True,PASS
Nikon D300s,D65,True,0.8,0.2,camera_rgb_wb,0.307789751425,0.00767972908278,0.0249512176648,40.078204336,2,True,PASS
Nikon D300s,D65,True,0.8,0.2,linear_srgb_unclipped,0.386897409481,0.015311529622,0.0395751670773,25.2683708965,2,True,PASS
Nikon D300s,D65,True,0.8,0.2,chromaticity,0.321647683688,0.0253879895612,0.0789310504901,12.6692853293,2,True,PASS
Nikon D300s,D65,True,0.8,0.35,camera_rgb_wb,0.297120913347,0.00632660189521,0.0212930211608,46.963744245,2,True,PASS
Nikon D300s,D65,True,0.8,0.35,linear_srgb_unclipped,0.377121708029,0.0125602793382,0.0333056386592,30.0249459328,2,True,PASS
Nikon D300s,D65,True,0.8,0.35,chromaticity,0.319401866228,0.0218463518686,0.0683976963774,14.6203754361,2,True,PASS
Nikon D300s,D65,True,0.8,0.5,camera_rgb_wb,0.287919932019,0.00534939011734,0.0185794365809,53.8229453646,2,True,PASS
Nikon D300s,D65,True,0.8,0.5,linear_srgb_unclipped,0.368570925238,0.0105829334921,0.0287134246557,34.8269150055,2,True,PASS
Nikon D300s,D65,True,0.8,0.5,chromaticity,0.317521946578,0.0192060028909,0.0604871666285,16.5324325099,2,True,PASS
Nikon D300s,D65,True,0.8,0.65,camera_rgb_wb,0.279816229367,0.00460998300879,0.0164750379891,60.6978873531,2,True,PASS
Nikon D300s,D65,True,0.8,0.65,linear_srgb_unclipped,0.360942902936,0.009093039509,0.0251924596246,39.6944170954,2,True,PASS
Nikon D300s,D65,True,0.8,0.65,chromaticity,0.315856074191,0.0171497680131,0.0542961475636,18.4175129337,2,True,PASS
Nikon D300s,D65,True,0.8,0.8,camera_rgb_wb,0.272568777171,0.00403093438849,0.0147886872089,67.619254223,2,True,PASS
Nikon D300s,D65,True,0.8,0.8,linear_srgb_unclipped,0.354040064474,0.00793062908328,0.0224003718197,44.6421161243,2,True,PASS
Nikon D300s,D65,True,0.8,0.8,chromaticity,0.314327440437,0.0154959234886,0.0492986659615,20.2845245504,2,True,PASS
Nikon D40,D65,True,0.2,0.2,camera_rgb_wb,1.44389511002,0.0274117137758,0.0189845602949,52.6743829967,2,True,PASS
Nikon D40,D65,True,0.2,0.2,linear_srgb_unclipped,1.41895159167,0.051296757802,0.0361511683012,27.6616233165,2,True,PASS
Nikon D40,D65,True,0.2,0.2,chromaticity,0.540719705142,0.0286987922618,0.0530751736785,18.8412007101,2,True,PASS
Nikon D40,D65,True,0.2,0.35,camera_rgb_wb,1.37534133016,0.0231821507518,0.0168555617747,59.3275984133,2,True,PASS
Nikon D40,D65,True,0.2,0.35,linear_srgb_unclipped,1.35753561706,0.0429084567191,0.0316076102754,31.6379502053,2,True,PASS
Nikon D40,D65,True,0.2,0.35,chromaticity,0.539482042384,0.0251353834575,0.0465916962618,21.4630520078,2,True,PASS
Nikon D40,D65,True,0.2,0.5,camera_rgb_wb,1.31716514896,0.020056486462,0.0152270096714,65.6727763088,2,True,PASS
Nikon D40,D65,True,0.2,0.5,linear_srgb_unclipped,1.30552203606,0.0367728047585,0.0281671268219,35.5023785821,2,True,PASS
Nikon D40,D65,True,0.2,0.5,chromaticity,0.538610629472,0.0224396939488,0.0416621817709,24.002583578,2,True,PASS
Nikon D40,D65,True,0.2,0.65,camera_rgb_wb,1.26664959957,0.0176451360417,0.01393055826,71.7846321258,2,True,PASS
Nikon D40,D65,True,0.2,0.65,linear_srgb_unclipped,1.26043114897,0.0320807349556,0.0254521914837,39.2893476634,2,True,PASS
Nikon D40,D65,True,0.2,0.65,chromaticity,0.537958867166,0.0203129543072,0.0377593075362,26.4835365172,2,True,PASS
Nikon D40,D65,True,0.2,0.8,camera_rgb_wb,1.22204377478,0.0157243159889,0.0128672280923,77.7168161491,2,True,PASS
Nikon D40,D65,True,0.2,0.8,linear_srgb_unclipped,1.22066748311,0.028371895144,0.0232429351453,43.0238261109,2,True,PASS
Nikon D40,D65,True,0.2,0.8,chromaticity,0.537446173389,0.0185817560725,0.0345741713171,28.9233251848,2,True,PASS
Nikon D40,D65,True,0.35,0.2,camera_rgb_wb,0.917241934955,0.0185591554113,0.0202336534169,49.4226118929,2,True,PASS
Nikon D40,D65,True,0.35,0.2,linear_srgb_unclipped,0.94659327539,0.0364572173977,0.0385141309848,25.9644960026,2,True,PASS
Nikon D40,D65,True,0.35,0.2,chromaticity,0.483454885928,0.0296371472947,0.0613028188512,16.3124635823,2,True,PASS
Nikon D40,D65,True,0.35,0.35,camera_rgb_wb,0.877275722797,0.015522502867,0.0176939843012,56.5163833639,2,True,PASS
Nikon D40,D65,True,0.35,0.35,linear_srgb_unclipped,0.911683746355,0.0302356483247,0.0331646236379,30.1526111352,2,True,PASS
Nikon D40,D65,True,0.35,0.35,chromaticity,0.482263041096,0.025762984837,0.0534210226404,18.7192223318,2,True,PASS
Nikon D40,D65,True,0.35,0.5,camera_rgb_wb,0.843191968541,0.0133053695881,0.0157797631909,63.3723071697,2,True,PASS
Nikon D40,D65,True,0.35,0.5,linear_srgb_unclipped,0.881883847592,0.0257226416828,0.0291678340102,34.2843421164,2,True,PASS
Nikon D40,D65,True,0.35,0.5,chromaticity,0.481337974567,0.0228546267531,0.0474814536993,21.0608547568,2,True,PASS
Nikon D40,D65,True,0.35,0.65,camera_rgb_wb,0.81347014209,0.0116116074475,0.0142741655123,70.0566347738,2,True,PASS
Nikon D40,D65,True,0.35,0.65,linear_srgb_unclipped,0.855867354853,0.0222949506785,0.0260495397471,38.3883941793,2,True,PASS
Nikon D40,D65,True,0.35,0.65,chromaticity,0.48056336496,0.0205748263297,0.0428139717463,23.3568613051,2,True,PASS
Nikon D40,D65,True,0.35,0.8,camera_rgb_wb,0.787126878246,0.0102735698379,0.0130519870707,76.6166863774,2,True,PASS
Nikon D40,D65,True,0.35,0.8,linear_srgb_unclipped,0.832777341355,0.0196014062696,0.0235373914446,42.4855915896,2,True,PASS
Nikon D40,D65,True,0.35,0.8,chromaticity,0.479878302155,0.0187295518823,0.0390297952589,25.6214513391,2,True,PASS
Nikon D40,D65,True,0.5,0.2,camera_rgb_wb,0.614210469214,0.0130762391378,0.021289508716,46.9714925478,2,True,PASS
Nikon D40,D65,True,0.5,0.2,linear_srgb_unclipped,0.676975563198,0.0263184503737,0.0388765146105,25.7224704945,2,True,PASS
Nikon D40,D65,True,0.5,0.2,chromaticity,0.427124579074,0.0287709382036,0.0673595939293,14.845695196,2,True,PASS
Nikon D40,D65,True,0.5,0.35,camera_rgb_wb,0.589566414881,0.0108501011458,0.0184035265102,54.3374118784,2,True,PASS
Nikon D40,D65,True,0.5,0.35,linear_srgb_unclipped,0.655298933025,0.0217069015323,0.0331251898002,30.1885062707,2,True,PASS
Nikon D40,D65,True,0.5,0.35,chromaticity,0.425613112995,0.0248849324654,0.0584684346077,17.1032456523,2,True,PASS
Nikon D40,D65,True,0.5,0.5,camera_rgb_wb,0.568466887636,0.00923590008055,0.0162470326442,61.5497009147,2,True,PASS
Nikon D40,D65,True,0.5,0.5,linear_srgb_unclipped,0.636652461473,0.0183776675463,0.028866090463,34.6427238314,2,True,PASS
Nikon D40,D65,True,0.5,0.5,chromaticity,0.424357749692,0.0219807690943,0.0517977322442,19.3058644978,2,True,PASS
Nikon D40,D65,True,0.5,0.65,camera_rgb_wb,0.550003667655,0.00800986069412,0.0145632859655,68.6658218736,2,True,PASS
Nikon D40,D65,True,0.5,0.65,linear_srgb_unclipped,0.620260794081,0.0158591819916,0.0255685707414,39.1105161924,2,True,PASS
Nikon D40,D65,True,0.5,0.65,chromaticity,0.423246041352,0.0197131065632,0.0465759974984,21.4702862785,2,True,PASS
Nikon D40,D65,True,0.5,0.8,camera_rgb_wb,0.533588135497,0.0070461967734,0.0132053100597,75.7271124632,2,True,PASS
Nikon D40,D65,True,0.5,0.8,linear_srgb_unclipped,0.605621303728,0.0138870682767,0.0229302836462,43.6104505041,2,True,PASS
Nikon D40,D65,True,0.5,0.8,chromaticity,0.422220770251,0.0178841166097,0.0423572639476,23.6087014788,2,True,PASS
Nikon D40,D65,True,0.65,0.2,camera_rgb_wb,0.428487448782,0.00957061778873,0.0223358182741,44.7711378973,2,True,PASS
Nikon D40,D65,True,0.65,0.2,linear_srgb_unclipped,0.504743465315,0.0191314261386,0.0379032666161,26.3829503174,2,True,PASS
Nikon D40,D65,True,0.65,0.2,chromaticity,0.374927282762,0.026558427226,0.0708362086385,14.1170740109,2,True,PASS
Nikon D40,D65,True,0.65,0.35,camera_rgb_wb,0.412596703342,0.00790567921893,0.0191607910458,52.1899120767,2,True,PASS
Nikon D40,D65,True,0.65,0.35,linear_srgb_unclipped,0.49035262589,0.0157259235753,0.0320706421156,31.1811655157,2,True,PASS
Nikon D40,D65,True,0.65,0.35,chromaticity,0.372844961087,0.022901102002,0.0614225868449,16.2806558852,2,True,PASS
Nikon D40,D65,True,0.65,0.5,camera_rgb_wb,0.398943422034,0.00670215532674,0.016799763968,59.5246458168,2,True,PASS
Nikon D40,D65,True,0.65,0.5,linear_srgb_unclipped,0.477880216357,0.013274244837,0.0277773475081,36.0005576382,2,True,PASS
Nikon D40,D65,True,0.65,0.5,chromaticity,0.371083245687,0.0201733318865,0.0543633594912,18.3947425133,2,True,PASS
Nikon D40,D65,True,0.65,0.65,camera_rgb_wb,0.386958282445,0.00579050943511,0.014964169777,66.8262933998,2,True,PASS
Nikon D40,D65,True,0.65,0.65,linear_srgb_unclipped,0.466843115728,0.011424055738,0.0244708668783,40.8649192926,2,True,PASS
Nikon D40,D65,True,0.65,0.65,chromaticity,0.369509951256,0.0180474914975,0.0488416927233,20.4743108652,2,True,PASS
Nikon D40,D65,True,0.65,0.8,camera_rgb_wb,0.376271725462,0.00507570297363,0.0134894615517,74.1319433814,2,True,PASS
Nikon D40,D65,True,0.65,0.8,linear_srgb_unclipped,0.456926926666,0.0099783611024,0.0218379800359,45.7917810327,2,True,PASS
Nikon D40,D65,True,0.65,0.8,chromaticity,0.368057406291,0.0163360874269,0.0443846181267,22.5303278975,2,True,PASS
Nikon D40,D65,True,0.8,0.2,camera_rgb_wb,0.308036362952,0.00713928223974,0.0231767515086,43.1466851439,2,True,PASS
Nikon D40,D65,True,0.8,0.2,linear_srgb_unclipped,0.384959589903,0.013887480983,0.0360751656726,27.7199004178,2,True,PASS
Nikon D40,D65,True,0.8,0.2,chromaticity,0.328245938488,0.0235337668464,0.0716955309632,13.9478707608,2,True,PASS
Nikon D40,D65,True,0.8,0.35,camera_rgb_wb,0.297436128093,0.00588468753725,0.019784709998,50.5440817733,2,True,PASS
Nikon D40,D65,True,0.8,0.35,linear_srgb_unclipped,0.374967954864,0.0113923152115,0.0303821034937,32.9141134091,2,True,PASS
Nikon D40,D65,True,0.8,0.35,chromaticity,0.325488967761,0.0202612991114,0.0622488044702,16.0645655529,2,True,PASS
Nikon D40,D65,True,0.8,0.5,camera_rgb_wb,0.288296227211,0.00497887078778,0.017269982462,57.9039383625,2,True,PASS
Nikon D40,D65,True,0.8,0.5,linear_srgb_unclipped,0.366245896745,0.00959908093403,0.0262093883354,38.1542669826,2,True,PASS
Nikon D40,D65,True,0.8,0.5,chromaticity,0.323162921965,0.0178208118827,0.0551449769494,18.1340179164,2,True,PASS
Nikon D40,D65,True,0.8,0.65,camera_rgb_wb,0.280247698668,0.00429348672697,0.0153203282217,65.2727530071,2,True,PASS
Nikon D40,D65,True,0.8,0.65,linear_srgb_unclipped,0.358479624045,0.0082478018237,0.0230077283909,43.4636563424,2,True,PASS
Nikon D40,D65,True,0.8,0.65,chromaticity,0.321100882685,0.0159196439963,0.0495783252392,20.1701044796,2,True,PASS
Nikon D40,D65,True,0.8,0.8,camera_rgb_wb,0.27305063593,0.00375664825953,0.013758064495,72.6846425499,2,True,PASS
Nikon D40,D65,True,0.8,0.8,linear_srgb_unclipped,0.351463907885,0.00719335605426,0.0204668413822,48.8595177597,2,True,PASS
Nikon D40,D65,True,0.8,0.8,chromaticity,0.319215727009,0.014390044481,0.0450793719214,22.1830952246,2,True,PASS
Nikon D50,D65,True,0.2,0.2,camera_rgb_wb,1.45028643828,0.0306985368246,0.0211672232563,47.2428522104,2,True,PASS
Nikon D50,D65,True,0.2,0.2,linear_srgb_unclipped,1.42662833123,0.0573514361669,0.0402006850077,24.8751980174,2,True,PASS
Nikon D50,D65,True,0.2,0.2,chromaticity,0.538944733768,0.0323638583015,0.0600504212653,16.6526725197,2,True,PASS
Nikon D50,D65,True,0.2,0.35,camera_rgb_wb,1.3828024654,0.025782965613,0.0186454437695,53.6324054478,2,True,PASS
Nikon D50,D65,True,0.2,0.35,linear_srgb_unclipped,1.36600242883,0.0478184816992,0.035006146907,28.5664115692,2,True,PASS
Nikon D50,D65,True,0.2,0.35,chromaticity,0.537974003274,0.0282148970418,0.0524465808201,19.0670198965,2,True,PASS
Nikon D50,D65,True,0.2,0.5,camera_rgb_wb,1.3254657543,0.0221768319346,0.016731350367,59.7680389249,2,True,PASS
Nikon D50,D65,True,0.2,0.5,linear_srgb_unclipped,1.31461255675,0.0408654756384,0.0310855661833,32.1692709119,2,True,PASS
Nikon D50,D65,True,0.2,0.5,chromaticity,0.537301467326,0.0250904219466,0.0466971029718,21.4146046834,2,True,PASS
Nikon D50,D65,True,0.2,0.65,camera_rgb_wb,1.27563037992,0.0194114589162,0.0152171500631,65.7153274993,2,True,PASS
Nikon D50,D65,True,0.2,0.65,linear_srgb_unclipped,1.27003047519,0.0355609264385,0.0280000575838,35.7142122658,2,True,PASS
Nikon D50,D65,True,0.2,0.65,chromaticity,0.536798299833,0.0226346949538,0.0421661077556,23.7157293672,2,True,PASS
Nikon D50,D65,True,0.2,0.8,camera_rgb_wb,1.23158862751,0.0172199515648,0.0139819020574,71.5210273891,2,True,PASS
Nikon D50,D65,True,0.2,0.8,linear_srgb_unclipped,1.23069167441,0.0313767242492,0.0254951950205,39.2230771013,2,True,PASS
Nikon D50,D65,True,0.2,0.8,chromaticity,0.536395706793,0.0206423889,0.038483508795,25.9851565336,2,True,PASS
Nikon D50,D65,True,0.35,0.2,camera_rgb_wb,0.925259533175,0.0213070655015,0.0230282042363,43.4250100329,2,True,PASS
Nikon D50,D65,True,0.35,0.2,linear_srgb_unclipped,0.951032094041,0.0409270070903,0.0430343069879,23.2372743979,2,True,PASS
Nikon D50,D65,True,0.35,0.2,chromaticity,0.482231944839,0.0328850504354,0.068193430127,14.6641692336,2,True,PASS
Nikon D50,D65,True,0.35,0.35,camera_rgb_wb,0.88586821678,0.0177423252712,0.0200281768046,49.9296570904,2,True,PASS
Nikon D50,D65,True,0.35,0.35,linear_srgb_unclipped,0.916685355847,0.0338994270852,0.0369804392194,27.0413229564,2,True,PASS
Nikon D50,D65,True,0.35,0.35,chromaticity,0.481059117498,0.0284886158998,0.0592206131504,16.886012265,2,True,PASS
Nikon D50,D65,True,0.35,0.5,camera_rgb_wb,0.852246028203,0.0151484555338,0.0177747446541,56.2595986306,2,True,PASS
Nikon D50,D65,True,0.35,0.5,linear_srgb_unclipped,0.887357333634,0.0288047087634,0.0324612280438,30.8059817901,2,True,PASS
Nikon D50,D65,True,0.35,0.5,chromaticity,0.480127523579,0.0251977463009,0.0524813618537,19.0543835884,2,True,PASS
Nikon D50,D65,True,0.35,0.65,camera_rgb_wb,0.822905583703,0.0131727177559,0.0160075688108,62.4704483123,2,True,PASS
Nikon D50,D65,True,0.35,0.65,linear_srgb_unclipped,0.861745676526,0.0249373017529,0.0289381222699,34.5564923209,2,True,PASS
Nikon D50,D65,True,0.35,0.65,chromaticity,0.479326317826,0.0226245701691,0.0472007676769,21.1860961001,2,True,PASS
Nikon D50,D65,True,0.35,0.8,camera_rgb_wb,0.796883988754,0.0116160685539,0.0145768627778,68.6018668928,2,True,PASS
Nikon D50,D65,True,0.35,0.8,linear_srgb_unclipped,0.839008644659,0.0218999308442,0.026102151609,38.3110179949,2,True,PASS
Nikon D50,D65,True,0.35,0.8,chromaticity,0.478598976926,0.0205466000368,0.0429307228543,23.2933417728,2,True,PASS
Nikon D50,D65,True,0.5,0.2,camera_rgb_wb,0.622103267016,0.0153042133071,0.024600760225,40.6491503048,2,True,PASS
Nikon D50,D65,True,0.5,0.2,linear_srgb_unclipped,0.679725675061,0.029566790948,0.0434981228939,22.9894977868,2,True,PASS
Nikon D50,D65,True,0.5,0.2,chromaticity,0.426272004026,0.031556274844,0.0740284948247,13.5083119327,2,True,PASS
Nikon D50,D65,True,0.5,0.35,camera_rgb_wb,0.597844178445,0.0126730208336,0.0211978660836,47.1745597436,2,True,PASS
Nikon D50,D65,True,0.5,0.35,linear_srgb_unclipped,0.658528044339,0.0243818003682,0.0370246955734,27.0089999259,2,True,PASS
Nikon D50,D65,True,0.5,0.35,chromaticity,0.424572980397,0.0272242036968,0.0641213759559,15.5954232905,2,True,PASS
Nikon D50,D65,True,0.5,0.5,camera_rgb_wb,0.5770576826,0.010766612502,0.0186577751698,53.5969584208,2,True,PASS
Nikon D50,D65,True,0.5,0.5,linear_srgb_unclipped,0.640290244327,0.0206368156307,0.0322304077151,31.0266009924,2,True,PASS
Nikon D50,D65,True,0.5,0.5,chromaticity,0.423145480724,0.0239922908634,0.0566998631827,17.6367268608,2,True,PASS
Nikon D50,D65,True,0.5,0.65,camera_rgb_wb,0.558855611984,0.00931979818265,0.0166765761725,59.9643469774,2,True,PASS
Nikon D50,D65,True,0.5,0.65,linear_srgb_unclipped,0.624253796181,0.0178029512826,0.028518771358,35.064624189,2,True,PASS
Nikon D50,D65,True,0.5,0.65,chromaticity,0.421870054507,0.0214727670793,0.0508990075259,19.6467485047,2,True,PASS
Nikon D50,D65,True,0.5,0.8,camera_rgb_wb,0.542661925418,0.0081835551342,0.0150803930604,66.3112689436,2,True,PASS
Nikon D50,D65,True,0.5,0.8,linear_srgb_unclipped,0.609927219241,0.0155835144411,0.0255497934007,39.1392597317,2,True,PASS
Nikon D50,D65,True,0.5,0.8,chromaticity,0.420686483557,0.0194437716704,0.0462191499617,21.636053472,2,True,PASS
Nikon D50,D65,True,0.65,0.2,camera_rgb_wb,0.435760016442,0.0112856546208,0.0258987841815,38.6118511584,2,True,PASS
Nikon D50,D65,True,0.65,0.2,linear_srgb_unclipped,0.506703517802,0.0214587730969,0.0423497614344,23.6128839013,2,True,PASS
Nikon D50,D65,True,0.65,0.2,chromaticity,0.374331747581,0.0288812754401,0.0771542238317,12.961053204,2,True,PASS
Nikon D50,D65,True,0.65,0.35,camera_rgb_wb,0.420157360654,0.0093171675234,0.0221754237719,45.0949668554,2,True,PASS
Nikon D50,D65,True,0.65,0.35,linear_srgb_unclipped,0.492726165523,0.01764440888,0.0358097663868,27.9253427459,2,True,PASS
Nikon D50,D65,True,0.65,0.35,chromaticity,0.371910601369,0.0248564533096,0.0668344844653,14.9623358061,2,True,PASS
Nikon D50,D65,True,0.65,0.5,camera_rgb_wb,0.406738295935,0.00789363596975,0.0194071619236,51.5273693256,2,True,PASS
Nikon D50,D65,True,0.65,0.5,linear_srgb_unclipped,0.480606495404,0.0148961000464,0.0309943793704,32.2639143068,2,True,PASS
Nikon D50,D65,True,0.65,0.5,chromaticity,0.369859858402,0.0218571082627,0.0590956487063,16.921719651,2,True,PASS
Nikon D50,D65,True,0.65,0.65,camera_rgb_wb,0.394948225453,0.00681511875322,0.017255726989,57.9517745406,2,True,PASS
Nikon D50,D65,True,0.65,0.65,linear_srgb_unclipped,0.46987584443,0.0128208049256,0.0272855161157,36.6494808366,2,True,PASS
Nikon D50,D65,True,0.65,0.65,chromaticity,0.368029409672,0.0195217860886,0.0530440926066,18.8522406711,2,True,PASS
Nikon D50,D65,True,0.65,0.8,camera_rgb_wb,0.384426897865,0.00596943270779,0.0155281348442,64.3992346816,2,True,PASS
Nikon D50,D65,True,0.65,0.8,linear_srgb_unclipped,0.460229429991,0.0111985332409,0.0243325013812,41.0972955198,2,True,PASS
Nikon D50,D65,True,0.65,0.8,chromaticity,0.366342204517,0.0176435973687,0.0481615198881,20.7634643243,2,True,PASS
Nikon D50,D65,True,0.8,0.2,camera_rgb_wb,0.314556695512,0.00840717874509,0.0267270697621,37.4152501153,2,True,PASS
Nikon D50,D65,True,0.8,0.2,linear_srgb_unclipped,0.386547059837,0.0155440388394,0.0402125393114,24.8678650273,2,True,PASS
Nikon D50,D65,True,0.8,0.2,chromaticity,0.327857530813,0.0254233167936,0.0775437938866,12.8959385385,2,True,PASS
Nikon D50,D65,True,0.8,0.35,camera_rgb_wb,0.304178069098,0.00693002682407,0.0227827957637,43.8927693673,2,True,PASS
Nikon D50,D65,True,0.8,0.35,linear_srgb_unclipped,0.37690572625,0.0127571502972,0.0338470588498,29.5446645582,2,True,PASS
Nikon D50,D65,True,0.8,0.35,chromaticity,0.32466397578,0.0218572357802,0.067322639439,14.8538442392,2,True,PASS
Nikon D50,D65,True,0.8,0.5,camera_rgb_wb,0.295217061661,0.00586274348913,0.0198590943767,50.3547634667,2,True,PASS
Nikon D50,D65,True,0.8,0.5,linear_srgb_unclipped,0.368481288529,0.0107524767557,0.0291805231104,34.2694336293,2,True,PASS
Nikon D50,D65,True,0.8,0.5,chromaticity,0.321976976999,0.0191981191191,0.059625751189,16.7712771757,2,True,PASS
Nikon D50,D65,True,0.8,0.65,camera_rgb_wb,0.287316389913,0.0050547960187,0.0175931349417,56.8403529738,2,True,PASS
Nikon D50,D65,True,0.8,0.65,linear_srgb_unclipped,0.360972683037,0.00924088471317,0.0255999557513,39.0625675183,2,True,PASS
Nikon D50,D65,True,0.8,0.65,chromaticity,0.319603199103,0.0171274489957,0.0535897295264,18.6602919783,2,True,PASS
Nikon D50,D65,True,0.8,0.8,camera_rgb_wb,0.280243540516,0.00442176963265,0.0157783106241,63.3781412868,2,True,PASS
Nikon D50,D65,True,0.8,0.8,linear_srgb_unclipped,0.354183117074,0.00806078686669,0.022758811694,43.939025176,2,True,PASS
Nikon D50,D65,True,0.8,0.8,chromaticity,0.31744121505,0.0154624093295,0.0487095203661,20.5298675184,2,True,PASS
Nikon D5100,D65,True,0.2,0.2,camera_rgb_wb,1.49410052949,0.0256903436127,0.0171945214567,58.1580593866,2,True,PASS
Nikon D5100,D65,True,0.2,0.2,linear_srgb_unclipped,1.45576502673,0.0575302170923,0.039518889406,25.3043548296,2,True,PASS
Nikon D5100,D65,True,0.2,0.2,chromaticity,0.493885264617,0.0263142123284,0.0532800109936,18.7687648961,2,True,PASS
Nikon D5100,D65,True,0.2,0.35,camera_rgb_wb,1.42617899622,0.0215971591121,0.0151433720237,66.0354905391,2,True,PASS
Nikon D5100,D65,True,0.2,0.35,linear_srgb_unclipped,1.39598955177,0.0479787758974,0.0343690078745,29.095980997,2,True,PASS
Nikon D5100,D65,True,0.2,0.35,chromaticity,0.494631915127,0.022895304708,0.0462875605229,21.6040765317,2,True,PASS
Nikon D5100,D65,True,0.2,0.5,camera_rgb_wb,1.36814268187,0.0186004272626,0.0135953855611,73.5543685398,2,True,PASS
Nikon D5100,D65,True,0.2,0.5,linear_srgb_unclipped,1.34497386668,0.041023672595,0.0305014644606,32.7853110559,2,True,PASS
Nikon D5100,D65,True,0.2,0.5,chromaticity,0.495369249711,0.0203316689212,0.0410434618884,24.3644164988,2,True,PASS
Nikon D5100,D65,True,0.2,0.65,camera_rgb_wb,1.31746915674,0.0163055883244,0.0123764478591,80.7986274727,2,True,PASS
Nikon D5100,D65,True,0.2,0.65,linear_srgb_unclipped,1.30047122596,0.0357239130606,0.0274699757652,36.4033812242,2,True,PASS
Nikon D5100,D65,True,0.2,0.65,chromaticity,0.496063537612,0.0183235414035,0.0369378920525,27.0724706916,2,True,PASS
Nikon D5100,D65,True,0.2,0.8,camera_rgb_wb,1.2725174164,0.014488772059,0.0113859125795,87.8278304895,2,True,PASS
Nikon D5100,D65,True,0.2,0.8,linear_srgb_unclipped,1.26102085271,0.0315472921253,0.025017264431,39.9723959731,2,True,PASS
Nikon D5100,D65,True,0.2,0.8,chromaticity,0.49670321419,0.0166988547585,0.0336193813155,29.744747252,2,True,PASS
Nikon D5100,D65,True,0.35,0.2,camera_rgb_wb,0.946927429382,0.0173660941928,0.0183394140395,54.5273691867,2,True,PASS
Nikon D5100,D65,True,0.35,0.2,linear_srgb_unclipped,0.96713201091,0.0401911031577,0.0415569981185,24.0633357864,2,True,PASS
Nikon D5100,D65,True,0.35,0.2,chromaticity,0.45546366857,0.0269727025415,0.0592203163561,16.8860968926,2,True,PASS
Nikon D5100,D65,True,0.35,0.35,camera_rgb_wb,0.906683221397,0.0144727514938,0.0159623021054,62.6476051761,2,True,PASS
Nikon D5100,D65,True,0.35,0.35,linear_srgb_unclipped,0.932628132836,0.0333120076749,0.0357184246347,27.9967554624,2,True,PASS
Nikon D5100,D65,True,0.35,0.35,chromaticity,0.455542076285,0.0233507785571,0.0512593232826,19.5086461537,2,True,PASS
Nikon D5100,D65,True,0.35,0.5,camera_rgb_wb,0.872204487704,0.0123708553608,0.0141834346592,70.5047842096,2,True,PASS
Nikon D5100,D65,True,0.35,0.5,linear_srgb_unclipped,0.903033143043,0.028329445993,0.0313714354908,31.8761314028,2,True,PASS
Nikon D5100,D65,True,0.35,0.5,chromaticity,0.455644879117,0.020646455705,0.0453126034138,22.0689151508,2,True,PASS
Nikon D5100,D65,True,0.35,0.65,camera_rgb_wb,0.8420275919,0.0107718086171,0.0127927026628,78.1695648181,2,True,PASS
Nikon D5100,D65,True,0.35,0.65,linear_srgb_unclipped,0.877094805616,0.0245496098305,0.0279896878574,35.7274438035,2,True,PASS
Nikon D5100,D65,True,0.35,0.65,chromaticity,0.455730237779,0.0185358370282,0.0406728267989,24.5864396135,2,True,PASS
Nikon D5100,D65,True,0.35,0.8,camera_rgb_wb,0.815199476112,0.00951313174682,0.0116696980624,85.6920200211,2,True,PASS
Nikon D5100,D65,True,0.35,0.8,linear_srgb_unclipped,0.853998730228,0.021582364154,0.0252721267492,39.5692855581,2,True,PASS
Nikon D5100,D65,True,0.35,0.8,chromaticity,0.455782293426,0.0168338417599,0.0369339529041,27.0753580749,2,True,PASS
Nikon D5100,D65,True,0.5,0.2,camera_rgb_wb,0.628140364199,0.0122037998065,0.0194284597871,51.470884,2,True,PASS
Nikon D5100,D65,True,0.5,0.2,linear_srgb_unclipped,0.687149421691,0.0284923277864,0.0414645299654,24.1169983317,2,True,PASS
Nikon D5100,D65,True,0.5,0.2,chromaticity,0.411513519161,0.0263388277637,0.0640047690715,15.6238357627,2,True,PASS
Nikon D5100,D65,True,0.5,0.35,camera_rgb_wb,0.603304239151,0.0101005813744,0.01674210244,59.7296548377,2,True,PASS
Nikon D5100,D65,True,0.5,0.35,linear_srgb_unclipped,0.665681229614,0.0235060599192,0.0353112854524,28.3195581013,2,True,PASS
Nikon D5100,D65,True,0.5,0.35,chromaticity,0.410782596688,0.0227214986856,0.0553127101021,18.0790273728,2,True,PASS
Nikon D5100,D65,True,0.5,0.5,camera_rgb_wb,0.581970702945,0.00857989667407,0.0147428326386,67.8295701047,2,True,PASS
Nikon D5100,D65,True,0.5,0.5,linear_srgb_unclipped,0.647155105116,0.0199075563721,0.0307616461877,32.5080131895,2,True,PASS
Nikon D5100,D65,True,0.5,0.5,chromaticity,0.410155547225,0.0200273614599,0.0488286982716,20.4797595553,2,True,PASS
Nikon D5100,D65,True,0.5,0.65,camera_rgb_wb,0.563254155411,0.00742783841922,0.0131873655043,75.8301572573,2,True,PASS
Nikon D5100,D65,True,0.5,0.65,linear_srgb_unclipped,0.630826321785,0.0171861659677,0.0272438948315,36.7054713059,2,True,PASS
Nikon D5100,D65,True,0.5,0.65,chromaticity,0.409568699045,0.0179294466533,0.0437764084393,22.8433541182,2,True,PASS
Nikon D5100,D65,True,0.5,0.8,camera_rgb_wb,0.546577660406,0.00652443552781,0.0119368865587,83.773938462,2,True,PASS
Nikon D5100,D65,True,0.5,0.8,linear_srgb_unclipped,0.616210214845,0.015055742516,0.024432802562,40.9285835083,2,True,PASS
Nikon D5100,D65,True,0.5,0.8,chromaticity,0.408993660891,0.0162412935581,0.0397103796736,25.1823328867,2,True,PASS
Nikon D5100,D65,True,0.65,0.2,camera_rgb_wb,0.433259955918,0.00889690792818,0.0205348031976,48.6978127025,2,True,PASS
Nikon D5100,D65,True,0.65,0.2,linear_srgb_unclipped,0.509682910618,0.0204099847745,0.0400444753971,24.9722337497,2,True,PASS
Nikon D5100,D65,True,0.65,0.2,chromaticity,0.366360677246,0.0246902910418,0.0673933982966,14.8382486308,2,True,PASS
Nikon D5100,D65,True,0.65,0.35,camera_rgb_wb,0.417360846607,0.00733278716822,0.0175694179936,56.9170817361,2,True,PASS
Nikon D5100,D65,True,0.65,0.35,linear_srgb_unclipped,0.495460164733,0.0167838701016,0.0338753169202,29.5200190262,2,True,PASS
Nikon D5100,D65,True,0.65,0.35,chromaticity,0.364775937168,0.0212503628248,0.0582559337377,17.1656333671,2,True,PASS
Nikon D5100,D65,True,0.65,0.5,camera_rgb_wb,0.403664871961,0.00620434487777,0.0153700391308,65.0616430766,2,True,PASS
Nikon D5100,D65,True,0.65,0.5,linear_srgb_unclipped,0.483102612332,0.0141733933443,0.0293382668247,34.0851764004,2,True,PASS
Nikon D5100,D65,True,0.65,0.5,chromaticity,0.363409074671,0.0186909679517,0.0514323093574,19.443031287,2,True,PASS
Nikon D5100,D65,True,0.65,0.65,camera_rgb_wb,0.391617426036,0.00535116381729,0.0136642637981,73.183598822,2,True,PASS
Nikon D5100,D65,True,0.65,0.65,linear_srgb_unclipped,0.472144113514,0.0122034296022,0.0258468320433,38.6894609879,2,True,PASS
Nikon D5100,D65,True,0.65,0.65,chromaticity,0.362163276374,0.0167001701498,0.0461122682481,21.6862027827,2,True,PASS
Nikon D5100,D65,True,0.65,0.8,camera_rgb_wb,0.380856985681,0.00468339313608,0.0122969863024,81.3207378956,2,True,PASS
Nikon D5100,D65,True,0.65,0.8,linear_srgb_unclipped,0.462280554017,0.0106642359281,0.0230687530234,43.3486803117,2,True,PASS
Nikon D5100,D65,True,0.65,0.8,chromaticity,0.360990942617,0.0151000686346,0.0418294944609,23.906576278,2,True,PASS
Nikon D5100,D65,True,0.8,0.2,camera_rgb_wb,0.308254110084,0.00661468858577,0.0214585576295,46.6014546395,2,True,PASS
Nikon D5100,D65,True,0.8,0.2,linear_srgb_unclipped,0.38736210994,0.014666135884,0.0378615654646,26.4120087938,2,True,PASS
Nikon D5100,D65,True,0.8,0.2,chromaticity,0.322990125532,0.0223660152442,0.0692467461886,14.4411117495,2,True,PASS
Nikon D5100,D65,True,0.8,0.35,camera_rgb_wb,0.297751233396,0.00544070447779,0.0182726513531,54.7265955375,2,True,PASS
Nikon D5100,D65,True,0.8,0.35,linear_srgb_unclipped,0.377506066188,0.0120349640521,0.0318801871812,31.3674444355,2,True,PASS
Nikon D5100,D65,True,0.8,0.35,chromaticity,0.320596124375,0.0192253037777,0.0599673617865,16.6757377715,2,True,PASS
Nikon D5100,D65,True,0.8,0.5,camera_rgb_wb,0.288674328091,0.00459439690982,0.0159155022208,62.8318218381,2,True,PASS
Nikon D5100,D65,True,0.8,0.5,linear_srgb_unclipped,0.368883003208,0.0101438906575,0.0274989375203,36.3650413498,2,True,PASS
Nikon D5100,D65,True,0.8,0.5,chromaticity,0.318551445698,0.0168879929994,0.0530149626612,18.8625993456,2,True,PASS
Nikon D5100,D65,True,0.8,0.65,camera_rgb_wb,0.280666492012,0.00395503007093,0.0140915648412,70.9644394553,2,True,PASS
Nikon D5100,D65,True,0.8,0.65,linear_srgb_unclipped,0.361190145619,0.00871888216139,0.0241393135088,41.4261987871,2,True,PASS
Nikon D5100,D65,True,0.8,0.65,chromaticity,0.316719590324,0.0150701666703,0.0475820477505,21.0163296301,2,True,PASS
Nikon D5100,D65,True,0.8,0.8,camera_rgb_wb,0.273494815542,0.00345499791762,0.0126327729861,79.1591839019,2,True,PASS
Nikon D5100,D65,True,0.8,0.8,linear_srgb_unclipped,0.354229094594,0.00760694148758,0.0214746377519,46.5665596577,2,True,PASS
Nikon D5100,D65,True,0.8,0.8,chromaticity,0.315029950334,0.0136096039281,0.0432009842673,23.1476207536,2,True,PASS
Nikon D700,D65,True,0.2,0.2,camera_rgb_wb,1.47404821149,0.0315261109471,0.0213874354322,46.7564240309,2,True,PASS
Nikon D700,D65,True,0.2,0.2,linear_srgb_unclipped,1.44136405862,0.0572723234263,0.0397348075137,25.166851498,2,True,PASS
Nikon D700,D65,True,0.2,0.2,chromaticity,0.518428027602,0.0327903403043,0.0632495516417,15.8103887544,2,True,PASS
Nikon D700,D65,True,0.2,0.35,camera_rgb_wb,1.40632943915,0.0264633429878,0.0188173142445,53.1425466465,2,True,PASS
Nikon D700,D65,True,0.2,0.35,linear_srgb_unclipped,1.38116866064,0.0477664712496,0.0345840972292,28.9150239595,2,True,PASS
Nikon D700,D65,True,0.2,0.35,chromaticity,0.518528516139,0.0285650636183,0.0550887033774,18.1525419676,2,True,PASS
Nikon D700,D65,True,0.2,0.5,camera_rgb_wb,1.34863378339,0.0227515616211,0.0168700813381,59.2765369626,2,True,PASS
Nikon D700,D65,True,0.2,0.5,linear_srgb_unclipped,1.32997394292,0.040833886491,0.0307027718161,32.5703492176,2,True,PASS
Nikon D700,D65,True,0.2,0.5,chromaticity,0.51873651465,0.0253870886185,0.0489402382549,20.4330840155,2,True,PASS
Nikon D700,D65,True,0.2,0.65,camera_rgb_wb,1.29837375108,0.0199068957445,0.0153321766772,65.2223112905,2,True,PASS
Nikon D700,D65,True,0.2,0.65,linear_srgb_unclipped,1.28544037248,0.0355457184345,0.0276525610954,36.1630156625,2,True,PASS
Nikon D700,D65,True,0.2,0.65,chromaticity,0.518981371451,0.0228919144424,0.0441093181791,22.670946668,2,True,PASS
Nikon D700,D65,True,0.2,0.8,camera_rgb_wb,1.25387339912,0.0176538549152,0.0140794556512,71.0254731983,2,True,PASS
Nikon D700,D65,True,0.2,0.8,linear_srgb_unclipped,1.24605442614,0.0313751797878,0.0251796222778,39.7146545316,2,True,PASS
Nikon D700,D65,True,0.2,0.8,chromaticity,0.519229394621,0.0208694418614,0.0401931055476,24.8798888858,2,True,PASS
Nikon D700,D65,True,0.35,0.2,camera_rgb_wb,0.93844971518,0.0216556650605,0.0230759993958,43.3350678706,2,True,PASS
Nikon D700,D65,True,0.35,0.2,linear_srgb_unclipped,0.959669152981,0.0404585398365,0.0421588416287,23.7198168016,2,True,PASS
Nikon D700,D65,True,0.35,0.2,chromaticity,0.47132309014,0.0334589661256,0.0709894482692,14.0866005354,2,True,PASS
Nikon D700,D65,True,0.35,0.35,camera_rgb_wb,0.898502658667,0.018037288594,0.0200748305194,49.8136210431,2,True,PASS
Nikon D700,D65,True,0.35,0.35,linear_srgb_unclipped,0.925175594363,0.0335225537702,0.0362337203602,27.5986012493,2,True,PASS
Nikon D700,D65,True,0.35,0.35,chromaticity,0.470946269506,0.0289760098945,0.0615272097279,16.2529717246,2,True,PASS
Nikon D700,D65,True,0.35,0.5,camera_rgb_wb,0.864355271505,0.0154036616829,0.0178209842535,56.113623455,2,True,PASS
Nikon D700,D65,True,0.35,0.5,linear_srgb_unclipped,0.895665743624,0.0284939003103,0.0318130960273,31.4335957475,2,True,PASS
Nikon D700,D65,True,0.35,0.5,chromaticity,0.470675631928,0.0256230067409,0.0544387790716,18.3692584047,2,True,PASS
Nikon D700,D65,True,0.35,0.65,camera_rgb_wb,0.834521000627,0.0133973771296,0.0160539724219,62.2898790229,2,True,PASS
Nikon D700,D65,True,0.35,0.65,linear_srgb_unclipped,0.869854758348,0.0246767637483,0.0283688322808,35.2499528391,2,True,PASS
Nikon D700,D65,True,0.35,0.65,chromaticity,0.470441799213,0.0230029062121,0.0488963911169,20.4514070907,2,True,PASS
Nikon D700,D65,True,0.35,0.8,camera_rgb_wb,0.808035462255,0.0118165946139,0.0146238564591,68.3814151758,2,True,PASS
Nikon D700,D65,True,0.35,0.8,linear_srgb_unclipped,0.846910336617,0.0216791275643,0.0255979017223,39.0657019801,2,True,PASS
Nikon D700,D65,True,0.35,0.8,chromaticity,0.470213052916,0.0208881733206,0.0444227849294,22.5109704759,2,True,PASS
Nikon D700,D65,True,0.5,0.2,camera_rgb_wb,0.62727665253,0.0153647149244,0.0244943197908,40.8257917974,2,True,PASS
Nikon D700,D65,True,0.5,0.2,linear_srgb_unclipped,0.68374743069,0.0289686687009,0.0423674991681,23.6029980441,2,True,PASS
Nikon D700,D65,True,0.5,0.2,chromaticity,0.421852684584,0.0323307051572,0.0766397994812,13.04805084,2,True,PASS
Nikon D700,D65,True,0.5,0.35,camera_rgb_wb,0.602607501059,0.0127261712274,0.0211185078264,47.3518303576,2,True,PASS
Nikon D700,D65,True,0.5,0.35,linear_srgb_unclipped,0.662373032699,0.0238904286499,0.0360679367524,27.7254561819,2,True,PASS
Nikon D700,D65,True,0.5,0.35,chromaticity,0.420761932765,0.0278889262091,0.0662819614547,15.0870610654,2,True,PASS
Nikon D700,D65,True,0.5,0.5,camera_rgb_wb,0.581455896184,0.0108138045129,0.0185978069598,53.7697806069,2,True,PASS
Nikon D700,D65,True,0.5,0.5,linear_srgb_unclipped,0.643961764636,0.0202227032682,0.0314035776326,31.8435055935,2,True,PASS
Nikon D700,D65,True,0.5,0.5,chromaticity,0.419844266239,0.0245769613337,0.0585382802864,17.0828387016,2,True,PASS
Nikon D700,D65,True,0.5,0.65,camera_rgb_wb,0.562924788144,0.00936223287218,0.0166314098604,60.127193569,2,True,PASS
Nikon D700,D65,True,0.5,0.65,linear_srgb_unclipped,0.627757055476,0.0174476661729,0.0277936600165,35.9794283807,2,True,PASS
Nikon D700,D65,True,0.5,0.65,chromaticity,0.419010539202,0.0219961114039,0.0524953655003,19.0493006472,2,True,PASS
Nikon D700,D65,True,0.5,0.8,camera_rgb_wb,0.54643175672,0.00822219111305,0.0150470594213,66.4581678056,2,True,PASS
Nikon D700,D65,True,0.5,0.8,linear_srgb_unclipped,0.613268136577,0.0152746871121,0.0249070287548,40.1493092511,2,True,PASS
Nikon D700,D65,True,0.5,0.8,chromaticity,0.418218491201,0.0199184347258,0.0476268628597,20.9965540444,2,True,PASS
Nikon D700,D65,True,0.65,0.2,camera_rgb_wb,0.436323445262,0.011214412692,0.025702063031,38.9073826018,2,True,PASS
Nikon D700,D65,True,0.65,0.2,linear_srgb_unclipped,0.508240401381,0.020893156826,0.0411088075038,24.3256873824,2,True,PASS
Nikon D700,D65,True,0.65,0.2,chromaticity,0.373906910922,0.0298502781683,0.0798334486374,12.5260779419,2,True,PASS
Nikon D700,D65,True,0.65,0.35,camera_rgb_wb,0.420480365062,0.00925729480086,0.0220159978207,45.421516124,2,True,PASS
Nikon D700,D65,True,0.65,0.35,linear_srgb_unclipped,0.494117123698,0.0171761467384,0.0347612861701,28.7676352108,2,True,PASS
Nikon D700,D65,True,0.65,0.35,chromaticity,0.371974588828,0.0256890765476,0.069061374941,14.4798738927,2,True,PASS
Nikon D700,D65,True,0.65,0.5,camera_rgb_wb,0.406852899908,0.00784183474231,0.0192743734752,51.8823608604,2,True,PASS
Nikon D700,D65,True,0.65,0.5,linear_srgb_unclipped,0.48186140541,0.0144984603088,0.0300884448226,33.2353501783,2,True,PASS
Nikon D700,D65,True,0.65,0.5,chromaticity,0.370335817412,0.0225895993664,0.0609976089386,16.3940852338,2,True,PASS
Nikon D700,D65,True,0.65,0.65,camera_rgb_wb,0.394878840889,0.00676947308465,0.0171431648994,58.3322861249,2,True,PASS
Nikon D700,D65,True,0.65,0.65,linear_srgb_unclipped,0.471003085388,0.0124769926739,0.0264902567753,37.7497284561,2,True,PASS
Nikon D700,D65,True,0.65,0.65,chromaticity,0.368864134859,0.0201771809149,0.054700847841,18.2812522926,2,True,PASS
Nikon D700,D65,True,0.65,0.8,camera_rgb_wb,0.384192875222,0.00592872101391,0.0154316266549,64.8019824715,2,True,PASS
Nikon D700,D65,True,0.65,0.8,linear_srgb_unclipped,0.461236297484,0.0108972401822,0.02362615484,42.3259733448,2,True,PASS
Nikon D700,D65,True,0.65,0.8,chromaticity,0.367496396055,0.0182375297649,0.0496264180022,20.1505577121,2,True,PASS
Nikon D700,D65,True,0.8,0.2,camera_rgb_wb,0.312856506335,0.00829913996429,0.026526985363,37.6974611443,2,True,PASS
Nikon D700,D65,True,0.8,0.2,linear_srgb_unclipped,0.386785427252,0.0150729231222,0.0389697285889,25.6609434094,2,True,PASS
Nikon D700,D65,True,0.8,0.2,chromaticity,0.329682913475,0.0265393885109,0.080499739071,12.4224005138,2,True,PASS
Nikon D700,D65,True,0.8,0.35,camera_rgb_wb,0.302350747227,0.0068379670699,0.0226160085021,44.2164672828,2,True,PASS
Nikon D700,D65,True,0.8,0.35,linear_srgb_unclipped,0.377020199122,0.0123658027557,0.0327987805016,30.4889384516,2,True,PASS
Nikon D700,D65,True,0.8,0.35,chromaticity,0.326900285901,0.0228152030689,0.069792545473,14.3281777907,2,True,PASS
Nikon D700,D65,True,0.8,0.5,camera_rgb_wb,0.293281895136,0.00578235018203,0.0197160147896,50.7201891797,2,True,PASS
Nikon D700,D65,True,0.8,0.5,linear_srgb_unclipped,0.36848326849,0.0104190634324,0.0282755400947,35.3662563704,2,True,PASS
Nikon D700,D65,True,0.8,0.5,chromaticity,0.324560254242,0.0200396798363,0.0617440970494,16.1958802183,2,True,PASS
Nikon D700,D65,True,0.8,0.65,camera_rgb_wb,0.285287641133,0.00498341677692,0.0174680429798,57.2473974994,2,True,PASS
Nikon D700,D65,True,0.8,0.65,linear_srgb_unclipped,0.360871101813,0.00895164838987,0.0248056670232,40.3133686776,2,True,PASS
Nikon D700,D65,True,0.8,0.65,chromaticity,0.322489025946,0.0178792138168,0.0554413092488,18.0370920808,2,True,PASS
Nikon D700,D65,True,0.8,0.8,camera_rgb_wb,0.278132255994,0.00435763824244,0.0156675040328,63.8263757843,2,True,PASS
Nikon D700,D65,True,0.8,0.8,linear_srgb_unclipped,0.353985315107,0.00780644778396,0.0220530272043,45.3452485565,2,True,PASS
Nikon D700,D65,True,0.8,0.8,chromaticity,0.320596647643,0.0161424911117,0.0503514033298,19.8604196481,2,True,PASS
Nikon D80,D65,True,0.2,0.2,camera_rgb_wb,1.48590881102,0.0335408057276,0.0225725868767,44.3015240327,2,True,PASS
Nikon D80,D65,True,0.2,0.2,linear_srgb_unclipped,1.45359442337,0.0598304751936,0.0411603637381,24.2952177576,2,True,PASS
Nikon D80,D65,True,0.2,0.2,chromaticity,0.528501776168,0.0340122245232,0.0643559322919,15.5385830705,2,True,PASS
Nikon D80,D65,True,0.2,0.35,camera_rgb_wb,1.41856204502,0.0281601371965,0.0198511847228,50.3748271935,2,True,PASS
Nikon D80,D65,True,0.2,0.35,linear_srgb_unclipped,1.39379572515,0.049893067878,0.0357965424759,27.9356588887,2,True,PASS
Nikon D80,D65,True,0.2,0.35,chromaticity,0.529091714965,0.0295845779761,0.05591578386,17.88403794,2,True,PASS
Nikon D80,D65,True,0.2,0.5,camera_rgb_wb,1.36107191327,0.0242204908902,0.0177951588407,56.1950589456,2,True,PASS
Nikon D80,D65,True,0.2,0.5,linear_srgb_unclipped,1.3428024209,0.0426591194915,0.0317687239964,31.4774996979,2,True,PASS
Nikon D80,D65,True,0.2,0.5,chromaticity,0.529698382738,0.0262659015581,0.0495865239807,20.1667695116,2,True,PASS
Nikon D80,D65,True,0.2,0.65,camera_rgb_wb,1.31091131602,0.0212030708389,0.0161742984287,61.8264838138,2,True,PASS
Nikon D80,D65,True,0.2,0.65,linear_srgb_unclipped,1.2983461403,0.0371467430216,0.028610816383,34.9518163555,2,True,PASS
Nikon D80,D65,True,0.2,0.65,chromaticity,0.530278719064,0.0236662668092,0.0446298634255,22.4065216258,2,True,PASS
Nikon D80,D65,True,0.2,0.8,camera_rgb_wb,1.26643931637,0.0188138504943,0.0148557062712,67.3142011387,2,True,PASS
Nikon D80,D65,True,0.2,0.8,linear_srgb_unclipped,1.25895460682,0.0328018998416,0.026054870973,38.3805393255,2,True,PASS
Nikon D80,D65,True,0.2,0.8,chromaticity,0.53081556099,0.0215625680915,0.0406215824782,24.6174555247,2,True,PASS
Nikon D80,D65,True,0.35,0.2,camera_rgb_wb,0.946284603753,0.0224314757759,0.0237047878481,42.1855705441,2,True,PASS
Nikon D80,D65,True,0.35,0.2,linear_srgb_unclipped,0.964612046514,0.0413390533222,0.0428556262299,23.3341590819,2,True,PASS
Nikon D80,D65,True,0.35,0.2,chromaticity,0.481945105922,0.034468309543,0.0715191608328,13.9822669667,2,True,PASS
Nikon D80,D65,True,0.35,0.35,camera_rgb_wb,0.906307511744,0.0187016703535,0.0206350163837,48.4613135945,2,True,PASS
Nikon D80,D65,True,0.35,0.35,linear_srgb_unclipped,0.93002997424,0.034270961032,0.0368493080666,27.1375516249,2,True,PASS
Nikon D80,D65,True,0.35,0.35,chromaticity,0.481926161066,0.0298317024484,0.0619009816409,16.1548326616,2,True,PASS
Nikon D80,D65,True,0.35,0.5,camera_rgb_wb,0.872091090455,0.0159890227053,0.0183341200022,54.5431141434,2,True,PASS
Nikon D80,D65,True,0.35,0.5,linear_srgb_unclipped,0.900399322428,0.0291527231276,0.0323775489402,30.885599211,2,True,PASS
Nikon D80,D65,True,0.35,0.5,chromaticity,0.481942195373,0.026371413475,0.0547190383581,18.2751749666,2,True,PASS
Nikon D80,D65,True,0.35,0.65,camera_rgb_wb,0.84216601873,0.0139228647223,0.0165322091044,60.4879840126,2,True,PASS
Nikon D80,D65,True,0.35,0.65,linear_srgb_unclipped,0.874451397689,0.0252695779516,0.0288976357273,34.6049071086,2,True,PASS
Nikon D80,D65,True,0.35,0.65,chromaticity,0.481946174609,0.0236710778403,0.0491156047861,20.3601279951,2,True,PASS
Nikon D80,D65,True,0.35,0.8,camera_rgb_wb,0.815577298691,0.0122946373445,0.0150747665049,66.3360191799,2,True,PASS
Nikon D80,D65,True,0.35,0.8,linear_srgb_unclipped,0.851362375258,0.0222204694248,0.0260998959674,38.3143289632,2,True,PASS
Nikon D80,D65,True,0.35,0.8,chromaticity,0.481919566434,0.0214933867432,0.0445995312086,22.4217603392,2,True,PASS
Nikon D80,D65,True,0.5,0.2,camera_rgb_wb,0.632707150321,0.0155224742172,0.0245334262609,40.7607151714,2,True,PASS
Nikon D80,D65,True,0.5,0.2,linear_srgb_unclipped,0.685064409297,0.0290482032166,0.0424021490861,23.5837102966,2,True,PASS
Nikon D80,D65,True,0.5,0.2,chromaticity,0.431801627519,0.0332348160373,0.0769677877971,12.9924482517,2,True,PASS
Nikon D80,D65,True,0.5,0.35,camera_rgb_wb,0.607905075124,0.0128673897631,0.0211667746982,47.2438533625,2,True,PASS
Nikon D80,D65,True,0.5,0.35,linear_srgb_unclipped,0.663517315852,0.0239711298909,0.036127361439,27.6798515078,2,True,PASS
Nikon D80,D65,True,0.5,0.35,chromaticity,0.430962125484,0.0286662086567,0.0665167701791,15.0338027133,2,True,PASS
Nikon D80,D65,True,0.5,0.5,camera_rgb_wb,0.586623515072,0.0109449339434,0.0186575097352,53.597720928,2,True,PASS
Nikon D80,D65,True,0.5,0.5,linear_srgb_unclipped,0.644946492771,0.020308107954,0.0314880508408,31.7580788044,2,True,PASS
Nikon D80,D65,True,0.5,0.5,chromaticity,0.430239612415,0.0252646692283,0.0587223223973,17.0292992371,2,True,PASS
Nikon D80,D65,True,0.5,0.65,camera_rgb_wb,0.567967697486,0.00948621967817,0.0167020408382,59.8729226979,2,True,PASS
Nikon D80,D65,True,0.5,0.65,linear_srgb_unclipped,0.628595011004,0.0175377520907,0.0278999224997,35.8423934694,2,True,PASS
Nikon D80,D65,True,0.5,0.65,chromaticity,0.429563462855,0.0226160324227,0.0526488735154,18.9937587118,2,True,PASS
Nikon D80,D65,True,0.5,0.8,camera_rgb_wb,0.55135585556,0.00834055572491,0.0151273549393,66.1054099685,2,True,PASS
Nikon D80,D65,True,0.5,0.8,linear_srgb_unclipped,0.613970955726,0.0153684949564,0.0250313061441,39.9499728157,2,True,PASS
Nikon D80,D65,True,0.5,0.8,chromaticity,0.428902096063,0.0204845410674,0.047760412587,20.9378425737,2,True,PASS
Nikon D80,D65,True,0.65,0.2,camera_rgb_wb,0.440398887777,0.0111260699016,0.0252636194378,39.5826101822,2,True,PASS
Nikon D80,D65,True,0.65,0.2,linear_srgb_unclipped,0.5081579245,0.0206770548682,0.0406902143434,24.5759334556,2,True,PASS
Nikon D80,D65,True,0.65,0.2,chromaticity,0.382386960854,0.0307095285351,0.0803100829237,12.4517366138,2,True,PASS
Nikon D80,D65,True,0.65,0.35,camera_rgb_wb,0.424411436116,0.00918741413202,0.0216474235852,46.1948737716,2,True,PASS
Nikon D80,D65,True,0.65,0.35,linear_srgb_unclipped,0.493869647036,0.0170068603518,0.0344359295087,29.0394368402,2,True,PASS
Nikon D80,D65,True,0.65,0.35,chromaticity,0.380631751409,0.0264329790061,0.0694450184678,14.3998809715,2,True,PASS
Nikon D80,D65,True,0.65,0.5,camera_rgb_wb,0.410654386163,0.00778710332624,0.0189626693118,52.7351916315,2,True,PASS
Nikon D80,D65,True,0.65,0.5,linear_srgb_unclipped,0.481471904185,0.0143655393134,0.0298367136037,33.5157555649,2,True,PASS
Nikon D80,D65,True,0.65,0.5,chromaticity,0.379123576735,0.0232510633439,0.0613284553393,16.3056446549,2,True,PASS
Nikon D80,D65,True,0.65,0.65,camera_rgb_wb,0.398563120212,0.00672689325489,0.0168778617834,59.2492113535,2,True,PASS
Nikon D80,D65,True,0.65,0.65,linear_srgb_unclipped,0.470489918773,0.0123723136339,0.0262966604389,38.0276424197,2,True,PASS
Nikon D80,D65,True,0.65,0.65,chromaticity,0.377752364249,0.0207756526959,0.0549980745646,18.1824547117,2,True,PASS
Nikon D80,D65,True,0.65,0.8,camera_rgb_wb,0.38777033619,0.00589587149101,0.0152045449091,65.7698080397,2,True,PASS
Nikon D80,D65,True,0.65,0.8,linear_srgb_unclipped,0.460614327991,0.0108146864081,0.0234788319662,42.5915565748,2,True,PASS
Nikon D80,D65,True,0.65,0.8,chromaticity,0.376464163562,0.018785593809,0.049900085127,20.040045973,2,True,PASS
Nikon D80,D65,True,0.8,0.2,camera_rgb_wb,0.316095434105,0.00814533449799,0.025768592707,38.8069310331,2,True,PASS
Nikon D80,D65,True,0.8,0.2,linear_srgb_unclipped,0.386287108656,0.0147921225385,0.0382930784047,26.1143799783,2,True,PASS
Nikon D80,D65,True,0.8,0.2,chromaticity,0.336337903275,0.0273675284749,0.08136914754,12.2896703509,2,True,PASS
Nikon D80,D65,True,0.8,0.35,camera_rgb_wb,0.305458827916,0.0067108085214,0.0219696008369,45.5174405501,2,True,PASS
Nikon D80,D65,True,0.8,0.35,linear_srgb_unclipped,0.376379370755,0.0121394030894,0.0322531042684,31.0047675312,2,True,PASS
Nikon D80,D65,True,0.8,0.35,chromaticity,0.333686427323,0.0235330146108,0.070524338672,14.1795019823,2,True,PASS
Nikon D80,D65,True,0.8,0.5,camera_rgb_wb,0.296275651435,0.00567589511394,0.019157480834,52.1989299464,2,True,PASS
Nikon D80,D65,True,0.8,0.5,linear_srgb_unclipped,0.36772295463,0.0102335865607,0.0278296103951,35.9329500414,2,True,PASS
Nikon D80,D65,True,0.8,0.5,chromaticity,0.331436399747,0.0206780028626,0.0623890522537,16.028453132,2,True,PASS
Nikon D80,D65,True,0.8,0.65,camera_rgb_wb,0.288180081032,0.00489324098743,0.0169798029409,58.8934985569,2,True,PASS
Nikon D80,D65,True,0.8,0.65,linear_srgb_unclipped,0.360009047856,0.00879758070358,0.0244371100004,40.9213691793,2,True,PASS
Nikon D80,D65,True,0.8,0.65,chromaticity,0.329429452309,0.0184564998319,0.0560256519342,17.8489667764,2,True,PASS
Nikon D80,D65,True,0.8,0.8,camera_rgb_wb,0.280933851554,0.00428045373228,0.0152365181647,65.6317925914,2,True,PASS
Nikon D80,D65,True,0.8,0.8,linear_srgb_unclipped,0.353035516702,0.00767695661198,0.0217455645361,45.9863894699,2,True,PASS
Nikon D80,D65,True,0.8,0.8,chromaticity,0.327584083174,0.0166707912197,0.0508901136408,19.6501820974,2,True,PASS
Nikon D90,D65,True,0.2,0.2,camera_rgb_wb,1.47503830477,0.0288429373124,0.019554025966,51.1403637153,2,True,PASS
Nikon D90,D65,True,0.2,0.2,linear_srgb_unclipped,1.44155086368,0.058288766098,0.04043476201,24.7311953945,2,True,PASS
Nikon D90,D65,True,0.2,0.2,chromaticity,0.490318778261,0.0304943862034,0.0621929804759,16.0789849972,2,True,PASS
Nikon D90,D65,True,0.2,0.35,camera_rgb_wb,1.40676889783,0.024179612903,0.0171880491105,58.1799594342,2,True,PASS
Nikon D90,D65,True,0.2,0.35,linear_srgb_unclipped,1.38171888061,0.0485648545376,0.0351481442564,28.451004204,2,True,PASS
Nikon D90,D65,True,0.2,0.35,chromaticity,0.490991345445,0.0265520277439,0.054078402787,18.4916703982,2,True,PASS
Nikon D90,D65,True,0.2,0.5,camera_rgb_wb,1.34861717284,0.020767091102,0.0153988036933,64.9401096292,2,True,PASS
Nikon D90,D65,True,0.2,0.5,linear_srgb_unclipped,1.33083499936,0.0414835410325,0.0311710625677,32.081036629,2,True,PASS
Nikon D90,D65,True,0.2,0.5,chromaticity,0.491708842952,0.0235894895171,0.0479745073843,20.8444037161,2,True,PASS
Nikon D90,D65,True,0.2,0.65,camera_rgb_wb,1.2979683032,0.0181556091915,0.0139877138346,71.4913110051,2,True,PASS
Nikon D90,D65,True,0.2,0.65,linear_srgb_unclipped,1.2865705948,0.03608809049,0.0280498331267,35.6508359776,2,True,PASS
Nikon D90,D65,True,0.2,0.65,chromaticity,0.492415556271,0.0212650236513,0.0431851174896,23.1561254925,2,True,PASS
Nikon D90,D65,True,0.2,0.8,camera_rgb_wb,1.25312938068,0.0160897367148,0.0128396452616,77.8837716797,2,True,PASS
Nikon D90,D65,True,0.2,0.8,linear_srgb_unclipped,1.24741977555,0.0318369323032,0.0255222283046,39.1815318031,2,True,PASS
Nikon D90,D65,True,0.2,0.8,chromaticity,0.493087750147,0.0193819095471,0.0393072217699,25.4406176517,2,True,PASS
Nikon D90,D65,True,0.35,0.2,camera_rgb_wb,0.935134454855,0.0199519325061,0.0213358971028,46.8693673944,2,True,PASS
Nikon D90,D65,True,0.35,0.2,linear_srgb_unclipped,0.960789045928,0.0412502374267,0.0429337091233,23.2917215964,2,True,PASS
Nikon D90,D65,True,0.35,0.2,chromaticity,0.451856889526,0.0311867087851,0.0690189958548,14.4887648337,2,True,PASS
Nikon D90,D65,True,0.35,0.35,camera_rgb_wb,0.894893726286,0.0165893917272,0.0185378344265,53.9437335017,2,True,PASS
Nikon D90,D65,True,0.35,0.35,linear_srgb_unclipped,0.926607437579,0.0341365227287,0.0368403288645,27.1441659405,2,True,PASS
Nikon D90,D65,True,0.35,0.35,chromaticity,0.451996466239,0.0269980441657,0.0597306531848,16.74182261,2,True,PASS
Nikon D90,D65,True,0.35,0.5,camera_rgb_wb,0.86049712835,0.0141471872104,0.0164407140294,60.8246088466,2,True,PASS
Nikon D90,D65,True,0.35,0.5,linear_srgb_unclipped,0.897345487005,0.0289876924413,0.0323038259635,30.9560855464,2,True,PASS
Nikon D90,D65,True,0.35,0.5,chromaticity,0.45218912676,0.0238677291388,0.0527826250707,18.9456283893,2,True,PASS
Nikon D90,D65,True,0.35,0.65,camera_rgb_wb,0.830446802268,0.012289973757,0.0147992306351,67.5710801902,2,True,PASS
Nikon D90,D65,True,0.35,0.65,linear_srgb_unclipped,0.871736186906,0.0250846444195,0.0287754997399,34.7517856871,2,True,PASS
Nikon D90,D65,True,0.35,0.65,chromaticity,0.45237742598,0.0214231357384,0.047356774472,21.1163030242,2,True,PASS
Nikon D90,D65,True,0.35,0.8,camera_rgb_wb,0.803770957476,0.0108288122077,0.0134725099321,74.2252189858,2,True,PASS
Nikon D90,D65,True,0.35,0.8,linear_srgb_unclipped,0.848958465881,0.0220230283082,0.0259412317484,38.5486706914,2,True,PASS
Nikon D90,D65,True,0.35,0.8,chromaticity,0.452537779692,0.0194509865903,0.0429820171114,23.26554376,2,True,PASS
Nikon D90,D65,True,0.5,0.2,camera_rgb_wb,0.620805845288,0.0142406969821,0.0229390510579,43.5937823877,2,True,PASS
Nikon D90,D65,True,0.5,0.2,linear_srgb_unclipped,0.685048285619,0.0295039614539,0.0430684406826,23.2188578028,2,True,PASS
Nikon D90,D65,True,0.5,0.2,chromaticity,0.409623752165,0.0302575803796,0.0738667624123,13.5378885894,2,True,PASS
Nikon D90,D65,True,0.5,0.35,camera_rgb_wb,0.59604470304,0.0117725756408,0.0197511622548,50.6299319049,2,True,PASS
Nikon D90,D65,True,0.5,0.35,linear_srgb_unclipped,0.663902489047,0.0242991876287,0.036600537021,27.3220034839,2,True,PASS
Nikon D90,D65,True,0.5,0.35,chromaticity,0.408985769769,0.0260940312812,0.0638018073244,15.6735371918,2,True,PASS
Nikon D90,D65,True,0.5,0.5,camera_rgb_wb,0.57481331291,0.00998752498292,0.0173752499439,57.5531289176,2,True,PASS
Nikon D90,D65,True,0.5,0.5,linear_srgb_unclipped,0.645665405799,0.0205468480699,0.0318227488811,31.4240609363,2,True,PASS
Nikon D90,D65,True,0.5,0.5,chromaticity,0.408474295293,0.0229917180893,0.0562868174428,17.7661492589,2,True,PASS
Nikon D90,D65,True,0.5,0.65,camera_rgb_wb,0.556212475023,0.00863500730641,0.0155246559438,64.413665824,2,True,PASS
Nikon D90,D65,True,0.5,0.65,linear_srgb_unclipped,0.629596776409,0.0177119712958,0.0281322458428,35.5463977382,2,True,PASS
Nikon D90,D65,True,0.5,0.65,chromaticity,0.408010387786,0.0205754770198,0.0504288068043,19.8299357722,2,True,PASS
Nikon D90,D65,True,0.5,0.8,camera_rgb_wb,0.539658067838,0.0075743968642,0.014035548277,71.2476620268,2,True,PASS
Nikon D90,D65,True,0.5,0.8,linear_srgb_unclipped,0.615215877086,0.015494891286,0.0251861043628,39.7044332698,2,True,PASS
Nikon D90,D65,True,0.5,0.8,chromaticity,0.407558791514,0.0186310597435,0.0457137967121,21.8752339977,2,True,PASS
Nikon D90,D65,True,0.65,0.2,camera_rgb_wb,0.428397480868,0.0104348864926,0.02435795484,41.054349865,2,True,PASS
Nikon D90,D65,True,0.65,0.2,linear_srgb_unclipped,0.509373883611,0.0212201450754,0.0416592718201,24.0042601877,2,True,PASS
Nikon D90,D65,True,0.65,0.2,chromaticity,0.367175405464,0.0281101103838,0.0765577159187,13.062040684,2,True,PASS
Nikon D90,D65,True,0.65,0.35,camera_rgb_wb,0.412585799379,0.00859741837575,0.0208378921153,47.9894988643,2,True,PASS
Nikon D90,D65,True,0.65,0.35,linear_srgb_unclipped,0.495410273099,0.0174207320515,0.0351642527364,28.4379710126,2,True,PASS
Nikon D90,D65,True,0.65,0.35,chromaticity,0.365632922513,0.0241872044123,0.0661516043086,15.116791353,2,True,PASS
Nikon D90,D65,True,0.65,0.5,camera_rgb_wb,0.398984454359,0.00727115656585,0.0182241600805,54.8722133467,2,True,PASS
Nikon D90,D65,True,0.65,0.5,linear_srgb_unclipped,0.483272470296,0.0146887184065,0.0303942792302,32.9009282446,2,True,PASS
Nikon D90,D65,True,0.65,0.5,chromaticity,0.364340762894,0.0212670942003,0.0583714378577,17.1316663886,2,True,PASS
Nikon D90,D65,True,0.65,0.65,camera_rgb_wb,0.387033556808,0.00626808131914,0.0161951882695,61.7467351016,2,True,PASS
Nikon D90,D65,True,0.65,0.65,linear_srgb_unclipped,0.47250329931,0.0126293477847,0.0267285917436,37.4131196134,2,True,PASS
Nikon D90,D65,True,0.65,0.65,chromaticity,0.363182317839,0.0189953071229,0.0523024007223,19.1195812465,2,True,PASS
Nikon D90,D65,True,0.65,0.8,camera_rgb_wb,0.376368997798,0.00548281472307,0.0145676576847,68.6452154245,2,True,PASS
Nikon D90,D65,True,0.65,0.8,linear_srgb_unclipped,0.462804809436,0.0110220240456,0.0238157076609,41.9890945186,2,True,PASS
Nikon D90,D65,True,0.65,0.8,chromaticity,0.362101060747,0.0171693210894,0.0474158265484,21.0900045996,2,True,PASS
Nikon D90,D65,True,0.8,0.2,camera_rgb_wb,0.304772746693,0.00774054386076,0.0253977560157,39.37355723,2,True,PASS
Nikon D90,D65,True,0.8,0.2,linear_srgb_unclipped,0.387647985905,0.0152586997588,0.0393622572892,25.40504709,2,True,PASS
Nikon D90,D65,True,0.8,0.2,chromaticity,0.326778064794,0.0252030447755,0.0771258768283,12.9658169362,2,True,PASS
Nikon D90,D65,True,0.8,0.35,camera_rgb_wb,0.294358676508,0.00636627932471,0.0216276258618,46.2371601205,2,True,PASS
Nikon D90,D65,True,0.8,0.35,linear_srgb_unclipped,0.377992749992,0.012500782151,0.0330714865595,30.2375279744,2,True,PASS
Nikon D90,D65,True,0.8,0.35,chromaticity,0.324326498195,0.02166264997,0.0667927230446,14.9716908432,2,True,PASS
Nikon D90,D65,True,0.8,0.5,camera_rgb_wb,0.285368570026,0.00537529274362,0.0188363166383,53.0889355495,2,True,PASS
Nikon D90,D65,True,0.8,0.5,linear_srgb_unclipped,0.369534957571,0.0105211326555,0.0284712783998,35.1231155117,2,True,PASS
Nikon D90,D65,True,0.8,0.5,chromaticity,0.322275758926,0.0190258459823,0.0590359201875,16.9388398931,2,True,PASS
Nikon D90,D65,True,0.8,0.65,camera_rgb_wb,0.277444139514,0.00462646013008,0.0166752851157,59.9689896191,2,True,PASS
Nikon D90,D65,True,0.8,0.65,linear_srgb_unclipped,0.36198089999,0.00903114369684,0.0249492271473,40.0814018845,2,True,PASS
Nikon D90,D65,True,0.8,0.65,chromaticity,0.320462403204,0.0169742982689,0.052968142594,18.8792725406,2,True,PASS
Nikon D90,D65,True,0.8,0.8,camera_rgb_wb,0.270352037151,0.00404073126404,0.0149461838964,66.9067105643,2,True,PASS
Nikon D90,D65,True,0.8,0.8,linear_srgb_unclipped,0.355138146142,0.0078697945965,0.0221598121238,45.1267363826,2,True,PASS
Nikon D90,D65,True,0.8,0.8,chromaticity,0.318803167212,0.0153256663553,0.0480725034488,20.8019122837,2,True,PASS
Nokia N900,D65,True,0.2,0.2,camera_rgb_wb,1.43961184135,0.0258270904911,0.0179403154025,55.7403801194,2,True,PASS
Nokia N900,D65,True,0.2,0.2,linear_srgb_unclipped,1.42384290292,0.0579330103742,0.0406877825182,24.5774023087,2,True,PASS
Nokia N900,D65,True,0.2,0.2,chromaticity,0.396197547013,0.024366153128,0.0615000100623,16.2601599412,2,True,PASS
Nokia N900,D65,True,0.2,0.35,camera_rgb_wb,1.37583797606,0.0215166572791,0.0156389470661,63.9429237642,2,True,PASS
Nokia N900,D65,True,0.2,0.35,linear_srgb_unclipped,1.36373736991,0.0482823005102,0.0354043979256,28.245078538,2,True,PASS
Nokia N900,D65,True,0.2,0.35,chromaticity,0.393819026183,0.0211930558472,0.0538142000213,18.5824559244,2,True,PASS
Nokia N900,D65,True,0.2,0.5,camera_rgb_wb,1.32158432813,0.0183711674079,0.0139008665712,71.9379611969,2,True,PASS
Nokia N900,D65,True,0.2,0.5,linear_srgb_unclipped,1.3129520316,0.0412284802519,0.0314013606434,31.8457537989,2,True,PASS
Nokia N900,D65,True,0.2,0.5,chromaticity,0.391906815682,0.0188011103939,0.0479734203173,20.8448760456,2,True,PASS
Nokia N900,D65,True,0.2,0.65,camera_rgb_wb,1.27436595001,0.0159707155429,0.012532283637,79.7939169719,2,True,PASS
Nokia N900,D65,True,0.2,0.65,linear_srgb_unclipped,1.26900425937,0.0358397847505,0.0282424463794,35.4076975687,2,True,PASS
Nokia N900,D65,True,0.2,0.65,chromaticity,0.390288178898,0.0169214188729,0.0433562167338,23.0647430826,2,True,PASS
Nokia N900,D65,True,0.2,0.8,camera_rgb_wb,1.23258147199,0.0140769765135,0.0114207270135,87.5601000547,2,True,PASS
Nokia N900,D65,True,0.2,0.8,linear_srgb_unclipped,1.23030217604,0.0315856905439,0.0256731160515,38.9512514957,2,True,PASS
Nokia N900,D65,True,0.2,0.8,chromaticity,0.388867523285,0.0153976545861,0.0395961443528,25.2549841997,2,True,PASS
Nokia N900,D65,True,0.35,0.2,camera_rgb_wb,0.954139868329,0.019358306577,0.020288751387,49.2883953736,2,True,PASS
Nokia N900,D65,True,0.35,0.2,linear_srgb_unclipped,0.955233279208,0.042404087371,0.0443913421925,22.5269151733,2,True,PASS
Nokia N900,D65,True,0.35,0.2,chromaticity,0.342477144087,0.0232073829068,0.0677633042306,14.7572496848,2,True,PASS
Nokia N900,D65,True,0.35,0.35,camera_rgb_wb,0.915416462754,0.0160371202552,0.0175189336304,57.08109986,2,True,PASS
Nokia N900,D65,True,0.35,0.35,linear_srgb_unclipped,0.921600830998,0.0351306606306,0.0381191720417,26.2335183699,2,True,PASS
Nokia N900,D65,True,0.35,0.35,chromaticity,0.340264080882,0.0200738607441,0.0589949450206,16.9506048298,2,True,PASS
Nokia N900,D65,True,0.35,0.5,camera_rgb_wb,0.882312787694,0.0136235099781,0.0154406806386,64.7639843998,2,True,PASS
Nokia N900,D65,True,0.35,0.5,linear_srgb_unclipped,0.892919647959,0.0298425912684,0.0334213625343,29.9209823948,2,True,PASS
Nokia N900,D65,True,0.35,0.5,chromaticity,0.338441270059,0.0177243417309,0.052370509447,19.0947159109,2,True,PASS
Nokia N900,D65,True,0.35,0.65,camera_rgb_wb,0.85337954067,0.011787935792,0.01381323928,72.3943153178,2,True,PASS
Nokia N900,D65,True,0.35,0.65,linear_srgb_unclipped,0.867893733091,0.0258205303203,0.0297507970571,33.6125448364,2,True,PASS
Nokia N900,D65,True,0.35,0.65,chromaticity,0.336857732583,0.0158864198464,0.0471606209676,21.2041313172,2,True,PASS
Nokia N900,D65,True,0.35,0.8,camera_rgb_wb,0.827679619884,0.0103442381518,0.012497877081,80.0135889892,2,True,PASS
Nokia N900,D65,True,0.35,0.8,linear_srgb_unclipped,0.845688173014,0.022657456447,0.0267917385746,37.3249387013,2,True,PASS
Nokia N900,D65,True,0.35,0.8,chromaticity,0.33543277347,0.0144026106987,0.0429373986022,23.2897202102,2,True,PASS
Nokia N900,D65,True,0.5,0.2,camera_rgb_wb,0.657958606159,0.0147322949638,0.0223909146044,44.6609715443,2,True,PASS
Nokia N900,D65,True,0.5,0.2,linear_srgb_unclipped,0.685424063975,0.0311285401327,0.0454150091436,22.0191522331,2,True,PASS
Nokia N900,D65,True,0.5,0.2,chromaticity,0.29719913912,0.0209410078943,0.0704611997071,14.1922079692,2,True,PASS
Nokia N900,D65,True,0.5,0.35,camera_rgb_wb,0.633372805527,0.0121758852082,0.0192238837884,52.0186249048,2,True,PASS
Nokia N900,D65,True,0.5,0.35,linear_srgb_unclipped,0.664814527996,0.0256889273424,0.0386407430352,25.8794195311,2,True,PASS
Nokia N900,D65,True,0.5,0.35,chromaticity,0.294768663589,0.0180568443024,0.0612576794377,16.3244838717,2,True,PASS
Nokia N900,D65,True,0.5,0.5,camera_rgb_wb,0.612268630781,0.010320816264,0.0168566798055,59.3236634697,2,True,PASS
Nokia N900,D65,True,0.5,0.5,linear_srgb_unclipped,0.647080746451,0.0217476460969,0.0336088598157,29.7540590631,2,True,PASS
Nokia N900,D65,True,0.5,0.5,chromaticity,0.292747717557,0.0158991139796,0.0543099502613,18.4128321825,2,True,PASS
Nokia N900,D65,True,0.5,0.65,camera_rgb_wb,0.593756226153,0.00891179901465,0.0150091883202,66.6258546873,2,True,PASS
Nokia N900,D65,True,0.5,0.65,linear_srgb_unclipped,0.631481763172,0.0187586135183,0.0297057090359,33.6635627445,2,True,PASS
Nokia N900,D65,True,0.5,0.65,chromaticity,0.290977516627,0.0142147684183,0.0488517758452,20.4700849191,2,True,PASS
Nokia N900,D65,True,0.5,0.8,camera_rgb_wb,0.57725888894,0.0078048561468,0.0135205473598,73.9615026955,2,True,PASS
Nokia N900,D65,True,0.5,0.8,linear_srgb_unclipped,0.617538504096,0.0164139595208,0.0265796535955,37.6227627048,2,True,PASS
Nokia N900,D65,True,0.5,0.8,chromaticity,0.289374424555,0.0128576977673,0.0444327372298,22.505928339,2,True,PASS
Nokia N900,D65,True,0.65,0.2,camera_rgb_wb,0.467430412391,0.0112136248928,0.0239899343207,41.6841491365,2,True,PASS
Nokia N900,D65,True,0.65,0.2,linear_srgb_unclipped,0.511357304269,0.0227661942847,0.0445211090067,22.461255398,2,True,PASS
Nokia N900,D65,True,0.65,0.2,chromaticity,0.259268435901,0.0181020145621,0.0698195848608,14.322628844,2,True,PASS
Nokia N900,D65,True,0.65,0.35,camera_rgb_wb,0.451286882423,0.00925837903898,0.0205155066535,48.7436170547,2,True,PASS
Nokia N900,D65,True,0.65,0.35,linear_srgb_unclipped,0.497852018695,0.0187385659524,0.0376388268979,26.5683094405,2,True,PASS
Nokia N900,D65,True,0.65,0.35,chromaticity,0.256425154621,0.0155887035171,0.0607924114938,16.4494214891,2,True,PASS
Nokia N900,D65,True,0.65,0.5,camera_rgb_wb,0.437375807633,0.00784048252608,0.0179261915937,55.7842972264,2,True,PASS
Nokia N900,D65,True,0.65,0.5,linear_srgb_unclipped,0.486129343589,0.0158275976168,0.0325584082211,30.7140322466,2,True,PASS
Nokia N900,D65,True,0.65,0.5,chromaticity,0.254067777841,0.0137080825314,0.0539544315613,18.5341587533,2,True,PASS
Nokia N900,D65,True,0.65,0.65,camera_rgb_wb,0.42513112713,0.00676414461542,0.0159107253827,62.8506856818,2,True,PASS
Nokia N900,D65,True,0.65,0.65,linear_srgb_unclipped,0.475737861188,0.0136246109469,0.0286389040234,34.9175373186,2,True,PASS
Nokia N900,D65,True,0.65,0.65,chromaticity,0.252011658528,0.0122403421218,0.0485705391303,20.5886123133,2,True,PASS
Nokia N900,D65,True,0.65,0.8,camera_rgb_wb,0.414185256194,0.00591901937105,0.0142907534311,69.9753168945,2,True,PASS
Nokia N900,D65,True,0.65,0.8,linear_srgb_unclipped,0.466384531067,0.011899775485,0.0255149446268,39.1927168421,2,True,PASS
Nokia N900,D65,True,0.65,0.8,chromaticity,0.250159242314,0.0110583061374,0.0442050672808,22.6218409226,2,True,PASS
Nokia N900,D65,True,0.8,0.2,camera_rgb_wb,0.33949960297,0.00847049703777,0.0249499468149,40.0802457584,2,True,PASS
Nokia N900,D65,True,0.8,0.2,linear_srgb_unclipped,0.389602017699,0.0165412249105,0.0424567229098,23.553395822,2,True,PASS
Nokia N900,D65,True,0.8,0.2,chromaticity,0.22737395282,0.0151306112047,0.0665450506404,15.0274136149,2,True,PASS
Nokia N900,D65,True,0.8,0.35,camera_rgb_wb,0.3286262211,0.00698948755776,0.0212688066533,47.0172124042,2,True,PASS
Nokia N900,D65,True,0.8,0.35,linear_srgb_unclipped,0.380351504941,0.0135907677201,0.03573212553,27.9860205675,2,True,PASS
Nokia N900,D65,True,0.8,0.35,chromaticity,0.224074671028,0.0130300306123,0.0581503949222,17.1967877662,2,True,PASS
Nokia N900,D65,True,0.8,0.5,camera_rgb_wb,0.319219676126,0.00591605061074,0.0185328507394,53.9582395638,2,True,PASS
Nokia N900,D65,True,0.8,0.5,linear_srgb_unclipped,0.372253803149,0.0114622712999,0.0307915492142,32.4764432294,2,True,PASS
Nokia N900,D65,True,0.8,0.5,chromaticity,0.221359476329,0.0114552960828,0.051749743326,19.3237673412,2,True,PASS
Nokia N900,D65,True,0.8,0.65,camera_rgb_wb,0.310911107195,0.00510156861171,0.0164084476033,60.9442175259,2,True,PASS
Nokia N900,D65,True,0.8,0.65,linear_srgb_unclipped,0.365022935488,0.00985396486784,0.0269954677086,37.0432552159,2,True,PASS
Nokia N900,D65,True,0.8,0.65,chromaticity,0.219011045034,0.0102248749097,0.0466865719406,21.4194351488,2,True,PASS
Nokia N900,D65,True,0.8,0.8,camera_rgb_wb,0.303460479794,0.0044623249603,0.0147047976835,68.0050158816,2,True,PASS
Nokia N900,D65,True,0.8,0.8,linear_srgb_unclipped,0.358472302082,0.00859645939991,0.02398081902,41.6999936143,2,True,PASS
Nokia N900,D65,True,0.8,0.8,chromaticity,0.216913528481,0.0092332832836,0.0425666547784,23.4925672503,2,True,PASS
Olympus E-PL2,D65,True,0.2,0.2,camera_rgb_wb,1.46192914458,0.0309150718011,0.0211467648181,47.2885573089,2,True,PASS
Olympus E-PL2,D65,True,0.2,0.2,linear_srgb_unclipped,1.44349006717,0.0610653567607,0.0423039674117,23.6384448359,2,True,PASS
Olympus E-PL2,D65,True,0.2,0.2,chromaticity,0.494303594325,0.0303258560286,0.0613506686513,16.2997408502,2,True,PASS
Olympus E-PL2,D65,True,0.2,0.35,camera_rgb_wb,1.39852386744,0.025730943444,0.0183986444873,54.3518301412,2,True,PASS
Olympus E-PL2,D65,True,0.2,0.35,linear_srgb_unclipped,1.38455258236,0.0508713226062,0.0367420661768,27.2167600806,2,True,PASS
Olympus E-PL2,D65,True,0.2,0.35,chromaticity,0.491812725551,0.0262762423322,0.0534273331436,18.7170113341,2,True,PASS
Olympus E-PL2,D65,True,0.2,0.5,camera_rgb_wb,1.34451176964,0.0219525812374,0.0163275485816,61.2461812623,2,True,PASS
Olympus E-PL2,D65,True,0.2,0.5,linear_srgb_unclipped,1.33452298152,0.0434251164411,0.0325398041417,30.731592472,2,True,PASS
Olympus E-PL2,D65,True,0.2,0.5,chromaticity,0.489760010838,0.0232355468185,0.0474427195041,21.0780497082,2,True,PASS
Olympus E-PL2,D65,True,0.2,0.65,camera_rgb_wb,1.29745419131,0.0190729202694,0.0147002648703,68.0259851656,2,True,PASS
Olympus E-PL2,D65,True,0.2,0.65,linear_srgb_unclipped,1.2910615861,0.0377399700465,0.0292317349171,34.2093961524,2,True,PASS
Olympus E-PL2,D65,True,0.2,0.65,chromaticity,0.487982465361,0.0208534993287,0.0427341160984,23.4005074002,2,True,PASS
Olympus E-PL2,D65,True,0.2,0.8,camera_rgb_wb,1.25577526116,0.0168041975806,0.0133815325881,74.7298557483,2,True,PASS
Olympus E-PL2,D65,True,0.2,0.8,linear_srgb_unclipped,1.25266053714,0.0332544249361,0.0265470364477,37.6689880985,2,True,PASS
Olympus E-PL2,D65,True,0.2,0.8,chromaticity,0.486390363569,0.0189276908157,0.0389146089919,25.6972901927,2,True,PASS
Olympus E-PL2,D65,True,0.35,0.2,camera_rgb_wb,0.955106296222,0.0225466273483,0.0236064063628,42.3613821024,2,True,PASS
Olympus E-PL2,D65,True,0.35,0.2,linear_srgb_unclipped,0.965823075367,0.0439433940741,0.0454983890889,21.9788001295,2,True,PASS
Olympus E-PL2,D65,True,0.35,0.2,chromaticity,0.434645752473,0.029804687355,0.0685723653929,14.5831340988,2,True,PASS
Olympus E-PL2,D65,True,0.35,0.35,camera_rgb_wb,0.917725144117,0.0186500738073,0.0203220691149,49.2075877877,2,True,PASS
Olympus E-PL2,D65,True,0.35,0.35,linear_srgb_unclipped,0.932409225942,0.0364014452386,0.0390402027628,25.6146210632,2,True,PASS
Olympus E-PL2,D65,True,0.35,0.35,chromaticity,0.43187406115,0.0256864121084,0.0594766262184,16.8133275806,2,True,PASS
Olympus E-PL2,D65,True,0.35,0.5,camera_rgb_wb,0.885715336456,0.0158224077378,0.0178639875438,55.9785432871,2,True,PASS
Olympus E-PL2,D65,True,0.35,0.5,linear_srgb_unclipped,0.903831112334,0.0309198728454,0.0342097903286,29.2313980997,2,True,PASS
Olympus E-PL2,D65,True,0.35,0.5,chromaticity,0.429518940548,0.0226103851096,0.0526411829029,18.9965336046,2,True,PASS
Olympus E-PL2,D65,True,0.35,0.65,camera_rgb_wb,0.857699084,0.0136753049095,0.0159441757192,62.7188270883,2,True,PASS
Olympus E-PL2,D65,True,0.35,0.65,linear_srgb_unclipped,0.878834251318,0.026752117047,0.0304404579213,32.8510169783,2,True,PASS
Olympus E-PL2,D65,True,0.35,0.65,chromaticity,0.427427152764,0.0202114007124,0.0472861880245,21.1478243812,2,True,PASS
Olympus E-PL2,D65,True,0.35,0.8,camera_rgb_wb,0.832783178904,0.0119893645392,0.0143967419647,69.460159976,2,True,PASS
Olympus E-PL2,D65,True,0.35,0.8,linear_srgb_unclipped,0.856607968082,0.0234757778053,0.027405509498,36.4890132794,2,True,PASS
Olympus E-PL2,D65,True,0.35,0.8,chromaticity,0.425515539643,0.0182795857816,0.0429586797157,23.278182817,2,True,PASS
Olympus E-PL2,D65,True,0.5,0.2,camera_rgb_wb,0.654521028324,0.0166752604559,0.0254770431113,39.2510227984,2,True,PASS
Olympus E-PL2,D65,True,0.5,0.2,linear_srgb_unclipped,0.690036449791,0.0317679923379,0.046038136605,21.7211223943,2,True,PASS
Olympus E-PL2,D65,True,0.5,0.2,chromaticity,0.378330229852,0.0279237398167,0.0738078472545,13.5486948502,2,True,PASS
Olympus E-PL2,D65,True,0.5,0.35,camera_rgb_wb,0.631353534941,0.0137456280947,0.0217716815287,45.9312248658,2,True,PASS
Olympus E-PL2,D65,True,0.5,0.35,linear_srgb_unclipped,0.669444771631,0.0262110215026,0.0391533739799,25.5405830545,2,True,PASS
Olympus E-PL2,D65,True,0.5,0.35,chromaticity,0.375099597493,0.0239849455823,0.0639428720869,15.6389597052,2,True,PASS
Olympus E-PL2,D65,True,0.5,0.5,camera_rgb_wb,0.611419104408,0.0116241352576,0.0190117305361,52.5991044372,2,True,PASS
Olympus E-PL2,D65,True,0.5,0.5,linear_srgb_unclipped,0.651698473197,0.0221857501168,0.0340429677669,29.3746422711,2,True,PASS
Olympus E-PL2,D65,True,0.5,0.5,chromaticity,0.372333996969,0.0210507336023,0.0565372320918,17.6874594493,2,True,PASS
Olympus E-PL2,D65,True,0.5,0.65,camera_rgb_wb,0.59389635841,0.0100162410328,0.0168653013121,59.2933373376,2,True,PASS
Olympus E-PL2,D65,True,0.5,0.65,linear_srgb_unclipped,0.636067355098,0.0191340752482,0.0300818381809,33.2426494015,2,True,PASS
Olympus E-PL2,D65,True,0.5,0.65,chromaticity,0.369866827635,0.0187678242661,0.0507421127386,19.7074963187,2,True,PASS
Olympus E-PL2,D65,True,0.5,0.8,camera_rgb_wb,0.578251626615,0.00875584982445,0.0151419372146,66.0417478838,2,True,PASS
Olympus E-PL2,D65,True,0.5,0.8,linear_srgb_unclipped,0.622078797816,0.0167412714953,0.0269118181717,37.1583961225,2,True,PASS
Olympus E-PL2,D65,True,0.5,0.8,chromaticity,0.367607830669,0.0169335891728,0.0460642776352,21.7087958682,2,True,PASS
Olympus E-PL2,D65,True,0.65,0.2,camera_rgb_wb,0.465229023958,0.0123801616235,0.026610896969,37.5785904987,2,True,PASS
Olympus E-PL2,D65,True,0.65,0.2,linear_srgb_unclipped,0.513079161026,0.0229763144622,0.0447812271624,22.330785987,2,True,PASS
Olympus E-PL2,D65,True,0.65,0.2,chromaticity,0.327505027043,0.0251711338871,0.0768572443432,13.0111352358,2,True,PASS
Olympus E-PL2,D65,True,0.65,0.35,camera_rgb_wb,0.450260278207,0.0101853705715,0.0226210728872,44.2065681405,2,True,PASS
Olympus E-PL2,D65,True,0.65,0.35,linear_srgb_unclipped,0.499546740172,0.0189030176038,0.037840338218,26.426825105,2,True,PASS
Olympus E-PL2,D65,True,0.65,0.35,chromaticity,0.323754618147,0.0215827668054,0.066663965842,15.0006077102,2,True,PASS
Olympus E-PL2,D65,True,0.65,0.5,camera_rgb_wb,0.437318046737,0.00859802213778,0.0196607988212,50.8626332579,2,True,PASS
Olympus E-PL2,D65,True,0.65,0.5,linear_srgb_unclipped,0.487792453529,0.0159599925996,0.0327188181863,30.5634511096,2,True,PASS
Olympus E-PL2,D65,True,0.65,0.5,chromaticity,0.320561573461,0.0189110974367,0.0589936505257,16.9509767761,2,True,PASS
Olympus E-PL2,D65,True,0.65,0.65,camera_rgb_wb,0.42589224679,0.0073963127736,0.0173666293044,57.5816977765,2,True,PASS
Olympus E-PL2,D65,True,0.65,0.65,linear_srgb_unclipped,0.477366135031,0.0137337010544,0.0287697430684,34.7587393333,2,True,PASS
Olympus E-PL2,D65,True,0.65,0.65,chromaticity,0.317730390602,0.0168340328206,0.0529821298764,18.8742884126,2,True,PASS
Olympus E-PL2,D65,True,0.65,0.8,camera_rgb_wb,0.415650796517,0.00645529637406,0.0155305762148,64.3891112711,2,True,PASS
Olympus E-PL2,D65,True,0.65,0.8,linear_srgb_unclipped,0.46797571802,0.011991493977,0.0256241798777,39.0256392506,2,True,PASS
Olympus E-PL2,D65,True,0.65,0.8,chromaticity,0.31515462022,0.0151666576962,0.0481244973837,20.7794377992,2,True,PASS
Olympus E-PL2,D65,True,0.8,0.2,camera_rgb_wb,0.339555163592,0.0091558758621,0.0269643252226,37.0860383765,2,True,PASS
Olympus E-PL2,D65,True,0.8,0.2,linear_srgb_unclipped,0.390072104158,0.0165667611241,0.0424710225301,23.5454656005,2,True,PASS
Olympus E-PL2,D65,True,0.8,0.2,chromaticity,0.282904216081,0.0219987268924,0.0777603359791,12.86002674,2,True,PASS
Olympus E-PL2,D65,True,0.8,0.35,camera_rgb_wb,0.329555270422,0.00752370535218,0.022829874159,43.8022563346,2,True,PASS
Olympus E-PL2,D65,True,0.8,0.35,linear_srgb_unclipped,0.380778795991,0.0136018978776,0.0357212586961,27.9945342494,2,True,PASS
Olympus E-PL2,D65,True,0.8,0.35,chromaticity,0.278672808924,0.0188526269526,0.0676514763869,14.7816434084,2,True,PASS
Olympus E-PL2,D65,True,0.8,0.5,camera_rgb_wb,0.320865959421,0.00634443663115,0.0197728566864,50.5743816314,2,True,PASS
Olympus E-PL2,D65,True,0.8,0.5,linear_srgb_unclipped,0.372642831445,0.0114639718775,0.0307639672903,32.5055605008,2,True,PASS
Olympus E-PL2,D65,True,0.8,0.5,chromaticity,0.275106970006,0.016507790012,0.0600049864663,16.6652816523,2,True,PASS
Olympus E-PL2,D65,True,0.8,0.65,camera_rgb_wb,0.313160764545,0.00545244316005,0.017411003476,57.4349434469,2,True,PASS
Olympus E-PL2,D65,True,0.8,0.65,linear_srgb_unclipped,0.365376404922,0.00984944501364,0.0269569815702,37.0961413984,2,True,PASS
Olympus E-PL2,D65,True,0.8,0.65,chromaticity,0.271975784505,0.0146839153057,0.0539897893203,18.5220207856,2,True,PASS
Olympus E-PL2,D65,True,0.8,0.8,camera_rgb_wb,0.30622664427,0.00475450594757,0.0155261014563,64.4076687771,2,True,PASS
Olympus E-PL2,D65,True,0.8,0.8,linear_srgb_unclipped,0.358792049404,0.00858787089404,0.0239355105786,41.7789291236,2,True,PASS
Olympus E-PL2,D65,True,0.8,0.8,chromaticity,0.269152805369,0.0132195669018,0.0491154713535,20.3601833077,2,True,PASS
Pentax K-5,D65,True,0.2,0.2,camera_rgb_wb,1.47437012818,0.02506060823,0.0169975013404,58.8321765636,2,True,PASS
Pentax K-5,D65,True,0.2,0.2,linear_srgb_unclipped,1.4376683088,0.0556437296226,0.0387041498251,25.8370227616,2,True,PASS
Pentax K-5,D65,True,0.2,0.2,chromaticity,0.5056915237,0.0263415670591,0.0520901890275,19.1974730495,2,True,PASS
Pentax K-5,D65,True,0.2,0.35,camera_rgb_wb,1.40704100656,0.021049658847,0.0149602312575,66.8438864871,2,True,PASS
Pentax K-5,D65,True,0.2,0.35,linear_srgb_unclipped,1.37765489097,0.0465063529341,0.0337576219115,29.6229397504,2,True,PASS
Pentax K-5,D65,True,0.2,0.35,chromaticity,0.505711517413,0.0229576291131,0.0453966902525,22.0280376045,2,True,PASS
Pentax K-5,D65,True,0.2,0.5,camera_rgb_wb,1.34966682544,0.0181082168597,0.0134168051837,74.5333919894,2,True,PASS
Pentax K-5,D65,True,0.2,0.5,linear_srgb_unclipped,1.32662590973,0.0398221843774,0.0300176440738,33.3137403303,2,True,PASS
Pentax K-5,D65,True,0.2,0.5,chromaticity,0.505835488174,0.0204086241394,0.0403463667863,24.7853791965,2,True,PASS
Pentax K-5,D65,True,0.2,0.65,camera_rgb_wb,1.29967923912,0.0158536172119,0.0121980999116,81.9799810828,2,True,PASS
Pentax K-5,D65,True,0.2,0.65,linear_srgb_unclipped,1.28224589399,0.0347109433105,0.0270704265642,36.9406812865,2,True,PASS
Pentax K-5,D65,True,0.2,0.65,chromaticity,0.505993480054,0.018405224362,0.036374429884,27.4918398223,2,True,PASS
Pentax K-5,D65,True,0.2,0.8,camera_rgb_wb,1.25541395545,0.0140677943889,0.0112057017749,89.2402832137,2,True,PASS
Pentax K-5,D65,True,0.2,0.8,linear_srgb_unclipped,1.24300380115,0.0306715781699,0.0246753695696,40.5262420561,2,True,PASS
Pentax K-5,D65,True,0.2,0.8,chromaticity,0.506152677237,0.0167801546445,0.033152357775,30.163767138,2,True,PASS
Pentax K-5,D65,True,0.35,0.2,camera_rgb_wb,0.934910056971,0.0175279351039,0.0187482581593,53.3382883627,2,True,PASS
Pentax K-5,D65,True,0.35,0.2,linear_srgb_unclipped,0.957830911223,0.0395709394069,0.0413130740961,24.2054124966,2,True,PASS
Pentax K-5,D65,True,0.35,0.2,chromaticity,0.46258204038,0.0269450555417,0.0582492470299,17.1676038917,2,True,PASS
Pentax K-5,D65,True,0.35,0.35,camera_rgb_wb,0.895540175894,0.0145922315905,0.0162943349536,61.3710226803,2,True,PASS
Pentax K-5,D65,True,0.35,0.35,linear_srgb_unclipped,0.92348811798,0.032856138534,0.0355783013277,28.1070192416,2,True,PASS
Pentax K-5,D65,True,0.35,0.35,chromaticity,0.461921396794,0.0233395689308,0.0505271439964,19.791342255,2,True,PASS
Pentax K-5,D65,True,0.35,0.5,camera_rgb_wb,0.86186476481,0.0124560802201,0.0144524764541,69.1922940109,2,True,PASS
Pentax K-5,D65,True,0.35,0.5,linear_srgb_unclipped,0.894113240968,0.0279741093455,0.0312869869987,31.9621700882,2,True,PASS
Pentax K-5,D65,True,0.35,0.5,chromaticity,0.46138830014,0.0206398770301,0.0447342878522,22.354217492,2,True,PASS
Pentax K-5,D65,True,0.35,0.65,camera_rgb_wb,0.832427657161,0.0108293591331,0.0130093696912,76.8676748943,2,True,PASS
Pentax K-5,D65,True,0.35,0.65,linear_srgb_unclipped,0.868426201319,0.0242596019332,0.0279351335743,35.7972156224,2,True,PASS
Pentax K-5,D65,True,0.35,0.65,chromaticity,0.460909340704,0.0185286805993,0.0402002714265,24.8754539339,2,True,PASS
Pentax K-5,D65,True,0.35,0.8,camera_rgb_wb,0.806283094752,0.00954815837108,0.0118421909541,84.4438333987,2,True,PASS
Pentax K-5,D65,True,0.35,0.8,linear_srgb_unclipped,0.845597419857,0.0213367242886,0.025232721609,39.631079655,2,True,PASS
Pentax K-5,D65,True,0.35,0.8,chromaticity,0.46045001783,0.0168237704249,0.036537669179,27.3690145669,2,True,PASS
Pentax K-5,D65,True,0.5,0.2,camera_rgb_wb,0.622292102321,0.0126815343162,0.0203787486116,49.070726523,2,True,PASS
Pentax K-5,D65,True,0.5,0.2,linear_srgb_unclipped,0.682809363744,0.0284966581731,0.0417344279182,23.9610328901,2,True,PASS
Pentax K-5,D65,True,0.5,0.2,chromaticity,0.414643535059,0.0261403385372,0.0630429183793,15.8622098359,2,True,PASS
Pentax K-5,D65,True,0.5,0.35,camera_rgb_wb,0.598213107705,0.0104961180893,0.0175457841931,56.9937478424,2,True,PASS
Pentax K-5,D65,True,0.5,0.35,linear_srgb_unclipped,0.661552445691,0.0235529402515,0.0356025291795,28.0878921539,2,True,PASS
Pentax K-5,D65,True,0.5,0.35,chromaticity,0.413175960265,0.022547522148,0.054571234332,18.324672554,2,True,PASS
Pentax K-5,D65,True,0.5,0.5,camera_rgb_wb,0.577545470138,0.00891222232513,0.0154312046167,64.803754784,2,True,PASS
Pentax K-5,D65,True,0.5,0.5,linear_srgb_unclipped,0.6432511376,0.0199724499557,0.0310492260149,32.2069219864,2,True,PASS
Pentax K-5,D65,True,0.5,0.5,chromaticity,0.411909666342,0.019866719029,0.0482307667247,20.7336533899,2,True,PASS
Pentax K-5,D65,True,0.5,0.65,camera_rgb_wb,0.559422706824,0.00771017842844,0.0137823837581,72.5563891959,2,True,PASS
Pentax K-5,D65,True,0.5,0.65,linear_srgb_unclipped,0.627150640144,0.0172570893358,0.0275166574522,36.3416233144,2,True,PASS
Pentax K-5,D65,True,0.5,0.65,chromaticity,0.410752452976,0.0177767075994,0.0432783966853,23.1062164172,2,True,PASS
Pentax K-5,D65,True,0.5,0.8,camera_rgb_wb,0.543281235831,0.00676635064259,0.0124546002997,80.2916172288,2,True,PASS
Pentax K-5,D65,True,0.5,0.8,linear_srgb_unclipped,0.612761176322,0.0151265577194,0.0246858944462,40.508963618,2,True,PASS
Pentax K-5,D65,True,0.5,0.8,chromaticity,0.409658925982,0.0160936252273,0.0392854255249,25.4547325539,2,True,PASS
Pentax K-5,D65,True,0.65,0.2,camera_rgb_wb,0.431411711682,0.00940928011831,0.0218104420059,45.8495980837,2,True,PASS
Pentax K-5,D65,True,0.65,0.2,linear_srgb_unclipped,0.507802742042,0.020645891807,0.0406573066619,24.5958250092,2,True,PASS
Pentax K-5,D65,True,0.65,0.2,chromaticity,0.366405495274,0.0242764154398,0.0662555986549,15.093064138,2,True,PASS
Pentax K-5,D65,True,0.65,0.35,camera_rgb_wb,0.416085734248,0.00776364618744,0.0186587656062,53.5941134104,2,True,PASS
Pentax K-5,D65,True,0.65,0.35,linear_srgb_unclipped,0.493786319149,0.0170108888735,0.0344498991036,29.0276612129,2,True,PASS
Pentax K-5,D65,True,0.65,0.35,chromaticity,0.364103545814,0.0208839336938,0.0573571280311,17.4346246809,2,True,PASS
Pentax K-5,D65,True,0.65,0.5,camera_rgb_wb,0.402884367748,0.00657297127196,0.0163147835909,61.294101416,2,True,PASS
Pentax K-5,D65,True,0.65,0.5,linear_srgb_unclipped,0.481633032537,0.0143851393483,0.0298674268094,33.4812907179,2,True,PASS
Pentax K-5,D65,True,0.65,0.5,chromaticity,0.362114006036,0.0183565991467,0.0506928725228,19.7266390763,2,True,PASS
Pentax K-5,D65,True,0.65,0.65,camera_rgb_wb,0.39127134346,0.00567071149508,0.0144930406733,68.9986333813,2,True,PASS
Pentax K-5,D65,True,0.65,0.65,linear_srgb_unclipped,0.470873016951,0.0123983165374,0.0263304884566,37.9787865177,2,True,PASS
Pentax K-5,D65,True,0.65,0.65,chromaticity,0.360313283468,0.0163892801915,0.0454861947739,21.9846923879,2,True,PASS
Pentax K-5,D65,True,0.65,0.8,camera_rgb_wb,0.380897420855,0.00496325856514,0.0130304336375,76.743416821,2,True,PASS
Pentax K-5,D65,True,0.65,0.8,linear_srgb_unclipped,0.461200630305,0.010842548577,0.0235093967018,42.5361829861,2,True,PASS
Pentax K-5,D65,True,0.65,0.8,chromaticity,0.358637655448,0.0148074286704,0.0412879920596,24.2201170393,2,True,PASS
Pentax K-5,D65,True,0.8,0.2,camera_rgb_wb,0.308729781438,0.00704295806732,0.0228126941124,43.8352434427,2,True,PASS
Pentax K-5,D65,True,0.8,0.2,linear_srgb_unclipped,0.386738200428,0.0149448412789,0.0386433025297,25.8777054376,2,True,PASS
Pentax K-5,D65,True,0.8,0.2,chromaticity,0.320808433779,0.0217492695116,0.0677951924624,14.7503084464,2,True,PASS
Pentax K-5,D65,True,0.8,0.35,camera_rgb_wb,0.298640171235,0.00580249993539,0.0194297368348,51.4675010014,2,True,PASS
Pentax K-5,D65,True,0.8,0.35,linear_srgb_unclipped,0.377075842865,0.0122877454627,0.0325869336242,30.6871463124,2,True,PASS
Pentax K-5,D65,True,0.8,0.35,chromaticity,0.317735986407,0.0186826946409,0.0587994292121,17.0069678124,2,True,PASS
Pentax K-5,D65,True,0.8,0.5,camera_rgb_wb,0.289916036969,0.00490564392175,0.0169209125961,59.0984673151,2,True,PASS
Pentax K-5,D65,True,0.8,0.5,linear_srgb_unclipped,0.368637282217,0.0103719431439,0.0281359038932,35.5417762229,2,True,PASS
Pentax K-5,D65,True,0.8,0.5,chromaticity,0.31510464646,0.0163982851447,0.0520407595665,19.2157072327,2,True,PASS
Pentax K-5,D65,True,0.8,0.65,camera_rgb_wb,0.282215181515,0.0042265004507,0.0149761626147,66.7727792312,2,True,PASS
Pentax K-5,D65,True,0.8,0.65,linear_srgb_unclipped,0.361119044635,0.0089246297933,0.0247138164711,40.463196009,2,True,PASS
Pentax K-5,D65,True,0.8,0.65,chromaticity,0.312752484804,0.01462069155,0.0467484424917,21.3910869903,2,True,PASS
Pentax K-5,D65,True,0.8,0.8,camera_rgb_wb,0.275314403508,0.00369434584436,0.0134186435482,74.5231808572,2,True,PASS
Pentax K-5,D65,True,0.8,0.8,linear_srgb_unclipped,0.354322912745,0.00779294148635,0.0219938965447,45.4671593988,2,True,PASS
Pentax K-5,D65,True,0.8,0.8,chromaticity,0.3105934221,0.0131921663349,0.0424740686577,23.5437769821,2,True,PASS
Pentax Q,D65,True,0.2,0.2,camera_rgb_wb,1.46143887312,0.0222626649337,0.015233387686,65.6452800003,2,True,PASS
Pentax Q,D65,True,0.2,0.2,linear_srgb_unclipped,1.43493281384,0.0516629654065,0.0360037521675,27.7748828885,2,True,PASS
Pentax Q,D65,True,0.2,0.2,chromaticity,0.426478508218,0.0214030947959,0.0501856351105,19.9260206192,2,True,PASS
Pentax Q,D65,True,0.2,0.35,camera_rgb_wb,1.39842957365,0.0186276245948,0.0133203880594,75.0728879322,2,True,PASS
Pentax Q,D65,True,0.2,0.35,linear_srgb_unclipped,1.37572683688,0.0433285512631,0.0314950251035,31.7510462911,2,True,PASS
Pentax Q,D65,True,0.2,0.35,chromaticity,0.424073266311,0.0186715423414,0.0440290483383,22.7122783194,2,True,PASS
Pentax Q,D65,True,0.2,0.5,camera_rgb_wb,1.34468949596,0.0159589852547,0.0118681564053,84.2590850547,2,True,PASS
Pentax Q,D65,True,0.2,0.5,linear_srgb_unclipped,1.32548322782,0.0371827887859,0.0280522514397,35.64776261,2,True,PASS
Pentax Q,D65,True,0.2,0.5,chromaticity,0.422103761576,0.0165991591408,0.0393248311241,25.4292255406,2,True,PASS
Pentax Q,D65,True,0.2,0.65,camera_rgb_wb,1.29782075098,0.0139136929617,0.0107208125245,93.2765121777,2,True,PASS
Pentax Q,D65,True,0.2,0.65,linear_srgb_unclipped,1.2818489527,0.0324560926448,0.0253197481469,39.4948636218,2,True,PASS
Pentax Q,D65,True,0.2,0.65,chromaticity,0.420411358316,0.0149632140725,0.0355918406497,28.0963271847,2,True,PASS
Pentax Q,D65,True,0.2,0.8,camera_rgb_wb,1.25627201447,0.0122949578622,0.00978685962958,102.17782188,2,True,PASS
Pentax Q,D65,True,0.2,0.8,linear_srgb_unclipped,1.24330758281,0.0287043730131,0.0230871052425,43.3142219215,2,True,PASS
Pentax Q,D65,True,0.2,0.8,chromaticity,0.418907647767,0.0136325932538,0.0325431949655,30.7283904073,2,True,PASS
Pentax Q,D65,True,0.35,0.2,camera_rgb_wb,0.954923406878,0.0168295811028,0.0176240114983,56.7407709703,2,True,PASS
Pentax Q,D65,True,0.35,0.2,linear_srgb_unclipped,0.962906869878,0.0383343794104,0.0398110976353,25.1186241877,2,True,PASS
Pentax Q,D65,True,0.35,0.2,chromaticity,0.37401060935,0.0212122888358,0.056715740959,17.6317893955,2,True,PASS
Pentax Q,D65,True,0.35,0.35,camera_rgb_wb,0.917447060857,0.0139769345135,0.015234595117,65.6400772268,2,True,PASS
Pentax Q,D65,True,0.35,0.35,linear_srgb_unclipped,0.929305039459,0.0319199579324,0.034348202772,29.1136047682,2,True,PASS
Pentax Q,D65,True,0.35,0.35,chromaticity,0.37152654765,0.0183715417651,0.0494487995038,20.2229378678,2,True,PASS
Pentax Q,D65,True,0.35,0.5,camera_rgb_wb,0.885320205616,0.0118948785531,0.0134356795176,74.4286880829,2,True,PASS
Pentax Q,D65,True,0.35,0.5,linear_srgb_unclipped,0.900561225493,0.0272239531781,0.0302299859326,33.0797375238,2,True,PASS
Pentax Q,D65,True,0.35,0.5,chromaticity,0.369425492849,0.0162340211122,0.043943965499,22.7562530747,2,True,PASS
Pentax Q,D65,True,0.35,0.65,camera_rgb_wb,0.85717705097,0.0103067470989,0.0120240586087,83.1665939549,2,True,PASS
Pentax Q,D65,True,0.35,0.65,linear_srgb_unclipped,0.875420659376,0.0236329965611,0.0269961604264,37.0423046909,2,True,PASS
Pentax Q,D65,True,0.35,0.65,chromaticity,0.367567951869,0.0145578630222,0.0396059094601,25.248757411,2,True,PASS
Pentax Q,D65,True,0.35,0.8,camera_rgb_wb,0.832130635025,0.00905502294058,0.0108817324582,91.8971316235,2,True,PASS
Pentax Q,D65,True,0.35,0.8,linear_srgb_unclipped,0.853070984398,0.0207966541904,0.0243785740821,41.0196263585,2,True,PASS
Pentax Q,D65,True,0.35,0.8,chromaticity,0.365877505724,0.0132023078088,0.0360839559749,27.7131476575,2,True,PASS
Pentax Q,D65,True,0.5,0.2,camera_rgb_wb,0.651484662422,0.0128434029959,0.0197140527424,50.7252371222,2,True,PASS
Pentax Q,D65,True,0.5,0.2,linear_srgb_unclipped,0.68907885863,0.0284673907427,0.0413122393557,24.2059015826,2,True,PASS
Pentax Q,D65,True,0.5,0.2,chromaticity,0.325167191237,0.0198697612534,0.0611062917442,16.3649269405,2,True,PASS
Pentax Q,D65,True,0.5,0.35,camera_rgb_wb,0.62815226194,0.0106305296326,0.0169234917658,59.0894606055,2,True,PASS
Pentax Q,D65,True,0.5,0.35,linear_srgb_unclipped,0.66836144672,0.0235983681202,0.0353077937635,28.3223587036,2,True,PASS
Pentax Q,D65,True,0.5,0.35,chromaticity,0.32239061642,0.0171309328312,0.0531371943187,18.8192096482,2,True,PASS
Pentax Q,D65,True,0.5,0.5,camera_rgb_wb,0.608061716846,0.00901919285936,0.0148326931453,67.418640041,2,True,PASS
Pentax Q,D65,True,0.5,0.5,linear_srgb_unclipped,0.650507701704,0.020048812939,0.0308202545282,32.4461953773,2,True,PASS
Pentax Q,D65,True,0.5,0.5,chromaticity,0.320014064056,0.0150793626167,0.0471209372037,21.2219887664,2,True,PASS
Pentax Q,D65,True,0.5,0.65,camera_rgb_wb,0.590393535162,0.00779244172231,0.0131987246781,75.7648958056,2,True,PASS
Pentax Q,D65,True,0.5,0.65,linear_srgb_unclipped,0.634786868657,0.0173439247947,0.0273224378938,36.5999550951,2,True,PASS
Pentax Q,D65,True,0.5,0.65,chromaticity,0.317894956319,0.0134766277148,0.0423933360592,23.5886130453,2,True,PASS
Pentax Q,D65,True,0.5,0.8,camera_rgb_wb,0.574614160549,0.00682714014591,0.0118812598342,84.1661586358,2,True,PASS
Pentax Q,D65,True,0.5,0.8,linear_srgb_unclipped,0.620724638835,0.0152138572967,0.0245098330964,40.7999514344,2,True,PASS
Pentax Q,D65,True,0.5,0.8,chromaticity,0.315955548929,0.012184730091,0.0385646972566,25.9304511934,2,True,PASS
Pentax Q,D65,True,0.65,0.2,camera_rgb_wb,0.459887882458,0.00978668329683,0.021280585269,46.991188793,2,True,PASS
Pentax Q,D65,True,0.65,0.2,linear_srgb_unclipped,0.512741722351,0.0210332479715,0.0410211360899,24.3776768593,2,True,PASS
Pentax Q,D65,True,0.65,0.2,chromaticity,0.28134492568,0.0178044162496,0.0632832321627,15.8019741695,2,True,PASS
Pentax Q,D65,True,0.65,0.35,camera_rgb_wb,0.444806880534,0.00808875034909,0.0181848588749,54.9908034415,2,True,PASS
Pentax Q,D65,True,0.65,0.35,linear_srgb_unclipped,0.499158173348,0.0173845263324,0.0348276904208,28.7127853704,2,True,PASS
Pentax Q,D65,True,0.65,0.35,chromaticity,0.278183574078,0.0153120960602,0.0550431351346,18.1675698078,2,True,PASS
Pentax Q,D65,True,0.65,0.5,camera_rgb_wb,0.431766673333,0.00685371692025,0.0158736589541,62.9974477144,2,True,PASS
Pentax Q,D65,True,0.65,0.5,linear_srgb_unclipped,0.487366025843,0.0147323162461,0.0302284432333,33.081425738,2,True,PASS
Pentax Q,D65,True,0.65,0.5,chromaticity,0.275484190053,0.0134484654567,0.0488175581114,20.4844330337,2,True,PASS
Pentax Q,D65,True,0.65,0.65,camera_rgb_wb,0.420255795835,0.00591428087336,0.0140730501089,71.0578014191,2,True,PASS
Pentax Q,D65,True,0.65,0.65,linear_srgb_unclipped,0.476913841131,0.0127161212039,0.0266633511281,37.5046630559,2,True,PASS
Pentax Q,D65,True,0.65,0.65,chromaticity,0.27308584377,0.0119948966771,0.0439235388825,22.7668358571,2,True,PASS
Pentax Q,D65,True,0.65,0.8,camera_rgb_wb,0.409940566224,0.00517562675037,0.0126253100493,79.2059756231,2,True,PASS
Pentax Q,D65,True,0.65,0.8,linear_srgb_unclipped,0.467507888532,0.0111317382158,0.0238108029594,41.9977437008,2,True,PASS
Pentax Q,D65,True,0.65,0.8,chromaticity,0.270900413416,0.0108250324624,0.0399594534609,25.0253673009,2,True,PASS
Pentax Q,D65,True,0.8,0.2,camera_rgb_wb,0.333175219447,0.00739424554027,0.0221932638104,45.0587173001,2,True,PASS
Pentax Q,D65,True,0.8,0.2,linear_srgb_unclipped,0.390067323532,0.0154144999968,0.0395175372734,25.3052206437,2,True,PASS
Pentax Q,D65,True,0.8,0.2,chromaticity,0.24293602233,0.0154065826276,0.0634182715261,15.7683263188,2,True,PASS
Pentax Q,D65,True,0.8,0.35,camera_rgb_wb,0.323130076817,0.00610701604281,0.0188995592827,52.9112867154,2,True,PASS
Pentax Q,D65,True,0.8,0.35,linear_srgb_unclipped,0.380782913515,0.0127152644012,0.0333924237404,29.946912742,2,True,PASS
Pentax Q,D65,True,0.8,0.35,chromaticity,0.239400940268,0.01323707143,0.055292478865,18.0856423971,2,True,PASS
Pentax Q,D65,True,0.8,0.5,camera_rgb_wb,0.314407401202,0.00517141060522,0.0164481198135,60.7972224995,2,True,PASS
Pentax Q,D65,True,0.8,0.5,linear_srgb_unclipped,0.372662829349,0.0107574226386,0.0288663687158,34.6423898983,2,True,PASS
Pentax Q,D65,True,0.8,0.5,chromaticity,0.236408126057,0.0116144191078,0.0491286797182,20.354709423,2,True,PASS
Pentax Q,D65,True,0.8,0.65,camera_rgb_wb,0.306678636549,0.00446016251087,0.0145434405248,68.7595207128,2,True,PASS
Pentax Q,D65,True,0.8,0.65,linear_srgb_unclipped,0.365418226556,0.00927172447035,0.0253729119035,39.4121101985,2,True,PASS
Pentax Q,D65,True,0.8,0.65,chromaticity,0.233771338137,0.0103488535575,0.0442691291413,22.5891048547,2,True,PASS
Pentax Q,D65,True,0.8,0.8,camera_rgb_wb,0.299728995918,0.00390121845687,0.0130158193235,76.8295852261,2,True,PASS
Pentax Q,D65,True,0.8,0.8,linear_srgb_unclipped,0.358860515361,0.00810602006972,0.0225882194411,44.2708644037,2,True,PASS
Pentax Q,D65,True,0.8,0.8,chromaticity,0.231387957905,0.00933053870192,0.0403242190578,24.7989923516,2,True,PASS
Point Grey Grasshopper 50S5C,D65,False,0.2,0.2,camera_rgb_wb,1.45028317784,0.0500391208884,0.0345030002781,28.982986753,2,True,PASS
Point Grey Grasshopper 50S5C,D65,False,0.2,0.2,linear_srgb_unclipped,1.42799482425,0.0769678285065,0.0538992349267,18.5531390447,2,True,PASS
Point Grey Grasshopper 50S5C,D65,False,0.2,0.2,chromaticity,0.48835997101,0.0381117182362,0.0780402172549,12.8139058959,2,True,PASS
Point Grey Grasshopper 50S5C,D65,False,0.2,0.35,camera_rgb_wb,1.39340257839,0.0419645797435,0.0301166227149,33.2042543238,2,True,PASS
Point Grey Grasshopper 50S5C,D65,False,0.2,0.35,linear_srgb_unclipped,1.36836736298,0.0646972369272,0.0472806051048,21.1503215279,2,True,PASS
Point Grey Grasshopper 50S5C,D65,False,0.2,0.35,chromaticity,0.48572007262,0.032855874364,0.067643641299,14.7833555497,2,True,PASS
Point Grey Grasshopper 50S5C,D65,False,0.2,0.5,camera_rgb_wb,1.34490282086,0.035995092968,0.0267640846682,37.363504577,2,True,PASS
Point Grey Grasshopper 50S5C,D65,False,0.2,0.5,linear_srgb_unclipped,1.31770438609,0.0556476746648,0.0422307728898,23.6794150704,2,True,PASS
Point Grey Grasshopper 50S5C,D65,False,0.2,0.5,chromaticity,0.483361464893,0.0289111181671,0.0598126252648,16.7188782564,2,True,PASS
Point Grey Grasshopper 50S5C,D65,False,0.2,0.65,camera_rgb_wb,1.30261997983,0.0313904026031,0.024097897383,41.4973963955,2,True,PASS
Point Grey Grasshopper 50S5C,D65,False,0.2,0.65,linear_srgb_unclipped,1.27367960526,0.0486758185371,0.0382166899243,26.1665780574,2,True,PASS
Point Grey Grasshopper 50S5C,D65,False,0.2,0.65,chromaticity,0.481167298538,0.0258231366372,0.0536676883812,18.6331856311,2,True,PASS
Point Grey Grasshopper 50S5C,D65,False,0.2,0.8,camera_rgb_wb,1.26515155969,0.0277253835753,0.0219146736713,45.6315259354,2,True,PASS
Point Grey Grasshopper 50S5C,D65,False,0.2,0.8,linear_srgb_unclipped,1.23478684421,0.0431295516711,0.0349287424575,28.6297166644,2,True,PASS
Point Grey Grasshopper 50S5C,D65,False,0.2,0.8,chromaticity,0.47907880202,0.0233296889806,0.0486969761179,20.5351559731,2,True,PASS
Point Grey Grasshopper 50S5C,D65,False,0.35,0.2,camera_rgb_wb,0.968916035944,0.0378761069693,0.039091216952,25.5811938838,2,True,PASS
Point Grey Grasshopper 50S5C,D65,False,0.35,0.2,linear_srgb_unclipped,0.944002128571,0.0554561167463,0.0587457539214,17.0225068749,2,True,PASS
Point Grey Grasshopper 50S5C,D65,False,0.35,0.2,chromaticity,0.432414920875,0.0356736509122,0.0824986585569,12.1214092143,2,True,PASS
Point Grey Grasshopper 50S5C,D65,False,0.35,0.35,camera_rgb_wb,0.935743276345,0.0317215859703,0.0338998812732,29.4986283858,2,True,PASS
Point Grey Grasshopper 50S5C,D65,False,0.35,0.35,linear_srgb_unclipped,0.909396913846,0.0466108915224,0.0512547280651,19.5103951918,2,True,PASS
Point Grey Grasshopper 50S5C,D65,False,0.35,0.35,chromaticity,0.42832864009,0.0306672454221,0.0715974664118,13.9669746727,2,True,PASS
Point Grey Grasshopper 50S5C,D65,False,0.35,0.5,camera_rgb_wb,0.907368733505,0.0271751720303,0.0299494252192,33.3896224279,2,True,PASS
Point Grey Grasshopper 50S5C,D65,False,0.35,0.5,linear_srgb_unclipped,0.879992837858,0.0400797670665,0.0455455605344,21.9560367304,2,True,PASS
Point Grey Grasshopper 50S5C,D65,False,0.35,0.5,chromaticity,0.424734534091,0.0269168271622,0.0633732955571,15.7795170854,2,True,PASS
Point Grey Grasshopper 50S5C,D65,False,0.35,0.65,camera_rgb_wb,0.882556078989,0.0236710767164,0.0268210454609,37.284154395,2,True,PASS
Point Grey Grasshopper 50S5C,D65,False,0.35,0.65,linear_srgb_unclipped,0.854428056737,0.0350438191423,0.0410143590978,24.3817048955,2,True,PASS
Point Grey Grasshopper 50S5C,D65,False,0.35,0.65,chromaticity,0.421459586927,0.0239864815909,0.0569128863951,17.5707131256,2,True,PASS
Point Grey Grasshopper 50S5C,D65,False,0.35,0.8,camera_rgb_wb,0.860503888191,0.0208843912306,0.024269955682,41.2032066767,2,True,PASS
Point Grey Grasshopper 50S5C,D65,False,0.35,0.8,linear_srgb_unclipped,0.831824645909,0.0310351655784,0.0373097451862,26.8026488793,2,True,PASS
Point Grey Grasshopper 50S5C,D65,False,0.35,0.8,chromaticity,0.418410699805,0.0216246692008,0.0516828781169,19.3487676468,2,True,PASS
Point Grey Grasshopper 50S5C,D65,False,0.5,0.2,camera_rgb_wb,0.679635920292,0.0285154481758,0.0419569468364,23.8339554091,2,True,PASS
Point Grey Grasshopper 50S5C,D65,False,0.5,0.2,linear_srgb_unclipped,0.668681959258,0.04062521147,0.0607541610888,16.4597779325,2,True,PASS
Point Grey Grasshopper 50S5C,D65,False,0.5,0.2,chromaticity,0.377694242566,0.0320516305896,0.0848613163172,11.7839322249,2,True,PASS
Point Grey Grasshopper 50S5C,D65,False,0.5,0.35,camera_rgb_wb,0.659609909236,0.0238413970779,0.0361446921036,27.6665795667,2,True,PASS
Point Grey Grasshopper 50S5C,D65,False,0.5,0.35,linear_srgb_unclipped,0.647328160046,0.0341274290837,0.0527204456566,18.9679731942,2,True,PASS
Point Grey Grasshopper 50S5C,D65,False,0.5,0.35,chromaticity,0.372476319784,0.0275118191833,0.073861928187,13.5387746373,2,True,PASS
Point Grey Grasshopper 50S5C,D65,False,0.5,0.5,camera_rgb_wb,0.6424059457,0.0203938367653,0.0317460274175,31.500004295,2,True,PASS
Point Grey Grasshopper 50S5C,D65,False,0.5,0.5,linear_srgb_unclipped,0.629163200785,0.0293261554275,0.0466113647316,21.4539953026,2,True,PASS
Point Grey Grasshopper 50S5C,D65,False,0.5,0.5,chromaticity,0.367958195449,0.0241116441666,0.0655282161529,15.2606015959,2,True,PASS
Point Grey Grasshopper 50S5C,D65,False,0.5,0.65,camera_rgb_wb,0.627298466573,0.0177404498007,0.0282807160324,35.3597836368,2,True,PASS
Point Grey Grasshopper 50S5C,D65,False,0.5,0.65,linear_srgb_unclipped,0.613344226462,0.0256227215394,0.0417754344689,23.937512864,2,True,PASS
Point Grey Grasshopper 50S5C,D65,False,0.5,0.65,chromaticity,0.36390713836,0.0214563651118,0.0589610998246,16.9603349153,2,True,PASS
Point Grey Grasshopper 50S5C,D65,False,0.5,0.8,camera_rgb_wb,0.61381720633,0.0156331487456,0.0254687365952,39.2638243465,2,True,PASS
Point Grey Grasshopper 50S5C,D65,False,0.5,0.8,linear_srgb_unclipped,0.599330378761,0.0226744183787,0.037832920176,26.4320067113,2,True,PASS
Point Grey Grasshopper 50S5C,D65,False,0.5,0.8,chromaticity,0.360194168187,0.0193177816385,0.053631578034,18.6457314265,2,True,PASS
Point Grey Grasshopper 50S5C,D65,False,0.65,0.2,camera_rgb_wb,0.49567744247,0.0212611410475,0.0428930978614,23.3137742401,2,True,PASS
Point Grey Grasshopper 50S5C,D65,False,0.65,0.2,linear_srgb_unclipped,0.496287516886,0.0300664513728,0.060582727451,16.5063548981,2,True,PASS
Point Grey Grasshopper 50S5C,D65,False,0.65,0.2,chromaticity,0.327640775873,0.0277948413899,0.0848332791175,11.7878267869,2,True,PASS
Point Grey Grasshopper 50S5C,D65,False,0.65,0.35,camera_rgb_wb,0.483162125876,0.0177445285016,0.0367258266973,27.2287948272,2,True,PASS
Point Grey Grasshopper 50S5C,D65,False,0.65,0.35,linear_srgb_unclipped,0.482434144604,0.0252267503543,0.0522905574501,19.1239116346,2,True,PASS
Point Grey Grasshopper 50S5C,D65,False,0.65,0.35,chromaticity,0.321616355479,0.0238468194239,0.0741467870574,13.4867610545,2,True,PASS
Point Grey Grasshopper 50S5C,D65,False,0.65,0.5,camera_rgb_wb,0.472346619854,0.0151557684325,0.0320861159907,31.1661280627,2,True,PASS
Point Grey Grasshopper 50S5C,D65,False,0.65,0.5,linear_srgb_unclipped,0.470612325097,0.0216524003825,0.046008995574,21.7348800495,2,True,PASS
Point Grey Grasshopper 50S5C,D65,False,0.65,0.5,chromaticity,0.316475156551,0.0208865761207,0.0659975220435,15.1520840334,2,True,PASS
Point Grey Grasshopper 50S5C,D65,False,0.65,0.65,camera_rgb_wb,0.462795945259,0.013166829836,0.02845061624,35.1486235506,2,True,PASS
Point Grey Grasshopper 50S5C,D65,False,0.65,0.65,linear_srgb_unclipped,0.460282716304,0.0188970939445,0.0410554063299,24.3573280451,2,True,PASS
Point Grey Grasshopper 50S5C,D65,False,0.65,0.65,chromaticity,0.311928530756,0.018573616055,0.0595444604248,16.7941735111,2,True,PASS
Point Grey Grasshopper 50S5C,D65,False,0.65,0.8,camera_rgb_wb,0.454228089664,0.0115897318431,0.0255152248548,39.1922863973,2,True,PASS
Point Grey Grasshopper 50S5C,D65,False,0.65,0.8,linear_srgb_unclipped,0.451100176869,0.0167051561149,0.0370320318445,27.0036492785,2,True,PASS
Point Grey Grasshopper 50S5C,D65,False,0.65,0.8,chromaticity,0.307814276741,0.0167104081533,0.0542873070418,18.4205121693,2,True,PASS
Point Grey Grasshopper 50S5C,D65,False,0.8,0.2,camera_rgb_wb,0.372147548855,0.0156970428238,0.0421796216906,23.7081310813,2,True,PASS
Point Grey Grasshopper 50S5C,D65,False,0.8,0.2,linear_srgb_unclipped,0.378756462339,0.0223083252296,0.0588988636441,16.9782562537,2,True,PASS
Point Grey Grasshopper 50S5C,D65,False,0.8,0.2,chromaticity,0.283657693791,0.0233814296422,0.0824283287708,12.1317514854,2,True,PASS
Point Grey Grasshopper 50S5C,D65,False,0.8,0.35,camera_rgb_wb,0.364061556769,0.0130802208106,0.0359285965996,27.8329824887,2,True,PASS
Point Grey Grasshopper 50S5C,D65,False,0.8,0.35,linear_srgb_unclipped,0.36944448652,0.0186890582547,0.0505869188379,19.7679562814,2,True,PASS
Point Grey Grasshopper 50S5C,D65,False,0.8,0.35,chromaticity,0.277132912619,0.020066349867,0.0724069533185,13.8108282999,2,True,PASS
Point Grey Grasshopper 50S5C,D65,False,0.8,0.5,camera_rgb_wb,0.357022112338,0.0111576361322,0.0312519469988,31.9980063975,2,True,PASS
Point Grey Grasshopper 50S5C,D65,False,0.8,0.5,linear_srgb_unclipped,0.361457936489,0.0160194966168,0.0443191171078,22.563626382,2,True,PASS
Point Grey Grasshopper 50S5C,D65,False,0.8,0.5,chromaticity,0.271635516771,0.0175755991015,0.0647028757889,15.4552635846,2,True,PASS
Point Grey Grasshopper 50S5C,D65,False,0.8,0.65,camera_rgb_wb,0.350763699983,0.00968302485987,0.0276055500052,36.2245997567,2,True,PASS
Point Grey Grasshopper 50S5C,D65,False,0.8,0.65,linear_srgb_unclipped,0.354445552037,0.0139641749637,0.0393972357205,25.3824914797,2,True,PASS
Point Grey Grasshopper 50S5C,D65,False,0.8,0.65,chromaticity,0.266830931247,0.0156269441904,0.0585649651537,17.0750549817,2,True,PASS
Point Grey Grasshopper 50S5C,D65,False,0.8,0.8,camera_rgb_wb,0.345113974122,0.00851550337792,0.0246744670354,40.5277244111,2,True,PASS
Point Grey Grasshopper 50S5C,D65,False,0.8,0.8,linear_srgb_unclipped,0.348182667143,0.0123310016415,0.0354153230622,28.2363653225,2,True,PASS
Point Grey Grasshopper 50S5C,D65,False,0.8,0.8,chromaticity,0.262529812203,0.0140559014539,0.0535402106753,18.6775507116,2,True,PASS
Point Grey Grasshopper2 14S5C,D65,True,0.2,0.2,camera_rgb_wb,1.45637351366,0.0390168056515,0.0267903839814,37.3268259497,2,True,PASS
Point Grey Grasshopper2 14S5C,D65,True,0.2,0.2,linear_srgb_unclipped,1.43092855695,0.0663798001755,0.0463893182178,21.5566867205,2,True,PASS
Point Grey Grasshopper2 14S5C,D65,True,0.2,0.2,chromaticity,0.555807657473,0.0368219895212,0.0662495182032,15.0944493956,2,True,PASS
Point Grey Grasshopper2 14S5C,D65,True,0.2,0.35,camera_rgb_wb,1.39346055567,0.0325214559013,0.023338626823,42.8474223263,2,True,PASS
Point Grey Grasshopper2 14S5C,D65,True,0.2,0.35,linear_srgb_unclipped,1.37150021579,0.0555120929458,0.0404754533078,24.7063323144,2,True,PASS
Point Grey Grasshopper2 14S5C,D65,True,0.2,0.35,chromaticity,0.553995190807,0.0318682729997,0.0575244578447,17.3839100353,2,True,PASS
Point Grey Grasshopper2 14S5C,D65,True,0.2,0.5,camera_rgb_wb,1.33995530622,0.0277664800896,0.020721944949,48.2580183696,2,True,PASS
Point Grey Grasshopper2 14S5C,D65,True,0.2,0.5,linear_srgb_unclipped,1.32111358317,0.0475361956021,0.0359819142031,27.7917398823,2,True,PASS
Point Grey Grasshopper2 14S5C,D65,True,0.2,0.5,chromaticity,0.552493362001,0.0281482550399,0.0509476800552,19.6279791134,2,True,PASS
Point Grey Grasshopper2 14S5C,D65,True,0.2,0.65,camera_rgb_wb,1.29341123314,0.0241280989615,0.0186546230179,53.6060149293,2,True,PASS
Point Grey Grasshopper2 14S5C,D65,True,0.2,0.65,linear_srgb_unclipped,1.27739722128,0.0414198616905,0.0324252010264,30.8402097241,2,True,PASS
Point Grey Grasshopper2 14S5C,D65,True,0.2,0.65,chromaticity,0.551164906663,0.0252334118094,0.0457819638086,21.8426628482,2,True,PASS
Point Grey Grasshopper2 14S5C,D65,True,0.2,0.8,camera_rgb_wb,1.25224680534,0.0212515864327,0.0169707651417,58.9248623532,2,True,PASS
Point Grey Grasshopper2 14S5C,D65,True,0.2,0.8,linear_srgb_unclipped,1.23882116139,0.036574781306,0.0295238590088,33.8709109708,2,True,PASS
Point Grey Grasshopper2 14S5C,D65,True,0.2,0.8,chromaticity,0.549939226983,0.0228765463591,0.0415983171169,24.0394340278,2,True,PASS
Point Grey Grasshopper2 14S5C,D65,True,0.35,0.2,camera_rgb_wb,0.946550791194,0.0289239821309,0.0305572425695,32.7254659096,2,True,PASS
Point Grey Grasshopper2 14S5C,D65,True,0.35,0.2,linear_srgb_unclipped,0.953310381135,0.047887352886,0.0502326984303,19.9073518097,2,True,PASS
Point Grey Grasshopper2 14S5C,D65,True,0.35,0.2,chromaticity,0.496296481575,0.0358375248049,0.0722099110821,13.8485144908,2,True,PASS
Point Grey Grasshopper2 14S5C,D65,True,0.35,0.35,camera_rgb_wb,0.910284124496,0.0240384972599,0.0264076859224,37.8677633071,2,True,PASS
Point Grey Grasshopper2 14S5C,D65,True,0.35,0.35,linear_srgb_unclipped,0.919584346069,0.0399069195708,0.0433966930183,23.0432304963,2,True,PASS
Point Grey Grasshopper2 14S5C,D65,True,0.35,0.35,chromaticity,0.493530558532,0.0308681180793,0.0625455051277,15.9883591628,2,True,PASS
Point Grey Grasshopper2 14S5C,D65,True,0.35,0.5,camera_rgb_wb,0.87930036291,0.0204694927311,0.0232792952152,42.9566269406,2,True,PASS
Point Grey Grasshopper2 14S5C,D65,True,0.35,0.5,linear_srgb_unclipped,0.890848843152,0.0340673197934,0.0382414144165,26.1496603946,2,True,PASS
Point Grey Grasshopper2 14S5C,D65,True,0.35,0.5,chromaticity,0.491145318466,0.0271525622444,0.0552841719621,18.088359914,2,True,PASS
Point Grey Grasshopper2 14S5C,D65,True,0.35,0.65,camera_rgb_wb,0.852237792667,0.0177433651508,0.0208197351766,48.031350616,2,True,PASS
Point Grey Grasshopper2 14S5C,D65,True,0.35,0.65,linear_srgb_unclipped,0.865801167514,0.0296001738027,0.0341881888283,29.2498676962,2,True,PASS
Point Grey Grasshopper2 14S5C,D65,True,0.35,0.65,chromaticity,0.488988760122,0.0242522941164,0.0495968334943,20.1625775185,2,True,PASS
Point Grey Grasshopper2 14S5C,D65,True,0.35,0.8,camera_rgb_wb,0.828214071477,0.0155914304133,0.0188253628503,53.1198260533,2,True,PASS
Point Grey Grasshopper2 14S5C,D65,True,0.35,0.8,linear_srgb_unclipped,0.84360052912,0.0260691118579,0.0309021995104,32.3601561004,2,True,PASS
Point Grey Grasshopper2 14S5C,D65,True,0.35,0.8,chromaticity,0.486981728229,0.0219152969249,0.0450022981449,22.2210873938,2,True,PASS
Point Grey Grasshopper2 14S5C,D65,True,0.5,0.2,camera_rgb_wb,0.649310072355,0.0215999937369,0.033266069104,30.0606602143,2,True,PASS
Point Grey Grasshopper2 14S5C,D65,True,0.5,0.2,linear_srgb_unclipped,0.680135899467,0.0348794219855,0.0512830186039,19.4996321828,2,True,PASS
Point Grey Grasshopper2 14S5C,D65,True,0.5,0.2,chromaticity,0.436739777531,0.0332677773938,0.0761729961532,13.1280119006,2,True,PASS
Point Grey Grasshopper2 14S5C,D65,True,0.5,0.35,camera_rgb_wb,0.62736909192,0.0179172473912,0.0285593403021,35.0148143977,2,True,PASS
Point Grey Grasshopper2 14S5C,D65,True,0.5,0.35,linear_srgb_unclipped,0.659452584613,0.0289865889718,0.0439555316761,22.75026514,2,True,PASS
Point Grey Grasshopper2 14S5C,D65,True,0.5,0.35,chromaticity,0.432975529878,0.0285691890647,0.0659833803373,15.1553314621,2,True,PASS
Point Grey Grasshopper2 14S5C,D65,True,0.5,0.5,camera_rgb_wb,0.608535519633,0.0152303943342,0.0250279463448,39.9553357765,2,True,PASS
Point Grey Grasshopper2 14S5C,D65,True,0.5,0.5,linear_srgb_unclipped,0.641734752717,0.0246839328571,0.0384643854063,25.9980756078,2,True,PASS
Point Grey Grasshopper2 14S5C,D65,True,0.5,0.5,chromaticity,0.429721911984,0.0250633299582,0.0583245332836,17.1454436701,2,True,PASS
Point Grey Grasshopper2 14S5C,D65,True,0.5,0.65,camera_rgb_wb,0.592014039273,0.0131805140763,0.0222638538986,44.9158534975,2,True,PASS
Point Grey Grasshopper2 14S5C,D65,True,0.5,0.65,linear_srgb_unclipped,0.626210548242,0.0213988199867,0.0341719251564,29.2637887805,2,True,PASS
Point Grey Grasshopper2 14S5C,D65,True,0.5,0.65,chromaticity,0.426791682635,0.0223321451082,0.0523256333637,19.1110921305,2,True,PASS
Point Grey Grasshopper2 14S5C,D65,True,0.5,0.8,camera_rgb_wb,0.577288533251,0.011564185238,0.0200318983869,49.9203810186,2,True,PASS
Point Grey Grasshopper2 14S5C,D65,True,0.5,0.8,linear_srgb_unclipped,0.612382122893,0.0188066567929,0.0307106561244,32.5619874726,2,True,PASS
Point Grey Grasshopper2 14S5C,D65,True,0.5,0.8,chromaticity,0.424085017902,0.0201355983152,0.0474800982473,21.0614559977,2,True,PASS
Point Grey Grasshopper2 14S5C,D65,True,0.65,0.2,camera_rgb_wb,0.464589869535,0.0160922209,0.0346374769559,28.8704630904,2,True,PASS
Point Grey Grasshopper2 14S5C,D65,True,0.65,0.2,linear_srgb_unclipped,0.506371617466,0.025480324235,0.0503194163262,19.8730445027,2,True,PASS
Point Grey Grasshopper2 14S5C,D65,True,0.65,0.2,chromaticity,0.380896690858,0.0297002876526,0.0779746539296,12.8246801955,2,True,PASS
Point Grey Grasshopper2 14S5C,D65,True,0.65,0.35,camera_rgb_wb,0.450727793068,0.0133279712822,0.0295698900472,33.8181845926,2,True,PASS
Point Grey Grasshopper2 14S5C,D65,True,0.65,0.35,linear_srgb_unclipped,0.492906098667,0.0211252591731,0.0428585875287,23.3325468165,2,True,PASS
Point Grey Grasshopper2 14S5C,D65,True,0.65,0.35,chromaticity,0.376215092378,0.025465811965,0.0676895012481,14.7733397582,2,True,PASS
Point Grey Grasshopper2 14S5C,D65,True,0.65,0.5,camera_rgb_wb,0.438764816599,0.011313806868,0.0257855836202,38.781359954,2,True,PASS
Point Grey Grasshopper2 14S5C,D65,True,0.65,0.5,linear_srgb_unclipped,0.481297489575,0.0179519718331,0.0372991179509,26.8102854689,2,True,PASS
Point Grey Grasshopper2 14S5C,D65,True,0.65,0.5,chromaticity,0.372204046222,0.0223069636012,0.0599320824899,16.6855540214,2,True,PASS
Point Grey Grasshopper2 14S5C,D65,True,0.65,0.65,camera_rgb_wb,0.428218718125,0.00977894414964,0.0228363304445,43.7898725642,2,True,PASS
Point Grey Grasshopper2 14S5C,D65,True,0.65,0.65,linear_srgb_unclipped,0.471065492323,0.0155336069844,0.0329754720683,30.3255704096,2,True,PASS
Point Grey Grasshopper2 14S5C,D65,True,0.65,0.65,chromaticity,0.368629098596,0.019847404794,0.0538411234208,18.573163717,2,True,PASS
Point Grey Grasshopper2 14S5C,D65,True,0.65,0.8,camera_rgb_wb,0.418776061552,0.00857003749016,0.0204644875316,48.8651376418,2,True,PASS
Point Grey Grasshopper2 14S5C,D65,True,0.65,0.8,linear_srgb_unclipped,0.461900175586,0.0136285816679,0.0295054697709,33.892020963,2,True,PASS
Point Grey Grasshopper2 14S5C,D65,True,0.65,0.8,chromaticity,0.365362806357,0.0178707061272,0.0489122204457,20.4447884575,2,True,PASS
Point Grey Grasshopper2 14S5C,D65,True,0.8,0.2,camera_rgb_wb,0.342739164816,0.0118977216667,0.0347136332468,28.8071258025,2,True,PASS
Point Grey Grasshopper2 14S5C,D65,True,0.8,0.2,linear_srgb_unclipped,0.386259830584,0.0185698363929,0.048076022725,20.8003895355,2,True,PASS
Point Grey Grasshopper2 14S5C,D65,True,0.8,0.2,chromaticity,0.330635736818,0.0256805808242,0.077670311961,12.8749321942,2,True,PASS
Point Grey Grasshopper2 14S5C,D65,True,0.8,0.35,camera_rgb_wb,0.333648956125,0.00984098254942,0.0294950197468,33.9040288355,2,True,PASS
Point Grey Grasshopper2 14S5C,D65,True,0.8,0.35,linear_srgb_unclipped,0.37712623634,0.0153655847456,0.0407438763601,24.543565545,2,True,PASS
Point Grey Grasshopper2 14S5C,D65,True,0.8,0.35,chromaticity,0.325208710131,0.0220088307582,0.0676760187306,14.776282925,2,True,PASS
Point Grey Grasshopper2 14S5C,D65,True,0.8,0.5,camera_rgb_wb,0.325756380494,0.00834433052958,0.0256152481708,39.039246988,2,True,PASS
Point Grey Grasshopper2 14S5C,D65,True,0.8,0.5,linear_srgb_unclipped,0.36919517059,0.0130352915701,0.035307318753,28.3227397412,2,True,PASS
Point Grey Grasshopper2 14S5C,D65,True,0.8,0.5,chromaticity,0.320611698833,0.0192666187481,0.0600933116857,16.6407870019,2,True,PASS
Point Grey Grasshopper2 14S5C,D65,True,0.8,0.65,camera_rgb_wb,0.318760483319,0.00720518855019,0.0226037696868,44.2404082972,2,True,PASS
Point Grey Grasshopper2 14S5C,D65,True,0.8,0.65,linear_srgb_unclipped,0.362159111596,0.0112623665977,0.0310978413551,32.1565728174,2,True,PASS
Point Grey Grasshopper2 14S5C,D65,True,0.8,0.65,chromaticity,0.316560912927,0.0171302553658,0.0541136149988,18.4796377034,2,True,PASS
Point Grey Grasshopper2 14S5C,D65,True,0.8,0.8,camera_rgb_wb,0.312465204231,0.00630894456394,0.0201908707866,49.5273339406,2,True,PASS
Point Grey Grasshopper2 14S5C,D65,True,0.8,0.8,linear_srgb_unclipped,0.355819176222,0.0098679008573,0.0277329090638,36.0582439333,2,True,PASS
Point Grey Grasshopper2 14S5C,D65,True,0.8,0.8,chromaticity,0.312900103465,0.015412951723,0.0492583784804,20.3011148732,2,True,PASS
Phase One,D65,True,0.2,0.2,camera_rgb_wb,1.46170659438,0.0256351403745,0.017537815368,57.0196446374,2,True,PASS
Phase One,D65,True,0.2,0.2,linear_srgb_unclipped,1.41750196345,0.0498820068755,0.0351900795637,28.4170997167,2,True,PASS
Phase One,D65,True,0.2,0.2,chromaticity,0.413748674782,0.0185120318449,0.0447422142311,22.3502572947,2,True,PASS
Phase One,D65,True,0.2,0.35,camera_rgb_wb,1.38981220167,0.0218143886302,0.0156959253949,63.7108023161,2,True,PASS
Phase One,D65,True,0.2,0.35,linear_srgb_unclipped,1.35291388671,0.0423142720999,0.0312763972014,31.9729920797,2,True,PASS
Phase One,D65,True,0.2,0.35,chromaticity,0.41488161348,0.0164519885239,0.0396546580743,25.2177183857,2,True,PASS
Phase One,D65,True,0.2,0.5,camera_rgb_wb,1.32867427766,0.0189666877607,0.0142748964736,70.0530474493,2,True,PASS
Phase One,D65,True,0.2,0.5,linear_srgb_unclipped,1.29808121938,0.0366954569224,0.0282689991771,35.3744394605,2,True,PASS
Phase One,D65,True,0.2,0.5,chromaticity,0.416033007513,0.014876340198,0.0357575959824,27.966085877,2,True,PASS
Phase One,D65,True,0.2,0.65,camera_rgb_wb,1.27549781101,0.0167541360051,0.0131353702534,76.1303245135,2,True,PASS
Phase One,D65,True,0.2,0.65,linear_srgb_unclipped,1.25045582399,0.0323436838896,0.0258655150139,38.6615151279,2,True,PASS
Phase One,D65,True,0.2,0.65,chromaticity,0.417169063297,0.0136205395914,0.032649927307,30.627939554,2,True,PASS
Phase One,D65,True,0.2,0.8,camera_rgb_wb,1.22847873292,0.0149811596834,0.0121948872878,82.0015779074,2,True,PASS
Phase One,D65,True,0.2,0.8,linear_srgb_unclipped,1.20839414833,0.0288657026879,0.0238876551395,41.8626271251,2,True,PASS
Phase One,D65,True,0.2,0.8,chromaticity,0.41827429677,0.0125884242889,0.0300960981493,33.2268985514,2,True,PASS
Phase One,D65,True,0.35,0.2,camera_rgb_wb,0.931593458343,0.0152111550663,0.0163281042069,61.2440971304,2,True,PASS
Phase One,D65,True,0.35,0.2,linear_srgb_unclipped,0.933321570294,0.031515214993,0.033766727349,29.6149517146,2,True,PASS
Phase One,D65,True,0.35,0.2,chromaticity,0.382587827662,0.019662730354,0.0513940301608,19.4575128059,2,True,PASS
Phase One,D65,True,0.35,0.35,camera_rgb_wb,0.887396635574,0.012893396864,0.0145294633168,68.8256667297,2,True,PASS
Phase One,D65,True,0.35,0.35,linear_srgb_unclipped,0.895010112084,0.0265605754926,0.0296762853671,33.6969397494,2,True,PASS
Phase One,D65,True,0.35,0.35,chromaticity,0.384044873589,0.0173222847435,0.0451048456436,22.1705669476,2,True,PASS
Phase One,D65,True,0.35,0.5,camera_rgb_wb,0.849749848849,0.0111762981006,0.0131524567092,76.0314230345,2,True,PASS
Phase One,D65,True,0.35,0.5,linear_srgb_unclipped,0.862356758555,0.0229133481765,0.0265706135532,37.6355629876,2,True,PASS
Phase One,D65,True,0.35,0.5,chromaticity,0.38541030653,0.0155503213639,0.0403474455674,24.7847165028,2,True,PASS
Phase One,D65,True,0.35,0.65,camera_rgb_wb,0.816956530551,0.00984815765844,0.0120546899256,82.9552652267,2,True,PASS
Phase One,D65,True,0.35,0.65,linear_srgb_unclipped,0.83389207267,0.0201073209468,0.0241126179343,41.4720625825,2,True,PASS
Phase One,D65,True,0.35,0.65,chromaticity,0.386680811273,0.0141496511215,0.0365925867252,27.3279396046,2,True,PASS
Phase One,D65,True,0.35,0.8,camera_rgb_wb,0.787921442827,0.00878765647405,0.0111529601765,89.6622945098,2,True,PASS
Phase One,D65,True,0.35,0.8,linear_srgb_unclipped,0.808668030547,0.017876825005,0.0221065064151,45.2355510736,2,True,PASS
Phase One,D65,True,0.35,0.8,chromaticity,0.387860688532,0.0130066147796,0.0335342435162,29.8202641583,2,True,PASS
Phase One,D65,True,0.5,0.2,camera_rgb_wb,0.61627337602,0.00901265499617,0.0146244432209,68.3786715769,2,True,PASS
Phase One,D65,True,0.5,0.2,linear_srgb_unclipped,0.659845437063,0.0201957366585,0.0306067686827,32.6725114424,2,True,PASS
Phase One,D65,True,0.5,0.2,chromaticity,0.351397874657,0.0196445198365,0.0559039233111,17.8878322088,2,True,PASS
Phase One,D65,True,0.5,0.35,camera_rgb_wb,0.588047781158,0.00760416354615,0.0129312001334,77.3323426816,2,True,PASS
Phase One,D65,True,0.5,0.35,linear_srgb_unclipped,0.635194805151,0.0169131955573,0.0266267850747,37.5561674906,2,True,PASS
Phase One,D65,True,0.5,0.35,chromaticity,0.352734997868,0.0172081444691,0.0487849081409,20.4981425221,2,True,PASS
Phase One,D65,True,0.5,0.5,camera_rgb_wb,0.563982263218,0.00656718454319,0.0116443104181,85.8788510524,2,True,PASS
Phase One,D65,True,0.5,0.5,linear_srgb_unclipped,0.61411137492,0.0145146879043,0.0236352695896,42.3096506773,2,True,PASS
Phase One,D65,True,0.5,0.5,chromaticity,0.353949295636,0.0153740609792,0.0434357722101,23.0224984873,2,True,PASS
Phase One,D65,True,0.5,0.65,camera_rgb_wb,0.542999747647,0.00576895300345,0.0106242277799,94.1244879829,2,True,PASS
Phase One,D65,True,0.5,0.65,linear_srgb_unclipped,0.595671180628,0.0126802698027,0.021287364934,46.9762228957,2,True,PASS
Phase One,D65,True,0.5,0.65,chromaticity,0.355045599056,0.0139311347822,0.0392375931972,25.4857629767,2,True,PASS
Phase One,D65,True,0.5,0.8,camera_rgb_wb,0.524405428715,0.00513404207472,0.00979021534407,102.142799199,2,True,PASS
Phase One,D65,True,0.5,0.8,linear_srgb_unclipped,0.579278644966,0.0112292426914,0.0193848725288,51.5866172714,2,True,PASS
Phase One,D65,True,0.5,0.8,chromaticity,0.356034269614,0.0127585075333,0.0358350547187,27.9056361948,2,True,PASS
Phase One,D65,True,0.65,0.2,camera_rgb_wb,0.420619507615,0.00558349571442,0.01327445735,75.332646272,2,True,PASS
Phase One,D65,True,0.65,0.2,linear_srgb_unclipped,0.48832381816,0.0135367809347,0.0277209106566,36.073850978,2,True,PASS
Phase One,D65,True,0.65,0.2,chromaticity,0.321043759361,0.0187336291759,0.0583522608044,17.1372965883,2,True,PASS
Phase One,D65,True,0.65,0.35,camera_rgb_wb,0.402051201903,0.00468301207229,0.0116478002058,85.8531209608,2,True,PASS
Phase One,D65,True,0.65,0.35,linear_srgb_unclipped,0.471475335123,0.0112708424201,0.0239054762369,41.8314192987,2,True,PASS
Phase One,D65,True,0.65,0.35,chromaticity,0.321945866488,0.0163509866137,0.0507879998337,19.6896905425,2,True,PASS
Phase One,D65,True,0.65,0.5,camera_rgb_wb,0.386207043217,0.00402449689207,0.0104205683525,95.9640555265,2,True,PASS
Phase One,D65,True,0.65,0.5,linear_srgb_unclipped,0.457011028205,0.00962483343384,0.0210603964452,47.4824869799,2,True,PASS
Phase One,D65,True,0.65,0.5,chromaticity,0.322757037157,0.0145625247225,0.0451191548006,22.1635357404,2,True,PASS
Phase One,D65,True,0.65,0.65,camera_rgb_wb,0.372381481827,0.00352034623135,0.00945360175826,105.779789076,2,True,PASS
Phase One,D65,True,0.65,0.65,linear_srgb_unclipped,0.444316136793,0.008372047155,0.0188425457951,53.0713848795,2,True,PASS
Phase One,D65,True,0.65,0.65,chromaticity,0.323471900646,0.0131590215022,0.0406805706334,24.5817594107,2,True,PASS
Phase One,D65,True,0.65,0.8,camera_rgb_wb,0.360119772276,0.00312115322386,0.00866698655319,115.380356698,2,True,PASS
Phase One,D65,True,0.65,0.8,linear_srgb_unclipped,0.43299435079,0.00738520501026,0.0170561232422,58.6299703513,2,True,PASS
Phase One,D65,True,0.65,0.8,chromaticity,0.324095703753,0.0120210606002,0.0370910828529,26.9606580095,2,True,PASS
Phase One,D65,True,0.8,0.2,camera_rgb_wb,0.294461280539,0.00376943024883,0.012801106624,78.1182462868,2,True,PASS
Phase One,D65,True,0.8,0.2,linear_srgb_unclipped,0.370731833527,0.00946548145272,0.0255318820687,39.1667170211,2,True,PASS
Phase One,D65,True,0.8,0.2,chromaticity,0.292083347449,0.0172375586346,0.0590158897627,16.9445890593,2,True,PASS
Phase One,D65,True,0.8,0.35,camera_rgb_wb,0.281963351275,0.00314270968289,0.0111458090872,89.7198213409,2,True,PASS
Phase One,D65,True,0.8,0.35,linear_srgb_unclipped,0.358751888088,0.00784549671166,0.0218688652859,45.7271096111,2,True,PASS
Phase One,D65,True,0.8,0.35,chromaticity,0.29237051017,0.0150121999699,0.0513464916869,19.4755272882,2,True,PASS
Phase One,D65,True,0.8,0.5,camera_rgb_wb,0.271288617604,0.00268688547491,0.0099041585255,100.967689221,2,True,PASS
Phase One,D65,True,0.8,0.5,linear_srgb_unclipped,0.348426099127,0.00667332693476,0.0191527757291,52.2117532279,2,True,PASS
Phase One,D65,True,0.8,0.5,chromaticity,0.292641318068,0.013343441784,0.0455965749199,21.9314718651,2,True,PASS
Phase One,D65,True,0.8,0.65,camera_rgb_wb,0.261964951135,0.00233952631105,0.00893068443282,111.973500746,2,True,PASS
Phase One,D65,True,0.8,0.65,linear_srgb_unclipped,0.339331175143,0.0057841957357,0.017045871878,58.6652303359,2,True,PASS
Phase One,D65,True,0.8,0.65,chromaticity,0.292867540488,0.0120352194888,0.0410944124047,24.3342085087,2,True,PASS
Phase One,D65,True,0.8,0.8,camera_rgb_wb,0.25368821829,0.00206557736882,0.00814218879675,122.817098076,2,True,PASS
Phase One,D65,True,0.8,0.8,linear_srgb_unclipped,0.331193799306,0.00508590680884,0.0153562863178,65.1199111101,2,True,PASS
Phase One,D65,True,0.8,0.8,chromaticity,0.293041624533,0.0109756512585,0.037454239738,26.6992470544,2,True,PASS
SONY NEX-5N,D65,True,0.2,0.2,camera_rgb_wb,1.45641766089,0.023109119866,0.0158670967035,63.0235019479,2,True,PASS
SONY NEX-5N,D65,True,0.2,0.2,linear_srgb_unclipped,1.42242734215,0.0508045288624,0.0357167831052,27.9980421825,2,True,PASS
SONY NEX-5N,D65,True,0.2,0.2,chromaticity,0.495404802024,0.0242356659478,0.0489209346554,20.4411466593,2,True,PASS
SONY NEX-5N,D65,True,0.2,0.35,camera_rgb_wb,1.38736242251,0.0195681704945,0.0141045844813,70.8989336993,2,True,PASS
SONY NEX-5N,D65,True,0.2,0.35,linear_srgb_unclipped,1.36113694218,0.0426051085632,0.0313011183833,31.9477402614,2,True,PASS
SONY NEX-5N,D65,True,0.2,0.35,chromaticity,0.495522719498,0.0212355614318,0.0428548694061,23.3345711668,2,True,PASS
SONY NEX-5N,D65,True,0.2,0.5,camera_rgb_wb,1.32868307798,0.0169493181516,0.0127564792782,78.3915356417,2,True,PASS
SONY NEX-5N,D65,True,0.2,0.5,linear_srgb_unclipped,1.30915405706,0.0365900893062,0.0279494144396,35.7789248916,2,True,PASS
SONY NEX-5N,D65,True,0.2,0.5,chromaticity,0.495786758079,0.0189643941514,0.0382511106688,26.143031732,2,True,PASS
SONY NEX-5N,D65,True,0.2,0.65,camera_rgb_wb,1.27767515355,0.0149276417053,0.0116834405551,85.5912259133,2,True,PASS
SONY NEX-5N,D65,True,0.2,0.65,linear_srgb_unclipped,1.26403634966,0.0319794981917,0.025299508357,39.5264597988,2,True,PASS
SONY NEX-5N,D65,True,0.2,0.65,chromaticity,0.496114819236,0.0171716050479,0.0346121590851,28.8915810638,2,True,PASS
SONY NEX-5N,D65,True,0.2,0.8,camera_rgb_wb,1.23259281447,0.0133163406185,0.0108035195907,92.5624276055,2,True,PASS
SONY NEX-5N,D65,True,0.2,0.8,linear_srgb_unclipped,1.22420942501,0.0283279372857,0.0231397804223,43.2156218317,2,True,PASS
SONY NEX-5N,D65,True,0.2,0.8,chromaticity,0.496465893759,0.015711616775,0.0316469207099,31.5986509135,2,True,PASS
SONY NEX-5N,D65,True,0.35,0.2,camera_rgb_wb,0.91637094603,0.0156140444816,0.0170389999261,58.6888904478,2,True,PASS
SONY NEX-5N,D65,True,0.35,0.2,linear_srgb_unclipped,0.947697274721,0.0358698085062,0.0378494372232,26.4204720958,2,True,PASS
SONY NEX-5N,D65,True,0.35,0.2,chromaticity,0.455228021075,0.0253772702516,0.0557462833498,17.93841562,2,True,PASS
SONY NEX-5N,D65,True,0.35,0.35,camera_rgb_wb,0.87612130596,0.013069558538,0.0149175216366,67.0352639237,2,True,PASS
SONY NEX-5N,D65,True,0.35,0.35,linear_srgb_unclipped,0.912650635157,0.0298043937451,0.0326569583113,30.621345395,2,True,PASS
SONY NEX-5N,D65,True,0.35,0.35,chromaticity,0.455019758192,0.0220632095732,0.0484884648984,20.6234617263,2,True,PASS
SONY NEX-5N,D65,True,0.35,0.5,camera_rgb_wb,0.841766034716,0.0112116600631,0.0133192117533,75.0795181069,2,True,PASS
SONY NEX-5N,D65,True,0.35,0.5,linear_srgb_unclipped,0.882710356759,0.0253971435768,0.0287717747756,34.756284859,2,True,PASS
SONY NEX-5N,D65,True,0.35,0.5,chromaticity,0.454923943217,0.0195754729919,0.0430302103984,23.2394866477,2,True,PASS
SONY NEX-5N,D65,True,0.35,0.65,camera_rgb_wb,0.811787100466,0.00979225773368,0.0120625934165,82.9009123886,2,True,PASS
SONY NEX-5N,D65,True,0.35,0.65,linear_srgb_unclipped,0.856555490947,0.0220450027373,0.0257368062786,38.8548598135,2,True,PASS
SONY NEX-5N,D65,True,0.35,0.65,chromaticity,0.454870310886,0.0176253755016,0.0387481334345,25.8076947549,2,True,PASS
SONY NEX-5N,D65,True,0.35,0.8,camera_rgb_wb,0.785201215371,0.0086709076044,0.0110429115934,90.5558277397,2,True,PASS
SONY NEX-5N,D65,True,0.35,0.8,linear_srgb_unclipped,0.833331395585,0.0194075805499,0.0232891508141,42.938448378,2,True,PASS
SONY NEX-5N,D65,True,0.35,0.8,chromaticity,0.454825777038,0.0160469015586,0.0352814250396,28.3435263422,2,True,PASS
SONY NEX-5N,D65,True,0.5,0.2,camera_rgb_wb,0.605237506033,0.0109521713669,0.0180956587417,55.2618732633,2,True,PASS
SONY NEX-5N,D65,True,0.5,0.2,linear_srgb_unclipped,0.676547412625,0.0257283314051,0.0380288667504,26.2958138238,2,True,PASS
SONY NEX-5N,D65,True,0.5,0.2,chromaticity,0.410768043544,0.0250306231892,0.0609361501767,16.410619921,2,True,PASS
SONY NEX-5N,D65,True,0.5,0.35,camera_rgb_wb,0.580597927206,0.00908628559989,0.0156498760573,63.898269631,2,True,PASS
SONY NEX-5N,D65,True,0.5,0.35,linear_srgb_unclipped,0.654729054358,0.021246320903,0.0324505545638,30.8161143451,2,True,PASS
SONY NEX-5N,D65,True,0.5,0.35,chromaticity,0.409992274041,0.0216508500627,0.0528079464751,18.9365439626,2,True,PASS
SONY NEX-5N,D65,True,0.5,0.5,camera_rgb_wb,0.559490053354,0.00773419916034,0.013823658015,72.3397525399,2,True,PASS
SONY NEX-5N,D65,True,0.5,0.5,linear_srgb_unclipped,0.635955574743,0.0180076018889,0.028315817337,35.3159503784,2,True,PASS
SONY NEX-5N,D65,True,0.5,0.5,chromaticity,0.409356828292,0.0191259718962,0.0467220052882,21.4031909339,2,True,PASS
SONY NEX-5N,D65,True,0.5,0.65,camera_rgb_wb,0.541011969439,0.00670785176006,0.0123987123002,80.6535368984,2,True,PASS
SONY NEX-5N,D65,True,0.5,0.65,linear_srgb_unclipped,0.619449189955,0.0155556213745,0.0251120214971,39.8215651463,2,True,PASS
SONY NEX-5N,D65,True,0.5,0.65,chromaticity,0.408785194408,0.0171548488787,0.0419654359144,23.8291341007,2,True,PASS
SONY NEX-5N,D65,True,0.5,0.8,camera_rgb_wb,0.524578244583,0.00590158243749,0.011250147139,88.8877263241,2,True,PASS
SONY NEX-5N,D65,True,0.5,0.8,linear_srgb_unclipped,0.604705342519,0.0136342128912,0.0225468702401,44.3520537154,2,True,PASS
SONY NEX-5N,D65,True,0.5,0.8,chromaticity,0.408241257935,0.0155651814597,0.038127409117,26.22785086,2,True,PASS
SONY NEX-5N,D65,True,0.65,0.2,camera_rgb_wb,0.416211600187,0.00799505368599,0.0192091082574,52.0586373193,2,True,PASS
SONY NEX-5N,D65,True,0.65,0.2,linear_srgb_unclipped,0.503776824421,0.0186281366426,0.0369769622967,27.0438656365,2,True,PASS
SONY NEX-5N,D65,True,0.65,0.2,chromaticity,0.365933089786,0.0235500943381,0.0643562853303,15.5384978307,2,True,PASS
SONY NEX-5N,D65,True,0.65,0.35,camera_rgb_wb,0.400489746658,0.00659792965663,0.0164746531258,60.6993053125,2,True,PASS
SONY NEX-5N,D65,True,0.65,0.35,linear_srgb_unclipped,0.489268454371,0.0153236750652,0.031319564808,31.9289238573,2,True,PASS
SONY NEX-5N,D65,True,0.65,0.35,chromaticity,0.36444490056,0.0203053252157,0.0557157616542,17.9482424777,2,True,PASS
SONY NEX-5N,D65,True,0.65,0.5,camera_rgb_wb,0.386976809915,0.00558905012602,0.0144428554446,69.2383859851,2,True,PASS
SONY NEX-5N,D65,True,0.65,0.5,linear_srgb_unclipped,0.476695013445,0.0129435946514,0.0271527796312,36.8286419874,2,True,PASS
SONY NEX-5N,D65,True,0.65,0.5,chromaticity,0.363177109779,0.0178868955997,0.0492511645641,20.304088418,2,True,PASS
SONY NEX-5N,D65,True,0.65,0.65,camera_rgb_wb,0.375112439157,0.00482556973101,0.012864328738,77.7343319165,2,True,PASS
SONY NEX-5N,D65,True,0.65,0.65,linear_srgb_unclipped,0.465569451742,0.011146661017,0.0239419939931,41.7676155248,2,True,PASS
SONY NEX-5N,D65,True,0.65,0.65,chromaticity,0.362030556583,0.0160028632824,0.0442030734463,22.6228613088,2,True,PASS
SONY NEX-5N,D65,True,0.65,0.8,camera_rgb_wb,0.364532370188,0.00422746322975,0.011596948791,86.2295779708,2,True,PASS
SONY NEX-5N,D65,True,0.65,0.8,linear_srgb_unclipped,0.455574748727,0.00974202178332,0.0213840249279,46.7638811388,2,True,PASS
SONY NEX-5N,D65,True,0.65,0.8,chromaticity,0.360956282069,0.0144864685097,0.0401335819026,24.9167891973,2,True,PASS
SONY NEX-5N,D65,True,0.8,0.2,camera_rgb_wb,0.295401123499,0.00597104535169,0.0202133467908,49.4722625773,2,True,PASS
SONY NEX-5N,D65,True,0.8,0.2,linear_srgb_unclipped,0.383896334526,0.0134956621232,0.0351544438157,28.4459058787,2,True,PASS
SONY NEX-5N,D65,True,0.8,0.2,chromaticity,0.323247667675,0.0213377640217,0.0660105737967,15.1490881306,2,True,PASS
SONY NEX-5N,D65,True,0.8,0.35,camera_rgb_wb,0.285026478412,0.00491535740553,0.0172452658887,57.986928497,2,True,PASS
SONY NEX-5N,D65,True,0.8,0.35,linear_srgb_unclipped,0.373805671269,0.011075670649,0.0296294879942,33.7501613323,2,True,PASS
SONY NEX-5N,D65,True,0.8,0.35,chromaticity,0.321014665076,0.0183650701208,0.0572094428038,17.4796318753,2,True,PASS
SONY NEX-5N,D65,True,0.8,0.5,camera_rgb_wb,0.276079800805,0.00415398223333,0.0150463098757,66.4614784796,2,True,PASS
SONY NEX-5N,D65,True,0.8,0.5,linear_srgb_unclipped,0.364999989729,0.00933605616003,0.0255782367746,39.0957363016,2,True,PASS
SONY NEX-5N,D65,True,0.8,0.5,chromaticity,0.319113902633,0.0161505191421,0.0506105155835,19.7587396309,2,True,PASS
SONY NEX-5N,D65,True,0.8,0.65,camera_rgb_wb,0.268201224284,0.00357846952667,0.0133424802076,74.9485841044,2,True,PASS
SONY NEX-5N,D65,True,0.8,0.65,linear_srgb_unclipped,0.357161516547,0.00802488924185,0.0224685159797,44.5067222466,2,True,PASS
SONY NEX-5N,D65,True,0.8,0.65,chromaticity,0.317412873919,0.0144264991898,0.0454502648606,22.0020720026,2,True,PASS
SONY NEX-5N,D65,True,0.8,0.8,camera_rgb_wb,0.261156462045,0.00312811116372,0.0119779198233,83.4869505517,2,True,PASS
SONY NEX-5N,D65,True,0.8,0.8,linear_srgb_unclipped,0.350082455485,0.00700152644216,0.0199996496039,50.0008760057,2,True,PASS
SONY NEX-5N,D65,True,0.8,0.8,chromaticity,0.315843416349,0.0130400214528,0.0412863487975,24.2210810383,2,True,PASS
Canon 1DMarkIII,A,True,0.2,0.2,camera_rgb_wb,1.48150892413,0.0376864241046,0.025437865065,39.3114751354,2,True,PASS
Canon 1DMarkIII,A,True,0.2,0.2,linear_srgb_unclipped,1.47021484307,0.0795779667632,0.0541267605468,18.4751496283,2,True,PASS
Canon 1DMarkIII,A,True,0.2,0.2,chromaticity,0.479865525712,0.0367605103896,0.0766058581414,13.0538319688,2,True,PASS
Canon 1DMarkIII,A,True,0.2,0.35,camera_rgb_wb,1.41723919684,0.0315385556231,0.022253516339,44.9367185288,2,True,PASS
Canon 1DMarkIII,A,True,0.2,0.35,linear_srgb_unclipped,1.41720495107,0.0659108829767,0.0465076578562,21.5018353126,2,True,PASS
Canon 1DMarkIII,A,True,0.2,0.35,chromaticity,0.47990591671,0.0319235732723,0.0665204827878,15.0329636541,2,True,PASS
Canon 1DMarkIII,A,True,0.2,0.5,camera_rgb_wb,1.36229826931,0.027039251953,0.0198482612524,50.3822469527,2,True,PASS
Canon 1DMarkIII,A,True,0.2,0.5,linear_srgb_unclipped,1.37196075243,0.0559821989309,0.0408045192487,24.5070893717,2,True,PASS
Canon 1DMarkIII,A,True,0.2,0.5,chromaticity,0.479986186722,0.0282937527553,0.0589470145975,16.9643875407,2,True,PASS
Canon 1DMarkIII,A,True,0.2,0.65,camera_rgb_wb,1.31430026007,0.0235952775929,0.0179527299124,55.7018350345,2,True,PASS
Canon 1DMarkIII,A,True,0.2,0.65,linear_srgb_unclipped,1.3324782339,0.0484356796798,0.0363500719544,27.5102619124,2,True,PASS
Canon 1DMarkIII,A,True,0.2,0.65,chromaticity,0.48006116892,0.0254484425763,0.0530108332518,18.8640686942,2,True,PASS
Canon 1DMarkIII,A,True,0.2,0.8,camera_rgb_wb,1.27169545865,0.0208704190661,0.0164114913866,60.9329144099,2,True,PASS
Canon 1DMarkIII,A,True,0.2,0.8,linear_srgb_unclipped,1.29745535439,0.0425050438017,0.0327603132223,30.5247386743,2,True,PASS
Canon 1DMarkIII,A,True,0.2,0.8,chromaticity,0.480111473488,0.023145473591,0.0482085408683,20.7432123435,2,True,PASS
Canon 1DMarkIII,A,True,0.35,0.2,camera_rgb_wb,0.972128034802,0.026225528199,0.0269774425385,37.0680059302,2,True,PASS
Canon 1DMarkIII,A,True,0.35,0.2,linear_srgb_unclipped,0.991111343551,0.0568640537262,0.0573740317838,17.4294880264,2,True,PASS
Canon 1DMarkIII,A,True,0.35,0.2,chromaticity,0.43010283472,0.0364591215655,0.0847683824016,11.7968512748,2,True,PASS
Canon 1DMarkIII,A,True,0.35,0.35,camera_rgb_wb,0.932853138301,0.0218704049373,0.0234446388604,42.6536747251,2,True,PASS
Canon 1DMarkIII,A,True,0.35,0.35,linear_srgb_unclipped,0.961828322027,0.0469578841283,0.0488214820181,20.4827866477,2,True,PASS
Canon 1DMarkIII,A,True,0.35,0.35,chromaticity,0.429588463306,0.0315417819907,0.0734232519838,13.619663703,2,True,PASS
Canon 1DMarkIII,A,True,0.35,0.5,camera_rgb_wb,0.899213605177,0.0186901625658,0.0207850086544,48.1115989234,2,True,PASS
Canon 1DMarkIII,A,True,0.35,0.5,linear_srgb_unclipped,0.936678866939,0.0397794305836,0.0424685898098,23.546814351,2,True,PASS
Canon 1DMarkIII,A,True,0.35,0.5,chromaticity,0.42914089011,0.0278623764384,0.0649259417606,15.4021639561,2,True,PASS
Canon 1DMarkIII,A,True,0.35,0.65,camera_rgb_wb,0.869770939828,0.016260691703,0.0186953724922,53.4891722761,2,True,PASS
Canon 1DMarkIII,A,True,0.35,0.65,linear_srgb_unclipped,0.914596481765,0.0343351865097,0.0375413498677,26.6372947037,2,True,PASS
Canon 1DMarkIII,A,True,0.35,0.65,chromaticity,0.428708220834,0.0249858496954,0.0582817134853,17.1580404933,2,True,PASS
Canon 1DMarkIII,A,True,0.35,0.8,camera_rgb_wb,0.843591066559,0.0143420242847,0.0170011571403,58.8195257387,2,True,PASS
Canon 1DMarkIII,A,True,0.35,0.8,linear_srgb_unclipped,0.894889628791,0.0300650457111,0.0335963729424,29.7651178511,2,True,PASS
Canon 1DMarkIII,A,True,0.35,0.8,chromaticity,0.428268075145,0.0226633937838,0.0529187093297,18.8969083461,2,True,PASS
Canon 1DMarkIII,A,True,0.5,0.2,camera_rgb_wb,0.665518408526,0.0188481787968,0.0283210480061,35.3094278074,2,True,PASS
Canon 1DMarkIII,A,True,0.5,0.2,linear_srgb_unclipped,0.717544637177,0.0406967658711,0.0567167027144,17.6314904101,2,True,PASS
Canon 1DMarkIII,A,True,0.5,0.2,chromaticity,0.381688308575,0.034739873095,0.0910163405966,10.9870380796,2,True,PASS
Canon 1DMarkIII,A,True,0.5,0.35,camera_rgb_wb,0.640601448003,0.0156803614473,0.0244775616668,40.8537424443,2,True,PASS
Canon 1DMarkIII,A,True,0.5,0.35,linear_srgb_unclipped,0.700007895306,0.0335250261092,0.0478923542635,20.8801595866,2,True,PASS
Canon 1DMarkIII,A,True,0.5,0.35,chromaticity,0.380417071693,0.0299791539361,0.0788060162565,12.6893865152,2,True,PASS
Canon 1DMarkIII,A,True,0.5,0.5,camera_rgb_wb,0.619215623025,0.0133695258618,0.02159106677,46.3154512304,2,True,PASS
Canon 1DMarkIII,A,True,0.5,0.5,linear_srgb_unclipped,0.684803342124,0.028339395095,0.041383260495,24.1643598894,2,True,PASS
Canon 1DMarkIII,A,True,0.5,0.5,chromaticity,0.379305120313,0.0264213884914,0.0696573472818,14.3559874015,2,True,PASS
Canon 1DMarkIII,A,True,0.5,0.65,camera_rgb_wb,0.600460578932,0.0116060858051,0.0193286390687,51.7366999533,2,True,PASS
Canon 1DMarkIII,A,True,0.5,0.65,linear_srgb_unclipped,0.671333539784,0.0244139897548,0.0363664085109,27.4979037235,2,True,PASS
Canon 1DMarkIII,A,True,0.5,0.65,chromaticity,0.378272885018,0.0236437198874,0.0625044004575,15.9988735622,2,True,PASS
Canon 1DMarkIII,A,True,0.5,0.8,camera_rgb_wb,0.583752008366,0.0102148887009,0.0174986784704,57.1471726674,2,True,PASS
Canon 1DMarkIII,A,True,0.5,0.8,linear_srgb_unclipped,0.659211476965,0.0213403308224,0.03237251105,30.8904057042,2,True,PASS
Canon 1DMarkIII,A,True,0.5,0.8,chromaticity,0.377282622886,0.0214042336034,0.0567326251066,17.6265420139,2,True,PASS
Canon 1DMarkIII,A,True,0.65,0.2,camera_rgb_wb,0.471399339923,0.0138574621757,0.0293964394985,34.0177251756,2,True,PASS
Canon 1DMarkIII,A,True,0.65,0.2,linear_srgb_unclipped,0.543241155891,0.0291159614768,0.0535967519417,18.657847048,2,True,PASS
Canon 1DMarkIII,A,True,0.65,0.2,chromaticity,0.336820685226,0.0319708125647,0.0949193857949,10.5352556975,2,True,PASS
Canon 1DMarkIII,A,True,0.65,0.35,camera_rgb_wb,0.455088072773,0.0115092543495,0.025290169174,39.5410561756,2,True,PASS
Canon 1DMarkIII,A,True,0.65,0.35,linear_srgb_unclipped,0.531866427031,0.0239406312746,0.0450124882074,22.2160569172,2,True,PASS
Canon 1DMarkIII,A,True,0.65,0.35,chromaticity,0.334712625285,0.0275515980147,0.0823141881524,12.1485739269,2,True,PASS
Canon 1DMarkIII,A,True,0.65,0.5,camera_rgb_wb,0.441051989322,0.00979740370409,0.0222137161634,45.0172313648,2,True,PASS
Canon 1DMarkIII,A,True,0.65,0.5,linear_srgb_unclipped,0.52189246213,0.0202053240625,0.0387154931881,25.8294526985,2,True,PASS
Canon 1DMarkIII,A,True,0.65,0.5,chromaticity,0.332899978249,0.0242482272679,0.0728393777479,13.7288377649,2,True,PASS
Canon 1DMarkIII,A,True,0.65,0.65,camera_rgb_wb,0.428712306191,0.00849199389998,0.0198081412111,50.4842927634,2,True,PASS
Canon 1DMarkIII,A,True,0.65,0.65,linear_srgb_unclipped,0.512967117121,0.0173821564193,0.0338855178804,29.5111322639,2,True,PASS
Canon 1DMarkIII,A,True,0.65,0.65,chromaticity,0.331260607539,0.0216696742574,0.0654157897567,15.2868291237,2,True,PASS
Canon 1DMarkIII,A,True,0.65,0.8,camera_rgb_wb,0.417693448636,0.00746291509077,0.0178669670667,55.969208219,2,True,PASS
Canon 1DMarkIII,A,True,0.65,0.8,linear_srgb_unclipped,0.504861718792,0.0151745630977,0.0300568700951,33.2702638975,2,True,PASS
Canon 1DMarkIII,A,True,0.65,0.8,chromaticity,0.329732715285,0.0195916766649,0.0594168420564,16.8302448496,2,True,PASS
Canon 1DMarkIII,A,True,0.8,0.2,camera_rgb_wb,0.342635971265,0.0102832573791,0.030012194403,33.3197895019,2,True,PASS
Canon 1DMarkIII,A,True,0.8,0.2,linear_srgb_unclipped,0.421196392549,0.0207994820093,0.049381909193,20.250330867,2,True,PASS
Canon 1DMarkIII,A,True,0.8,0.2,chromaticity,0.296543633321,0.0285534583909,0.0962875448415,10.3855592293,2,True,PASS
Canon 1DMarkIII,A,True,0.8,0.35,camera_rgb_wb,0.331680811679,0.00852990558172,0.0257172114918,38.8844646053,2,True,PASS
Canon 1DMarkIII,A,True,0.8,0.35,linear_srgb_unclipped,0.413346584148,0.017080850453,0.0413233134326,24.1994147355,2,True,PASS
Canon 1DMarkIII,A,True,0.8,0.35,chromaticity,0.293624609586,0.024596000293,0.0837668216153,11.9379007191,2,True,PASS
Canon 1DMarkIII,A,True,0.8,0.5,camera_rgb_wb,0.322223047265,0.00725255094147,0.0225078590841,44.4289257483,2,True,PASS
Canon 1DMarkIII,A,True,0.8,0.5,linear_srgb_unclipped,0.406386201634,0.0144004795811,0.0354354540662,28.2203241458,2,True,PASS
Canon 1DMarkIII,A,True,0.8,0.5,chromaticity,0.291156096632,0.0216333082969,0.0743014092686,13.4586949271,2,True,PASS
Canon 1DMarkIII,A,True,0.8,0.65,camera_rgb_wb,0.313883463202,0.00627914669728,0.0200047069483,49.9882353979,2,True,PASS
Canon 1DMarkIII,A,True,0.8,0.65,linear_srgb_unclipped,0.40009810858,0.0123768909549,0.0309346400034,32.3262206992,2,True,PASS
Canon 1DMarkIII,A,True,0.8,0.65,chromaticity,0.288966187395,0.0193188674546,0.0668551141872,14.9577188246,2,True,PASS
Canon 1DMarkIII,A,True,0.8,0.8,camera_rgb_wb,0.306415815753,0.0055123314092,0.0179897091658,55.5873355587,2,True,PASS
Canon 1DMarkIII,A,True,0.8,0.8,linear_srgb_unclipped,0.394340437008,0.0107960526504,0.0273774932449,36.5263536386,2,True,PASS
Canon 1DMarkIII,A,True,0.8,0.8,chromaticity,0.286964817609,0.0174530775851,0.0608195726937,16.4420753996,2,True,PASS
Canon 20D,A,True,0.2,0.2,camera_rgb_wb,1.48256120533,0.0395193818345,0.0266561553698,37.5147873399,2,True,PASS
Canon 20D,A,True,0.2,0.2,linear_srgb_unclipped,1.477810973,0.084679451435,0.0573005972904,17.4518250644,2,True,PASS
Canon 20D,A,True,0.2,0.2,chromaticity,0.463340104313,0.037947315091,0.0818994832042,12.2100892567,2,True,PASS
Canon 20D,A,True,0.2,0.35,camera_rgb_wb,1.41915948171,0.0330414300935,0.0232823939236,42.9509097424,2,True,PASS
Canon 20D,A,True,0.2,0.35,linear_srgb_unclipped,1.42532032973,0.0701519471615,0.049218372669,20.3176160806,2,True,PASS
Canon 20D,A,True,0.2,0.35,chromaticity,0.463670963978,0.0329207067023,0.0710001472162,14.0844778386,2,True,PASS
Canon 20D,A,True,0.2,0.5,camera_rgb_wb,1.36490088963,0.0283038545128,0.0207369302253,48.2231453322,2,True,PASS
Canon 20D,A,True,0.2,0.5,linear_srgb_unclipped,1.38043207624,0.0595949148992,0.0431712040924,23.1635883461,2,True,PASS
Canon 20D,A,True,0.2,0.5,chromaticity,0.463955071397,0.0291520714609,0.0628338243467,15.9149949951,2,True,PASS
Canon 20D,A,True,0.2,0.65,camera_rgb_wb,1.31745632886,0.0246792308484,0.0187324849468,53.3832005119,2,True,PASS
Canon 20D,A,True,0.2,0.65,linear_srgb_unclipped,1.34119997146,0.0515675493717,0.0384488148442,26.0086040116,2,True,PASS
Canon 20D,A,True,0.2,0.65,chromaticity,0.464174999955,0.0261999664845,0.0564441568094,17.7166257151,2,True,PASS
Canon 20D,A,True,0.2,0.8,camera_rgb_wb,1.27531105721,0.0218125352785,0.0171036980784,58.4668880037,2,True,PASS
Canon 20D,A,True,0.2,0.8,linear_srgb_unclipped,1.30635567782,0.0452564490276,0.0346432826802,28.865624809,2,True,PASS
Canon 20D,A,True,0.2,0.8,chromaticity,0.464328036082,0.0238119245699,0.0512825475084,19.4998113117,2,True,PASS
Canon 20D,A,True,0.35,0.2,camera_rgb_wb,0.978205667969,0.0276503629655,0.0282664105013,35.3776790991,2,True,PASS
Canon 20D,A,True,0.35,0.2,linear_srgb_unclipped,0.993612623169,0.0605404875758,0.0609296683275,16.4123657235,2,True,PASS
Canon 20D,A,True,0.35,0.2,chromaticity,0.414433388474,0.0374027712094,0.0902503810013,11.0802856332,2,True,PASS
Canon 20D,A,True,0.35,0.35,camera_rgb_wb,0.939104315808,0.0230688982188,0.0245647877775,40.7086765437,2,True,PASS
Canon 20D,A,True,0.35,0.35,linear_srgb_unclipped,0.964456614935,0.05004625772,0.0518906262293,19.2713033676,2,True,PASS
Canon 20D,A,True,0.35,0.35,chromaticity,0.414011072526,0.032346055265,0.0781284787088,12.7994300737,2,True,PASS
Canon 20D,A,True,0.35,0.5,camera_rgb_wb,0.905604061677,0.0197205205916,0.0217760955655,45.9219145596,2,True,PASS
Canon 20D,A,True,0.35,0.5,linear_srgb_unclipped,0.939419461088,0.0424320055713,0.0451683271732,22.1394074694,2,True,PASS
Canon 20D,A,True,0.35,0.5,chromaticity,0.413611327302,0.0285622604934,0.0690557985434,14.4810431722,2,True,PASS
Canon 20D,A,True,0.35,0.65,camera_rgb_wb,0.87627619002,0.0171606039115,0.019583556083,51.0632489708,2,True,PASS
Canon 20D,A,True,0.35,0.65,linear_srgb_unclipped,0.917438959082,0.0366505687999,0.0399487818095,25.0320524107,2,True,PASS
Canon 20D,A,True,0.35,0.65,chromaticity,0.413197287139,0.0256039677798,0.061965478905,16.1380177749,2,True,PASS
Canon 20D,A,True,0.35,0.8,camera_rgb_wb,0.850192871969,0.0151375161138,0.0178048024311,56.1646220938,2,True,PASS
Canon 20D,A,True,0.35,0.8,linear_srgb_unclipped,0.89782605418,0.0321113049943,0.0357656194591,27.9598121079,2,True,PASS
Canon 20D,A,True,0.35,0.8,chromaticity,0.412755512727,0.0232154346596,0.0562450020503,17.779357517,2,True,PASS
Canon 20D,A,True,0.5,0.2,camera_rgb_wb,0.672413216339,0.019974072847,0.029705056893,33.6643017922,2,True,PASS
Canon 20D,A,True,0.5,0.2,linear_srgb_unclipped,0.717565517626,0.0434129138543,0.060500278773,16.5288494579,2,True,PASS
Canon 20D,A,True,0.5,0.2,chromaticity,0.366860133743,0.0355043468304,0.0967789725968,10.3328230624,2,True,PASS
Canon 20D,A,True,0.5,0.35,camera_rgb_wb,0.6474668795,0.0166395749135,0.0256994997587,38.9112632303,2,True,PASS
Canon 20D,A,True,0.5,0.35,linear_srgb_unclipped,0.700120690975,0.0358174160092,0.0511589165567,19.5469346754,2,True,PASS
Canon 20D,A,True,0.5,0.35,chromaticity,0.365564480455,0.0306406664917,0.083817406039,11.9306961078,2,True,PASS
Canon 20D,A,True,0.5,0.5,camera_rgb_wb,0.626061061903,0.0142028983967,0.022686123225,44.0798099385,2,True,PASS
Canon 20D,A,True,0.5,0.5,linear_srgb_unclipped,0.685022532218,0.0303153668859,0.0442545543542,22.5965443465,2,True,PASS
Canon 20D,A,True,0.5,0.5,chromaticity,0.364412872953,0.0270033479866,0.0741009717021,13.4950996867,2,True,PASS
Canon 20D,A,True,0.5,0.65,camera_rgb_wb,0.607291747111,0.0123406047706,0.0203207187144,49.2108578468,2,True,PASS
Canon 20D,A,True,0.5,0.65,linear_srgb_unclipped,0.671665883863,0.0261438588061,0.0389239046291,25.6911532779,2,True,PASS
Canon 20D,A,True,0.5,0.65,chromaticity,0.363331741767,0.0241619596495,0.0665010976798,15.0373457716,2,True,PASS
Canon 20D,A,True,0.5,0.8,camera_rgb_wb,0.590572610756,0.0108694771348,0.0184049800767,54.3331204833,2,True,PASS
Canon 20D,A,True,0.5,0.8,linear_srgb_unclipped,0.659659488326,0.0228730236765,0.0346739857174,28.8400649453,2,True,PASS
Canon 20D,A,True,0.5,0.8,chromaticity,0.362286865922,0.0218701096488,0.0603668300069,16.5653886395,2,True,PASS
Canon 20D,A,True,0.65,0.2,camera_rgb_wb,0.477810433486,0.0147383614547,0.0308456250048,32.4195084341,2,True,PASS
Canon 20D,A,True,0.65,0.2,linear_srgb_unclipped,0.542606845516,0.0311577916381,0.0574224079472,17.4148043551,2,True,PASS
Canon 20D,A,True,0.65,0.2,chromaticity,0.322968544792,0.0325937894469,0.10091939284,9.9088982985,2,True,PASS
Canon 20D,A,True,0.65,0.35,camera_rgb_wb,0.461425911359,0.0122631802374,0.0265767048089,37.6269370936,2,True,PASS
Canon 20D,A,True,0.65,0.35,linear_srgb_unclipped,0.531338667533,0.0256649346744,0.0483024034249,20.7029035637,2,True,PASS
Canon 20D,A,True,0.65,0.35,chromaticity,0.320780167975,0.0280984776823,0.087594185949,11.4162828179,2,True,PASS
Canon 20D,A,True,0.65,0.5,camera_rgb_wb,0.447334753936,0.0104548798012,0.023371490163,42.7871733049,2,True,PASS
Canon 20D,A,True,0.65,0.5,linear_srgb_unclipped,0.521484572862,0.0216922079326,0.0415970271441,24.040179519,2,True,PASS
Canon 20D,A,True,0.65,0.5,chromaticity,0.318889970893,0.0247340490552,0.0775629568591,12.8927524232,2,True,PASS
Canon 20D,A,True,0.65,0.65,camera_rgb_wb,0.434951914493,0.00907337097312,0.0208606300393,47.9371906849,2,True,PASS
Canon 20D,A,True,0.65,0.65,linear_srgb_unclipped,0.51268447705,0.0186842817299,0.0364440168686,27.4393463159,2,True,PASS
Canon 20D,A,True,0.65,0.65,chromaticity,0.317175876641,0.0221053558627,0.069694316279,14.3483723407,2,True,PASS
Canon 20D,A,True,0.65,0.8,camera_rgb_wb,0.423898160384,0.00798255243987,0.0188312976698,53.1030849564,2,True,PASS
Canon 20D,A,True,0.65,0.8,linear_srgb_unclipped,0.504705474518,0.0163286370016,0.0323528034192,30.9092225191,2,True,PASS
Canon 20D,A,True,0.65,0.8,chromaticity,0.315576112453,0.0199854252649,0.0633299685123,15.7903126038,2,True,PASS
Canon 20D,A,True,0.8,0.2,camera_rgb_wb,0.348244033571,0.0109645841689,0.0314853468024,31.7608062657,2,True,PASS
Canon 20D,A,True,0.8,0.2,linear_srgb_unclipped,0.420692444298,0.0223479610706,0.0531218503528,18.8246454775,2,True,PASS
Canon 20D,A,True,0.8,0.2,chromaticity,0.283843572934,0.0290522901857,0.102353172508,9.77009286083,2,True,PASS
Canon 20D,A,True,0.8,0.35,camera_rgb_wb,0.33721842354,0.00911320971294,0.0270246495351,37.0032550728,2,True,PASS
Canon 20D,A,True,0.8,0.35,linear_srgb_unclipped,0.412954864312,0.0183866315084,0.0445245548544,22.4595170748,2,True,PASS
Canon 20D,A,True,0.8,0.35,chromaticity,0.280826335134,0.0250400165675,0.0891654856925,11.2151018102,2,True,PASS
Canon 20D,A,True,0.8,0.5,camera_rgb_wb,0.327707057741,0.00776136798328,0.0236838597154,42.2228476277,2,True,PASS
Canon 20D,A,True,0.8,0.5,linear_srgb_unclipped,0.40611412776,0.0155251480273,0.038228534705,26.1584705696,2,True,PASS
Canon 20D,A,True,0.8,0.5,chromaticity,0.278272556622,0.0220312666688,0.0791715393576,12.6308015243,2,True,PASS
Canon 20D,A,True,0.8,0.65,camera_rgb_wb,0.319324993038,0.00672919469893,0.0210731851426,47.4536712526,2,True,PASS
Canon 20D,A,True,0.8,0.65,linear_srgb_unclipped,0.399947333704,0.0133608797286,0.0334065978259,29.9342065664,2,True,PASS
Canon 20D,A,True,0.8,0.65,chromaticity,0.276006730747,0.0196779238672,0.0712950869494,14.0262119423,2,True,PASS
Canon 20D,A,True,0.8,0.8,camera_rgb_wb,0.311822612776,0.00591470943405,0.0189681863717,52.7198531479,2,True,PASS
Canon 20D,A,True,0.8,0.8,linear_srgb_unclipped,0.394309670184,0.0116674975777,0.0295896815624,33.7955647779,2,True,PASS
Canon 20D,A,True,0.8,0.8,chromaticity,0.273936716718,0.0177789870213,0.0649018037243,15.4078922713,2,True,PASS
Canon 300D,A,True,0.2,0.2,camera_rgb_wb,1.47254533198,0.0348394142834,0.0236593152868,42.2666500648,2,True,PASS
Canon 300D,A,True,0.2,0.2,linear_srgb_unclipped,1.46568992749,0.0792997486525,0.054104041493,18.4829076055,2,True,PASS
Canon 300D,A,True,0.2,0.2,chromaticity,0.47899435074,0.0340943992844,0.0711791260832,14.0490626259,2,True,PASS
Canon 300D,A,True,0.2,0.35,camera_rgb_wb,1.40830189024,0.0291174573772,0.0206755792767,48.3662385763,2,True,PASS
Canon 300D,A,True,0.2,0.35,linear_srgb_unclipped,1.41226804554,0.0657273467262,0.0465402774875,21.4867648838,2,True,PASS
Canon 300D,A,True,0.2,0.35,chromaticity,0.478937884253,0.0295891009972,0.06178066503,16.1862938755,2,True,PASS
Canon 300D,A,True,0.2,0.5,camera_rgb_wb,1.35344163599,0.0249343668036,0.0184229346435,54.2801686785,2,True,PASS
Canon 300D,A,True,0.2,0.5,linear_srgb_unclipped,1.36670881624,0.055866317483,0.0408765326008,24.4639145342,2,True,PASS
Canon 300D,A,True,0.2,0.5,chromaticity,0.47894752391,0.0262101089007,0.0547243854331,18.2733893142,2,True,PASS
Canon 300D,A,True,0.2,0.65,camera_rgb_wb,1.30555512704,0.0217352966871,0.0166483178204,60.0661286495,2,True,PASS
Canon 300D,A,True,0.2,0.65,linear_srgb_unclipped,1.32697689625,0.0483688037496,0.0364503736925,27.4345609852,2,True,PASS
Canon 300D,A,True,0.2,0.65,chromaticity,0.478966903853,0.023562577996,0.0491945848585,20.3274405684,2,True,PASS
Canon 300D,A,True,0.2,0.8,camera_rgb_wb,1.26307967549,0.019206171669,0.0152058275038,65.7642604293,2,True,PASS
Canon 300D,A,True,0.2,0.8,linear_srgb_unclipped,1.29175139524,0.0424741561106,0.0328810607576,30.4126441471,2,True,PASS
Canon 300D,A,True,0.2,0.8,chromaticity,0.478970943472,0.0214204532554,0.0447218219546,22.3604485751,2,True,PASS
Canon 300D,A,True,0.35,0.2,camera_rgb_wb,0.96842042647,0.0245188756727,0.0253184205977,39.4969345004,2,True,PASS
Canon 300D,A,True,0.35,0.2,linear_srgb_unclipped,0.987421148708,0.0565266425793,0.0572467408191,17.4682433566,2,True,PASS
Canon 300D,A,True,0.35,0.2,chromaticity,0.431280657017,0.0335565834486,0.0778068362273,12.8523411115,2,True,PASS
Canon 300D,A,True,0.35,0.35,camera_rgb_wb,0.92921402602,0.020419905912,0.021975460271,45.5053039923,2,True,PASS
Canon 300D,A,True,0.35,0.35,linear_srgb_unclipped,0.957811345166,0.0467148603227,0.0487725067765,20.503354576,2,True,PASS
Canon 300D,A,True,0.35,0.35,chromaticity,0.43061360692,0.0290179004234,0.067387328122,14.8395852435,2,True,PASS
Canon 300D,A,True,0.35,0.5,camera_rgb_wb,0.895656644784,0.0174299473877,0.0194605237278,51.3860785038,2,True,PASS
Canon 300D,A,True,0.35,0.5,linear_srgb_unclipped,0.93239672814,0.0396041711304,0.0424756650631,23.5428921128,2,True,PASS
Canon 300D,A,True,0.35,0.5,chromaticity,0.430045758883,0.0256233215771,0.0595827793852,16.7833728188,2,True,PASS
Canon 300D,A,True,0.35,0.65,camera_rgb_wb,0.866302283605,0.0151478546732,0.0174856455534,57.1897672836,2,True,PASS
Canon 300D,A,True,0.35,0.65,linear_srgb_unclipped,0.910093052903,0.0342095840551,0.0375891058019,26.6034527469,2,True,PASS
Canon 300D,A,True,0.35,0.65,chromaticity,0.429512860465,0.0229702976347,0.0534798832563,18.698619726,2,True,PASS
Canon 300D,A,True,0.35,0.8,camera_rgb_wb,0.84021296583,0.0133469379486,0.0158851844609,62.951739872,2,True,PASS
Canon 300D,A,True,0.35,0.8,linear_srgb_unclipped,0.890197776143,0.0299765201656,0.0336740002828,29.6965015027,2,True,PASS
Canon 300D,A,True,0.35,0.8,chromaticity,0.428985994856,0.0208288021274,0.0485535713919,20.5958072976,2,True,PASS
Canon 300D,A,True,0.5,0.2,camera_rgb_wb,0.664555974128,0.0178094110114,0.0267989630742,37.3148765955,2,True,PASS
Canon 300D,A,True,0.5,0.2,linear_srgb_unclipped,0.714845926023,0.0403683003541,0.0564713302329,17.708100657,2,True,PASS
Canon 300D,A,True,0.5,0.2,chromaticity,0.384347099579,0.0318105937981,0.0827652760563,12.0823616817,2,True,PASS
Canon 300D,A,True,0.5,0.35,camera_rgb_wb,0.639691878082,0.0147991373298,0.0231347901027,43.224943713,2,True,PASS
Canon 300D,A,True,0.5,0.35,linear_srgb_unclipped,0.696957135597,0.033282782695,0.0477544184499,20.9404706927,2,True,PASS
Canon 300D,A,True,0.5,0.35,chromaticity,0.382886579313,0.0274449898891,0.0716791639404,13.9510555792,2,True,PASS
Canon 300D,A,True,0.5,0.5,camera_rgb_wb,0.618360404366,0.0126053414387,0.0203851044629,49.0554268103,2,True,PASS
Canon 300D,A,True,0.5,0.5,linear_srgb_unclipped,0.681464740499,0.0281583985254,0.0413204041999,24.2011185361,2,True,PASS
Canon 300D,A,True,0.5,0.5,chromaticity,0.381621050832,0.0241833804489,0.0633701427008,15.7803021641,2,True,PASS
Canon 300D,A,True,0.5,0.65,camera_rgb_wb,0.599659107739,0.0109325100657,0.0182312082392,54.8509998283,2,True,PASS
Canon 300D,A,True,0.5,0.65,linear_srgb_unclipped,0.667753540012,0.024277719449,0.0363573054941,27.5047885538,2,True,PASS
Canon 300D,A,True,0.5,0.65,chromaticity,0.380458495884,0.0216373234702,0.0568717053351,17.5834361588,2,True,PASS
Canon 300D,A,True,0.5,0.8,camera_rgb_wb,0.58300274725,0.00961364910876,0.0164898864613,60.6432313739,2,True,PASS
Canon 300D,A,True,0.5,0.8,linear_srgb_unclipped,0.655425333191,0.0212374882174,0.0324026050595,30.8617161541,2,True,PASS
Canon 300D,A,True,0.5,0.8,chromaticity,0.379354316658,0.0195847606342,0.0516265659152,19.3698725118,2,True,PASS
Canon 300D,A,True,0.65,0.2,camera_rgb_wb,0.471873391393,0.013194887332,0.027962770465,35.7618355897,2,True,PASS
Canon 300D,A,True,0.65,0.2,linear_srgb_unclipped,0.541224333555,0.0288540868593,0.0533126193159,18.7572851012,2,True,PASS
Canon 300D,A,True,0.65,0.2,chromaticity,0.340271496047,0.0292219831565,0.085878433827,11.6443669899,2,True,PASS
Canon 300D,A,True,0.65,0.35,camera_rgb_wb,0.455586156833,0.0109486704835,0.0240320525971,41.6110940153,2,True,PASS
Canon 300D,A,True,0.65,0.35,linear_srgb_unclipped,0.529501676272,0.0237468567954,0.0448475573535,22.297758429,2,True,PASS
Canon 300D,A,True,0.65,0.35,chromaticity,0.337969651582,0.025180116602,0.0745040759848,13.4220844535,2,True,PASS
Canon 300D,A,True,0.65,0.5,camera_rgb_wb,0.441573634842,0.00931256657565,0.0210894986495,47.4169640834,2,True,PASS
Canon 300D,A,True,0.65,0.5,linear_srgb_unclipped,0.519244245386,0.0200594209121,0.0386319561369,25.8853058452,2,True,PASS
Canon 300D,A,True,0.65,0.5,chromaticity,0.335996112277,0.0221594277893,0.0659514410426,15.162670962,2,True,PASS
Canon 300D,A,True,0.65,0.65,camera_rgb_wb,0.429256428939,0.00806575544557,0.0187900632391,53.2196186503,2,True,PASS
Canon 300D,A,True,0.65,0.65,linear_srgb_unclipped,0.510082100763,0.017271001302,0.0338592577081,29.5340201673,2,True,PASS
Canon 300D,A,True,0.65,0.65,chromaticity,0.334218291701,0.0198017092537,0.0592478321665,16.8782546708,2,True,PASS
Canon 300D,A,True,0.65,0.8,camera_rgb_wb,0.418258762174,0.00708341130711,0.0169354761877,59.0476458361,2,True,PASS
Canon 300D,A,True,0.65,0.8,linear_srgb_unclipped,0.501775311318,0.015089290227,0.0300718068159,33.2537384974,2,True,PASS
Canon 300D,A,True,0.65,0.8,chromaticity,0.332568365703,0.0179016948942,0.0538286161293,18.5774792649,2,True,PASS
Canon 300D,A,True,0.8,0.2,camera_rgb_wb,0.343844479573,0.00983693412504,0.0286086725523,34.9544355185,2,True,PASS
Canon 300D,A,True,0.8,0.2,linear_srgb_unclipped,0.419636815232,0.0206171474702,0.0491309311333,20.3537766725,2,True,PASS
Canon 300D,A,True,0.8,0.2,chromaticity,0.300166149235,0.0261453936367,0.08710307176,11.4806513685,2,True,PASS
Canon 300D,A,True,0.8,0.35,camera_rgb_wb,0.33288555119,0.00815345873913,0.0244932791765,40.8275263101,2,True,PASS
Canon 300D,A,True,0.8,0.35,linear_srgb_unclipped,0.41147219146,0.0169467355274,0.0411856156483,24.2803217643,2,True,PASS
Canon 300D,A,True,0.8,0.35,chromaticity,0.297078786652,0.0225194074066,0.0758028119759,13.192122745,2,True,PASS
Canon 300D,A,True,0.8,0.5,camera_rgb_wb,0.323425070131,0.00692794919664,0.0214205695119,46.6840995727,2,True,PASS
Canon 300D,A,True,0.8,0.5,linear_srgb_unclipped,0.404256045399,0.0142999578973,0.0353735165128,28.2697367574,2,True,PASS
Canon 300D,A,True,0.8,0.5,chromaticity,0.294466170971,0.0198056779121,0.0672596035287,14.8677653084,2,True,PASS
Canon 300D,A,True,0.8,0.65,camera_rgb_wb,0.315083243356,0.00599460633726,0.0190254685505,52.5611233882,2,True,PASS
Canon 300D,A,True,0.8,0.65,linear_srgb_unclipped,0.397754931761,0.0123005930159,0.0309250546849,32.3362403136,2,True,PASS
Canon 300D,A,True,0.8,0.65,chromaticity,0.292149845147,0.0176859874653,0.0605373843562,16.5187183198,2,True,PASS
Canon 300D,A,True,0.8,0.8,camera_rgb_wb,0.307613549305,0.00525970028997,0.0170984025309,58.484995788,2,True,PASS
Canon 300D,A,True,0.8,0.8,linear_srgb_unclipped,0.391816638728,0.0107377037911,0.0274049203883,36.4897976652,2,True,PASS
Canon 300D,A,True,0.8,0.8,chromaticity,0.290035636915,0.0159772501314,0.05508719653,18.1530385097,2,True,PASS
Canon 40D,A,True,0.2,0.2,camera_rgb_wb,1.47242998078,0.0355953590023,0.0241745682083,41.3657853734,2,True,PASS
Canon 40D,A,True,0.2,0.2,linear_srgb_unclipped,1.46070941845,0.0814587956133,0.0557665984652,17.9318808663,2,True,PASS
Canon 40D,A,True,0.2,0.2,chromaticity,0.439993408405,0.033712723674,0.0766209743829,13.0512566312,2,True,PASS
Canon 40D,A,True,0.2,0.35,camera_rgb_wb,1.40973534023,0.0298074219867,0.0211439843607,47.2947758067,2,True,PASS
Canon 40D,A,True,0.2,0.35,linear_srgb_unclipped,1.40738247211,0.0677379399794,0.0481304416687,20.7768714628,2,True,PASS
Canon 40D,A,True,0.2,0.35,chromaticity,0.439999114511,0.0292876135984,0.0665628921344,15.0233856723,2,True,PASS
Canon 40D,A,True,0.2,0.5,camera_rgb_wb,1.35611461429,0.0255605784147,0.0188483909438,53.0549267035,2,True,PASS
Canon 40D,A,True,0.2,0.5,linear_srgb_unclipped,1.36189469619,0.0577213756818,0.042383141548,23.5942868668,2,True,PASS
Canon 40D,A,True,0.2,0.5,chromaticity,0.440018737367,0.0259603108565,0.0589981940583,16.9496713579,2,True,PASS
Canon 40D,A,True,0.2,0.65,camera_rgb_wb,1.30925080097,0.0223034236032,0.0170352567947,58.7017860694,2,True,PASS
Canon 40D,A,True,0.2,0.65,linear_srgb_unclipped,1.32222863093,0.0500761559229,0.0378725394017,26.4043556571,2,True,PASS
Canon 40D,A,True,0.2,0.65,chromaticity,0.440013674719,0.0233485950296,0.0530633395531,18.8454026532,2,True,PASS
Canon 40D,A,True,0.2,0.8,camera_rgb_wb,1.26763832861,0.0197223514483,0.0155583426307,64.2741983345,2,True,PASS
Canon 40D,A,True,0.2,0.8,linear_srgb_unclipped,1.28707176617,0.0440459753355,0.0342218487679,29.2210980997,2,True,PASS
Canon 40D,A,True,0.2,0.8,chromaticity,0.439969447444,0.0212327088075,0.0482595074064,20.7213055778,2,True,PASS
Canon 40D,A,True,0.35,0.2,camera_rgb_wb,0.977541358358,0.0256567959531,0.026246251101,38.1006794514,2,True,PASS
Canon 40D,A,True,0.35,0.2,linear_srgb_unclipped,0.982895235827,0.0587577862558,0.0597803144364,16.7279146894,2,True,PASS
Canon 40D,A,True,0.35,0.2,chromaticity,0.393607338499,0.0327645270402,0.0832416569393,12.0132159398,2,True,PASS
Canon 40D,A,True,0.35,0.35,camera_rgb_wb,0.938809786472,0.0214435346119,0.0228411920294,43.780552202,2,True,PASS
Canon 40D,A,True,0.35,0.35,linear_srgb_unclipped,0.953360490148,0.048746599004,0.051131339622,19.5574770267,2,True,PASS
Canon 40D,A,True,0.35,0.35,chromaticity,0.392873065199,0.0283710326756,0.072214247269,13.8476829409,2,True,PASS
Canon 40D,A,True,0.35,0.5,camera_rgb_wb,0.905633280556,0.0183541646452,0.0202666631619,49.3421137961,2,True,PASS
Canon 40D,A,True,0.35,0.5,linear_srgb_unclipped,0.928065295367,0.0414511208897,0.0446640135092,22.3893896099,2,True,PASS
Canon 40D,A,True,0.35,0.5,chromaticity,0.392222220112,0.0250745831619,0.0639295324849,15.6422229466,2,True,PASS
Canon 40D,A,True,0.35,0.65,camera_rgb_wb,0.876593836264,0.0159863072284,0.0182368464927,54.834041642,2,True,PASS
Canon 40D,A,True,0.35,0.65,linear_srgb_unclipped,0.905912017318,0.0358916338061,0.0396193373308,25.240200048,2,True,PASS
Canon 40D,A,True,0.35,0.65,chromaticity,0.391596633606,0.0224923913067,0.0574376523608,17.4101823264,2,True,PASS
Canon 40D,A,True,0.35,0.8,camera_rgb_wb,0.850770727131,0.0141111759963,0.01658634406,60.2905617046,2,True,PASS
Canon 40D,A,True,0.35,0.8,linear_srgb_unclipped,0.886189231046,0.0315130130749,0.0355601399463,28.1213741428,2,True,PASS
Canon 40D,A,True,0.35,0.8,chromaticity,0.390971081043,0.0204045867283,0.0521895038218,19.160940932,2,True,PASS
Canon 40D,A,True,0.5,0.2,camera_rgb_wb,0.674964006035,0.0190361968178,0.0282032769861,35.4568726356,2,True,PASS
Canon 40D,A,True,0.5,0.2,linear_srgb_unclipped,0.711228576919,0.0425013321104,0.0597576271394,16.7342655301,2,True,PASS
Canon 40D,A,True,0.5,0.2,chromaticity,0.349214740816,0.0306172655705,0.0876746081766,11.4058108818,2,True,PASS
Canon 40D,A,True,0.5,0.35,camera_rgb_wb,0.650243209488,0.0158906197324,0.0244379633659,40.9199402187,2,True,PASS
Canon 40D,A,True,0.5,0.35,linear_srgb_unclipped,0.693601820044,0.0351862466511,0.0507297495974,19.7122991526,2,True,PASS
Canon 40D,A,True,0.5,0.35,chromaticity,0.347617138964,0.0264578569673,0.0761120612356,13.1385221181,2,True,PASS
Canon 40D,A,True,0.5,0.5,camera_rgb_wb,0.629028621535,0.0135845322242,0.0215960478731,46.304768626,2,True,PASS
Canon 40D,A,True,0.5,0.5,linear_srgb_unclipped,0.678392125125,0.0298651506358,0.0440234335418,22.7151750681,2,True,PASS
Canon 40D,A,True,0.5,0.5,chromaticity,0.346224523949,0.0233387193617,0.0674092034137,14.8347695768,2,True,PASS
Canon 40D,A,True,0.5,0.65,camera_rgb_wb,0.610425532163,0.0118175295982,0.0193594942799,51.6542418691,2,True,PASS
Canon 40D,A,True,0.5,0.65,linear_srgb_unclipped,0.664973518469,0.0258167860413,0.0388237806834,25.7574090518,2,True,PASS
Canon 40D,A,True,0.5,0.65,chromaticity,0.344942255735,0.0208973783981,0.0605822512337,16.5064846491,2,True,PASS
Canon 40D,A,True,0.5,0.8,camera_rgb_wb,0.593853406338,0.0104187215451,0.0175442650221,56.9986829737,2,True,PASS
Canon 40D,A,True,0.5,0.8,linear_srgb_unclipped,0.652941495162,0.0226330098676,0.0346631513471,28.8490792423,2,True,PASS
Canon 40D,A,True,0.5,0.8,chromaticity,0.343724371757,0.0189253540089,0.0550596802669,18.1621105526,2,True,PASS
Canon 40D,A,True,0.65,0.2,camera_rgb_wb,0.481144952285,0.0143200633476,0.0297624723684,33.5993592072,2,True,PASS
Canon 40D,A,True,0.65,0.2,linear_srgb_unclipped,0.539018715536,0.0307396439588,0.0570288991324,17.5349693789,2,True,PASS
Canon 40D,A,True,0.65,0.2,chromaticity,0.30851251667,0.0276514674215,0.0896283486969,11.1571842452,2,True,PASS
Canon 40D,A,True,0.65,0.35,camera_rgb_wb,0.46492186526,0.0119414513464,0.0256848563999,38.9334471812,2,True,PASS
Canon 40D,A,True,0.65,0.35,linear_srgb_unclipped,0.527676744348,0.0254051099634,0.0481452143486,20.7704963729,2,True,PASS
Canon 40D,A,True,0.65,0.35,chromaticity,0.306043177833,0.0238716670831,0.0780009776794,12.8203521257,2,True,PASS
Canon 40D,A,True,0.65,0.5,camera_rgb_wb,0.450964792863,0.0101982647534,0.0226143258072,44.2197573577,2,True,PASS
Canon 40D,A,True,0.65,0.5,linear_srgb_unclipped,0.517791384943,0.0215314396919,0.0415832327806,24.0481543432,2,True,PASS
Canon 40D,A,True,0.65,0.5,chromaticity,0.303929185807,0.0210347474839,0.0692093700313,14.4489105962,2,True,PASS
Canon 40D,A,True,0.65,0.65,camera_rgb_wb,0.438696560806,0.00886315214415,0.0202033773136,49.4966749606,2,True,PASS
Canon 40D,A,True,0.65,0.65,linear_srgb_unclipped,0.508989457302,0.018588730897,0.0365208564348,27.3816141684,2,True,PASS
Canon 40D,A,True,0.65,0.65,chromaticity,0.302029292551,0.0188136641013,0.0622908590832,16.0537198349,2,True,PASS
Canon 40D,A,True,0.65,0.8,camera_rgb_wb,0.427742722387,0.00780674538189,0.0182510302883,54.7914273442,2,True,PASS
Canon 40D,A,True,0.65,0.8,linear_srgb_unclipped,0.501029754,0.0162775642829,0.0324882188193,30.7803885945,2,True,PASS
Canon 40D,A,True,0.65,0.8,chromaticity,0.300270829858,0.0170196824737,0.0566811051269,17.6425635626,2,True,PASS
Canon 40D,A,True,0.8,0.2,camera_rgb_wb,0.351554746902,0.0107873389073,0.0306846629221,32.5895709703,2,True,PASS
Canon 40D,A,True,0.8,0.2,linear_srgb_unclipped,0.418869536267,0.0221934415471,0.0529841385574,18.8735728697,2,True,PASS
Canon 40D,A,True,0.8,0.2,chromaticity,0.272203976193,0.024247371338,0.0890779469026,11.2261231289,2,True,PASS
Canon 40D,A,True,0.8,0.35,camera_rgb_wb,0.340656079744,0.00898643841709,0.0263797975478,37.9077966079,2,True,PASS
Canon 40D,A,True,0.8,0.35,linear_srgb_unclipped,0.411122921462,0.018319274594,0.0445591175719,22.4420961296,2,True,PASS
Canon 40D,A,True,0.8,0.35,chromaticity,0.268943602485,0.0209303229878,0.0778242084752,12.8494721577,2,True,PASS
Canon 40D,A,True,0.8,0.5,camera_rgb_wb,0.331249422018,0.00766751433034,0.0231472534612,43.2016697651,2,True,PASS
Canon 40D,A,True,0.8,0.5,linear_srgb_unclipped,0.404297979602,0.0155099665154,0.0383627109159,26.0669795258,2,True,PASS
Canon 40D,A,True,0.8,0.5,chromaticity,0.266194758103,0.0184357542385,0.069256638898,14.4390489621,2,True,PASS
Canon 40D,A,True,0.8,0.65,camera_rgb_wb,0.32295629373,0.00665801633091,0.0206158432586,48.5063835351,2,True,PASS
Canon 40D,A,True,0.8,0.65,linear_srgb_unclipped,0.398163599904,0.0133783284764,0.0336000791625,29.7618346422,2,True,PASS
Canon 40D,A,True,0.8,0.65,chromaticity,0.26376678161,0.016480425259,0.0624810491997,16.0048528763,2,True,PASS
Canon 40D,A,True,0.8,0.8,camera_rgb_wb,0.315530994714,0.00585977867372,0.0185711666108,53.8469133875,2,True,PASS
Canon 40D,A,True,0.8,0.8,linear_srgb_unclipped,0.392569829813,0.0117058725274,0.0298185740176,33.5361442639,2,True,PASS
Canon 40D,A,True,0.8,0.8,chromaticity,0.261558574679,0.0149000644638,0.0569664538128,17.55419081,2,True,PASS
Canon 500D,A,True,0.2,0.2,camera_rgb_wb,1.44871947997,0.0242364524627,0.016729568973,59.7744031311,2,True,PASS
Canon 500D,A,True,0.2,0.2,linear_srgb_unclipped,1.44399857971,0.0768954803049,0.05325177004,18.7787185149,2,True,PASS
Canon 500D,A,True,0.2,0.2,chromaticity,0.327892554434,0.0228806569592,0.0697809591884,14.3305568114,2,True,PASS
Canon 500D,A,True,0.2,0.35,camera_rgb_wb,1.38559025859,0.0203590574506,0.0146934184362,68.0576820391,2,True,PASS
Canon 500D,A,True,0.2,0.35,linear_srgb_unclipped,1.38927065498,0.0641057940931,0.0461434882132,21.6715302358,2,True,PASS
Canon 500D,A,True,0.2,0.35,chromaticity,0.327715560483,0.0199614832548,0.0609110022893,16.4173952556,2,True,PASS
Canon 500D,A,True,0.2,0.5,camera_rgb_wb,1.33168559558,0.0175043442548,0.0131445022105,76.0774340469,2,True,PASS
Canon 500D,A,True,0.2,0.5,linear_srgb_unclipped,1.34275260093,0.0547408230585,0.0407676164772,24.529273144,2,True,PASS
Canon 500D,A,True,0.2,0.5,chromaticity,0.327590731764,0.0177563171531,0.0542027457783,18.4492498607,2,True,PASS
Canon 500D,A,True,0.2,0.65,camera_rgb_wb,1.2846295496,0.0153086914987,0.0119168140757,83.9150458881,2,True,PASS
Canon 500D,A,True,0.2,0.65,linear_srgb_unclipped,1.30230754121,0.0475751787504,0.0365314468703,27.3736762617,2,True,PASS
Canon 500D,A,True,0.2,0.65,chromaticity,0.327475435794,0.0160186359091,0.0489155342911,20.4434033992,2,True,PASS
Canon 500D,A,True,0.2,0.8,camera_rgb_wb,1.24288476417,0.0135645138432,0.0109137341081,91.6276674966,2,True,PASS
Canon 500D,A,True,0.2,0.8,linear_srgb_unclipped,1.26655124388,0.041911228531,0.0330908273419,30.219854876,2,True,PASS
Canon 500D,A,True,0.2,0.8,chromaticity,0.327350713509,0.0146060270963,0.0446188949452,22.4120297293,2,True,PASS
Canon 500D,A,True,0.35,0.2,camera_rgb_wb,0.973710504322,0.0175099778017,0.0179827348313,55.6088942745,2,True,PASS
Canon 500D,A,True,0.35,0.2,linear_srgb_unclipped,0.972351370183,0.0556034302057,0.0571845033707,17.4872551313,2,True,PASS
Canon 500D,A,True,0.35,0.2,chromaticity,0.289667117353,0.0220214703916,0.0760233698352,13.1538499565,2,True,PASS
Canon 500D,A,True,0.35,0.35,camera_rgb_wb,0.933615144719,0.0146731346274,0.015716470229,63.6275184839,2,True,PASS
Canon 500D,A,True,0.35,0.35,linear_srgb_unclipped,0.942004437109,0.0462200975224,0.0490656898223,20.3808405348,2,True,PASS
Canon 500D,A,True,0.35,0.35,chromaticity,0.289112755008,0.0191416678641,0.0662083133053,15.1038434613,2,True,PASS
Canon 500D,A,True,0.35,0.5,camera_rgb_wb,0.899323671907,0.0125873107224,0.0139964187706,71.4468476821,2,True,PASS
Canon 500D,A,True,0.35,0.5,linear_srgb_unclipped,0.916090493659,0.0393666984945,0.0429724997333,23.27069652,2,True,PASS
Canon 500D,A,True,0.35,0.5,chromaticity,0.288636488954,0.0169724128065,0.0588020345869,17.0062142752,2,True,PASS
Canon 500D,A,True,0.35,0.65,camera_rgb_wb,0.869343739636,0.0109848517166,0.0126357978044,79.1402343943,2,True,PASS
Canon 500D,A,True,0.35,0.65,linear_srgb_unclipped,0.893452338769,0.0341341006502,0.0382047247168,26.1747730788,2,True,PASS
Canon 500D,A,True,0.35,0.65,chromaticity,0.288188118394,0.015267433037,0.0529773160744,18.8760034313,2,True,PASS
Canon 500D,A,True,0.35,0.8,camera_rgb_wb,0.842709900997,0.00971318356563,0.0115261296374,86.7593920473,2,True,PASS
Canon 500D,A,True,0.35,0.8,linear_srgb_unclipped,0.873342291407,0.030006056596,0.034357727653,29.1055336983,2,True,PASS
Canon 500D,A,True,0.35,0.8,chromaticity,0.287745119497,0.0138847554303,0.0482536609293,20.7238161984,2,True,PASS
Canon 500D,A,True,0.5,0.2,camera_rgb_wb,0.675201153487,0.0131857320942,0.0195285982942,51.2069522316,2,True,PASS
Canon 500D,A,True,0.5,0.2,linear_srgb_unclipped,0.704854374083,0.0403266861449,0.05721279122,17.4786088683,2,True,PASS
Canon 500D,A,True,0.5,0.2,chromaticity,0.255363545758,0.0203609928514,0.079733357363,12.5418022403,2,True,PASS
Canon 500D,A,True,0.5,0.35,camera_rgb_wb,0.648999632104,0.0110358986685,0.0170044760006,58.8080455971,2,True,PASS
Canon 500D,A,True,0.5,0.35,linear_srgb_unclipped,0.68662169497,0.0334392048911,0.0487010607677,20.5334336509,2,True,PASS
Canon 500D,A,True,0.5,0.35,chromaticity,0.254276259811,0.0176599956855,0.0694520034966,14.3984327255,2,True,PASS
Canon 500D,A,True,0.5,0.5,camera_rgb_wb,0.626555095881,0.00945563309307,0.0150914630736,66.26262776,2,True,PASS
Canon 500D,A,True,0.5,0.5,linear_srgb_unclipped,0.670934629509,0.0284199534162,0.0423587517565,23.6078722468,2,True,PASS
Canon 500D,A,True,0.5,0.5,chromaticity,0.253341113113,0.0156270366003,0.0616837765033,16.2117181646,2,True,PASS
Canon 500D,A,True,0.5,0.65,camera_rgb_wb,0.606902634608,0.00824195530234,0.0135803584172,73.6357590335,2,True,PASS
Canon 500D,A,True,0.5,0.65,linear_srgb_unclipped,0.657129458837,0.0245951958914,0.0374282351226,26.7177973186,2,True,PASS
Canon 500D,A,True,0.5,0.65,chromaticity,0.252485091677,0.0140307574319,0.0555706372152,17.9951148684,2,True,PASS
Canon 500D,A,True,0.5,0.8,camera_rgb_wb,0.589418192748,0.00727914762104,0.012349716569,80.9735182514,2,True,PASS
Canon 500D,A,True,0.5,0.8,linear_srgb_unclipped,0.644778344011,0.0215830874855,0.0334736544519,29.8742403951,2,True,PASS
Canon 500D,A,True,0.5,0.8,chromaticity,0.251673003874,0.0127376653222,0.0506119652332,19.7581736926,2,True,PASS
Canon 500D,A,True,0.65,0.2,camera_rgb_wb,0.480242259176,0.0101166568609,0.0210657364437,47.4704505429,2,True,PASS
Canon 500D,A,True,0.65,0.2,linear_srgb_unclipped,0.534961985702,0.0292449422561,0.0546673278434,18.2924616851,2,True,PASS
Canon 500D,A,True,0.65,0.2,chromaticity,0.225213577754,0.0182014466017,0.0808186024271,12.3733889225,2,True,PASS
Canon 500D,A,True,0.65,0.35,camera_rgb_wb,0.462725542665,0.00846016393186,0.0182833302937,54.6946307887,2,True,PASS
Canon 500D,A,True,0.65,0.35,linear_srgb_unclipped,0.523130069052,0.0242023721513,0.0462645402799,21.6148262568,2,True,PASS
Canon 500D,A,True,0.65,0.35,chromaticity,0.223542491327,0.015771320307,0.0705517783816,14.1739871473,2,True,PASS
Canon 500D,A,True,0.65,0.5,camera_rgb_wb,0.447692508413,0.00724280715025,0.0161780843194,61.8120155798,2,True,PASS
Canon 500D,A,True,0.65,0.5,linear_srgb_unclipped,0.512851324921,0.0205350228729,0.0400408888015,24.9744705957,2,True,PASS
Canon 500D,A,True,0.65,0.5,chromaticity,0.222124404622,0.0139407024909,0.0627607872019,15.9335158876,2,True,PASS
Canon 500D,A,True,0.65,0.65,camera_rgb_wb,0.434506385631,0.00630811728377,0.0145178931596,68.880517924,2,True,PASS
Canon 500D,A,True,0.65,0.65,linear_srgb_unclipped,0.503725111291,0.017745286718,0.0352281161297,28.3864171538,2,True,PASS
Canon 500D,A,True,0.65,0.65,chromaticity,0.220854599553,0.0125029056695,0.0566114796558,17.6642618437,2,True,PASS
Canon 500D,A,True,0.65,0.8,camera_rgb_wb,0.422755337826,0.00556687451362,0.0131680762264,75.9412371866,2,True,PASS
Canon 500D,A,True,0.65,0.8,linear_srgb_unclipped,0.495493044059,0.015551651389,0.0313862153575,31.8611208332,2,True,PASS
Canon 500D,A,True,0.65,0.8,chromaticity,0.219679893154,0.0113382832119,0.0516127491193,19.3750578503,2,True,PASS
Canon 500D,A,True,0.8,0.2,camera_rgb_wb,0.348564476188,0.0077754477651,0.0223070573632,44.8288621721,2,True,PASS
Canon 500D,A,True,0.8,0.2,linear_srgb_unclipped,0.416027599745,0.0211646383585,0.0508731593083,19.6567308497,2,True,PASS
Canon 500D,A,True,0.8,0.2,chromaticity,0.199013818529,0.015814589444,0.0794647806917,12.5841912769,2,True,PASS
Canon 500D,A,True,0.8,0.35,camera_rgb_wb,0.336636738864,0.0064970780004,0.0192999671465,51.8135597023,2,True,PASS
Canon 500D,A,True,0.8,0.35,linear_srgb_unclipped,0.407882261035,0.017490579321,0.0428814415136,23.3201115612,2,True,PASS
Canon 500D,A,True,0.8,0.35,chromaticity,0.196787064792,0.0137017285729,0.0696271809701,14.3622072022,2,True,PASS
Canon 500D,A,True,0.8,0.5,camera_rgb_wb,0.326377112943,0.00555805796532,0.0170295579712,58.7214302153,2,True,PASS
Canon 500D,A,True,0.8,0.5,linear_srgb_unclipped,0.400734010884,0.0148227793015,0.0369890722995,27.0350116354,2,True,PASS
Canon 500D,A,True,0.8,0.5,chromaticity,0.194922033792,0.0121068245927,0.062111113645,16.1001782341,2,True,PASS
Canon 500D,A,True,0.8,0.65,camera_rgb_wb,0.317359172906,0.0048374283724,0.0152427557965,65.6049347866,2,True,PASS
Canon 500D,A,True,0.8,0.65,linear_srgb_unclipped,0.394330693046,0.0127961229636,0.0324502332414,30.8164194865,2,True,PASS
Canon 500D,A,True,0.8,0.65,chromaticity,0.193279434379,0.0108526259163,0.0561499258894,17.8094625088,2,True,PASS
Canon 500D,A,True,0.8,0.8,camera_rgb_wb,0.309306991845,0.00426622762295,0.0137928586661,72.5012866594,2,True,PASS
Canon 500D,A,True,0.8,0.8,linear_srgb_unclipped,0.388509088619,0.0112043734917,0.0288394115348,34.6747713209,2,True,PASS
Canon 500D,A,True,0.8,0.8,chromaticity,0.191786275998,0.00983600688808,0.0512862916646,19.4983877279,2,True,PASS
Canon 50D,A,True,0.2,0.2,camera_rgb_wb,1.45175624147,0.0256506003457,0.0176686688942,56.5973592006,2,True,PASS
Canon 50D,A,True,0.2,0.2,linear_srgb_unclipped,1.44796510027,0.0773665096224,0.0534311977601,18.7156575544,2,True,PASS
Canon 50D,A,True,0.2,0.2,chromaticity,0.334281253223,0.0238681408818,0.0714013742969,14.0053326683,2,True,PASS
Canon 50D,A,True,0.2,0.35,camera_rgb_wb,1.38926022508,0.0215087131128,0.015482134106,64.5905786084,2,True,PASS
Canon 50D,A,True,0.2,0.35,linear_srgb_unclipped,1.39357285704,0.06440844961,0.0462182147741,21.6364912597,2,True,PASS
Canon 50D,A,True,0.2,0.35,chromaticity,0.333842612316,0.0207857033754,0.0622619839667,16.0611650367,2,True,PASS
Canon 50D,A,True,0.2,0.5,camera_rgb_wb,1.33586592922,0.0184636182249,0.013821460538,72.3512538525,2,True,PASS
Canon 50D,A,True,0.2,0.5,linear_srgb_unclipped,1.34734163312,0.0549320676185,0.0407707045252,24.5274152518,2,True,PASS
Canon 50D,A,True,0.2,0.5,chromaticity,0.333498646739,0.0184607331934,0.0553547469351,18.0652980163,2,True,PASS
Canon 50D,A,True,0.2,0.65,camera_rgb_wb,1.28923311913,0.0161246449115,0.0125071600102,79.9542021676,2,True,PASS
Canon 50D,A,True,0.2,0.65,linear_srgb_unclipped,1.30714480497,0.0476896194793,0.0364838075306,27.4094198957,2,True,PASS
Canon 50D,A,True,0.2,0.65,chromaticity,0.333192951514,0.0166313683858,0.0499151266863,20.0340070513,2,True,PASS
Canon 50D,A,True,0.2,0.8,camera_rgb_wb,1.24784639295,0.0142688969875,0.0114348184745,87.4521971844,2,True,PASS
Canon 50D,A,True,0.2,0.8,linear_srgb_unclipped,1.27160526705,0.0419711372918,0.0330064198218,30.2971362965,2,True,PASS
Canon 50D,A,True,0.2,0.8,chromaticity,0.332898764502,0.0151463388368,0.0454983329825,21.9788272327,2,True,PASS
Canon 50D,A,True,0.35,0.2,camera_rgb_wb,0.976828685693,0.0187968885328,0.0192427687763,51.9675734623,2,True,PASS
Canon 50D,A,True,0.35,0.2,linear_srgb_unclipped,0.976634723907,0.0560414934693,0.0573822454777,17.4269931697,2,True,PASS
Canon 50D,A,True,0.35,0.2,chromaticity,0.294655252263,0.0228004557555,0.0773801097396,12.9232176507,2,True,PASS
Canon 50D,A,True,0.35,0.35,camera_rgb_wb,0.937271431361,0.0157205478884,0.0167726737019,59.6207866302,2,True,PASS
Canon 50D,A,True,0.35,0.35,linear_srgb_unclipped,0.946653969756,0.0465116375922,0.0491326705197,20.3530561116,2,True,PASS
Canon 50D,A,True,0.35,0.35,chromaticity,0.293839018482,0.0197863991898,0.0673375486073,14.850555458,2,True,PASS
Canon 50D,A,True,0.35,0.5,camera_rgb_wb,0.903410209186,0.0134623889055,0.0149017453739,67.10623319,2,True,PASS
Canon 50D,A,True,0.35,0.5,linear_srgb_unclipped,0.921030615664,0.0395612823663,0.0429532761382,23.2811112424,2,True,PASS
Canon 50D,A,True,0.35,0.5,chromaticity,0.293146913492,0.0175189482335,0.059761667025,16.7331342946,2,True,PASS
Canon 50D,A,True,0.35,0.65,camera_rgb_wb,0.873784266885,0.0117301829806,0.0134245756363,74.4902503509,2,True,PASS
Canon 50D,A,True,0.35,0.65,linear_srgb_unclipped,0.898628173259,0.0342617077601,0.0381266788419,26.228353226,2,True,PASS
Canon 50D,A,True,0.35,0.65,chromaticity,0.292513551402,0.0157391341642,0.0538065128564,18.5851107406,2,True,PASS
Canon 50D,A,True,0.35,0.8,camera_rgb_wb,0.847447576339,0.0103574846665,0.0122219768581,81.8198243711,2,True,PASS
Canon 50D,A,True,0.35,0.8,linear_srgb_unclipped,0.878712112727,0.0300859234126,0.0342386578913,29.2067522966,2,True,PASS
Canon 50D,A,True,0.35,0.8,chromaticity,0.291907874175,0.0142976175616,0.0489798968324,20.416539533,2,True,PASS
Canon 50D,A,True,0.5,0.2,camera_rgb_wb,0.678475841243,0.0142277224028,0.0209701238244,47.6868905674,2,True,PASS
Canon 50D,A,True,0.5,0.2,linear_srgb_unclipped,0.70870923969,0.0406546646901,0.0573643779611,17.4324212263,2,True,PASS
Canon 50D,A,True,0.5,0.2,chromaticity,0.259385312461,0.0209159747607,0.0806366966669,12.4013016571,2,True,PASS
Canon 50D,A,True,0.5,0.35,camera_rgb_wb,0.652692084532,0.0118838350055,0.0182074140121,54.92268146,2,True,PASS
Canon 50D,A,True,0.5,0.35,linear_srgb_unclipped,0.690782329677,0.033656011717,0.0487215874974,20.5247827783,2,True,PASS
Canon 50D,A,True,0.5,0.35,chromaticity,0.25803891093,0.0181146122575,0.07020108786,14.2447934994,2,True,PASS
Canon 50D,A,True,0.5,0.5,camera_rgb_wb,0.6305786756,0.0101641194849,0.016118717423,62.0396755994,2,True,PASS
Canon 50D,A,True,0.5,0.5,linear_srgb_unclipped,0.675328748553,0.0285638833054,0.0422962643995,23.6427498787,2,True,PASS
Canon 50D,A,True,0.5,0.5,chromaticity,0.256894566244,0.0160083986172,0.0623150534137,16.0474868466,2,True,PASS
Canon 50D,A,True,0.5,0.65,camera_rgb_wb,0.61119626376,0.00884555370568,0.0144725258156,69.0964391938,2,True,PASS
Canon 50D,A,True,0.5,0.65,linear_srgb_unclipped,0.661706014704,0.0246891836695,0.0373114088748,26.8014537686,2,True,PASS
Canon 50D,A,True,0.5,0.65,chromaticity,0.255862409256,0.0143565113605,0.0561102797487,17.8220462361,2,True,PASS
Canon 50D,A,True,0.5,0.8,camera_rgb_wb,0.593936489329,0.0078011356543,0.0131346293661,76.1346188104,2,True,PASS
Canon 50D,A,True,0.5,0.8,linear_srgb_unclipped,0.64949949193,0.0216417274168,0.0333206225497,30.0114440692,2,True,PASS
Canon 50D,A,True,0.5,0.8,chromaticity,0.254897844145,0.0130199107339,0.0510789362598,19.5775416096,2,True,PASS
Canon 50D,A,True,0.65,0.2,camera_rgb_wb,0.483475620087,0.0109001699157,0.0225454386175,44.3548700456,2,True,PASS
Canon 50D,A,True,0.65,0.2,linear_srgb_unclipped,0.537987001338,0.0294494234173,0.0547400278149,18.2681675534,2,True,PASS
Canon 50D,A,True,0.65,0.2,chromaticity,0.228611186083,0.0185461799681,0.0811254264757,12.3265915933,2,True,PASS
Canon 50D,A,True,0.65,0.35,camera_rgb_wb,0.466269207613,0.00909708579861,0.0195103722272,51.2547883943,2,True,PASS
Canon 50D,A,True,0.65,0.35,linear_srgb_unclipped,0.526393082659,0.024332128375,0.0462242555547,21.6336637118,2,True,PASS
Canon 50D,A,True,0.65,0.35,chromaticity,0.226687862389,0.0160490166215,0.0707978647484,14.1247197716,2,True,PASS
Canon 50D,A,True,0.65,0.5,camera_rgb_wb,0.451479753254,0.00777458192408,0.0172202227631,58.0712580642,2,True,PASS
Canon 50D,A,True,0.65,0.5,linear_srgb_unclipped,0.516292364136,0.0206165162312,0.0399318635395,25.0426579519,2,True,PASS
Canon 50D,A,True,0.65,0.5,chromaticity,0.225070546231,0.0141695658192,0.0629561089023,15.8840820603,2,True,PASS
Canon 50D,A,True,0.65,0.65,camera_rgb_wb,0.438490311375,0.00676092532507,0.0154186424413,64.8565529557,2,True,PASS
Canon 50D,A,True,0.65,0.65,linear_srgb_unclipped,0.507302347797,0.0177941857623,0.0350760958224,28.5094442968,2,True,PASS
Canon 50D,A,True,0.65,0.65,chromaticity,0.223636219324,0.0126948873296,0.0567657929829,17.6162429423,2,True,PASS
Canon 50D,A,True,0.65,0.8,camera_rgb_wb,0.426901208069,0.00595832211721,0.0139571451301,71.6478900722,2,True,PASS
Canon 50D,A,True,0.65,0.8,linear_srgb_unclipped,0.499175838326,0.0155778227205,0.0312070848075,32.0440055894,2,True,PASS
Canon 50D,A,True,0.65,0.8,chromaticity,0.222321541557,0.0115016048603,0.0517340999876,19.329610455,2,True,PASS
Canon 50D,A,True,0.8,0.2,camera_rgb_wb,0.351573196395,0.00834006146214,0.0237221197397,42.1547488577,2,True,PASS
Canon 50D,A,True,0.8,0.2,linear_srgb_unclipped,0.418196366948,0.0212720007277,0.0508660581701,19.6594750208,2,True,PASS
Canon 50D,A,True,0.8,0.2,chromaticity,0.202028306699,0.0159838647472,0.0791169564722,12.6395155298,2,True,PASS
Canon 50D,A,True,0.8,0.35,camera_rgb_wb,0.339870287205,0.0069554504309,0.0204650147211,48.8638788503,2,True,PASS
Canon 50D,A,True,0.8,0.35,linear_srgb_unclipped,0.410233716735,0.0175520224077,0.0427854213139,23.3724471863,2,True,PASS
Canon 50D,A,True,0.8,0.35,chromaticity,0.199561037935,0.0138325455137,0.0693148605399,14.4269207528,2,True,PASS
Canon 50D,A,True,0.8,0.5,camera_rgb_wb,0.329785281607,0.00594037300923,0.0180128506047,55.515921491,2,True,PASS
Canon 50D,A,True,0.8,0.5,linear_srgb_unclipped,0.403220926775,0.0148551918239,0.0368413215622,27.1434345348,2,True,PASS
Canon 50D,A,True,0.8,0.5,chromaticity,0.197509967311,0.0122097661864,0.0618184811261,16.1763922662,2,True,PASS
Canon 50D,A,True,0.8,0.65,camera_rgb_wb,0.320906776626,0.00516271723659,0.0160879034431,62.1585033461,2,True,PASS
Canon 50D,A,True,0.8,0.65,linear_srgb_unclipped,0.396920288724,0.0128093768583,0.0322719125784,30.9866977227,2,True,PASS
Canon 50D,A,True,0.8,0.65,chromaticity,0.195716645536,0.010934735018,0.0558702351963,17.8986180475,2,True,PASS
Canon 50D,A,True,0.8,0.8,camera_rgb_wb,0.312968053768,0.00454726919278,0.0145294995385,68.8254951489,2,True,PASS
Canon 50D,A,True,0.8,0.8,linear_srgb_unclipped,0.391177475086,0.0112046062426,0.0286432807515,34.9122018764,2,True,PASS
Canon 50D,A,True,0.8,0.8,chromaticity,0.194097482089,0.00990215097579,0.0510163803734,19.6015474379,2,True,PASS
Canon 5DMarkII,A,True,0.2,0.2,camera_rgb_wb,1.47168253682,0.0333565333421,0.0226655766495,44.1197687341,2,True,PASS
Canon 5DMarkII,A,True,0.2,0.2,linear_srgb_unclipped,1.45850095741,0.079590893121,0.0545703399897,18.3249728733,2,True,PASS
Canon 5DMarkII,A,True,0.2,0.2,chromaticity,0.440339903844,0.0320871481962,0.0728690448357,13.7232483595,2,True,PASS
Canon 5DMarkII,A,True,0.2,0.35,camera_rgb_wb,1.40777452523,0.0280164178123,0.0199012109611,50.2481985621,2,True,PASS
Canon 5DMarkII,A,True,0.2,0.35,linear_srgb_unclipped,1.40468741677,0.0662218823925,0.0471435008259,21.2118315882,2,True,PASS
Canon 5DMarkII,A,True,0.2,0.35,chromaticity,0.440333134516,0.0279690851447,0.0635180115969,15.7435658777,2,True,PASS
Canon 5DMarkII,A,True,0.2,0.5,camera_rgb_wb,1.35313949733,0.0240911043848,0.0178038586799,56.1675992815,2,True,PASS
Canon 5DMarkII,A,True,0.2,0.5,linear_srgb_unclipped,1.35882577128,0.05645575521,0.0415474569319,24.0688618232,2,True,PASS
Canon 5DMarkII,A,True,0.2,0.5,chromaticity,0.440363593784,0.0248646208579,0.0564638430806,17.7104487658,2,True,PASS
Canon 5DMarkII,A,True,0.2,0.65,camera_rgb_wb,1.30540507237,0.0210755520118,0.0161448369229,61.9393063413,2,True,PASS
Canon 5DMarkII,A,True,0.2,0.65,linear_srgb_unclipped,1.31886132616,0.0489982558697,0.0371519392508,26.9164953476,2,True,PASS
Canon 5DMarkII,A,True,0.2,0.65,chromaticity,0.440390385074,0.0224219667858,0.0509138426854,19.6410238799,2,True,PASS
Canon 5DMarkII,A,True,0.2,0.8,camera_rgb_wb,1.26303107087,0.0186822418606,0.0147915932485,67.6059693638,2,True,PASS
Canon 5DMarkII,A,True,0.2,0.8,linear_srgb_unclipped,1.28345964343,0.0431140603871,0.0335920654833,29.7689345866,2,True,PASS
Canon 5DMarkII,A,True,0.2,0.8,chromaticity,0.440395672221,0.0204385847605,0.0464095949386,21.5472684328,2,True,PASS
Canon 5DMarkII,A,True,0.35,0.2,camera_rgb_wb,0.971518702825,0.0232670322578,0.0239491346797,41.7551620706,2,True,PASS
Canon 5DMarkII,A,True,0.35,0.2,linear_srgb_unclipped,0.981601766747,0.0574083380096,0.0584843466611,17.0985923087,2,True,PASS
Canon 5DMarkII,A,True,0.35,0.2,chromaticity,0.391141911531,0.031889174411,0.0815284004882,12.2656644067,2,True,PASS
Canon 5DMarkII,A,True,0.35,0.35,camera_rgb_wb,0.932011424078,0.019485646085,0.0209070893142,47.8306657121,2,True,PASS
Canon 5DMarkII,A,True,0.35,0.35,linear_srgb_unclipped,0.951793510842,0.0476362161879,0.0500488978389,19.9804599737,2,True,PASS
Canon 5DMarkII,A,True,0.35,0.35,chromaticity,0.390694048981,0.0276880815703,0.0708689616403,14.1105496236,2,True,PASS
Canon 5DMarkII,A,True,0.35,0.5,camera_rgb_wb,0.898178909273,0.0167109027561,0.0186053163613,53.7480782686,2,True,PASS
Canon 5DMarkII,A,True,0.35,0.5,linear_srgb_unclipped,0.926269286375,0.0405137078606,0.0437385849412,22.8631081994,2,True,PASS
Canon 5DMarkII,A,True,0.35,0.5,chromaticity,0.390298560835,0.0245308106137,0.0628513990963,15.9105447831,2,True,PASS
Canon 5DMarkII,A,True,0.35,0.65,camera_rgb_wb,0.868571567637,0.0145825279247,0.016789091962,59.5624827276,2,True,PASS
Canon 5DMarkII,A,True,0.35,0.65,linear_srgb_unclipped,0.903918620322,0.0350855311532,0.0388149224547,25.7632873328,2,True,PASS
Canon 5DMarkII,A,True,0.35,0.65,chromaticity,0.389911225377,0.0220534871799,0.0565602776852,17.6802526601,2,True,PASS
Canon 5DMarkII,A,True,0.35,0.8,camera_rgb_wb,0.842248685622,0.0128957026507,0.0153110392106,65.3123531488,2,True,PASS
Canon 5DMarkII,A,True,0.35,0.8,linear_srgb_unclipped,0.884022332356,0.0308100759839,0.0348521466667,28.6926372015,2,True,PASS
Canon 5DMarkII,A,True,0.35,0.8,chromaticity,0.389513138524,0.0200471250894,0.0514671344986,19.4298751959,2,True,PASS
Canon 5DMarkII,A,True,0.5,0.2,camera_rgb_wb,0.667357800384,0.0168871677523,0.0253045184196,39.5186339221,2,True,PASS
Canon 5DMarkII,A,True,0.5,0.2,linear_srgb_unclipped,0.710617990796,0.0415246128217,0.0584345082161,17.1131755966,2,True,PASS
Canon 5DMarkII,A,True,0.5,0.2,chromaticity,0.344724348161,0.0304218303435,0.0882497291118,11.3314795418,2,True,PASS
Canon 5DMarkII,A,True,0.5,0.35,camera_rgb_wb,0.642047246254,0.0141177685532,0.0219886754995,45.477955233,2,True,PASS
Canon 5DMarkII,A,True,0.5,0.35,linear_srgb_unclipped,0.692769349956,0.0343776271417,0.0496234816738,20.1517500641,2,True,PASS
Canon 5DMarkII,A,True,0.5,0.35,chromaticity,0.343642699663,0.0263462736924,0.0766676368163,13.0433132092,2,True,PASS
Canon 5DMarkII,A,True,0.5,0.5,camera_rgb_wb,0.620334802783,0.0120866287375,0.0194840410103,51.3240553884,2,True,PASS
Canon 5DMarkII,A,True,0.5,0.5,linear_srgb_unclipped,0.677364597936,0.0291791291131,0.0430774345191,23.2140100998,2,True,PASS
Canon 5DMarkII,A,True,0.5,0.5,chromaticity,0.342689926769,0.0232873618788,0.0679546145355,14.7157041039,2,True,PASS
Canon 5DMarkII,A,True,0.5,0.65,camera_rgb_wb,0.601301951543,0.0105295328862,0.0175112235362,57.1062323505,2,True,PASS
Canon 5DMarkII,A,True,0.5,0.65,linear_srgb_unclipped,0.663771489795,0.0252243622132,0.0380015752423,26.3146986309,2,True,PASS
Canon 5DMarkII,A,True,0.5,0.65,chromaticity,0.341798907481,0.0208905445529,0.0611194011906,16.3614168418,2,True,PASS
Canon 5DMarkII,A,True,0.5,0.8,camera_rgb_wb,0.584353009195,0.00929622627957,0.0159085794602,62.8591636673,2,True,PASS
Canon 5DMarkII,A,True,0.5,0.8,linear_srgb_unclipped,0.651581498781,0.0221144338496,0.0339396282597,29.4640822919,2,True,PASS
Canon 5DMarkII,A,True,0.5,0.8,chromaticity,0.340938092544,0.0189521642808,0.0555882862469,17.9894015001,2,True,PASS
Canon 5DMarkII,A,True,0.65,0.2,camera_rgb_wb,0.473288034529,0.0125908027901,0.026602833521,37.5899807519,2,True,PASS
Canon 5DMarkII,A,True,0.65,0.2,linear_srgb_unclipped,0.538611586649,0.0300357727339,0.0557651812149,17.9323365981,2,True,PASS
Canon 5DMarkII,A,True,0.65,0.2,chromaticity,0.302776083789,0.0280040147414,0.0924908413867,10.8118813172,2,True,PASS
Canon 5DMarkII,A,True,0.65,0.35,camera_rgb_wb,0.456593108205,0.010513782317,0.0230265900384,43.42805419,2,True,PASS
Canon 5DMarkII,A,True,0.65,0.35,linear_srgb_unclipped,0.527072539883,0.0248213929448,0.0470929351591,21.2346076247,2,True,PASS
Canon 5DMarkII,A,True,0.65,0.35,chromaticity,0.300976908895,0.0242182691897,0.0804655389631,12.427680382,2,True,PASS
Canon 5DMarkII,A,True,0.65,0.5,camera_rgb_wb,0.442240856151,0.00899079189618,0.0203300797996,49.1881984655,2,True,PASS
Canon 5DMarkII,A,True,0.65,0.5,linear_srgb_unclipped,0.517011681227,0.0210355591331,0.0406868159789,24.5779861594,2,True,PASS
Canon 5DMarkII,A,True,0.65,0.5,chromaticity,0.299424300544,0.0213760968585,0.0713906547318,14.0074356196,2,True,PASS
Canon 5DMarkII,A,True,0.65,0.65,camera_rgb_wb,0.429634159353,0.00782364600791,0.0182100185415,54.9148260184,2,True,PASS
Canon 5DMarkII,A,True,0.65,0.65,linear_srgb_unclipped,0.508051360152,0.0181599919812,0.0357444018569,27.9764088375,2,True,PASS
Canon 5DMarkII,A,True,0.65,0.65,chromaticity,0.298014239817,0.0191494777191,0.0642569218534,15.5625257351,2,True,PASS
Canon 5DMarkII,A,True,0.65,0.8,camera_rgb_wb,0.418385873067,0.00689957830899,0.016490944731,60.6393397292,2,True,PASS
Canon 5DMarkII,A,True,0.65,0.8,linear_srgb_unclipped,0.49994736294,0.0159018353363,0.0318070191287,31.4396013017,2,True,PASS
Canon 5DMarkII,A,True,0.65,0.8,chromaticity,0.296694356843,0.0173495299807,0.0584761037093,17.1010025731,2,True,PASS
Canon 5DMarkII,A,True,0.8,0.2,camera_rgb_wb,0.343963919938,0.00948545185472,0.0275768803206,36.2622598487,2,True,PASS
Canon 5DMarkII,A,True,0.8,0.2,linear_srgb_unclipped,0.4183891192,0.0216877366997,0.0518362827915,19.2915067622,2,True,PASS
Canon 5DMarkII,A,True,0.8,0.2,chromaticity,0.265910868373,0.0249870823603,0.0939678867331,10.6419334814,2,True,PASS
Canon 5DMarkII,A,True,0.8,0.35,camera_rgb_wb,0.332690916647,0.00791324036981,0.0237855618349,42.0423115057,2,True,PASS
Canon 5DMarkII,A,True,0.8,0.35,linear_srgb_unclipped,0.410469303038,0.0179001174732,0.0436089065388,22.9310954887,2,True,PASS
Canon 5DMarkII,A,True,0.8,0.35,chromaticity,0.263404052466,0.0215997093033,0.082002190555,12.1947961784,2,True,PASS
Canon 5DMarkII,A,True,0.8,0.5,camera_rgb_wb,0.322973649392,0.00676085735119,0.0209331546518,47.7711083988,2,True,PASS
Canon 5DMarkII,A,True,0.8,0.5,linear_srgb_unclipped,0.403490027641,0.0151540433816,0.0375574173919,26.625898942,2,True,PASS
Canon 5DMarkII,A,True,0.8,0.5,chromaticity,0.261280488782,0.0190525042004,0.0729197357567,13.7137084991,2,True,PASS
Canon 5DMarkII,A,True,0.8,0.65,camera_rgb_wb,0.31441688402,0.00587811999256,0.0186953064269,53.4893612954,2,True,PASS
Canon 5DMarkII,A,True,0.8,0.65,linear_srgb_unclipped,0.397216377882,0.0130706953237,0.0329057311116,30.3898429306,2,True,PASS
Canon 5DMarkII,A,True,0.8,0.65,chromaticity,0.259392194437,0.0170552402245,0.0657507842959,15.2089440561,2,True,PASS
Canon 5DMarkII,A,True,0.8,0.8,camera_rgb_wb,0.306764261954,0.00517956183675,0.0168845021377,59.2259097629,2,True,PASS
Canon 5DMarkII,A,True,0.8,0.8,linear_srgb_unclipped,0.391495796395,0.0114363264367,0.0292118754327,34.2326531654,2,True,PASS
Canon 5DMarkII,A,True,0.8,0.8,chromaticity,0.257661846433,0.015440050741,0.0599236982687,16.6878885798,2,True,PASS
Canon 600D,A,True,0.2,0.2,camera_rgb_wb,1.46437749005,0.0311416295973,0.0212661214809,47.0231490448,2,True,PASS
Canon 600D,A,True,0.2,0.2,linear_srgb_unclipped,1.45485082925,0.0799594781621,0.0549606025269,18.1948514758,2,True,PASS
Canon 600D,A,True,0.2,0.2,chromaticity,0.410692231078,0.0296614108119,0.0722229654407,13.8460113608,2,True,PASS
Canon 600D,A,True,0.2,0.35,camera_rgb_wb,1.40139749531,0.0261136144966,0.0186339811395,53.6653972391,2,True,PASS
Canon 600D,A,True,0.2,0.35,linear_srgb_unclipped,1.40098949638,0.0665322178886,0.0474894480368,21.0573093885,2,True,PASS
Canon 600D,A,True,0.2,0.35,chromaticity,0.410412149613,0.0258117760384,0.0628923292421,15.9001902466,2,True,PASS
Canon 600D,A,True,0.2,0.5,camera_rgb_wb,1.34756289066,0.0224209389416,0.0166381391897,60.1028750031,2,True,PASS
Canon 600D,A,True,0.2,0.5,linear_srgb_unclipped,1.35510949838,0.0567239944674,0.0418593438651,23.8895287806,2,True,PASS
Canon 600D,A,True,0.2,0.5,chromaticity,0.410186757909,0.0229127965543,0.0558594252803,17.902081788,2,True,PASS
Canon 600D,A,True,0.2,0.65,camera_rgb_wb,1.3005315327,0.0195864986763,0.0150603796861,66.3993883849,2,True,PASS
Canon 600D,A,True,0.2,0.65,linear_srgb_unclipped,1.31514680991,0.0492340310211,0.0374361483069,26.7121497597,2,True,PASS
Canon 600D,A,True,0.2,0.65,chromaticity,0.409970125772,0.0206342217456,0.0503310374304,19.8684559479,2,True,PASS
Canon 600D,A,True,0.2,0.8,camera_rgb_wb,1.25878364825,0.0173387353284,0.0137741980939,72.5995076578,2,True,PASS
Canon 600D,A,True,0.2,0.8,linear_srgb_unclipped,1.27976111363,0.0433237390235,0.0338529890947,29.5394890301,2,True,PASS
Canon 600D,A,True,0.2,0.8,chromaticity,0.409742043994,0.0187859562803,0.0458482514931,21.8110825917,2,True,PASS
Canon 600D,A,True,0.35,0.2,camera_rgb_wb,0.974523409817,0.0222976337725,0.0228805522246,43.7052388501,2,True,PASS
Canon 600D,A,True,0.35,0.2,linear_srgb_unclipped,0.979592731937,0.057743043553,0.0589459697591,16.9646882406,2,True,PASS
Canon 600D,A,True,0.35,0.2,chromaticity,0.364171899429,0.0289528401375,0.0795032241172,12.5781062479,2,True,PASS
Canon 600D,A,True,0.35,0.35,camera_rgb_wb,0.935347798574,0.0186502538896,0.0199393786119,50.152014236,2,True,PASS
Canon 600D,A,True,0.35,0.35,linear_srgb_unclipped,0.949753992557,0.0479233686366,0.0504587177439,19.8181809747,2,True,PASS
Canon 600D,A,True,0.35,0.35,chromaticity,0.363335524401,0.0251081881617,0.0691046882992,14.4707982137,2,True,PASS
Canon 600D,A,True,0.35,0.5,camera_rgb_wb,0.901802893637,0.0159749810516,0.0177144930054,56.4509523188,2,True,PASS
Canon 600D,A,True,0.35,0.5,linear_srgb_unclipped,0.924221520455,0.0407654330273,0.0441078595608,22.6716963815,2,True,PASS
Canon 600D,A,True,0.35,0.5,chromaticity,0.362598018673,0.0222201470908,0.0612803874994,16.3184346706,2,True,PASS
Canon 600D,A,True,0.35,0.65,camera_rgb_wb,0.872448617102,0.0139238532743,0.0159595109687,62.6585615286,2,True,PASS
Canon 600D,A,True,0.35,0.65,linear_srgb_unclipped,0.901877043668,0.0353093552997,0.0391509635905,25.5421554999,2,True,PASS
Canon 600D,A,True,0.35,0.65,chromaticity,0.361901402887,0.0199553927425,0.0551404127845,18.1355189325,2,True,PASS
Canon 600D,A,True,0.35,0.8,camera_rgb_wb,0.84635091213,0.0122990180751,0.014531818775,68.8145107975,2,True,PASS
Canon 600D,A,True,0.35,0.8,linear_srgb_unclipped,0.881996661401,0.0310111405252,0.0351601563615,28.4412842116,2,True,PASS
Canon 600D,A,True,0.35,0.8,chromaticity,0.361219119655,0.0181223572998,0.0501699835743,19.9322369424,2,True,PASS
Canon 600D,A,True,0.5,0.2,camera_rgb_wb,0.673324190328,0.016529586655,0.0245492244189,40.7344844357,2,True,PASS
Canon 600D,A,True,0.5,0.2,linear_srgb_unclipped,0.709485425714,0.0418066421411,0.0589253008249,16.9706388597,2,True,PASS
Canon 600D,A,True,0.5,0.2,chromaticity,0.320614017799,0.0271661172052,0.0847315329244,11.8019816884,2,True,PASS
Canon 600D,A,True,0.5,0.35,camera_rgb_wb,0.648134433251,0.0138052308903,0.0212999497976,46.9484674613,2,True,PASS
Canon 600D,A,True,0.5,0.35,linear_srgb_unclipped,0.691617017847,0.0346208180835,0.0500577880389,19.9769114693,2,True,PASS
Canon 600D,A,True,0.5,0.35,chromaticity,0.319092340077,0.0235082300519,0.0736721854441,13.5736437567,2,True,PASS
Canon 600D,A,True,0.5,0.5,camera_rgb_wb,0.626524567495,0.0118077306929,0.0188463969419,53.0605400641,2,True,PASS
Canon 600D,A,True,0.5,0.5,linear_srgb_unclipped,0.67620832034,0.0293930869956,0.043467502708,23.005692476,2,True,PASS
Canon 600D,A,True,0.5,0.5,chromaticity,0.317763860283,0.0207625390993,0.0653395231315,15.3046724566,2,True,PASS
Canon 600D,A,True,0.5,0.65,camera_rgb_wb,0.607579948804,0.010276933589,0.0169145371062,59.1207429279,2,True,PASS
Canon 600D,A,True,0.5,0.65,linear_srgb_unclipped,0.662621362515,0.025415179599,0.0383555089479,26.0718740913,2,True,PASS
Canon 600D,A,True,0.5,0.65,chromaticity,0.316542262126,0.0186114646513,0.0587961447117,17.0079178644,2,True,PASS
Canon 600D,A,True,0.5,0.8,camera_rgb_wb,0.590707604766,0.00906487966023,0.0153457981362,65.1644177206,2,True,PASS
Canon 600D,A,True,0.5,0.8,linear_srgb_unclipped,0.650444187984,0.0222863295157,0.0342632464513,29.185792462,2,True,PASS
Canon 600D,A,True,0.5,0.8,chromaticity,0.315385014548,0.0168723153136,0.053497517432,18.6924561737,2,True,PASS
Canon 600D,A,True,0.65,0.2,camera_rgb_wb,0.479502879102,0.0124749029427,0.0260163254203,38.4374035858,2,True,PASS
Canon 600D,A,True,0.65,0.2,linear_srgb_unclipped,0.538008351872,0.0302652378051,0.0562542155708,17.7764455491,2,True,PASS
Canon 600D,A,True,0.65,0.2,chromaticity,0.281385389176,0.0246334917297,0.0875436063038,11.4228787483,2,True,PASS
Canon 600D,A,True,0.65,0.35,camera_rgb_wb,0.462854123123,0.0104079406358,0.0224864382013,44.4712493392,2,True,PASS
Canon 600D,A,True,0.65,0.35,linear_srgb_unclipped,0.526453938002,0.0250191356602,0.0475238835806,21.0420513783,2,True,PASS
Canon 600D,A,True,0.65,0.35,chromaticity,0.279150844795,0.0212945752896,0.0762833990536,13.109012084,2,True,PASS
Canon 600D,A,True,0.65,0.5,camera_rgb_wb,0.448538016288,0.00889292838102,0.0198264763701,50.4376058223,2,True,PASS
Canon 600D,A,True,0.65,0.5,linear_srgb_unclipped,0.516389565768,0.0212094054081,0.0410724902555,24.3471967192,2,True,PASS
Canon 600D,A,True,0.65,0.5,chromaticity,0.277233142419,0.018786422836,0.0677639861962,14.7571011703,2,True,PASS
Canon 600D,A,True,0.65,0.65,camera_rgb_wb,0.435959821801,0.00773234651241,0.0177363741467,56.3813094901,2,True,PASS
Canon 600D,A,True,0.65,0.65,linear_srgb_unclipped,0.507433301999,0.0183149570165,0.0360933288067,27.7059510181,2,True,PASS
Canon 600D,A,True,0.65,0.65,chromaticity,0.27550738442,0.016821036423,0.0610547570563,16.3787401378,2,True,PASS
Canon 600D,A,True,0.65,0.8,camera_rgb_wb,0.42473397842,0.00681382593128,0.0160425731811,62.3341398362,2,True,PASS
Canon 600D,A,True,0.65,0.8,linear_srgb_unclipped,0.499338363135,0.0160414030495,0.0321253166866,31.12809781,2,True,PASS
Canon 600D,A,True,0.65,0.8,chromaticity,0.273909057412,0.0152322221493,0.0556105091711,17.9822126232,2,True,PASS
Canon 600D,A,True,0.8,0.2,camera_rgb_wb,0.349562968802,0.0094458265967,0.027021817068,37.0071338091,2,True,PASS
Canon 600D,A,True,0.8,0.2,linear_srgb_unclipped,0.418136434406,0.0218715589616,0.0523072307551,19.1178157506,2,True,PASS
Canon 600D,A,True,0.8,0.2,chromaticity,0.246915741602,0.0216856881353,0.0878262681619,11.3861151217,2,True,PASS
Canon 600D,A,True,0.8,0.35,camera_rgb_wb,0.338308058966,0.00787348975082,0.0232731368412,42.9679938214,2,True,PASS
Canon 600D,A,True,0.8,0.35,linear_srgb_unclipped,0.410204293146,0.0180580671694,0.0440221310969,22.7158471224,2,True,PASS
Canon 600D,A,True,0.8,0.35,chromaticity,0.244020592354,0.0187437462104,0.076812149457,13.0187738147,2,True,PASS
Canon 600D,A,True,0.8,0.5,camera_rgb_wb,0.328602125041,0.00672164105356,0.0204552574111,48.8871872839,2,True,PASS
Canon 600D,A,True,0.8,0.5,linear_srgb_unclipped,0.403221812861,0.0152925601574,0.0379259248127,26.367188274,2,True,PASS
Canon 600D,A,True,0.8,0.5,chromaticity,0.24157463678,0.0165294208131,0.0684236600059,14.6148276768,2,True,PASS
Canon 600D,A,True,0.8,0.65,camera_rgb_wb,0.320051754701,0.00583974743191,0.0182462596944,54.8057528913,2,True,PASS
Canon 600D,A,True,0.8,0.65,linear_srgb_unclipped,0.396950813805,0.0131939236835,0.0332381827285,30.0858806924,2,True,PASS
Canon 600D,A,True,0.8,0.65,chromaticity,0.239410722834,0.0147922687434,0.061786157981,16.1848548717,2,True,PASS
Canon 600D,A,True,0.8,0.8,camera_rgb_wb,0.312401743036,0.00514217862972,0.0164601470521,60.7527986738,2,True,PASS
Canon 600D,A,True,0.8,0.8,linear_srgb_unclipped,0.391236770023,0.0115471420085,0.0295144600234,33.8816972836,2,True,PASS
Canon 600D,A,True,0.8,0.8,chromaticity,0.237440157964,0.0133870526474,0.0563807435195,17.736552191,2,True,PASS
Canon 60D,A,True,0.2,0.2,camera_rgb_wb,1.45921753247,0.0313374470601,0.0214755143512,46.5646588783,2,True,PASS
Canon 60D,A,True,0.2,0.2,linear_srgb_unclipped,1.44870373929,0.0790626867096,0.0545747792078,18.3234822846,2,True,PASS
Canon 60D,A,True,0.2,0.2,chromaticity,0.414360360669,0.0299929233612,0.072383669405,13.8152708784,2,True,PASS
Canon 60D,A,True,0.2,0.35,camera_rgb_wb,1.39603253321,0.0262822402156,0.0188263808976,53.1169535685,2,True,PASS
Canon 60D,A,True,0.2,0.35,linear_srgb_unclipped,1.39457220692,0.0657960536178,0.0471800981628,21.1953776897,2,True,PASS
Canon 60D,A,True,0.2,0.35,chromaticity,0.413847830823,0.0261123886003,0.0630965940992,15.8487159929,2,True,PASS
Canon 60D,A,True,0.2,0.5,camera_rgb_wb,1.34208076242,0.0225674494746,0.016815269324,59.4697581543,2,True,PASS
Canon 60D,A,True,0.2,0.5,linear_srgb_unclipped,1.34854974214,0.0560998692281,0.0416001482742,24.0383758589,2,True,PASS
Canon 60D,A,True,0.2,0.5,chromaticity,0.41344297167,0.023187462865,0.056083824019,17.8304532098,2,True,PASS
Canon 60D,A,True,0.2,0.65,camera_rgb_wb,1.29498753997,0.0197148778116,0.0152239903498,65.6858009644,2,True,PASS
Canon 60D,A,True,0.2,0.65,linear_srgb_unclipped,1.30852415353,0.0486925971693,0.0372118443806,26.8731640864,2,True,PASS
Canon 60D,A,True,0.2,0.65,chromaticity,0.413082808247,0.0208869296648,0.0505635413719,19.7770957664,2,True,PASS
Canon 60D,A,True,0.2,0.8,camera_rgb_wb,1.25321436176,0.0174520571142,0.0139258355528,71.8089766469,2,True,PASS
Canon 60D,A,True,0.2,0.8,linear_srgb_unclipped,1.27312744839,0.0428458847046,0.0336540420669,29.7141127361,2,True,PASS
Canon 60D,A,True,0.2,0.8,chromaticity,0.412737018485,0.0190198544593,0.0460822596652,21.7003247511,2,True,PASS
Canon 60D,A,True,0.35,0.2,camera_rgb_wb,0.970804957537,0.0225323496643,0.0232099655954,43.0849410737,2,True,PASS
Canon 60D,A,True,0.35,0.2,linear_srgb_unclipped,0.977123857056,0.057246510233,0.0585867490796,17.0687060762,2,True,PASS
Canon 60D,A,True,0.35,0.2,chromaticity,0.366546463363,0.0292940168291,0.0799189727827,12.5126733388,2,True,PASS
Canon 60D,A,True,0.35,0.35,camera_rgb_wb,0.931629249079,0.0188441223967,0.0202270618009,49.4387177852,2,True,PASS
Canon 60D,A,True,0.35,0.35,linear_srgb_unclipped,0.947274261327,0.0475036714825,0.0501477485686,19.9410746952,2,True,PASS
Canon 60D,A,True,0.35,0.35,chromaticity,0.365582015219,0.0254083314717,0.0695010433064,14.3882732176,2,True,PASS
Canon 60D,A,True,0.35,0.5,camera_rgb_wb,0.898106599704,0.0161386458665,0.0179696328607,55.6494396825,2,True,PASS
Canon 60D,A,True,0.35,0.5,linear_srgb_unclipped,0.92175735068,0.0404009688023,0.0438303733325,22.8152288919,2,True,PASS
Canon 60D,A,True,0.35,0.5,chromaticity,0.364749971923,0.0224881598632,0.0616536301418,16.2196450996,2,True,PASS
Canon 60D,A,True,0.35,0.65,camera_rgb_wb,0.868787256493,0.0140642757872,0.016188400189,61.7726265922,2,True,PASS
Canon 60D,A,True,0.35,0.65,linear_srgb_unclipped,0.89944322226,0.0349867443259,0.0388982244349,25.7081143042,2,True,PASS
Canon 60D,A,True,0.35,0.65,chromaticity,0.363980935441,0.0201975056964,0.0554905593392,18.0210834403,2,True,PASS
Canon 60D,A,True,0.35,0.8,camera_rgb_wb,0.842731834362,0.0124210105025,0.0147389833824,67.8472845822,2,True,PASS
Canon 60D,A,True,0.35,0.8,linear_srgb_unclipped,0.87960158582,0.0307214749591,0.034926579777,28.6314894383,2,True,PASS
Canon 60D,A,True,0.35,0.8,chromaticity,0.36324175153,0.0183430917957,0.0504983023522,19.8026458994,2,True,PASS
Canon 60D,A,True,0.5,0.2,camera_rgb_wb,0.670956654427,0.0167415335798,0.0249517364041,40.0773711218,2,True,PASS
Canon 60D,A,True,0.5,0.2,linear_srgb_unclipped,0.708950686103,0.0415105216689,0.0585520579676,17.0788189982,2,True,PASS
Canon 60D,A,True,0.5,0.2,chromaticity,0.322424945661,0.0274674478978,0.0851902071085,11.7384384185,2,True,PASS
Canon 60D,A,True,0.5,0.35,camera_rgb_wb,0.645801191607,0.0139787663941,0.021645618769,46.19872551,2,True,PASS
Canon 60D,A,True,0.5,0.35,linear_srgb_unclipped,0.691092173508,0.0343641232953,0.0497243705147,20.110862936,2,True,PASS
Canon 60D,A,True,0.5,0.35,chromaticity,0.320837868673,0.0237694052573,0.0740854106643,13.4979342226,2,True,PASS
Canon 60D,A,True,0.5,0.5,camera_rgb_wb,0.624229520366,0.0119533974139,0.0191490421774,52.2219331251,2,True,PASS
Canon 60D,A,True,0.5,0.5,linear_srgb_unclipped,0.675695955083,0.0291658689718,0.0431641905688,23.1673520764,2,True,PASS
Canon 60D,A,True,0.5,0.5,chromaticity,0.319466199035,0.0209930071861,0.0657127647603,15.2177435183,2,True,PASS
Canon 60D,A,True,0.5,0.65,camera_rgb_wb,0.60532435011,0.0104014461386,0.0171832607374,58.1961721517,2,True,PASS
Canon 60D,A,True,0.5,0.65,linear_srgb_unclipped,0.662122195045,0.0252110175875,0.0380760798779,26.2632078514,2,True,PASS
Canon 60D,A,True,0.5,0.65,chromaticity,0.318215322172,0.0188176313132,0.0591349001826,16.9104876632,2,True,PASS
Canon 60D,A,True,0.5,0.8,camera_rgb_wb,0.588491394836,0.0091727939264,0.0155869635595,64.156177448,2,True,PASS
Canon 60D,A,True,0.5,0.8,linear_srgb_unclipped,0.649958038535,0.0221008014764,0.0340034281694,29.4087994604,2,True,PASS
Canon 60D,A,True,0.5,0.8,chromaticity,0.317038115817,0.0170587244539,0.0538065412418,18.5851009361,2,True,PASS
Canon 60D,A,True,0.65,0.2,camera_rgb_wb,0.478012856785,0.0126436017255,0.026450338199,37.8066999551,2,True,PASS
Canon 60D,A,True,0.65,0.2,linear_srgb_unclipped,0.538126873209,0.0300681341796,0.0558755484562,17.8969160506,2,True,PASS
Canon 60D,A,True,0.65,0.2,chromaticity,0.283091591685,0.0248741912914,0.0878662313613,11.3809365044,2,True,PASS
Canon 60D,A,True,0.65,0.35,camera_rgb_wb,0.461392438594,0.0105456592891,0.0228561597612,43.751881788,2,True,PASS
Canon 60D,A,True,0.65,0.35,linear_srgb_unclipped,0.526569938562,0.0248458314718,0.0471842952897,21.1934923233,2,True,PASS
Canon 60D,A,True,0.65,0.35,chromaticity,0.280823926677,0.0215017910476,0.0765668057635,13.0604899869,2,True,PASS
Canon 60D,A,True,0.65,0.5,camera_rgb_wb,0.447104177707,0.00900832485903,0.0201481563094,49.6323328369,2,True,PASS
Canon 60D,A,True,0.65,0.5,linear_srgb_unclipped,0.516501677868,0.0210545020624,0.0407636663434,24.5316501116,2,True,PASS
Canon 60D,A,True,0.65,0.5,chromaticity,0.27888975004,0.0189682191696,0.0680133248599,14.7030012437,2,True,PASS
Canon 60D,A,True,0.65,0.65,camera_rgb_wb,0.434552732761,0.00783088634007,0.0180205663196,55.4921517042,2,True,PASS
Canon 60D,A,True,0.65,0.65,linear_srgb_unclipped,0.507540434756,0.0181748047447,0.0358095700364,27.9254958656,2,True,PASS
Canon 60D,A,True,0.65,0.65,chromaticity,0.277157233095,0.0169828497144,0.0612751452477,16.3198307561,2,True,PASS
Canon 60D,A,True,0.65,0.8,camera_rgb_wb,0.423352333596,0.00689919369231,0.0162965765033,61.3625812634,2,True,PASS
Canon 60D,A,True,0.65,0.8,linear_srgb_unclipped,0.499439647406,0.01591339967,0.0318625078179,31.3848491059,2,True,PASS
Canon 60D,A,True,0.65,0.8,chromaticity,0.275558211785,0.0153778884205,0.0558063151917,17.9191189486,2,True,PASS
Canon 60D,A,True,0.8,0.2,camera_rgb_wb,0.348574873972,0.00957189860949,0.0274600934382,36.4164820578,2,True,PASS
Canon 60D,A,True,0.8,0.2,linear_srgb_unclipped,0.418327726464,0.021728214918,0.0519406521334,19.2527424845,2,True,PASS
Canon 60D,A,True,0.8,0.2,chromaticity,0.248758574711,0.0218670499356,0.0879047082536,11.3759549388,2,True,PASS
Canon 60D,A,True,0.8,0.35,camera_rgb_wb,0.337337780595,0.00797624455737,0.0236446820255,42.2928081215,2,True,PASS
Canon 60D,A,True,0.8,0.35,linear_srgb_unclipped,0.410385866049,0.0179316210975,0.0436945386794,22.8861553463,2,True,PASS
Canon 60D,A,True,0.8,0.35,chromaticity,0.245843223102,0.0188995963799,0.0768766213743,13.007855732,2,True,PASS
Canon 60D,A,True,0.8,0.5,camera_rgb_wb,0.327648558167,0.00680765548476,0.0207773094526,48.1294270694,2,True,PASS
Canon 60D,A,True,0.8,0.5,linear_srgb_unclipped,0.403392261795,0.0151793767657,0.0376293206474,26.5750213609,2,True,PASS
Canon 60D,A,True,0.8,0.5,chromaticity,0.243391600027,0.0166658772821,0.0684735105084,14.6041877008,2,True,PASS
Canon 60D,A,True,0.8,0.65,camera_rgb_wb,0.319113735687,0.00591315595382,0.0185299324114,53.9667375897,2,True,PASS
Canon 60D,A,True,0.8,0.65,linear_srgb_unclipped,0.397109307821,0.0130914772446,0.0329669362736,30.3334223023,2,True,PASS
Canon 60D,A,True,0.8,0.65,chromaticity,0.241229996597,0.0149134845785,0.0618226787253,16.1752939313,2,True,PASS
Canon 60D,A,True,0.8,0.8,camera_rgb_wb,0.311478158777,0.00520575964114,0.0167130808195,59.8333730807,2,True,PASS
Canon 60D,A,True,0.8,0.8,linear_srgb_unclipped,0.391382820196,0.0114535982834,0.0292644380193,34.1711670438,2,True,PASS
Canon 60D,A,True,0.8,0.8,chromaticity,0.239266388175,0.0134959684627,0.056405617879,17.7287305344,2,True,PASS
Hasselblad H2,A,True,0.2,0.2,camera_rgb_wb,1.46602673331,0.0474199398214,0.0323458902514,30.9158286332,2,True,PASS
Hasselblad H2,A,True,0.2,0.2,linear_srgb_unclipped,1.47487212858,0.0919670561093,0.0623559523074,16.0369613966,2,True,PASS
Hasselblad H2,A,True,0.2,0.2,chromaticity,0.424741548666,0.041116082672,0.0968025916022,10.3303019418,2,True,PASS
Hasselblad H2,A,True,0.2,0.35,camera_rgb_wb,1.40466135982,0.0393907209728,0.0280428593678,35.6597017046,2,True,PASS
Hasselblad H2,A,True,0.2,0.35,linear_srgb_unclipped,1.42426722164,0.075865537568,0.0532663649174,18.7735731836,2,True,PASS
Hasselblad H2,A,True,0.2,0.35,chromaticity,0.424514179857,0.0354571232102,0.0835240020065,11.9726063883,2,True,PASS
Hasselblad H2,A,True,0.2,0.5,camera_rgb_wb,1.35227097633,0.0335356475608,0.0247995025759,40.3233894285,2,True,PASS
Hasselblad H2,A,True,0.2,0.5,linear_srgb_unclipped,1.38105965634,0.064203469981,0.046488556585,21.5106700113,2,True,PASS
Hasselblad H2,A,True,0.2,0.5,chromaticity,0.424383516368,0.0312283388618,0.0735851833482,13.5896923062,2,True,PASS
Hasselblad H2,A,True,0.2,0.65,camera_rgb_wb,1.30654346153,0.0290700622245,0.0222495945067,44.9446393145,2,True,PASS
Hasselblad H2,A,True,0.2,0.65,linear_srgb_unclipped,1.34333245046,0.055363870121,0.0412138261841,24.2637020774,2,True,PASS
Hasselblad H2,A,True,0.2,0.65,chromaticity,0.424268651219,0.0279279276389,0.0658260457347,15.1915550879,2,True,PASS
Hasselblad H2,A,True,0.2,0.8,camera_rgb_wb,1.26598153027,0.0255494976624,0.0201815722044,49.5501534704,2,True,PASS
Hasselblad H2,A,True,0.2,0.8,linear_srgb_unclipped,1.30984171482,0.0484350549958,0.0369777923911,27.0432585435,2,True,PASS
Hasselblad H2,A,True,0.2,0.8,chromaticity,0.424135273442,0.0252682234021,0.0595758593645,16.7853222877,2,True,PASS
Hasselblad H2,A,True,0.35,0.2,camera_rgb_wb,0.983255155097,0.0349798209934,0.0355755276869,28.1092106012,2,True,PASS
Hasselblad H2,A,True,0.35,0.2,linear_srgb_unclipped,0.997032130224,0.0661580701412,0.0663550031495,15.0704536589,2,True,PASS
Hasselblad H2,A,True,0.35,0.2,chromaticity,0.385342143859,0.0387758206307,0.10062699149,9.9376915199,2,True,PASS
Hasselblad H2,A,True,0.35,0.35,camera_rgb_wb,0.945396157771,0.0290162300492,0.0306921387513,32.5816329746,2,True,PASS
Hasselblad H2,A,True,0.35,0.35,linear_srgb_unclipped,0.969544768913,0.0544489322025,0.0561592759285,17.8064973856,2,True,PASS
Hasselblad H2,A,True,0.35,0.35,chromaticity,0.384104427754,0.0333692365562,0.0868754279957,11.5107346585,2,True,PASS
Hasselblad H2,A,True,0.35,0.5,camera_rgb_wb,0.913002440341,0.0246696626693,0.0270203688175,37.0091173349,2,True,PASS
Hasselblad H2,A,True,0.35,0.5,linear_srgb_unclipped,0.945908303341,0.0459855534158,0.0486152339009,20.569684022,2,True,PASS
Hasselblad H2,A,True,0.35,0.5,chromaticity,0.383090684188,0.0293312680769,0.0765648168634,13.0608292551,2,True,PASS
Hasselblad H2,A,True,0.35,0.65,camera_rgb_wb,0.884668809164,0.0213565268522,0.0241407028607,41.4238146159,2,True,PASS
Hasselblad H2,A,True,0.35,0.65,linear_srgb_unclipped,0.925123539527,0.0395822981562,0.0427859593503,23.3721532761,2,True,PASS
Hasselblad H2,A,True,0.35,0.65,chromaticity,0.382179884306,0.0261825184452,0.0685083635229,14.5967579515,2,True,PASS
Hasselblad H2,A,True,0.35,0.8,camera_rgb_wb,0.859485379421,0.0187461610481,0.0218109132475,45.8486074678,2,True,PASS
Hasselblad H2,A,True,0.35,0.8,linear_srgb_unclipped,0.906544088196,0.0345715851098,0.0381355805635,26.2222309251,2,True,PASS
Hasselblad H2,A,True,0.35,0.8,chromaticity,0.381315925507,0.0236476827016,0.0620159849607,16.1248749114,2,True,PASS
Hasselblad H2,A,True,0.5,0.2,camera_rgb_wb,0.684002954504,0.0260343724756,0.0380617836577,26.2730724601,2,True,PASS
Hasselblad H2,A,True,0.5,0.2,linear_srgb_unclipped,0.722920006405,0.0475465846142,0.0657701878395,15.2044571081,2,True,PASS
Hasselblad H2,A,True,0.5,0.2,chromaticity,0.34789257692,0.0353301470647,0.101554759741,9.84690429628,2,True,PASS
Hasselblad H2,A,True,0.5,0.35,camera_rgb_wb,0.659957035968,0.0215691145088,0.0326826040686,30.5973170895,2,True,PASS
Hasselblad H2,A,True,0.5,0.35,linear_srgb_unclipped,0.706733765598,0.0390550747043,0.0552613680079,18.0958241905,2,True,PASS
Hasselblad H2,A,True,0.5,0.35,chromaticity,0.345494767529,0.0303767284036,0.0879223978436,11.3736661479,2,True,PASS
Hasselblad H2,A,True,0.5,0.5,camera_rgb_wb,0.639326451172,0.0183165825723,0.0286498119055,34.9042431168,2,True,PASS
Hasselblad H2,A,True,0.5,0.5,linear_srgb_unclipped,0.692666816931,0.0329292084782,0.0475397516862,21.0350278353,2,True,PASS
Hasselblad H2,A,True,0.5,0.5,chromaticity,0.34350664561,0.0266732907817,0.0776499992725,12.878300185,2,True,PASS
Hasselblad H2,A,True,0.5,0.65,camera_rgb_wb,0.621234908052,0.0158390139131,0.0254960140002,39.2218171825,2,True,PASS
Hasselblad H2,A,True,0.5,0.65,linear_srgb_unclipped,0.680172231304,0.0283022908352,0.0416104767773,24.0324090818,2,True,PASS
Hasselblad H2,A,True,0.5,0.65,chromaticity,0.34174842132,0.023784295157,0.0695959181468,14.3686587752,2,True,PASS
Hasselblad H2,A,True,0.5,0.8,camera_rgb_wb,0.605115046786,0.0138883310609,0.0229515546418,43.5700332987,2,True,PASS
Hasselblad H2,A,True,0.5,0.8,linear_srgb_unclipped,0.668897082248,0.0246870233299,0.0369070578795,27.095088513,2,True,PASS
Hasselblad H2,A,True,0.5,0.8,chromaticity,0.340130961964,0.0214586116114,0.0630892626989,15.8505577212,2,True,PASS
Hasselblad H2,A,True,0.65,0.2,camera_rgb_wb,0.490160708155,0.0193845922978,0.0395474218462,25.2860983932,2,True,PASS
Hasselblad H2,A,True,0.65,0.2,linear_srgb_unclipped,0.54776088079,0.0341164917695,0.0622835492019,16.0556039727,2,True,PASS
Hasselblad H2,A,True,0.65,0.2,chromaticity,0.313007658809,0.0312739757899,0.0999144107492,10.0085662569,2,True,PASS
Hasselblad H2,A,True,0.65,0.35,camera_rgb_wb,0.474504832026,0.0160392880142,0.033802159497,29.5839086875,2,True,PASS
Hasselblad H2,A,True,0.65,0.35,linear_srgb_unclipped,0.537426138897,0.0279809949068,0.0520648194824,19.2068273729,2,True,PASS
Hasselblad H2,A,True,0.65,0.35,chromaticity,0.309472175842,0.0268890904643,0.0868869402916,11.5092095158,2,True,PASS
Hasselblad H2,A,True,0.65,0.5,camera_rgb_wb,0.461024214362,0.0136048329589,0.0295100182054,33.8867971223,2,True,PASS
Hasselblad H2,A,True,0.65,0.5,linear_srgb_unclipped,0.528328882258,0.0235621099287,0.044597429215,22.4228171355,2,True,PASS
Hasselblad H2,A,True,0.65,0.5,chromaticity,0.306553569254,0.0236033727549,0.0769959156319,12.9877019033,2,True,PASS
Hasselblad H2,A,True,0.65,0.65,camera_rgb_wb,0.449162987382,0.0117521248883,0.0261644997883,38.2197255095,2,True,PASS
Hasselblad H2,A,True,0.65,0.65,linear_srgb_unclipped,0.520155636361,0.0202291766241,0.0388906227483,25.7131392951,2,True,PASS
Hasselblad H2,A,True,0.65,0.65,chromaticity,0.304006278379,0.0210368776493,0.0691988262924,14.4511121587,2,True,PASS
Hasselblad H2,A,True,0.65,0.8,camera_rgb_wb,0.438561071513,0.0102947204899,0.0234738583942,42.6005807485,2,True,PASS
Hasselblad H2,A,True,0.65,0.8,linear_srgb_unclipped,0.512703911154,0.0176281317376,0.0343826745888,29.084415682,2,True,PASS
Hasselblad H2,A,True,0.65,0.8,chromaticity,0.301703632536,0.0189692775676,0.0628738786076,15.904856232,2,True,PASS
Hasselblad H2,A,True,0.8,0.2,camera_rgb_wb,0.359521944341,0.0143686928764,0.039966108057,25.0212004275,2,True,PASS
Hasselblad H2,A,True,0.8,0.2,linear_srgb_unclipped,0.425061440585,0.024439293113,0.0574959071313,17.3925423546,2,True,PASS
Hasselblad H2,A,True,0.8,0.2,chromaticity,0.280946595239,0.0270215942655,0.0961805365268,10.3971139704,2,True,PASS
Hasselblad H2,A,True,0.8,0.35,camera_rgb_wb,0.349104678201,0.0118736516546,0.0340117231192,29.4016270947,2,True,PASS
Hasselblad H2,A,True,0.8,0.35,linear_srgb_unclipped,0.418027026073,0.0200228605434,0.0478984833384,20.8774877679,2,True,PASS
Hasselblad H2,A,True,0.8,0.35,chromaticity,0.276413306674,0.0232471853205,0.084102989108,11.8901838164,2,True,PASS
Hasselblad H2,A,True,0.8,0.5,camera_rgb_wb,0.340093891488,0.0100601048084,0.0295803748912,33.8061976455,2,True,PASS
Hasselblad H2,A,True,0.8,0.5,linear_srgb_unclipped,0.411754057356,0.0168460170511,0.0409128137299,24.4422201465,2,True,PASS
Hasselblad H2,A,True,0.8,0.5,chromaticity,0.272695997725,0.0204104024941,0.074846725527,13.3606379298,2,True,PASS
Hasselblad H2,A,True,0.8,0.65,camera_rgb_wb,0.332132664792,0.00868143243204,0.0261384481333,38.2578183257,2,True,PASS
Hasselblad H2,A,True,0.8,0.65,linear_srgb_unclipped,0.406055818513,0.0144523517444,0.0355920321431,28.0961760199,2,True,PASS
Hasselblad H2,A,True,0.8,0.65,chromaticity,0.269485914407,0.0181902985173,0.0674999973832,14.8148153891,2,True,PASS
Hasselblad H2,A,True,0.8,0.8,camera_rgb_wb,0.324989473388,0.00759802096835,0.0233792833015,42.7729108332,2,True,PASS
Hasselblad H2,A,True,0.8,0.8,linear_srgb_unclipped,0.400811040349,0.0125859470475,0.0314011985212,31.8459182163,2,True,PASS
Hasselblad H2,A,True,0.8,0.8,chromaticity,0.266619882617,0.0163995001171,0.0615089165748,16.2578054644,2,True,PASS
Nikon D3X,A,True,0.2,0.2,camera_rgb_wb,1.47430322743,0.0394926130148,0.0267873068987,37.3311137167,2,True,PASS
Nikon D3X,A,True,0.2,0.2,linear_srgb_unclipped,1.47256011924,0.0832620150416,0.0565423536559,17.6858573325,2,True,PASS
Nikon D3X,A,True,0.2,0.2,chromaticity,0.471431737271,0.038299978727,0.0812418335446,12.3089294809,2,True,PASS
Nikon D3X,A,True,0.2,0.35,camera_rgb_wb,1.41081573043,0.0328591991482,0.0232909220103,42.9351830537,2,True,PASS
Nikon D3X,A,True,0.2,0.35,linear_srgb_unclipped,1.42005166518,0.0686429895926,0.0483383747758,20.6874973484,2,True,PASS
Nikon D3X,A,True,0.2,0.35,chromaticity,0.470806647449,0.0331149991914,0.0703367281895,14.2173232355,2,True,PASS
Nikon D3X,A,True,0.2,0.5,camera_rgb_wb,1.35659192687,0.0280322432695,0.0206637255569,48.3939838073,2,True,PASS
Nikon D3X,A,True,0.2,0.5,linear_srgb_unclipped,1.37528318812,0.058079543811,0.0422309705467,23.6793042417,2,True,PASS
Nikon D3X,A,True,0.2,0.5,chromaticity,0.470316853628,0.0292414556375,0.0621739480776,16.0839070209,2,True,PASS
Nikon D3X,A,True,0.2,0.65,camera_rgb_wb,1.30925236196,0.0243555234061,0.0186026194137,53.7558704912,2,True,PASS
Nikon D3X,A,True,0.2,0.65,linear_srgb_unclipped,1.33624208249,0.0500863968579,0.037483026103,26.6787424594,2,True,PASS
Nikon D3X,A,True,0.2,0.65,chromaticity,0.469885661824,0.0262169723307,0.0557943654398,17.9229567738,2,True,PASS
Nikon D3X,A,True,0.2,0.8,camera_rgb_wb,1.26725398186,0.0214589786612,0.0169334474133,59.0547202581,2,True,PASS
Nikon D3X,A,True,0.2,0.8,linear_srgb_unclipped,1.30162443091,0.0438288782474,0.0336724459119,29.697872338,2,True,PASS
Nikon D3X,A,True,0.2,0.8,chromaticity,0.469476475191,0.02377745166,0.0506467371988,19.7446085436,2,True,PASS
Nikon D3X,A,True,0.35,0.2,camera_rgb_wb,0.971177508673,0.0281671976925,0.0290031404568,34.4790248314,2,True,PASS
Nikon D3X,A,True,0.35,0.2,linear_srgb_unclipped,0.996061633507,0.0595159248166,0.0597512471262,16.736052352,2,True,PASS
Nikon D3X,A,True,0.35,0.2,chromaticity,0.420056164831,0.0374295888125,0.0891061528105,11.2225695809,2,True,PASS
Nikon D3X,A,True,0.35,0.35,camera_rgb_wb,0.932612991117,0.0233513423788,0.0250386200934,39.93830316,2,True,PASS
Nikon D3X,A,True,0.35,0.35,linear_srgb_unclipped,0.967351801723,0.0489212812264,0.0505723782592,19.7736399676,2,True,PASS
Nikon D3X,A,True,0.35,0.35,chromaticity,0.418757194856,0.0322604659921,0.0770385951296,12.9805066969,2,True,PASS
Nikon D3X,A,True,0.35,0.5,camera_rgb_wb,0.899583853502,0.0198550232197,0.0220713423684,45.3076203209,2,True,PASS
Nikon D3X,A,True,0.35,0.5,linear_srgb_unclipped,0.942667856708,0.0412858976598,0.0437968658483,22.8326840433,2,True,PASS
Nikon D3X,A,True,0.35,0.5,chromaticity,0.417654046128,0.028406789525,0.0680151187051,14.7026134636,2,True,PASS
Nikon D3X,A,True,0.35,0.65,camera_rgb_wb,0.870674221659,0.0171973476433,0.0197517592867,50.6284015254,2,True,PASS
Nikon D3X,A,True,0.35,0.65,linear_srgb_unclipped,0.920968081778,0.0355214137676,0.0385696469513,25.9271235037,2,True,PASS
Nikon D3X,A,True,0.35,0.65,chromaticity,0.416652306927,0.0254039005362,0.0609714625693,16.4011155032,2,True,PASS
Nikon D3X,A,True,0.35,0.8,camera_rgb_wb,0.84496543892,0.0151075840476,0.0178795289744,55.9298850339,2,True,PASS
Nikon D3X,A,True,0.35,0.8,linear_srgb_unclipped,0.901578034316,0.0310176387193,0.0344037205197,29.0666237516,2,True,PASS
Nikon D3X,A,True,0.35,0.8,chromaticity,0.41570609498,0.0229865711538,0.0552952468857,18.0847370492,2,True,PASS
Nikon D3X,A,True,0.5,0.2,camera_rgb_wb,0.667810248842,0.0205383344362,0.0307547457857,32.5153069698,2,True,PASS
Nikon D3X,A,True,0.5,0.2,linear_srgb_unclipped,0.722982513795,0.0425283032364,0.0588234188586,17.0000319499,2,True,PASS
Nikon D3X,A,True,0.5,0.2,chromaticity,0.3707173721,0.0351668395443,0.0948615905025,10.5416743985,2,True,PASS
Nikon D3X,A,True,0.5,0.35,camera_rgb_wb,0.643448735954,0.01698670118,0.0263994631287,37.8795581988,2,True,PASS
Nikon D3X,A,True,0.5,0.35,linear_srgb_unclipped,0.705857960574,0.0348767707125,0.0494104659303,20.2386272052,2,True,PASS
Nikon D3X,A,True,0.5,0.35,chromaticity,0.368616732416,0.0302540943593,0.0820746637327,12.1840279877,2,True,PASS
Nikon D3X,A,True,0.5,0.5,camera_rgb_wb,0.622521069424,0.014411379376,0.0231500266961,43.1964944632,2,True,PASS
Nikon D3X,A,True,0.5,0.5,linear_srgb_unclipped,0.690959432595,0.0293744829139,0.0425126013601,23.5224373011,2,True,PASS
Nikon D3X,A,True,0.5,0.5,chromaticity,0.366828652992,0.0265929431968,0.0724941821743,13.7942103767,2,True,PASS
Nikon D3X,A,True,0.5,0.65,camera_rgb_wb,0.604152232812,0.0124561019172,0.0206174888392,48.5025120081,2,True,PASS
Nikon D3X,A,True,0.5,0.65,linear_srgb_unclipped,0.677719410162,0.0252281537729,0.0372250719023,26.8636150018,2,True,PASS
Nikon D3X,A,True,0.5,0.65,chromaticity,0.365222059086,0.0237420635611,0.0650072003331,15.3829113525,2,True,PASS
Nikon D3X,A,True,0.5,0.8,camera_rgb_wb,0.587774301048,0.0109203966611,0.0185792346512,53.8235303432,2,True,PASS
Nikon D3X,A,True,0.5,0.8,linear_srgb_unclipped,0.665770015588,0.0219939051728,0.0330352894511,30.2706595466,2,True,PASS
Nikon D3X,A,True,0.5,0.8,chromaticity,0.36373077219,0.0214491173775,0.0589697628505,16.9578433364,2,True,PASS
Nikon D3X,A,True,0.65,0.2,camera_rgb_wb,0.475051643756,0.0151527985165,0.0318971604786,31.3507530136,2,True,PASS
Nikon D3X,A,True,0.65,0.2,linear_srgb_unclipped,0.547823629186,0.0303471009882,0.0553957503317,18.0519262581,2,True,PASS
Nikon D3X,A,True,0.65,0.2,chromaticity,0.325651282583,0.0319396980716,0.0980794481085,10.1958159358,2,True,PASS
Nikon D3X,A,True,0.65,0.35,camera_rgb_wb,0.459138271647,0.0125130190067,0.027253269395,36.6928453797,2,True,PASS
Nikon D3X,A,True,0.65,0.35,linear_srgb_unclipped,0.536699565186,0.024846197284,0.0462944240982,21.6008735281,2,True,PASS
Nikon D3X,A,True,0.65,0.35,chromaticity,0.322725773133,0.027457788118,0.0850808655642,11.7535240547,2,True,PASS
Nikon D3X,A,True,0.65,0.5,camera_rgb_wb,0.445419313138,0.010600467997,0.0237988512944,42.0188347592,2,True,PASS
Nikon D3X,A,True,0.65,0.5,linear_srgb_unclipped,0.526894340872,0.0208970550431,0.0396608075321,25.213808347,2,True,PASS
Nikon D3X,A,True,0.65,0.5,chromaticity,0.320263105664,0.0241139289394,0.075294120718,13.2812494583,2,True,PASS
Nikon D3X,A,True,0.65,0.65,camera_rgb_wb,0.433338481573,0.00914958314594,0.0211141717964,47.3615545824,2,True,PASS
Nikon D3X,A,True,0.65,0.65,linear_srgb_unclipped,0.518081102156,0.0179252831658,0.0345993766057,28.9022548411,2,True,PASS
Nikon D3X,A,True,0.65,0.65,chromaticity,0.318083394108,0.021508891724,0.0676202911639,14.7884604279,2,True,PASS
Nikon D3X,A,True,0.65,0.8,camera_rgb_wb,0.422534425114,0.00801096041598,0.0189593082595,52.7445403763,2,True,PASS
Nikon D3X,A,True,0.65,0.8,linear_srgb_unclipped,0.510046858965,0.0156100106186,0.0306050519559,32.6743441391,2,True,PASS
Nikon D3X,A,True,0.65,0.8,chromaticity,0.316093144519,0.0194135165128,0.0614170754708,16.2821168598,2,True,PASS
Nikon D3X,A,True,0.8,0.2,camera_rgb_wb,0.346588961707,0.0112044275813,0.0323277103984,30.9332144986,2,True,PASS
Nikon D3X,A,True,0.8,0.2,linear_srgb_unclipped,0.424497050318,0.0216191952258,0.0509289645466,19.6351920543,2,True,PASS
Nikon D3X,A,True,0.8,0.2,chromaticity,0.285750713567,0.0281821317083,0.0986248865542,10.1394286467,2,True,PASS
Nikon D3X,A,True,0.8,0.35,camera_rgb_wb,0.335901450239,0.00924222517421,0.0275146926803,36.3442184007,2,True,PASS
Nikon D3X,A,True,0.8,0.35,linear_srgb_unclipped,0.416786376989,0.0176819421049,0.0424244722984,23.5713008512,2,True,PASS
Nikon D3X,A,True,0.8,0.35,chromaticity,0.282065160231,0.0242320530537,0.0859094155189,11.6401676575,2,True,PASS
Nikon D3X,A,True,0.8,0.5,camera_rgb_wb,0.32664966474,0.0078216250211,0.023944996323,41.7623785158,2,True,PASS
Nikon D3X,A,True,0.8,0.5,linear_srgb_unclipped,0.409907194461,0.0148585124244,0.0362484792293,27.5873642498,2,True,PASS
Nikon D3X,A,True,0.8,0.5,chromaticity,0.279002003301,0.0212779706129,0.076264580043,13.1122468574,2,True,PASS
Nikon D3X,A,True,0.8,0.65,camera_rgb_wb,0.31847235854,0.00674470586952,0.0211783085365,47.2181240666,2,True,PASS
Nikon D3X,A,True,0.8,0.65,linear_srgb_unclipped,0.403661400297,0.0127358062968,0.0315507162375,31.6950015484,2,True,PASS
Nikon D3X,A,True,0.8,0.65,chromaticity,0.276328454064,0.0189732857004,0.0686620773984,14.5640801719,2,True,PASS
Nikon D3X,A,True,0.8,0.8,camera_rgb_wb,0.311134494244,0.00590014808262,0.0189633364084,52.7333365006,2,True,PASS
Nikon D3X,A,True,0.8,0.8,linear_srgb_unclipped,0.397918701783,0.0110833257718,0.0278532416852,35.9024637528,2,True,PASS
Nikon D3X,A,True,0.8,0.8,chromaticity,0.273921264552,0.0171179053131,0.0624920644298,16.0020317639,2,True,PASS
Nikon D200,A,True,0.2,0.2,camera_rgb_wb,1.4834759491,0.0424332312455,0.0286039226125,34.9602400184,2,True,PASS
Nikon D200,A,True,0.2,0.2,linear_srgb_unclipped,1.47315971832,0.0810711243732,0.0550321349171,18.1712012719,2,True,PASS
Nikon D200,A,True,0.2,0.2,chromaticity,0.506569720792,0.0416645201563,0.0822483430141,12.158299649,2,True,PASS
Nikon D200,A,True,0.2,0.35,camera_rgb_wb,1.41964980333,0.0353675804922,0.0249128907772,40.1398620877,2,True,PASS
Nikon D200,A,True,0.2,0.35,linear_srgb_unclipped,1.42024082557,0.0668802587271,0.0470907873672,21.2355761266,2,True,PASS
Nikon D200,A,True,0.2,0.35,chromaticity,0.506093566687,0.036038236738,0.0712086442314,14.0432388623,2,True,PASS
Nikon D200,A,True,0.2,0.5,camera_rgb_wb,1.36508927039,0.0302204698778,0.0221380905508,45.1710140811,2,True,PASS
Nikon D200,A,True,0.2,0.5,linear_srgb_unclipped,1.37508760386,0.0566218584246,0.0411769099405,24.2854551603,2,True,PASS
Nikon D200,A,True,0.2,0.5,chromaticity,0.505714770574,0.0318356999249,0.0629518886482,15.8851469189,2,True,PASS
Nikon D200,A,True,0.2,0.65,camera_rgb_wb,1.31742604551,0.0262957081371,0.0199599121535,50.1004208992,2,True,PASS
Nikon D200,A,True,0.2,0.65,linear_srgb_unclipped,1.33569199695,0.0488559113115,0.0365772284501,27.3394142305,2,True,PASS
Nikon D200,A,True,0.2,0.65,chromaticity,0.505371024956,0.028554218205,0.0565014945355,17.6986468804,2,True,PASS
Nikon D200,A,True,0.2,0.8,camera_rgb_wb,1.27512087922,0.023200608579,0.0181948307467,54.9606651428,2,True,PASS
Nikon D200,A,True,0.2,0.8,linear_srgb_unclipped,1.30075015712,0.0427733603288,0.0328836095807,30.4102868496,2,True,PASS
Nikon D200,A,True,0.2,0.8,chromaticity,0.505033329389,0.025907029006,0.0512976619529,19.4940658488,2,True,PASS
Nikon D200,A,True,0.35,0.2,camera_rgb_wb,0.969449513636,0.0297393732483,0.0306765569841,32.5981824009,2,True,PASS
Nikon D200,A,True,0.35,0.2,linear_srgb_unclipped,0.994496816663,0.0577819854294,0.0581017299013,17.2111915032,2,True,PASS
Nikon D200,A,True,0.35,0.2,chromaticity,0.45142355604,0.0410777802983,0.0909960939092,10.9894827024,2,True,PASS
Nikon D200,A,True,0.35,0.35,camera_rgb_wb,0.930983384646,0.0246977025521,0.0265286179747,37.695141185,2,True,PASS
Nikon D200,A,True,0.35,0.35,linear_srgb_unclipped,0.965464969727,0.0475270704304,0.0492271308858,20.3140012836,2,True,PASS
Nikon D200,A,True,0.35,0.35,chromaticity,0.450234614784,0.035407801055,0.0786430005431,12.7156898019,2,True,PASS
Nikon D200,A,True,0.35,0.5,camera_rgb_wb,0.898024818209,0.0210336711632,0.0234221490728,42.6946304923,2,True,PASS
Nikon D200,A,True,0.35,0.5,linear_srgb_unclipped,0.940511335408,0.0401321360218,0.0426705500624,23.4353669812,2,True,PASS
Nikon D200,A,True,0.35,0.5,chromaticity,0.44920224382,0.0311825189145,0.0694175493189,14.405579134,2,True,PASS
Nikon D200,A,True,0.35,0.65,camera_rgb_wb,0.869169377713,0.018245620494,0.0209920194635,47.6371509534,2,True,PASS
Nikon D200,A,True,0.35,0.65,linear_srgb_unclipped,0.918583766426,0.03454589901,0.0376077830599,26.5902406002,2,True,PASS
Nikon D200,A,True,0.35,0.65,chromaticity,0.44824727808,0.0278906711698,0.0622216185881,16.0715844861,2,True,PASS
Nikon D200,A,True,0.35,0.8,camera_rgb_wb,0.843504419219,0.0160511301769,0.0190291002764,52.5510920366,2,True,PASS
Nikon D200,A,True,0.35,0.8,linear_srgb_unclipped,0.899000026238,0.0301789279456,0.0335694405616,29.788998067,2,True,PASS
Nikon D200,A,True,0.35,0.8,chromaticity,0.447331853276,0.0252408717628,0.0564253843717,17.7225199462,2,True,PASS
Nikon D200,A,True,0.5,0.2,camera_rgb_wb,0.663651981218,0.0213681472724,0.0321978203593,31.0580029592,2,True,PASS
Nikon D200,A,True,0.5,0.2,linear_srgb_unclipped,0.72110907646,0.0412249538488,0.057168818414,17.4920529712,2,True,PASS
Nikon D200,A,True,0.5,0.2,chromaticity,0.397465361437,0.0388316327039,0.0976981555413,10.2356077703,2,True,PASS
Nikon D200,A,True,0.5,0.35,camera_rgb_wb,0.639494297983,0.0177001163376,0.0276783020482,36.1293838856,2,True,PASS
Nikon D200,A,True,0.5,0.35,linear_srgb_unclipped,0.703792143406,0.033827722507,0.0480649334096,20.8051885036,2,True,PASS
Nikon D200,A,True,0.5,0.35,chromaticity,0.395434893551,0.0333980855048,0.084459126014,11.8400467444,2,True,PASS
Nikon D200,A,True,0.5,0.5,camera_rgb_wb,0.618740365506,0.0150379573075,0.0243041478233,41.1452401981,2,True,PASS
Nikon D200,A,True,0.5,0.5,linear_srgb_unclipped,0.688742266592,0.0285049023342,0.0413868927709,24.1622391305,2,True,PASS
Nikon D200,A,True,0.5,0.5,chromaticity,0.393678984687,0.0293520202208,0.0745582603148,13.4123301131,2,True,PASS
Nikon D200,A,True,0.5,0.65,camera_rgb_wb,0.600524123038,0.0130148469923,0.0216724799104,46.1414662342,2,True,PASS
Nikon D200,A,True,0.5,0.65,linear_srgb_unclipped,0.675381890086,0.0244913886868,0.0362630225155,27.5763003366,2,True,PASS
Nikon D200,A,True,0.5,0.65,chromaticity,0.392081797904,0.026202943077,0.0668302971906,14.9632732763,2,True,PASS
Nikon D200,A,True,0.5,0.8,camera_rgb_wb,0.58428292243,0.0114243989433,0.0195528544559,51.1434277924,2,True,PASS
Nikon D200,A,True,0.5,0.8,linear_srgb_unclipped,0.66333621851,0.0213589856981,0.0321993358754,31.0565411619,2,True,PASS
Nikon D200,A,True,0.5,0.8,chromaticity,0.390585138683,0.0236709466364,0.060603807703,16.5006133757,2,True,PASS
Nikon D200,A,True,0.65,0.2,camera_rgb_wb,0.471338440742,0.0156114616733,0.0331215541187,30.1918199978,2,True,PASS
Nikon D200,A,True,0.65,0.2,linear_srgb_unclipped,0.546383822215,0.0293839052437,0.0537788712788,18.5946632241,2,True,PASS
Nikon D200,A,True,0.65,0.2,chromaticity,0.347820162553,0.0353710994675,0.101693643082,9.83345634685,2,True,PASS
Nikon D200,A,True,0.65,0.35,camera_rgb_wb,0.455617093153,0.0129085201754,0.0283319488435,35.2958423553,2,True,PASS
Nikon D200,A,True,0.65,0.35,linear_srgb_unclipped,0.535154117932,0.0240696282803,0.0449770028366,22.2335846529,2,True,PASS
Nikon D200,A,True,0.65,0.35,chromaticity,0.344917408429,0.0303901408091,0.0881084574637,11.3496482493,2,True,PASS
Nikon D200,A,True,0.65,0.5,camera_rgb_wb,0.44206580805,0.0109485623189,0.0247668155272,40.3766079212,2,True,PASS
Nikon D200,A,True,0.65,0.5,linear_srgb_unclipped,0.525270452228,0.0202520980541,0.0385555630785,25.9365943629,2,True,PASS
Nikon D200,A,True,0.65,0.5,chromaticity,0.342445767656,0.0266782356365,0.0779049944731,12.8361474994,2,True,PASS
Nikon D200,A,True,0.65,0.65,camera_rgb_wb,0.430134630702,0.00946043663807,0.0219941291931,45.4666784587,2,True,PASS
Nikon D200,A,True,0.65,0.65,linear_srgb_unclipped,0.516398839217,0.0173777273935,0.0336517553367,29.7161318925,2,True,PASS
Nikon D200,A,True,0.65,0.65,chromaticity,0.340238707564,0.0237887216585,0.0699177404852,14.3025216928,2,True,PASS
Nikon D200,A,True,0.65,0.8,camera_rgb_wb,0.41946613712,0.008291609941,0.0197670543752,50.589226954,2,True,PASS
Nikon D200,A,True,0.65,0.8,linear_srgb_unclipped,0.508321464802,0.0151371805553,0.0297787553811,33.5809870897,2,True,PASS
Nikon D200,A,True,0.65,0.8,chromaticity,0.338209674345,0.0214658239426,0.0634689826191,15.7557275812,2,True,PASS
Nikon D200,A,True,0.8,0.2,camera_rgb_wb,0.343969965086,0.0114769554556,0.033366155829,29.9704888128,2,True,PASS
Nikon D200,A,True,0.8,0.2,linear_srgb_unclipped,0.423635612634,0.0209078951389,0.0493534880341,20.2619924109,2,True,PASS
Nikon D200,A,True,0.8,0.2,chromaticity,0.303867140692,0.0311950284305,0.102660091379,9.74088359528,2,True,PASS
Nikon D200,A,True,0.8,0.35,camera_rgb_wb,0.333433553979,0.00947745231585,0.0284238109895,35.181770677,2,True,PASS
Nikon D200,A,True,0.8,0.35,linear_srgb_unclipped,0.415868208897,0.0171074027588,0.0411365966255,24.3092545818,2,True,PASS
Nikon D200,A,True,0.8,0.35,chromaticity,0.300151445102,0.0268008851363,0.0892912080675,11.1993109024,2,True,PASS
Nikon D200,A,True,0.8,0.5,camera_rgb_wb,0.324314970336,0.00802870227553,0.0247558793453,40.3944447317,2,True,PASS
Nikon D200,A,True,0.8,0.5,linear_srgb_unclipped,0.408949805274,0.0143804568668,0.0351643568022,28.437886853,2,True,PASS
Nikon D200,A,True,0.8,0.5,chromaticity,0.297037011327,0.0235194410579,0.079180170016,12.6294247638,2,True,PASS
Nikon D200,A,True,0.8,0.65,camera_rgb_wb,0.31625729684,0.00692957247612,0.0219111860671,45.638789107,2,True,PASS
Nikon D200,A,True,0.8,0.65,linear_srgb_unclipped,0.402677519807,0.0123292150531,0.0306180863013,32.6604344295,2,True,PASS
Nikon D200,A,True,0.8,0.65,chromaticity,0.294300835798,0.020961948126,0.0712262609419,14.039765485,2,True,PASS
Nikon D200,A,True,0.8,0.8,camera_rgb_wb,0.309028254397,0.00606693845912,0.019632309903,50.9364412511,2,True,PASS
Nikon D200,A,True,0.8,0.8,linear_srgb_unclipped,0.396917847164,0.0107316219995,0.0270373884072,36.9858207064,2,True,PASS
Nikon D200,A,True,0.8,0.8,chromaticity,0.291824655437,0.0189045983601,0.0647806756827,15.4367022181,2,True,PASS
Nikon D3,A,True,0.2,0.2,camera_rgb_wb,1.48151473423,0.0426645774672,0.0287979434031,34.7247018998,2,True,PASS
Nikon D3,A,True,0.2,0.2,linear_srgb_unclipped,1.47380628437,0.0814144284312,0.0552409290792,18.1025195751,2,True,PASS
Nikon D3,A,True,0.2,0.2,chromaticity,0.497335755707,0.0418819555033,0.0842126370821,11.8747023564,2,True,PASS
Nikon D3,A,True,0.2,0.35,camera_rgb_wb,1.41733297248,0.0355612182497,0.0250902356329,39.8561422312,2,True,PASS
Nikon D3,A,True,0.2,0.35,linear_srgb_unclipped,1.42091909199,0.0671790431129,0.0472785843274,21.1512255332,2,True,PASS
Nikon D3,A,True,0.2,0.35,chromaticity,0.497286101572,0.0362521237613,0.0728999335527,13.7174336281,2,True,PASS
Nikon D3,A,True,0.2,0.5,camera_rgb_wb,1.3624902919,0.0303845252059,0.0223007278559,44.8415857304,2,True,PASS
Nikon D3,A,True,0.2,0.5,linear_srgb_unclipped,1.37578032638,0.0568852921039,0.0413476563178,24.1851676505,2,True,PASS
Nikon D3,A,True,0.2,0.5,chromaticity,0.497290856949,0.0320438517423,0.0644368407231,15.5190724557,2,True,PASS
Nikon D3,A,True,0.2,0.65,camera_rgb_wb,1.31459603975,0.0264360184415,0.020109613632,49.727459627,2,True,PASS
Nikon D3,A,True,0.2,0.65,linear_srgb_unclipped,1.33638789224,0.0490908834511,0.0367340079449,27.2227305417,2,True,PASS
Nikon D3,A,True,0.2,0.65,chromaticity,0.497296799927,0.0287559187898,0.0578244597471,17.293719723,2,True,PASS
Nikon D3,A,True,0.2,0.8,camera_rgb_wb,1.27209757316,0.0233214634506,0.0183330775426,54.5462155863,2,True,PASS
Nikon D3,A,True,0.2,0.8,linear_srgb_unclipped,1.30144155114,0.0429850240532,0.0330287779852,30.2766272627,2,True,PASS
Nikon D3,A,True,0.2,0.8,chromaticity,0.49728118125,0.0261021595467,0.052489739268,19.0513424899,2,True,PASS
Nikon D3,A,True,0.35,0.2,camera_rgb_wb,0.970140443196,0.0299724475629,0.0308949572952,32.3677417789,2,True,PASS
Nikon D3,A,True,0.35,0.2,linear_srgb_unclipped,0.99463198096,0.0580574238613,0.0583707592081,17.1318655705,2,True,PASS
Nikon D3,A,True,0.35,0.2,chromaticity,0.445640953478,0.0411898193605,0.0924282632442,10.8192014531,2,True,PASS
Nikon D3,A,True,0.35,0.35,camera_rgb_wb,0.931221813305,0.0248977470158,0.0267366449755,37.4018505656,2,True,PASS
Nikon D3,A,True,0.35,0.35,linear_srgb_unclipped,0.965572843489,0.0477658765163,0.0494689518646,20.2146995703,2,True,PASS
Nikon D3,A,True,0.35,0.35,chromaticity,0.444880553127,0.0355327796929,0.0798703819331,12.5202856904,2,True,PASS
Nikon D3,A,True,0.35,0.5,camera_rgb_wb,0.897897865127,0.0212075052187,0.0236190618581,42.338684153,2,True,PASS
Nikon D3,A,True,0.35,0.5,linear_srgb_unclipped,0.940592357791,0.0403421867466,0.0428901919226,23.315353818,2,True,PASS
Nikon D3,A,True,0.35,0.5,chromaticity,0.444234415806,0.0313136052859,0.0704889224512,14.1866262843,2,True,PASS
Nikon D3,A,True,0.35,0.65,camera_rgb_wb,0.868738779126,0.0183982168808,0.0211780771422,47.2186399778,2,True,PASS
Nikon D3,A,True,0.35,0.65,linear_srgb_unclipped,0.918638626308,0.0347329519498,0.0378091568928,26.448619387,2,True,PASS
Nikon D3,A,True,0.35,0.65,chromaticity,0.443631286581,0.028024263739,0.0631701698836,15.8302566202,2,True,PASS
Nikon D3,A,True,0.35,0.8,camera_rgb_wb,0.842816315311,0.016186181746,0.0192048747182,52.0701131705,2,True,PASS
Nikon D3,A,True,0.35,0.8,linear_srgb_unclipped,0.899029579747,0.03034722927,0.0337555403667,29.6247664572,2,True,PASS
Nikon D3,A,True,0.35,0.8,chromaticity,0.443039135298,0.0253749283447,0.0572746882228,17.4597196603,2,True,PASS
Nikon D3,A,True,0.5,0.2,camera_rgb_wb,0.664354599493,0.0216076328287,0.0325242466075,30.7462925143,2,True,PASS
Nikon D3,A,True,0.5,0.2,linear_srgb_unclipped,0.720922964297,0.0414453299815,0.0574892631169,17.3945524048,2,True,PASS
Nikon D3,A,True,0.5,0.2,chromaticity,0.395233737161,0.0388567335416,0.098313301442,10.1715636168,2,True,PASS
Nikon D3,A,True,0.5,0.35,camera_rgb_wb,0.639814822463,0.0179067581089,0.0279874074188,35.730354907,2,True,PASS
Nikon D3,A,True,0.5,0.35,linear_srgb_unclipped,0.703565515031,0.0340179100099,0.0483507353375,20.6822087197,2,True,PASS
Nikon D3,A,True,0.5,0.35,chromaticity,0.393589893031,0.0334500064858,0.0849869548942,11.7665117105,2,True,PASS
Nikon D3,A,True,0.5,0.5,camera_rgb_wb,0.618752520003,0.0152187707121,0.0245958928975,40.6571944416,2,True,PASS
Nikon D3,A,True,0.5,0.5,linear_srgb_unclipped,0.68848197579,0.0286715979643,0.0416446602416,24.0126823991,2,True,PASS
Nikon D3,A,True,0.5,0.5,chromaticity,0.39218426146,0.0294198925535,0.0750154849253,13.330581026,2,True,PASS
Nikon D3,A,True,0.5,0.65,camera_rgb_wb,0.600280288471,0.0131748440264,0.021947820509,45.5626106288,2,True,PASS
Nikon D3,A,True,0.5,0.65,linear_srgb_unclipped,0.675092742307,0.0246393959845,0.0364977942146,27.3989160583,2,True,PASS
Nikon D3,A,True,0.5,0.65,chromaticity,0.390906421133,0.0262806924244,0.0672301374539,14.8742816521,2,True,PASS
Nikon D3,A,True,0.5,0.8,camera_rgb_wb,0.583822291457,0.0115672586795,0.0198129787929,50.471966404,2,True,PASS
Nikon D3,A,True,0.5,0.8,linear_srgb_unclipped,0.663021835277,0.0214918119941,0.0324149384691,30.8499737229,2,True,PASS
Nikon D3,A,True,0.5,0.8,chromaticity,0.389702753096,0.0237549018063,0.0609564639141,16.4051510831,2,True,PASS
Nikon D3,A,True,0.65,0.2,camera_rgb_wb,0.47146545522,0.0158427068397,0.0336031127293,29.7591478521,2,True,PASS
Nikon D3,A,True,0.65,0.2,linear_srgb_unclipped,0.546086017719,0.029564388714,0.0541387029785,18.4710742036,2,True,PASS
Nikon D3,A,True,0.65,0.2,chromaticity,0.348740441831,0.0353461473839,0.101353738036,9.86643432572,2,True,PASS
Nikon D3,A,True,0.65,0.35,camera_rgb_wb,0.455465607104,0.0131073832248,0.0287779867907,34.7487823688,2,True,PASS
Nikon D3,A,True,0.65,0.35,linear_srgb_unclipped,0.534817527347,0.0242242189245,0.0452943624429,22.0778027566,2,True,PASS
Nikon D3,A,True,0.65,0.35,chromaticity,0.346157111299,0.0303990713007,0.0878187109506,11.3870949502,2,True,PASS
Nikon D3,A,True,0.65,0.5,camera_rgb_wb,0.44169074151,0.0111223293254,0.0251812598277,39.7120718678,2,True,PASS
Nikon D3,A,True,0.65,0.5,linear_srgb_unclipped,0.524903117376,0.0203868102421,0.0388391868275,25.7471919905,2,True,PASS
Nikon D3,A,True,0.65,0.5,chromaticity,0.343977219796,0.0267081523897,0.0776451196552,12.8791095234,2,True,PASS
Nikon D3,A,True,0.65,0.65,camera_rgb_wb,0.429574941001,0.0096141784991,0.0223806781576,44.6813985242,2,True,PASS
Nikon D3,A,True,0.65,0.65,linear_srgb_unclipped,0.516006243541,0.0174967646246,0.0339080482914,29.4915234108,2,True,PASS
Nikon D3,A,True,0.65,0.65,chromaticity,0.342036704288,0.0238323038472,0.0696776209933,14.3518103194,2,True,PASS
Nikon D3,A,True,0.65,0.8,camera_rgb_wb,0.418750912938,0.0084289886205,0.0201288841649,49.6798526836,2,True,PASS
Nikon D3,A,True,0.65,0.8,linear_srgb_unclipped,0.507907610441,0.0152435659411,0.0300124779147,33.3194747479,2,True,PASS
Nikon D3,A,True,0.65,0.8,chromaticity,0.340251970137,0.0215185790593,0.0632430696893,15.8120092037,2,True,PASS
Nikon D3,A,True,0.8,0.2,camera_rgb_wb,0.343602968156,0.0116864060886,0.0340113653598,29.4019363652,2,True,PASS
Nikon D3,A,True,0.8,0.2,linear_srgb_unclipped,0.423334918313,0.0210569291703,0.0497405913365,20.1043046158,2,True,PASS
Nikon D3,A,True,0.8,0.2,chromaticity,0.307307221817,0.0311618080797,0.101402784794,9.86166210353,2,True,PASS
Nikon D3,A,True,0.8,0.35,camera_rgb_wb,0.332877834637,0.00965653031335,0.0290092319421,34.4717847752,2,True,PASS
Nikon D3,A,True,0.8,0.35,linear_srgb_unclipped,0.415534062511,0.0172340393055,0.0414744322075,24.1112402696,2,True,PASS
Nikon D3,A,True,0.8,0.35,chromaticity,0.303833593327,0.0268004159032,0.0882075468015,11.3368984431,2,True,PASS
Nikon D3,A,True,0.8,0.5,camera_rgb_wb,0.32360892489,0.0081845572993,0.0252915067225,39.5389650357,2,True,PASS
Nikon D3,A,True,0.8,0.5,linear_srgb_unclipped,0.40858953944,0.0144901374557,0.0354637993805,28.1977683572,2,True,PASS
Nikon D3,A,True,0.8,0.5,chromaticity,0.30094309985,0.0235393201911,0.0782185077608,12.7846980034,2,True,PASS
Nikon D3,A,True,0.8,0.65,camera_rgb_wb,0.315428066626,0.00706707611861,0.0224047155797,44.6334610427,2,True,PASS
Nikon D3,A,True,0.8,0.65,linear_srgb_unclipped,0.40229610768,0.0124256498403,0.0308868259052,32.3762630407,2,True,PASS
Nikon D3,A,True,0.8,0.65,chromaticity,0.298412353479,0.0209951199435,0.0703560683688,14.2134150356,2,True,PASS
Nikon D3,A,True,0.8,0.8,camera_rgb_wb,0.308096034291,0.00618955958114,0.020089708702,49.7767297095,2,True,PASS
Nikon D3,A,True,0.8,0.8,linear_srgb_unclipped,0.396518891137,0.0108174388655,0.0272810176445,36.6555241095,2,True,PASS
Nikon D3,A,True,0.8,0.8,chromaticity,0.296124389569,0.018946729333,0.063982333102,15.6293143985,2,True,PASS
Nikon D300s,A,True,0.2,0.2,camera_rgb_wb,1.47720451479,0.0392111969296,0.0265441897428,37.6730278712,2,True,PASS
Nikon D300s,A,True,0.2,0.2,linear_srgb_unclipped,1.47753131221,0.0837207307173,0.0566625763024,17.6483327313,2,True,PASS
Nikon D300s,A,True,0.2,0.2,chromaticity,0.456895037347,0.0381355097895,0.0834666754336,11.9808294125,2,True,PASS
Nikon D300s,A,True,0.2,0.35,camera_rgb_wb,1.41308381071,0.0326626426332,0.0231144411858,43.262997014,2,True,PASS
Nikon D300s,A,True,0.2,0.35,linear_srgb_unclipped,1.4252991347,0.0690683822587,0.0484588677403,20.6360578906,2,True,PASS
Nikon D300s,A,True,0.2,0.35,chromaticity,0.457038283891,0.0330140430246,0.072234743102,13.8437538096,2,True,PASS
Nikon D300s,A,True,0.2,0.5,camera_rgb_wb,1.35829707993,0.027892996047,0.0205352690947,48.6967078634,2,True,PASS
Nikon D300s,A,True,0.2,0.5,linear_srgb_unclipped,1.38067590371,0.0584790886948,0.0423554061728,23.6097369937,2,True,PASS
Nikon D300s,A,True,0.2,0.5,chromaticity,0.45721105112,0.0291856250182,0.0638340323286,15.6656248011,2,True,PASS
Nikon D300s,A,True,0.2,0.65,camera_rgb_wb,1.31045184595,0.024256510421,0.0185100356767,54.0247473029,2,True,PASS
Nikon D300s,A,True,0.2,0.65,linear_srgb_unclipped,1.34169799039,0.0504640664212,0.0376120906365,26.5871953161,2,True,PASS
Nikon D300s,A,True,0.2,0.65,chromaticity,0.457365928402,0.0261941931233,0.057271850605,17.4605847277,2,True,PASS
Nikon D300s,A,True,0.2,0.8,camera_rgb_wb,1.26799561006,0.0213890507532,0.0168683949561,59.2824630085,2,True,PASS
Nikon D300s,A,True,0.2,0.8,linear_srgb_unclipped,1.30708964468,0.0441872548185,0.0338058334394,29.5806935745,2,True,PASS
Nikon D300s,A,True,0.2,0.8,chromaticity,0.457484280951,0.0237794671634,0.0519787633227,19.2386262403,2,True,PASS
Nikon D300s,A,True,0.35,0.2,camera_rgb_wb,0.973334780854,0.027771505887,0.0285323266294,35.0479655231,2,True,PASS
Nikon D300s,A,True,0.35,0.2,linear_srgb_unclipped,0.997564133122,0.0596663264538,0.0598120205736,16.719047282,2,True,PASS
Nikon D300s,A,True,0.35,0.2,chromaticity,0.411296381777,0.0372774016075,0.0906339157336,11.0333972874,2,True,PASS
Nikon D300s,A,True,0.35,0.35,camera_rgb_wb,0.934000744778,0.0230584309815,0.0246878079171,40.5058239014,2,True,PASS
Nikon D300s,A,True,0.35,0.35,linear_srgb_unclipped,0.968813915293,0.0490896398593,0.0506698335814,19.7356085331,2,True,PASS
Nikon D300s,A,True,0.35,0.35,chromaticity,0.410705772313,0.0321760891768,0.0783434062676,12.7643160751,2,True,PASS
Nikon D300s,A,True,0.35,0.5,camera_rgb_wb,0.900323982067,0.0196325237209,0.0218060654964,45.8588001658,2,True,PASS
Nikon D300s,A,True,0.35,0.5,linear_srgb_unclipped,0.944068793003,0.04146384803,0.043920367178,22.7684799616,2,True,PASS
Nikon D300s,A,True,0.35,0.5,chromaticity,0.410212804974,0.0283693759295,0.0691577044537,14.4597049295,2,True,PASS
Nikon D300s,A,True,0.35,0.65,camera_rgb_wb,0.870857526132,0.0170252620381,0.019549997017,51.1509029454,2,True,PASS
Nikon D300s,A,True,0.35,0.65,linear_srgb_unclipped,0.922297944485,0.0357036755765,0.0387116503837,25.8320167208,2,True,PASS
Nikon D300s,A,True,0.35,0.65,chromaticity,0.409749535619,0.0254001391213,0.0619894274754,16.1317831238,2,True,PASS
Nikon D300s,A,True,0.35,0.8,camera_rgb_wb,0.844662556351,0.0149728072269,0.0177263773732,56.4131056756,2,True,PASS
Nikon D300s,A,True,0.35,0.8,linear_srgb_unclipped,0.902832588518,0.0312008824893,0.0345588793383,28.936123484,2,True,PASS
Nikon D300s,A,True,0.35,0.8,chromaticity,0.409286483778,0.0230075436831,0.0562137881289,17.7892298898,2,True,PASS
Nikon D300s,A,True,0.5,0.2,camera_rgb_wb,0.667788247397,0.0201822009217,0.0302224559961,33.0879793532,2,True,PASS
Nikon D300s,A,True,0.5,0.2,linear_srgb_unclipped,0.722679252608,0.0425549812913,0.0588850186825,16.9822481571,2,True,PASS
Nikon D300s,A,True,0.5,0.2,chromaticity,0.366891799008,0.0350856533006,0.0956294291546,10.4570319915,2,True,PASS
Nikon D300s,A,True,0.5,0.35,camera_rgb_wb,0.64279803046,0.0167204444192,0.0260119720766,38.4438364402,2,True,PASS
Nikon D300s,A,True,0.5,0.35,linear_srgb_unclipped,0.705463525834,0.0349347181821,0.0495202330139,20.1937660455,2,True,PASS
Nikon D300s,A,True,0.5,0.35,chromaticity,0.365407502248,0.0302316557343,0.0827340860502,12.0869166234,2,True,PASS
Nikon D300s,A,True,0.5,0.5,camera_rgb_wb,0.621352644231,0.0142067592147,0.0228642452022,43.7364098904,2,True,PASS
Nikon D300s,A,True,0.5,0.5,linear_srgb_unclipped,0.690485240747,0.029451415165,0.0426532146193,23.4448917608,2,True,PASS
Nikon D300s,A,True,0.5,0.5,chromaticity,0.364147022286,0.0266100487904,0.0730750141065,13.6845680049,2,True,PASS
Nikon D300s,A,True,0.5,0.65,camera_rgb_wb,0.602547190406,0.0122957325495,0.0204062565477,49.0045784567,2,True,PASS
Nikon D300s,A,True,0.5,0.65,linear_srgb_unclipped,0.677175370193,0.0253166600852,0.0373856776243,26.7482111746,2,True,PASS
Nikon D300s,A,True,0.5,0.65,chromaticity,0.363002964319,0.023786677997,0.0655275034505,15.2607675761,2,True,PASS
Nikon D300s,A,True,0.5,0.8,camera_rgb_wb,0.58579466949,0.0107928978949,0.0184243702735,54.2759391586,2,True,PASS
Nikon D300s,A,True,0.5,0.8,linear_srgb_unclipped,0.665164603766,0.0220893375344,0.0332088289265,30.1124740717,2,True,PASS
Nikon D300s,A,True,0.5,0.8,chromaticity,0.361923902969,0.0215133086458,0.0594415247772,16.8232561959,2,True,PASS
Nikon D300s,A,True,0.65,0.2,camera_rgb_wb,0.473365723433,0.0148899991844,0.0314555922563,31.7908495205,2,True,PASS
Nikon D300s,A,True,0.65,0.2,linear_srgb_unclipped,0.54699641394,0.0303427500924,0.0554715704146,18.027252384,2,True,PASS
Nikon D300s,A,True,0.65,0.2,chromaticity,0.325621844942,0.0319647566489,0.0981652709899,10.1869020471,2,True,PASS
Nikon D300s,A,True,0.65,0.35,camera_rgb_wb,0.457006804998,0.0123173442679,0.0269522119435,37.1027061562,2,True,PASS
Nikon D300s,A,True,0.65,0.35,linear_srgb_unclipped,0.535790258183,0.0248693475734,0.046416199611,21.5442024203,2,True,PASS
Nikon D300s,A,True,0.65,0.35,chromaticity,0.323206329167,0.027523139875,0.0851565622056,11.7430762128,2,True,PASS
Nikon D300s,A,True,0.65,0.5,camera_rgb_wb,0.44292741676,0.0104506039401,0.0235943938999,42.382949282,2,True,PASS
Nikon D300s,A,True,0.65,0.5,linear_srgb_unclipped,0.525920836263,0.020936965171,0.0398101077716,25.119248753,2,True,PASS
Nikon D300s,A,True,0.65,0.5,chromaticity,0.321175049474,0.0242051060807,0.0753642168665,13.2688965875,2,True,PASS
Nikon D300s,A,True,0.65,0.65,camera_rgb_wb,0.430547666427,0.00903248133723,0.0209790507337,47.6665990609,2,True,PASS
Nikon D300s,A,True,0.65,0.65,linear_srgb_unclipped,0.517056616293,0.0179755989638,0.0347652431037,28.764360917,2,True,PASS
Nikon D300s,A,True,0.65,0.65,chromaticity,0.319369283335,0.0216169779679,0.0676864654677,14.7740023517,2,True,PASS
Nikon D300s,A,True,0.65,0.8,camera_rgb_wb,0.419491252714,0.00791811572216,0.0188755204571,52.9786716226,2,True,PASS
Nikon D300s,A,True,0.65,0.8,linear_srgb_unclipped,0.508981485416,0.0156667873734,0.0307806626023,32.4879296109,2,True,PASS
Nikon D300s,A,True,0.65,0.8,chromaticity,0.317708705698,0.0195327473893,0.0614800508734,16.2654387203,2,True,PASS
Nikon D300s,A,True,0.8,0.2,camera_rgb_wb,0.344045211955,0.0110332233655,0.0320691088906,31.182656288,2,True,PASS
Nikon D300s,A,True,0.8,0.2,linear_srgb_unclipped,0.423736999321,0.0216170004074,0.0510151354308,19.6020257822,2,True,PASS
Nikon D300s,A,True,0.8,0.2,chromaticity,0.288382510127,0.0283230451452,0.0982134635446,10.1819034164,2,True,PASS
Nikon D300s,A,True,0.8,0.35,camera_rgb_wb,0.333064373577,0.00911643972909,0.0273714046062,36.5344787521,2,True,PASS
Nikon D300s,A,True,0.8,0.35,linear_srgb_unclipped,0.415959871922,0.017699128367,0.0425500861061,23.5017150731,2,True,PASS
Nikon D300s,A,True,0.8,0.35,chromaticity,0.285098318855,0.0243906742263,0.0855517995486,11.6888248438,2,True,PASS
Nikon D300s,A,True,0.8,0.5,camera_rgb_wb,0.323579763105,0.007726563861,0.0238783902518,41.8788699512,2,True,PASS
Nikon D300s,A,True,0.8,0.5,linear_srgb_unclipped,0.409031309382,0.014887281541,0.0363964351861,27.4752182429,2,True,PASS
Nikon D300s,A,True,0.8,0.5,chromaticity,0.282368493895,0.0214460920974,0.0759507259524,13.1664310967,2,True,PASS
Nikon D300s,A,True,0.8,0.65,camera_rgb_wb,0.315212951829,0.00667144058513,0.021164868215,47.2481089814,2,True,PASS
Nikon D300s,A,True,0.8,0.65,linear_srgb_unclipped,0.402748304328,0.0127716240234,0.0317111801246,31.5346195276,2,True,PASS
Nikon D300s,A,True,0.8,0.65,chromaticity,0.279979034351,0.0191459906489,0.0683836584167,14.6233767416,2,True,PASS
Nikon D300s,A,True,0.8,0.8,camera_rgb_wb,0.307718085071,0.00584289686741,0.018987824086,52.6653288691,2,True,PASS
Nikon D300s,A,True,0.8,0.8,linear_srgb_unclipped,0.396977413635,0.0111234161181,0.0280202745446,35.6884440375,2,True,PASS
Nikon D300s,A,True,0.8,0.8,chromaticity,0.277818299549,0.0172921424545,0.0622426329818,16.0661583885,2,True,PASS
Nikon D40,A,True,0.2,0.2,camera_rgb_wb,1.4564342837,0.0398219717986,0.0273420999796,36.5736355564,2,True,PASS
Nikon D40,A,True,0.2,0.2,linear_srgb_unclipped,1.44251771101,0.0769211798278,0.0533242533112,18.7531927389,2,True,PASS
Nikon D40,A,True,0.2,0.2,chromaticity,0.513323589863,0.0398603341455,0.0776514754682,12.8780553617,2,True,PASS
Nikon D40,A,True,0.2,0.35,camera_rgb_wb,1.39141684248,0.0332969020666,0.0239302134701,41.7881771614,2,True,PASS
Nikon D40,A,True,0.2,0.35,linear_srgb_unclipped,1.38805104396,0.0636048036597,0.0458231013453,21.8230536703,2,True,PASS
Nikon D40,A,True,0.2,0.35,chromaticity,0.512412559277,0.0346102992746,0.0675438153262,14.8052045205,2,True,PASS
Nikon D40,A,True,0.2,0.5,camera_rgb_wb,1.33605022052,0.0285268542657,0.0213516332152,46.8348247612,2,True,PASS
Nikon D40,A,True,0.2,0.5,linear_srgb_unclipped,1.34184355677,0.0539550628615,0.0402096523021,24.8696505129,2,True,PASS
Nikon D40,A,True,0.2,0.5,chromaticity,0.511722761182,0.0306724469038,0.0599395790661,16.6834671778,2,True,PASS
Nikon D40,A,True,0.2,0.65,camera_rgb_wb,1.2878344902,0.0248788547017,0.0193183634163,51.7642192794,2,True,PASS
Nikon D40,A,True,0.2,0.65,linear_srgb_unclipped,1.3017224716,0.0466342307908,0.0358250178578,27.9134543343,2,True,PASS
Nikon D40,A,True,0.2,0.65,chromaticity,0.511151313281,0.0275867819243,0.053969893469,18.5288488771,2,True,PASS
Nikon D40,A,True,0.2,0.8,camera_rgb_wb,1.24515282434,0.0219945575918,0.0176641430367,56.6118604181,2,True,PASS
Nikon D40,A,True,0.2,0.8,linear_srgb_unclipped,1.26628574359,0.0408891083405,0.032290585713,30.9687786059,2,True,PASS
Nikon D40,A,True,0.2,0.8,chromaticity,0.510644809155,0.0250897972143,0.0491335596966,20.3526877795,2,True,PASS
Nikon D40,A,True,0.35,0.2,camera_rgb_wb,0.950183666935,0.0278459328567,0.0293058424657,34.1228886755,2,True,PASS
Nikon D40,A,True,0.35,0.2,linear_srgb_unclipped,0.974817521831,0.055150408236,0.056575109701,17.675617516,2,True,PASS
Nikon D40,A,True,0.35,0.2,chromaticity,0.454402106264,0.0393809419922,0.0866654037236,11.5386296842,2,True,PASS
Nikon D40,A,True,0.35,0.35,camera_rgb_wb,0.911200067621,0.0231813953496,0.0254405110067,39.3073865434,2,True,PASS
Nikon D40,A,True,0.35,0.35,linear_srgb_unclipped,0.945188593697,0.0454423354583,0.0480775326335,20.7997362848,2,True,PASS
Nikon D40,A,True,0.35,0.35,chromaticity,0.45312502404,0.0340455341052,0.0751349678322,13.3093821539,2,True,PASS
Nikon D40,A,True,0.35,0.5,camera_rgb_wb,0.877896787368,0.019783825478,0.022535479982,44.3744708698,2,True,PASS
Nikon D40,A,True,0.35,0.5,linear_srgb_unclipped,0.919838768166,0.0384292507354,0.0417782464334,23.9359017041,2,True,PASS
Nikon D40,A,True,0.35,0.5,chromaticity,0.452056582244,0.0300574911473,0.0664905508025,15.0397310284,2,True,PASS
Nikon D40,A,True,0.35,0.65,camera_rgb_wb,0.848811326153,0.0171933424443,0.0202557881999,49.3686046739,2,True,PASS
Nikon D40,A,True,0.35,0.65,linear_srgb_unclipped,0.897650689546,0.0331228658297,0.0368995046909,27.1006347748,2,True,PASS
Nikon D40,A,True,0.35,0.65,chromaticity,0.451097921866,0.0269423549505,0.0597261783851,16.7430769394,2,True,PASS
Nikon D40,A,True,0.35,0.8,camera_rgb_wb,0.822996696332,0.0151505888132,0.018409051799,54.3211030595,2,True,PASS
Nikon D40,A,True,0.35,0.8,linear_srgb_unclipped,0.87790280045,0.0289683799565,0.0329972520211,30.3055539098,2,True,PASS
Nikon D40,A,True,0.35,0.8,chromaticity,0.450199756288,0.0244289493668,0.054262466884,18.4289446725,2,True,PASS
Nikon D40,A,True,0.5,0.2,camera_rgb_wb,0.65061624509,0.0200560076143,0.0308261709812,32.4399679937,2,True,PASS
Nikon D40,A,True,0.5,0.2,linear_srgb_unclipped,0.70964477816,0.0395701480325,0.0557605005353,17.9338418845,2,True,PASS
Nikon D40,A,True,0.5,0.2,chromaticity,0.399090565996,0.0371004559466,0.0929624980086,10.7570259128,2,True,PASS
Nikon D40,A,True,0.5,0.35,camera_rgb_wb,0.626121965667,0.0166489523744,0.0265905898329,37.6072891307,2,True,PASS
Nikon D40,A,True,0.5,0.35,linear_srgb_unclipped,0.691974310502,0.0325168005977,0.0469913407249,21.2805164648,2,True,PASS
Nikon D40,A,True,0.5,0.35,chromaticity,0.397151770875,0.0319865051848,0.0805397521315,12.4162289247,2,True,PASS
Nikon D40,A,True,0.5,0.5,camera_rgb_wb,0.60513484993,0.0141719322383,0.0234194613647,42.6995302936,2,True,PASS
Nikon D40,A,True,0.5,0.5,linear_srgb_unclipped,0.676680715577,0.0274341935499,0.0405423014406,24.6655953034,2,True,PASS
Nikon D40,A,True,0.5,0.5,chromaticity,0.395496604271,0.028169349248,0.0712252619715,14.0399623999,2,True,PASS
Nikon D40,A,True,0.5,0.65,camera_rgb_wb,0.586755610527,0.0122864430025,0.0209396259398,47.7563449737,2,True,PASS
Nikon D40,A,True,0.5,0.65,linear_srgb_unclipped,0.663152842396,0.0235967192666,0.0355826255398,28.1036035096,2,True,PASS
Nikon D40,A,True,0.5,0.65,chromaticity,0.394002419179,0.0251922395016,0.0639393015761,15.639833019,2,True,PASS
Nikon D40,A,True,0.5,0.8,camera_rgb_wb,0.570401651125,0.0108018592683,0.0189372861158,52.8058769289,2,True,PASS
Nikon D40,A,True,0.5,0.8,linear_srgb_unclipped,0.650995135878,0.0205979518206,0.0316407153993,31.6048479745,2,True,PASS
Nikon D40,A,True,0.5,0.8,chromaticity,0.392607573153,0.0227940001218,0.0580579736114,17.2241629839,2,True,PASS
Nikon D40,A,True,0.65,0.2,camera_rgb_wb,0.462408293148,0.0147428843132,0.0318828285125,31.3648458012,2,True,PASS
Nikon D40,A,True,0.65,0.2,linear_srgb_unclipped,0.539948195177,0.028338254169,0.0524832834374,19.0536859454,2,True,PASS
Nikon D40,A,True,0.65,0.2,chromaticity,0.349508714218,0.0335487026755,0.0959881722852,10.417950214,2,True,PASS
Nikon D40,A,True,0.65,0.35,camera_rgb_wb,0.446427885847,0.0122161237317,0.0273641591823,36.5441522737,2,True,PASS
Nikon D40,A,True,0.65,0.35,linear_srgb_unclipped,0.528461403048,0.0232429297928,0.0439822656087,22.7364367469,2,True,PASS
Nikon D40,A,True,0.65,0.35,chromaticity,0.346756968087,0.0288857204672,0.083302494616,12.0044424193,2,True,PASS
Nikon D40,A,True,0.65,0.5,camera_rgb_wb,0.432691067293,0.0103809601761,0.0239916211837,41.681218303,2,True,PASS
Nikon D40,A,True,0.65,0.5,linear_srgb_unclipped,0.518393653356,0.0195781907507,0.0377670340367,26.4781184307,2,True,PASS
Nikon D40,A,True,0.65,0.5,chromaticity,0.344424282794,0.0254036783175,0.0737569317454,13.5580477161,2,True,PASS
Nikon D40,A,True,0.65,0.65,camera_rgb_wb,0.420625169838,0.00898540716034,0.0213620292,46.8120322576,2,True,PASS
Nikon D40,A,True,0.65,0.65,linear_srgb_unclipped,0.509389669476,0.0168156723585,0.0330114122176,30.2925543872,2,True,PASS
Nikon D40,A,True,0.65,0.65,chromaticity,0.342344136081,0.0226881764877,0.0662730103907,15.0890987765,2,True,PASS
Nikon D40,A,True,0.65,0.8,camera_rgb_wb,0.40985892036,0.00788762098828,0.0192447220164,51.9622990213,2,True,PASS
Nikon D40,A,True,0.65,0.8,linear_srgb_unclipped,0.501218194458,0.0146599466863,0.029248632329,34.1896328263,2,True,PASS
Nikon D40,A,True,0.65,0.8,chromaticity,0.340430672265,0.0205015480011,0.0602223879086,16.6051203668,2,True,PASS
Nikon D40,A,True,0.8,0.2,camera_rgb_wb,0.337689222233,0.0109209679378,0.032340291661,30.9211806276,2,True,PASS
Nikon D40,A,True,0.8,0.2,linear_srgb_unclipped,0.420224453775,0.0202388749445,0.0481620590204,20.7632318954,2,True,PASS
Nikon D40,A,True,0.8,0.2,chromaticity,0.306229655403,0.0292976147393,0.0956720364026,10.4523749844,2,True,PASS
Nikon D40,A,True,0.8,0.35,camera_rgb_wb,0.326953258388,0.00903763157141,0.0276419682005,36.1768739746,2,True,PASS
Nikon D40,A,True,0.8,0.35,linear_srgb_unclipped,0.412264994879,0.0165801287348,0.0402171635738,24.8650056627,2,True,PASS
Nikon D40,A,True,0.8,0.35,chromaticity,0.302653929829,0.0252199943251,0.0833294791163,12.0005550329,2,True,PASS
Nikon D40,A,True,0.8,0.5,camera_rgb_wb,0.317690029689,0.00767080175462,0.0241455539607,41.4154921286,2,True,PASS
Nikon D40,A,True,0.8,0.5,linear_srgb_unclipped,0.405206548462,0.0139519278629,0.0344316445917,29.0430507128,2,True,PASS
Nikon D40,A,True,0.8,0.5,chromaticity,0.299659545515,0.02216927227,0.073981532048,13.5168868813,2,True,PASS
Nikon D40,A,True,0.8,0.65,camera_rgb_wb,0.3095260171,0.00663216963544,0.0214268567714,46.6704011077,2,True,PASS
Nikon D40,A,True,0.8,0.65,linear_srgb_unclipped,0.398831443239,0.0119728539731,0.0300198346346,33.3113094117,2,True,PASS
Nikon D40,A,True,0.8,0.65,chromaticity,0.29702680733,0.019787607632,0.0666189284727,15.0107487906,2,True,PASS
Nikon D40,A,True,0.8,0.8,camera_rgb_wb,0.302218712369,0.0058157552192,0.019243531195,51.965514534,2,True,PASS
Nikon D40,A,True,0.8,0.8,linear_srgb_unclipped,0.39299671427,0.0104299026255,0.0265394143177,37.6798066465,2,True,PASS
Nikon D40,A,True,0.8,0.8,chromaticity,0.294640002333,0.0178687380287,0.0606460015178,16.4891332482,2,True,PASS
Nikon D50,A,True,0.2,0.2,camera_rgb_wb,1.46056019145,0.0433606763225,0.0296877024147,33.6839808629,2,True,PASS
Nikon D50,A,True,0.2,0.2,linear_srgb_unclipped,1.44883139359,0.0820046818431,0.0566005694007,17.6676667848,2,True,PASS
Nikon D50,A,True,0.2,0.2,chromaticity,0.512620046602,0.0426954955864,0.0832887747357,12.0064198708,2,True,PASS
Nikon D50,A,True,0.2,0.35,camera_rgb_wb,1.39668388859,0.0361763102444,0.025901573391,38.6076932434,2,True,PASS
Nikon D50,A,True,0.2,0.35,linear_srgb_unclipped,1.39512103819,0.0677842121887,0.0485866174571,20.5817991113,2,True,PASS
Nikon D50,A,True,0.2,0.35,chromaticity,0.51182708647,0.0369851101841,0.072260947421,13.8387335856,2,True,PASS
Nikon D50,A,True,0.2,0.5,camera_rgb_wb,1.34223687614,0.0309325615592,0.0230455310154,43.3923609454,2,True,PASS
Nikon D50,A,True,0.2,0.5,linear_srgb_unclipped,1.34950460466,0.0574771711583,0.0425913116264,23.4789669962,2,True,PASS
Nikon D50,A,True,0.2,0.5,chromaticity,0.511210960591,0.0327094728313,0.0639842948466,15.6288352071,2,True,PASS
Nikon D50,A,True,0.2,0.65,camera_rgb_wb,1.29478439133,0.0269277069324,0.0207970586553,48.0837226347,2,True,PASS
Nikon D50,A,True,0.2,0.65,linear_srgb_unclipped,1.30986046354,0.0496565598991,0.037909808931,26.3783972592,2,True,PASS
Nikon D50,A,True,0.2,0.65,chromaticity,0.510680501003,0.0293643808955,0.0575004936311,17.3911550467,2,True,PASS
Nikon D50,A,True,0.2,0.8,camera_rgb_wb,1.25274984774,0.0237651309952,0.0189703722878,52.7137783503,2,True,PASS
Nikon D50,A,True,0.2,0.8,linear_srgb_unclipped,1.27481754663,0.0435188258318,0.0341372974878,29.2934729341,2,True,PASS
Nikon D50,A,True,0.2,0.8,chromaticity,0.510190194995,0.026661445761,0.052257856036,19.1358788105,2,True,PASS
Nikon D50,A,True,0.35,0.2,camera_rgb_wb,0.956867675928,0.0307365633896,0.0321220626037,31.1312512007,2,True,PASS
Nikon D50,A,True,0.35,0.2,linear_srgb_unclipped,0.977998539191,0.0589093843195,0.0602346342647,16.6017443653,2,True,PASS
Nikon D50,A,True,0.35,0.2,chromaticity,0.454322472333,0.0418394822991,0.092092037808,10.8587020529,2,True,PASS
Nikon D50,A,True,0.35,0.35,camera_rgb_wb,0.918531328907,0.0255616204564,0.0278287954389,35.9340023249,2,True,PASS
Nikon D50,A,True,0.35,0.35,linear_srgb_unclipped,0.948837968603,0.0485496786326,0.0511675125144,19.5436508609,2,True,PASS
Nikon D50,A,True,0.35,0.35,chromaticity,0.452950892149,0.0361067063851,0.0797143951163,12.5447856506,2,True,PASS
Nikon D50,A,True,0.35,0.5,camera_rgb_wb,0.885760713754,0.0217931818575,0.0246039156164,40.6439371518,2,True,PASS
Nikon D50,A,True,0.35,0.5,linear_srgb_unclipped,0.923884865541,0.0410601388209,0.044442917459,22.5007730629,2,True,PASS
Nikon D50,A,True,0.35,0.5,chromaticity,0.451783293595,0.0318259169897,0.0704450948959,14.195452522,2,True,PASS
Nikon D50,A,True,0.35,0.65,camera_rgb_wb,0.857125157885,0.0189207440588,0.0220746572245,45.300816671,2,True,PASS
Nikon D50,A,True,0.35,0.65,linear_srgb_unclipped,0.902040254189,0.0353899905926,0.0392332719391,25.4885700472,2,True,PASS
Nikon D50,A,True,0.35,0.65,chromaticity,0.450720779708,0.0284853897984,0.0631996372941,15.8228756179,2,True,PASS
Nikon D50,A,True,0.35,0.8,camera_rgb_wb,0.831697653606,0.016656396058,0.0200269845487,49.9326295263,2,True,PASS
Nikon D50,A,True,0.35,0.8,linear_srgb_unclipped,0.882594360319,0.0309488316953,0.0350657483061,28.51785712,2,True,PASS
Nikon D50,A,True,0.35,0.8,chromaticity,0.449714914052,0.0257927793168,0.0573536222857,17.435690374,2,True,PASS
Nikon D50,A,True,0.5,0.2,camera_rgb_wb,0.65777475722,0.0223376866586,0.0339594768778,29.4468611398,2,True,PASS
Nikon D50,A,True,0.5,0.2,linear_srgb_unclipped,0.711141637765,0.0423452019544,0.0595453840777,16.7939130042,2,True,PASS
Nikon D50,A,True,0.5,0.2,chromaticity,0.399363287091,0.0391810464907,0.09810878405,10.1927672398,2,True,PASS
Nikon D50,A,True,0.5,0.35,camera_rgb_wb,0.633720193165,0.0185380206021,0.0292526903862,34.1848898955,2,True,PASS
Nikon D50,A,True,0.5,0.35,linear_srgb_unclipped,0.693863521739,0.0348149475205,0.0501754976731,19.9300464644,2,True,PASS
Nikon D50,A,True,0.5,0.35,chromaticity,0.397169164583,0.0337354253397,0.0849396890494,11.7730593459,2,True,PASS
Nikon D50,A,True,0.5,0.5,camera_rgb_wb,0.613098635339,0.0157742508852,0.0257287326639,38.8670523754,2,True,PASS
Nikon D50,A,True,0.5,0.5,linear_srgb_unclipped,0.678914829294,0.029383193068,0.0432796453991,23.1055497516,2,True,PASS
Nikon D50,A,True,0.5,0.5,chromaticity,0.395288437631,0.029672210483,0.0750647063214,13.3218399033,2,True,PASS
Nikon D50,A,True,0.5,0.65,camera_rgb_wb,0.595030454517,0.0136698771161,0.0229734075161,43.5285884037,2,True,PASS
Nikon D50,A,True,0.5,0.65,linear_srgb_unclipped,0.665694172868,0.025278958166,0.0379738312221,26.3339243847,2,True,PASS
Nikon D50,A,True,0.5,0.65,chromaticity,0.393587780267,0.0265047873864,0.0673414895363,14.8496863804,2,True,PASS
Nikon D50,A,True,0.5,0.8,camera_rgb_wb,0.578945578757,0.0120126929446,0.0207492610452,48.1944873998,2,True,PASS
Nikon D50,A,True,0.5,0.8,linear_srgb_unclipped,0.653812807836,0.0220698618459,0.0337556278822,29.6246896514,2,True,PASS
Nikon D50,A,True,0.5,0.8,chromaticity,0.392000116492,0.0239547590754,0.0611090611141,16.3641853069,2,True,PASS
Nikon D50,A,True,0.65,0.2,camera_rgb_wb,0.469341948094,0.0164772586332,0.0351071509805,28.4842253521,2,True,PASS
Nikon D50,A,True,0.65,0.2,linear_srgb_unclipped,0.540830444184,0.0303822654577,0.056177062117,17.8008596804,2,True,PASS
Nikon D50,A,True,0.65,0.2,chromaticity,0.349950377369,0.0352707050092,0.100787732462,9.92184242637,2,True,PASS
Nikon D50,A,True,0.65,0.35,camera_rgb_wb,0.453687408945,0.0136542696895,0.0300962059346,33.226779554,2,True,PASS
Nikon D50,A,True,0.65,0.35,linear_srgb_unclipped,0.529693082972,0.0249354592259,0.0470752970493,21.2425637793,2,True,PASS
Nikon D50,A,True,0.65,0.35,chromaticity,0.34683640531,0.0303388371584,0.0874730469289,11.4320929144,2,True,PASS
Nikon D50,A,True,0.65,0.5,camera_rgb_wb,0.44022131078,0.0116024924211,0.0263560444189,37.9419606413,2,True,PASS
Nikon D50,A,True,0.65,0.5,linear_srgb_unclipped,0.51993408401,0.0210136847181,0.0404160553507,24.7426422822,2,True,PASS
Nikon D50,A,True,0.65,0.5,chromaticity,0.344197746565,0.0266554612028,0.0774422885357,12.9128415354,2,True,PASS
Nikon D50,A,True,0.65,0.65,camera_rgb_wb,0.428385341051,0.0100414577722,0.0234402459888,42.6616683322,2,True,PASS
Nikon D50,A,True,0.65,0.65,linear_srgb_unclipped,0.511206049135,0.0180549787325,0.0353183980569,28.3138549599,2,True,PASS
Nikon D50,A,True,0.65,0.65,chromaticity,0.341848712474,0.0237832797403,0.0695725298134,14.3734891154,2,True,PASS
Nikon D50,A,True,0.65,0.8,camera_rgb_wb,0.417817438056,0.00881310648996,0.0210931992953,47.4086451278,2,True,PASS
Nikon D50,A,True,0.65,0.8,linear_srgb_unclipped,0.503283387047,0.0157446973512,0.0312839600043,31.9652627054,2,True,PASS
Nikon D50,A,True,0.65,0.8,chromaticity,0.339693045086,0.0214711510397,0.0632075085147,15.8209051978,2,True,PASS
Nikon D50,A,True,0.8,0.2,camera_rgb_wb,0.344134298315,0.0122045939526,0.0354646253292,28.1971116491,2,True,PASS
Nikon D50,A,True,0.8,0.2,linear_srgb_unclipped,0.421001074078,0.0217419907486,0.0516435517326,19.3635016658,2,True,PASS
Nikon D50,A,True,0.8,0.2,chromaticity,0.306742257241,0.030692603738,0.100059913538,9.99401223366,2,True,PASS
Nikon D50,A,True,0.8,0.35,camera_rgb_wb,0.333645263073,0.0101017033954,0.0302767775044,33.0286140873,2,True,PASS
Nikon D50,A,True,0.8,0.35,linear_srgb_unclipped,0.41334745604,0.0178237221751,0.0431204351561,23.1908605834,2,True,PASS
Nikon D50,A,True,0.8,0.35,chromaticity,0.302743915186,0.0264025625915,0.0872108777984,11.4664595202,2,True,PASS
Nikon D50,A,True,0.8,0.5,camera_rgb_wb,0.324585870976,0.00857443874188,0.0264165495439,37.8550574267,2,True,PASS
Nikon D50,A,True,0.8,0.5,linear_srgb_unclipped,0.406558056257,0.0150060881281,0.0369100744583,27.0928740913,2,True,PASS
Nikon D50,A,True,0.8,0.5,chromaticity,0.299401249001,0.0231910931064,0.0774582376788,12.9101826993,2,True,PASS
Nikon D50,A,True,0.8,0.65,camera_rgb_wb,0.316593828512,0.00741332807827,0.0234158957333,42.7060323204,2,True,PASS
Nikon D50,A,True,0.8,0.65,linear_srgb_unclipped,0.400422540207,0.0128826410991,0.0321726171869,31.0823329725,2,True,PASS
Nikon D50,A,True,0.8,0.65,chromaticity,0.296469451679,0.0206834452182,0.0697658564857,14.3336590472,2,True,PASS
Nikon D50,A,True,0.8,0.8,camera_rgb_wb,0.309433841789,0.00650034342744,0.0210072155969,47.6026913413,2,True,PASS
Nikon D50,A,True,0.8,0.8,linear_srgb_unclipped,0.394803177748,0.0112260887742,0.0284346464438,35.1683641284,2,True,PASS
Nikon D50,A,True,0.8,0.8,chromaticity,0.293818919339,0.0186631587688,0.063519254685,15.7432577721,2,True,PASS
Nikon D5100,A,True,0.2,0.2,camera_rgb_wb,1.48567707726,0.0347907423768,0.0234174323002,42.7032301056,2,True,PASS
Nikon D5100,A,True,0.2,0.2,linear_srgb_unclipped,1.47955196818,0.0815053610573,0.055087866334,18.15281779,2,True,PASS
Nikon D5100,A,True,0.2,0.2,chromaticity,0.454268053481,0.0336401794831,0.0740535884602,13.5037345359,2,True,PASS
Nikon D5100,A,True,0.2,0.35,camera_rgb_wb,1.42207647299,0.0289796182243,0.0203783824392,49.0716082586,2,True,PASS
Nikon D5100,A,True,0.2,0.35,linear_srgb_unclipped,1.42698904708,0.067285726479,0.0471522375147,21.2079013151,2,True,PASS
Nikon D5100,A,True,0.2,0.35,chromaticity,0.454204030192,0.0290965294114,0.0640604826847,15.6102476611,2,True,PASS
Nikon D5100,A,True,0.2,0.5,camera_rgb_wb,1.36762582191,0.0247506706245,0.0180975455626,55.2561117496,2,True,PASS
Nikon D5100,A,True,0.2,0.5,linear_srgb_unclipped,1.38201804583,0.0570071026852,0.0412491738854,24.2429097557,2,True,PASS
Nikon D5100,A,True,0.2,0.5,chromaticity,0.454164695329,0.0257040706851,0.0565963645997,17.668979396,2,True,PASS
Nikon D5100,A,True,0.2,0.65,camera_rgb_wb,1.31999890711,0.0215286400199,0.0163095892761,61.3136224997,2,True,PASS
Nikon D5100,A,True,0.2,0.65,linear_srgb_unclipped,1.34269595885,0.049225243784,0.0366614969379,27.2765730677,2,True,PASS
Nikon D5100,A,True,0.2,0.65,chromaticity,0.454109432987,0.0230559781033,0.0507718545982,19.695951781,2,True,PASS
Nikon D5100,A,True,0.2,0.8,camera_rgb_wb,1.27768135695,0.018989417681,0.0148624049163,67.2838619075,2,True,PASS
Nikon D5100,A,True,0.2,0.8,linear_srgb_unclipped,1.30775644863,0.0431292093651,0.0329795424908,30.3218275475,2,True,PASS
Nikon D5100,A,True,0.2,0.8,chromaticity,0.454022721605,0.0209202867139,0.0460776206088,21.7025095217,2,True,PASS
Nikon D5100,A,True,0.35,0.2,camera_rgb_wb,0.97727734348,0.0246112074877,0.0251834421947,39.7086304671,2,True,PASS
Nikon D5100,A,True,0.35,0.2,linear_srgb_unclipped,0.997304896417,0.0580224776194,0.0581792767968,17.1882507837,2,True,PASS
Nikon D5100,A,True,0.35,0.2,chromaticity,0.407894909402,0.0329223019147,0.0807127060326,12.3896230117,2,True,PASS
Nikon D5100,A,True,0.35,0.35,camera_rgb_wb,0.938337559463,0.0204243691463,0.0217665475929,45.9420583687,2,True,PASS
Nikon D5100,A,True,0.35,0.35,linear_srgb_unclipped,0.968233817616,0.0477713738268,0.0493386751812,20.2680756288,2,True,PASS
Nikon D5100,A,True,0.35,0.35,chromaticity,0.407017994382,0.028393730191,0.0697603805801,14.334784181,2,True,PASS
Nikon D5100,A,True,0.35,0.5,camera_rgb_wb,0.904934885716,0.0173840332423,0.019210258679,52.0555197464,2,True,PASS
Nikon D5100,A,True,0.35,0.5,linear_srgb_unclipped,0.943200051267,0.0403775026811,0.042809054799,23.3595440192,2,True,PASS
Nikon D5100,A,True,0.35,0.5,chromaticity,0.406248966679,0.0250179886918,0.061582898035,16.2382744546,2,True,PASS
Nikon D5100,A,True,0.35,0.65,camera_rgb_wb,0.875663893257,0.0150721510666,0.0172122559611,58.098136715,2,True,PASS
Nikon D5100,A,True,0.35,0.65,linear_srgb_unclipped,0.921170679982,0.034790258906,0.0377674405645,26.4778334209,2,True,PASS
Nikon D5100,A,True,0.35,0.65,chromaticity,0.405523686294,0.0223872286105,0.0552057237769,18.1140637526,2,True,PASS
Nikon D5100,A,True,0.35,0.8,camera_rgb_wb,0.849609952348,0.0132535166081,0.0155995307864,64.1044922243,2,True,PASS
Nikon D5100,A,True,0.35,0.8,linear_srgb_unclipped,0.901473909607,0.030420813083,0.0337456389573,29.633458749,2,True,PASS
Nikon D5100,A,True,0.35,0.8,chromaticity,0.4048133587,0.0202689743273,0.0500699245508,19.9720692406,2,True,PASS
Nikon D5100,A,True,0.5,0.2,camera_rgb_wb,0.669624974559,0.0179093890056,0.0267454018085,37.3896046565,2,True,PASS
Nikon D5100,A,True,0.5,0.2,linear_srgb_unclipped,0.721678639013,0.0413797794791,0.0573382351121,17.4403693808,2,True,PASS
Nikon D5100,A,True,0.5,0.2,chromaticity,0.361668851327,0.0310490850846,0.0858494862654,11.6482933504,2,True,PASS
Nikon D5100,A,True,0.5,0.35,camera_rgb_wb,0.644939269643,0.0148264912382,0.0229889726616,43.4991164991,2,True,PASS
Nikon D5100,A,True,0.5,0.35,linear_srgb_unclipped,0.704242349191,0.0339941819757,0.0482705733542,20.7165552533,2,True,PASS
Nikon D5100,A,True,0.5,0.35,chromaticity,0.359916529957,0.0267296523232,0.0742662536961,13.4650658978,2,True,PASS
Nikon D5100,A,True,0.5,0.5,camera_rgb_wb,0.623714018261,0.0125902001603,0.02018585408,49.5396427635,2,True,PASS
Nikon D5100,A,True,0.5,0.5,linear_srgb_unclipped,0.689075885588,0.0286771865298,0.0416168772259,24.0287130284,2,True,PASS
Nikon D5100,A,True,0.5,0.5,chromaticity,0.358395716301,0.0235107530998,0.0655999835671,15.2439062577,2,True,PASS
Nikon D5100,A,True,0.5,0.65,camera_rgb_wb,0.605072667386,0.0108915337421,0.0180003730613,55.5544041557,2,True,PASS
Nikon D5100,A,True,0.5,0.65,linear_srgb_unclipped,0.675604459165,0.0246659200007,0.0365094097088,27.390199074,2,True,PASS
Nikon D5100,A,True,0.5,0.65,chromaticity,0.357005225728,0.0210037177175,0.0588330819939,16.997239752,2,True,PASS
Nikon D5100,A,True,0.5,0.8,camera_rgb_wb,0.588444885459,0.00955668717253,0.0162405815883,61.5741495808,2,True,PASS
Nikon D5100,A,True,0.5,0.8,linear_srgb_unclipped,0.663454230171,0.0215334953642,0.0324566403905,30.8103361275,2,True,PASS
Nikon D5100,A,True,0.5,0.8,chromaticity,0.355695099351,0.0189866585382,0.0533790276357,18.7339493485,2,True,PASS
Nikon D5100,A,True,0.65,0.2,camera_rgb_wb,0.474386600873,0.0132465466785,0.0279235262003,35.8120959662,2,True,PASS
Nikon D5100,A,True,0.65,0.2,linear_srgb_unclipped,0.546063769584,0.0295185724871,0.0540570060335,18.4989897402,2,True,PASS
Nikon D5100,A,True,0.65,0.2,chromaticity,0.318201266289,0.0283561772273,0.0891139672636,11.2215854675,2,True,PASS
Nikon D5100,A,True,0.65,0.35,camera_rgb_wb,0.458248669869,0.0109496099412,0.0238944718471,41.8506843925,2,True,PASS
Nikon D5100,A,True,0.65,0.35,linear_srgb_unclipped,0.53471421899,0.0242107703456,0.0452779624811,22.0857994751,2,True,PASS
Nikon D5100,A,True,0.65,0.35,chromaticity,0.315602091162,0.024390334513,0.0772819166794,12.9396376664,2,True,PASS
Nikon D5100,A,True,0.65,0.5,camera_rgb_wb,0.44433155519,0.00928446282281,0.0208953487871,47.8575404597,2,True,PASS
Nikon D5100,A,True,0.65,0.5,linear_srgb_unclipped,0.524725964819,0.0203953286738,0.0388685333704,25.7277523304,2,True,PASS
Nikon D5100,A,True,0.65,0.5,chromaticity,0.313380138212,0.0214321862928,0.0683903785834,14.6219398213,2,True,PASS
Nikon D5100,A,True,0.65,0.65,camera_rgb_wb,0.432074840696,0.00802046400064,0.0185626730492,53.8715516536,2,True,PASS
Nikon D5100,A,True,0.65,0.65,linear_srgb_unclipped,0.515762370187,0.0175205441952,0.0339701870628,29.4375770776,2,True,PASS
Nikon D5100,A,True,0.65,0.65,chromaticity,0.311388876744,0.0191274321282,0.0614261894265,16.2797010418,2,True,PASS
Nikon D5100,A,True,0.65,0.8,camera_rgb_wb,0.421113734096,0.00702786206224,0.0166887505517,59.9206032171,2,True,PASS
Nikon D5100,A,True,0.65,0.8,linear_srgb_unclipped,0.507603570002,0.0152781137752,0.0300985152155,33.2242302598,2,True,PASS
Nikon D5100,A,True,0.65,0.8,chromaticity,0.309552411285,0.0172731313521,0.0558003450219,17.9210361443,2,True,PASS
Nikon D5100,A,True,0.8,0.2,camera_rgb_wb,0.344815570665,0.00984001742732,0.0285370449146,35.042170729,2,True,PASS
Nikon D5100,A,True,0.8,0.2,linear_srgb_unclipped,0.423130536843,0.0210425299329,0.0497305869008,20.1083490528,2,True,PASS
Nikon D5100,A,True,0.8,0.2,chromaticity,0.278852733409,0.0251883416873,0.0903284733105,11.0707063161,2,True,PASS
Nikon D5100,A,True,0.8,0.35,camera_rgb_wb,0.333984322052,0.00812545732146,0.0243288585271,41.1034491769,2,True,PASS
Nikon D5100,A,True,0.8,0.35,linear_srgb_unclipped,0.415257886368,0.0172407569009,0.0415181925904,24.0858269016,2,True,PASS
Nikon D5100,A,True,0.8,0.35,chromaticity,0.275504455815,0.0216644345016,0.0786355140338,12.7169004016,2,True,PASS
Nikon D5100,A,True,0.8,0.5,camera_rgb_wb,0.324609857293,0.00688313683405,0.0212043370816,47.1601633266,2,True,PASS
Nikon D5100,A,True,0.8,0.5,linear_srgb_unclipped,0.408251687977,0.0145106712982,0.035543444707,28.1345831346,2,True,PASS
Nikon D5100,A,True,0.8,0.5,chromaticity,0.272682371254,0.0190306851838,0.0697906692551,14.3285629823,2,True,PASS
Nikon D5100,A,True,0.8,0.65,camera_rgb_wb,0.316326820932,0.00594061191978,0.0187799817362,53.2481880997,2,True,PASS
Nikon D5100,A,True,0.8,0.65,linear_srgb_unclipped,0.401904971076,0.0124554163117,0.0309909486275,32.2674859689,2,True,PASS
Nikon D5100,A,True,0.8,0.65,chromaticity,0.270192310329,0.0169762737876,0.0628303365365,15.9158784613,2,True,PASS
Nikon D5100,A,True,0.8,0.8,camera_rgb_wb,0.30889709064,0.00520087008983,0.016836902151,59.3933486714,2,True,PASS
Nikon D5100,A,True,0.8,0.8,linear_srgb_unclipped,0.396081448499,0.0108534365447,0.0274020320464,36.4936439132,2,True,PASS
Nikon D5100,A,True,0.8,0.8,chromaticity,0.267931137472,0.0153222900492,0.0571874183561,17.4863637623,2,True,PASS
Nikon D700,A,True,0.2,0.2,camera_rgb_wb,1.47771521254,0.0426721441075,0.0288771095711,34.629504644,2,True,PASS
Nikon D700,A,True,0.2,0.2,linear_srgb_unclipped,1.46921003185,0.0818280331227,0.0556952589137,17.9548496498,2,True,PASS
Nikon D700,A,True,0.2,0.2,chromaticity,0.499358921856,0.0418742627747,0.0838560421011,11.9251991263,2,True,PASS
Nikon D700,A,True,0.2,0.35,camera_rgb_wb,1.41369623001,0.035576470357,0.0251655692375,39.7368321202,2,True,PASS
Nikon D700,A,True,0.2,0.35,linear_srgb_unclipped,1.41617055498,0.0675464176141,0.0476965273544,20.9658869412,2,True,PASS
Nikon D700,A,True,0.2,0.35,chromaticity,0.499089378957,0.0362492941416,0.0726308666743,13.7682509626,2,True,PASS
Nikon D700,A,True,0.2,0.5,camera_rgb_wb,1.35901449445,0.0304033195519,0.022371593295,44.6995431578,2,True,PASS
Nikon D700,A,True,0.2,0.5,linear_srgb_unclipped,1.37094947024,0.0572126494756,0.0417321358063,23.9623489351,2,True,PASS
Nikon D700,A,True,0.2,0.5,chromaticity,0.498903711786,0.0320430737967,0.0642269701342,15.5697831909,2,True,PASS
Nikon D700,A,True,0.2,0.65,camera_rgb_wb,1.3112759209,0.0264562303363,0.0201759446007,49.5639743165,2,True,PASS
Nikon D700,A,True,0.2,0.65,linear_srgb_unclipped,1.33151981777,0.0493837374491,0.0370882481734,26.9627186306,2,True,PASS
Nikon D700,A,True,0.2,0.65,chromaticity,0.498740711104,0.0287557767015,0.0576567664545,17.3440180831,2,True,PASS
Nikon D700,A,True,0.2,0.8,camera_rgb_wb,1.26892656245,0.0233419472367,0.0183950339818,54.3624981061,2,True,PASS
Nikon D700,A,True,0.2,0.8,linear_srgb_unclipped,1.2965667738,0.0432480285317,0.0333558050427,29.9797890868,2,True,PASS
Nikon D700,A,True,0.2,0.8,chromaticity,0.498572607103,0.0261019117323,0.0523532808671,19.1009996592,2,True,PASS
Nikon D700,A,True,0.35,0.2,camera_rgb_wb,0.968101162361,0.0300388100357,0.0310285858581,32.2283459701,2,True,PASS
Nikon D700,A,True,0.35,0.2,linear_srgb_unclipped,0.991825303716,0.0584707638004,0.0589526840879,16.9627560725,2,True,PASS
Nikon D700,A,True,0.35,0.2,chromaticity,0.445775139928,0.0412080853841,0.0924414165193,10.817662014,2,True,PASS
Nikon D700,A,True,0.35,0.35,camera_rgb_wb,0.92935275611,0.0249597107915,0.0268570901925,37.2341155663,2,True,PASS
Nikon D700,A,True,0.35,0.35,linear_srgb_unclipped,0.96273499677,0.0481248796857,0.049987670384,20.0049330628,2,True,PASS
Nikon D700,A,True,0.35,0.35,chromaticity,0.444823129262,0.0355493442693,0.0799179312646,12.5128364082,2,True,PASS
Nikon D700,A,True,0.35,0.5,camera_rgb_wb,0.896182086435,0.0212649062096,0.0237283321453,42.1437121613,2,True,PASS
Nikon D700,A,True,0.35,0.5,linear_srgb_unclipped,0.937753821694,0.0406574254291,0.0433561820688,23.0647615238,2,True,PASS
Nikon D700,A,True,0.35,0.5,chromaticity,0.444009625546,0.0313278328731,0.0705566525379,14.1730079876,2,True,PASS
Nikon D700,A,True,0.35,0.65,camera_rgb_wb,0.867162147768,0.0184512630333,0.0212777542018,46.9974411076,2,True,PASS
Nikon D700,A,True,0.35,0.65,linear_srgb_unclipped,0.915818444622,0.0350122136868,0.0382305181693,26.1571134237,2,True,PASS
Nikon D700,A,True,0.35,0.65,chromaticity,0.443257235864,0.0280360359522,0.0632500356087,15.8102677789,2,True,PASS
Nikon D700,A,True,0.35,0.8,camera_rgb_wb,0.841366893841,0.0162352010795,0.0192962204697,51.8236201523,2,True,PASS
Nikon D700,A,True,0.35,0.8,linear_srgb_unclipped,0.896240152102,0.0305964152428,0.0341386347967,29.2923254241,2,True,PASS
Nikon D700,A,True,0.35,0.8,chromaticity,0.442529966414,0.0253843343311,0.0573618427172,17.4331916938,2,True,PASS
Nikon D700,A,True,0.5,0.2,camera_rgb_wb,0.663713635891,0.0216904421669,0.0326804226914,30.5993594221,2,True,PASS
Nikon D700,A,True,0.5,0.2,linear_srgb_unclipped,0.719352800639,0.0418175204779,0.0581321438392,17.2021868446,2,True,PASS
Nikon D700,A,True,0.5,0.2,chromaticity,0.393887860078,0.0388771910069,0.0987011658578,10.1315925836,2,True,PASS
Nikon D700,A,True,0.5,0.35,camera_rgb_wb,0.639296370108,0.0179812540423,0.0281266324713,35.5534919091,2,True,PASS
Nikon D700,A,True,0.5,0.35,linear_srgb_unclipped,0.702000812484,0.0343371906727,0.048913320415,20.4443286924,2,True,PASS
Nikon D700,A,True,0.5,0.35,chromaticity,0.392085768412,0.0334667928962,0.0853557960846,11.7156660224,2,True,PASS
Nikon D700,A,True,0.5,0.5,camera_rgb_wb,0.618341362153,0.0152862095865,0.0247213117578,40.4509279199,2,True,PASS
Nikon D700,A,True,0.5,0.5,linear_srgb_unclipped,0.686937475829,0.0289496558627,0.0421430725232,23.7286922886,2,True,PASS
Nikon D700,A,True,0.5,0.5,chromaticity,0.390541434801,0.0294332037817,0.0753651243093,13.2687368218,2,True,PASS
Nikon D700,A,True,0.5,0.65,camera_rgb_wb,0.599964479393,0.0132362428404,0.0220617108096,45.3274004284,2,True,PASS
Nikon D700,A,True,0.5,0.65,linear_srgb_unclipped,0.67357726992,0.0248843728972,0.0369436054458,27.0682838866,2,True,PASS
Nikon D700,A,True,0.5,0.65,chromaticity,0.389139817149,0.026290876585,0.067561517548,14.8013253149,2,True,PASS
Nikon D700,A,True,0.5,0.8,camera_rgb_wb,0.583592163493,0.0116234408089,0.0199170611533,50.2082105538,2,True,PASS
Nikon D700,A,True,0.5,0.8,linear_srgb_unclipped,0.661540816341,0.0217096380271,0.0328167778781,30.4722177088,2,True,PASS
Nikon D700,A,True,0.5,0.8,chromaticity,0.387824218722,0.0237623275384,0.0612708706453,16.3209693198,2,True,PASS
Nikon D700,A,True,0.65,0.2,camera_rgb_wb,0.471686496011,0.0159215276517,0.0337544699421,29.6257059203,2,True,PASS
Nikon D700,A,True,0.65,0.2,linear_srgb_unclipped,0.54526519194,0.0298772660247,0.0547940093487,18.2501702629,2,True,PASS
Nikon D700,A,True,0.65,0.2,chromaticity,0.346379019796,0.0353485651384,0.102051692274,9.79895558532,2,True,PASS
Nikon D700,A,True,0.65,0.35,camera_rgb_wb,0.455762434886,0.0131775130602,0.0289131180007,34.5863770201,2,True,PASS
Nikon D700,A,True,0.65,0.35,linear_srgb_unclipped,0.534014601292,0.0244905445725,0.0458611890261,21.8049296417,2,True,PASS
Nikon D700,A,True,0.65,0.35,chromaticity,0.343671028396,0.0303999733985,0.0884566078801,11.3049779317,2,True,PASS
Nikon D700,A,True,0.65,0.5,camera_rgb_wb,0.442053048515,0.0111853682857,0.0253032262153,39.5206520897,2,True,PASS
Nikon D700,A,True,0.65,0.5,linear_srgb_unclipped,0.524125456621,0.020617547909,0.0393370473588,25.4213284205,2,True,PASS
Nikon D700,A,True,0.65,0.5,chromaticity,0.341382103897,0.0267073140524,0.0782329060239,12.782345062,2,True,PASS
Nikon D700,A,True,0.65,0.65,camera_rgb_wb,0.429994787363,0.00967130580709,0.0224916815071,44.4608821125,2,True,PASS
Nikon D700,A,True,0.65,0.65,linear_srgb_unclipped,0.515257954485,0.0176993466416,0.0343504578387,29.1116934946,2,True,PASS
Nikon D700,A,True,0.65,0.65,chromaticity,0.33934468215,0.0238297773653,0.0702229285409,14.2403630948,2,True,PASS
Nikon D700,A,True,0.65,0.8,camera_rgb_wb,0.419221965032,0.00848110418645,0.0202305816342,49.4301161518,2,True,PASS
Nikon D700,A,True,0.65,0.8,linear_srgb_unclipped,0.507190956811,0.0154232946726,0.0304092461932,32.8847349141,2,True,PASS
Nikon D700,A,True,0.65,0.8,chromaticity,0.337472769375,0.0215145132291,0.0637518495756,15.6858194179,2,True,PASS
Nikon D700,A,True,0.8,0.2,camera_rgb_wb,0.344268954351,0.011753826135,0.0341414059748,29.2899478346,2,True,PASS
Nikon D700,A,True,0.8,0.2,linear_srgb_unclipped,0.422962742824,0.0213088975813,0.0503800817988,19.8491142589,2,True,PASS
Nikon D700,A,True,0.8,0.2,chromaticity,0.304352464403,0.0311327909611,0.102291897068,9.77594539414,2,True,PASS
Nikon D700,A,True,0.8,0.35,camera_rgb_wb,0.333586520568,0.00971619124835,0.0291264504087,34.3330541816,2,True,PASS
Nikon D700,A,True,0.8,0.35,linear_srgb_unclipped,0.415184490872,0.0174474317419,0.0420233224638,23.7963097958,2,True,PASS
Nikon D700,A,True,0.8,0.35,chromaticity,0.300785238072,0.0267748290555,0.0890164332102,11.2338808009,2,True,PASS
Nikon D700,A,True,0.8,0.5,camera_rgb_wb,0.324354184426,0.0082379884655,0.0253981260642,39.3729835608,2,True,PASS
Nikon D700,A,True,0.8,0.5,linear_srgb_unclipped,0.408265935524,0.0146743827065,0.0359431964062,27.8216769788,2,True,PASS
Nikon D700,A,True,0.8,0.5,chromaticity,0.297813497121,0.0235156685563,0.0789610571167,12.6644707723,2,True,PASS
Nikon D700,A,True,0.8,0.65,camera_rgb_wb,0.316205213476,0.00711537243625,0.0225023881107,44.4397276895,2,True,PASS
Nikon D700,A,True,0.8,0.65,linear_srgb_unclipped,0.402000047487,0.0125870398699,0.0313110407537,31.9376161229,2,True,PASS
Nikon D700,A,True,0.8,0.65,chromaticity,0.295211181406,0.0209726399254,0.0710428372852,14.0760143909,2,True,PASS
Nikon D700,A,True,0.8,0.8,camera_rgb_wb,0.308901349879,0.00623353961703,0.0201797098636,49.5547263443,2,True,PASS
Nikon D700,A,True,0.8,0.8,linear_srgb_unclipped,0.396250969334,0.0109604075716,0.0276602669012,36.1529410968,2,True,PASS
Nikon D700,A,True,0.8,0.8,chromaticity,0.29285945074,0.0189250086954,0.0646214716567,15.4747326912,2,True,PASS
Nikon D80,A,True,0.2,0.2,camera_rgb_wb,1.48951361997,0.0442520951434,0.0297090906387,33.6597310285,2,True,PASS
Nikon D80,A,True,0.2,0.2,linear_srgb_unclipped,1.48210364379,0.081698863205,0.0551235829879,18.1410558929,2,True,PASS
Nikon D80,A,True,0.2,0.2,chromaticity,0.509052043587,0.0432719146952,0.0850048933903,11.7640286355,2,True,PASS
Nikon D80,A,True,0.2,0.35,camera_rgb_wb,1.42555527795,0.0368991717326,0.0258840693892,38.6338015465,2,True,PASS
Nikon D80,A,True,0.2,0.35,linear_srgb_unclipped,1.42944876534,0.0674106815829,0.0471585153783,21.2050780644,2,True,PASS
Nikon D80,A,True,0.2,0.35,chromaticity,0.509363910811,0.0374360499383,0.0734956857832,13.60624082,2,True,PASS
Nikon D80,A,True,0.2,0.5,camera_rgb_wb,1.37083071199,0.031544199301,0.0230110100576,43.4574578645,2,True,PASS
Nikon D80,A,True,0.2,0.5,linear_srgb_unclipped,1.38440494564,0.0570904582865,0.0412382651956,24.2493226923,2,True,PASS
Nikon D80,A,True,0.2,0.5,chromaticity,0.509659152541,0.033080325102,0.0649067615819,15.4067153503,2,True,PASS
Nikon D80,A,True,0.2,0.65,camera_rgb_wb,1.32298741738,0.0274607594577,0.0207566293503,48.1773790496,2,True,PASS
Nikon D80,A,True,0.2,0.65,linear_srgb_unclipped,1.34502064894,0.0492807968358,0.0366394351451,27.2929971775,2,True,PASS
Nikon D80,A,True,0.2,0.65,chromaticity,0.509906810957,0.029680231573,0.0582071683202,17.1800145731,2,True,PASS
Nikon D80,A,True,0.2,0.8,camera_rgb_wb,1.28049481304,0.0242398876262,0.0189300943505,52.8259385022,2,True,PASS
Nikon D80,A,True,0.2,0.8,linear_srgb_unclipped,1.310025112,0.0431648853267,0.0329496625151,30.349324505,2,True,PASS
Nikon D80,A,True,0.2,0.8,chromaticity,0.510097180375,0.0269374356977,0.052808438733,18.9363674442,2,True,PASS
Nikon D80,A,True,0.35,0.2,camera_rgb_wb,0.972740070561,0.0305602331792,0.0314166488089,31.8302568197,2,True,PASS
Nikon D80,A,True,0.35,0.2,linear_srgb_unclipped,0.997710067578,0.0577991699221,0.0579318298977,17.2616677527,2,True,PASS
Nikon D80,A,True,0.35,0.2,chromaticity,0.456560770788,0.0426412219127,0.0933965961182,10.707028324,2,True,PASS
Nikon D80,A,True,0.35,0.35,camera_rgb_wb,0.933886215395,0.0253982000007,0.0271962468039,36.7697795659,2,True,PASS
Nikon D80,A,True,0.35,0.35,linear_srgb_unclipped,0.968491922634,0.0475604402579,0.0491077304275,20.3633927142,2,True,PASS
Nikon D80,A,True,0.35,0.35,chromaticity,0.456065976192,0.0367733984121,0.0806317513951,12.4020622484,2,True,PASS
Nikon D80,A,True,0.35,0.5,camera_rgb_wb,0.90059091461,0.0216469869141,0.024036426043,41.6035228453,2,True,PASS
Nikon D80,A,True,0.35,0.5,linear_srgb_unclipped,0.943345012178,0.0401811645136,0.0425943467076,23.4772939908,2,True,PASS
Nikon D80,A,True,0.35,0.5,chromaticity,0.455623788029,0.0324023665553,0.071116494368,14.0614355205,2,True,PASS
Nikon D80,A,True,0.35,0.65,camera_rgb_wb,0.871438211228,0.0187919746912,0.0215643225751,46.3728919152,2,True,PASS
Nikon D80,A,True,0.35,0.65,linear_srgb_unclipped,0.921225429665,0.0346076594971,0.0375669823939,26.6191196704,2,True,PASS
Nikon D80,A,True,0.35,0.65,chromaticity,0.455183450517,0.0289969422553,0.0637038587899,15.6976362028,2,True,PASS
Nikon D80,A,True,0.35,0.8,camera_rgb_wb,0.84550765293,0.0165439366534,0.0195668680183,51.1067994664,2,True,PASS
Nikon D80,A,True,0.35,0.8,linear_srgb_unclipped,0.901454739256,0.0302503881954,0.0335573011912,29.7997742519,2,True,PASS
Nikon D80,A,True,0.35,0.8,chromaticity,0.454724668723,0.0262551070543,0.0577384709037,17.3194749419,2,True,PASS
Nikon D80,A,True,0.5,0.2,camera_rgb_wb,0.66498233851,0.0217095938525,0.0326468728495,30.6308051191,2,True,PASS
Nikon D80,A,True,0.5,0.2,linear_srgb_unclipped,0.721347276441,0.0410256970194,0.0568737116772,17.5828158654,2,True,PASS
Nikon D80,A,True,0.5,0.2,chromaticity,0.404292955997,0.0403463432131,0.0997948210935,10.0205600756,2,True,PASS
Nikon D80,A,True,0.5,0.35,camera_rgb_wb,0.640449289898,0.0179974836695,0.0281013406579,35.5854908196,2,True,PASS
Nikon D80,A,True,0.5,0.35,linear_srgb_unclipped,0.703785550184,0.0336805224581,0.0478562290022,20.8959214056,2,True,PASS
Nikon D80,A,True,0.5,0.35,chromaticity,0.402835701572,0.0347241580724,0.0861993064093,11.6010214195,2,True,PASS
Nikon D80,A,True,0.5,0.5,camera_rgb_wb,0.619385096277,0.0153033529574,0.0247073315928,40.4738162939,2,True,PASS
Nikon D80,A,True,0.5,0.5,linear_srgb_unclipped,0.688523976335,0.0283969022758,0.0412431567408,24.2464466598,2,True,PASS
Nikon D80,A,True,0.5,0.5,chromaticity,0.401563131283,0.0305380829142,0.0760480246696,13.1495854671,2,True,PASS
Nikon D80,A,True,0.5,0.65,camera_rgb_wb,0.600906313307,0.0132553731933,0.022058968095,45.3330362369,2,True,PASS
Nikon D80,A,True,0.5,0.65,linear_srgb_unclipped,0.674978444061,0.0244129645794,0.0361685099638,27.6483604384,2,True,PASS
Nikon D80,A,True,0.5,0.65,chromaticity,0.400383879685,0.027279323578,0.0681329218335,14.6771923629,2,True,PASS
Nikon D80,A,True,0.5,0.8,camera_rgb_wb,0.584439131052,0.0116446692529,0.0199245201668,50.1894144316,2,True,PASS
Nikon D80,A,True,0.5,0.8,linear_srgb_unclipped,0.662769275814,0.0213030768096,0.0321425231781,31.1114343593,2,True,PASS
Nikon D80,A,True,0.5,0.8,chromaticity,0.399254966771,0.0246581041557,0.0617602940675,16.1916327488,2,True,PASS
Nikon D80,A,True,0.65,0.2,camera_rgb_wb,0.471601484589,0.0157580217574,0.0334138510423,29.9277086839,2,True,PASS
Nikon D80,A,True,0.65,0.2,linear_srgb_unclipped,0.545549131649,0.0291532332437,0.0534383276455,18.7131604611,2,True,PASS
Nikon D80,A,True,0.65,0.2,chromaticity,0.355476774398,0.0368174145623,0.103571927096,9.65512594038,2,True,PASS
Nikon D80,A,True,0.65,0.35,camera_rgb_wb,0.455584247765,0.0130396489572,0.0286218169772,34.9383828705,2,True,PASS
Nikon D80,A,True,0.65,0.35,linear_srgb_unclipped,0.534107902988,0.0238919294964,0.0447324021284,22.3551598488,2,True,PASS
Nikon D80,A,True,0.65,0.35,chromaticity,0.353021139705,0.0316568774754,0.0896741693764,11.151483275,2,True,PASS
Nikon D80,A,True,0.65,0.5,camera_rgb_wb,0.441793971144,0.0110684166785,0.0250533447748,39.914830095,2,True,PASS
Nikon D80,A,True,0.65,0.5,linear_srgb_unclipped,0.524050393439,0.020113241236,0.038380357095,26.0549946819,2,True,PASS
Nikon D80,A,True,0.65,0.5,chromaticity,0.350922406019,0.0278109142694,0.0792508936232,12.6181542476,2,True,PASS
Nikon D80,A,True,0.65,0.65,camera_rgb_wb,0.429664821793,0.00957126956541,0.0222761303228,44.8911002722,2,True,PASS
Nikon D80,A,True,0.65,0.65,linear_srgb_unclipped,0.515033256737,0.0172679115899,0.0335277603223,29.8260304413,2,True,PASS
Nikon D80,A,True,0.65,0.65,chromaticity,0.349034196698,0.0248160204332,0.0710991091071,14.0648738438,2,True,PASS
Nikon D80,A,True,0.65,0.8,camera_rgb_wb,0.418829304491,0.00839481970726,0.0200435347223,49.8913995888,2,True,PASS
Nikon D80,A,True,0.65,0.8,linear_srgb_unclipped,0.506832337609,0.0150494870445,0.0296932258022,33.6777151349,2,True,PASS
Nikon D80,A,True,0.65,0.8,chromaticity,0.34728258295,0.022407227438,0.0645215986579,15.4986860338,2,True,PASS
Nikon D80,A,True,0.8,0.2,camera_rgb_wb,0.343749820988,0.0115540009447,0.0336116566154,29.7515832511,2,True,PASS
Nikon D80,A,True,0.8,0.2,linear_srgb_unclipped,0.422606440958,0.0207093298077,0.0490038196312,20.4065725392,2,True,PASS
Nikon D80,A,True,0.8,0.2,chromaticity,0.311717039383,0.0325439699247,0.104402280957,9.57833479148,2,True,PASS
Nikon D80,A,True,0.8,0.35,camera_rgb_wb,0.3329966988,0.00954753743854,0.0286715678352,34.8777578452,2,True,PASS
Nikon D80,A,True,0.8,0.35,linear_srgb_unclipped,0.414669132689,0.0169519379546,0.0408806361946,24.4614588491,2,True,PASS
Nikon D80,A,True,0.8,0.35,chromaticity,0.308329660929,0.0279816086376,0.0907522440538,11.0190112699,2,True,PASS
Nikon D80,A,True,0.8,0.5,camera_rgb_wb,0.323705510224,0.00809363207535,0.02500307168,39.9950859157,2,True,PASS
Nikon D80,A,True,0.8,0.5,linear_srgb_unclipped,0.407613971093,0.0142563308455,0.0349750790124,28.5917867304,2,True,PASS
Nikon D80,A,True,0.8,0.5,chromaticity,0.305485264764,0.0245740507933,0.0804426714731,12.4312132067,2,True,PASS
Nikon D80,A,True,0.8,0.65,camera_rgb_wb,0.315506779681,0.00699024466812,0.0221556084316,45.1352984996,2,True,PASS
Nikon D80,A,True,0.8,0.65,linear_srgb_unclipped,0.401229400459,0.0122284715093,0.0304775061231,32.8110835566,2,True,PASS
Nikon D80,A,True,0.8,0.65,chromaticity,0.302976571654,0.0219172226327,0.0723396614894,13.8236754142,2,True,PASS
Nikon D80,A,True,0.8,0.8,camera_rgb_wb,0.308160297983,0.00612388167168,0.0198723901546,50.3210732187,2,True,PASS
Nikon D80,A,True,0.8,0.8,linear_srgb_unclipped,0.395376149042,0.0106487188973,0.0269331342395,37.1289873323,2,True,PASS
Nikon D80,A,True,0.8,0.8,chromaticity,0.300695294531,0.0197788442443,0.0657770327772,15.2028748908,2,True,PASS
Nikon D90,A,True,0.2,0.2,camera_rgb_wb,1.47724202676,0.0394615520092,0.0267129903525,37.4349702823,2,True,PASS
Nikon D90,A,True,0.2,0.2,linear_srgb_unclipped,1.47375395692,0.0829843200212,0.05630812364,17.7594267995,2,True,PASS
Nikon D90,A,True,0.2,0.2,chromaticity,0.464295166389,0.0383900695659,0.0826846203558,12.0941475657,2,True,PASS
Nikon D90,A,True,0.2,0.35,camera_rgb_wb,1.41317534055,0.0328374647962,0.0232366528441,43.0354581061,2,True,PASS
Nikon D90,A,True,0.2,0.35,linear_srgb_unclipped,1.42143004781,0.0684221630134,0.0481361450878,20.7744097118,2,True,PASS
Nikon D90,A,True,0.2,0.35,chromaticity,0.464315334288,0.0332094724911,0.0715235316146,13.9814125145,2,True,PASS
Nikon D90,A,True,0.2,0.5,camera_rgb_wb,1.35844825838,0.0280169162851,0.020624205679,48.486715831,2,True,PASS
Nikon D90,A,True,0.2,0.5,linear_srgb_unclipped,1.37676912654,0.057902871206,0.0420570668604,23.7772168782,2,True,PASS
Nikon D90,A,True,0.2,0.5,chromaticity,0.464390352152,0.0293389092872,0.0631772584232,15.8284804526,2,True,PASS
Nikon D90,A,True,0.2,0.65,camera_rgb_wb,1.3106650029,0.0243445177607,0.0185741724291,53.8381994576,2,True,PASS
Nikon D90,A,True,0.2,0.65,linear_srgb_unclipped,1.33778750333,0.0499442819148,0.037333494139,26.7855989122,2,True,PASS
Nikon D90,A,True,0.2,0.65,chromaticity,0.464463454322,0.026316213662,0.056659384968,17.649326772,2,True,PASS
Nikon D90,A,True,0.2,0.8,camera_rgb_wb,1.26827115012,0.021450836169,0.01691344644,59.1245553382,2,True,PASS
Nikon D90,A,True,0.2,0.8,linear_srgb_unclipped,1.30319779098,0.0437141631202,0.0335437670497,29.8117977781,2,True,PASS
Nikon D90,A,True,0.2,0.8,chromaticity,0.464510936306,0.0238775685957,0.0514036736909,19.4538625004,2,True,PASS
Nikon D90,A,True,0.35,0.2,camera_rgb_wb,0.971406634723,0.0281011592041,0.028928317143,34.5682050932,2,True,PASS
Nikon D90,A,True,0.35,0.2,linear_srgb_unclipped,0.996110645733,0.0592206980387,0.0594519276472,16.8203124705,2,True,PASS
Nikon D90,A,True,0.35,0.2,chromaticity,0.418313669825,0.037476558284,0.0895896093945,11.1620087057,2,True,PASS
Nikon D90,A,True,0.35,0.35,camera_rgb_wb,0.93234698093,0.0233047435442,0.024995783781,40.0067470883,2,True,PASS
Nikon D90,A,True,0.35,0.35,linear_srgb_unclipped,0.967438204316,0.0486861733597,0.050324840535,19.870902508,2,True,PASS
Nikon D90,A,True,0.35,0.35,chromaticity,0.417570303827,0.032319651574,0.0773993056446,12.9200125463,2,True,PASS
Nikon D90,A,True,0.35,0.5,camera_rgb_wb,0.89890289233,0.0198217704692,0.0220510698523,45.3492736043,2,True,PASS
Nikon D90,A,True,0.35,0.5,linear_srgb_unclipped,0.942767977232,0.0410958485052,0.0435906283387,22.9407108388,2,True,PASS
Nikon D90,A,True,0.35,0.5,chromaticity,0.416953197403,0.028474133178,0.068290957727,14.6432270579,2,True,PASS
Nikon D90,A,True,0.35,0.65,camera_rgb_wb,0.869638417971,0.0171734987418,0.0197478611649,50.6383953001,2,True,PASS
Nikon D90,A,True,0.35,0.65,linear_srgb_unclipped,0.921068452321,0.0353659289797,0.0383966347893,26.0439490463,2,True,PASS
Nikon D90,A,True,0.35,0.65,chromaticity,0.416384171256,0.025476686275,0.0611855301756,16.3437335123,2,True,PASS
Nikon D90,A,True,0.35,0.8,camera_rgb_wb,0.843621661355,0.015090490698,0.0178877468293,55.9041901445,2,True,PASS
Nikon D90,A,True,0.35,0.8,linear_srgb_unclipped,0.901670714973,0.0308892294498,0.0342577716419,29.1904567072,2,True,PASS
Nikon D90,A,True,0.35,0.8,chromaticity,0.415828175427,0.0230629385276,0.0554626643659,18.0301471527,2,True,PASS
Nikon D90,A,True,0.5,0.2,camera_rgb_wb,0.665799071389,0.0204837290677,0.0307656317768,32.5038018805,2,True,PASS
Nikon D90,A,True,0.5,0.2,linear_srgb_unclipped,0.722549493415,0.0422634217879,0.0584920786369,17.0963320727,2,True,PASS
Nikon D90,A,True,0.5,0.2,chromaticity,0.373285774627,0.0351849560179,0.0942574253012,10.6092437472,2,True,PASS
Nikon D90,A,True,0.5,0.35,camera_rgb_wb,0.641111548928,0.016949539833,0.0264377390507,37.8247170865,2,True,PASS
Nikon D90,A,True,0.5,0.35,linear_srgb_unclipped,0.705438654974,0.0346654576825,0.0491402865976,20.349901664,2,True,PASS
Nikon D90,A,True,0.5,0.35,chromaticity,0.371624228682,0.0302885982898,0.0815032927137,12.2694429477,2,True,PASS
Nikon D90,A,True,0.5,0.5,camera_rgb_wb,0.619917944161,0.0143860752127,0.0232064184432,43.0915267019,2,True,PASS
Nikon D90,A,True,0.5,0.5,linear_srgb_unclipped,0.690546109601,0.0292026193923,0.0422891664819,23.6467181359,2,True,PASS
Nikon D90,A,True,0.5,0.5,chromaticity,0.370218886264,0.0266383013177,0.0719528427804,13.8979915367,2,True,PASS
Nikon D90,A,True,0.5,0.65,camera_rgb_wb,0.601327388631,0.0124391107007,0.02068608704,48.341670325,2,True,PASS
Nikon D90,A,True,0.5,0.65,linear_srgb_unclipped,0.677308224206,0.0250862399214,0.0370381445624,26.9991926382,2,True,PASS
Nikon D90,A,True,0.5,0.65,chromaticity,0.368951027298,0.023794744339,0.0644929613376,15.5055680381,2,True,PASS
Nikon D90,A,True,0.5,0.8,camera_rgb_wb,0.58476166019,0.0109093645025,0.0186560871638,53.601807883,2,True,PASS
Nikon D90,A,True,0.5,0.8,linear_srgb_unclipped,0.665359077288,0.0218753049473,0.0328774427134,30.4159909491,2,True,PASS
Nikon D90,A,True,0.5,0.8,chromaticity,0.367763030313,0.0215067690074,0.0584799646368,17.0998735415,2,True,PASS
Nikon D90,A,True,0.65,0.2,camera_rgb_wb,0.471862840957,0.0151228737863,0.0320493000796,31.2019294498,2,True,PASS
Nikon D90,A,True,0.65,0.2,linear_srgb_unclipped,0.547417575251,0.0301300693901,0.0550403764006,18.1684804029,2,True,PASS
Nikon D90,A,True,0.65,0.2,chromaticity,0.331307551409,0.0319476510756,0.0964289855145,10.3703258379,2,True,PASS
Nikon D90,A,True,0.65,0.35,camera_rgb_wb,0.455768636821,0.0124947154454,0.0274146012604,36.4769120843,2,True,PASS
Nikon D90,A,True,0.65,0.35,linear_srgb_unclipped,0.536306435328,0.0246727403061,0.0460049305413,21.736800561,2,True,PASS
Nikon D90,A,True,0.65,0.35,chromaticity,0.328697288034,0.0274816660278,0.0836078271048,11.9606026688,2,True,PASS
Nikon D90,A,True,0.65,0.5,camera_rgb_wb,0.441907564506,0.0105898988171,0.0239640587029,41.7291583365,2,True,PASS
Nikon D90,A,True,0.65,0.5,linear_srgb_unclipped,0.526510996454,0.0207553660557,0.0394205746803,25.3674637701,2,True,PASS
Nikon D90,A,True,0.65,0.5,chromaticity,0.326507214245,0.0241482999641,0.0739594683074,13.5209192668,2,True,PASS
Nikon D90,A,True,0.65,0.65,camera_rgb_wb,0.429712694376,0.00914431888609,0.0212800762132,46.9923129026,2,True,PASS
Nikon D90,A,True,0.65,0.65,linear_srgb_unclipped,0.517706148693,0.017807571277,0.0343970635118,29.0722491371,2,True,PASS
Nikon D90,A,True,0.65,0.65,chromaticity,0.324566221994,0.0215503221312,0.0663973040658,15.0608524558,2,True,PASS
Nikon D90,A,True,0.65,0.8,camera_rgb_wb,0.418815825004,0.008009407733,0.019123937671,52.2904862588,2,True,PASS
Nikon D90,A,True,0.65,0.8,linear_srgb_unclipped,0.509679715213,0.0155108998362,0.0304326410748,32.8594550024,2,True,PASS
Nikon D90,A,True,0.65,0.8,chromaticity,0.322787164596,0.0194597369219,0.0602865883662,16.5874372244,2,True,PASS
Nikon D90,A,True,0.8,0.2,camera_rgb_wb,0.343076483914,0.0111956262993,0.0326330332281,30.6437955985,2,True,PASS
Nikon D90,A,True,0.8,0.2,linear_srgb_unclipped,0.424316526491,0.02144947934,0.0505506573534,19.7821364223,2,True,PASS
Nikon D90,A,True,0.8,0.2,chromaticity,0.29336210019,0.0281973204303,0.0961178025792,10.4038999349,2,True,PASS
Nikon D90,A,True,0.8,0.35,camera_rgb_wb,0.332306891347,0.00923954192926,0.0278042441185,35.9657322723,2,True,PASS
Nikon D90,A,True,0.8,0.35,linear_srgb_unclipped,0.416618494025,0.017546071141,0.0421154398872,23.7442610757,2,True,PASS
Nikon D90,A,True,0.8,0.35,chromaticity,0.289874604279,0.0242586383687,0.0836866631659,11.9493353202,2,True,PASS
Nikon D90,A,True,0.8,0.5,camera_rgb_wb,0.322995479957,0.00782284299424,0.0242196670842,41.2887591115,2,True,PASS
Nikon D90,A,True,0.8,0.5,linear_srgb_unclipped,0.409750363711,0.0147471579027,0.0359905913669,27.7850394234,2,True,PASS
Nikon D90,A,True,0.8,0.5,chromaticity,0.286979877084,0.0213120174161,0.0742631073393,13.4656363816,2,True,PASS
Nikon D90,A,True,0.8,0.65,camera_rgb_wb,0.314774535473,0.00674846438939,0.0214390416914,46.6438758968,2,True,PASS
Nikon D90,A,True,0.8,0.65,linear_srgb_unclipped,0.403514945441,0.0126428891907,0.0313318981951,31.916355459,2,True,PASS
Nikon D90,A,True,0.8,0.65,chromaticity,0.284450829849,0.0190122618986,0.0668384828013,14.9614407462,2,True,PASS
Nikon D90,A,True,0.8,0.8,camera_rgb_wb,0.307404894178,0.00590557161086,0.0192110526628,52.0533683162,2,True,PASS
Nikon D90,A,True,0.8,0.8,linear_srgb_unclipped,0.397782342453,0.0110046845199,0.0276650905419,36.146637528,2,True,PASS
Nikon D90,A,True,0.8,0.8,chromaticity,0.282168560058,0.0171601257388,0.0608151586245,16.4432687938,2,True,PASS
Nokia N900,A,True,0.2,0.2,camera_rgb_wb,1.43090944246,0.03323455245,0.023226174532,43.054873226,2,True,PASS
Nokia N900,A,True,0.2,0.2,linear_srgb_unclipped,1.44595276416,0.0832253990464,0.057557481205,17.3739360907,2,True,PASS
Nokia N900,A,True,0.2,0.2,chromaticity,0.26546007682,0.0229181556647,0.0863337189501,11.5829598465,2,True,PASS
Nokia N900,A,True,0.2,0.35,camera_rgb_wb,1.37419502379,0.0276029457115,0.020086629069,49.7843613561,2,True,PASS
Nokia N900,A,True,0.2,0.35,linear_srgb_unclipped,1.39238731333,0.0688962865833,0.0494806911293,20.2099036448,2,True,PASS
Nokia N900,A,True,0.2,0.35,chromaticity,0.263002577848,0.0197870393241,0.0752351535334,13.2916589258,2,True,PASS
Nokia N900,A,True,0.2,0.5,camera_rgb_wb,1.32568947994,0.023496679137,0.0177241197826,56.4202912341,2,True,PASS
Nokia N900,A,True,0.2,0.5,linear_srgb_unclipped,1.34710320488,0.0584740174062,0.0434072290782,23.0376373069,2,True,PASS
Nokia N900,A,True,0.2,0.5,chromaticity,0.260957329388,0.01743992053,0.0668305449434,14.9632178048,2,True,PASS
Nokia N900,A,True,0.2,0.65,camera_rgb_wb,1.28327452425,0.0203645840837,0.01586923429,63.0150126796,2,True,PASS
Nokia N900,A,True,0.2,0.65,linear_srgb_unclipped,1.30789149036,0.0505454391584,0.0386465081628,25.8755589454,2,True,PASS
Nokia N900,A,True,0.2,0.65,chromaticity,0.25917005896,0.0156045823546,0.0602098190555,16.6085867004,2,True,PASS
Nokia N900,A,True,0.2,0.8,camera_rgb_wb,1.24558130942,0.0178947389322,0.0143665763102,69.6060062197,2,True,PASS
Nokia N900,A,True,0.2,0.8,linear_srgb_unclipped,1.27333339781,0.0443107307438,0.0347990014397,28.7364567553,2,True,PASS
Nokia N900,A,True,0.2,0.8,chromaticity,0.25755800306,0.0141236732056,0.0548368640762,18.2359078486,2,True,PASS
Nokia N900,A,True,0.35,0.2,camera_rgb_wb,0.995617860898,0.0251884122551,0.025299277207,39.5268209372,2,True,PASS
Nokia N900,A,True,0.35,0.2,linear_srgb_unclipped,0.982475861248,0.0604128325457,0.0614903988266,16.2627014799,2,True,PASS
Nokia N900,A,True,0.35,0.2,chromaticity,0.229331529097,0.0200255767048,0.08732151564,11.4519313215,2,True,PASS
Nokia N900,A,True,0.35,0.35,camera_rgb_wb,0.959140405687,0.0208970789032,0.0217872991059,45.8983004336,2,True,PASS
Nokia N900,A,True,0.35,0.35,linear_srgb_unclipped,0.953831101014,0.0498549353051,0.0522680957374,19.1321299522,2,True,PASS
Nokia N900,A,True,0.35,0.35,chromaticity,0.226618961418,0.0172686477106,0.0762012481327,13.123144627,2,True,PASS
Nokia N900,A,True,0.35,0.5,camera_rgb_wb,0.927828383531,0.0177702771704,0.0191525474816,52.2123754534,2,True,PASS
Nokia N900,A,True,0.35,0.5,linear_srgb_unclipped,0.929379330548,0.042198480292,0.0454050126843,22.0240000141,2,True,PASS
Nokia N900,A,True,0.35,0.5,chromaticity,0.224372391832,0.0152010479953,0.0677491908486,14.7603238869,2,True,PASS
Nokia N900,A,True,0.35,0.65,camera_rgb_wb,0.900358676535,0.0153867952943,0.017089628495,58.5150227398,2,True,PASS
Nokia N900,A,True,0.35,0.65,linear_srgb_unclipped,0.908009480635,0.0363888915016,0.0400754532609,24.9529305006,2,True,PASS
Nokia N900,A,True,0.35,0.65,chromaticity,0.222417047398,0.0135843660512,0.0610761010008,16.3730163454,2,True,PASS
Nokia N900,A,True,0.35,0.8,camera_rgb_wb,0.875874724306,0.0135084054726,0.0154227597826,64.8392385085,2,True,PASS
Nokia N900,A,True,0.35,0.8,linear_srgb_unclipped,0.889007706471,0.0318308760262,0.0358049494898,27.9290995868,2,True,PASS
Nokia N900,A,True,0.35,0.8,chromaticity,0.220659899493,0.0122803689454,0.0556529254911,17.9685073368,2,True,PASS
Nokia N900,A,True,0.5,0.2,camera_rgb_wb,0.711230932868,0.0190514644877,0.0267866084098,37.3320871647,2,True,PASS
Nokia N900,A,True,0.5,0.2,linear_srgb_unclipped,0.71735942387,0.0437032333163,0.0609223659189,16.414332978,2,True,PASS
Nokia N900,A,True,0.5,0.2,chromaticity,0.200054423437,0.0168475989696,0.0842150784779,11.8743581087,2,True,PASS
Nokia N900,A,True,0.5,0.35,camera_rgb_wb,0.687089533118,0.0157941399638,0.0229870187254,43.5028139989,2,True,PASS
Nokia N900,A,True,0.5,0.35,linear_srgb_unclipped,0.700530627041,0.0359772670378,0.0513571650533,19.4714797626,2,True,PASS
Nokia N900,A,True,0.5,0.35,chromaticity,0.196978454279,0.0145323950774,0.073776571811,13.5544384274,2,True,PASS
Nokia N900,A,True,0.5,0.5,camera_rgb_wb,0.666292254579,0.0134220420644,0.0201443765437,49.6416455396,2,True,PASS
Nokia N900,A,True,0.5,0.5,linear_srgb_unclipped,0.685974791211,0.0303892093875,0.0443007669915,22.5729726122,2,True,PASS
Nokia N900,A,True,0.5,0.5,chromaticity,0.194454909048,0.0127917410614,0.0657825566039,15.2015982903,2,True,PASS
Nokia N900,A,True,0.5,0.65,camera_rgb_wb,0.647988415832,0.0116147752172,0.0179243562592,55.7900091662,2,True,PASS
Nokia N900,A,True,0.5,0.65,linear_srgb_unclipped,0.673098582968,0.026158538427,0.0388628636116,25.731505789,2,True,PASS
Nokia N900,A,True,0.5,0.65,chromaticity,0.192278441614,0.011428584084,0.0594376779222,16.8243450107,2,True,PASS
Nokia N900,A,True,0.5,0.8,camera_rgb_wb,0.631626372341,0.0101911970562,0.0161348504472,61.9776429458,2,True,PASS
Nokia N900,A,True,0.5,0.8,linear_srgb_unclipped,0.661520152843,0.022845730617,0.0345351997498,28.9559639801,2,True,PASS
Nokia N900,A,True,0.5,0.8,chromaticity,0.190339414994,0.0103280121943,0.0542610273056,18.4294336038,2,True,PASS
Nokia N900,A,True,0.65,0.2,camera_rgb_wb,0.518396644772,0.0143196362076,0.0276229338134,36.2018027033,2,True,PASS
Nokia N900,A,True,0.65,0.2,linear_srgb_unclipped,0.545830843862,0.0314661493721,0.0576481701721,17.3466043591,2,True,PASS
Nokia N900,A,True,0.65,0.2,chromaticity,0.176016047371,0.0137503537903,0.0781198873382,12.8008377133,2,True,PASS
Nokia N900,A,True,0.65,0.35,camera_rgb_wb,0.502061505976,0.0118637750346,0.0236301227906,42.3188660026,2,True,PASS
Nokia N900,A,True,0.65,0.35,linear_srgb_unclipped,0.535044901237,0.0258592362224,0.0483309646772,20.6906691534,2,True,PASS
Nokia N900,A,True,0.65,0.35,chromaticity,0.172582613647,0.011876036165,0.068813630261,14.5320047236,2,True,PASS
Nokia N900,A,True,0.65,0.5,camera_rgb_wb,0.487936564741,0.010076387671,0.0206510198234,48.4237586594,2,True,PASS
Nokia N900,A,True,0.65,0.5,linear_srgb_unclipped,0.525580399439,0.0218121883974,0.0415011450592,24.0957206981,2,True,PASS
Nokia N900,A,True,0.65,0.5,chromaticity,0.169792200386,0.010461512133,0.0616136201145,16.2301776481,2,True,PASS
Nokia N900,A,True,0.65,0.65,camera_rgb_wb,0.475463768285,0.00871534594501,0.0183301999571,54.5547785808,2,True,PASS
Nokia N900,A,True,0.65,0.65,linear_srgb_unclipped,0.517101506575,0.0187534144837,0.0362664085198,27.5737256821,2,True,PASS
Nokia N900,A,True,0.65,0.65,chromaticity,0.167408281056,0.00935086206229,0.0558566278997,17.9029783501,2,True,PASS
Nokia N900,A,True,0.65,0.8,camera_rgb_wb,0.464280553424,0.00764381403811,0.0164637824732,60.7393836517,2,True,PASS
Nokia N900,A,True,0.65,0.8,linear_srgb_unclipped,0.509391023261,0.0163617194776,0.0321201566782,31.1330984472,2,True,PASS
Nokia N900,A,True,0.65,0.8,chromaticity,0.165303750751,0.00845248827614,0.0511330701073,19.5568151473,2,True,PASS
Nokia N900,A,True,0.8,0.2,camera_rgb_wb,0.383721863132,0.0106855713841,0.0278471789354,35.9102802593,2,True,PASS
Nokia N900,A,True,0.8,0.2,linear_srgb_unclipped,0.423983930155,0.0225650102972,0.0532213810296,18.7894410227,2,True,PASS
Nokia N900,A,True,0.8,0.2,chromaticity,0.155951292321,0.0109507900634,0.0702192966817,14.2410996301,2,True,PASS
Nokia N900,A,True,0.8,0.35,camera_rgb_wb,0.37247184576,0.00884767003511,0.0237539296885,42.0982975497,2,True,PASS
Nokia N900,A,True,0.8,0.35,linear_srgb_unclipped,0.416613341374,0.0185248775251,0.0444653967729,22.4893978819,2,True,PASS
Nokia N900,A,True,0.8,0.35,chromaticity,0.152229046302,0.0094757779436,0.062246845617,16.0650710906,2,True,PASS
Nokia N900,A,True,0.8,0.5,camera_rgb_wb,0.362705598008,0.00751088395539,0.0207079350213,48.2906672719,2,True,PASS
Nokia N900,A,True,0.8,0.5,linear_srgb_unclipped,0.410057127174,0.0156128013488,0.0380746981681,26.2641609287,2,True,PASS
Nokia N900,A,True,0.8,0.5,chromaticity,0.149227945475,0.00835759434024,0.0560055578975,17.8553707443,2,True,PASS
Nokia N900,A,True,0.8,0.65,camera_rgb_wb,0.354051648907,0.00649354400015,0.0183406687137,54.5236390018,2,True,PASS
Nokia N900,A,True,0.8,0.65,linear_srgb_unclipped,0.404115955579,0.0134143261243,0.0331942501628,30.1256993333,2,True,PASS
Nokia N900,A,True,0.8,0.65,chromaticity,0.14668513301,0.00747679468475,0.0509717278862,19.6187188755,2,True,PASS
Nokia N900,A,True,0.8,0.8,camera_rgb_wb,0.346268122325,0.00569303185445,0.0164411087461,60.8231485748,2,True,PASS
Nokia N900,A,True,0.8,0.8,linear_srgb_unclipped,0.398659825198,0.0116969231469,0.0293406117387,34.0824522988,2,True,PASS
Nokia N900,A,True,0.8,0.8,chromaticity,0.144458409622,0.0067626370951,0.0468137307672,21.3612541366,2,True,PASS
Olympus E-PL2,A,True,0.2,0.2,camera_rgb_wb,1.46457218782,0.0395822863502,0.0270265178318,37.0006971013,2,True,PASS
Olympus E-PL2,A,True,0.2,0.2,linear_srgb_unclipped,1.47175870143,0.0862838840341,0.0586263794126,17.057167951,2,True,PASS
Olympus E-PL2,A,True,0.2,0.2,chromaticity,0.394413671411,0.0348218147801,0.0882875450424,11.3266259643,2,True,PASS
Olympus E-PL2,A,True,0.2,0.35,camera_rgb_wb,1.40608504262,0.0328620738931,0.023371327407,42.7874712713,2,True,PASS
Olympus E-PL2,A,True,0.2,0.35,linear_srgb_unclipped,1.41989974178,0.0712745626508,0.0501968981003,19.9215496942,2,True,PASS
Olympus E-PL2,A,True,0.2,0.35,chromaticity,0.391762194637,0.0299890546536,0.0765491286911,13.0635059745,2,True,PASS
Olympus E-PL2,A,True,0.2,0.5,camera_rgb_wb,1.3560364601,0.0279676045263,0.0206245225325,48.4859709321,2,True,PASS
Olympus E-PL2,A,True,0.2,0.5,linear_srgb_unclipped,1.3757603178,0.0603852876733,0.0438923022361,22.7830382335,2,True,PASS
Olympus E-PL2,A,True,0.2,0.5,chromaticity,0.389476476164,0.0263807080583,0.0677337648685,14.7636854668,2,True,PASS
Olympus E-PL2,A,True,0.2,0.65,camera_rgb_wb,1.31226024886,0.0242386253837,0.0184708981353,54.1392190394,2,True,PASS
Olympus E-PL2,A,True,0.2,0.65,linear_srgb_unclipped,1.33731839043,0.0521200378474,0.0389735445354,25.6584309156,2,True,PASS
Olympus E-PL2,A,True,0.2,0.65,chromaticity,0.387426415629,0.0235667198362,0.0608288926246,16.4395562183,2,True,PASS
Olympus E-PL2,A,True,0.2,0.8,camera_rgb_wb,1.27335200654,0.0213015876216,0.0167287501903,59.7773287679,2,True,PASS
Olympus E-PL2,A,True,0.2,0.8,linear_srgb_unclipped,1.30326703798,0.0456338537913,0.0350149681236,28.5592149183,2,True,PASS
Olympus E-PL2,A,True,0.2,0.8,chromaticity,0.385540555744,0.0213006784839,0.0552488659535,18.0999190253,2,True,PASS
Olympus E-PL2,A,True,0.35,0.2,camera_rgb_wb,0.989189692722,0.0288794895457,0.029195097521,34.2523260723,2,True,PASS
Olympus E-PL2,A,True,0.35,0.2,linear_srgb_unclipped,0.996919543204,0.0620102627956,0.0622018729779,16.0766863138,2,True,PASS
Olympus E-PL2,A,True,0.35,0.2,chromaticity,0.341135558739,0.0330347426593,0.0968375820493,10.3265692806,2,True,PASS
Olympus E-PL2,A,True,0.35,0.35,camera_rgb_wb,0.953211103481,0.0239139401692,0.0250877692065,39.8600605646,2,True,PASS
Olympus E-PL2,A,True,0.35,0.35,linear_srgb_unclipped,0.968724141409,0.051079022423,0.0527281402823,18.9652051949,2,True,PASS
Olympus E-PL2,A,True,0.35,0.35,chromaticity,0.33808462909,0.0283737119369,0.0839248800317,11.9154176881,2,True,PASS
Olympus E-PL2,A,True,0.35,0.5,camera_rgb_wb,0.922306564649,0.0203029821351,0.0220132685956,45.4271475249,2,True,PASS
Olympus E-PL2,A,True,0.35,0.5,linear_srgb_unclipped,0.944529861111,0.0431689565635,0.0457041734104,21.8798399661,2,True,PASS
Olympus E-PL2,A,True,0.35,0.5,chromaticity,0.335448992328,0.0248992016219,0.0742264910355,13.4722790482,2,True,PASS
Olympus E-PL2,A,True,0.35,0.65,camera_rgb_wb,0.895181814597,0.0175557808555,0.0196114136472,50.9907147944,2,True,PASS
Olympus E-PL2,A,True,0.35,0.65,linear_srgb_unclipped,0.92329087466,0.0371785927241,0.0402674755535,24.8339382158,2,True,PASS
Olympus E-PL2,A,True,0.35,0.65,chromaticity,0.333083376474,0.0221940893701,0.0666322336617,15.0077514297,2,True,PASS
Olympus E-PL2,A,True,0.35,0.8,camera_rgb_wb,0.870996759988,0.0153949126405,0.017675051559,56.5769212418,2,True,PASS
Olympus E-PL2,A,True,0.35,0.8,linear_srgb_unclipped,0.904332351056,0.032487137152,0.0359238913814,27.8366279806,2,True,PASS
Olympus E-PL2,A,True,0.35,0.8,chromaticity,0.330908502635,0.0200193664525,0.060498192984,16.5294193211,2,True,PASS
Olympus E-PL2,A,True,0.5,0.2,camera_rgb_wb,0.693836644531,0.0212493569437,0.0306258787442,32.6521243146,2,True,PASS
Olympus E-PL2,A,True,0.5,0.2,linear_srgb_unclipped,0.723919696402,0.0444951904492,0.0614642627772,16.2696167629,2,True,PASS
Olympus E-PL2,A,True,0.5,0.2,chromaticity,0.293862771058,0.030234201466,0.102885443287,9.71954795593,2,True,PASS
Olympus E-PL2,A,True,0.5,0.35,camera_rgb_wb,0.670840715622,0.017563764771,0.0261817214757,38.1945855213,2,True,PASS
Olympus E-PL2,A,True,0.5,0.35,linear_srgb_unclipped,0.707206688796,0.0365672930663,0.0517066561241,19.3398698535,2,True,PASS
Olympus E-PL2,A,True,0.5,0.35,chromaticity,0.290337177493,0.0259360991614,0.0893309612822,11.1943270916,2,True,PASS
Olympus E-PL2,A,True,0.5,0.5,camera_rgb_wb,0.651009794081,0.0148865955221,0.022866930202,43.7312744284,2,True,PASS
Olympus E-PL2,A,True,0.5,0.5,linear_srgb_unclipped,0.692700065962,0.0308437593958,0.0445268607748,22.4583539598,2,True,PASS
Olympus E-PL2,A,True,0.5,0.5,chromaticity,0.287321691144,0.0227310822026,0.0791137004384,12.6400357265,2,True,PASS
Olympus E-PL2,A,True,0.5,0.65,camera_rgb_wb,0.633541359691,0.0128519858799,0.0202859461081,49.2952113089,2,True,PASS
Olympus E-PL2,A,True,0.5,0.65,linear_srgb_unclipped,0.679828580402,0.0265178772,0.0390067113453,25.6366139444,2,True,PASS
Olympus E-PL2,A,True,0.5,0.65,chromaticity,0.284639490844,0.0202361646311,0.0710940164033,14.0658813581,2,True,PASS
Olympus E-PL2,A,True,0.5,0.8,camera_rgb_wb,0.617914008028,0.0112532534761,0.0182116820947,54.9098098024,2,True,PASS
Olympus E-PL2,A,True,0.5,0.8,linear_srgb_unclipped,0.668223911986,0.0231358830413,0.0346229499219,28.8825765065,2,True,PASS
Olympus E-PL2,A,True,0.5,0.8,chromaticity,0.282194053049,0.0182312912996,0.0646055120676,15.4785554359,2,True,PASS
Olympus E-PL2,A,True,0.65,0.2,camera_rgb_wb,0.50092091252,0.0156555444206,0.0312535253156,31.996390484,2,True,PASS
Olympus E-PL2,A,True,0.65,0.2,linear_srgb_unclipped,0.548386368352,0.0318550197001,0.0580886424946,17.2150691952,2,True,PASS
Olympus E-PL2,A,True,0.65,0.2,chromaticity,0.253069591272,0.0268460826641,0.106081819349,9.42668598762,2,True,PASS
Olympus E-PL2,A,True,0.65,0.35,camera_rgb_wb,0.485748352317,0.012922051508,0.02660235788,37.5906528478,2,True,PASS
Olympus E-PL2,A,True,0.65,0.35,linear_srgb_unclipped,0.537616426144,0.0261341034235,0.04861105828,20.5714509287,2,True,PASS
Olympus E-PL2,A,True,0.65,0.35,chromaticity,0.24908171961,0.0230287893804,0.092454755076,10.8161013371,2,True,PASS
Olympus E-PL2,A,True,0.65,0.5,camera_rgb_wb,0.472607156739,0.0109385800612,0.0231451849706,43.2055307084,2,True,PASS
Olympus E-PL2,A,True,0.65,0.5,linear_srgb_unclipped,0.528145768386,0.0220117242854,0.0416773656119,23.9938389895,2,True,PASS
Olympus E-PL2,A,True,0.65,0.5,chromaticity,0.245718301564,0.020176642823,0.0821129020288,12.1783541355,2,True,PASS
Olympus E-PL2,A,True,0.65,0.65,camera_rgb_wb,0.460985942775,0.00943265920873,0.0204619237453,48.871260222,2,True,PASS
Olympus E-PL2,A,True,0.65,0.65,linear_srgb_unclipped,0.519645264308,0.0189009574039,0.0363728079559,27.4930657323,2,True,PASS
Olympus E-PL2,A,True,0.65,0.65,chromaticity,0.24276310679,0.0179538967215,0.0739564465081,13.5214717204,2,True,PASS
Olympus E-PL2,A,True,0.65,0.8,camera_rgb_wb,0.450552020445,0.00825045282997,0.018311876222,54.6093686892,2,True,PASS
Olympus E-PL2,A,True,0.65,0.8,linear_srgb_unclipped,0.511902139558,0.0164722659229,0.0321785447842,31.0766073079,2,True,PASS
Olympus E-PL2,A,True,0.65,0.8,chromaticity,0.240097851552,0.0161666385399,0.0673335410351,14.8514393366,2,True,PASS
Olympus E-PL2,A,True,0.8,0.2,camera_rgb_wb,0.369425811333,0.011500546614,0.0311308692061,32.1224567608,2,True,PASS
Olympus E-PL2,A,True,0.8,0.2,linear_srgb_unclipped,0.424735409132,0.0227564949641,0.0535780499455,18.6643597708,2,True,PASS
Olympus E-PL2,A,True,0.8,0.2,chromaticity,0.218419262468,0.0232414145712,0.106407348457,9.3978471835,2,True,PASS
Olympus E-PL2,A,True,0.8,0.35,camera_rgb_wb,0.359151529912,0.00948167088933,0.026400196295,37.8785062363,2,True,PASS
Olympus E-PL2,A,True,0.8,0.35,linear_srgb_unclipped,0.417337909301,0.0186476704554,0.0446824264937,22.3801632649,2,True,PASS
Olympus E-PL2,A,True,0.8,0.35,chromaticity,0.214043848207,0.0199548432045,0.0932278286513,10.7264109276,2,True,PASS
Olympus E-PL2,A,True,0.8,0.5,camera_rgb_wb,0.350210618005,0.00801827525059,0.0228955800834,43.6765522584,2,True,PASS
Olympus E-PL2,A,True,0.8,0.5,linear_srgb_unclipped,0.410750571092,0.0156910065976,0.0382008150491,26.1774519396,2,True,PASS
Olympus E-PL2,A,True,0.8,0.5,chromaticity,0.21040493881,0.0174911072832,0.0831306878165,12.0292520881,2,True,PASS
Olympus E-PL2,A,True,0.8,0.65,camera_rgb_wb,0.342270472228,0.00690826777591,0.0201836510492,49.5450499793,2,True,PASS
Olympus E-PL2,A,True,0.8,0.65,linear_srgb_unclipped,0.404774933739,0.013462421655,0.0332590299767,30.0670224207,2,True,PASS
Olympus E-PL2,A,True,0.8,0.65,chromaticity,0.207246807762,0.015566909615,0.0751129041895,13.313291648,2,True,PASS
Olympus E-PL2,A,True,0.8,0.8,camera_rgb_wb,0.335114286967,0.0060376282148,0.0180166243267,55.5042932497,2,True,PASS
Olympus E-PL2,A,True,0.8,0.8,linear_srgb_unclipped,0.399281858442,0.0117241503432,0.0293630930013,34.0563577535,2,True,PASS
Olympus E-PL2,A,True,0.8,0.8,chromaticity,0.204429257349,0.0140174621189,0.0685687670183,14.5838993974,2,True,PASS
Pentax K-5,A,True,0.2,0.2,camera_rgb_wb,1.47248737615,0.0353700655949,0.0240206239917,41.630891868,2,True,PASS
Pentax K-5,A,True,0.2,0.2,linear_srgb_unclipped,1.45876102814,0.0805459466392,0.0552153129164,18.1109179172,2,True,PASS
Pentax K-5,A,True,0.2,0.2,chromaticity,0.459955328196,0.0337443176881,0.0733643369682,13.630600934,2,True,PASS
Pentax K-5,A,True,0.2,0.35,camera_rgb_wb,1.40998382176,0.029472017069,0.0209023795977,47.8414429,2,True,PASS
Pentax K-5,A,True,0.2,0.35,linear_srgb_unclipped,1.40560363307,0.0666744896669,0.0474347732875,21.0815806779,2,True,PASS
Pentax K-5,A,True,0.2,0.35,chromaticity,0.458984785741,0.0291877805048,0.0635920435961,15.7252376783,2,True,PASS
Pentax K-5,A,True,0.2,0.5,camera_rgb_wb,1.35655774724,0.0251706454185,0.018554790955,53.894436344,2,True,PASS
Pentax K-5,A,True,0.2,0.5,linear_srgb_unclipped,1.36032802173,0.0566050181556,0.0416113005476,24.0319333172,2,True,PASS
Pentax K-5,A,True,0.2,0.5,chromaticity,0.458157527418,0.0257787809386,0.0562661953497,17.7726607208,2,True,PASS
Pentax K-5,A,True,0.2,0.65,camera_rgb_wb,1.30988564422,0.0218882912063,0.0167100779391,59.844125422,2,True,PASS
Pentax K-5,A,True,0.2,0.65,linear_srgb_unclipped,1.32088876359,0.0489550660661,0.0370622170583,26.9816562357,2,True,PASS
Pentax K-5,A,True,0.2,0.65,chromaticity,0.45739891338,0.0231140951721,0.0505337780568,19.7887440531,2,True,PASS
Pentax K-5,A,True,0.2,0.8,camera_rgb_wb,1.26845841119,0.019298451922,0.0152140990605,65.7285059091,2,True,PASS
Pentax K-5,A,True,0.2,0.8,linear_srgb_unclipped,1.28595917903,0.0429448848168,0.0333952162069,29.9444086184,2,True,PASS
Pentax K-5,A,True,0.2,0.8,chromaticity,0.456672783137,0.0209629719222,0.0459037032558,21.7847347615,2,True,PASS
Pentax K-5,A,True,0.35,0.2,camera_rgb_wb,0.970926773629,0.0254714054269,0.0262341158146,38.1183039317,2,True,PASS
Pentax K-5,A,True,0.35,0.2,linear_srgb_unclipped,0.984916886607,0.0577982863698,0.0586834149721,17.0405897557,2,True,PASS
Pentax K-5,A,True,0.35,0.2,chromaticity,0.408701878382,0.0328215705423,0.0803068747134,12.4522340531,2,True,PASS
Pentax K-5,A,True,0.35,0.35,camera_rgb_wb,0.933052240082,0.0211557678416,0.0226737227915,44.1039175259,2,True,PASS
Pentax K-5,A,True,0.35,0.35,linear_srgb_unclipped,0.955754254175,0.0477059513661,0.0499144535927,20.0342772087,2,True,PASS
Pentax K-5,A,True,0.35,0.35,chromaticity,0.406953788929,0.0282937795629,0.0695257799107,14.3831540083,2,True,PASS
Pentax K-5,A,True,0.35,0.5,camera_rgb_wb,0.90059032978,0.0180144191981,0.0200029009889,49.9927485796,2,True,PASS
Pentax K-5,A,True,0.35,0.5,linear_srgb_unclipped,0.930753587282,0.0403978690104,0.0434033986679,23.0396704104,2,True,PASS
Pentax K-5,A,True,0.35,0.5,chromaticity,0.405422169631,0.0249141580965,0.0614523821409,16.2727621804,2,True,PASS
Pentax K-5,A,True,0.35,0.65,camera_rgb_wb,0.87216112796,0.0156213287393,0.0179110582191,55.8314303805,2,True,PASS
Pentax K-5,A,True,0.35,0.65,linear_srgb_unclipped,0.908835460148,0.0348577003482,0.0383542476902,26.0727314501,2,True,PASS
Pentax K-5,A,True,0.35,0.65,chromaticity,0.404013223159,0.0222782600986,0.0551424033215,18.1348642744,2,True,PASS
Pentax K-5,A,True,0.35,0.8,camera_rgb_wb,0.846867912164,0.0137360660942,0.0162198447915,61.6528710882,2,True,PASS
Pentax K-5,A,True,0.35,0.8,linear_srgb_unclipped,0.889300899635,0.0305134352878,0.034311710806,29.144568327,2,True,PASS
Pentax K-5,A,True,0.35,0.8,chromaticity,0.40267994197,0.0201548904483,0.0500518857475,19.9792672157,2,True,PASS
Pentax K-5,A,True,0.5,0.2,camera_rgb_wb,0.668327559738,0.0187414127121,0.0280422562844,35.6604686106,2,True,PASS
Pentax K-5,A,True,0.5,0.2,linear_srgb_unclipped,0.714809487609,0.0415059288834,0.0580657218502,17.2218646068,2,True,PASS
Pentax K-5,A,True,0.5,0.2,chromaticity,0.358737589392,0.0306851732919,0.0855365431428,11.6909096774,2,True,PASS
Pentax K-5,A,True,0.5,0.35,camera_rgb_wb,0.644485512884,0.0155344861361,0.0241037010539,41.4874046838,2,True,PASS
Pentax K-5,A,True,0.5,0.35,linear_srgb_unclipped,0.697433976035,0.0341768998652,0.0490037781921,20.4065897956,2,True,PASS
Pentax K-5,A,True,0.5,0.35,chromaticity,0.356163477177,0.0263967562565,0.0741141580988,13.4926986375,2,True,PASS
Pentax K-5,A,True,0.5,0.5,camera_rgb_wb,0.623989946395,0.0132023851709,0.0211580094314,47.2634253824,2,True,PASS
Pentax K-5,A,True,0.5,0.5,linear_srgb_unclipped,0.682389086636,0.0288814097192,0.0423239619226,23.6272776596,2,True,PASS
Pentax K-5,A,True,0.5,0.5,chromaticity,0.35392328845,0.023198057423,0.0655454393085,15.2565916187,2,True,PASS
Pentax K-5,A,True,0.5,0.65,camera_rgb_wb,0.605990759266,0.0114274300726,0.0188574328863,53.029487419,2,True,PASS
Pentax K-5,A,True,0.5,0.65,linear_srgb_unclipped,0.669075376191,0.0248745920491,0.0371775631479,26.8979436877,2,True,PASS
Pentax K-5,A,True,0.5,0.65,chromaticity,0.351888881614,0.0207055887858,0.0588412702637,16.9948744396,2,True,PASS
Pentax K-5,A,True,0.5,0.8,camera_rgb_wb,0.589935330622,0.0100303989021,0.0170025397386,58.8147427017,2,True,PASS
Pentax K-5,A,True,0.5,0.8,linear_srgb_unclipped,0.657104802969,0.0217379955381,0.0330814741269,30.2283990176,2,True,PASS
Pentax K-5,A,True,0.5,0.8,chromaticity,0.349993533884,0.0186998932114,0.0534292534032,18.7163386404,2,True,PASS
Pentax K-5,A,True,0.65,0.2,camera_rgb_wb,0.476192145247,0.0139220573355,0.029236217931,34.2041505628,2,True,PASS
Pentax K-5,A,True,0.65,0.2,linear_srgb_unclipped,0.542432527053,0.0297671240188,0.0548770999787,18.2225372767,2,True,PASS
Pentax K-5,A,True,0.65,0.2,chromaticity,0.312602566505,0.0277270517042,0.0886974538122,11.2742807941,2,True,PASS
Pentax K-5,A,True,0.65,0.35,camera_rgb_wb,0.460675669262,0.0115237652614,0.0250149205402,39.9761413751,2,True,PASS
Pentax K-5,A,True,0.65,0.35,linear_srgb_unclipped,0.531201995811,0.0244668539923,0.0460594165407,21.7110870069,2,True,PASS
Pentax K-5,A,True,0.65,0.35,chromaticity,0.309247212997,0.0238286526328,0.0770537344601,12.9779563185,2,True,PASS
Pentax K-5,A,True,0.65,0.5,camera_rgb_wb,0.447290037522,0.00978094013282,0.0218671092855,45.7307816476,2,True,PASS
Pentax K-5,A,True,0.65,0.5,linear_srgb_unclipped,0.521362515048,0.0206441665062,0.0395965684344,25.2547137174,2,True,PASS
Pentax K-5,A,True,0.65,0.5,chromaticity,0.306366082386,0.0209187416484,0.0682802139373,14.6455311478,2,True,PASS
Pentax K-5,A,True,0.65,0.65,camera_rgb_wb,0.435496599705,0.00845543225972,0.0194156102836,51.5049481006,2,True,PASS
Pentax K-5,A,True,0.65,0.65,linear_srgb_unclipped,0.512563487761,0.017756218546,0.0346419886901,28.8667030333,2,True,PASS
Pentax K-5,A,True,0.65,0.65,chromaticity,0.303787741013,0.018650873038,0.0613944228815,16.288124443,2,True,PASS
Pentax K-5,A,True,0.65,0.8,camera_rgb_wb,0.424944925973,0.00741290198098,0.0174443828551,57.3250431562,2,True,PASS
Pentax K-5,A,True,0.65,0.8,linear_srgb_unclipped,0.504577224834,0.0154985515338,0.0307159157628,32.5564117223,2,True,PASS
Pentax K-5,A,True,0.65,0.8,chromaticity,0.301420608382,0.0168261706508,0.0558228939324,17.9137971817,2,True,PASS
Pentax K-5,A,True,0.8,0.2,camera_rgb_wb,0.348283313155,0.0103409259592,0.0296911323875,33.6800896291,2,True,PASS
Pentax K-5,A,True,0.8,0.2,linear_srgb_unclipped,0.421428567246,0.0213026441203,0.0505486475668,19.7829229492,2,True,PASS
Pentax K-5,A,True,0.8,0.2,chromaticity,0.271461021861,0.0243324568958,0.0896351775627,11.1563342339,2,True,PASS
Pentax K-5,A,True,0.8,0.35,camera_rgb_wb,0.337896655642,0.00855027382816,0.0253044050167,39.5188110268,2,True,PASS
Pentax K-5,A,True,0.8,0.35,linear_srgb_unclipped,0.41369922777,0.0174882857304,0.0422729474858,23.6557907474,2,True,PASS
Pentax K-5,A,True,0.8,0.35,chromaticity,0.267438028941,0.0209100834805,0.0781866496819,12.7899072804,2,True,PASS
Pentax K-5,A,True,0.8,0.5,camera_rgb_wb,0.328899545558,0.00724996516583,0.0220430987629,45.3656725288,2,True,PASS
Pentax K-5,A,True,0.8,0.5,linear_srgb_unclipped,0.40684835821,0.0147408755156,0.0362318667832,27.6000131592,2,True,PASS
Pentax K-5,A,True,0.8,0.5,chromaticity,0.264031039919,0.0183505664603,0.0695015497642,14.3881683702,2,True,PASS
Pentax K-5,A,True,0.8,0.65,camera_rgb_wb,0.32094319141,0.00626171826143,0.0195103632949,51.2548118599,2,True,PASS
Pentax K-5,A,True,0.8,0.65,linear_srgb_unclipped,0.400661264645,0.01266755705,0.0316166252338,31.6289291664,2,True,PASS
Pentax K-5,A,True,0.8,0.65,chromaticity,0.261023341539,0.016353537321,0.0626516281054,15.9612771486,2,True,PASS
Pentax K-5,A,True,0.8,0.8,camera_rgb_wb,0.313800337638,0.00548499049628,0.0174792370765,57.2107349778,2,True,PASS
Pentax K-5,A,True,0.8,0.8,linear_srgb_unclipped,0.39499755519,0.0110482727313,0.0279704838323,35.751973616,2,True,PASS
Pentax K-5,A,True,0.8,0.8,chromaticity,0.258297372989,0.0147457394024,0.0570882283152,17.5167460878,2,True,PASS
Pentax Q,A,True,0.2,0.2,camera_rgb_wb,1.448561407,0.0297450123566,0.0205341742593,48.6993042608,2,True,PASS
Pentax Q,A,True,0.2,0.2,linear_srgb_unclipped,1.4462518674,0.0790818201967,0.0546805310883,18.2880447592,2,True,PASS
Pentax Q,A,True,0.2,0.2,chromaticity,0.302341080032,0.0226317212671,0.0748549329278,13.3591730149,2,True,PASS
Pentax Q,A,True,0.2,0.35,camera_rgb_wb,1.39331215953,0.0247522253317,0.0177650249891,56.2903795866,2,True,PASS
Pentax Q,A,True,0.2,0.35,linear_srgb_unclipped,1.39277461629,0.065816799642,0.0472558868262,21.1613846901,2,True,PASS
Pentax Q,A,True,0.2,0.35,chromaticity,0.299208626158,0.0195437775091,0.0653182288226,15.3096619125,2,True,PASS
Pentax Q,A,True,0.2,0.5,camera_rgb_wb,1.34592063994,0.0211002016341,0.0156771513921,63.7870984972,2,True,PASS
Pentax Q,A,True,0.2,0.5,linear_srgb_unclipped,1.34743664051,0.0561071147077,0.0416398909016,24.015432758,2,True,PASS
Pentax Q,A,True,0.2,0.5,chromaticity,0.296521401285,0.0172262415529,0.0580944291989,17.2133544264,2,True,PASS
Pentax Q,A,True,0.2,0.65,camera_rgb_wb,1.3043808262,0.0183084121555,0.0140360942048,71.2448908798,2,True,PASS
Pentax Q,A,True,0.2,0.65,linear_srgb_unclipped,1.30809327767,0.0486822929679,0.0372162244078,26.8700013479,2,True,PASS
Pentax Q,A,True,0.2,0.65,chromaticity,0.294131392591,0.0154123413433,0.0523995116861,19.0841473102,2,True,PASS
Pentax Q,A,True,0.2,0.8,camera_rgb_wb,1.26739020934,0.0161034384384,0.0127059829875,78.7030803507,2,True,PASS
Pentax Q,A,True,0.2,0.8,linear_srgb_unclipped,1.27336092687,0.0428180838535,0.0336260387373,29.7388582643,2,True,PASS
Pentax Q,A,True,0.2,0.8,chromaticity,0.291954993234,0.013947725779,0.0477735476433,20.9320858368,2,True,PASS
Pentax Q,A,True,0.35,0.2,camera_rgb_wb,0.996676025911,0.0224392730647,0.0225141093809,44.4165915285,2,True,PASS
Pentax Q,A,True,0.35,0.2,linear_srgb_unclipped,0.982053248483,0.0578609915111,0.0589183851288,16.9726308319,2,True,PASS
Pentax Q,A,True,0.35,0.2,chromaticity,0.256795531335,0.0207613565276,0.0808478107842,12.3689187165,2,True,PASS
Pentax Q,A,True,0.35,0.35,camera_rgb_wb,0.96197712962,0.0186380098731,0.0193746912471,51.6137257233,2,True,PASS
Pentax Q,A,True,0.35,0.35,linear_srgb_unclipped,0.953017462101,0.0479989574773,0.0503652444851,19.8549616948,2,True,PASS
Pentax Q,A,True,0.35,0.35,chromaticity,0.253547171607,0.0178816797234,0.0705260469289,14.1791585314,2,True,PASS
Pentax Q,A,True,0.35,0.5,camera_rgb_wb,0.9320875891,0.0158610653539,0.0170167112398,58.765761839,2,True,PASS
Pentax Q,A,True,0.35,0.5,linear_srgb_unclipped,0.928208658447,0.0408026126246,0.0439584486239,22.7487555022,2,True,PASS
Pentax Q,A,True,0.35,0.5,chromaticity,0.25076327257,0.0157243492329,0.0627059500052,15.9474499616,2,True,PASS
Pentax Q,A,True,0.35,0.65,camera_rgb_wb,0.905790390198,0.0137405323178,0.0151696600742,65.9210552582,2,True,PASS
Pentax Q,A,True,0.35,0.65,linear_srgb_unclipped,0.906517655868,0.035314246944,0.038955939485,25.6700265279,2,True,PASS
Pentax Q,A,True,0.35,0.65,chromaticity,0.248289242823,0.0140387538566,0.0565419335004,17.6859887537,2,True,PASS
Pentax Q,A,True,0.35,0.8,camera_rgb_wb,0.882293598892,0.0120673595338,0.0136772606635,73.114055848,2,True,PASS
Pentax Q,A,True,0.35,0.8,linear_srgb_unclipped,0.887228969024,0.0309896137807,0.0349285414055,28.6298814597,2,True,PASS
Pentax Q,A,True,0.35,0.8,chromaticity,0.246038492444,0.0126800212789,0.0515367378208,19.4036340344,2,True,PASS
Pentax Q,A,True,0.5,0.2,camera_rgb_wb,0.707844247369,0.016904901734,0.0238822336931,41.8721302559,2,True,PASS
Pentax Q,A,True,0.5,0.2,linear_srgb_unclipped,0.71567826453,0.0421907242787,0.058952082758,16.962929098,2,True,PASS
Pentax Q,A,True,0.5,0.2,chromaticity,0.218348813456,0.0183223535512,0.0839132270112,11.9170723808,2,True,PASS
Pentax Q,A,True,0.5,0.35,camera_rgb_wb,0.685288163213,0.0140259380634,0.0204672119209,48.8586332063,2,True,PASS
Pentax Q,A,True,0.5,0.35,linear_srgb_unclipped,0.698494910404,0.034909917752,0.0499787718307,20.0084948743,2,True,PASS
Pentax Q,A,True,0.5,0.35,chromaticity,0.214912602853,0.0157659596359,0.0733598654831,13.6314317565,2,True,PASS
Pentax Q,A,True,0.5,0.5,camera_rgb_wb,0.66577851491,0.011924507972,0.0179106229849,55.8327871033,2,True,PASS
Pentax Q,A,True,0.5,0.5,linear_srgb_unclipped,0.683653919902,0.0296113914978,0.0433134231163,23.0875310251,2,True,PASS
Pentax Q,A,True,0.5,0.5,chromaticity,0.21199343848,0.0138499632278,0.0653320372887,15.3064260889,2,True,PASS
Pentax Q,A,True,0.5,0.65,camera_rgb_wb,0.648550509829,0.0103209855962,0.0159139271957,62.8380403971,2,True,PASS
Pentax Q,A,True,0.5,0.65,linear_srgb_unclipped,0.670546345342,0.0255796600007,0.0381474899959,26.2140444917,2,True,PASS
Pentax Q,A,True,0.5,0.65,chromaticity,0.209418366671,0.0123528730926,0.0589865793004,16.9530088346,2,True,PASS
Pentax Q,A,True,0.5,0.8,camera_rgb_wb,0.633105570109,0.00905660426051,0.0143050459325,69.9054029411,2,True,PASS
Pentax Q,A,True,0.5,0.8,linear_srgb_unclipped,0.658779288557,0.0224091708657,0.0340162042962,29.3977538261,2,True,PASS
Pentax Q,A,True,0.5,0.8,chromaticity,0.207090899873,0.0111463597099,0.0538235128477,18.5792406904,2,True,PASS
Pentax Q,A,True,0.65,0.2,camera_rgb_wb,0.515106121917,0.0126601243582,0.0245777012145,40.687287687,2,True,PASS
Pentax Q,A,True,0.65,0.2,linear_srgb_unclipped,0.543901485376,0.0306127213833,0.0562835774609,17.7671719729,2,True,PASS
Pentax Q,A,True,0.65,0.2,chromaticity,0.186346586422,0.0156548414609,0.0840092741243,11.9034476898,2,True,PASS
Pentax Q,A,True,0.65,0.35,camera_rgb_wb,0.500028513351,0.0104959434535,0.0209906898771,47.6401683725,2,True,PASS
Pentax Q,A,True,0.65,0.35,linear_srgb_unclipped,0.532882058295,0.0252830900018,0.0474459396937,21.076619126,2,True,PASS
Pentax Q,A,True,0.65,0.35,chromaticity,0.182723390597,0.0134753284706,0.0737471454892,13.5598468709,2,True,PASS
Pentax Q,A,True,0.65,0.5,camera_rgb_wb,0.486932378426,0.00891742435413,0.0183134758526,54.6045987147,2,True,PASS
Pentax Q,A,True,0.65,0.5,linear_srgb_unclipped,0.523246457425,0.0214129353387,0.0409232304106,24.4359985751,2,True,PASS
Pentax Q,A,True,0.65,0.5,chromaticity,0.1796810742,0.0118381655175,0.0658843207066,15.1781180905,2,True,PASS
Pentax Q,A,True,0.65,0.65,camera_rgb_wb,0.475324388817,0.00771370310888,0.0162282922786,61.6207782576,2,True,PASS
Pentax Q,A,True,0.65,0.65,linear_srgb_unclipped,0.514641609902,0.0184734056349,0.0358956704616,27.8585129387,2,True,PASS
Pentax Q,A,True,0.65,0.65,chromaticity,0.177024018073,0.0105571097715,0.0596365955673,16.7682274699,2,True,PASS
Pentax Q,A,True,0.65,0.8,camera_rgb_wb,0.464882323503,0.00676513467823,0.01455235946,68.7173789754,2,True,PASS
Pentax Q,A,True,0.65,0.8,linear_srgb_unclipped,0.506839095489,0.0161654008838,0.0318945421292,31.3533267212,2,True,PASS
Pentax Q,A,True,0.65,0.8,chromaticity,0.174643233071,0.00952374080379,0.0545325497948,18.3376717898,2,True,PASS
Pentax Q,A,True,0.8,0.2,camera_rgb_wb,0.381827190917,0.00941275586921,0.0246518741806,40.564867104,2,True,PASS
Pentax Q,A,True,0.8,0.2,linear_srgb_unclipped,0.422461844581,0.0221119066289,0.0523406004886,19.1056271931,2,True,PASS
Pentax Q,A,True,0.8,0.2,chromaticity,0.159843727235,0.013014546431,0.0814204389255,12.2819283855,2,True,PASS
Pentax Q,A,True,0.8,0.35,camera_rgb_wb,0.37151839352,0.00779889531806,0.0209919494003,47.6373099483,2,True,PASS
Pentax Q,A,True,0.8,0.35,linear_srgb_unclipped,0.414955488102,0.0182408410473,0.0439585487366,22.7487036934,2,True,PASS
Pentax Q,A,True,0.8,0.35,chromaticity,0.156081460303,0.0112172007171,0.0718676048732,13.9144751208,2,True,PASS
Pentax Q,A,True,0.8,0.5,camera_rgb_wb,0.362525244847,0.00662260435681,0.0182679811984,54.7405862279,2,True,PASS
Pentax Q,A,True,0.8,0.5,linear_srgb_unclipped,0.408310839571,0.0154341541896,0.0378000109078,26.455018821,2,True,PASS
Pentax Q,A,True,0.8,0.5,chromaticity,0.152959005973,0.00986232920675,0.0644769436362,15.5094200129,2,True,PASS
Pentax Q,A,True,0.8,0.65,camera_rgb_wb,0.354523208152,0.00572615935953,0.0161517193455,61.912913332,2,True,PASS
Pentax Q,A,True,0.8,0.65,linear_srgb_unclipped,0.40231413192,0.013305035386,0.033071260317,30.2377348312,2,True,PASS
Pentax Q,A,True,0.8,0.65,chromaticity,0.15025949755,0.00879953508473,0.0585622554861,17.0758450422,2,True,PASS
Pentax Q,A,True,0.8,0.8,camera_rgb_wb,0.347299843623,0.00502012702328,0.0144547344764,69.1814852517,2,True,PASS
Pentax Q,A,True,0.8,0.8,linear_srgb_unclipped,0.396826292423,0.0116350931809,0.0293203686426,34.1059831884,2,True,PASS
Pentax Q,A,True,0.8,0.8,chromaticity,0.147862098114,0.00794069113363,0.0537033576212,18.6208096532,2,True,PASS
Point Grey Grasshopper 50S5C,A,False,0.2,0.2,camera_rgb_wb,1.43311461861,0.0527886424299,0.036834906116,27.1481620409,2,True,PASS
Point Grey Grasshopper 50S5C,A,False,0.2,0.2,linear_srgb_unclipped,1.4343791901,0.0882796325389,0.0615455335301,16.2481327668,2,True,PASS
Point Grey Grasshopper 50S5C,A,False,0.2,0.2,chromaticity,0.409280500798,0.0347415401256,0.0848844253707,11.7807241509,2,True,PASS
Point Grey Grasshopper 50S5C,A,False,0.2,0.35,camera_rgb_wb,1.38188359624,0.0444435155608,0.0321615479638,31.0930307561,2,True,PASS
Point Grey Grasshopper 50S5C,A,False,0.2,0.35,linear_srgb_unclipped,1.38062667788,0.0741947930462,0.053739938707,18.6081343608,2,True,PASS
Point Grey Grasshopper 50S5C,A,False,0.2,0.35,chromaticity,0.405412942107,0.029961462676,0.0739035673609,13.5311465429,2,True,PASS
Point Grey Grasshopper 50S5C,A,False,0.2,0.5,camera_rgb_wb,1.33803563986,0.038252060096,0.0285882221344,34.9794399701,2,True,PASS
Point Grey Grasshopper 50S5C,A,False,0.2,0.5,linear_srgb_unclipped,1.33480995311,0.0638000912416,0.0477971347851,20.9217561784,2,True,PASS
Point Grey Grasshopper 50S5C,A,False,0.2,0.5,chromaticity,0.401986796495,0.0263703028545,0.0655999228939,15.2439203567,2,True,PASS
Point Grey Grasshopper 50S5C,A,False,0.2,0.65,camera_rgb_wb,1.29968152872,0.0334605987222,0.0257452291064,38.8421480294,2,True,PASS
Point Grey Grasshopper 50S5C,A,False,0.2,0.65,linear_srgb_unclipped,1.29489530272,0.0557866838836,0.0430820034378,23.2115482151,2,True,PASS
Point Grey Grasshopper 50S5C,A,False,0.2,0.65,chromaticity,0.398851787891,0.0235565160056,0.0590608259025,16.9316968518,2,True,PASS
Point Grey Grasshopper 50S5C,A,False,0.2,0.8,camera_rgb_wb,1.26559342461,0.0296355411706,0.0234163204346,42.7052577621,2,True,PASS
Point Grey Grasshopper 50S5C,A,False,0.2,0.8,linear_srgb_unclipped,1.2595576993,0.0494084989998,0.0392268643409,25.4927335336,2,True,PASS
Point Grey Grasshopper 50S5C,A,False,0.2,0.8,chromaticity,0.395925833099,0.0212826799451,0.0537542089096,18.6031944342,2,True,PASS
Point Grey Grasshopper 50S5C,A,False,0.35,0.2,camera_rgb_wb,0.995261707668,0.0401565052502,0.0403476843737,24.7845698092,2,True,PASS
Point Grey Grasshopper 50S5C,A,False,0.35,0.2,linear_srgb_unclipped,0.96271443632,0.0648920370191,0.067405280913,14.8356328533,2,True,PASS
Point Grey Grasshopper 50S5C,A,False,0.35,0.2,chromaticity,0.356201824179,0.0315741707107,0.0886412381057,11.2814308709,2,True,PASS
Point Grey Grasshopper 50S5C,A,False,0.35,0.35,camera_rgb_wb,0.964063328858,0.0337710125195,0.0350298694169,28.5470661651,2,True,PASS
Point Grey Grasshopper 50S5C,A,False,0.35,0.35,linear_srgb_unclipped,0.932237061404,0.0545461569933,0.0585110367863,17.0907926936,2,True,PASS
Point Grey Grasshopper 50S5C,A,False,0.35,0.35,chromaticity,0.35139437148,0.0271926272718,0.0773849255389,12.9224134163,2,True,PASS
Point Grey Grasshopper 50S5C,A,False,0.35,0.5,camera_rgb_wb,0.937288853988,0.0290357993044,0.0309784963096,32.2804564174,2,True,PASS
Point Grey Grasshopper 50S5C,A,False,0.35,0.5,linear_srgb_unclipped,0.90628623417,0.0468996196891,0.051749235419,19.3239569996,2,True,PASS
Point Grey Grasshopper 50S5C,A,False,0.35,0.5,chromaticity,0.347200985565,0.0239005982873,0.0688379333037,14.5268742393,2,True,PASS
Point Grey Grasshopper 50S5C,A,False,0.35,0.65,camera_rgb_wb,0.913805899324,0.0253735897189,0.0277669357767,36.01405672,2,True,PASS
Point Grey Grasshopper 50S5C,A,False,0.35,0.65,linear_srgb_unclipped,0.883682178456,0.0409991613584,0.046395822342,21.5536647379,2,True,PASS
Point Grey Grasshopper 50S5C,A,False,0.35,0.65,chromaticity,0.343422146768,0.0213220015922,0.0620868566363,16.1064684891,2,True,PASS
Point Grey Grasshopper 50S5C,A,False,0.35,0.8,camera_rgb_wb,0.892879001953,0.0224520626011,0.0251456944916,39.7682394628,2,True,PASS
Point Grey Grasshopper 50S5C,A,False,0.35,0.8,linear_srgb_unclipped,0.86366140662,0.0362998464634,0.0420301824131,23.7924258851,2,True,PASS
Point Grey Grasshopper 50S5C,A,False,0.35,0.8,chromaticity,0.339946159751,0.0192393686322,0.0565953404101,17.6692991464,2,True,PASS
Point Grey Grasshopper 50S5C,A,False,0.5,0.2,camera_rgb_wb,0.718754528325,0.0303318551419,0.0422005760612,23.6963589916,2,True,PASS
Point Grey Grasshopper 50S5C,A,False,0.5,0.2,linear_srgb_unclipped,0.694690631108,0.0480471828891,0.0691634243181,14.4585091016,2,True,PASS
Point Grey Grasshopper 50S5C,A,False,0.5,0.2,chromaticity,0.308280202112,0.0277275049388,0.0899425417162,11.118209258,2,True,PASS
Point Grey Grasshopper 50S5C,A,False,0.5,0.35,camera_rgb_wb,0.699194332134,0.0254695977196,0.0364270654796,27.4521152564,2,True,PASS
Point Grey Grasshopper 50S5C,A,False,0.5,0.35,linear_srgb_unclipped,0.676364600369,0.0403657067226,0.0596803953084,16.7559211837,2,True,PASS
Point Grey Grasshopper 50S5C,A,False,0.5,0.35,chromaticity,0.302792182661,0.0238685021903,0.0788280000513,12.6858476601,2,True,PASS
Point Grey Grasshopper 50S5C,A,False,0.5,0.5,camera_rgb_wb,0.682339532928,0.0218688705527,0.0320498366244,31.2014070998,2,True,PASS
Point Grey Grasshopper 50S5C,A,False,0.5,0.5,linear_srgb_unclipped,0.660735004072,0.0346861682077,0.0524963381597,19.0489476991,2,True,PASS
Point Grey Grasshopper 50S5C,A,False,0.5,0.5,chromaticity,0.29807614328,0.0209654776082,0.0703359798523,14.2174745002,2,True,PASS
Point Grey Grasshopper 50S5C,A,False,0.5,0.65,camera_rgb_wb,0.667498499117,0.0190877096888,0.0285958840568,34.9700676507,2,True,PASS
Point Grey Grasshopper 50S5C,A,False,0.5,0.65,linear_srgb_unclipped,0.647088365784,0.030303344315,0.0468303031199,21.3536947954,2,True,PASS
Point Grey Grasshopper 50S5C,A,False,0.5,0.65,chromaticity,0.293884395391,0.0186901930934,0.0635970925522,15.7239892559,2,True,PASS
Point Grey Grasshopper 50S5C,A,False,0.5,0.8,camera_rgb_wb,0.654222202646,0.0168718099195,0.0257891124013,38.776053415,2,True,PASS
Point Grey Grasshopper 50S5C,A,False,0.5,0.8,linear_srgb_unclipped,0.63496608025,0.0268132788767,0.0422278917106,23.6810307001,2,True,PASS
Point Grey Grasshopper 50S5C,A,False,0.5,0.8,chromaticity,0.290076686639,0.0168521221031,0.0580954033167,17.2130658006,2,True,PASS
Point Grey Grasshopper 50S5C,A,False,0.65,0.2,camera_rgb_wb,0.535212096115,0.0226981393302,0.0424096157299,23.5795581448,2,True,PASS
Point Grey Grasshopper 50S5C,A,False,0.65,0.2,linear_srgb_unclipped,0.526581075993,0.035680837661,0.0677594377916,14.7580917521,2,True,PASS
Point Grey Grasshopper 50S5C,A,False,0.65,0.2,chromaticity,0.266560880386,0.023605040531,0.0885540312474,11.2925406773,2,True,PASS
Point Grey Grasshopper 50S5C,A,False,0.65,0.35,camera_rgb_wb,0.522593072268,0.0190299498163,0.0364144701224,27.4616106355,2,True,PASS
Point Grey Grasshopper 50S5C,A,False,0.65,0.35,linear_srgb_unclipped,0.514879645198,0.0299474594938,0.058163999632,17.1927653931,2,True,PASS
Point Grey Grasshopper 50S5C,A,False,0.65,0.35,chromaticity,0.260641372783,0.0203243325458,0.077978151852,12.8241049095,2,True,PASS
Point Grey Grasshopper 50S5C,A,False,0.65,0.5,camera_rgb_wb,0.511659024492,0.0163181701427,0.0318926655479,31.3551715675,2,True,PASS
Point Grey Grasshopper 50S5C,A,False,0.65,0.5,linear_srgb_unclipped,0.504849739807,0.0257110922604,0.0509282074112,19.6354839652,2,True,PASS
Point Grey Grasshopper 50S5C,A,False,0.65,0.5,chromaticity,0.255622435063,0.0178511058241,0.0698338775297,14.3196974788,2,True,PASS
Point Grey Grasshopper 50S5C,A,False,0.65,0.65,camera_rgb_wb,0.501981063361,0.014226854935,0.028341417582,35.2840501752,2,True,PASS
Point Grey Grasshopper 50S5C,A,False,0.65,0.65,linear_srgb_unclipped,0.496046155146,0.0224443519245,0.0452464991246,22.1011574232,2,True,PASS
Point Grey Grasshopper 50S5C,A,False,0.65,0.65,chromaticity,0.25121512989,0.0159101066187,0.0633325971477,15.7896572229,2,True,PASS
Point Grey Grasshopper 50S5C,A,False,0.65,0.8,camera_rgb_wb,0.493280643592,0.0125629308609,0.0254681204789,39.2647742038,2,True,PASS
Point Grey Grasshopper 50S5C,A,False,0.65,0.8,linear_srgb_unclipped,0.488183903682,0.0198449977122,0.0406506596439,24.5998468108,2,True,PASS
Point Grey Grasshopper 50S5C,A,False,0.65,0.8,chromaticity,0.247254944064,0.0143407835461,0.057999987019,17.2413831691,2,True,PASS
Point Grey Grasshopper 50S5C,A,False,0.8,0.2,camera_rgb_wb,0.40774411383,0.0168412464392,0.0413034691806,24.2110413444,2,True,PASS
Point Grey Grasshopper 50S5C,A,False,0.8,0.2,linear_srgb_unclipped,0.410613058981,0.0264882575088,0.0645090479455,15.5017014178,2,True,PASS
Point Grey Grasshopper 50S5C,A,False,0.8,0.2,chromaticity,0.230997311324,0.0195389100326,0.0845850106245,11.8224256593,2,True,PASS
Point Grey Grasshopper 50S5C,A,False,0.8,0.35,camera_rgb_wb,0.399379617923,0.0141010682381,0.0353074308384,28.3226498291,2,True,PASS
Point Grey Grasshopper 50S5C,A,False,0.8,0.35,linear_srgb_unclipped,0.402768063709,0.0222101038733,0.0551436567953,18.1344520497,2,True,PASS
Point Grey Grasshopper 50S5C,A,False,0.8,0.35,chromaticity,0.224868826097,0.01683495974,0.074865689621,13.3572535705,2,True,PASS
Point Grey Grasshopper 50S5C,A,False,0.8,0.5,camera_rgb_wb,0.392082614755,0.0120786965822,0.0308065089542,32.460672564,2,True,PASS
Point Grey Grasshopper 50S5C,A,False,0.8,0.5,linear_srgb_unclipped,0.395992846515,0.0190523498689,0.0481128637464,20.7844622443,2,True,PASS
Point Grey Grasshopper 50S5C,A,False,0.8,0.5,chromaticity,0.219732251085,0.0147910698362,0.0673140595573,14.8557375172,2,True,PASS
Point Grey Grasshopper 50S5C,A,False,0.8,0.65,camera_rgb_wb,0.385583569099,0.0105212831595,0.0272866480906,36.6479604486,2,True,PASS
Point Grey Grasshopper 50S5C,A,False,0.8,0.65,linear_srgb_unclipped,0.390003257393,0.0166197256948,0.0426143253415,23.4662872634,2,True,PASS
Point Grey Grasshopper 50S5C,A,False,0.8,0.65,chromaticity,0.215268117566,0.0131841228901,0.0612451255636,16.327830024,2,True,PASS
Point Grey Grasshopper 50S5C,A,False,0.8,0.8,camera_rgb_wb,0.379707209744,0.00928371795193,0.0244496752068,40.9003388201,2,True,PASS
Point Grey Grasshopper 50S5C,A,False,0.8,0.8,linear_srgb_unclipped,0.384617581051,0.0146858080661,0.0381828829196,26.1897458635,2,True,PASS
Point Grey Grasshopper 50S5C,A,False,0.8,0.8,chromaticity,0.211293978118,0.0118832692978,0.0562404541941,17.7807952359,2,True,PASS
Point Grey Grasshopper2 14S5C,A,True,0.2,0.2,camera_rgb_wb,1.46470426298,0.0512308391468,0.0349769168026,28.5902844337,2,True,PASS
Point Grey Grasshopper2 14S5C,A,True,0.2,0.2,linear_srgb_unclipped,1.44994367991,0.0879331845107,0.0606459311002,16.4891523942,2,True,PASS
Point Grey Grasshopper2 14S5C,A,True,0.2,0.2,chromaticity,0.51217562056,0.0452058862717,0.0882624718105,11.3298435846,2,True,PASS
Point Grey Grasshopper2 14S5C,A,True,0.2,0.35,camera_rgb_wb,1.4049478749,0.0427732490477,0.0304447231187,32.8464146677,2,True,PASS
Point Grey Grasshopper2 14S5C,A,True,0.2,0.35,linear_srgb_unclipped,1.39689516555,0.0731503403035,0.0523663780272,19.0962223792,2,True,PASS
Point Grey Grasshopper2 14S5C,A,True,0.2,0.35,chromaticity,0.510637759371,0.039018518938,0.0764113468342,13.0870615613,2,True,PASS
Point Grey Grasshopper2 14S5C,A,True,0.2,0.5,camera_rgb_wb,1.35396811765,0.0365711320942,0.0270103347467,37.022865854,2,True,PASS
Point Grey Grasshopper2 14S5C,A,True,0.2,0.5,linear_srgb_unclipped,1.35180118671,0.0623452882485,0.0461201609093,21.6824915673,2,True,PASS
Point Grey Grasshopper2 14S5C,A,True,0.2,0.5,chromaticity,0.509302847277,0.0343840012634,0.0675118967962,14.8122041811,2,True,PASS
Point Grey Grasshopper2 14S5C,A,True,0.2,0.65,camera_rgb_wb,1.30950466085,0.0318168323423,0.024296845436,41.1576063499,2,True,PASS
Point Grey Grasshopper2 14S5C,A,True,0.2,0.65,linear_srgb_unclipped,1.31259041108,0.0540878245529,0.0412069325635,24.2677612186,2,True,PASS
Point Grey Grasshopper2 14S5C,A,True,0.2,0.65,chromaticity,0.50806981445,0.0307593407293,0.0605415630972,16.5175781536,2,True,PASS
Point Grey Grasshopper2 14S5C,A,True,0.2,0.8,camera_rgb_wb,1.27009147953,0.028051536931,0.0220862334588,45.2770727914,2,True,PASS
Point Grey Grasshopper2 14S5C,A,True,0.2,0.8,linear_srgb_unclipped,1.27792030153,0.0475671218562,0.0372222914052,26.8656217081,2,True,PASS
Point Grey Grasshopper2 14S5C,A,True,0.2,0.8,chromaticity,0.506889448148,0.0278330862252,0.054909579055,18.2117586259,2,True,PASS
Point Grey Grasshopper2 14S5C,A,True,0.35,0.2,camera_rgb_wb,0.974733430815,0.0378167664363,0.0387970343899,25.775165956,2,True,PASS
Point Grey Grasshopper2 14S5C,A,True,0.35,0.2,linear_srgb_unclipped,0.976783161425,0.0637728810187,0.0652886777099,15.3165914072,2,True,PASS
Point Grey Grasshopper2 14S5C,A,True,0.35,0.2,chromaticity,0.456251155669,0.0432212974749,0.0947313709518,10.5561651853,2,True,PASS
Point Grey Grasshopper2 14S5C,A,True,0.35,0.35,camera_rgb_wb,0.939158988092,0.0315391024572,0.0335822825072,29.7776066825,2,True,PASS
Point Grey Grasshopper2 14S5C,A,True,0.35,0.35,linear_srgb_unclipped,0.947675751744,0.0529538143299,0.0558775659633,17.8962698672,2,True,PASS
Point Grey Grasshopper2 14S5C,A,True,0.35,0.35,chromaticity,0.453605359364,0.0371965373772,0.0820019794945,12.1948275659,2,True,PASS
Point Grey Grasshopper2 14S5C,A,True,0.35,0.5,camera_rgb_wb,0.908732334642,0.0269363342104,0.0296416592473,33.7363030746,2,True,PASS
Point Grey Grasshopper2 14S5C,A,True,0.35,0.5,linear_srgb_unclipped,0.922841653822,0.0450554119793,0.0488224732734,20.4823707803,2,True,PASS
Point Grey Grasshopper2 14S5C,A,True,0.35,0.5,chromaticity,0.451289091024,0.032691788524,0.0724409013519,13.8043561212,2,True,PASS
Point Grey Grasshopper2 14S5C,A,True,0.35,0.65,camera_rgb_wb,0.882129789789,0.0234090075707,0.0265369198974,37.683348477,2,True,PASS
Point Grey Grasshopper2 14S5C,A,True,0.35,0.65,linear_srgb_unclipped,0.901159904279,0.039026394842,0.0433068478265,23.0910364108,2,True,PASS
Point Grey Grasshopper2 14S5C,A,True,0.35,0.65,chromaticity,0.449166956992,0.0291750321076,0.0649536473097,15.3955942648,2,True,PASS
Point Grey Grasshopper2 14S5C,A,True,0.35,0.8,camera_rgb_wb,0.858492939695,0.0206164384671,0.0240146861015,41.6411855552,2,True,PASS
Point Grey Grasshopper2 14S5C,A,True,0.35,0.8,linear_srgb_unclipped,0.881906767168,0.0342709691448,0.0388600818371,25.7333477627,2,True,PASS
Point Grey Grasshopper2 14S5C,A,True,0.35,0.8,chromaticity,0.447170041287,0.0263410783972,0.0589061787801,16.9761478458,2,True,PASS
Point Grey Grasshopper2 14S5C,A,True,0.5,0.2,camera_rgb_wb,0.680148244464,0.0281242362236,0.0413501563116,24.1837054367,2,True,PASS
Point Grey Grasshopper2 14S5C,A,True,0.5,0.2,linear_srgb_unclipped,0.708014860204,0.046326806828,0.0654319696265,15.283049031,2,True,PASS
Point Grey Grasshopper2 14S5C,A,True,0.5,0.2,chromaticity,0.402345685215,0.0397532488054,0.0988037159741,10.1210768253,2,True,PASS
Point Grey Grasshopper2 14S5C,A,True,0.5,0.35,camera_rgb_wb,0.658151376879,0.0234267328585,0.0355947486878,28.0940317565,2,True,PASS
Point Grey Grasshopper2 14S5C,A,True,0.5,0.35,linear_srgb_unclipped,0.690786301084,0.0383959061566,0.0555829003794,17.9911446357,2,True,PASS
Point Grey Grasshopper2 14S5C,A,True,0.5,0.35,chromaticity,0.398571156493,0.0341564499666,0.0856972447961,11.6689865862,2,True,PASS
Point Grey Grasshopper2 14S5C,A,True,0.5,0.5,camera_rgb_wb,0.63927618279,0.0199843424015,0.0312608899557,31.98885257,2,True,PASS
Point Grey Grasshopper2 14S5C,A,True,0.5,0.5,linear_srgb_unclipped,0.675986338899,0.0326149594183,0.0482479564179,20.726266442,2,True,PASS
Point Grey Grasshopper2 14S5C,A,True,0.5,0.5,chromaticity,0.395305848074,0.029971963237,0.0758196808446,13.1891876734,2,True,PASS
Point Grey Grasshopper2 14S5C,A,True,0.5,0.65,camera_rgb_wb,0.622720946717,0.0173479172698,0.027858252338,35.8960062486,2,True,PASS
Point Grey Grasshopper2 14S5C,A,True,0.5,0.65,linear_srgb_unclipped,0.662975328987,0.0282087077206,0.0425486537542,23.5025062315,2,True,PASS
Point Grey Grasshopper2 14S5C,A,True,0.5,0.65,chromaticity,0.392361083147,0.0267067960874,0.0680668833748,14.6914321682,2,True,PASS
Point Grey Grasshopper2 14S5C,A,True,0.5,0.8,camera_rgb_wb,0.607965962332,0.0152620952275,0.0251035356799,39.8350261395,2,True,PASS
Point Grey Grasshopper2 14S5C,A,True,0.5,0.8,linear_srgb_unclipped,0.651341900582,0.0247380553187,0.0379801380758,26.329551462,2,True,PASS
Point Grey Grasshopper2 14S5C,A,True,0.5,0.8,chromaticity,0.389637170026,0.024077470858,0.0617945943308,16.1826452755,2,True,PASS
Point Grey Grasshopper2 14S5C,A,True,0.65,0.2,camera_rgb_wb,0.492631883843,0.0208990929802,0.0424233462463,23.5719265094,2,True,PASS
Point Grey Grasshopper2 14S5C,A,True,0.65,0.2,linear_srgb_unclipped,0.537418755314,0.0336179638871,0.0625545043872,15.9860590344,2,True,PASS
Point Grey Grasshopper2 14S5C,A,True,0.65,0.2,chromaticity,0.352843315113,0.0353647316276,0.10022786351,9.97726545273,2,True,PASS
Point Grey Grasshopper2 14S5C,A,True,0.65,0.35,camera_rgb_wb,0.478553839237,0.0173836817719,0.0363254462645,27.5289116263,2,True,PASS
Point Grey Grasshopper2 14S5C,A,True,0.65,0.35,linear_srgb_unclipped,0.526439897809,0.0278155714871,0.0528371265226,18.9260859894,2,True,PASS
Point Grey Grasshopper2 14S5C,A,True,0.65,0.35,chromaticity,0.348049889766,0.0303693519785,0.0872557437067,11.4605635975,2,True,PASS
Point Grey Grasshopper2 14S5C,A,True,0.65,0.5,camera_rgb_wb,0.466419789359,0.0148102812395,0.0317531150637,31.4929731459,2,True,PASS
Point Grey Grasshopper2 14S5C,A,True,0.65,0.5,linear_srgb_unclipped,0.516917274704,0.0235934090217,0.0456425238162,21.9093931796,2,True,PASS
Point Grey Grasshopper2 14S5C,A,True,0.65,0.5,chromaticity,0.343964086917,0.0266294938048,0.0774194016692,12.9166588535,2,True,PASS
Point Grey Grasshopper2 14S5C,A,True,0.65,0.65,camera_rgb_wb,0.455732223562,0.0128414754729,0.0281776771731,35.4890856992,2,True,PASS
Point Grey Grasshopper2 14S5C,A,True,0.65,0.65,linear_srgb_unclipped,0.508469530249,0.0203802273748,0.0400815115997,24.9491588538,2,True,PASS
Point Grey Grasshopper2 14S5C,A,True,0.65,0.65,chromaticity,0.340335625652,0.0237094295148,0.0696648476616,14.3544417819,2,True,PASS
Point Grey Grasshopper2 14S5C,A,True,0.65,0.8,camera_rgb_wb,0.446168568743,0.0112854631303,0.025294168888,39.5348036311,2,True,PASS
Point Grey Grasshopper2 14S5C,A,True,0.65,0.8,linear_srgb_unclipped,0.500851680328,0.0178528377427,0.0356449592641,28.0544576469,2,True,PASS
Point Grey Grasshopper2 14S5C,A,True,0.65,0.8,chromaticity,0.337029215154,0.021357530215,0.0633699669189,15.7803459371,2,True,PASS
Point Grey Grasshopper2 14S5C,A,True,0.8,0.2,camera_rgb_wb,0.366748217108,0.0154490950624,0.0421245266963,23.7391391293,2,True,PASS
Point Grey Grasshopper2 14S5C,A,True,0.8,0.2,linear_srgb_unclipped,0.418261462434,0.0243383553982,0.0581893327121,17.1852804181,2,True,PASS
Point Grey Grasshopper2 14S5C,A,True,0.8,0.2,chromaticity,0.308756593952,0.0305795299718,0.099040896845,10.0968391024,2,True,PASS
Point Grey Grasshopper2 14S5C,A,True,0.8,0.35,camera_rgb_wb,0.357458464295,0.0128322001968,0.0358984371013,27.8563659242,2,True,PASS
Point Grey Grasshopper2 14S5C,A,True,0.8,0.35,linear_srgb_unclipped,0.410849888303,0.0201106427779,0.0489488821841,20.4294757179,2,True,PASS
Point Grey Grasshopper2 14S5C,A,True,0.8,0.35,chromaticity,0.303138958793,0.0262677600166,0.0866525375728,11.5403429376,2,True,PASS
Point Grey Grasshopper2 14S5C,A,True,0.8,0.5,camera_rgb_wb,0.349406336592,0.0109191259633,0.0312505092774,31.9994785084,2,True,PASS
Point Grey Grasshopper2 14S5C,A,True,0.8,0.5,linear_srgb_unclipped,0.404350457316,0.017038984409,0.0421391495934,23.7309013032,2,True,PASS
Point Grey Grasshopper2 14S5C,A,True,0.8,0.5,chromaticity,0.298416031824,0.0230319372653,0.0771806297556,12.9566188196,2,True,PASS
Point Grey Grasshopper2 14S5C,A,True,0.8,0.65,camera_rgb_wb,0.342277347979,0.00945734323477,0.0276306430753,36.1917019909,2,True,PASS
Point Grey Grasshopper2 14S5C,A,True,0.8,0.65,linear_srgb_unclipped,0.398528125239,0.0147044459371,0.0368968838229,27.1025597934,2,True,PASS
Point Grey Grasshopper2 14S5C,A,True,0.8,0.65,chromaticity,0.294277785836,0.0205016935887,0.0696678260319,14.3538281149,2,True,PASS
Point Grey Grasshopper2 14S5C,A,True,0.8,0.8,camera_rgb_wb,0.335867338991,0.00830340239898,0.0247222680953,40.4493631468,2,True,PASS
Point Grey Grasshopper2 14S5C,A,True,0.8,0.8,linear_srgb_unclipped,0.39323156085,0.0128702981133,0.0327295654637,30.5534151105,2,True,PASS
Point Grey Grasshopper2 14S5C,A,True,0.8,0.8,chromaticity,0.290554340078,0.0184619219433,0.0635403413294,15.7380331782,2,True,PASS
Phase One,A,True,0.2,0.2,camera_rgb_wb,1.45384985844,0.0258754435602,0.0177978787905,56.1864709705,2,True,PASS
Phase One,A,True,0.2,0.2,linear_srgb_unclipped,1.45893328927,0.0695030300308,0.0476396217306,20.9909307353,2,True,PASS
Phase One,A,True,0.2,0.2,chromaticity,0.351943408742,0.0246474439185,0.0700324066489,14.2791037443,2,True,PASS
Phase One,A,True,0.2,0.35,camera_rgb_wb,1.3859609902,0.0217646450606,0.015703649103,63.679466692,2,True,PASS
Phase One,A,True,0.2,0.35,linear_srgb_unclipped,1.40307543998,0.0578722520163,0.0412467144441,24.2443553014,2,True,PASS
Phase One,A,True,0.2,0.35,chromaticity,0.353200689359,0.0215725239677,0.0610772419693,16.3727104852,2,True,PASS
Phase One,A,True,0.2,0.5,camera_rgb_wb,1.32810961099,0.0187461296762,0.0141148964822,70.8471366587,2,True,PASS
Phase One,A,True,0.2,0.5,linear_srgb_unclipped,1.35537145309,0.0494174215474,0.0364604267226,27.4269966067,2,True,PASS
Phase One,A,True,0.2,0.5,chromaticity,0.354364333905,0.0192577395619,0.0543444633655,18.4011385534,2,True,PASS
Phase One,A,True,0.2,0.65,camera_rgb_wb,1.27769876959,0.0164278272775,0.0128573554803,77.7764915599,2,True,PASS
Phase One,A,True,0.2,0.65,linear_srgb_unclipped,1.313724711,0.0429814001805,0.0327172046171,30.5649584585,2,True,PASS
Phase One,A,True,0.2,0.65,chromaticity,0.355429284519,0.0174365933625,0.0490578411008,20.3841012478,2,True,PASS
Phase One,A,True,0.2,0.8,camera_rgb_wb,1.23305120964,0.0145875047838,0.0118304127759,84.527904389,2,True,PASS
Phase One,A,True,0.2,0.8,linear_srgb_unclipped,1.27677254684,0.0379130506756,0.0296944438298,33.6763337186,2,True,PASS
Phase One,A,True,0.2,0.8,chromaticity,0.356399969698,0.0159566685702,0.0447718011415,22.3354873939,2,True,PASS
Phase One,A,True,0.35,0.2,camera_rgb_wb,0.965558522915,0.016858986267,0.017460346387,57.2726323887,2,True,PASS
Phase One,A,True,0.35,0.2,linear_srgb_unclipped,0.977120314115,0.0481083866865,0.0492348649308,20.3108102644,2,True,PASS
Phase One,A,True,0.35,0.2,chromaticity,0.321395654759,0.023924734035,0.0744401291078,13.43361453,2,True,PASS
Phase One,A,True,0.35,0.35,camera_rgb_wb,0.922168649367,0.0141190118712,0.0153106613209,65.313965154,2,True,PASS
Phase One,A,True,0.35,0.35,linear_srgb_unclipped,0.945205455853,0.039911387941,0.042225092644,23.6826004961,2,True,PASS
Phase One,A,True,0.35,0.35,chromaticity,0.322305825432,0.0208692014321,0.0647496873634,15.4440900137,2,True,PASS
Phase One,A,True,0.35,0.5,camera_rgb_wb,0.885161968262,0.0121158831586,0.0136877583912,73.0579815499,2,True,PASS
Phase One,A,True,0.35,0.5,linear_srgb_unclipped,0.917802815533,0.033973094324,0.0370156789116,27.0155790574,2,True,PASS
Phase One,A,True,0.35,0.5,chromaticity,0.323136837565,0.0185745396351,0.0574819626726,17.3967615841,2,True,PASS
Phase One,A,True,0.35,0.65,camera_rgb_wb,0.852887128329,0.0105829237294,0.0124083520291,80.5908792442,2,True,PASS
Phase One,A,True,0.35,0.65,linear_srgb_unclipped,0.89375561671,0.0294655220054,0.0329682090434,30.332251251,2,True,PASS
Phase One,A,True,0.35,0.65,chromaticity,0.323877638863,0.0167732133893,0.0517887355489,19.3092182962,2,True,PASS
Phase One,A,True,0.35,0.8,camera_rgb_wb,0.824278401662,0.00936968703728,0.0113671388434,87.9728851542,2,True,PASS
Phase One,A,True,0.35,0.8,linear_srgb_unclipped,0.872312837985,0.0259244657537,0.0297192298735,33.6482474229,2,True,PASS
Phase One,A,True,0.35,0.8,chromaticity,0.324530465957,0.0153124696811,0.0471834582184,21.1938683123,2,True,PASS
Phase One,A,True,0.5,0.2,camera_rgb_wb,0.660666891709,0.0116492283207,0.0176325292926,56.7133610503,2,True,PASS
Phase One,A,True,0.5,0.2,linear_srgb_unclipped,0.704178726784,0.0335206154296,0.0476024255699,21.0073328833,2,True,PASS
Phase One,A,True,0.5,0.2,chromaticity,0.292745523201,0.0223853069352,0.076466778007,13.077574681,2,True,PASS
Phase One,A,True,0.5,0.35,camera_rgb_wb,0.632193722402,0.0097205852337,0.0153759597561,65.036590617,2,True,PASS
Phase One,A,True,0.5,0.35,linear_srgb_unclipped,0.684268857594,0.0277236237993,0.0405156883754,24.6817971037,2,True,PASS
Phase One,A,True,0.5,0.35,chromaticity,0.293061090454,0.0194873682204,0.0664959247582,15.0385155727,2,True,PASS
Phase One,A,True,0.5,0.5,camera_rgb_wb,0.60788832921,0.00831470173593,0.0136780085032,73.110058366,2,True,PASS
Phase One,A,True,0.5,0.5,linear_srgb_unclipped,0.667054338039,0.0235348184427,0.0352817111001,28.3432965358,2,True,PASS
Phase One,A,True,0.5,0.5,chromaticity,0.293367220191,0.0173122442762,0.0590121972895,16.9456493052,2,True,PASS
Phase One,A,True,0.5,0.65,camera_rgb_wb,0.586672216154,0.00724150301674,0.0123433542911,81.0152553687,2,True,PASS
Phase One,A,True,0.5,0.65,linear_srgb_unclipped,0.651848879746,0.020362241689,0.0312376722914,32.0126285554,2,True,PASS
Phase One,A,True,0.5,0.65,chromaticity,0.293630383635,0.015606044407,0.0531486020412,18.8151703261,2,True,PASS
Phase One,A,True,0.5,0.8,camera_rgb_wb,0.567849882412,0.00639399778154,0.0112600142742,88.8098341309,2,True,PASS
Phase One,A,True,0.5,0.8,linear_srgb_unclipped,0.638207144973,0.0178747837513,0.0280078088942,35.7043281671,2,True,PASS
Phase One,A,True,0.5,0.8,chromaticity,0.293840677442,0.0142236793209,0.0484060935496,20.658556117,2,True,PASS
Phase One,A,True,0.65,0.2,camera_rgb_wb,0.463376049692,0.0085037979848,0.0183518289097,54.4904818435,2,True,PASS
Phase One,A,True,0.65,0.2,linear_srgb_unclipped,0.531674663852,0.0235725686037,0.0443364527339,22.5548039669,2,True,PASS
Phase One,A,True,0.65,0.2,chromaticity,0.26615321849,0.0203378556804,0.0764140888314,13.086591953,2,True,PASS
Phase One,A,True,0.65,0.35,camera_rgb_wb,0.444296220673,0.00707870492566,0.0159323995935,62.765184499,2,True,PASS
Phase One,A,True,0.65,0.35,linear_srgb_unclipped,0.518233300755,0.0194495325646,0.0375304569124,26.6450259941,2,True,PASS
Phase One,A,True,0.65,0.35,chromaticity,0.265755172699,0.0176875420742,0.0665557772385,15.024991691,2,True,PASS
Phase One,A,True,0.65,0.5,camera_rgb_wb,0.427990419828,0.00604140182336,0.0141157407817,70.8428991055,2,True,PASS
Phase One,A,True,0.65,0.5,linear_srgb_unclipped,0.506522091813,0.0164759412638,0.0325275867137,30.7431353209,2,True,PASS
Phase One,A,True,0.65,0.5,chromaticity,0.265451194742,0.0156966058749,0.0591317959227,16.9113754182,2,True,PASS
Phase One,A,True,0.65,0.65,camera_rgb_wb,0.413741163103,0.00525064950688,0.0126906626053,78.7980920382,2,True,PASS
Phase One,A,True,0.65,0.65,linear_srgb_unclipped,0.49610669486,0.0142275042294,0.0286783153237,34.8695517402,2,True,PASS
Phase One,A,True,0.65,0.65,chromaticity,0.265175089156,0.0141343884015,0.0533020972917,18.7609878562,2,True,PASS
Phase One,A,True,0.65,0.8,camera_rgb_wb,0.401085932992,0.00462698658232,0.0115361477472,86.6840492956,2,True,PASS
Phase One,A,True,0.65,0.8,linear_srgb_unclipped,0.48670465273,0.0124672510923,0.0256156398389,39.0386500703,2,True,PASS
Phase One,A,True,0.65,0.8,chromaticity,0.264898619174,0.0128686992172,0.048579714222,20.5847238094,2,True,PASS
Phase One,A,True,0.8,0.2,camera_rgb_wb,0.331612300646,0.00640873110625,0.019325975224,51.7438312122,2,True,PASS
Phase One,A,True,0.8,0.2,linear_srgb_unclipped,0.411490383623,0.0166883646787,0.0405559044461,24.657322125,2,True,PASS
Phase One,A,True,0.8,0.2,chromaticity,0.241634735738,0.0180464115052,0.0746846741636,13.3896279417,2,True,PASS
Phase One,A,True,0.8,0.35,camera_rgb_wb,0.318608651171,0.00532696672341,0.0167194666681,59.8105202668,2,True,PASS
Phase One,A,True,0.8,0.35,linear_srgb_unclipped,0.401890422628,0.0137467732484,0.0342052770467,29.2352550934,2,True,PASS
Phase One,A,True,0.8,0.35,chromaticity,0.240504954705,0.0156905746663,0.0652401306474,15.3279889246,2,True,PASS
Phase One,A,True,0.8,0.5,camera_rgb_wb,0.307478160956,0.00454006338663,0.0147654824411,67.7255216,2,True,PASS
Phase One,A,True,0.8,0.5,linear_srgb_unclipped,0.393465835041,0.0116279118636,0.0295525324641,33.8380475925,2,True,PASS
Phase One,A,True,0.8,0.5,chromaticity,0.239587714006,0.0139175855218,0.0580897295987,17.2147470286,2,True,PASS
Phase One,A,True,0.8,0.65,camera_rgb_wb,0.297737206053,0.0039406030881,0.0132351718495,75.556253547,2,True,PASS
Phase One,A,True,0.8,0.65,linear_srgb_unclipped,0.385927269053,0.0100275617229,0.0259830349576,38.4866510642,2,True,PASS
Phase One,A,True,0.8,0.65,chromaticity,0.238779661258,0.0125248695354,0.0524536699206,19.0644429935,2,True,PASS
Phase One,A,True,0.8,0.8,camera_rgb_wb,0.289073974004,0.00346814117463,0.0119974175696,83.351270738,2,True,PASS
Phase One,A,True,0.8,0.8,linear_srgb_unclipped,0.379085678798,0.00877596500329,0.0231503469904,43.1958968223,2,True,PASS
Phase One,A,True,0.8,0.8,chromaticity,0.238031385944,0.0113958235683,0.047875298138,20.8875983835,2,True,PASS
SONY NEX-5N,A,True,0.2,0.2,camera_rgb_wb,1.46667043083,0.0331304221931,0.0225888662488,44.2695967557,2,True,PASS
SONY NEX-5N,A,True,0.2,0.2,linear_srgb_unclipped,1.45456222701,0.0772697678036,0.0531223528075,18.8244674257,2,True,PASS
SONY NEX-5N,A,True,0.2,0.2,chromaticity,0.460513306164,0.0327013196309,0.0710105857815,14.0824074185,2,True,PASS
SONY NEX-5N,A,True,0.2,0.35,camera_rgb_wb,1.4022387862,0.0276605477995,0.0197259896615,50.6945414227,2,True,PASS
SONY NEX-5N,A,True,0.2,0.35,linear_srgb_unclipped,1.40083405885,0.0639014814849,0.0456167388856,21.9217774972,2,True,PASS
SONY NEX-5N,A,True,0.2,0.35,chromaticity,0.460003665231,0.0283552007671,0.0616412496471,16.2229027757,2,True,PASS
SONY NEX-5N,A,True,0.2,0.5,camera_rgb_wb,1.34725122696,0.0236698586038,0.0175690013341,56.9184315593,2,True,PASS
SONY NEX-5N,A,True,0.2,0.5,linear_srgb_unclipped,1.35510789235,0.0542180966139,0.0400101696107,24.9936456089,2,True,PASS
SONY NEX-5N,A,True,0.2,0.5,chromaticity,0.459627649286,0.0251002601575,0.0546099874463,18.3116687398,2,True,PASS
SONY NEX-5N,A,True,0.2,0.65,camera_rgb_wb,1.29927715337,0.0206229182469,0.0158726090068,63.0016148935,2,True,PASS
SONY NEX-5N,A,True,0.2,0.65,linear_srgb_unclipped,1.31529778977,0.0468740114301,0.0356375657243,28.0602779589,2,True,PASS
SONY NEX-5N,A,True,0.2,0.65,chromaticity,0.45931033314,0.0225530337104,0.0491019515197,20.365789323,2,True,PASS
SONY NEX-5N,A,True,0.2,0.8,camera_rgb_wb,1.25674128089,0.0182172500322,0.0144956247633,68.9863332097,2,True,PASS
SONY NEX-5N,A,True,0.2,0.8,linear_srgb_unclipped,1.28005334725,0.0411120366301,0.0321174400415,31.1357318238,2,True,PASS
SONY NEX-5N,A,True,0.2,0.8,chromaticity,0.459015336021,0.0204941418031,0.0446480546397,22.3973924076,2,True,PASS
SONY NEX-5N,A,True,0.35,0.2,camera_rgb_wb,0.96148514746,0.0233748329038,0.0243111741929,41.1333484785,2,True,PASS
SONY NEX-5N,A,True,0.35,0.2,linear_srgb_unclipped,0.982738466174,0.0552218486856,0.0561918054359,17.7961891817,2,True,PASS
SONY NEX-5N,A,True,0.35,0.2,chromaticity,0.411897566678,0.0321836153765,0.0781349975824,12.7983622057,2,True,PASS
SONY NEX-5N,A,True,0.35,0.35,camera_rgb_wb,0.922365050525,0.0194234874717,0.0210583515286,47.487097869,2,True,PASS
SONY NEX-5N,A,True,0.35,0.35,linear_srgb_unclipped,0.953232268835,0.045507314329,0.0477400061001,20.9467924638,2,True,PASS
SONY NEX-5N,A,True,0.35,0.35,chromaticity,0.410834690914,0.0277991561851,0.0676650652924,14.7786748698,2,True,PASS
SONY NEX-5N,A,True,0.35,0.5,camera_rgb_wb,0.888880379777,0.0165510188362,0.0186200744361,53.7054781081,2,True,PASS
SONY NEX-5N,A,True,0.35,0.5,linear_srgb_unclipped,0.927916448929,0.0384928610864,0.0414831110396,24.1061958696,2,True,PASS
SONY NEX-5N,A,True,0.35,0.5,chromaticity,0.409932289391,0.0245253003719,0.0598276861975,16.7146694709,2,True,PASS
SONY NEX-5N,A,True,0.35,0.65,camera_rgb_wb,0.85958912615,0.0143645996126,0.0167110066607,59.8407995582,2,True,PASS
SONY NEX-5N,A,True,0.35,0.65,linear_srgb_unclipped,0.905706256398,0.0331872542655,0.0366424036834,27.2907860696,2,True,PASS
SONY NEX-5N,A,True,0.35,0.65,chromaticity,0.409109068074,0.0219702387711,0.0537026443207,18.6210569824,2,True,PASS
SONY NEX-5N,A,True,0.35,0.8,camera_rgb_wb,0.833555615881,0.0126430544553,0.0151676195499,65.9299237242,2,True,PASS
SONY NEX-5N,A,True,0.35,0.8,linear_srgb_unclipped,0.885899100697,0.0290344414885,0.0327739823482,30.5120076461,2,True,PASS
SONY NEX-5N,A,True,0.35,0.8,chromaticity,0.408325826314,0.0199102717387,0.0487607455996,20.5083000209,2,True,PASS
SONY NEX-5N,A,True,0.5,0.2,camera_rgb_wb,0.657735170918,0.0169844219176,0.0258225843296,38.7257908518,2,True,PASS
SONY NEX-5N,A,True,0.5,0.2,linear_srgb_unclipped,0.713878985854,0.03948711425,0.0553134565277,18.078783406,2,True,PASS
SONY NEX-5N,A,True,0.5,0.2,chromaticity,0.364554600282,0.0304005802774,0.083391020862,11.9916987424,2,True,PASS
SONY NEX-5N,A,True,0.5,0.35,camera_rgb_wb,0.633014638092,0.0140714117584,0.0222292043685,44.9858655947,2,True,PASS
SONY NEX-5N,A,True,0.5,0.35,linear_srgb_unclipped,0.696157475875,0.0324532860601,0.0466177369126,21.4510627548,2,True,PASS
SONY NEX-5N,A,True,0.5,0.35,chromaticity,0.362764464669,0.0261961406421,0.0722125323549,13.8480117978,2,True,PASS
SONY NEX-5N,A,True,0.5,0.5,camera_rgb_wb,0.611795272506,0.0119574593712,0.019544870496,51.1643195694,2,True,PASS
SONY NEX-5N,A,True,0.5,0.5,linear_srgb_unclipped,0.680786172974,0.0273868888992,0.04022832717,24.8581054781,2,True,PASS
SONY NEX-5N,A,True,0.5,0.5,chromaticity,0.361222877047,0.0230602305811,0.0638393414326,15.6643219927,2,True,PASS
SONY NEX-5N,A,True,0.5,0.65,camera_rgb_wb,0.593185034725,0.0103509581995,0.0174497965955,57.3072582552,2,True,PASS
SONY NEX-5N,A,True,0.5,0.65,linear_srgb_unclipped,0.667165355684,0.0235627768981,0.0353177464887,28.3143773151,2,True,PASS
SONY NEX-5N,A,True,0.5,0.65,chromaticity,0.35982260369,0.0206158911242,0.057294597151,17.4536526955,2,True,PASS
SONY NEX-5N,A,True,0.5,0.8,camera_rgb_wb,0.576604731982,0.00908790339849,0.015761062812,63.4474979211,2,True,PASS
SONY NEX-5N,A,True,0.5,0.8,linear_srgb_unclipped,0.65490590504,0.0205750746087,0.0314168408779,31.8300622232,2,True,PASS
SONY NEX-5N,A,True,0.5,0.8,chromaticity,0.358510004584,0.0186477993253,0.0520147250758,19.2253251083,2,True,PASS
SONY NEX-5N,A,True,0.65,0.2,camera_rgb_wb,0.465571246792,0.012567572971,0.0269938770007,37.0454381182,2,True,PASS
SONY NEX-5N,A,True,0.65,0.2,linear_srgb_unclipped,0.541897877119,0.0282120390463,0.0520615419206,19.2080365488,2,True,PASS
SONY NEX-5N,A,True,0.65,0.2,chromaticity,0.320600854575,0.0277416270196,0.0865301093982,11.5566709317,2,True,PASS
SONY NEX-5N,A,True,0.65,0.35,camera_rgb_wb,0.44941986683,0.0103936680895,0.0231268549893,43.2397747321,2,True,PASS
SONY NEX-5N,A,True,0.65,0.35,linear_srgb_unclipped,0.530314652593,0.0231426511987,0.043639471558,22.9150345845,2,True,PASS
SONY NEX-5N,A,True,0.65,0.35,chromaticity,0.318031932172,0.0238759638508,0.0750741087153,13.3201714561,2,True,PASS
SONY NEX-5N,A,True,0.65,0.5,camera_rgb_wb,0.435512665465,0.00881743878488,0.0202461133374,49.392196089,2,True,PASS
SONY NEX-5N,A,True,0.65,0.5,linear_srgb_unclipped,0.520147381523,0.0194978610232,0.0374852622849,26.67715094,2,True,PASS
SONY NEX-5N,A,True,0.65,0.5,chromaticity,0.315837546765,0.0209914920187,0.0664629403113,15.0459789368,2,True,PASS
SONY NEX-5N,A,True,0.65,0.65,camera_rgb_wb,0.423280584233,0.00762061014154,0.0180036846135,55.5441856192,2,True,PASS
SONY NEX-5N,A,True,0.65,0.65,linear_srgb_unclipped,0.511043754663,0.0167510296605,0.0327780733208,30.508199497,2,True,PASS
SONY NEX-5N,A,True,0.65,0.65,chromaticity,0.313871566832,0.0187432302644,0.0597162414346,16.7458630345,2,True,PASS
SONY NEX-5N,A,True,0.65,0.8,camera_rgb_wb,0.412353829473,0.00668044458024,0.016200757948,61.7255071156,2,True,PASS
SONY NEX-5N,A,True,0.65,0.8,linear_srgb_unclipped,0.502774011363,0.0146078869702,0.0290545784787,34.4179834078,2,True,PASS
SONY NEX-5N,A,True,0.65,0.8,chromaticity,0.312058277517,0.0169336017651,0.0542642287838,18.428346305,2,True,PASS
SONY NEX-5N,A,True,0.8,0.2,camera_rgb_wb,0.338226178302,0.00935035781997,0.0276452812343,36.1725385075,2,True,PASS
SONY NEX-5N,A,True,0.8,0.2,linear_srgb_unclipped,0.420860039503,0.020123283649,0.0478146693918,20.9140837471,2,True,PASS
SONY NEX-5N,A,True,0.8,0.2,chromaticity,0.281032603601,0.0245903194612,0.0874998813167,11.4285869301,2,True,PASS
SONY NEX-5N,A,True,0.8,0.35,camera_rgb_wb,0.327381332432,0.00772411183694,0.0235936233125,42.3843335445,2,True,PASS
SONY NEX-5N,A,True,0.8,0.35,linear_srgb_unclipped,0.412795877438,0.0164873955718,0.0399407951312,25.0370578932,2,True,PASS
SONY NEX-5N,A,True,0.8,0.35,chromaticity,0.277734074066,0.0211580539651,0.0761809800841,13.1266360566,2,True,PASS
SONY NEX-5N,A,True,0.8,0.5,camera_rgb_wb,0.318010057324,0.00654567040019,0.0205832182016,48.5832676993,2,True,PASS
SONY NEX-5N,A,True,0.8,0.5,linear_srgb_unclipped,0.405638936763,0.0138764083664,0.0342087682142,29.2322714965,2,True,PASS
SONY NEX-5N,A,True,0.8,0.5,chromaticity,0.274949573844,0.0185926773731,0.0676221356273,14.7880570574,2,True,PASS
SONY NEX-5N,A,True,0.8,0.65,camera_rgb_wb,0.309741057158,0.00565142983842,0.0182456594236,54.8075559663,2,True,PASS
SONY NEX-5N,A,True,0.8,0.65,linear_srgb_unclipped,0.399171040058,0.0119106841248,0.0298385477138,33.5136954248,2,True,PASS
SONY NEX-5N,A,True,0.8,0.65,chromaticity,0.272488751285,0.0165912729476,0.0608879187465,16.4236193417,2,True,PASS
SONY NEX-5N,A,True,0.8,0.8,camera_rgb_wb,0.302332711491,0.00494939893876,0.0163707027081,61.0847327587,2,True,PASS
SONY NEX-5N,A,True,0.8,0.8,linear_srgb_unclipped,0.393248701539,0.0103783375265,0.0263912823764,37.8913000792,2,True,PASS
SONY NEX-5N,A,True,0.8,0.8,chromaticity,0.270250645203,0.0149795863373,0.0554284942633,18.0412622297,2,True,PASS
Canon 1DMarkIII,FL2,True,0.2,0.2,camera_rgb_wb,1.41018791212,0.0362536911659,0.0257084115204,38.8977747305,2,True,PASS
Canon 1DMarkIII,FL2,True,0.2,0.2,linear_srgb_unclipped,1.39371080517,0.0616239812103,0.0442157590956,22.6163707342,2,True,PASS
Canon 1DMarkIII,FL2,True,0.2,0.2,chromaticity,0.476444208439,0.031624320027,0.0663757045775,15.0657534465,2,True,PASS
Canon 1DMarkIII,FL2,True,0.2,0.35,camera_rgb_wb,1.33848117586,0.0307185143983,0.0229502774878,43.5724579161,2,True,PASS
Canon 1DMarkIII,FL2,True,0.2,0.35,linear_srgb_unclipped,1.32914393836,0.0517739534707,0.0389528567797,25.6720580381,2,True,PASS
Canon 1DMarkIII,FL2,True,0.2,0.35,chromaticity,0.474469949969,0.0278103223124,0.0586134534214,17.0609295584,2,True,PASS
Canon 1DMarkIII,FL2,True,0.2,0.5,camera_rgb_wb,1.27788832077,0.0266155735856,0.0208277774771,48.0128041074,2,True,PASS
Canon 1DMarkIII,FL2,True,0.2,0.5,linear_srgb_unclipped,1.27455548029,0.0445453170359,0.0349496885187,28.6125582912,2,True,PASS
Canon 1DMarkIII,FL2,True,0.2,0.5,chromaticity,0.472964818178,0.0249317633636,0.0527137799796,18.9703717014,2,True,PASS
Canon 1DMarkIII,FL2,True,0.2,0.65,camera_rgb_wb,1.2254602607,0.0234413843662,0.0191286369032,52.2776403286,2,True,PASS
Canon 1DMarkIII,FL2,True,0.2,0.65,linear_srgb_unclipped,1.22729735126,0.0389987224922,0.0317760992903,31.4701937096,2,True,PASS
Canon 1DMarkIII,FL2,True,0.2,0.65,chromaticity,0.471772011982,0.0226615787655,0.048035021557,20.8181440871,2,True,PASS
Canon 1DMarkIII,FL2,True,0.2,0.8,camera_rgb_wb,1.17930780686,0.0209065479422,0.0177278127225,56.4085381346,2,True,PASS
Canon 1DMarkIII,FL2,True,0.2,0.8,linear_srgb_unclipped,1.18567109053,0.0346000472931,0.0291818258616,34.2679037542,2,True,PASS
Canon 1DMarkIII,FL2,True,0.2,0.8,chromaticity,0.470798916806,0.0208121532817,0.0442060347608,22.6213458278,2,True,PASS
Canon 1DMarkIII,FL2,True,0.35,0.2,camera_rgb_wb,0.914946737876,0.0228606577375,0.0249857798177,40.0227652408,2,True,PASS
Canon 1DMarkIII,FL2,True,0.35,0.2,linear_srgb_unclipped,0.927249770794,0.0417994788357,0.0450789853524,22.1832854529,2,True,PASS
Canon 1DMarkIII,FL2,True,0.35,0.2,chromaticity,0.406792458913,0.0334508351607,0.082230716002,12.1609059074,2,True,PASS
Canon 1DMarkIII,FL2,True,0.35,0.35,camera_rgb_wb,0.871052225773,0.0192390357637,0.0220871208344,45.2752537327,2,True,PASS
Canon 1DMarkIII,FL2,True,0.35,0.35,linear_srgb_unclipped,0.888825388818,0.034875883678,0.0392381722178,25.4853868944,2,True,PASS
Canon 1DMarkIII,FL2,True,0.35,0.35,chromaticity,0.405667770747,0.0292459046185,0.0720932416313,13.8709257258,2,True,PASS
Canon 1DMarkIII,FL2,True,0.35,0.5,camera_rgb_wb,0.833828107908,0.01657777452,0.0198815251763,50.2979520502,2,True,PASS
Canon 1DMarkIII,FL2,True,0.35,0.5,linear_srgb_unclipped,0.856128197338,0.029833004506,0.0348464220648,28.697350854,2,True,PASS
Canon 1DMarkIII,FL2,True,0.35,0.5,chromaticity,0.404833937242,0.0260874917963,0.0644399824136,15.5183158428,2,True,PASS
Canon 1DMarkIII,FL2,True,0.35,0.65,camera_rgb_wb,0.801517640815,0.014532975929,0.018131822918,55.1516526783,2,True,PASS
Canon 1DMarkIII,FL2,True,0.35,0.65,linear_srgb_unclipped,0.827657440852,0.0259872662913,0.0313985774894,31.8485765903,2,True,PASS
Canon 1DMarkIII,FL2,True,0.35,0.65,chromaticity,0.404181482355,0.0236071888514,0.0584073983643,17.121118694,2,True,PASS
Canon 1DMarkIII,FL2,True,0.35,0.8,camera_rgb_wb,0.772994029596,0.0129092434985,0.0167003146263,59.8791114047,2,True,PASS
Canon 1DMarkIII,FL2,True,0.35,0.8,linear_srgb_unclipped,0.802448299931,0.0229533429423,0.0286041392876,34.9599751961,2,True,PASS
Canon 1DMarkIII,FL2,True,0.35,0.8,chromaticity,0.403648806224,0.0215945602604,0.0534983875275,18.6921521604,2,True,PASS
Canon 1DMarkIII,FL2,True,0.5,0.2,camera_rgb_wb,0.621368733151,0.0148957292605,0.0239724473824,41.7145560505,2,True,PASS
Canon 1DMarkIII,FL2,True,0.5,0.2,linear_srgb_unclipped,0.657593973439,0.0288527396678,0.0438762227654,22.7913876121,2,True,PASS
Canon 1DMarkIII,FL2,True,0.5,0.2,chromaticity,0.346572898024,0.0335421934345,0.0967825055732,10.33244587,2,True,PASS
Canon 1DMarkIII,FL2,True,0.5,0.35,camera_rgb_wb,0.593031060831,0.0124533300024,0.020999456563,47.6202799344,2,True,PASS
Canon 1DMarkIII,FL2,True,0.5,0.35,linear_srgb_unclipped,0.63262161837,0.023943103659,0.0378474319621,26.4218719252,2,True,PASS
Canon 1DMarkIII,FL2,True,0.5,0.35,chromaticity,0.345877317103,0.029203445515,0.0844329595233,11.8437160754,2,True,PASS
Canon 1DMarkIII,FL2,True,0.5,0.5,camera_rgb_wb,0.568938655997,0.0106718534579,0.018757476479,53.3120753807,2,True,PASS
Canon 1DMarkIII,FL2,True,0.5,0.5,linear_srgb_unclipped,0.611267945836,0.020386098593,0.033350511395,29.9845477077,2,True,PASS
Canon 1DMarkIII,FL2,True,0.5,0.5,chromaticity,0.34537559662,0.0259542441596,0.0751478807815,13.3070951516,2,True,PASS
Canon 1DMarkIII,FL2,True,0.5,0.65,camera_rgb_wb,0.547978500607,0.00931127809909,0.0169920500326,58.8510508199,2,True,PASS
Canon 1DMarkIII,FL2,True,0.5,0.65,linear_srgb_unclipped,0.592592675369,0.017685539102,0.0298443430657,33.5071875362,2,True,PASS
Canon 1DMarkIII,FL2,True,0.5,0.65,chromaticity,0.344981455659,0.0234098195515,0.067858196919,14.7366131934,2,True,PASS
Canon 1DMarkIII,FL2,True,0.5,0.8,camera_rgb_wb,0.529436356065,0.00823635869778,0.0155568438084,64.2803908247,2,True,PASS
Canon 1DMarkIII,FL2,True,0.5,0.8,linear_srgb_unclipped,0.575990603335,0.0155632532112,0.0270199776195,37.0096531567,2,True,PASS
Canon 1DMarkIII,FL2,True,0.5,0.8,chromaticity,0.344649921255,0.0213507492668,0.0619490908022,16.1422869497,2,True,PASS
Canon 1DMarkIII,FL2,True,0.65,0.2,camera_rgb_wb,0.436030551135,0.010243193393,0.0234919167162,42.5678335268,2,True,PASS
Canon 1DMarkIII,FL2,True,0.65,0.2,linear_srgb_unclipped,0.483850481351,0.0203991506325,0.0421600296345,23.719148413,2,True,PASS
Canon 1DMarkIII,FL2,True,0.65,0.2,chromaticity,0.297122767541,0.0320791990804,0.107966142567,9.26216289867,2,True,PASS
Canon 1DMarkIII,FL2,True,0.65,0.35,camera_rgb_wb,0.417035803262,0.00851778400144,0.0204245868935,48.9605985772,2,True,PASS
Canon 1DMarkIII,FL2,True,0.65,0.35,linear_srgb_unclipped,0.466691518233,0.016860854118,0.0361284777187,27.6789962695,2,True,PASS
Canon 1DMarkIII,FL2,True,0.65,0.35,chromaticity,0.296443936099,0.0278589549208,0.0939771455183,10.6408850203,2,True,PASS
Canon 1DMarkIII,FL2,True,0.65,0.5,camera_rgb_wb,0.400853141568,0.00726570870232,0.0181256124722,55.1705494937,2,True,PASS
Canon 1DMarkIII,FL2,True,0.65,0.5,linear_srgb_unclipped,0.45195942936,0.0143063398033,0.0316540354598,31.5915486122,2,True,PASS
Canon 1DMarkIII,FL2,True,0.65,0.5,chromaticity,0.295950260012,0.0247013750127,0.083464616695,11.9811249317,2,True,PASS
Canon 1DMarkIII,FL2,True,0.65,0.65,camera_rgb_wb,0.386747828174,0.00631359603553,0.0163248390181,61.2563467788,2,True,PASS
Canon 1DMarkIII,FL2,True,0.65,0.65,linear_srgb_unclipped,0.439028419007,0.0123727363951,0.0281820853945,35.4835345221,2,True,PASS
Canon 1DMarkIII,FL2,True,0.65,0.65,chromaticity,0.29555100722,0.0222316583298,0.0752210541891,13.2941502985,2,True,PASS
Canon 1DMarkIII,FL2,True,0.65,0.8,camera_rgb_wb,0.374248177308,0.00556421430158,0.0148677124939,67.2598424546,2,True,PASS
Canon 1DMarkIII,FL2,True,0.65,0.8,linear_srgb_unclipped,0.427495104009,0.010857246371,0.0253973584007,39.3741736532,2,True,PASS
Canon 1DMarkIII,FL2,True,0.65,0.8,chromaticity,0.295201577225,0.0202357691689,0.0685489873026,14.5881075615,2,True,PASS
Canon 1DMarkIII,FL2,True,0.8,0.2,camera_rgb_wb,0.312936390826,0.00738371823028,0.0235949491549,42.3819518929,2,True,PASS
Canon 1DMarkIII,FL2,True,0.8,0.2,linear_srgb_unclipped,0.362985398001,0.0146647940736,0.040400506892,24.7521646863,2,True,PASS
Canon 1DMarkIII,FL2,True,0.8,0.2,chromaticity,0.257666929879,0.0294364945558,0.114242423619,8.75331569766,2,True,PASS
Canon 1DMarkIII,FL2,True,0.8,0.35,camera_rgb_wb,0.299881185872,0.00611875097768,0.0204039175045,49.010196193,2,True,PASS
Canon 1DMarkIII,FL2,True,0.8,0.35,linear_srgb_unclipped,0.350830046713,0.012087867096,0.034455050841,29.0233209818,2,True,PASS
Canon 1DMarkIII,FL2,True,0.8,0.35,chromaticity,0.256690877694,0.0255391921773,0.0994939610116,10.0508612767,2,True,PASS
Canon 1DMarkIII,FL2,True,0.8,0.5,camera_rgb_wb,0.28873640628,0.00520332194407,0.0180210109668,55.4907825007,2,True,PASS
Canon 1DMarkIII,FL2,True,0.8,0.5,linear_srgb_unclipped,0.340353443787,0.0102315771404,0.0300616236656,33.2650029528,2,True,PASS
Canon 1DMarkIII,FL2,True,0.8,0.5,chromaticity,0.255963818927,0.0226195039726,0.0883699269196,11.3160668438,2,True,PASS
Canon 1DMarkIII,FL2,True,0.8,0.65,camera_rgb_wb,0.279004724801,0.0045089017071,0.0161606643412,61.8786442741,2,True,PASS
Canon 1DMarkIII,FL2,True,0.8,0.65,linear_srgb_unclipped,0.331126550272,0.00882926894145,0.0266643340264,37.5032805624,2,True,PASS
Canon 1DMarkIII,FL2,True,0.8,0.65,chromaticity,0.255367170375,0.0203347693186,0.0796295361254,12.5581542812,2,True,PASS
Canon 1DMarkIII,FL2,True,0.8,0.8,camera_rgb_wb,0.27036662875,0.00396354695981,0.0146598971113,68.2133027541,2,True,PASS
Canon 1DMarkIII,FL2,True,0.8,0.8,linear_srgb_unclipped,0.32287215744,0.00773217431021,0.0239480987507,41.7569682843,2,True,PASS
Canon 1DMarkIII,FL2,True,0.8,0.8,chromaticity,0.254843039515,0.0184883785008,0.0725481007288,13.7839583663,2,True,PASS
Canon 20D,FL2,True,0.2,0.2,camera_rgb_wb,1.4158503857,0.0388343185915,0.0274282643023,36.4587415732,2,True,PASS
Canon 20D,FL2,True,0.2,0.2,linear_srgb_unclipped,1.40338622443,0.0685685521857,0.0488593595917,20.4669076377,2,True,PASS
Canon 20D,FL2,True,0.2,0.2,chromaticity,0.460247816995,0.0333707340338,0.0725060126339,13.7919596413,2,True,PASS
Canon 20D,FL2,True,0.2,0.35,camera_rgb_wb,1.34443895509,0.0328034011941,0.0243993236508,40.9847426229,2,True,PASS
Canon 20D,FL2,True,0.2,0.35,linear_srgb_unclipped,1.3392472169,0.0574703431728,0.0429124230744,23.3032750974,2,True,PASS
Canon 20D,FL2,True,0.2,0.35,chromaticity,0.459118148112,0.0293186929468,0.0638587105897,15.6595708051,2,True,PASS
Canon 20D,FL2,True,0.2,0.5,camera_rgb_wb,1.28402600352,0.0283501709026,0.0220791252084,45.2916494906,2,True,PASS
Canon 20D,FL2,True,0.2,0.5,linear_srgb_unclipped,1.28493321786,0.0493449951505,0.0384027702488,26.039788107,2,True,PASS
Canon 20D,FL2,True,0.2,0.5,chromaticity,0.458293974043,0.0262631623813,0.0573063663693,17.4500681749,2,True,PASS
Canon 20D,FL2,True,0.2,0.65,camera_rgb_wb,1.23170396707,0.0249154026089,0.0202284016899,49.4354430631,2,True,PASS
Canon 20D,FL2,True,0.2,0.65,linear_srgb_unclipped,1.23785187642,0.0431224979726,0.0348365574219,28.7054770622,2,True,PASS
Canon 20D,FL2,True,0.2,0.65,chromaticity,0.457667426111,0.0238548954132,0.0521227731148,19.1854719203,2,True,PASS
Canon 20D,FL2,True,0.2,0.8,camera_rgb_wb,1.18560812694,0.0221794011605,0.018707193934,53.4553714216,2,True,PASS
Canon 20D,FL2,True,0.2,0.8,linear_srgb_unclipped,1.19633685331,0.0381962639585,0.031927683121,31.3207819124,2,True,PASS
Canon 20D,FL2,True,0.2,0.8,chromaticity,0.457175637621,0.0218940274921,0.0478897510944,20.8812945807,2,True,PASS
Canon 20D,FL2,True,0.35,0.2,camera_rgb_wb,0.920667447692,0.0245298296042,0.0266435287418,37.5325659635,2,True,PASS
Canon 20D,FL2,True,0.35,0.2,linear_srgb_unclipped,0.930308846188,0.0465934627692,0.0500838651166,19.966510126,2,True,PASS
Canon 20D,FL2,True,0.35,0.2,chromaticity,0.393948593603,0.0351241267137,0.0891591626014,11.2158971756,2,True,PASS
Canon 20D,FL2,True,0.35,0.35,camera_rgb_wb,0.87654219455,0.0206162502386,0.0235199746992,42.5170525389,2,True,PASS
Canon 20D,FL2,True,0.35,0.35,linear_srgb_unclipped,0.891915971093,0.0388575718583,0.0435664043673,22.9534664272,2,True,PASS
Canon 20D,FL2,True,0.35,0.35,chromaticity,0.393397076893,0.0307055202244,0.0780522327897,12.8119332947,2,True,PASS
Canon 20D,FL2,True,0.35,0.5,camera_rgb_wb,0.839116893911,0.0177438898113,0.021145909396,47.2904702877,2,True,PASS
Canon 20D,FL2,True,0.35,0.5,linear_srgb_unclipped,0.859250337011,0.0332227823929,0.0386648465085,25.8632864294,2,True,PASS
Canon 20D,FL2,True,0.35,0.5,chromaticity,0.393021691153,0.0273865281642,0.0696819762896,14.3509132956,2,True,PASS
Canon 20D,FL2,True,0.35,0.65,camera_rgb_wb,0.806627639776,0.0155390508084,0.0192642181375,51.9097111994,2,True,PASS
Canon 20D,FL2,True,0.35,0.65,linear_srgb_unclipped,0.830810386504,0.0289256527137,0.0348161905334,28.7222692856,2,True,PASS
Canon 20D,FL2,True,0.35,0.65,chromaticity,0.392748133113,0.0247798074358,0.0630933805833,15.8495232108,2,True,PASS
Canon 20D,FL2,True,0.35,0.8,camera_rgb_wb,0.777943135179,0.0137897500313,0.0177259100411,56.4145929704,2,True,PASS
Canon 20D,FL2,True,0.35,0.8,linear_srgb_unclipped,0.80563095263,0.025535883051,0.0316967501902,31.5489756521,2,True,PASS
Canon 20D,FL2,True,0.35,0.8,chromaticity,0.392535929513,0.0226643581342,0.0577383022296,17.3195255382,2,True,PASS
Canon 20D,FL2,True,0.5,0.2,camera_rgb_wb,0.625679608659,0.0159900077237,0.025556223189,39.1294125351,2,True,PASS
Canon 20D,FL2,True,0.5,0.2,linear_srgb_unclipped,0.657610401966,0.0321361607078,0.048868084525,20.4632534653,2,True,PASS
Canon 20D,FL2,True,0.5,0.2,chromaticity,0.335862930889,0.0352114114134,0.104838635571,9.5384682808,2,True,PASS
Canon 20D,FL2,True,0.5,0.35,camera_rgb_wb,0.597048319565,0.0133728044626,0.0223981946258,44.646455516,2,True,PASS
Canon 20D,FL2,True,0.5,0.35,linear_srgb_unclipped,0.632633347594,0.0266920740817,0.042192012456,23.7011685812,2,True,PASS
Canon 20D,FL2,True,0.5,0.35,chromaticity,0.33554723891,0.0306710007187,0.0914059099945,10.9402116347,2,True,PASS
Canon 20D,FL2,True,0.5,0.5,camera_rgb_wb,0.572718717003,0.0114620145475,0.0200133402441,49.9666716203,2,True,PASS
Canon 20D,FL2,True,0.5,0.5,linear_srgb_unclipped,0.611302279302,0.0227415729025,0.037201845425,26.8803869425,2,True,PASS
Canon 20D,FL2,True,0.5,0.5,chromaticity,0.335347830388,0.0272683219317,0.0813135480857,12.2980736119,2,True,PASS
Canon 20D,FL2,True,0.5,0.65,camera_rgb_wb,0.551560763477,0.0100015959168,0.0181332621518,55.1472753016,2,True,PASS
Canon 20D,FL2,True,0.5,0.65,linear_srgb_unclipped,0.5926649873,0.0197384552531,0.0333045745507,30.0259052545,2,True,PASS
Canon 20D,FL2,True,0.5,0.65,chromaticity,0.335202854994,0.0246019019085,0.0733940703128,13.6250789163,2,True,PASS
Canon 20D,FL2,True,0.5,0.8,camera_rgb_wb,0.532849966183,0.00884713924059,0.0166034339909,60.22850457,2,True,PASS
Canon 20D,FL2,True,0.5,0.8,linear_srgb_unclipped,0.576109760102,0.0173760203509,0.0301609546552,33.1554492035,2,True,PASS
Canon 20D,FL2,True,0.5,0.8,chromaticity,0.335081783522,0.0224428333616,0.0669771812891,14.9304581165,2,True,PASS
Canon 20D,FL2,True,0.65,0.2,camera_rgb_wb,0.439136905163,0.0109739694303,0.0249898592017,40.0162318615,2,True,PASS
Canon 20D,FL2,True,0.65,0.2,linear_srgb_unclipped,0.482985281493,0.0226726931095,0.0469428240948,21.3025104323,2,True,PASS
Canon 20D,FL2,True,0.65,0.2,chromaticity,0.287773824208,0.0337742213832,0.117363771622,8.5205169038,2,True,PASS
Canon 20D,FL2,True,0.65,0.35,camera_rgb_wb,0.419894160374,0.00914038715656,0.0217683121585,45.9383342502,2,True,PASS
Canon 20D,FL2,True,0.65,0.35,linear_srgb_unclipped,0.465832725133,0.018772074598,0.0402978871711,24.8151967808,2,True,PASS
Canon 20D,FL2,True,0.65,0.35,chromaticity,0.28735367557,0.0293554532333,0.102157918026,9.7887664444,2,True,PASS
Canon 20D,FL2,True,0.65,0.5,camera_rgb_wb,0.403515266848,0.00780674667977,0.0193468434063,51.688018505,2,True,PASS
Canon 20D,FL2,True,0.65,0.5,linear_srgb_unclipped,0.451132777192,0.0159492485819,0.0353537791716,28.2855192127,2,True,PASS
Canon 20D,FL2,True,0.65,0.5,chromaticity,0.287066185476,0.0260451736037,0.0907288107116,11.0218572486,2,True,PASS
Canon 20D,FL2,True,0.65,0.65,camera_rgb_wb,0.389249363893,0.0067907112225,0.0174456578543,57.3208536101,2,True,PASS
Canon 20D,FL2,True,0.65,0.65,linear_srgb_unclipped,0.438248056367,0.013808422551,0.0315082345498,31.7377350489,2,True,PASS
Canon 20D,FL2,True,0.65,0.65,chromaticity,0.28683749508,0.0234532058789,0.0817647841764,12.2302041163,2,True,PASS
Canon 20D,FL2,True,0.65,0.8,camera_rgb_wb,0.376615119277,0.00598978341855,0.0159042563932,62.8762499342,2,True,PASS
Canon 20D,FL2,True,0.65,0.8,linear_srgb_unclipped,0.426768922255,0.0121278629196,0.0284178680478,35.189128133,2,True,PASS
Canon 20D,FL2,True,0.65,0.8,chromaticity,0.286632830889,0.021356584386,0.0745085073465,13.4212861808,2,True,PASS
Canon 20D,FL2,True,0.8,0.2,camera_rgb_wb,0.315216657228,0.00788804198205,0.0250241914606,39.9613310813,2,True,PASS
Canon 20D,FL2,True,0.8,0.2,linear_srgb_unclipped,0.362101119478,0.0162721321994,0.0449380886278,22.2528378606,2,True,PASS
Canon 20D,FL2,True,0.8,0.2,chromaticity,0.249311388874,0.0311348425453,0.124883354451,8.00747228803,2,True,PASS
Canon 20D,FL2,True,0.8,0.35,camera_rgb_wb,0.301970684493,0.0065520344894,0.0216975846526,46.0880792038,2,True,PASS
Canon 20D,FL2,True,0.8,0.35,linear_srgb_unclipped,0.349960099366,0.0134405741626,0.0384060188202,26.0375855326,2,True,PASS
Canon 20D,FL2,True,0.8,0.35,chromaticity,0.248521658925,0.0270415677389,0.108809702365,9.19035690996,2,True,PASS
Canon 20D,FL2,True,0.8,0.5,camera_rgb_wb,0.290676381417,0.00558236626879,0.0192047466725,52.0704603427,2,True,PASS
Canon 20D,FL2,True,0.8,0.5,linear_srgb_unclipped,0.339517388861,0.0113953420893,0.0335633533455,29.7944007473,2,True,PASS
Canon 20D,FL2,True,0.8,0.5,chromaticity,0.247945261425,0.0239697787454,0.0966736714695,10.3440780183,2,True,PASS
Canon 20D,FL2,True,0.8,0.65,camera_rgb_wb,0.280823409476,0.00484503274504,0.0172529517894,57.9610962926,2,True,PASS
Canon 20D,FL2,True,0.8,0.65,linear_srgb_unclipped,0.330334870244,0.00984690619984,0.029808860907,33.5470718965,2,True,PASS
Canon 20D,FL2,True,0.8,0.65,chromaticity,0.247474987303,0.0215626220461,0.0871305107684,11.4770358992,2,True,PASS
Canon 20D,FL2,True,0.8,0.8,camera_rgb_wb,0.272084494654,0.00426480877468,0.0156745748415,63.7975836735,2,True,PASS
Canon 20D,FL2,True,0.8,0.8,linear_srgb_unclipped,0.322130471699,0.00863328797021,0.0268005939477,37.3126059053,2,True,PASS
Canon 20D,FL2,True,0.8,0.8,chromaticity,0.24705955063,0.0196150196017,0.079393893301,12.5954271597,2,True,PASS
Canon 300D,FL2,True,0.2,0.2,camera_rgb_wb,1.398468219,0.0335970264822,0.0240241615976,41.6247616359,2,True,PASS
Canon 300D,FL2,True,0.2,0.2,linear_srgb_unclipped,1.38746267976,0.0619677451634,0.0446626392675,22.3900785175,2,True,PASS
Canon 300D,FL2,True,0.2,0.2,chromaticity,0.480158226324,0.0292000795819,0.0608134526935,16.4437300582,2,True,PASS
Canon 300D,FL2,True,0.2,0.35,camera_rgb_wb,1.32683198835,0.0284872881202,0.0214701547524,46.576282823,2,True,PASS
Canon 300D,FL2,True,0.2,0.35,linear_srgb_unclipped,1.321779392,0.0521478679941,0.0394527773014,25.3467580333,2,True,PASS
Canon 300D,FL2,True,0.2,0.35,chromaticity,0.478146139329,0.0256767920241,0.0537007201608,18.6217241967,2,True,PASS
Canon 300D,FL2,True,0.2,0.5,camera_rgb_wb,1.26636322352,0.0246959881816,0.0195015045628,51.2780948147,2,True,PASS
Canon 300D,FL2,True,0.2,0.5,linear_srgb_unclipped,1.26632317488,0.044923951483,0.0354758977598,28.1881520454,2,True,PASS
Canon 300D,FL2,True,0.2,0.5,chromaticity,0.476611422886,0.023017982789,0.0482950715904,20.7060465399,2,True,PASS
Canon 300D,FL2,True,0.2,0.65,camera_rgb_wb,1.21408832381,0.0217606169118,0.0179234216202,55.7929184053,2,True,PASS
Canon 300D,FL2,True,0.2,0.65,linear_srgb_unclipped,1.2183691254,0.0393699392046,0.0323136382758,30.9466854665,2,True,PASS
Canon 300D,FL2,True,0.2,0.65,chromaticity,0.475393312712,0.0209209181917,0.0440075988287,22.7233483902,2,True,PASS
Canon 300D,FL2,True,0.2,0.8,camera_rgb_wb,1.16810465207,0.0194150497781,0.0166209848953,60.1649063698,2,True,PASS
Canon 300D,FL2,True,0.2,0.8,linear_srgb_unclipped,1.17617206316,0.034958030091,0.0297218673915,33.645261478,2,True,PASS
Canon 300D,FL2,True,0.2,0.8,chromaticity,0.474397329925,0.0192121993175,0.0404981185718,24.6925051154,2,True,PASS
Canon 300D,FL2,True,0.35,0.2,camera_rgb_wb,0.905963876796,0.0209762191941,0.0231534829714,43.1900462334,2,True,PASS
Canon 300D,FL2,True,0.35,0.2,linear_srgb_unclipped,0.92061203678,0.041324970326,0.0448885835455,22.2773792581,2,True,PASS
Canon 300D,FL2,True,0.35,0.2,chromaticity,0.411433632853,0.0306692444776,0.0745423855239,13.4151864469,2,True,PASS
Canon 300D,FL2,True,0.35,0.35,camera_rgb_wb,0.862337219379,0.0176636781677,0.0204834927344,48.8197990923,2,True,PASS
Canon 300D,FL2,True,0.35,0.35,linear_srgb_unclipped,0.881427434389,0.0345495345844,0.0391972534964,25.5119915504,2,True,PASS
Canon 300D,FL2,True,0.35,0.35,chromaticity,0.410247575171,0.0268108620914,0.0653528837561,15.3015435972,2,True,PASS
Canon 300D,FL2,True,0.35,0.5,camera_rgb_wb,0.825366225735,0.0152282401512,0.018450282646,54.1997116895,2,True,PASS
Canon 300D,FL2,True,0.35,0.5,linear_srgb_unclipped,0.848133299618,0.029603548004,0.0349043576256,28.6497179157,2,True,PASS
Canon 300D,FL2,True,0.35,0.5,chromaticity,0.409359494452,0.0239138139761,0.058417636088,17.1181182082,2,True,PASS
Canon 300D,FL2,True,0.35,0.65,camera_rgb_wb,0.793293467135,0.0133559736217,0.0168361069075,59.3961540808,2,True,PASS
Canon 300D,FL2,True,0.35,0.65,linear_srgb_unclipped,0.819179413882,0.0258241933862,0.0315244657624,31.7213940289,2,True,PASS
Canon 300D,FL2,True,0.35,0.65,chromaticity,0.408656831958,0.0216390244379,0.052951578796,18.885178171,2,True,PASS
Canon 300D,FL2,True,0.35,0.8,camera_rgb_wb,0.764992776306,0.0118685404009,0.0155145783967,64.4555059396,2,True,PASS
Canon 300D,FL2,True,0.35,0.8,linear_srgb_unclipped,0.793570869355,0.0228373580059,0.0287779691617,34.7488036554,2,True,PASS
Canon 300D,FL2,True,0.35,0.8,chromaticity,0.408076588376,0.0197931314836,0.0485034722583,20.6170806633,2,True,PASS
Canon 300D,FL2,True,0.5,0.2,camera_rgb_wb,0.615570901639,0.0135248982918,0.0219713086759,45.5139024604,2,True,PASS
Canon 300D,FL2,True,0.5,0.2,linear_srgb_unclipped,0.65239746917,0.0280162215412,0.0429434859348,23.2864188417,2,True,PASS
Canon 300D,FL2,True,0.5,0.2,chromaticity,0.351827326258,0.0305380605862,0.0867984329443,11.5209453222,2,True,PASS
Canon 300D,FL2,True,0.5,0.35,camera_rgb_wb,0.587450959443,0.0113106801292,0.0192538286769,51.9377219348,2,True,PASS
Canon 300D,FL2,True,0.5,0.35,linear_srgb_unclipped,0.626749250916,0.0233025028323,0.0371799452465,26.8962203513,2,True,PASS
Canon 300D,FL2,True,0.5,0.35,chromaticity,0.351022925994,0.0265902060887,0.0757506251576,13.2012111837,2,True,PASS
Canon 300D,FL2,True,0.5,0.5,camera_rgb_wb,0.563555444915,0.00969584342648,0.0172047728648,58.1234060955,2,True,PASS
Canon 300D,FL2,True,0.5,0.5,linear_srgb_unclipped,0.604863896975,0.0198804525333,0.0328676461477,30.4250567718,2,True,PASS
Canon 300D,FL2,True,0.5,0.5,chromaticity,0.350423995208,0.0236346051463,0.0674457385039,14.8267336407,2,True,PASS
Canon 300D,FL2,True,0.5,0.65,camera_rgb_wb,0.542774428945,0.00846243774775,0.0155910766913,64.1392522017,2,True,PASS
Canon 300D,FL2,True,0.5,0.65,linear_srgb_unclipped,0.585757615125,0.0172772786319,0.0294956107881,33.9033494572,2,True,PASS
Canon 300D,FL2,True,0.5,0.65,chromaticity,0.349940717214,0.0213201846312,0.0609251326936,16.4135875588,2,True,PASS
Canon 300D,FL2,True,0.5,0.8,camera_rgb_wb,0.524396258776,0.0074878235041,0.0142789415042,70.0332023703,2,True,PASS
Canon 300D,FL2,True,0.5,0.8,linear_srgb_unclipped,0.568798726498,0.0152277859125,0.0267718354544,37.3526873681,2,True,PASS
Canon 300D,FL2,True,0.5,0.8,chromaticity,0.349526212499,0.0194470659488,0.0556383620265,17.9732106334,2,True,PASS
Canon 300D,FL2,True,0.65,0.2,camera_rgb_wb,0.432746313255,0.00923919303813,0.0213501369166,46.8381071235,2,True,PASS
Canon 300D,FL2,True,0.65,0.2,linear_srgb_unclipped,0.479892179421,0.0195432789758,0.0407243122806,24.5553563461,2,True,PASS
Canon 300D,FL2,True,0.65,0.2,chromaticity,0.302375034905,0.0290764376594,0.0961601795883,10.3993150209,2,True,PASS
Canon 300D,FL2,True,0.65,0.35,camera_rgb_wb,0.413878509863,0.00768218070191,0.0185614389702,53.8751333667,2,True,PASS
Canon 300D,FL2,True,0.65,0.35,linear_srgb_unclipped,0.462140368537,0.0161917684897,0.0350364728814,28.5416857851,2,True,PASS
Canon 300D,FL2,True,0.65,0.35,chromaticity,0.301557645328,0.0252595472509,0.0837635776849,11.9383630408,2,True,PASS
Canon 300D,FL2,True,0.65,0.5,camera_rgb_wb,0.397810212289,0.00655312639339,0.0164729968989,60.7054081378,2,True,PASS
Canon 300D,FL2,True,0.65,0.5,linear_srgb_unclipped,0.446941891697,0.0137676706199,0.0308041624105,32.4631452942,2,True,PASS
Canon 300D,FL2,True,0.65,0.5,chromaticity,0.300938472679,0.0224042856017,0.0744480604365,13.4321833791,2,True,PASS
Canon 300D,FL2,True,0.65,0.65,camera_rgb_wb,0.383808536141,0.00569487969191,0.0148378140548,67.3953721421,2,True,PASS
Canon 300D,FL2,True,0.65,0.65,linear_srgb_unclipped,0.433632845626,0.0119294142598,0.0275104028214,36.3498857684,2,True,PASS
Canon 300D,FL2,True,0.65,0.65,chromaticity,0.300424149676,0.0201708231374,0.0671411508,14.8939955316,2,True,PASS
Canon 300D,FL2,True,0.65,0.8,camera_rgb_wb,0.37140337956,0.00501949365845,0.0135149380288,73.9922001763,2,True,PASS
Canon 300D,FL2,True,0.65,0.8,linear_srgb_unclipped,0.42178662943,0.0104860944584,0.0248611352916,40.223424565,2,True,PASS
Canon 300D,FL2,True,0.65,0.8,chromaticity,0.299968278089,0.0183654395365,0.06122460566,16.3333024234,2,True,PASS
Canon 300D,FL2,True,0.8,0.2,camera_rgb_wb,0.311396798495,0.00665164572988,0.0213606747469,46.8150005488,2,True,PASS
Canon 300D,FL2,True,0.8,0.2,linear_srgb_unclipped,0.359925179273,0.0139413204479,0.0387339404153,25.8171512962,2,True,PASS
Canon 300D,FL2,True,0.8,0.2,chromaticity,0.262286305584,0.0266707901374,0.101685789801,9.83421579312,2,True,PASS
Canon 300D,FL2,True,0.8,0.35,camera_rgb_wb,0.298391011829,0.0055102455252,0.018466526493,54.152035597,2,True,PASS
Canon 300D,FL2,True,0.8,0.35,linear_srgb_unclipped,0.347271800104,0.0115181874453,0.0331676440236,30.1498653112,2,True,PASS
Canon 300D,FL2,True,0.8,0.35,chromaticity,0.261180608185,0.023150127566,0.0886364716236,11.2820375369,2,True,PASS
Canon 300D,FL2,True,0.8,0.5,camera_rgb_wb,0.28729234394,0.00468506212677,0.0163076469861,61.3209251374,2,True,PASS
Canon 300D,FL2,True,0.8,0.5,linear_srgb_unclipped,0.336403278204,0.00976975129191,0.0290417838497,34.4331465717,2,True,PASS
Canon 300D,FL2,True,0.8,0.5,chromaticity,0.260330395312,0.020513323557,0.0787972665749,12.69079555,2,True,PASS
Canon 300D,FL2,True,0.8,0.65,camera_rgb_wb,0.27760336124,0.00405947157111,0.0146232796065,68.3841126554,2,True,PASS
Canon 300D,FL2,True,0.8,0.65,linear_srgb_unclipped,0.326858688446,0.00844664700901,0.0258418922537,38.6968566459,2,True,PASS
Canon 300D,FL2,True,0.8,0.65,chromaticity,0.259618271395,0.0184497717407,0.0710649972423,14.0716251151,2,True,PASS
Canon 300D,FL2,True,0.8,0.8,camera_rgb_wb,0.269004763103,0.00356834546478,0.0132649898969,75.3864124866,2,True,PASS
Canon 300D,FL2,True,0.8,0.8,linear_srgb_unclipped,0.31834135432,0.00740976657019,0.0232761671383,42.9623998685,2,True,PASS
Canon 300D,FL2,True,0.8,0.8,chromaticity,0.258986217001,0.0167816716135,0.0647975471738,15.4326829273,2,True,PASS
Canon 40D,FL2,True,0.2,0.2,camera_rgb_wb,1.41122603562,0.0334402599173,0.0236958921344,42.2014074984,2,True,PASS
Canon 40D,FL2,True,0.2,0.2,linear_srgb_unclipped,1.39397178077,0.0636661611902,0.045672489263,21.8950185579,2,True,PASS
Canon 40D,FL2,True,0.2,0.2,chromaticity,0.439334805186,0.0293041457205,0.0667011704389,14.9922406671,2,True,PASS
Canon 40D,FL2,True,0.2,0.35,camera_rgb_wb,1.34001743102,0.0283185817029,0.0211329950247,47.3193694897,2,True,PASS
Canon 40D,FL2,True,0.2,0.35,linear_srgb_unclipped,1.32938760315,0.0534971470445,0.0402419481854,24.8496915555,2,True,PASS
Canon 40D,FL2,True,0.2,0.35,chromaticity,0.437818337534,0.0257988478584,0.0589259189181,16.9704608492,2,True,PASS
Canon 40D,FL2,True,0.2,0.5,camera_rgb_wb,1.27979614959,0.0245224915346,0.0191612480961,52.1886671989,2,True,PASS
Canon 40D,FL2,True,0.2,0.5,linear_srgb_unclipped,1.27477558146,0.0460244971029,0.0361039996155,27.6977623158,2,True,PASS
Canon 40D,FL2,True,0.2,0.5,chromaticity,0.436686485492,0.0231472090617,0.0530064699291,18.8656215239,2,True,PASS
Canon 40D,FL2,True,0.2,0.65,camera_rgb_wb,1.22765320294,0.0215864754573,0.0175835288056,56.8714056805,2,True,PASS
Canon 40D,FL2,True,0.2,0.65,linear_srgb_unclipped,1.22749309609,0.0402860024985,0.0328197385605,30.4694687971,2,True,PASS
Canon 40D,FL2,True,0.2,0.65,chromaticity,0.435806606713,0.021052615742,0.0483072432076,20.7008293912,2,True,PASS
Canon 40D,FL2,True,0.2,0.8,camera_rgb_wb,1.18172415483,0.0192426617915,0.0162835478253,61.4116782611,2,True,PASS
Canon 40D,FL2,True,0.2,0.8,linear_srgb_unclipped,1.18584429677,0.0357328821565,0.0301328616698,33.1863601592,2,True,PASS
Canon 40D,FL2,True,0.2,0.8,chromaticity,0.435101199567,0.0193442474077,0.044459191165,22.492536949,2,True,PASS
Canon 40D,FL2,True,0.35,0.2,camera_rgb_wb,0.921947594074,0.0211924048775,0.0229865612901,43.50367971,2,True,PASS
Canon 40D,FL2,True,0.35,0.2,linear_srgb_unclipped,0.926697900962,0.0435523611544,0.0469973667893,21.2777878489,2,True,PASS
Canon 40D,FL2,True,0.35,0.2,chromaticity,0.374482341045,0.0308195358815,0.0822990365728,12.1508105276,2,True,PASS
Canon 40D,FL2,True,0.35,0.35,camera_rgb_wb,0.877849131559,0.0178322180348,0.0203135338337,49.228263688,2,True,PASS
Canon 40D,FL2,True,0.35,0.35,linear_srgb_unclipped,0.888168849319,0.0363789036529,0.0409594455838,24.4143929623,2,True,PASS
Canon 40D,FL2,True,0.35,0.35,chromaticity,0.37368603247,0.0269824290217,0.0722061481491,13.8492361888,2,True,PASS
Canon 40D,FL2,True,0.35,0.5,camera_rgb_wb,0.840443225446,0.0153613731613,0.0182777047826,54.7114646994,2,True,PASS
Canon 40D,FL2,True,0.35,0.5,linear_srgb_unclipped,0.855405214713,0.0311412037564,0.0364052068199,27.4685982406,2,True,PASS
Canon 40D,FL2,True,0.35,0.5,chromaticity,0.373123115035,0.0240929280814,0.0645709877265,15.4868313961,2,True,PASS
Canon 40D,FL2,True,0.35,0.65,camera_rgb_wb,0.807968072207,0.0134622470952,0.0166618552865,60.0173259704,2,True,PASS
Canon 40D,FL2,True,0.35,0.65,linear_srgb_unclipped,0.826893846034,0.0271398403277,0.0328214322284,30.4678964965,2,True,PASS
Canon 40D,FL2,True,0.35,0.65,chromaticity,0.372700383476,0.0218195953927,0.0585446014013,17.0809942516,2,True,PASS
Canon 40D,FL2,True,0.35,0.8,camera_rgb_wb,0.779293718001,0.0119539949438,0.0153395243253,65.1910697356,2,True,PASS
Canon 40D,FL2,True,0.35,0.8,linear_srgb_unclipped,0.801662509924,0.0239789910066,0.0299115783883,33.4318699942,2,True,PASS
Canon 40D,FL2,True,0.35,0.8,chromaticity,0.372366461143,0.0199723498879,0.0536362749388,18.644098628,2,True,PASS
Canon 40D,FL2,True,0.5,0.2,camera_rgb_wb,0.628228968748,0.0140192310646,0.0223154801226,44.8119419571,2,True,PASS
Canon 40D,FL2,True,0.5,0.2,linear_srgb_unclipped,0.656680569365,0.0303397387729,0.0462016697133,21.644239401,2,True,PASS
Canon 40D,FL2,True,0.5,0.2,chromaticity,0.319124045485,0.0307507155727,0.0963597573035,10.3777762417,2,True,PASS
Canon 40D,FL2,True,0.5,0.35,camera_rgb_wb,0.599574637623,0.0117272984389,0.0195593637607,51.1264073942,2,True,PASS
Canon 40D,FL2,True,0.5,0.35,linear_srgb_unclipped,0.631636355165,0.025228813436,0.0399419907193,25.0363084561,2,True,PASS
Canon 40D,FL2,True,0.5,0.35,chromaticity,0.318653611471,0.0268164495797,0.0841554861277,11.8827666028,2,True,PASS
Canon 40D,FL2,True,0.5,0.5,camera_rgb_wb,0.575216458119,0.010052702383,0.0174763817014,57.2200823425,2,True,PASS
Canon 40D,FL2,True,0.5,0.5,linear_srgb_unclipped,0.610249639597,0.0215133770461,0.0352534039353,28.3660551428,2,True,PASS
Canon 40D,FL2,True,0.5,0.5,chromaticity,0.318342685951,0.0238616229147,0.0749557755454,13.3412000973,2,True,PASS
Canon 40D,FL2,True,0.5,0.65,camera_rgb_wb,0.554027278904,0.00877225567646,0.0158336168822,63.1567637034,2,True,PASS
Canon 40D,FL2,True,0.5,0.65,linear_srgb_unclipped,0.591566074059,0.0186852374079,0.0315860530671,31.6595428329,2,True,PASS
Canon 40D,FL2,True,0.5,0.65,chromaticity,0.318114334943,0.0215427845541,0.0677202571143,14.7666302907,2,True,PASS
Canon 40D,FL2,True,0.5,0.8,camera_rgb_wb,0.535284096227,0.00775980213712,0.0144966050585,68.981668188,2,True,PASS
Canon 40D,FL2,True,0.5,0.8,linear_srgb_unclipped,0.574972329053,0.0164581660247,0.0286242749314,34.9353827266,2,True,PASS
Canon 40D,FL2,True,0.5,0.8,chromaticity,0.317929524402,0.0196632186823,0.061847727792,16.1687427445,2,True,PASS
Canon 40D,FL2,True,0.65,0.2,camera_rgb_wb,0.441399825314,0.00984103572356,0.022295060304,44.8529847583,2,True,PASS
Canon 40D,FL2,True,0.65,0.2,linear_srgb_unclipped,0.482997033916,0.0216455696015,0.0448151191032,22.3138980775,2,True,PASS
Canon 40D,FL2,True,0.65,0.2,chromaticity,0.274075863239,0.0292874794231,0.10685902464,9.358123971,2,True,PASS
Canon 40D,FL2,True,0.65,0.35,camera_rgb_wb,0.422132214928,0.0081966389937,0.0194172316252,51.5006474303,2,True,PASS
Canon 40D,FL2,True,0.65,0.35,linear_srgb_unclipped,0.465807255778,0.0179404195527,0.0385146846258,25.9641227682,2,True,PASS
Canon 40D,FL2,True,0.65,0.35,chromaticity,0.273561487657,0.0254814246556,0.0931469735519,10.7357218584,2,True,PASS
Canon 40D,FL2,True,0.65,0.5,camera_rgb_wb,0.405723516536,0.00699997117444,0.0172530575358,57.960741041,2,True,PASS
Canon 40D,FL2,True,0.65,0.5,linear_srgb_unclipped,0.45107425769,0.0152547026409,0.033818606096,29.5695214984,2,True,PASS
Canon 40D,FL2,True,0.65,0.5,chromaticity,0.273212536739,0.022624377777,0.0828087101967,12.0760243412,2,True,PASS
Canon 40D,FL2,True,0.65,0.65,camera_rgb_wb,0.39142566739,0.00608805844663,0.0155535493807,64.2940061797,2,True,PASS
Canon 40D,FL2,True,0.65,0.65,linear_srgb_unclipped,0.438160617673,0.0132154209403,0.0301611336282,33.1552524625,2,True,PASS
Canon 40D,FL2,True,0.65,0.65,chromaticity,0.272943253492,0.020384282556,0.0746832255246,13.3898876619,2,True,PASS
Canon 40D,FL2,True,0.65,0.8,camera_rgb_wb,0.378758738459,0.00536912709297,0.0141755860599,70.5438206065,2,True,PASS
Canon 40D,FL2,True,0.65,0.8,linear_srgb_unclipped,0.426656370623,0.0116130692122,0.0272187877922,36.7393290118,2,True,PASS
Canon 40D,FL2,True,0.65,0.8,chromaticity,0.272712215169,0.0185705797104,0.0680958852498,14.6851751223,2,True,PASS
Canon 40D,FL2,True,0.8,0.2,camera_rgb_wb,0.316878544401,0.00723454518884,0.0228306564666,43.8007554213,2,True,PASS
Canon 40D,FL2,True,0.8,0.2,linear_srgb_unclipped,0.362366917685,0.0156936814131,0.043308813932,23.0899881389,2,True,PASS
Canon 40D,FL2,True,0.8,0.2,chromaticity,0.238385304133,0.0267852826292,0.112361299815,8.8998614438,2,True,PASS
Canon 40D,FL2,True,0.8,0.35,camera_rgb_wb,0.30361736937,0.00601073429763,0.019797069944,50.5125254812,2,True,PASS
Canon 40D,FL2,True,0.8,0.35,linear_srgb_unclipped,0.350210385611,0.0129772362825,0.0370555437979,26.9865153094,2,True,PASS
Canon 40D,FL2,True,0.8,0.35,chromaticity,0.2375524263,0.0232861530063,0.0980253216901,10.2014457362,2,True,PASS
Canon 40D,FL2,True,0.8,0.5,camera_rgb_wb,0.29230338474,0.00512181461471,0.0175222555814,57.0702781589,2,True,PASS
Canon 40D,FL2,True,0.8,0.5,linear_srgb_unclipped,0.339753266966,0.0110119604325,0.0324116395726,30.8531136711,2,True,PASS
Canon 40D,FL2,True,0.8,0.5,chromaticity,0.236954626309,0.020655077339,0.0871689135628,11.4719796213,2,True,PASS
Canon 40D,FL2,True,0.8,0.65,camera_rgb_wb,0.282428638482,0.00444555619437,0.0157404582562,63.5305518889,2,True,PASS
Canon 40D,FL2,True,0.8,0.65,linear_srgb_unclipped,0.330557906969,0.00952223349149,0.028806551865,34.714324876,2,True,PASS
Canon 40D,FL2,True,0.8,0.65,chromaticity,0.236476767262,0.0185905551032,0.0786147210928,12.7202639162,2,True,PASS
Canon 40D,FL2,True,0.8,0.8,camera_rgb_wb,0.273667068068,0.003913221736,0.0142992058329,69.9339537933,2,True,PASS
Canon 40D,FL2,True,0.8,0.8,linear_srgb_unclipped,0.322342308589,0.00835348908801,0.0259149632717,38.5877452156,2,True,PASS
Canon 40D,FL2,True,0.8,0.8,chromaticity,0.236063020999,0.0169186234198,0.0716699436798,13.9528503674,2,True,PASS
Canon 500D,FL2,True,0.2,0.2,camera_rgb_wb,1.39381790632,0.0257455432756,0.0184712387169,54.1382207943,2,True,PASS
Canon 500D,FL2,True,0.2,0.2,linear_srgb_unclipped,1.36917518209,0.0581986264186,0.0425063404448,23.5259020074,2,True,PASS
Canon 500D,FL2,True,0.2,0.2,chromaticity,0.348239713633,0.0186803803074,0.0536423032068,18.642003423,2,True,PASS
Canon 500D,FL2,True,0.2,0.35,camera_rgb_wb,1.32104039407,0.0218870494079,0.0165680394833,60.3571714691,2,True,PASS
Canon 500D,FL2,True,0.2,0.35,linear_srgb_unclipped,1.30244163427,0.0491504590076,0.0377371681882,26.4990736722,2,True,PASS
Canon 500D,FL2,True,0.2,0.35,chromaticity,0.346991115114,0.0166069860655,0.0478599749161,20.8942859195,2,True,PASS
Canon 500D,FL2,True,0.2,0.5,camera_rgb_wb,1.25961526036,0.0190080523145,0.0150903636314,66.267455472,2,True,PASS
Canon 500D,FL2,True,0.2,0.5,linear_srgb_unclipped,1.24622657331,0.0424541549762,0.0340661609097,29.3546432382,2,True,PASS
Canon 500D,FL2,True,0.2,0.5,chromaticity,0.3460881361,0.0150240112322,0.0434109397724,23.0356680884,2,True,PASS
Canon 500D,FL2,True,0.2,0.65,camera_rgb_wb,1.20651508502,0.0167704285439,0.0138998913085,71.9430086036,2,True,PASS
Canon 500D,FL2,True,0.2,0.65,linear_srgb_unclipped,1.19771161486,0.0372832990113,0.0311287780369,32.1246146834,2,True,PASS
Canon 500D,FL2,True,0.2,0.65,chromaticity,0.345413653457,0.0137634735185,0.0398463505447,25.0964012094,2,True,PASS
Canon 500D,FL2,True,0.2,0.8,camera_rgb_wb,1.15980607003,0.0149773641878,0.0129136797735,77.4372616896,2,True,PASS
Canon 500D,FL2,True,0.2,0.8,linear_srgb_unclipped,1.15509594192,0.0331618856072,0.0287092044943,34.8320344507,2,True,PASS
Canon 500D,FL2,True,0.2,0.8,chromaticity,0.344898445352,0.0127278213636,0.0369030986805,27.0979954463,2,True,PASS
Canon 500D,FL2,True,0.35,0.2,camera_rgb_wb,0.91397703441,0.0152788822632,0.0167169214192,59.8196267676,2,True,PASS
Canon 500D,FL2,True,0.35,0.2,linear_srgb_unclipped,0.909282023999,0.038847701709,0.0427234902744,23.4063273758,2,True,PASS
Canon 500D,FL2,True,0.35,0.2,chromaticity,0.293370601092,0.0200441981498,0.0683238132083,14.6361854388,2,True,PASS
Canon 500D,FL2,True,0.35,0.35,camera_rgb_wb,0.868107427341,0.0129244144213,0.0148880357595,67.1680278147,2,True,PASS
Canon 500D,FL2,True,0.35,0.35,linear_srgb_unclipped,0.869389319806,0.0325909048514,0.0374871235578,26.675826393,2,True,PASS
Canon 500D,FL2,True,0.35,0.35,chromaticity,0.292968317308,0.0176907662322,0.0603845712559,16.5605216565,2,True,PASS
Canon 500D,FL2,True,0.35,0.5,camera_rgb_wb,0.829297977367,0.0111802563286,0.0134815912178,74.1752204056,2,True,PASS
Canon 500D,FL2,True,0.35,0.5,linear_srgb_unclipped,0.835590250513,0.0279981159446,0.0335069921261,29.8445171156,2,True,PASS
Canon 500D,FL2,True,0.35,0.5,chromaticity,0.292744714249,0.0159061541225,0.054334556179,18.4044937572,2,True,PASS
Canon 500D,FL2,True,0.35,0.65,camera_rgb_wb,0.795674700662,0.00983195779506,0.0123567555772,80.9273918021,2,True,PASS
Canon 500D,FL2,True,0.35,0.65,linear_srgb_unclipped,0.806269111004,0.0244742020004,0.0303548798613,32.9436322782,2,True,PASS
Canon 500D,FL2,True,0.35,0.65,chromaticity,0.29262743499,0.0144932914687,0.0495281362431,20.1905437163,2,True,PASS
Canon 500D,FL2,True,0.35,0.8,camera_rgb_wb,0.766040016074,0.00875617086826,0.0114304353357,87.4857317884,2,True,PASS
Canon 500D,FL2,True,0.35,0.8,linear_srgb_unclipped,0.780391926353,0.0216802618732,0.0277812482947,35.995502772,2,True,PASS
Canon 500D,FL2,True,0.35,0.8,chromaticity,0.292576258546,0.0133385953693,0.045590149507,21.9345628565,2,True,PASS
Canon 500D,FL2,True,0.5,0.2,camera_rgb_wb,0.620953630542,0.00942063703361,0.0151712407662,65.9141869415,2,True,PASS
Canon 500D,FL2,True,0.5,0.2,linear_srgb_unclipped,0.644943890441,0.0266095090752,0.0412586419836,24.2373464545,2,True,PASS
Canon 500D,FL2,True,0.5,0.2,chromaticity,0.248380607871,0.0202574398721,0.0815580573935,12.2612042508,2,True,PASS
Canon 500D,FL2,True,0.5,0.35,camera_rgb_wb,0.590826346483,0.00792605644509,0.0134152048098,74.5422834894,2,True,PASS
Canon 500D,FL2,True,0.5,0.35,linear_srgb_unclipped,0.618888173414,0.0222122209397,0.0358905241591,27.8625075401,2,True,PASS
Canon 500D,FL2,True,0.5,0.35,chromaticity,0.248408278423,0.0177894365015,0.0716137023066,13.9638081511,2,True,PASS
Canon 500D,FL2,True,0.5,0.5,camera_rgb_wb,0.565295978428,0.00682669557411,0.0120763207853,82.8066774461,2,True,PASS
Canon 500D,FL2,True,0.5,0.5,linear_srgb_unclipped,0.59672363669,0.0190023455892,0.031844466049,31.4026304747,2,True,PASS
Canon 500D,FL2,True,0.5,0.5,chromaticity,0.248523416445,0.0159255651894,0.064080743043,15.6053121814,2,True,PASS
Canon 500D,FL2,True,0.5,0.65,camera_rgb_wb,0.543145151248,0.00598144656144,0.0110126115417,90.8049826525,2,True,PASS
Canon 500D,FL2,True,0.5,0.65,linear_srgb_unclipped,0.577424261872,0.0165503911613,0.0286624450238,34.8888588943,2,True,PASS
Canon 500D,FL2,True,0.5,0.65,chromaticity,0.2486765329,0.014455352115,0.0581291364584,17.2030768204,2,True,PASS
Canon 500D,FL2,True,0.5,0.8,camera_rgb_wb,0.523595981878,0.005309976214,0.0101413616563,98.6060880079,2,True,PASS
Canon 500D,FL2,True,0.5,0.8,linear_srgb_unclipped,0.560333299745,0.0146135423447,0.0260800890316,38.3434273859,2,True,PASS
Canon 500D,FL2,True,0.5,0.8,chromaticity,0.248843095545,0.0132579009276,0.0532781546484,18.7694188472,2,True,PASS
Canon 500D,FL2,True,0.65,0.2,camera_rgb_wb,0.433079937299,0.00630035910968,0.0145477972242,68.7389289658,2,True,PASS
Canon 500D,FL2,True,0.65,0.2,linear_srgb_unclipped,0.474984345333,0.0188943537121,0.0397788977632,25.1389569905,2,True,PASS
Canon 500D,FL2,True,0.65,0.2,chromaticity,0.212777211136,0.0194677421791,0.0914935489337,10.9297323325,2,True,PASS
Canon 500D,FL2,True,0.65,0.35,camera_rgb_wb,0.412712633122,0.00527488603147,0.012781014217,78.2410521592,2,True,PASS
Canon 500D,FL2,True,0.65,0.35,linear_srgb_unclipped,0.457012634435,0.015714291327,0.0343848072087,29.0826118038,2,True,PASS
Canon 500D,FL2,True,0.65,0.35,chromaticity,0.212879333219,0.0170433227911,0.0800609553467,12.4904829785,2,True,PASS
Canon 500D,FL2,True,0.65,0.5,camera_rgb_wb,0.395432311492,0.00452480488184,0.0114426786844,87.3921244824,2,True,PASS
Canon 500D,FL2,True,0.65,0.5,linear_srgb_unclipped,0.441674058553,0.0134012897765,0.0303420350753,32.9575784062,2,True,PASS
Canon 500D,FL2,True,0.65,0.5,chromaticity,0.213048638503,0.0152152289195,0.0714166916362,14.0023288266,2,True,PASS
Canon 500D,FL2,True,0.65,0.65,camera_rgb_wb,0.380422634155,0.00395066081597,0.0103849257675,96.2934182091,2,True,PASS
Canon 500D,FL2,True,0.65,0.65,linear_srgb_unclipped,0.428277620126,0.0116396603839,0.0271778394129,36.7946835216,2,True,PASS
Canon 500D,FL2,True,0.65,0.65,chromaticity,0.21323697392,0.013775679747,0.0646026788587,15.4792342619,2,True,PASS
Canon 500D,FL2,True,0.65,0.8,camera_rgb_wb,0.367162052588,0.00349622516627,0.00952229442456,105.016706627,2,True,PASS
Canon 500D,FL2,True,0.65,0.8,linear_srgb_unclipped,0.416380768014,0.0102516576608,0.024620872164,40.6159454198,2,True,PASS
Canon 500D,FL2,True,0.65,0.8,chromaticity,0.213422619833,0.0126052905474,0.0590625799516,16.9311940118,2,True,PASS
Canon 500D,FL2,True,0.8,0.2,camera_rgb_wb,0.307893033432,0.00457790890451,0.0148685043422,67.2562604138,2,True,PASS
Canon 500D,FL2,True,0.8,0.2,linear_srgb_unclipped,0.356740655961,0.0137468434388,0.0385345578337,25.9507324391,2,True,PASS
Canon 500D,FL2,True,0.8,0.2,chromaticity,0.185099116705,0.0179345964898,0.0968918534516,10.3207851267,2,True,PASS
Canon 500D,FL2,True,0.8,0.35,camera_rgb_wb,0.293848556887,0.00382107673814,0.0130035579505,76.902029722,2,True,PASS
Canon 500D,FL2,True,0.8,0.35,linear_srgb_unclipped,0.343976684532,0.0114036668306,0.0331524412654,30.1636911742,2,True,PASS
Canon 500D,FL2,True,0.8,0.35,chromaticity,0.185021603516,0.0156792677813,0.0847429029003,11.8003982136,2,True,PASS
Canon 500D,FL2,True,0.8,0.5,camera_rgb_wb,0.281919154562,0.00326911131962,0.0115959177187,86.2372452322,2,True,PASS
Canon 500D,FL2,True,0.8,0.5,linear_srgb_unclipped,0.333047109909,0.0097032384582,0.0291347325033,34.3232943665,2,True,PASS
Canon 500D,FL2,True,0.8,0.5,chromaticity,0.185045685773,0.0139772699073,0.0755341571402,13.2390436044,2,True,PASS
Canon 500D,FL2,True,0.8,0.65,camera_rgb_wb,0.271546353848,0.00284763497684,0.0104867361925,95.3585540479,2,True,PASS
Canon 500D,FL2,True,0.8,0.65,linear_srgb_unclipped,0.323473503589,0.00841068179613,0.0260011460068,38.45984326,2,True,PASS
Canon 500D,FL2,True,0.8,0.65,chromaticity,0.185107405324,0.0126368246381,0.0682675261748,14.6482530719,2,True,PASS
Canon 500D,FL2,True,0.8,0.8,camera_rgb_wb,0.262373322465,0.00251472267037,0.00958452119579,104.334893687,2,True,PASS
Canon 500D,FL2,True,0.8,0.8,linear_srgb_unclipped,0.314948997577,0.00739403973009,0.0234769432098,42.5949831315,2,True,PASS
Canon 500D,FL2,True,0.8,0.8,chromaticity,0.185177708642,0.0115473109536,0.0623579967496,16.0364356157,2,True,PASS
Canon 50D,FL2,True,0.2,0.2,camera_rgb_wb,1.39713875585,0.0252272132991,0.0180563406415,55.3822072731,2,True,PASS
Canon 50D,FL2,True,0.2,0.2,linear_srgb_unclipped,1.3753219621,0.0577324450935,0.0419774036076,23.8223404513,2,True,PASS
Canon 50D,FL2,True,0.2,0.2,chromaticity,0.354494862396,0.0206531541092,0.0582607995208,17.1641997402,2,True,PASS
Canon 50D,FL2,True,0.2,0.35,camera_rgb_wb,1.32520533476,0.0214454815527,0.0161827612599,61.7941514394,2,True,PASS
Canon 50D,FL2,True,0.2,0.35,linear_srgb_unclipped,1.30940247396,0.0486795483424,0.0371769179535,26.8984104936,2,True,PASS
Canon 50D,FL2,True,0.2,0.35,chromaticity,0.352959576948,0.0182804246364,0.0517918363186,19.3080622561,2,True,PASS
Canon 50D,FL2,True,0.2,0.5,camera_rgb_wb,1.26445041709,0.018625162214,0.0147298478155,67.8893639991,2,True,PASS
Canon 50D,FL2,True,0.2,0.5,linear_srgb_unclipped,1.25383737919,0.0419951799143,0.033493322668,29.8566974054,2,True,PASS
Canon 50D,FL2,True,0.2,0.5,chromaticity,0.351815976987,0.0164761409423,0.0468317018556,21.3530570186,2,True,PASS
Canon 50D,FL2,True,0.2,0.65,camera_rgb_wb,1.21189881881,0.0164338583464,0.013560421127,73.7440224485,2,True,PASS
Canon 50D,FL2,True,0.2,0.65,linear_srgb_unclipped,1.20585557771,0.036842985202,0.0305533978389,32.7295839655,2,True,PASS
Canon 50D,FL2,True,0.2,0.65,chromaticity,0.350931536229,0.0150445783488,0.0428704086003,23.3261131081,2,True,PASS
Canon 50D,FL2,True,0.2,0.8,camera_rgb_wb,1.16564847897,0.0146782657407,0.0125923603946,79.4132290262,2,True,PASS
Canon 50D,FL2,True,0.2,0.8,linear_srgb_unclipped,1.16368550919,0.0327426026134,0.0281369857705,35.5404096287,2,True,PASS
Canon 50D,FL2,True,0.2,0.8,chromaticity,0.350228305683,0.0138723523597,0.0396094551313,25.2464972488,2,True,PASS
Canon 50D,FL2,True,0.35,0.2,camera_rgb_wb,0.918304711795,0.0154253625081,0.0167976514875,59.532131664,2,True,PASS
Canon 50D,FL2,True,0.35,0.2,linear_srgb_unclipped,0.915808151019,0.0392156252599,0.0428207864456,23.3531441855,2,True,PASS
Canon 50D,FL2,True,0.35,0.2,chromaticity,0.297964144055,0.0218124032658,0.0732047922577,13.6603078727,2,True,PASS
Canon 50D,FL2,True,0.35,0.35,camera_rgb_wb,0.873094193165,0.0130216247151,0.0149143412212,67.049558889,2,True,PASS
Canon 50D,FL2,True,0.35,0.35,linear_srgb_unclipped,0.876586253932,0.03282309865,0.037444231532,26.7063833089,2,True,PASS
Canon 50D,FL2,True,0.35,0.35,chromaticity,0.297279340174,0.0191779132217,0.0645114228605,15.5011307402,2,True,PASS
Canon 50D,FL2,True,0.35,0.5,camera_rgb_wb,0.834800890472,0.0112462728267,0.0134718026239,74.2291160226,2,True,PASS
Canon 50D,FL2,True,0.35,0.5,linear_srgb_unclipped,0.843308355737,0.028143812351,0.0333730979416,29.9642544947,2,True,PASS
Canon 50D,FL2,True,0.35,0.5,chromaticity,0.296818448533,0.0171863821848,0.0579020012728,17.2705602227,2,True,PASS
Canon 50D,FL2,True,0.35,0.65,camera_rgb_wb,0.801594632273,0.00987705393558,0.0123217565811,81.1572597964,2,True,PASS
Canon 50D,FL2,True,0.35,0.65,linear_srgb_unclipped,0.814404031109,0.0245618525237,0.030159296351,33.1572722507,2,True,PASS
Canon 50D,FL2,True,0.35,0.65,chromaticity,0.296493603536,0.0156143369412,0.0526633180446,18.9885490913,2,True,PASS
Canon 50D,FL2,True,0.35,0.8,camera_rgb_wb,0.772304285185,0.00878662072826,0.0113771487441,87.8954844041,2,True,PASS
Canon 50D,FL2,True,0.35,0.8,linear_srgb_unclipped,0.788866830874,0.0217274901858,0.0275426590844,36.3073150248,2,True,PASS
Canon 50D,FL2,True,0.35,0.8,chromaticity,0.296255973103,0.0143331130848,0.0483808408475,20.669338988,2,True,PASS
Canon 50D,FL2,True,0.5,0.2,camera_rgb_wb,0.625645027552,0.00996862411422,0.0159333546584,62.7614222769,2,True,PASS
Canon 50D,FL2,True,0.5,0.2,linear_srgb_unclipped,0.65057474177,0.0273133816654,0.0419834646379,23.8189012895,2,True,PASS
Canon 50D,FL2,True,0.5,0.2,chromaticity,0.251994811665,0.0217182206071,0.0861851895427,11.6029216308,2,True,PASS
Canon 50D,FL2,True,0.5,0.35,camera_rgb_wb,0.596005998902,0.00835714046544,0.0140219066265,71.3169775435,2,True,PASS
Canon 50D,FL2,True,0.5,0.35,linear_srgb_unclipped,0.625051902985,0.0227379228378,0.0363776555663,27.4894020638,2,True,PASS
Canon 50D,FL2,True,0.5,0.35,chromaticity,0.251729978601,0.0190073058728,0.0755067234283,13.2438537205,2,True,PASS
Canon 50D,FL2,True,0.5,0.5,camera_rgb_wb,0.570853310573,0.00717686991363,0.012572178843,79.540707501,2,True,PASS
Canon 50D,FL2,True,0.5,0.5,linear_srgb_unclipped,0.603295109282,0.0194077115373,0.0321695157787,31.0853295673,2,True,PASS
Canon 50D,FL2,True,0.5,0.5,chromaticity,0.251601719384,0.0169650714722,0.067428281149,14.8305723201,2,True,PASS
Canon 50D,FL2,True,0.5,0.65,camera_rgb_wb,0.549003961231,0.00627259831886,0.0114254154101,87.5241699409,2,True,PASS
Canon 50D,FL2,True,0.5,0.65,linear_srgb_unclipped,0.584317120617,0.0168701755429,0.0288716091787,34.6361019855,2,True,PASS
Canon 50D,FL2,True,0.5,0.65,chromaticity,0.251543193649,0.0153581397759,0.0610556761767,16.3784935754,2,True,PASS
Canon 50D,FL2,True,0.5,0.8,camera_rgb_wb,0.529700719127,0.00555635628742,0.0104896143931,95.3323890203,2,True,PASS
Canon 50D,FL2,True,0.5,0.8,linear_srgb_unclipped,0.567484564217,0.0148700920692,0.0262035181339,38.1628144317,2,True,PASS
Canon 50D,FL2,True,0.5,0.8,chromaticity,0.251520426157,0.0140524646879,0.0558700734673,17.8986698592,2,True,PASS
Canon 50D,FL2,True,0.65,0.2,camera_rgb_wb,0.437638148564,0.00698164624623,0.0159530111101,62.6840909908,2,True,PASS
Canon 50D,FL2,True,0.65,0.2,linear_srgb_unclipped,0.479393628878,0.0195929727729,0.0408703236602,24.4676310448,2,True,PASS
Canon 50D,FL2,True,0.65,0.2,chromaticity,0.215916926055,0.020560467302,0.0952239719119,10.5015573277,2,True,PASS
Canon 50D,FL2,True,0.65,0.35,camera_rgb_wb,0.417624901242,0.00582291685425,0.0139429350044,71.7209109619,2,True,PASS
Canon 50D,FL2,True,0.65,0.35,linear_srgb_unclipped,0.461840433886,0.0162500710264,0.0351854663084,28.4208255543,2,True,PASS
Canon 50D,FL2,True,0.65,0.35,chromaticity,0.215703141792,0.017945706307,0.0831963139613,12.019763285,2,True,PASS
Canon 50D,FL2,True,0.65,0.5,camera_rgb_wb,0.40061521911,0.00497873275793,0.0124277174716,80.4652988196,2,True,PASS
Canon 50D,FL2,True,0.65,0.5,linear_srgb_unclipped,0.446820172345,0.0138254600845,0.0309418887961,32.3186475975,2,True,PASS
Canon 50D,FL2,True,0.65,0.5,chromaticity,0.215613916331,0.0159778071726,0.0741037844146,13.4945874614,2,True,PASS
Canon 50D,FL2,True,0.65,0.65,camera_rgb_wb,0.385818979379,0.00433475069052,0.0112351929848,89.0060367768,2,True,PASS
Canon 50D,FL2,True,0.65,0.65,linear_srgb_unclipped,0.433673176792,0.0119833642967,0.0276322469038,36.1896013553,2,True,PASS
Canon 50D,FL2,True,0.65,0.65,chromaticity,0.215580285535,0.0144313032492,0.0669416649737,14.9383795637,2,True,PASS
Canon 50D,FL2,True,0.65,0.8,camera_rgb_wb,0.372730327119,0.00382654118797,0.0102662458876,97.406589609,2,True,PASS
Canon 50D,FL2,True,0.65,0.8,linear_srgb_unclipped,0.421975732508,0.010535130953,0.0249662009955,40.0541516181,2,True,PASS
Canon 50D,FL2,True,0.65,0.8,chromaticity,0.215569357735,0.0131765214312,0.0611242783744,16.3601113436,2,True,PASS
Canon 50D,FL2,True,0.8,0.2,camera_rgb_wb,0.312042735461,0.00520587178062,0.0166832013343,59.9405341913,2,True,PASS
Canon 50D,FL2,True,0.8,0.2,linear_srgb_unclipped,0.360047449832,0.0143087914007,0.0397414046602,25.1626737542,2,True,PASS
Canon 50D,FL2,True,0.8,0.2,chromaticity,0.188067026975,0.0186522606022,0.0991787922754,10.0828007385,2,True,PASS
Canon 50D,FL2,True,0.8,0.35,camera_rgb_wb,0.298252701744,0.00433052968715,0.0145196662489,68.8721064836,2,True,PASS
Canon 50D,FL2,True,0.8,0.35,linear_srgb_unclipped,0.347610795433,0.0118379605262,0.0340552154356,29.3640779308,2,True,PASS
Canon 50D,FL2,True,0.8,0.35,chromaticity,0.187644506928,0.0162641503948,0.0866753344451,11.5373076597,2,True,PASS
Canon 50D,FL2,True,0.8,0.5,camera_rgb_wb,0.286515502596,0.00369418553668,0.0128934926844,77.5585036949,2,True,PASS
Canon 50D,FL2,True,0.8,0.5,linear_srgb_unclipped,0.336929962974,0.0100496773063,0.0298271997469,33.5264459448,2,True,PASS
Canon 50D,FL2,True,0.8,0.5,chromaticity,0.187391249339,0.0144642286093,0.0771873215015,12.955495547,2,True,PASS
Canon 50D,FL2,True,0.8,0.65,camera_rgb_wb,0.276292399099,0.00320965433442,0.0116168752557,86.08166809,2,True,PASS
Canon 50D,FL2,True,0.8,0.65,linear_srgb_unclipped,0.327551121757,0.00869353951325,0.026541015847,37.6775329839,2,True,PASS
Canon 50D,FL2,True,0.8,0.65,chromaticity,0.187218340523,0.0130488824382,0.0696987399942,14.3474616626,2,True,PASS
Canon 50D,FL2,True,0.8,0.8,camera_rgb_wb,0.267238340872,0.00282790434788,0.0105819559374,94.5004879929,2,True,PASS
Canon 50D,FL2,True,0.8,0.8,linear_srgb_unclipped,0.319182198454,0.00762913513394,0.0239021322959,41.8372715714,2,True,PASS
Canon 50D,FL2,True,0.8,0.8,chromaticity,0.187083409416,0.0119004217119,0.0636102460879,15.7207377978,2,True,PASS
Canon 5DMarkII,FL2,True,0.2,0.2,camera_rgb_wb,1.40667380276,0.0343760149192,0.0244378013237,40.9202115506,2,True,PASS
Canon 5DMarkII,FL2,True,0.2,0.2,linear_srgb_unclipped,1.38718801502,0.062320713812,0.0449259315515,22.2588595376,2,True,PASS
Canon 5DMarkII,FL2,True,0.2,0.2,chromaticity,0.440500004427,0.0261835330559,0.0594404830709,16.8235510268,2,True,PASS
Canon 5DMarkII,FL2,True,0.2,0.35,camera_rgb_wb,1.33456403781,0.0291949751349,0.0218760391467,45.712114213,2,True,PASS
Canon 5DMarkII,FL2,True,0.2,0.35,linear_srgb_unclipped,1.32183777591,0.0524697513572,0.0396945467237,25.192377355,2,True,PASS
Canon 5DMarkII,FL2,True,0.2,0.35,chromaticity,0.438765559676,0.0231622698841,0.0527896261985,18.9431157599,2,True,PASS
Canon 5DMarkII,FL2,True,0.2,0.5,camera_rgb_wb,1.27362238257,0.0253386146186,0.0198949193774,50.2640890888,2,True,PASS
Canon 5DMarkII,FL2,True,0.2,0.5,linear_srgb_unclipped,1.26662983517,0.0452127439127,0.0356953094402,28.014885308,2,True,PASS
Canon 5DMarkII,FL2,True,0.2,0.5,chromaticity,0.437456459783,0.0208679182528,0.0477028462744,20.9631097115,2,True,PASS
Canon 5DMarkII,FL2,True,0.2,0.65,camera_rgb_wb,1.22088543546,0.0223459607715,0.0183030775227,54.635620636,2,True,PASS
Canon 5DMarkII,FL2,True,0.2,0.65,linear_srgb_unclipped,1.21886901069,0.0396286628649,0.0325126510867,30.7572580696,2,True,PASS
Canon 5DMarkII,FL2,True,0.2,0.65,chromaticity,0.436432595086,0.0190492530359,0.0436476405529,22.9107458578,2,True,PASS
Canon 5DMarkII,FL2,True,0.2,0.8,camera_rgb_wb,1.17445561716,0.0199503664698,0.0169869054039,58.8688743607,2,True,PASS
Canon 5DMarkII,FL2,True,0.2,0.8,linear_srgb_unclipped,1.17682781207,0.0351906107094,0.0299029393666,33.4415285313,2,True,PASS
Canon 5DMarkII,FL2,True,0.2,0.8,chromaticity,0.435610309485,0.0175611442997,0.0403138858685,24.8053487888,2,True,PASS
Canon 5DMarkII,FL2,True,0.35,0.2,camera_rgb_wb,0.914542593421,0.0210386264693,0.0230045343111,43.4696910825,2,True,PASS
Canon 5DMarkII,FL2,True,0.35,0.2,linear_srgb_unclipped,0.920717084765,0.0421682214143,0.0457993254519,21.8343827149,2,True,PASS
Canon 5DMarkII,FL2,True,0.35,0.2,chromaticity,0.372484907937,0.0282504638684,0.0758432442937,13.1850899749,2,True,PASS
Canon 5DMarkII,FL2,True,0.35,0.35,camera_rgb_wb,0.869888563224,0.0177736095519,0.0204320533725,48.9427069208,2,True,PASS
Canon 5DMarkII,FL2,True,0.35,0.35,linear_srgb_unclipped,0.881702836569,0.0352784684371,0.0400117442906,24.9926619729,2,True,PASS
Canon 5DMarkII,FL2,True,0.35,0.35,chromaticity,0.371685172739,0.0248333147649,0.0668127667884,14.9671993553,2,True,PASS
Canon 5DMarkII,FL2,True,0.35,0.5,camera_rgb_wb,0.832038375898,0.0153607918308,0.0184616386405,54.1663727405,2,True,PASS
Canon 5DMarkII,FL2,True,0.35,0.5,linear_srgb_unclipped,0.848558304533,0.0302393488539,0.0356361474425,28.0613947289,2,True,PASS
Canon 5DMarkII,FL2,True,0.35,0.5,chromaticity,0.371123401144,0.022252701575,0.0599603838139,16.6776784335,2,True,PASS
Canon 5DMarkII,FL2,True,0.35,0.65,camera_rgb_wb,0.799197267402,0.0134987251967,0.0168903545435,59.2053883429,2,True,PASS
Canon 5DMarkII,FL2,True,0.35,0.65,linear_srgb_unclipped,0.819739223851,0.0263842814877,0.0321861888758,31.0692267376,2,True,PASS
Canon 5DMarkII,FL2,True,0.35,0.65,chromaticity,0.370709938896,0.0202169031646,0.0545356383614,18.3366332557,2,True,PASS
Canon 5DMarkII,FL2,True,0.35,0.8,camera_rgb_wb,0.770215192659,0.0120148596961,0.0155993543242,64.1052173839,2,True,PASS
Canon 5DMarkII,FL2,True,0.35,0.8,linear_srgb_unclipped,0.79425444262,0.023335306225,0.0293801393771,34.0365982327,2,True,PASS
Canon 5DMarkII,FL2,True,0.35,0.8,chromaticity,0.370393746628,0.0185583914994,0.0501044946584,19.9582893075,2,True,PASS
Canon 5DMarkII,FL2,True,0.5,0.2,camera_rgb_wb,0.620614734774,0.0132399118515,0.0213335441614,46.8745367594,2,True,PASS
Canon 5DMarkII,FL2,True,0.5,0.2,linear_srgb_unclipped,0.652252895534,0.0291404376767,0.0446765938123,22.3830850714,2,True,PASS
Canon 5DMarkII,FL2,True,0.5,0.2,chromaticity,0.314458836929,0.0288594122874,0.0917748490367,10.8962314893,2,True,PASS
Canon 5DMarkII,FL2,True,0.5,0.35,camera_rgb_wb,0.591546111927,0.0111248402127,0.0188063787224,53.1734479435,2,True,PASS
Canon 5DMarkII,FL2,True,0.5,0.35,linear_srgb_unclipped,0.626851197787,0.0242610245602,0.038703004231,25.8377875276,2,True,PASS
Canon 5DMarkII,FL2,True,0.5,0.35,chromaticity,0.314179612622,0.0252520963741,0.0803747135703,12.4417239649,2,True,PASS
Canon 5DMarkII,FL2,True,0.5,0.5,camera_rgb_wb,0.566858796413,0.00957214007028,0.0168862865512,59.2196512223,2,True,PASS
Canon 5DMarkII,FL2,True,0.5,0.5,linear_srgb_unclipped,0.60518224582,0.0207099431259,0.0342210024648,29.2218207525,2,True,PASS
Canon 5DMarkII,FL2,True,0.5,0.5,chromaticity,0.314027748387,0.0225375937783,0.0717694340519,13.9335082297,2,True,PASS
Canon 5DMarkII,FL2,True,0.5,0.65,camera_rgb_wb,0.545400465673,0.00838015065146,0.0153651329233,65.0824177698,2,True,PASS
Canon 5DMarkII,FL2,True,0.5,0.65,linear_srgb_unclipped,0.586269603416,0.0180043531651,0.030710023273,32.5626584881,2,True,PASS
Canon 5DMarkII,FL2,True,0.5,0.65,chromaticity,0.31394175337,0.020403080056,0.0649900175333,15.3869784615,2,True,PASS
Canon 5DMarkII,FL2,True,0.5,0.8,camera_rgb_wb,0.526432780926,0.00743439079924,0.0141222033821,70.8104799897,2,True,PASS
Canon 5DMarkII,FL2,True,0.5,0.8,linear_srgb_unclipped,0.56948643647,0.0158719863259,0.0278707012308,35.8799727254,2,True,PASS
Canon 5DMarkII,FL2,True,0.5,0.8,chromaticity,0.313889735801,0.0186694207711,0.0594776402084,16.8130409427,2,True,PASS
Canon 5DMarkII,FL2,True,0.65,0.2,camera_rgb_wb,0.434345516405,0.00885809109586,0.0203941119715,49.033760401,2,True,PASS
Canon 5DMarkII,FL2,True,0.65,0.2,linear_srgb_unclipped,0.479866149399,0.0207234307336,0.0431858566386,23.1557291631,2,True,PASS
Canon 5DMarkII,FL2,True,0.65,0.2,chromaticity,0.267352984572,0.028100941904,0.105108016464,9.51402218065,2,True,PASS
Canon 5DMarkII,FL2,True,0.65,0.35,camera_rgb_wb,0.414754550267,0.00740697315489,0.0178586905198,55.9951469505,2,True,PASS
Canon 5DMarkII,FL2,True,0.65,0.35,linear_srgb_unclipped,0.462401731848,0.0171922407323,0.0371803121576,26.895954928,2,True,PASS
Canon 5DMarkII,FL2,True,0.65,0.35,chromaticity,0.267197490612,0.0245154427308,0.0917502730832,10.8991501213,2,True,PASS
Canon 5DMarkII,FL2,True,0.65,0.5,camera_rgb_wb,0.398091306091,0.00634716999003,0.0159440055407,62.7194965183,2,True,PASS
Canon 5DMarkII,FL2,True,0.65,0.5,linear_srgb_unclipped,0.447450666237,0.0146307046685,0.0326979168263,30.5829880635,2,True,PASS
Canon 5DMarkII,FL2,True,0.65,0.5,chromaticity,0.267140277173,0.0218213585142,0.0816850186166,12.2421469314,2,True,PASS
Canon 5DMarkII,FL2,True,0.65,0.65,camera_rgb_wb,0.383587289092,0.00553703055323,0.0144348645294,69.2767152725,2,True,PASS
Canon 5DMarkII,FL2,True,0.65,0.65,linear_srgb_unclipped,0.434359097357,0.0126844387597,0.0292026547548,34.2434620549,2,True,PASS
Canon 5DMarkII,FL2,True,0.65,0.65,chromaticity,0.267122904537,0.0197063098786,0.0737724453573,13.5551965935,2,True,PASS
Canon 5DMarkII,FL2,True,0.65,0.8,camera_rgb_wb,0.370750132587,0.00489656412772,0.0132071810563,75.7163845742,2,True,PASS
Canon 5DMarkII,FL2,True,0.65,0.8,linear_srgb_unclipped,0.422706970874,0.0111542446859,0.026387652569,37.8965122943,2,True,PASS
Canon 5DMarkII,FL2,True,0.65,0.8,chromaticity,0.267117744763,0.0179913621183,0.0673536763131,14.8469995216,2,True,PASS
Canon 5DMarkII,FL2,True,0.8,0.2,camera_rgb_wb,0.310582321042,0.00631639544102,0.0203372665251,49.1708164795,2,True,PASS
Canon 5DMarkII,FL2,True,0.8,0.2,linear_srgb_unclipped,0.360151653353,0.0150293864889,0.0417307163496,23.9631640066,2,True,PASS
Canon 5DMarkII,FL2,True,0.8,0.2,chromaticity,0.230251324546,0.0262303247672,0.113920407706,8.77805847201,2,True,PASS
Canon 5DMarkII,FL2,True,0.8,0.35,camera_rgb_wb,0.29707207656,0.00526406972108,0.0177198401884,56.4339175392,2,True,PASS
Canon 5DMarkII,FL2,True,0.8,0.35,linear_srgb_unclipped,0.347781730581,0.0124375472229,0.0357625088648,27.9622440299,2,True,PASS
Canon 5DMarkII,FL2,True,0.8,0.35,chromaticity,0.229910209355,0.0228513903513,0.099392673407,10.0611037587,2,True,PASS
Canon 5DMarkII,FL2,True,0.8,0.5,camera_rgb_wb,0.28556405068,0.00449780596336,0.015750602895,63.4896331692,2,True,PASS
Canon 5DMarkII,FL2,True,0.8,0.5,linear_srgb_unclipped,0.337154206535,0.0105613522679,0.0313249903551,31.9233937079,2,True,PASS
Canon 5DMarkII,FL2,True,0.8,0.5,chromaticity,0.229707329348,0.0203105858567,0.0884194070531,11.3097342917,2,True,PASS
Canon 5DMarkII,FL2,True,0.8,0.65,camera_rgb_wb,0.275533847504,0.00391356209707,0.0142035620398,70.4048742985,2,True,PASS
Canon 5DMarkII,FL2,True,0.8,0.65,linear_srgb_unclipped,0.327819064182,0.00913842197625,0.0278764201803,35.8726118179,2,True,PASS
Canon 5DMarkII,FL2,True,0.8,0.65,chromaticity,0.229565098682,0.0183156906795,0.0797842998984,12.5337942587,2,True,PASS
Canon 5DMarkII,FL2,True,0.8,0.8,camera_rgb_wb,0.266645403098,0.00345272586221,0.012948754496,77.2275048004,2,True,PASS
Canon 5DMarkII,FL2,True,0.8,0.8,linear_srgb_unclipped,0.319486683961,0.00802153773393,0.0251075808058,39.8286082493,2,True,PASS
Canon 5DMarkII,FL2,True,0.8,0.8,chromaticity,0.229447203336,0.0166986741281,0.0727778499165,13.7404443955,2,True,PASS
Canon 600D,FL2,True,0.2,0.2,camera_rgb_wb,1.40311250889,0.0308329713618,0.0219746963743,45.5068858731,2,True,PASS
Canon 600D,FL2,True,0.2,0.2,linear_srgb_unclipped,1.38353920428,0.0612049620747,0.0442379672983,22.6050169362,2,True,PASS
Canon 600D,FL2,True,0.2,0.2,chromaticity,0.420255701982,0.0249094976849,0.059272242036,16.8713037613,2,True,PASS
Canon 600D,FL2,True,0.2,0.35,camera_rgb_wb,1.33123706394,0.0261875680541,0.0196716037762,50.8346961119,2,True,PASS
Canon 600D,FL2,True,0.2,0.35,linear_srgb_unclipped,1.31799376627,0.0515364909089,0.039102226602,25.5739912251,2,True,PASS
Canon 600D,FL2,True,0.2,0.35,chromaticity,0.418571346206,0.0220080004522,0.0525788510171,19.0190538716,2,True,PASS
Canon 600D,FL2,True,0.2,0.5,camera_rgb_wb,1.2705118215,0.0227296530223,0.0178901546902,55.8966659214,2,True,PASS
Canon 600D,FL2,True,0.2,0.5,linear_srgb_unclipped,1.26266006146,0.0444119368979,0.0351733124801,28.4306461203,2,True,PASS
Canon 600D,FL2,True,0.2,0.5,chromaticity,0.41729702474,0.019806360516,0.0474634596985,21.0688391945,2,True,PASS
Canon 600D,FL2,True,0.2,0.65,camera_rgb_wb,1.21797484495,0.0200463519189,0.0164587569292,60.7579299154,2,True,PASS
Canon 600D,FL2,True,0.2,0.65,linear_srgb_unclipped,1.21481895669,0.0389287420028,0.0320448917827,31.2062217835,2,True,PASS
Canon 600D,FL2,True,0.2,0.65,chromaticity,0.416295350884,0.0180624721124,0.0433885991617,23.0475290588,2,True,PASS
Canon 600D,FL2,True,0.2,0.8,camera_rgb_wb,1.17173038996,0.0178985740555,0.0152753348457,65.4650133762,2,True,PASS
Canon 600D,FL2,True,0.2,0.8,linear_srgb_unclipped,1.17272875325,0.0345702434543,0.0294784649548,33.9230689771,2,True,PASS
Canon 600D,FL2,True,0.2,0.8,chromaticity,0.415485187996,0.0166365466621,0.0400412509103,24.9742447418,2,True,PASS
Canon 600D,FL2,True,0.35,0.2,camera_rgb_wb,0.916180535231,0.0190154341875,0.0207551169843,48.1808895972,2,True,PASS
Canon 600D,FL2,True,0.35,0.2,linear_srgb_unclipped,0.919629369366,0.041562852874,0.0451952213125,22.1262330609,2,True,PASS
Canon 600D,FL2,True,0.35,0.2,chromaticity,0.35595251122,0.0265321771673,0.0745385306493,13.4158802339,2,True,PASS
Canon 600D,FL2,True,0.35,0.35,camera_rgb_wb,0.871542570096,0.0160511422945,0.0184169343475,54.2978533306,2,True,PASS
Canon 600D,FL2,True,0.35,0.35,linear_srgb_unclipped,0.880500546647,0.0347718949618,0.0394910543715,25.3221904534,2,True,PASS
Canon 600D,FL2,True,0.35,0.35,chromaticity,0.35508440783,0.0232971939271,0.0656102983216,15.2415097261,2,True,PASS
Canon 600D,FL2,True,0.35,0.5,camera_rgb_wb,0.833715701277,0.0138628055347,0.0166277371453,60.140474393,2,True,PASS
Canon 600D,FL2,True,0.35,0.5,linear_srgb_unclipped,0.847275250295,0.0298045463781,0.0351769349663,28.4277183603,2,True,PASS
Canon 600D,FL2,True,0.35,0.5,chromaticity,0.354460601009,0.0208555538852,0.058837438705,16.9959811645,2,True,PASS
Canon 600D,FL2,True,0.35,0.65,camera_rgb_wb,0.800901315641,0.0121754995333,0.015202246888,65.7797500176,2,True,PASS
Canon 600D,FL2,True,0.35,0.65,linear_srgb_unclipped,0.818397812491,0.0260040721769,0.0317743666711,31.4719097425,2,True,PASS
Canon 600D,FL2,True,0.35,0.65,chromaticity,0.353987773282,0.018930527858,0.0534779144558,18.6993081195,2,True,PASS
Canon 600D,FL2,True,0.35,0.8,camera_rgb_wb,0.771947362119,0.0108319448234,0.0140319733637,71.26581373,2,True,PASS
Canon 600D,FL2,True,0.35,0.8,linear_srgb_unclipped,0.792870268513,0.0229980656235,0.0290060890626,34.4755198759,2,True,PASS
Canon 600D,FL2,True,0.35,0.8,chromaticity,0.353613540756,0.0173631958844,0.0491021804404,20.3656943751,2,True,PASS
Canon 600D,FL2,True,0.5,0.2,camera_rgb_wb,0.62336861268,0.0121985150189,0.0195687026436,51.102008049,2,True,PASS
Canon 600D,FL2,True,0.5,0.2,linear_srgb_unclipped,0.652053719953,0.0288171622241,0.0441944602756,22.6272703358,2,True,PASS
Canon 600D,FL2,True,0.5,0.2,chromaticity,0.301407326065,0.0267480138687,0.0887437416266,11.2684002463,2,True,PASS
Canon 600D,FL2,True,0.5,0.35,camera_rgb_wb,0.594287637508,0.0102332889639,0.0172194208966,58.0739623014,2,True,PASS
Canon 600D,FL2,True,0.5,0.35,linear_srgb_unclipped,0.626562181953,0.0239920972027,0.0382916458953,26.1153569302,2,True,PASS
Canon 600D,FL2,True,0.5,0.35,chromaticity,0.300964009824,0.0233842445107,0.0776978101944,12.8703755936,2,True,PASS
Canon 600D,FL2,True,0.5,0.5,camera_rgb_wb,0.569592667066,0.00879318077387,0.0154376649881,64.7766356355,2,True,PASS
Canon 600D,FL2,True,0.5,0.5,linear_srgb_unclipped,0.604824874945,0.0204803519551,0.033861623097,29.5319570812,2,True,PASS
Canon 600D,FL2,True,0.5,0.5,chromaticity,0.300673429119,0.0208536057034,0.0693563304364,14.4182945336,2,True,PASS
Canon 600D,FL2,True,0.5,0.65,camera_rgb_wb,0.548129348411,0.00768929734024,0.0140282532992,71.284712264,2,True,PASS
Canon 600D,FL2,True,0.5,0.65,linear_srgb_unclipped,0.58585848336,0.0178044944436,0.030390435488,32.9050895107,2,True,PASS
Canon 600D,FL2,True,0.5,0.65,chromaticity,0.300464562949,0.0188643689054,0.0627840059415,15.9276233653,2,True,PASS
Canon 600D,FL2,True,0.5,0.8,camera_rgb_wb,0.529158198641,0.00681457691264,0.0128781467057,77.6509246905,2,True,PASS
Canon 600D,FL2,True,0.5,0.8,linear_srgb_unclipped,0.569031991289,0.0156953702337,0.0275825796685,36.2547670311,2,True,PASS
Canon 600D,FL2,True,0.5,0.8,chromaticity,0.300300693142,0.0172493718063,0.0574403329734,17.4093698319,2,True,PASS
Canon 600D,FL2,True,0.65,0.2,camera_rgb_wb,0.437006590502,0.00837354097336,0.019161132018,52.1889833576,2,True,PASS
Canon 600D,FL2,True,0.65,0.2,linear_srgb_unclipped,0.479888600467,0.0205425483792,0.0428069105188,23.3607141436,2,True,PASS
Canon 600D,FL2,True,0.65,0.2,chromaticity,0.257243098301,0.0257124035432,0.0999537158158,10.0046305616,2,True,PASS
Canon 600D,FL2,True,0.65,0.35,camera_rgb_wb,0.417409474583,0.00698895505337,0.0167436425835,59.7241606786,2,True,PASS
Canon 600D,FL2,True,0.65,0.35,linear_srgb_unclipped,0.462347049514,0.0170433543799,0.0368626865852,27.1277026347,2,True,PASS
Canon 600D,FL2,True,0.65,0.35,chromaticity,0.256858195319,0.0224187974144,0.0872808336389,11.4572691198,2,True,PASS
Canon 600D,FL2,True,0.65,0.5,camera_rgb_wb,0.400740258145,0.00597959838331,0.0149213817723,67.017922017,2,True,PASS
Canon 600D,FL2,True,0.65,0.5,linear_srgb_unclipped,0.447335591308,0.0145048103002,0.0324248966145,30.8404992586,2,True,PASS
Canon 600D,FL2,True,0.65,0.5,chromaticity,0.256610927784,0.0199435559561,0.0777190438783,12.8668592677,2,True,PASS
Canon 600D,FL2,True,0.65,0.65,camera_rgb_wb,0.386230219705,0.00520920987152,0.0134873181997,74.1437241407,2,True,PASS
Canon 600D,FL2,True,0.65,0.65,linear_srgb_unclipped,0.43419519363,0.0125757641358,0.0289633886333,34.5263467842,2,True,PASS
Canon 600D,FL2,True,0.65,0.65,chromaticity,0.256428939725,0.0180003835898,0.0701963811461,14.2457486223,2,True,PASS
Canon 600D,FL2,True,0.65,0.8,camera_rgb_wb,0.373386859101,0.00460097843169,0.012322282693,81.153794708,2,True,PASS
Canon 600D,FL2,True,0.65,0.8,linear_srgb_unclipped,0.42250261944,0.0110589053822,0.0261747617017,38.2047413228,2,True,PASS
Canon 600D,FL2,True,0.65,0.8,chromaticity,0.256277184818,0.016425060392,0.0640909974239,15.6028153749,2,True,PASS
Canon 600D,FL2,True,0.8,0.2,camera_rgb_wb,0.312879506137,0.0061046232741,0.0195110998143,51.2528770554,2,True,PASS
Canon 600D,FL2,True,0.8,0.2,linear_srgb_unclipped,0.360181599557,0.0149197637217,0.0414228926187,24.1412401883,2,True,PASS
Canon 600D,FL2,True,0.8,0.2,chromaticity,0.222415567666,0.0237229155082,0.106660319497,9.37555788994,2,True,PASS
Canon 600D,FL2,True,0.8,0.35,camera_rgb_wb,0.299368080292,0.00507954848043,0.0169675687384,58.9359628018,2,True,PASS
Canon 600D,FL2,True,0.8,0.35,linear_srgb_unclipped,0.34774638951,0.0123483416831,0.0355096186635,28.1613838063,2,True,PASS
Canon 600D,FL2,True,0.8,0.35,chromaticity,0.221813484591,0.0206612543255,0.093146971491,10.7357220959,2,True,PASS
Canon 600D,FL2,True,0.8,0.5,camera_rgb_wb,0.287856948937,0.0043342205194,0.0150568556202,66.4149292008,2,True,PASS
Canon 600D,FL2,True,0.8,0.5,linear_srgb_unclipped,0.337067436039,0.0104867070067,0.0311115992988,32.1423527732,2,True,PASS
Canon 600D,FL2,True,0.8,0.5,chromaticity,0.221395966081,0.0183576209209,0.0829175944163,12.0601665671,2,True,PASS
Canon 600D,FL2,True,0.8,0.65,camera_rgb_wb,0.277822298381,0.00376663346301,0.0135577075165,73.7587825069,2,True,PASS
Canon 600D,FL2,True,0.8,0.65,linear_srgb_unclipped,0.327690488915,0.00907459028283,0.0276925653622,36.1107751096,2,True,PASS
Canon 600D,FL2,True,0.8,0.65,chromaticity,0.221069518238,0.0165484358522,0.0748562532913,13.3589373771,2,True,PASS
Canon 600D,FL2,True,0.8,0.8,camera_rgb_wb,0.268928397263,0.00331941037591,0.012343101025,81.0169177078,2,True,PASS
Canon 600D,FL2,True,0.8,0.8,linear_srgb_unclipped,0.319323316961,0.00796601090967,0.0249465369003,40.085724283,2,True,PASS
Canon 600D,FL2,True,0.8,0.8,chromaticity,0.220789145856,0.0150818278428,0.0683087376613,14.6394156039,2,True,PASS
Canon 60D,FL2,True,0.2,0.2,camera_rgb_wb,1.39698940269,0.0305308142058,0.021854721408,45.7567031549,2,True,PASS
Canon 60D,FL2,True,0.2,0.2,linear_srgb_unclipped,1.37776630721,0.0598547753573,0.0434433437979,23.0184859769,2,True,PASS
Canon 60D,FL2,True,0.2,0.2,chromaticity,0.423161031934,0.0252438905344,0.0596555179456,16.762908687,2,True,PASS
Canon 60D,FL2,True,0.2,0.35,camera_rgb_wb,1.32510043087,0.0259359054605,0.019572784716,51.0913502861,2,True,PASS
Canon 60D,FL2,True,0.2,0.35,linear_srgb_unclipped,1.31203343205,0.0504161697463,0.0384259794871,26.0240601111,2,True,PASS
Canon 60D,FL2,True,0.2,0.35,chromaticity,0.421151811105,0.0223114472741,0.0529772084216,18.8760417884,2,True,PASS
Canon 60D,FL2,True,0.2,0.5,camera_rgb_wb,1.2644150181,0.022513253439,0.0178052720956,56.163140593,2,True,PASS
Canon 60D,FL2,True,0.2,0.5,linear_srgb_unclipped,1.25660714575,0.0434563580378,0.0345822942237,28.9165314924,2,True,PASS
Canon 60D,FL2,True,0.2,0.5,chromaticity,0.419615951231,0.0200845944517,0.0478642301199,20.8924283854,2,True,PASS
Canon 60D,FL2,True,0.2,0.65,camera_rgb_wb,1.21194815028,0.0198561430684,0.0163836572249,61.0364332136,2,True,PASS
Canon 60D,FL2,True,0.2,0.65,linear_srgb_unclipped,1.20873152287,0.0380972935975,0.0315184082459,31.7274905572,2,True,PASS
Canon 60D,FL2,True,0.2,0.65,chromaticity,0.418396691398,0.018319622875,0.0437852957531,22.8387174918,2,True,PASS
Canon 60D,FL2,True,0.2,0.8,camera_rgb_wb,1.16579140848,0.0177286737314,0.0152074149821,65.7573954006,2,True,PASS
Canon 60D,FL2,True,0.2,0.8,linear_srgb_unclipped,1.16664409828,0.0338358001893,0.0290026754854,34.4795775998,2,True,PASS
Canon 60D,FL2,True,0.2,0.8,chromaticity,0.417401166729,0.0168756910182,0.0404303877501,24.7338711214,2,True,PASS
Canon 60D,FL2,True,0.35,0.2,camera_rgb_wb,0.91255530662,0.0189096374027,0.0207216343661,48.2587416769,2,True,PASS
Canon 60D,FL2,True,0.35,0.2,linear_srgb_unclipped,0.916967660235,0.0407257734901,0.044413533057,22.5156597814,2,True,PASS
Canon 60D,FL2,True,0.35,0.2,chromaticity,0.356866792606,0.0268759132924,0.0753107709916,13.2783131395,2,True,PASS
Canon 60D,FL2,True,0.35,0.35,camera_rgb_wb,0.868019681003,0.0159561706502,0.0183822682819,54.4002505384,2,True,PASS
Canon 60D,FL2,True,0.35,0.35,linear_srgb_unclipped,0.877836204151,0.0340677333351,0.0388087585976,25.7673792241,2,True,PASS
Canon 60D,FL2,True,0.35,0.35,chromaticity,0.355791565825,0.02359978268,0.0663303600952,15.0760526336,2,True,PASS
Canon 60D,FL2,True,0.35,0.5,camera_rgb_wb,0.830297753296,0.0137761527493,0.0165918222645,60.2706552696,2,True,PASS
Canon 60D,FL2,True,0.35,0.5,linear_srgb_unclipped,0.844628344404,0.0291974645412,0.0345684166707,28.928140086,2,True,PASS
Canon 60D,FL2,True,0.35,0.5,chromaticity,0.355002240266,0.0211261769367,0.0595099820242,16.8039035803,2,True,PASS
Canon 60D,FL2,True,0.35,0.65,camera_rgb_wb,0.797586955314,0.012095560301,0.0151651932374,65.9404719968,2,True,PASS
Canon 60D,FL2,True,0.35,0.65,linear_srgb_unclipped,0.815779621173,0.0254712242302,0.0312231680825,32.0274994952,2,True,PASS
Canon 60D,FL2,True,0.35,0.65,chromaticity,0.354392285999,0.0191754101596,0.054107865541,18.4816013347,2,True,PASS
Canon 60D,FL2,True,0.35,0.8,camera_rgb_wb,0.768733483881,0.0107575952893,0.0139939205392,71.4596025609,2,True,PASS
Canon 60D,FL2,True,0.35,0.8,linear_srgb_unclipped,0.790287280748,0.0225239310306,0.0285009408341,35.0865610304,2,True,PASS
Canon 60D,FL2,True,0.35,0.8,chromaticity,0.35390147728,0.0175867781889,0.0496939948487,20.1231557866,2,True,PASS
Canon 60D,FL2,True,0.5,0.2,camera_rgb_wb,0.621548289763,0.0122261950753,0.019670547368,50.8374261932,2,True,PASS
Canon 60D,FL2,True,0.5,0.2,linear_srgb_unclipped,0.651106493073,0.0283381140255,0.0435230094109,22.9763523602,2,True,PASS
Canon 60D,FL2,True,0.5,0.2,chromaticity,0.301400151425,0.0270295784116,0.0896800425738,11.150752958,2,True,PASS
Canon 60D,FL2,True,0.5,0.35,camera_rgb_wb,0.592554282097,0.0102500565523,0.0172980887355,57.8098549089,2,True,PASS
Canon 60D,FL2,True,0.5,0.35,linear_srgb_unclipped,0.625626435411,0.0235857475019,0.0376994100103,26.5256140541,2,True,PASS
Canon 60D,FL2,True,0.5,0.35,chromaticity,0.300822733078,0.0236265699788,0.0785398421755,12.732391259,2,True,PASS
Canon 60D,FL2,True,0.5,0.5,camera_rgb_wb,0.567939787979,0.00880271885252,0.0154993875035,64.5186785463,2,True,PASS
Canon 60D,FL2,True,0.5,0.5,linear_srgb_unclipped,0.603904435969,0.0201277907732,0.0333294302449,30.003513191,2,True,PASS
Canon 60D,FL2,True,0.5,0.5,chromaticity,0.300426193488,0.0210660863743,0.0701206713359,14.261129863,2,True,PASS
Canon 60D,FL2,True,0.5,0.65,camera_rgb_wb,0.546550908513,0.00769379888926,0.0140770032021,71.037847022,2,True,PASS
Canon 60D,FL2,True,0.5,0.65,linear_srgb_unclipped,0.584955210056,0.0174934512663,0.0299056251924,33.438525146,2,True,PASS
Canon 60D,FL2,True,0.5,0.65,chromaticity,0.300130044515,0.0190532632202,0.0634833585254,15.7521596719,2,True,PASS
Canon 60D,FL2,True,0.5,0.8,camera_rgb_wb,0.527648753692,0.00681543731049,0.01291661785,77.4196474348,2,True,PASS
Canon 60D,FL2,True,0.5,0.8,linear_srgb_unclipped,0.568146700691,0.0154174035957,0.0271363075363,36.8509974565,2,True,PASS
Canon 60D,FL2,True,0.5,0.8,chromaticity,0.299892136051,0.0174190784748,0.0580844789868,17.216303175,2,True,PASS
Canon 60D,FL2,True,0.65,0.2,camera_rgb_wb,0.436211927515,0.00846475272047,0.01940513816,51.5327431196,2,True,PASS
Canon 60D,FL2,True,0.65,0.2,linear_srgb_unclipped,0.479643530735,0.0202745695661,0.0422700782289,23.6573964823,2,True,PASS
Canon 60D,FL2,True,0.65,0.2,chromaticity,0.2570131421,0.0258835695548,0.100709128503,9.92958647207,2,True,PASS
Canon 60D,FL2,True,0.65,0.35,camera_rgb_wb,0.41667212223,0.00706099119661,0.0169461569899,59.0104293616,2,True,PASS
Canon 60D,FL2,True,0.65,0.35,linear_srgb_unclipped,0.462108665659,0.0168147738008,0.0363870557952,27.482300454,2,True,PASS
Canon 60D,FL2,True,0.65,0.35,chromaticity,0.25653011459,0.0225626573477,0.0879532501821,11.3696764807,2,True,PASS
Canon 60D,FL2,True,0.65,0.5,camera_rgb_wb,0.400054074679,0.0060381733496,0.015093392948,66.2541552746,2,True,PASS
Canon 60D,FL2,True,0.65,0.5,linear_srgb_unclipped,0.44710422584,0.0143056563431,0.0319962449833,31.2536674389,2,True,PASS
Canon 60D,FL2,True,0.65,0.5,chromaticity,0.256206791444,0.0200667803205,0.0783225932746,12.7677079906,2,True,PASS
Canon 60D,FL2,True,0.65,0.65,camera_rgb_wb,0.385590168494,0.00525783312272,0.0136358070105,73.3363268658,2,True,PASS
Canon 60D,FL2,True,0.65,0.65,linear_srgb_unclipped,0.433970881803,0.0123994698962,0.0285721241128,34.9991479826,2,True,PASS
Canon 60D,FL2,True,0.65,0.65,chromaticity,0.255962836551,0.0181074463811,0.0707424820928,14.1357776886,2,True,PASS
Canon 60D,FL2,True,0.65,0.8,camera_rgb_wb,0.372788731766,0.00464196076381,0.0124519878641,80.3084624653,2,True,PASS
Canon 60D,FL2,True,0.65,0.8,linear_srgb_unclipped,0.422285239973,0.0109009094404,0.0258140905921,38.7385329897,2,True,PASS
Canon 60D,FL2,True,0.65,0.8,chromaticity,0.255758817609,0.0165191100171,0.0645886236555,15.4826027155,2,True,PASS
Canon 60D,FL2,True,0.8,0.2,camera_rgb_wb,0.312607472383,0.00620669935709,0.0198546097116,50.3661373619,2,True,PASS
Canon 60D,FL2,True,0.8,0.2,linear_srgb_unclipped,0.360172027385,0.0147645555599,0.040993065639,24.3943697407,2,True,PASS
Canon 60D,FL2,True,0.8,0.2,chromaticity,0.222333911704,0.023768434625,0.106904225464,9.35416720584,2,True,PASS
Canon 60D,FL2,True,0.8,0.35,camera_rgb_wb,0.299131781138,0.00516239944908,0.0172579437378,57.9443307494,2,True,PASS
Canon 60D,FL2,True,0.8,0.35,linear_srgb_unclipped,0.347741231894,0.0122155216826,0.0351281946524,28.467161774,2,True,PASS
Canon 60D,FL2,True,0.8,0.35,chromaticity,0.221646223004,0.0206962439206,0.0933751256399,10.7094902754,2,True,PASS
Canon 60D,FL2,True,0.8,0.5,camera_rgb_wb,0.287651888901,0.00440336833795,0.0153079764391,65.3254206381,2,True,PASS
Canon 60D,FL2,True,0.8,0.5,linear_srgb_unclipped,0.337066091272,0.0103707228766,0.0307676243476,32.5016968714,2,True,PASS
Canon 60D,FL2,True,0.8,0.5,chromaticity,0.221163832184,0.0183844781122,0.0831260605798,12.0299216999,2,True,PASS
Canon 60D,FL2,True,0.8,0.65,camera_rgb_wb,0.277644949602,0.00382550651062,0.013778412019,72.577304164,2,True,PASS
Canon 60D,FL2,True,0.8,0.65,linear_srgb_unclipped,0.327692518311,0.00897174044456,0.0273785330553,36.5249664027,2,True,PASS
Canon 60D,FL2,True,0.8,0.65,chromaticity,0.220785314663,0.0165689048358,0.0750453211126,13.3252811125,2,True,PASS
Canon 60D,FL2,True,0.8,0.8,camera_rgb_wb,0.268775898958,0.00337029083969,0.0125394086775,79.7485771235,2,True,PASS
Canon 60D,FL2,True,0.8,0.8,linear_srgb_unclipped,0.319328369338,0.00787370519135,0.0246570801325,40.5563024749,2,True,PASS
Canon 60D,FL2,True,0.8,0.8,chromaticity,0.220461454497,0.0150971899259,0.0684799524719,14.6028138733,2,True,PASS
Hasselblad H2,FL2,True,0.2,0.2,camera_rgb_wb,1.41501787353,0.0418891418824,0.0296032599064,33.7800635187,2,True,PASS
Hasselblad H2,FL2,True,0.2,0.2,linear_srgb_unclipped,1.41811666408,0.0752152794264,0.0530388516909,18.8541035132,2,True,PASS
Hasselblad H2,FL2,True,0.2,0.2,chromaticity,0.423993962352,0.0432104680727,0.101912932517,9.81229737292,2,True,PASS
Hasselblad H2,FL2,True,0.2,0.35,camera_rgb_wb,1.34674940966,0.0348222682237,0.02585653127,38.6749479099,2,True,PASS
Hasselblad H2,FL2,True,0.2,0.35,linear_srgb_unclipped,1.35658359065,0.0625656263999,0.0461199935124,21.682570266,2,True,PASS
Hasselblad H2,FL2,True,0.2,0.35,chromaticity,0.422460754787,0.0374894224328,0.0887406037319,11.2687987003,2,True,PASS
Hasselblad H2,FL2,True,0.2,0.5,camera_rgb_wb,1.28898755897,0.0296900163291,0.0230335941744,43.4148484352,2,True,PASS
Hasselblad H2,FL2,True,0.2,0.5,linear_srgb_unclipped,1.30445589248,0.053375724852,0.0409179989601,24.4391227678,2,True,PASS
Hasselblad H2,FL2,True,0.2,0.5,chromaticity,0.421347756905,0.0332106722025,0.0788200996879,12.6871191988,2,True,PASS
Hasselblad H2,FL2,True,0.2,0.65,camera_rgb_wb,1.23894789918,0.0257871827935,0.0208137749865,48.0451047754,2,True,PASS
Hasselblad H2,FL2,True,0.2,0.65,linear_srgb_unclipped,1.25924150513,0.0463851069947,0.0368357513677,27.1475390855,2,True,PASS
Hasselblad H2,FL2,True,0.2,0.65,chromaticity,0.420493169708,0.0298661822987,0.0710265575049,14.0792407112,2,True,PASS
Hasselblad H2,FL2,True,0.2,0.8,camera_rgb_wb,1.19484649985,0.0227165251492,0.019012086617,52.5981192989,2,True,PASS
Hasselblad H2,FL2,True,0.2,0.8,linear_srgb_unclipped,1.21934097711,0.0408836570566,0.0335293062597,29.824655251,2,True,PASS
Hasselblad H2,FL2,True,0.2,0.8,chromaticity,0.419807553149,0.0271653086491,0.0647089563904,15.4538112772,2,True,PASS
Hasselblad H2,FL2,True,0.35,0.2,camera_rgb_wb,0.933584728693,0.0296423027779,0.0317510579029,31.4950135854,2,True,PASS
Hasselblad H2,FL2,True,0.35,0.2,linear_srgb_unclipped,0.945861110519,0.0530025316991,0.0560362733066,17.8455836013,2,True,PASS
Hasselblad H2,FL2,True,0.35,0.2,chromaticity,0.366295644011,0.0428694880569,0.117035211196,8.54443709532,2,True,PASS
Hasselblad H2,FL2,True,0.35,0.35,camera_rgb_wb,0.891693977232,0.0245230576135,0.0275016521808,36.361451793,2,True,PASS
Hasselblad H2,FL2,True,0.35,0.35,linear_srgb_unclipped,0.909803485983,0.043875373079,0.0482251098782,20.7360854652,2,True,PASS
Hasselblad H2,FL2,True,0.35,0.35,chromaticity,0.365176552352,0.0370584341809,0.101480869848,9.85407398945,2,True,PASS
Hasselblad H2,FL2,True,0.35,0.5,camera_rgb_wb,0.856103941469,0.0208195821082,0.0243189887345,41.1201308951,2,True,PASS
Hasselblad H2,FL2,True,0.35,0.5,linear_srgb_unclipped,0.879019828035,0.0372719758343,0.0424017464061,23.5839342659,2,True,PASS
Hasselblad H2,FL2,True,0.35,0.5,chromaticity,0.364383330761,0.0327220568336,0.0898011903158,11.1357098551,2,True,PASS
Hasselblad H2,FL2,True,0.35,0.65,camera_rgb_wb,0.825159096587,0.0180128078851,0.0218294968324,45.8095762664,2,True,PASS
Hasselblad H2,FL2,True,0.35,0.65,linear_srgb_unclipped,0.852133051194,0.0322668986602,0.0378660334967,26.4088922883,2,True,PASS
Hasselblad H2,FL2,True,0.35,0.65,chromaticity,0.363772350474,0.0293403438606,0.0806557832731,12.398366979,2,True,PASS
Hasselblad H2,FL2,True,0.35,0.8,camera_rgb_wb,0.797796954648,0.0158112703196,0.0198186646709,50.4574862437,2,True,PASS
Hasselblad H2,FL2,True,0.35,0.8,linear_srgb_unclipped,0.828257074065,0.0283406996968,0.0342172745446,29.2250044257,2,True,PASS
Hasselblad H2,FL2,True,0.35,0.8,chromaticity,0.363269486752,0.0266157579702,0.0732672545889,13.648662088,2,True,PASS
Hasselblad H2,FL2,True,0.5,0.2,camera_rgb_wb,0.641592930679,0.0215250768302,0.0335494295541,29.8067661146,2,True,PASS
Hasselblad H2,FL2,True,0.5,0.2,linear_srgb_unclipped,0.671608445552,0.0376308907982,0.0560309970004,17.8472640777,2,True,PASS
Hasselblad H2,FL2,True,0.5,0.2,chromaticity,0.319369390659,0.0405512685147,0.126972933853,7.87569421024,2,True,PASS
Hasselblad H2,FL2,True,0.5,0.35,camera_rgb_wb,0.614650621045,0.0177542736226,0.0288851471302,34.6198686644,2,True,PASS
Hasselblad H2,FL2,True,0.5,0.35,linear_srgb_unclipped,0.648413218308,0.0310377992098,0.0478673141346,20.8910823195,2,True,PASS
Hasselblad H2,FL2,True,0.5,0.35,chromaticity,0.318112748381,0.0349932283773,0.110002596738,9.09069448955,2,True,PASS
Hasselblad H2,FL2,True,0.5,0.5,camera_rgb_wb,0.591683528494,0.0150319523764,0.0254053926677,39.3617218628,2,True,PASS
Hasselblad H2,FL2,True,0.5,0.5,linear_srgb_unclipped,0.628496528648,0.0262815439261,0.0418165299698,23.9139880981,2,True,PASS
Hasselblad H2,FL2,True,0.5,0.5,chromaticity,0.317209595398,0.030844254915,0.0972361976514,10.2842359549,2,True,PASS
Hasselblad H2,FL2,True,0.5,0.65,camera_rgb_wb,0.571653754654,0.0129726859138,0.0226932576025,44.0659519897,2,True,PASS
Hasselblad H2,FL2,True,0.5,0.65,linear_srgb_unclipped,0.611010486227,0.022685794842,0.0371283232504,26.933615969,2,True,PASS
Hasselblad H2,FL2,True,0.5,0.65,chromaticity,0.316495420261,0.0276097800477,0.0872359543939,11.4631634049,2,True,PASS
Hasselblad H2,FL2,True,0.5,0.8,camera_rgb_wb,0.553894424715,0.0113603280527,0.0205099158716,48.756904039,2,True,PASS
Hasselblad H2,FL2,True,0.5,0.8,linear_srgb_unclipped,0.595408942469,0.0198717629038,0.0333749822792,29.9625627254,2,True,PASS
Hasselblad H2,FL2,True,0.5,0.8,chromaticity,0.315888697052,0.0250056820698,0.0791597873022,12.6326766921,2,True,PASS
Hasselblad H2,FL2,True,0.65,0.2,camera_rgb_wb,0.454060281244,0.015887168207,0.034989116783,28.5803155936,2,True,PASS
Hasselblad H2,FL2,True,0.65,0.2,linear_srgb_unclipped,0.494110830135,0.0269762980116,0.054595642043,18.3164802643,2,True,PASS
Hasselblad H2,FL2,True,0.65,0.2,chromaticity,0.282012721065,0.0368333013238,0.130608651924,7.65646061931,2,True,PASS
Hasselblad H2,FL2,True,0.65,0.35,camera_rgb_wb,0.436142521771,0.0130807944478,0.0299920181932,33.3422043678,2,True,PASS
Hasselblad H2,FL2,True,0.65,0.35,linear_srgb_unclipped,0.478305148408,0.0221895280296,0.0463919907688,21.5554448824,2,True,PASS
Hasselblad H2,FL2,True,0.65,0.35,chromaticity,0.280224038801,0.0317841957364,0.113424229671,8.81645837842,2,True,PASS
Hasselblad H2,FL2,True,0.65,0.5,camera_rgb_wb,0.420820334421,0.0110569730847,0.0262748070382,38.0592709414,2,True,PASS
Hasselblad H2,FL2,True,0.65,0.5,linear_srgb_unclipped,0.464668122573,0.0187436571373,0.0403377297188,24.7906862129,2,True,PASS
Hasselblad H2,FL2,True,0.65,0.5,chromaticity,0.278909954843,0.0280042570139,0.100406086365,9.95955560272,2,True,PASS
Hasselblad H2,FL2,True,0.65,0.65,camera_rgb_wb,0.407420043966,0.00952769971243,0.0233854466749,42.7616377785,2,True,PASS
Hasselblad H2,FL2,True,0.65,0.65,linear_srgb_unclipped,0.452643868833,0.0161435611847,0.0356650388887,28.0386628239,2,True,PASS
Hasselblad H2,FL2,True,0.65,0.65,chromaticity,0.277854862636,0.0250527820023,0.0901649939278,11.090778765,2,True,PASS
Hasselblad H2,FL2,True,0.65,0.8,camera_rgb_wb,0.39550826403,0.00833153742513,0.0210653940331,47.4712221585,2,True,PASS
Hasselblad H2,FL2,True,0.65,0.8,linear_srgb_unclipped,0.441873810422,0.0141123307609,0.0319374681821,31.3111857928,2,True,PASS
Hasselblad H2,FL2,True,0.65,0.8,chromaticity,0.276952121467,0.0226745423383,0.081871704821,12.2142320376,2,True,PASS
Hasselblad H2,FL2,True,0.8,0.2,camera_rgb_wb,0.328104145328,0.0118005623863,0.0359659045896,27.8041109048,2,True,PASS
Hasselblad H2,FL2,True,0.8,0.2,linear_srgb_unclipped,0.370427323411,0.0194620893815,0.0525395621528,19.0332762403,2,True,PASS
Hasselblad H2,FL2,True,0.8,0.2,chromaticity,0.252303517252,0.0323653460608,0.128279408917,7.79548337837,2,True,PASS
Hasselblad H2,FL2,True,0.8,0.35,camera_rgb_wb,0.315904540137,0.00970520122305,0.0307219428339,32.5500247627,2,True,PASS
Hasselblad H2,FL2,True,0.8,0.35,linear_srgb_unclipped,0.35931901898,0.0159759656726,0.0444617869601,22.491223776,2,True,PASS
Hasselblad H2,FL2,True,0.8,0.35,chromaticity,0.249778247529,0.0279650458377,0.111959492527,8.93180182786,2,True,PASS
Hasselblad H2,FL2,True,0.8,0.5,camera_rgb_wb,0.305438371732,0.00819519177425,0.0268309175687,37.2704361466,2,True,PASS
Hasselblad H2,FL2,True,0.8,0.5,linear_srgb_unclipped,0.349690017047,0.0134704723686,0.0385211807943,25.9597442077,2,True,PASS
Hasselblad H2,FL2,True,0.8,0.5,chromaticity,0.247899128741,0.0246547775247,0.0994548776751,10.0548110196,2,True,PASS
Hasselblad H2,FL2,True,0.8,0.65,camera_rgb_wb,0.296258720065,0.00705496268412,0.0238135190842,41.9929535179,2,True,PASS
Hasselblad H2,FL2,True,0.8,0.65,linear_srgb_unclipped,0.341165244486,0.0115827418592,0.0339505329058,29.4546186587,2,True,PASS
Hasselblad H2,FL2,True,0.8,0.65,chromaticity,0.246384303465,0.022061977677,0.0895429512623,11.1678248919,2,True,PASS
Hasselblad H2,FL2,True,0.8,0.8,camera_rgb_wb,0.288077600597,0.00616370799745,0.0213959988027,46.7377105982,2,True,PASS
Hasselblad H2,FL2,True,0.8,0.8,linear_srgb_unclipped,0.333502124393,0.0101100436842,0.0303147804609,32.9872090378,2,True,PASS
Hasselblad H2,FL2,True,0.8,0.8,chromaticity,0.24509252582,0.0199684416045,0.0814730744549,12.2739936683,2,True,PASS
Nikon D3X,FL2,True,0.2,0.2,camera_rgb_wb,1.40485497668,0.0355266227483,0.0252884627509,39.5437243398,2,True,PASS
Nikon D3X,FL2,True,0.2,0.2,linear_srgb_unclipped,1.3946637686,0.0641623072426,0.0460055740222,21.7364965279,2,True,PASS
Nikon D3X,FL2,True,0.2,0.2,chromaticity,0.475920508961,0.0357517383119,0.0751212390278,13.311814514,2,True,PASS
Nikon D3X,FL2,True,0.2,0.35,camera_rgb_wb,1.33432825665,0.0298794132722,0.0223928505773,44.657110382,2,True,PASS
Nikon D3X,FL2,True,0.2,0.35,linear_srgb_unclipped,1.33050287263,0.0536608586117,0.0403312609957,24.7946623862,2,True,PASS
Nikon D3X,FL2,True,0.2,0.35,chromaticity,0.473639121774,0.0311807343751,0.0658322611915,15.1901207995,2,True,PASS
Nikon D3X,FL2,True,0.2,0.5,camera_rgb_wb,1.27476563613,0.0257389974371,0.0201911604044,49.5266235308,2,True,PASS
Nikon D3X,FL2,True,0.2,0.5,linear_srgb_unclipped,1.27628433671,0.0460017883629,0.0360435265401,27.7442330425,2,True,PASS
Nikon D3X,FL2,True,0.2,0.5,chromaticity,0.471861685048,0.027757927525,0.0588264069844,16.9991684222,2,True,PASS
Nikon D3X,FL2,True,0.2,0.65,camera_rgb_wb,1.22325112954,0.0225630034865,0.0184451115078,54.2149067288,2,True,PASS
Nikon D3X,FL2,True,0.2,0.65,linear_srgb_unclipped,1.22936189087,0.0401534098964,0.0326619933435,30.6166249403,2,True,PASS
Nikon D3X,FL2,True,0.2,0.65,chromaticity,0.470414578995,0.0250768230932,0.0533079207424,18.758938373,2,True,PASS
Nikon D3X,FL2,True,0.2,0.8,camera_rgb_wb,1.17791781948,0.0200441900837,0.0170166286239,58.7660471471,2,True,PASS
Nikon D3X,FL2,True,0.2,0.8,linear_srgb_unclipped,1.18803998023,0.0355338031425,0.0299096021461,33.4340789662,2,True,PASS
Nikon D3X,FL2,True,0.2,0.8,chromaticity,0.469197768792,0.022905820673,0.0488191167916,20.4837790136,2,True,PASS
Nikon D3X,FL2,True,0.35,0.2,camera_rgb_wb,0.91208104299,0.0236515047315,0.0259313631319,38.5633410366,2,True,PASS
Nikon D3X,FL2,True,0.35,0.2,linear_srgb_unclipped,0.930345882067,0.0440965337749,0.047397999631,21.0979367861,2,True,PASS
Nikon D3X,FL2,True,0.35,0.2,chromaticity,0.407447687349,0.0367855312847,0.0902828324391,11.0763029137,2,True,PASS
Nikon D3X,FL2,True,0.35,0.35,camera_rgb_wb,0.86946383123,0.019721184251,0.0226820064764,44.0878103548,2,True,PASS
Nikon D3X,FL2,True,0.35,0.35,linear_srgb_unclipped,0.892330923224,0.0366231011818,0.0410420621192,24.3652474648,2,True,PASS
Nikon D3X,FL2,True,0.35,0.35,chromaticity,0.405687155556,0.0319269554433,0.078698462611,12.7067285284,2,True,PASS
Nikon D3X,FL2,True,0.35,0.5,camera_rgb_wb,0.833306910606,0.0168666060427,0.0202405690245,49.405725639,2,True,PASS
Nikon D3X,FL2,True,0.35,0.5,linear_srgb_unclipped,0.859966776608,0.0312110036002,0.0362932667274,27.5533202208,2,True,PASS
Nikon D3X,FL2,True,0.35,0.5,chromaticity,0.404311116643,0.0283020998744,0.0700007956977,14.2855519003,2,True,PASS
Nikon D3X,FL2,True,0.35,0.65,camera_rgb_wb,0.801909564594,0.0146938210066,0.0183235387821,54.5746109358,2,True,PASS
Nikon D3X,FL2,True,0.35,0.65,linear_srgb_unclipped,0.831772262198,0.0271026325796,0.0325841985979,30.6897221055,2,True,PASS
Nikon D3X,FL2,True,0.35,0.65,chromaticity,0.403175574515,0.0254723764954,0.0631793642908,15.8279528644,2,True,PASS
Nikon D3X,FL2,True,0.35,0.8,camera_rgb_wb,0.774180446709,0.0129819399827,0.0167686229197,59.6351891736,2,True,PASS
Nikon D3X,FL2,True,0.35,0.8,linear_srgb_unclipped,0.806795236062,0.0238738496103,0.029590965022,33.7940989506,2,True,PASS
Nikon D3X,FL2,True,0.35,0.8,chromaticity,0.402201078923,0.0231884534707,0.0576538818166,17.3448858688,2,True,PASS
Nikon D3X,FL2,True,0.5,0.2,camera_rgb_wb,0.621022203632,0.0163227138376,0.026283623584,38.0465043871,2,True,PASS
Nikon D3X,FL2,True,0.5,0.2,linear_srgb_unclipped,0.661070865345,0.0307606016889,0.0465314738578,21.4908301219,2,True,PASS
Nikon D3X,FL2,True,0.5,0.2,chromaticity,0.347561632751,0.0359182496747,0.103343540512,9.67646352197,2,True,PASS
Nikon D3X,FL2,True,0.5,0.35,camera_rgb_wb,0.593794054746,0.0135157046004,0.0227616031053,43.9336366325,2,True,PASS
Nikon D3X,FL2,True,0.5,0.35,linear_srgb_unclipped,0.636403495247,0.0254120710541,0.0399307534353,25.0433541561,2,True,PASS
Nikon D3X,FL2,True,0.5,0.35,chromaticity,0.345993839983,0.0310759722659,0.0898165477958,11.1338057913,2,True,PASS
Nikon D3X,FL2,True,0.5,0.5,camera_rgb_wb,0.57060903765,0.0114902297777,0.0201367819637,49.6603678682,2,True,PASS
Nikon D3X,FL2,True,0.5,0.5,linear_srgb_unclipped,0.615283253419,0.0215578392062,0.0350372598091,28.5410447463,2,True,PASS
Nikon D3X,FL2,True,0.5,0.5,chromaticity,0.344764887982,0.0274693541454,0.0796756140284,12.5508916648,2,True,PASS
Nikon D3X,FL2,True,0.5,0.65,camera_rgb_wb,0.550410902916,0.00995703152146,0.0180901785715,55.2786140859,2,True,PASS
Nikon D3X,FL2,True,0.5,0.65,linear_srgb_unclipped,0.596790823709,0.0186442633795,0.0312408680543,32.0093538457,2,True,PASS
Nikon D3X,FL2,True,0.5,0.65,chromaticity,0.343736999246,0.0246590303504,0.0717380741802,13.9395991798,2,True,PASS
Nikon D3X,FL2,True,0.5,0.8,camera_rgb_wb,0.532520773938,0.00875488342253,0.0164404542527,60.8255699405,2,True,PASS
Nikon D3X,FL2,True,0.5,0.8,linear_srgb_unclipped,0.580333946332,0.0163628385334,0.0281955564323,35.4665814949,2,True,PASS
Nikon D3X,FL2,True,0.5,0.8,chromaticity,0.342837779357,0.0223950987873,0.0653227273532,15.3086075937,2,True,PASS
Nikon D3X,FL2,True,0.65,0.2,camera_rgb_wb,0.437592198696,0.0117001589664,0.0267375858191,37.4005344673,2,True,PASS
Nikon D3X,FL2,True,0.65,0.2,linear_srgb_unclipped,0.486828609727,0.0218555555536,0.0448937369681,22.2748220027,2,True,PASS
Nikon D3X,FL2,True,0.65,0.2,chromaticity,0.298138373545,0.033489534968,0.112328830971,8.90243396421,2,True,PASS
Nikon D3X,FL2,True,0.65,0.35,camera_rgb_wb,0.419461471822,0.00964444349349,0.0229924418364,43.4925532101,2,True,PASS
Nikon D3X,FL2,True,0.65,0.35,linear_srgb_unclipped,0.469876521903,0.0179878881141,0.0382821598348,26.1218281391,2,True,PASS
Nikon D3X,FL2,True,0.65,0.35,chromaticity,0.296425314016,0.0289322845007,0.0976039600286,10.2454859383,2,True,PASS
Nikon D3X,FL2,True,0.65,0.5,camera_rgb_wb,0.403974781504,0.00816635918344,0.0202150222176,49.4681623021,2,True,PASS
Nikon D3X,FL2,True,0.65,0.5,linear_srgb_unclipped,0.455295218388,0.0152096632289,0.0334061563018,29.9346022022,2,True,PASS
Nikon D3X,FL2,True,0.65,0.5,chromaticity,0.295086226,0.0255360969586,0.0865377462879,11.5556510644,2,True,PASS
Nikon D3X,FL2,True,0.65,0.65,camera_rgb_wb,0.390445884219,0.00705102455799,0.018058903533,55.3743475162,2,True,PASS
Nikon D3X,FL2,True,0.65,0.65,linear_srgb_unclipped,0.44247638747,0.0131153108593,0.0296407022627,33.7373922904,2,True,PASS
Nikon D3X,FL2,True,0.65,0.65,chromaticity,0.293963160595,0.0228900338511,0.077867015053,12.8424082947,2,True,PASS
Nikon D3X,FL2,True,0.65,0.8,camera_rgb_wb,0.378433065755,0.00617898476034,0.0163278141354,61.2451851612,2,True,PASS
Nikon D3X,FL2,True,0.65,0.8,linear_srgb_unclipped,0.431027215911,0.0114794352199,0.0266327387138,37.547771964,2,True,PASS
Nikon D3X,FL2,True,0.65,0.8,chromaticity,0.29297552129,0.0207594742943,0.0708573678883,14.1128584056,2,True,PASS
Nikon D3X,FL2,True,0.8,0.2,camera_rgb_wb,0.315672512238,0.00859294941592,0.0272210885737,36.7362237294,2,True,PASS
Nikon D3X,FL2,True,0.8,0.2,linear_srgb_unclipped,0.365231502122,0.0157172202678,0.0430335832932,23.2376651785,2,True,PASS
Nikon D3X,FL2,True,0.8,0.2,chromaticity,0.258590128982,0.0300081626201,0.116045274962,8.61732630071,2,True,PASS
Nikon D3X,FL2,True,0.8,0.35,camera_rgb_wb,0.303247615057,0.00706601054418,0.0233011248674,42.9163830369,2,True,PASS
Nikon D3X,FL2,True,0.8,0.35,linear_srgb_unclipped,0.3532121575,0.0129031679281,0.0365309280956,27.3740649945,2,True,PASS
Nikon D3X,FL2,True,0.8,0.35,chromaticity,0.256485889111,0.0259265921657,0.101083892979,9.89277292876,2,True,PASS
Nikon D3X,FL2,True,0.8,0.5,camera_rgb_wb,0.292603663975,0.00596984950608,0.0204025111134,49.0135745762,2,True,PASS
Nikon D3X,FL2,True,0.8,0.5,linear_srgb_unclipped,0.342830287575,0.0108858497948,0.0317528823715,31.4932039334,2,True,PASS
Nikon D3X,FL2,True,0.8,0.5,chromaticity,0.254852284511,0.0228765311918,0.0897638851295,11.1403377712,2,True,PASS
Nikon D3X,FL2,True,0.8,0.65,camera_rgb_wb,0.283281428317,0.00514392319811,0.018158349556,55.0710843469,2,True,PASS
Nikon D3X,FL2,True,0.8,0.65,linear_srgb_unclipped,0.33367024754,0.00936784639618,0.0280751624253,35.6186719368,2,True,PASS
Nikon D3X,FL2,True,0.8,0.65,chromaticity,0.2534910874,0.0204964175528,0.0808565609269,12.3675801758,2,True,PASS
Nikon D3X,FL2,True,0.8,0.8,camera_rgb_wb,0.274984812959,0.0044990556048,0.0163611057512,61.1205633168,2,True,PASS
Nikon D3X,FL2,True,0.8,0.8,linear_srgb_unclipped,0.325462819955,0.00818410789574,0.0251460609137,39.7676599699,2,True,PASS
Nikon D3X,FL2,True,0.8,0.8,chromaticity,0.252301721918,0.0185783359609,0.0736353910693,13.5804262798,2,True,PASS
Nikon D200,FL2,True,0.2,0.2,camera_rgb_wb,1.4089569976,0.0382731399393,0.0271641647008,36.8132063332,2,True,PASS
Nikon D200,FL2,True,0.2,0.2,linear_srgb_unclipped,1.39614489998,0.0622233750848,0.0445679922519,22.4376273077,2,True,PASS
Nikon D200,FL2,True,0.2,0.2,chromaticity,0.498358150544,0.0376308691623,0.0755096894096,13.2433335088,2,True,PASS
Nikon D200,FL2,True,0.2,0.35,camera_rgb_wb,1.33797437942,0.0322435496129,0.0240987795497,41.4958773301,2,True,PASS
Nikon D200,FL2,True,0.2,0.35,linear_srgb_unclipped,1.33174555652,0.0520807193635,0.0391071095438,25.5707980381,2,True,PASS
Nikon D200,FL2,True,0.2,0.35,chromaticity,0.495893985875,0.0328591510922,0.0662624513064,15.0915032614,2,True,PASS
Nikon D200,FL2,True,0.2,0.5,camera_rgb_wb,1.27801145761,0.0278125613909,0.0217623724931,45.9508723287,2,True,PASS
Nikon D200,FL2,True,0.2,0.5,linear_srgb_unclipped,1.27729813314,0.0446809309651,0.0349808159943,28.5870975727,2,True,PASS
Nikon D200,FL2,True,0.2,0.5,chromaticity,0.493955642307,0.0292850892256,0.0592868806778,16.867138034,2,True,PASS
Nikon D200,FL2,True,0.2,0.65,camera_rgb_wb,1.2261432914,0.0244074879524,0.0199059018009,50.2363575387,2,True,PASS
Nikon D200,FL2,True,0.2,0.65,linear_srgb_unclipped,1.23016094426,0.039028429861,0.0317262794296,31.5196114381,2,True,PASS
Nikon D200,FL2,True,0.2,0.65,chromaticity,0.492367236548,0.0264841615149,0.0537894472845,18.5910071675,2,True,PASS
Nikon D200,FL2,True,0.2,0.8,camera_rgb_wb,1.18049526894,0.0217029741777,0.0183846346094,54.3932485603,2,True,PASS
Nikon D200,FL2,True,0.2,0.8,linear_srgb_unclipped,1.18863940764,0.0345617964629,0.0290767715092,34.3917136634,2,True,PASS
Nikon D200,FL2,True,0.2,0.8,chromaticity,0.491026068845,0.0242147826735,0.0493146580393,20.277946553,2,True,PASS
Nikon D200,FL2,True,0.35,0.2,camera_rgb_wb,0.910201734805,0.0251335236286,0.0276131352727,36.2146489388,2,True,PASS
Nikon D200,FL2,True,0.35,0.2,linear_srgb_unclipped,0.930716726329,0.0424604108448,0.045621196701,21.9196354395,2,True,PASS
Nikon D200,FL2,True,0.35,0.2,chromaticity,0.425912440957,0.0391020902623,0.0918078142409,10.8923190065,2,True,PASS
Nikon D200,FL2,True,0.35,0.35,camera_rgb_wb,0.86747315994,0.0210035020318,0.0242122788366,41.3013581558,2,True,PASS
Nikon D200,FL2,True,0.35,0.35,linear_srgb_unclipped,0.892515732666,0.0352815916725,0.039530498322,25.2969237032,2,True,PASS
Nikon D200,FL2,True,0.35,0.35,chromaticity,0.424052521931,0.0339696168513,0.0801070978108,12.4832883393,2,True,PASS
Nikon D200,FL2,True,0.35,0.5,camera_rgb_wb,0.831219559258,0.0179965212997,0.0216507432955,46.1877907077,2,True,PASS
Nikon D200,FL2,True,0.35,0.5,linear_srgb_unclipped,0.859985327321,0.0300830782309,0.0349809203427,28.5870122971,2,True,PASS
Nikon D200,FL2,True,0.35,0.5,chromaticity,0.422586436714,0.0301399129955,0.0713224807446,14.0208247044,2,True,PASS
Nikon D200,FL2,True,0.35,0.65,camera_rgb_wb,0.799738466961,0.0157030044018,0.0196351745609,50.9290099205,2,True,PASS
Nikon D200,FL2,True,0.35,0.65,linear_srgb_unclipped,0.831642074634,0.026136463558,0.0314275387876,31.8192272948,2,True,PASS
Nikon D200,FL2,True,0.35,0.65,chromaticity,0.421371131542,0.0271492248052,0.0644306711421,15.5205584898,2,True,PASS
Nikon D200,FL2,True,0.35,0.8,camera_rgb_wb,0.77193660648,0.0138927899846,0.0179973198162,55.5638289597,2,True,PASS
Nikon D200,FL2,True,0.35,0.8,linear_srgb_unclipped,0.806531448095,0.023034270409,0.0285596680247,35.0144126023,2,True,PASS
Nikon D200,FL2,True,0.35,0.8,chromaticity,0.420326479126,0.0247342548723,0.0588453407069,16.9936988721,2,True,PASS
Nikon D200,FL2,True,0.5,0.2,camera_rgb_wb,0.61800156041,0.0170378322176,0.0275692381849,36.2723116719,2,True,PASS
Nikon D200,FL2,True,0.5,0.2,linear_srgb_unclipped,0.66102360492,0.0294730209913,0.0445869417853,22.4280912742,2,True,PASS
Nikon D200,FL2,True,0.5,0.2,chromaticity,0.362004969163,0.0384731653569,0.106278003437,9.40928477823,2,True,PASS
Nikon D200,FL2,True,0.5,0.35,camera_rgb_wb,0.590747434,0.0141386239575,0.023933449633,41.7825267705,2,True,PASS
Nikon D200,FL2,True,0.5,0.35,linear_srgb_unclipped,0.636236883328,0.0243518629613,0.0382748369348,26.1268258753,2,True,PASS
Nikon D200,FL2,True,0.5,0.35,chromaticity,0.360429711917,0.0333064146407,0.0924075167485,10.8216304819,2,True,PASS
Nikon D200,FL2,True,0.5,0.5,camera_rgb_wb,0.567543345405,0.0120425486015,0.0212187292813,47.12817562,2,True,PASS
Nikon D200,FL2,True,0.5,0.5,linear_srgb_unclipped,0.61501053919,0.0206629172921,0.0335976637397,29.7639742974,2,True,PASS
Nikon D200,FL2,True,0.5,0.5,chromaticity,0.359186477451,0.0294588829721,0.0820155680168,12.1928070997,2,True,PASS
Nikon D200,FL2,True,0.5,0.65,camera_rgb_wb,0.547331778343,0.0104531211868,0.0190983268292,52.3606077613,2,True,PASS
Nikon D200,FL2,True,0.5,0.65,linear_srgb_unclipped,0.596423641753,0.0178747863204,0.0299699493265,33.3667564502,2,True,PASS
Nikon D200,FL2,True,0.5,0.65,chromaticity,0.358142855242,0.0264606082595,0.0738828315914,13.5349441604,2,True,PASS
Nikon D200,FL2,True,0.5,0.8,camera_rgb_wb,0.52943273555,0.00920490682369,0.0173863575212,57.5163600991,2,True,PASS
Nikon D200,FL2,True,0.5,0.8,linear_srgb_unclipped,0.579882259529,0.0156917083848,0.0270601628639,36.9546925874,2,True,PASS
Nikon D200,FL2,True,0.5,0.8,chromaticity,0.357228535866,0.024044726608,0.0673090870239,14.8568350013,2,True,PASS
Nikon D200,FL2,True,0.65,0.2,camera_rgb_wb,0.434859645868,0.0120213624394,0.0276442354531,36.1739069143,2,True,PASS
Nikon D200,FL2,True,0.65,0.2,linear_srgb_unclipped,0.486699232342,0.0208852572401,0.042912040645,23.3034827748,2,True,PASS
Nikon D200,FL2,True,0.65,0.2,chromaticity,0.309241521345,0.0360305649086,0.116512700985,8.58275528374,2,True,PASS
Nikon D200,FL2,True,0.65,0.35,camera_rgb_wb,0.416715806302,0.00992645089248,0.0238206728479,41.9803423011,2,True,PASS
Nikon D200,FL2,True,0.65,0.35,linear_srgb_unclipped,0.469668034931,0.0171876698007,0.0365953578323,27.3258702533,2,True,PASS
Nikon D200,FL2,True,0.65,0.35,chromaticity,0.307583700203,0.031136018366,0.101227790502,9.87871013524,2,True,PASS
Nikon D200,FL2,True,0.65,0.5,camera_rgb_wb,0.401222755743,0.00841828299665,0.0209815691562,47.6608776282,2,True,PASS
Nikon D200,FL2,True,0.65,0.5,linear_srgb_unclipped,0.455015951806,0.0145331316258,0.0319398288523,31.3088715855,2,True,PASS
Nikon D200,FL2,True,0.65,0.5,chromaticity,0.306282020597,0.0274905147351,0.0897555614968,11.1413708891,2,True,PASS
Nikon D200,FL2,True,0.65,0.65,camera_rgb_wb,0.387692397253,0.00727883864834,0.0187747778907,53.2629470144,2,True,PASS
Nikon D200,FL2,True,0.65,0.65,linear_srgb_unclipped,0.442133887661,0.0125326808048,0.0283458951112,35.2784766922,2,True,PASS
Nikon D200,FL2,True,0.65,0.65,chromaticity,0.305186635439,0.0246508378127,0.0807729924911,12.3803757811,2,True,PASS
Nikon D200,FL2,True,0.65,0.8,camera_rgb_wb,0.375681726466,0.00638689794603,0.0170008214296,58.820687232,2,True,PASS
Nikon D200,FL2,True,0.65,0.8,linear_srgb_unclipped,0.430628039952,0.0109704425585,0.0254754487416,39.2534793064,2,True,PASS
Nikon D200,FL2,True,0.65,0.8,chromaticity,0.30422088419,0.0223644620165,0.0735138946034,13.60287066,2,True,PASS
Nikon D200,FL2,True,0.8,0.2,camera_rgb_wb,0.313490235193,0.00873454446153,0.0278622536876,35.890851157,2,True,PASS
Nikon D200,FL2,True,0.8,0.2,linear_srgb_unclipped,0.365125949402,0.0150011769083,0.0410849377669,24.3398202444,2,True,PASS
Nikon D200,FL2,True,0.8,0.2,chromaticity,0.267260201657,0.0323024001513,0.120864984577,8.27369484635,2,True,PASS
Nikon D200,FL2,True,0.8,0.35,camera_rgb_wb,0.301052599384,0.0071915488786,0.0238880145639,41.8619972507,2,True,PASS
Nikon D200,FL2,True,0.8,0.35,linear_srgb_unclipped,0.353049898378,0.0123128012273,0.0348755268982,28.6734019222,2,True,PASS
Nikon D200,FL2,True,0.8,0.35,chromaticity,0.265232159279,0.0279102238311,0.105229410743,9.50304665717,2,True,PASS
Nikon D200,FL2,True,0.8,0.5,camera_rgb_wb,0.290402676267,0.00608302293719,0.0209468556398,47.7398621156,2,True,PASS
Nikon D200,FL2,True,0.8,0.5,linear_srgb_unclipped,0.342617226827,0.0103867542555,0.0303159136267,32.9859760228,2,True,PASS
Nikon D200,FL2,True,0.8,0.5,chromaticity,0.26365470903,0.0246307168035,0.0934203560942,10.7043051623,2,True,PASS
Nikon D200,FL2,True,0.8,0.65,camera_rgb_wb,0.28107918143,0.00524709237589,0.0186676663465,53.568559746,2,True,PASS
Nikon D200,FL2,True,0.8,0.65,linear_srgb_unclipped,0.33341179424,0.00893796978552,0.0268075993109,37.3028553732,2,True,PASS
Nikon D200,FL2,True,0.8,0.65,chromaticity,0.26233746457,0.0220726676457,0.0841384499992,11.8851725936,2,True,PASS
Nikon D200,FL2,True,0.8,0.8,camera_rgb_wb,0.272784678394,0.00459387286498,0.0168406557584,59.3801105105,2,True,PASS
Nikon D200,FL2,True,0.8,0.8,linear_srgb_unclipped,0.325163695581,0.00780846683713,0.0240139564879,41.642450735,2,True,PASS
Nikon D200,FL2,True,0.8,0.8,chromaticity,0.261183978745,0.0200116389566,0.0766189375504,13.0516035849,2,True,PASS
Nikon D3,FL2,True,0.2,0.2,camera_rgb_wb,1.40833398293,0.0387059767742,0.0274835211274,36.3854396737,2,True,PASS
Nikon D3,FL2,True,0.2,0.2,linear_srgb_unclipped,1.39548842497,0.0626522198159,0.0448962662069,22.2735671468,2,True,PASS
Nikon D3,FL2,True,0.2,0.2,chromaticity,0.487460511297,0.0377970261061,0.0775386420647,12.8967953703,2,True,PASS
Nikon D3,FL2,True,0.2,0.35,camera_rgb_wb,1.33712385394,0.0326009962533,0.0243814334456,41.0148157299,2,True,PASS
Nikon D3,FL2,True,0.2,0.35,linear_srgb_unclipped,1.33098073733,0.0524649820578,0.0394182880236,25.3689353379,2,True,PASS
Nikon D3,FL2,True,0.2,0.35,chromaticity,0.485337683774,0.0330419261728,0.0680802815803,14.688540893,2,True,PASS
Nikon D3,FL2,True,0.2,0.5,camera_rgb_wb,1.27697157817,0.0281130442594,0.0220154032713,45.4227427805,2,True,PASS
Nikon D3,FL2,True,0.2,0.5,linear_srgb_unclipped,1.27644369545,0.0450256547965,0.0352742976106,28.3492533583,2,True,PASS
Nikon D3,FL2,True,0.2,0.5,chromaticity,0.483699026081,0.0294757487433,0.060938201555,16.4100674861,2,True,PASS
Nikon D3,FL2,True,0.2,0.65,camera_rgb_wb,1.22494110569,0.0246636415469,0.0201345529449,49.6658655762,2,True,PASS
Nikon D3,FL2,True,0.2,0.65,linear_srgb_unclipped,1.22923052292,0.0393390971893,0.0320030266542,31.2470445625,2,True,PASS
Nikon D3,FL2,True,0.2,0.65,chromaticity,0.482379825265,0.0266781097201,0.055305193797,18.0814844203,2,True,PASS
Nikon D3,FL2,True,0.2,0.8,camera_rgb_wb,1.1791513499,0.0219237643827,0.0185928332139,53.7841644948,2,True,PASS
Nikon D3,FL2,True,0.2,0.8,linear_srgb_unclipped,1.18764351783,0.034843242734,0.0293381323696,34.0853326108,2,True,PASS
Nikon D3,FL2,True,0.2,0.8,chromaticity,0.481284211868,0.0244094075151,0.0507172413163,19.7171607533,2,True,PASS
Nikon D3,FL2,True,0.35,0.2,camera_rgb_wb,0.91171715255,0.0253548372127,0.0278099815736,35.9583122108,2,True,PASS
Nikon D3,FL2,True,0.35,0.2,linear_srgb_unclipped,0.929704635905,0.0427085002227,0.0459377081422,21.7686088497,2,True,PASS
Nikon D3,FL2,True,0.35,0.2,chromaticity,0.417362944903,0.0392817541044,0.0941189307392,10.6248550865,2,True,PASS
Nikon D3,FL2,True,0.35,0.35,camera_rgb_wb,0.868569273971,0.0211932492083,0.0244001829715,40.9832992305,2,True,PASS
Nikon D3,FL2,True,0.35,0.35,linear_srgb_unclipped,0.891384860323,0.035509899033,0.0398367760252,25.1024329721,2,True,PASS
Nikon D3,FL2,True,0.35,0.35,chromaticity,0.415882327704,0.0341613274058,0.0821418106279,12.1740681433,2,True,PASS
Nikon D3,FL2,True,0.35,0.5,camera_rgb_wb,0.831975674934,0.018160879059,0.0218286178385,45.8114209246,2,True,PASS
Nikon D3,FL2,True,0.35,0.5,linear_srgb_unclipped,0.858763055762,0.030291819151,0.0352737800582,28.349669311,2,True,PASS
Nikon D3,FL2,True,0.35,0.5,chromaticity,0.414747432729,0.0303362756554,0.0731439745288,13.6716661412,2,True,PASS
Nikon D3,FL2,True,0.35,0.65,camera_rgb_wb,0.800210534725,0.0158467412545,0.0198032149876,50.4968511742,2,True,PASS
Nikon D3,FL2,True,0.35,0.65,linear_srgb_unclipped,0.830347209371,0.0263274028609,0.0317064988763,31.5392753991,2,True,PASS
Nikon D3,FL2,True,0.35,0.65,chromaticity,0.413827891101,0.0273464707191,0.0660817487345,15.1327714407,2,True,PASS
Nikon D3,FL2,True,0.35,0.8,camera_rgb_wb,0.77216640618,0.0140195371708,0.0181561086555,55.0778814432,2,True,PASS
Nikon D3,FL2,True,0.35,0.8,linear_srgb_unclipped,0.805177715563,0.0232094113563,0.0288252033157,34.6918628483,2,True,PASS
Nikon D3,FL2,True,0.35,0.8,chromaticity,0.413051462557,0.0249303252878,0.0603564629295,16.5682339797,2,True,PASS
Nikon D3,FL2,True,0.5,0.2,camera_rgb_wb,0.619339425429,0.0171684526552,0.0277205873715,36.0742716812,2,True,PASS
Nikon D3,FL2,True,0.5,0.2,linear_srgb_unclipped,0.659985157863,0.0296091476408,0.0448633538013,22.289907358,2,True,PASS
Nikon D3,FL2,True,0.5,0.2,chromaticity,0.356200947559,0.0386355775828,0.108465678847,9.21950621277,2,True,PASS
Nikon D3,FL2,True,0.5,0.35,camera_rgb_wb,0.591698299577,0.0142558658011,0.0240931329552,41.5056025241,2,True,PASS
Nikon D3,FL2,True,0.5,0.35,linear_srgb_unclipped,0.63509769472,0.0244817002744,0.0385479281029,25.9417314812,2,True,PASS
Nikon D3,FL2,True,0.5,0.35,chromaticity,0.354989105834,0.0334812692952,0.0943163289944,10.6026179206,2,True,PASS
Nikon D3,FL2,True,0.5,0.5,camera_rgb_wb,0.568183392083,0.0121477722746,0.0213800199793,46.7726410438,2,True,PASS
Nikon D3,FL2,True,0.5,0.5,linear_srgb_unclipped,0.613796545431,0.0207844292152,0.0338620824277,29.5315564875,2,True,PASS
Nikon D3,FL2,True,0.5,0.5,chromaticity,0.354063645178,0.0296387327818,0.0837101837069,11.9459778454,2,True,PASS
Nikon D3,FL2,True,0.5,0.65,camera_rgb_wb,0.547714520481,0.0105479086645,0.0192580409503,51.9263616991,2,True,PASS
Nikon D3,FL2,True,0.5,0.65,linear_srgb_unclipped,0.595152260684,0.0179878492604,0.0302239451124,33.0863491275,2,True,PASS
Nikon D3,FL2,True,0.5,0.65,chromaticity,0.353303734292,0.0266416513846,0.0754072170736,13.2613301327,2,True,PASS
Nikon D3,FL2,True,0.5,0.8,camera_rgb_wb,0.529597903007,0.00929068418898,0.0175429021456,57.0031110987,2,True,PASS
Nikon D3,FL2,True,0.5,0.8,linear_srgb_unclipped,0.578565937367,0.0157968210935,0.0273034067049,36.6254662215,2,True,PASS
Nikon D3,FL2,True,0.5,0.8,chromaticity,0.352646405398,0.0242248837542,0.0686945432687,14.5571970118,2,True,PASS
Nikon D3,FL2,True,0.65,0.2,camera_rgb_wb,0.435546597446,0.0121183862609,0.0278233978454,35.9409733332,2,True,PASS
Nikon D3,FL2,True,0.65,0.2,linear_srgb_unclipped,0.485805968627,0.0209693343267,0.0431640113149,23.1674482871,2,True,PASS
Nikon D3,FL2,True,0.65,0.2,chromaticity,0.306008447927,0.0361657369984,0.118185420185,8.46128057449,2,True,PASS
Nikon D3,FL2,True,0.65,0.35,camera_rgb_wb,0.417104397522,0.0100153798872,0.024011686155,41.6463880772,2,True,PASS
Nikon D3,FL2,True,0.65,0.35,linear_srgb_unclipped,0.468695110861,0.0172694028736,0.0368457073125,27.1402036476,2,True,PASS
Nikon D3,FL2,True,0.65,0.35,chromaticity,0.304671529331,0.0312858949064,0.102687294002,9.73830316319,2,True,PASS
Nikon D3,FL2,True,0.65,0.5,camera_rgb_wb,0.401373699211,0.00849945517543,0.0211759145956,47.2234620839,2,True,PASS
Nikon D3,FL2,True,0.65,0.5,linear_srgb_unclipped,0.453984905373,0.0146105208444,0.0321828339918,31.0724655341,2,True,PASS
Nikon D3,FL2,True,0.65,0.5,chromaticity,0.303652005685,0.0276470180605,0.0910483630696,10.9831738461,2,True,PASS
Nikon D3,FL2,True,0.65,0.65,camera_rgb_wb,0.387648151119,0.00735303035266,0.0189683101323,52.719509172,2,True,PASS
Nikon D3,FL2,True,0.65,0.65,linear_srgb_unclipped,0.441059033851,0.0126052818094,0.0285795796979,34.9900177179,2,True,PASS
Nikon D3,FL2,True,0.65,0.65,chromaticity,0.302809183147,0.024809790239,0.0819320932778,12.2052294772,2,True,PASS
Nikon D3,FL2,True,0.65,0.8,camera_rgb_wb,0.375473665634,0.00645491700092,0.0171913974047,58.1686279747,2,True,PASS
Nikon D3,FL2,True,0.65,0.8,linear_srgb_unclipped,0.429519506654,0.01103836496,0.0256993332993,38.9115152659,2,True,PASS
Nikon D3,FL2,True,0.65,0.8,chromaticity,0.302072401171,0.0225235428258,0.0745633918838,13.4114070556,2,True,PASS
Nikon D3,FL2,True,0.8,0.2,camera_rgb_wb,0.313626700961,0.00881945402851,0.0281208647143,35.5607841423,2,True,PASS
Nikon D3,FL2,True,0.8,0.2,linear_srgb_unclipped,0.364415687885,0.0150636350851,0.0413364067078,24.1917495894,2,True,PASS
Nikon D3,FL2,True,0.8,0.2,chromaticity,0.266157639421,0.0324213995485,0.121812770879,8.20931986675,2,True,PASS
Nikon D3,FL2,True,0.8,0.35,camera_rgb_wb,0.300975822861,0.00726878935576,0.0241507416997,41.4065958071,2,True,PASS
Nikon D3,FL2,True,0.8,0.35,linear_srgb_unclipped,0.352278000791,0.0123727782404,0.0351221995487,28.4720209113,2,True,PASS
Nikon D3,FL2,True,0.8,0.35,chromaticity,0.264400066023,0.0280440637119,0.106066780292,9.42802258399,2,True,PASS
Nikon D3,FL2,True,0.8,0.5,camera_rgb_wb,0.290157498348,0.00615327515286,0.0212066728859,47.1549688807,2,True,PASS
Nikon D3,FL2,True,0.8,0.5,linear_srgb_unclipped,0.341800647871,0.0104431135369,0.0305532292052,32.7297646113,2,True,PASS
Nikon D3,FL2,True,0.8,0.5,chromaticity,0.263062282105,0.0247713582208,0.0941653741564,10.619614789,2,True,PASS
Nikon D3,FL2,True,0.8,0.65,camera_rgb_wb,0.280696814714,0.00531120593606,0.0189215041199,52.849921109,2,True,PASS
Nikon D3,FL2,True,0.8,0.65,linear_srgb_unclipped,0.332561756891,0.00899056319109,0.027034266583,36.990091702,2,True,PASS
Nikon D3,FL2,True,0.8,0.65,chromaticity,0.261960394849,0.0222159490855,0.0848065185511,11.7915464175,2,True,PASS
Nikon D3,FL2,True,0.8,0.8,camera_rgb_wb,0.272288084195,0.00465263389133,0.0170871740682,58.5234279237,2,True,PASS
Nikon D3,FL2,True,0.8,0.8,linear_srgb_unclipped,0.324288108264,0.00785747792241,0.0242299292579,41.2712719611,2,True,PASS
Nikon D3,FL2,True,0.8,0.8,chromaticity,0.26100244999,0.0201552492615,0.0772224523648,12.9496016945,2,True,PASS
Nikon D300s,FL2,True,0.2,0.2,camera_rgb_wb,1.409570518,0.036259097676,0.025723507418,38.8749474848,2,True,PASS
Nikon D300s,FL2,True,0.2,0.2,linear_srgb_unclipped,1.39981984788,0.0658907101335,0.0470708500335,21.2445706693,2,True,PASS
Nikon D300s,FL2,True,0.2,0.2,chromaticity,0.457969768266,0.0353977673003,0.0772928034843,12.9378150995,2,True,PASS
Nikon D300s,FL2,True,0.2,0.35,camera_rgb_wb,1.33830195845,0.0305294942725,0.0228121120795,43.8363618641,2,True,PASS
Nikon D300s,FL2,True,0.2,0.35,linear_srgb_unclipped,1.3357037089,0.0551524297817,0.0412909161022,24.2184018762,2,True,PASS
Nikon D300s,FL2,True,0.2,0.35,chromaticity,0.456499336338,0.0309327511121,0.0677607800271,14.7577994173,2,True,PASS
Nikon D300s,FL2,True,0.2,0.5,camera_rgb_wb,1.27807579739,0.0263204092187,0.0205937779844,48.5583558665,2,True,PASS
Nikon D300s,FL2,True,0.2,0.5,linear_srgb_unclipped,1.28145522258,0.0473137017567,0.0369218533142,27.0842308887,2,True,PASS
Nikon D300s,FL2,True,0.2,0.5,chromaticity,0.455415268096,0.0275862719641,0.0605738847524,16.5087645293,2,True,PASS
Nikon D300s,FL2,True,0.2,0.65,camera_rgb_wb,1.22596253616,0.0230867535104,0.0188315326361,53.1024223743,2,True,PASS
Nikon D300s,FL2,True,0.2,0.65,linear_srgb_unclipped,1.23446023119,0.0413234229584,0.0334748920332,29.8731359315,2,True,PASS
Nikon D300s,FL2,True,0.2,0.65,chromaticity,0.454579090123,0.0249621156971,0.0549125910968,18.2107596824,2,True,PASS
Nikon D300s,FL2,True,0.2,0.8,camera_rgb_wb,1.18008514465,0.0205190417902,0.0173877638263,57.5117082327,2,True,PASS
Nikon D300s,FL2,True,0.2,0.8,linear_srgb_unclipped,1.19304064306,0.036588479943,0.0306682594226,32.6070021197,2,True,PASS
Nikon D300s,FL2,True,0.2,0.8,chromaticity,0.45391161169,0.0228347862716,0.0503066801632,19.8780757696,2,True,PASS
Nikon D300s,FL2,True,0.35,0.2,camera_rgb_wb,0.913998098527,0.0237221583537,0.0259542753885,38.5292975833,2,True,PASS
Nikon D300s,FL2,True,0.35,0.2,linear_srgb_unclipped,0.931530292805,0.0449438671784,0.0482473490401,20.7265273615,2,True,PASS
Nikon D300s,FL2,True,0.35,0.2,chromaticity,0.395323349935,0.0366068723521,0.0925998233044,10.7991566756,2,True,PASS
Nikon D300s,FL2,True,0.35,0.35,camera_rgb_wb,0.870529727113,0.0198255964699,0.02277417514,43.9093839339,2,True,PASS
Nikon D300s,FL2,True,0.35,0.35,linear_srgb_unclipped,0.893387882482,0.0373754333272,0.0418356170484,23.903077582,2,True,PASS
Nikon D300s,FL2,True,0.35,0.35,chromaticity,0.394363201385,0.0318376134386,0.0807317044967,12.3867073814,2,True,PASS
Nikon D300s,FL2,True,0.35,0.5,camera_rgb_wb,0.833659874725,0.016987669997,0.0203772191897,49.0744095497,2,True,PASS
Nikon D300s,FL2,True,0.35,0.5,linear_srgb_unclipped,0.860898907087,0.0318880668541,0.0370404313347,26.9975257838,2,True,PASS
Nikon D300s,FL2,True,0.35,0.5,chromaticity,0.393671138126,0.0282756554944,0.0718255740795,13.9226175748,2,True,PASS
Nikon D300s,FL2,True,0.35,0.65,camera_rgb_wb,0.801651700057,0.0148225036551,0.0184899547447,54.0834206361,2,True,PASS
Nikon D300s,FL2,True,0.35,0.65,linear_srgb_unclipped,0.832585241012,0.0277180613673,0.0332915598331,30.037643325,2,True,PASS
Nikon D300s,FL2,True,0.35,0.65,chromaticity,0.393137827472,0.0254916972481,0.0648416292374,15.4221911411,2,True,PASS
Nikon D300s,FL2,True,0.35,0.8,camera_rgb_wb,0.773390682438,0.0131132136795,0.0169554844366,58.9779669075,2,True,PASS
Nikon D300s,FL2,True,0.35,0.8,linear_srgb_unclipped,0.807495657464,0.0244376512108,0.0302635079024,33.0430961019,2,True,PASS
Nikon D300s,FL2,True,0.35,0.8,chromaticity,0.39270435094,0.0232419109936,0.0591842462096,16.8963882121,2,True,PASS
Nikon D300s,FL2,True,0.5,0.2,camera_rgb_wb,0.619987665831,0.0160761938065,0.0259298606932,38.5655754897,2,True,PASS
Nikon D300s,FL2,True,0.5,0.2,linear_srgb_unclipped,0.660584198568,0.0310750630887,0.0470417899128,21.2576945277,2,True,PASS
Nikon D300s,FL2,True,0.5,0.2,chromaticity,0.340437081133,0.0359712988353,0.105662105654,9.4641309087,2,True,PASS
Nikon D300s,FL2,True,0.5,0.35,camera_rgb_wb,0.592076616053,0.0133482113812,0.0225447366426,44.356251122,2,True,PASS
Nikon D300s,FL2,True,0.5,0.35,linear_srgb_unclipped,0.635775649679,0.0257091705541,0.0404374885498,24.7295278679,2,True,PASS
Nikon D300s,FL2,True,0.5,0.35,chromaticity,0.339618896461,0.031187674652,0.0918313879968,10.8895228725,2,True,PASS
Nikon D300s,FL2,True,0.5,0.5,camera_rgb_wb,0.56833457208,0.0113743831265,0.0200135337269,49.9661885624,2,True,PASS
Nikon D300s,FL2,True,0.5,0.5,linear_srgb_unclipped,0.614536434959,0.0218378557495,0.0355354939222,28.1408780243,2,True,PASS
Nikon D300s,FL2,True,0.5,0.5,chromaticity,0.339028515987,0.027620708997,0.0814701645865,12.2744320584,2,True,PASS
Nikon D300s,FL2,True,0.5,0.65,camera_rgb_wb,0.547670146029,0.0098766809393,0.0180339954824,55.4508290178,2,True,PASS
Nikon D300s,FL2,True,0.5,0.65,linear_srgb_unclipped,0.595941994339,0.018908108678,0.031728102496,31.5178003515,2,True,PASS
Nikon D300s,FL2,True,0.5,0.65,chromaticity,0.338561419915,0.0248377579172,0.0733626351266,13.6309171321,2,True,PASS
Nikon D300s,FL2,True,0.5,0.8,camera_rgb_wb,0.529382391576,0.00869985249453,0.0164339665107,60.8495824394,2,True,PASS
Nikon D300s,FL2,True,0.5,0.8,linear_srgb_unclipped,0.579396456253,0.0166116615425,0.0286706302105,34.8788984636,2,True,PASS
Nikon D300s,FL2,True,0.5,0.8,chromaticity,0.338164787281,0.0225929505944,0.0668104765611,14.9677124229,2,True,PASS
Nikon D300s,FL2,True,0.65,0.2,camera_rgb_wb,0.434707817961,0.011367304734,0.0261492990563,38.241942847,2,True,PASS
Nikon D300s,FL2,True,0.65,0.2,linear_srgb_unclipped,0.485901832107,0.0219142254678,0.0451001087458,22.1728955386,2,True,PASS
Nikon D300s,FL2,True,0.65,0.2,chromaticity,0.294869593355,0.033795363393,0.1146112185,8.72514936225,2,True,PASS
Nikon D300s,FL2,True,0.65,0.35,camera_rgb_wb,0.416094109183,0.00939469097036,0.022578284006,44.2903455255,2,True,PASS
Nikon D300s,FL2,True,0.65,0.35,linear_srgb_unclipped,0.468825192284,0.0180614337275,0.038524878835,25.9572523066,2,True,PASS
Nikon D300s,FL2,True,0.65,0.35,chromaticity,0.293843902954,0.0292575167105,0.0995682279481,10.0433644407,2,True,PASS
Nikon D300s,FL2,True,0.65,0.5,camera_rgb_wb,0.400221457603,0.00797308358923,0.0199216794546,50.1965711413,2,True,PASS
Nikon D300s,FL2,True,0.65,0.5,linear_srgb_unclipped,0.454143888139,0.0152909642527,0.0336698668684,29.7001471348,2,True,PASS
Nikon D300s,FL2,True,0.65,0.5,chromaticity,0.293086455721,0.0258719636348,0.0882741700606,11.3283421335,2,True,PASS
Nikon D300s,FL2,True,0.65,0.65,camera_rgb_wb,0.386375596232,0.00689810781477,0.0178533734585,56.0118233299,2,True,PASS
Nikon D300s,FL2,True,0.65,0.65,linear_srgb_unclipped,0.441242778428,0.0132003236543,0.0299162372726,33.4266636171,2,True,PASS
Nikon D300s,FL2,True,0.65,0.65,chromaticity,0.292471408557,0.0232308312763,0.0794294094964,12.5897952199,2,True,PASS
Nikon D300s,FL2,True,0.65,0.8,camera_rgb_wb,0.374097395764,0.00605600815865,0.0161883194784,61.772934574,2,True,PASS
Nikon D300s,FL2,True,0.65,0.8,linear_srgb_unclipped,0.429724682196,0.0115657750802,0.0269143839285,37.1548538007,2,True,PASS
Nikon D300s,FL2,True,0.65,0.8,chromaticity,0.291936899548,0.0211014562589,0.0722808808736,13.8349171719,2,True,PASS
Nikon D300s,FL2,True,0.8,0.2,camera_rgb_wb,0.311969822674,0.00829130345959,0.0265772611867,37.6261493979,2,True,PASS
Nikon D300s,FL2,True,0.8,0.2,linear_srgb_unclipped,0.364342236851,0.0156787643514,0.0430330682681,23.2379432898,2,True,PASS
Nikon D300s,FL2,True,0.8,0.2,chromaticity,0.258099441143,0.0305504302394,0.118366898061,8.44830790009,2,True,PASS
Nikon D300s,FL2,True,0.8,0.35,camera_rgb_wb,0.299223412978,0.00683394164219,0.0228389268546,43.7848943765,2,True,PASS
Nikon D300s,FL2,True,0.8,0.35,linear_srgb_unclipped,0.352217765163,0.0128880461188,0.0365911302427,27.3290273727,2,True,PASS
Nikon D300s,FL2,True,0.8,0.35,chromaticity,0.256618922311,0.0264476951245,0.103062139324,9.70288416828,2,True,PASS
Nikon D300s,FL2,True,0.8,0.5,camera_rgb_wb,0.288327887172,0.00578569086243,0.0200663588915,49.8346513888,2,True,PASS
Nikon D300s,FL2,True,0.8,0.5,linear_srgb_unclipped,0.341752977015,0.0108855851704,0.0318522029141,31.3950028102,2,True,PASS
Nikon D300s,FL2,True,0.8,0.5,chromaticity,0.255508079946,0.0233786193903,0.0914985521992,10.9291346799,2,True,PASS
Nikon D300s,FL2,True,0.8,0.65,camera_rgb_wb,0.27880328611,0.00499443426797,0.0179138285551,55.822796167,2,True,PASS
Nikon D300s,FL2,True,0.8,0.65,linear_srgb_unclipped,0.33252580507,0.00937738145183,0.0282004623667,35.4604114995,2,True,PASS
Nikon D300s,FL2,True,0.8,0.65,chromaticity,0.25459986026,0.0209807826517,0.0824068898949,12.134907667,2,True,PASS
Nikon D300s,FL2,True,0.8,0.8,camera_rgb_wb,0.270340732249,0.0043755989629,0.0161854964529,61.7837088229,2,True,PASS
Nikon D300s,FL2,True,0.8,0.8,linear_srgb_unclipped,0.324262992798,0.00820025883651,0.0252889136862,39.5430192221,2,True,PASS
Nikon D300s,FL2,True,0.8,0.8,chromaticity,0.253811743155,0.019045993868,0.0750398450099,13.3262535373,2,True,PASS
Nikon D40,FL2,True,0.2,0.2,camera_rgb_wb,1.38137007053,0.0353589258617,0.0255969972248,39.0670824089,2,True,PASS
Nikon D40,FL2,True,0.2,0.2,linear_srgb_unclipped,1.37634918434,0.0572120138171,0.041567949811,24.0569959439,2,True,PASS
Nikon D40,FL2,True,0.2,0.2,chromaticity,0.503928084339,0.0336672338445,0.0668096002005,14.9679087586,2,True,PASS
Nikon D40,FL2,True,0.2,0.35,camera_rgb_wb,1.30919101482,0.0299442603376,0.0228723387181,43.7209334964,2,True,PASS
Nikon D40,FL2,True,0.2,0.35,linear_srgb_unclipped,1.3103568639,0.0480183831561,0.0366452715891,27.2886502579,2,True,PASS
Nikon D40,FL2,True,0.2,0.35,chromaticity,0.500417174827,0.0295392099527,0.0590291689388,16.940777212,2,True,PASS
Nikon D40,FL2,True,0.2,0.5,camera_rgb_wb,1.24842263771,0.0259351208097,0.0207743115402,48.1363725611,2,True,PASS
Nikon D40,FL2,True,0.2,0.5,linear_srgb_unclipped,1.25478417009,0.0412890255478,0.0329052808699,30.3902587538,2,True,PASS
Nikon D40,FL2,True,0.2,0.5,chromaticity,0.4976445471,0.026436580615,0.0531234206605,18.8240890283,2,True,PASS
Nikon D40,FL2,True,0.2,0.65,camera_rgb_wb,1.19600357684,0.0228361718164,0.019093732041,52.3732080167,2,True,PASS
Nikon D40,FL2,True,0.2,0.65,linear_srgb_unclipped,1.20683019621,0.0361348531853,0.029941953142,33.3979548782,2,True,PASS
Nikon D40,FL2,True,0.2,0.65,chromaticity,0.495373998063,0.0239973973901,0.0484429895067,20.6428218032,2,True,PASS
Nikon D40,FL2,True,0.2,0.8,camera_rgb_wb,1.14997967936,0.020363057799,0.0177073196722,56.4738209119,2,True,PASS
Nikon D40,FL2,True,0.2,0.8,linear_srgb_unclipped,1.16470667249,0.0320525897398,0.027519881612,36.3373656216,2,True,PASS
Nikon D40,FL2,True,0.2,0.8,chromaticity,0.49346489655,0.0220151131484,0.0446133317736,22.4148244537,2,True,PASS
Nikon D40,FL2,True,0.35,0.2,camera_rgb_wb,0.891760387292,0.0225366210695,0.0252720589417,39.5693917266,2,True,PASS
Nikon D40,FL2,True,0.35,0.2,linear_srgb_unclipped,0.918295004563,0.0386799210763,0.0421214543084,23.7408706898,2,True,PASS
Nikon D40,FL2,True,0.35,0.2,chromaticity,0.422664468327,0.0353473047108,0.0836297047887,11.9574737532,2,True,PASS
Nikon D40,FL2,True,0.35,0.35,camera_rgb_wb,0.848452346031,0.0189094180551,0.0222869535851,44.8692997086,2,True,PASS
Nikon D40,FL2,True,0.35,0.35,linear_srgb_unclipped,0.879434418899,0.0321743972278,0.0365853286344,27.3333611403,2,True,PASS
Nikon D40,FL2,True,0.35,0.35,chromaticity,0.420364791786,0.0308263405038,0.0733323558636,13.6365453997,2,True,PASS
Nikon D40,FL2,True,0.35,0.5,camera_rgb_wb,0.811795849082,0.0162560193277,0.0200247628096,49.9381695308,2,True,PASS
Nikon D40,FL2,True,0.35,0.5,linear_srgb_unclipped,0.846419240065,0.0274597336152,0.0324422370327,30.8240149713,2,True,PASS
Nikon D40,FL2,True,0.35,0.5,chromaticity,0.418569904712,0.0274441014755,0.0655663514423,15.2517255879,2,True,PASS
Nikon D40,FL2,True,0.35,0.65,camera_rgb_wb,0.780028420974,0.0142243435351,0.0182356734096,54.8375690625,2,True,PASS
Nikon D40,FL2,True,0.35,0.65,linear_srgb_unclipped,0.817709156876,0.0238777806029,0.0292008233026,34.2456097774,2,True,PASS
Nikon D40,FL2,True,0.35,0.65,chromaticity,0.417104521119,0.0247963974151,0.059448881898,16.8211742269,2,True,PASS
Nikon D40,FL2,True,0.35,0.8,camera_rgb_wb,0.752021724372,0.0126155009228,0.0167754474558,59.610928569,2,True,PASS
Nikon D40,FL2,True,0.35,0.8,linear_srgb_unclipped,0.792315853317,0.0210601506267,0.0265804988485,37.6215663108,2,True,PASS
Nikon D40,FL2,True,0.35,0.8,chromaticity,0.415868152842,0.0226533399698,0.0544724086588,18.3579177903,2,True,PASS
Nikon D40,FL2,True,0.5,0.2,camera_rgb_wb,0.606291432099,0.0149266776962,0.0246196414891,40.6179757103,2,True,PASS
Nikon D40,FL2,True,0.5,0.2,linear_srgb_unclipped,0.654292986575,0.026785459512,0.0409380202167,24.4271705057,2,True,PASS
Nikon D40,FL2,True,0.5,0.2,chromaticity,0.354780063785,0.034926165084,0.0984445538213,10.158002258,2,True,PASS
Nikon D40,FL2,True,0.5,0.35,camera_rgb_wb,0.578555527641,0.0124194186029,0.0214662517417,46.5847513591,2,True,PASS
Nikon D40,FL2,True,0.5,0.35,linear_srgb_unclipped,0.62901782169,0.0221322773833,0.0351854536074,28.4208358135,2,True,PASS
Nikon D40,FL2,True,0.5,0.35,chromaticity,0.353180577319,0.0303324509035,0.0858836891139,11.6436544624,2,True,PASS
Nikon D40,FL2,True,0.5,0.5,camera_rgb_wb,0.554991293709,0.0106027147148,0.0191042901664,52.3442635811,2,True,PASS
Nikon D40,FL2,True,0.5,0.5,linear_srgb_unclipped,0.607408786139,0.0187822943507,0.030921999779,32.3394349378,2,True,PASS
Nikon D40,FL2,True,0.5,0.5,chromaticity,0.35194872529,0.026905076825,0.0764460129889,13.0811269405,2,True,PASS
Nikon D40,FL2,True,0.5,0.65,camera_rgb_wb,0.534502479144,0.00922238783009,0.0172541535165,57.9570593854,2,True,PASS
Nikon D40,FL2,True,0.5,0.65,linear_srgb_unclipped,0.588513524825,0.0162511586344,0.027613908515,36.2136348593,2,True,PASS
Nikon D40,FL2,True,0.5,0.65,chromaticity,0.350941661238,0.0242292467922,0.0690406682033,14.4842167091,2,True,PASS
Nikon D40,FL2,True,0.5,0.8,camera_rgb_wb,0.516386007038,0.00813639005459,0.0157564107929,63.4662305486,2,True,PASS
Nikon D40,FL2,True,0.5,0.8,linear_srgb_unclipped,0.571718862609,0.0142695726149,0.0249590726285,40.0655911734,2,True,PASS
Nikon D40,FL2,True,0.5,0.8,chromaticity,0.350082100712,0.0220692038828,0.0630400807066,15.862923854,2,True,PASS
Nikon D40,FL2,True,0.65,0.2,camera_rgb_wb,0.426971152436,0.010427298938,0.0244215537244,40.9474356662,2,True,PASS
Nikon D40,FL2,True,0.65,0.2,linear_srgb_unclipped,0.482938967041,0.0190372039944,0.0394194821574,25.368166837,2,True,PASS
Nikon D40,FL2,True,0.65,0.2,chromaticity,0.301076957129,0.0327062040755,0.108630711521,9.20549986277,2,True,PASS
Nikon D40,FL2,True,0.65,0.35,camera_rgb_wb,0.408397132042,0.00862320497165,0.021114753986,47.3602486993,2,True,PASS
Nikon D40,FL2,True,0.65,0.35,linear_srgb_unclipped,0.465493501476,0.0156608593759,0.0336435617818,29.723368961,2,True,PASS
Nikon D40,FL2,True,0.65,0.35,chromaticity,0.299648353538,0.0283413971029,0.0945821886495,10.5728151809,2,True,PASS
Nikon D40,FL2,True,0.65,0.5,camera_rgb_wb,0.392571928671,0.00732359767244,0.018655428821,53.6036994697,2,True,PASS
Nikon D40,FL2,True,0.65,0.5,linear_srgb_unclipped,0.450507898184,0.0132394940853,0.0293879289102,34.0275765282,2,True,PASS
Nikon D40,FL2,True,0.65,0.5,chromaticity,0.29856121207,0.0250858574999,0.0840224934981,11.9015749041,2,True,PASS
Nikon D40,FL2,True,0.65,0.65,camera_rgb_wb,0.378777554172,0.00634099265504,0.0167406769097,59.7347410379,2,True,PASS
Nikon D40,FL2,True,0.65,0.65,linear_srgb_unclipped,0.437350348416,0.0114160710874,0.0261028055169,38.3100582561,2,True,PASS
Nikon D40,FL2,True,0.65,0.65,chromaticity,0.297670503756,0.0225462474415,0.0757422961195,13.2026628612,2,True,PASS
Nikon D40,FL2,True,0.65,0.8,camera_rgb_wb,0.366552901472,0.00557118244371,0.0151988496649,65.7944530046,2,True,PASS
Nikon D40,FL2,True,0.65,0.8,linear_srgb_unclipped,0.425612835024,0.00999275017329,0.0234784981819,42.5921620818,2,True,PASS
Nikon D40,FL2,True,0.65,0.8,chromaticity,0.296901739611,0.0204984116963,0.0690410629563,14.4841338934,2,True,PASS
Nikon D40,FL2,True,0.8,0.2,camera_rgb_wb,0.307687245449,0.00758377679852,0.024647680106,40.5717696635,2,True,PASS
Nikon D40,FL2,True,0.8,0.2,linear_srgb_unclipped,0.36281076473,0.013740882013,0.0378734132193,26.4037464543,2,True,PASS
Nikon D40,FL2,True,0.8,0.2,chromaticity,0.259709704811,0.0292412681802,0.112592127435,8.88161564029,2,True,PASS
Nikon D40,FL2,True,0.8,0.35,camera_rgb_wb,0.294888475085,0.0062501957071,0.0211951169176,47.1806786387,2,True,PASS
Nikon D40,FL2,True,0.8,0.35,linear_srgb_unclipped,0.350391292778,0.0112734036403,0.0321737550922,31.0812336681,2,True,PASS
Nikon D40,FL2,True,0.8,0.35,chromaticity,0.258055936088,0.0253286520747,0.0981517901065,10.1883011906,2,True,PASS
Nikon D40,FL2,True,0.8,0.5,camera_rgb_wb,0.283956768304,0.00529211263373,0.018637036424,53.6565995391,2,True,PASS
Nikon D40,FL2,True,0.8,0.5,linear_srgb_unclipped,0.339679457773,0.00950756948663,0.0279898276715,35.7272653385,2,True,PASS
Nikon D40,FL2,True,0.8,0.5,chromaticity,0.256805366395,0.0224040663711,0.087241426009,11.4624444573,2,True,PASS
Nikon D40,FL2,True,0.8,0.65,camera_rgb_wb,0.274407118868,0.00456945354431,0.0166520954819,60.0525021662,2,True,PASS
Nikon D40,FL2,True,0.8,0.65,linear_srgb_unclipped,0.330241457598,0.00818031077023,0.0247706960529,40.3702826058,2,True,PASS
Nikon D40,FL2,True,0.8,0.65,chromaticity,0.255782932623,0.0201201007215,0.0786608415002,12.7128057739,2,True,PASS
Nikon D40,FL2,True,0.8,0.8,camera_rgb_wb,0.265927596247,0.00400451274947,0.0150586580934,66.4069795463,2,True,PASS
Nikon D40,FL2,True,0.8,0.8,linear_srgb_unclipped,0.321796218685,0.00714607999726,0.0222068488761,45.0311525772,2,True,PASS
Nikon D40,FL2,True,0.8,0.8,chromaticity,0.254900478411,0.018277521026,0.0717045379435,13.946118735,2,True,PASS
Nikon D50,FL2,True,0.2,0.2,camera_rgb_wb,1.38993330157,0.0381272499477,0.0274309924833,36.4551155271,2,True,PASS
Nikon D50,FL2,True,0.2,0.2,linear_srgb_unclipped,1.38763585566,0.0628619103633,0.0453014456978,22.0743507099,2,True,PASS
Nikon D50,FL2,True,0.2,0.2,chromaticity,0.499738290956,0.0378203802444,0.0756803729648,13.213465537,2,True,PASS
Nikon D50,FL2,True,0.2,0.35,camera_rgb_wb,1.31884824565,0.0321268027461,0.0243597418067,41.0513382259,2,True,PASS
Nikon D50,FL2,True,0.2,0.35,linear_srgb_unclipped,1.32263190042,0.0525641380316,0.0397420763972,25.1622484444,2,True,PASS
Nikon D50,FL2,True,0.2,0.35,chromaticity,0.496548689708,0.0330541013178,0.0665676941715,15.0223019206,2,True,PASS
Nikon D50,FL2,True,0.2,0.5,camera_rgb_wb,1.25891626737,0.0277139654902,0.0220141451886,45.4253386371,2,True,PASS
Nikon D50,FL2,True,0.2,0.5,linear_srgb_unclipped,1.26781001768,0.0450569151674,0.0355391695435,28.1379675678,2,True,PASS
Nikon D50,FL2,True,0.2,0.5,chromaticity,0.494031138516,0.0294812435849,0.0596748692267,16.757472835,2,True,PASS
Nikon D50,FL2,True,0.2,0.65,camera_rgb_wb,1.20715717253,0.0243210633142,0.0201473874882,49.6342267991,2,True,PASS
Nikon D50,FL2,True,0.2,0.65,linear_srgb_unclipped,1.22044471849,0.0393263177904,0.0322229406992,31.0337907808,2,True,PASS
Nikon D50,FL2,True,0.2,0.65,chromaticity,0.491966647881,0.0266793975682,0.0542300940177,18.439945903,2,True,PASS
Nikon D50,FL2,True,0.2,0.8,camera_rgb_wb,1.16166581945,0.0216251664023,0.0186156517995,53.7182372537,2,True,PASS
Nikon D50,FL2,True,0.2,0.8,linear_srgb_unclipped,1.17879296955,0.034800813336,0.0295224133796,33.8725695336,2,True,PASS
Nikon D50,FL2,True,0.2,0.8,chromaticity,0.490225861449,0.0244079385686,0.0497891696216,20.0846892527,2,True,PASS
Nikon D50,FL2,True,0.35,0.2,camera_rgb_wb,0.900737006148,0.0249629746197,0.0277139436366,36.0829195987,2,True,PASS
Nikon D50,FL2,True,0.35,0.2,linear_srgb_unclipped,0.925014169805,0.0430875128559,0.0465803814281,21.4682655947,2,True,PASS
Nikon D50,FL2,True,0.35,0.2,chromaticity,0.41989050799,0.0392163987459,0.0933967260503,10.7070134285,2,True,PASS
Nikon D50,FL2,True,0.35,0.35,camera_rgb_wb,0.858001909647,0.0208565132562,0.0243082364057,41.1383196753,2,True,PASS
Nikon D50,FL2,True,0.35,0.35,linear_srgb_unclipped,0.886805503661,0.0357624734071,0.0403273020515,24.7970964862,2,True,PASS
Nikon D50,FL2,True,0.35,0.35,chromaticity,0.417728181101,0.034094800957,0.0816195854135,12.2519612778,2,True,PASS
Nikon D50,FL2,True,0.35,0.5,camera_rgb_wb,0.821786622944,0.0178664741588,0.0217410136159,45.9960155339,2,True,PASS
Nikon D50,FL2,True,0.35,0.5,linear_srgb_unclipped,0.854310167314,0.0304628800897,0.0356578690682,28.0443006307,2,True,PASS
Nikon D50,FL2,True,0.35,0.5,chromaticity,0.416035524966,0.0302704830053,0.0727593707478,13.7439341451,2,True,PASS
Nikon D50,FL2,True,0.35,0.65,camera_rgb_wb,0.79036923933,0.015585855781,0.0197197145403,50.7106732178,2,True,PASS
Nikon D50,FL2,True,0.35,0.65,linear_srgb_unclipped,0.826026215745,0.0264428415103,0.0320121093087,31.2381789765,2,True,PASS
Nikon D50,FL2,True,0.35,0.65,chromaticity,0.414645385125,0.0272823117973,0.0657967332472,15.1983229356,2,True,PASS
Nikon D50,FL2,True,0.35,0.8,camera_rgb_wb,0.762646064197,0.0137858530582,0.0180763445921,55.3209192768,2,True,PASS
Nikon D50,FL2,True,0.35,0.8,linear_srgb_unclipped,0.800989054029,0.0232852947036,0.0290706777908,34.3989227632,2,True,PASS
Nikon D50,FL2,True,0.35,0.8,chromaticity,0.413463143062,0.0248682076093,0.0601461291691,16.6261738505,2,True,PASS
Nikon D50,FL2,True,0.5,0.2,camera_rgb_wb,0.614391200762,0.0169808402135,0.0276384821145,36.1814370217,2,True,PASS
Nikon D50,FL2,True,0.5,0.2,linear_srgb_unclipped,0.658410232826,0.030107588585,0.0457277045281,21.8685807722,2,True,PASS
Nikon D50,FL2,True,0.5,0.2,chromaticity,0.353176307219,0.0384197414502,0.108783462154,9.19257376255,2,True,PASS
Nikon D50,FL2,True,0.5,0.35,camera_rgb_wb,0.587017510276,0.0140881801078,0.0239995909171,41.6673768922,2,True,PASS
Nikon D50,FL2,True,0.5,0.35,linear_srgb_unclipped,0.633648486344,0.0248526180293,0.0392214588449,25.4962469386,2,True,PASS
Nikon D50,FL2,True,0.5,0.35,chromaticity,0.35154111901,0.0332861716304,0.0946864245188,10.5611760617,2,True,PASS
Nikon D50,FL2,True,0.5,0.5,camera_rgb_wb,0.563732975847,0.0119969671454,0.0212812939093,46.9896240456,2,True,PASS
Nikon D50,FL2,True,0.5,0.5,linear_srgb_unclipped,0.612458426188,0.0210700340375,0.0344023906548,29.0677473561,2,True,PASS
Nikon D50,FL2,True,0.5,0.5,chromaticity,0.350273620281,0.029460279154,0.0841064740485,11.8896911482,2,True,PASS
Nikon D50,FL2,True,0.5,0.65,camera_rgb_wb,0.543466295637,0.0104113643587,0.0191573321884,52.1993349682,2,True,PASS
Nikon D50,FL2,True,0.5,0.65,linear_srgb_unclipped,0.593913504877,0.0182130787549,0.0306662141967,32.6091767828,2,True,PASS
Nikon D50,FL2,True,0.5,0.65,chromaticity,0.349227807787,0.0264770504716,0.0758159856726,13.1898304972,2,True,PASS
Nikon D50,FL2,True,0.5,0.8,camera_rgb_wb,0.525529629667,0.00916626051575,0.0174419480811,57.3330453312,2,True,PASS
Nikon D50,FL2,True,0.5,0.8,linear_srgb_unclipped,0.577416891698,0.015977517472,0.027670679022,36.1393372098,2,True,PASS
Nikon D50,FL2,True,0.5,0.8,chromaticity,0.348325772154,0.0240720857601,0.0691079664054,14.4701117977,2,True,PASS
Nikon D50,FL2,True,0.65,0.2,camera_rgb_wb,0.433969532196,0.0120639631911,0.0277991017712,35.9723853033,2,True,PASS
Nikon D50,FL2,True,0.65,0.2,linear_srgb_unclipped,0.48569226735,0.0214713707457,0.0442077673232,22.6204592666,2,True,PASS
Nikon D50,FL2,True,0.65,0.2,chromaticity,0.300352747515,0.035771624155,0.119098707939,8.39639671415,2,True,PASS
Nikon D50,FL2,True,0.65,0.35,camera_rgb_wb,0.415650050456,0.00996225137711,0.0239678820348,41.7225017441,2,True,PASS
Nikon D50,FL2,True,0.65,0.35,linear_srgb_unclipped,0.468665004971,0.0176583700097,0.0376780212356,26.5406719144,2,True,PASS
Nikon D50,FL2,True,0.65,0.35,chromaticity,0.298744609196,0.0309419353533,0.103573200656,9.6550072187,2,True,PASS
Nikon D50,FL2,True,0.65,0.5,camera_rgb_wb,0.400020588778,0.00844897983634,0.0211213624333,47.345430635,2,True,PASS
Nikon D50,FL2,True,0.65,0.5,linear_srgb_unclipped,0.454022939287,0.0149222746233,0.0328667856446,30.4258533467,2,True,PASS
Nikon D50,FL2,True,0.65,0.5,chromaticity,0.297511940635,0.0273406361633,0.0918976095711,10.8816758637,2,True,PASS
Nikon D50,FL2,True,0.65,0.65,camera_rgb_wb,0.386380827338,0.00730558305012,0.0189077266086,52.8884313116,2,True,PASS
Nikon D50,FL2,True,0.65,0.65,linear_srgb_unclipped,0.44115425251,0.0128613326955,0.0291538223249,34.3008195926,2,True,PASS
Nikon D50,FL2,True,0.65,0.65,chromaticity,0.296494780993,0.0245330307685,0.0827435501102,12.0855341434,2,True,PASS
Nikon D50,FL2,True,0.65,0.8,camera_rgb_wb,0.374280473855,0.00641048727863,0.0171274958926,58.385651135,2,True,PASS
Nikon D50,FL2,True,0.65,0.8,linear_srgb_unclipped,0.429663706048,0.0112525720143,0.0261892541909,38.1835997586,2,True,PASS
Nikon D50,FL2,True,0.65,0.8,chromaticity,0.295611464382,0.0222709576091,0.075338612647,13.2734060911,2,True,PASS
Nikon D50,FL2,True,0.8,0.2,camera_rgb_wb,0.313629457194,0.0088254610435,0.0281397708062,35.5368921405,2,True,PASS
Nikon D50,FL2,True,0.8,0.2,linear_srgb_unclipped,0.364817227929,0.015499202689,0.0424848431005,23.5378061214,2,True,PASS
Nikon D50,FL2,True,0.8,0.2,chromaticity,0.259643462107,0.0318585412168,0.122701110817,8.1498854684,2,True,PASS
Nikon D50,FL2,True,0.8,0.35,camera_rgb_wb,0.30101665643,0.00726932709335,0.0241492520034,41.4091500581,2,True,PASS
Nikon D50,FL2,True,0.8,0.35,linear_srgb_unclipped,0.352736911036,0.012716551859,0.0360510949127,27.7384085677,2,True,PASS
Nikon D50,FL2,True,0.8,0.35,chromaticity,0.257698770374,0.0275609809556,0.106950378209,9.35013056282,2,True,PASS
Nikon D50,FL2,True,0.8,0.5,camera_rgb_wb,0.290226703498,0.00615092368981,0.021193513952,47.1842471365,2,True,PASS
Nikon D50,FL2,True,0.8,0.5,linear_srgb_unclipped,0.342303804637,0.0107234959056,0.0313274224836,31.9209153107,2,True,PASS
Nikon D50,FL2,True,0.8,0.5,chromaticity,0.25622101863,0.0243467287268,0.0950223711425,10.5238375761,2,True,PASS
Nikon D50,FL2,True,0.8,0.65,camera_rgb_wb,0.280787907204,0.00530728794091,0.0189014120792,52.9061001268,2,True,PASS
Nikon D50,FL2,True,0.8,0.65,linear_srgb_unclipped,0.333100260683,0.00922474386914,0.0276935954664,36.1094319158,2,True,PASS
Nikon D50,FL2,True,0.8,0.65,chromaticity,0.255009353569,0.0218365034248,0.0856302057912,11.6781221154,2,True,PASS
Nikon D50,FL2,True,0.8,0.8,camera_rgb_wb,0.272396487254,0.00464787369682,0.0170628988049,58.6066887832,2,True,PASS
Nikon D50,FL2,True,0.8,0.8,linear_srgb_unclipped,0.32485554899,0.00805662094982,0.024800625924,40.3215629745,2,True,PASS
Nikon D50,FL2,True,0.8,0.8,chromaticity,0.253962515441,0.0198120595692,0.0780117472644,12.8185822657,2,True,PASS
Nikon D5100,FL2,True,0.2,0.2,camera_rgb_wb,1.41634053285,0.0323352575378,0.0228301434492,43.8017396704,2,True,PASS
Nikon D5100,FL2,True,0.2,0.2,linear_srgb_unclipped,1.40136800918,0.0630834265598,0.0450156034293,22.2145194959,2,True,PASS
Nikon D5100,FL2,True,0.2,0.2,chromaticity,0.460917530995,0.0307725118291,0.0667635960009,14.9782225629,2,True,PASS
Nikon D5100,FL2,True,0.2,0.35,camera_rgb_wb,1.34507039375,0.0273218426758,0.0203125745707,49.2305884967,2,True,PASS
Nikon D5100,FL2,True,0.2,0.35,linear_srgb_unclipped,1.33699107158,0.0528642327394,0.0395397051357,25.2910333188,2,True,PASS
Nikon D5100,FL2,True,0.2,0.35,chromaticity,0.459313425597,0.0268792079668,0.0585204056074,17.0880565441,2,True,PASS
Nikon D5100,FL2,True,0.2,0.5,camera_rgb_wb,1.28478335974,0.0236275398338,0.0183902909815,54.3765186209,2,True,PASS
Nikon D5100,FL2,True,0.2,0.5,linear_srgb_unclipped,1.28247968766,0.0453981350875,0.0353987166613,28.2496116898,2,True,PASS
Nikon D5100,FL2,True,0.2,0.5,chromaticity,0.458091550365,0.0239644225713,0.0523136096969,19.1154845898,2,True,PASS
Nikon D5100,FL2,True,0.2,0.65,camera_rgb_wb,1.23257757691,0.0207818647743,0.0168604923241,59.3102491184,2,True,PASS
Nikon D5100,FL2,True,0.2,0.65,linear_srgb_unclipped,1.23523009858,0.0396884256745,0.0321303907023,31.123182076,2,True,PASS
Nikon D5100,FL2,True,0.2,0.65,chromaticity,0.457117466067,0.0216809539043,0.0474297210536,21.0838262968,2,True,PASS
Nikon D5100,FL2,True,0.2,0.8,camera_rgb_wb,1.18659038565,0.0185169615264,0.0156051841901,64.081268623,2,True,PASS
Nikon D5100,FL2,True,0.2,0.8,linear_srgb_unclipped,1.19356842674,0.0351721936658,0.0294680999245,33.9350009863,2,True,PASS
Nikon D5100,FL2,True,0.2,0.8,chromaticity,0.456314202556,0.0198312812855,0.0434597064357,23.009819486,2,True,PASS
Nikon D5100,FL2,True,0.35,0.2,camera_rgb_wb,0.914903410235,0.0209387587907,0.0228863053263,43.6942523375,2,True,PASS
Nikon D5100,FL2,True,0.35,0.2,linear_srgb_unclipped,0.9326790269,0.0428813063917,0.0459764883254,21.7502474944,2,True,PASS
Nikon D5100,FL2,True,0.35,0.2,chromaticity,0.398761847253,0.0320244147785,0.080309625906,12.4518074729,2,True,PASS
Nikon D5100,FL2,True,0.35,0.35,camera_rgb_wb,0.871646922425,0.0175399998379,0.0201228265559,49.6948078951,2,True,PASS
Nikon D5100,FL2,True,0.35,0.35,linear_srgb_unclipped,0.894296635315,0.0356814807778,0.0398989321537,25.063327413,2,True,PASS
Nikon D5100,FL2,True,0.35,0.35,chromaticity,0.39754295881,0.0278406098604,0.0700317015896,14.2792475022,2,True,PASS
Nikon D5100,FL2,True,0.35,0.5,camera_rgb_wb,0.834916815069,0.0150614232448,0.0180394297647,55.4341247503,2,True,PASS
Nikon D5100,FL2,True,0.35,0.5,linear_srgb_unclipped,0.861583254432,0.0304606108487,0.0353542280354,28.2851600946,2,True,PASS
Nikon D5100,FL2,True,0.35,0.5,chromaticity,0.396611996909,0.0247189197854,0.0623251943411,16.0448757613,2,True,PASS
Nikon D5100,FL2,True,0.35,0.65,camera_rgb_wb,0.803002750077,0.0131680627029,0.0163985275289,60.981084932,2,True,PASS
Nikon D5100,FL2,True,0.35,0.65,linear_srgb_unclipped,0.833061836883,0.0264924069996,0.0318012491111,31.4453057019,2,True,PASS
Nikon D5100,FL2,True,0.35,0.65,chromaticity,0.395857605413,0.0222810258596,0.0562854560705,17.7665789675,2,True,PASS
Nikon D5100,FL2,True,0.35,0.8,camera_rgb_wb,0.77480511189,0.0116715673432,0.0150638749849,66.3839816118,2,True,PASS
Nikon D5100,FL2,True,0.35,0.8,linear_srgb_unclipped,0.807780509034,0.023370062828,0.0289312041658,34.5647555584,2,True,PASS
Nikon D5100,FL2,True,0.35,0.8,chromaticity,0.395218901345,0.0203121975468,0.0513948029248,19.4572202459,2,True,PASS
Nikon D5100,FL2,True,0.5,0.2,camera_rgb_wb,0.618654084536,0.0140454591056,0.0227032512299,44.0465548249,2,True,PASS
Nikon D5100,FL2,True,0.5,0.2,linear_srgb_unclipped,0.661206922787,0.0295807395826,0.0447374922481,22.3526163347,2,True,PASS
Nikon D5100,FL2,True,0.5,0.2,chromaticity,0.342498857652,0.0316816180242,0.0925013830452,10.8106491717,2,True,PASS
Nikon D5100,FL2,True,0.5,0.35,camera_rgb_wb,0.591005745522,0.0116702141682,0.019746363308,50.6422364666,2,True,PASS
Nikon D5100,FL2,True,0.5,0.35,linear_srgb_unclipped,0.636220521719,0.0244754261247,0.0384700356074,25.9942571981,2,True,PASS
Nikon D5100,FL2,True,0.5,0.35,chromaticity,0.341414967539,0.0274538706609,0.0804120301426,12.435950171,2,True,PASS
Nikon D5100,FL2,True,0.5,0.5,camera_rgb_wb,0.567456902522,0.00995250911883,0.0175387929455,57.0164664757,2,True,PASS
Nikon D5100,FL2,True,0.5,0.5,linear_srgb_unclipped,0.614817218751,0.0207936016898,0.0338207861713,29.567615458,2,True,PASS
Nikon D5100,FL2,True,0.5,0.5,chromaticity,0.340579704664,0.0243049094943,0.0713633524294,14.0127946062,2,True,PASS
Nikon D5100,FL2,True,0.5,0.65,camera_rgb_wb,0.546939773126,0.00864949579603,0.0158143477966,63.2337174356,2,True,PASS
Nikon D5100,FL2,True,0.5,0.65,linear_srgb_unclipped,0.596072235508,0.0180079857801,0.0302110796434,33.1004390377,2,True,PASS
Nikon D5100,FL2,True,0.5,0.65,chromaticity,0.339887671128,0.0218502281015,0.0642866157192,15.555337434,2,True,PASS
Nikon D5100,FL2,True,0.5,0.8,camera_rgb_wb,0.528767104461,0.00762574559386,0.014421747362,69.3397252705,2,True,PASS
Nikon D5100,FL2,True,0.5,0.8,linear_srgb_unclipped,0.579388656247,0.0158248408121,0.0273129973145,36.6126056575,2,True,PASS
Nikon D5100,FL2,True,0.5,0.8,chromaticity,0.33928415092,0.0198715850371,0.0585691520903,17.0738343362,2,True,PASS
Nikon D5100,FL2,True,0.65,0.2,camera_rgb_wb,0.432876125652,0.00987630848241,0.0228155536819,43.8297493869,2,True,PASS
Nikon D5100,FL2,True,0.65,0.2,linear_srgb_unclipped,0.486194037514,0.0208484006706,0.0428808234202,23.3204477022,2,True,PASS
Nikon D5100,FL2,True,0.65,0.2,chromaticity,0.294666721026,0.0299822823983,0.101749808373,9.82802833727,2,True,PASS
Nikon D5100,FL2,True,0.65,0.35,camera_rgb_wb,0.414491718009,0.00815695200738,0.0196794089073,50.8145343547,2,True,PASS
Nikon D5100,FL2,True,0.65,0.35,linear_srgb_unclipped,0.468985269226,0.017179503665,0.0366312223268,27.2991163407,2,True,PASS
Nikon D5100,FL2,True,0.65,0.35,chromaticity,0.293447030538,0.0259361590008,0.0883844656846,11.3142054122,2,True,PASS
Nikon D5100,FL2,True,0.65,0.5,camera_rgb_wb,0.39879174125,0.00691996985297,0.0173523399238,57.6291154041,2,True,PASS
Nikon D5100,FL2,True,0.65,0.5,linear_srgb_unclipped,0.45418309594,0.0145431196452,0.0320203895195,31.2301010389,2,True,PASS
Nikon D5100,FL2,True,0.65,0.5,chromaticity,0.292500639942,0.0229221569248,0.0783661770087,12.7606071672,2,True,PASS
Nikon D5100,FL2,True,0.65,0.65,camera_rgb_wb,0.385080670564,0.00598581520236,0.0155443148928,64.3322016376,2,True,PASS
Nikon D5100,FL2,True,0.65,0.65,linear_srgb_unclipped,0.44117178481,0.0125546618183,0.028457535705,35.1400771439,2,True,PASS
Nikon D5100,FL2,True,0.65,0.65,chromaticity,0.291707501256,0.020573601866,0.0705281892904,14.1787278259,2,True,PASS
Nikon D5100,FL2,True,0.65,0.8,camera_rgb_wb,0.372910374097,0.00525476987029,0.0140912407788,70.9660714554,2,True,PASS
Nikon D5100,FL2,True,0.65,0.8,linear_srgb_unclipped,0.42955313272,0.0110005542203,0.0256092980876,39.0483173955,2,True,PASS
Nikon D5100,FL2,True,0.65,0.8,chromaticity,0.29100712002,0.0186818123682,0.0641970971944,15.5770283035,2,True,PASS
Nikon D5100,FL2,True,0.8,0.2,camera_rgb_wb,0.310309095172,0.00720089392967,0.0232055522758,43.0931351305,2,True,PASS
Nikon D5100,FL2,True,0.8,0.2,linear_srgb_unclipped,0.364455133691,0.0149256728582,0.0409533889866,24.4180036071,2,True,PASS
Nikon D5100,FL2,True,0.8,0.2,chromaticity,0.255438781788,0.027307362967,0.106903747253,9.35420904965,2,True,PASS
Nikon D5100,FL2,True,0.8,0.35,camera_rgb_wb,0.297734247623,0.0059270257962,0.0199071011935,50.2333308241,2,True,PASS
Nikon D5100,FL2,True,0.8,0.35,linear_srgb_unclipped,0.352229283676,0.0122649285261,0.0348208655399,28.7184130691,2,True,PASS
Nikon D5100,FL2,True,0.8,0.35,chromaticity,0.253874915653,0.0236137984315,0.0930135156154,10.7511257196,2,True,PASS
Nikon D5100,FL2,True,0.8,0.5,camera_rgb_wb,0.286968657053,0.00501271624375,0.0174678178977,57.2481351623,2,True,PASS
Nikon D5100,FL2,True,0.8,0.5,linear_srgb_unclipped,0.341672773766,0.0103572452833,0.0303133468001,32.9887691582,2,True,PASS
Nikon D5100,FL2,True,0.8,0.5,chromaticity,0.252661430442,0.0208568870051,0.0825487569217,12.1140528009,2,True,PASS
Nikon D5100,FL2,True,0.8,0.65,camera_rgb_wb,0.277546064251,0.00432373655383,0.0155784466463,64.1912523568,2,True,PASS
Nikon D5100,FL2,True,0.8,0.65,linear_srgb_unclipped,0.332362647004,0.00892125680146,0.0268419357045,37.2551372975,2,True,PASS
Nikon D5100,FL2,True,0.8,0.65,chromaticity,0.25164651224,0.0187063802664,0.0743359409193,13.4524428915,2,True,PASS
Nikon D5100,FL2,True,0.8,0.8,camera_rgb_wb,0.269165657996,0.0037856369882,0.0140643387287,71.1018142614,2,True,PASS
Nikon D5100,FL2,True,0.8,0.8,linear_srgb_unclipped,0.324024620499,0.0078009675342,0.0240752308334,41.5364657112,2,True,PASS
Nikon D5100,FL2,True,0.8,0.8,chromaticity,0.250753917775,0.0169732717267,0.0676889592686,14.773458047,2,True,PASS
Nikon D700,FL2,True,0.2,0.2,camera_rgb_wb,1.40583848239,0.0387065305809,0.0275327009935,36.3204467385,2,True,PASS
Nikon D700,FL2,True,0.2,0.2,linear_srgb_unclipped,1.39347095315,0.0630531085016,0.0452489579055,22.0999564695,2,True,PASS
Nikon D700,FL2,True,0.2,0.2,chromaticity,0.488676287843,0.0377495592753,0.0772486003812,12.9452183608,2,True,PASS
Nikon D700,FL2,True,0.2,0.35,camera_rgb_wb,1.33470448821,0.0326068657704,0.0244300263155,40.9332346632,2,True,PASS
Nikon D700,FL2,True,0.2,0.35,linear_srgb_unclipped,1.32888662874,0.0527904686364,0.0397253366047,25.1728515217,2,True,PASS
Nikon D700,FL2,True,0.2,0.35,chromaticity,0.486420545013,0.0330020449261,0.0678467331703,14.7391031708,2,True,PASS
Nikon D700,FL2,True,0.2,0.5,camera_rgb_wb,1.27463166236,0.0281214678009,0.0220624268417,45.3259293358,2,True,PASS
Nikon D700,FL2,True,0.2,0.5,linear_srgb_unclipped,1.27430800438,0.0452962835162,0.0355457890562,28.1327275762,2,True,PASS
Nikon D700,FL2,True,0.2,0.5,chromaticity,0.484667718656,0.0294408113026,0.0607443206332,16.4624443829,2,True,PASS
Nikon D700,FL2,True,0.2,0.65,camera_rgb_wb,1.222680212,0.0246732188546,0.0201796173786,49.5549534581,2,True,PASS
Nikon D700,FL2,True,0.2,0.65,linear_srgb_unclipped,1.22707513705,0.0395680724561,0.0322458431936,31.0117491422,2,True,PASS
Nikon D700,FL2,True,0.2,0.65,chromaticity,0.48324797511,0.0266465779392,0.0551405889143,18.1354610041,2,True,PASS
Nikon D700,FL2,True,0.2,0.8,camera_rgb_wb,1.17696736312,0.0219337510282,0.018635819238,53.660104084,2,True,PASS
Nikon D700,FL2,True,0.2,0.8,linear_srgb_unclipped,1.18548284918,0.0350395783687,0.0295572208344,33.8326801969,2,True,PASS
Nikon D700,FL2,True,0.2,0.8,chromaticity,0.482062221407,0.0243803306293,0.0505750700772,19.7725875312,2,True,PASS
Nikon D700,FL2,True,0.35,0.2,camera_rgb_wb,0.910339546823,0.0253651999551,0.0278634494608,35.889310884,2,True,PASS
Nikon D700,FL2,True,0.35,0.2,linear_srgb_unclipped,0.928476825319,0.0430427500891,0.0463584538842,21.5710386394,2,True,PASS
Nikon D700,FL2,True,0.35,0.2,chromaticity,0.417213575593,0.0392641748335,0.0941104919169,10.6258078099,2,True,PASS
Nikon D700,FL2,True,0.35,0.35,camera_rgb_wb,0.867272191178,0.0212048658259,0.0244500700491,40.8996783237,2,True,PASS
Nikon D700,FL2,True,0.35,0.35,linear_srgb_unclipped,0.890125366248,0.0357839573912,0.0402010309424,24.8749839633,2,True,PASS
Nikon D700,FL2,True,0.35,0.35,chromaticity,0.415618490175,0.0341471142343,0.0821597571847,12.1714089022,2,True,PASS
Nikon D700,FL2,True,0.35,0.5,camera_rgb_wb,0.830751935893,0.0181726812705,0.0218749791428,45.7143293017,2,True,PASS
Nikon D700,FL2,True,0.35,0.5,linear_srgb_unclipped,0.857489667325,0.0305219866777,0.0355945824664,28.0941629515,2,True,PASS
Nikon D700,FL2,True,0.35,0.5,chromaticity,0.414384572589,0.0303239730632,0.0731783349793,13.665246692,2,True,PASS
Nikon D700,FL2,True,0.35,0.65,camera_rgb_wb,0.799053752473,0.0158582468918,0.019846282985,50.3872690295,2,True,PASS
Nikon D700,FL2,True,0.35,0.65,linear_srgb_unclipped,0.829070918992,0.0265241465231,0.0319926147637,31.2572138097,2,True,PASS
Nikon D700,FL2,True,0.35,0.65,chromaticity,0.41337747289,0.0273352819145,0.0661266849482,15.1224880059,2,True,PASS
Nikon D700,FL2,True,0.35,0.8,camera_rgb_wb,0.771070995212,0.0140305321954,0.0181961612906,54.9566462964,2,True,PASS
Nikon D700,FL2,True,0.35,0.8,linear_srgb_unclipped,0.803905677335,0.0233798734362,0.0290828564785,34.3845179285,2,True,PASS
Nikon D700,FL2,True,0.35,0.8,chromaticity,0.412522375858,0.0249197934411,0.0604083436427,16.5540046242,2,True,PASS
Nikon D700,FL2,True,0.5,0.2,camera_rgb_wb,0.618835982625,0.017184295337,0.02776873973,36.0117171224,2,True,PASS
Nikon D700,FL2,True,0.5,0.2,linear_srgb_unclipped,0.659284210402,0.0298920315546,0.0453401296178,22.0555170095,2,True,PASS
Nikon D700,FL2,True,0.5,0.2,chromaticity,0.354944900574,0.0386498347572,0.108889674692,9.18360719532,2,True,PASS
Nikon D700,FL2,True,0.5,0.35,camera_rgb_wb,0.591244668814,0.0142712608349,0.0241376566887,41.4290423009,2,True,PASS
Nikon D700,FL2,True,0.5,0.35,linear_srgb_unclipped,0.634378764663,0.0247157309915,0.0389605270041,25.667003937,2,True,PASS
Nikon D700,FL2,True,0.5,0.35,chromaticity,0.353643789725,0.0334942348945,0.0947117858923,10.5583480512,2,True,PASS
Nikon D700,FL2,True,0.5,0.5,camera_rgb_wb,0.567773603687,0.0121623596623,0.0214211431868,46.6828493363,2,True,PASS
Nikon D700,FL2,True,0.5,0.5,linear_srgb_unclipped,0.613070487627,0.0209826857171,0.0342255680882,29.2179226192,2,True,PASS
Nikon D700,FL2,True,0.5,0.5,chromaticity,0.352640447988,0.0296502581814,0.0840807069938,11.8933348179,2,True,PASS
Nikon D700,FL2,True,0.5,0.65,camera_rgb_wb,0.547343735817,0.0105615865726,0.0192960764534,51.8240069381,2,True,PASS
Nikon D700,FL2,True,0.5,0.65,linear_srgb_unclipped,0.594425762651,0.0181587493151,0.0305483888083,32.7349506475,2,True,PASS
Nikon D700,FL2,True,0.5,0.65,chromaticity,0.351811383999,0.0266517570858,0.0757558120572,13.2003073143,2,True,PASS
Nikon D700,FL2,True,0.5,0.8,camera_rgb_wb,0.52926213994,0.00930345610379,0.0175781628832,56.8887662859,2,True,PASS
Nikon D700,FL2,True,0.5,0.8,linear_srgb_unclipped,0.577843335349,0.0159461213462,0.0275959250038,36.2372342968,2,True,PASS
Nikon D700,FL2,True,0.5,0.8,chromaticity,0.35109182006,0.0242336580989,0.0690237046672,14.487776407,2,True,PASS
Nikon D700,FL2,True,0.65,0.2,camera_rgb_wb,0.435563944861,0.0121367703599,0.0278644972871,35.8879612899,2,True,PASS
Nikon D700,FL2,True,0.65,0.2,linear_srgb_unclipped,0.48541029445,0.0212037720444,0.0436821639071,22.8926387925,2,True,PASS
Nikon D700,FL2,True,0.65,0.2,chromaticity,0.303974923331,0.0362043452629,0.119103065694,8.39608950594,2,True,PASS
Nikon D700,FL2,True,0.65,0.35,camera_rgb_wb,0.417143957604,0.0100325895399,0.0240506649012,41.5788920642,2,True,PASS
Nikon D700,FL2,True,0.65,0.35,linear_srgb_unclipped,0.468288324385,0.0174643317291,0.0372939721529,26.8139847346,2,True,PASS
Nikon D700,FL2,True,0.65,0.35,chromaticity,0.302573806805,0.0313196675124,0.1035108354,9.66082435852,2,True,PASS
Nikon D700,FL2,True,0.65,0.5,camera_rgb_wb,0.401432519727,0.00851544182757,0.0212126357709,47.1417135899,2,True,PASS
Nikon D700,FL2,True,0.65,0.5,linear_srgb_unclipped,0.453574062049,0.0147764543301,0.0325778203968,30.695730648,2,True,PASS
Nikon D700,FL2,True,0.65,0.5,chromaticity,0.301497845168,0.0276767730565,0.0917975816411,10.8935331642,2,True,PASS
Nikon D700,FL2,True,0.65,0.65,camera_rgb_wb,0.387723869109,0.00736785712584,0.0190028463885,52.6236953957,2,True,PASS
Nikon D700,FL2,True,0.65,0.65,linear_srgb_unclipped,0.440648466274,0.0127489946647,0.0289323477568,34.5633893387,2,True,PASS
Nikon D700,FL2,True,0.65,0.65,chromaticity,0.300604789927,0.0248361669701,0.0826206627517,12.1035097843,2,True,PASS
Nikon D700,FL2,True,0.65,0.8,camera_rgb_wb,0.375564360117,0.00646868027771,0.0172238927988,58.0588843463,2,True,PASS
Nikon D700,FL2,True,0.65,0.8,linear_srgb_unclipped,0.429112011857,0.0111644956057,0.0260176720698,38.435414103,2,True,PASS
Nikon D700,FL2,True,0.65,0.8,chromaticity,0.299822827118,0.0225470480731,0.0752012389778,13.2976532514,2,True,PASS
Nikon D700,FL2,True,0.8,0.2,camera_rgb_wb,0.313899746865,0.00883746173936,0.0281537714752,35.5192198985,2,True,PASS
Nikon D700,FL2,True,0.8,0.2,linear_srgb_unclipped,0.36419285832,0.0152523181949,0.041879783874,23.877869165,2,True,PASS
Nikon D700,FL2,True,0.8,0.2,chromaticity,0.26365983674,0.0324686146572,0.123145849814,8.12045230521,2,True,PASS
Nikon D700,FL2,True,0.8,0.35,camera_rgb_wb,0.30125355828,0.00728541872974,0.0241836769376,41.3502050403,2,True,PASS
Nikon D700,FL2,True,0.8,0.35,linear_srgb_unclipped,0.352048741536,0.012529992069,0.0355916399936,28.0964855842,2,True,PASS
Nikon D700,FL2,True,0.8,0.35,chromaticity,0.26185916765,0.0280855866014,0.107254547753,9.32361397205,2,True,PASS
Nikon D700,FL2,True,0.8,0.5,camera_rgb_wb,0.290439262594,0.00616860840092,0.0212388929301,47.0834333641,2,True,PASS
Nikon D700,FL2,True,0.8,0.5,linear_srgb_unclipped,0.341569553984,0.0105772263961,0.0309665374818,32.2929226617,2,True,PASS
Nikon D700,FL2,True,0.8,0.5,chromaticity,0.260483501741,0.0248081469792,0.0952388416671,10.4999177068,2,True,PASS
Nikon D700,FL2,True,0.8,0.65,camera_rgb_wb,0.28098203483,0.00532536851484,0.0189527010795,52.76292787,2,True,PASS
Nikon D700,FL2,True,0.8,0.65,linear_srgb_unclipped,0.332331628514,0.00910696582268,0.0274032473628,36.4920254435,2,True,PASS
Nikon D700,FL2,True,0.8,0.65,chromaticity,0.259348052544,0.0222487733191,0.0857873159288,11.6567349051,2,True,PASS
Nikon D700,FL2,True,0.8,0.8,camera_rgb_wb,0.272576277528,0.00466575257794,0.0171172363944,58.4206455388,2,True,PASS
Nikon D700,FL2,True,0.8,0.8,linear_srgb_unclipped,0.324060735486,0.00795986058724,0.0245628665111,40.7118607084,2,True,PASS
Nikon D700,FL2,True,0.8,0.8,chromaticity,0.2583601358,0.020184720351,0.0781262956394,12.799787726,2,True,PASS
Nikon D80,FL2,True,0.2,0.2,camera_rgb_wb,1.42201857963,0.0419846156014,0.0295246603686,33.8699916448,2,True,PASS
Nikon D80,FL2,True,0.2,0.2,linear_srgb_unclipped,1.41039985022,0.0669219911131,0.0474489493902,21.0752822318,2,True,PASS
Nikon D80,FL2,True,0.2,0.2,chromaticity,0.497979231852,0.0387876560423,0.0778901077824,12.8386007989,2,True,PASS
Nikon D80,FL2,True,0.2,0.35,camera_rgb_wb,1.35110425023,0.0353913011328,0.0261943526022,38.1761677865,2,True,PASS
Nikon D80,FL2,True,0.2,0.35,linear_srgb_unclipped,1.34633185618,0.0560520494355,0.0416331598916,24.0193154352,2,True,PASS
Nikon D80,FL2,True,0.2,0.35,chromaticity,0.496761534242,0.0338643895811,0.068170313615,14.6691418445,2,True,PASS
Nikon D80,FL2,True,0.2,0.5,camera_rgb_wb,1.2910690019,0.0305422731988,0.0236565769558,42.2715425764,2,True,PASS
Nikon D80,FL2,True,0.2,0.5,linear_srgb_unclipped,1.29199527489,0.0481185609436,0.0372436044302,26.8502475875,2,True,PASS
Nikon D80,FL2,True,0.2,0.5,chromaticity,0.495875983707,0.0301838714718,0.0608697990294,16.4285083234,2,True,PASS
Nikon D80,FL2,True,0.2,0.65,camera_rgb_wb,1.23904482808,0.0268130294092,0.0216400801662,46.2105496986,2,True,PASS
Nikon D80,FL2,True,0.2,0.65,linear_srgb_unclipped,1.24483370383,0.0420550131723,0.033783639568,29.6001263566,2,True,PASS
Nikon D80,FL2,True,0.2,0.65,chromaticity,0.495201984108,0.0273025447255,0.0551341585891,18.1375761523,2,True,PASS
Nikon D80,FL2,True,0.2,0.8,camera_rgb_wb,1.19318942826,0.0238490233237,0.0199876254003,50.0309556524,2,True,PASS
Nikon D80,FL2,True,0.2,0.8,linear_srgb_unclipped,1.20320100029,0.0372608662746,0.0309681144427,32.2912782388,2,True,PASS
Nikon D80,FL2,True,0.2,0.8,chromaticity,0.494670512668,0.0249693224828,0.0504766745608,19.8111307589,2,True,PASS
Nikon D80,FL2,True,0.35,0.2,camera_rgb_wb,0.91857387405,0.0268784899065,0.0292611086227,34.1750551182,2,True,PASS
Nikon D80,FL2,True,0.35,0.2,linear_srgb_unclipped,0.935107984229,0.0447927684645,0.0479011720784,20.876315894,2,True,PASS
Nikon D80,FL2,True,0.35,0.2,chromaticity,0.429713992501,0.0402379270585,0.0936388569159,10.6793272893,2,True,PASS
Nikon D80,FL2,True,0.35,0.35,camera_rgb_wb,0.875329400945,0.0225117394031,0.0257180204147,38.883241551,2,True,PASS
Nikon D80,FL2,True,0.35,0.35,linear_srgb_unclipped,0.896661072415,0.0372854756408,0.0415825742723,24.0485351737,2,True,PASS
Nikon D80,FL2,True,0.35,0.35,chromaticity,0.428939157353,0.0349748069622,0.0815379206181,12.2642323034,2,True,PASS
Nikon D80,FL2,True,0.35,0.5,camera_rgb_wb,0.838604022204,0.0193258127533,0.0230452182933,43.392949777,2,True,PASS
Nikon D80,FL2,True,0.35,0.5,linear_srgb_unclipped,0.863878873361,0.0318431872867,0.0368607084495,27.1291584471,2,True,PASS
Nikon D80,FL2,True,0.35,0.5,chromaticity,0.428384920935,0.0310526444036,0.0724877158045,13.7954409089,2,True,PASS
Nikon D80,FL2,True,0.35,0.65,camera_rgb_wb,0.806689788356,0.0168910429348,0.0209387092518,47.7584357265,2,True,PASS
Nikon D80,FL2,True,0.35,0.65,linear_srgb_unclipped,0.835287899184,0.0277064482472,0.0331699385017,30.1477797418,2,True,PASS
Nikon D80,FL2,True,0.35,0.65,chromaticity,0.427958595579,0.0279913072192,0.0654065778989,15.2889821196,2,True,PASS
Nikon D80,FL2,True,0.35,0.8,camera_rgb_wb,0.7784885757,0.0149659147408,0.0192243215995,52.0174402422,2,True,PASS
Nikon D80,FL2,True,0.35,0.8,linear_srgb_unclipped,0.809937857017,0.0244508277928,0.030188523207,33.1251712163,2,True,PASS
Nikon D80,FL2,True,0.35,0.8,chromaticity,0.427610486675,0.0255194487178,0.0596791928941,16.7562587814,2,True,PASS
Nikon D80,FL2,True,0.5,0.2,camera_rgb_wb,0.622800958137,0.0176734335983,0.0283773384857,35.2393865444,2,True,PASS
Nikon D80,FL2,True,0.5,0.2,linear_srgb_unclipped,0.66098774186,0.0304112107105,0.0460087362966,21.7350025341,2,True,PASS
Nikon D80,FL2,True,0.5,0.2,chromaticity,0.368277250675,0.0396929146963,0.107779979957,9.27816093863,2,True,PASS
Nikon D80,FL2,True,0.5,0.35,camera_rgb_wb,0.594979719933,0.0147068737143,0.0247182773154,40.4558937195,2,True,PASS
Nikon D80,FL2,True,0.5,0.35,linear_srgb_unclipped,0.635887406959,0.0251784898857,0.039595830347,25.2551844787,2,True,PASS
Nikon D80,FL2,True,0.5,0.35,chromaticity,0.367600634937,0.0343975621348,0.0935731847707,10.6868223247,2,True,PASS
Nikon D80,FL2,True,0.5,0.5,camera_rgb_wb,0.571295193788,0.012557873207,0.0219814088121,45.4929894871,2,True,PASS
Nikon D80,FL2,True,0.5,0.5,linear_srgb_unclipped,0.614394374742,0.0214054761667,0.0348399611824,28.7026726225,2,True,PASS
Nikon D80,FL2,True,0.5,0.5,chromaticity,0.367108303882,0.0304573546886,0.0829655836342,12.053190687,2,True,PASS
Nikon D80,FL2,True,0.5,0.65,camera_rgb_wb,0.550667984084,0.0109250401015,0.0198396137368,50.4042071215,2,True,PASS
Nikon D80,FL2,True,0.5,0.65,linear_srgb_unclipped,0.595577039677,0.0185503610509,0.031146870707,32.105954059,2,True,PASS
Nikon D80,FL2,True,0.5,0.65,chromaticity,0.366711845482,0.0273870878919,0.0746828558427,13.3899539421,2,True,PASS
Nikon D80,FL2,True,0.5,0.8,camera_rgb_wb,0.532403827794,0.00964024696718,0.018107020393,55.2271979759,2,True,PASS
Nikon D80,FL2,True,0.5,0.8,linear_srgb_unclipped,0.578834024596,0.0163119593021,0.028180719531,35.4852543385,2,True,PASS
Nikon D80,FL2,True,0.5,0.8,chromaticity,0.366367184267,0.024912387718,0.067998414672,14.7062252087,2,True,PASS
Nikon D80,FL2,True,0.65,0.2,camera_rgb_wb,0.437497092256,0.0121405263352,0.0277499589144,36.0360893897,2,True,PASS
Nikon D80,FL2,True,0.65,0.2,linear_srgb_unclipped,0.485287392865,0.0211503076588,0.0435830560813,22.9446966301,2,True,PASS
Nikon D80,FL2,True,0.65,0.2,chromaticity,0.316475120779,0.0373988763641,0.118173195643,8.46215585993,2,True,PASS
Nikon D80,FL2,True,0.65,0.35,camera_rgb_wb,0.418878684443,0.0100489027292,0.0239900073755,41.6840221992,2,True,PASS
Nikon D80,FL2,True,0.65,0.35,linear_srgb_unclipped,0.467980997908,0.0174377173463,0.0372615927234,26.8372854436,2,True,PASS
Nikon D80,FL2,True,0.65,0.35,chromaticity,0.315555518744,0.0323607507,0.102551686717,9.75118042438,2,True,PASS
Nikon D80,FL2,True,0.65,0.5,camera_rgb_wb,0.402993956989,0.00854140594455,0.0211948735122,47.1812204695,2,True,PASS
Nikon D80,FL2,True,0.65,0.5,linear_srgb_unclipped,0.453106069846,0.014770890369,0.032599188914,30.675609833,2,True,PASS
Nikon D80,FL2,True,0.65,0.5,chromaticity,0.314865316671,0.0286102219195,0.0908649521071,11.0053433894,2,True,PASS
Nikon D80,FL2,True,0.65,0.65,camera_rgb_wb,0.389132256042,0.00740090359916,0.0190189928598,52.579019687,2,True,PASS
Nikon D80,FL2,True,0.65,0.65,linear_srgb_unclipped,0.440039422452,0.0127593818041,0.0289959970701,34.4875190042,2,True,PASS
Nikon D80,FL2,True,0.65,0.65,chromaticity,0.314293616548,0.0256882156212,0.0817331764587,12.2349337604,2,True,PASS
Nikon D80,FL2,True,0.65,0.8,camera_rgb_wb,0.376836231489,0.00650681662898,0.0172669613091,57.914069656,2,True,PASS
Nikon D80,FL2,True,0.65,0.8,linear_srgb_unclipped,0.428378107321,0.0111868467436,0.0261144221715,38.2930165344,2,True,PASS
Nikon D80,FL2,True,0.65,0.8,chromaticity,0.313786598593,0.0233342280523,0.0743633671958,13.4474814376,2,True,PASS
Nikon D80,FL2,True,0.8,0.2,camera_rgb_wb,0.314919656531,0.00867014526412,0.0275312927736,36.3223045217,2,True,PASS
Nikon D80,FL2,True,0.8,0.2,linear_srgb_unclipped,0.363578044496,0.014996738318,0.0412476455743,24.2438080059,2,True,PASS
Nikon D80,FL2,True,0.8,0.2,chromaticity,0.274455274191,0.0338153450838,0.123208946097,8.11629375688,2,True,PASS
Nikon D80,FL2,True,0.8,0.35,camera_rgb_wb,0.302116922599,0.00715101339403,0.0236696883197,42.2481270768,2,True,PASS
Nikon D80,FL2,True,0.8,0.35,linear_srgb_unclipped,0.35127557911,0.0123274809039,0.0350934754279,28.4953253505,2,True,PASS
Nikon D80,FL2,True,0.8,0.35,chromaticity,0.273041301399,0.0292581366941,0.107156450486,9.33214935229,2,True,PASS
Nikon D80,FL2,True,0.8,0.5,camera_rgb_wb,0.291169492633,0.00605924153002,0.0208100150714,48.0537854763,2,True,PASS
Nikon D80,FL2,True,0.8,0.5,linear_srgb_unclipped,0.340662680794,0.0104147423882,0.0305720085449,32.7096598358,2,True,PASS
Nikon D80,FL2,True,0.8,0.5,chromaticity,0.271966373901,0.0258569792024,0.0950741771179,10.5181031308,2,True,PASS
Nikon D80,FL2,True,0.8,0.65,camera_rgb_wb,0.281597198713,0.00523533519804,0.0185915741419,53.7878069046,2,True,PASS
Nikon D80,FL2,True,0.8,0.65,linear_srgb_unclipped,0.331310330395,0.00897512504541,0.0270897832697,36.9142857307,2,True,PASS
Nikon D80,FL2,True,0.8,0.65,chromaticity,0.271075509287,0.0232034009161,0.0855975553717,11.6825766303,2,True,PASS
Nikon D80,FL2,True,0.8,0.8,camera_rgb_wb,0.273090688966,0.00459089515968,0.0168108813123,59.4852810763,2,True,PASS
Nikon D80,FL2,True,0.8,0.8,linear_srgb_unclipped,0.322940378814,0.00785186763871,0.0243136756931,41.1291164948,2,True,PASS
Nikon D80,FL2,True,0.8,0.8,chromaticity,0.270292722056,0.0210640470176,0.0779305001532,12.8319463886,2,True,PASS
Nikon D90,FL2,True,0.2,0.2,camera_rgb_wb,1.40911601883,0.0356337354167,0.0252880067649,39.5444373808,2,True,PASS
Nikon D90,FL2,True,0.2,0.2,linear_srgb_unclipped,1.39766511593,0.0643781107418,0.046061184477,21.7102536844,2,True,PASS
Nikon D90,FL2,True,0.2,0.2,chromaticity,0.463011744201,0.0358808765101,0.0774945278591,12.9041369452,2,True,PASS
Nikon D90,FL2,True,0.2,0.35,camera_rgb_wb,1.33792159391,0.0299632426311,0.0223953651452,44.6520962493,2,True,PASS
Nikon D90,FL2,True,0.2,0.35,linear_srgb_unclipped,1.33369808994,0.0538485671536,0.0403753799751,24.7675687663,2,True,PASS
Nikon D90,FL2,True,0.2,0.35,chromaticity,0.461387982989,0.0313120158258,0.0678648273908,14.7351734094,2,True,PASS
Nikon D90,FL2,True,0.2,0.5,camera_rgb_wb,1.27777666889,0.0258061237171,0.0201961143488,49.5144750484,2,True,PASS
Nikon D90,FL2,True,0.2,0.5,linear_srgb_unclipped,1.27959636027,0.046170955714,0.036082437515,27.714313912,2,True,PASS
Nikon D90,FL2,True,0.2,0.5,chromaticity,0.460180584569,0.0278911969697,0.060609243208,16.4991335821,2,True,PASS
Nikon D90,FL2,True,0.2,0.65,camera_rgb_wb,1.22574726054,0.0226175557806,0.018452054929,54.1945059152,2,True,PASS
Nikon D90,FL2,True,0.2,0.65,linear_srgb_unclipped,1.23274219549,0.0403091183836,0.0326987414977,30.582216752,2,True,PASS
Nikon D90,FL2,True,0.2,0.65,chromaticity,0.459240213226,0.0252114639919,0.0548982063543,18.2155313699,2,True,PASS
Nikon D90,FL2,True,0.2,0.8,camera_rgb_wb,1.17995373327,0.0200889575555,0.0170252078443,58.7364341831,2,True,PASS
Nikon D90,FL2,True,0.2,0.8,linear_srgb_unclipped,1.19145619814,0.035679093322,0.0299457868261,33.3936792447,2,True,PASS
Nikon D90,FL2,True,0.2,0.8,chromaticity,0.458481785042,0.0230411941513,0.0502554188694,19.8983517101,2,True,PASS
Nikon D90,FL2,True,0.35,0.2,camera_rgb_wb,0.911342489328,0.0236339178796,0.0259330802156,38.5607876769,2,True,PASS
Nikon D90,FL2,True,0.35,0.2,linear_srgb_unclipped,0.931918814051,0.0441596843492,0.0473857633126,21.1033848585,2,True,PASS
Nikon D90,FL2,True,0.35,0.2,chromaticity,0.400571747875,0.0370712250444,0.0925457804777,10.805462927,2,True,PASS
Nikon D90,FL2,True,0.35,0.35,camera_rgb_wb,0.868235809238,0.0197104187502,0.0227016883438,44.0495871874,2,True,PASS
Nikon D90,FL2,True,0.35,0.35,linear_srgb_unclipped,0.893998814306,0.0366755376594,0.0410241457511,24.3758884357,2,True,PASS
Nikon D90,FL2,True,0.35,0.35,chromaticity,0.399411818431,0.0321925304718,0.0805998445369,12.4069718217,2,True,PASS
Nikon D90,FL2,True,0.35,0.5,camera_rgb_wb,0.831667909779,0.0168602665944,0.0202728353423,49.3270913079,2,True,PASS
Nikon D90,FL2,True,0.35,0.5,linear_srgb_unclipped,0.861689249039,0.0312580293971,0.036275292319,27.5669728918,2,True,PASS
Nikon D90,FL2,True,0.35,0.5,chromaticity,0.398557619901,0.028553090119,0.0716410593933,13.9584758862,2,True,PASS
Nikon D90,FL2,True,0.35,0.65,camera_rgb_wb,0.799918499329,0.0146904309115,0.01836490958,54.4516702163,2,True,PASS
Nikon D90,FL2,True,0.35,0.65,linear_srgb_unclipped,0.833524160514,0.0271466481739,0.0325685198581,30.7044963774,2,True,PASS
Nikon D90,FL2,True,0.35,0.65,chromaticity,0.397886491121,0.0257118321195,0.0646210230637,15.4748401153,2,True,PASS
Nikon D90,FL2,True,0.35,0.8,camera_rgb_wb,0.771883263968,0.0129805583026,0.0168167375931,59.4645658508,2,True,PASS
Nikon D90,FL2,True,0.35,0.8,linear_srgb_unclipped,0.808559915195,0.0239160451858,0.0295785689302,33.8082617304,2,True,PASS
Nikon D90,FL2,True,0.35,0.8,chromaticity,0.397332229263,0.023418253937,0.0589387223395,16.9667743091,2,True,PASS
Nikon D90,FL2,True,0.5,0.2,camera_rgb_wb,0.61715393461,0.0162273519545,0.0262938483325,38.031709446,2,True,PASS
Nikon D90,FL2,True,0.5,0.2,linear_srgb_unclipped,0.661861455272,0.0307173987706,0.0464106173972,21.5467937313,2,True,PASS
Nikon D90,FL2,True,0.5,0.2,chromaticity,0.345415023963,0.0363326326751,0.105185444044,9.50701885691,2,True,PASS
Nikon D90,FL2,True,0.5,0.35,camera_rgb_wb,0.589645222797,0.013441140451,0.0227953011935,43.8686899335,2,True,PASS
Nikon D90,FL2,True,0.5,0.35,linear_srgb_unclipped,0.637259261728,0.0253715686447,0.0398135737971,25.1170619622,2,True,PASS
Nikon D90,FL2,True,0.5,0.35,chromaticity,0.344371581948,0.0314510589715,0.0913288454105,10.9494431415,2,True,PASS
Nikon D90,FL2,True,0.5,0.5,camera_rgb_wb,0.566232353162,0.0114303711274,0.020186714983,49.537530046,2,True,PASS
Nikon D90,FL2,True,0.5,0.5,linear_srgb_unclipped,0.616177554785,0.0215217223944,0.0349277935025,28.6304945066,2,True,PASS
Nikon D90,FL2,True,0.5,0.5,chromaticity,0.343598704147,0.02781550498,0.0809534629912,12.3527760648,2,True,PASS
Nikon D90,FL2,True,0.5,0.65,camera_rgb_wb,0.545845044252,0.00990800299797,0.0181516771148,55.0913281277,2,True,PASS
Nikon D90,FL2,True,0.5,0.65,linear_srgb_unclipped,0.597707027861,0.0186127347529,0.0311402307239,32.1127999618,2,True,PASS
Nikon D90,FL2,True,0.5,0.65,chromaticity,0.342976602798,0.0249824569173,0.072840120036,13.7286978592,2,True,PASS
Nikon D90,FL2,True,0.5,0.8,camera_rgb_wb,0.52779531586,0.008714090815,0.0165103602725,60.5680302242,2,True,PASS
Nikon D90,FL2,True,0.5,0.8,linear_srgb_unclipped,0.581261009304,0.0163356228824,0.028103765126,35.5824209146,2,True,PASS
Nikon D90,FL2,True,0.5,0.8,chromaticity,0.342444185536,0.0226998725815,0.0662878026268,15.0857316184,2,True,PASS
Nikon D90,FL2,True,0.65,0.2,camera_rgb_wb,0.432351296077,0.0115781411257,0.026779475928,37.3420302432,2,True,PASS
Nikon D90,FL2,True,0.65,0.2,linear_srgb_unclipped,0.487272757406,0.0217601445246,0.0446570102552,22.392900785,2,True,PASS
Nikon D90,FL2,True,0.65,0.2,chromaticity,0.299413314989,0.0340005540824,0.113557254739,8.80613046079,2,True,PASS
Nikon D90,FL2,True,0.65,0.35,camera_rgb_wb,0.414092131134,0.0095462143612,0.0230533585245,43.3776275565,2,True,PASS
Nikon D90,FL2,True,0.65,0.35,linear_srgb_unclipped,0.470367583866,0.0179029337552,0.0380615807068,26.2732125526,2,True,PASS
Nikon D90,FL2,True,0.65,0.35,chromaticity,0.298143692071,0.0293888076805,0.0985726294471,10.1448039441,2,True,PASS
Nikon D90,FL2,True,0.65,0.5,camera_rgb_wb,0.398507312608,0.00808526565233,0.0202888765062,49.2880914176,2,True,PASS
Nikon D90,FL2,True,0.65,0.5,linear_srgb_unclipped,0.455814276317,0.0151343893244,0.0332029734712,30.117784507,2,True,PASS
Nikon D90,FL2,True,0.65,0.5,chromaticity,0.29719016103,0.0259522306854,0.0873253360592,11.4514303079,2,True,PASS
Nikon D90,FL2,True,0.65,0.65,camera_rgb_wb,0.384902049774,0.00698278497887,0.018141719388,55.1215669591,2,True,PASS
Nikon D90,FL2,True,0.65,0.65,linear_srgb_unclipped,0.443011631318,0.0130485218559,0.0294541292677,33.9510970062,2,True,PASS
Nikon D90,FL2,True,0.65,0.65,chromaticity,0.296409529084,0.0232744951197,0.078521413234,12.7353795457,2,True,PASS
Nikon D90,FL2,True,0.65,0.8,camera_rgb_wb,0.372829166546,0.00612069482501,0.0164168884149,60.9128828025,2,True,PASS
Nikon D90,FL2,True,0.65,0.8,linear_srgb_unclipped,0.43157080376,0.0114199784295,0.026461424939,37.7908598009,2,True,PASS
Nikon D90,FL2,True,0.65,0.8,chromaticity,0.295730627853,0.0211180927795,0.071409893973,14.0036617388,2,True,PASS
Nikon D90,FL2,True,0.8,0.2,camera_rgb_wb,0.310202715748,0.00847989107145,0.027336611322,36.580978828,2,True,PASS
Nikon D90,FL2,True,0.8,0.2,linear_srgb_unclipped,0.365526751557,0.0156077758681,0.0426994079138,23.4195284866,2,True,PASS
Nikon D90,FL2,True,0.8,0.2,chromaticity,0.262182707202,0.0305861891649,0.11665982662,8.57193113496,2,True,PASS
Nikon D90,FL2,True,0.8,0.35,camera_rgb_wb,0.29774159223,0.00697388352084,0.0234226043752,42.6938005689,2,True,PASS
Nikon D90,FL2,True,0.8,0.35,linear_srgb_unclipped,0.353539510328,0.012807220046,0.0362257107675,27.6047033671,2,True,PASS
Nikon D90,FL2,True,0.8,0.35,chromaticity,0.260443293219,0.0264386247214,0.10151393954,9.85086387674,2,True,PASS
Nikon D90,FL2,True,0.8,0.5,camera_rgb_wb,0.287076616379,0.00589292424123,0.0205273571758,48.7154771768,2,True,PASS
Nikon D90,FL2,True,0.8,0.5,linear_srgb_unclipped,0.343176308885,0.0108013162758,0.0314745394601,31.7717119028,2,True,PASS
Nikon D90,FL2,True,0.8,0.5,chromaticity,0.259126373465,0.0233394851237,0.0900698945136,11.1024888549,2,True,PASS
Nikon D90,FL2,True,0.8,0.65,camera_rgb_wb,0.277743904162,0.00507849138961,0.0182847987427,54.6902382724,2,True,PASS
Nikon D90,FL2,True,0.8,0.65,linear_srgb_unclipped,0.334026598157,0.00929287682971,0.0278207690076,35.9443694647,2,True,PASS
Nikon D90,FL2,True,0.8,0.65,chromaticity,0.258045527424,0.0209209201854,0.0810745312825,12.334329711,2,True,PASS
Nikon D90,FL2,True,0.8,0.8,camera_rgb_wb,0.269444440209,0.0044425862941,0.0164879493919,60.65035598,2,True,PASS
Nikon D90,FL2,True,0.8,0.8,linear_srgb_unclipped,0.325823997907,0.00811718796391,0.0249127995975,40.1400089976,2,True,PASS
Nikon D90,FL2,True,0.8,0.8,chromaticity,0.257107898563,0.0189715693999,0.0737883569736,13.5522735702,2,True,PASS
Nokia N900,FL2,True,0.2,0.2,camera_rgb_wb,1.38306949056,0.0271236093014,0.0196111688432,50.9913513056,2,True,PASS
Nokia N900,FL2,True,0.2,0.2,linear_srgb_unclipped,1.37631143424,0.0618093113911,0.0449093932184,22.2670565852,2,True,PASS
Nokia N900,FL2,True,0.2,0.2,chromaticity,0.312270106896,0.0265053580404,0.0848795880715,11.781395536,2,True,PASS
Nokia N900,FL2,True,0.2,0.35,camera_rgb_wb,1.31638425642,0.0225449935078,0.0171264533117,58.3892053888,2,True,PASS
Nokia N900,FL2,True,0.2,0.35,linear_srgb_unclipped,1.31166991124,0.0516189884934,0.0393536422929,25.4106085673,2,True,PASS
Nokia N900,FL2,True,0.2,0.35,chromaticity,0.309261843257,0.0230483420147,0.0745269502762,13.417964861,2,True,PASS
Nokia N900,FL2,True,0.2,0.5,camera_rgb_wb,1.26001447094,0.019225579899,0.0152582215065,65.5384377251,2,True,PASS
Nokia N900,FL2,True,0.2,0.5,linear_srgb_unclipped,1.25736052406,0.0441880165635,0.0351434737434,28.4547852981,2,True,PASS
Nokia N900,FL2,True,0.2,0.5,chromaticity,0.306863762672,0.0204576438175,0.066666861018,14.9999562711,2,True,PASS
Nokia N900,FL2,True,0.2,0.65,camera_rgb_wb,1.21121156954,0.0167035369548,0.0137907673399,72.5122812499,2,True,PASS
Nokia N900,FL2,True,0.2,0.65,linear_srgb_unclipped,1.21058098702,0.0385162291539,0.031816317592,31.4304129354,2,True,PASS
Nokia N900,FL2,True,0.2,0.65,chromaticity,0.30486625691,0.0184292558368,0.0604502972011,16.5425158568,2,True,PASS
Nokia N900,FL2,True,0.2,0.8,camera_rgb_wb,1.16821956309,0.0147198698127,0.0126002596411,79.3634439675,2,True,PASS
Nokia N900,FL2,True,0.2,0.8,linear_srgb_unclipped,1.16954790844,0.0340385475787,0.0291040215909,34.3595127181,2,True,PASS
Nokia N900,FL2,True,0.2,0.8,chromaticity,0.303149837862,0.0167886726182,0.0553807738663,18.0568079893,2,True,PASS
Nokia N900,FL2,True,0.35,0.2,camera_rgb_wb,0.937900837209,0.0198899562327,0.0212068861053,47.1544947728,2,True,PASS
Nokia N900,FL2,True,0.35,0.2,linear_srgb_unclipped,0.922891343981,0.0437010595049,0.0473523343674,21.1182830448,2,True,PASS
Nokia N900,FL2,True,0.35,0.2,chromaticity,0.257492379991,0.0249155718128,0.0967623656035,10.3345964494,2,True,PASS
Nokia N900,FL2,True,0.35,0.35,camera_rgb_wb,0.895681004138,0.0164374862973,0.0183519425123,54.4901445354,2,True,PASS
Nokia N900,FL2,True,0.35,0.35,linear_srgb_unclipped,0.88537865599,0.0362579512219,0.0409519147278,24.4188826493,2,True,PASS
Nokia N900,FL2,True,0.35,0.35,chromaticity,0.255248778899,0.0215818527456,0.0845522271986,11.8270095671,2,True,PASS
Nokia N900,FL2,True,0.35,0.5,camera_rgb_wb,0.859825509788,0.0139465680024,0.016220230551,61.6514048217,2,True,PASS
Nokia N900,FL2,True,0.35,0.5,linear_srgb_unclipped,0.853547691777,0.0308640388631,0.036159712176,27.6550873838,2,True,PASS
Nokia N900,FL2,True,0.35,0.5,chromaticity,0.253483647088,0.0190887990312,0.0753058402408,13.2791825548,2,True,PASS
Nokia N900,FL2,True,0.35,0.65,camera_rgb_wb,0.828657303688,0.0120617142096,0.0145557326966,68.7014539797,2,True,PASS
Nokia N900,FL2,True,0.35,0.65,linear_srgb_unclipped,0.825889806503,0.0267683212005,0.0324114924166,30.8532537516,2,True,PASS
Nokia N900,FL2,True,0.35,0.65,chromaticity,0.252016857909,0.0171413761074,0.068016783677,14.7022535607,2,True,PASS
Nokia N900,FL2,True,0.35,0.8,camera_rgb_wb,0.80110185682,0.0105845200965,0.0132124523323,75.686176559,2,True,PASS
Nokia N900,FL2,True,0.35,0.8,linear_srgb_unclipped,0.801439788403,0.0235493838733,0.0293838466896,34.0323038901,2,True,PASS
Nokia N900,FL2,True,0.35,0.8,chromaticity,0.25075068891,0.0155700939142,0.0620939227801,16.1046356105,2,True,PASS
Nokia N900,FL2,True,0.5,0.2,camera_rgb_wb,0.657168191798,0.0150226317574,0.0228596452855,43.74521072,2,True,PASS
Nokia N900,FL2,True,0.5,0.2,linear_srgb_unclipped,0.659974804616,0.0314599643212,0.0476684323419,20.9782439,2,True,PASS
Nokia N900,FL2,True,0.5,0.2,chromaticity,0.217639008299,0.0221176817598,0.101625540075,9.84004610713,2,True,PASS
Nokia N900,FL2,True,0.5,0.35,camera_rgb_wb,0.629271752772,0.0123871747323,0.0196849368778,50.8002644969,2,True,PASS
Nokia N900,FL2,True,0.5,0.35,linear_srgb_unclipped,0.635860697578,0.0259894469886,0.0408728627002,24.466111105,2,True,PASS
Nokia N900,FL2,True,0.5,0.35,chromaticity,0.215597807323,0.0191294614108,0.0887275322895,11.2704588327,2,True,PASS
Nokia N900,FL2,True,0.5,0.5,camera_rgb_wb,0.605495230914,0.0104884773632,0.017322146943,57.7295645448,2,True,PASS
Nokia N900,FL2,True,0.5,0.5,linear_srgb_unclipped,0.615249577023,0.0220399933473,0.0358228500602,27.9151434998,2,True,PASS
Nokia N900,FL2,True,0.5,0.5,chromaticity,0.214017731147,0.0168926626984,0.0789311362561,12.6692715629,2,True,PASS
Nokia N900,FL2,True,0.5,0.65,camera_rgb_wb,0.584762076302,0.00905360499625,0.0154825447189,64.5888656004,2,True,PASS
Nokia N900,FL2,True,0.5,0.65,linear_srgb_unclipped,0.597225955817,0.0190506766169,0.0318986079412,31.349330411,2,True,PASS
Nokia N900,FL2,True,0.5,0.65,chromaticity,0.212713148712,0.0151452753072,0.0712004659743,14.0448519025,2,True,PASS
Nokia N900,FL2,True,0.5,0.8,camera_rgb_wb,0.566380982666,0.00793040653062,0.0140018940843,71.4189090406,2,True,PASS
Nokia N900,FL2,True,0.5,0.8,linear_srgb_unclipped,0.581201807061,0.0167079258837,0.0287472022294,34.7859938515,2,True,PASS
Nokia N900,FL2,True,0.5,0.8,chromaticity,0.211587131796,0.0137359998883,0.0649188812748,15.4038390737,2,True,PASS
Nokia N900,FL2,True,0.65,0.2,camera_rgb_wb,0.470931464536,0.0114486590121,0.024310669119,41.1342030574,2,True,PASS
Nokia N900,FL2,True,0.65,0.2,linear_srgb_unclipped,0.488045228104,0.02292999456,0.0469833393292,21.284140597,2,True,PASS
Nokia N900,FL2,True,0.65,0.2,chromaticity,0.18869695911,0.018727857992,0.0992483295986,10.0757363277,2,True,PASS
Nokia N900,FL2,True,0.65,0.35,camera_rgb_wb,0.451963095485,0.00943437624111,0.0208742181283,47.9059859321,2,True,PASS
Nokia N900,FL2,True,0.65,0.35,linear_srgb_unclipped,0.47158284978,0.0188900928388,0.0400567850327,24.9645596666,2,True,PASS
Nokia N900,FL2,True,0.65,0.35,chromaticity,0.186500019549,0.0162065779418,0.0868985321343,11.507674243,2,True,PASS
Nokia N900,FL2,True,0.65,0.5,camera_rgb_wb,0.43574662682,0.00798336502733,0.018321117218,54.5818242468,2,True,PASS
Nokia N900,FL2,True,0.65,0.5,linear_srgb_unclipped,0.457433641303,0.0159801788676,0.0349344198256,28.6250639052,2,True,PASS
Nokia N900,FL2,True,0.65,0.5,chromaticity,0.184821013146,0.0143122179997,0.0774382617868,12.9135129964,2,True,PASS
Nokia N900,FL2,True,0.65,0.65,camera_rgb_wb,0.42156808534,0.00688700532335,0.0163366382865,61.2121038894,2,True,PASS
Nokia N900,FL2,True,0.65,0.65,linear_srgb_unclipped,0.445000686311,0.0137821014196,0.0309709666604,32.2883044293,2,True,PASS
Nokia N900,FL2,True,0.65,0.65,chromaticity,0.183446687515,0.0128289619194,0.0699329167139,14.2994178849,2,True,PASS
Nokia N900,FL2,True,0.65,0.8,camera_rgb_wb,0.408968081961,0.00602898114772,0.0147419356513,67.8336972602,2,True,PASS
Nokia N900,FL2,True,0.65,0.8,linear_srgb_unclipped,0.433899274635,0.0120625743508,0.0278004022037,35.9707026061,2,True,PASS
Nokia N900,FL2,True,0.65,0.8,chromaticity,0.182267279674,0.0116310399822,0.0638130991095,15.6707637453,2,True,PASS
Nokia N900,FL2,True,0.8,0.2,camera_rgb_wb,0.342834625104,0.00870799549513,0.0253999883836,39.3700967456,2,True,PASS
Nokia N900,FL2,True,0.8,0.2,linear_srgb_unclipped,0.36696341025,0.0167881847291,0.0457489337089,21.8584329498,2,True,PASS
Nokia N900,FL2,True,0.8,0.2,chromaticity,0.167235668184,0.015289974448,0.091427711648,10.9376028556,2,True,PASS
Nokia N900,FL2,True,0.8,0.35,camera_rgb_wb,0.329684172501,0.00717530337699,0.0217641730343,45.9470708316,2,True,PASS
Nokia N900,FL2,True,0.8,0.35,linear_srgb_unclipped,0.355373729914,0.0138050093461,0.0388464542649,25.7423751774,2,True,PASS
Nokia N900,FL2,True,0.8,0.35,chromaticity,0.164716832706,0.0132576435609,0.0804874847523,12.4242918396,2,True,PASS
Nokia N900,FL2,True,0.8,0.5,camera_rgb_wb,0.318409506707,0.00607094952643,0.0190664832505,52.4480569836,2,True,PASS
Nokia N900,FL2,True,0.8,0.5,linear_srgb_unclipped,0.34536377779,0.0116594644654,0.0337599517239,29.6208954379,2,True,PASS
Nokia N900,FL2,True,0.8,0.5,chromaticity,0.162804735702,0.0117220145188,0.0720004517575,13.8888017449,2,True,PASS
Nokia N900,FL2,True,0.8,0.65,camera_rgb_wb,0.308527275857,0.00523641333303,0.0169722865458,58.9195802996,2,True,PASS
Nokia N900,FL2,True,0.8,0.65,linear_srgb_unclipped,0.33653092427,0.0100409416507,0.0298366091391,33.5158729109,2,True,PASS
Nokia N900,FL2,True,0.8,0.65,chromaticity,0.161250538587,0.0105150302613,0.0652092721886,15.3352424653,2,True,PASS
Nokia N900,FL2,True,0.8,0.8,camera_rgb_wb,0.299725850797,0.0045832693542,0.0152915383909,65.3956439461,2,True,PASS
Nokia N900,FL2,True,0.8,0.8,linear_srgb_unclipped,0.328614727661,0.00877635288559,0.0267071197571,37.4431990082,2,True,PASS
Nokia N900,FL2,True,0.8,0.8,chromaticity,0.159926034738,0.00953760408011,0.0596375949404,16.7679464774,2,True,PASS
Olympus E-PL2,FL2,True,0.2,0.2,camera_rgb_wb,1.40259285445,0.0357259087558,0.025471332356,39.2598230051,2,True,PASS
Olympus E-PL2,FL2,True,0.2,0.2,linear_srgb_unclipped,1.39578622382,0.0666364486434,0.0477411565655,20.9462876884,2,True,PASS
Olympus E-PL2,FL2,True,0.2,0.2,chromaticity,0.438842415623,0.0362345445155,0.082568464728,12.1111613652,2,True,PASS
Olympus E-PL2,FL2,True,0.2,0.35,camera_rgb_wb,1.33563584561,0.0298677673128,0.0223622085398,44.7183022294,2,True,PASS
Olympus E-PL2,FL2,True,0.2,0.35,linear_srgb_unclipped,1.33235254014,0.0557096632031,0.0418130048353,23.9160042178,2,True,PASS
Olympus E-PL2,FL2,True,0.2,0.35,chromaticity,0.435217568773,0.0314970954291,0.0723709190277,13.8177048659,2,True,PASS
Olympus E-PL2,FL2,True,0.2,0.5,camera_rgb_wb,1.27902685949,0.0255940429311,0.0200105593883,49.9736154594,2,True,PASS
Olympus E-PL2,FL2,True,0.2,0.5,linear_srgb_unclipped,1.27881282341,0.047727188019,0.0373214806306,26.7942209983,2,True,PASS
Olympus E-PL2,FL2,True,0.2,0.5,chromaticity,0.432257966674,0.0279464188497,0.0646521776446,15.4673831019,2,True,PASS
Olympus E-PL2,FL2,True,0.2,0.65,camera_rgb_wb,1.23001392608,0.0223305849016,0.0181547415261,55.0820290425,2,True,PASS
Olympus E-PL2,FL2,True,0.2,0.65,linear_srgb_unclipped,1.23252003972,0.0416260280899,0.0337731044919,29.6093597271,2,True,PASS
Olympus E-PL2,FL2,True,0.2,0.65,chromaticity,0.429745053255,0.0251653479973,0.0585587845787,17.0768571649,2,True,PASS
Olympus E-PL2,FL2,True,0.2,0.8,camera_rgb_wb,1.18683568294,0.01975313239,0.0166435275531,60.0834166201,2,True,PASS
Olympus E-PL2,FL2,True,0.2,0.8,linear_srgb_unclipped,1.19178130726,0.0368043449916,0.0308817941407,32.3815383084,2,True,PASS
Olympus E-PL2,FL2,True,0.2,0.8,chromaticity,0.427551488236,0.0229150801325,0.0535960714978,18.658083924,2,True,PASS
Olympus E-PL2,FL2,True,0.35,0.2,camera_rgb_wb,0.92994504274,0.0249440545817,0.0268231491489,37.2812302704,2,True,PASS
Olympus E-PL2,FL2,True,0.35,0.2,linear_srgb_unclipped,0.932258990727,0.0465107674128,0.0498903929868,20.043939126,2,True,PASS
Olympus E-PL2,FL2,True,0.35,0.2,chromaticity,0.367234772317,0.0361334230249,0.0983932507179,10.1632987294,2,True,PASS
Olympus E-PL2,FL2,True,0.35,0.35,camera_rgb_wb,0.889125998272,0.0207067813932,0.0232889167941,42.9388798475,2,True,PASS
Olympus E-PL2,FL2,True,0.35,0.35,linear_srgb_unclipped,0.894896337666,0.0386619220987,0.0432026822229,23.1467110037,2,True,PASS
Olympus E-PL2,FL2,True,0.35,0.35,chromaticity,0.364322746375,0.0312684463336,0.0858262259075,11.6514502348,2,True,PASS
Olympus E-PL2,FL2,True,0.35,0.5,camera_rgb_wb,0.854433131567,0.0176353281943,0.0206397991168,48.4500839539,2,True,PASS
Olympus E-PL2,FL2,True,0.35,0.5,linear_srgb_unclipped,0.86311999159,0.0329597129901,0.038186710204,26.1871209815,2,True,PASS
Olympus E-PL2,FL2,True,0.35,0.5,chromaticity,0.36193090563,0.0276345025686,0.0763529782585,13.0970660583,2,True,PASS
Olympus E-PL2,FL2,True,0.35,0.65,camera_rgb_wb,0.824256232876,0.015302620757,0.018565368567,53.8637300085,2,True,PASS
Olympus E-PL2,FL2,True,0.35,0.65,linear_srgb_unclipped,0.835457494317,0.0286214186388,0.0342583779947,29.1899400536,2,True,PASS
Olympus E-PL2,FL2,True,0.35,0.65,chromaticity,0.359877503507,0.0247972928197,0.0689048150498,14.5127738791,2,True,PASS
Olympus E-PL2,FL2,True,0.35,0.8,camera_rgb_wb,0.797561849202,0.0134690130787,0.0168877349038,59.2145723328,2,True,PASS
Olympus E-PL2,FL2,True,0.35,0.8,linear_srgb_unclipped,0.810964324659,0.0252065810479,0.0310822317104,32.1727220013,2,True,PASS
Olympus E-PL2,FL2,True,0.35,0.8,chromaticity,0.358060521926,0.0225086222127,0.0628626191227,15.9077049916,2,True,PASS
Olympus E-PL2,FL2,True,0.5,0.2,camera_rgb_wb,0.644533640246,0.017956131254,0.0278591063876,35.8949058196,2,True,PASS
Olympus E-PL2,FL2,True,0.5,0.2,linear_srgb_unclipped,0.663068559522,0.0328924764042,0.0496064485819,20.1586694591,2,True,PASS
Olympus E-PL2,FL2,True,0.5,0.2,chromaticity,0.308821599985,0.034269915101,0.110969942202,9.01144922812,2,True,PASS
Olympus E-PL2,FL2,True,0.5,0.35,camera_rgb_wb,0.618228812036,0.0148379862694,0.0240008003195,41.6652772694,2,True,PASS
Olympus E-PL2,FL2,True,0.5,0.35,linear_srgb_unclipped,0.638911296386,0.0272279344084,0.0426161418062,23.4652870395,2,True,PASS
Olympus E-PL2,FL2,True,0.5,0.35,chromaticity,0.306173706036,0.0295797460906,0.0966109940452,10.3507888505,2,True,PASS
Olympus E-PL2,FL2,True,0.5,0.5,camera_rgb_wb,0.595777763315,0.0125857294518,0.0211248727742,47.337563198,2,True,PASS
Olympus E-PL2,FL2,True,0.5,0.5,linear_srgb_unclipped,0.618252023886,0.0231277403317,0.0374082727402,26.7320548839,2,True,PASS
Olympus E-PL2,FL2,True,0.5,0.5,chromaticity,0.30400216235,0.0260797942722,0.0857881867373,11.6566165813,2,True,PASS
Olympus E-PL2,FL2,True,0.5,0.65,camera_rgb_wb,0.576176512617,0.010880462292,0.0188839045913,52.9551499884,2,True,PASS
Olympus E-PL2,FL2,True,0.5,0.65,linear_srgb_unclipped,0.60017756553,0.0200180354579,0.0333535217036,29.9818414645,2,True,PASS
Olympus E-PL2,FL2,True,0.5,0.65,chromaticity,0.302129987111,0.0233507605359,0.0772871331282,12.9387643134,2,True,PASS
Olympus E-PL2,FL2,True,0.5,0.8,camera_rgb_wb,0.558779402966,0.00954377522158,0.017079683272,58.54909509,2,True,PASS
Olympus E-PL2,FL2,True,0.5,0.8,linear_srgb_unclipped,0.584101276252,0.0175770492211,0.0300924684395,33.2309063316,2,True,PASS
Olympus E-PL2,FL2,True,0.5,0.8,chromaticity,0.30046168858,0.0211526100101,0.0704003565649,14.2044735111,2,True,PASS
Olympus E-PL2,FL2,True,0.65,0.2,camera_rgb_wb,0.460593899,0.0131984968949,0.0286553880188,34.8974510254,2,True,PASS
Olympus E-PL2,FL2,True,0.65,0.2,linear_srgb_unclipped,0.488448385895,0.0236018902269,0.0483201314785,20.6953079266,2,True,PASS
Olympus E-PL2,FL2,True,0.65,0.2,chromaticity,0.262756756307,0.0311221557097,0.118444740098,8.44275566121,2,True,PASS
Olympus E-PL2,FL2,True,0.65,0.35,camera_rgb_wb,0.442960100008,0.0108781333294,0.0245578175758,40.720230815,2,True,PASS
Olympus E-PL2,FL2,True,0.65,0.35,linear_srgb_unclipped,0.47191579405,0.0194783309081,0.0412750137919,24.2277326675,2,True,PASS
Olympus E-PL2,FL2,True,0.65,0.35,chromaticity,0.260002589646,0.0268435577362,0.103243424509,9.68584686875,2,True,PASS
Olympus E-PL2,FL2,True,0.65,0.5,camera_rgb_wb,0.427855155199,0.00920504608873,0.0215143979846,46.4805011376,2,True,PASS
Olympus E-PL2,FL2,True,0.65,0.5,linear_srgb_unclipped,0.457713864972,0.0165010165969,0.0360509433069,27.7385252166,2,True,PASS
Olympus E-PL2,FL2,True,0.65,0.5,chromaticity,0.257768787933,0.023645622255,0.0917319061184,10.9013323969,2,True,PASS
Olympus E-PL2,FL2,True,0.65,0.65,camera_rgb_wb,0.414625265001,0.00794031290539,0.0191505766186,52.2177488395,2,True,PASS
Olympus E-PL2,FL2,True,0.65,0.65,linear_srgb_unclipped,0.445239123615,0.0142478910696,0.032000537046,31.2494755498,2,True,PASS
Olympus E-PL2,FL2,True,0.65,0.65,chromaticity,0.255854674346,0.0211503916271,0.082665644789,12.0969237287,2,True,PASS
Olympus E-PL2,FL2,True,0.65,0.8,camera_rgb_wb,0.402849207625,0.006950419282,0.0172531536626,57.96041811,2,True,PASS
Olympus E-PL2,FL2,True,0.65,0.8,linear_srgb_unclipped,0.434103270154,0.012482794199,0.028755356288,34.7761297055,2,True,PASS
Olympus E-PL2,FL2,True,0.65,0.8,chromaticity,0.254154599647,0.0191402908512,0.0753096378256,13.278512935,2,True,PASS
Olympus E-PL2,FL2,True,0.8,0.2,camera_rgb_wb,0.335989424347,0.0097867308349,0.0291280919151,34.3311193508,2,True,PASS
Olympus E-PL2,FL2,True,0.8,0.2,linear_srgb_unclipped,0.366464696587,0.0170841033373,0.0466186879566,21.4506251427,2,True,PASS
Olympus E-PL2,FL2,True,0.8,0.2,chromaticity,0.226855406015,0.027255240846,0.120143669154,8.32336823939,2,True,PASS
Olympus E-PL2,FL2,True,0.8,0.35,camera_rgb_wb,0.323846365869,0.0080543942455,0.0248710348313,40.2074142385,2,True,PASS
Olympus E-PL2,FL2,True,0.8,0.35,linear_srgb_unclipped,0.354803754431,0.014068213077,0.0396506883068,25.2202431459,2,True,PASS
Olympus E-PL2,FL2,True,0.8,0.35,chromaticity,0.22377032616,0.0235284082385,0.105145345418,9.51064448949,2,True,PASS
Olympus E-PL2,FL2,True,0.8,0.5,camera_rgb_wb,0.313409375107,0.00680640833194,0.0217173092848,46.0462199478,2,True,PASS
Olympus E-PL2,FL2,True,0.8,0.5,linear_srgb_unclipped,0.344744306313,0.0118945617322,0.0345025617954,28.9833550891,2,True,PASS
Olympus E-PL2,FL2,True,0.8,0.5,chromaticity,0.221304208078,0.0207319619395,0.0936808301997,10.6745424637,2,True,PASS
Olympus E-PL2,FL2,True,0.8,0.65,camera_rgb_wb,0.304240713153,0.00586383044041,0.0192736546652,51.8842958105,2,True,PASS
Olympus E-PL2,FL2,True,0.8,0.65,linear_srgb_unclipped,0.33587553637,0.0102522629485,0.0305239942728,32.7611121619,2,True,PASS
Olympus E-PL2,FL2,True,0.8,0.65,chromaticity,0.219215417222,0.0185446491803,0.0845955517881,11.8209525071,2,True,PASS
Olympus E-PL2,FL2,True,0.8,0.8,camera_rgb_wb,0.296057794072,0.0051267003885,0.0173165526838,57.7482145701,2,True,PASS
Olympus E-PL2,FL2,True,0.8,0.8,linear_srgb_unclipped,0.327932473031,0.008967587054,0.027345834254,36.568641158,2,True,PASS
Olympus E-PL2,FL2,True,0.8,0.8,chromaticity,0.217377722647,0.0167798395869,0.0771920847387,12.9546961115,2,True,PASS
Pentax K-5,FL2,True,0.2,0.2,camera_rgb_wb,1.40502872344,0.0316111302504,0.0224985651346,44.4472789272,2,True,PASS
Pentax K-5,FL2,True,0.2,0.2,linear_srgb_unclipped,1.39042575965,0.0613161200733,0.0440988090501,22.6763493514,2,True,PASS
Pentax K-5,FL2,True,0.2,0.2,chromaticity,0.467683156052,0.0311410469286,0.066585778268,15.0182219989,2,True,PASS
Pentax K-5,FL2,True,0.2,0.35,camera_rgb_wb,1.33408882819,0.0266950055075,0.0200099160892,49.975222062,2,True,PASS
Pentax K-5,FL2,True,0.2,0.35,linear_srgb_unclipped,1.32586501203,0.0514102882743,0.0387749037857,25.7898770175,2,True,PASS
Pentax K-5,FL2,True,0.2,0.35,chromaticity,0.465469851715,0.0272286073698,0.0584970374978,17.0948827971,2,True,PASS
Pentax K-5,FL2,True,0.2,0.5,camera_rgb_wb,1.27417753579,0.0230724437849,0.0181077150843,55.2250792187,2,True,PASS
Pentax K-5,FL2,True,0.2,0.5,linear_srgb_unclipped,1.27132723095,0.0441619961642,0.0347369230275,28.7878117244,2,True,PASS
Pentax K-5,FL2,True,0.2,0.5,chromaticity,0.463742970945,0.0242917178118,0.0523818566183,19.0905795357,2,True,PASS
Pentax K-5,FL2,True,0.2,0.65,camera_rgb_wb,1.22236389756,0.0202825179418,0.0165928640255,60.2668712565,2,True,PASS
Pentax K-5,FL2,True,0.2,0.65,linear_srgb_unclipped,1.22414493045,0.0386128811469,0.0315427366371,31.7030196684,2,True,PASS
Pentax K-5,FL2,True,0.2,0.65,chromaticity,0.462336459914,0.0219863878882,0.0475549514141,21.0283045249,2,True,PASS
Pentax K-5,FL2,True,0.2,0.8,camera_rgb_wb,1.17677050489,0.0180625054516,0.0153492166709,65.1499044831,2,True,PASS
Pentax K-5,FL2,True,0.2,0.8,linear_srgb_unclipped,1.18260871114,0.0342201686298,0.0289361716242,34.5588218438,2,True,PASS
Pentax K-5,FL2,True,0.2,0.8,chromaticity,0.46115426169,0.020116161367,0.0436213281284,22.9245656404,2,True,PASS
Pentax K-5,FL2,True,0.35,0.2,camera_rgb_wb,0.907683012101,0.0207874724764,0.0229016872622,43.6649050592,2,True,PASS
Pentax K-5,FL2,True,0.35,0.2,linear_srgb_unclipped,0.927410456777,0.0420000587035,0.0452874543268,22.0811704889,2,True,PASS
Pentax K-5,FL2,True,0.35,0.2,chromaticity,0.401857127773,0.0323864790352,0.0805920233758,12.4081758729,2,True,PASS
Pentax K-5,FL2,True,0.35,0.35,camera_rgb_wb,0.864964937246,0.0173946361442,0.0201102211144,49.7259574777,2,True,PASS
Pentax K-5,FL2,True,0.35,0.35,linear_srgb_unclipped,0.889120972119,0.0349586429587,0.0393182075949,25.4335093376,2,True,PASS
Pentax K-5,FL2,True,0.35,0.35,chromaticity,0.400145894488,0.0281678743843,0.0703940107154,14.20575401,2,True,PASS
Pentax K-5,FL2,True,0.35,0.5,camera_rgb_wb,0.828724182471,0.0149210932076,0.0180048965907,55.5404467314,2,True,PASS
Pentax K-5,FL2,True,0.35,0.5,linear_srgb_unclipped,0.856539619726,0.0298462686646,0.034845170004,28.6983820106,2,True,PASS
Pentax K-5,FL2,True,0.35,0.5,chromaticity,0.398803174566,0.0250141210077,0.0627229736447,15.9431216649,2,True,PASS
Pentax K-5,FL2,True,0.35,0.65,camera_rgb_wb,0.797256828205,0.0130324057612,0.0163465589759,61.1749544031,2,True,PASS
Pentax K-5,FL2,True,0.35,0.65,linear_srgb_unclipped,0.828169896474,0.0259571797828,0.0313428197443,31.9052340587,2,True,PASS
Pentax K-5,FL2,True,0.35,0.65,chromaticity,0.397692914477,0.0225478144959,0.0566965456891,17.6377588413,2,True,PASS
Pentax K-5,FL2,True,0.35,0.8,camera_rgb_wb,0.769468907528,0.0115403460232,0.0149978068124,66.6764155927,2,True,PASS
Pentax K-5,FL2,True,0.35,0.8,linear_srgb_unclipped,0.803049709796,0.0228951885097,0.0285103004589,35.07504249,2,True,PASS
Pentax K-5,FL2,True,0.35,0.8,chromaticity,0.396739464114,0.0205540610193,0.0518074526949,19.3022422061,2,True,PASS
Pentax K-5,FL2,True,0.5,0.2,camera_rgb_wb,0.61493221799,0.0141972292423,0.0230874701748,43.313537275,2,True,PASS
Pentax K-5,FL2,True,0.5,0.2,linear_srgb_unclipped,0.659065212074,0.0292623224518,0.0443997375612,22.522655649,2,True,PASS
Pentax K-5,FL2,True,0.5,0.2,chromaticity,0.343223947245,0.0319242239852,0.0930128105613,10.7512072151,2,True,PASS
Pentax K-5,FL2,True,0.5,0.35,camera_rgb_wb,0.587743888622,0.0117880131164,0.0200563771816,49.8594532274,2,True,PASS
Pentax K-5,FL2,True,0.5,0.35,linear_srgb_unclipped,0.634195515672,0.024223105132,0.0381950116854,26.1814293509,2,True,PASS
Pentax K-5,FL2,True,0.5,0.35,chromaticity,0.341736020467,0.027666434501,0.0809584967461,12.3520080065,2,True,PASS
Pentax K-5,FL2,True,0.5,0.5,camera_rgb_wb,0.564595614101,0.0100450896592,0.0177916537224,56.2061298857,2,True,PASS
Pentax K-5,FL2,True,0.5,0.5,linear_srgb_unclipped,0.612918053191,0.0205838250918,0.0335833232268,29.776683899,2,True,PASS
Pentax K-5,FL2,True,0.5,0.5,chromaticity,0.340560192385,0.0244903766098,0.0719120353974,13.9058781256,2,True,PASS
Pentax K-5,FL2,True,0.5,0.65,camera_rgb_wb,0.54443264592,0.00872281852996,0.016021850628,62.4147623902,2,True,PASS
Pentax K-5,FL2,True,0.5,0.65,linear_srgb_unclipped,0.594300995537,0.017827610136,0.0299976110924,33.3359878865,2,True,PASS
Pentax K-5,FL2,True,0.5,0.65,chromaticity,0.339571363563,0.0220121310151,0.0648232842255,15.4265556266,2,True,PASS
Pentax K-5,FL2,True,0.5,0.8,camera_rgb_wb,0.526576733363,0.00768400649055,0.0145923775277,68.5289287575,2,True,PASS
Pentax K-5,FL2,True,0.5,0.8,linear_srgb_unclipped,0.57774405886,0.0156658850632,0.0271156142983,36.8791202368,2,True,PASS
Pentax K-5,FL2,True,0.5,0.8,chromaticity,0.338703205811,0.0200131808796,0.059087662993,16.9240066259,2,True,PASS
Pentax K-5,FL2,True,0.65,0.2,camera_rgb_wb,0.431403305916,0.0101350199174,0.0234931438364,42.565610076,2,True,PASS
Pentax K-5,FL2,True,0.65,0.2,linear_srgb_unclipped,0.485461333881,0.0208182830169,0.042883503925,23.3189900189,2,True,PASS
Pentax K-5,FL2,True,0.65,0.2,chromaticity,0.294100409055,0.0300331208936,0.102118596129,9.79253571739,2,True,PASS
Pentax K-5,FL2,True,0.65,0.35,camera_rgb_wb,0.413360837886,0.00837167794018,0.020252711851,49.3761036724,2,True,PASS
Pentax K-5,FL2,True,0.65,0.35,linear_srgb_unclipped,0.46836142914,0.0171674571278,0.0366542931583,27.2819338155,2,True,PASS
Pentax K-5,FL2,True,0.65,0.35,chromaticity,0.292529802203,0.0259775557991,0.0888031086183,11.2608670525,2,True,PASS
Pentax K-5,FL2,True,0.65,0.5,camera_rgb_wb,0.397953408267,0.0071014766124,0.0178449950795,56.0381213637,2,True,PASS
Pentax K-5,FL2,True,0.65,0.5,linear_srgb_unclipped,0.453667714084,0.0145396858794,0.0320491968637,31.2020299371,2,True,PASS
Pentax K-5,FL2,True,0.65,0.5,chromaticity,0.291287017206,0.0229526522079,0.0787973745897,12.6907781536,2,True,PASS
Pentax K-5,FL2,True,0.65,0.65,camera_rgb_wb,0.384497344647,0.00614142380104,0.0159726039374,62.607199422,2,True,PASS
Pentax K-5,FL2,True,0.65,0.65,linear_srgb_unclipped,0.44076168649,0.0125552650409,0.0284853820686,35.1057253714,2,True,PASS
Pentax K-5,FL2,True,0.65,0.65,chromaticity,0.290234770403,0.0205937182746,0.0709553794882,14.0933641285,2,True,PASS
Pentax K-5,FL2,True,0.65,0.8,camera_rgb_wb,0.372552415401,0.00538967316916,0.0144668855881,69.1233779318,2,True,PASS
Pentax K-5,FL2,True,0.65,0.8,linear_srgb_unclipped,0.429244077917,0.0110028390028,0.0256330595315,39.0121202181,2,True,PASS
Pentax K-5,FL2,True,0.65,0.8,chromaticity,0.289302576141,0.0186926421938,0.0646127747743,15.4768155909,2,True,PASS
Pentax K-5,FL2,True,0.8,0.2,camera_rgb_wb,0.310119998609,0.00745742351965,0.0240468965339,41.5854078546,2,True,PASS
Pentax K-5,FL2,True,0.8,0.2,linear_srgb_unclipped,0.364329902884,0.0150133025077,0.0412079886633,24.2671392717,2,True,PASS
Pentax K-5,FL2,True,0.8,0.2,chromaticity,0.254308983773,0.0271445840519,0.106738596683,9.36868228619,2,True,PASS
Pentax K-5,FL2,True,0.8,0.35,camera_rgb_wb,0.297789118931,0.00614315561495,0.0206292145159,48.4749431069,2,True,PASS
Pentax K-5,FL2,True,0.8,0.35,linear_srgb_unclipped,0.352204534026,0.0123490661591,0.0350622009828,28.5207423371,2,True,PASS
Pentax K-5,FL2,True,0.8,0.35,chromaticity,0.252422111326,0.0234695446113,0.0929773722597,10.7553050349,2,True,PASS
Pentax K-5,FL2,True,0.8,0.5,camera_rgb_wb,0.28723020686,0.00519815929743,0.0180975370044,55.2561378797,2,True,PASS
Pentax K-5,FL2,True,0.8,0.5,linear_srgb_unclipped,0.341743849829,0.010435348928,0.0305355866192,32.7486749304,2,True,PASS
Pentax K-5,FL2,True,0.8,0.5,chromaticity,0.250936920522,0.0207230049993,0.0825825269399,12.109099068,2,True,PASS
Pentax K-5,FL2,True,0.8,0.65,camera_rgb_wb,0.277986258926,0.00448509962629,0.016134249382,61.9799518603,2,True,PASS
Pentax K-5,FL2,True,0.8,0.65,linear_srgb_unclipped,0.332524125203,0.00899279446833,0.0270440361668,36.9767291329,2,True,PASS
Pentax K-5,FL2,True,0.8,0.65,chromaticity,0.249685100753,0.0185789480767,0.0744095183119,13.439140888,2,True,PASS
Pentax K-5,FL2,True,0.8,0.8,camera_rgb_wb,0.269762556043,0.00392762088931,0.0145595480222,68.6834507825,2,True,PASS
Pentax K-5,FL2,True,0.8,0.8,linear_srgb_unclipped,0.324271075789,0.00786614853012,0.024257940709,41.2236146504,2,True,PASS
Pentax K-5,FL2,True,0.8,0.8,chromaticity,0.248580956561,0.0168502643328,0.0677858214317,14.7523475983,2,True,PASS
Pentax Q,FL2,True,0.2,0.2,camera_rgb_wb,1.40009948152,0.0248575182276,0.0177541085871,56.3249906406,2,True,PASS
Pentax Q,FL2,True,0.2,0.2,linear_srgb_unclipped,1.38419360961,0.0575450917327,0.0415730078028,24.0540690427,2,True,PASS
Pentax Q,FL2,True,0.2,0.2,chromaticity,0.358981598533,0.0249262819557,0.0694360993921,14.401730638,2,True,PASS
Pentax Q,FL2,True,0.2,0.35,camera_rgb_wb,1.33371756117,0.0208567905296,0.0156380864562,63.9464427315,2,True,PASS
Pentax Q,FL2,True,0.2,0.35,linear_srgb_unclipped,1.32023415703,0.0483321644862,0.0366087820323,27.3158500361,2,True,PASS
Pentax Q,FL2,True,0.2,0.35,chromaticity,0.355448745528,0.02175669348,0.0612090878184,16.3374432726,2,True,PASS
Pentax Q,FL2,True,0.2,0.5,camera_rgb_wb,1.27751858945,0.0179260542663,0.0140319322273,71.2660226548,2,True,PASS
Pentax Q,FL2,True,0.2,0.5,linear_srgb_unclipped,1.26632658831,0.0415599114035,0.0328192677838,30.4699058672,2,True,PASS
Pentax Q,FL2,True,0.2,0.5,chromaticity,0.352577030782,0.019368234856,0.0549333426884,18.203880395,2,True,PASS
Pentax Q,FL2,True,0.2,0.65,camera_rgb_wb,1.22880393295,0.015680866847,0.0127610812648,78.3632655608,2,True,PASS
Pentax Q,FL2,True,0.2,0.65,linear_srgb_unclipped,1.21977077019,0.0363590243148,0.0298080796847,33.5479511119,2,True,PASS
Pentax Q,FL2,True,0.2,0.65,chromaticity,0.350151098599,0.0174900597381,0.0499500353078,20.0200058686,2,True,PASS
Pentax Q,FL2,True,0.2,0.8,camera_rgb_wb,1.18584482046,0.0139028246375,0.0117239831026,85.2952440521,2,True,PASS
Pentax Q,FL2,True,0.2,0.8,linear_srgb_unclipped,1.17884277193,0.0322327335588,0.0273426909224,36.5728451102,2,True,PASS
Pentax Q,FL2,True,0.2,0.8,chromaticity,0.348045004893,0.0159655885042,0.0458721954911,21.799697819,2,True,PASS
Pentax Q,FL2,True,0.35,0.2,camera_rgb_wb,0.934989284811,0.0177997897522,0.0190374264619,52.5281083556,2,True,PASS
Pentax Q,FL2,True,0.35,0.2,linear_srgb_unclipped,0.928922768472,0.0408446486709,0.0439699080022,22.7428267521,2,True,PASS
Pentax Q,FL2,True,0.35,0.2,chromaticity,0.297281112351,0.0247830238411,0.0833656186399,11.9953527163,2,True,PASS
Pentax Q,FL2,True,0.35,0.35,camera_rgb_wb,0.893883063507,0.0147980066693,0.0165547455517,60.4056399947,2,True,PASS
Pentax Q,FL2,True,0.35,0.35,linear_srgb_unclipped,0.891310145854,0.0340527370869,0.0382052613731,26.1744054107,2,True,PASS
Pentax Q,FL2,True,0.35,0.35,chromaticity,0.294590508084,0.0215137295818,0.0730292694145,13.6931398605,2,True,PASS
Pentax Q,FL2,True,0.35,0.5,camera_rgb_wb,0.858903105889,0.0126180381854,0.014690875023,68.0694647826,2,True,PASS
Pentax Q,FL2,True,0.35,0.5,linear_srgb_unclipped,0.859328895311,0.0290987953995,0.0338622331429,29.5314250475,2,True,PASS
Pentax Q,FL2,True,0.35,0.5,chromaticity,0.292399468874,0.0190612701291,0.0651891407411,15.339978233,2,True,PASS
Pentax Q,FL2,True,0.35,0.65,camera_rgb_wb,0.828446252596,0.010960032169,0.0132296236897,75.5879398732,2,True,PASS
Pentax Q,FL2,True,0.35,0.65,linear_srgb_unclipped,0.831495927495,0.0253182289511,0.0304490113708,32.84178878,2,True,PASS
Pentax Q,FL2,True,0.35,0.65,chromaticity,0.290535082711,0.0171406013261,0.0589966663102,16.9501102781,2,True,PASS
Pentax Q,FL2,True,0.35,0.8,camera_rgb_wb,0.80148208229,0.00965523308899,0.0120467235667,83.0101225836,2,True,PASS
Pentax Q,FL2,True,0.35,0.8,linear_srgb_unclipped,0.806859598598,0.0223348929495,0.0276812632437,36.1255189547,2,True,PASS
Pentax Q,FL2,True,0.35,0.8,chromaticity,0.288899638326,0.0155875522148,0.0539549038729,18.5339965086,2,True,PASS
Pentax Q,FL2,True,0.5,0.2,camera_rgb_wb,0.648641433959,0.0132130839056,0.0203703975939,49.0908434846,2,True,PASS
Pentax Q,FL2,True,0.5,0.2,linear_srgb_unclipped,0.662842668803,0.0294777425292,0.0444717033416,22.4862086419,2,True,PASS
Pentax Q,FL2,True,0.5,0.2,chromaticity,0.248562823393,0.0232772900994,0.0936475124545,10.6783402334,2,True,PASS
Pentax Q,FL2,True,0.5,0.35,camera_rgb_wb,0.621913962964,0.0109322957124,0.0175784696332,56.8877735585,2,True,PASS
Pentax Q,FL2,True,0.5,0.35,linear_srgb_unclipped,0.638526425399,0.0244593925621,0.0383059989206,26.1055716644,2,True,PASS
Pentax Q,FL2,True,0.5,0.35,chromaticity,0.246263805161,0.0201416875544,0.08178906982,12.2265725995,2,True,PASS
Pentax Q,FL2,True,0.5,0.5,camera_rgb_wb,0.599079572084,0.00928207925356,0.0154939004534,64.5415273582,2,True,PASS
Pentax Q,FL2,True,0.5,0.5,linear_srgb_unclipped,0.617723950271,0.0208156057571,0.0336972619371,29.6760016249,2,True,PASS
Pentax Q,FL2,True,0.5,0.5,chromaticity,0.24439698771,0.0177937155181,0.0728066073354,13.7350171447,2,True,PASS
Pentax Q,FL2,True,0.5,0.65,camera_rgb_wb,0.579129027809,0.00803097487608,0.0138673326503,72.111921248,2,True,PASS
Pentax Q,FL2,True,0.5,0.65,linear_srgb_unclipped,0.59952170572,0.0180452629992,0.0300994323092,33.2232179573,2,True,PASS
Pentax Q,FL2,True,0.5,0.65,chromaticity,0.242803023547,0.0159583830643,0.0657256356663,15.2147634612,2,True,PASS
Pentax Q,FL2,True,0.5,0.8,camera_rgb_wb,0.56141209483,0.00704918777842,0.0125561736972,79.6420967178,2,True,PASS
Pentax Q,FL2,True,0.5,0.8,linear_srgb_unclipped,0.583331768708,0.0158662092721,0.0271992888493,36.7656671297,2,True,PASS
Pentax Q,FL2,True,0.5,0.8,chromaticity,0.241395215135,0.0144772698311,0.059973309011,16.6740841299,2,True,PASS
Pentax Q,FL2,True,0.65,0.2,camera_rgb_wb,0.462304313068,0.00999515169506,0.0216202864921,46.2528561019,2,True,PASS
Pentax Q,FL2,True,0.65,0.2,linear_srgb_unclipped,0.489058657708,0.0215707350181,0.0441066417661,22.6723223523,2,True,PASS
Pentax Q,FL2,True,0.65,0.2,chromaticity,0.211061288093,0.0208342674088,0.0987119314822,10.1304876218,2,True,PASS
Pentax Q,FL2,True,0.65,0.35,camera_rgb_wb,0.44431329925,0.00825398906753,0.0185769570289,53.8301293611,2,True,PASS
Pentax Q,FL2,True,0.65,0.35,linear_srgb_unclipped,0.472426866613,0.0178447259889,0.0377724622583,26.4743133016,2,True,PASS
Pentax Q,FL2,True,0.65,0.35,chromaticity,0.208796021996,0.0180074061201,0.0862440095743,11.5950082207,2,True,PASS
Pentax Q,FL2,True,0.65,0.5,camera_rgb_wb,0.428892438633,0.00699566432953,0.0163109994474,61.3083216161,2,True,PASS
Pentax Q,FL2,True,0.65,0.5,linear_srgb_unclipped,0.45813269475,0.0151464362772,0.0330612428468,30.2468967859,2,True,PASS
Pentax Q,FL2,True,0.65,0.5,chromaticity,0.206974310954,0.01588849361,0.0767655345089,13.0266793086,2,True,PASS
Pentax Q,FL2,True,0.65,0.65,camera_rgb_wb,0.415380487937,0.00604266409524,0.0145472988518,68.7412838757,2,True,PASS
Pentax Q,FL2,True,0.65,0.65,linear_srgb_unclipped,0.445574107689,0.0130995532426,0.0293992694291,34.0144506791,2,True,PASS
Pentax Q,FL2,True,0.65,0.65,chromaticity,0.205425763111,0.0142317677645,0.0692793715305,14.4343110786,2,True,PASS
Pentax Q,FL2,True,0.65,0.8,camera_rgb_wb,0.403350580011,0.00529554008246,0.0131288768255,76.167977908,2,True,PASS
Pentax Q,FL2,True,0.65,0.8,linear_srgb_unclipped,0.434362786072,0.0114927635599,0.0264589046953,37.7944594275,2,True,PASS
Pentax Q,FL2,True,0.65,0.8,chromaticity,0.204060003256,0.0128950330748,0.0631923594481,15.824697934,2,True,PASS
Pentax Q,FL2,True,0.8,0.2,camera_rgb_wb,0.335815309142,0.00759244847925,0.0226090004611,44.2301729225,2,True,PASS
Pentax Q,FL2,True,0.8,0.2,linear_srgb_unclipped,0.367164334154,0.0158763185656,0.0432403615733,23.1265411207,2,True,PASS
Pentax Q,FL2,True,0.8,0.2,chromaticity,0.182313792868,0.0179274315363,0.098332831841,10.1695433893,2,True,PASS
Pentax Q,FL2,True,0.8,0.35,camera_rgb_wb,0.323411060766,0.00626614086245,0.0193751594259,51.612478536,2,True,PASS
Pentax Q,FL2,True,0.8,0.35,linear_srgb_unclipped,0.355449939119,0.0131083889432,0.0368782984622,27.1162185269,2,True,PASS
Pentax Q,FL2,True,0.8,0.35,chromaticity,0.179866734656,0.0155040453202,0.0861974024815,11.6012776628,2,True,PASS
Pentax Q,FL2,True,0.8,0.5,camera_rgb_wb,0.312747330432,0.00530777513264,0.0169714482465,58.9224906135,2,True,PASS
Pentax Q,FL2,True,0.8,0.5,linear_srgb_unclipped,0.345339980427,0.0111072179195,0.0321631393672,31.0914923007,2,True,PASS
Pentax Q,FL2,True,0.8,0.5,chromaticity,0.17792271802,0.0136813499878,0.0768949021243,13.0047632856,2,True,PASS
Pentax Q,FL2,True,0.8,0.65,camera_rgb_wb,0.303379432231,0.00458208836039,0.0151034904598,66.2098607381,2,True,PASS
Pentax Q,FL2,True,0.8,0.65,linear_srgb_unclipped,0.336425125992,0.00959134634911,0.0285096017154,35.0759021463,2,True,PASS
Pentax Q,FL2,True,0.8,0.65,chromaticity,0.176285669553,0.0122531720614,0.0695074766572,14.3869414931,2,True,PASS
Pentax Q,FL2,True,0.8,0.8,camera_rgb_wb,0.295019752447,0.00401330069833,0.0136034982914,73.510502856,2,True,PASS
Pentax Q,FL2,True,0.8,0.8,linear_srgb_unclipped,0.328440676159,0.00840295795408,0.0255844009711,39.0863167416,2,True,PASS
Pentax Q,FL2,True,0.8,0.8,chromaticity,0.174852537466,0.0110992785476,0.0634779380867,15.7535047631,2,True,PASS
Point Grey Grasshopper 50S5C,FL2,False,0.2,0.2,camera_rgb_wb,1.42125807984,0.053334533856,0.0375262836586,26.647989156,2,True,PASS
Point Grey Grasshopper 50S5C,FL2,False,0.2,0.2,linear_srgb_unclipped,1.40847374634,0.0863748679701,0.0613251529853,16.3065227125,2,True,PASS
Point Grey Grasshopper 50S5C,FL2,False,0.2,0.2,chromaticity,0.417433327731,0.0460897650056,0.110412278905,9.0569636812,2,True,PASS
Point Grey Grasshopper 50S5C,FL2,False,0.2,0.35,camera_rgb_wb,1.3612313453,0.0444898623494,0.0326835423699,30.5964386811,2,True,PASS
Point Grey Grasshopper 50S5C,FL2,False,0.2,0.35,linear_srgb_unclipped,1.34647819615,0.0724718455833,0.0538232596639,18.5793280869,2,True,PASS
Point Grey Grasshopper 50S5C,FL2,False,0.2,0.35,chromaticity,0.414658574553,0.0398591080549,0.0961251267936,10.4031072141,2,True,PASS
Point Grey Grasshopper 50S5C,FL2,False,0.2,0.5,camera_rgb_wb,1.31031746304,0.0379969742778,0.0289982964812,34.4847843268,2,True,PASS
Point Grey Grasshopper 50S5C,FL2,False,0.2,0.5,linear_srgb_unclipped,1.2939950088,0.0622397263252,0.0480988921147,20.7904996567,2,True,PASS
Point Grey Grasshopper 50S5C,FL2,False,0.2,0.5,chromaticity,0.412332723839,0.035171711268,0.085299345006,11.7234194463,2,True,PASS
Point Grey Grasshopper 50S5C,FL2,False,0.2,0.65,camera_rgb_wb,1.26611106908,0.0330199808506,0.0260798453288,38.3437856855,2,True,PASS
Point Grey Grasshopper 50S5C,FL2,False,0.2,0.65,linear_srgb_unclipped,1.24850959175,0.0543737261377,0.0435509078161,22.9616338705,2,True,PASS
Point Grey Grasshopper 50S5C,FL2,False,0.2,0.65,chromaticity,0.410286785483,0.0314957641592,0.0767652414692,13.026729036,2,True,PASS
Point Grey Grasshopper 50S5C,FL2,False,0.2,0.8,camera_rgb_wb,1.22706814031,0.0290809809631,0.0236995648471,42.1948675619,2,True,PASS
Point Grey Grasshopper 50S5C,FL2,False,0.2,0.8,linear_srgb_unclipped,1.20840671435,0.0481291601547,0.0398286103373,25.1075794895,2,True,PASS
Point Grey Grasshopper 50S5C,FL2,False,0.2,0.8,chromaticity,0.408429556386,0.0285230152795,0.0698358256242,14.3192980259,2,True,PASS
Point Grey Grasshopper 50S5C,FL2,False,0.35,0.2,camera_rgb_wb,0.962421211138,0.0399805742487,0.0415416595,24.0722208028,2,True,PASS
Point Grey Grasshopper 50S5C,FL2,False,0.35,0.2,linear_srgb_unclipped,0.933482764551,0.0613482465208,0.0657197420782,15.2161278845,2,True,PASS
Point Grey Grasshopper 50S5C,FL2,False,0.35,0.2,chromaticity,0.360230499503,0.043955891906,0.122021572206,8.19527221228,2,True,PASS
Point Grey Grasshopper 50S5C,FL2,False,0.35,0.35,camera_rgb_wb,0.926044247798,0.0333115532396,0.0359718807377,27.7994916999,2,True,PASS
Point Grey Grasshopper 50S5C,FL2,False,0.35,0.35,linear_srgb_unclipped,0.896289242043,0.0514327909675,0.0573841440407,17.426416595,2,True,PASS
Point Grey Grasshopper 50S5C,FL2,False,0.35,0.35,chromaticity,0.356987981935,0.0379251460124,0.106236478345,9.4129626243,2,True,PASS
Point Grey Grasshopper 50S5C,FL2,False,0.35,0.5,camera_rgb_wb,0.895052610579,0.0284192599596,0.0317514966424,31.4945783899,2,True,PASS
Point Grey Grasshopper 50S5C,FL2,False,0.35,0.5,linear_srgb_unclipped,0.864736840047,0.0441353585883,0.0510390636137,19.5928359417,2,True,PASS
Point Grey Grasshopper 50S5C,FL2,False,0.35,0.5,chromaticity,0.354283166306,0.0333916432349,0.0942512837487,10.6099350611,2,True,PASS
Point Grey Grasshopper 50S5C,FL2,False,0.35,0.65,camera_rgb_wb,0.868033453319,0.024671745609,0.0284225746308,35.1833010552,2,True,PASS
Point Grey Grasshopper 50S5C,FL2,False,0.35,0.65,linear_srgb_unclipped,0.837330470321,0.0385259664294,0.0460104675453,21.7341847052,2,True,PASS
Point Grey Grasshopper 50S5C,FL2,False,0.35,0.65,chromaticity,0.351913725898,0.0298405159861,0.0847949761266,11.7931515012,2,True,PASS
Point Grey Grasshopper 50S5C,FL2,False,0.35,0.8,camera_rgb_wb,0.844079084824,0.0217078088141,0.0257177428092,38.8836612691,2,True,PASS
Point Grey Grasshopper 50S5C,FL2,False,0.35,0.8,linear_srgb_unclipped,0.813112768705,0.0340736588174,0.0419052069145,23.8633829452,2,True,PASS
Point Grey Grasshopper 50S5C,FL2,False,0.35,0.8,chromaticity,0.349771518168,0.0269726138855,0.0771149521457,12.9676537711,2,True,PASS
Point Grey Grasshopper 50S5C,FL2,False,0.5,0.2,camera_rgb_wb,0.679163195761,0.0300356150358,0.0442244444683,22.6119290366,2,True,PASS
Point Grey Grasshopper 50S5C,FL2,False,0.5,0.2,linear_srgb_unclipped,0.658217876692,0.044075826082,0.0669623655674,14.9337615469,2,True,PASS
Point Grey Grasshopper 50S5C,FL2,False,0.5,0.2,chromaticity,0.311967510092,0.040174843362,0.128778933903,7.7652452128,2,True,PASS
Point Grey Grasshopper 50S5C,FL2,False,0.5,0.35,camera_rgb_wb,0.656145655723,0.0249988385545,0.0380995261287,26.2470456095,2,True,PASS
Point Grey Grasshopper 50S5C,FL2,False,0.5,0.35,linear_srgb_unclipped,0.634168847637,0.0369331400175,0.0582386538776,17.1707265436,2,True,PASS
Point Grey Grasshopper 50S5C,FL2,False,0.5,0.35,chromaticity,0.308162541299,0.0346373830262,0.112399718928,8.89681940075,2,True,PASS
Point Grey Grasshopper 50S5C,FL2,False,0.5,0.5,camera_rgb_wb,0.636443207047,0.0213071006688,0.0334784006379,29.8700051659,2,True,PASS
Point Grey Grasshopper 50S5C,FL2,False,0.5,0.5,linear_srgb_unclipped,0.61373691288,0.0316743309113,0.0516089716075,19.3764760051,2,True,PASS
Point Grey Grasshopper 50S5C,FL2,False,0.5,0.5,chromaticity,0.305033423971,0.0304679583178,0.0998839993374,10.011613538,2,True,PASS
Point Grey Grasshopper 50S5C,FL2,False,0.5,0.65,camera_rgb_wb,0.619191467511,0.0184814903786,0.0298477794807,33.5033298088,2,True,PASS
Point Grey Grasshopper 50S5C,FL2,False,0.5,0.65,linear_srgb_unclipped,0.595958851561,0.0276313231349,0.0463644814781,21.5682343061,2,True,PASS
Point Grey Grasshopper 50S5C,FL2,False,0.5,0.65,chromaticity,0.302325810225,0.0271998496759,0.0899686654461,11.1149809219,2,True,PASS
Point Grey Grasshopper 50S5C,FL2,False,0.5,0.8,camera_rgb_wb,0.603834646372,0.0162483982133,0.0269086881831,37.1627183457,2,True,PASS
Point Grey Grasshopper 50S5C,FL2,False,0.5,0.8,linear_srgb_unclipped,0.580220044242,0.0244222519068,0.0420913619741,23.7578437261,2,True,PASS
Point Grey Grasshopper 50S5C,FL2,False,0.5,0.8,chromaticity,0.299904227577,0.0245602209443,0.081893546959,12.2109743335,2,True,PASS
Point Grey Grasshopper 50S5C,FL2,False,0.65,0.2,camera_rgb_wb,0.493958323612,0.0225053219703,0.0455611756995,21.9485117459,2,True,PASS
Point Grey Grasshopper 50S5C,FL2,False,0.65,0.2,linear_srgb_unclipped,0.482442978992,0.032124551895,0.066587251331,15.0178897614,2,True,PASS
Point Grey Grasshopper 50S5C,FL2,False,0.65,0.2,chromaticity,0.272805291048,0.0353611567306,0.12962049451,7.71482938543,2,True,PASS
Point Grey Grasshopper 50S5C,FL2,False,0.65,0.35,camera_rgb_wb,0.478869949571,0.0187119565834,0.0390752366067,25.5916556581,2,True,PASS
Point Grey Grasshopper 50S5C,FL2,False,0.65,0.35,linear_srgb_unclipped,0.466117905086,0.0268994190881,0.057709473922,17.3281773691,2,True,PASS
Point Grey Grasshopper 50S5C,FL2,False,0.65,0.35,chromaticity,0.26838043372,0.0305060080913,0.11366703477,8.79762546828,2,True,PASS
Point Grey Grasshopper 50S5C,FL2,False,0.65,0.5,camera_rgb_wb,0.46588860598,0.0159344767075,0.0342023318514,29.237772569,2,True,PASS
Point Grey Grasshopper 50S5C,FL2,False,0.65,0.5,linear_srgb_unclipped,0.452221643332,0.02305238844,0.0509758627875,19.6171275054,2,True,PASS
Point Grey Grasshopper 50S5C,FL2,False,0.65,0.5,chromaticity,0.264799284566,0.0268368778145,0.101347999706,9.86699296382,2,True,PASS
Point Grey Grasshopper 50S5C,FL2,False,0.65,0.65,camera_rgb_wb,0.454468981905,0.0138106085251,0.0303884513024,32.9072380178,2,True,PASS
Point Grey Grasshopper 50S5C,FL2,False,0.65,0.65,linear_srgb_unclipped,0.440105935469,0.020095238087,0.0456600024391,21.9010062764,2,True,PASS
Point Grey Grasshopper 50S5C,FL2,False,0.65,0.65,chromaticity,0.261744887843,0.0239544460782,0.0915182958321,10.926776891,2,True,PASS
Point Grey Grasshopper 50S5C,FL2,False,0.65,0.8,camera_rgb_wb,0.444260000223,0.0121335339122,0.0273117856797,36.6142299052,2,True,PASS
Point Grey Grasshopper 50S5C,FL2,False,0.65,0.8,linear_srgb_unclipped,0.429357969374,0.0177486679266,0.0413376930036,24.1909968201,2,True,PASS
Point Grey Grasshopper 50S5C,FL2,False,0.65,0.8,chromaticity,0.259048150079,0.0216230919867,0.0834713236907,11.9801622376,2,True,PASS
Point Grey Grasshopper 50S5C,FL2,False,0.8,0.2,camera_rgb_wb,0.366990107015,0.016786995383,0.0457423648817,21.8615719276,2,True,PASS
Point Grey Grasshopper 50S5C,FL2,False,0.8,0.2,linear_srgb_unclipped,0.361458297008,0.0236577309129,0.0654507895067,15.2786545057,2,True,PASS
Point Grey Grasshopper 50S5C,FL2,False,0.8,0.2,chromaticity,0.241507340949,0.0301399618893,0.124799361257,8.01286152372,2,True,PASS
Point Grey Grasshopper 50S5C,FL2,False,0.8,0.35,camera_rgb_wb,0.356821805075,0.0139441995347,0.0390788884993,25.5892641373,2,True,PASS
Point Grey Grasshopper 50S5C,FL2,False,0.8,0.35,linear_srgb_unclipped,0.350077099098,0.0197908818983,0.0565329236027,17.6888074466,2,True,PASS
Point Grey Grasshopper 50S5C,FL2,False,0.8,0.35,chromaticity,0.236483146209,0.0260420369688,0.1101221689,9.08082368874,2,True,PASS
Point Grey Grasshopper 50S5C,FL2,False,0.8,0.5,camera_rgb_wb,0.348025337077,0.0118649941062,0.0340923284663,29.3321120905,2,True,PASS
Point Grey Grasshopper 50S5C,FL2,False,0.8,0.5,linear_srgb_unclipped,0.340362646891,0.0169452885656,0.0497859818648,20.0859752594,2,True,PASS
Point Grey Grasshopper 50S5C,FL2,False,0.8,0.5,chromaticity,0.232471570585,0.0229295775902,0.0986338997603,10.1385021015,2,True,PASS
Point Grey Grasshopper 50S5C,FL2,False,0.8,0.65,camera_rgb_wb,0.34024897754,0.0102765874107,0.0302031397272,33.109140607,2,True,PASS
Point Grey Grasshopper 50S5C,FL2,False,0.8,0.65,linear_srgb_unclipped,0.331870724329,0.0147591273533,0.0444725197836,22.4857958323,2,True,PASS
Point Grey Grasshopper 50S5C,FL2,False,0.8,0.65,chromaticity,0.229093818729,0.0204763072734,0.0893795711601,11.1882389569,2,True,PASS
Point Grey Grasshopper 50S5C,FL2,False,0.8,0.8,camera_rgb_wb,0.333265849195,0.00902339094364,0.0270756543626,36.9335487375,2,True,PASS
Point Grey Grasshopper 50S5C,FL2,False,0.8,0.8,linear_srgb_unclipped,0.324318526913,0.0130253581864,0.0401622389889,24.8990102438,2,True,PASS
Point Grey Grasshopper 50S5C,FL2,False,0.8,0.8,chromaticity,0.226146862418,0.0184875258935,0.0817500879553,12.2324027412,2,True,PASS
Point Grey Grasshopper2 14S5C,FL2,True,0.2,0.2,camera_rgb_wb,1.40418040579,0.042883296827,0.0305397345313,32.7442269996,2,True,PASS
Point Grey Grasshopper2 14S5C,FL2,True,0.2,0.2,linear_srgb_unclipped,1.39613868865,0.0721387359111,0.0516701789712,19.3535230555,2,True,PASS
Point Grey Grasshopper2 14S5C,FL2,True,0.2,0.2,chromaticity,0.500825804387,0.044180012911,0.0882143302602,11.3360266643,2,True,PASS
Point Grey Grasshopper2 14S5C,FL2,True,0.2,0.35,camera_rgb_wb,1.33700609736,0.0358348867751,0.0268023360894,37.3101806001,2,True,PASS
Point Grey Grasshopper2 14S5C,FL2,True,0.2,0.35,linear_srgb_unclipped,1.33268293837,0.0603274639582,0.0452676793715,22.0908165358,2,True,PASS
Point Grey Grasshopper2 14S5C,FL2,True,0.2,0.35,chromaticity,0.497683111019,0.0384258375272,0.0772094464861,12.9517830461,2,True,PASS
Point Grey Grasshopper2 14S5C,FL2,True,0.2,0.5,camera_rgb_wb,1.28025891648,0.0306880547546,0.0239701941221,41.7184773268,2,True,PASS
Point Grey Grasshopper2 14S5C,FL2,True,0.2,0.5,linear_srgb_unclipped,1.27911269673,0.0516886080206,0.0404097372755,24.7465108022,2,True,PASS
Point Grey Grasshopper2 14S5C,FL2,True,0.2,0.5,chromaticity,0.495150244183,0.0341078532988,0.0688838462658,14.5171916815,2,True,PASS
Point Grey Grasshopper2 14S5C,FL2,True,0.2,0.65,camera_rgb_wb,1.23116545693,0.0267551862037,0.0217315926573,46.0159554695,2,True,PASS
Point Grey Grasshopper2 14S5C,FL2,True,0.2,0.65,linear_srgb_unclipped,1.23279085795,0.0450792439178,0.0365668220421,27.3471946468,2,True,PASS
Point Grey Grasshopper2 14S5C,FL2,True,0.2,0.65,chromaticity,0.493018953974,0.0307220113519,0.062314057308,16.0477433696,2,True,PASS
Point Grey Grasshopper2 14S5C,FL2,True,0.2,0.8,camera_rgb_wb,1.18794933805,0.0236476101176,0.0199062446184,50.235492388,2,True,PASS
Point Grey Grasshopper2 14S5C,FL2,True,0.2,0.8,linear_srgb_unclipped,1.19202846377,0.0398518411392,0.033431954312,29.9115029492,2,True,PASS
Point Grey Grasshopper2 14S5C,FL2,True,0.2,0.8,chromaticity,0.491169344899,0.0279798276827,0.0569657450599,17.5544092147,2,True,PASS
Point Grey Grasshopper2 14S5C,FL2,True,0.35,0.2,camera_rgb_wb,0.922657853226,0.0301753900474,0.0327048536376,30.5765013071,2,True,PASS
Point Grey Grasshopper2 14S5C,FL2,True,0.35,0.2,linear_srgb_unclipped,0.929556613226,0.0504265956638,0.0542480091544,18.4338562021,2,True,PASS
Point Grey Grasshopper2 14S5C,FL2,True,0.35,0.2,chromaticity,0.425377889049,0.0443819391752,0.104335322352,9.58448181746,2,True,PASS
Point Grey Grasshopper2 14S5C,FL2,True,0.35,0.35,camera_rgb_wb,0.882458244594,0.0250932004479,0.028435566897,35.1672257361,2,True,PASS
Point Grey Grasshopper2 14S5C,FL2,True,0.35,0.35,linear_srgb_unclipped,0.892141232369,0.0419975533721,0.0470750054457,21.2426953652,2,True,PASS
Point Grey Grasshopper2 14S5C,FL2,True,0.35,0.35,chromaticity,0.422737104392,0.0384334446735,0.0909157116188,10.9991989525,2,True,PASS
Point Grey Grasshopper2 14S5C,FL2,True,0.35,0.5,camera_rgb_wb,0.848322173801,0.0213983259446,0.0252242916729,39.644324327,2,True,PASS
Point Grey Grasshopper2 14S5C,FL2,True,0.35,0.5,linear_srgb_unclipped,0.86035590568,0.0358568472165,0.0416767607217,23.9941872325,2,True,PASS
Point Grey Grasshopper2 14S5C,FL2,True,0.35,0.5,chromaticity,0.420588491833,0.0339839807703,0.0808010238754,12.3760807975,2,True,PASS
Point Grey Grasshopper2 14S5C,FL2,True,0.35,0.65,camera_rgb_wb,0.818654092879,0.0185852185598,0.0227021628811,44.0486664305,2,True,PASS
Point Grey Grasshopper2 14S5C,FL2,True,0.35,0.65,linear_srgb_unclipped,0.83271457129,0.0311739708143,0.0374365621656,26.7118544587,2,True,PASS
Point Grey Grasshopper2 14S5C,FL2,True,0.35,0.65,chromaticity,0.418752211326,0.0305057792483,0.0728492373846,13.7269796624,2,True,PASS
Point Grey Grasshopper2 14S5C,FL2,True,0.35,0.8,camera_rgb_wb,0.792429604198,0.0163694550504,0.0206572987224,48.4090399931,2,True,PASS
Point Grey Grasshopper2 14S5C,FL2,True,0.35,0.8,linear_srgb_unclipped,0.808264003586,0.0274805648812,0.0339994912049,29.4122048466,2,True,PASS
Point Grey Grasshopper2 14S5C,FL2,True,0.35,0.8,chromaticity,0.417128800257,0.0276971513741,0.0663995182232,15.0603502368,2,True,PASS
Point Grey Grasshopper2 14S5C,FL2,True,0.5,0.2,camera_rgb_wb,0.637662598371,0.0218092983003,0.0342019405811,29.2381070492,2,True,PASS
Point Grey Grasshopper2 14S5C,FL2,True,0.5,0.2,linear_srgb_unclipped,0.660043141918,0.0357555479356,0.054171531624,18.4598804948,2,True,PASS
Point Grey Grasshopper2 14S5C,FL2,True,0.5,0.2,chromaticity,0.361735049745,0.0424075785372,0.11723381123,8.52996238462,2,True,PASS
Point Grey Grasshopper2 14S5C,FL2,True,0.5,0.35,camera_rgb_wb,0.612113338348,0.0180808621063,0.0295384220104,33.85421197,2,True,PASS
Point Grey Grasshopper2 14S5C,FL2,True,0.5,0.35,linear_srgb_unclipped,0.635886225344,0.0296912400913,0.0466926926672,21.4166273753,2,True,PASS
Point Grey Grasshopper2 14S5C,FL2,True,0.5,0.35,chromaticity,0.359191183792,0.0366287306135,0.101975583662,9.8062689527,2,True,PASS
Point Grey Grasshopper2 14S5C,FL2,True,0.5,0.5,camera_rgb_wb,0.590324440699,0.015376594084,0.0260477002542,38.391105174,2,True,PASS
Point Grey Grasshopper2 14S5C,FL2,True,0.5,0.5,linear_srgb_unclipped,0.615270457895,0.0252845067773,0.0410949468692,24.3338920277,2,True,PASS
Point Grey Grasshopper2 14S5C,FL2,True,0.5,0.5,chromaticity,0.357120075508,0.0323103028803,0.0904746193121,11.0528235167,2,True,PASS
Point Grey Grasshopper2 14S5C,FL2,True,0.5,0.65,camera_rgb_wb,0.571314494207,0.0133218949967,0.0233179713306,42.8853773694,2,True,PASS
Point Grey Grasshopper2 14S5C,FL2,True,0.5,0.65,linear_srgb_unclipped,0.597266742918,0.0219311885491,0.036719252845,27.2336696016,2,True,PASS
Point Grey Grasshopper2 14S5C,FL2,True,0.5,0.65,chromaticity,0.355338559458,0.0289389489427,0.0814404971609,12.2789034309,2,True,PASS
Point Grey Grasshopper2 14S5C,FL2,True,0.5,0.8,camera_rgb_wb,0.55445232911,0.0117064569659,0.0211135499867,47.3629494155,2,True,PASS
Point Grey Grasshopper2 14S5C,FL2,True,0.5,0.8,linear_srgb_unclipped,0.581278942397,0.0192914439498,0.0331879284501,30.1314377456,2,True,PASS
Point Grey Grasshopper2 14S5C,FL2,True,0.5,0.8,chromaticity,0.353749225502,0.0262206578939,0.0741221633959,13.4912414072,2,True,PASS
Point Grey Grasshopper2 14S5C,FL2,True,0.65,0.2,camera_rgb_wb,0.456386211764,0.0160587008433,0.0351866476888,28.4198713343,2,True,PASS
Point Grey Grasshopper2 14S5C,FL2,True,0.65,0.2,linear_srgb_unclipped,0.486127788027,0.0257524707142,0.0529746937915,18.8769378061,2,True,PASS
Point Grey Grasshopper2 14S5C,FL2,True,0.65,0.2,chromaticity,0.31050356217,0.0387638642608,0.124841930926,8.01012922967,2,True,PASS
Point Grey Grasshopper2 14S5C,FL2,True,0.65,0.35,camera_rgb_wb,0.439417933961,0.0132894648916,0.0302433375256,33.0651337391,2,True,PASS
Point Grey Grasshopper2 14S5C,FL2,True,0.65,0.35,linear_srgb_unclipped,0.46964094174,0.0213370521874,0.0454326918526,22.0105822311,2,True,PASS
Point Grey Grasshopper2 14S5C,FL2,True,0.65,0.35,chromaticity,0.307689460097,0.0334532450109,0.108724052492,9.19759682496,2,True,PASS
Point Grey Grasshopper2 14S5C,FL2,True,0.65,0.5,camera_rgb_wb,0.424891129276,0.0112833061889,0.0265557584319,37.6566160806,2,True,PASS
Point Grey Grasshopper2 14S5C,FL2,True,0.65,0.5,linear_srgb_unclipped,0.45551582194,0.0181342628283,0.0398103906711,25.1190702513,2,True,PASS
Point Grey Grasshopper2 14S5C,FL2,True,0.65,0.5,chromaticity,0.305421496282,0.0294787481014,0.0965182492399,10.3607349685,2,True,PASS
Point Grey Grasshopper2 14S5C,FL2,True,0.65,0.65,camera_rgb_wb,0.412173294337,0.00976070844898,0.0236810792526,42.2278051323,2,True,PASS
Point Grey Grasshopper2 14S5C,FL2,True,0.65,0.65,linear_srgb_unclipped,0.443136285667,0.0157009568493,0.0354314402976,28.2235210198,2,True,PASS
Point Grey Grasshopper2 14S5C,FL2,True,0.65,0.65,chromaticity,0.30348255823,0.0263740923587,0.0869048043897,11.5068436897,2,True,PASS
Point Grey Grasshopper2 14S5C,FL2,True,0.65,0.8,camera_rgb_wb,0.400856968586,0.00856485773127,0.0213663685616,46.8025250579,2,True,PASS
Point Grey Grasshopper2 14S5C,FL2,True,0.65,0.8,linear_srgb_unclipped,0.432106683547,0.0137882196673,0.0319092950706,31.3388308262,2,True,PASS
Point Grey Grasshopper2 14S5C,FL2,True,0.65,0.8,chromaticity,0.30175951286,0.0238707213585,0.079105116297,12.641407368,2,True,PASS
Point Grey Grasshopper2 14S5C,FL2,True,0.8,0.2,camera_rgb_wb,0.334310212632,0.0119175896261,0.0356482966291,28.051831211,2,True,PASS
Point Grey Grasshopper2 14S5C,FL2,True,0.8,0.2,linear_srgb_unclipped,0.36503924992,0.0187281676404,0.051304531347,19.4914557008,2,True,PASS
Point Grey Grasshopper2 14S5C,FL2,True,0.8,0.2,chromaticity,0.270148668451,0.0341074581502,0.126254400386,7.92051601326,2,True,PASS
Point Grey Grasshopper2 14S5C,FL2,True,0.8,0.35,camera_rgb_wb,0.322695804175,0.00985152727753,0.0305288359814,32.7559164263,2,True,PASS
Point Grey Grasshopper2 14S5C,FL2,True,0.8,0.35,linear_srgb_unclipped,0.35345164746,0.0154900580016,0.0438251119012,22.8179679782,2,True,PASS
Point Grey Grasshopper2 14S5C,FL2,True,0.8,0.35,chromaticity,0.266832750429,0.0294539758267,0.110383660849,9.05931178864,2,True,PASS
Point Grey Grasshopper2 14S5C,FL2,True,0.8,0.5,camera_rgb_wb,0.312715233156,0.00835578034018,0.0267200937282,37.4250184214,2,True,PASS
Point Grey Grasshopper2 14S5C,FL2,True,0.8,0.5,linear_srgb_unclipped,0.34348458284,0.0131444956229,0.0382680803726,26.1314387935,2,True,PASS
Point Grey Grasshopper2 14S5C,FL2,True,0.8,0.5,chromaticity,0.264196490643,0.0259583190664,0.0982538375253,10.177719519,2,True,PASS
Point Grey Grasshopper2 14S5C,FL2,True,0.8,0.65,camera_rgb_wb,0.303948521111,0.00722132320727,0.0237583758621,42.0904192191,2,True,PASS
Point Grey Grasshopper2 14S5C,FL2,True,0.8,0.65,linear_srgb_unclipped,0.334718482655,0.0113647135752,0.0339530505905,29.4524345415,2,True,PASS
Point Grey Grasshopper2 14S5C,FL2,True,0.8,0.65,chromaticity,0.261969500634,0.0232214761066,0.0886419069792,11.2813457436,2,True,PASS
Point Grey Grasshopper2 14S5C,FL2,True,0.8,0.8,camera_rgb_wb,0.296124565427,0.00633090891955,0.0213792088151,46.7744156787,2,True,PASS
Point Grey Grasshopper2 14S5C,FL2,True,0.8,0.8,linear_srgb_unclipped,0.326883412145,0.00996733108535,0.0304920063699,32.7954804898,2,True,PASS
Point Grey Grasshopper2 14S5C,FL2,True,0.8,0.8,chromaticity,0.260011334025,0.0210115528179,0.080810141976,12.3746843595,2,True,PASS
Phase One,FL2,True,0.2,0.2,camera_rgb_wb,1.39282537387,0.030440411363,0.0218551527951,45.7557999879,2,True,PASS
Phase One,FL2,True,0.2,0.2,linear_srgb_unclipped,1.37125908265,0.0601247317716,0.0438463690286,22.8069056151,2,True,PASS
Phase One,FL2,True,0.2,0.2,chromaticity,0.363105491428,0.0195955454128,0.0539665355534,18.5300017825,2,True,PASS
Phase One,FL2,True,0.2,0.35,camera_rgb_wb,1.31790000737,0.0258618239844,0.0196235100082,50.959283002,2,True,PASS
Phase One,FL2,True,0.2,0.35,linear_srgb_unclipped,1.30268222668,0.0509472395891,0.0391094915903,25.5692405945,2,True,PASS
Phase One,FL2,True,0.2,0.35,chromaticity,0.362683673609,0.0174296738596,0.0480575088649,20.8084027578,2,True,PASS
Phase One,FL2,True,0.2,0.5,camera_rgb_wb,1.25471426683,0.0224490972868,0.0178918004523,55.891524314,2,True,PASS
Phase One,FL2,True,0.2,0.5,linear_srgb_unclipped,1.24485548202,0.0441362155683,0.0354548911146,28.2048532252,2,True,PASS
Phase One,FL2,True,0.2,0.5,chromaticity,0.362498820689,0.0157878199487,0.043552748444,22.9606634651,2,True,PASS
Phase One,FL2,True,0.2,0.65,camera_rgb_wb,1.20013332557,0.0197982653734,0.0164967216155,60.6181048155,2,True,PASS
Phase One,FL2,True,0.2,0.65,linear_srgb_unclipped,1.19490872707,0.0388624630361,0.0325233736734,30.7471177511,2,True,PASS
Phase One,FL2,True,0.2,0.65,chromaticity,0.362464575701,0.0144860057245,0.0399653005993,25.021705955,2,True,PASS
Phase One,FL2,True,0.2,0.8,camera_rgb_wb,1.15215588276,0.0176750263459,0.0153408289715,65.1855256229,2,True,PASS
Phase One,FL2,True,0.2,0.8,linear_srgb_unclipped,1.1510058124,0.034648493189,0.0301027960203,33.2195055677,2,True,PASS
Phase One,FL2,True,0.2,0.8,chromaticity,0.362530617438,0.0134190632341,0.0370149791181,27.0160898054,2,True,PASS
Phase One,FL2,True,0.35,0.2,camera_rgb_wb,0.908313495043,0.0176803958112,0.0194650810625,51.3740475465,2,True,PASS
Phase One,FL2,True,0.35,0.2,linear_srgb_unclipped,0.903996375574,0.0374679896558,0.0414470573867,24.127165185,2,True,PASS
Phase One,FL2,True,0.35,0.2,chromaticity,0.314175598881,0.0208627482828,0.0664047378509,15.0591664445,2,True,PASS
Phase One,FL2,True,0.35,0.35,camera_rgb_wb,0.860900954173,0.0149792634651,0.0173995201103,57.4728494613,2,True,PASS
Phase One,FL2,True,0.35,0.35,linear_srgb_unclipped,0.86238850242,0.031576177964,0.0366147946956,27.3113643901,2,True,PASS
Phase One,FL2,True,0.35,0.35,chromaticity,0.314568953609,0.0184249598295,0.0585720860819,17.0729790741,2,True,PASS
Phase One,FL2,True,0.35,0.5,camera_rgb_wb,0.820841687359,0.0129754035394,0.0158074373405,63.2613609949,2,True,PASS
Phase One,FL2,True,0.35,0.5,linear_srgb_unclipped,0.827125501461,0.0272380988637,0.032931035031,30.366491641,2,True,PASS
Phase One,FL2,True,0.35,0.5,chromaticity,0.315037890616,0.0165884239083,0.0526553294139,18.9914299489,2,True,PASS
Phase One,FL2,True,0.35,0.65,camera_rgb_wb,0.786178354069,0.0114241150596,0.0145312002047,68.8174401229,2,True,PASS
Phase One,FL2,True,0.35,0.65,linear_srgb_unclipped,0.796529082546,0.0238991791454,0.0300041513476,33.3287213631,2,True,PASS
Phase One,FL2,True,0.35,0.65,chromaticity,0.315538821676,0.0151402275297,0.0479821387723,20.8410884881,2,True,PASS
Phase One,FL2,True,0.35,0.8,camera_rgb_wb,0.755661463669,0.0101847489835,0.0134779255965,74.1953940047,2,True,PASS
Phase One,FL2,True,0.35,0.8,linear_srgb_unclipped,0.769524473584,0.0212438898038,0.0276065161448,36.2233320117,2,True,PASS
Phase One,FL2,True,0.35,0.8,chromaticity,0.316049337747,0.0139593630811,0.0441683035334,22.6406703451,2,True,PASS
Phase One,FL2,True,0.5,0.2,camera_rgb_wb,0.613444422679,0.0102722879681,0.0167452626324,59.7183825632,2,True,PASS
Phase One,FL2,True,0.5,0.2,linear_srgb_unclipped,0.637718119854,0.0233457144369,0.0366082030761,27.3162820344,2,True,PASS
Phase One,FL2,True,0.5,0.2,chromaticity,0.273842447515,0.020914789432,0.0763752647617,13.0932443,2,True,PASS
Phase One,FL2,True,0.5,0.35,camera_rgb_wb,0.582222743757,0.00867033217272,0.0148917785602,67.1511462489,2,True,PASS
Phase One,FL2,True,0.5,0.35,linear_srgb_unclipped,0.610104156077,0.0195705978825,0.0320774701951,31.1745282255,2,True,PASS
Phase One,FL2,True,0.5,0.35,chromaticity,0.274577999991,0.0183847735134,0.0669564696154,14.9350765616,2,True,PASS
Phase One,FL2,True,0.5,0.5,camera_rgb_wb,0.555814472407,0.00748921778672,0.0134743123084,74.2152903328,2,True,PASS
Phase One,FL2,True,0.5,0.5,linear_srgb_unclipped,0.586627355456,0.0168118897998,0.0286585506855,34.8935998535,2,True,PASS
Phase One,FL2,True,0.5,0.5,chromaticity,0.275310584375,0.0164854335114,0.0598794032884,16.7002332202,2,True,PASS
Phase One,FL2,True,0.5,0.65,camera_rgb_wb,0.532939654735,0.00657892478263,0.0123445960986,81.0071056204,2,True,PASS
Phase One,FL2,True,0.5,0.65,linear_srgb_unclipped,0.566197959673,0.0147006832716,0.0259638577293,38.5150777834,2,True,PASS
Phase One,FL2,True,0.5,0.65,chromaticity,0.276015659818,0.0149925711238,0.0543178279583,18.4101617754,2,True,PASS
Phase One,FL2,True,0.5,0.8,camera_rgb_wb,0.512781660652,0.00585413327957,0.0114164248232,87.5930963925,2,True,PASS
Phase One,FL2,True,0.5,0.8,linear_srgb_unclipped,0.548118287542,0.013029325669,0.0237710106835,42.0680472242,2,True,PASS
Phase One,FL2,True,0.5,0.8,chromaticity,0.276684219741,0.0137790717621,0.0498007142401,20.0800332939,2,True,PASS
Phase One,FL2,True,0.65,0.2,camera_rgb_wb,0.425253706945,0.00621237012395,0.0146086207421,68.4527319623,2,True,PASS
Phase One,FL2,True,0.65,0.2,linear_srgb_unclipped,0.467876124526,0.0150831581631,0.0322375034169,31.0197718188,2,True,PASS
Phase One,FL2,True,0.65,0.2,chromaticity,0.241261684031,0.019987238291,0.0828446438617,12.0707863947,2,True,PASS
Phase One,FL2,True,0.65,0.35,camera_rgb_wb,0.404117277856,0.00521445595627,0.0129033234707,77.4994134085,2,True,PASS
Phase One,FL2,True,0.65,0.35,linear_srgb_unclipped,0.448535473992,0.0125771049562,0.0280403796032,35.6628552877,2,True,PASS
Phase One,FL2,True,0.65,0.35,chromaticity,0.241972559518,0.0175217868028,0.0724122885573,13.8098107369,2,True,PASS
Phase One,FL2,True,0.65,0.5,camera_rgb_wb,0.386224961792,0.00448479080842,0.0116118616146,86.11883548,2,True,PASS
Phase One,FL2,True,0.65,0.5,linear_srgb_unclipped,0.43205241727,0.0107582800194,0.0249004046484,40.1599899326,2,True,PASS
Phase One,FL2,True,0.65,0.5,chromaticity,0.242672007048,0.0156730927013,0.0645854991351,15.4833517336,2,True,PASS
Phase One,FL2,True,0.65,0.65,camera_rgb_wb,0.370714515235,0.00392593671839,0.0105901888301,94.4270226004,2,True,PASS
Phase One,FL2,True,0.65,0.65,linear_srgb_unclipped,0.417676901448,0.00937379526381,0.0224426948948,44.5579287464,2,True,PASS
Phase One,FL2,True,0.65,0.65,chromaticity,0.243333591842,0.0142220108898,0.0584465580034,17.109647414,2,True,PASS
Phase One,FL2,True,0.65,0.8,camera_rgb_wb,0.357036067884,0.00348313106556,0.00975568402991,102.504344845,2,True,PASS
Phase One,FL2,True,0.65,0.8,linear_srgb_unclipped,0.404928630969,0.00828250412256,0.0204542319044,48.889638324,2,True,PASS
Phase One,FL2,True,0.65,0.8,chromaticity,0.243949103358,0.0130442247733,0.0534710912797,18.7016942439,2,True,PASS
Phase One,FL2,True,0.8,0.2,camera_rgb_wb,0.3005241584,0.00406196471948,0.0135162668489,73.9849258068,2,True,PASS
Phase One,FL2,True,0.8,0.2,linear_srgb_unclipped,0.350334255665,0.0102043484081,0.0291274639664,34.3318594833,2,True,PASS
Phase One,FL2,True,0.8,0.2,chromaticity,0.215027023071,0.0183988003941,0.085565061225,11.6870132001,2,True,PASS
Phase One,FL2,True,0.8,0.35,camera_rgb_wb,0.28594051601,0.00338753938748,0.0118470073243,84.4095029762,2,True,PASS
Phase One,FL2,True,0.8,0.35,linear_srgb_unclipped,0.336401265107,0.00846910935195,0.0251756168315,39.7209731422,2,True,PASS
Phase One,FL2,True,0.8,0.35,chromaticity,0.215472954822,0.0161100079101,0.0747658002991,13.3750992566,2,True,PASS
Phase One,FL2,True,0.8,0.5,camera_rgb_wb,0.273585068712,0.00289850353632,0.0105945238531,94.3883853458,2,True,PASS
Phase One,FL2,True,0.8,0.5,linear_srgb_unclipped,0.32449874657,0.00721628398547,0.022238249182,44.9675687963,2,True,PASS
Phase One,FL2,True,0.8,0.5,chromaticity,0.215948511753,0.0143924176112,0.0666474498683,15.0043250263,2,True,PASS
Phase One,FL2,True,0.8,0.65,camera_rgb_wb,0.262866069051,0.00252640630141,0.00961100194684,104.047424559,2,True,PASS
Phase One,FL2,True,0.8,0.65,linear_srgb_unclipped,0.314096319082,0.00626670449557,0.0199515375216,50.1214504856,2,True,PASS
Phase One,FL2,True,0.8,0.65,chromaticity,0.216410210138,0.0130439761813,0.0602743104078,16.5908161078,2,True,PASS
Phase One,FL2,True,0.8,0.8,camera_rgb_wb,0.253406199069,0.00223313980775,0.00881249083864,113.475295272,2,True,PASS
Phase One,FL2,True,0.8,0.8,linear_srgb_unclipped,0.304853956257,0.00552090453082,0.0181099979761,55.2181177115,2,True,PASS
Phase One,FL2,True,0.8,0.8,chromaticity,0.216841582108,0.0119496958855,0.0551079537853,18.1462008896,2,True,PASS
SONY NEX-5N,FL2,True,0.2,0.2,camera_rgb_wb,1.39433542832,0.0309494574575,0.0221965653522,45.0520152164,2,True,PASS
SONY NEX-5N,FL2,True,0.2,0.2,linear_srgb_unclipped,1.38231860502,0.0586548606117,0.0424322297325,23.5669915605,2,True,PASS
SONY NEX-5N,FL2,True,0.2,0.2,chromaticity,0.465061167843,0.0289591535763,0.0622695584554,16.0592113515,2,True,PASS
SONY NEX-5N,FL2,True,0.2,0.35,camera_rgb_wb,1.3221637727,0.0262472074667,0.0198517067315,50.3735025671,2,True,PASS
SONY NEX-5N,FL2,True,0.2,0.35,linear_srgb_unclipped,1.31673251916,0.0493113951268,0.0374498194653,26.7023984168,2,True,PASS
SONY NEX-5N,FL2,True,0.2,0.35,chromaticity,0.462891504121,0.0253961880067,0.0548642344494,18.2268104173,2,True,PASS
SONY NEX-5N,FL2,True,0.2,0.5,camera_rgb_wb,1.26129954539,0.0227616464535,0.0180461862027,55.4133703802,2,True,PASS
SONY NEX-5N,FL2,True,0.2,0.5,linear_srgb_unclipped,1.26139661028,0.042456309536,0.033658176334,29.7104629222,2,True,PASS
SONY NEX-5N,FL2,True,0.2,0.5,chromaticity,0.461232068241,0.0227188878437,0.0492569563307,20.3017010082,2,True,PASS
SONY NEX-5N,FL2,True,0.2,0.65,camera_rgb_wb,1.2087248812,0.020064597537,0.0165998051741,60.2416708819,2,True,PASS
SONY NEX-5N,FL2,True,0.2,0.65,linear_srgb_unclipped,1.21357261859,0.0371960285483,0.0306500228982,32.6264030315,2,True,PASS
SONY NEX-5N,FL2,True,0.2,0.65,chromaticity,0.459910925042,0.0206145154844,0.0448228436464,22.3100526126,2,True,PASS
SONY NEX-5N,FL2,True,0.2,0.8,camera_rgb_wb,1.1625096985,0.0179101988007,0.0154064940911,64.9076937353,2,True,PASS
SONY NEX-5N,FL2,True,0.2,0.8,linear_srgb_unclipped,1.17150820661,0.0330233680824,0.0281887637628,35.4751279061,2,True,PASS
SONY NEX-5N,FL2,True,0.2,0.8,chromaticity,0.45882763933,0.0189046696721,0.0412021161143,24.2705980738,2,True,PASS
SONY NEX-5N,FL2,True,0.35,0.2,camera_rgb_wb,0.896017664896,0.019715284346,0.0220032317647,45.4478692355,2,True,PASS
SONY NEX-5N,FL2,True,0.35,0.2,linear_srgb_unclipped,0.920916080473,0.0394853062613,0.0428761177034,23.3230071556,2,True,PASS
SONY NEX-5N,FL2,True,0.35,0.2,chromaticity,0.399790989813,0.0305219830902,0.0763448498539,13.0984604975,2,True,PASS
SONY NEX-5N,FL2,True,0.35,0.35,camera_rgb_wb,0.852598048187,0.0165664000958,0.0194304926348,51.4654990377,2,True,PASS
SONY NEX-5N,FL2,True,0.35,0.35,linear_srgb_unclipped,0.882028356838,0.0329113134341,0.0373132146817,26.8001566879,2,True,PASS
SONY NEX-5N,FL2,True,0.35,0.35,chromaticity,0.39835766062,0.0266073191896,0.0667925380128,14.9717323185,2,True,PASS
SONY NEX-5N,FL2,True,0.35,0.5,camera_rgb_wb,0.815808893561,0.0142606702934,0.0174804055287,57.2069108098,2,True,PASS
SONY NEX-5N,FL2,True,0.35,0.5,linear_srgb_unclipped,0.848957553879,0.0281358834076,0.0331416845037,30.1734813718,2,True,PASS
SONY NEX-5N,FL2,True,0.35,0.5,chromaticity,0.397275775759,0.0236799274745,0.0596057673772,16.7769000216,2,True,PASS
SONY NEX-5N,FL2,True,0.35,0.65,camera_rgb_wb,0.783900084116,0.0124935344509,0.0159376618323,62.7444609206,2,True,PASS
SONY NEX-5N,FL2,True,0.35,0.65,linear_srgb_unclipped,0.820177005376,0.0245006938902,0.0298724467152,33.475664365,2,True,PASS
SONY NEX-5N,FL2,True,0.35,0.65,chromaticity,0.396414928032,0.0213890031455,0.0539560991099,18.533585943,2,True,PASS
SONY NEX-5N,FL2,True,0.35,0.8,camera_rgb_wb,0.755749386301,0.011092951134,0.0146780815639,68.1287943283,2,True,PASS
SONY NEX-5N,FL2,True,0.35,0.8,linear_srgb_unclipped,0.794705580132,0.0216364580676,0.0272257532959,36.7299295314,2,True,PASS
SONY NEX-5N,FL2,True,0.35,0.8,chromaticity,0.395702219814,0.0195351919212,0.0493684163065,20.2558654868,2,True,PASS
SONY NEX-5N,FL2,True,0.5,0.2,camera_rgb_wb,0.604101958415,0.0129925222952,0.0215071679775,46.4961263634,2,True,PASS
SONY NEX-5N,FL2,True,0.5,0.2,linear_srgb_unclipped,0.654665874302,0.0270929273084,0.0413843586047,24.1637187023,2,True,PASS
SONY NEX-5N,FL2,True,0.5,0.2,chromaticity,0.342247957581,0.0303851485107,0.0887810952194,11.2636592005,2,True,PASS
SONY NEX-5N,FL2,True,0.5,0.35,camera_rgb_wb,0.57643318847,0.0108202046712,0.0187709606032,53.273778638,2,True,PASS
SONY NEX-5N,FL2,True,0.5,0.35,linear_srgb_unclipped,0.629306698369,0.0224319637181,0.035645518753,28.0540173066,2,True,PASS
SONY NEX-5N,FL2,True,0.5,0.35,chromaticity,0.341183350124,0.026382243714,0.0773257068507,12.9323098453,2,True,PASS
SONY NEX-5N,FL2,True,0.5,0.5,camera_rgb_wb,0.552908813327,0.00924568826251,0.016721904299,59.8018014049,2,True,PASS
SONY NEX-5N,FL2,True,0.5,0.5,linear_srgb_unclipped,0.607619762292,0.0190696082737,0.031384114634,31.8632534854,2,True,PASS
SONY NEX-5N,FL2,True,0.5,0.5,chromaticity,0.340383838632,0.0233969733496,0.0687370277144,14.5481996131,2,True,PASS
SONY NEX-5N,FL2,True,0.5,0.65,camera_rgb_wb,0.532443209983,0.00804890047564,0.0151169182454,66.1510490277,2,True,PASS
SONY NEX-5N,FL2,True,0.5,0.65,linear_srgb_unclipped,0.588652745848,0.0165246970051,0.0280720630655,35.6226044971,2,True,PASS
SONY NEX-5N,FL2,True,0.5,0.65,chromaticity,0.339738995218,0.0210668941724,0.0620090553893,16.1266768817,2,True,PASS
SONY NEX-5N,FL2,True,0.5,0.8,camera_rgb_wb,0.514339110621,0.00710692093487,0.0138175783022,72.3715819177,2,True,PASS
SONY NEX-5N,FL2,True,0.5,0.8,linear_srgb_unclipped,0.57179203391,0.0145292908038,0.0254100965773,39.3544352324,2,True,PASS
SONY NEX-5N,FL2,True,0.5,0.8,chromaticity,0.339190662848,0.0191862606134,0.0565648253767,17.6788312054,2,True,PASS
SONY NEX-5N,FL2,True,0.65,0.2,camera_rgb_wb,0.421787563049,0.00902347283316,0.0213934065953,46.7433737373,2,True,PASS
SONY NEX-5N,FL2,True,0.65,0.2,linear_srgb_unclipped,0.482432034356,0.0190821393054,0.0395540468843,25.281863141,2,True,PASS
SONY NEX-5N,FL2,True,0.65,0.2,chromaticity,0.294264581097,0.0288229188316,0.0979489910885,10.2093956139,2,True,PASS
SONY NEX-5N,FL2,True,0.65,0.35,camera_rgb_wb,0.40339711712,0.00746289044919,0.0185001085344,54.0537369356,2,True,PASS
SONY NEX-5N,FL2,True,0.65,0.35,linear_srgb_unclipped,0.464909664954,0.0157254798249,0.0338248072912,29.5641004364,2,True,PASS
SONY NEX-5N,FL2,True,0.65,0.35,chromaticity,0.293195792663,0.0249707564846,0.0851675130051,11.7415662935,2,True,PASS
SONY NEX-5N,FL2,True,0.65,0.5,camera_rgb_wb,0.387718958142,0.00633918705433,0.0163499538034,61.1622523234,2,True,PASS
SONY NEX-5N,FL2,True,0.65,0.5,linear_srgb_unclipped,0.449860587489,0.0133144602798,0.0295968587827,33.7873693739,2,True,PASS
SONY NEX-5N,FL2,True,0.65,0.5,chromaticity,0.292387119776,0.0220993847134,0.075582620501,13.2305547674,2,True,PASS
SONY NEX-5N,FL2,True,0.65,0.65,camera_rgb_wb,0.374046652007,0.00548980582566,0.0146767944485,68.1347690403,2,True,PASS
SONY NEX-5N,FL2,True,0.65,0.65,linear_srgb_unclipped,0.436649519893,0.0114962911856,0.0263284182436,37.9817728033,2,True,PASS
SONY NEX-5N,FL2,True,0.65,0.65,chromaticity,0.291722695349,0.0198602002604,0.0680790373086,14.6888093536,2,True,PASS
SONY NEX-5N,FL2,True,0.65,0.8,camera_rgb_wb,0.361925914446,0.00482448605751,0.0133300376263,75.0185429354,2,True,PASS
SONY NEX-5N,FL2,True,0.65,0.8,linear_srgb_unclipped,0.424866166295,0.0100752940555,0.0237140418672,42.1691083114,2,True,PASS
SONY NEX-5N,FL2,True,0.65,0.8,chromaticity,0.291144119393,0.018054937073,0.0620137446385,16.1254574422,2,True,PASS
SONY NEX-5N,FL2,True,0.8,0.2,camera_rgb_wb,0.301765519671,0.00654668600904,0.0216946124798,46.0943932937,2,True,PASS
SONY NEX-5N,FL2,True,0.8,0.2,linear_srgb_unclipped,0.362105630908,0.013684182224,0.0377905811342,26.4616200647,2,True,PASS
SONY NEX-5N,FL2,True,0.8,0.2,chromaticity,0.255401974506,0.0262570428656,0.102806734037,9.72698928105,2,True,PASS
SONY NEX-5N,FL2,True,0.8,0.35,camera_rgb_wb,0.289181930158,0.00539246055883,0.0186472943033,53.6270830361,2,True,PASS
SONY NEX-5N,FL2,True,0.8,0.35,linear_srgb_unclipped,0.349621546189,0.0112428822971,0.0321572924201,31.0971454604,2,True,PASS
SONY NEX-5N,FL2,True,0.8,0.35,chromaticity,0.254052249551,0.0227335068406,0.0894835880442,11.1752336027,2,True,PASS
SONY NEX-5N,FL2,True,0.8,0.5,camera_rgb_wb,0.278428454086,0.00456395883576,0.0163918549587,61.0059082709,2,True,PASS
SONY NEX-5N,FL2,True,0.8,0.5,linear_srgb_unclipped,0.338858957636,0.00949371383373,0.0280167120266,35.692982069,2,True,PASS
SONY NEX-5N,FL2,True,0.8,0.5,chromaticity,0.253022442637,0.0201028729066,0.0794509478967,12.5863822456,2,True,PASS
SONY NEX-5N,FL2,True,0.8,0.65,camera_rgb_wb,0.269030900434,0.00393946107073,0.014643154613,68.2912955868,2,True,PASS
SONY NEX-5N,FL2,True,0.8,0.65,linear_srgb_unclipped,0.329379988783,0.00817755533738,0.0248271164487,40.2785398807,2,True,PASS
SONY NEX-5N,FL2,True,0.8,0.65,chromaticity,0.252170604483,0.0180498796877,0.0715780482214,13.9707637306,2,True,PASS
SONY NEX-5N,FL2,True,0.8,0.8,camera_rgb_wb,0.260683938148,0.00345152457686,0.0132402655928,75.5271858401,2,True,PASS
SONY NEX-5N,FL2,True,0.8,0.8,linear_srgb_unclipped,0.320901034788,0.00715095720125,0.0222839954566,44.8752559633,2,True,PASS
SONY NEX-5N,FL2,True,0.8,0.8,chromaticity,0.251425921862,0.0163943302826,0.0652054098526,15.3361508234,2,True,PASS
Canon 1DMarkIII,FL11,True,0.2,0.2,camera_rgb_wb,1.41847557661,0.0420373622687,0.0296355911668,33.7432108025,2,True,PASS
Canon 1DMarkIII,FL11,True,0.2,0.2,linear_srgb_unclipped,1.42809185092,0.0846588705617,0.0592811103201,16.8687798626,2,True,PASS
Canon 1DMarkIII,FL11,True,0.2,0.2,chromaticity,0.496741071328,0.0441791842626,0.0889380540741,11.243780971,2,True,PASS
Canon 1DMarkIII,FL11,True,0.2,0.35,camera_rgb_wb,1.34994021411,0.0349277037007,0.0258735189422,38.649555255,2,True,PASS
Canon 1DMarkIII,FL11,True,0.2,0.35,linear_srgb_unclipped,1.37163553661,0.0693797768834,0.05058178724,19.7699617702,2,True,PASS
Canon 1DMarkIII,FL11,True,0.2,0.35,chromaticity,0.49419402798,0.0382488109019,0.0773963438172,12.9205069733,2,True,PASS
Canon 1DMarkIII,FL11,True,0.2,0.5,camera_rgb_wb,1.29209510036,0.0297667843049,0.0230376110059,43.4072786342,2,True,PASS
Canon 1DMarkIII,FL11,True,0.2,0.5,linear_srgb_unclipped,1.32405559632,0.0583952172433,0.044103297026,22.6740417935,2,True,PASS
Canon 1DMarkIII,FL11,True,0.2,0.5,chromaticity,0.492111922084,0.0338126279196,0.0687092232524,14.554086812,2,True,PASS
Canon 1DMarkIII,FL11,True,0.2,0.65,camera_rgb_wb,1.24208363088,0.0258427298195,0.0208059499191,48.063174423,2,True,PASS
Canon 1DMarkIII,FL11,True,0.2,0.65,linear_srgb_unclipped,1.28294179487,0.0501200730472,0.0390665213711,25.5973648255,2,True,PASS
Canon 1DMarkIII,FL11,True,0.2,0.65,chromaticity,0.490329504237,0.030342829716,0.0618825288991,16.1596498687,2,True,PASS
Canon 1DMarkIII,FL11,True,0.2,0.8,camera_rgb_wb,1.19808127982,0.0227560759913,0.0189937664285,52.6488521255,2,True,PASS
Canon 1DMarkIII,FL11,True,0.2,0.8,linear_srgb_unclipped,1.24675916888,0.0436687299702,0.0350257941229,28.5503876512,2,True,PASS
Canon 1DMarkIII,FL11,True,0.2,0.8,chromaticity,0.488753824825,0.0275392870987,0.0563459265174,17.7475118754,2,True,PASS
Canon 1DMarkIII,FL11,True,0.35,0.2,camera_rgb_wb,0.926426931494,0.0291818996302,0.0314994077116,31.7466286717,2,True,PASS
Canon 1DMarkIII,FL11,True,0.35,0.2,linear_srgb_unclipped,0.963354221393,0.060050675849,0.0623349900955,16.0423543578,2,True,PASS
Canon 1DMarkIII,FL11,True,0.35,0.2,chromaticity,0.426536212102,0.0437619000188,0.102598322902,9.74674801411,2,True,PASS
Canon 1DMarkIII,FL11,True,0.35,0.35,camera_rgb_wb,0.885506578448,0.0241132437323,0.027231015917,36.7228311661,2,True,PASS
Canon 1DMarkIII,FL11,True,0.35,0.35,linear_srgb_unclipped,0.932439521131,0.0490283051766,0.0525806811761,19.0183918814,2,True,PASS
Canon 1DMarkIII,FL11,True,0.35,0.35,chromaticity,0.424020941616,0.0377296068051,0.0889805269082,11.2384140075,2,True,PASS
Canon 1DMarkIII,FL11,True,0.35,0.5,camera_rgb_wb,0.850809877514,0.0204464553679,0.0240317559872,41.6116075967,2,True,PASS
Canon 1DMarkIII,FL11,True,0.35,0.5,linear_srgb_unclipped,0.906089346928,0.0411288228779,0.0453915753643,22.030519804,2,True,PASS
Canon 1DMarkIII,FL11,True,0.35,0.5,chromaticity,0.421933743931,0.0332319152076,0.078760980096,12.6966424082,2,True,PASS
Canon 1DMarkIII,FL11,True,0.35,0.65,camera_rgb_wb,0.820685841624,0.017667368776,0.0215275661891,46.4520694636,2,True,PASS
Canon 1DMarkIII,FL11,True,0.35,0.65,linear_srgb_unclipped,0.883075822886,0.0351940885963,0.039853982732,25.0915951544,2,True,PASS
Canon 1DMarkIII,FL11,True,0.35,0.65,chromaticity,0.420115035597,0.0297250780728,0.070754616127,14.1333534791,2,True,PASS
Canon 1DMarkIII,FL11,True,0.35,0.8,camera_rgb_wb,0.794079103915,0.0154880562741,0.0195044249342,51.2704170143,2,True,PASS
Canon 1DMarkIII,FL11,True,0.35,0.8,linear_srgb_unclipped,0.862617496002,0.0305786742482,0.0354487062806,28.209774204,2,True,PASS
Canon 1DMarkIII,FL11,True,0.35,0.8,chromaticity,0.418478388761,0.0269001263732,0.0642808018183,15.5567443422,2,True,PASS
Canon 1DMarkIII,FL11,True,0.5,0.2,camera_rgb_wb,0.634420711959,0.0207644106916,0.0327297175205,30.5532731644,2,True,PASS
Canon 1DMarkIII,FL11,True,0.5,0.2,linear_srgb_unclipped,0.694490298776,0.0424669237303,0.0611483325328,16.3536757027,2,True,PASS
Canon 1DMarkIII,FL11,True,0.5,0.2,chromaticity,0.365582954161,0.0411834362923,0.112651412829,8.87694148605,2,True,PASS
Canon 1DMarkIII,FL11,True,0.5,0.35,camera_rgb_wb,0.608687770346,0.0170893446418,0.028075715456,35.6179703262,2,True,PASS
Canon 1DMarkIII,FL11,True,0.5,0.35,linear_srgb_unclipped,0.675828362852,0.0345658702193,0.0511459301196,19.5518978277,2,True,PASS
Canon 1DMarkIII,FL11,True,0.5,0.35,chromaticity,0.362791531771,0.0354199836791,0.0976317818285,10.2425663167,2,True,PASS
Canon 1DMarkIII,FL11,True,0.5,0.5,camera_rgb_wb,0.586772309752,0.0144366457066,0.0246034883833,40.6446429231,2,True,PASS
Canon 1DMarkIII,FL11,True,0.5,0.5,linear_srgb_unclipped,0.659709603814,0.0289193090317,0.0438364226692,22.812080437,2,True,PASS
Canon 1DMarkIII,FL11,True,0.5,0.5,chromaticity,0.360475997194,0.0311273924159,0.0863508046532,11.5806679974,2,True,PASS
Canon 1DMarkIII,FL11,True,0.5,0.65,camera_rgb_wb,0.567668453491,0.012430484291,0.0218974371653,45.6674446627,2,True,PASS
Canon 1DMarkIII,FL11,True,0.5,0.65,linear_srgb_unclipped,0.645462183776,0.0246874281303,0.0382476754655,26.1453797604,2,True,PASS
Canon 1DMarkIII,FL11,True,0.5,0.65,chromaticity,0.358454143847,0.0277852433375,0.0775140804323,12.9008819356,2,True,PASS
Canon 1DMarkIII,FL11,True,0.5,0.8,camera_rgb_wb,0.550732695433,0.0108606035332,0.0197202810425,50.7092164581,2,True,PASS
Canon 1DMarkIII,FL11,True,0.5,0.8,linear_srgb_unclipped,0.632657930935,0.0214033255345,0.0338308025363,29.5588613048,2,True,PASS
Canon 1DMarkIII,FL11,True,0.5,0.8,chromaticity,0.356629898834,0.0250971835842,0.0703731898706,14.2099569714,2,True,PASS
Canon 1DMarkIII,FL11,True,0.65,0.2,camera_rgb_wb,0.449372723226,0.0149996787748,0.0333791483096,29.9588231169,2,True,PASS
Canon 1DMarkIII,FL11,True,0.65,0.2,linear_srgb_unclipped,0.519927301164,0.0299212298847,0.0575488723475,17.3765350946,2,True,PASS
Canon 1DMarkIII,FL11,True,0.65,0.2,chromaticity,0.315183612796,0.0370148253525,0.117438927183,8.51506416131,2,True,PASS
Canon 1DMarkIII,FL11,True,0.65,0.35,camera_rgb_wb,0.432539585097,0.0123110793431,0.0284623182878,35.1341724833,2,True,PASS
Canon 1DMarkIII,FL11,True,0.65,0.35,linear_srgb_unclipped,0.50773068276,0.0242972758357,0.0478546533836,20.8966094057,2,True,PASS
Canon 1DMarkIII,FL11,True,0.65,0.35,chromaticity,0.311857442157,0.0318120326809,0.102008252427,9.80312843525,2,True,PASS
Canon 1DMarkIII,FL11,True,0.65,0.5,camera_rgb_wb,0.4181393319,0.010373618602,0.0248089998013,40.3079530819,2,True,PASS
Canon 1DMarkIII,FL11,True,0.65,0.5,linear_srgb_unclipped,0.497055373599,0.0202875858146,0.0408155446902,24.5004693087,2,True,PASS
Canon 1DMarkIII,FL11,True,0.65,0.5,chromaticity,0.309129378313,0.0279321607253,0.09035750946,11.0671487735,2,True,PASS
Canon 1DMarkIII,FL11,True,0.65,0.65,camera_rgb_wb,0.405535780173,0.00891069255564,0.0219726420979,45.5111404238,2,True,PASS
Canon 1DMarkIII,FL11,True,0.65,0.65,linear_srgb_unclipped,0.487510722453,0.0172884947793,0.0354627990383,28.1985637659,2,True,PASS
Canon 1DMarkIII,FL11,True,0.65,0.65,chromaticity,0.306769513988,0.0249101665428,0.0812015712352,12.3150326378,2,True,PASS
Canon 1DMarkIII,FL11,True,0.65,0.8,camera_rgb_wb,0.394321394904,0.00776766086698,0.0196988065252,50.7644967586,2,True,PASS
Canon 1DMarkIII,FL11,True,0.65,0.8,linear_srgb_unclipped,0.478846555719,0.0149651149838,0.0312524227336,31.9975193131,2,True,PASS
Canon 1DMarkIII,FL11,True,0.65,0.8,chromaticity,0.304657618684,0.0224797961116,0.0737870800955,13.5525080909,2,True,PASS
Canon 1DMarkIII,FL11,True,0.8,0.2,camera_rgb_wb,0.325698172724,0.010885144413,0.0334209563472,29.9213460444,2,True,PASS
Canon 1DMarkIII,FL11,True,0.8,0.2,linear_srgb_unclipped,0.396808643876,0.0210024774458,0.0529284776679,18.8934207833,2,True,PASS
Canon 1DMarkIII,FL11,True,0.8,0.2,chromaticity,0.274412734279,0.0319709857768,0.116506932015,8.58318026836,2,True,PASS
Canon 1DMarkIII,FL11,True,0.8,0.35,camera_rgb_wb,0.314369675826,0.00891686904566,0.0283642785273,35.2556120558,2,True,PASS
Canon 1DMarkIII,FL11,True,0.8,0.35,linear_srgb_unclipped,0.388397319405,0.0170262465695,0.0438371886695,22.8116818243,2,True,PASS
Canon 1DMarkIII,FL11,True,0.8,0.35,chromaticity,0.270423653282,0.0274978018467,0.101684159329,9.83437348156,2,True,PASS
Canon 1DMarkIII,FL11,True,0.8,0.5,camera_rgb_wb,0.304633025467,0.00750047216681,0.0246213362958,40.6151797769,2,True,PASS
Canon 1DMarkIII,FL11,True,0.8,0.5,linear_srgb_unclipped,0.380944925932,0.0141965182342,0.0372665896505,26.8336869399,2,True,PASS
Canon 1DMarkIII,FL11,True,0.8,0.5,chromaticity,0.267195631037,0.0241511285009,0.0903874378752,11.0634843017,2,True,PASS
Canon 1DMarkIII,FL11,True,0.8,0.65,camera_rgb_wb,0.296075800906,0.00643238243199,0.0217254581844,46.0289486883,2,True,PASS
Canon 1DMarkIII,FL11,True,0.8,0.65,linear_srgb_unclipped,0.374214288854,0.0120832294866,0.032289599426,30.9697245484,2,True,PASS
Canon 1DMarkIII,FL11,True,0.8,0.65,chromaticity,0.264438013702,0.0215393077305,0.0814531444591,12.2769968752,2,True,PASS
Canon 1DMarkIII,FL11,True,0.8,0.8,camera_rgb_wb,0.288433263696,0.00559887074547,0.0194113212662,51.516328347,2,True,PASS
Canon 1DMarkIII,FL11,True,0.8,0.8,linear_srgb_unclipped,0.368052265564,0.0104482154988,0.0283878581288,35.2263279414,2,True,PASS
Canon 1DMarkIII,FL11,True,0.8,0.8,chromaticity,0.261998386208,0.0194362573856,0.0741846454359,13.4798784051,2,True,PASS
Canon 20D,FL11,True,0.2,0.2,camera_rgb_wb,1.42516479151,0.042848226323,0.0300654538887,33.2607651194,2,True,PASS
Canon 20D,FL11,True,0.2,0.2,linear_srgb_unclipped,1.43758234597,0.088204540658,0.0613561657217,16.2982805108,2,True,PASS
Canon 20D,FL11,True,0.2,0.2,chromaticity,0.479708577845,0.0443835137604,0.0925218263967,10.8082604824,2,True,PASS
Canon 20D,FL11,True,0.2,0.35,camera_rgb_wb,1.3571384195,0.0356087797677,0.0262381340443,38.1124663175,2,True,PASS
Canon 20D,FL11,True,0.2,0.35,linear_srgb_unclipped,1.38152367027,0.0723318642988,0.052356587046,19.099793482,2,True,PASS
Canon 20D,FL11,True,0.2,0.35,chromaticity,0.477793004799,0.0384133461045,0.0803974644222,12.4382032094,2,True,PASS
Canon 20D,FL11,True,0.2,0.5,camera_rgb_wb,1.29963450226,0.0303525340508,0.0233546693305,42.8179900922,2,True,PASS
Canon 20D,FL11,True,0.2,0.5,linear_srgb_unclipped,1.33418843419,0.0609138427318,0.0456561016203,21.9028774799,2,True,PASS
Canon 20D,FL11,True,0.2,0.5,chromaticity,0.476216770519,0.0339491668164,0.0712893138547,14.0273478019,2,True,PASS
Canon 20D,FL11,True,0.2,0.65,camera_rgb_wb,1.24985410599,0.0263551114955,0.0210865503175,47.4235939471,2,True,PASS
Canon 20D,FL11,True,0.2,0.65,linear_srgb_unclipped,1.29322184679,0.0523075783844,0.0404474905169,24.723412682,2,True,PASS
Canon 20D,FL11,True,0.2,0.65,chromaticity,0.474853148375,0.0304585113893,0.0641430124104,15.5901627071,2,True,PASS
Canon 20D,FL11,True,0.2,0.8,camera_rgb_wb,1.20600695831,0.023210078139,0.0192453932203,51.9604867802,2,True,PASS
Canon 20D,FL11,True,0.2,0.8,linear_srgb_unclipped,1.25712104436,0.0455948661341,0.0362692728267,27.5715480919,2,True,PASS
Canon 20D,FL11,True,0.2,0.8,chromaticity,0.473632342672,0.0276388231498,0.0583550164541,17.1364873281,2,True,PASS
Canon 20D,FL11,True,0.35,0.2,camera_rgb_wb,0.932968791155,0.0296297341779,0.0317585480445,31.4875855974,2,True,PASS
Canon 20D,FL11,True,0.35,0.2,linear_srgb_unclipped,0.967057161764,0.0624370427582,0.0645639629454,15.4885164166,2,True,PASS
Canon 20D,FL11,True,0.35,0.2,chromaticity,0.412601576521,0.0438802178063,0.106350097293,9.40290630146,2,True,PASS
Canon 20D,FL11,True,0.35,0.35,camera_rgb_wb,0.892005685644,0.024504102448,0.02747079177,36.4022998817,2,True,PASS
Canon 20D,FL11,True,0.35,0.35,linear_srgb_unclipped,0.936201283668,0.051029220635,0.0545066766359,18.3463762922,2,True,PASS
Canon 20D,FL11,True,0.35,0.35,chromaticity,0.410518578348,0.0378376002941,0.0921702507261,10.8494876831,2,True,PASS
Canon 20D,FL11,True,0.35,0.5,camera_rgb_wb,0.857244964955,0.0207930198356,0.0242556336702,41.2275355736,2,True,PASS
Canon 20D,FL11,True,0.35,0.5,linear_srgb_unclipped,0.909890664292,0.0428456003476,0.0470887349756,21.2365016923,2,True,PASS
Canon 20D,FL11,True,0.35,0.5,chromaticity,0.408775515962,0.0333314374001,0.0815397109135,12.2639630285,2,True,PASS
Canon 20D,FL11,True,0.35,0.65,camera_rgb_wb,0.82704525785,0.0179783302386,0.0217380246944,46.0023398656,2,True,PASS
Canon 20D,FL11,True,0.35,0.65,linear_srgb_unclipped,0.886904134719,0.0366923302709,0.0413712472797,24.1713766384,2,True,PASS
Canon 20D,FL11,True,0.35,0.65,chromaticity,0.407240819338,0.029817412104,0.0732181320931,13.6578190595,2,True,PASS
Canon 20D,FL11,True,0.35,0.8,camera_rgb_wb,0.800356592455,0.0157696805262,0.0197033180895,50.7528729658,2,True,PASS
Canon 20D,FL11,True,0.35,0.8,linear_srgb_unclipped,0.866464101564,0.031903501759,0.0368203387785,27.1589027471,2,True,PASS
Canon 20D,FL11,True,0.35,0.8,chromaticity,0.405844592022,0.0269862549985,0.0664940608524,15.0389371198,2,True,PASS
Canon 20D,FL11,True,0.5,0.2,camera_rgb_wb,0.639368351145,0.0210314261774,0.0328940682468,30.4006179016,2,True,PASS
Canon 20D,FL11,True,0.5,0.2,linear_srgb_unclipped,0.695384833863,0.0441243458817,0.0634531323276,15.7596632872,2,True,PASS
Canon 20D,FL11,True,0.5,0.2,chromaticity,0.353721478695,0.0413320749516,0.116849208886,8.55803825744,2,True,PASS
Canon 20D,FL11,True,0.5,0.35,camera_rgb_wb,0.613484825518,0.0173297481561,0.0282480469528,35.4006774936,2,True,PASS
Canon 20D,FL11,True,0.5,0.35,linear_srgb_unclipped,0.676752368391,0.0359598108788,0.0531358478498,18.8196865293,2,True,PASS
Canon 20D,FL11,True,0.5,0.35,chromaticity,0.351230947864,0.0355660911994,0.101261268165,9.87544416661,2,True,PASS
Canon 20D,FL11,True,0.5,0.5,camera_rgb_wb,0.591434984573,0.0146547353904,0.024778269417,40.3579436147,2,True,PASS
Canon 20D,FL11,True,0.5,0.5,linear_srgb_unclipped,0.660669447874,0.0301179356599,0.045586996276,21.9360800599,2,True,PASS
Canon 20D,FL11,True,0.5,0.5,chromaticity,0.349154656419,0.0312688456175,0.0895558602546,11.1662151104,2,True,PASS
Canon 20D,FL11,True,0.5,0.65,camera_rgb_wb,0.572209523712,0.0126297090543,0.0220718260199,45.3066275124,2,True,PASS
Canon 20D,FL11,True,0.5,0.65,linear_srgb_unclipped,0.646460447097,0.0257352781028,0.0398095169138,25.119621576,2,True,PASS
Canon 20D,FL11,True,0.5,0.65,chromaticity,0.347330822049,0.027921270376,0.0803881158928,12.4396496782,2,True,PASS
Canon 20D,FL11,True,0.5,0.8,camera_rgb_wb,0.555162622148,0.0110437017636,0.0198927329093,50.2696137611,2,True,PASS
Canon 20D,FL11,True,0.5,0.8,linear_srgb_unclipped,0.63369522037,0.022331211656,0.0352396719088,28.3771086912,2,True,PASS
Canon 20D,FL11,True,0.5,0.8,chromaticity,0.345675121977,0.0252276194019,0.0729807203297,13.7022489705,2,True,PASS
Canon 20D,FL11,True,0.65,0.2,camera_rgb_wb,0.45294267205,0.0151807669531,0.0335158683204,29.8366132257,2,True,PASS
Canon 20D,FL11,True,0.65,0.2,linear_srgb_unclipped,0.519858166484,0.0311078553587,0.0598391202914,16.7114756222,2,True,PASS
Canon 20D,FL11,True,0.65,0.2,chromaticity,0.30468400169,0.0372562181068,0.122278222356,8.1780711294,2,True,PASS
Canon 20D,FL11,True,0.65,0.35,camera_rgb_wb,0.435966455954,0.0124766162745,0.0286182941465,34.9426836863,2,True,PASS
Canon 20D,FL11,True,0.65,0.35,linear_srgb_unclipped,0.507696858002,0.0252951249308,0.0498232843716,20.0709369648,2,True,PASS
Canon 20D,FL11,True,0.65,0.35,chromaticity,0.301588723479,0.0320437314877,0.106249766629,9.41178537822,2,True,PASS
Canon 20D,FL11,True,0.65,0.5,camera_rgb_wb,0.421444838293,0.0105253404156,0.0249744200409,40.0409698549,2,True,PASS
Canon 20D,FL11,True,0.65,0.5,linear_srgb_unclipped,0.497064659679,0.0211453215571,0.0425403841239,23.507074997,2,True,PASS
Canon 20D,FL11,True,0.65,0.5,chromaticity,0.29904525553,0.028152640062,0.0941417378855,10.6222810675,2,True,PASS
Canon 20D,FL11,True,0.65,0.65,camera_rgb_wb,0.408735774001,0.00905033680089,0.0221422673927,45.1624931749,2,True,PASS
Canon 20D,FL11,True,0.65,0.65,linear_srgb_unclipped,0.487566337486,0.0180380151199,0.0369960223524,27.0299328526,2,True,PASS
Canon 20D,FL11,True,0.65,0.65,chromaticity,0.29683960717,0.0251194127575,0.0846228473249,11.8171395978,2,True,PASS
Canon 20D,FL11,True,0.65,0.8,camera_rgb_wb,0.397428049342,0.00789675166563,0.0198696384885,50.3280419811,2,True,PASS
Canon 20D,FL11,True,0.65,0.8,linear_srgb_unclipped,0.478949355146,0.0156285251576,0.0326308512365,30.6458447177,2,True,PASS
Canon 20D,FL11,True,0.65,0.8,chromaticity,0.294860463749,0.0226783485034,0.0769121374058,13.0018490414,2,True,PASS
Canon 20D,FL11,True,0.8,0.2,camera_rgb_wb,0.328301770332,0.0110236903099,0.033577919177,29.7814761757,2,True,PASS
Canon 20D,FL11,True,0.8,0.2,linear_srgb_unclipped,0.396545968072,0.021870154883,0.0551516258994,18.131831722,2,True,PASS
Canon 20D,FL11,True,0.8,0.2,chromaticity,0.264891485152,0.0323077901034,0.121966132981,8.19899734099,2,True,PASS
Canon 20D,FL11,True,0.8,0.35,camera_rgb_wb,0.31685851988,0.00904336315262,0.0285406974572,35.0376861498,2,True,PASS
Canon 20D,FL11,True,0.8,0.35,linear_srgb_unclipped,0.388169931837,0.0177545307222,0.0457390675217,21.863147943,2,True,PASS
Canon 20D,FL11,True,0.8,0.35,chromaticity,0.261102974369,0.0278131803535,0.10652188249,9.3877424678,2,True,PASS
Canon 20D,FL11,True,0.8,0.5,camera_rgb_wb,0.307026358072,0.00761623990958,0.0248064692471,40.3120649714,2,True,PASS
Canon 20D,FL11,True,0.8,0.5,linear_srgb_unclipped,0.380758469395,0.0148214974597,0.0389262449849,25.6896086532,2,True,PASS
Canon 20D,FL11,True,0.8,0.5,chromaticity,0.25803714584,0.0244458958719,0.0947378943922,10.5554383113,2,True,PASS
Canon 20D,FL11,True,0.8,0.65,camera_rgb_wb,0.298387404544,0.00653877718284,0.0219137171451,45.6335177359,2,True,PASS
Canon 20D,FL11,True,0.8,0.65,linear_srgb_unclipped,0.374070811946,0.0126285408902,0.0337597601495,29.6210635257,2,True,PASS
Canon 20D,FL11,True,0.8,0.65,chromaticity,0.255416747282,0.0218152146992,0.0854102752908,11.7081931488,2,True,PASS
Canon 20D,FL11,True,0.8,0.8,camera_rgb_wb,0.290673541877,0.00569708546823,0.01959960109,51.0214465798,2,True,PASS
Canon 20D,FL11,True,0.8,0.8,linear_srgb_unclipped,0.367951998606,0.0109302211224,0.0297055625838,33.66372871,2,True,PASS
Canon 20D,FL11,True,0.8,0.8,chromaticity,0.253096741539,0.0196951719741,0.0778167741485,12.8506997488,2,True,PASS
Canon 300D,FL11,True,0.2,0.2,camera_rgb_wb,1.41733095379,0.0424305673185,0.0299369510029,33.4035353134,2,True,PASS
Canon 300D,FL11,True,0.2,0.2,linear_srgb_unclipped,1.42993032075,0.0844690296087,0.0590721298674,16.9284568246,2,True,PASS
Canon 300D,FL11,True,0.2,0.2,chromaticity,0.507177449403,0.0432638700594,0.0853032210134,11.7228867576,2,True,PASS
Canon 300D,FL11,True,0.2,0.35,camera_rgb_wb,1.35092099645,0.0349724628262,0.0258878668095,38.62813446,2,True,PASS
Canon 300D,FL11,True,0.2,0.35,linear_srgb_unclipped,1.37319594591,0.0692192794018,0.0504074306424,19.838345007,2,True,PASS
Canon 300D,FL11,True,0.2,0.35,chromaticity,0.503798043513,0.0372653324943,0.0739687916104,13.5192150396,2,True,PASS
Canon 300D,FL11,True,0.2,0.5,camera_rgb_wb,1.29486314881,0.0295946449414,0.02285542296,43.7532922383,2,True,PASS
Canon 300D,FL11,True,0.2,0.5,linear_srgb_unclipped,1.32538470116,0.0582653295929,0.0439610699762,22.7473990178,2,True,PASS
Canon 300D,FL11,True,0.2,0.5,chromaticity,0.501002562186,0.0327980579713,0.0654648507749,15.2753727865,2,True,PASS
Canon 300D,FL11,True,0.2,0.65,camera_rgb_wb,1.24638735641,0.0255302777483,0.0204834216401,48.819968537,2,True,PASS
Canon 300D,FL11,True,0.2,0.65,linear_srgb_unclipped,1.28407138604,0.0500173327832,0.0389521434142,25.6725281935,2,True,PASS
Canon 300D,FL11,True,0.2,0.65,chromaticity,0.498583900024,0.0293181603696,0.0588028622028,17.0059749226,2,True,PASS
Canon 300D,FL11,True,0.2,0.8,camera_rgb_wb,1.2037246154,0.0223511507409,0.0185683257241,53.8551517708,2,True,PASS
Canon 300D,FL11,True,0.2,0.8,linear_srgb_unclipped,1.24771206398,0.0435889352366,0.0349350915928,28.6245134736,2,True,PASS
Canon 300D,FL11,True,0.2,0.8,chromaticity,0.496427291558,0.0265170374525,0.0534157527264,18.7210691408,2,True,PASS
Canon 300D,FL11,True,0.35,0.2,camera_rgb_wb,0.92981810628,0.0302032751555,0.0324829931268,30.7853403809,2,True,PASS
Canon 300D,FL11,True,0.35,0.2,linear_srgb_unclipped,0.963681659474,0.0596817897966,0.061931021733,16.1469966427,2,True,PASS
Canon 300D,FL11,True,0.35,0.2,chromaticity,0.436705181322,0.0417229761974,0.0955403736476,10.4667792455,2,True,PASS
Canon 300D,FL11,True,0.35,0.35,camera_rgb_wb,0.890734545413,0.0247779840339,0.0278174728504,35.9486285968,2,True,PASS
Canon 300D,FL11,True,0.35,0.35,linear_srgb_unclipped,0.932576679041,0.0487280311952,0.0522509647628,19.1384026025,2,True,PASS
Canon 300D,FL11,True,0.35,0.35,chromaticity,0.433096339048,0.0358229887697,0.0827136725479,12.0898996405,2,True,PASS
Canon 300D,FL11,True,0.35,0.5,camera_rgb_wb,0.857547326617,0.0208757765676,0.0243435853855,41.0785832967,2,True,PASS
Canon 300D,FL11,True,0.35,0.5,linear_srgb_unclipped,0.906055178626,0.0408833384054,0.045122349466,22.1619665606,2,True,PASS
Canon 300D,FL11,True,0.35,0.5,chromaticity,0.430090875439,0.0314389540238,0.0730983980808,13.6801903496,2,True,PASS
Canon 300D,FL11,True,0.35,0.65,camera_rgb_wb,0.828694200261,0.017933601145,0.0216407948062,46.2090236959,2,True,PASS
Canon 300D,FL11,True,0.35,0.65,linear_srgb_unclipped,0.882885144899,0.0349919430209,0.0396336298363,25.231098038,2,True,PASS
Canon 300D,FL11,True,0.35,0.65,chromaticity,0.427470516642,0.0280317212578,0.0655758003569,15.2495279441,2,True,PASS
Canon 300D,FL11,True,0.35,0.8,camera_rgb_wb,0.803175856511,0.0156375054077,0.0194695909756,51.3621473226,2,True,PASS
Canon 300D,FL11,True,0.35,0.8,linear_srgb_unclipped,0.862282377249,0.0304110133752,0.0352680446425,28.3542796358,2,True,PASS
Canon 300D,FL11,True,0.35,0.8,chromaticity,0.425116884602,0.0252952759264,0.0595019319217,16.8061770047,2,True,PASS
Canon 300D,FL11,True,0.5,0.2,camera_rgb_wb,0.641105905434,0.0217837958092,0.0339784669344,29.4304037298,2,True,PASS
Canon 300D,FL11,True,0.5,0.2,linear_srgb_unclipped,0.694617335489,0.0420709260691,0.0605670545776,16.5106262303,2,True,PASS
Canon 300D,FL11,True,0.5,0.2,chromaticity,0.374891845425,0.0383320723917,0.102248349383,9.78010898013,2,True,PASS
Canon 300D,FL11,True,0.5,0.35,camera_rgb_wb,0.616772022946,0.0178156922028,0.0288853766708,34.6195935541,2,True,PASS
Canon 300D,FL11,True,0.5,0.35,linear_srgb_unclipped,0.675712373385,0.0342468880278,0.0506826415746,19.7306211541,2,True,PASS
Canon 300D,FL11,True,0.5,0.35,chromaticity,0.370861121313,0.0328640789861,0.088615595158,11.2846954107,2,True,PASS
Canon 300D,FL11,True,0.5,0.5,camera_rgb_wb,0.59598647102,0.0149664289786,0.0251120280515,39.8215547525,2,True,PASS
Canon 300D,FL11,True,0.5,0.5,linear_srgb_unclipped,0.659382014387,0.0286584603253,0.0434626054397,23.0082847055,2,True,PASS
Canon 300D,FL11,True,0.5,0.5,chromaticity,0.367520552785,0.0288010604356,0.0783658497937,12.7606604488,2,True,PASS
Canon 300D,FL11,True,0.5,0.65,camera_rgb_wb,0.577818597971,0.0128216132574,0.0221896860061,45.0659824445,2,True,PASS
Canon 300D,FL11,True,0.5,0.65,linear_srgb_unclipped,0.644947148634,0.0244711780314,0.0379429199482,26.3553780617,2,True,PASS
Canon 300D,FL11,True,0.5,0.65,chromaticity,0.364617498765,0.0256449534076,0.0703338525838,14.217904512,2,True,PASS
Canon 300D,FL11,True,0.5,0.8,camera_rgb_wb,0.561672059607,0.0111503743832,0.0198521079916,50.3724843944,2,True,PASS
Canon 300D,FL11,True,0.5,0.8,linear_srgb_unclipped,0.631974746893,0.0212219237253,0.0335803350208,29.7793336303,2,True,PASS
Canon 300D,FL11,True,0.5,0.8,chromaticity,0.36201670316,0.0231121619599,0.0638428054788,15.6634720624,2,True,PASS
Canon 300D,FL11,True,0.65,0.2,camera_rgb_wb,0.457842775697,0.0157760205376,0.0344572883422,29.0214363379,2,True,PASS
Canon 300D,FL11,True,0.65,0.2,linear_srgb_unclipped,0.519899872605,0.0295750387551,0.0568860280863,17.5790090052,2,True,PASS
Canon 300D,FL11,True,0.65,0.2,chromaticity,0.322997401909,0.0337814573173,0.104587396424,9.56138152581,2,True,PASS
Canon 300D,FL11,True,0.65,0.35,camera_rgb_wb,0.441996691613,0.0128765091173,0.0291325916272,34.3258166934,2,True,PASS
Canon 300D,FL11,True,0.65,0.35,linear_srgb_unclipped,0.507445264304,0.0240199960855,0.0473351468131,21.1259511658,2,True,PASS
Canon 300D,FL11,True,0.65,0.35,chromaticity,0.318416927268,0.0289657828862,0.0909681000151,10.9928645298,2,True,PASS
Canon 300D,FL11,True,0.65,0.5,camera_rgb_wb,0.428380052081,0.0107973511486,0.0252050745503,39.6745503769,2,True,PASS
Canon 300D,FL11,True,0.65,0.5,linear_srgb_unclipped,0.496550414055,0.0200610596005,0.0404008516209,24.7519534831,2,True,PASS
Canon 300D,FL11,True,0.65,0.5,chromaticity,0.31466134732,0.0253800780437,0.0806583911875,12.3979661047,2,True,PASS
Canon 300D,FL11,True,0.65,0.65,camera_rgb_wb,0.416414848224,0.00923419845081,0.0221754783485,45.0948558711,2,True,PASS
Canon 300D,FL11,True,0.65,0.65,linear_srgb_unclipped,0.486815196794,0.0171003515684,0.0351269879845,28.4681396664,2,True,PASS
Canon 300D,FL11,True,0.65,0.65,chromaticity,0.311427329556,0.022591653001,0.0725422943231,13.7850616572,2,True,PASS
Canon 300D,FL11,True,0.65,0.8,camera_rgb_wb,0.405729824378,0.00801761056193,0.0197609593385,50.6048306093,2,True,PASS
Canon 300D,FL11,True,0.65,0.8,linear_srgb_unclipped,0.477983194483,0.0148066968254,0.0309774422956,32.2815547668,2,True,PASS
Canon 300D,FL11,True,0.65,0.8,chromaticity,0.308553108359,0.0203526629124,0.0659616200942,15.1603310921,2,True,PASS
Canon 300D,FL11,True,0.8,0.2,camera_rgb_wb,0.33475832658,0.01140026212,0.0340552010654,29.3640903215,2,True,PASS
Canon 300D,FL11,True,0.8,0.2,linear_srgb_unclipped,0.396627132091,0.0207290600532,0.0522633435184,19.1338696049,2,True,PASS
Canon 300D,FL11,True,0.8,0.2,chromaticity,0.280257075486,0.0287576674273,0.102611744512,9.74547314013,2,True,PASS
Canon 300D,FL11,True,0.8,0.35,camera_rgb_wb,0.324085775945,0.00929251881787,0.028673022723,34.8759881252,2,True,PASS
Canon 300D,FL11,True,0.8,0.35,linear_srgb_unclipped,0.387976433501,0.0168080651008,0.043322386747,23.0827540929,2,True,PASS
Canon 300D,FL11,True,0.8,0.35,chromaticity,0.275110046393,0.0246901458273,0.0897464347486,11.1425039089,2,True,PASS
Canon 300D,FL11,True,0.8,0.5,camera_rgb_wb,0.314859655507,0.0077828823191,0.0247185759845,40.4554048998,2,True,PASS
Canon 300D,FL11,True,0.8,0.5,linear_srgb_unclipped,0.380322857084,0.0140184628354,0.0368593750661,27.1301398411,2,True,PASS
Canon 300D,FL11,True,0.8,0.5,chromaticity,0.270938041345,0.0216504471851,0.0799092186452,12.5142007012,2,True,PASS
Canon 300D,FL11,True,0.8,0.65,camera_rgb_wb,0.306709987168,0.00664909682453,0.0216787750733,46.1280675048,2,True,PASS
Canon 300D,FL11,True,0.8,0.65,linear_srgb_unclipped,0.373419550301,0.0119352686943,0.0319620884461,31.2870669163,2,True,PASS
Canon 300D,FL11,True,0.8,0.65,chromaticity,0.267382529426,0.019281026702,0.0721102711662,13.8676499731,2,True,PASS
Canon 300D,FL11,True,0.8,0.8,camera_rgb_wb,0.299398382348,0.00576751609089,0.0192636848792,51.9111481666,2,True,PASS
Canon 300D,FL11,True,0.8,0.8,linear_srgb_unclipped,0.367107028589,0.0103234368268,0.0281210546866,35.5605439108,2,True,PASS
Canon 300D,FL11,True,0.8,0.8,chromaticity,0.264252026521,0.0173754229977,0.0657532251558,15.2083794769,2,True,PASS
Canon 40D,FL11,True,0.2,0.2,camera_rgb_wb,1.42138758089,0.0373799082398,0.0262981812577,38.0254432883,2,True,PASS
Canon 40D,FL11,True,0.2,0.2,linear_srgb_unclipped,1.42699352313,0.0844498611586,0.0591802694192,16.8975236141,2,True,PASS
Canon 40D,FL11,True,0.2,0.2,chromaticity,0.458102339185,0.0386401058493,0.0843481959031,11.8556181231,2,True,PASS
Canon 40D,FL11,True,0.2,0.35,camera_rgb_wb,1.35350603876,0.0310580404448,0.0229463626725,43.5798916923,2,True,PASS
Canon 40D,FL11,True,0.2,0.35,linear_srgb_unclipped,1.37025891473,0.0693424774102,0.0506053831613,19.7607435717,2,True,PASS
Canon 40D,FL11,True,0.2,0.35,chromaticity,0.45579758577,0.0334708566874,0.0734335980101,13.6177448348,2,True,PASS
Canon 40D,FL11,True,0.2,0.5,camera_rgb_wb,1.29613427252,0.0264650226529,0.0204184267124,48.9753698502,2,True,PASS
Canon 40D,FL11,True,0.2,0.5,linear_srgb_unclipped,1.32243463387,0.0584524794263,0.0442006568258,22.624098188,2,True,PASS
Canon 40D,FL11,True,0.2,0.5,chromaticity,0.453917459062,0.0295990758389,0.0652080576501,15.3355280933,2,True,PASS
Canon 40D,FL11,True,0.2,0.65,camera_rgb_wb,1.24647390521,0.0229713618038,0.018429075577,54.2620814496,2,True,PASS
Canon 40D,FL11,True,0.2,0.65,linear_srgb_unclipped,1.28110749487,0.0502315612098,0.0392094819608,25.5040349934,2,True,PASS
Canon 40D,FL11,True,0.2,0.65,chromaticity,0.452307900693,0.0265685541493,0.0587399736078,17.0241819766,2,True,PASS
Canon 40D,FL11,True,0.2,0.8,camera_rgb_wb,1.20273592525,0.0202228770839,0.0168140625547,59.4740263839,2,True,PASS
Canon 40D,FL11,True,0.2,0.8,linear_srgb_unclipped,1.24473913854,0.0438115990014,0.0351974141769,28.4111780193,2,True,PASS
Canon 40D,FL11,True,0.2,0.8,chromaticity,0.450883209375,0.024118950316,0.0534926779585,18.6941472771,2,True,PASS
Canon 40D,FL11,True,0.35,0.2,camera_rgb_wb,0.93406027397,0.0263610765202,0.0282220294073,35.4333129474,2,True,PASS
Canon 40D,FL11,True,0.35,0.2,linear_srgb_unclipped,0.962061971441,0.0603200692564,0.0626987356814,15.9492849279,2,True,PASS
Canon 40D,FL11,True,0.35,0.2,chromaticity,0.392916163631,0.0380289103375,0.0967863220135,10.3320384451,2,True,PASS
Canon 40D,FL11,True,0.35,0.35,camera_rgb_wb,0.893074634128,0.0217832516167,0.0243913003284,40.9982242248,2,True,PASS
Canon 40D,FL11,True,0.35,0.35,linear_srgb_unclipped,0.930906094085,0.0493459580455,0.0530085240166,18.8648904785,2,True,PASS
Canon 40D,FL11,True,0.35,0.35,chromaticity,0.390603881412,0.0328132615726,0.0840064913181,11.9038420045,2,True,PASS
Canon 40D,FL11,True,0.35,0.5,camera_rgb_wb,0.858285316402,0.0184678295508,0.0215171216353,46.4746176069,2,True,PASS
Canon 40D,FL11,True,0.35,0.5,linear_srgb_unclipped,0.90436867192,0.0414598188886,0.0458439353064,21.8131360957,2,True,PASS
Canon 40D,FL11,True,0.35,0.5,chromaticity,0.388692503511,0.0289182058623,0.0743986714461,13.4411002315,2,True,PASS
Canon 40D,FL11,True,0.35,0.65,camera_rgb_wb,0.828053776699,0.0159534701133,0.0192662246851,51.9043048829,2,True,PASS
Canon 40D,FL11,True,0.35,0.65,linear_srgb_unclipped,0.881207991363,0.0355226155591,0.0403112726022,24.8069568497,2,True,PASS
Canon 40D,FL11,True,0.35,0.65,chromaticity,0.387029857081,0.0258781854142,0.0668635376334,14.9558344562,2,True,PASS
Canon 40D,FL11,True,0.35,0.8,camera_rgb_wb,0.801331655089,0.0139811052771,0.0174473392986,57.3153294541,2,True,PASS
Canon 40D,FL11,True,0.35,0.8,linear_srgb_unclipped,0.860633431508,0.030897320734,0.035900674553,27.854629821,2,True,PASS
Canon 40D,FL11,True,0.35,0.8,chromaticity,0.385534271704,0.02342766689,0.0607667556671,16.4563664626,2,True,PASS
Canon 40D,FL11,True,0.5,0.2,camera_rgb_wb,0.641210417662,0.0190706572277,0.0297416521977,33.6228799043,2,True,PASS
Canon 40D,FL11,True,0.5,0.2,linear_srgb_unclipped,0.69321714843,0.0429483918654,0.0619551780603,16.1407009278,2,True,PASS
Canon 40D,FL11,True,0.5,0.2,chromaticity,0.336808048039,0.0355821704227,0.105645249958,9.46564091052,2,True,PASS
Canon 40D,FL11,True,0.5,0.35,camera_rgb_wb,0.615263017967,0.0157024286619,0.0255214895148,39.1826660204,2,True,PASS
Canon 40D,FL11,True,0.5,0.35,linear_srgb_unclipped,0.674411169076,0.0350293997232,0.051940717072,19.2527184138,2,True,PASS
Canon 40D,FL11,True,0.5,0.35,chromaticity,0.334208830919,0.0306355457507,0.0916658774889,10.9091848286,2,True,PASS
Canon 40D,FL11,True,0.5,0.5,camera_rgb_wb,0.593147037504,0.0132675975061,0.0223681425806,44.7064389185,2,True,PASS
Canon 40D,FL11,True,0.5,0.5,linear_srgb_unclipped,0.658192270825,0.0293546041489,0.0445988284124,22.4221136652,2,True,PASS
Canon 40D,FL11,True,0.5,0.5,chromaticity,0.332063347477,0.0269441194618,0.0811415040732,12.3241491691,2,True,PASS
Canon 40D,FL11,True,0.5,0.65,camera_rgb_wb,0.573855852171,0.0114244103757,0.0199081534718,50.2306756583,2,True,PASS
Canon 40D,FL11,True,0.5,0.65,linear_srgb_unclipped,0.643875361625,0.0250925186832,0.0389710807071,25.6600530921,2,True,PASS
Canon 40D,FL11,True,0.5,0.65,chromaticity,0.330195926671,0.0240662937157,0.0728848897633,13.7202649719,2,True,PASS
Canon 40D,FL11,True,0.5,0.8,camera_rgb_wb,0.556744883517,0.00998111541919,0.0179276284609,55.7798262152,2,True,PASS
Canon 40D,FL11,True,0.5,0.8,linear_srgb_unclipped,0.631023985366,0.0217792335959,0.0345141137278,28.973654311,2,True,PASS
Canon 40D,FL11,True,0.5,0.8,chromaticity,0.328514322322,0.0217495777161,0.0662058736506,15.1044000307,2,True,PASS
Canon 40D,FL11,True,0.65,0.2,camera_rgb_wb,0.454318135867,0.0139751961237,0.0307608149893,32.5088915995,2,True,PASS
Canon 40D,FL11,True,0.65,0.2,linear_srgb_unclipped,0.518900360406,0.0304592308082,0.0586995753566,17.0358983677,2,True,PASS
Canon 40D,FL11,True,0.65,0.2,chromaticity,0.290554938496,0.0318343726567,0.10956403915,9.12708227769,2,True,PASS
Canon 40D,FL11,True,0.65,0.35,camera_rgb_wb,0.43728397668,0.0114813006629,0.0262559372747,38.0866235907,2,True,PASS
Canon 40D,FL11,True,0.65,0.35,linear_srgb_unclipped,0.506636175071,0.0247864956227,0.0489236593088,20.4400082522,2,True,PASS
Canon 40D,FL11,True,0.65,0.35,chromaticity,0.287452422849,0.027395027932,0.0953028249353,10.492868398,2,True,PASS
Canon 40D,FL11,True,0.65,0.5,camera_rgb_wb,0.422703743428,0.00968086891296,0.0229022549799,43.6638226619,2,True,PASS
Canon 40D,FL11,True,0.65,0.5,linear_srgb_unclipped,0.495922976835,0.0207310106823,0.0418028840177,23.9217944766,2,True,PASS
Canon 40D,FL11,True,0.65,0.5,chromaticity,0.284919202944,0.0240770775187,0.0845049307662,11.8336290076,2,True,PASS
Canon 40D,FL11,True,0.65,0.65,camera_rgb_wb,0.409937395039,0.00831963407867,0.0202948893645,49.2734886129,2,True,PASS
Canon 40D,FL11,True,0.65,0.65,linear_srgb_unclipped,0.486360192556,0.0176912088094,0.0363747055786,27.4916314536,2,True,PASS
Canon 40D,FL11,True,0.65,0.65,chromaticity,0.282735176381,0.0214887839362,0.0760032204385,13.1573372053,2,True,PASS
Canon 40D,FL11,True,0.65,0.8,camera_rgb_wb,0.398574560106,0.00725501479751,0.0182024030725,54.9378011252,2,True,PASS
Canon 40D,FL11,True,0.65,0.8,linear_srgb_unclipped,0.47769165008,0.0153321925021,0.032096421404,31.1561213449,2,True,PASS
Canon 40D,FL11,True,0.65,0.8,chromaticity,0.280785300731,0.0194048880885,0.0691093445346,14.4698232451,2,True,PASS
Canon 40D,FL11,True,0.8,0.2,camera_rgb_wb,0.329077440372,0.0102612964479,0.0311820112502,32.0697722792,2,True,PASS
Canon 40D,FL11,True,0.8,0.2,linear_srgb_unclipped,0.396102088044,0.021514832311,0.0543163819641,18.4106518851,2,True,PASS
Canon 40D,FL11,True,0.8,0.2,chromaticity,0.253138458115,0.0274097710031,0.108279758071,9.23533648226,2,True,PASS
Canon 40D,FL11,True,0.8,0.35,camera_rgb_wb,0.317592799633,0.00841791281304,0.0265053641731,37.7282120505,2,True,PASS
Canon 40D,FL11,True,0.8,0.35,linear_srgb_unclipped,0.387670553979,0.0174798009226,0.0450893180901,22.178201897,2,True,PASS
Canon 40D,FL11,True,0.8,0.35,chromaticity,0.24943585855,0.0236082792467,0.0946466934786,10.5656094603,2,True,PASS
Canon 40D,FL11,True,0.8,0.5,camera_rgb_wb,0.307719214713,0.00708858507251,0.0230358870476,43.4105271454,2,True,PASS
Canon 40D,FL11,True,0.8,0.5,linear_srgb_unclipped,0.380216224237,0.0146004058396,0.0384002704486,26.0414832583,2,True,PASS
Canon 40D,FL11,True,0.8,0.5,chromaticity,0.246450087486,0.0207572600199,0.0842250056864,11.8729585335,2,True,PASS
Canon 40D,FL11,True,0.8,0.65,camera_rgb_wb,0.299040137184,0.00608455901402,0.0203469643618,49.1473805242,2,True,PASS
Canon 40D,FL11,True,0.8,0.65,linear_srgb_unclipped,0.37349519673,0.0124454339984,0.0333215369497,30.0106205038,2,True,PASS
Canon 40D,FL11,True,0.8,0.65,chromaticity,0.243906568849,0.0185284799124,0.0759654813722,13.1638736692,2,True,PASS
Canon 40D,FL11,True,0.8,0.8,camera_rgb_wb,0.291287973573,0.00530005624032,0.0181952456715,54.9594118184,2,True,PASS
Canon 40D,FL11,True,0.8,0.8,linear_srgb_unclipped,0.367350376992,0.0107752517535,0.0293323552345,34.0920458656,2,True,PASS
Canon 40D,FL11,True,0.8,0.8,chromaticity,0.241661168065,0.0167316077463,0.069235814261,14.4433919161,2,True,PASS
Canon 500D,FL11,True,0.2,0.2,camera_rgb_wb,1.40681976495,0.0263547499506,0.0187335653132,53.3801218978,2,True,PASS
Canon 500D,FL11,True,0.2,0.2,linear_srgb_unclipped,1.40918307564,0.0790450131706,0.0560927920132,17.8276025156,2,True,PASS
Canon 500D,FL11,True,0.2,0.2,chromaticity,0.364682508097,0.027325732221,0.0749301971286,13.3457542929,2,True,PASS
Canon 500D,FL11,True,0.2,0.35,camera_rgb_wb,1.33741989643,0.0219798508221,0.0164345175967,60.8475420173,2,True,PASS
Canon 500D,FL11,True,0.2,0.35,linear_srgb_unclipped,1.35087193328,0.0650381649952,0.0481453225823,20.7704496795,2,True,PASS
Canon 500D,FL11,True,0.2,0.35,chromaticity,0.363012558432,0.0237774238859,0.0655002790773,15.2671105236,2,True,PASS
Canon 500D,FL11,True,0.2,0.5,camera_rgb_wb,1.27881904236,0.0187910530747,0.0146940673014,68.0546767268,2,True,PASS
Canon 500D,FL11,True,0.2,0.5,linear_srgb_unclipped,1.30185269399,0.0549209848999,0.0421867889918,23.7041032015,2,True,PASS
Canon 500D,FL11,True,0.2,0.5,chromaticity,0.361692398312,0.0211091461598,0.0583621504304,17.1343926265,2,True,PASS
Canon 500D,FL11,True,0.2,0.65,camera_rgb_wb,1.22813243025,0.016358489991,0.0133198094832,75.0761488941,2,True,PASS
Canon 500D,FL11,True,0.2,0.65,linear_srgb_unclipped,1.25959541971,0.047269576618,0.0375275869364,26.6470637106,2,True,PASS
Canon 500D,FL11,True,0.2,0.65,chromaticity,0.360592156817,0.0190131607922,0.0527276049486,18.9653977452,2,True,PASS
Canon 500D,FL11,True,0.2,0.8,camera_rgb_wb,1.18351954385,0.0144396982767,0.0122006420188,81.962899859,2,True,PASS
Canon 500D,FL11,True,0.2,0.8,linear_srgb_unclipped,1.222490363,0.0412844897434,0.0337708099736,29.6113715004,2,True,PASS
Canon 500D,FL11,True,0.2,0.8,chromaticity,0.359639737328,0.0173133923972,0.0481409327174,20.7723436908,2,True,PASS
Canon 500D,FL11,True,0.35,0.2,camera_rgb_wb,0.928107239336,0.0184878829079,0.0199199856701,50.200839326,2,True,PASS
Canon 500D,FL11,True,0.35,0.2,linear_srgb_unclipped,0.950273688846,0.0567134278496,0.0596811513518,16.755708919,2,True,PASS
Canon 500D,FL11,True,0.35,0.2,chromaticity,0.311182147012,0.0268427969721,0.0862607229556,11.5927616386,2,True,PASS
Canon 500D,FL11,True,0.35,0.35,camera_rgb_wb,0.885232459046,0.0153131258694,0.0172984233835,57.8087365437,2,True,PASS
Canon 500D,FL11,True,0.35,0.35,linear_srgb_unclipped,0.918184962532,0.0464631813795,0.0506032915758,19.7615603424,2,True,PASS
Canon 500D,FL11,True,0.35,0.35,chromaticity,0.309695654074,0.0232573815193,0.0750975391919,13.3160155547,2,True,PASS
Canon 500D,FL11,True,0.35,0.5,camera_rgb_wb,0.84889859148,0.0130091980616,0.0153247963798,65.2537218253,2,True,PASS
Canon 500D,FL11,True,0.35,0.5,linear_srgb_unclipped,0.890925856256,0.0390860686679,0.0438712923117,22.793949011,2,True,PASS
Canon 500D,FL11,True,0.35,0.5,chromaticity,0.308504307847,0.0205702632613,0.0666773939232,14.9975867556,2,True,PASS
Canon 500D,FL11,True,0.35,0.65,camera_rgb_wb,0.817369486584,0.011258653661,0.0137742524597,72.5992211141,2,True,PASS
Canon 500D,FL11,True,0.35,0.65,linear_srgb_unclipped,0.867192962174,0.0335243269586,0.0386584398409,25.867572621,2,True,PASS
Canon 500D,FL11,True,0.35,0.65,chromaticity,0.30748965819,0.0184662475717,0.0600548573905,16.651442422,2,True,PASS
Canon 500D,FL11,True,0.35,0.8,camera_rgb_wb,0.789536462616,0.00988305335824,0.0125175388677,79.8879085235,2,True,PASS
Canon 500D,FL11,True,0.35,0.8,linear_srgb_unclipped,0.846157245284,0.0291859830756,0.0344923868917,28.9919048844,2,True,PASS
Canon 500D,FL11,True,0.35,0.8,chromaticity,0.306589061915,0.0167651817573,0.0546829089483,18.2872495124,2,True,PASS
Canon 500D,FL11,True,0.5,0.2,camera_rgb_wb,0.634932106093,0.0135178239255,0.0212901880308,46.969993809,2,True,PASS
Canon 500D,FL11,True,0.5,0.2,linear_srgb_unclipped,0.685709417831,0.0405474286534,0.0591320865648,16.9112922965,2,True,PASS
Canon 500D,FL11,True,0.5,0.2,chromaticity,0.266873965052,0.0250113607914,0.093719748146,10.6701097664,2,True,PASS
Canon 500D,FL11,True,0.5,0.35,camera_rgb_wb,0.607366692838,0.0111514007283,0.0183602440828,54.4655068576,2,True,PASS
Canon 500D,FL11,True,0.5,0.35,linear_srgb_unclipped,0.666242357945,0.0331080641896,0.0496937245055,20.1232652604,2,True,PASS
Canon 500D,FL11,True,0.5,0.35,chromaticity,0.265244718197,0.0216184764574,0.0815038904612,12.2693529639,2,True,PASS
Canon 500D,FL11,True,0.5,0.5,camera_rgb_wb,0.58393179233,0.00943760077195,0.0161621629374,61.8729067314,2,True,PASS
Canon 500D,FL11,True,0.5,0.5,linear_srgb_unclipped,0.64950397967,0.0277704855914,0.0427564517858,23.38828313,2,True,PASS
Canon 500D,FL11,True,0.5,0.5,chromaticity,0.263931443266,0.0190781758437,0.072284588784,13.834207496,2,True,PASS
Canon 500D,FL11,True,0.5,0.65,camera_rgb_wb,0.563536934648,0.00813798355265,0.0144409053823,69.2477357568,2,True,PASS
Canon 500D,FL11,True,0.5,0.65,linear_srgb_unclipped,0.634769041168,0.0237570730945,0.0374263260395,26.7191601694,2,True,PASS
Canon 500D,FL11,True,0.5,0.65,chromaticity,0.262803409637,0.0170917786337,0.0650363656136,15.3760129516,2,True,PASS
Canon 500D,FL11,True,0.5,0.8,camera_rgb_wb,0.545485222123,0.00711868059875,0.0130501804816,76.6272927344,2,True,PASS
Canon 500D,FL11,True,0.5,0.8,linear_srgb_unclipped,0.621575758925,0.0206338184714,0.0331959832331,30.1241265541,2,True,PASS
Canon 500D,FL11,True,0.5,0.8,chromaticity,0.261793447783,0.0154882059225,0.0591619311089,16.9027613071,2,True,PASS
Canon 500D,FL11,True,0.65,0.2,camera_rgb_wb,0.446260872719,0.0100895508984,0.0226090870053,44.230003616,2,True,PASS
Canon 500D,FL11,True,0.65,0.2,linear_srgb_unclipped,0.513998868085,0.0288558700286,0.056139948588,17.8126276413,2,True,PASS
Canon 500D,FL11,True,0.65,0.2,chromaticity,0.231224032787,0.022267580572,0.0963030542438,10.3838866571,2,True,PASS
Canon 500D,FL11,True,0.65,0.35,camera_rgb_wb,0.428005686248,0.00830633016629,0.0194070556378,51.5276515235,2,True,PASS
Canon 500D,FL11,True,0.65,0.35,linear_srgb_unclipped,0.50123608995,0.0235034499165,0.0468909769025,21.326064545,2,True,PASS
Canon 500D,FL11,True,0.65,0.35,chromaticity,0.229218601313,0.0192337915324,0.0839102560712,11.9174943186,2,True,PASS
Canon 500D,FL11,True,0.65,0.5,camera_rgb_wb,0.412437614821,0.00701620673887,0.0170115588073,58.7835607146,2,True,PASS
Canon 500D,FL11,True,0.65,0.5,linear_srgb_unclipped,0.490127631685,0.0196730221905,0.0401385698717,24.9136928195,2,True,PASS
Canon 500D,FL11,True,0.65,0.5,chromaticity,0.227608248038,0.0169593267489,0.0745110376934,13.4208304025,2,True,PASS
Canon 500D,FL11,True,0.65,0.65,camera_rgb_wb,0.398851095381,0.00603884259004,0.0151405942217,66.0476058837,2,True,PASS
Canon 500D,FL11,True,0.65,0.65,linear_srgb_unclipped,0.480244026273,0.0167990881116,0.0349803166568,28.5875056481,2,True,PASS
Canon 500D,FL11,True,0.65,0.65,chromaticity,0.226231479722,0.0151799478467,0.067099184717,14.9033107365,2,True,PASS
Canon 500D,FL11,True,0.65,0.8,camera_rgb_wb,0.386794766889,0.00527303219774,0.0136326358295,73.3533861323,2,True,PASS
Canon 500D,FL11,True,0.65,0.8,linear_srgb_unclipped,0.471310749366,0.0145667717522,0.0309069372421,32.3551956043,2,True,PASS
Canon 500D,FL11,True,0.65,0.8,chromaticity,0.225005581853,0.0137434926423,0.0610806742175,16.3717904691,2,True,PASS
Canon 500D,FL11,True,0.8,0.2,camera_rgb_wb,0.319930828684,0.00755717320583,0.023621272251,42.3347222526,2,True,PASS
Canon 500D,FL11,True,0.8,0.2,linear_srgb_unclipped,0.39276178939,0.0204365480421,0.0520329334323,19.2185974158,2,True,PASS
Canon 500D,FL11,True,0.8,0.2,chromaticity,0.202758153716,0.0190873885258,0.0941386976359,10.6226241186,2,True,PASS
Canon 500D,FL11,True,0.8,0.35,camera_rgb_wb,0.307576590739,0.00621484461564,0.0202058440166,49.4906324713,2,True,PASS
Canon 500D,FL11,True,0.8,0.35,linear_srgb_unclipped,0.38394780161,0.0166173815466,0.0432803143473,23.1051926281,2,True,PASS
Canon 500D,FL11,True,0.8,0.35,chromaticity,0.200265437295,0.0164983163003,0.0823822449003,12.1385378756,2,True,PASS
Canon 500D,FL11,True,0.8,0.5,camera_rgb_wb,0.297007010098,0.00524439831896,0.0176574900277,56.6331906987,2,True,PASS
Canon 500D,FL11,True,0.8,0.5,linear_srgb_unclipped,0.376188789453,0.0138895438253,0.036921737741,27.0843156683,2,True,PASS
Canon 500D,FL11,True,0.8,0.5,chromaticity,0.19827751628,0.0145510199041,0.0733871402923,13.626365546,2,True,PASS
Canon 500D,FL11,True,0.8,0.65,camera_rgb_wb,0.287756352704,0.00450971597601,0.0156719944968,63.8080877455,2,True,PASS
Canon 500D,FL11,True,0.8,0.65,linear_srgb_unclipped,0.369219245948,0.0118462016478,0.0320844641167,31.167732656,2,True,PASS
Canon 500D,FL11,True,0.8,0.65,chromaticity,0.196592947011,0.0130246033913,0.0662516310442,15.0939680162,2,True,PASS
Canon 500D,FL11,True,0.8,0.8,camera_rgb_wb,0.279526267203,0.00393443157326,0.0140753554671,71.0461630856,2,True,PASS
Canon 500D,FL11,True,0.8,0.8,linear_srgb_unclipped,0.362868302336,0.0102612480115,0.0282781602731,35.3629794281,2,True,PASS
Canon 500D,FL11,True,0.8,0.8,chromaticity,0.195107653721,0.011790849647,0.0604325326152,16.5473786506,2,True,PASS
Canon 50D,FL11,True,0.2,0.2,camera_rgb_wb,1.40930355694,0.0279640075057,0.0198424302329,50.3970525919,2,True,PASS
Canon 50D,FL11,True,0.2,0.2,linear_srgb_unclipped,1.41200627315,0.0802184662359,0.0568116925268,17.6020103525,2,True,PASS
Canon 50D,FL11,True,0.2,0.2,chromaticity,0.370003767843,0.0287589727159,0.0777261617726,12.865680965,2,True,PASS
Canon 50D,FL11,True,0.2,0.35,camera_rgb_wb,1.34083083243,0.0232608068441,0.0173480548638,57.6433500961,2,True,PASS
Canon 50D,FL11,True,0.2,0.35,linear_srgb_unclipped,1.35421626801,0.065922911766,0.0486797517673,20.5424219248,2,True,PASS
Canon 50D,FL11,True,0.2,0.35,chromaticity,0.367868524564,0.0249725734454,0.0678845070395,14.7309016978,2,True,PASS
Canon 50D,FL11,True,0.2,0.5,camera_rgb_wb,1.28298300424,0.0198395679758,0.0154636249352,64.6678902387,2,True,PASS
Canon 50D,FL11,True,0.2,0.5,linear_srgb_unclipped,1.30563460002,0.0556065653633,0.042589684252,23.4798641399,2,True,PASS
Canon 50D,FL11,True,0.2,0.5,chromaticity,0.366148818606,0.0221296132459,0.0604388492366,16.545649241,2,True,PASS
Canon 50D,FL11,True,0.2,0.65,camera_rgb_wb,1.2329245415,0.0172345493346,0.013978592164,71.5379623549,2,True,PASS
Canon 50D,FL11,True,0.2,0.65,linear_srgb_unclipped,1.26375077552,0.0478114030627,0.0378329366745,26.4319951846,2,True,PASS
Canon 50D,FL11,True,0.2,0.65,chromaticity,0.364695426579,0.019899825533,0.0545656020962,18.3265640181,2,True,PASS
Canon 50D,FL11,True,0.2,0.8,camera_rgb_wb,1.18884558326,0.015183338097,0.0127714972497,78.2993552321,2,True,PASS
Canon 50D,FL11,True,0.2,0.8,linear_srgb_unclipped,1.22696821357,0.0417190107687,0.034001704614,29.4102902002,2,True,PASS
Canon 50D,FL11,True,0.2,0.8,chromaticity,0.363424808952,0.0180942298227,0.0497880975019,20.0851217495,2,True,PASS
Canon 50D,FL11,True,0.35,0.2,camera_rgb_wb,0.932165927667,0.0199124837465,0.0213615228314,46.8131419231,2,True,PASS
Canon 50D,FL11,True,0.35,0.2,linear_srgb_unclipped,0.953659980518,0.0576290247703,0.0604293206672,16.5482581793,2,True,PASS
Canon 50D,FL11,True,0.35,0.2,chromaticity,0.31437131974,0.0280433827275,0.0892046473916,11.2101782725,2,True,PASS
Canon 50D,FL11,True,0.35,0.35,camera_rgb_wb,0.889988165359,0.0164584332987,0.0184928675901,54.0749018577,2,True,PASS
Canon 50D,FL11,True,0.35,0.35,linear_srgb_unclipped,0.921989204839,0.0471611311166,0.0511515003312,19.5497686974,2,True,PASS
Canon 50D,FL11,True,0.35,0.35,chromaticity,0.312441266399,0.0242499014035,0.0776142719013,12.8842283191,2,True,PASS
Canon 50D,FL11,True,0.35,0.5,camera_rgb_wb,0.854212290918,0.0139554876351,0.0163372592311,61.2097773472,2,True,PASS
Canon 50D,FL11,True,0.35,0.5,linear_srgb_unclipped,0.895066689672,0.0396338142851,0.0442802918961,22.5834102979,2,True,PASS
Canon 50D,FL11,True,0.35,0.5,chromaticity,0.310872631379,0.0214107767821,0.0688731481028,14.5194466573,2,True,PASS
Canon 50D,FL11,True,0.35,0.65,camera_rgb_wb,0.823142331419,0.0120563829712,0.0146467779763,68.2744014839,2,True,PASS
Canon 50D,FL11,True,0.35,0.65,linear_srgb_unclipped,0.871610841437,0.0339635301659,0.0389663925128,25.6631403503,2,True,PASS
Canon 50D,FL11,True,0.35,0.65,chromaticity,0.30952698646,0.0191908896924,0.0620006995576,16.1288502732,2,True,PASS
Canon 50D,FL11,True,0.35,0.8,camera_rgb_wb,0.795694473468,0.0105660294337,0.0132790031677,75.3068575535,2,True,PASS
Canon 50D,FL11,True,0.35,0.8,linear_srgb_unclipped,0.850806657637,0.0295439975161,0.0347246900937,28.7979531941,2,True,PASS
Canon 50D,FL11,True,0.35,0.8,chromaticity,0.308330040137,0.0173986402603,0.0564286251596,17.721502113,2,True,PASS
Canon 50D,FL11,True,0.5,0.2,camera_rgb_wb,0.639700802241,0.014638318983,0.0228830711665,43.7004278282,2,True,PASS
Canon 50D,FL11,True,0.5,0.2,linear_srgb_unclipped,0.688732839651,0.0412146636395,0.0598412929756,16.7108688712,2,True,PASS
Canon 50D,FL11,True,0.5,0.2,chromaticity,0.268639345149,0.0259294212203,0.0965213089169,10.3604065384,2,True,PASS
Canon 50D,FL11,True,0.5,0.35,camera_rgb_wb,0.612629996267,0.0120561620393,0.0196793531378,50.8146783585,2,True,PASS
Canon 50D,FL11,True,0.5,0.35,linear_srgb_unclipped,0.669581683799,0.0336188933197,0.0502088007081,19.9168270482,2,True,PASS
Canon 50D,FL11,True,0.5,0.35,chromaticity,0.266587371242,0.0223711000029,0.0839165782636,11.9165964663,2,True,PASS
Canon 50D,FL11,True,0.5,0.5,camera_rgb_wb,0.58958553826,0.0101883993326,0.0172806126871,57.8683185665,2,True,PASS
Canon 50D,FL11,True,0.5,0.5,linear_srgb_unclipped,0.653092088885,0.028173651648,0.0431388652956,23.1809527939,2,True,PASS
Canon 50D,FL11,True,0.5,0.5,chromaticity,0.264919870794,0.0197101253865,0.0744003283988,13.4408008879,2,True,PASS
Canon 50D,FL11,True,0.5,0.65,camera_rgb_wb,0.569507544543,0.00877366710442,0.0154057082974,64.9110044597,2,True,PASS
Canon 50D,FL11,True,0.5,0.65,linear_srgb_unclipped,0.638557835132,0.0240825543123,0.0377139751286,26.5153698752,2,True,PASS
Canon 50D,FL11,True,0.5,0.65,chromaticity,0.26348473223,0.017632028677,0.0669185972476,14.9435290208,2,True,PASS
Canon 50D,FL11,True,0.5,0.8,camera_rgb_wb,0.551717970104,0.00766528905877,0.013893491737,71.9761467407,2,True,PASS
Canon 50D,FL11,True,0.5,0.8,linear_srgb_unclipped,0.625529139183,0.020901225039,0.03341367129,29.9278696831,2,True,PASS
Canon 50D,FL11,True,0.5,0.8,chromaticity,0.262202516667,0.0159565777725,0.0608559291321,16.4322526048,2,True,PASS
Canon 50D,FL11,True,0.65,0.2,camera_rgb_wb,0.451070858606,0.0109082253463,0.0241829529401,41.351442997,2,True,PASS
Canon 50D,FL11,True,0.65,0.2,linear_srgb_unclipped,0.516374593447,0.0293189719023,0.0567784942838,17.6123022037,2,True,PASS
Canon 50D,FL11,True,0.65,0.2,chromaticity,0.232103454404,0.0228966801043,0.0986485968644,10.1369916226,2,True,PASS
Canon 50D,FL11,True,0.65,0.35,camera_rgb_wb,0.433157268698,0.00896787412175,0.0207035060238,48.3009978527,2,True,PASS
Canon 50D,FL11,True,0.65,0.35,linear_srgb_unclipped,0.503851243461,0.0238584239706,0.0473521188649,21.1183791554,2,True,PASS
Canon 50D,FL11,True,0.65,0.35,chromaticity,0.229695375896,0.0197444821572,0.0859594237809,11.6333958049,2,True,PASS
Canon 50D,FL11,True,0.65,0.5,camera_rgb_wb,0.417854860222,0.00756572340262,0.0181061036327,55.2299942762,2,True,PASS
Canon 50D,FL11,True,0.65,0.5,linear_srgb_unclipped,0.492929644152,0.0199537921833,0.0404800003814,24.7035570795,2,True,PASS
Canon 50D,FL11,True,0.65,0.5,chromaticity,0.227753604153,0.0173835446414,0.0763261012097,13.1016779863,2,True,PASS
Canon 50D,FL11,True,0.65,0.65,camera_rgb_wb,0.404480671017,0.00650466011544,0.0160815103948,62.1832138557,2,True,PASS
Canon 50D,FL11,True,0.65,0.65,linear_srgb_unclipped,0.483195539938,0.0170264293534,0.0352371409628,28.379146908,2,True,PASS
Canon 50D,FL11,True,0.65,0.65,chromaticity,0.226093655782,0.015538563788,0.068726226458,14.5504860595,2,True,PASS
Canon 50D,FL11,True,0.65,0.8,camera_rgb_wb,0.392597224641,0.00567411691731,0.014452768795,69.1908944356,2,True,PASS
Canon 50D,FL11,True,0.65,0.8,linear_srgb_unclipped,0.474383938191,0.0147542266664,0.0311018680831,32.1524095378,2,True,PASS
Canon 50D,FL11,True,0.65,0.8,chromaticity,0.224619784948,0.0140508522203,0.0625539385303,15.9862036427,2,True,PASS
Canon 50D,FL11,True,0.8,0.2,camera_rgb_wb,0.32439522909,0.00813152080478,0.0250667089882,39.8935496666,2,True,PASS
Canon 50D,FL11,True,0.8,0.2,linear_srgb_unclipped,0.394525832057,0.0207493026594,0.0525930141284,19.0139321081,2,True,PASS
Canon 50D,FL11,True,0.8,0.2,chromaticity,0.203103193059,0.0194594429273,0.0958106203758,10.4372562883,2,True,PASS
Canon 50D,FL11,True,0.8,0.35,camera_rgb_wb,0.312273718096,0.00667846413144,0.0213865712816,46.7583132813,2,True,PASS
Canon 50D,FL11,True,0.8,0.35,linear_srgb_unclipped,0.385896120272,0.0168570404217,0.0436828450356,22.8922818371,2,True,PASS
Canon 50D,FL11,True,0.8,0.35,chromaticity,0.200231155605,0.0167952159312,0.0838791339958,11.9219161234,2,True,PASS
Canon 50D,FL11,True,0.8,0.5,camera_rgb_wb,0.301882177418,0.00562923575078,0.0186471284888,53.6275599003,2,True,PASS
Canon 50D,FL11,True,0.8,0.5,linear_srgb_unclipped,0.378280665791,0.0140791856616,0.037218887812,26.8680785157,2,True,PASS
Canon 50D,FL11,True,0.8,0.5,chromaticity,0.197936458199,0.0147928976073,0.0747355880868,13.3805062033,2,True,PASS
Canon 50D,FL11,True,0.8,0.65,camera_rgb_wb,0.292771349998,0.0048357948415,0.0165173089564,60.5425497968,2,True,PASS
Canon 50D,FL11,True,0.8,0.65,linear_srgb_unclipped,0.371425806637,0.0119999088287,0.0323076873342,30.9523857172,2,True,PASS
Canon 50D,FL11,True,0.8,0.65,chromaticity,0.195993658263,0.0132248135852,0.067475721931,14.820145252,2,True,PASS
Canon 50D,FL11,True,0.8,0.8,camera_rgb_wb,0.284652980193,0.00421513379168,0.014807973515,67.531185073,2,True,PASS
Canon 50D,FL11,True,0.8,0.8,linear_srgb_unclipped,0.365168090042,0.0103881725942,0.0284476461046,35.1522933154,2,True,PASS
Canon 50D,FL11,True,0.8,0.8,chromaticity,0.19428516338,0.0119586433397,0.0615520152525,16.2464217605,2,True,PASS
Canon 5DMarkII,FL11,True,0.2,0.2,camera_rgb_wb,1.4187620729,0.0353699041801,0.0249301167939,40.1121265603,2,True,PASS
Canon 5DMarkII,FL11,True,0.2,0.2,linear_srgb_unclipped,1.42360792194,0.082904302171,0.0582353475934,17.1717014035,2,True,PASS
Canon 5DMarkII,FL11,True,0.2,0.2,chromaticity,0.459373215703,0.036466016523,0.0793821130107,12.5972963187,2,True,PASS
Canon 5DMarkII,FL11,True,0.2,0.35,camera_rgb_wb,1.3496281138,0.0295598513823,0.0219022196411,45.6574729131,2,True,PASS
Canon 5DMarkII,FL11,True,0.2,0.35,linear_srgb_unclipped,1.36624647947,0.068145184478,0.0498776651958,20.0490539418,2,True,PASS
Canon 5DMarkII,FL11,True,0.2,0.35,chromaticity,0.45732228149,0.0316975987581,0.0693112932413,14.4276632744,2,True,PASS
Canon 5DMarkII,FL11,True,0.2,0.5,camera_rgb_wb,1.29120972744,0.0253213692085,0.0196105781039,50.9928873439,2,True,PASS
Canon 5DMarkII,FL11,True,0.2,0.5,linear_srgb_unclipped,1.31789816077,0.0574982570267,0.0436287558008,22.9206627978,2,True,PASS
Canon 5DMarkII,FL11,True,0.2,0.5,chromaticity,0.455664035864,0.0281170711847,0.0617057063355,16.2059566187,2,True,PASS
Canon 5DMarkII,FL11,True,0.2,0.65,camera_rgb_wb,1.24065418464,0.0220847452509,0.0178008872451,56.1769751267,2,True,PASS
Canon 5DMarkII,FL11,True,0.2,0.65,linear_srgb_unclipped,1.276124865,0.0494551455791,0.0387541587312,25.8036823077,2,True,PASS
Canon 5DMarkII,FL11,True,0.2,0.65,chromaticity,0.454259263085,0.0253074936079,0.0557115631193,17.9495950932,2,True,PASS
Canon 5DMarkII,FL11,True,0.2,0.8,camera_rgb_wb,1.19613776153,0.0195288447881,0.0163265849605,61.24979611,2,True,PASS
Canon 5DMarkII,FL11,True,0.2,0.8,linear_srgb_unclipped,1.23937173827,0.0431697728913,0.034831981042,28.7092485149,2,True,PASS
Canon 5DMarkII,FL11,True,0.2,0.8,chromaticity,0.453028874199,0.0230309365678,0.0508376791844,19.6704494785,2,True,PASS
Canon 5DMarkII,FL11,True,0.35,0.2,camera_rgb_wb,0.926651860065,0.0241114760322,0.0260199942085,38.4319839577,2,True,PASS
Canon 5DMarkII,FL11,True,0.35,0.2,linear_srgb_unclipped,0.958079068959,0.0592136479241,0.0618045522991,16.1800379228,2,True,PASS
Canon 5DMarkII,FL11,True,0.35,0.2,chromaticity,0.392083528099,0.0367089597619,0.0936253556479,10.6808673044,2,True,PASS
Canon 5DMarkII,FL11,True,0.35,0.35,camera_rgb_wb,0.884808019671,0.020020285548,0.0226266999201,44.1955744112,2,True,PASS
Canon 5DMarkII,FL11,True,0.35,0.35,linear_srgb_unclipped,0.92649861504,0.0484793350886,0.0523253184642,19.1112071431,2,True,PASS
Canon 5DMarkII,FL11,True,0.35,0.35,chromaticity,0.390233425329,0.0317656813692,0.0814017439494,12.2847490911,2,True,PASS
Canon 5DMarkII,FL11,True,0.35,0.5,camera_rgb_wb,0.849309702523,0.0170489210746,0.0200738564789,49.8160381415,2,True,PASS
Canon 5DMarkII,FL11,True,0.35,0.5,linear_srgb_unclipped,0.899614978743,0.0407611842435,0.0453095882201,22.0703837594,2,True,PASS
Canon 5DMarkII,FL11,True,0.35,0.5,chromaticity,0.38870835437,0.0280675805741,0.0722072995307,13.8490153558,2,True,PASS
Canon 5DMarkII,FL11,True,0.35,0.65,camera_rgb_wb,0.818478624326,0.0147891627645,0.0180690885809,55.3431345207,2,True,PASS
Canon 5DMarkII,FL11,True,0.35,0.65,linear_srgb_unclipped,0.876166400012,0.0349472788072,0.0398865772605,25.071090795,2,True,PASS
Canon 5DMarkII,FL11,True,0.35,0.65,chromaticity,0.387385107932,0.0251757527375,0.0649889534266,15.3872304026,2,True,PASS
Canon 5DMarkII,FL11,True,0.35,0.8,camera_rgb_wb,0.791241146169,0.0130115840175,0.0164445239994,60.8105166218,2,True,PASS
Canon 5DMarkII,FL11,True,0.35,0.8,linear_srgb_unclipped,0.855349153904,0.0304156350541,0.0355593209104,28.1220218609,2,True,PASS
Canon 5DMarkII,FL11,True,0.35,0.8,chromaticity,0.386196743828,0.0228401421451,0.0591412084905,16.9086839029,2,True,PASS
Canon 5DMarkII,FL11,True,0.5,0.2,camera_rgb_wb,0.632598282144,0.017056508259,0.0269626218414,37.088381311,2,True,PASS
Canon 5DMarkII,FL11,True,0.5,0.2,linear_srgb_unclipped,0.689895304458,0.0421860694723,0.0611485093459,16.3536284154,2,True,PASS
Canon 5DMarkII,FL11,True,0.5,0.2,chromaticity,0.334010871923,0.0351061759865,0.105104890102,9.51430517673,2,True,PASS
Canon 5DMarkII,FL11,True,0.5,0.35,camera_rgb_wb,0.606015876162,0.0140956955499,0.0232596143177,42.9929742747,2,True,PASS
Canon 5DMarkII,FL11,True,0.5,0.35,linear_srgb_unclipped,0.670792735901,0.034429369029,0.0513263891904,19.4831550743,2,True,PASS
Canon 5DMarkII,FL11,True,0.5,0.35,chromaticity,0.332043425061,0.0302933297325,0.091233035941,10.9609418308,2,True,PASS
Canon 5DMarkII,FL11,True,0.5,0.5,camera_rgb_wb,0.583383753901,0.0119509349834,0.020485546441,48.8149048346,2,True,PASS
Canon 5DMarkII,FL11,True,0.5,0.5,linear_srgb_unclipped,0.654335878495,0.0288682929205,0.0441184625042,22.6662477167,2,True,PASS
Canon 5DMarkII,FL11,True,0.5,0.5,chromaticity,0.330413089304,0.0266985857752,0.080803656512,12.3756775766,2,True,PASS
Canon 5DMarkII,FL11,True,0.5,0.65,camera_rgb_wb,0.563662885497,0.0103239571042,0.0183158362381,54.5975617494,2,True,PASS
Canon 5DMarkII,FL11,True,0.5,0.65,linear_srgb_unclipped,0.639823991485,0.0246897089687,0.0385882825547,25.9146024077,2,True,PASS
Canon 5DMarkII,FL11,True,0.5,0.65,chromaticity,0.328986893166,0.0238926421563,0.0726249058934,13.7693810092,2,True,PASS
Canon 5DMarkII,FL11,True,0.5,0.8,camera_rgb_wb,0.54618822189,0.00904732478906,0.0165644816685,60.37013533,2,True,PASS
Canon 5DMarkII,FL11,True,0.5,0.8,linear_srgb_unclipped,0.626810523344,0.0214398945677,0.0342047457233,29.2357092226,2,True,PASS
Canon 5DMarkII,FL11,True,0.5,0.8,chromaticity,0.32769510677,0.0216306207143,0.0660083726228,15.1495933056,2,True,PASS
Canon 5DMarkII,FL11,True,0.65,0.2,camera_rgb_wb,0.445890263375,0.012386703302,0.0277797124527,35.9974928359,2,True,PASS
Canon 5DMarkII,FL11,True,0.65,0.2,linear_srgb_unclipped,0.516424082288,0.0299477169802,0.0579905508037,17.2441886849,2,True,PASS
Canon 5DMarkII,FL11,True,0.65,0.2,chromaticity,0.286219578791,0.0320632360516,0.112023210246,8.92672150531,2,True,PASS
Canon 5DMarkII,FL11,True,0.65,0.35,camera_rgb_wb,0.428383053814,0.0102059421499,0.0238243367917,41.973886146,2,True,PASS
Canon 5DMarkII,FL11,True,0.65,0.35,linear_srgb_unclipped,0.503946566037,0.0243832484387,0.048384590911,20.6677370041,2,True,PASS
Canon 5DMarkII,FL11,True,0.65,0.35,chromaticity,0.283864006031,0.0276364565793,0.0973580869435,10.2713604118,2,True,PASS
Canon 5DMarkII,FL11,True,0.65,0.5,camera_rgb_wb,0.41342458051,0.00862872080335,0.0208713298873,47.9126153148,2,True,PASS
Canon 5DMarkII,FL11,True,0.65,0.5,linear_srgb_unclipped,0.493063006616,0.0204035586822,0.0413812401425,24.1655396638,2,True,PASS
Canon 5DMarkII,FL11,True,0.65,0.5,chromaticity,0.281930236138,0.0243277746737,0.0862900517765,11.5888214158,2,True,PASS
Canon 5DMarkII,FL11,True,0.65,0.65,camera_rgb_wb,0.400348388469,0.00743412651072,0.0185691430885,53.8527812099,2,True,PASS
Canon 5DMarkII,FL11,True,0.65,0.65,linear_srgb_unclipped,0.483361181034,0.0174193720637,0.0360380037687,27.7484848056,2,True,PASS
Canon 5DMarkII,FL11,True,0.65,0.65,chromaticity,0.280251401624,0.0217451793047,0.0775916879583,12.8879784203,2,True,PASS
Canon 5DMarkII,FL11,True,0.65,0.8,camera_rgb_wb,0.388727511319,0.00649821027389,0.0167166204724,59.8207036915,2,True,PASS
Canon 5DMarkII,FL11,True,0.65,0.8,linear_srgb_unclipped,0.474577436135,0.0151026108036,0.0318232803619,31.4235361228,2,True,PASS
Canon 5DMarkII,FL11,True,0.65,0.8,chromaticity,0.278741000748,0.0196640613169,0.0705459952576,14.1751490832,2,True,PASS
Canon 5DMarkII,FL11,True,0.8,0.2,camera_rgb_wb,0.321365615342,0.00909340522834,0.0282961362206,35.3405140618,2,True,PASS
Canon 5DMarkII,FL11,True,0.8,0.2,linear_srgb_unclipped,0.39432226753,0.0211756365216,0.0537013459936,18.6215071801,2,True,PASS
Canon 5DMarkII,FL11,True,0.8,0.2,chromaticity,0.247823560992,0.0281267867719,0.113495208685,8.81094463444,2,True,PASS
Canon 5DMarkII,FL11,True,0.8,0.35,camera_rgb_wb,0.309535055074,0.00747865337281,0.0241609253951,41.3891431576,2,True,PASS
Canon 5DMarkII,FL11,True,0.8,0.35,linear_srgb_unclipped,0.385732361232,0.0172125197447,0.0446229600485,22.4099880177,2,True,PASS
Canon 5DMarkII,FL11,True,0.8,0.35,chromaticity,0.244922433487,0.0242527188982,0.0990220395612,10.0987618962,2,True,PASS
Canon 5DMarkII,FL11,True,0.8,0.5,camera_rgb_wb,0.2993893243,0.00631211098606,0.0210832867899,47.4309347477,2,True,PASS
Canon 5DMarkII,FL11,True,0.8,0.5,linear_srgb_unclipped,0.378151316116,0.0143833952066,0.0380360839528,26.2908242931,2,True,PASS
Canon 5DMarkII,FL11,True,0.8,0.5,chromaticity,0.242573765176,0.0213489639932,0.0880101934258,11.3623202163,2,True,PASS
Canon 5DMarkII,FL11,True,0.8,0.65,camera_rgb_wb,0.290490955794,0.00542952706892,0.0186908644163,53.5020734047,2,True,PASS
Canon 5DMarkII,FL11,True,0.8,0.65,linear_srgb_unclipped,0.371326646417,0.0122652592301,0.0330309159024,30.2746676161,2,True,PASS
Canon 5DMarkII,FL11,True,0.8,0.65,chromaticity,0.24056168218,0.0190787530463,0.0793091936895,12.6088786619,2,True,PASS
Canon 5DMarkII,FL11,True,0.8,0.8,camera_rgb_wb,0.28255926269,0.00473878407864,0.0167709387175,59.6269545101,2,True,PASS
Canon 5DMarkII,FL11,True,0.8,0.8,linear_srgb_unclipped,0.365095740106,0.0106230307318,0.0290965617092,34.3683219342,2,True,PASS
Canon 5DMarkII,FL11,True,0.8,0.8,chromaticity,0.238773910303,0.0172476609137,0.0722342775717,13.8438430288,2,True,PASS
Canon 600D,FL11,True,0.2,0.2,camera_rgb_wb,1.41648386967,0.0329631534061,0.023271111032,42.9717342942,2,True,PASS
Canon 600D,FL11,True,0.2,0.2,linear_srgb_unclipped,1.42004763853,0.0819764474264,0.0577279558814,17.3226296468,2,True,PASS
Canon 600D,FL11,True,0.2,0.2,chromaticity,0.438783636641,0.0341152560116,0.0777496086061,12.8618010808,2,True,PASS
Canon 600D,FL11,True,0.2,0.35,camera_rgb_wb,1.34845597127,0.0274002821053,0.0203197454639,49.2132148889,2,True,PASS
Canon 600D,FL11,True,0.2,0.35,linear_srgb_unclipped,1.36270109822,0.0673442166369,0.0494196538956,20.2348644957,2,True,PASS
Canon 600D,FL11,True,0.2,0.35,chromaticity,0.436260290775,0.0295705150257,0.0677818166149,14.7532192252,2,True,PASS
Canon 600D,FL11,True,0.2,0.5,camera_rgb_wb,1.29097479687,0.0233591538997,0.0180941982418,55.2663338068,2,True,PASS
Canon 600D,FL11,True,0.2,0.5,linear_srgb_unclipped,1.31441545047,0.0567921291328,0.0432071375245,23.1443242319,2,True,PASS
Canon 600D,FL11,True,0.2,0.5,chromaticity,0.434196675563,0.0261644159625,0.0602593650183,16.594930924,2,True,PASS
Canon 600D,FL11,True,0.2,0.65,camera_rgb_wb,1.24122899869,0.0202855743885,0.0163431360449,61.1877669778,2,True,PASS
Canon 600D,FL11,True,0.2,0.65,linear_srgb_unclipped,1.27273045841,0.0488231790287,0.0383609732178,26.0681603233,2,True,PASS
Canon 600D,FL11,True,0.2,0.65,chromaticity,0.432430117443,0.0234970633129,0.0543372498008,18.4035814044,2,True,PASS
Canon 600D,FL11,True,0.2,0.8,camera_rgb_wb,1.19742225893,0.0178677235816,0.0149218234823,67.0159381784,2,True,PASS
Canon 600D,FL11,True,0.2,0.8,linear_srgb_unclipped,1.23607923405,0.0425977600135,0.0344619979368,29.0174702533,2,True,PASS
Canon 600D,FL11,True,0.2,0.8,chromaticity,0.430869315909,0.0213400752997,0.0495279531676,20.1906183487,2,True,PASS
Canon 600D,FL11,True,0.35,0.2,camera_rgb_wb,0.931656971887,0.023335268024,0.0250470599461,39.9248455569,2,True,PASS
Canon 600D,FL11,True,0.35,0.2,linear_srgb_unclipped,0.958073193402,0.0587027948219,0.0612717224802,16.3207424163,2,True,PASS
Canon 600D,FL11,True,0.35,0.2,chromaticity,0.374584846682,0.0335881939762,0.0896677862806,11.1522771051,2,True,PASS
Canon 600D,FL11,True,0.35,0.35,camera_rgb_wb,0.890484536987,0.0192752666495,0.021645818483,46.1982992598,2,True,PASS
Canon 600D,FL11,True,0.35,0.35,linear_srgb_unclipped,0.926571757293,0.0480339431602,0.0518404999744,19.2899374137,2,True,PASS
Canon 600D,FL11,True,0.35,0.35,chromaticity,0.372141992027,0.0289965990688,0.0779181056961,12.8339875702,2,True,PASS
Canon 600D,FL11,True,0.35,0.5,camera_rgb_wb,0.855537801801,0.0163367424866,0.0190952900646,52.3689347802,2,True,PASS
Canon 600D,FL11,True,0.35,0.5,linear_srgb_unclipped,0.899760856788,0.0403655629671,0.0448625461561,22.2903086356,2,True,PASS
Canon 600D,FL11,True,0.35,0.5,chromaticity,0.370121928357,0.0255661502017,0.0690749405613,14.4770301918,2,True,PASS
Canon 600D,FL11,True,0.35,0.65,camera_rgb_wb,0.825170239347,0.0141094407574,0.0170988240785,58.483553922,2,True,PASS
Canon 600D,FL11,True,0.35,0.65,linear_srgb_unclipped,0.87637808507,0.0345910756838,0.039470493698,25.3353810989,2,True,PASS
Canon 600D,FL11,True,0.35,0.65,chromaticity,0.368368296948,0.0228877836239,0.0621328811777,16.0945377237,2,True,PASS
Canon 600D,FL11,True,0.35,0.8,camera_rgb_wb,0.79832856297,0.0123631080893,0.0154862404564,64.5734516919,2,True,PASS
Canon 600D,FL11,True,0.35,0.8,linear_srgb_unclipped,0.855619913356,0.0300916259717,0.0351693847957,28.4338212286,2,True,PASS
Canon 600D,FL11,True,0.35,0.8,chromaticity,0.366796230125,0.0207280884844,0.0565111819099,17.6956129071,2,True,PASS
Canon 600D,FL11,True,0.5,0.2,camera_rgb_wb,0.639409341632,0.016979520104,0.0265550078775,37.6576804124,2,True,PASS
Canon 600D,FL11,True,0.5,0.2,linear_srgb_unclipped,0.690998602642,0.0418773501457,0.0606041025055,16.5005331101,2,True,PASS
Canon 600D,FL11,True,0.5,0.2,chromaticity,0.319673829445,0.0314245217133,0.0983018277345,10.1727508333,2,True,PASS
Canon 600D,FL11,True,0.5,0.35,camera_rgb_wb,0.613283231144,0.0139710447904,0.0227807382967,43.8967335903,2,True,PASS
Canon 600D,FL11,True,0.5,0.35,linear_srgb_unclipped,0.671937642381,0.0341594743696,0.0508372685426,19.670608368,2,True,PASS
Canon 600D,FL11,True,0.5,0.35,chromaticity,0.317046581719,0.0270672721122,0.0853731712401,11.713281649,2,True,PASS
Canon 600D,FL11,True,0.5,0.5,camera_rgb_wb,0.591013853428,0.0117978525093,0.0199620574727,50.0950366147,2,True,PASS
Canon 600D,FL11,True,0.5,0.5,linear_srgb_unclipped,0.655510063609,0.0286282732622,0.0436732780342,22.8972965853,2,True,PASS
Canon 600D,FL11,True,0.5,0.5,chromaticity,0.314876157149,0.0238148891199,0.0756325576871,13.2218191554,2,True,PASS
Canon 600D,FL11,True,0.5,0.65,camera_rgb_wb,0.571588522995,0.0101537456219,0.0177640824009,56.2933664363,2,True,PASS
Canon 600D,FL11,True,0.5,0.65,linear_srgb_unclipped,0.641018514472,0.0244735310425,0.0381791328799,26.1923182788,2,True,PASS
Canon 600D,FL11,True,0.5,0.65,chromaticity,0.312989244937,0.0212787395146,0.0679855294035,14.7090124733,2,True,PASS
Canon 600D,FL11,True,0.5,0.8,camera_rgb_wb,0.554358702421,0.00886704884894,0.015995146843,62.5189633965,2,True,PASS
Canon 600D,FL11,True,0.5,0.8,linear_srgb_unclipped,0.628018653207,0.0212432895516,0.033825889475,29.5631545991,2,True,PASS
Canon 600D,FL11,True,0.5,0.8,chromaticity,0.311293940208,0.0192366042213,0.0617956270156,16.1823748426,2,True,PASS
Canon 600D,FL11,True,0.65,0.2,camera_rgb_wb,0.452582701897,0.0125156944615,0.0276539390681,36.1612136896,2,True,PASS
Canon 600D,FL11,True,0.65,0.2,linear_srgb_unclipped,0.5175701163,0.0297406950744,0.0574621566002,17.4027579048,2,True,PASS
Canon 600D,FL11,True,0.65,0.2,chromaticity,0.274609951466,0.0281157021907,0.102384134445,9.76713829174,2,True,PASS
Canon 600D,FL11,True,0.65,0.35,camera_rgb_wb,0.43539507658,0.0102756939436,0.0236008501159,42.3713550609,2,True,PASS
Canon 600D,FL11,True,0.65,0.35,linear_srgb_unclipped,0.505102434435,0.024203268083,0.0479175439137,20.8691831493,2,True,PASS
Canon 600D,FL11,True,0.65,0.35,chromaticity,0.271589325691,0.0242028703448,0.0891156906967,11.2213684502,2,True,PASS
Canon 600D,FL11,True,0.65,0.5,camera_rgb_wb,0.420683589214,0.00865955467172,0.0205844841438,48.5802798368,2,True,PASS
Canon 600D,FL11,True,0.65,0.5,linear_srgb_unclipped,0.494220447292,0.0202443335808,0.0409621530062,24.4127792758,2,True,PASS
Canon 600D,FL11,True,0.65,0.5,chromaticity,0.269118318547,0.0212783181277,0.0790667771804,12.6475371283,2,True,PASS
Canon 600D,FL11,True,0.65,0.65,camera_rgb_wb,0.40780299235,0.00743827975764,0.0182398851827,54.8249065157,2,True,PASS
Canon 600D,FL11,True,0.65,0.65,linear_srgb_unclipped,0.48451473402,0.0172766587181,0.0356576539473,28.0444698206,2,True,PASS
Canon 600D,FL11,True,0.65,0.65,chromaticity,0.266987271395,0.0189966726118,0.0711519785667,14.0544229429,2,True,PASS
Canon 600D,FL11,True,0.65,0.8,camera_rgb_wb,0.396339459357,0.00648355148259,0.0163585818407,61.1299934027,2,True,PASS
Canon 600D,FL11,True,0.65,0.8,linear_srgb_unclipped,0.475723338861,0.0149734067692,0.0314750308553,31.7712158758,2,True,PASS
Canon 600D,FL11,True,0.65,0.8,chromaticity,0.265085859993,0.0171594123608,0.0647315264619,15.4484229657,2,True,PASS
Canon 600D,FL11,True,0.8,0.2,camera_rgb_wb,0.327347630103,0.00923581074049,0.0282140754695,35.443302088,2,True,PASS
Canon 600D,FL11,True,0.8,0.2,linear_srgb_unclipped,0.395202511465,0.0210273931799,0.0532066284242,18.7946507722,2,True,PASS
Canon 600D,FL11,True,0.8,0.2,chromaticity,0.23828443532,0.0242187975253,0.101638185024,9.83882189321,2,True,PASS
Canon 600D,FL11,True,0.8,0.35,camera_rgb_wb,0.31573760196,0.00757314527191,0.0239855665746,41.6917397757,2,True,PASS
Canon 600D,FL11,True,0.8,0.35,linear_srgb_unclipped,0.386607394097,0.0170848004774,0.0441916030016,22.6287333357,2,True,PASS
Canon 600D,FL11,True,0.8,0.35,chromaticity,0.234770464227,0.0208648370011,0.0888733472918,11.2519673274,2,True,PASS
Canon 600D,FL11,True,0.8,0.5,camera_rgb_wb,0.305757951828,0.00637467377749,0.0208487587629,47.9644861056,2,True,PASS
Canon 600D,FL11,True,0.8,0.5,linear_srgb_unclipped,0.379016815916,0.0142712723822,0.0376534015982,26.5580255051,2,True,PASS
Canon 600D,FL11,True,0.8,0.5,chromaticity,0.231930052596,0.0183498655269,0.0791181018649,12.6393325475,2,True,PASS
Canon 600D,FL11,True,0.8,0.65,camera_rgb_wb,0.296987494305,0.00546980072315,0.0184176129569,54.2958526896,2,True,PASS
Canon 600D,FL11,True,0.8,0.65,linear_srgb_unclipped,0.37217998254,0.0121654429891,0.0326869889833,30.5932125015,2,True,PASS
Canon 600D,FL11,True,0.8,0.65,chromaticity,0.229507431019,0.0163838535071,0.0713870284476,14.0081471627,2,True,PASS
Canon 600D,FL11,True,0.8,0.8,camera_rgb_wb,0.289155570377,0.00476298456119,0.0164720484374,60.7089035586,2,True,PASS
Canon 600D,FL11,True,0.8,0.8,linear_srgb_unclipped,0.365935268475,0.0105332116552,0.0287843576791,34.7410913646,2,True,PASS
Canon 600D,FL11,True,0.8,0.8,chromaticity,0.227367761663,0.0147987634974,0.0650873430303,15.3639702197,2,True,PASS
Canon 60D,FL11,True,0.2,0.2,camera_rgb_wb,1.41099744791,0.0335274947923,0.0237615559418,42.0847861331,2,True,PASS
Canon 60D,FL11,True,0.2,0.2,linear_srgb_unclipped,1.41518228613,0.0816588653107,0.0577020120383,17.3304182068,2,True,PASS
Canon 60D,FL11,True,0.2,0.2,chromaticity,0.440237494586,0.0348045313392,0.0790585349209,12.6488556991,2,True,PASS
Canon 60D,FL11,True,0.2,0.35,camera_rgb_wb,1.34287133617,0.0278649018238,0.0207502394855,48.1922148752,2,True,PASS
Canon 60D,FL11,True,0.2,0.35,linear_srgb_unclipped,1.35769273023,0.0670744990835,0.0494032983975,20.2415634672,2,True,PASS
Canon 60D,FL11,True,0.2,0.35,chromaticity,0.437460150096,0.0301759136398,0.0689797999501,14.4969976823,2,True,PASS
Canon 60D,FL11,True,0.2,0.5,camera_rgb_wb,1.2853566001,0.0237504923305,0.0184777456534,54.1191560247,2,True,PASS
Canon 60D,FL11,True,0.2,0.5,linear_srgb_unclipped,1.30934739847,0.0565566644398,0.0431945444774,23.1510717869,2,True,PASS
Canon 60D,FL11,True,0.2,0.5,chromaticity,0.435190408605,0.0267055123242,0.0613651215563,16.2959018843,2,True,PASS
Canon 60D,FL11,True,0.2,0.65,camera_rgb_wb,1.23561653603,0.0206206546371,0.0166885550944,59.9213050107,2,True,PASS
Canon 60D,FL11,True,0.2,0.65,linear_srgb_unclipped,1.26765334897,0.0486134014388,0.0383491287097,26.0762117328,2,True,PASS
Canon 60D,FL11,True,0.2,0.65,chromaticity,0.43325091412,0.0239868727563,0.0553648520397,18.0620007669,2,True,PASS
Canon 60D,FL11,True,0.2,0.8,camera_rgb_wb,1.19184053806,0.0181582264013,0.0152354495601,65.6363959631,2,True,PASS
Canon 60D,FL11,True,0.2,0.8,linear_srgb_unclipped,1.23102518753,0.0424079639533,0.0344493064667,29.0281605804,2,True,PASS
Canon 60D,FL11,True,0.2,0.8,chromaticity,0.431541547879,0.0217877673359,0.0504882263203,19.8065979513,2,True,PASS
Canon 60D,FL11,True,0.35,0.2,camera_rgb_wb,0.928580975627,0.0237784773488,0.0256073277107,39.0513220004,2,True,PASS
Canon 60D,FL11,True,0.35,0.2,linear_srgb_unclipped,0.955712597398,0.058515167268,0.061226740578,16.3327328968,2,True,PASS
Canon 60D,FL11,True,0.35,0.2,chromaticity,0.374470588816,0.0341899991367,0.091302228153,10.9526352229,2,True,PASS
Canon 60D,FL11,True,0.35,0.35,camera_rgb_wb,0.887409115757,0.0196407031271,0.0221326362085,45.1821459757,2,True,PASS
Canon 60D,FL11,True,0.35,0.35,linear_srgb_unclipped,0.924226094933,0.0478718226189,0.0517966576375,19.3062650297,2,True,PASS
Canon 60D,FL11,True,0.35,0.35,chromaticity,0.371860145774,0.0295198895588,0.0793843865612,12.596935535,2,True,PASS
Canon 60D,FL11,True,0.35,0.5,camera_rgb_wb,0.852484600959,0.0166453767918,0.0195257213715,51.2144970715,2,True,PASS
Canon 60D,FL11,True,0.35,0.5,linear_srgb_unclipped,0.897447563472,0.0402222293614,0.0448184729655,22.3122282807,2,True,PASS
Canon 60D,FL11,True,0.35,0.5,chromaticity,0.369706206644,0.0260298481756,0.0704068465928,14.2031641579,2,True,PASS
Canon 60D,FL11,True,0.35,0.65,camera_rgb_wb,0.82215153115,0.0143746309368,0.0174841624593,57.1946184056,2,True,PASS
Canon 60D,FL11,True,0.35,0.65,linear_srgb_unclipped,0.874106330443,0.0344621325503,0.0394255611132,25.3642553654,2,True,PASS
Canon 60D,FL11,True,0.35,0.65,chromaticity,0.367841409699,0.023304399801,0.0633544761045,15.7842043923,2,True,PASS
Canon 60D,FL11,True,0.35,0.8,camera_rgb_wb,0.795351499047,0.0125939497711,0.0158344452563,63.1534596771,2,True,PASS
Canon 60D,FL11,True,0.35,0.8,linear_srgb_unclipped,0.85339443771,0.0299740649088,0.0351233422487,28.4710946048,2,True,PASS
Canon 60D,FL11,True,0.35,0.8,chromaticity,0.366174508022,0.0211063806249,0.0576402238893,17.3489957624,2,True,PASS
Canon 60D,FL11,True,0.5,0.2,camera_rgb_wb,0.637906512466,0.0173160526332,0.0271451259625,36.8390259592,2,True,PASS
Canon 60D,FL11,True,0.5,0.2,linear_srgb_unclipped,0.690090836623,0.0417590403666,0.060512382067,16.5255434647,2,True,PASS
Canon 60D,FL11,True,0.5,0.2,chromaticity,0.318984653686,0.0318733491826,0.0999212620867,10.0078799959,2,True,PASS
Canon 60D,FL11,True,0.5,0.35,camera_rgb_wb,0.611784300532,0.0142492390463,0.023291279351,42.9345243311,2,True,PASS
Canon 60D,FL11,True,0.5,0.35,linear_srgb_unclipped,0.671048732887,0.034056321089,0.0507508909859,19.7040875652,2,True,PASS
Canon 60D,FL11,True,0.5,0.35,chromaticity,0.316239418868,0.0274558443792,0.0868198040506,11.5181093869,2,True,PASS
Canon 60D,FL11,True,0.5,0.5,camera_rgb_wb,0.589528884238,0.0120335820366,0.0204122009258,48.9903074949,2,True,PASS
Canon 60D,FL11,True,0.5,0.5,linear_srgb_unclipped,0.654643147307,0.0285366224198,0.0435911114891,22.9404565711,2,True,PASS
Canon 60D,FL11,True,0.5,0.5,chromaticity,0.31397737156,0.0241577306602,0.0769409927224,12.9969729349,2,True,PASS
Canon 60D,FL11,True,0.5,0.65,camera_rgb_wb,0.570123128238,0.0103570649589,0.0181663652041,55.0467850207,2,True,PASS
Canon 60D,FL11,True,0.5,0.65,linear_srgb_unclipped,0.64017473769,0.0243908711414,0.0381003337142,26.2464892696,2,True,PASS
Canon 60D,FL11,True,0.5,0.65,chromaticity,0.31201581421,0.0215855274096,0.0691808761818,14.4548617362,2,True,PASS
Canon 60D,FL11,True,0.5,0.8,camera_rgb_wb,0.552916080036,0.00904477511149,0.0163583144677,61.1309925587,2,True,PASS
Canon 60D,FL11,True,0.5,0.8,linear_srgb_unclipped,0.627198162145,0.0211678451138,0.033749851947,29.6297596082,2,True,PASS
Canon 60D,FL11,True,0.5,0.8,chromaticity,0.310257662883,0.0195141329117,0.0628965380914,15.8991262531,2,True,PASS
Canon 60D,FL11,True,0.65,0.2,camera_rgb_wb,0.451913696915,0.0127618203501,0.0282395077583,35.4113821161,2,True,PASS
Canon 60D,FL11,True,0.65,0.2,linear_srgb_unclipped,0.517284427788,0.0296581428114,0.0573343043366,17.441565073,2,True,PASS
Canon 60D,FL11,True,0.65,0.2,chromaticity,0.273971345816,0.0283853724311,0.103607084699,9.65184960957,2,True,PASS
Canon 60D,FL11,True,0.65,0.35,camera_rgb_wb,0.434722467107,0.010479291332,0.0241057045009,41.4839566279,2,True,PASS
Canon 60D,FL11,True,0.65,0.35,linear_srgb_unclipped,0.504823797192,0.0241313861517,0.047801601838,20.9198010432,2,True,PASS
Canon 60D,FL11,True,0.65,0.35,chromaticity,0.270853362904,0.0244371907896,0.0902229550617,11.0836538142,2,True,PASS
Canon 60D,FL11,True,0.65,0.5,camera_rgb_wb,0.420013720693,0.00883228594446,0.0210285652809,47.5543617286,2,True,PASS
Canon 60D,FL11,True,0.65,0.5,linear_srgb_unclipped,0.493949590142,0.0201806638715,0.0408557153893,24.4763796319,2,True,PASS
Canon 60D,FL11,True,0.65,0.5,chromaticity,0.268309341773,0.0214853582548,0.0800768177242,12.4880087449,2,True,PASS
Canon 60D,FL11,True,0.65,0.65,camera_rgb_wb,0.407139567592,0.00758750491448,0.0186361275554,53.6592163274,2,True,PASS
Canon 60D,FL11,True,0.65,0.65,linear_srgb_unclipped,0.484251849037,0.0172194640695,0.0355589020542,28.1223531164,2,True,PASS
Canon 60D,FL11,True,0.65,0.65,chromaticity,0.266120290276,0.0191820030283,0.0720801972989,13.8734359432,2,True,PASS
Canon 60D,FL11,True,0.65,0.8,camera_rgb_wb,0.395684719984,0.00661424568358,0.0167159492129,59.823105901,2,True,PASS
Canon 60D,FL11,True,0.65,0.8,linear_srgb_unclipped,0.475468348024,0.0149214366767,0.0313826077777,31.8647834203,2,True,PASS
Canon 60D,FL11,True,0.65,0.8,chromaticity,0.264170936151,0.0173270268296,0.0655902086809,15.2461780517,2,True,PASS
Canon 60D,FL11,True,0.8,0.2,camera_rgb_wb,0.32707490711,0.00941129918387,0.0287741400496,34.7534278445,2,True,PASS
Canon 60D,FL11,True,0.8,0.2,linear_srgb_unclipped,0.395137299379,0.0209655536359,0.0530589080526,18.8469766285,2,True,PASS
Canon 60D,FL11,True,0.8,0.2,chromaticity,0.238000976814,0.0243231029263,0.10219749201,9.78497593564,2,True,PASS
Canon 60D,FL11,True,0.8,0.35,camera_rgb_wb,0.315457931782,0.00771815981609,0.0244665264002,40.8721689236,2,True,PASS
Canon 60D,FL11,True,0.8,0.35,linear_srgb_unclipped,0.386543035939,0.0170313267108,0.0440606223041,22.696002637,2,True,PASS
Canon 60D,FL11,True,0.8,0.35,chromaticity,0.234394309963,0.0209577402358,0.0894123250648,11.1841404334,2,True,PASS
Canon 60D,FL11,True,0.8,0.5,camera_rgb_wb,0.305475779001,0.0064976361061,0.0212705443533,47.0133713266,2,True,PASS
Canon 60D,FL11,True,0.8,0.5,linear_srgb_unclipped,0.378953702297,0.0142242312571,0.0375355384335,26.6414188189,2,True,PASS
Canon 60D,FL11,True,0.8,0.5,chromaticity,0.231485988878,0.0184332093513,0.0796299138475,12.5580947119,2,True,PASS
Canon 60D,FL11,True,0.8,0.65,camera_rgb_wb,0.296705530036,0.00557601029037,0.0187930784091,53.2110800706,2,True,PASS
Canon 60D,FL11,True,0.8,0.65,linear_srgb_unclipped,0.372118313257,0.0121234685294,0.0325796073386,30.694047034,2,True,PASS
Canon 60D,FL11,True,0.8,0.65,chromaticity,0.22901040107,0.0164592110291,0.0718710196223,13.9138140137,2,True,PASS
Canon 60D,FL11,True,0.8,0.8,camera_rgb_wb,0.28887554607,0.00485601456189,0.0168100575765,59.4881960068,2,True,PASS
Canon 60D,FL11,True,0.8,0.8,linear_srgb_unclipped,0.365875131643,0.010495319453,0.0286855228609,34.8607904011,2,True,PASS
Canon 60D,FL11,True,0.8,0.8,chromaticity,0.226827576737,0.0148673937049,0.0655449126546,15.2567142056,2,True,PASS
Hasselblad H2,FL11,True,0.2,0.2,camera_rgb_wb,1.41905929654,0.0514243977171,0.0362383713228,27.5950591458,2,True,PASS
Hasselblad H2,FL11,True,0.2,0.2,linear_srgb_unclipped,1.44625362126,0.0948434772904,0.0655787310718,15.2488464424,2,True,PASS
Hasselblad H2,FL11,True,0.2,0.2,chromaticity,0.442230282005,0.0498126816908,0.112639689587,8.87786537472,2,True,PASS
Hasselblad H2,FL11,True,0.2,0.35,camera_rgb_wb,1.35302128264,0.0423925614256,0.0313317772379,31.916478673,2,True,PASS
Hasselblad H2,FL11,True,0.2,0.35,linear_srgb_unclipped,1.39202757149,0.0775260302082,0.0556928841036,17.9556152657,2,True,PASS
Hasselblad H2,FL11,True,0.2,0.35,chromaticity,0.440193398015,0.0429150857039,0.0974914342138,10.2573114045,2,True,PASS
Hasselblad H2,FL11,True,0.2,0.5,camera_rgb_wb,1.29728375192,0.0358547599891,0.0276383327364,36.1816325731,2,True,PASS
Hasselblad H2,FL11,True,0.2,0.5,linear_srgb_unclipped,1.34628570403,0.0650904694052,0.0483481843494,20.683299972,2,True,PASS
Hasselblad H2,FL11,True,0.2,0.5,chromaticity,0.438578742959,0.0377679594391,0.0861144322322,11.6124553583,2,True,PASS
Hasselblad H2,FL11,True,0.2,0.65,camera_rgb_wb,1.24908492861,0.030900286349,0.0247383389562,40.4230858738,2,True,PASS
Hasselblad H2,FL11,True,0.2,0.65,linear_srgb_unclipped,1.30671449094,0.0557360953332,0.0426536138686,23.4446723103,2,True,PASS
Hasselblad H2,FL11,True,0.2,0.65,chromaticity,0.437211652029,0.0337543218397,0.077203619078,12.95276066,2,True,PASS
Hasselblad H2,FL11,True,0.2,0.8,camera_rgb_wb,1.20666415781,0.0270172586091,0.022390039875,44.66271635,2,True,PASS
Hasselblad H2,FL11,True,0.2,0.8,linear_srgb_unclipped,1.27184315486,0.0484553252515,0.0380985069318,26.2477477606,2,True,PASS
Hasselblad H2,FL11,True,0.2,0.8,chromaticity,0.436001009178,0.0305220031121,0.0700044322595,14.2848098002,2,True,PASS
Hasselblad H2,FL11,True,0.35,0.2,camera_rgb_wb,0.941878495297,0.0370263165555,0.0393111391124,25.4380825023,2,True,PASS
Hasselblad H2,FL11,True,0.35,0.2,linear_srgb_unclipped,0.975753930366,0.0672360302086,0.0689067480194,14.5123667673,2,True,PASS
Hasselblad H2,FL11,True,0.35,0.2,chromaticity,0.385494083491,0.0468913178602,0.121639526697,8.22101192891,2,True,PASS
Hasselblad H2,FL11,True,0.35,0.35,camera_rgb_wb,0.902042588166,0.0304346877943,0.0337397459871,29.6386345167,2,True,PASS
Hasselblad H2,FL11,True,0.35,0.35,linear_srgb_unclipped,0.946531266461,0.0547886757694,0.0578836407319,17.2760383997,2,True,PASS
Hasselblad H2,FL11,True,0.35,0.35,chromaticity,0.383014039637,0.040306110832,0.105234029724,9.50262954504,2,True,PASS
Hasselblad H2,FL11,True,0.35,0.5,camera_rgb_wb,0.868268008824,0.0256706837597,0.0295653916749,33.8233300271,2,True,PASS
Hasselblad H2,FL11,True,0.35,0.5,linear_srgb_unclipped,0.921572163615,0.0458753576311,0.0497794523775,20.0886099031,2,True,PASS
Hasselblad H2,FL11,True,0.35,0.5,chromaticity,0.381027930477,0.035395648356,0.0928951541997,10.764824157,2,True,PASS
Hasselblad H2,FL11,True,0.35,0.65,camera_rgb_wb,0.838939284453,0.0220660715841,0.0263023462997,38.0194218647,2,True,PASS
Hasselblad H2,FL11,True,0.35,0.65,linear_srgb_unclipped,0.899722944465,0.0391870175783,0.0435545384492,22.9597198273,2,True,PASS
Hasselblad H2,FL11,True,0.35,0.65,chromaticity,0.379327884162,0.031571225117,0.0832293813222,12.0149877857,2,True,PASS
Hasselblad H2,FL11,True,0.35,0.8,camera_rgb_wb,0.813026087916,0.0192453852951,0.023671301058,42.2452486896,2,True,PASS
Hasselblad H2,FL11,True,0.35,0.8,linear_srgb_unclipped,0.880251825782,0.0339926829099,0.0386169979025,25.8953324783,2,True,PASS
Hasselblad H2,FL11,True,0.35,0.8,chromaticity,0.377808273533,0.0284957276254,0.0754237787301,13.2584181917,2,True,PASS
Hasselblad H2,FL11,True,0.5,0.2,camera_rgb_wb,0.651535205475,0.0269108118954,0.041303695747,24.2109085377,2,True,PASS
Hasselblad H2,FL11,True,0.5,0.2,linear_srgb_unclipped,0.703281928893,0.0475042412347,0.0675465119792,14.8046134537,2,True,PASS
Hasselblad H2,FL11,True,0.5,0.2,chromaticity,0.338474792587,0.0420862145323,0.124340764672,8.04241475143,2,True,PASS
Hasselblad H2,FL11,True,0.5,0.35,camera_rgb_wb,0.626437485728,0.0220698211031,0.0352306839962,28.3843481468,2,True,PASS
Hasselblad H2,FL11,True,0.5,0.35,linear_srgb_unclipped,0.685862130479,0.0386077045088,0.0562907657284,17.764903125,2,True,PASS
Hasselblad H2,FL11,True,0.5,0.35,chromaticity,0.335187438008,0.0361625726421,0.107887613143,9.26890465802,2,True,PASS
Hasselblad H2,FL11,True,0.5,0.5,camera_rgb_wb,0.605057823647,0.0185763928469,0.0307018471968,32.5713301089,2,True,PASS
Hasselblad H2,FL11,True,0.5,0.5,linear_srgb_unclipped,0.670764346371,0.0322538079296,0.0480851555455,20.7964389146,2,True,PASS
Hasselblad H2,FL11,True,0.5,0.5,chromaticity,0.332564407084,0.031736806968,0.0954305580873,10.4788237651,2,True,PASS
Hasselblad H2,FL11,True,0.5,0.65,camera_rgb_wb,0.586411579845,0.0159370245492,0.0271771995932,36.7955497611,2,True,PASS
Hasselblad H2,FL11,True,0.5,0.65,linear_srgb_unclipped,0.657371091464,0.027496707241,0.0418282878546,23.9072659028,2,True,PASS
Hasselblad H2,FL11,True,0.5,0.65,chromaticity,0.330332166991,0.0282869251245,0.085631760849,11.6779100428,2,True,PASS
Hasselblad H2,FL11,True,0.5,0.8,camera_rgb_wb,0.569870347076,0.0138745765262,0.0243469003036,41.0729902998,2,True,PASS
Hasselblad H2,FL11,True,0.5,0.8,linear_srgb_unclipped,0.645290808494,0.0238094297436,0.0368972088711,27.1023210317,2,True,PASS
Hasselblad H2,FL11,True,0.5,0.8,chromaticity,0.328351586101,0.0255119152696,0.0776969454376,12.8705188392,2,True,PASS
Hasselblad H2,FL11,True,0.65,0.2,camera_rgb_wb,0.464323232656,0.0195833157785,0.042176041174,23.7101437728,2,True,PASS
Hasselblad H2,FL11,True,0.65,0.2,linear_srgb_unclipped,0.52619950015,0.0334459845556,0.0635614145321,15.732815378,2,True,PASS
Hasselblad H2,FL11,True,0.65,0.2,chromaticity,0.300084516314,0.0362925696513,0.120941160501,8.2684835821,2,True,PASS
Hasselblad H2,FL11,True,0.65,0.35,camera_rgb_wb,0.447977913427,0.0160300004941,0.0357830152194,27.9462195644,2,True,PASS
Hasselblad H2,FL11,True,0.65,0.35,linear_srgb_unclipped,0.514928301253,0.0271253932357,0.052678000354,18.98325664,2,True,PASS
Hasselblad H2,FL11,True,0.65,0.35,chromaticity,0.295825721463,0.0312199757045,0.105535027685,9.47552695949,2,True,PASS
Hasselblad H2,FL11,True,0.65,0.5,camera_rgb_wb,0.433981288905,0.0134700006175,0.0310382059362,32.2183570164,2,True,PASS
Hasselblad H2,FL11,True,0.65,0.5,linear_srgb_unclipped,0.505013587097,0.022621449044,0.04479374342,22.3245463239,2,True,PASS
Hasselblad H2,FL11,True,0.65,0.5,chromaticity,0.292451721328,0.0274147253859,0.0937410293278,10.6676874275,2,True,PASS
Hasselblad H2,FL11,True,0.65,0.65,camera_rgb_wb,0.421716498488,0.0115387587664,0.0273614117725,36.5478217395,2,True,PASS
Hasselblad H2,FL11,True,0.65,0.65,linear_srgb_unclipped,0.496105237504,0.0192557758321,0.0388138934574,25.7639703447,2,True,PASS
Hasselblad H2,FL11,True,0.65,0.65,chromaticity,0.289608195641,0.0244410888368,0.0843936366603,11.8492346055,2,True,PASS
Hasselblad H2,FL11,True,0.65,0.8,camera_rgb_wb,0.410789308847,0.0100317378321,0.0244206400119,40.9489677385,2,True,PASS
Hasselblad H2,FL11,True,0.65,0.8,linear_srgb_unclipped,0.487980460196,0.0166512255945,0.0341227302171,29.3059785556,2,True,PASS
Hasselblad H2,FL11,True,0.65,0.8,chromaticity,0.287112844527,0.0220452984716,0.0767826967403,13.0237676254,2,True,PASS
Hasselblad H2,FL11,True,0.8,0.2,camera_rgb_wb,0.337938458983,0.0142021272629,0.0420257797991,23.7949183758,2,True,PASS
Hasselblad H2,FL11,True,0.8,0.2,linear_srgb_unclipped,0.40132650634,0.0234727056329,0.0584878029787,17.097581873,2,True,PASS
Hasselblad H2,FL11,True,0.8,0.2,chromaticity,0.268527770503,0.0303132051061,0.112886667362,8.85844204078,2,True,PASS
Hasselblad H2,FL11,True,0.8,0.35,camera_rgb_wb,0.327021617975,0.0116061976986,0.035490613038,28.1764645465,2,True,PASS
Hasselblad H2,FL11,True,0.8,0.35,linear_srgb_unclipped,0.393617682432,0.0190072090848,0.0482885041325,20.7088626572,2,True,PASS
Hasselblad H2,FL11,True,0.8,0.35,chromaticity,0.263321904223,0.0261304101719,0.0992337126265,10.0772204681,2,True,PASS
Hasselblad H2,FL11,True,0.8,0.5,camera_rgb_wb,0.317619584981,0.00973908853524,0.0306627456107,32.6128655502,2,True,PASS
Hasselblad H2,FL11,True,0.8,0.5,linear_srgb_unclipped,0.386742297692,0.0158308632721,0.0409338812086,24.4296404464,2,True,PASS
Hasselblad H2,FL11,True,0.8,0.5,chromaticity,0.259222387781,0.0229762967785,0.0886354646106,11.2821657154,2,True,PASS
Hasselblad H2,FL11,True,0.8,0.65,camera_rgb_wb,0.309338846801,0.00833264822151,0.0269369602546,37.1237136836,2,True,PASS
Hasselblad H2,FL11,True,0.8,0.65,linear_srgb_unclipped,0.380494181671,0.0134607764535,0.0353770888016,28.266882151,2,True,PASS
Hasselblad H2,FL11,True,0.8,0.65,chromaticity,0.255796530066,0.0205028887674,0.0801531152986,12.4761214368,2,True,PASS
Hasselblad H2,FL11,True,0.8,0.8,camera_rgb_wb,0.301927332733,0.00723660872262,0.0239680477323,41.7222133054,2,True,PASS
Hasselblad H2,FL11,True,0.8,0.8,linear_srgb_unclipped,0.37474113805,0.0116289574483,0.031031974522,32.2248266635,2,True,PASS
Hasselblad H2,FL11,True,0.8,0.8,chromaticity,0.252818834874,0.0185052321923,0.0731956232674,13.6620190574,2,True,PASS
Nikon D3X,FL11,True,0.2,0.2,camera_rgb_wb,1.41353520412,0.0447850782862,0.0316830300057,31.5626377849,2,True,PASS
Nikon D3X,FL11,True,0.2,0.2,linear_srgb_unclipped,1.42485141268,0.0861999121077,0.060497474572,16.5296156092,2,True,PASS
Nikon D3X,FL11,True,0.2,0.2,chromaticity,0.494883838085,0.0459173167948,0.092784029829,10.7777168317,2,True,PASS
Nikon D3X,FL11,True,0.2,0.35,camera_rgb_wb,1.34648470069,0.0369205760662,0.0274199744322,36.4697641303,2,True,PASS
Nikon D3X,FL11,True,0.2,0.35,linear_srgb_unclipped,1.36845714209,0.0705263586022,0.0515371336325,19.403485012,2,True,PASS
Nikon D3X,FL11,True,0.2,0.35,chromaticity,0.491705909249,0.0395669100326,0.0804686486135,12.4272001237,2,True,PASS
Nikon D3X,FL11,True,0.2,0.5,camera_rgb_wb,1.28994512557,0.0312467866221,0.0242233456313,41.2824890179,2,True,PASS
Nikon D3X,FL11,True,0.2,0.5,linear_srgb_unclipped,1.32099357982,0.0592818114174,0.044876683977,22.2832863612,2,True,PASS
Nikon D3X,FL11,True,0.2,0.5,chromaticity,0.489080940479,0.0348358529172,0.0712271733244,14.039585643,2,True,PASS
Nikon D3X,FL11,True,0.2,0.65,camera_rgb_wb,1.24109611361,0.0269565730839,0.021719972199,46.0405745845,2,True,PASS
Nikon D3X,FL11,True,0.2,0.65,linear_srgb_unclipped,1.28002178958,0.0508245607582,0.0397060121726,25.1851028417,2,True,PASS
Nikon D3X,FL11,True,0.2,0.65,chromaticity,0.486809148917,0.0311493214841,0.0639867216,15.6282424696,2,True,PASS
Nikon D3X,FL11,True,0.2,0.8,camera_rgb_wb,1.19813849027,0.0235991154924,0.0196964839074,50.7704829299,2,True,PASS
Nikon D3X,FL11,True,0.2,0.8,linear_srgb_unclipped,1.24399180033,0.0442399355102,0.0355628835322,28.1192046504,2,True,PASS
Nikon D3X,FL11,True,0.2,0.8,chromaticity,0.484780821733,0.0281809901728,0.0581314047698,17.2024055493,2,True,PASS
Nikon D3X,FL11,True,0.35,0.2,camera_rgb_wb,0.926270060759,0.0318768198525,0.0344141748751,29.057793878,2,True,PASS
Nikon D3X,FL11,True,0.35,0.2,linear_srgb_unclipped,0.962879704021,0.0610197866662,0.0633721807733,15.7797946638,2,True,PASS
Nikon D3X,FL11,True,0.35,0.2,chromaticity,0.426221625524,0.0442935322279,0.103921362914,9.62266055756,2,True,PASS
Nikon D3X,FL11,True,0.35,0.35,camera_rgb_wb,0.886745615549,0.0261631544626,0.0295046899628,33.8929167282,2,True,PASS
Nikon D3X,FL11,True,0.35,0.35,linear_srgb_unclipped,0.932093711793,0.0497453493424,0.053369472096,18.7373035694,2,True,PASS
Nikon D3X,FL11,True,0.35,0.35,chromaticity,0.422708581828,0.0380404293478,0.0899920914389,11.1120875625,2,True,PASS
Nikon D3X,FL11,True,0.35,0.5,camera_rgb_wb,0.853228534232,0.0220516238885,0.0258449207964,38.692322096,2,True,PASS
Nikon D3X,FL11,True,0.35,0.5,linear_srgb_unclipped,0.90586335839,0.0416815351445,0.0460130490526,21.7329653346,2,True,PASS
Nikon D3X,FL11,True,0.35,0.5,chromaticity,0.419791530304,0.0333923404978,0.0795450553126,12.5714916668,2,True,PASS
Nikon D3X,FL11,True,0.35,0.65,camera_rgb_wb,0.824121484317,0.0189501306309,0.0229943412367,43.4889605971,2,True,PASS
Nikon D3X,FL11,True,0.35,0.65,linear_srgb_unclipped,0.882958360383,0.0356327025687,0.0403560396135,24.7794384577,2,True,PASS
Nikon D3X,FL11,True,0.35,0.65,chromaticity,0.417251294021,0.029779018324,0.0713695050219,14.011586597,2,True,PASS
Nikon D3X,FL11,True,0.35,0.8,camera_rgb_wb,0.798404005137,0.0165284826679,0.0207019034995,48.3047368096,2,True,PASS
Nikon D3X,FL11,True,0.35,0.8,linear_srgb_unclipped,0.862596993415,0.0309343486579,0.0358618785993,27.884763405,2,True,PASS
Nikon D3X,FL11,True,0.35,0.8,chromaticity,0.414970004562,0.0268764917183,0.0647673119089,15.4398873525,2,True,PASS
Nikon D3X,FL11,True,0.5,0.2,camera_rgb_wb,0.637280619151,0.0229717497132,0.0360465217722,27.7419276767,2,True,PASS
Nikon D3X,FL11,True,0.5,0.2,linear_srgb_unclipped,0.695243210242,0.0430633399894,0.0619399648281,16.1446652864,2,True,PASS
Nikon D3X,FL11,True,0.5,0.2,chromaticity,0.366046994851,0.0406020054385,0.110920198799,9.01549051327,2,True,PASS
Nikon D3X,FL11,True,0.5,0.35,camera_rgb_wb,0.612696502058,0.0187970872219,0.0306792794781,32.5952896226,2,True,PASS
Nikon D3X,FL11,True,0.5,0.35,linear_srgb_unclipped,0.676638638934,0.0350038378992,0.0517319524559,19.3304128788,2,True,PASS
Nikon D3X,FL11,True,0.5,0.35,chromaticity,0.36203851815,0.034817573843,0.0961709102693,10.3981546728,2,True,PASS
Nikon D3X,FL11,True,0.5,0.5,camera_rgb_wb,0.591728242169,0.0157985233131,0.0266989509495,37.4546551245,2,True,PASS
Nikon D3X,FL11,True,0.5,0.5,linear_srgb_unclipped,0.660561792825,0.0292551855544,0.044288340428,22.5793062087,2,True,PASS
Nikon D3X,FL11,True,0.5,0.5,chromaticity,0.358732731778,0.0305173577894,0.0850699004748,11.7550390258,2,True,PASS
Nikon D3X,FL11,True,0.5,0.65,camera_rgb_wb,0.573423646305,0.0135404766466,0.0236133907869,42.3488523536,2,True,PASS
Nikon D3X,FL11,True,0.5,0.65,linear_srgb_unclipped,0.646344324109,0.0249530910538,0.038606498306,25.9023750891,2,True,PASS
Nikon D3X,FL11,True,0.5,0.65,chromaticity,0.355868161109,0.0271761302419,0.0763657253214,13.0948798796,2,True,PASS
Nikon D3X,FL11,True,0.5,0.8,camera_rgb_wb,0.557173380716,0.0117802747699,0.0211429245862,47.2971464248,2,True,PASS
Nikon D3X,FL11,True,0.5,0.8,linear_srgb_unclipped,0.633560554385,0.0216183313677,0.0341219654823,29.3066353555,2,True,PASS
Nikon D3X,FL11,True,0.5,0.8,chromaticity,0.353305971602,0.0244943414758,0.0693289767074,14.4239832678,2,True,PASS
Nikon D3X,FL11,True,0.65,0.2,camera_rgb_wb,0.453962629741,0.0166208197412,0.0366127488307,27.3128905077,2,True,PASS
Nikon D3X,FL11,True,0.65,0.2,linear_srgb_unclipped,0.520919165224,0.0302836787883,0.0581350827729,17.2013172133,2,True,PASS
Nikon D3X,FL11,True,0.65,0.2,chromaticity,0.31594427855,0.0355905313513,0.112648127431,8.8772003832,2,True,PASS
Nikon D3X,FL11,True,0.65,0.35,camera_rgb_wb,0.437995264562,0.0135720098449,0.0309866588591,32.271953054,2,True,PASS
Nikon D3X,FL11,True,0.65,0.35,linear_srgb_unclipped,0.508716042203,0.0245610577332,0.04828048596,20.7123018776,2,True,PASS
Nikon D3X,FL11,True,0.65,0.35,chromaticity,0.311316334195,0.0305253198044,0.0980524195214,10.198626458,2,True,PASS
Nikon D3X,FL11,True,0.65,0.5,camera_rgb_wb,0.424295464267,0.0113854328305,0.02683373684,37.2665203494,2,True,PASS
Nikon D3X,FL11,True,0.65,0.5,linear_srgb_unclipped,0.498025476302,0.0204885017776,0.0411394652532,24.3075595136,2,True,PASS
Nikon D3X,FL11,True,0.65,0.5,chromaticity,0.307545973094,0.0267508188557,0.086981528604,11.4966937929,2,True,PASS
Nikon D3X,FL11,True,0.65,0.65,camera_rgb_wb,0.412272781236,0.00974113825851,0.02362789566,42.3228549165,2,True,PASS
Nikon D3X,FL11,True,0.65,0.65,linear_srgb_unclipped,0.48845993054,0.0174465723119,0.0357175097097,27.9974726158,2,True,PASS
Nikon D3X,FL11,True,0.65,0.65,chromaticity,0.304312716133,0.0238143250821,0.0782560958501,12.7785572374,2,True,PASS
Nikon D3X,FL11,True,0.65,0.8,camera_rgb_wb,0.401548483361,0.00846102630562,0.021070995549,47.4586024032,2,True,PASS
Nikon D3X,FL11,True,0.65,0.8,linear_srgb_unclipped,0.479771097982,0.0150925180824,0.0314577475505,31.7886714042,2,True,PASS
Nikon D3X,FL11,True,0.65,0.8,chromaticity,0.301446985211,0.0214558524013,0.0711762049512,14.0496392114,2,True,PASS
Nikon D3X,FL11,True,0.8,0.2,camera_rgb_wb,0.331073164356,0.0120025771354,0.0362535488455,27.5835064937,2,True,PASS
Nikon D3X,FL11,True,0.8,0.2,linear_srgb_unclipped,0.397629693465,0.0212233101751,0.0533745606123,18.7355172301,2,True,PASS
Nikon D3X,FL11,True,0.8,0.2,chromaticity,0.275115526131,0.0300483758972,0.109220938272,9.15575361117,2,True,PASS
Nikon D3X,FL11,True,0.8,0.35,camera_rgb_wb,0.320357841847,0.00978628893491,0.0305479924527,32.7353753786,2,True,PASS
Nikon D3X,FL11,True,0.8,0.35,linear_srgb_unclipped,0.38917791702,0.0171853597041,0.0441581059781,22.6458988186,2,True,PASS
Nikon D3X,FL11,True,0.8,0.35,chromaticity,0.269851067251,0.025809599503,0.0956438666927,10.455453492,2,True,PASS
Nikon D3X,FL11,True,0.8,0.5,camera_rgb_wb,0.311108718808,0.00819891353839,0.0263538533083,37.9451152096,2,True,PASS
Nikon D3X,FL11,True,0.8,0.5,linear_srgb_unclipped,0.381682800017,0.0143166981346,0.0375094139268,26.6599739988,2,True,PASS
Nikon D3X,FL11,True,0.8,0.5,chromaticity,0.265613544342,0.02263800305,0.085229098938,11.7330819223,2,True,PASS
Nikon D3X,FL11,True,0.8,0.65,camera_rgb_wb,0.302949065335,0.00700664602015,0.0231281321578,43.23738697,2,True,PASS
Nikon D3X,FL11,True,0.8,0.65,linear_srgb_unclipped,0.374908858003,0.0121771060737,0.0324801770185,30.7880095429,2,True,PASS
Nikon D3X,FL11,True,0.8,0.65,chromaticity,0.262019601219,0.0201640230425,0.0769561626256,12.9944109202,2,True,PASS
Nikon D3X,FL11,True,0.8,0.8,camera_rgb_wb,0.295636467468,0.00607945127276,0.0205639423472,48.6288077993,2,True,PASS
Nikon D3X,FL11,True,0.8,0.8,linear_srgb_unclipped,0.368703795598,0.0105233943249,0.0285415947721,35.0365846052,2,True,PASS
Nikon D3X,FL11,True,0.8,0.8,chromaticity,0.258865927082,0.0181734603082,0.0702041420167,14.2441737948,2,True,PASS
Nikon D200,FL11,True,0.2,0.2,camera_rgb_wb,1.41747810041,0.0478968055255,0.033790155567,29.5944183512,2,True,PASS
Nikon D200,FL11,True,0.2,0.2,linear_srgb_unclipped,1.4265047631,0.0857057674314,0.0600809542655,16.6442096705,2,True,PASS
Nikon D200,FL11,True,0.2,0.2,chromaticity,0.521402446646,0.0502419707763,0.0963592923268,10.3778263191,2,True,PASS
Nikon D200,FL11,True,0.2,0.35,camera_rgb_wb,1.35011390992,0.0395776886064,0.0293143328985,34.1130055206,2,True,PASS
Nikon D200,FL11,True,0.2,0.35,linear_srgb_unclipped,1.36999062577,0.0701094750234,0.0511751494533,19.5407343346,2,True,PASS
Nikon D200,FL11,True,0.2,0.35,chromaticity,0.517955977445,0.0433078396662,0.0836129739826,11.9598664223,2,True,PASS
Nikon D200,FL11,True,0.2,0.5,camera_rgb_wb,1.29329477884,0.0335679127102,0.0259553454166,38.5277091848,2,True,PASS
Nikon D200,FL11,True,0.2,0.5,linear_srgb_unclipped,1.32240013441,0.0589245989257,0.0445588270844,22.4422424339,2,True,PASS
Nikon D200,FL11,True,0.2,0.5,chromaticity,0.515087623402,0.0381426111372,0.0740507234192,13.5042569988,2,True,PASS
Nikon D200,FL11,True,0.2,0.65,camera_rgb_wb,1.24419651051,0.029017524308,0.0233223000249,42.8774177046,2,True,PASS
Nikon D200,FL11,True,0.2,0.65,linear_srgb_unclipped,1.28130214504,0.050514504707,0.0394243503788,25.3650343098,2,True,PASS
Nikon D200,FL11,True,0.2,0.65,chromaticity,0.512597453903,0.0341174168406,0.0665579131944,15.0245095137,2,True,PASS
Nikon D200,FL11,True,0.2,0.8,camera_rgb_wb,1.20101556529,0.0254516595721,0.0211917816118,47.1881042528,2,True,PASS
Nikon D200,FL11,True,0.2,0.8,linear_srgb_unclipped,1.24515013603,0.0439679399513,0.0353113561803,28.3195013778,2,True,PASS
Nikon D200,FL11,True,0.2,0.8,chromaticity,0.510373182753,0.0308757753377,0.0604964688214,16.5298904132,2,True,PASS
Nikon D200,FL11,True,0.35,0.2,camera_rgb_wb,0.923674182414,0.0336513988884,0.0364321094268,27.4483145701,2,True,PASS
Nikon D200,FL11,True,0.35,0.2,linear_srgb_unclipped,0.963525306929,0.0606117640252,0.0629062501933,15.8966715855,2,True,PASS
Nikon D200,FL11,True,0.35,0.2,chromaticity,0.447468677022,0.0491667556512,0.109877535962,9.10104136616,2,True,PASS
Nikon D200,FL11,True,0.35,0.35,camera_rgb_wb,0.884207912159,0.0276761147656,0.0313004604291,31.9484118218,2,True,PASS
Nikon D200,FL11,True,0.35,0.35,linear_srgb_unclipped,0.932625157977,0.0494042142572,0.0529732806741,18.8774413681,2,True,PASS
Nikon D200,FL11,True,0.35,0.35,chromaticity,0.443803412041,0.0422205402351,0.0951334286525,10.5115521869,2,True,PASS
Nikon D200,FL11,True,0.35,0.5,camera_rgb_wb,0.850735520239,0.0233720310271,0.0274727344411,36.399725777,2,True,PASS
Nikon D200,FL11,True,0.35,0.5,linear_srgb_unclipped,0.906290309476,0.0413908063671,0.0456705825213,21.8959326725,2,True,PASS
Nikon D200,FL11,True,0.35,0.5,chromaticity,0.440736047563,0.0370606895367,0.0840881741841,11.892278667,2,True,PASS
Nikon D200,FL11,True,0.35,0.65,camera_rgb_wb,0.821665210513,0.0201218598162,0.0244891222833,40.8344565571,2,True,PASS
Nikon D200,FL11,True,0.35,0.65,linear_srgb_unclipped,0.883290168455,0.0353811316894,0.0400560687224,24.9650061001,2,True,PASS
Nikon D200,FL11,True,0.35,0.65,chromaticity,0.438054245296,0.0330509220624,0.075449381937,13.2539190425,2,True,PASS
Nikon D200,FL11,True,0.35,0.8,camera_rgb_wb,0.795979312616,0.017581373907,0.0220877271913,45.2740108268,2,True,PASS
Nikon D200,FL11,True,0.35,0.8,linear_srgb_unclipped,0.862842162325,0.0307139790003,0.0355962890334,28.0928160534,2,True,PASS
Nikon D200,FL11,True,0.35,0.8,chromaticity,0.435641762363,0.0298305020519,0.0684748447671,14.6039031326,2,True,PASS
Nikon D200,FL11,True,0.5,0.2,camera_rgb_wb,0.633839411666,0.0239844181203,0.0378398971078,26.4271331698,2,True,PASS
Nikon D200,FL11,True,0.5,0.2,linear_srgb_unclipped,0.695413051825,0.0427470960148,0.0614700801237,16.2680770545,2,True,PASS
Nikon D200,FL11,True,0.5,0.2,chromaticity,0.382199580414,0.0456292622603,0.119385955921,8.37619460585,2,True,PASS
Nikon D200,FL11,True,0.5,0.35,camera_rgb_wb,0.60935738192,0.0196576081071,0.0322595716248,30.9985517363,2,True,PASS
Nikon D200,FL11,True,0.5,0.35,linear_srgb_unclipped,0.676730966983,0.0347406619386,0.0513360015037,19.4795069875,2,True,PASS
Nikon D200,FL11,True,0.5,0.35,chromaticity,0.3781375367,0.0391066483178,0.103419112155,9.66939262161,2,True,PASS
Nikon D200,FL11,True,0.5,0.5,camera_rgb_wb,0.588476461178,0.0165475068808,0.0281192332617,35.562847347,2,True,PASS
Nikon D200,FL11,True,0.5,0.5,linear_srgb_unclipped,0.660585182428,0.0290314841905,0.0439481310855,22.7540961424,2,True,PASS
Nikon D200,FL11,True,0.5,0.5,chromaticity,0.374762520466,0.0342635345935,0.0914273245651,10.937649163,2,True,PASS
Nikon D200,FL11,True,0.5,0.65,camera_rgb_wb,0.570248776522,0.0142036035456,0.0249077317312,40.1481761082,2,True,PASS
Nikon D200,FL11,True,0.5,0.65,linear_srgb_unclipped,0.646306214601,0.0247597748262,0.0383096653983,26.1030731958,2,True,PASS
Nikon D200,FL11,True,0.5,0.65,chromaticity,0.371824443815,0.0305034512751,0.0820372403764,12.1895860394,2,True,PASS
Nikon D200,FL11,True,0.5,0.8,camera_rgb_wb,0.554067531222,0.0123749565549,0.0223347441558,44.7732910224,2,True,PASS
Nikon D200,FL11,True,0.5,0.8,linear_srgb_unclipped,0.633467302885,0.0214490595926,0.0338597738113,29.5335699988,2,True,PASS
Nikon D200,FL11,True,0.5,0.8,chromaticity,0.369189149526,0.0274871354638,0.0744527175271,13.4313431828,2,True,PASS
Nikon D200,FL11,True,0.65,0.2,camera_rgb_wb,0.451161786862,0.0172231978114,0.0381752141093,26.1950069785,2,True,PASS
Nikon D200,FL11,True,0.65,0.2,linear_srgb_unclipped,0.520930482857,0.0300456302294,0.0576768517455,17.3379782311,2,True,PASS
Nikon D200,FL11,True,0.65,0.2,chromaticity,0.327978081379,0.0403698621439,0.123087073301,8.12432998187,2,True,PASS
Nikon D200,FL11,True,0.65,0.35,camera_rgb_wb,0.435264573121,0.0140813337065,0.0323512056254,30.9107490947,2,True,PASS
Nikon D200,FL11,True,0.65,0.35,linear_srgb_unclipped,0.508674453439,0.0243635970864,0.0478962466498,20.8784627178,2,True,PASS
Nikon D200,FL11,True,0.65,0.35,chromaticity,0.32334170333,0.0345945166724,0.106990580912,9.34661716455,2,True,PASS
Nikon D200,FL11,True,0.65,0.5,camera_rgb_wb,0.421627332642,0.0118268034807,0.0280503718926,35.6501512289,2,True,PASS
Nikon D200,FL11,True,0.65,0.5,linear_srgb_unclipped,0.49793715363,0.020320974844,0.0408103205312,24.5036056317,2,True,PASS
Nikon D200,FL11,True,0.65,0.5,chromaticity,0.319543675461,0.0302975685456,0.0948151093959,10.5468422319,2,True,PASS
Nikon D200,FL11,True,0.65,0.65,camera_rgb_wb,0.409661435893,0.0101303802775,0.0247286646728,40.4389000875,2,True,PASS
Nikon D200,FL11,True,0.65,0.65,linear_srgb_unclipped,0.488330143891,0.0173019492109,0.0354308441273,28.2239959174,2,True,PASS
Nikon D200,FL11,True,0.65,0.65,chromaticity,0.316274169334,0.0269582729574,0.0852370366322,11.7319892797,2,True,PASS
Nikon D200,FL11,True,0.65,0.8,camera_rgb_wb,0.398989288805,0.0088088437873,0.0220778954084,45.2941723612,2,True,PASS
Nikon D200,FL11,True,0.65,0.8,linear_srgb_unclipped,0.479604302082,0.0149659391779,0.031204764246,32.0463885616,2,True,PASS
Nikon D200,FL11,True,0.65,0.8,chromaticity,0.313368542932,0.0242784704125,0.077475774005,12.907260532,2,True,PASS
Nikon D200,FL11,True,0.8,0.2,camera_rgb_wb,0.329048666259,0.0123801422477,0.0376240462801,26.5787468088,2,True,PASS
Nikon D200,FL11,True,0.8,0.2,linear_srgb_unclipped,0.397607343025,0.0210463441845,0.0529324836518,18.8919909101,2,True,PASS
Nikon D200,FL11,True,0.8,0.2,chromaticity,0.284184892578,0.0342738155047,0.120603932158,8.29160361615,2,True,PASS
Nikon D200,FL11,True,0.8,0.35,camera_rgb_wb,0.318371220276,0.0101036346621,0.0317353894405,31.5105633688,2,True,PASS
Nikon D200,FL11,True,0.8,0.35,linear_srgb_unclipped,0.389116975649,0.0170389520879,0.0437887657291,22.8369076714,2,True,PASS
Nikon D200,FL11,True,0.8,0.35,chromaticity,0.278904923899,0.0294103546251,0.105449391907,9.48322206429,2,True,PASS
Nikon D200,FL11,True,0.8,0.5,camera_rgb_wb,0.309157714994,0.00847245257526,0.0274049527615,36.4897545602,2,True,PASS
Nikon D200,FL11,True,0.8,0.5,linear_srgb_unclipped,0.381587913193,0.0141926847575,0.0371937481947,26.8862389121,2,True,PASS
Nikon D200,FL11,True,0.8,0.5,chromaticity,0.274641779194,0.0257772748387,0.0938578060277,10.6544148252,2,True,PASS
Nikon D200,FL11,True,0.8,0.65,camera_rgb_wb,0.30103167035,0.00724670455445,0.0240728975328,41.5404916935,2,True,PASS
Nikon D200,FL11,True,0.8,0.65,linear_srgb_unclipped,0.374783959288,0.0120701534067,0.0322056296904,31.0504719086,2,True,PASS
Nikon D200,FL11,True,0.8,0.65,chromaticity,0.271017538887,0.022946660445,0.0846685441066,11.8107617245,2,True,PASS
Nikon D200,FL11,True,0.8,0.8,camera_rgb_wb,0.29375086651,0.006293000558,0.0214229174292,46.6789830706,2,True,PASS
Nikon D200,FL11,True,0.8,0.8,linear_srgb_unclipped,0.368552191236,0.0104298401103,0.0282994928761,35.3363222578,2,True,PASS
Nikon D200,FL11,True,0.8,0.8,chromaticity,0.267831581733,0.0206712120442,0.0771798901024,12.9567429893,2,True,PASS
Nikon D3,FL11,True,0.2,0.2,camera_rgb_wb,1.41719431172,0.048280749909,0.0340678405987,29.3531959299,2,True,PASS
Nikon D3,FL11,True,0.2,0.2,linear_srgb_unclipped,1.42667120608,0.0853306613342,0.0598110209071,16.71932672,2,True,PASS
Nikon D3,FL11,True,0.2,0.2,chromaticity,0.512803912549,0.0505274793976,0.0985317743511,10.1490103734,2,True,PASS
Nikon D3,FL11,True,0.2,0.35,camera_rgb_wb,1.34962013329,0.03990952201,0.0295709296457,33.8169956772,2,True,PASS
Nikon D3,FL11,True,0.2,0.35,linear_srgb_unclipped,1.37009698557,0.0698276689483,0.050965493453,19.6211187658,2,True,PASS
Nikon D3,FL11,True,0.2,0.35,chromaticity,0.509733797007,0.0435829094487,0.0855013140282,11.695726684,2,True,PASS
Nikon D3,FL11,True,0.2,0.5,camera_rgb_wb,1.29262641049,0.033857214994,0.0261925756115,38.1787577837,2,True,PASS
Nikon D3,FL11,True,0.2,0.5,linear_srgb_unclipped,1.32244727246,0.0587043452063,0.0443906887094,22.527246796,2,True,PASS
Nikon D3,FL11,True,0.2,0.5,chromaticity,0.507197293482,0.0384059242719,0.0757218635933,13.2062254222,2,True,PASS
Nikon D3,FL11,True,0.2,0.65,camera_rgb_wb,1.24337906585,0.0292717283266,0.0235420791057,42.4771319266,2,True,PASS
Nikon D3,FL11,True,0.2,0.65,linear_srgb_unclipped,1.28129265449,0.050337520254,0.0392865127866,25.4540280893,2,True,PASS
Nikon D3,FL11,True,0.2,0.65,chromaticity,0.505004759993,0.0343690984142,0.0680569791355,14.6935701922,2,True,PASS
Nikon D3,FL11,True,0.2,0.8,camera_rgb_wb,1.20006867367,0.0256765205998,0.0213958760553,46.7379787308,2,True,PASS
Nikon D3,FL11,True,0.2,0.8,linear_srgb_unclipped,1.24508731353,0.0438227877791,0.0351965579464,28.4118691811,2,True,PASS
Nikon D3,FL11,True,0.2,0.8,chromaticity,0.503050700922,0.0311164338226,0.0618554626115,16.1667208971,2,True,PASS
Nikon D3,FL11,True,0.35,0.2,camera_rgb_wb,0.925007915467,0.0339449105843,0.0366968866068,27.2502681417,2,True,PASS
Nikon D3,FL11,True,0.35,0.2,linear_srgb_unclipped,0.963335037735,0.0603889101064,0.0626873390263,15.9521845325,2,True,PASS
Nikon D3,FL11,True,0.35,0.2,chromaticity,0.441503607622,0.0493106412333,0.111687968981,8.95351584526,2,True,PASS
Nikon D3,FL11,True,0.35,0.35,camera_rgb_wb,0.885189121185,0.0279308681298,0.031553560094,31.6921449441,2,True,PASS
Nikon D3,FL11,True,0.35,0.35,linear_srgb_unclipped,0.932370881774,0.0492375630245,0.0528089883404,18.9361703647,2,True,PASS
Nikon D3,FL11,True,0.35,0.35,chromaticity,0.438207412544,0.0423736376084,0.0966976741958,10.3415103653,2,True,PASS
Nikon D3,FL11,True,0.35,0.5,camera_rgb_wb,0.851431414895,0.0235951580939,0.0277123414537,36.0850057247,2,True,PASS
Nikon D3,FL11,True,0.35,0.5,linear_srgb_unclipped,0.90598195755,0.0412608028585,0.0455426319638,21.95744859,2,True,PASS
Nikon D3,FL11,True,0.35,0.5,chromaticity,0.435464525063,0.0372163573596,0.0854635801946,11.7008905749,2,True,PASS
Nikon D3,FL11,True,0.35,0.65,camera_rgb_wb,0.822123549781,0.0203188920514,0.0247151319979,40.4610422507,2,True,PASS
Nikon D3,FL11,True,0.35,0.65,linear_srgb_unclipped,0.882935464455,0.0352766664993,0.039953844782,25.0288803357,2,True,PASS
Nikon D3,FL11,True,0.35,0.65,chromaticity,0.433072190927,0.0332059799422,0.0766753918582,13.0419939927,2,True,PASS
Nikon D3,FL11,True,0.35,0.8,camera_rgb_wb,0.796235926465,0.0177565943632,0.0223006696546,44.84170276,2,True,PASS
Nikon D3,FL11,True,0.35,0.8,linear_srgb_unclipped,0.86244733874,0.0306281852653,0.0355131077453,28.1586170147,2,True,PASS
Nikon D3,FL11,True,0.35,0.8,chromaticity,0.430920853047,0.0299833433338,0.0695796991996,14.3720080929,2,True,PASS
Nikon D3,FL11,True,0.5,0.2,camera_rgb_wb,0.634884959462,0.0242309227214,0.0381658477812,26.2014355277,2,True,PASS
Nikon D3,FL11,True,0.5,0.2,linear_srgb_unclipped,0.695082308545,0.0426174297165,0.0613127815117,16.3098129843,2,True,PASS
Nikon D3,FL11,True,0.5,0.2,chromaticity,0.379057253885,0.0456147696556,0.120337413908,8.30996751156,2,True,PASS
Nikon D3,FL11,True,0.5,0.35,camera_rgb_wb,0.610096442719,0.0198707568383,0.0325698618233,30.7032312702,2,True,PASS
Nikon D3,FL11,True,0.5,0.35,linear_srgb_unclipped,0.676354318595,0.0346445542351,0.0512224928304,19.5226734339,2,True,PASS
Nikon D3,FL11,True,0.5,0.35,chromaticity,0.375299888802,0.0391251492624,0.10425036199,9.59229283152,2,True,PASS
Nikon D3,FL11,True,0.5,0.5,camera_rgb_wb,0.588970321869,0.0167339096149,0.028412144031,35.1962174664,2,True,PASS
Nikon D3,FL11,True,0.5,0.5,linear_srgb_unclipped,0.660172361659,0.0289569427292,0.0438627007294,22.7984137632,2,True,PASS
Nikon D3,FL11,True,0.5,0.5,chromaticity,0.372194874904,0.0343017497954,0.0921607257601,10.8506089959,2,True,PASS
Nikon D3,FL11,True,0.5,0.65,camera_rgb_wb,0.57054069863,0.014368196178,0.0251834728224,39.7085821742,2,True,PASS
Nikon D3,FL11,True,0.5,0.65,linear_srgb_unclipped,0.645864151712,0.0247000951829,0.0382434837378,26.1482454594,2,True,PASS
Nikon D3,FL11,True,0.5,0.65,chromaticity,0.369498182718,0.0305540956745,0.0826907874074,12.0932455882,2,True,PASS
Nikon D3,FL11,True,0.5,0.8,camera_rgb_wb,0.554189709313,0.0125214758347,0.0225942048802,44.259136593,2,True,PASS
Nikon D3,FL11,True,0.5,0.8,linear_srgb_unclipped,0.633001208197,0.0214001551649,0.0338074475811,29.5792812398,2,True,PASS
Nikon D3,FL11,True,0.5,0.8,chromaticity,0.367080471152,0.0275458685709,0.0750404086725,13.3261534377,2,True,PASS
Nikon D3,FL11,True,0.65,0.2,camera_rgb_wb,0.451600289476,0.0174332522302,0.0386032795738,25.9045348229,2,True,PASS
Nikon D3,FL11,True,0.65,0.2,linear_srgb_unclipped,0.520597385636,0.0299727688722,0.0575737982924,17.3690121142,2,True,PASS
Nikon D3,FL11,True,0.65,0.2,chromaticity,0.327308535316,0.0402278644663,0.122905027293,8.13636367871,2,True,PASS
Nikon D3,FL11,True,0.65,0.35,camera_rgb_wb,0.435482472531,0.0142614857555,0.0327487020834,30.5355613011,2,True,PASS
Nikon D3,FL11,True,0.65,0.35,linear_srgb_unclipped,0.508311588056,0.0243103936987,0.0478257711803,20.9092289642,2,True,PASS
Nikon D3,FL11,True,0.65,0.35,chromaticity,0.322893032407,0.0345038038535,0.106858310309,9.35818652861,2,True,PASS
Nikon D3,FL11,True,0.65,0.5,camera_rgb_wb,0.42167061692,0.0119835064162,0.0284191165695,35.187582188,2,True,PASS
Nikon D3,FL11,True,0.65,0.5,linear_srgb_unclipped,0.497551938208,0.0202801856255,0.0407599369396,24.5338946791,2,True,PASS
Nikon D3,FL11,True,0.65,0.5,chromaticity,0.319294236902,0.0302399659825,0.094708774815,10.5586837329,2,True,PASS
Nikon D3,FL11,True,0.65,0.65,camera_rgb_wb,0.409562365706,0.0102682553096,0.0250712862543,39.8862662991,2,True,PASS
Nikon D3,FL11,True,0.65,0.65,linear_srgb_unclipped,0.487927643754,0.0172695957044,0.0353937636563,28.2535649419,2,True,PASS
Nikon D3,FL11,True,0.65,0.65,chromaticity,0.316204241998,0.0269233851468,0.0851455533191,11.7445945328,2,True,PASS
Nikon D3,FL11,True,0.65,0.8,camera_rgb_wb,0.398771716646,0.00893129725117,0.0223970178384,44.6488013366,2,True,PASS
Nikon D3,FL11,True,0.65,0.8,linear_srgb_unclipped,0.479188191014,0.014939633983,0.0311769660922,32.074961914,2,True,PASS
Nikon D3,FL11,True,0.65,0.8,chromaticity,0.313460855884,0.0242598508433,0.0773935577216,12.9209720995,2,True,PASS
Nikon D3,FL11,True,0.8,0.2,camera_rgb_wb,0.329022481684,0.0125552084138,0.0381591201596,26.2060549566,2,True,PASS
Nikon D3,FL11,True,0.8,0.2,linear_srgb_unclipped,0.397323691732,0.0210072269968,0.0528718207194,18.9136667963,2,True,PASS
Nikon D3,FL11,True,0.8,0.2,chromaticity,0.285419632099,0.0340638007004,0.119346382903,8.37897199461,2,True,PASS
Nikon D3,FL11,True,0.8,0.35,camera_rgb_wb,0.318199554219,0.0102524744861,0.032220266654,31.0363663572,2,True,PASS
Nikon D3,FL11,True,0.8,0.35,linear_srgb_unclipped,0.388814078625,0.0170111128925,0.0437512781241,22.856475122,2,True,PASS
Nikon D3,FL11,True,0.8,0.35,chromaticity,0.280281218738,0.0292584450977,0.104389602805,9.57949808347,2,True,PASS
Nikon D3,FL11,True,0.8,0.5,camera_rgb_wb,0.308872229633,0.00860111854094,0.0278468496542,35.9107048883,2,True,PASS
Nikon D3,FL11,True,0.8,0.5,linear_srgb_unclipped,0.381271068574,0.0141718094234,0.0371699050661,26.9034854467,2,True,PASS
Nikon D3,FL11,True,0.8,0.5,chromaticity,0.276149627677,0.0256640499379,0.0929353052321,10.7601734078,2,True,PASS
Nikon D3,FL11,True,0.8,0.65,camera_rgb_wb,0.300654435206,0.00735939531808,0.0244779203508,40.8531437994,2,True,PASS
Nikon D3,FL11,True,0.8,0.65,linear_srgb_unclipped,0.374456692856,0.0120539203685,0.0321904257514,31.0651374332,2,True,PASS
Nikon D3,FL11,True,0.8,0.65,chromaticity,0.272645544864,0.0228607426954,0.0838478498037,11.9263642698,2,True,PASS
Nikon D3,FL11,True,0.8,0.8,camera_rgb_wb,0.293298096564,0.00639274498624,0.0217960670769,45.8798367829,2,True,PASS
Nikon D3,FL11,True,0.8,0.8,linear_srgb_unclipped,0.368217003085,0.0104168819274,0.028290062219,35.3481018267,2,True,PASS
Nikon D3,FL11,True,0.8,0.8,chromaticity,0.269568773825,0.0206054032554,0.0764383907045,13.0824313644,2,True,PASS
Nikon D300s,FL11,True,0.2,0.2,camera_rgb_wb,1.4169505833,0.0447078310791,0.0315521455766,31.6935657378,2,True,PASS
Nikon D300s,FL11,True,0.2,0.2,linear_srgb_unclipped,1.43169728325,0.0869342853321,0.0607211359196,16.4687301193,2,True,PASS
Nikon D300s,FL11,True,0.2,0.2,chromaticity,0.479405903154,0.0462618797561,0.0964983523393,10.3628712383,2,True,PASS
Nikon D300s,FL11,True,0.2,0.35,camera_rgb_wb,1.34917797665,0.0369198801826,0.0273647219429,36.5434007364,2,True,PASS
Nikon D300s,FL11,True,0.2,0.35,linear_srgb_unclipped,1.37546709841,0.0711495516791,0.0517275562326,19.3320557326,2,True,PASS
Nikon D300s,FL11,True,0.2,0.35,chromaticity,0.477217223616,0.0399178921517,0.0836472159349,11.954970513,2,True,PASS
Nikon D300s,FL11,True,0.2,0.5,camera_rgb_wb,1.29199256798,0.0312937160941,0.0242212818167,41.2860065611,2,True,PASS
Nikon D300s,FL11,True,0.2,0.5,linear_srgb_unclipped,1.32806105363,0.0598268958915,0.0450483023562,22.1983947828,2,True,PASS
Nikon D300s,FL11,True,0.2,0.5,chromaticity,0.475442633845,0.035188006739,0.0740110462,13.5114966123,2,True,PASS
Nikon D300s,FL11,True,0.2,0.65,camera_rgb_wb,1.24256104426,0.0270339426677,0.0217566314288,45.9629976853,2,True,PASS
Nikon D300s,FL11,True,0.2,0.65,linear_srgb_unclipped,1.28708185726,0.0513111996633,0.0398663063843,25.0838387274,2,True,PASS
Nikon D300s,FL11,True,0.2,0.65,chromaticity,0.473921120298,0.0314992520008,0.0664651788066,15.0454722,2,True,PASS
Nikon D300s,FL11,True,0.2,0.8,camera_rgb_wb,1.19907461923,0.0236961137648,0.0197620009503,50.6021633394,2,True,PASS
Nikon D300s,FL11,True,0.2,0.8,linear_srgb_unclipped,1.25100310426,0.0446808714391,0.0357160356253,27.998628137,2,True,PASS
Nikon D300s,FL11,True,0.2,0.8,chromaticity,0.472566513946,0.0285265481783,0.0603651493206,16.565849853,2,True,PASS
Nikon D300s,FL11,True,0.35,0.2,camera_rgb_wb,0.927572275203,0.031592691855,0.0340595473793,29.3603431914,2,True,PASS
Nikon D300s,FL11,True,0.35,0.2,linear_srgb_unclipped,0.965593875918,0.0613788713445,0.0635659285702,15.731698136,2,True,PASS
Nikon D300s,FL11,True,0.35,0.2,chromaticity,0.416457563029,0.0447251645723,0.107394290662,9.31148195903,2,True,PASS
Nikon D300s,FL11,True,0.35,0.35,camera_rgb_wb,0.887203998472,0.0259753000415,0.0292777084935,34.1556785506,2,True,PASS
Nikon D300s,FL11,True,0.35,0.35,linear_srgb_unclipped,0.934772830861,0.0500580287222,0.0535510094748,18.6737843004,2,True,PASS
Nikon D300s,FL11,True,0.35,0.35,chromaticity,0.413872164509,0.0384698425228,0.0929510264804,10.7583534886,2,True,PASS
Nikon D300s,FL11,True,0.35,0.5,camera_rgb_wb,0.852980491191,0.0219275609349,0.0257069899737,38.899925702,2,True,PASS
Nikon D300s,FL11,True,0.35,0.5,linear_srgb_unclipped,0.908486399799,0.041961152885,0.0461879813438,21.6506539344,2,True,PASS
Nikon D300s,FL11,True,0.35,0.5,chromaticity,0.411748292985,0.0338153655884,0.0821263042605,12.1763667439,2,True,PASS
Nikon D300s,FL11,True,0.35,0.65,camera_rgb_wb,0.82326901544,0.0188702283166,0.0229210962184,43.627930814,2,True,PASS
Nikon D300s,FL11,True,0.35,0.65,linear_srgb_unclipped,0.885514586599,0.0358871261136,0.0405268604908,24.6749930266,2,True,PASS
Nikon D300s,FL11,True,0.35,0.65,chromaticity,0.409903897342,0.0301932860428,0.0736594266085,13.5759949004,2,True,PASS
Nikon D300s,FL11,True,0.35,0.8,camera_rgb_wb,0.797026314213,0.0164801143421,0.0206770015596,48.3629116686,2,True,PASS
Nikon D300s,FL11,True,0.35,0.8,linear_srgb_unclipped,0.86508109998,0.0311686829851,0.0360297814689,27.7548172437,2,True,PASS
Nikon D300s,FL11,True,0.35,0.8,chromaticity,0.408243854795,0.0272807291663,0.066824592326,14.964550702,2,True,PASS
Nikon D300s,FL11,True,0.5,0.2,camera_rgb_wb,0.6360956707,0.0226950534306,0.0356786792867,28.0279432981,2,True,PASS
Nikon D300s,FL11,True,0.5,0.2,linear_srgb_unclipped,0.695963380913,0.0432360902027,0.0621240878306,16.0968158233,2,True,PASS
Nikon D300s,FL11,True,0.5,0.2,chromaticity,0.361106311222,0.0411322311869,0.113906154251,8.77915689964,2,True,PASS
Nikon D300s,FL11,True,0.5,0.35,camera_rgb_wb,0.610835336348,0.0186018034811,0.0304530572712,32.83742552,2,True,PASS
Nikon D300s,FL11,True,0.5,0.35,linear_srgb_unclipped,0.677302944934,0.0351592490516,0.0519106690951,19.2638626593,2,True,PASS
Nikon D300s,FL11,True,0.5,0.35,chromaticity,0.35790515801,0.035330742259,0.0987153760385,10.1301341304,2,True,PASS
Nikon D300s,FL11,True,0.5,0.5,camera_rgb_wb,0.589315843125,0.0156576839332,0.0265692567337,37.6374849331,2,True,PASS
Nikon D300s,FL11,True,0.5,0.5,linear_srgb_unclipped,0.661171837083,0.0293977475257,0.0444630969998,22.4905611052,2,True,PASS
Nikon D300s,FL11,True,0.5,0.5,chromaticity,0.355285872483,0.0310124427131,0.0872887021832,11.4562363168,2,True,PASS
Nikon D300s,FL11,True,0.5,0.65,camera_rgb_wb,0.570550616851,0.0134377935161,0.0235523249283,42.458653362,2,True,PASS
Nikon D300s,FL11,True,0.5,0.65,linear_srgb_unclipped,0.646902705915,0.0250854467035,0.03877777365,25.7879683611,2,True,PASS
Nikon D300s,FL11,True,0.5,0.65,chromaticity,0.353020058089,0.0276530679338,0.0783328519165,12.7660359036,2,True,PASS
Nikon D300s,FL11,True,0.5,0.8,camera_rgb_wb,0.553908595203,0.0117052587574,0.0211321125159,47.3213456177,2,True,PASS
Nikon D300s,FL11,True,0.5,0.8,linear_srgb_unclipped,0.634070133749,0.0217422277598,0.0342899414474,29.163071087,2,True,PASS
Nikon D300s,FL11,True,0.5,0.8,chromaticity,0.350989297182,0.0249535720987,0.0710949658552,14.0656935125,2,True,PASS
Nikon D300s,FL11,True,0.65,0.2,camera_rgb_wb,0.451213236386,0.0164233468438,0.0363981938458,27.4738907165,2,True,PASS
Nikon D300s,FL11,True,0.65,0.2,linear_srgb_unclipped,0.520897444794,0.0303716946969,0.0583064766404,17.1507533574,2,True,PASS
Nikon D300s,FL11,True,0.65,0.2,chromaticity,0.314677521579,0.0362118783115,0.115076152023,8.68989779739,2,True,PASS
Nikon D300s,FL11,True,0.65,0.35,camera_rgb_wb,0.434772521158,0.0134318240672,0.0308939121346,32.3688368001,2,True,PASS
Nikon D300s,FL11,True,0.65,0.35,linear_srgb_unclipped,0.508646503606,0.024642882424,0.0484479540296,20.6407065072,2,True,PASS
Nikon D300s,FL11,True,0.65,0.35,chromaticity,0.310718163653,0.0311118001743,0.100128681917,9.98714834607,2,True,PASS
Nikon D300s,FL11,True,0.65,0.5,camera_rgb_wb,0.420694555066,0.0112833721948,0.0268208182373,37.2844702631,2,True,PASS
Nikon D300s,FL11,True,0.65,0.5,linear_srgb_unclipped,0.497914570778,0.0205653163501,0.0413029012547,24.2113742527,2,True,PASS
Nikon D300s,FL11,True,0.65,0.5,chromaticity,0.307512621687,0.0273058975512,0.0887960220994,11.2617657453,2,True,PASS
Nikon D300s,FL11,True,0.65,0.65,camera_rgb_wb,0.408361827001,0.00966570841595,0.0236694709859,42.2485150004,2,True,PASS
Nikon D300s,FL11,True,0.65,0.65,linear_srgb_unclipped,0.488312746768,0.0175190945194,0.0358767913297,27.8731726818,2,True,PASS
Nikon D300s,FL11,True,0.65,0.65,chromaticity,0.304768650145,0.0243409997228,0.0798671376181,12.5207942819,2,True,PASS
Nikon D300s,FL11,True,0.65,0.8,camera_rgb_wb,0.39737865177,0.00840486694061,0.0211507762261,47.279588669,2,True,PASS
Nikon D300s,FL11,True,0.65,0.8,linear_srgb_unclipped,0.479591739526,0.0151612617717,0.0316128501017,31.6327062186,2,True,PASS
Nikon D300s,FL11,True,0.65,0.8,chromaticity,0.302334223547,0.0219567264206,0.0726240190839,13.7695491466,2,True,PASS
Nikon D300s,FL11,True,0.8,0.2,camera_rgb_wb,0.327658919543,0.0118846782354,0.0362714930879,27.5698603742,2,True,PASS
Nikon D300s,FL11,True,0.8,0.2,linear_srgb_unclipped,0.397407117546,0.0212733984106,0.0535304917082,18.6809417977,2,True,PASS
Nikon D300s,FL11,True,0.8,0.2,chromaticity,0.276461144377,0.0307359151592,0.111176256716,8.99472629806,2,True,PASS
Nikon D300s,FL11,True,0.8,0.35,camera_rgb_wb,0.316633693041,0.00970427948502,0.0306482844319,32.6282537029,2,True,PASS
Nikon D300s,FL11,True,0.8,0.35,linear_srgb_unclipped,0.388915518337,0.0172329812582,0.0443103461952,22.5680926887,2,True,PASS
Nikon D300s,FL11,True,0.8,0.35,chromaticity,0.271728239429,0.0264455953445,0.0973236914941,10.2749904432,2,True,PASS
Nikon D300s,FL11,True,0.8,0.5,camera_rgb_wb,0.307141897088,0.00814048349482,0.0265039825957,37.7301787152,2,True,PASS
Nikon D300s,FL11,True,0.8,0.5,linear_srgb_unclipped,0.381387515636,0.0143620224783,0.0376572957675,26.5552791197,2,True,PASS
Nikon D300s,FL11,True,0.8,0.5,chromaticity,0.267936377715,0.0232305658729,0.0867017986547,11.5337860981,2,True,PASS
Nikon D300s,FL11,True,0.8,0.65,camera_rgb_wb,0.298787226139,0.00696448994053,0.0233091957462,42.9015231108,2,True,PASS
Nikon D300s,FL11,True,0.8,0.65,linear_srgb_unclipped,0.374585821548,0.012220274424,0.0326234302556,30.6528158494,2,True,PASS
Nikon D300s,FL11,True,0.8,0.65,chromaticity,0.264725424267,0.0207192056138,0.0782667764957,12.7768134165,2,True,PASS
Nikon D300s,FL11,True,0.8,0.8,camera_rgb_wb,0.291315076416,0.00604893704877,0.0207642430429,48.159713693,2,True,PASS
Nikon D300s,FL11,True,0.8,0.8,linear_srgb_unclipped,0.368356953163,0.0105645491681,0.0286801947877,34.8672666766,2,True,PASS
Nikon D300s,FL11,True,0.8,0.8,chromaticity,0.26190662753,0.0186959661615,0.0713840895812,14.0087238748,2,True,PASS
Nikon D40,FL11,True,0.2,0.2,camera_rgb_wb,1.39705142096,0.0443905478596,0.0317744552516,31.4718220055,2,True,PASS
Nikon D40,FL11,True,0.2,0.2,linear_srgb_unclipped,1.41199933203,0.0825785022106,0.0584833861727,17.0988731235,2,True,PASS
Nikon D40,FL11,True,0.2,0.2,chromaticity,0.528743205727,0.0475705317635,0.0899690648471,11.114931579,2,True,PASS
Nikon D40,FL11,True,0.2,0.35,camera_rgb_wb,1.32866770439,0.0367406946708,0.0276522824702,36.163380042,2,True,PASS
Nikon D40,FL11,True,0.2,0.35,linear_srgb_unclipped,1.35440862658,0.0675663627418,0.0498862465995,20.0456051149,2,True,PASS
Nikon D40,FL11,True,0.2,0.35,chromaticity,0.524646429709,0.0411018855554,0.0783420666337,12.7645343424,2,True,PASS
Nikon D40,FL11,True,0.2,0.5,camera_rgb_wb,1.27113751978,0.0312087156525,0.0245518011756,40.7302092766,2,True,PASS
Nikon D40,FL11,True,0.2,0.5,linear_srgb_unclipped,1.30606837786,0.056799956249,0.0434892668804,22.9941792937,2,True,PASS
Nikon D40,FL11,True,0.2,0.5,chromaticity,0.5212690175,0.0362738587496,0.0695875978272,14.3703767801,2,True,PASS
Nikon D40,FL11,True,0.2,0.65,camera_rgb_wb,1.22153224256,0.0270159275807,0.0221164261077,45.2152619564,2,True,PASS
Nikon D40,FL11,True,0.2,0.65,linear_srgb_unclipped,1.2644364571,0.0487036062914,0.0385180338782,25.961865114,2,True,PASS
Nikon D40,FL11,True,0.2,0.65,chromaticity,0.518369055463,0.0325047290501,0.062705766688,15.9474965831,2,True,PASS
Nikon D40,FL11,True,0.2,0.8,camera_rgb_wb,1.17798674095,0.0237270769378,0.0201420577269,49.6473604415,2,True,PASS
Nikon D40,FL11,True,0.2,0.8,linear_srgb_unclipped,1.22790066456,0.0424002827225,0.0345307107864,28.9597282311,2,True,PASS
Nikon D40,FL11,True,0.2,0.8,chromaticity,0.515808311981,0.0294643014289,0.0571225797345,17.5062121607,2,True,PASS
Nikon D40,FL11,True,0.35,0.2,camera_rgb_wb,0.909778796659,0.0311407741046,0.034228951278,29.2150347195,2,True,PASS
Nikon D40,FL11,True,0.35,0.2,linear_srgb_unclipped,0.954704451093,0.058513678342,0.0612898350636,16.3159192542,2,True,PASS
Nikon D40,FL11,True,0.35,0.2,chromaticity,0.448871847261,0.0465974668811,0.103810179153,9.63296671053,2,True,PASS
Nikon D40,FL11,True,0.35,0.35,camera_rgb_wb,0.86983743942,0.0256333920033,0.0294691753213,33.9337626213,2,True,PASS
Nikon D40,FL11,True,0.35,0.35,linear_srgb_unclipped,0.923427156858,0.0476903629799,0.051644964766,19.3629718702,2,True,PASS
Nikon D40,FL11,True,0.35,0.35,chromaticity,0.444969544711,0.0400908190275,0.0900978943481,11.0990385207,2,True,PASS
Nikon D40,FL11,True,0.35,0.5,camera_rgb_wb,0.836023447707,0.0216648426221,0.0259141566921,38.5889462614,2,True,PASS
Nikon D40,FL11,True,0.35,0.5,linear_srgb_unclipped,0.896818511984,0.0399530475791,0.0445497578888,22.4468111027,2,True,PASS
Nikon D40,FL11,True,0.35,0.5,chromaticity,0.441733794305,0.0352502624769,0.0797997865036,12.5313618471,2,True,PASS
Nikon D40,FL11,True,0.35,0.65,camera_rgb_wb,0.806701532589,0.0186666809647,0.0231395134515,43.2161204295,2,True,PASS
Nikon D40,FL11,True,0.35,0.65,linear_srgb_unclipped,0.873614670073,0.0341507971902,0.0390913733023,25.5810915689,2,True,PASS
Nikon D40,FL11,True,0.35,0.65,chromaticity,0.438930396868,0.03148345246,0.0717276649888,13.9416221085,2,True,PASS
Nikon D40,FL11,True,0.35,0.8,camera_rgb_wb,0.780828184241,0.0163220056566,0.0209034535203,47.8389850285,2,True,PASS
Nikon D40,FL11,True,0.35,0.8,linear_srgb_unclipped,0.853013114105,0.0296447254438,0.0347529539154,28.774532445,2,True,PASS
Nikon D40,FL11,True,0.35,0.8,chromaticity,0.436429780335,0.028454271216,0.0651978221883,15.3379356309,2,True,PASS
Nikon D40,FL11,True,0.5,0.2,camera_rgb_wb,0.624885552654,0.0222472826158,0.0356021715039,28.0881743377,2,True,PASS
Nikon D40,FL11,True,0.5,0.2,linear_srgb_unclipped,0.690905225737,0.0413354993041,0.0598280310589,16.714573124,2,True,PASS
Nikon D40,FL11,True,0.5,0.2,chromaticity,0.381076635471,0.0431388297114,0.113202504945,8.83372678445,2,True,PASS
Nikon D40,FL11,True,0.5,0.35,camera_rgb_wb,0.600037030788,0.0182437177535,0.0304043197626,32.8900632478,2,True,PASS
Nikon D40,FL11,True,0.5,0.35,linear_srgb_unclipped,0.671946039557,0.0335867018671,0.0499842247589,20.006312088,2,True,PASS
Nikon D40,FL11,True,0.5,0.35,chromaticity,0.377040962324,0.0370325188019,0.0982188210366,10.1813480293,2,True,PASS
Nikon D40,FL11,True,0.5,0.5,camera_rgb_wb,0.578876494906,0.0153654796161,0.0265436232967,37.6738318209,2,True,PASS
Nikon D40,FL11,True,0.5,0.5,linear_srgb_unclipped,0.655579364678,0.0280627904868,0.0428060918308,23.361160929,2,True,PASS
Nikon D40,FL11,True,0.5,0.5,chromaticity,0.373709657852,0.0324932501382,0.0869478469594,11.5011473541,2,True,PASS
Nikon D40,FL11,True,0.5,0.65,camera_rgb_wb,0.560429820922,0.0131957090112,0.0235456938917,42.4706107452,2,True,PASS
Nikon D40,FL11,True,0.5,0.65,linear_srgb_unclipped,0.641120246723,0.0239303192388,0.0373257892901,26.7911280382,2,True,PASS
Nikon D40,FL11,True,0.5,0.65,chromaticity,0.370825687033,0.028965187934,0.078109982525,12.8024609362,2,True,PASS
Nikon D40,FL11,True,0.5,0.8,camera_rgb_wb,0.544074218138,0.0115023357379,0.0211411152274,47.3011943431,2,True,PASS
Nikon D40,FL11,True,0.5,0.8,linear_srgb_unclipped,0.62813210276,0.0207277607474,0.0329990469462,30.3039054925,2,True,PASS
Nikon D40,FL11,True,0.5,0.8,chromaticity,0.368250754809,0.02613202489,0.0709625833721,14.0919334173,2,True,PASS
Nikon D40,FL11,True,0.65,0.2,camera_rgb_wb,0.445066287441,0.0160434032501,0.0360472219596,27.7413888127,2,True,PASS
Nikon D40,FL11,True,0.65,0.2,linear_srgb_unclipped,0.518609904466,0.0290879442925,0.0560882930349,17.8290325109,2,True,PASS
Nikon D40,FL11,True,0.65,0.2,chromaticity,0.326359106396,0.0379892108183,0.116403097306,8.5908366972,2,True,PASS
Nikon D40,FL11,True,0.65,0.35,camera_rgb_wb,0.428855623997,0.0131232227034,0.0306005610492,32.679139392,2,True,PASS
Nikon D40,FL11,True,0.65,0.35,linear_srgb_unclipped,0.506108563267,0.0235818840224,0.0465945169357,21.4617527075,2,True,PASS
Nikon D40,FL11,True,0.65,0.35,chromaticity,0.321891098645,0.0326024693779,0.101284159503,9.87321220716,2,True,PASS
Nikon D40,FL11,True,0.65,0.5,camera_rgb_wb,0.41497288069,0.0110273822515,0.026573741959,37.6311323238,2,True,PASS
Nikon D40,FL11,True,0.65,0.5,linear_srgb_unclipped,0.495169079523,0.0196656670029,0.0397150545464,25.1793686656,2,True,PASS
Nikon D40,FL11,True,0.65,0.5,chromaticity,0.31824686466,0.0285907957162,0.0898384207076,11.1310950496,2,True,PASS
Nikon D40,FL11,True,0.65,0.65,camera_rgb_wb,0.402809842554,0.00944990379072,0.0234599624746,42.6258141326,2,True,PASS
Nikon D40,FL11,True,0.65,0.65,linear_srgb_unclipped,0.485392201323,0.0167415459145,0.0344907599852,28.9932724135,2,True,PASS
Nikon D40,FL11,True,0.65,0.65,chromaticity,0.315119496555,0.0254702449823,0.0808272584235,12.3720638248,2,True,PASS
Nikon D40,FL11,True,0.65,0.8,camera_rgb_wb,0.391976745354,0.00822059864636,0.0209721590472,47.6822628395,2,True,PASS
Nikon D40,FL11,True,0.65,0.8,linear_srgb_unclipped,0.476521656877,0.0144791899917,0.0303851667238,32.9107952275,2,True,PASS
Nikon D40,FL11,True,0.65,0.8,chromaticity,0.312346139135,0.0229636725319,0.0735199499999,13.6017502732,2,True,PASS
Nikon D40,FL11,True,0.8,0.2,camera_rgb_wb,0.324553761442,0.0115850204072,0.0356952276743,28.0149494808,2,True,PASS
Nikon D40,FL11,True,0.8,0.2,linear_srgb_unclipped,0.396306835903,0.0203915037529,0.0514538279574,19.4348999812,2,True,PASS
Nikon D40,FL11,True,0.8,0.2,chromaticity,0.283016974283,0.0320700069838,0.11331478285,8.82497388995,2,True,PASS
Nikon D40,FL11,True,0.8,0.35,camera_rgb_wb,0.313620035561,0.00945994809485,0.0301637236854,33.1524055329,2,True,PASS
Nikon D40,FL11,True,0.8,0.35,linear_srgb_unclipped,0.387608223225,0.0165058239987,0.0425837817923,23.4831186408,2,True,PASS
Nikon D40,FL11,True,0.8,0.35,chromaticity,0.277970522554,0.0275573396096,0.0991376328554,10.0869868606,2,True,PASS
Nikon D40,FL11,True,0.8,0.5,camera_rgb_wb,0.304204404937,0.00793685040773,0.0260905176878,38.3281011118,2,True,PASS
Nikon D40,FL11,True,0.8,0.5,linear_srgb_unclipped,0.379906037897,0.0137467984562,0.0361847327627,27.6359647744,2,True,PASS
Nikon D40,FL11,True,0.8,0.5,chromaticity,0.273907416982,0.0241835260284,0.0882908768768,11.3261985312,2,True,PASS
Nikon D40,FL11,True,0.8,0.65,camera_rgb_wb,0.295915063493,0.00679190112098,0.0229521979746,43.5688120634,2,True,PASS
Nikon D40,FL11,True,0.8,0.65,linear_srgb_unclipped,0.372955513199,0.0116896496351,0.0313432814943,31.9047640299,2,True,PASS
Nikon D40,FL11,True,0.8,0.65,chromaticity,0.270459072885,0.0215526677312,0.0796892021454,12.5487515633,2,True,PASS
Nikon D40,FL11,True,0.8,0.8,camera_rgb_wb,0.288500173168,0.0059006986771,0.0204530160669,48.8925445875,2,True,PASS
Nikon D40,FL11,True,0.8,0.8,linear_srgb_unclipped,0.366597979294,0.0100999999985,0.0275506155759,36.2968296387,2,True,PASS
Nikon D40,FL11,True,0.8,0.8,chromaticity,0.267430361971,0.0194359902739,0.0726768274577,13.7595439287,2,True,PASS
Nikon D50,FL11,True,0.2,0.2,camera_rgb_wb,1.40485124898,0.0469354586793,0.0334095575695,29.9315547032,2,True,PASS
Nikon D50,FL11,True,0.2,0.2,linear_srgb_unclipped,1.42092432083,0.0860643701967,0.0605692850315,16.5100182292,2,True,PASS
Nikon D50,FL11,True,0.2,0.2,chromaticity,0.523428109219,0.0496326868832,0.0948223567076,10.5460361324,2,True,PASS
Nikon D50,FL11,True,0.2,0.35,camera_rgb_wb,1.33717646228,0.0388181445478,0.0290299340759,34.4472018912,2,True,PASS
Nikon D50,FL11,True,0.2,0.35,linear_srgb_unclipped,1.36403197359,0.0704091607942,0.0516184093609,19.372933269,2,True,PASS
Nikon D50,FL11,True,0.2,0.35,chromaticity,0.519679786598,0.0428373297352,0.0824302403902,12.1314701409,2,True,PASS
Nikon D50,FL11,True,0.2,0.5,camera_rgb_wb,1.28017302983,0.0329490368174,0.0257379557682,38.8531245063,2,True,PASS
Nikon D50,FL11,True,0.2,0.5,linear_srgb_unclipped,1.31621124694,0.0591791095992,0.0449617109236,22.2411465102,2,True,PASS
Nikon D50,FL11,True,0.2,0.5,chromaticity,0.516584426136,0.0377692332614,0.0731133796346,13.6773871622,2,True,PASS
Nikon D50,FL11,True,0.2,0.65,camera_rgb_wb,1.23097097384,0.0285018507409,0.0231539584171,43.1891593647,2,True,PASS
Nikon D50,FL11,True,0.2,0.65,linear_srgb_unclipped,1.27497730812,0.0507335636442,0.0397917385049,25.1308446822,2,True,PASS
Nikon D50,FL11,True,0.2,0.65,chromaticity,0.513918866166,0.0338156460308,0.0657995809399,15.1976651783,2,True,PASS
Nikon D50,FL11,True,0.2,0.8,camera_rgb_wb,1.18774045511,0.0250145315619,0.0210606041532,47.4820186889,2,True,PASS
Nikon D50,FL11,True,0.2,0.8,linear_srgb_unclipped,1.23875239296,0.0441585494425,0.0356475997086,28.0523796321,2,True,PASS
Nikon D50,FL11,True,0.2,0.8,chromaticity,0.511556574637,0.030628781076,0.0598736925582,16.7018260821,2,True,PASS
Nikon D50,FL11,True,0.35,0.2,camera_rgb_wb,0.91688827818,0.0329863898618,0.0359764549802,27.7959571212,2,True,PASS
Nikon D50,FL11,True,0.35,0.2,linear_srgb_unclipped,0.9593979265,0.0609497423102,0.0635291578465,15.7408036545,2,True,PASS
Nikon D50,FL11,True,0.35,0.2,chromaticity,0.445437018569,0.048463840791,0.108800658164,9.19112087071,2,True,PASS
Nikon D50,FL11,True,0.35,0.35,camera_rgb_wb,0.877237426518,0.0271489909211,0.0309482816173,32.3119717071,2,True,PASS
Nikon D50,FL11,True,0.35,0.35,linear_srgb_unclipped,0.928540480107,0.0496829540222,0.0535065030406,18.6893170582,2,True,PASS
Nikon D50,FL11,True,0.35,0.35,chromaticity,0.44175334872,0.0416664594704,0.0943206420305,10.6021330906,2,True,PASS
Nikon D50,FL11,True,0.35,0.5,camera_rgb_wb,0.843640354223,0.0229411099935,0.027192997441,36.7741732837,2,True,PASS
Nikon D50,FL11,True,0.35,0.5,linear_srgb_unclipped,0.902267109523,0.0416253372272,0.046134162254,21.6759111067,2,True,PASS
Nikon D50,FL11,True,0.35,0.5,chromaticity,0.438693512167,0.0366113047254,0.0834553138124,11.9824604848,2,True,PASS
Nikon D50,FL11,True,0.35,0.65,camera_rgb_wb,0.81448483342,0.019761581699,0.0242626760967,41.2155689675,2,True,PASS
Nikon D50,FL11,True,0.35,0.65,linear_srgb_unclipped,0.879337967344,0.0355815887959,0.040464065146,24.7132856373,2,True,PASS
Nikon D50,FL11,True,0.35,0.65,chromaticity,0.436034952176,0.0326791160668,0.0749460929766,13.3429236973,2,True,PASS
Nikon D50,FL11,True,0.35,0.8,camera_rgb_wb,0.788741346506,0.0172749128998,0.0219018731252,45.6581952732,2,True,PASS
Nikon D50,FL11,True,0.35,0.8,linear_srgb_unclipped,0.858965577396,0.0308874602159,0.0359589033935,27.8095243633,2,True,PASS
Nikon D50,FL11,True,0.35,0.8,chromaticity,0.433655587168,0.0295183601649,0.0680686725557,14.6910460048,2,True,PASS
Nikon D50,FL11,True,0.5,0.2,camera_rgb_wb,0.630627972517,0.0235806697812,0.0373923625479,26.7434291888,2,True,PASS
Nikon D50,FL11,True,0.5,0.2,linear_srgb_unclipped,0.693378922539,0.0430482127428,0.0620846860835,16.10703159,2,True,PASS
Nikon D50,FL11,True,0.5,0.2,chromaticity,0.379085920296,0.0448133128182,0.118214131465,8.45922553937,2,True,PASS
Nikon D50,FL11,True,0.5,0.35,camera_rgb_wb,0.605939867152,0.0193411109867,0.031919192044,31.3291138016,2,True,PASS
Nikon D50,FL11,True,0.5,0.35,linear_srgb_unclipped,0.674749506476,0.0349885651588,0.0518541545017,19.284857879,2,True,PASS
Nikon D50,FL11,True,0.5,0.35,chromaticity,0.375145655165,0.0384542121214,0.1025047514,9.75564533686,2,True,PASS
Nikon D50,FL11,True,0.5,0.5,camera_rgb_wb,0.584901666299,0.0162914025791,0.0278532333172,35.902474539,2,True,PASS
Nikon D50,FL11,True,0.5,0.5,linear_srgb_unclipped,0.65865668352,0.0292401735176,0.044393648845,22.5257446958,2,True,PASS
Nikon D50,FL11,True,0.5,0.5,chromaticity,0.371892454388,0.0337266023279,0.0906891278108,11.0266800899,2,True,PASS
Nikon D50,FL11,True,0.5,0.65,camera_rgb_wb,0.566550532016,0.0139915289539,0.0246959947316,40.4923960693,2,True,PASS
Nikon D50,FL11,True,0.5,0.65,linear_srgb_unclipped,0.644429578341,0.0249384935813,0.0386985551556,25.8407580329,2,True,PASS
Nikon D50,FL11,True,0.5,0.65,chromaticity,0.369072803095,0.0300524506744,0.0814268903653,12.2809552902,2,True,PASS
Nikon D50,FL11,True,0.5,0.8,camera_rgb_wb,0.550270656688,0.0121962016417,0.0221640051009,45.1181993258,2,True,PASS
Nikon D50,FL11,True,0.5,0.8,linear_srgb_unclipped,0.63164087407,0.0216041960618,0.034203290111,29.2369534262,2,True,PASS
Nikon D50,FL11,True,0.5,0.8,chromaticity,0.36655117846,0.0271024923976,0.0739391768195,13.5246298784,2,True,PASS
Nikon D50,FL11,True,0.65,0.2,camera_rgb_wb,0.449616481686,0.0170012710905,0.0378128288953,26.4460509625,2,True,PASS
Nikon D50,FL11,True,0.65,0.2,linear_srgb_unclipped,0.520079241729,0.0303002242223,0.0582607837252,17.1642043938,2,True,PASS
Nikon D50,FL11,True,0.65,0.2,chromaticity,0.325341549525,0.0394777015712,0.121342329711,8.24114719389,2,True,PASS
Nikon D50,FL11,True,0.65,0.35,camera_rgb_wb,0.433519905605,0.0139114828821,0.032089605811,31.1627386727,2,True,PASS
Nikon D50,FL11,True,0.65,0.35,linear_srgb_unclipped,0.507850429867,0.0245735550008,0.0483873864344,20.6665429503,2,True,PASS
Nikon D50,FL11,True,0.65,0.35,chromaticity,0.320871909663,0.033874652991,0.105570640405,9.4723305283,2,True,PASS
Nikon D50,FL11,True,0.65,0.5,camera_rgb_wb,0.41972564143,0.0116924675018,0.0278574057615,35.8970971153,2,True,PASS
Nikon D50,FL11,True,0.65,0.5,linear_srgb_unclipped,0.497139809546,0.0204982263992,0.0412323173593,24.2528207009,2,True,PASS
Nikon D50,FL11,True,0.65,0.5,chromaticity,0.317230542182,0.0296998452988,0.0936222757574,10.6812186727,2,True,PASS
Nikon D50,FL11,True,0.65,0.65,camera_rgb_wb,0.407632707985,0.0100215866064,0.0245848441748,40.6754662706,2,True,PASS
Nikon D50,FL11,True,0.65,0.65,linear_srgb_unclipped,0.487558629523,0.0174542905323,0.0357993674512,27.933454449,2,True,PASS
Nikon D50,FL11,True,0.65,0.65,chromaticity,0.314106795481,0.0264516887066,0.0842124051028,11.8747350676,2,True,PASS
Nikon D50,FL11,True,0.65,0.8,camera_rgb_wb,0.39685590227,0.00871913217478,0.0219705241245,45.5155277285,2,True,PASS
Nikon D50,FL11,True,0.65,0.8,linear_srgb_unclipped,0.478857682394,0.0150987237566,0.0315307121755,31.7151098406,2,True,PASS
Nikon D50,FL11,True,0.65,0.8,chromaticity,0.311336425297,0.023842460593,0.0765810186528,13.0580660533,2,True,PASS
Nikon D50,FL11,True,0.8,0.2,camera_rgb_wb,0.328183932274,0.0122708872401,0.0373902742742,26.7449228285,2,True,PASS
Nikon D50,FL11,True,0.8,0.2,linear_srgb_unclipped,0.397330099249,0.021254262312,0.053492706322,18.6941373648,2,True,PASS
Nikon D50,FL11,True,0.8,0.2,chromaticity,0.282614771948,0.0333740139804,0.118090125829,8.46810851444,2,True,PASS
Nikon D50,FL11,True,0.8,0.35,camera_rgb_wb,0.317340115528,0.0100237508473,0.031586775062,31.6588191747,2,True,PASS
Nikon D50,FL11,True,0.8,0.35,linear_srgb_unclipped,0.388854433689,0.0172108387597,0.0442603639528,22.5935783327,2,True,PASS
Nikon D50,FL11,True,0.8,0.35,chromaticity,0.277497769701,0.0286789923764,0.103348550899,9.67599440241,2,True,PASS
Nikon D50,FL11,True,0.8,0.5,camera_rgb_wb,0.307994578546,0.00841214252918,0.0273126318291,36.613095591,2,True,PASS
Nikon D50,FL11,True,0.8,0.5,linear_srgb_unclipped,0.381339676444,0.0143382261485,0.0375996179631,26.5960149111,2,True,PASS
Nikon D50,FL11,True,0.8,0.5,chromaticity,0.273385162854,0.0251659080376,0.0920529401629,10.8633140694,2,True,PASS
Nikon D50,FL11,True,0.8,0.65,camera_rgb_wb,0.29976100043,0.0072001684258,0.0240196970769,41.6324983949,2,True,PASS
Nikon D50,FL11,True,0.8,0.65,linear_srgb_unclipped,0.374549570924,0.0121956477433,0.0325608375768,30.7117406805,2,True,PASS
Nikon D50,FL11,True,0.8,0.65,chromaticity,0.269898989405,0.0224251614953,0.0830872377283,12.03554273,2,True,PASS
Nikon D50,FL11,True,0.8,0.8,camera_rgb_wb,0.292391035349,0.00625653851376,0.0213978465732,46.7336746518,2,True,PASS
Nikon D50,FL11,True,0.8,0.8,linear_srgb_unclipped,0.368331193832,0.0105395997577,0.0286144641948,34.9473606493,2,True,PASS
Nikon D50,FL11,True,0.8,0.8,chromaticity,0.266839508886,0.0202195163988,0.0757740728995,13.1971261638,2,True,PASS
Nikon D5100,FL11,True,0.2,0.2,camera_rgb_wb,1.42116162606,0.039636423467,0.0278901588251,35.8549410304,2,True,PASS
Nikon D5100,FL11,True,0.2,0.2,linear_srgb_unclipped,1.42992973095,0.0845322131647,0.0591163407091,16.9157966817,2,True,PASS
Nikon D5100,FL11,True,0.2,0.2,chromaticity,0.482186422616,0.0411119147446,0.0852614524514,11.7286296591,2,True,PASS
Nikon D5100,FL11,True,0.2,0.35,camera_rgb_wb,1.35341291533,0.0327012059589,0.0241620318444,41.3872478291,2,True,PASS
Nikon D5100,FL11,True,0.2,0.35,linear_srgb_unclipped,1.37326725838,0.0691917023967,0.0503847317225,19.847282417,2,True,PASS
Nikon D5100,FL11,True,0.2,0.35,chromaticity,0.479686987396,0.0354465680089,0.0738952044568,13.5326778964,2,True,PASS
Nikon D5100,FL11,True,0.2,0.5,camera_rgb_wb,1.29619701954,0.0277008494794,0.0213708634273,46.7926812318,2,True,PASS
Nikon D5100,FL11,True,0.2,0.5,linear_srgb_unclipped,1.32548424381,0.0581896779717,0.0439006938359,22.778683265,2,True,PASS
Nikon D5100,FL11,True,0.2,0.5,chromaticity,0.477629536012,0.0312269446029,0.0653790066327,15.295429703,2,True,PASS
Nikon D5100,FL11,True,0.2,0.65,camera_rgb_wb,1.24670486376,0.0239211782245,0.0191875229815,52.1172014212,2,True,PASS
Nikon D5100,FL11,True,0.2,0.65,linear_srgb_unclipped,1.28417452003,0.0499158271116,0.0388699715911,25.7268003826,2,True,PASS
Nikon D5100,FL11,True,0.2,0.65,chromaticity,0.475849104088,0.0279389887776,0.058713967385,17.0317225106,2,True,PASS
Nikon D5100,FL11,True,0.2,0.8,camera_rgb_wb,1.20314037127,0.0209637876966,0.0174242243026,57.3913640362,2,True,PASS
Nikon D5100,FL11,True,0.2,0.8,linear_srgb_unclipped,1.24780447125,0.0434739107797,0.0348403229682,28.7023745707,2,True,PASS
Nikon D5100,FL11,True,0.2,0.8,chromaticity,0.474256358706,0.0252912655401,0.053328258179,18.7517844037,2,True,PASS
Nikon D5100,FL11,True,0.35,0.2,camera_rgb_wb,0.926693806081,0.028113620229,0.030337550596,32.9624501766,2,True,PASS
Nikon D5100,FL11,True,0.35,0.2,linear_srgb_unclipped,0.964760549357,0.0597829103747,0.0619665785614,16.1377313903,2,True,PASS
Nikon D5100,FL11,True,0.35,0.2,chromaticity,0.418345290966,0.0400220074029,0.0956674026626,10.4528812549,2,True,PASS
Nikon D5100,FL11,True,0.35,0.35,camera_rgb_wb,0.886598307133,0.0230783950444,0.0260302719492,38.4168095497,2,True,PASS
Nikon D5100,FL11,True,0.35,0.35,linear_srgb_unclipped,0.933613946638,0.0487559622921,0.052222829862,19.1487133624,2,True,PASS
Nikon D5100,FL11,True,0.35,0.35,chromaticity,0.415426705416,0.0343929465485,0.0827894454067,12.0788343863,2,True,PASS
Nikon D5100,FL11,True,0.35,0.5,camera_rgb_wb,0.852563710609,0.0194579488408,0.0228228677795,43.8157031651,2,True,PASS
Nikon D5100,FL11,True,0.35,0.5,linear_srgb_unclipped,0.907046202149,0.0408710121775,0.0450594601253,22.1928979446,2,True,PASS
Nikon D5100,FL11,True,0.35,0.5,chromaticity,0.413000981402,0.0302096058248,0.0731465715221,13.6711807429,2,True,PASS
Nikon D5100,FL11,True,0.35,0.65,camera_rgb_wb,0.822986961391,0.016728387499,0.0203264307745,49.1970287896,2,True,PASS
Nikon D5100,FL11,True,0.35,0.65,linear_srgb_unclipped,0.883829185825,0.0349566337124,0.0395513457498,25.28358975,2,True,PASS
Nikon D5100,FL11,True,0.35,0.65,chromaticity,0.410883259819,0.0269573884295,0.0656083882352,15.241953459,2,True,PASS
Nikon D5100,FL11,True,0.35,0.8,camera_rgb_wb,0.796841780552,0.014597950783,0.0183197607596,54.5858656738,2,True,PASS
Nikon D5100,FL11,True,0.35,0.8,linear_srgb_unclipped,0.863180388026,0.0303624148487,0.0351750517851,28.4292403067,2,True,PASS
Nikon D5100,FL11,True,0.35,0.8,chromaticity,0.408974997975,0.0243444089935,0.0595254211479,16.7995451475,2,True,PASS
Nikon D5100,FL11,True,0.5,0.2,camera_rgb_wb,0.633681265223,0.0202631739648,0.0319769181714,31.2725571188,2,True,PASS
Nikon D5100,FL11,True,0.5,0.2,linear_srgb_unclipped,0.695448767912,0.0421724978794,0.0606406968065,16.4905756804,2,True,PASS
Nikon D5100,FL11,True,0.5,0.2,chromaticity,0.360651134845,0.037085909554,0.102830425225,9.72474827186,2,True,PASS
Nikon D5100,FL11,True,0.5,0.35,camera_rgb_wb,0.608718002792,0.0165786057382,0.0272352808068,36.7170805799,2,True,PASS
Nikon D5100,FL11,True,0.5,0.35,linear_srgb_unclipped,0.67655208886,0.0342918401246,0.0506861787721,19.7292442284,2,True,PASS
Nikon D5100,FL11,True,0.5,0.35,chromaticity,0.357211717616,0.031817282381,0.0890712169057,11.2269713465,2,True,PASS
Nikon D5100,FL11,True,0.5,0.5,camera_rgb_wb,0.587417161219,0.0139339953041,0.0237207834976,42.1571235242,2,True,PASS
Nikon D5100,FL11,True,0.5,0.5,linear_srgb_unclipped,0.660217456483,0.0286715706835,0.0434274653025,23.0269022849,2,True,PASS
Nikon D5100,FL11,True,0.5,0.5,chromaticity,0.354365696629,0.0279023187226,0.0787387689838,12.7002239545,2,True,PASS
Nikon D5100,FL11,True,0.5,0.65,camera_rgb_wb,0.568818606485,0.0119435005226,0.0209970285543,47.6257865446,2,True,PASS
Nikon D5100,FL11,True,0.5,0.65,linear_srgb_unclipped,0.645771297059,0.0244654885619,0.0378856859593,26.3951931892,2,True,PASS
Nikon D5100,FL11,True,0.5,0.65,chromaticity,0.351890232443,0.0248607185257,0.0706490724485,14.1544675017,2,True,PASS
Nikon D5100,FL11,True,0.5,0.8,camera_rgb_wb,0.552306729966,0.0103924306966,0.0188164114844,53.1450962809,2,True,PASS
Nikon D5100,FL11,True,0.5,0.8,linear_srgb_unclipped,0.632783485642,0.021204800518,0.0335103570165,29.8415203248,2,True,PASS
Nikon D5100,FL11,True,0.5,0.8,chromaticity,0.349667525902,0.0224191774234,0.0641156978061,15.5968044366,2,True,PASS
Nikon D5100,FL11,True,0.65,0.2,camera_rgb_wb,0.448748152175,0.014702985126,0.0327644471731,30.5208873117,2,True,PASS
Nikon D5100,FL11,True,0.65,0.2,linear_srgb_unclipped,0.520516844752,0.0296584514622,0.056978850466,17.5503716172,2,True,PASS
Nikon D5100,FL11,True,0.65,0.2,chromaticity,0.311440524541,0.0329074975521,0.105662221063,9.46412057156,2,True,PASS
Nikon D5100,FL11,True,0.65,0.35,camera_rgb_wb,0.4325440005,0.0120040997156,0.0277523204615,36.0330229462,2,True,PASS
Nikon D5100,FL11,True,0.65,0.35,linear_srgb_unclipped,0.508092761307,0.0240620182251,0.0473575300761,21.115966107,2,True,PASS
Nikon D5100,FL11,True,0.65,0.35,chromaticity,0.307396414524,0.0282296302757,0.091834611407,10.8891406484,2,True,PASS
Nikon D5100,FL11,True,0.65,0.5,camera_rgb_wb,0.418642471738,0.0100694880001,0.0240527148578,41.5753483925,2,True,PASS
Nikon D5100,FL11,True,0.65,0.5,linear_srgb_unclipped,0.497212212207,0.0200795433384,0.040384252127,24.762127496,2,True,PASS
Nikon D5100,FL11,True,0.65,0.5,chromaticity,0.304086274122,0.0247469693721,0.0813814087584,12.2878187446,2,True,PASS
Nikon D5100,FL11,True,0.65,0.65,camera_rgb_wb,0.406446107059,0.00861516341298,0.0211963240965,47.1779915917,2,True,PASS
Nikon D5100,FL11,True,0.65,0.65,linear_srgb_unclipped,0.487481480295,0.0171047002652,0.0350878976056,28.4998551706,2,True,PASS
Nikon D5100,FL11,True,0.65,0.65,chromaticity,0.301235051366,0.0220386400519,0.0731609417695,13.6684954542,2,True,PASS
Nikon D5100,FL11,True,0.65,0.8,camera_rgb_wb,0.395571014323,0.00748320885681,0.0189174853208,52.8611484582,2,True,PASS
Nikon D5100,FL11,True,0.65,0.8,linear_srgb_unclipped,0.478647671027,0.0148022369269,0.0309251205489,32.3361714442,2,True,PASS
Nikon D5100,FL11,True,0.65,0.8,chromaticity,0.29869748131,0.0198637156714,0.0665011153905,15.0373417668,2,True,PASS
Nikon D5100,FL11,True,0.8,0.2,camera_rgb_wb,0.32561501086,0.0106606605307,0.0327400770087,30.5436056163,2,True,PASS
Nikon D5100,FL11,True,0.8,0.2,linear_srgb_unclipped,0.397104362892,0.0207914609061,0.0523576743269,19.0993968479,2,True,PASS
Nikon D5100,FL11,True,0.8,0.2,chromaticity,0.270644002549,0.0281442489836,0.103989922993,9.6163163816,2,True,PASS
Nikon D5100,FL11,True,0.8,0.35,camera_rgb_wb,0.314752478995,0.00869180551147,0.027614732501,36.2125542938,2,True,PASS
Nikon D5100,FL11,True,0.8,0.35,linear_srgb_unclipped,0.388483653244,0.0168412999353,0.0433513734612,23.0673199061,2,True,PASS
Nikon D5100,FL11,True,0.8,0.35,chromaticity,0.265989288305,0.0241712718005,0.0908731022762,11.0043563492,2,True,PASS
Nikon D5100,FL11,True,0.8,0.5,camera_rgb_wb,0.305382150139,0.00728203110719,0.0238456344088,41.9363973655,2,True,PASS
Nikon D5100,FL11,True,0.8,0.5,linear_srgb_unclipped,0.380845346763,0.0140350147693,0.0368522679575,27.1353719981,2,True,PASS
Nikon D5100,FL11,True,0.8,0.5,chromaticity,0.262223602898,0.0212027803664,0.0808576349804,12.3674158939,2,True,PASS
Nikon D5100,FL11,True,0.8,0.65,camera_rgb_wb,0.297121521258,0.00622330325577,0.0209453129798,47.7433782425,2,True,PASS
Nikon D5100,FL11,True,0.8,0.65,linear_srgb_unclipped,0.373948323056,0.0119417114827,0.0319341223011,31.3144664059,2,True,PASS
Nikon D5100,FL11,True,0.8,0.65,chromaticity,0.259015119963,0.018889037203,0.0729263882577,13.7124575053,2,True,PASS
Nikon D5100,FL11,True,0.8,0.8,camera_rgb_wb,0.289724105106,0.0054000097921,0.0186384553336,53.6525147658,2,True,PASS
Nikon D5100,FL11,True,0.8,0.8,linear_srgb_unclipped,0.367636276364,0.0103234987888,0.0280807402656,35.6115967935,2,True,PASS
Nikon D5100,FL11,True,0.8,0.8,chromaticity,0.256188007924,0.0170281820129,0.0664675218441,15.0449418341,2,True,PASS
Nikon D700,FL11,True,0.2,0.2,camera_rgb_wb,1.41669966529,0.0478192485312,0.0337539774329,29.6261381933,2,True,PASS
Nikon D700,FL11,True,0.2,0.2,linear_srgb_unclipped,1.42576175024,0.0854160608185,0.0599090702244,16.6919632746,2,True,PASS
Nikon D700,FL11,True,0.2,0.2,chromaticity,0.51333104348,0.0500396280965,0.0974802298285,10.2584903807,2,True,PASS
Nikon D700,FL11,True,0.2,0.35,camera_rgb_wb,1.34922741965,0.0395325521421,0.0293001398921,34.1295298822,2,True,PASS
Nikon D700,FL11,True,0.2,0.35,linear_srgb_unclipped,1.36914495296,0.0699095086268,0.0510607065202,19.5845312012,2,True,PASS
Nikon D700,FL11,True,0.2,0.35,chromaticity,0.510157821298,0.0431608242178,0.0846028864323,11.8199276901,2,True,PASS
Nikon D700,FL11,True,0.2,0.5,camera_rgb_wb,1.29231717471,0.0335412122111,0.0259543190073,38.5292328309,2,True,PASS
Nikon D700,FL11,True,0.2,0.5,linear_srgb_unclipped,1.3214670866,0.0587813741106,0.0444819055326,22.4810512955,2,True,PASS
Nikon D700,FL11,True,0.2,0.5,chromaticity,0.50753075254,0.0380327999076,0.0749369367615,13.3445540106,2,True,PASS
Nikon D700,FL11,True,0.2,0.65,camera_rgb_wb,1.24313984006,0.0290017999622,0.0233294751142,42.864230554,2,True,PASS
Nikon D700,FL11,True,0.2,0.65,linear_srgb_unclipped,1.28029387052,0.0504094410924,0.039373336273,25.397898544,2,True,PASS
Nikon D700,FL11,True,0.2,0.65,chromaticity,0.505257387114,0.0340341235196,0.06735997214,14.8456118408,2,True,PASS
Nikon D700,FL11,True,0.2,0.8,camera_rgb_wb,1.19988915636,0.0254426170444,0.0212041394904,47.1606027896,2,True,PASS
Nikon D700,FL11,True,0.2,0.8,linear_srgb_unclipped,1.24407660453,0.0438896947567,0.0352789326614,28.3455287493,2,True,PASS
Nikon D700,FL11,True,0.2,0.8,chromaticity,0.503230302985,0.0308121903815,0.0612288055762,16.3321820602,2,True,PASS
Nikon D700,FL11,True,0.35,0.2,camera_rgb_wb,0.924719592089,0.0336279043301,0.036365515144,27.4985792457,2,True,PASS
Nikon D700,FL11,True,0.35,0.2,linear_srgb_unclipped,0.962703171409,0.0604731812057,0.0628160195185,15.919506006,2,True,PASS
Nikon D700,FL11,True,0.35,0.2,chromaticity,0.441240214662,0.0488809047374,0.11078071108,9.02684222055,2,True,PASS
Nikon D700,FL11,True,0.35,0.35,camera_rgb_wb,0.884990500919,0.0276716133916,0.031267695374,31.9818901918,2,True,PASS
Nikon D700,FL11,True,0.35,0.35,linear_srgb_unclipped,0.931713665828,0.0493147418381,0.0529290742927,18.8932078137,2,True,PASS
Nikon D700,FL11,True,0.35,0.35,chromaticity,0.437857974111,0.042002198408,0.0959265352955,10.4246442021,2,True,PASS
Nikon D700,FL11,True,0.35,0.5,camera_rgb_wb,0.851304038607,0.0233776140519,0.0274609457863,36.4153517428,2,True,PASS
Nikon D700,FL11,True,0.35,0.5,linear_srgb_unclipped,0.905308516852,0.0413313575417,0.0456544446145,21.9036724342,2,True,PASS
Nikon D700,FL11,True,0.35,0.5,chromaticity,0.435038726161,0.0368884388838,0.0847934601347,11.7933623467,2,True,PASS
Nikon D700,FL11,True,0.35,0.65,camera_rgb_wb,0.82205440119,0.0201328984187,0.0244909563035,40.8313986439,2,True,PASS
Nikon D700,FL11,True,0.35,0.65,linear_srgb_unclipped,0.88225191601,0.0353412307136,0.0400579812548,24.9638141682,2,True,PASS
Nikon D700,FL11,True,0.35,0.65,chromaticity,0.432578096152,0.032912005934,0.0760833852354,13.1434740569,2,True,PASS
Nikon D700,FL11,True,0.35,0.8,camera_rgb_wb,0.796215345679,0.0175952834441,0.0220986489893,45.2516350878,2,True,PASS
Nikon D700,FL11,True,0.35,0.8,linear_srgb_unclipped,0.861757985325,0.0306873873431,0.035610215241,28.0818297006,2,True,PASS
Nikon D700,FL11,True,0.35,0.8,chromaticity,0.430365183893,0.0297167152711,0.0690499984275,14.4822595622,2,True,PASS
Nikon D700,FL11,True,0.5,0.2,camera_rgb_wb,0.634870352926,0.0240099360413,0.0378186442802,26.4419843449,2,True,PASS
Nikon D700,FL11,True,0.5,0.2,linear_srgb_unclipped,0.694674229117,0.0426951083834,0.0614606193721,16.270581231,2,True,PASS
Nikon D700,FL11,True,0.5,0.2,chromaticity,0.378059164174,0.0452677736281,0.119737273733,8.35161824568,2,True,PASS
Nikon D700,FL11,True,0.5,0.35,camera_rgb_wb,0.610141511333,0.0196903456608,0.0322717685898,30.9868359776,2,True,PASS
Nikon D700,FL11,True,0.5,0.35,linear_srgb_unclipped,0.675928705915,0.0347138514947,0.0513572676984,19.471440846,2,True,PASS
Nikon D700,FL11,True,0.5,0.35,chromaticity,0.374245473397,0.0388243862561,0.103740429787,9.63944338819,2,True,PASS
Nikon D700,FL11,True,0.5,0.5,camera_rgb_wb,0.589061682212,0.016582755521,0.0281511359876,35.5225451804,2,True,PASS
Nikon D700,FL11,True,0.5,0.5,linear_srgb_unclipped,0.659735721397,0.0290191682654,0.0439860497532,22.7344807185,2,True,PASS
Nikon D700,FL11,True,0.5,0.5,chromaticity,0.371088635798,0.0340358044134,0.0917188001195,10.9028901239,2,True,PASS
Nikon D700,FL11,True,0.5,0.65,camera_rgb_wb,0.570669077864,0.0142391348025,0.0249516494844,40.0775107323,2,True,PASS
Nikon D700,FL11,True,0.5,0.65,linear_srgb_unclipped,0.645420851679,0.0247563130933,0.0383568535613,26.0709601324,2,True,PASS
Nikon D700,FL11,True,0.5,0.65,chromaticity,0.368344869889,0.03031545212,0.0823018171236,12.1504000148,2,True,PASS
Nikon D700,FL11,True,0.5,0.8,camera_rgb_wb,0.554348337266,0.012409668556,0.0223860481249,44.6706803461,2,True,PASS
Nikon D700,FL11,True,0.5,0.8,linear_srgb_unclipped,0.632554317431,0.0214512217842,0.0339120628744,29.4880321408,2,True,PASS
Nikon D700,FL11,True,0.5,0.8,chromaticity,0.365884486392,0.0273292958993,0.0746937815504,13.3879953491,2,True,PASS
Nikon D700,FL11,True,0.65,0.2,camera_rgb_wb,0.451772494833,0.0172784724086,0.0382459592078,26.146553014,2,True,PASS
Nikon D700,FL11,True,0.65,0.2,linear_srgb_unclipped,0.52034188557,0.0300409371163,0.0577330750213,17.3210936648,2,True,PASS
Nikon D700,FL11,True,0.65,0.2,chromaticity,0.325720185571,0.0399694539305,0.122711013014,8.14922781126,2,True,PASS
Nikon D700,FL11,True,0.65,0.35,camera_rgb_wb,0.435688086313,0.0141356431293,0.032444410516,30.82195004,2,True,PASS
Nikon D700,FL11,True,0.65,0.35,linear_srgb_unclipped,0.508043919704,0.0243701813006,0.0479686506529,20.8469487132,2,True,PASS
Nikon D700,FL11,True,0.65,0.35,chromaticity,0.321281820548,0.0342783721549,0.106692535844,9.37272689311,2,True,PASS
Nikon D700,FL11,True,0.65,0.5,camera_rgb_wb,0.421901338012,0.0118784456242,0.0281545578409,35.5182278355,2,True,PASS
Nikon D700,FL11,True,0.65,0.5,linear_srgb_unclipped,0.497276761767,0.0203332317914,0.0408891654602,24.456356317,2,True,PASS
Nikon D700,FL11,True,0.65,0.5,chromaticity,0.317658826452,0.0300397469675,0.0945660704694,10.5746172495,2,True,PASS
Nikon D700,FL11,True,0.65,0.65,camera_rgb_wb,0.409812542091,0.0101788299366,0.0248377706662,40.2612623104,2,True,PASS
Nikon D700,FL11,True,0.65,0.65,linear_srgb_unclipped,0.487648082244,0.0173171006984,0.0355114709336,28.1599149151,2,True,PASS
Nikon D700,FL11,True,0.65,0.65,chromaticity,0.314545518868,0.0267431340073,0.085021506914,11.7617298998,2,True,PASS
Nikon D700,FL11,True,0.65,0.8,camera_rgb_wb,0.399037290213,0.00885404147644,0.0221885064218,45.06837824,2,True,PASS
Nikon D700,FL11,True,0.65,0.8,linear_srgb_unclipped,0.4789064311,0.0149825022748,0.0312848216308,31.9643823386,2,True,PASS
Nikon D700,FL11,True,0.65,0.8,chromaticity,0.311780451701,0.024095856251,0.0772846922234,12.9391729621,2,True,PASS
Nikon D700,FL11,True,0.8,0.2,camera_rgb_wb,0.329286470532,0.0124471485737,0.0378003643866,26.4547714348,2,True,PASS
Nikon D700,FL11,True,0.8,0.2,linear_srgb_unclipped,0.397169024984,0.0210648428501,0.0530374765529,18.8545923561,2,True,PASS
Nikon D700,FL11,True,0.8,0.2,chromaticity,0.283416302419,0.033882889974,0.119551661936,8.36458468084,2,True,PASS
Nikon D700,FL11,True,0.8,0.35,camera_rgb_wb,0.318479056233,0.010165092319,0.0319176163082,31.3306604837,2,True,PASS
Nikon D700,FL11,True,0.8,0.35,linear_srgb_unclipped,0.38865122362,0.0170610666495,0.0438981421196,22.7800073469,2,True,PASS
Nikon D700,FL11,True,0.8,0.35,chromaticity,0.278285673637,0.0290993324807,0.104566405092,9.563300939,2,True,PASS
Nikon D700,FL11,True,0.8,0.5,camera_rgb_wb,0.309162683569,0.00852850811655,0.0275858263944,36.2505000106,2,True,PASS
Nikon D700,FL11,True,0.8,0.5,linear_srgb_unclipped,0.381103307469,0.0142157630655,0.0373015998204,26.8085016411,2,True,PASS
Nikon D700,FL11,True,0.8,0.5,chromaticity,0.274155385587,0.0255218983977,0.0930928215874,10.7419668128,2,True,PASS
Nikon D700,FL11,True,0.8,0.65,camera_rgb_wb,0.300952810415,0.00729784636797,0.0242491384543,41.2385785121,2,True,PASS
Nikon D700,FL11,True,0.8,0.65,linear_srgb_unclipped,0.374286218876,0.0120930379741,0.0323095998843,30.9505535067,2,True,PASS
Nikon D700,FL11,True,0.8,0.65,chromaticity,0.270649960433,0.0227321871473,0.0839910972498,11.9060237661,2,True,PASS
Nikon D700,FL11,True,0.8,0.8,camera_rgb_wb,0.293602269173,0.00633976889851,0.021593051431,46.3111942838,2,True,PASS
Nikon D700,FL11,True,0.8,0.8,linear_srgb_unclipped,0.368045345122,0.0104520134771,0.0283987112338,35.2128655335,2,True,PASS
Nikon D700,FL11,True,0.8,0.8,chromaticity,0.267570883377,0.020488015382,0.0765704217267,13.059873218,2,True,PASS
Nikon D80,FL11,True,0.2,0.2,camera_rgb_wb,1.43082644398,0.0496956121672,0.034732103517,28.7918063906,2,True,PASS
Nikon D80,FL11,True,0.2,0.2,linear_srgb_unclipped,1.4424915977,0.0864375074674,0.0599223646124,16.6882599922,2,True,PASS
Nikon D80,FL11,True,0.2,0.2,chromaticity,0.520990540331,0.0519417000771,0.0996979715679,10.0302943407,2,True,PASS
Nikon D80,FL11,True,0.2,0.35,camera_rgb_wb,1.36309321614,0.0411634216616,0.0301985375425,33.1141863606,2,True,PASS
Nikon D80,FL11,True,0.2,0.35,linear_srgb_unclipped,1.38613692489,0.0708063626927,0.0510817953271,19.5764458472,2,True,PASS
Nikon D80,FL11,True,0.2,0.35,chromaticity,0.519256264214,0.044818729502,0.0863133150062,11.5856979879,2,True,PASS
Nikon D80,FL11,True,0.2,0.5,camera_rgb_wb,1.30582755192,0.0349952607398,0.0267992972643,37.314411275,2,True,PASS
Nikon D80,FL11,True,0.2,0.5,linear_srgb_unclipped,1.33845929656,0.0596050133034,0.044532555795,22.4554818862,2,True,PASS
Nikon D80,FL11,True,0.2,0.5,chromaticity,0.51784514279,0.0395171780597,0.07631080181,13.1043047155,2,True,PASS
Nikon D80,FL11,True,0.2,0.65,camera_rgb_wb,1.25624830341,0.0303192560216,0.024134763756,41.4340082261,2,True,PASS
Nikon D80,FL11,True,0.2,0.65,linear_srgb_unclipped,1.29713022663,0.0511826403639,0.0394583668726,25.3431674765,2,True,PASS
Nikon D80,FL11,True,0.2,0.65,chromaticity,0.516628866266,0.03538566676,0.068493398396,14.5999471981,2,True,PASS
Nikon D80,FL11,True,0.2,0.8,camera_rgb_wb,1.21257458355,0.0266495845057,0.0219776868716,45.5006937647,2,True,PASS
Nikon D80,FL11,True,0.2,0.8,linear_srgb_unclipped,1.26066044662,0.0446237492031,0.0353971200754,28.2508858876,2,True,PASS
Nikon D80,FL11,True,0.2,0.8,chromaticity,0.515538730167,0.0320568528335,0.0621812697236,16.0820131922,2,True,PASS
Nikon D80,FL11,True,0.35,0.2,camera_rgb_wb,0.930662287868,0.034126909559,0.0366694879591,27.2706289522,2,True,PASS
Nikon D80,FL11,True,0.35,0.2,linear_srgb_unclipped,0.968623188745,0.0604633400535,0.0624219415311,16.0200079567,2,True,PASS
Nikon D80,FL11,True,0.35,0.2,chromaticity,0.453360813854,0.0509900357638,0.112471202199,8.89116485334,2,True,PASS
Nikon D80,FL11,True,0.35,0.35,camera_rgb_wb,0.890352641487,0.0281383570268,0.0316036093068,31.6419555214,2,True,PASS
Nikon D80,FL11,True,0.35,0.35,linear_srgb_unclipped,0.937261898171,0.049360901671,0.0526650040584,18.9879411932,2,True,PASS
Nikon D80,FL11,True,0.35,0.35,chromaticity,0.451199402254,0.0438529013248,0.097191842688,10.2889293211,2,True,PASS
Nikon D80,FL11,True,0.35,0.5,camera_rgb_wb,0.85613876503,0.0238221593807,0.0278251147521,35.9387556497,2,True,PASS
Nikon D80,FL11,True,0.35,0.5,linear_srgb_unclipped,0.910473301376,0.0414261067906,0.0454995294513,21.9782492711,2,True,PASS
Nikon D80,FL11,True,0.35,0.5,chromaticity,0.44939957293,0.0385524462955,0.0857865663825,11.6568367539,2,True,PASS
Nikon D80,FL11,True,0.35,0.65,camera_rgb_wb,0.826409167329,0.0205591436432,0.0248776810035,40.1966726665,2,True,PASS
Nikon D80,FL11,True,0.35,0.65,linear_srgb_unclipped,0.887039301238,0.0354739328279,0.0399913879559,25.0053836867,2,True,PASS
Nikon D80,FL11,True,0.35,0.65,chromaticity,0.447816366528,0.034431287806,0.0768870688513,13.006088214,2,True,PASS
Nikon D80,FL11,True,0.35,0.8,camera_rgb_wb,0.800131772847,0.0180049935535,0.022502535413,44.4394367856,2,True,PASS
Nikon D80,FL11,True,0.35,0.8,linear_srgb_unclipped,0.866181522502,0.030848509974,0.0356143708595,28.0785530073,2,True,PASS
Nikon D80,FL11,True,0.35,0.8,chromaticity,0.446374371784,0.0311184330306,0.0697137537406,14.3443717537,2,True,PASS
Nikon D80,FL11,True,0.5,0.2,camera_rgb_wb,0.636468022028,0.0239328537693,0.0376026020805,26.5939042691,2,True,PASS
Nikon D80,FL11,True,0.5,0.2,linear_srgb_unclipped,0.69544584144,0.0423096390543,0.0608381509143,16.4370544629,2,True,PASS
Nikon D80,FL11,True,0.5,0.2,chromaticity,0.391993349984,0.0476389836459,0.121530081181,8.22841546951,2,True,PASS
Nikon D80,FL11,True,0.5,0.35,camera_rgb_wb,0.611212001826,0.0196606774393,0.0321667071009,31.0880438231,2,True,PASS
Nikon D80,FL11,True,0.5,0.35,linear_srgb_unclipped,0.676282305345,0.0344399917694,0.0509254663285,19.6365408526,2,True,PASS
Nikon D80,FL11,True,0.5,0.35,chromaticity,0.38917694776,0.0409037294826,0.105103166357,9.51446121619,2,True,PASS
Nikon D80,FL11,True,0.5,0.5,camera_rgb_wb,0.589686282075,0.0165883839702,0.0281308629257,35.5481452041,2,True,PASS
Nikon D80,FL11,True,0.5,0.5,linear_srgb_unclipped,0.659722217594,0.0288293066213,0.0436991598167,22.8837351609,2,True,PASS
Nikon D80,FL11,True,0.5,0.5,chromaticity,0.386839350413,0.0359019735719,0.0928084837634,10.7748770312,2,True,PASS
Nikon D80,FL11,True,0.5,0.65,camera_rgb_wb,0.570910059021,0.0142706216276,0.0249962693809,40.0059698814,2,True,PASS
Nikon D80,FL11,True,0.5,0.65,linear_srgb_unclipped,0.645083366672,0.0246294781104,0.0381803025514,26.1915158649,2,True,PASS
Nikon D80,FL11,True,0.5,0.65,chromaticity,0.384791226219,0.0320154570707,0.0832021493455,12.0189202787,2,True,PASS
Nikon D80,FL11,True,0.5,0.8,camera_rgb_wb,0.554254920783,0.0124600075748,0.0224806440279,44.4827113832,2,True,PASS
Nikon D80,FL11,True,0.5,0.8,linear_srgb_unclipped,0.631929125252,0.021371976385,0.0338202110506,29.5681182623,2,True,PASS
Nikon D80,FL11,True,0.5,0.8,chromaticity,0.382934928047,0.0288940320945,0.0754541567724,13.2530803176,2,True,PASS
Nikon D80,FL11,True,0.65,0.2,camera_rgb_wb,0.45149203322,0.0170414443297,0.0377447287566,26.4937656977,2,True,PASS
Nikon D80,FL11,True,0.65,0.2,linear_srgb_unclipped,0.519342982062,0.029596265653,0.0569878994716,17.5475848254,2,True,PASS
Nikon D80,FL11,True,0.65,0.2,chromaticity,0.339599058689,0.0425544483295,0.125307910139,7.98034217384,2,True,PASS
Nikon D80,FL11,True,0.65,0.35,camera_rgb_wb,0.43500264475,0.0139610223268,0.032094109071,31.1583660973,2,True,PASS
Nikon D80,FL11,True,0.65,0.35,linear_srgb_unclipped,0.50669177874,0.0240360083398,0.0474371390031,21.0805293282,2,True,PASS
Nikon D80,FL11,True,0.65,0.35,chromaticity,0.335963148574,0.0365366474228,0.108751949664,9.1952374471,2,True,PASS
Nikon D80,FL11,True,0.65,0.5,camera_rgb_wb,0.420884288288,0.0117495812476,0.027916416874,35.8212160433,2,True,PASS
Nikon D80,FL11,True,0.65,0.5,linear_srgb_unclipped,0.495629675216,0.020079983321,0.040514086071,24.6827732519,2,True,PASS
Nikon D80,FL11,True,0.65,0.5,chromaticity,0.332985521374,0.0320580663555,0.0962746554961,10.3869496582,2,True,PASS
Nikon D80,FL11,True,0.65,0.65,camera_rgb_wb,0.408518183498,0.0100839936307,0.0246843201552,40.5115471568,2,True,PASS
Nikon D80,FL11,True,0.65,0.65,linear_srgb_unclipped,0.485751285447,0.0171240223231,0.0352526546735,28.3666580364,2,True,PASS
Nikon D80,FL11,True,0.65,0.65,chromaticity,0.330410451,0.0285742814931,0.0864811673074,11.5632111723,2,True,PASS
Nikon D80,FL11,True,0.65,0.8,camera_rgb_wb,0.397507354814,0.0087848952318,0.0220999564547,45.2489579358,2,True,PASS
Nikon D80,FL11,True,0.65,0.8,linear_srgb_unclipped,0.476795754795,0.0148349035656,0.0311137492657,32.1401317296,2,True,PASS
Nikon D80,FL11,True,0.65,0.8,chromaticity,0.328105488648,0.0257749200958,0.0785568086714,12.7296413502,2,True,PASS
Nikon D80,FL11,True,0.8,0.2,camera_rgb_wb,0.328373333583,0.0122139668865,0.037195367703,26.8850682694,2,True,PASS
Nikon D80,FL11,True,0.8,0.2,linear_srgb_unclipped,0.395848835322,0.0206768193576,0.0522341295782,19.1445709553,2,True,PASS
Nikon D80,FL11,True,0.8,0.2,chromaticity,0.296228739205,0.0365468505126,0.123373750335,8.10545190762,2,True,PASS
Nikon D80,FL11,True,0.8,0.35,camera_rgb_wb,0.317269280583,0.00998601291785,0.0314748812097,31.7713669303,2,True,PASS
Nikon D80,FL11,True,0.8,0.35,linear_srgb_unclipped,0.387045625946,0.0167640810395,0.0433129324185,23.0877925867,2,True,PASS
Nikon D80,FL11,True,0.8,0.35,chromaticity,0.291734923896,0.0314187853495,0.107696346155,9.28536608435,2,True,PASS
Nikon D80,FL11,True,0.8,0.5,camera_rgb_wb,0.307714416126,0.00838884990058,0.0272618033506,36.681359158,2,True,PASS
Nikon D80,FL11,True,0.8,0.5,linear_srgb_unclipped,0.37926453848,0.0139846720437,0.0368731337228,27.1200166365,2,True,PASS
Nikon D80,FL11,True,0.8,0.5,chromaticity,0.288104553708,0.0275872459078,0.0957542862574,10.4433967302,2,True,PASS
Nikon D80,FL11,True,0.8,0.65,camera_rgb_wb,0.299308491094,0.00718754545149,0.0240138374465,41.642657165,2,True,PASS
Nikon D80,FL11,True,0.8,0.65,linear_srgb_unclipped,0.372253820059,0.0119107355153,0.031996274782,31.2536383317,2,True,PASS
Nikon D80,FL11,True,0.8,0.65,chromaticity,0.285007104844,0.0245992968238,0.0863111705138,11.5859858469,2,True,PASS
Nikon D80,FL11,True,0.8,0.8,camera_rgb_wb,0.291794118692,0.00625176857666,0.0214252727392,46.6738515852,2,True,PASS
Nikon D80,FL11,True,0.8,0.8,linear_srgb_unclipped,0.365850046504,0.0103065941158,0.0281716353853,35.496696813,2,True,PASS
Nikon D80,FL11,True,0.8,0.8,chromaticity,0.282269965129,0.0221943659846,0.0786281529262,12.7180909481,2,True,PASS
Nikon D90,FL11,True,0.2,0.2,camera_rgb_wb,1.41513344297,0.0447931830298,0.0316529746734,31.59260734,2,True,PASS
Nikon D90,FL11,True,0.2,0.2,linear_srgb_unclipped,1.42789169374,0.0864829955746,0.0605669155116,16.5106641399,2,True,PASS
Nikon D90,FL11,True,0.2,0.2,chromaticity,0.483926362741,0.0465585869829,0.0962100653478,10.3939228851,2,True,PASS
Nikon D90,FL11,True,0.2,0.35,camera_rgb_wb,1.34717798172,0.0369652556601,0.027439028964,36.4444383697,2,True,PASS
Nikon D90,FL11,True,0.2,0.35,linear_srgb_unclipped,1.37164922175,0.0707372376827,0.0515709385177,19.3907659768,2,True,PASS
Nikon D90,FL11,True,0.2,0.35,chromaticity,0.481632441633,0.0401596619631,0.0833823855946,11.9929406297,2,True,PASS
Nikon D90,FL11,True,0.2,0.5,camera_rgb_wb,1.28987008335,0.0313127142725,0.0242758667534,41.1931738693,2,True,PASS
Nikon D90,FL11,True,0.2,0.5,linear_srgb_unclipped,1.32427364906,0.0594466256335,0.0448899860508,22.2766832422,2,True,PASS
Nikon D90,FL11,True,0.2,0.5,chromaticity,0.479773563983,0.0353895958026,0.0737631217294,13.5569099647,2,True,PASS
Nikon D90,FL11,True,0.2,0.65,camera_rgb_wb,1.24035594763,0.0270348981462,0.0217960805507,45.8798084212,2,True,PASS
Nikon D90,FL11,True,0.2,0.65,linear_srgb_unclipped,1.28334930758,0.0509583066158,0.039707277134,25.1843005156,2,True,PASS
Nikon D90,FL11,True,0.2,0.65,chromaticity,0.478181461713,0.0316703225186,0.0662307618642,15.0987240952,2,True,PASS
Nikon D90,FL11,True,0.2,0.8,camera_rgb_wb,1.19681446852,0.0236844161792,0.0197895470034,50.5317276756,2,True,PASS
Nikon D90,FL11,True,0.2,0.8,linear_srgb_unclipped,1.24733965192,0.0443518609323,0.0355571642928,28.1237275213,2,True,PASS
Nikon D90,FL11,True,0.2,0.8,chromaticity,0.476765925615,0.028673738194,0.0601421717734,16.627267864,2,True,PASS
Nikon D90,FL11,True,0.35,0.2,camera_rgb_wb,0.923798662793,0.0317424247303,0.0343607606384,29.1029645858,2,True,PASS
Nikon D90,FL11,True,0.35,0.2,linear_srgb_unclipped,0.964365374043,0.0611680665532,0.0634283106794,15.7658305777,2,True,PASS
Nikon D90,FL11,True,0.35,0.2,chromaticity,0.420834820531,0.0450886456943,0.107140957674,9.3334988011,2,True,PASS
Nikon D90,FL11,True,0.35,0.35,camera_rgb_wb,0.883553228638,0.0260793039216,0.0295163925345,33.8794789651,2,True,PASS
Nikon D90,FL11,True,0.35,0.35,linear_srgb_unclipped,0.933642130256,0.0498498780953,0.0533929184212,18.7290754948,2,True,PASS
Nikon D90,FL11,True,0.35,0.35,chromaticity,0.418123516562,0.0387610812602,0.0927024664361,10.7871995044,2,True,PASS
Nikon D90,FL11,True,0.35,0.5,camera_rgb_wb,0.849443990909,0.0220007405667,0.0259001662289,38.6097908084,2,True,PASS
Nikon D90,FL11,True,0.35,0.5,linear_srgb_unclipped,0.907446872591,0.0417590571847,0.0460181840348,21.7305402413,2,True,PASS
Nikon D90,FL11,True,0.35,0.5,chromaticity,0.415897546725,0.0340547488822,0.0818825433099,12.212615285,2,True,PASS
Nikon D90,FL11,True,0.35,0.65,camera_rgb_wb,0.819839063615,0.0189216958337,0.0230797685466,43.3279908323,2,True,PASS
Nikon D90,FL11,True,0.35,0.65,linear_srgb_unclipped,0.884559341451,0.0356926391486,0.0403507571239,24.7826824396,2,True,PASS
Nikon D90,FL11,True,0.35,0.65,chromaticity,0.413966736019,0.0303938529778,0.0734210030256,13.6200808868,2,True,PASS
Nikon D90,FL11,True,0.35,0.8,camera_rgb_wb,0.793695939872,0.0165157843838,0.0208087046363,48.0568116795,2,True,PASS
Nikon D90,FL11,True,0.35,0.8,linear_srgb_unclipped,0.864203605674,0.0309823933817,0.0358508031884,27.8933778623,2,True,PASS
Nikon D90,FL11,True,0.35,0.8,chromaticity,0.412231432884,0.0274512911302,0.0665919406927,15.0168322112,2,True,PASS
Nikon D90,FL11,True,0.5,0.2,camera_rgb_wb,0.632281700356,0.0228286893836,0.0361052508252,27.6968024635,2,True,PASS
Nikon D90,FL11,True,0.5,0.2,linear_srgb_unclipped,0.695910488834,0.0431306542993,0.0619773016664,16.1349392941,2,True,PASS
Nikon D90,FL11,True,0.5,0.2,chromaticity,0.365031021486,0.0414777685312,0.113628064712,8.80064271568,2,True,PASS
Nikon D90,FL11,True,0.5,0.35,camera_rgb_wb,0.607219965636,0.0186973387517,0.0307917061524,32.4762777045,2,True,PASS
Nikon D90,FL11,True,0.5,0.35,linear_srgb_unclipped,0.677353269554,0.0350460324304,0.0517396667377,19.3275307526,2,True,PASS
Nikon D90,FL11,True,0.5,0.35,chromaticity,0.361695954852,0.0356031105544,0.0984338090509,10.1591110782,2,True,PASS
Nikon D90,FL11,True,0.5,0.5,camera_rgb_wb,0.58587043947,0.0157275474926,0.0268447534353,37.2512268518,2,True,PASS
Nikon D90,FL11,True,0.5,0.5,linear_srgb_unclipped,0.661306373642,0.0292825460441,0.0442798485107,22.5836364313,2,True,PASS
Nikon D90,FL11,True,0.5,0.5,chromaticity,0.358968266215,0.0312328612999,0.0870073046548,11.4932878793,2,True,PASS
Nikon D90,FL11,True,0.5,0.65,camera_rgb_wb,0.567253862079,0.0134895384258,0.0237804258861,42.0513915431,2,True,PASS
Nikon D90,FL11,True,0.5,0.65,linear_srgb_unclipped,0.647107438365,0.0249712712391,0.0385890653679,25.9140767071,2,True,PASS
Nikon D90,FL11,True,0.5,0.65,chromaticity,0.356610715981,0.0278349808257,0.0780542467693,12.8116027172,2,True,PASS
Nikon D90,FL11,True,0.5,0.8,camera_rgb_wb,0.550743855469,0.0117437699145,0.0213234696999,46.896683048,2,True,PASS
Nikon D90,FL11,True,0.5,0.8,linear_srgb_unclipped,0.634334318976,0.0216306647657,0.0340997863723,29.3256969144,2,True,PASS
Nikon D90,FL11,True,0.5,0.8,chromaticity,0.354500022079,0.0251059923862,0.0708208485825,14.1201358077,2,True,PASS
Nikon D90,FL11,True,0.65,0.2,camera_rgb_wb,0.447958004384,0.016518983134,0.0368761869915,27.1177711576,2,True,PASS
Nikon D90,FL11,True,0.65,0.2,linear_srgb_unclipped,0.52124761053,0.0303064315461,0.0581421016305,17.1992406872,2,True,PASS
Nikon D90,FL11,True,0.65,0.2,chromaticity,0.318106605923,0.0364810335686,0.114681785569,8.71978052169,2,True,PASS
Nikon D90,FL11,True,0.65,0.35,camera_rgb_wb,0.431708250747,0.013499814812,0.0312706898435,31.978827618,2,True,PASS
Nikon D90,FL11,True,0.65,0.35,linear_srgb_unclipped,0.509083220545,0.0245701988645,0.048263619528,20.7195400962,2,True,PASS
Nikon D90,FL11,True,0.65,0.35,chromaticity,0.314007435551,0.0313193156307,0.0997406815408,10.0259992668,2,True,PASS
Nikon D90,FL11,True,0.65,0.5,camera_rgb_wb,0.417790894453,0.0113328887983,0.0271257438799,36.8653484464,2,True,PASS
Nikon D90,FL11,True,0.65,0.5,linear_srgb_unclipped,0.498418488802,0.0204901276547,0.0411102880713,24.3248113043,2,True,PASS
Nikon D90,FL11,True,0.65,0.5,chromaticity,0.310689855782,0.0274700188332,0.0884162077454,11.3101435302,2,True,PASS
Nikon D90,FL11,True,0.65,0.65,camera_rgb_wb,0.405596580808,0.00970227739575,0.0239210039109,41.8042655619,2,True,PASS
Nikon D90,FL11,True,0.65,0.65,linear_srgb_unclipped,0.488870183596,0.0174439366764,0.0356821447938,28.0252211793,2,True,PASS
Nikon D90,FL11,True,0.65,0.65,chromaticity,0.307851763496,0.0244732453343,0.079496849576,12.579114837,2,True,PASS
Nikon D90,FL11,True,0.65,0.8,camera_rgb_wb,0.394734790802,0.00843203729877,0.0213612721636,46.8136912606,2,True,PASS
Nikon D90,FL11,True,0.65,0.8,linear_srgb_unclipped,0.480192577496,0.0150874779043,0.0314196399765,31.8272265611,2,True,PASS
Nikon D90,FL11,True,0.65,0.8,chromaticity,0.305335782559,0.0220647842133,0.0722639974533,13.8381494969,2,True,PASS
Nikon D90,FL11,True,0.8,0.2,camera_rgb_wb,0.325059019053,0.0119449257118,0.0367469444368,27.2131469793,2,True,PASS
Nikon D90,FL11,True,0.8,0.2,linear_srgb_unclipped,0.397827732111,0.0212231733943,0.0533476469369,18.7449692239,2,True,PASS
Nikon D90,FL11,True,0.8,0.2,chromaticity,0.279450924188,0.0309047371769,0.110590928503,9.04233297919,2,True,PASS
Nikon D90,FL11,True,0.8,0.35,camera_rgb_wb,0.314193002429,0.00974600380145,0.0310191625087,32.2381366589,2,True,PASS
Nikon D90,FL11,True,0.8,0.35,linear_srgb_unclipped,0.389405093095,0.017178480069,0.0441146774235,22.668192502,2,True,PASS
Nikon D90,FL11,True,0.8,0.35,chromaticity,0.274572813804,0.0265701249033,0.0967689573313,10.3338924752,2,True,PASS
Nikon D90,FL11,True,0.8,0.5,camera_rgb_wb,0.30483418886,0.00816999833948,0.0268014502246,37.3114138086,2,True,PASS
Nikon D90,FL11,True,0.8,0.5,linear_srgb_unclipped,0.381929461923,0.0143065375682,0.0374585859287,26.6961492327,2,True,PASS
Nikon D90,FL11,True,0.8,0.5,chromaticity,0.270666025951,0.0233242616113,0.0861735843253,11.604484226,2,True,PASS
Nikon D90,FL11,True,0.8,0.65,camera_rgb_wb,0.296593436969,0.00698555933177,0.0235526429821,42.4580800023,2,True,PASS
Nikon D90,FL11,True,0.8,0.65,linear_srgb_unclipped,0.375168567359,0.0121654383309,0.0324265927089,30.8388861259,2,True,PASS
Nikon D90,FL11,True,0.8,0.65,chromaticity,0.267359494911,0.0207905406594,0.0777624922813,12.85967014,2,True,PASS
Nikon D90,FL11,True,0.8,0.8,camera_rgb_wb,0.289220667321,0.006063954607,0.0209665327972,47.695058104,2,True,PASS
Nikon D90,FL11,True,0.8,0.8,linear_srgb_unclipped,0.368972047219,0.0105111834262,0.0284877499675,35.1028073871,2,True,PASS
Nikon D90,FL11,True,0.8,0.8,chromaticity,0.264458574647,0.018750569261,0.0709017254821,14.1040291079,2,True,PASS
Nokia N900,FL11,True,0.2,0.2,camera_rgb_wb,1.39648392401,0.0342906447501,0.0245549871077,40.7249246605,2,True,PASS
Nokia N900,FL11,True,0.2,0.2,linear_srgb_unclipped,1.4051848833,0.0853720697359,0.0607550442295,16.4595386717,2,True,PASS
Nokia N900,FL11,True,0.2,0.2,chromaticity,0.308951781425,0.0292048699368,0.0945288931564,10.5787761457,2,True,PASS
Nokia N900,FL11,True,0.2,0.35,camera_rgb_wb,1.33359294938,0.0282257405256,0.0211651842781,47.2474034177,2,True,PASS
Nokia N900,FL11,True,0.2,0.35,linear_srgb_unclipped,1.34799167192,0.0700105204814,0.0519369087657,19.2541301315,2,True,PASS
Nokia N900,FL11,True,0.2,0.35,chromaticity,0.304778396409,0.025147000735,0.0825091313274,12.1198706605,2,True,PASS
Nokia N900,FL11,True,0.2,0.5,camera_rgb_wb,1.2803984536,0.0238463916723,0.0186241959331,53.6935931942,2,True,PASS
Nokia N900,FL11,True,0.2,0.5,linear_srgb_unclipped,1.30013628524,0.0589496153232,0.0453411046152,22.0550427363,2,True,PASS
Nokia N900,FL11,True,0.2,0.5,chromaticity,0.301318908123,0.0221205390057,0.073412382726,13.6216801971,2,True,PASS
Nokia N900,FL11,True,0.2,0.65,camera_rgb_wb,1.23430635563,0.0205328997907,0.0166351730241,60.1135917582,2,True,PASS
Nokia N900,FL11,True,0.2,0.65,linear_srgb_unclipped,1.25903060801,0.0506053173392,0.0401938737766,24.8794133543,2,True,PASS
Nokia N900,FL11,True,0.2,0.65,chromaticity,0.298334541528,0.019761765408,0.0662402861796,15.0965531352,2,True,PASS
Nokia N900,FL11,True,0.2,0.8,camera_rgb_wb,1.19366358282,0.0179386904059,0.0150282631255,66.541289013,2,True,PASS
Nokia N900,FL11,True,0.2,0.8,linear_srgb_unclipped,1.22303779286,0.0440918207665,0.0360510697411,27.7384279352,2,True,PASS
Nokia N900,FL11,True,0.2,0.8,chromaticity,0.295690111427,0.0178629683375,0.0604111116577,16.5532461257,2,True,PASS
Nokia N900,FL11,True,0.35,0.2,camera_rgb_wb,0.954538631049,0.0253489268876,0.0265562084792,37.655977915,2,True,PASS
Nokia N900,FL11,True,0.35,0.2,linear_srgb_unclipped,0.952354916662,0.0610763976269,0.0641319707163,15.5928468879,2,True,PASS
Nokia N900,FL11,True,0.35,0.2,chromaticity,0.256125809293,0.0261490845597,0.102094687887,9.79482890535,2,True,PASS
Nokia N900,FL11,True,0.35,0.35,camera_rgb_wb,0.915245196332,0.0208164683043,0.0227441437417,43.967361944,2,True,PASS
Nokia N900,FL11,True,0.35,0.35,linear_srgb_unclipped,0.921673044867,0.0499096168424,0.0541511082703,18.4668427285,2,True,PASS
Nokia N900,FL11,True,0.35,0.35,chromaticity,0.252301385949,0.0224647410646,0.089039309,11.2309946161,2,True,PASS
Nokia N900,FL11,True,0.35,0.5,camera_rgb_wb,0.881820509812,0.0175480494677,0.0198997973765,50.2517679492,2,True,PASS
Nokia N900,FL11,True,0.35,0.5,linear_srgb_unclipped,0.895646093054,0.0418946865684,0.0467759385022,21.3785128,2,True,PASS
Nokia N900,FL11,True,0.35,0.5,chromaticity,0.249155683245,0.0197188131117,0.0791425379297,12.6354300249,2,True,PASS
Nokia N900,FL11,True,0.35,0.65,camera_rgb_wb,0.852712431033,0.0150781542207,0.0176825781729,56.552839197,2,True,PASS
Nokia N900,FL11,True,0.35,0.65,linear_srgb_unclipped,0.873001112599,0.0358649037618,0.0410823116308,24.3413761374,2,True,PASS
Nokia N900,FL11,True,0.35,0.65,chromaticity,0.246449930033,0.0175812746692,0.071338119945,14.0177509692,2,True,PASS
Nokia N900,FL11,True,0.35,0.8,camera_rgb_wb,0.826929282956,0.0131466678015,0.0158981766307,62.9002949978,2,True,PASS
Nokia N900,FL11,True,0.35,0.8,linear_srgb_unclipped,0.852932428553,0.0311695734334,0.0365440126205,27.3642637547,2,True,PASS
Nokia N900,FL11,True,0.35,0.8,chromaticity,0.24405309442,0.0158630539407,0.0649983724994,15.3850006015,2,True,PASS
Nokia N900,FL11,True,0.5,0.2,camera_rgb_wb,0.673555627435,0.0187668435314,0.0278623513293,35.8907253799,2,True,PASS
Nokia N900,FL11,True,0.5,0.2,linear_srgb_unclipped,0.690658758468,0.0434946014846,0.0629755301751,15.8791835054,2,True,PASS
Nokia N900,FL11,True,0.5,0.2,chromaticity,0.216838267584,0.0222315211572,0.102525819842,9.7536406101,2,True,PASS
Nokia N900,FL11,True,0.5,0.35,camera_rgb_wb,0.647979404057,0.0153917394116,0.0237534392532,42.0991667497,2,True,PASS
Nokia N900,FL11,True,0.5,0.35,linear_srgb_unclipped,0.672273105035,0.0354422179426,0.0527199700199,18.9681443222,2,True,PASS
Nokia N900,FL11,True,0.5,0.35,chromaticity,0.213001083585,0.0190960991863,0.0896525917376,11.1541672206,2,True,PASS
Nokia N900,FL11,True,0.5,0.5,camera_rgb_wb,0.626110951662,0.0129601856315,0.0206995031745,48.3103382516,2,True,PASS
Nokia N900,FL11,True,0.5,0.5,linear_srgb_unclipped,0.656439202106,0.0296793397692,0.0452126254403,22.1177157987,2,True,PASS
Nokia N900,FL11,True,0.5,0.5,chromaticity,0.209884611406,0.016754510593,0.079827246413,12.5270511628,2,True,PASS
Nokia N900,FL11,True,0.5,0.65,camera_rgb_wb,0.606980083484,0.0111242663563,0.0183272345485,54.5636057286,2,True,PASS
Nokia N900,FL11,True,0.5,0.65,linear_srgb_unclipped,0.642474558584,0.0253544433506,0.0394637313056,25.3397224975,2,True,PASS
Nokia N900,FL11,True,0.5,0.65,chromaticity,0.207226617561,0.0149299415996,0.0720464473888,13.8799349065,2,True,PASS
Nokia N900,FL11,True,0.5,0.8,camera_rgb_wb,0.589965358083,0.00968968830043,0.0164241648559,60.8858964078,2,True,PASS
Nokia N900,FL11,True,0.5,0.8,linear_srgb_unclipped,0.629945901476,0.021993845166,0.0349138634199,28.6419176238,2,True,PASS
Nokia N900,FL11,True,0.5,0.8,chromaticity,0.204885897998,0.0134627333155,0.0657084428308,15.2187444553,2,True,PASS
Nokia N900,FL11,True,0.65,0.2,camera_rgb_wb,0.485886269396,0.0138274416763,0.0284581856851,35.1392745506,2,True,PASS
Nokia N900,FL11,True,0.65,0.2,linear_srgb_unclipped,0.5190916692,0.0308111196304,0.059355835315,16.847543206,2,True,PASS
Nokia N900,FL11,True,0.65,0.2,chromaticity,0.187459225667,0.0181216265903,0.0966696972411,10.3445032781,2,True,PASS
Nokia N900,FL11,True,0.65,0.35,camera_rgb_wb,0.468746286834,0.0113312436156,0.0241735112019,41.3675941259,2,True,PASS
Nokia N900,FL11,True,0.65,0.35,linear_srgb_unclipped,0.507111169684,0.025054258483,0.0494058501977,20.2405179953,2,True,PASS
Nokia N900,FL11,True,0.65,0.35,chromaticity,0.183424602682,0.0155880851048,0.0849836111235,11.7669746764,2,True,PASS
Nokia N900,FL11,True,0.65,0.5,camera_rgb_wb,0.454019347788,0.00953442588504,0.0210000431292,47.6189498207,2,True,PASS
Nokia N900,FL11,True,0.65,0.5,linear_srgb_unclipped,0.496644186621,0.0209440954795,0.0421712285048,23.7128496242,2,True,PASS
Nokia N900,FL11,True,0.65,0.5,chromaticity,0.180188928978,0.0136882931493,0.0759663383699,13.1637251638,2,True,PASS
Nokia N900,FL11,True,0.65,0.65,camera_rgb_wb,0.44108080535,0.00817878773263,0.0185426063284,53.9298511918,2,True,PASS
Nokia N900,FL11,True,0.65,0.65,linear_srgb_unclipped,0.487298171262,0.0178656733431,0.0366627137073,27.2756678075,2,True,PASS
Nokia N900,FL11,True,0.65,0.65,chromaticity,0.177457138472,0.0122040646566,0.0687719004244,14.5408225428,2,True,PASS
Nokia N900,FL11,True,0.65,0.8,camera_rgb_wb,0.429529461029,0.00712021932693,0.0165767891913,60.3253132111,2,True,PASS
Nokia N900,FL11,True,0.65,0.8,linear_srgb_unclipped,0.47882242575,0.0154776912877,0.0323244912004,30.9362951392,2,True,PASS
Nokia N900,FL11,True,0.65,0.8,chromaticity,0.175071368814,0.0110084020794,0.0628795111046,15.9034315381,2,True,PASS
Nokia N900,FL11,True,0.8,0.2,camera_rgb_wb,0.355995758985,0.0101204267201,0.0284285036118,35.1759633097,2,True,PASS
Nokia N900,FL11,True,0.8,0.2,linear_srgb_unclipped,0.396993313794,0.0217234740118,0.0547199997001,18.2748539013,2,True,PASS
Nokia N900,FL11,True,0.8,0.2,chromaticity,0.164911606253,0.014306368408,0.0867517376922,11.527146621,2,True,PASS
Nokia N900,FL11,True,0.8,0.35,camera_rgb_wb,0.344266115703,0.00828806098492,0.0240745766339,41.5375944179,2,True,PASS
Nokia N900,FL11,True,0.8,0.35,linear_srgb_unclipped,0.388758975531,0.0176389828043,0.0453725416376,22.0397615806,2,True,PASS
Nokia N900,FL11,True,0.8,0.35,chromaticity,0.160642310143,0.0123350133554,0.0767855824809,13.0232781688,2,True,PASS
Nokia N900,FL11,True,0.8,0.5,camera_rgb_wb,0.334139432979,0.00697018619311,0.0208601125912,47.9383797967,2,True,PASS
Nokia N900,FL11,True,0.8,0.5,linear_srgb_unclipped,0.38147151982,0.0147281311324,0.0386087305792,25.9008774699,2,True,PASS
Nokia N900,FL11,True,0.8,0.5,chromaticity,0.157252001208,0.0108492805764,0.0689929571206,14.4942330599,2,True,PASS
Nokia N900,FL11,True,0.8,0.65,camera_rgb_wb,0.325205464325,0.00597661628723,0.0183779700616,54.4129736117,2,True,PASS
Nokia N900,FL11,True,0.8,0.65,linear_srgb_unclipped,0.374894647729,0.0125512223153,0.0334793318373,29.8691743569,2,True,PASS
Nokia N900,FL11,True,0.8,0.65,chromaticity,0.154415015302,0.00968442958607,0.0627168903691,15.9446680809,2,True,PASS
Nokia N900,FL11,True,0.8,0.8,camera_rgb_wb,0.31719992369,0.00520126791514,0.0163974437782,60.9851153343,2,True,PASS
Nokia N900,FL11,True,0.8,0.8,linear_srgb_unclipped,0.368876115945,0.010864672096,0.0294534441955,33.9518866915,2,True,PASS
Nokia N900,FL11,True,0.8,0.8,chromaticity,0.151957001298,0.00874361700772,0.0575400733961,17.3791922912,2,True,PASS
Olympus E-PL2,FL11,True,0.2,0.2,camera_rgb_wb,1.41771118348,0.0458611002428,0.0323486904647,30.9131524533,2,True,PASS
Olympus E-PL2,FL11,True,0.2,0.2,linear_srgb_unclipped,1.42762773033,0.0888735116564,0.0622525815156,16.0635908689,2,True,PASS
Olympus E-PL2,FL11,True,0.2,0.2,chromaticity,0.444786245932,0.0429621116762,0.0965904680486,10.3529884491,2,True,PASS
Olympus E-PL2,FL11,True,0.2,0.35,camera_rgb_wb,1.35483241237,0.0377052716716,0.027830210827,35.9321747943,2,True,PASS
Olympus E-PL2,FL11,True,0.2,0.35,linear_srgb_unclipped,1.3718923384,0.0728007450843,0.0530659316672,18.8444821109,2,True,PASS
Olympus E-PL2,FL11,True,0.2,0.35,chromaticity,0.439819794132,0.0368850498015,0.0838640058805,11.9240667018,2,True,PASS
Olympus E-PL2,FL11,True,0.2,0.5,camera_rgb_wb,1.30168286865,0.0318223041791,0.0244470484675,40.9047334008,2,True,PASS
Olympus E-PL2,FL11,True,0.2,0.5,linear_srgb_unclipped,1.32502272892,0.061238067783,0.0462166168522,21.6372393332,2,True,PASS
Olympus E-PL2,FL11,True,0.2,0.5,chromaticity,0.435640964312,0.0323637689101,0.0742900038367,13.4607611839,2,True,PASS
Olympus E-PL2,FL11,True,0.2,0.65,camera_rgb_wb,1.25565782543,0.0273771095059,0.0218030015434,45.8652446548,2,True,PASS
Olympus E-PL2,FL11,True,0.2,0.65,linear_srgb_unclipped,1.2845886773,0.0525241997371,0.0408879516575,24.4570823302,2,True,PASS
Olympus E-PL2,FL11,True,0.2,0.65,chromaticity,0.431990974311,0.0288471800523,0.0667772749147,14.9751543662,2,True,PASS
Olympus E-PL2,FL11,True,0.2,0.8,camera_rgb_wb,1.21509518331,0.0239020821161,0.0196709545429,50.8363738943,2,True,PASS
Olympus E-PL2,FL11,True,0.2,0.8,linear_srgb_unclipped,1.24904763979,0.0457296997693,0.0366116538011,27.3137074177,2,True,PASS
Olympus E-PL2,FL11,True,0.2,0.8,chromaticity,0.428722495666,0.0260215887664,0.0606956458535,16.4756464148,2,True,PASS
Olympus E-PL2,FL11,True,0.35,0.2,camera_rgb_wb,0.948548325704,0.0330882287681,0.034883018473,28.6672439421,2,True,PASS
Olympus E-PL2,FL11,True,0.35,0.2,linear_srgb_unclipped,0.965037182117,0.0631745475332,0.0654633300187,15.2757276435,2,True,PASS
Olympus E-PL2,FL11,True,0.35,0.2,chromaticity,0.373801725608,0.0404062739347,0.108095471922,9.2510813101,2,True,PASS
Olympus E-PL2,FL11,True,0.35,0.35,camera_rgb_wb,0.911110496511,0.0271102381117,0.0297551594626,33.6076168994,2,True,PASS
Olympus E-PL2,FL11,True,0.35,0.35,linear_srgb_unclipped,0.934804120598,0.0515732292338,0.0551700918914,18.1257628131,2,True,PASS
Olympus E-PL2,FL11,True,0.35,0.35,chromaticity,0.368883294015,0.0345959150834,0.0937855295827,10.6626257211,2,True,PASS
Olympus E-PL2,FL11,True,0.35,0.5,camera_rgb_wb,0.879252105326,0.0228067455276,0.0259388011577,38.5522828877,2,True,PASS
Olympus E-PL2,FL11,True,0.35,0.5,linear_srgb_unclipped,0.909066830372,0.0432522676763,0.047578754643,21.0177842506,2,True,PASS
Olympus E-PL2,FL11,True,0.35,0.5,chromaticity,0.364757288353,0.0302800243136,0.0830141721096,12.0461359137,2,True,PASS
Olympus E-PL2,FL11,True,0.35,0.65,camera_rgb_wb,0.851496406043,0.0195610363188,0.0229725412579,43.5302297979,2,True,PASS
Olympus E-PL2,FL11,True,0.35,0.65,linear_srgb_unclipped,0.886604638908,0.0369978540383,0.0417298223071,23.9636774065,2,True,PASS
Olympus E-PL2,FL11,True,0.35,0.65,chromaticity,0.361155104739,0.0269293435267,0.0745644826096,13.4112108742,2,True,PASS
Olympus E-PL2,FL11,True,0.35,0.8,camera_rgb_wb,0.826899122855,0.0170281853326,0.02059282065,48.5606132834,2,True,PASS
Olympus E-PL2,FL11,True,0.35,0.8,linear_srgb_unclipped,0.866643431723,0.0321324689301,0.0370769197041,26.9709568104,2,True,PASS
Olympus E-PL2,FL11,True,0.35,0.8,chromaticity,0.357927309626,0.0242421722171,0.0677293170014,14.7646550161,2,True,PASS
Olympus E-PL2,FL11,True,0.5,0.2,camera_rgb_wb,0.663439984475,0.0239629572998,0.0361192539801,27.6860646278,2,True,PASS
Olympus E-PL2,FL11,True,0.5,0.2,linear_srgb_unclipped,0.696882316662,0.0447399681669,0.0642001771277,15.5762810126,2,True,PASS
Olympus E-PL2,FL11,True,0.5,0.2,chromaticity,0.31533575248,0.0362203162533,0.114862701005,8.70604636012,2,True,PASS
Olympus E-PL2,FL11,True,0.5,0.35,camera_rgb_wb,0.639909631196,0.0195867292313,0.0306085863948,32.6705711627,2,True,PASS
Olympus E-PL2,FL11,True,0.5,0.35,linear_srgb_unclipped,0.67871562018,0.0364202050693,0.0536604786841,18.6356891426,2,True,PASS
Olympus E-PL2,FL11,True,0.5,0.35,chromaticity,0.310239174471,0.0309875331099,0.0998827216542,10.0117416049,2,True,PASS
Olympus E-PL2,FL11,True,0.5,0.5,camera_rgb_wb,0.619752411545,0.0164415395191,0.0265292062005,37.6943053796,2,True,PASS
Olympus E-PL2,FL11,True,0.5,0.5,linear_srgb_unclipped,0.663032030377,0.0304694698309,0.0459547479381,21.760537156,2,True,PASS
Olympus E-PL2,FL11,True,0.5,0.5,chromaticity,0.306009572223,0.0270968937463,0.088549170372,11.2931605773,2,True,PASS
Olympus E-PL2,FL11,True,0.5,0.65,camera_rgb_wb,0.60208615885,0.0140730203529,0.0233737649439,42.7830091729,2,True,PASS
Olympus E-PL2,FL11,True,0.5,0.65,linear_srgb_unclipped,0.64916939283,0.0260072680059,0.040062375542,24.9610759839,2,True,PASS
Olympus E-PL2,FL11,True,0.5,0.65,chromaticity,0.302344303299,0.0240757892351,0.0796303716405,12.5580225158,2,True,PASS
Olympus E-PL2,FL11,True,0.5,0.8,camera_rgb_wb,0.586345508118,0.0122272995314,0.0208534036027,47.9538026046,2,True,PASS
Olympus E-PL2,FL11,True,0.5,0.8,linear_srgb_unclipped,0.636707344415,0.0225432833759,0.0354060363425,28.2437714949,2,True,PASS
Olympus E-PL2,FL11,True,0.5,0.8,chromaticity,0.299077959058,0.0216534831283,0.0724007987632,13.8120023133,2,True,PASS
Olympus E-PL2,FL11,True,0.65,0.2,camera_rgb_wb,0.4783964565,0.0173218674337,0.0362081850697,27.6180647573,2,True,PASS
Olympus E-PL2,FL11,True,0.65,0.2,linear_srgb_unclipped,0.522077401695,0.0315569022379,0.0604448729929,16.5440003508,2,True,PASS
Olympus E-PL2,FL11,True,0.65,0.2,chromaticity,0.268567542693,0.0311539241663,0.116000332184,8.62066496856,2,True,PASS
Olympus E-PL2,FL11,True,0.65,0.35,camera_rgb_wb,0.462973123389,0.0141339355521,0.0305286307954,32.7561365821,2,True,PASS
Olympus E-PL2,FL11,True,0.65,0.35,linear_srgb_unclipped,0.510239387745,0.0256315465115,0.0502343549462,19.9066953497,2,True,PASS
Olympus E-PL2,FL11,True,0.65,0.35,chromaticity,0.263146770723,0.0266775062989,0.101378809345,9.86399432447,2,True,PASS
Olympus E-PL2,FL11,True,0.65,0.5,camera_rgb_wb,0.449673291131,0.0118462314579,0.0263440851202,37.9591849721,2,True,PASS
Olympus E-PL2,FL11,True,0.65,0.5,linear_srgb_unclipped,0.499876889025,0.0214034757693,0.0428174941455,23.3549398431,2,True,PASS
Olympus E-PL2,FL11,True,0.65,0.5,chromaticity,0.258710830305,0.0233382619792,0.0902098375694,11.0852654981,2,True,PASS
Olympus E-PL2,FL11,True,0.65,0.65,camera_rgb_wb,0.437949005873,0.0101257645143,0.0231208756694,43.2509570268,2,True,PASS
Olympus E-PL2,FL11,True,0.65,0.65,linear_srgb_unclipped,0.490607305268,0.0182393637981,0.0371771141649,26.8982685306,2,True,PASS
Olympus E-PL2,FL11,True,0.65,0.65,chromaticity,0.254908863691,0.0207400944997,0.0813627827583,12.2906317372,2,True,PASS
Olympus E-PL2,FL11,True,0.65,0.8,camera_rgb_wb,0.427448091448,0.0087866738191,0.0205561189648,48.6473152695,2,True,PASS
Olympus E-PL2,FL11,True,0.65,0.8,linear_srgb_unclipped,0.482186688829,0.0157873002682,0.0327410536914,30.5426944846,2,True,PASS
Olympus E-PL2,FL11,True,0.65,0.8,chromaticity,0.251550868633,0.0186542479428,0.0741569609524,13.4849107509,2,True,PASS
Olympus E-PL2,FL11,True,0.8,0.2,camera_rgb_wb,0.352050963586,0.0124646930518,0.035405933632,28.2438534285,2,True,PASS
Olympus E-PL2,FL11,True,0.8,0.2,linear_srgb_unclipped,0.398463806724,0.0221746409599,0.0556503265435,17.969346491,2,True,PASS
Olympus E-PL2,FL11,True,0.8,0.2,chromaticity,0.231383669893,0.0259014344992,0.111941497476,8.93323765136,2,True,PASS
Olympus E-PL2,FL11,True,0.8,0.35,camera_rgb_wb,0.341622165662,0.0101572917509,0.0297325313514,33.6331941664,2,True,PASS
Olympus E-PL2,FL11,True,0.8,0.35,linear_srgb_unclipped,0.390324229143,0.0179815020291,0.0460681164183,21.7069869087,2,True,PASS
Olympus E-PL2,FL11,True,0.8,0.35,chromaticity,0.22561473291,0.0222275298533,0.0985198509274,10.1502386634,2,True,PASS
Olympus E-PL2,FL11,True,0.8,0.5,camera_rgb_wb,0.332570390285,0.00850374504178,0.0255697599371,39.1086972447,2,True,PASS
Olympus E-PL2,FL11,True,0.8,0.5,linear_srgb_unclipped,0.383107990437,0.0149950487828,0.0391405273632,25.5489659278,2,True,PASS
Olympus E-PL2,FL11,True,0.8,0.5,chromaticity,0.220955500124,0.0194733693086,0.0881325393468,11.3465470008,2,True,PASS
Olympus E-PL2,FL11,True,0.8,0.65,camera_rgb_wb,0.324545699308,0.00726168353989,0.0223749184024,44.692900417,2,True,PASS
Olympus E-PL2,FL11,True,0.8,0.65,linear_srgb_unclipped,0.376584458541,0.0127635866604,0.033893025511,29.5045952648,2,True,PASS
Olympus E-PL2,FL11,True,0.8,0.65,chromaticity,0.217006279685,0.01732326425,0.079828400704,12.526870026,2,True,PASS
Olympus E-PL2,FL11,True,0.8,0.8,camera_rgb_wb,0.31732238146,0.00629596916012,0.019840923704,50.4008792594,2,True,PASS
Olympus E-PL2,FL11,True,0.8,0.8,linear_srgb_unclipped,0.37060544702,0.0110365768153,0.0297798559196,33.5797460773,2,True,PASS
Olympus E-PL2,FL11,True,0.8,0.8,chromaticity,0.213551173439,0.0155930148192,0.0730176967335,13.6953101061,2,True,PASS
Pentax K-5,FL11,True,0.2,0.2,camera_rgb_wb,1.41409992201,0.0397869468909,0.0281358808325,35.5418053536,2,True,PASS
Pentax K-5,FL11,True,0.2,0.2,linear_srgb_unclipped,1.4209718478,0.084071449659,0.0591647538895,16.9019548677,2,True,PASS
Pentax K-5,FL11,True,0.2,0.2,chromaticity,0.487788434693,0.0410565977405,0.0841688626061,11.8808781423,2,True,PASS
Pentax K-5,FL11,True,0.2,0.35,camera_rgb_wb,1.34682390132,0.0328078574741,0.0243594262338,41.05187004,2,True,PASS
Pentax K-5,FL11,True,0.2,0.35,linear_srgb_unclipped,1.3641515594,0.0688574217149,0.0504763721012,19.8112494693,2,True,PASS
Pentax K-5,FL11,True,0.2,0.35,chromaticity,0.484601094772,0.0353925103123,0.0730343176978,13.6921933623,2,True,PASS
Pentax K-5,FL11,True,0.2,0.5,camera_rgb_wb,1.29006968117,0.0277739474265,0.0215290288827,46.4489134855,2,True,PASS
Pentax K-5,FL11,True,0.2,0.5,linear_srgb_unclipped,1.31634302555,0.057930437988,0.0440086184708,22.7228219096,2,True,PASS
Pentax K-5,FL11,True,0.2,0.5,chromaticity,0.481960051125,0.0311709459852,0.0646753728083,15.4618358825,2,True,PASS
Pentax K-5,FL11,True,0.2,0.65,camera_rgb_wb,1.24101958761,0.0239684047381,0.0193134781894,51.7773127238,2,True,PASS
Pentax K-5,FL11,True,0.2,0.65,linear_srgb_unclipped,1.27508767145,0.0497041248805,0.0389809469525,25.6535584222,2,True,PASS
Pentax K-5,FL11,True,0.2,0.65,chromaticity,0.479670541228,0.0278803027819,0.0581238587437,17.20463888,2,True,PASS
Pentax K-5,FL11,True,0.2,0.8,camera_rgb_wb,1.19787453409,0.020990852156,0.017523414647,57.0665033124,2,True,PASS
Pentax K-5,FL11,True,0.2,0.8,linear_srgb_unclipped,1.23882224019,0.0432938223476,0.0349475662795,28.6142958283,2,True,PASS
Pentax K-5,FL11,True,0.2,0.8,chromaticity,0.47762505657,0.0252299834005,0.0528238270867,18.9308510033,2,True,PASS
Pentax K-5,FL11,True,0.35,0.2,camera_rgb_wb,0.92254683203,0.0284297768805,0.0308166218705,32.4500201288,2,True,PASS
Pentax K-5,FL11,True,0.35,0.2,linear_srgb_unclipped,0.960270838622,0.0596882575,0.0621577320682,16.0881030682,2,True,PASS
Pentax K-5,FL11,True,0.35,0.2,chromaticity,0.420558129424,0.0398925015504,0.0948560942218,10.5422852185,2,True,PASS
Pentax K-5,FL11,True,0.35,0.35,camera_rgb_wb,0.88303808499,0.0233306983653,0.0264209423827,37.8487635117,2,True,PASS
Pentax K-5,FL11,True,0.35,0.35,linear_srgb_unclipped,0.929204441608,0.0487048593601,0.0524156549185,19.0782696802,2,True,PASS
Pentax K-5,FL11,True,0.35,0.35,chromaticity,0.417045322708,0.0342662348557,0.0821642948377,12.1707367169,2,True,PASS
Pentax K-5,FL11,True,0.35,0.5,camera_rgb_wb,0.849515182386,0.0196625194587,0.0231455774616,43.2047980509,2,True,PASS
Pentax K-5,FL11,True,0.35,0.5,linear_srgb_unclipped,0.902749288529,0.0408410442913,0.0452407382761,22.1039717322,2,True,PASS
Pentax K-5,FL11,True,0.35,0.5,chromaticity,0.414115636496,0.0300836573272,0.0726455479483,13.7654684732,2,True,PASS
Pentax K-5,FL11,True,0.35,0.65,camera_rgb_wb,0.820391022347,0.0168962566517,0.0205953700021,48.5546023158,2,True,PASS
Pentax K-5,FL11,True,0.35,0.65,linear_srgb_unclipped,0.879661430494,0.0349369251573,0.0397163317001,25.1785589755,2,True,PASS
Pentax K-5,FL11,True,0.35,0.65,chromaticity,0.411558628626,0.0268318497973,0.0651956924992,15.3384366615,2,True,PASS
Pentax K-5,FL11,True,0.35,0.8,camera_rgb_wb,0.794650421252,0.0147369526305,0.0185452020617,53.922302743,2,True,PASS
Pentax K-5,FL11,True,0.35,0.8,linear_srgb_unclipped,0.859149894706,0.0303473375855,0.0353225179593,28.3105525249,2,True,PASS
Pentax K-5,FL11,True,0.35,0.8,chromaticity,0.409260119318,0.0242194393779,0.0591785962879,16.8980013506,2,True,PASS
Pentax K-5,FL11,True,0.5,0.2,camera_rgb_wb,0.632082637865,0.0205714923461,0.0325455741287,30.7261440848,2,True,PASS
Pentax K-5,FL11,True,0.5,0.2,linear_srgb_unclipped,0.693489223089,0.0422337702843,0.06090039885,16.4202537074,2,True,PASS
Pentax K-5,FL11,True,0.5,0.2,chromaticity,0.360508568687,0.0368366762768,0.102179752373,9.78667472543,2,True,PASS
Pentax K-5,FL11,True,0.5,0.35,camera_rgb_wb,0.60759601141,0.0168295616286,0.027698604521,36.1029018354,2,True,PASS
Pentax K-5,FL11,True,0.5,0.35,linear_srgb_unclipped,0.674692971692,0.0343589664245,0.0509253362137,19.6365910242,2,True,PASS
Pentax K-5,FL11,True,0.5,0.35,chromaticity,0.356570782102,0.0315844915791,0.0885784622983,11.2894260529,2,True,PASS
Pentax K-5,FL11,True,0.5,0.5,camera_rgb_wb,0.586698001194,0.0141423203944,0.0241049404731,41.4852714993,2,True,PASS
Pentax K-5,FL11,True,0.5,0.5,linear_srgb_unclipped,0.658465307714,0.0287364573957,0.0436415663196,22.9139346805,2,True,PASS
Pentax K-5,FL11,True,0.5,0.5,chromaticity,0.353303142189,0.027681383519,0.0783502330252,12.7632039037,2,True,PASS
Pentax K-5,FL11,True,0.5,0.65,camera_rgb_wb,0.568446855218,0.012119083726,0.0213196424868,46.9051017445,2,True,PASS
Pentax K-5,FL11,True,0.5,0.65,linear_srgb_unclipped,0.644127346124,0.0245251503371,0.0380750025359,26.2639509756,2,True,PASS
Pentax K-5,FL11,True,0.5,0.65,chromaticity,0.350461133294,0.02464936215,0.0703340821799,14.2178580996,2,True,PASS
Pentax K-5,FL11,True,0.5,0.8,camera_rgb_wb,0.552239024614,0.0105422134859,0.0190899465921,52.383593384,2,True,PASS
Pentax K-5,FL11,True,0.5,0.8,linear_srgb_unclipped,0.631246386165,0.0212583149147,0.0336767312742,29.6940932853,2,True,PASS
Pentax K-5,FL11,True,0.5,0.8,chromaticity,0.347913694364,0.0222160947266,0.0638551890498,15.6604344123,2,True,PASS
Pentax K-5,FL11,True,0.65,0.2,camera_rgb_wb,0.448739271247,0.0149432033447,0.0333004136304,30.0296570216,2,True,PASS
Pentax K-5,FL11,True,0.65,0.2,linear_srgb_unclipped,0.519741090276,0.0297667090948,0.0572721873482,17.4604820647,2,True,PASS
Pentax K-5,FL11,True,0.65,0.2,chromaticity,0.309827840237,0.0325327567973,0.105002690437,9.52356549946,2,True,PASS
Pentax K-5,FL11,True,0.65,0.35,camera_rgb_wb,0.432879054525,0.0122010597569,0.0281858399693,35.4788078371,2,True,PASS
Pentax K-5,FL11,True,0.65,0.35,linear_srgb_unclipped,0.507408544991,0.0241617628439,0.0476179660009,21.0004770045,2,True,PASS
Pentax K-5,FL11,True,0.65,0.35,chromaticity,0.305370117278,0.0278899452875,0.0913316127199,10.949111378,2,True,PASS
Pentax K-5,FL11,True,0.65,0.5,camera_rgb_wb,0.419263681886,0.0102344002406,0.0244104144547,40.9661213191,2,True,PASS
Pentax K-5,FL11,True,0.65,0.5,linear_srgb_unclipped,0.496618295465,0.020169089357,0.0406128601003,24.6227425877,2,True,PASS
Pentax K-5,FL11,True,0.65,0.5,chromaticity,0.301711797275,0.0244334010756,0.0809825843611,12.3483340016,2,True,PASS
Pentax K-5,FL11,True,0.65,0.65,camera_rgb_wb,0.407310781446,0.00875549244992,0.0214958524271,46.5206022135,2,True,PASS
Pentax K-5,FL11,True,0.65,0.65,linear_srgb_unclipped,0.486974784356,0.0171843497553,0.0352879662508,28.3382723984,2,True,PASS
Pentax K-5,FL11,True,0.65,0.65,chromaticity,0.298559353536,0.0217459101038,0.0728361374253,13.7294485313,2,True,PASS
Pentax K-5,FL11,True,0.65,0.8,camera_rgb_wb,0.396646205708,0.00760416644013,0.0191711563875,52.1616943594,2,True,PASS
Pentax K-5,FL11,True,0.65,0.8,linear_srgb_unclipped,0.478224439551,0.0148728860022,0.0311002215114,32.1541118167,2,True,PASS
Pentax K-5,FL11,True,0.65,0.8,chromaticity,0.295756197011,0.0195883691625,0.0662314749801,15.0985615268,2,True,PASS
Pentax K-5,FL11,True,0.8,0.2,camera_rgb_wb,0.326443561138,0.010829650033,0.0331746473884,30.1435004958,2,True,PASS
Pentax K-5,FL11,True,0.8,0.2,linear_srgb_unclipped,0.396866943414,0.020899968998,0.0526624082577,18.9888771343,2,True,PASS
Pentax K-5,FL11,True,0.8,0.2,chromaticity,0.268187664708,0.0276698014972,0.103173281766,9.69243182809,2,True,PASS
Pentax K-5,FL11,True,0.8,0.35,camera_rgb_wb,0.315819070217,0.0088308330972,0.0279616841729,35.7632249122,2,True,PASS
Pentax K-5,FL11,True,0.8,0.35,linear_srgb_unclipped,0.388328740562,0.0169374810411,0.0436163468523,22.9271837778,2,True,PASS
Pentax K-5,FL11,True,0.8,0.35,chromaticity,0.263192922734,0.0237486129254,0.0902327185651,11.0824545232,2,True,PASS
Pentax K-5,FL11,True,0.8,0.5,camera_rgb_wb,0.30664478704,0.00739889994594,0.0241285691414,41.4446457285,2,True,PASS
Pentax K-5,FL11,True,0.8,0.5,linear_srgb_unclipped,0.380768517594,0.0141197443509,0.0370822263356,26.9670971465,2,True,PASS
Pentax K-5,FL11,True,0.8,0.5,chromaticity,0.259142700113,0.0208188819785,0.0803375204835,12.4474839898,2,True,PASS
Pentax K-5,FL11,True,0.8,0.65,camera_rgb_wb,0.298549404202,0.00632319011895,0.0211797110627,47.2149972697,2,True,PASS
Pentax K-5,FL11,True,0.8,0.65,linear_srgb_unclipped,0.373944830979,0.0120164190484,0.0321342028368,31.1194898806,2,True,PASS
Pentax K-5,FL11,True,0.8,0.65,chromaticity,0.255689568276,0.0185358129035,0.0724934264173,13.7943541838,2,True,PASS
Pentax K-5,FL11,True,0.8,0.8,camera_rgb_wb,0.291293622885,0.00548651944658,0.0188350139363,53.0926073844,2,True,PASS
Pentax K-5,FL11,True,0.8,0.8,linear_srgb_unclipped,0.36770151844,0.0103895879707,0.0282554937896,35.391347518,2,True,PASS
Pentax K-5,FL11,True,0.8,0.8,chromaticity,0.252648067511,0.0167001810337,0.0661005690571,15.1284627994,2,True,PASS
Pentax Q,FL11,True,0.2,0.2,camera_rgb_wb,1.41678573898,0.0324245027496,0.0228859607049,43.6949102943,2,True,PASS
Pentax Q,FL11,True,0.2,0.2,linear_srgb_unclipped,1.41231507884,0.0808108685978,0.0572187253459,17.4767961704,2,True,PASS
Pentax Q,FL11,True,0.2,0.2,chromaticity,0.364426970621,0.0286754398442,0.0786863820628,12.7086793646,2,True,PASS
Pentax Q,FL11,True,0.2,0.35,camera_rgb_wb,1.35459990029,0.026627178347,0.0196568583398,50.8728293562,2,True,PASS
Pentax Q,FL11,True,0.2,0.35,linear_srgb_unclipped,1.35542181839,0.0663639837859,0.0489618677265,20.4240574642,2,True,PASS
Pentax Q,FL11,True,0.2,0.35,chromaticity,0.359544379508,0.0246548058304,0.0685723577828,14.5831357173,2,True,PASS
Pentax Q,FL11,True,0.2,0.5,camera_rgb_wb,1.30189455402,0.0224474561004,0.0172421460948,57.9974206517,2,True,PASS
Pentax Q,FL11,True,0.2,0.5,linear_srgb_unclipped,1.30765687399,0.0559339851466,0.0427742064905,23.3785751285,2,True,PASS
Pentax Q,FL11,True,0.2,0.5,chromaticity,0.355460527975,0.0216565943064,0.0609254547325,16.4135008001,2,True,PASS
Pentax Q,FL11,True,0.2,0.65,camera_rgb_wb,1.25615003845,0.0192916444517,0.0153577549347,65.1136838848,2,True,PASS
Pentax Q,FL11,True,0.2,0.65,linear_srgb_unclipped,1.26651495745,0.0480519233442,0.037940273079,26.3572167211,2,True,PASS
Pentax Q,FL11,True,0.2,0.65,chromaticity,0.351918759729,0.0193213465137,0.0549028603322,18.213987285,2,True,PASS
Pentax Q,FL11,True,0.2,0.8,camera_rgb_wb,1.21575534497,0.0168267924251,0.0138406074008,72.2511643488,2,True,PASS
Pentax Q,FL11,True,0.2,0.8,linear_srgb_unclipped,1.23040672206,0.0418919562298,0.0340472426547,29.3709540635,2,True,PASS
Pentax Q,FL11,True,0.2,0.8,chromaticity,0.348770861039,0.0174432237129,0.0500134204472,19.9946332616,2,True,PASS
Pentax Q,FL11,True,0.35,0.2,camera_rgb_wb,0.953989477708,0.0240143377095,0.0251725393945,39.7258291796,2,True,PASS
Pentax Q,FL11,True,0.35,0.2,linear_srgb_unclipped,0.95827251927,0.0584108425367,0.0609543124341,16.4057301291,2,True,PASS
Pentax Q,FL11,True,0.35,0.2,chromaticity,0.302456302332,0.0268185706275,0.0886692405504,11.2778681062,2,True,PASS
Pentax Q,FL11,True,0.35,0.35,camera_rgb_wb,0.916243468593,0.0196587273428,0.0214557898819,46.6074661201,2,True,PASS
Pentax Q,FL11,True,0.35,0.35,linear_srgb_unclipped,0.927358995792,0.0477795199611,0.0515221399456,19.4091317064,2,True,PASS
Pentax Q,FL11,True,0.35,0.35,chromaticity,0.297973800314,0.0229805967241,0.0771228769104,12.9663212792,2,True,PASS
Pentax Q,FL11,True,0.35,0.5,camera_rgb_wb,0.884036872503,0.0165230155001,0.0186904144092,53.5033615683,2,True,PASS
Pentax Q,FL11,True,0.35,0.5,linear_srgb_unclipped,0.901067856115,0.0401311108573,0.0445372793901,22.4531002723,2,True,PASS
Pentax Q,FL11,True,0.35,0.5,chromaticity,0.294231617416,0.0201257662382,0.0684010998373,14.6196479644,2,True,PASS
Pentax Q,FL11,True,0.35,0.65,camera_rgb_wb,0.855917960666,0.0141585504746,0.01654194809,60.4523720279,2,True,PASS
Pentax Q,FL11,True,0.35,0.65,linear_srgb_unclipped,0.878148279844,0.0343684886153,0.0391374548059,25.550971696,2,True,PASS
Pentax Q,FL11,True,0.35,0.65,chromaticity,0.290983999874,0.0179077006241,0.0615418738897,16.249098976,2,True,PASS
Pentax Q,FL11,True,0.35,0.8,camera_rgb_wb,0.83095553171,0.0123140472158,0.014819141032,67.4802944272,2,True,PASS
Pentax Q,FL11,True,0.35,0.8,linear_srgb_unclipped,0.857805775326,0.0298768603605,0.034829399871,28.7113761278,2,True,PASS
Pentax Q,FL11,True,0.35,0.8,chromaticity,0.288092149759,0.0161281048634,0.0559824517151,17.8627403653,2,True,PASS
Pentax Q,FL11,True,0.5,0.2,camera_rgb_wb,0.667405673515,0.0177649937199,0.0266179842709,37.5685848269,2,True,PASS
Pentax Q,FL11,True,0.5,0.2,linear_srgb_unclipped,0.693920723363,0.0419239711598,0.0604160817631,16.5518843794,2,True,PASS
Pentax Q,FL11,True,0.5,0.2,chromaticity,0.252791004381,0.0238240358117,0.094244001562,10.6107548855,2,True,PASS
Pentax Q,FL11,True,0.5,0.35,camera_rgb_wb,0.643350840543,0.0145205758414,0.0225702290669,44.3061520128,2,True,PASS
Pentax Q,FL11,True,0.5,0.35,linear_srgb_unclipped,0.675302036425,0.0341893866812,0.0506282890278,19.7518031757,2,True,PASS
Pentax Q,FL11,True,0.5,0.35,chromaticity,0.248443842177,0.0203879973077,0.082062799903,12.1857894342,2,True,PASS
Pentax Q,FL11,True,0.5,0.5,camera_rgb_wb,0.622699770005,0.0121870124987,0.0195712493978,51.0953582817,2,True,PASS
Pentax Q,FL11,True,0.5,0.5,linear_srgb_unclipped,0.659243932206,0.0286419807658,0.0434467112499,23.0167018684,2,True,PASS
Pentax Q,FL11,True,0.5,0.5,chromaticity,0.244844004808,0.017831843827,0.0728294076101,13.7307172036,2,True,PASS
Pentax Q,FL11,True,0.5,0.65,camera_rgb_wb,0.604572138575,0.0104288216776,0.0172499210801,57.9712797153,2,True,PASS
Pentax Q,FL11,True,0.5,0.65,linear_srgb_unclipped,0.645067637872,0.0244731536168,0.0379388953654,26.3581738574,2,True,PASS
Pentax Q,FL11,True,0.5,0.65,chromaticity,0.241735408314,0.0158466353465,0.0655536375786,15.2546835986,2,True,PASS
Pentax Q,FL11,True,0.5,0.8,camera_rgb_wb,0.588401554695,0.00905826028454,0.0153946912823,64.9574571951,2,True,PASS
Pentax Q,FL11,True,0.5,0.8,linear_srgb_unclipped,0.63234089156,0.0212310990423,0.0335754010624,29.7837097505,2,True,PASS
Pentax Q,FL11,True,0.5,0.8,chromaticity,0.238976165422,0.0142549384831,0.0596500427475,16.7644473321,2,True,PASS
Pentax Q,FL11,True,0.65,0.2,camera_rgb_wb,0.479688863595,0.0130651861075,0.027236792636,36.7150425296,2,True,PASS
Pentax Q,FL11,True,0.65,0.2,linear_srgb_unclipped,0.52063775664,0.0298795283239,0.057390244835,17.4245641028,2,True,PASS
Pentax Q,FL11,True,0.65,0.2,chromaticity,0.213811853364,0.0202656286784,0.0947825312748,10.5504673335,2,True,PASS
Pentax Q,FL11,True,0.65,0.35,camera_rgb_wb,0.463781397082,0.0106707180134,0.0230080768236,43.4629981317,2,True,PASS
Pentax Q,FL11,True,0.65,0.35,linear_srgb_unclipped,0.508504841386,0.024312974965,0.0478126715543,20.9149576355,2,True,PASS
Pentax Q,FL11,True,0.65,0.35,chromaticity,0.209416646454,0.0173512726426,0.0828552693226,12.0692384223,2,True,PASS
Pentax Q,FL11,True,0.65,0.5,camera_rgb_wb,0.450046257221,0.00894981168336,0.0198864262057,50.2855560701,2,True,PASS
Pentax Q,FL11,True,0.65,0.5,linear_srgb_unclipped,0.497898423627,0.0203305658289,0.0408327579765,24.4901409935,2,True,PASS
Pentax Q,FL11,True,0.65,0.5,chromaticity,0.205819396349,0.0151778441635,0.0737435073312,13.56051585,2,True,PASS
Pentax Q,FL11,True,0.65,0.65,camera_rgb_wb,0.43792893895,0.00765405313771,0.0174778427661,57.215299015,2,True,PASS
Pentax Q,FL11,True,0.65,0.65,linear_srgb_unclipped,0.488425036956,0.0173440799014,0.0355102187421,28.1609079139,2,True,PASS
Pentax Q,FL11,True,0.65,0.65,chromaticity,0.202740169408,0.0134874046238,0.0665255665077,15.031814872,2,True,PASS
Pentax Q,FL11,True,0.65,0.8,camera_rgb_wb,0.427071570176,0.00664452573958,0.0155583424503,64.2741990797,2,True,PASS
Pentax Q,FL11,True,0.65,0.8,linear_srgb_unclipped,0.47983286391,0.0150256643658,0.0313143710987,31.9342194946,2,True,PASS
Pentax Q,FL11,True,0.65,0.8,chromaticity,0.200025665217,0.0121308650459,0.0606465426959,16.4889861078,2,True,PASS
Pentax Q,FL11,True,0.8,0.2,camera_rgb_wb,0.351319888878,0.00953875850687,0.0271512055219,36.8307771525,2,True,PASS
Pentax Q,FL11,True,0.8,0.2,linear_srgb_unclipped,0.39767577654,0.0211667617023,0.0532261780852,18.7877476079,2,True,PASS
Pentax Q,FL11,True,0.8,0.2,chromaticity,0.183232241302,0.0166447441347,0.0908396034258,11.0084144171,2,True,PASS
Pentax Q,FL11,True,0.8,0.35,camera_rgb_wb,0.34050886642,0.00778703450479,0.0228688156836,43.7276688848,2,True,PASS
Pentax Q,FL11,True,0.8,0.35,linear_srgb_unclipped,0.389351777801,0.0171973314772,0.0441691356189,22.6402438261,2,True,PASS
Pentax Q,FL11,True,0.8,0.35,chromaticity,0.178717012553,0.0142768393799,0.0798851725193,12.5179675835,2,True,PASS
Pentax Q,FL11,True,0.8,0.5,camera_rgb_wb,0.331122934847,0.00652895293247,0.0197176101241,50.7160854539,2,True,PASS
Pentax Q,FL11,True,0.8,0.5,linear_srgb_unclipped,0.381984499729,0.0143629436565,0.0376008546595,26.5951401652,2,True,PASS
Pentax Q,FL11,True,0.8,0.5,chromaticity,0.175064850427,0.0125035264716,0.0714222554734,14.0012380367,2,True,PASS
Pentax Q,FL11,True,0.8,0.65,camera_rgb_wb,0.322803260054,0.00558222237275,0.0172929553804,57.8270155681,2,True,PASS
Pentax Q,FL11,True,0.8,0.65,linear_srgb_unclipped,0.375335987665,0.0122407008572,0.0326126490916,30.6629491272,2,True,PASS
Pentax Q,FL11,True,0.8,0.65,chromaticity,0.171968742704,0.0111203545566,0.0646649756328,15.4643219179,2,True,PASS
Pentax Q,FL11,True,0.8,0.8,camera_rgb_wb,0.315317476351,0.00484497368936,0.0153653826785,65.0813598933,2,True,PASS
Pentax Q,FL11,True,0.8,0.8,linear_srgb_unclipped,0.369252790071,0.0105953587909,0.0286940520852,34.8504281316,2,True,PASS
Pentax Q,FL11,True,0.8,0.8,chromaticity,0.169261376163,0.0100081335412,0.0591282770357,16.9123818608,2,True,PASS
Point Grey Grasshopper 50S5C,FL11,True,0.2,0.2,camera_rgb_wb,1.43298257175,0.0499011017571,0.0348232440092,28.7164515671,2,True,PASS
Point Grey Grasshopper 50S5C,FL11,True,0.2,0.2,linear_srgb_unclipped,1.43866604886,0.0999322087127,0.0694617133643,14.396420007,2,True,PASS
Point Grey Grasshopper 50S5C,FL11,True,0.2,0.2,chromaticity,0.406103677988,0.0401009196394,0.0987455219272,10.1270415152,2,True,PASS
Point Grey Grasshopper 50S5C,FL11,True,0.2,0.35,camera_rgb_wb,1.37455704772,0.0412136341903,0.0299832111433,33.3519980638,2,True,PASS
Point Grey Grasshopper 50S5C,FL11,True,0.2,0.35,linear_srgb_unclipped,1.38420440802,0.0825720865283,0.0596531018469,16.7635876265,2,True,PASS
Point Grey Grasshopper 50S5C,FL11,True,0.2,0.35,chromaticity,0.401841327806,0.0344636766606,0.085764390758,11.6598507978,2,True,PASS
Point Grey Grasshopper 50S5C,FL11,True,0.2,0.5,camera_rgb_wb,1.32495937893,0.0348887401729,0.0263319319276,37.9767045863,2,True,PASS
Point Grey Grasshopper 50S5C,FL11,True,0.2,0.5,linear_srgb_unclipped,1.33827394666,0.0699478402111,0.052267206117,19.1324555929,2,True,PASS
Point Grey Grasshopper 50S5C,FL11,True,0.2,0.5,chromaticity,0.398213213796,0.0302516335662,0.0759684322823,13.163362333,2,True,PASS
Point Grey Grasshopper 50S5C,FL11,True,0.2,0.65,camera_rgb_wb,1.28185014969,0.0300768219922,0.0234636021999,42.6192019231,2,True,PASS
Point Grey Grasshopper 50S5C,FL11,True,0.2,0.65,linear_srgb_unclipped,1.29856503788,0.0603501060501,0.0464744577973,21.5171956252,2,True,PASS
Point Grey Grasshopper 50S5C,FL11,True,0.2,0.65,chromaticity,0.395003868656,0.0269670452897,0.0682703320893,14.6476510279,2,True,PASS
Point Grey Grasshopper 50S5C,FL11,True,0.2,0.8,camera_rgb_wb,1.24373188681,0.0262953889708,0.0211423291867,47.2984783829,2,True,PASS
Point Grey Grasshopper 50S5C,FL11,True,0.2,0.8,linear_srgb_unclipped,1.26360464894,0.0528109032406,0.0417938500661,23.9269652932,2,True,PASS
Point Grey Grasshopper 50S5C,FL11,True,0.2,0.8,chromaticity,0.392093730717,0.0243238152903,0.0620357159136,16.1197462667,2,True,PASS
Point Grey Grasshopper 50S5C,FL11,True,0.35,0.2,camera_rgb_wb,0.974420416159,0.0368501315804,0.0378174871639,26.4427934004,2,True,PASS
Point Grey Grasshopper 50S5C,FL11,True,0.35,0.2,linear_srgb_unclipped,0.966481452502,0.0718547140357,0.0743467076887,13.4504947305,2,True,PASS
Point Grey Grasshopper 50S5C,FL11,True,0.35,0.2,chromaticity,0.34550372642,0.0371213778384,0.107441324072,9.30740577368,2,True,PASS
Point Grey Grasshopper 50S5C,FL11,True,0.35,0.35,camera_rgb_wb,0.939310714476,0.0303850471764,0.0323482386692,30.9135842055,2,True,PASS
Point Grey Grasshopper 50S5C,FL11,True,0.35,0.35,linear_srgb_unclipped,0.936665112935,0.0592476982175,0.0632538752638,15.8093080595,2,True,PASS
Point Grey Grasshopper 50S5C,FL11,True,0.35,0.35,chromaticity,0.340776791286,0.0318583167989,0.093487343075,10.6966351498,2,True,PASS
Point Grey Grasshopper 50S5C,FL11,True,0.35,0.5,camera_rgb_wb,0.909325301897,0.0256840198719,0.0282451393559,35.4043216923,2,True,PASS
Point Grey Grasshopper 50S5C,FL11,True,0.35,0.5,linear_srgb_unclipped,0.911345491148,0.0500957576202,0.0549690080291,18.1920692378,2,True,PASS
Point Grey Grasshopper 50S5C,FL11,True,0.35,0.5,chromaticity,0.336797969508,0.027925734771,0.0829153893409,12.0604872986,2,True,PASS
Point Grey Grasshopper 50S5C,FL11,True,0.35,0.65,camera_rgb_wb,0.883117340184,0.0221116428886,0.0250381709004,39.9390196663,2,True,PASS
Point Grey Grasshopper 50S5C,FL11,True,0.35,0.65,linear_srgb_unclipped,0.889298828306,0.0431494441046,0.0485207477298,20.6097400965,2,True,PASS
Point Grey Grasshopper 50S5C,FL11,True,0.35,0.65,chromaticity,0.333310994138,0.0248606192212,0.0745868562948,13.4071879373,2,True,PASS
Point Grey Grasshopper 50S5C,FL11,True,0.35,0.8,camera_rgb_wb,0.859823913969,0.0193072912804,0.0224549363733,44.5336376544,2,True,PASS
Point Grey Grasshopper 50S5C,FL11,True,0.35,0.8,linear_srgb_unclipped,0.869748780702,0.0377015355476,0.0433476152932,23.0693198054,2,True,PASS
Point Grey Grasshopper 50S5C,FL11,True,0.35,0.8,chromaticity,0.33017445602,0.0223959189846,0.0678305622262,14.742617003,2,True,PASS
Point Grey Grasshopper 50S5C,FL11,True,0.5,0.2,camera_rgb_wb,0.689429749779,0.0271222320134,0.0393400952339,25.4193589023,2,True,PASS
Point Grey Grasshopper 50S5C,FL11,True,0.5,0.2,linear_srgb_unclipped,0.693708247675,0.0516421204794,0.07444357286,13.4329930924,2,True,PASS
Point Grey Grasshopper 50S5C,FL11,True,0.5,0.2,chromaticity,0.294483063901,0.0329923627781,0.112034839427,8.92579491448,2,True,PASS
Point Grey Grasshopper 50S5C,FL11,True,0.5,0.35,camera_rgb_wb,0.667391733639,0.0223352429059,0.0334664662149,29.8806570607,2,True,PASS
Point Grey Grasshopper 50S5C,FL11,True,0.5,0.35,linear_srgb_unclipped,0.675995768165,0.0424980804315,0.0628673764435,15.9065012185,2,True,PASS
Point Grey Grasshopper 50S5C,FL11,True,0.5,0.35,chromaticity,0.289332062932,0.0283168450126,0.0978697097226,10.2176659442,2,True,PASS
Point Grey Grasshopper 50S5C,FL11,True,0.5,0.5,camera_rgb_wb,0.648442930673,0.0188593687203,0.0290840840854,34.3830665963,2,True,PASS
Point Grey Grasshopper 50S5C,FL11,True,0.5,0.5,linear_srgb_unclipped,0.660804507486,0.0358732302229,0.0542872056962,18.4205465574,2,True,PASS
Point Grey Grasshopper 50S5C,FL11,True,0.5,0.5,chromaticity,0.285060253194,0.0248158737202,0.0870548364498,11.4870125634,2,True,PASS
Point Grey Grasshopper 50S5C,FL11,True,0.5,0.65,camera_rgb_wb,0.631779713072,0.0162212311223,0.0256754542551,38.9477042962,2,True,PASS
Point Grey Grasshopper 50S5C,FL11,True,0.5,0.65,linear_srgb_unclipped,0.647449030514,0.0308539259529,0.0476546021367,20.984332156,2,True,PASS
Point Grey Grasshopper 50S5C,FL11,True,0.5,0.65,chromaticity,0.281362257548,0.0220841151803,0.0784899700932,12.7404813483,2,True,PASS
Point Grey Grasshopper 50S5C,FL11,True,0.5,0.8,camera_rgb_wb,0.616886460091,0.0141524732696,0.0229417797036,43.5885974375,2,True,PASS
Point Grey Grasshopper 50S5C,FL11,True,0.5,0.8,linear_srgb_unclipped,0.635496360167,0.0269236267773,0.0423662958042,23.603668459,2,True,PASS
Point Grey Grasshopper 50S5C,FL11,True,0.5,0.8,chromaticity,0.278070407868,0.0198862716746,0.0715152389896,13.983033744,2,True,PASS
Point Grey Grasshopper 50S5C,FL11,True,0.65,0.2,camera_rgb_wb,0.501875561107,0.0198394741325,0.0395306639135,25.296817736,2,True,PASS
Point Grey Grasshopper 50S5C,FL11,True,0.65,0.2,linear_srgb_unclipped,0.518283685821,0.0370567585062,0.0714989869833,13.9862121436,2,True,PASS
Point Grey Grasshopper 50S5C,FL11,True,0.65,0.2,chromaticity,0.252989852789,0.0282793874271,0.111780718141,8.94608673688,2,True,PASS
Point Grey Grasshopper 50S5C,FL11,True,0.65,0.35,camera_rgb_wb,0.48752340586,0.0163217740488,0.033478954759,29.8695107777,2,True,PASS
Point Grey Grasshopper 50S5C,FL11,True,0.65,0.35,linear_srgb_unclipped,0.506991697966,0.0304453294467,0.0600509427845,16.6525278977,2,True,PASS
Point Grey Grasshopper 50S5C,FL11,True,0.65,0.35,chromaticity,0.247462014457,0.0243029546534,0.0982088289659,10.1823839112,2,True,PASS
Point Grey Grasshopper 50S5C,FL11,True,0.65,0.5,camera_rgb_wb,0.475093314779,0.013771143995,0.0289861876952,34.4991901147,2,True,PASS
Point Grey Grasshopper 50S5C,FL11,True,0.65,0.5,linear_srgb_unclipped,0.497190724946,0.0256646329156,0.0516192914065,19.3726022336,2,True,PASS
Point Grey Grasshopper 50S5C,FL11,True,0.65,0.5,chromaticity,0.242945951275,0.0213139746671,0.0877313433513,11.398434833,2,True,PASS
Point Grey Grasshopper 50S5C,FL11,True,0.65,0.65,camera_rgb_wb,0.464091807436,0.0118375049069,0.0255068172229,39.2052050736,2,True,PASS
Point Grey Grasshopper 50S5C,FL11,True,0.65,0.65,linear_srgb_unclipped,0.488479920192,0.0220485389177,0.0451370424992,22.1547523859,2,True,PASS
Point Grey Grasshopper 50S5C,FL11,True,0.65,0.65,chromaticity,0.239086020985,0.0189759393164,0.0793686692272,12.5994300993,2,True,PASS
Point Grey Grasshopper 50S5C,FL11,True,0.65,0.8,camera_rgb_wb,0.454201547939,0.0103226758615,0.0227270820813,44.0003690937,2,True,PASS
Point Grey Grasshopper 50S5C,FL11,True,0.65,0.8,linear_srgb_unclipped,0.480606400588,0.0192210449327,0.0399933186682,25.00417653,2,True,PASS
Point Grey Grasshopper 50S5C,FL11,True,0.65,0.8,chromaticity,0.235687430885,0.0170917462873,0.0725187008194,13.7895465404,2,True,PASS
Point Grey Grasshopper 50S5C,FL11,True,0.8,0.2,camera_rgb_wb,0.372624320578,0.0144220873281,0.0387040956042,25.8370589569,2,True,PASS
Point Grey Grasshopper 50S5C,FL11,True,0.8,0.2,linear_srgb_unclipped,0.395703039698,0.0265355258003,0.0670591912069,14.9121989395,2,True,PASS
Point Grey Grasshopper 50S5C,FL11,True,0.8,0.2,chromaticity,0.219704733276,0.0234933487252,0.106931463764,9.35178444955,2,True,PASS
Point Grey Grasshopper 50S5C,FL11,True,0.8,0.35,camera_rgb_wb,0.362996262494,0.011856612649,0.0326631810684,30.6155116339,2,True,PASS
Point Grey Grasshopper 50S5C,FL11,True,0.8,0.35,linear_srgb_unclipped,0.388133989174,0.0217749080054,0.0561015232183,17.8248279661,2,True,PASS
Point Grey Grasshopper 50S5C,FL11,True,0.8,0.35,chromaticity,0.213884202585,0.0202321665395,0.0945940200117,10.5714927844,2,True,PASS
Point Grey Grasshopper 50S5C,FL11,True,0.8,0.5,camera_rgb_wb,0.354594765798,0.00999872579372,0.0281976124809,35.4639954244,2,True,PASS
Point Grey Grasshopper 50S5C,FL11,True,0.8,0.5,linear_srgb_unclipped,0.381480077782,0.0183380762845,0.0480708622876,20.8026224705,2,True,PASS
Point Grey Grasshopper 50S5C,FL11,True,0.8,0.5,chromaticity,0.209190316477,0.017768640354,0.0849400710953,11.7730063927,2,True,PASS
Point Grey Grasshopper 50S5C,FL11,True,0.8,0.65,camera_rgb_wb,0.347109964594,0.00859165023902,0.0247519550442,40.4008490729,2,True,PASS
Point Grey Grasshopper 50S5C,FL11,True,0.8,0.65,linear_srgb_unclipped,0.375500577206,0.0157419431997,0.0419225539328,23.8535085816,2,True,PASS
Point Grey Grasshopper 50S5C,FL11,True,0.8,0.65,chromaticity,0.205224046556,0.0158350944749,0.0771600343167,12.9600771806,2,True,PASS
Point Grey Grasshopper 50S5C,FL11,True,0.8,0.8,camera_rgb_wb,0.340341976756,0.00749022376635,0.0220079340131,45.4381587751,2,True,PASS
Point Grey Grasshopper 50S5C,FL11,True,0.8,0.8,linear_srgb_unclipped,0.37004332993,0.0137142503123,0.0370612012246,26.9823957928,2,True,PASS
Point Grey Grasshopper 50S5C,FL11,True,0.8,0.8,chromaticity,0.201766807847,0.0142730968787,0.0707405595153,14.1361618688,2,True,PASS
Point Grey Grasshopper2 14S5C,FL11,True,0.2,0.2,camera_rgb_wb,1.41836823205,0.0519831794822,0.0366499885627,27.2851381192,2,True,PASS
Point Grey Grasshopper2 14S5C,FL11,True,0.2,0.2,linear_srgb_unclipped,1.42735808896,0.0912787342084,0.0639494286081,15.6373562949,2,True,PASS
Point Grey Grasshopper2 14S5C,FL11,True,0.2,0.2,chromaticity,0.519647402039,0.051310919353,0.0987417990578,10.1274233358,2,True,PASS
Point Grey Grasshopper2 14S5C,FL11,True,0.2,0.35,camera_rgb_wb,1.35401083875,0.0428922909355,0.031677952427,31.5676968802,2,True,PASS
Point Grey Grasshopper2 14S5C,FL11,True,0.2,0.35,linear_srgb_unclipped,1.3714548235,0.0749309636482,0.0546361151414,18.3029118636,2,True,PASS
Point Grey Grasshopper2 14S5C,FL11,True,0.2,0.35,chromaticity,0.515422199448,0.044148933646,0.0856558636653,11.6746239803,2,True,PASS
Point Grey Grasshopper2 14S5C,FL11,True,0.2,0.5,camera_rgb_wb,1.29970706118,0.036313964226,0.0279401145924,35.7908338812,2,True,PASS
Point Grey Grasshopper2 14S5C,FL11,True,0.2,0.5,linear_srgb_unclipped,1.3244308341,0.0631457373755,0.0476776406512,20.9741922281,2,True,PASS
Point Grey Grasshopper2 14S5C,FL11,True,0.2,0.5,chromaticity,0.511875875335,0.0388113540082,0.0758218073528,13.1888177678,2,True,PASS
Point Grey Grasshopper2 14S5C,FL11,True,0.2,0.65,camera_rgb_wb,1.25276109687,0.0313287805429,0.0250077853002,39.9875473976,2,True,PASS
Point Grey Grasshopper2 14S5C,FL11,True,0.2,0.65,linear_srgb_unclipped,1.28386088678,0.0542469423254,0.0422529752904,23.6669723996,2,True,PASS
Point Grey Grasshopper2 14S5C,FL11,True,0.2,0.65,chromaticity,0.508776072799,0.0346527330831,0.06810998971,14.6821340637,2,True,PASS
Point Grey Grasshopper2 14S5C,FL11,True,0.2,0.8,camera_rgb_wb,1.21145199943,0.0274210018796,0.0226348232473,44.1797132266,2,True,PASS
Point Grey Grasshopper2 14S5C,FL11,True,0.2,0.8,linear_srgb_unclipped,1.24820302754,0.0472958135797,0.0378911223064,26.3914061957,2,True,PASS
Point Grey Grasshopper2 14S5C,FL11,True,0.2,0.8,chromaticity,0.505992417064,0.0313057698452,0.0618700375528,16.1629124461,2,True,PASS
Point Grey Grasshopper2 14S5C,FL11,True,0.35,0.2,camera_rgb_wb,0.936253275543,0.0372826031306,0.0398210656288,25.1123365035,2,True,PASS
Point Grey Grasshopper2 14S5C,FL11,True,0.35,0.2,linear_srgb_unclipped,0.962137120255,0.0649229877625,0.0674778951936,14.8196679391,2,True,PASS
Point Grey Grasshopper2 14S5C,FL11,True,0.35,0.2,chromaticity,0.443446288774,0.04920186017,0.110953370037,9.01279519192,2,True,PASS
Point Grey Grasshopper2 14S5C,FL11,True,0.35,0.35,camera_rgb_wb,0.898721444836,0.0306638407096,0.034119404723,29.3088349026,2,True,PASS
Point Grey Grasshopper2 14S5C,FL11,True,0.35,0.35,linear_srgb_unclipped,0.93178212506,0.0531341567756,0.0570242284614,17.5364056118,2,True,PASS
Point Grey Grasshopper2 14S5C,FL11,True,0.35,0.35,chromaticity,0.43897388284,0.0422033473037,0.0961409071324,10.4013996729,2,True,PASS
Point Grey Grasshopper2 14S5C,FL11,True,0.35,0.5,camera_rgb_wb,0.866854942013,0.0258831389838,0.0298586738442,33.4911056405,2,True,PASS
Point Grey Grasshopper2 14S5C,FL11,True,0.35,0.5,linear_srgb_unclipped,0.90597079736,0.0446575769782,0.0492925126377,20.287056725,2,True,PASS
Point Grey Grasshopper2 14S5C,FL11,True,0.35,0.5,chromaticity,0.435217402337,0.036998157349,0.0850107489965,11.7632183201,2,True,PASS
Point Grey Grasshopper2 14S5C,FL11,True,0.35,0.65,camera_rgb_wb,0.839148310507,0.022266559118,0.0265347124449,37.686483397,2,True,PASS
Point Grey Grasshopper2 14S5C,FL11,True,0.35,0.65,linear_srgb_unclipped,0.883469647903,0.0382719050538,0.0433199998943,23.0840259104,2,True,PASS
Point Grey Grasshopper2 14S5C,FL11,True,0.35,0.65,chromaticity,0.431926284928,0.0329514973372,0.0762896320208,13.1079410598,2,True,PASS
Point Grey Grasshopper2 14S5C,FL11,True,0.35,0.8,camera_rgb_wb,0.814639316063,0.0194363863613,0.02385888574,41.913105704,2,True,PASS
Point Grey Grasshopper2 14S5C,FL11,True,0.35,0.8,linear_srgb_unclipped,0.863495808708,0.0332942963063,0.0385575656193,25.9352473098,2,True,PASS
Point Grey Grasshopper2 14S5C,FL11,True,0.35,0.8,chromaticity,0.428962928196,0.029701770472,0.0692408796184,14.4423353012,2,True,PASS
Point Grey Grasshopper2 14S5C,FL11,True,0.5,0.2,camera_rgb_wb,0.650676179281,0.0269431710576,0.0414079567003,24.1499479735,2,True,PASS
Point Grey Grasshopper2 14S5C,FL11,True,0.5,0.2,linear_srgb_unclipped,0.693861043502,0.0460806116354,0.066411873194,15.057548476,2,True,PASS
Point Grey Grasshopper2 14S5C,FL11,True,0.5,0.2,chromaticity,0.378007568701,0.0449115463979,0.118811235849,8.41671238289,2,True,PASS
Point Grey Grasshopper2 14S5C,FL11,True,0.5,0.35,camera_rgb_wb,0.627471238085,0.0221073830736,0.0352325042676,28.3828816823,2,True,PASS
Point Grey Grasshopper2 14S5C,FL11,True,0.5,0.35,linear_srgb_unclipped,0.675658652216,0.0376154873985,0.0556723239984,17.9622463763,2,True,PASS
Point Grey Grasshopper2 14S5C,FL11,True,0.5,0.35,chromaticity,0.373103153159,0.0384757201247,0.103123545858,9.69710643361,2,True,PASS
Point Grey Grasshopper2 14S5C,FL11,True,0.5,0.5,camera_rgb_wb,0.607640388295,0.0186200763042,0.0306432499598,32.6336142971,2,True,PASS
Point Grey Grasshopper2 14S5C,FL11,True,0.5,0.5,linear_srgb_unclipped,0.659980021959,0.0315440696172,0.0477954916325,20.9224754437,2,True,PASS
Point Grey Grasshopper2 14S5C,FL11,True,0.5,0.5,chromaticity,0.369024121821,0.0336869452274,0.0912865670169,10.9545142585,2,True,PASS
Point Grey Grasshopper2 14S5C,FL11,True,0.5,0.65,camera_rgb_wb,0.590295873449,0.0159859018403,0.0270811682061,36.9260289065,2,True,PASS
Point Grey Grasshopper2 14S5C,FL11,True,0.5,0.65,linear_srgb_unclipped,0.646149573407,0.0269802783799,0.0417554688424,23.9489587286,2,True,PASS
Point Grey Grasshopper2 14S5C,FL11,True,0.5,0.65,chromaticity,0.365475531222,0.0299649184757,0.0819888499116,12.196780429,2,True,PASS
Point Grey Grasshopper2 14S5C,FL11,True,0.5,0.8,camera_rgb_wb,0.574869428354,0.0139274412441,0.0242271384721,41.2760261041,2,True,PASS
Point Grey Grasshopper2 14S5C,FL11,True,0.5,0.8,linear_srgb_unclipped,0.633738506886,0.0234296783247,0.0369705770916,27.0485363948,2,True,PASS
Point Grey Grasshopper2 14S5C,FL11,True,0.5,0.8,chromaticity,0.362297867686,0.026977662263,0.0744626581307,13.4295501276,2,True,PASS
Point Grey Grasshopper2 14S5C,FL11,True,0.65,0.2,camera_rgb_wb,0.468560869058,0.0194887937364,0.0415928751703,24.0425793097,2,True,PASS
Point Grey Grasshopper2 14S5C,FL11,True,0.65,0.2,linear_srgb_unclipped,0.51983836277,0.0326109515154,0.0627328682356,15.9406070235,2,True,PASS
Point Grey Grasshopper2 14S5C,FL11,True,0.65,0.2,chromaticity,0.324289263198,0.0392550024507,0.121049343613,8.2610939486,2,True,PASS
Point Grey Grasshopper2 14S5C,FL11,True,0.65,0.35,camera_rgb_wb,0.453527545305,0.0159622536851,0.0351957755385,28.4125007817,2,True,PASS
Point Grey Grasshopper2 14S5C,FL11,True,0.65,0.35,linear_srgb_unclipped,0.508020407711,0.0265654756177,0.0522921426274,19.1233319148,2,True,PASS
Point Grey Grasshopper2 14S5C,FL11,True,0.65,0.35,chromaticity,0.318817599455,0.0336448461064,0.1055300779,9.47597139981,2,True,PASS
Point Grey Grasshopper2 14S5C,FL11,True,0.65,0.5,camera_rgb_wb,0.440592851799,0.0134229562342,0.0304656695618,32.8238313612,2,True,PASS
Point Grey Grasshopper2 14S5C,FL11,True,0.65,0.5,linear_srgb_unclipped,0.497705302854,0.0222390825948,0.0446832341695,22.3797587302,2,True,PASS
Point Grey Grasshopper2 14S5C,FL11,True,0.65,0.5,chromaticity,0.314332123665,0.0294589285479,0.0937191153245,10.6701818144,2,True,PASS
Point Grey Grasshopper2 14S5C,FL11,True,0.65,0.65,camera_rgb_wb,0.429211269219,0.0115075127722,0.0268108355894,37.2983526255,2,True,PASS
Point Grey Grasshopper2 14S5C,FL11,True,0.65,0.65,linear_srgb_unclipped,0.488500316642,0.0189931125804,0.0388804509095,25.7198663238,2,True,PASS
Point Grey Grasshopper2 14S5C,FL11,True,0.65,0.65,chromaticity,0.31047561188,0.0262003533137,0.0843877983044,11.8500543929,2,True,PASS
Point Grey Grasshopper2 14S5C,FL11,True,0.65,0.8,camera_rgb_wb,0.419032795244,0.0100125878759,0.0238945208812,41.8505985105,2,True,PASS
Point Grey Grasshopper2 14S5C,FL11,True,0.65,0.8,linear_srgb_unclipped,0.480155333959,0.0164718741081,0.0343053027699,29.1500123671,2,True,PASS
Point Grey Grasshopper2 14S5C,FL11,True,0.65,0.8,chromaticity,0.307056137027,0.0235827185503,0.0768026289219,13.0203876357,2,True,PASS
Point Grey Grasshopper2 14S5C,FL11,True,0.8,0.2,camera_rgb_wb,0.345357624882,0.0140544113921,0.040695239889,24.572898519,2,True,PASS
Point Grey Grasshopper2 14S5C,FL11,True,0.8,0.2,linear_srgb_unclipped,0.397136618465,0.0230071815379,0.0579326621324,17.2614197793,2,True,PASS
Point Grey Grasshopper2 14S5C,FL11,True,0.8,0.2,chromaticity,0.280980312554,0.033073894332,0.117708938507,8.4955315432,2,True,PASS
Point Grey Grasshopper2 14S5C,FL11,True,0.8,0.35,camera_rgb_wb,0.335272695814,0.0114954925735,0.0342869929971,29.1655789146,2,True,PASS
Point Grey Grasshopper2 14S5C,FL11,True,0.8,0.35,linear_srgb_unclipped,0.389045689066,0.0187137620952,0.0481017079001,20.7892826192,2,True,PASS
Point Grey Grasshopper2 14S5C,FL11,True,0.8,0.35,chromaticity,0.274926560077,0.0283958768344,0.103285316728,9.68191831795,2,True,PASS
Point Grey Grasshopper2 14S5C,FL11,True,0.8,0.5,camera_rgb_wb,0.326535409933,0.00965550066746,0.0295695363313,33.8185891316,2,True,PASS
Point Grey Grasshopper2 14S5C,FL11,True,0.8,0.5,linear_srgb_unclipped,0.381894451515,0.0156465957538,0.0409709952363,24.4075105872,2,True,PASS
Point Grey Grasshopper2 14S5C,FL11,True,0.8,0.5,chromaticity,0.270032133657,0.0248898448968,0.0921736408174,10.8490886454,2,True,PASS
Point Grey Grasshopper2 14S5C,FL11,True,0.8,0.65,camera_rgb_wb,0.318800616233,0.00826926597688,0.0259386762629,38.552468517,2,True,PASS
Point Grey Grasshopper2 14S5C,FL11,True,0.8,0.65,linear_srgb_unclipped,0.375445456493,0.0133487675082,0.0355544787594,28.1258517884,2,True,PASS
Point Grey Grasshopper2 14S5C,FL11,True,0.8,0.65,chromaticity,0.265874540886,0.0221524951695,0.0833193546689,12.0020132654,2,True,PASS
Point Grey Grasshopper2 14S5C,FL11,True,0.8,0.8,camera_rgb_wb,0.311846133638,0.00718855457115,0.0230516071733,43.3809231817,2,True,PASS
Point Grey Grasshopper2 14S5C,FL11,True,0.8,0.8,linear_srgb_unclipped,0.369546461315,0.0115662151896,0.0312984060202,31.9505088966,2,True,PASS
Point Grey Grasshopper2 14S5C,FL11,True,0.8,0.8,chromaticity,0.26222685146,0.0199490898856,0.076075694669,13.1448027435,2,True,PASS
Phase One,FL11,True,0.2,0.2,camera_rgb_wb,1.40145662354,0.0342218969238,0.0244188056548,40.9520438525,2,True,PASS
Phase One,FL11,True,0.2,0.2,linear_srgb_unclipped,1.42373858645,0.0785579110739,0.0551772016449,18.1234272524,2,True,PASS
Phase One,FL11,True,0.2,0.2,chromaticity,0.384754998153,0.0357987815395,0.0930430578196,10.7477121177,2,True,PASS
Phase One,FL11,True,0.2,0.35,camera_rgb_wb,1.33068682861,0.0283613239406,0.0213132972618,46.9190659575,2,True,PASS
Phase One,FL11,True,0.2,0.35,linear_srgb_unclipped,1.36547679962,0.0644499800599,0.0471996156053,21.1866132208,2,True,PASS
Phase One,FL11,True,0.2,0.35,chromaticity,0.384216098799,0.0310719261517,0.0808709636292,12.3653775734,2,True,PASS
Phase One,FL11,True,0.2,0.5,camera_rgb_wb,1.27103157098,0.024120119652,0.0189768060863,52.6959065426,2,True,PASS
Phase One,FL11,True,0.2,0.5,linear_srgb_unclipped,1.31633504368,0.0543358478544,0.0412781290866,24.2259041804,2,True,PASS
Phase One,FL11,True,0.2,0.5,chromaticity,0.383901858272,0.0275372199097,0.0717298427095,13.9411988403,2,True,PASS
Phase One,FL11,True,0.2,0.65,camera_rgb_wb,1.21950926205,0.0209019706987,0.0171396571959,58.3442240748,2,True,PASS
Phase One,FL11,True,0.2,0.65,linear_srgb_unclipped,1.27384745562,0.0467270476342,0.0366818235795,27.2614581942,2,True,PASS
Phase One,FL11,True,0.2,0.65,chromaticity,0.383703068036,0.0247712954942,0.0645585025447,15.4898264455,2,True,PASS
Phase One,FL11,True,0.2,0.8,camera_rgb_wb,1.17422057282,0.0183743506721,0.0156481253159,63.9054186882,2,True,PASS
Phase One,FL11,True,0.2,0.8,linear_srgb_unclipped,1.23644149904,0.0407983097676,0.0329965548707,30.3061942047,2,True,PASS
Phase One,FL11,True,0.2,0.8,chromaticity,0.383564966641,0.0225344378301,0.0587499896757,17.0212795869,2,True,PASS
Phase One,FL11,True,0.35,0.2,camera_rgb_wb,0.924686467847,0.0237402879067,0.0256738783709,38.950094939,2,True,PASS
Phase One,FL11,True,0.35,0.2,linear_srgb_unclipped,0.957055370035,0.0548109427501,0.0572703988361,17.4610273426,2,True,PASS
Phase One,FL11,True,0.35,0.2,chromaticity,0.338827578492,0.0339151773666,0.10009568146,9.99044100018,2,True,PASS
Phase One,FL11,True,0.35,0.35,camera_rgb_wb,0.880802266061,0.0195703749983,0.0222188063682,45.0069181678,2,True,PASS
Phase One,FL11,True,0.35,0.35,linear_srgb_unclipped,0.924590692165,0.0447764797259,0.0484284344471,20.6490259579,2,True,PASS
Phase One,FL11,True,0.35,0.35,chromaticity,0.338080923737,0.029355512311,0.0868298393961,11.5167781831,2,True,PASS
Phase One,FL11,True,0.35,0.5,camera_rgb_wb,0.843696171731,0.016563432125,0.0196319868218,50.937279506,2,True,PASS
Phase One,FL11,True,0.35,0.5,linear_srgb_unclipped,0.896907042033,0.0376063011555,0.0419288726625,23.8499138303,2,True,PASS
Phase One,FL11,True,0.35,0.5,chromaticity,0.337572733037,0.0259504124383,0.0768735442727,13.0083764117,2,True,PASS
Phase One,FL11,True,0.35,0.65,camera_rgb_wb,0.811558417657,0.0142890973581,0.0176069855814,56.7956391728,2,True,PASS
Phase One,FL11,True,0.35,0.65,linear_srgb_unclipped,0.87272772822,0.0322276905264,0.0369275427883,27.0800579864,2,True,PASS
Phase One,FL11,True,0.35,0.65,chromaticity,0.337181187956,0.0232903590239,0.0690737201713,14.477285971,2,True,PASS
Phase One,FL11,True,0.35,0.8,camera_rgb_wb,0.783235676395,0.0125080696975,0.0159697394724,62.6184291691,2,True,PASS
Phase One,FL11,True,0.35,0.8,linear_srgb_unclipped,0.851237980129,0.0280475138254,0.0329490864836,30.3498550862,2,True,PASS
Phase One,FL11,True,0.35,0.8,chromaticity,0.336848012724,0.0211430001793,0.0627671809856,15.9318928188,2,True,PASS
Phase One,FL11,True,0.5,0.2,camera_rgb_wb,0.632530856134,0.0170421345966,0.0269427719318,37.1157059315,2,True,PASS
Phase One,FL11,True,0.5,0.2,linear_srgb_unclipped,0.688571730751,0.0382528050615,0.055553841892,18.0005552441,2,True,PASS
Phase One,FL11,True,0.5,0.2,chromaticity,0.300773828736,0.0305723470122,0.101645635662,9.83810070636,2,True,PASS
Phase One,FL11,True,0.5,0.35,camera_rgb_wb,0.60428197499,0.0139990590078,0.0231664348553,43.1658995546,2,True,PASS
Phase One,FL11,True,0.5,0.35,linear_srgb_unclipped,0.668537106326,0.0311412772217,0.0465812247773,21.4678769135,2,True,PASS
Phase One,FL11,True,0.5,0.35,chromaticity,0.299447143595,0.0264369479905,0.0882858579751,11.3268424064,2,True,PASS
Phase One,FL11,True,0.5,0.5,camera_rgb_wb,0.580326194913,0.0118091937823,0.0203492344233,49.1418978817,2,True,PASS
Phase One,FL11,True,0.5,0.5,linear_srgb_unclipped,0.651249444421,0.0260738375556,0.0400366369276,24.977122874,2,True,PASS
Phase One,FL11,True,0.5,0.5,chromaticity,0.298457959766,0.0233455711839,0.078220635168,12.7843502914,2,True,PASS
Phase One,FL11,True,0.5,0.65,camera_rgb_wb,0.559522249668,0.0101560508698,0.0181512904551,55.0925016859,2,True,PASS
Phase One,FL11,True,0.5,0.65,linear_srgb_unclipped,0.635989447663,0.0222818090683,0.0350348722768,28.5429897418,2,True,PASS
Phase One,FL11,True,0.5,0.65,chromaticity,0.297645413658,0.0209301132202,0.0703189508715,14.2209175138,2,True,PASS
Phase One,FL11,True,0.5,0.8,camera_rgb_wb,0.541142448001,0.0088638569767,0.016379895921,61.0504489664,2,True,PASS
Phase One,FL11,True,0.5,0.8,linear_srgb_unclipped,0.62229680006,0.0193411172693,0.0310802132801,32.1748113821,2,True,PASS
Phase One,FL11,True,0.5,0.8,chromaticity,0.296931972129,0.018980670381,0.0639226225619,15.6439138434,2,True,PASS
Phase One,FL11,True,0.65,0.2,camera_rgb_wb,0.44454358663,0.0124635803577,0.0280368016379,35.6674064651,2,True,PASS
Phase One,FL11,True,0.65,0.2,linear_srgb_unclipped,0.51487317818,0.0266946203,0.0518469818032,19.2875258158,2,True,PASS
Phase One,FL11,True,0.65,0.2,chromaticity,0.269565314601,0.0264590526598,0.0981545147934,10.1880183719,2,True,PASS
Phase One,FL11,True,0.65,0.35,camera_rgb_wb,0.425844683076,0.0102155760311,0.0239889716534,41.6858219039,2,True,PASS
Phase One,FL11,True,0.65,0.35,linear_srgb_unclipped,0.501487986766,0.0216749058803,0.0432211866531,23.1368011255,2,True,PASS
Phase One,FL11,True,0.65,0.35,chromaticity,0.267460617641,0.022890906157,0.0855860812663,11.684142856,2,True,PASS
Phase One,FL11,True,0.65,0.5,camera_rgb_wb,0.409938480522,0.00859993879013,0.0209786082516,47.6676044477,2,True,PASS
Phase One,FL11,True,0.65,0.5,linear_srgb_unclipped,0.489808617354,0.0181060377519,0.0369655353344,27.0522255651,2,True,PASS
Phase One,FL11,True,0.65,0.5,chromaticity,0.265842252939,0.0202158779461,0.0760446382119,13.150171051,2,True,PASS
Phase One,FL11,True,0.65,0.65,camera_rgb_wb,0.396086371156,0.00738180093443,0.018636846587,53.6571460914,2,True,PASS
Phase One,FL11,True,0.65,0.65,linear_srgb_unclipped,0.479400282672,0.0154406084495,0.0322081755219,31.0480175855,2,True,PASS
Phase One,FL11,True,0.65,0.65,chromaticity,0.264495676357,0.0181221793044,0.0685159755882,14.5951362644,2,True,PASS
Phase One,FL11,True,0.65,0.8,camera_rgb_wb,0.383816940076,0.00643077921125,0.0167548081905,59.6843597747,2,True,PASS
Phase One,FL11,True,0.65,0.8,linear_srgb_unclipped,0.469983128557,0.0133771591811,0.0284630625405,35.1332537943,2,True,PASS
Phase One,FL11,True,0.65,0.8,chromaticity,0.263314896286,0.0164307036754,0.0623994460898,16.0257832828,2,True,PASS
Phase One,FL11,True,0.8,0.2,camera_rgb_wb,0.318734403866,0.00915895639034,0.0287353868276,34.8002971389,2,True,PASS
Phase One,FL11,True,0.8,0.2,linear_srgb_unclipped,0.392569862146,0.0186073408687,0.0473988012401,21.0975799775,2,True,PASS
Phase One,FL11,True,0.8,0.2,chromaticity,0.243699376649,0.022182766375,0.0910251256281,10.9859776968,2,True,PASS
Phase One,FL11,True,0.8,0.35,camera_rgb_wb,0.306095150615,0.00749603887034,0.0244892441298,40.8342533849,2,True,PASS
Phase One,FL11,True,0.8,0.35,linear_srgb_unclipped,0.383155040731,0.015080428421,0.0393585541567,25.4074373774,2,True,PASS
Phase One,FL11,True,0.8,0.35,chromaticity,0.240780038855,0.019217842856,0.0798149337769,12.528983646,2,True,PASS
Phase One,FL11,True,0.8,0.5,camera_rgb_wb,0.295307185043,0.00630211223751,0.021340869971,46.8584458534,2,True,PASS
Phase One,FL11,True,0.8,0.5,linear_srgb_unclipped,0.374859870734,0.01257708908,0.0335514416502,29.8049785886,2,True,PASS
Phase One,FL11,True,0.8,0.5,chromaticity,0.238509558209,0.0169861161545,0.0712177586595,14.0414416126,2,True,PASS
Phase One,FL11,True,0.8,0.65,camera_rgb_wb,0.285884022038,0.0054028141518,0.018898622292,52.9139100486,2,True,PASS
Phase One,FL11,True,0.8,0.65,linear_srgb_unclipped,0.367408007642,0.010710163447,0.0291505988553,34.3046125729,2,True,PASS
Phase One,FL11,True,0.8,0.65,chromaticity,0.236617279078,0.0152347715792,0.0643857102852,15.5313965719,2,True,PASS
Phase One,FL11,True,0.8,0.8,camera_rgb_wb,0.277514676753,0.00470137732965,0.0169410042909,59.0283777059,2,True,PASS
Phase One,FL11,True,0.8,0.8,linear_srgb_unclipped,0.360620099231,0.0092667246904,0.0256966395111,38.9155943744,2,True,PASS
Phase One,FL11,True,0.8,0.8,chromaticity,0.234966395035,0.0138173148795,0.0588054937703,17.005213899,2,True,PASS
SONY NEX-5N,FL11,True,0.2,0.2,camera_rgb_wb,1.40759308605,0.0386057936995,0.0274268139579,36.4606695308,2,True,PASS
SONY NEX-5N,FL11,True,0.2,0.2,linear_srgb_unclipped,1.41893755733,0.0822924331912,0.0579958101513,17.2426248964,2,True,PASS
SONY NEX-5N,FL11,True,0.2,0.2,chromaticity,0.486887341583,0.0408250180445,0.0838490027525,11.9262002788,2,True,PASS
SONY NEX-5N,FL11,True,0.2,0.35,camera_rgb_wb,1.33929830367,0.0318762045325,0.0238006756562,42.0156139449,2,True,PASS
SONY NEX-5N,FL11,True,0.2,0.35,linear_srgb_unclipped,1.36158671492,0.0673804198052,0.0494866901,20.207453721,2,True,PASS
SONY NEX-5N,FL11,True,0.2,0.35,chromaticity,0.484090755898,0.0352353387568,0.0727866383061,13.7387853495,2,True,PASS
SONY NEX-5N,FL11,True,0.2,0.5,camera_rgb_wb,1.28173062316,0.027021234055,0.0210818354237,47.4342001017,2,True,PASS
SONY NEX-5N,FL11,True,0.2,0.5,linear_srgb_unclipped,1.31334126544,0.0566825594831,0.0431590485845,23.1701122429,2,True,PASS
SONY NEX-5N,FL11,True,0.2,0.5,chromaticity,0.48180741856,0.0310677937971,0.0644817671965,15.5082598303,2,True,PASS
SONY NEX-5N,FL11,True,0.2,0.65,camera_rgb_wb,1.23201195056,0.0233493782824,0.0189522335978,52.7642293368,2,True,PASS
SONY NEX-5N,FL11,True,0.2,0.65,linear_srgb_unclipped,1.27171591639,0.0486351652557,0.0382437340202,26.1480743348,2,True,PASS
SONY NEX-5N,FL11,True,0.2,0.65,chromaticity,0.479850640195,0.0278174453941,0.0579710498726,17.2499894723,2,True,PASS
SONY NEX-5N,FL11,True,0.2,0.8,camera_rgb_wb,1.18830591881,0.0204747846062,0.0172302302648,58.0375296575,2,True,PASS
SONY NEX-5N,FL11,True,0.2,0.8,linear_srgb_unclipped,1.23513071543,0.042367876256,0.0343023420328,29.1525283913,2,True,PASS
SONY NEX-5N,FL11,True,0.2,0.8,chromaticity,0.478117691659,0.0251978301976,0.0527021497787,18.9745580436,2,True,PASS
SONY NEX-5N,FL11,True,0.35,0.2,camera_rgb_wb,0.914681758619,0.0273437093553,0.0298942327183,33.451268324,2,True,PASS
SONY NEX-5N,FL11,True,0.35,0.2,linear_srgb_unclipped,0.958026468624,0.0582736407413,0.0608267544268,16.4401341059,2,True,PASS
SONY NEX-5N,FL11,True,0.35,0.2,chromaticity,0.421115541446,0.0398441023339,0.0946156064369,10.5690809123,2,True,PASS
SONY NEX-5N,FL11,True,0.35,0.35,camera_rgb_wb,0.874528683249,0.0224533275242,0.0256747754011,38.9487340933,2,True,PASS
SONY NEX-5N,FL11,True,0.35,0.35,linear_srgb_unclipped,0.926655049919,0.0475224762075,0.0512838906038,19.499300623,2,True,PASS
SONY NEX-5N,FL11,True,0.35,0.35,chromaticity,0.418089547759,0.0342602696303,0.0819448125741,12.2033350079,2,True,PASS
SONY NEX-5N,FL11,True,0.35,0.5,camera_rgb_wb,0.840489132184,0.018936693319,0.0225305629709,44.3841550382,2,True,PASS
SONY NEX-5N,FL11,True,0.35,0.5,linear_srgb_unclipped,0.899932908624,0.0398351467175,0.0442645738763,22.5914294983,2,True,PASS
SONY NEX-5N,FL11,True,0.35,0.5,chromaticity,0.415590728379,0.0301086936839,0.0724479436811,13.8030142636,2,True,PASS
SONY NEX-5N,FL11,True,0.35,0.65,camera_rgb_wb,0.810939565495,0.0162849828893,0.0200816233197,49.7967711116,2,True,PASS
SONY NEX-5N,FL11,True,0.35,0.65,linear_srgb_unclipped,0.876607979615,0.0340690247717,0.0388646071721,25.7303514113,2,True,PASS
SONY NEX-5N,FL11,True,0.35,0.65,chromaticity,0.413423029399,0.0268797579575,0.0650175632368,15.3804595284,2,True,PASS
SONY NEX-5N,FL11,True,0.35,0.8,camera_rgb_wb,0.784842075781,0.0142149212852,0.0181118236698,55.2125516585,2,True,PASS
SONY NEX-5N,FL11,True,0.35,0.8,linear_srgb_unclipped,0.855883658489,0.0295898885422,0.0345723256294,28.9248692934,2,True,PASS
SONY NEX-5N,FL11,True,0.35,0.8,chromaticity,0.411481114613,0.0242843796388,0.0590169968352,16.9442712037,2,True,PASS
SONY NEX-5N,FL11,True,0.5,0.2,camera_rgb_wb,0.624364777039,0.019695151535,0.0315443027205,31.7014457051,2,True,PASS
SONY NEX-5N,FL11,True,0.5,0.2,linear_srgb_unclipped,0.691890157384,0.0411377684231,0.0594570799774,16.8188548846,2,True,PASS
SONY NEX-5N,FL11,True,0.5,0.2,chromaticity,0.362650042112,0.0369175770849,0.101799456219,9.82323518354,2,True,PASS
SONY NEX-5N,FL11,True,0.5,0.35,camera_rgb_wb,0.599428073895,0.0161147246006,0.02688349996,37.1975375783,2,True,PASS
SONY NEX-5N,FL11,True,0.5,0.35,linear_srgb_unclipped,0.672830714773,0.0334417505779,0.0497030677163,20.1194824776,2,True,PASS
SONY NEX-5N,FL11,True,0.5,0.35,chromaticity,0.359211439811,0.0316843393414,0.0882052624995,11.3371920412,2,True,PASS
SONY NEX-5N,FL11,True,0.5,0.5,camera_rgb_wb,0.578171234838,0.0135451892747,0.0234276429862,42.6846183625,2,True,PASS
SONY NEX-5N,FL11,True,0.5,0.5,linear_srgb_unclipped,0.656370220071,0.0279545588429,0.0425896209,23.4798990662,2,True,PASS
SONY NEX-5N,FL11,True,0.5,0.5,chromaticity,0.356377292053,0.0277952140886,0.0779937855426,12.8215343446,2,True,PASS
SONY NEX-5N,FL11,True,0.5,0.65,camera_rgb_wb,0.559626683737,0.0116112578849,0.0207482205948,48.1969041842,2,True,PASS
SONY NEX-5N,FL11,True,0.5,0.65,linear_srgb_unclipped,0.641824124624,0.0238487724676,0.037157800015,26.912249907,2,True,PASS
SONY NEX-5N,FL11,True,0.5,0.65,chromaticity,0.353920310549,0.0247731560331,0.0699964237561,14.2864441687,2,True,PASS
SONY NEX-5N,FL11,True,0.5,0.8,camera_rgb_wb,0.543174687637,0.0101042316257,0.0186021768976,53.7571492575,2,True,PASS
SONY NEX-5N,FL11,True,0.5,0.8,linear_srgb_unclipped,0.628755546769,0.020666244181,0.032868488059,30.4242774479,2,True,PASS
SONY NEX-5N,FL11,True,0.5,0.8,chromaticity,0.351720146741,0.0223467963186,0.0635357301129,15.7391753935,2,True,PASS
SONY NEX-5N,FL11,True,0.65,0.2,camera_rgb_wb,0.441660572158,0.0142908329087,0.0323570493033,30.9051666184,2,True,PASS
SONY NEX-5N,FL11,True,0.65,0.2,linear_srgb_unclipped,0.518602513405,0.0289368837739,0.0557978085835,17.9218507928,2,True,PASS
SONY NEX-5N,FL11,True,0.65,0.2,chromaticity,0.313336215881,0.0327059590351,0.10437976007,9.58040140469,2,True,PASS
SONY NEX-5N,FL11,True,0.65,0.35,camera_rgb_wb,0.425482165274,0.011666797492,0.0274201798434,36.4694909265,2,True,PASS
SONY NEX-5N,FL11,True,0.65,0.35,linear_srgb_unclipped,0.506031645703,0.0234680972748,0.0463767384395,21.5625340127,2,True,PASS
SONY NEX-5N,FL11,True,0.65,0.35,chromaticity,0.309337528157,0.0280642864279,0.0907238335908,11.0224619091,2,True,PASS
SONY NEX-5N,FL11,True,0.65,0.5,camera_rgb_wb,0.41161573266,0.00978624134539,0.0237751877999,42.060656194,2,True,PASS
SONY NEX-5N,FL11,True,0.65,0.5,linear_srgb_unclipped,0.495031805226,0.0195778799293,0.0395487314605,25.2852610708,2,True,PASS
SONY NEX-5N,FL11,True,0.65,0.5,chromaticity,0.30607235002,0.0246086988759,0.0804015745765,12.4375673644,2,True,PASS
SONY NEX-5N,FL11,True,0.65,0.65,camera_rgb_wb,0.399459843187,0.00837270205296,0.0209600594296,47.7097883885,2,True,PASS
SONY NEX-5N,FL11,True,0.65,0.65,linear_srgb_unclipped,0.485201886185,0.0166727194335,0.0343624373859,29.1015444792,2,True,PASS
SONY NEX-5N,FL11,True,0.65,0.65,chromaticity,0.303264583446,0.0219212656093,0.0722842916908,13.8342643555,2,True,PASS
SONY NEX-5N,FL11,True,0.65,0.8,camera_rgb_wb,0.38862838869,0.00727254576732,0.0187133672654,53.43773709,2,True,PASS
SONY NEX-5N,FL11,True,0.65,0.8,linear_srgb_unclipped,0.476284262262,0.0144246580222,0.0302858170321,33.0187559061,2,True,PASS
SONY NEX-5N,FL11,True,0.65,0.8,chromaticity,0.300768575742,0.0197628732838,0.0657079059372,15.2188688064,2,True,PASS
SONY NEX-5N,FL11,True,0.8,0.2,camera_rgb_wb,0.32018220149,0.0103650275619,0.0323722790137,30.8906271188,2,True,PASS
SONY NEX-5N,FL11,True,0.8,0.2,linear_srgb_unclipped,0.395975872152,0.0202813736926,0.051218710833,19.5241149911,2,True,PASS
SONY NEX-5N,FL11,True,0.8,0.2,chromaticity,0.272705526652,0.0279096169285,0.102343422486,9.771023635,2,True,PASS
SONY NEX-5N,FL11,True,0.8,0.35,camera_rgb_wb,0.309335335373,0.00844966183569,0.027315540352,36.6091970765,2,True,PASS
SONY NEX-5N,FL11,True,0.8,0.35,linear_srgb_unclipped,0.387228227838,0.016421395812,0.0424075380653,23.5807133736,2,True,PASS
SONY NEX-5N,FL11,True,0.8,0.35,chromaticity,0.268103811692,0.0239755075576,0.0894262092221,11.1824040032,2,True,PASS
SONY NEX-5N,FL11,True,0.8,0.5,camera_rgb_wb,0.299987767632,0.00707852910493,0.0235960591354,42.3799582067,2,True,PASS
SONY NEX-5N,FL11,True,0.8,0.5,linear_srgb_unclipped,0.379485107774,0.0136803460944,0.0360497574587,27.7394376688,2,True,PASS
SONY NEX-5N,FL11,True,0.8,0.5,chromaticity,0.264386259369,0.0210363827133,0.0795668532982,12.5680476046,2,True,PASS
SONY NEX-5N,FL11,True,0.8,0.65,camera_rgb_wb,0.291754166876,0.00604896581869,0.020733091436,48.2320739811,2,True,PASS
SONY NEX-5N,FL11,True,0.8,0.65,linear_srgb_unclipped,0.372499694208,0.0116363468061,0.0312385405601,32.0117387711,2,True,PASS
SONY NEX-5N,FL11,True,0.8,0.65,chromaticity,0.261221417537,0.0187455057289,0.0717609830988,13.9351491133,2,True,PASS
SONY NEX-5N,FL11,True,0.8,0.8,camera_rgb_wb,0.284386430706,0.00524841815474,0.0184552341042,54.1851701448,2,True,PASS
SONY NEX-5N,FL11,True,0.8,0.8,linear_srgb_unclipped,0.36611196508,0.0100566457327,0.0274687710096,36.4049778437,2,True,PASS
SONY NEX-5N,FL11,True,0.8,0.8,chromaticity,0.258433965616,0.016902889943,0.0654050635437,15.2893361128,2,True,PASS
