effect,observation_space,m,h,camera_name,illuminant_name,max_abs_error,relative_error
shading,spectral_radiance,0.2,0.2,Canon 1DMarkIII,D65,0.0,0.0
shading,cie_xyz,0.2,0.2,Canon 1DMarkIII,D65,0.0,0.0
shading,camera_rgb_raw,0.2,0.2,Canon 1DMarkIII,D65,0.0,0.0
shading,camera_rgb_wb,0.2,0.2,Canon 1DMarkIII,D65,0.0,0.0
shading,spectral_radiance,0.2,0.2,Canon 1DMarkIII,D65,0.0,0.0
shading,cie_xyz,0.2,0.2,Canon 1DMarkIII,D65,0.0,0.0
shading,camera_rgb_raw,0.2,0.2,Canon 1DMarkIII,D65,0.0,0.0
shading,camera_rgb_wb,0.2,0.2,Canon 1DMarkIII,D65,0.0,0.0
shading,spectral_radiance,0.2,0.2,Canon 1DMarkIII,D65,8.67361737988e-19,1.29734403476e-16
shading,cie_xyz,0.2,0.2,Canon 1DMarkIII,D65,3.33066907388e-16,6.26005620758e-16
shading,camera_rgb_raw,0.2,0.2,Canon 1DMarkIII,D65,1.11022302463e-16,2.68768481448e-16
shading,camera_rgb_wb,0.2,0.2,Canon 1DMarkIII,D65,1.66533453694e-16,2.52543288991e-16
shading,spectral_radiance,0.2,0.2,Canon 1DMarkIII,D65,0.0,0.0
shading,cie_xyz,0.2,0.2,Canon 1DMarkIII,D65,0.0,0.0
shading,camera_rgb_raw,0.2,0.2,Canon 1DMarkIII,D65,0.0,0.0
shading,camera_rgb_wb,0.2,0.2,Canon 1DMarkIII,D65,0.0,0.0
shading,spectral_radiance,0.2,0.2,Canon 20D,D65,0.0,0.0
shading,cie_xyz,0.2,0.2,Canon 20D,D65,0.0,0.0
shading,camera_rgb_raw,0.2,0.2,Canon 20D,D65,0.0,0.0
shading,camera_rgb_wb,0.2,0.2,Canon 20D,D65,0.0,0.0
shading,spectral_radiance,0.2,0.2,Canon 20D,D65,0.0,0.0
shading,cie_xyz,0.2,0.2,Canon 20D,D65,0.0,0.0
shading,camera_rgb_raw,0.2,0.2,Canon 20D,D65,0.0,0.0
shading,camera_rgb_wb,0.2,0.2,Canon 20D,D65,0.0,0.0
shading,spectral_radiance,0.2,0.2,Canon 20D,D65,8.67361737988e-19,1.29734403476e-16
shading,cie_xyz,0.2,0.2,Canon 20D,D65,3.33066907388e-16,6.26005620758e-16
shading,camera_rgb_raw,0.2,0.2,Canon 20D,D65,1.11022302463e-16,2.68246211042e-16
shading,camera_rgb_wb,0.2,0.2,Canon 20D,D65,1.11022302463e-16,1.68720665322e-16
shading,spectral_radiance,0.2,0.2,Canon 20D,D65,0.0,0.0
shading,cie_xyz,0.2,0.2,Canon 20D,D65,0.0,0.0
shading,camera_rgb_raw,0.2,0.2,Canon 20D,D65,0.0,0.0
shading,camera_rgb_wb,0.2,0.2,Canon 20D,D65,0.0,0.0
shading,spectral_radiance,0.2,0.2,Canon 300D,D65,0.0,0.0
shading,cie_xyz,0.2,0.2,Canon 300D,D65,0.0,0.0
shading,camera_rgb_raw,0.2,0.2,Canon 300D,D65,0.0,0.0
shading,camera_rgb_wb,0.2,0.2,Canon 300D,D65,0.0,0.0
shading,spectral_radiance,0.2,0.2,Canon 300D,D65,0.0,0.0
shading,cie_xyz,0.2,0.2,Canon 300D,D65,0.0,0.0
shading,camera_rgb_raw,0.2,0.2,Canon 300D,D65,0.0,0.0
shading,camera_rgb_wb,0.2,0.2,Canon 300D,D65,0.0,0.0
shading,spectral_radiance,0.2,0.2,Canon 300D,D65,8.67361737988e-19,1.29734403476e-16
shading,cie_xyz,0.2,0.2,Canon 300D,D65,3.33066907388e-16,6.26005620758e-16
shading,camera_rgb_raw,0.2,0.2,Canon 300D,D65,1.66533453694e-16,3.90143456377e-16
shading,camera_rgb_wb,0.2,0.2,Canon 300D,D65,3.33066907388e-16,4.98823330236e-16
shading,spectral_radiance,0.2,0.2,Canon 300D,D65,0.0,0.0
shading,cie_xyz,0.2,0.2,Canon 300D,D65,0.0,0.0
shading,camera_rgb_raw,0.2,0.2,Canon 300D,D65,0.0,0.0
shading,camera_rgb_wb,0.2,0.2,Canon 300D,D65,0.0,0.0
shading,spectral_radiance,0.2,0.2,Canon 40D,D65,0.0,0.0
shading,cie_xyz,0.2,0.2,Canon 40D,D65,0.0,0.0
shading,camera_rgb_raw,0.2,0.2,Canon 40D,D65,0.0,0.0
shading,camera_rgb_wb,0.2,0.2,Canon 40D,D65,0.0,0.0
shading,spectral_radiance,0.2,0.2,Canon 40D,D65,0.0,0.0
shading,cie_xyz,0.2,0.2,Canon 40D,D65,0.0,0.0
shading,camera_rgb_raw,0.2,0.2,Canon 40D,D65,0.0,0.0
shading,camera_rgb_wb,0.2,0.2,Canon 40D,D65,0.0,0.0
shading,spectral_radiance,0.2,0.2,Canon 40D,D65,8.67361737988e-19,1.29734403476e-16
shading,cie_xyz,0.2,0.2,Canon 40D,D65,3.33066907388e-16,6.26005620758e-16
shading,camera_rgb_raw,0.2,0.2,Canon 40D,D65,1.11022302463e-16,2.50239397712e-16
shading,camera_rgb_wb,0.2,0.2,Canon 40D,D65,2.22044604925e-16,3.34360211121e-16
shading,spectral_radiance,0.2,0.2,Canon 40D,D65,0.0,0.0
shading,cie_xyz,0.2,0.2,Canon 40D,D65,0.0,0.0
shading,camera_rgb_raw,0.2,0.2,Canon 40D,D65,0.0,0.0
shading,camera_rgb_wb,0.2,0.2,Canon 40D,D65,0.0,0.0
shading,spectral_radiance,0.2,0.2,Canon 500D,D65,0.0,0.0
shading,cie_xyz,0.2,0.2,Canon 500D,D65,0.0,0.0
shading,camera_rgb_raw,0.2,0.2,Canon 500D,D65,0.0,0.0
shading,camera_rgb_wb,0.2,0.2,Canon 500D,D65,0.0,0.0
shading,spectral_radiance,0.2,0.2,Canon 500D,D65,0.0,0.0
shading,cie_xyz,0.2,0.2,Canon 500D,D65,0.0,0.0
shading,camera_rgb_raw,0.2,0.2,Canon 500D,D65,0.0,0.0
shading,camera_rgb_wb,0.2,0.2,Canon 500D,D65,0.0,0.0
shading,spectral_radiance,0.2,0.2,Canon 500D,D65,8.67361737988e-19,1.29734403476e-16
shading,cie_xyz,0.2,0.2,Canon 500D,D65,3.33066907388e-16,6.26005620758e-16
shading,camera_rgb_raw,0.2,0.2,Canon 500D,D65,2.22044604925e-16,4.44468474266e-16
shading,camera_rgb_wb,0.2,0.2,Canon 500D,D65,2.22044604925e-16,3.6106653552e-16
shading,spectral_radiance,0.2,0.2,Canon 500D,D65,0.0,0.0
shading,cie_xyz,0.2,0.2,Canon 500D,D65,0.0,0.0
shading,camera_rgb_raw,0.2,0.2,Canon 500D,D65,0.0,0.0
shading,camera_rgb_wb,0.2,0.2,Canon 500D,D65,0.0,0.0
shading,spectral_radiance,0.2,0.2,Canon 50D,D65,0.0,0.0
shading,cie_xyz,0.2,0.2,Canon 50D,D65,0.0,0.0
shading,camera_rgb_raw,0.2,0.2,Canon 50D,D65,0.0,0.0
shading,camera_rgb_wb,0.2,0.2,Canon 50D,D65,0.0,0.0
shading,spectral_radiance,0.2,0.2,Canon 50D,D65,0.0,0.0
shading,cie_xyz,0.2,0.2,Canon 50D,D65,0.0,0.0
shading,camera_rgb_raw,0.2,0.2,Canon 50D,D65,0.0,0.0
shading,camera_rgb_wb,0.2,0.2,Canon 50D,D65,0.0,0.0
shading,spectral_radiance,0.2,0.2,Canon 50D,D65,8.67361737988e-19,1.29734403476e-16
shading,cie_xyz,0.2,0.2,Canon 50D,D65,3.33066907388e-16,6.26005620758e-16
shading,camera_rgb_raw,0.2,0.2,Canon 50D,D65,5.55111512313e-17,1.11437221658e-16
shading,camera_rgb_wb,0.2,0.2,Canon 50D,D65,5.55111512313e-17,8.88151273028e-17
shading,spectral_radiance,0.2,0.2,Canon 50D,D65,0.0,0.0
shading,cie_xyz,0.2,0.2,Canon 50D,D65,0.0,0.0
shading,camera_rgb_raw,0.2,0.2,Canon 50D,D65,0.0,0.0
shading,camera_rgb_wb,0.2,0.2,Canon 50D,D65,0.0,0.0
shading,spectral_radiance,0.2,0.2,Canon 5DMarkII,D65,0.0,0.0
shading,cie_xyz,0.2,0.2,Canon 5DMarkII,D65,0.0,0.0
shading,camera_rgb_raw,0.2,0.2,Canon 5DMarkII,D65,0.0,0.0
shading,camera_rgb_wb,0.2,0.2,Canon 5DMarkII,D65,0.0,0.0
shading,spectral_radiance,0.2,0.2,Canon 5DMarkII,D65,0.0,0.0
shading,cie_xyz,0.2,0.2,Canon 5DMarkII,D65,0.0,0.0
shading,camera_rgb_raw,0.2,0.2,Canon 5DMarkII,D65,0.0,0.0
shading,camera_rgb_wb,0.2,0.2,Canon 5DMarkII,D65,0.0,0.0
shading,spectral_radiance,0.2,0.2,Canon 5DMarkII,D65,8.67361737988e-19,1.29734403476e-16
shading,cie_xyz,0.2,0.2,Canon 5DMarkII,D65,3.33066907388e-16,6.26005620758e-16
shading,camera_rgb_raw,0.2,0.2,Canon 5DMarkII,D65,1.11022302463e-16,2.55362886754e-16
shading,camera_rgb_wb,0.2,0.2,Canon 5DMarkII,D65,1.11022302463e-16,1.73111231946e-16
shading,spectral_radiance,0.2,0.2,Canon 5DMarkII,D65,0.0,0.0
shading,cie_xyz,0.2,0.2,Canon 5DMarkII,D65,0.0,0.0
shading,camera_rgb_raw,0.2,0.2,Canon 5DMarkII,D65,0.0,0.0
shading,camera_rgb_wb,0.2,0.2,Canon 5DMarkII,D65,0.0,0.0
shading,spectral_radiance,0.2,0.2,Canon 600D,D65,0.0,0.0
shading,cie_xyz,0.2,0.2,Canon 600D,D65,0.0,0.0
shading,camera_rgb_raw,0.2,0.2,Canon 600D,D65,0.0,0.0
shading,camera_rgb_wb,0.2,0.2,Canon 600D,D65,0.0,0.0
shading,spectral_radiance,0.2,0.2,Canon 600D,D65,0.0,0.0
shading,cie_xyz,0.2,0.2,Canon 600D,D65,0.0,0.0
shading,camera_rgb_raw,0.2,0.2,Canon 600D,D65,0.0,0.0
shading,camera_rgb_wb,0.2,0.2,Canon 600D,D65,0.0,0.0
shading,spectral_radiance,0.2,0.2,Canon 600D,D65,8.67361737988e-19,1.29734403476e-16
shading,cie_xyz,0.2,0.2,Canon 600D,D65,3.33066907388e-16,6.26005620758e-16
shading,camera_rgb_raw,0.2,0.2,Canon 600D,D65,1.11022302463e-16,2.3650172723e-16
shading,camera_rgb_wb,0.2,0.2,Canon 600D,D65,3.33066907388e-16,5.13730653868e-16
shading,spectral_radiance,0.2,0.2,Canon 600D,D65,0.0,0.0
shading,cie_xyz,0.2,0.2,Canon 600D,D65,0.0,0.0
shading,camera_rgb_raw,0.2,0.2,Canon 600D,D65,0.0,0.0
shading,camera_rgb_wb,0.2,0.2,Canon 600D,D65,0.0,0.0
shading,spectral_radiance,0.2,0.2,Canon 60D,D65,0.0,0.0
shading,cie_xyz,0.2,0.2,Canon 60D,D65,0.0,0.0
shading,camera_rgb_raw,0.2,0.2,Canon 60D,D65,0.0,0.0
shading,camera_rgb_wb,0.2,0.2,Canon 60D,D65,0.0,0.0
shading,spectral_radiance,0.2,0.2,Canon 60D,D65,0.0,0.0
shading,cie_xyz,0.2,0.2,Canon 60D,D65,0.0,0.0
shading,camera_rgb_raw,0.2,0.2,Canon 60D,D65,0.0,0.0
shading,camera_rgb_wb,0.2,0.2,Canon 60D,D65,0.0,0.0
shading,spectral_radiance,0.2,0.2,Canon 60D,D65,8.67361737988e-19,1.29734403476e-16
shading,cie_xyz,0.2,0.2,Canon 60D,D65,3.33066907388e-16,6.26005620758e-16
shading,camera_rgb_raw,0.2,0.2,Canon 60D,D65,1.11022302463e-16,2.35734870778e-16
shading,camera_rgb_wb,0.2,0.2,Canon 60D,D65,2.22044604925e-16,3.4252774437e-16
shading,spectral_radiance,0.2,0.2,Canon 60D,D65,0.0,0.0
shading,cie_xyz,0.2,0.2,Canon 60D,D65,0.0,0.0
shading,camera_rgb_raw,0.2,0.2,Canon 60D,D65,0.0,0.0
shading,camera_rgb_wb,0.2,0.2,Canon 60D,D65,0.0,0.0
shading,spectral_radiance,0.2,0.2,Hasselblad H2,D65,0.0,0.0
shading,cie_xyz,0.2,0.2,Hasselblad H2,D65,0.0,0.0
shading,camera_rgb_raw,0.2,0.2,Hasselblad H2,D65,0.0,0.0
shading,camera_rgb_wb,0.2,0.2,Hasselblad H2,D65,0.0,0.0
shading,spectral_radiance,0.2,0.2,Hasselblad H2,D65,0.0,0.0
shading,cie_xyz,0.2,0.2,Hasselblad H2,D65,0.0,0.0
shading,camera_rgb_raw,0.2,0.2,Hasselblad H2,D65,0.0,0.0
shading,camera_rgb_wb,0.2,0.2,Hasselblad H2,D65,0.0,0.0
shading,spectral_radiance,0.2,0.2,Hasselblad H2,D65,8.67361737988e-19,1.29734403476e-16
shading,cie_xyz,0.2,0.2,Hasselblad H2,D65,3.33066907388e-16,6.26005620758e-16
shading,camera_rgb_raw,0.2,0.2,Hasselblad H2,D65,1.11022302463e-16,2.93080979292e-16
shading,camera_rgb_wb,0.2,0.2,Hasselblad H2,D65,1.11022302463e-16,1.63267350676e-16
shading,spectral_radiance,0.2,0.2,Hasselblad H2,D65,0.0,0.0
shading,cie_xyz,0.2,0.2,Hasselblad H2,D65,0.0,0.0
shading,camera_rgb_raw,0.2,0.2,Hasselblad H2,D65,0.0,0.0
shading,camera_rgb_wb,0.2,0.2,Hasselblad H2,D65,0.0,0.0
shading,spectral_radiance,0.2,0.2,Nikon D3X,D65,0.0,0.0
shading,cie_xyz,0.2,0.2,Nikon D3X,D65,0.0,0.0
shading,camera_rgb_raw,0.2,0.2,Nikon D3X,D65,0.0,0.0
shading,camera_rgb_wb,0.2,0.2,Nikon D3X,D65,0.0,0.0
shading,spectral_radiance,0.2,0.2,Nikon D3X,D65,0.0,0.0
shading,cie_xyz,0.2,0.2,Nikon D3X,D65,0.0,0.0
shading,camera_rgb_raw,0.2,0.2,Nikon D3X,D65,0.0,0.0
shading,camera_rgb_wb,0.2,0.2,Nikon D3X,D65,0.0,0.0
shading,spectral_radiance,0.2,0.2,Nikon D3X,D65,8.67361737988e-19,1.29734403476e-16
shading,cie_xyz,0.2,0.2,Nikon D3X,D65,3.33066907388e-16,6.26005620758e-16
shading,camera_rgb_raw,0.2,0.2,Nikon D3X,D65,1.11022302463e-16,2.58131461608e-16
shading,camera_rgb_wb,0.2,0.2,Nikon D3X,D65,2.22044604925e-16,3.36275814914e-16
shading,spectral_radiance,0.2,0.2,Nikon D3X,D65,0.0,0.0
shading,cie_xyz,0.2,0.2,Nikon D3X,D65,0.0,0.0
shading,camera_rgb_raw,0.2,0.2,Nikon D3X,D65,0.0,0.0
shading,camera_rgb_wb,0.2,0.2,Nikon D3X,D65,0.0,0.0
shading,spectral_radiance,0.2,0.2,Nikon D200,D65,0.0,0.0
shading,cie_xyz,0.2,0.2,Nikon D200,D65,0.0,0.0
shading,camera_rgb_raw,0.2,0.2,Nikon D200,D65,0.0,0.0
shading,camera_rgb_wb,0.2,0.2,Nikon D200,D65,0.0,0.0
shading,spectral_radiance,0.2,0.2,Nikon D200,D65,0.0,0.0
shading,cie_xyz,0.2,0.2,Nikon D200,D65,0.0,0.0
shading,camera_rgb_raw,0.2,0.2,Nikon D200,D65,0.0,0.0
shading,camera_rgb_wb,0.2,0.2,Nikon D200,D65,0.0,0.0
shading,spectral_radiance,0.2,0.2,Nikon D200,D65,8.67361737988e-19,1.29734403476e-16
shading,cie_xyz,0.2,0.2,Nikon D200,D65,3.33066907388e-16,6.26005620758e-16
shading,camera_rgb_raw,0.2,0.2,Nikon D200,D65,2.22044604925e-16,5.78710267413e-16
shading,camera_rgb_wb,0.2,0.2,Nikon D200,D65,3.33066907388e-16,5.0452187385e-16
shading,spectral_radiance,0.2,0.2,Nikon D200,D65,0.0,0.0
shading,cie_xyz,0.2,0.2,Nikon D200,D65,0.0,0.0
shading,camera_rgb_raw,0.2,0.2,Nikon D200,D65,0.0,0.0
shading,camera_rgb_wb,0.2,0.2,Nikon D200,D65,0.0,0.0
shading,spectral_radiance,0.2,0.2,Nikon D3,D65,0.0,0.0
shading,cie_xyz,0.2,0.2,Nikon D3,D65,0.0,0.0
shading,camera_rgb_raw,0.2,0.2,Nikon D3,D65,0.0,0.0
shading,camera_rgb_wb,0.2,0.2,Nikon D3,D65,0.0,0.0
shading,spectral_radiance,0.2,0.2,Nikon D3,D65,0.0,0.0
shading,cie_xyz,0.2,0.2,Nikon D3,D65,0.0,0.0
shading,camera_rgb_raw,0.2,0.2,Nikon D3,D65,0.0,0.0
shading,camera_rgb_wb,0.2,0.2,Nikon D3,D65,0.0,0.0
shading,spectral_radiance,0.2,0.2,Nikon D3,D65,8.67361737988e-19,1.29734403476e-16
shading,cie_xyz,0.2,0.2,Nikon D3,D65,3.33066907388e-16,6.26005620758e-16
shading,camera_rgb_raw,0.2,0.2,Nikon D3,D65,1.66533453694e-16,4.33318851219e-16
shading,camera_rgb_wb,0.2,0.2,Nikon D3,D65,3.33066907388e-16,5.07638904468e-16
shading,spectral_radiance,0.2,0.2,Nikon D3,D65,0.0,0.0
shading,cie_xyz,0.2,0.2,Nikon D3,D65,0.0,0.0
shading,camera_rgb_raw,0.2,0.2,Nikon D3,D65,0.0,0.0
shading,camera_rgb_wb,0.2,0.2,Nikon D3,D65,0.0,0.0
shading,spectral_radiance,0.2,0.2,Nikon D300s,D65,0.0,0.0
shading,cie_xyz,0.2,0.2,Nikon D300s,D65,0.0,0.0
shading,camera_rgb_raw,0.2,0.2,Nikon D300s,D65,0.0,0.0
shading,camera_rgb_wb,0.2,0.2,Nikon D300s,D65,0.0,0.0
shading,spectral_radiance,0.2,0.2,Nikon D300s,D65,0.0,0.0
shading,cie_xyz,0.2,0.2,Nikon D300s,D65,0.0,0.0
shading,camera_rgb_raw,0.2,0.2,Nikon D300s,D65,0.0,0.0
shading,camera_rgb_wb,0.2,0.2,Nikon D300s,D65,0.0,0.0
shading,spectral_radiance,0.2,0.2,Nikon D300s,D65,8.67361737988e-19,1.29734403476e-16
shading,cie_xyz,0.2,0.2,Nikon D300s,D65,3.33066907388e-16,6.26005620758e-16
shading,camera_rgb_raw,0.2,0.2,Nikon D300s,D65,1.11022302463e-16,2.86477426904e-16
shading,camera_rgb_wb,0.2,0.2,Nikon D300s,D65,1.66533453694e-16,2.59256953981e-16
shading,spectral_radiance,0.2,0.2,Nikon D300s,D65,0.0,0.0
shading,cie_xyz,0.2,0.2,Nikon D300s,D65,0.0,0.0
shading,camera_rgb_raw,0.2,0.2,Nikon D300s,D65,0.0,0.0
shading,camera_rgb_wb,0.2,0.2,Nikon D300s,D65,0.0,0.0
shading,spectral_radiance,0.2,0.2,Nikon D40,D65,0.0,0.0
shading,cie_xyz,0.2,0.2,Nikon D40,D65,0.0,0.0
shading,camera_rgb_raw,0.2,0.2,Nikon D40,D65,0.0,0.0
shading,camera_rgb_wb,0.2,0.2,Nikon D40,D65,0.0,0.0
shading,spectral_radiance,0.2,0.2,Nikon D40,D65,0.0,0.0
shading,cie_xyz,0.2,0.2,Nikon D40,D65,0.0,0.0
shading,camera_rgb_raw,0.2,0.2,Nikon D40,D65,0.0,0.0
shading,camera_rgb_wb,0.2,0.2,Nikon D40,D65,0.0,0.0
shading,spectral_radiance,0.2,0.2,Nikon D40,D65,8.67361737988e-19,1.29734403476e-16
shading,cie_xyz,0.2,0.2,Nikon D40,D65,3.33066907388e-16,6.26005620758e-16
shading,camera_rgb_raw,0.2,0.2,Nikon D40,D65,1.11022302463e-16,2.8694937465e-16
shading,camera_rgb_wb,0.2,0.2,Nikon D40,D65,1.11022302463e-16,1.69323664847e-16
shading,spectral_radiance,0.2,0.2,Nikon D40,D65,0.0,0.0
shading,cie_xyz,0.2,0.2,Nikon D40,D65,0.0,0.0
shading,camera_rgb_raw,0.2,0.2,Nikon D40,D65,0.0,0.0
shading,camera_rgb_wb,0.2,0.2,Nikon D40,D65,0.0,0.0
shading,spectral_radiance,0.2,0.2,Nikon D50,D65,0.0,0.0
shading,cie_xyz,0.2,0.2,Nikon D50,D65,0.0,0.0
shading,camera_rgb_raw,0.2,0.2,Nikon D50,D65,0.0,0.0
shading,camera_rgb_wb,0.2,0.2,Nikon D50,D65,0.0,0.0
shading,spectral_radiance,0.2,0.2,Nikon D50,D65,0.0,0.0
shading,cie_xyz,0.2,0.2,Nikon D50,D65,0.0,0.0
shading,camera_rgb_raw,0.2,0.2,Nikon D50,D65,0.0,0.0
shading,camera_rgb_wb,0.2,0.2,Nikon D50,D65,0.0,0.0
shading,spectral_radiance,0.2,0.2,Nikon D50,D65,8.67361737988e-19,1.29734403476e-16
shading,cie_xyz,0.2,0.2,Nikon D50,D65,3.33066907388e-16,6.26005620758e-16
shading,camera_rgb_raw,0.2,0.2,Nikon D50,D65,1.11022302463e-16,2.8773162979e-16
shading,camera_rgb_wb,0.2,0.2,Nikon D50,D65,1.11022302463e-16,1.66049409159e-16
shading,spectral_radiance,0.2,0.2,Nikon D50,D65,0.0,0.0
shading,cie_xyz,0.2,0.2,Nikon D50,D65,0.0,0.0
shading,camera_rgb_raw,0.2,0.2,Nikon D50,D65,0.0,0.0
shading,camera_rgb_wb,0.2,0.2,Nikon D50,D65,0.0,0.0
shading,spectral_radiance,0.2,0.2,Nikon D5100,D65,0.0,0.0
shading,cie_xyz,0.2,0.2,Nikon D5100,D65,0.0,0.0
shading,camera_rgb_raw,0.2,0.2,Nikon D5100,D65,0.0,0.0
shading,camera_rgb_wb,0.2,0.2,Nikon D5100,D65,0.0,0.0
shading,spectral_radiance,0.2,0.2,Nikon D5100,D65,0.0,0.0
shading,cie_xyz,0.2,0.2,Nikon D5100,D65,0.0,0.0
shading,camera_rgb_raw,0.2,0.2,Nikon D5100,D65,0.0,0.0
shading,camera_rgb_wb,0.2,0.2,Nikon D5100,D65,0.0,0.0
shading,spectral_radiance,0.2,0.2,Nikon D5100,D65,8.67361737988e-19,1.29734403476e-16
shading,cie_xyz,0.2,0.2,Nikon D5100,D65,3.33066907388e-16,6.26005620758e-16
shading,camera_rgb_raw,0.2,0.2,Nikon D5100,D65,5.55111512313e-17,1.31395058927e-16
shading,camera_rgb_wb,0.2,0.2,Nikon D5100,D65,1.11022302463e-16,1.71498933344e-16
shading,spectral_radiance,0.2,0.2,Nikon D5100,D65,0.0,0.0
shading,cie_xyz,0.2,0.2,Nikon D5100,D65,0.0,0.0
shading,camera_rgb_raw,0.2,0.2,Nikon D5100,D65,0.0,0.0
shading,camera_rgb_wb,0.2,0.2,Nikon D5100,D65,0.0,0.0
shading,spectral_radiance,0.2,0.2,Nikon D700,D65,0.0,0.0
shading,cie_xyz,0.2,0.2,Nikon D700,D65,0.0,0.0
shading,camera_rgb_raw,0.2,0.2,Nikon D700,D65,0.0,0.0
shading,camera_rgb_wb,0.2,0.2,Nikon D700,D65,0.0,0.0
shading,spectral_radiance,0.2,0.2,Nikon D700,D65,0.0,0.0
shading,cie_xyz,0.2,0.2,Nikon D700,D65,0.0,0.0
shading,camera_rgb_raw,0.2,0.2,Nikon D700,D65,0.0,0.0
shading,camera_rgb_wb,0.2,0.2,Nikon D700,D65,0.0,0.0
shading,spectral_radiance,0.2,0.2,Nikon D700,D65,8.67361737988e-19,1.29734403476e-16
shading,cie_xyz,0.2,0.2,Nikon D700,D65,3.33066907388e-16,6.26005620758e-16
shading,camera_rgb_raw,0.2,0.2,Nikon D700,D65,5.55111512313e-17,1.4088027632e-16
shading,camera_rgb_wb,0.2,0.2,Nikon D700,D65,2.22044604925e-16,3.38034116751e-16
shading,spectral_radiance,0.2,0.2,Nikon D700,D65,0.0,0.0
shading,cie_xyz,0.2,0.2,Nikon D700,D65,0.0,0.0
shading,camera_rgb_raw,0.2,0.2,Nikon D700,D65,0.0,0.0
shading,camera_rgb_wb,0.2,0.2,Nikon D700,D65,0.0,0.0
shading,spectral_radiance,0.2,0.2,Nikon D80,D65,0.0,0.0
shading,cie_xyz,0.2,0.2,Nikon D80,D65,0.0,0.0
shading,camera_rgb_raw,0.2,0.2,Nikon D80,D65,0.0,0.0
shading,camera_rgb_wb,0.2,0.2,Nikon D80,D65,0.0,0.0
shading,spectral_radiance,0.2,0.2,Nikon D80,D65,0.0,0.0
shading,cie_xyz,0.2,0.2,Nikon D80,D65,0.0,0.0
shading,camera_rgb_raw,0.2,0.2,Nikon D80,D65,0.0,0.0
shading,camera_rgb_wb,0.2,0.2,Nikon D80,D65,0.0,0.0
shading,spectral_radiance,0.2,0.2,Nikon D80,D65,8.67361737988e-19,1.29734403476e-16
shading,cie_xyz,0.2,0.2,Nikon D80,D65,3.33066907388e-16,6.26005620758e-16
shading,camera_rgb_raw,0.2,0.2,Nikon D80,D65,1.11022302463e-16,3.0686730423e-16
shading,camera_rgb_wb,0.2,0.2,Nikon D80,D65,3.33066907388e-16,5.01586850894e-16
shading,spectral_radiance,0.2,0.2,Nikon D80,D65,0.0,0.0
shading,cie_xyz,0.2,0.2,Nikon D80,D65,0.0,0.0
shading,camera_rgb_raw,0.2,0.2,Nikon D80,D65,0.0,0.0
shading,camera_rgb_wb,0.2,0.2,Nikon D80,D65,0.0,0.0
shading,spectral_radiance,0.2,0.2,Nikon D90,D65,0.0,0.0
shading,cie_xyz,0.2,0.2,Nikon D90,D65,0.0,0.0
shading,camera_rgb_raw,0.2,0.2,Nikon D90,D65,0.0,0.0
shading,camera_rgb_wb,0.2,0.2,Nikon D90,D65,0.0,0.0
shading,spectral_radiance,0.2,0.2,Nikon D90,D65,0.0,0.0
shading,cie_xyz,0.2,0.2,Nikon D90,D65,0.0,0.0
shading,camera_rgb_raw,0.2,0.2,Nikon D90,D65,0.0,0.0
shading,camera_rgb_wb,0.2,0.2,Nikon D90,D65,0.0,0.0
shading,spectral_radiance,0.2,0.2,Nikon D90,D65,8.67361737988e-19,1.29734403476e-16
shading,cie_xyz,0.2,0.2,Nikon D90,D65,3.33066907388e-16,6.26005620758e-16
shading,camera_rgb_raw,0.2,0.2,Nikon D90,D65,2.22044604925e-16,5.76916688199e-16
shading,camera_rgb_wb,0.2,0.2,Nikon D90,D65,3.33066907388e-16,5.20458645226e-16
shading,spectral_radiance,0.2,0.2,Nikon D90,D65,0.0,0.0
shading,cie_xyz,0.2,0.2,Nikon D90,D65,0.0,0.0
shading,camera_rgb_raw,0.2,0.2,Nikon D90,D65,0.0,0.0
shading,camera_rgb_wb,0.2,0.2,Nikon D90,D65,0.0,0.0
shading,spectral_radiance,0.2,0.2,Nokia N900,D65,0.0,0.0
shading,cie_xyz,0.2,0.2,Nokia N900,D65,0.0,0.0
shading,camera_rgb_raw,0.2,0.2,Nokia N900,D65,0.0,0.0
shading,camera_rgb_wb,0.2,0.2,Nokia N900,D65,0.0,0.0
shading,spectral_radiance,0.2,0.2,Nokia N900,D65,0.0,0.0
shading,cie_xyz,0.2,0.2,Nokia N900,D65,0.0,0.0
shading,camera_rgb_raw,0.2,0.2,Nokia N900,D65,0.0,0.0
shading,camera_rgb_wb,0.2,0.2,Nokia N900,D65,0.0,0.0
shading,spectral_radiance,0.2,0.2,Nokia N900,D65,8.67361737988e-19,1.29734403476e-16
shading,cie_xyz,0.2,0.2,Nokia N900,D65,3.33066907388e-16,6.26005620758e-16
shading,camera_rgb_raw,0.2,0.2,Nokia N900,D65,8.32667268469e-17,1.92939799506e-16
shading,camera_rgb_wb,0.2,0.2,Nokia N900,D65,1.66533453694e-16,2.43300180355e-16
shading,spectral_radiance,0.2,0.2,Nokia N900,D65,0.0,0.0
shading,cie_xyz,0.2,0.2,Nokia N900,D65,0.0,0.0
shading,camera_rgb_raw,0.2,0.2,Nokia N900,D65,0.0,0.0
shading,camera_rgb_wb,0.2,0.2,Nokia N900,D65,0.0,0.0
shading,spectral_radiance,0.2,0.2,Olympus E-PL2,D65,0.0,0.0
shading,cie_xyz,0.2,0.2,Olympus E-PL2,D65,0.0,0.0
shading,camera_rgb_raw,0.2,0.2,Olympus E-PL2,D65,0.0,0.0
shading,camera_rgb_wb,0.2,0.2,Olympus E-PL2,D65,0.0,0.0
shading,spectral_radiance,0.2,0.2,Olympus E-PL2,D65,0.0,0.0
shading,cie_xyz,0.2,0.2,Olympus E-PL2,D65,0.0,0.0
shading,camera_rgb_raw,0.2,0.2,Olympus E-PL2,D65,0.0,0.0
shading,camera_rgb_wb,0.2,0.2,Olympus E-PL2,D65,0.0,0.0
shading,spectral_radiance,0.2,0.2,Olympus E-PL2,D65,8.67361737988e-19,1.29734403476e-16
shading,cie_xyz,0.2,0.2,Olympus E-PL2,D65,3.33066907388e-16,6.26005620758e-16
shading,camera_rgb_raw,0.2,0.2,Olympus E-PL2,D65,1.66533453694e-16,3.84796897904e-16
shading,camera_rgb_wb,0.2,0.2,Olympus E-PL2,D65,4.4408920985e-16,6.27256740375e-16
shading,spectral_radiance,0.2,0.2,Olympus E-PL2,D65,0.0,0.0
shading,cie_xyz,0.2,0.2,Olympus E-PL2,D65,0.0,0.0
shading,camera_rgb_raw,0.2,0.2,Olympus E-PL2,D65,0.0,0.0
shading,camera_rgb_wb,0.2,0.2,Olympus E-PL2,D65,0.0,0.0
shading,spectral_radiance,0.2,0.2,Pentax K-5,D65,0.0,0.0
shading,cie_xyz,0.2,0.2,Pentax K-5,D65,0.0,0.0
shading,camera_rgb_raw,0.2,0.2,Pentax K-5,D65,0.0,0.0
shading,camera_rgb_wb,0.2,0.2,Pentax K-5,D65,0.0,0.0
shading,spectral_radiance,0.2,0.2,Pentax K-5,D65,0.0,0.0
shading,cie_xyz,0.2,0.2,Pentax K-5,D65,0.0,0.0
shading,camera_rgb_raw,0.2,0.2,Pentax K-5,D65,0.0,0.0
shading,camera_rgb_wb,0.2,0.2,Pentax K-5,D65,0.0,0.0
shading,spectral_radiance,0.2,0.2,Pentax K-5,D65,8.67361737988e-19,1.29734403476e-16
shading,cie_xyz,0.2,0.2,Pentax K-5,D65,3.33066907388e-16,6.26005620758e-16
shading,camera_rgb_raw,0.2,0.2,Pentax K-5,D65,5.55111512313e-17,1.25769735298e-16
shading,camera_rgb_wb,0.2,0.2,Pentax K-5,D65,1.11022302463e-16,1.69985288784e-16
shading,spectral_radiance,0.2,0.2,Pentax K-5,D65,0.0,0.0
shading,cie_xyz,0.2,0.2,Pentax K-5,D65,0.0,0.0
shading,camera_rgb_raw,0.2,0.2,Pentax K-5,D65,0.0,0.0
shading,camera_rgb_wb,0.2,0.2,Pentax K-5,D65,0.0,0.0
shading,spectral_radiance,0.2,0.2,Pentax Q,D65,0.0,0.0
shading,cie_xyz,0.2,0.2,Pentax Q,D65,0.0,0.0
shading,camera_rgb_raw,0.2,0.2,Pentax Q,D65,0.0,0.0
shading,camera_rgb_wb,0.2,0.2,Pentax Q,D65,0.0,0.0
shading,spectral_radiance,0.2,0.2,Pentax Q,D65,0.0,0.0
shading,cie_xyz,0.2,0.2,Pentax Q,D65,0.0,0.0
shading,camera_rgb_raw,0.2,0.2,Pentax Q,D65,0.0,0.0
shading,camera_rgb_wb,0.2,0.2,Pentax Q,D65,0.0,0.0
shading,spectral_radiance,0.2,0.2,Pentax Q,D65,8.67361737988e-19,1.29734403476e-16
shading,cie_xyz,0.2,0.2,Pentax Q,D65,3.33066907388e-16,6.26005620758e-16
shading,camera_rgb_raw,0.2,0.2,Pentax Q,D65,3.33066907388e-16,6.01007649807e-16
shading,camera_rgb_wb,0.2,0.2,Pentax Q,D65,5.55111512313e-16,8.16989852109e-16
shading,spectral_radiance,0.2,0.2,Pentax Q,D65,0.0,0.0
shading,cie_xyz,0.2,0.2,Pentax Q,D65,0.0,0.0
shading,camera_rgb_raw,0.2,0.2,Pentax Q,D65,0.0,0.0
shading,camera_rgb_wb,0.2,0.2,Pentax Q,D65,0.0,0.0
shading,spectral_radiance,0.2,0.2,Point Grey Grasshopper 50S5C,D65,0.0,0.0
shading,cie_xyz,0.2,0.2,Point Grey Grasshopper 50S5C,D65,0.0,0.0
shading,camera_rgb_raw,0.2,0.2,Point Grey Grasshopper 50S5C,D65,0.0,0.0
shading,camera_rgb_wb,0.2,0.2,Point Grey Grasshopper 50S5C,D65,0.0,0.0
shading,spectral_radiance,0.2,0.2,Point Grey Grasshopper 50S5C,D65,0.0,0.0
shading,cie_xyz,0.2,0.2,Point Grey Grasshopper 50S5C,D65,0.0,0.0
shading,camera_rgb_raw,0.2,0.2,Point Grey Grasshopper 50S5C,D65,0.0,0.0
shading,camera_rgb_wb,0.2,0.2,Point Grey Grasshopper 50S5C,D65,0.0,0.0
shading,spectral_radiance,0.2,0.2,Point Grey Grasshopper 50S5C,D65,8.67361737988e-19,1.29734403476e-16
shading,cie_xyz,0.2,0.2,Point Grey Grasshopper 50S5C,D65,3.33066907388e-16,6.26005620758e-16
shading,camera_rgb_raw,0.2,0.2,Point Grey Grasshopper 50S5C,D65,1.11022302463e-16,3.13320943556e-16
shading,camera_rgb_wb,0.2,0.2,Point Grey Grasshopper 50S5C,D65,1.11022302463e-16,1.43350944968e-16
shading,spectral_radiance,0.2,0.2,Point Grey Grasshopper 50S5C,D65,0.0,0.0
shading,cie_xyz,0.2,0.2,Point Grey Grasshopper 50S5C,D65,0.0,0.0
shading,camera_rgb_raw,0.2,0.2,Point Grey Grasshopper 50S5C,D65,0.0,0.0
shading,camera_rgb_wb,0.2,0.2,Point Grey Grasshopper 50S5C,D65,0.0,0.0
shading,spectral_radiance,0.2,0.2,Point Grey Grasshopper2 14S5C,D65,0.0,0.0
shading,cie_xyz,0.2,0.2,Point Grey Grasshopper2 14S5C,D65,0.0,0.0
shading,camera_rgb_raw,0.2,0.2,Point Grey Grasshopper2 14S5C,D65,0.0,0.0
shading,camera_rgb_wb,0.2,0.2,Point Grey Grasshopper2 14S5C,D65,0.0,0.0
shading,spectral_radiance,0.2,0.2,Point Grey Grasshopper2 14S5C,D65,0.0,0.0
shading,cie_xyz,0.2,0.2,Point Grey Grasshopper2 14S5C,D65,0.0,0.0
shading,camera_rgb_raw,0.2,0.2,Point Grey Grasshopper2 14S5C,D65,0.0,0.0
shading,camera_rgb_wb,0.2,0.2,Point Grey Grasshopper2 14S5C,D65,0.0,0.0
shading,spectral_radiance,0.2,0.2,Point Grey Grasshopper2 14S5C,D65,8.67361737988e-19,1.29734403476e-16
shading,cie_xyz,0.2,0.2,Point Grey Grasshopper2 14S5C,D65,3.33066907388e-16,6.26005620758e-16
shading,camera_rgb_raw,0.2,0.2,Point Grey Grasshopper2 14S5C,D65,5.55111512313e-17,1.66328486604e-16
shading,camera_rgb_wb,0.2,0.2,Point Grey Grasshopper2 14S5C,D65,2.22044604925e-16,3.02777800744e-16
shading,spectral_radiance,0.2,0.2,Point Grey Grasshopper2 14S5C,D65,0.0,0.0
shading,cie_xyz,0.2,0.2,Point Grey Grasshopper2 14S5C,D65,0.0,0.0
shading,camera_rgb_raw,0.2,0.2,Point Grey Grasshopper2 14S5C,D65,0.0,0.0
shading,camera_rgb_wb,0.2,0.2,Point Grey Grasshopper2 14S5C,D65,0.0,0.0
shading,spectral_radiance,0.2,0.2,Phase One,D65,0.0,0.0
shading,cie_xyz,0.2,0.2,Phase One,D65,0.0,0.0
shading,camera_rgb_raw,0.2,0.2,Phase One,D65,0.0,0.0
shading,camera_rgb_wb,0.2,0.2,Phase One,D65,0.0,0.0
shading,spectral_radiance,0.2,0.2,Phase One,D65,0.0,0.0
shading,cie_xyz,0.2,0.2,Phase One,D65,0.0,0.0
shading,camera_rgb_raw,0.2,0.2,Phase One,D65,0.0,0.0
shading,camera_rgb_wb,0.2,0.2,Phase One,D65,0.0,0.0
shading,spectral_radiance,0.2,0.2,Phase One,D65,8.67361737988e-19,1.29734403476e-16
shading,cie_xyz,0.2,0.2,Phase One,D65,3.33066907388e-16,6.26005620758e-16
shading,camera_rgb_raw,0.2,0.2,Phase One,D65,1.11022302463e-16,3.17997349368e-16
shading,camera_rgb_wb,0.2,0.2,Phase One,D65,1.11022302463e-16,1.87568483195e-16
shading,spectral_radiance,0.2,0.2,Phase One,D65,0.0,0.0
shading,cie_xyz,0.2,0.2,Phase One,D65,0.0,0.0
shading,camera_rgb_raw,0.2,0.2,Phase One,D65,0.0,0.0
shading,camera_rgb_wb,0.2,0.2,Phase One,D65,0.0,0.0
shading,spectral_radiance,0.2,0.2,SONY NEX-5N,D65,0.0,0.0
shading,cie_xyz,0.2,0.2,SONY NEX-5N,D65,0.0,0.0
shading,camera_rgb_raw,0.2,0.2,SONY NEX-5N,D65,0.0,0.0
shading,camera_rgb_wb,0.2,0.2,SONY NEX-5N,D65,0.0,0.0
shading,spectral_radiance,0.2,0.2,SONY NEX-5N,D65,0.0,0.0
shading,cie_xyz,0.2,0.2,SONY NEX-5N,D65,0.0,0.0
shading,camera_rgb_raw,0.2,0.2,SONY NEX-5N,D65,0.0,0.0
shading,camera_rgb_wb,0.2,0.2,SONY NEX-5N,D65,0.0,0.0
shading,spectral_radiance,0.2,0.2,SONY NEX-5N,D65,8.67361737988e-19,1.29734403476e-16
shading,cie_xyz,0.2,0.2,SONY NEX-5N,D65,3.33066907388e-16,6.26005620758e-16
shading,camera_rgb_raw,0.2,0.2,SONY NEX-5N,D65,1.38777878078e-16,3.29161511294e-16
shading,camera_rgb_wb,0.2,0.2,SONY NEX-5N,D65,3.33066907388e-16,5.33856088854e-16
shading,spectral_radiance,0.2,0.2,SONY NEX-5N,D65,0.0,0.0
shading,cie_xyz,0.2,0.2,SONY NEX-5N,D65,0.0,0.0
shading,camera_rgb_raw,0.2,0.2,SONY NEX-5N,D65,0.0,0.0
shading,camera_rgb_wb,0.2,0.2,SONY NEX-5N,D65,0.0,0.0
shading,spectral_radiance,0.2,0.2,Canon 1DMarkIII,A,0.0,0.0
shading,cie_xyz,0.2,0.2,Canon 1DMarkIII,A,0.0,0.0
shading,camera_rgb_raw,0.2,0.2,Canon 1DMarkIII,A,0.0,0.0
shading,camera_rgb_wb,0.2,0.2,Canon 1DMarkIII,A,0.0,0.0
shading,spectral_radiance,0.2,0.2,Canon 1DMarkIII,A,0.0,0.0
shading,cie_xyz,0.2,0.2,Canon 1DMarkIII,A,0.0,0.0
shading,camera_rgb_raw,0.2,0.2,Canon 1DMarkIII,A,0.0,0.0
shading,camera_rgb_wb,0.2,0.2,Canon 1DMarkIII,A,0.0,0.0
shading,spectral_radiance,0.2,0.2,Canon 1DMarkIII,A,3.46944695195e-18,2.00249136737e-16
shading,cie_xyz,0.2,0.2,Canon 1DMarkIII,A,1.11022302463e-16,1.55494399616e-16
shading,camera_rgb_raw,0.2,0.2,Canon 1DMarkIII,A,1.66533453694e-16,4.62321812615e-16
shading,camera_rgb_wb,0.2,0.2,Canon 1DMarkIII,A,3.33066907388e-16,4.77538515905e-16
shading,spectral_radiance,0.2,0.2,Canon 1DMarkIII,A,0.0,0.0
shading,cie_xyz,0.2,0.2,Canon 1DMarkIII,A,0.0,0.0
shading,camera_rgb_raw,0.2,0.2,Canon 1DMarkIII,A,0.0,0.0
shading,camera_rgb_wb,0.2,0.2,Canon 1DMarkIII,A,0.0,0.0
shading,spectral_radiance,0.2,0.2,Canon 20D,A,0.0,0.0
shading,cie_xyz,0.2,0.2,Canon 20D,A,0.0,0.0
shading,camera_rgb_raw,0.2,0.2,Canon 20D,A,0.0,0.0
shading,camera_rgb_wb,0.2,0.2,Canon 20D,A,0.0,0.0
shading,spectral_radiance,0.2,0.2,Canon 20D,A,0.0,0.0
shading,cie_xyz,0.2,0.2,Canon 20D,A,0.0,0.0
shading,camera_rgb_raw,0.2,0.2,Canon 20D,A,0.0,0.0
shading,camera_rgb_wb,0.2,0.2,Canon 20D,A,0.0,0.0
shading,spectral_radiance,0.2,0.2,Canon 20D,A,3.46944695195e-18,2.00249136737e-16
shading,cie_xyz,0.2,0.2,Canon 20D,A,1.11022302463e-16,1.55494399616e-16
shading,camera_rgb_raw,0.2,0.2,Canon 20D,A,2.22044604925e-16,5.34207084655e-16
shading,camera_rgb_wb,0.2,0.2,Canon 20D,A,3.33066907388e-16,4.74655104718e-16
shading,spectral_radiance,0.2,0.2,Canon 20D,A,0.0,0.0
shading,cie_xyz,0.2,0.2,Canon 20D,A,0.0,0.0
shading,camera_rgb_raw,0.2,0.2,Canon 20D,A,0.0,0.0
shading,camera_rgb_wb,0.2,0.2,Canon 20D,A,0.0,0.0
shading,spectral_radiance,0.2,0.2,Canon 300D,A,0.0,0.0
shading,cie_xyz,0.2,0.2,Canon 300D,A,0.0,0.0
shading,camera_rgb_raw,0.2,0.2,Canon 300D,A,0.0,0.0
shading,camera_rgb_wb,0.2,0.2,Canon 300D,A,0.0,0.0
shading,spectral_radiance,0.2,0.2,Canon 300D,A,0.0,0.0
shading,cie_xyz,0.2,0.2,Canon 300D,A,0.0,0.0
shading,camera_rgb_raw,0.2,0.2,Canon 300D,A,0.0,0.0
shading,camera_rgb_wb,0.2,0.2,Canon 300D,A,0.0,0.0
shading,spectral_radiance,0.2,0.2,Canon 300D,A,3.46944695195e-18,2.00249136737e-16
shading,cie_xyz,0.2,0.2,Canon 300D,A,1.11022302463e-16,1.55494399616e-16
shading,camera_rgb_raw,0.2,0.2,Canon 300D,A,5.55111512313e-17,1.28252433059e-16
shading,camera_rgb_wb,0.2,0.2,Canon 300D,A,1.66533453694e-16,2.37155937146e-16
shading,spectral_radiance,0.2,0.2,Canon 300D,A,0.0,0.0
shading,cie_xyz,0.2,0.2,Canon 300D,A,0.0,0.0
shading,camera_rgb_raw,0.2,0.2,Canon 300D,A,0.0,0.0
shading,camera_rgb_wb,0.2,0.2,Canon 300D,A,0.0,0.0
shading,spectral_radiance,0.2,0.2,Canon 40D,A,0.0,0.0
shading,cie_xyz,0.2,0.2,Canon 40D,A,0.0,0.0
shading,camera_rgb_raw,0.2,0.2,Canon 40D,A,0.0,0.0
shading,camera_rgb_wb,0.2,0.2,Canon 40D,A,0.0,0.0
shading,spectral_radiance,0.2,0.2,Canon 40D,A,0.0,0.0
shading,cie_xyz,0.2,0.2,Canon 40D,A,0.0,0.0
shading,camera_rgb_raw,0.2,0.2,Canon 40D,A,0.0,0.0
shading,camera_rgb_wb,0.2,0.2,Canon 40D,A,0.0,0.0
shading,spectral_radiance,0.2,0.2,Canon 40D,A,3.46944695195e-18,2.00249136737e-16
shading,cie_xyz,0.2,0.2,Canon 40D,A,1.11022302463e-16,1.55494399616e-16
shading,camera_rgb_raw,0.2,0.2,Canon 40D,A,1.38777878078e-17,3.57707214129e-17
shading,camera_rgb_wb,0.2,0.2,Canon 40D,A,1.11022302463e-16,1.57015437285e-16
shading,spectral_radiance,0.2,0.2,Canon 40D,A,0.0,0.0
shading,cie_xyz,0.2,0.2,Canon 40D,A,0.0,0.0
shading,camera_rgb_raw,0.2,0.2,Canon 40D,A,0.0,0.0
shading,camera_rgb_wb,0.2,0.2,Canon 40D,A,0.0,0.0
shading,spectral_radiance,0.2,0.2,Canon 500D,A,0.0,0.0
shading,cie_xyz,0.2,0.2,Canon 500D,A,0.0,0.0
shading,camera_rgb_raw,0.2,0.2,Canon 500D,A,0.0,0.0
shading,camera_rgb_wb,0.2,0.2,Canon 500D,A,0.0,0.0
shading,spectral_radiance,0.2,0.2,Canon 500D,A,0.0,0.0
shading,cie_xyz,0.2,0.2,Canon 500D,A,0.0,0.0
shading,camera_rgb_raw,0.2,0.2,Canon 500D,A,0.0,0.0
shading,camera_rgb_wb,0.2,0.2,Canon 500D,A,0.0,0.0
shading,spectral_radiance,0.2,0.2,Canon 500D,A,3.46944695195e-18,2.00249136737e-16
shading,cie_xyz,0.2,0.2,Canon 500D,A,1.11022302463e-16,1.55494399616e-16
shading,camera_rgb_raw,0.2,0.2,Canon 500D,A,8.32667268469e-17,1.9651716159e-16
shading,camera_rgb_wb,0.2,0.2,Canon 500D,A,1.11022302463e-16,1.65867160761e-16
shading,spectral_radiance,0.2,0.2,Canon 500D,A,0.0,0.0
shading,cie_xyz,0.2,0.2,Canon 500D,A,0.0,0.0
shading,camera_rgb_raw,0.2,0.2,Canon 500D,A,0.0,0.0
shading,camera_rgb_wb,0.2,0.2,Canon 500D,A,0.0,0.0
shading,spectral_radiance,0.2,0.2,Canon 50D,A,0.0,0.0
shading,cie_xyz,0.2,0.2,Canon 50D,A,0.0,0.0
shading,camera_rgb_raw,0.2,0.2,Canon 50D,A,0.0,0.0
shading,camera_rgb_wb,0.2,0.2,Canon 50D,A,0.0,0.0
shading,spectral_radiance,0.2,0.2,Canon 50D,A,0.0,0.0
shading,cie_xyz,0.2,0.2,Canon 50D,A,0.0,0.0
shading,camera_rgb_raw,0.2,0.2,Canon 50D,A,0.0,0.0
shading,camera_rgb_wb,0.2,0.2,Canon 50D,A,0.0,0.0
shading,spectral_radiance,0.2,0.2,Canon 50D,A,3.46944695195e-18,2.00249136737e-16
shading,cie_xyz,0.2,0.2,Canon 50D,A,1.11022302463e-16,1.55494399616e-16
shading,camera_rgb_raw,0.2,0.2,Canon 50D,A,1.11022302463e-16,2.60775380293e-16
shading,camera_rgb_wb,0.2,0.2,Canon 50D,A,2.22044604925e-16,3.27480778607e-16
shading,spectral_radiance,0.2,0.2,Canon 50D,A,0.0,0.0
shading,cie_xyz,0.2,0.2,Canon 50D,A,0.0,0.0
shading,camera_rgb_raw,0.2,0.2,Canon 50D,A,0.0,0.0
shading,camera_rgb_wb,0.2,0.2,Canon 50D,A,0.0,0.0
shading,spectral_radiance,0.2,0.2,Canon 5DMarkII,A,0.0,0.0
shading,cie_xyz,0.2,0.2,Canon 5DMarkII,A,0.0,0.0
shading,camera_rgb_raw,0.2,0.2,Canon 5DMarkII,A,0.0,0.0
shading,camera_rgb_wb,0.2,0.2,Canon 5DMarkII,A,0.0,0.0
shading,spectral_radiance,0.2,0.2,Canon 5DMarkII,A,0.0,0.0
shading,cie_xyz,0.2,0.2,Canon 5DMarkII,A,0.0,0.0
shading,camera_rgb_raw,0.2,0.2,Canon 5DMarkII,A,0.0,0.0
shading,camera_rgb_wb,0.2,0.2,Canon 5DMarkII,A,0.0,0.0
shading,spectral_radiance,0.2,0.2,Canon 5DMarkII,A,3.46944695195e-18,2.00249136737e-16
shading,cie_xyz,0.2,0.2,Canon 5DMarkII,A,1.11022302463e-16,1.55494399616e-16
shading,camera_rgb_raw,0.2,0.2,Canon 5DMarkII,A,1.11022302463e-16,2.77858686706e-16
shading,camera_rgb_wb,0.2,0.2,Canon 5DMarkII,A,1.66533453694e-16,2.42284300114e-16
shading,spectral_radiance,0.2,0.2,Canon 5DMarkII,A,0.0,0.0
shading,cie_xyz,0.2,0.2,Canon 5DMarkII,A,0.0,0.0
shading,camera_rgb_raw,0.2,0.2,Canon 5DMarkII,A,0.0,0.0
shading,camera_rgb_wb,0.2,0.2,Canon 5DMarkII,A,0.0,0.0
shading,spectral_radiance,0.2,0.2,Canon 600D,A,0.0,0.0
shading,cie_xyz,0.2,0.2,Canon 600D,A,0.0,0.0
shading,camera_rgb_raw,0.2,0.2,Canon 600D,A,0.0,0.0
shading,camera_rgb_wb,0.2,0.2,Canon 600D,A,0.0,0.0
shading,spectral_radiance,0.2,0.2,Canon 600D,A,0.0,0.0
shading,cie_xyz,0.2,0.2,Canon 600D,A,0.0,0.0
shading,camera_rgb_raw,0.2,0.2,Canon 600D,A,0.0,0.0
shading,camera_rgb_wb,0.2,0.2,Canon 600D,A,0.0,0.0
shading,spectral_radiance,0.2,0.2,Canon 600D,A,3.46944695195e-18,2.00249136737e-16
shading,cie_xyz,0.2,0.2,Canon 600D,A,1.11022302463e-16,1.55494399616e-16
shading,camera_rgb_raw,0.2,0.2,Canon 600D,A,1.11022302463e-16,2.81339283727e-16
shading,camera_rgb_wb,0.2,0.2,Canon 600D,A,2.22044604925e-16,3.20080728725e-16
shading,spectral_radiance,0.2,0.2,Canon 600D,A,0.0,0.0
shading,cie_xyz,0.2,0.2,Canon 600D,A,0.0,0.0
shading,camera_rgb_raw,0.2,0.2,Canon 600D,A,0.0,0.0
shading,camera_rgb_wb,0.2,0.2,Canon 600D,A,0.0,0.0
shading,spectral_radiance,0.2,0.2,Canon 60D,A,0.0,0.0
shading,cie_xyz,0.2,0.2,Canon 60D,A,0.0,0.0
shading,camera_rgb_raw,0.2,0.2,Canon 60D,A,0.0,0.0
shading,camera_rgb_wb,0.2,0.2,Canon 60D,A,0.0,0.0
shading,spectral_radiance,0.2,0.2,Canon 60D,A,0.0,0.0
shading,cie_xyz,0.2,0.2,Canon 60D,A,0.0,0.0
shading,camera_rgb_raw,0.2,0.2,Canon 60D,A,0.0,0.0
shading,camera_rgb_wb,0.2,0.2,Canon 60D,A,0.0,0.0
shading,spectral_radiance,0.2,0.2,Canon 60D,A,3.46944695195e-18,2.00249136737e-16
shading,cie_xyz,0.2,0.2,Canon 60D,A,1.11022302463e-16,1.55494399616e-16
shading,camera_rgb_raw,0.2,0.2,Canon 60D,A,1.11022302463e-16,2.81286424311e-16
shading,camera_rgb_wb,0.2,0.2,Canon 60D,A,1.11022302463e-16,1.60055579035e-16
shading,spectral_radiance,0.2,0.2,Canon 60D,A,0.0,0.0
shading,cie_xyz,0.2,0.2,Canon 60D,A,0.0,0.0
shading,camera_rgb_raw,0.2,0.2,Canon 60D,A,0.0,0.0
shading,camera_rgb_wb,0.2,0.2,Canon 60D,A,0.0,0.0
shading,spectral_radiance,0.2,0.2,Hasselblad H2,A,0.0,0.0
shading,cie_xyz,0.2,0.2,Hasselblad H2,A,0.0,0.0
shading,camera_rgb_raw,0.2,0.2,Hasselblad H2,A,0.0,0.0
shading,camera_rgb_wb,0.2,0.2,Hasselblad H2,A,0.0,0.0
shading,spectral_radiance,0.2,0.2,Hasselblad H2,A,0.0,0.0
shading,cie_xyz,0.2,0.2,Hasselblad H2,A,0.0,0.0
shading,camera_rgb_raw,0.2,0.2,Hasselblad H2,A,0.0,0.0
shading,camera_rgb_wb,0.2,0.2,Hasselblad H2,A,0.0,0.0
shading,spectral_radiance,0.2,0.2,Hasselblad H2,A,3.46944695195e-18,2.00249136737e-16
shading,cie_xyz,0.2,0.2,Hasselblad H2,A,1.11022302463e-16,1.55494399616e-16
shading,camera_rgb_raw,0.2,0.2,Hasselblad H2,A,1.11022302463e-16,3.51911117336e-16
shading,camera_rgb_wb,0.2,0.2,Hasselblad H2,A,1.11022302463e-16,1.51831424986e-16
shading,spectral_radiance,0.2,0.2,Hasselblad H2,A,0.0,0.0
shading,cie_xyz,0.2,0.2,Hasselblad H2,A,0.0,0.0
shading,camera_rgb_raw,0.2,0.2,Hasselblad H2,A,0.0,0.0
shading,camera_rgb_wb,0.2,0.2,Hasselblad H2,A,0.0,0.0
shading,spectral_radiance,0.2,0.2,Nikon D3X,A,0.0,0.0
shading,cie_xyz,0.2,0.2,Nikon D3X,A,0.0,0.0
shading,camera_rgb_raw,0.2,0.2,Nikon D3X,A,0.0,0.0
shading,camera_rgb_wb,0.2,0.2,Nikon D3X,A,0.0,0.0
shading,spectral_radiance,0.2,0.2,Nikon D3X,A,0.0,0.0
shading,cie_xyz,0.2,0.2,Nikon D3X,A,0.0,0.0
shading,camera_rgb_raw,0.2,0.2,Nikon D3X,A,0.0,0.0
shading,camera_rgb_wb,0.2,0.2,Nikon D3X,A,0.0,0.0
shading,spectral_radiance,0.2,0.2,Nikon D3X,A,3.46944695195e-18,2.00249136737e-16
shading,cie_xyz,0.2,0.2,Nikon D3X,A,1.11022302463e-16,1.55494399616e-16
shading,camera_rgb_raw,0.2,0.2,Nikon D3X,A,0.0,0.0
shading,camera_rgb_wb,0.2,0.2,Nikon D3X,A,5.55111512313e-17,7.83240278681e-17
shading,spectral_radiance,0.2,0.2,Nikon D3X,A,0.0,0.0
shading,cie_xyz,0.2,0.2,Nikon D3X,A,0.0,0.0
shading,camera_rgb_raw,0.2,0.2,Nikon D3X,A,0.0,0.0
shading,camera_rgb_wb,0.2,0.2,Nikon D3X,A,0.0,0.0
shading,spectral_radiance,0.2,0.2,Nikon D200,A,0.0,0.0
shading,cie_xyz,0.2,0.2,Nikon D200,A,0.0,0.0
shading,camera_rgb_raw,0.2,0.2,Nikon D200,A,0.0,0.0
shading,camera_rgb_wb,0.2,0.2,Nikon D200,A,0.0,0.0
shading,spectral_radiance,0.2,0.2,Nikon D200,A,0.0,0.0
shading,cie_xyz,0.2,0.2,Nikon D200,A,0.0,0.0
shading,camera_rgb_raw,0.2,0.2,Nikon D200,A,0.0,0.0
shading,camera_rgb_wb,0.2,0.2,Nikon D200,A,0.0,0.0
shading,spectral_radiance,0.2,0.2,Nikon D200,A,3.46944695195e-18,2.00249136737e-16
shading,cie_xyz,0.2,0.2,Nikon D200,A,1.11022302463e-16,1.55494399616e-16
shading,camera_rgb_raw,0.2,0.2,Nikon D200,A,2.22044604925e-16,5.23418566203e-16
shading,camera_rgb_wb,0.2,0.2,Nikon D200,A,3.88578058619e-16,5.47559711899e-16
shading,spectral_radiance,0.2,0.2,Nikon D200,A,0.0,0.0
shading,cie_xyz,0.2,0.2,Nikon D200,A,0.0,0.0
shading,camera_rgb_raw,0.2,0.2,Nikon D200,A,0.0,0.0
shading,camera_rgb_wb,0.2,0.2,Nikon D200,A,0.0,0.0
shading,spectral_radiance,0.2,0.2,Nikon D3,A,0.0,0.0
shading,cie_xyz,0.2,0.2,Nikon D3,A,0.0,0.0
shading,camera_rgb_raw,0.2,0.2,Nikon D3,A,0.0,0.0
shading,camera_rgb_wb,0.2,0.2,Nikon D3,A,0.0,0.0
shading,spectral_radiance,0.2,0.2,Nikon D3,A,0.0,0.0
shading,cie_xyz,0.2,0.2,Nikon D3,A,0.0,0.0
shading,camera_rgb_raw,0.2,0.2,Nikon D3,A,0.0,0.0
shading,camera_rgb_wb,0.2,0.2,Nikon D3,A,0.0,0.0
shading,spectral_radiance,0.2,0.2,Nikon D3,A,3.46944695195e-18,2.00249136737e-16
shading,cie_xyz,0.2,0.2,Nikon D3,A,1.11022302463e-16,1.55494399616e-16
shading,camera_rgb_raw,0.2,0.2,Nikon D3,A,2.77555756156e-17,6.9328971269e-17
shading,camera_rgb_wb,0.2,0.2,Nikon D3,A,5.55111512313e-17,7.85270626562e-17
shading,spectral_radiance,0.2,0.2,Nikon D3,A,0.0,0.0
shading,cie_xyz,0.2,0.2,Nikon D3,A,0.0,0.0
shading,camera_rgb_raw,0.2,0.2,Nikon D3,A,0.0,0.0
shading,camera_rgb_wb,0.2,0.2,Nikon D3,A,0.0,0.0
shading,spectral_radiance,0.2,0.2,Nikon D300s,A,0.0,0.0
shading,cie_xyz,0.2,0.2,Nikon D300s,A,0.0,0.0
shading,camera_rgb_raw,0.2,0.2,Nikon D300s,A,0.0,0.0
shading,camera_rgb_wb,0.2,0.2,Nikon D300s,A,0.0,0.0
shading,spectral_radiance,0.2,0.2,Nikon D300s,A,0.0,0.0
shading,cie_xyz,0.2,0.2,Nikon D300s,A,0.0,0.0
shading,camera_rgb_raw,0.2,0.2,Nikon D300s,A,0.0,0.0
shading,camera_rgb_wb,0.2,0.2,Nikon D300s,A,0.0,0.0
shading,spectral_radiance,0.2,0.2,Nikon D300s,A,3.46944695195e-18,2.00249136737e-16
shading,cie_xyz,0.2,0.2,Nikon D300s,A,1.11022302463e-16,1.55494399616e-16
shading,camera_rgb_raw,0.2,0.2,Nikon D300s,A,1.11022302463e-16,2.37185961167e-16
shading,camera_rgb_wb,0.2,0.2,Nikon D300s,A,2.22044604925e-16,3.17595358818e-16
shading,spectral_radiance,0.2,0.2,Nikon D300s,A,0.0,0.0
shading,cie_xyz,0.2,0.2,Nikon D300s,A,0.0,0.0
shading,camera_rgb_raw,0.2,0.2,Nikon D300s,A,0.0,0.0
shading,camera_rgb_wb,0.2,0.2,Nikon D300s,A,0.0,0.0
shading,spectral_radiance,0.2,0.2,Nikon D40,A,0.0,0.0
shading,cie_xyz,0.2,0.2,Nikon D40,A,0.0,0.0
shading,camera_rgb_raw,0.2,0.2,Nikon D40,A,0.0,0.0
shading,camera_rgb_wb,0.2,0.2,Nikon D40,A,0.0,0.0
shading,spectral_radiance,0.2,0.2,Nikon D40,A,0.0,0.0
shading,cie_xyz,0.2,0.2,Nikon D40,A,0.0,0.0
shading,camera_rgb_raw,0.2,0.2,Nikon D40,A,0.0,0.0
shading,camera_rgb_wb,0.2,0.2,Nikon D40,A,0.0,0.0
shading,spectral_radiance,0.2,0.2,Nikon D40,A,3.46944695195e-18,2.00249136737e-16
shading,cie_xyz,0.2,0.2,Nikon D40,A,1.11022302463e-16,1.55494399616e-16
shading,camera_rgb_raw,0.2,0.2,Nikon D40,A,1.66533453694e-16,4.76209539804e-16
shading,camera_rgb_wb,0.2,0.2,Nikon D40,A,2.22044604925e-16,3.16328115776e-16
shading,spectral_radiance,0.2,0.2,Nikon D40,A,0.0,0.0
shading,cie_xyz,0.2,0.2,Nikon D40,A,0.0,0.0
shading,camera_rgb_raw,0.2,0.2,Nikon D40,A,0.0,0.0
shading,camera_rgb_wb,0.2,0.2,Nikon D40,A,0.0,0.0
shading,spectral_radiance,0.2,0.2,Nikon D50,A,0.0,0.0
shading,cie_xyz,0.2,0.2,Nikon D50,A,0.0,0.0
shading,camera_rgb_raw,0.2,0.2,Nikon D50,A,0.0,0.0
shading,camera_rgb_wb,0.2,0.2,Nikon D50,A,0.0,0.0
shading,spectral_radiance,0.2,0.2,Nikon D50,A,0.0,0.0
shading,cie_xyz,0.2,0.2,Nikon D50,A,0.0,0.0
shading,camera_rgb_raw,0.2,0.2,Nikon D50,A,0.0,0.0
shading,camera_rgb_wb,0.2,0.2,Nikon D50,A,0.0,0.0
shading,spectral_radiance,0.2,0.2,Nikon D50,A,3.46944695195e-18,2.00249136737e-16
shading,cie_xyz,0.2,0.2,Nikon D50,A,1.11022302463e-16,1.55494399616e-16
shading,camera_rgb_raw,0.2,0.2,Nikon D50,A,5.55111512313e-17,1.5609979717e-16
shading,camera_rgb_wb,0.2,0.2,Nikon D50,A,1.66533453694e-16,2.3282085743e-16
shading,spectral_radiance,0.2,0.2,Nikon D50,A,0.0,0.0
shading,cie_xyz,0.2,0.2,Nikon D50,A,0.0,0.0
shading,camera_rgb_raw,0.2,0.2,Nikon D50,A,0.0,0.0
shading,camera_rgb_wb,0.2,0.2,Nikon D50,A,0.0,0.0
shading,spectral_radiance,0.2,0.2,Nikon D5100,A,0.0,0.0
shading,cie_xyz,0.2,0.2,Nikon D5100,A,0.0,0.0
shading,camera_rgb_raw,0.2,0.2,Nikon D5100,A,0.0,0.0
shading,camera_rgb_wb,0.2,0.2,Nikon D5100,A,0.0,0.0
shading,spectral_radiance,0.2,0.2,Nikon D5100,A,0.0,0.0
shading,cie_xyz,0.2,0.2,Nikon D5100,A,0.0,0.0
shading,camera_rgb_raw,0.2,0.2,Nikon D5100,A,0.0,0.0
shading,camera_rgb_wb,0.2,0.2,Nikon D5100,A,0.0,0.0
shading,spectral_radiance,0.2,0.2,Nikon D5100,A,3.46944695195e-18,2.00249136737e-16
shading,cie_xyz,0.2,0.2,Nikon D5100,A,1.11022302463e-16,1.55494399616e-16
shading,camera_rgb_raw,0.2,0.2,Nikon D5100,A,6.93889390391e-17,1.75493117846e-16
shading,camera_rgb_wb,0.2,0.2,Nikon D5100,A,2.22044604925e-16,3.17358008965e-16
shading,spectral_radiance,0.2,0.2,Nikon D5100,A,0.0,0.0
shading,cie_xyz,0.2,0.2,Nikon D5100,A,0.0,0.0
shading,camera_rgb_raw,0.2,0.2,Nikon D5100,A,0.0,0.0
shading,camera_rgb_wb,0.2,0.2,Nikon D5100,A,0.0,0.0
shading,spectral_radiance,0.2,0.2,Nikon D700,A,0.0,0.0
shading,cie_xyz,0.2,0.2,Nikon D700,A,0.0,0.0
shading,camera_rgb_raw,0.2,0.2,Nikon D700,A,0.0,0.0
shading,camera_rgb_wb,0.2,0.2,Nikon D700,A,0.0,0.0
shading,spectral_radiance,0.2,0.2,Nikon D700,A,0.0,0.0
shading,cie_xyz,0.2,0.2,Nikon D700,A,0.0,0.0
shading,camera_rgb_raw,0.2,0.2,Nikon D700,A,0.0,0.0
shading,camera_rgb_wb,0.2,0.2,Nikon D700,A,0.0,0.0
shading,spectral_radiance,0.2,0.2,Nikon D700,A,3.46944695195e-18,2.00249136737e-16
shading,cie_xyz,0.2,0.2,Nikon D700,A,1.11022302463e-16,1.55494399616e-16
shading,camera_rgb_raw,0.2,0.2,Nikon D700,A,1.11022302463e-16,2.6303447353e-16
shading,camera_rgb_wb,0.2,0.2,Nikon D700,A,2.22044604925e-16,3.13450481432e-16
shading,spectral_radiance,0.2,0.2,Nikon D700,A,0.0,0.0
shading,cie_xyz,0.2,0.2,Nikon D700,A,0.0,0.0
shading,camera_rgb_raw,0.2,0.2,Nikon D700,A,0.0,0.0
shading,camera_rgb_wb,0.2,0.2,Nikon D700,A,0.0,0.0
shading,spectral_radiance,0.2,0.2,Nikon D80,A,0.0,0.0
shading,cie_xyz,0.2,0.2,Nikon D80,A,0.0,0.0
shading,camera_rgb_raw,0.2,0.2,Nikon D80,A,0.0,0.0
shading,camera_rgb_wb,0.2,0.2,Nikon D80,A,0.0,0.0
shading,spectral_radiance,0.2,0.2,Nikon D80,A,0.0,0.0
shading,cie_xyz,0.2,0.2,Nikon D80,A,0.0,0.0
shading,camera_rgb_raw,0.2,0.2,Nikon D80,A,0.0,0.0
shading,camera_rgb_wb,0.2,0.2,Nikon D80,A,0.0,0.0
shading,spectral_radiance,0.2,0.2,Nikon D80,A,3.46944695195e-18,2.00249136737e-16
shading,cie_xyz,0.2,0.2,Nikon D80,A,1.11022302463e-16,1.55494399616e-16
shading,camera_rgb_raw,0.2,0.2,Nikon D80,A,5.55111512313e-17,1.45876797665e-16
shading,camera_rgb_wb,0.2,0.2,Nikon D80,A,1.11022302463e-16,1.56811339321e-16
shading,spectral_radiance,0.2,0.2,Nikon D80,A,0.0,0.0
shading,cie_xyz,0.2,0.2,Nikon D80,A,0.0,0.0
shading,camera_rgb_raw,0.2,0.2,Nikon D80,A,0.0,0.0
shading,camera_rgb_wb,0.2,0.2,Nikon D80,A,0.0,0.0
shading,spectral_radiance,0.2,0.2,Nikon D90,A,0.0,0.0
shading,cie_xyz,0.2,0.2,Nikon D90,A,0.0,0.0
shading,camera_rgb_raw,0.2,0.2,Nikon D90,A,0.0,0.0
shading,camera_rgb_wb,0.2,0.2,Nikon D90,A,0.0,0.0
shading,spectral_radiance,0.2,0.2,Nikon D90,A,0.0,0.0
shading,cie_xyz,0.2,0.2,Nikon D90,A,0.0,0.0
shading,camera_rgb_raw,0.2,0.2,Nikon D90,A,0.0,0.0
shading,camera_rgb_wb,0.2,0.2,Nikon D90,A,0.0,0.0
shading,spectral_radiance,0.2,0.2,Nikon D90,A,3.46944695195e-18,2.00249136737e-16
shading,cie_xyz,0.2,0.2,Nikon D90,A,1.11022302463e-16,1.55494399616e-16
shading,camera_rgb_raw,0.2,0.2,Nikon D90,A,5.55111512313e-17,1.45776432504e-16
shading,camera_rgb_wb,0.2,0.2,Nikon D90,A,1.11022302463e-16,1.58254895847e-16
shading,spectral_radiance,0.2,0.2,Nikon D90,A,0.0,0.0
shading,cie_xyz,0.2,0.2,Nikon D90,A,0.0,0.0
shading,camera_rgb_raw,0.2,0.2,Nikon D90,A,0.0,0.0
shading,camera_rgb_wb,0.2,0.2,Nikon D90,A,0.0,0.0
shading,spectral_radiance,0.2,0.2,Nokia N900,A,0.0,0.0
shading,cie_xyz,0.2,0.2,Nokia N900,A,0.0,0.0
shading,camera_rgb_raw,0.2,0.2,Nokia N900,A,0.0,0.0
shading,camera_rgb_wb,0.2,0.2,Nokia N900,A,0.0,0.0
shading,spectral_radiance,0.2,0.2,Nokia N900,A,0.0,0.0
shading,cie_xyz,0.2,0.2,Nokia N900,A,0.0,0.0
shading,camera_rgb_raw,0.2,0.2,Nokia N900,A,0.0,0.0
shading,camera_rgb_wb,0.2,0.2,Nokia N900,A,0.0,0.0
shading,spectral_radiance,0.2,0.2,Nokia N900,A,3.46944695195e-18,2.00249136737e-16
shading,cie_xyz,0.2,0.2,Nokia N900,A,1.11022302463e-16,1.55494399616e-16
shading,camera_rgb_raw,0.2,0.2,Nokia N900,A,3.33066907388e-16,5.06114583862e-16
shading,camera_rgb_wb,0.2,0.2,Nokia N900,A,3.33066907388e-16,4.6224615777e-16
shading,spectral_radiance,0.2,0.2,Nokia N900,A,0.0,0.0
shading,cie_xyz,0.2,0.2,Nokia N900,A,0.0,0.0
shading,camera_rgb_raw,0.2,0.2,Nokia N900,A,0.0,0.0
shading,camera_rgb_wb,0.2,0.2,Nokia N900,A,0.0,0.0
shading,spectral_radiance,0.2,0.2,Olympus E-PL2,A,0.0,0.0
shading,cie_xyz,0.2,0.2,Olympus E-PL2,A,0.0,0.0
shading,camera_rgb_raw,0.2,0.2,Olympus E-PL2,A,0.0,0.0
shading,camera_rgb_wb,0.2,0.2,Olympus E-PL2,A,0.0,0.0
shading,spectral_radiance,0.2,0.2,Olympus E-PL2,A,0.0,0.0
shading,cie_xyz,0.2,0.2,Olympus E-PL2,A,0.0,0.0
shading,camera_rgb_raw,0.2,0.2,Olympus E-PL2,A,0.0,0.0
shading,camera_rgb_wb,0.2,0.2,Olympus E-PL2,A,0.0,0.0
shading,spectral_radiance,0.2,0.2,Olympus E-PL2,A,3.46944695195e-18,2.00249136737e-16
shading,cie_xyz,0.2,0.2,Olympus E-PL2,A,1.11022302463e-16,1.55494399616e-16
shading,camera_rgb_raw,0.2,0.2,Olympus E-PL2,A,2.22044604925e-16,3.27346465702e-16
shading,camera_rgb_wb,0.2,0.2,Olympus E-PL2,A,3.33066907388e-16,4.53736497892e-16
shading,spectral_radiance,0.2,0.2,Olympus E-PL2,A,0.0,0.0
shading,cie_xyz,0.2,0.2,Olympus E-PL2,A,0.0,0.0
shading,camera_rgb_raw,0.2,0.2,Olympus E-PL2,A,0.0,0.0
shading,camera_rgb_wb,0.2,0.2,Olympus E-PL2,A,0.0,0.0
shading,spectral_radiance,0.2,0.2,Pentax K-5,A,0.0,0.0
shading,cie_xyz,0.2,0.2,Pentax K-5,A,0.0,0.0
shading,camera_rgb_raw,0.2,0.2,Pentax K-5,A,0.0,0.0
shading,camera_rgb_wb,0.2,0.2,Pentax K-5,A,0.0,0.0
shading,spectral_radiance,0.2,0.2,Pentax K-5,A,0.0,0.0
shading,cie_xyz,0.2,0.2,Pentax K-5,A,0.0,0.0
shading,camera_rgb_raw,0.2,0.2,Pentax K-5,A,0.0,0.0
shading,camera_rgb_wb,0.2,0.2,Pentax K-5,A,0.0,0.0
shading,spectral_radiance,0.2,0.2,Pentax K-5,A,3.46944695195e-18,2.00249136737e-16
shading,cie_xyz,0.2,0.2,Pentax K-5,A,1.11022302463e-16,1.55494399616e-16
shading,camera_rgb_raw,0.2,0.2,Pentax K-5,A,1.11022302463e-16,2.76283410985e-16
shading,camera_rgb_wb,0.2,0.2,Pentax K-5,A,2.22044604925e-16,3.12425230785e-16
shading,spectral_radiance,0.2,0.2,Pentax K-5,A,0.0,0.0
shading,cie_xyz,0.2,0.2,Pentax K-5,A,0.0,0.0
shading,camera_rgb_raw,0.2,0.2,Pentax K-5,A,0.0,0.0
shading,camera_rgb_wb,0.2,0.2,Pentax K-5,A,0.0,0.0
shading,spectral_radiance,0.2,0.2,Pentax Q,A,0.0,0.0
shading,cie_xyz,0.2,0.2,Pentax Q,A,0.0,0.0
shading,camera_rgb_raw,0.2,0.2,Pentax Q,A,0.0,0.0
shading,camera_rgb_wb,0.2,0.2,Pentax Q,A,0.0,0.0
shading,spectral_radiance,0.2,0.2,Pentax Q,A,0.0,0.0
shading,cie_xyz,0.2,0.2,Pentax Q,A,0.0,0.0
shading,camera_rgb_raw,0.2,0.2,Pentax Q,A,0.0,0.0
shading,camera_rgb_wb,0.2,0.2,Pentax Q,A,0.0,0.0
shading,spectral_radiance,0.2,0.2,Pentax Q,A,3.46944695195e-18,2.00249136737e-16
shading,cie_xyz,0.2,0.2,Pentax Q,A,1.11022302463e-16,1.55494399616e-16
shading,camera_rgb_raw,0.2,0.2,Pentax Q,A,3.33066907388e-16,4.72184114848e-16
shading,camera_rgb_wb,0.2,0.2,Pentax Q,A,3.33066907388e-16,4.5784399516e-16
shading,spectral_radiance,0.2,0.2,Pentax Q,A,0.0,0.0
shading,cie_xyz,0.2,0.2,Pentax Q,A,0.0,0.0
shading,camera_rgb_raw,0.2,0.2,Pentax Q,A,0.0,0.0
shading,camera_rgb_wb,0.2,0.2,Pentax Q,A,0.0,0.0
shading,spectral_radiance,0.2,0.2,Point Grey Grasshopper 50S5C,A,0.0,0.0
shading,cie_xyz,0.2,0.2,Point Grey Grasshopper 50S5C,A,0.0,0.0
shading,camera_rgb_raw,0.2,0.2,Point Grey Grasshopper 50S5C,A,0.0,0.0
shading,camera_rgb_wb,0.2,0.2,Point Grey Grasshopper 50S5C,A,0.0,0.0
shading,spectral_radiance,0.2,0.2,Point Grey Grasshopper 50S5C,A,0.0,0.0
shading,cie_xyz,0.2,0.2,Point Grey Grasshopper 50S5C,A,0.0,0.0
shading,camera_rgb_raw,0.2,0.2,Point Grey Grasshopper 50S5C,A,0.0,0.0
shading,camera_rgb_wb,0.2,0.2,Point Grey Grasshopper 50S5C,A,0.0,0.0
shading,spectral_radiance,0.2,0.2,Point Grey Grasshopper 50S5C,A,3.46944695195e-18,2.00249136737e-16
shading,cie_xyz,0.2,0.2,Point Grey Grasshopper 50S5C,A,1.11022302463e-16,1.55494399616e-16
shading,camera_rgb_raw,0.2,0.2,Point Grey Grasshopper 50S5C,A,1.11022302463e-16,1.89671013944e-16
shading,camera_rgb_wb,0.2,0.2,Point Grey Grasshopper 50S5C,A,1.66533453694e-16,2.05063871967e-16
shading,spectral_radiance,0.2,0.2,Point Grey Grasshopper 50S5C,A,0.0,0.0
shading,cie_xyz,0.2,0.2,Point Grey Grasshopper 50S5C,A,0.0,0.0
shading,camera_rgb_raw,0.2,0.2,Point Grey Grasshopper 50S5C,A,0.0,0.0
shading,camera_rgb_wb,0.2,0.2,Point Grey Grasshopper 50S5C,A,0.0,0.0
shading,spectral_radiance,0.2,0.2,Point Grey Grasshopper2 14S5C,A,0.0,0.0
shading,cie_xyz,0.2,0.2,Point Grey Grasshopper2 14S5C,A,0.0,0.0
shading,camera_rgb_raw,0.2,0.2,Point Grey Grasshopper2 14S5C,A,0.0,0.0
shading,camera_rgb_wb,0.2,0.2,Point Grey Grasshopper2 14S5C,A,0.0,0.0
shading,spectral_radiance,0.2,0.2,Point Grey Grasshopper2 14S5C,A,0.0,0.0
shading,cie_xyz,0.2,0.2,Point Grey Grasshopper2 14S5C,A,0.0,0.0
shading,camera_rgb_raw,0.2,0.2,Point Grey Grasshopper2 14S5C,A,0.0,0.0
shading,camera_rgb_wb,0.2,0.2,Point Grey Grasshopper2 14S5C,A,0.0,0.0
shading,spectral_radiance,0.2,0.2,Point Grey Grasshopper2 14S5C,A,3.46944695195e-18,2.00249136737e-16
shading,cie_xyz,0.2,0.2,Point Grey Grasshopper2 14S5C,A,1.11022302463e-16,1.55494399616e-16
shading,camera_rgb_raw,0.2,0.2,Point Grey Grasshopper2 14S5C,A,5.55111512313e-17,9.81545794564e-17
shading,camera_rgb_wb,0.2,0.2,Point Grey Grasshopper2 14S5C,A,1.66533453694e-16,2.1783869244e-16
shading,spectral_radiance,0.2,0.2,Point Grey Grasshopper2 14S5C,A,0.0,0.0
shading,cie_xyz,0.2,0.2,Point Grey Grasshopper2 14S5C,A,0.0,0.0
shading,camera_rgb_raw,0.2,0.2,Point Grey Grasshopper2 14S5C,A,0.0,0.0
shading,camera_rgb_wb,0.2,0.2,Point Grey Grasshopper2 14S5C,A,0.0,0.0
shading,spectral_radiance,0.2,0.2,Phase One,A,0.0,0.0
shading,cie_xyz,0.2,0.2,Phase One,A,0.0,0.0
shading,camera_rgb_raw,0.2,0.2,Phase One,A,0.0,0.0
shading,camera_rgb_wb,0.2,0.2,Phase One,A,0.0,0.0
shading,spectral_radiance,0.2,0.2,Phase One,A,0.0,0.0
shading,cie_xyz,0.2,0.2,Phase One,A,0.0,0.0
shading,camera_rgb_raw,0.2,0.2,Phase One,A,0.0,0.0
shading,camera_rgb_wb,0.2,0.2,Phase One,A,0.0,0.0
shading,spectral_radiance,0.2,0.2,Phase One,A,3.46944695195e-18,2.00249136737e-16
shading,cie_xyz,0.2,0.2,Phase One,A,1.11022302463e-16,1.55494399616e-16
shading,camera_rgb_raw,0.2,0.2,Phase One,A,5.55111512313e-17,1.4036354223e-16
shading,camera_rgb_wb,0.2,0.2,Phase One,A,1.11022302463e-16,1.73003135563e-16
shading,spectral_radiance,0.2,0.2,Phase One,A,0.0,0.0
shading,cie_xyz,0.2,0.2,Phase One,A,0.0,0.0
shading,camera_rgb_raw,0.2,0.2,Phase One,A,0.0,0.0
shading,camera_rgb_wb,0.2,0.2,Phase One,A,0.0,0.0
shading,spectral_radiance,0.2,0.2,SONY NEX-5N,A,0.0,0.0
shading,cie_xyz,0.2,0.2,SONY NEX-5N,A,0.0,0.0
shading,camera_rgb_raw,0.2,0.2,SONY NEX-5N,A,0.0,0.0
shading,camera_rgb_wb,0.2,0.2,SONY NEX-5N,A,0.0,0.0
shading,spectral_radiance,0.2,0.2,SONY NEX-5N,A,0.0,0.0
shading,cie_xyz,0.2,0.2,SONY NEX-5N,A,0.0,0.0
shading,camera_rgb_raw,0.2,0.2,SONY NEX-5N,A,0.0,0.0
shading,camera_rgb_wb,0.2,0.2,SONY NEX-5N,A,0.0,0.0
shading,spectral_radiance,0.2,0.2,SONY NEX-5N,A,3.46944695195e-18,2.00249136737e-16
shading,cie_xyz,0.2,0.2,SONY NEX-5N,A,1.11022302463e-16,1.55494399616e-16
shading,camera_rgb_raw,0.2,0.2,SONY NEX-5N,A,1.11022302463e-16,3.3568621505e-16
shading,camera_rgb_wb,0.2,0.2,SONY NEX-5N,A,5.55111512313e-17,8.0381925218e-17
shading,spectral_radiance,0.2,0.2,SONY NEX-5N,A,0.0,0.0
shading,cie_xyz,0.2,0.2,SONY NEX-5N,A,0.0,0.0
shading,camera_rgb_raw,0.2,0.2,SONY NEX-5N,A,0.0,0.0
shading,camera_rgb_wb,0.2,0.2,SONY NEX-5N,A,0.0,0.0
shading,spectral_radiance,0.2,0.2,Canon 1DMarkIII,FL2,0.0,0.0
shading,cie_xyz,0.2,0.2,Canon 1DMarkIII,FL2,0.0,0.0
shading,camera_rgb_raw,0.2,0.2,Canon 1DMarkIII,FL2,0.0,0.0
shading,camera_rgb_wb,0.2,0.2,Canon 1DMarkIII,FL2,0.0,0.0
shading,spectral_radiance,0.2,0.2,Canon 1DMarkIII,FL2,0.0,0.0
shading,cie_xyz,0.2,0.2,Canon 1DMarkIII,FL2,0.0,0.0
shading,camera_rgb_raw,0.2,0.2,Canon 1DMarkIII,FL2,0.0,0.0
shading,camera_rgb_wb,0.2,0.2,Canon 1DMarkIII,FL2,0.0,0.0
shading,spectral_radiance,0.2,0.2,Canon 1DMarkIII,FL2,1.73472347598e-18,2.14338835386e-16
shading,cie_xyz,0.2,0.2,Canon 1DMarkIII,FL2,1.11022302463e-16,2.00511075927e-16
shading,camera_rgb_raw,0.2,0.2,Canon 1DMarkIII,FL2,5.55111512313e-17,1.60690724611e-16
shading,camera_rgb_wb,0.2,0.2,Canon 1DMarkIII,FL2,1.11022302463e-16,1.7645594538e-16
shading,spectral_radiance,0.2,0.2,Canon 1DMarkIII,FL2,0.0,0.0
shading,cie_xyz,0.2,0.2,Canon 1DMarkIII,FL2,0.0,0.0
shading,camera_rgb_raw,0.2,0.2,Canon 1DMarkIII,FL2,0.0,0.0
shading,camera_rgb_wb,0.2,0.2,Canon 1DMarkIII,FL2,0.0,0.0
shading,spectral_radiance,0.2,0.2,Canon 20D,FL2,0.0,0.0
shading,cie_xyz,0.2,0.2,Canon 20D,FL2,0.0,0.0
shading,camera_rgb_raw,0.2,0.2,Canon 20D,FL2,0.0,0.0
shading,camera_rgb_wb,0.2,0.2,Canon 20D,FL2,0.0,0.0
shading,spectral_radiance,0.2,0.2,Canon 20D,FL2,0.0,0.0
shading,cie_xyz,0.2,0.2,Canon 20D,FL2,0.0,0.0
shading,camera_rgb_raw,0.2,0.2,Canon 20D,FL2,0.0,0.0
shading,camera_rgb_wb,0.2,0.2,Canon 20D,FL2,0.0,0.0
shading,spectral_radiance,0.2,0.2,Canon 20D,FL2,1.73472347598e-18,2.14338835386e-16
shading,cie_xyz,0.2,0.2,Canon 20D,FL2,1.11022302463e-16,2.00511075927e-16
shading,camera_rgb_raw,0.2,0.2,Canon 20D,FL2,5.55111512313e-17,1.53781923362e-16
shading,camera_rgb_wb,0.2,0.2,Canon 20D,FL2,1.11022302463e-16,1.77423861416e-16
shading,spectral_radiance,0.2,0.2,Canon 20D,FL2,0.0,0.0
shading,cie_xyz,0.2,0.2,Canon 20D,FL2,0.0,0.0
shading,camera_rgb_raw,0.2,0.2,Canon 20D,FL2,0.0,0.0
shading,camera_rgb_wb,0.2,0.2,Canon 20D,FL2,0.0,0.0
shading,spectral_radiance,0.2,0.2,Canon 300D,FL2,0.0,0.0
shading,cie_xyz,0.2,0.2,Canon 300D,FL2,0.0,0.0
shading,camera_rgb_raw,0.2,0.2,Canon 300D,FL2,0.0,0.0
shading,camera_rgb_wb,0.2,0.2,Canon 300D,FL2,0.0,0.0
shading,spectral_radiance,0.2,0.2,Canon 300D,FL2,0.0,0.0
shading,cie_xyz,0.2,0.2,Canon 300D,FL2,0.0,0.0
shading,camera_rgb_raw,0.2,0.2,Canon 300D,FL2,0.0,0.0
shading,camera_rgb_wb,0.2,0.2,Canon 300D,FL2,0.0,0.0
shading,spectral_radiance,0.2,0.2,Canon 300D,FL2,1.73472347598e-18,2.14338835386e-16
shading,cie_xyz,0.2,0.2,Canon 300D,FL2,1.11022302463e-16,2.00511075927e-16
shading,camera_rgb_raw,0.2,0.2,Canon 300D,FL2,2.77555756156e-17,7.9142275879e-17
shading,camera_rgb_wb,0.2,0.2,Canon 300D,FL2,5.55111512313e-17,8.80207643954e-17
shading,spectral_radiance,0.2,0.2,Canon 300D,FL2,0.0,0.0
shading,cie_xyz,0.2,0.2,Canon 300D,FL2,0.0,0.0
shading,camera_rgb_raw,0.2,0.2,Canon 300D,FL2,0.0,0.0
shading,camera_rgb_wb,0.2,0.2,Canon 300D,FL2,0.0,0.0
shading,spectral_radiance,0.2,0.2,Canon 40D,FL2,0.0,0.0
shading,cie_xyz,0.2,0.2,Canon 40D,FL2,0.0,0.0
shading,camera_rgb_raw,0.2,0.2,Canon 40D,FL2,0.0,0.0
shading,camera_rgb_wb,0.2,0.2,Canon 40D,FL2,0.0,0.0
shading,spectral_radiance,0.2,0.2,Canon 40D,FL2,0.0,0.0
shading,cie_xyz,0.2,0.2,Canon 40D,FL2,0.0,0.0
shading,camera_rgb_raw,0.2,0.2,Canon 40D,FL2,0.0,0.0
shading,camera_rgb_wb,0.2,0.2,Canon 40D,FL2,0.0,0.0
shading,spectral_radiance,0.2,0.2,Canon 40D,FL2,1.73472347598e-18,2.14338835386e-16
shading,cie_xyz,0.2,0.2,Canon 40D,FL2,1.11022302463e-16,2.00511075927e-16
shading,camera_rgb_raw,0.2,0.2,Canon 40D,FL2,1.11022302463e-16,2.9215275391e-16
shading,camera_rgb_wb,0.2,0.2,Canon 40D,FL2,1.66533453694e-16,2.65340801747e-16
shading,spectral_radiance,0.2,0.2,Canon 40D,FL2,0.0,0.0
shading,cie_xyz,0.2,0.2,Canon 40D,FL2,0.0,0.0
shading,camera_rgb_raw,0.2,0.2,Canon 40D,FL2,0.0,0.0
shading,camera_rgb_wb,0.2,0.2,Canon 40D,FL2,0.0,0.0
shading,spectral_radiance,0.2,0.2,Canon 500D,FL2,0.0,0.0
shading,cie_xyz,0.2,0.2,Canon 500D,FL2,0.0,0.0
shading,camera_rgb_raw,0.2,0.2,Canon 500D,FL2,0.0,0.0
shading,camera_rgb_wb,0.2,0.2,Canon 500D,FL2,0.0,0.0
shading,spectral_radiance,0.2,0.2,Canon 500D,FL2,0.0,0.0
shading,cie_xyz,0.2,0.2,Canon 500D,FL2,0.0,0.0
shading,camera_rgb_raw,0.2,0.2,Canon 500D,FL2,0.0,0.0
shading,camera_rgb_wb,0.2,0.2,Canon 500D,FL2,0.0,0.0
shading,spectral_radiance,0.2,0.2,Canon 500D,FL2,1.73472347598e-18,2.14338835386e-16
shading,cie_xyz,0.2,0.2,Canon 500D,FL2,1.11022302463e-16,2.00511075927e-16
shading,camera_rgb_raw,0.2,0.2,Canon 500D,FL2,5.55111512313e-17,1.30893011346e-16
shading,camera_rgb_wb,0.2,0.2,Canon 500D,FL2,1.11022302463e-16,1.88051170318e-16
shading,spectral_radiance,0.2,0.2,Canon 500D,FL2,0.0,0.0
shading,cie_xyz,0.2,0.2,Canon 500D,FL2,0.0,0.0
shading,camera_rgb_raw,0.2,0.2,Canon 500D,FL2,0.0,0.0
shading,camera_rgb_wb,0.2,0.2,Canon 500D,FL2,0.0,0.0
shading,spectral_radiance,0.2,0.2,Canon 50D,FL2,0.0,0.0
shading,cie_xyz,0.2,0.2,Canon 50D,FL2,0.0,0.0
shading,camera_rgb_raw,0.2,0.2,Canon 50D,FL2,0.0,0.0
shading,camera_rgb_wb,0.2,0.2,Canon 50D,FL2,0.0,0.0
shading,spectral_radiance,0.2,0.2,Canon 50D,FL2,0.0,0.0
shading,cie_xyz,0.2,0.2,Canon 50D,FL2,0.0,0.0
shading,camera_rgb_raw,0.2,0.2,Canon 50D,FL2,0.0,0.0
shading,camera_rgb_wb,0.2,0.2,Canon 50D,FL2,0.0,0.0
shading,spectral_radiance,0.2,0.2,Canon 50D,FL2,1.73472347598e-18,2.14338835386e-16
shading,cie_xyz,0.2,0.2,Canon 50D,FL2,1.11022302463e-16,2.00511075927e-16
shading,camera_rgb_raw,0.2,0.2,Canon 50D,FL2,1.66533453694e-16,3.92131943649e-16
shading,camera_rgb_wb,0.2,0.2,Canon 50D,FL2,1.66533453694e-16,2.76953202767e-16
shading,spectral_radiance,0.2,0.2,Canon 50D,FL2,0.0,0.0
shading,cie_xyz,0.2,0.2,Canon 50D,FL2,0.0,0.0
shading,camera_rgb_raw,0.2,0.2,Canon 50D,FL2,0.0,0.0
shading,camera_rgb_wb,0.2,0.2,Canon 50D,FL2,0.0,0.0
shading,spectral_radiance,0.2,0.2,Canon 5DMarkII,FL2,0.0,0.0
shading,cie_xyz,0.2,0.2,Canon 5DMarkII,FL2,0.0,0.0
shading,camera_rgb_raw,0.2,0.2,Canon 5DMarkII,FL2,0.0,0.0
shading,camera_rgb_wb,0.2,0.2,Canon 5DMarkII,FL2,0.0,0.0
shading,spectral_radiance,0.2,0.2,Canon 5DMarkII,FL2,0.0,0.0
shading,cie_xyz,0.2,0.2,Canon 5DMarkII,FL2,0.0,0.0
shading,camera_rgb_raw,0.2,0.2,Canon 5DMarkII,FL2,0.0,0.0
shading,camera_rgb_wb,0.2,0.2,Canon 5DMarkII,FL2,0.0,0.0
shading,spectral_radiance,0.2,0.2,Canon 5DMarkII,FL2,1.73472347598e-18,2.14338835386e-16
shading,cie_xyz,0.2,0.2,Canon 5DMarkII,FL2,1.11022302463e-16,2.00511075927e-16
shading,camera_rgb_raw,0.2,0.2,Canon 5DMarkII,FL2,1.11022302463e-16,2.9752694078e-16
shading,camera_rgb_wb,0.2,0.2,Canon 5DMarkII,FL2,1.66533453694e-16,2.72506564167e-16
shading,spectral_radiance,0.2,0.2,Canon 5DMarkII,FL2,0.0,0.0
shading,cie_xyz,0.2,0.2,Canon 5DMarkII,FL2,0.0,0.0
shading,camera_rgb_raw,0.2,0.2,Canon 5DMarkII,FL2,0.0,0.0
shading,camera_rgb_wb,0.2,0.2,Canon 5DMarkII,FL2,0.0,0.0
shading,spectral_radiance,0.2,0.2,Canon 600D,FL2,0.0,0.0
shading,cie_xyz,0.2,0.2,Canon 600D,FL2,0.0,0.0
shading,camera_rgb_raw,0.2,0.2,Canon 600D,FL2,0.0,0.0
shading,camera_rgb_wb,0.2,0.2,Canon 600D,FL2,0.0,0.0
shading,spectral_radiance,0.2,0.2,Canon 600D,FL2,0.0,0.0
shading,cie_xyz,0.2,0.2,Canon 600D,FL2,0.0,0.0
shading,camera_rgb_raw,0.2,0.2,Canon 600D,FL2,0.0,0.0
shading,camera_rgb_wb,0.2,0.2,Canon 600D,FL2,0.0,0.0
shading,spectral_radiance,0.2,0.2,Canon 600D,FL2,1.73472347598e-18,2.14338835386e-16
shading,cie_xyz,0.2,0.2,Canon 600D,FL2,1.11022302463e-16,2.00511075927e-16
shading,camera_rgb_raw,0.2,0.2,Canon 600D,FL2,5.55111512313e-17,1.38335505389e-16
shading,camera_rgb_wb,0.2,0.2,Canon 600D,FL2,1.66533453694e-16,2.70906106224e-16
shading,spectral_radiance,0.2,0.2,Canon 600D,FL2,0.0,0.0
shading,cie_xyz,0.2,0.2,Canon 600D,FL2,0.0,0.0
shading,camera_rgb_raw,0.2,0.2,Canon 600D,FL2,0.0,0.0
shading,camera_rgb_wb,0.2,0.2,Canon 600D,FL2,0.0,0.0
shading,spectral_radiance,0.2,0.2,Canon 60D,FL2,0.0,0.0
shading,cie_xyz,0.2,0.2,Canon 60D,FL2,0.0,0.0
shading,camera_rgb_raw,0.2,0.2,Canon 60D,FL2,0.0,0.0
shading,camera_rgb_wb,0.2,0.2,Canon 60D,FL2,0.0,0.0
shading,spectral_radiance,0.2,0.2,Canon 60D,FL2,0.0,0.0
shading,cie_xyz,0.2,0.2,Canon 60D,FL2,0.0,0.0
shading,camera_rgb_raw,0.2,0.2,Canon 60D,FL2,0.0,0.0
shading,camera_rgb_wb,0.2,0.2,Canon 60D,FL2,0.0,0.0
shading,spectral_radiance,0.2,0.2,Canon 60D,FL2,1.73472347598e-18,2.14338835386e-16
shading,cie_xyz,0.2,0.2,Canon 60D,FL2,1.11022302463e-16,2.00511075927e-16
shading,camera_rgb_raw,0.2,0.2,Canon 60D,FL2,1.66533453694e-16,4.12554581594e-16
shading,camera_rgb_wb,0.2,0.2,Canon 60D,FL2,2.77555756156e-16,4.50907981724e-16
shading,spectral_radiance,0.2,0.2,Canon 60D,FL2,0.0,0.0
shading,cie_xyz,0.2,0.2,Canon 60D,FL2,0.0,0.0
shading,camera_rgb_raw,0.2,0.2,Canon 60D,FL2,0.0,0.0
shading,camera_rgb_wb,0.2,0.2,Canon 60D,FL2,0.0,0.0
shading,spectral_radiance,0.2,0.2,Hasselblad H2,FL2,0.0,0.0
shading,cie_xyz,0.2,0.2,Hasselblad H2,FL2,0.0,0.0
shading,camera_rgb_raw,0.2,0.2,Hasselblad H2,FL2,0.0,0.0
shading,camera_rgb_wb,0.2,0.2,Hasselblad H2,FL2,0.0,0.0
shading,spectral_radiance,0.2,0.2,Hasselblad H2,FL2,0.0,0.0
shading,cie_xyz,0.2,0.2,Hasselblad H2,FL2,0.0,0.0
shading,camera_rgb_raw,0.2,0.2,Hasselblad H2,FL2,0.0,0.0
shading,camera_rgb_wb,0.2,0.2,Hasselblad H2,FL2,0.0,0.0
shading,spectral_radiance,0.2,0.2,Hasselblad H2,FL2,1.73472347598e-18,2.14338835386e-16
shading,cie_xyz,0.2,0.2,Hasselblad H2,FL2,1.11022302463e-16,2.00511075927e-16
shading,camera_rgb_raw,0.2,0.2,Hasselblad H2,FL2,2.77555756156e-17,8.25468944727e-17
shading,camera_rgb_wb,0.2,0.2,Hasselblad H2,FL2,1.11022302463e-16,1.67517575619e-16
shading,spectral_radiance,0.2,0.2,Hasselblad H2,FL2,0.0,0.0
shading,cie_xyz,0.2,0.2,Hasselblad H2,FL2,0.0,0.0
shading,camera_rgb_raw,0.2,0.2,Hasselblad H2,FL2,0.0,0.0
shading,camera_rgb_wb,0.2,0.2,Hasselblad H2,FL2,0.0,0.0
shading,spectral_radiance,0.2,0.2,Nikon D3X,FL2,0.0,0.0
shading,cie_xyz,0.2,0.2,Nikon D3X,FL2,0.0,0.0
shading,camera_rgb_raw,0.2,0.2,Nikon D3X,FL2,0.0,0.0
shading,camera_rgb_wb,0.2,0.2,Nikon D3X,FL2,0.0,0.0
shading,spectral_radiance,0.2,0.2,Nikon D3X,FL2,0.0,0.0
shading,cie_xyz,0.2,0.2,Nikon D3X,FL2,0.0,0.0
shading,camera_rgb_raw,0.2,0.2,Nikon D3X,FL2,0.0,0.0
shading,camera_rgb_wb,0.2,0.2,Nikon D3X,FL2,0.0,0.0
shading,spectral_radiance,0.2,0.2,Nikon D3X,FL2,1.73472347598e-18,2.14338835386e-16
shading,cie_xyz,0.2,0.2,Nikon D3X,FL2,1.11022302463e-16,2.00511075927e-16
shading,camera_rgb_raw,0.2,0.2,Nikon D3X,FL2,1.11022302463e-16,3.03179278116e-16
shading,camera_rgb_wb,0.2,0.2,Nikon D3X,FL2,1.11022302463e-16,1.72792907798e-16
shading,spectral_radiance,0.2,0.2,Nikon D3X,FL2,0.0,0.0
shading,cie_xyz,0.2,0.2,Nikon D3X,FL2,0.0,0.0
shading,camera_rgb_raw,0.2,0.2,Nikon D3X,FL2,0.0,0.0
shading,camera_rgb_wb,0.2,0.2,Nikon D3X,FL2,0.0,0.0
shading,spectral_radiance,0.2,0.2,Nikon D200,FL2,0.0,0.0
shading,cie_xyz,0.2,0.2,Nikon D200,FL2,0.0,0.0
shading,camera_rgb_raw,0.2,0.2,Nikon D200,FL2,0.0,0.0
shading,camera_rgb_wb,0.2,0.2,Nikon D200,FL2,0.0,0.0
shading,spectral_radiance,0.2,0.2,Nikon D200,FL2,0.0,0.0
shading,cie_xyz,0.2,0.2,Nikon D200,FL2,0.0,0.0
shading,camera_rgb_raw,0.2,0.2,Nikon D200,FL2,0.0,0.0
shading,camera_rgb_wb,0.2,0.2,Nikon D200,FL2,0.0,0.0
shading,spectral_radiance,0.2,0.2,Nikon D200,FL2,1.73472347598e-18,2.14338835386e-16
shading,cie_xyz,0.2,0.2,Nikon D200,FL2,1.11022302463e-16,2.00511075927e-16
shading,camera_rgb_raw,0.2,0.2,Nikon D200,FL2,1.11022302463e-16,3.4219520497e-16
shading,camera_rgb_wb,0.2,0.2,Nikon D200,FL2,2.22044604925e-16,3.47052318627e-16
shading,spectral_radiance,0.2,0.2,Nikon D200,FL2,0.0,0.0
shading,cie_xyz,0.2,0.2,Nikon D200,FL2,0.0,0.0
shading,camera_rgb_raw,0.2,0.2,Nikon D200,FL2,0.0,0.0
shading,camera_rgb_wb,0.2,0.2,Nikon D200,FL2,0.0,0.0
shading,spectral_radiance,0.2,0.2,Nikon D3,FL2,0.0,0.0
shading,cie_xyz,0.2,0.2,Nikon D3,FL2,0.0,0.0
shading,camera_rgb_raw,0.2,0.2,Nikon D3,FL2,0.0,0.0
shading,camera_rgb_wb,0.2,0.2,Nikon D3,FL2,0.0,0.0
shading,spectral_radiance,0.2,0.2,Nikon D3,FL2,0.0,0.0
shading,cie_xyz,0.2,0.2,Nikon D3,FL2,0.0,0.0
shading,camera_rgb_raw,0.2,0.2,Nikon D3,FL2,0.0,0.0
shading,camera_rgb_wb,0.2,0.2,Nikon D3,FL2,0.0,0.0
shading,spectral_radiance,0.2,0.2,Nikon D3,FL2,1.73472347598e-18,2.14338835386e-16
shading,cie_xyz,0.2,0.2,Nikon D3,FL2,1.11022302463e-16,2.00511075927e-16
shading,camera_rgb_raw,0.2,0.2,Nikon D3,FL2,1.66533453694e-16,5.09055748899e-16
shading,camera_rgb_wb,0.2,0.2,Nikon D3,FL2,2.77555756156e-16,4.36369700472e-16
shading,spectral_radiance,0.2,0.2,Nikon D3,FL2,0.0,0.0
shading,cie_xyz,0.2,0.2,Nikon D3,FL2,0.0,0.0
shading,camera_rgb_raw,0.2,0.2,Nikon D3,FL2,0.0,0.0
shading,camera_rgb_wb,0.2,0.2,Nikon D3,FL2,0.0,0.0
shading,spectral_radiance,0.2,0.2,Nikon D300s,FL2,0.0,0.0
shading,cie_xyz,0.2,0.2,Nikon D300s,FL2,0.0,0.0
shading,camera_rgb_raw,0.2,0.2,Nikon D300s,FL2,0.0,0.0
shading,camera_rgb_wb,0.2,0.2,Nikon D300s,FL2,0.0,0.0
shading,spectral_radiance,0.2,0.2,Nikon D300s,FL2,0.0,0.0
shading,cie_xyz,0.2,0.2,Nikon D300s,FL2,0.0,0.0
shading,camera_rgb_raw,0.2,0.2,Nikon D300s,FL2,0.0,0.0
shading,camera_rgb_wb,0.2,0.2,Nikon D300s,FL2,0.0,0.0
shading,spectral_radiance,0.2,0.2,Nikon D300s,FL2,1.73472347598e-18,2.14338835386e-16
shading,cie_xyz,0.2,0.2,Nikon D300s,FL2,1.11022302463e-16,2.00511075927e-16
shading,camera_rgb_raw,0.2,0.2,Nikon D300s,FL2,1.11022302463e-16,3.3606092778e-16
shading,camera_rgb_wb,0.2,0.2,Nikon D300s,FL2,2.22044604925e-16,3.53192043918e-16
shading,spectral_radiance,0.2,0.2,Nikon D300s,FL2,0.0,0.0
shading,cie_xyz,0.2,0.2,Nikon D300s,FL2,0.0,0.0
shading,camera_rgb_raw,0.2,0.2,Nikon D300s,FL2,0.0,0.0
shading,camera_rgb_wb,0.2,0.2,Nikon D300s,FL2,0.0,0.0
shading,spectral_radiance,0.2,0.2,Nikon D40,FL2,0.0,0.0
shading,cie_xyz,0.2,0.2,Nikon D40,FL2,0.0,0.0
shading,camera_rgb_raw,0.2,0.2,Nikon D40,FL2,0.0,0.0
shading,camera_rgb_wb,0.2,0.2,Nikon D40,FL2,0.0,0.0
shading,spectral_radiance,0.2,0.2,Nikon D40,FL2,0.0,0.0
shading,cie_xyz,0.2,0.2,Nikon D40,FL2,0.0,0.0
shading,camera_rgb_raw,0.2,0.2,Nikon D40,FL2,0.0,0.0
shading,camera_rgb_wb,0.2,0.2,Nikon D40,FL2,0.0,0.0
shading,spectral_radiance,0.2,0.2,Nikon D40,FL2,1.73472347598e-18,2.14338835386e-16
shading,cie_xyz,0.2,0.2,Nikon D40,FL2,1.11022302463e-16,2.00511075927e-16
shading,camera_rgb_raw,0.2,0.2,Nikon D40,FL2,2.77555756156e-17,8.58718778193e-17
shading,camera_rgb_wb,0.2,0.2,Nikon D40,FL2,2.22044604925e-16,3.52254544848e-16
shading,spectral_radiance,0.2,0.2,Nikon D40,FL2,0.0,0.0
shading,cie_xyz,0.2,0.2,Nikon D40,FL2,0.0,0.0
shading,camera_rgb_raw,0.2,0.2,Nikon D40,FL2,0.0,0.0
shading,camera_rgb_wb,0.2,0.2,Nikon D40,FL2,0.0,0.0
shading,spectral_radiance,0.2,0.2,Nikon D50,FL2,0.0,0.0
shading,cie_xyz,0.2,0.2,Nikon D50,FL2,0.0,0.0
shading,camera_rgb_raw,0.2,0.2,Nikon D50,FL2,0.0,0.0
shading,camera_rgb_wb,0.2,0.2,Nikon D50,FL2,0.0,0.0
shading,spectral_radiance,0.2,0.2,Nikon D50,FL2,0.0,0.0
shading,cie_xyz,0.2,0.2,Nikon D50,FL2,0.0,0.0
shading,camera_rgb_raw,0.2,0.2,Nikon D50,FL2,0.0,0.0
shading,camera_rgb_wb,0.2,0.2,Nikon D50,FL2,0.0,0.0
shading,spectral_radiance,0.2,0.2,Nikon D50,FL2,1.73472347598e-18,2.14338835386e-16
shading,cie_xyz,0.2,0.2,Nikon D50,FL2,1.11022302463e-16,2.00511075927e-16
shading,camera_rgb_raw,0.2,0.2,Nikon D50,FL2,5.55111512313e-17,1.67105531785e-16
shading,camera_rgb_wb,0.2,0.2,Nikon D50,FL2,2.22044604925e-16,3.46148281563e-16
shading,spectral_radiance,0.2,0.2,Nikon D50,FL2,0.0,0.0
shading,cie_xyz,0.2,0.2,Nikon D50,FL2,0.0,0.0
shading,camera_rgb_raw,0.2,0.2,Nikon D50,FL2,0.0,0.0
shading,camera_rgb_wb,0.2,0.2,Nikon D50,FL2,0.0,0.0
shading,spectral_radiance,0.2,0.2,Nikon D5100,FL2,0.0,0.0
shading,cie_xyz,0.2,0.2,Nikon D5100,FL2,0.0,0.0
shading,camera_rgb_raw,0.2,0.2,Nikon D5100,FL2,0.0,0.0
shading,camera_rgb_wb,0.2,0.2,Nikon D5100,FL2,0.0,0.0
shading,spectral_radiance,0.2,0.2,Nikon D5100,FL2,0.0,0.0
shading,cie_xyz,0.2,0.2,Nikon D5100,FL2,0.0,0.0
shading,camera_rgb_raw,0.2,0.2,Nikon D5100,FL2,0.0,0.0
shading,camera_rgb_wb,0.2,0.2,Nikon D5100,FL2,0.0,0.0
shading,spectral_radiance,0.2,0.2,Nikon D5100,FL2,1.73472347598e-18,2.14338835386e-16
shading,cie_xyz,0.2,0.2,Nikon D5100,FL2,1.11022302463e-16,2.00511075927e-16
shading,camera_rgb_raw,0.2,0.2,Nikon D5100,FL2,5.55111512313e-17,1.59210230076e-16
shading,camera_rgb_wb,0.2,0.2,Nikon D5100,FL2,1.11022302463e-16,1.76659848896e-16
shading,spectral_radiance,0.2,0.2,Nikon D5100,FL2,0.0,0.0
shading,cie_xyz,0.2,0.2,Nikon D5100,FL2,0.0,0.0
shading,camera_rgb_raw,0.2,0.2,Nikon D5100,FL2,0.0,0.0
shading,camera_rgb_wb,0.2,0.2,Nikon D5100,FL2,0.0,0.0
shading,spectral_radiance,0.2,0.2,Nikon D700,FL2,0.0,0.0
shading,cie_xyz,0.2,0.2,Nikon D700,FL2,0.0,0.0
shading,camera_rgb_raw,0.2,0.2,Nikon D700,FL2,0.0,0.0
shading,camera_rgb_wb,0.2,0.2,Nikon D700,FL2,0.0,0.0
shading,spectral_radiance,0.2,0.2,Nikon D700,FL2,0.0,0.0
shading,cie_xyz,0.2,0.2,Nikon D700,FL2,0.0,0.0
shading,camera_rgb_raw,0.2,0.2,Nikon D700,FL2,0.0,0.0
shading,camera_rgb_wb,0.2,0.2,Nikon D700,FL2,0.0,0.0
shading,spectral_radiance,0.2,0.2,Nikon D700,FL2,1.73472347598e-18,2.14338835386e-16
shading,cie_xyz,0.2,0.2,Nikon D700,FL2,1.11022302463e-16,2.00511075927e-16
shading,camera_rgb_raw,0.2,0.2,Nikon D700,FL2,1.66533453694e-16,4.92768215489e-16
shading,camera_rgb_wb,0.2,0.2,Nikon D700,FL2,4.4408920985e-16,6.97784101989e-16
shading,spectral_radiance,0.2,0.2,Nikon D700,FL2,0.0,0.0
shading,cie_xyz,0.2,0.2,Nikon D700,FL2,0.0,0.0
shading,camera_rgb_raw,0.2,0.2,Nikon D700,FL2,0.0,0.0
shading,camera_rgb_wb,0.2,0.2,Nikon D700,FL2,0.0,0.0
shading,spectral_radiance,0.2,0.2,Nikon D80,FL2,0.0,0.0
shading,cie_xyz,0.2,0.2,Nikon D80,FL2,0.0,0.0
shading,camera_rgb_raw,0.2,0.2,Nikon D80,FL2,0.0,0.0
shading,camera_rgb_wb,0.2,0.2,Nikon D80,FL2,0.0,0.0
shading,spectral_radiance,0.2,0.2,Nikon D80,FL2,0.0,0.0
shading,cie_xyz,0.2,0.2,Nikon D80,FL2,0.0,0.0
shading,camera_rgb_raw,0.2,0.2,Nikon D80,FL2,0.0,0.0
shading,camera_rgb_wb,0.2,0.2,Nikon D80,FL2,0.0,0.0
shading,spectral_radiance,0.2,0.2,Nikon D80,FL2,1.73472347598e-18,2.14338835386e-16
shading,cie_xyz,0.2,0.2,Nikon D80,FL2,1.11022302463e-16,2.00511075927e-16
shading,camera_rgb_raw,0.2,0.2,Nikon D80,FL2,1.11022302463e-16,3.62181744337e-16
shading,camera_rgb_wb,0.2,0.2,Nikon D80,FL2,2.22044604925e-16,3.47381006825e-16
shading,spectral_radiance,0.2,0.2,Nikon D80,FL2,0.0,0.0
shading,cie_xyz,0.2,0.2,Nikon D80,FL2,0.0,0.0
shading,camera_rgb_raw,0.2,0.2,Nikon D80,FL2,0.0,0.0
shading,camera_rgb_wb,0.2,0.2,Nikon D80,FL2,0.0,0.0
shading,spectral_radiance,0.2,0.2,Nikon D90,FL2,0.0,0.0
shading,cie_xyz,0.2,0.2,Nikon D90,FL2,0.0,0.0
shading,camera_rgb_raw,0.2,0.2,Nikon D90,FL2,0.0,0.0
shading,camera_rgb_wb,0.2,0.2,Nikon D90,FL2,0.0,0.0
shading,spectral_radiance,0.2,0.2,Nikon D90,FL2,0.0,0.0
shading,cie_xyz,0.2,0.2,Nikon D90,FL2,0.0,0.0
shading,camera_rgb_raw,0.2,0.2,Nikon D90,FL2,0.0,0.0
shading,camera_rgb_wb,0.2,0.2,Nikon D90,FL2,0.0,0.0
shading,spectral_radiance,0.2,0.2,Nikon D90,FL2,1.73472347598e-18,2.14338835386e-16
shading,cie_xyz,0.2,0.2,Nikon D90,FL2,1.11022302463e-16,2.00511075927e-16
shading,camera_rgb_raw,0.2,0.2,Nikon D90,FL2,5.55111512313e-17,1.71327387655e-16
shading,camera_rgb_wb,0.2,0.2,Nikon D90,FL2,1.11022302463e-16,1.76361770301e-16
shading,spectral_radiance,0.2,0.2,Nikon D90,FL2,0.0,0.0
shading,cie_xyz,0.2,0.2,Nikon D90,FL2,0.0,0.0
shading,camera_rgb_raw,0.2,0.2,Nikon D90,FL2,0.0,0.0
shading,camera_rgb_wb,0.2,0.2,Nikon D90,FL2,0.0,0.0
shading,spectral_radiance,0.2,0.2,Nokia N900,FL2,0.0,0.0
shading,cie_xyz,0.2,0.2,Nokia N900,FL2,0.0,0.0
shading,camera_rgb_raw,0.2,0.2,Nokia N900,FL2,0.0,0.0
shading,camera_rgb_wb,0.2,0.2,Nokia N900,FL2,0.0,0.0
shading,spectral_radiance,0.2,0.2,Nokia N900,FL2,0.0,0.0
shading,cie_xyz,0.2,0.2,Nokia N900,FL2,0.0,0.0
shading,camera_rgb_raw,0.2,0.2,Nokia N900,FL2,0.0,0.0
shading,camera_rgb_wb,0.2,0.2,Nokia N900,FL2,0.0,0.0
shading,spectral_radiance,0.2,0.2,Nokia N900,FL2,1.73472347598e-18,2.14338835386e-16
shading,cie_xyz,0.2,0.2,Nokia N900,FL2,1.11022302463e-16,2.00511075927e-16
shading,camera_rgb_raw,0.2,0.2,Nokia N900,FL2,2.77555756156e-16,6.67349778162e-16
shading,camera_rgb_wb,0.2,0.2,Nokia N900,FL2,3.33066907388e-16,5.06300398882e-16
shading,spectral_radiance,0.2,0.2,Nokia N900,FL2,0.0,0.0
shading,cie_xyz,0.2,0.2,Nokia N900,FL2,0.0,0.0
shading,camera_rgb_raw,0.2,0.2,Nokia N900,FL2,0.0,0.0
shading,camera_rgb_wb,0.2,0.2,Nokia N900,FL2,0.0,0.0
shading,spectral_radiance,0.2,0.2,Olympus E-PL2,FL2,0.0,0.0
shading,cie_xyz,0.2,0.2,Olympus E-PL2,FL2,0.0,0.0
shading,camera_rgb_raw,0.2,0.2,Olympus E-PL2,FL2,0.0,0.0
shading,camera_rgb_wb,0.2,0.2,Olympus E-PL2,FL2,0.0,0.0
shading,spectral_radiance,0.2,0.2,Olympus E-PL2,FL2,0.0,0.0
shading,cie_xyz,0.2,0.2,Olympus E-PL2,FL2,0.0,0.0
shading,camera_rgb_raw,0.2,0.2,Olympus E-PL2,FL2,0.0,0.0
shading,camera_rgb_wb,0.2,0.2,Olympus E-PL2,FL2,0.0,0.0
shading,spectral_radiance,0.2,0.2,Olympus E-PL2,FL2,1.73472347598e-18,2.14338835386e-16
shading,cie_xyz,0.2,0.2,Olympus E-PL2,FL2,1.11022302463e-16,2.00511075927e-16
shading,camera_rgb_raw,0.2,0.2,Olympus E-PL2,FL2,5.55111512313e-17,1.31118682911e-16
shading,camera_rgb_wb,0.2,0.2,Olympus E-PL2,FL2,5.55111512313e-17,8.2124863725e-17
shading,spectral_radiance,0.2,0.2,Olympus E-PL2,FL2,0.0,0.0
shading,cie_xyz,0.2,0.2,Olympus E-PL2,FL2,0.0,0.0
shading,camera_rgb_raw,0.2,0.2,Olympus E-PL2,FL2,0.0,0.0
shading,camera_rgb_wb,0.2,0.2,Olympus E-PL2,FL2,0.0,0.0
shading,spectral_radiance,0.2,0.2,Pentax K-5,FL2,0.0,0.0
shading,cie_xyz,0.2,0.2,Pentax K-5,FL2,0.0,0.0
shading,camera_rgb_raw,0.2,0.2,Pentax K-5,FL2,0.0,0.0
shading,camera_rgb_wb,0.2,0.2,Pentax K-5,FL2,0.0,0.0
shading,spectral_radiance,0.2,0.2,Pentax K-5,FL2,0.0,0.0
shading,cie_xyz,0.2,0.2,Pentax K-5,FL2,0.0,0.0
shading,camera_rgb_raw,0.2,0.2,Pentax K-5,FL2,0.0,0.0
shading,camera_rgb_wb,0.2,0.2,Pentax K-5,FL2,0.0,0.0
shading,spectral_radiance,0.2,0.2,Pentax K-5,FL2,1.73472347598e-18,2.14338835386e-16
shading,cie_xyz,0.2,0.2,Pentax K-5,FL2,1.11022302463e-16,2.00511075927e-16
shading,camera_rgb_raw,0.2,0.2,Pentax K-5,FL2,1.11022302463e-16,3.05570193633e-16
shading,camera_rgb_wb,0.2,0.2,Pentax K-5,FL2,3.33066907388e-16,5.27714569995e-16
shading,spectral_radiance,0.2,0.2,Pentax K-5,FL2,0.0,0.0
shading,cie_xyz,0.2,0.2,Pentax K-5,FL2,0.0,0.0
shading,camera_rgb_raw,0.2,0.2,Pentax K-5,FL2,0.0,0.0
shading,camera_rgb_wb,0.2,0.2,Pentax K-5,FL2,0.0,0.0
shading,spectral_radiance,0.2,0.2,Pentax Q,FL2,0.0,0.0
shading,cie_xyz,0.2,0.2,Pentax Q,FL2,0.0,0.0
shading,camera_rgb_raw,0.2,0.2,Pentax Q,FL2,0.0,0.0
shading,camera_rgb_wb,0.2,0.2,Pentax Q,FL2,0.0,0.0
shading,spectral_radiance,0.2,0.2,Pentax Q,FL2,0.0,0.0
shading,cie_xyz,0.2,0.2,Pentax Q,FL2,0.0,0.0
shading,camera_rgb_raw,0.2,0.2,Pentax Q,FL2,0.0,0.0
shading,camera_rgb_wb,0.2,0.2,Pentax Q,FL2,0.0,0.0
shading,spectral_radiance,0.2,0.2,Pentax Q,FL2,1.73472347598e-18,2.14338835386e-16
shading,cie_xyz,0.2,0.2,Pentax Q,FL2,1.11022302463e-16,2.00511075927e-16
shading,camera_rgb_raw,0.2,0.2,Pentax Q,FL2,1.11022302463e-16,2.34113120349e-16
shading,camera_rgb_wb,0.2,0.2,Pentax Q,FL2,1.11022302463e-16,1.69905592824e-16
shading,spectral_radiance,0.2,0.2,Pentax Q,FL2,0.0,0.0
shading,cie_xyz,0.2,0.2,Pentax Q,FL2,0.0,0.0
shading,camera_rgb_raw,0.2,0.2,Pentax Q,FL2,0.0,0.0
shading,camera_rgb_wb,0.2,0.2,Pentax Q,FL2,0.0,0.0
shading,spectral_radiance,0.2,0.2,Point Grey Grasshopper 50S5C,FL2,0.0,0.0
shading,cie_xyz,0.2,0.2,Point Grey Grasshopper 50S5C,FL2,0.0,0.0
shading,camera_rgb_raw,0.2,0.2,Point Grey Grasshopper 50S5C,FL2,0.0,0.0
shading,camera_rgb_wb,0.2,0.2,Point Grey Grasshopper 50S5C,FL2,0.0,0.0
shading,spectral_radiance,0.2,0.2,Point Grey Grasshopper 50S5C,FL2,0.0,0.0
shading,cie_xyz,0.2,0.2,Point Grey Grasshopper 50S5C,FL2,0.0,0.0
shading,camera_rgb_raw,0.2,0.2,Point Grey Grasshopper 50S5C,FL2,0.0,0.0
shading,camera_rgb_wb,0.2,0.2,Point Grey Grasshopper 50S5C,FL2,0.0,0.0
shading,spectral_radiance,0.2,0.2,Point Grey Grasshopper 50S5C,FL2,1.73472347598e-18,2.14338835386e-16
shading,cie_xyz,0.2,0.2,Point Grey Grasshopper 50S5C,FL2,1.11022302463e-16,2.00511075927e-16
shading,camera_rgb_raw,0.2,0.2,Point Grey Grasshopper 50S5C,FL2,2.77555756156e-17,1.14838932902e-16
shading,camera_rgb_wb,0.2,0.2,Point Grey Grasshopper 50S5C,FL2,1.11022302463e-16,1.51163622137e-16
shading,spectral_radiance,0.2,0.2,Point Grey Grasshopper 50S5C,FL2,0.0,0.0
shading,cie_xyz,0.2,0.2,Point Grey Grasshopper 50S5C,FL2,0.0,0.0
shading,camera_rgb_raw,0.2,0.2,Point Grey Grasshopper 50S5C,FL2,0.0,0.0
shading,camera_rgb_wb,0.2,0.2,Point Grey Grasshopper 50S5C,FL2,0.0,0.0
shading,spectral_radiance,0.2,0.2,Point Grey Grasshopper2 14S5C,FL2,0.0,0.0
shading,cie_xyz,0.2,0.2,Point Grey Grasshopper2 14S5C,FL2,0.0,0.0
shading,camera_rgb_raw,0.2,0.2,Point Grey Grasshopper2 14S5C,FL2,0.0,0.0
shading,camera_rgb_wb,0.2,0.2,Point Grey Grasshopper2 14S5C,FL2,0.0,0.0
shading,spectral_radiance,0.2,0.2,Point Grey Grasshopper2 14S5C,FL2,0.0,0.0
shading,cie_xyz,0.2,0.2,Point Grey Grasshopper2 14S5C,FL2,0.0,0.0
shading,camera_rgb_raw,0.2,0.2,Point Grey Grasshopper2 14S5C,FL2,0.0,0.0
shading,camera_rgb_wb,0.2,0.2,Point Grey Grasshopper2 14S5C,FL2,0.0,0.0
shading,spectral_radiance,0.2,0.2,Point Grey Grasshopper2 14S5C,FL2,1.73472347598e-18,2.14338835386e-16
shading,cie_xyz,0.2,0.2,Point Grey Grasshopper2 14S5C,FL2,1.11022302463e-16,2.00511075927e-16
shading,camera_rgb_raw,0.2,0.2,Point Grey Grasshopper2 14S5C,FL2,1.38777878078e-16,5.02059124519e-16
shading,camera_rgb_wb,0.2,0.2,Point Grey Grasshopper2 14S5C,FL2,2.77555756156e-16,4.03687560849e-16
shading,spectral_radiance,0.2,0.2,Point Grey Grasshopper2 14S5C,FL2,0.0,0.0
shading,cie_xyz,0.2,0.2,Point Grey Grasshopper2 14S5C,FL2,0.0,0.0
shading,camera_rgb_raw,0.2,0.2,Point Grey Grasshopper2 14S5C,FL2,0.0,0.0
shading,camera_rgb_wb,0.2,0.2,Point Grey Grasshopper2 14S5C,FL2,0.0,0.0
shading,spectral_radiance,0.2,0.2,Phase One,FL2,0.0,0.0
shading,cie_xyz,0.2,0.2,Phase One,FL2,0.0,0.0
shading,camera_rgb_raw,0.2,0.2,Phase One,FL2,0.0,0.0
shading,camera_rgb_wb,0.2,0.2,Phase One,FL2,0.0,0.0
shading,spectral_radiance,0.2,0.2,Phase One,FL2,0.0,0.0
shading,cie_xyz,0.2,0.2,Phase One,FL2,0.0,0.0
shading,camera_rgb_raw,0.2,0.2,Phase One,FL2,0.0,0.0
shading,camera_rgb_wb,0.2,0.2,Phase One,FL2,0.0,0.0
shading,spectral_radiance,0.2,0.2,Phase One,FL2,1.73472347598e-18,2.14338835386e-16
shading,cie_xyz,0.2,0.2,Phase One,FL2,1.11022302463e-16,2.00511075927e-16
shading,camera_rgb_raw,0.2,0.2,Phase One,FL2,8.32667268469e-17,2.53495529228e-16
shading,camera_rgb_wb,0.2,0.2,Phase One,FL2,2.22044604925e-16,3.84380444317e-16
shading,spectral_radiance,0.2,0.2,Phase One,FL2,0.0,0.0
shading,cie_xyz,0.2,0.2,Phase One,FL2,0.0,0.0
shading,camera_rgb_raw,0.2,0.2,Phase One,FL2,0.0,0.0
shading,camera_rgb_wb,0.2,0.2,Phase One,FL2,0.0,0.0
shading,spectral_radiance,0.2,0.2,SONY NEX-5N,FL2,0.0,0.0
shading,cie_xyz,0.2,0.2,SONY NEX-5N,FL2,0.0,0.0
shading,camera_rgb_raw,0.2,0.2,SONY NEX-5N,FL2,0.0,0.0
shading,camera_rgb_wb,0.2,0.2,SONY NEX-5N,FL2,0.0,0.0
shading,spectral_radiance,0.2,0.2,SONY NEX-5N,FL2,0.0,0.0
shading,cie_xyz,0.2,0.2,SONY NEX-5N,FL2,0.0,0.0
shading,camera_rgb_raw,0.2,0.2,SONY NEX-5N,FL2,0.0,0.0
shading,camera_rgb_wb,0.2,0.2,SONY NEX-5N,FL2,0.0,0.0
shading,spectral_radiance,0.2,0.2,SONY NEX-5N,FL2,1.73472347598e-18,2.14338835386e-16
shading,cie_xyz,0.2,0.2,SONY NEX-5N,FL2,1.11022302463e-16,2.00511075927e-16
shading,camera_rgb_raw,0.2,0.2,SONY NEX-5N,FL2,8.32667268469e-17,2.43029901228e-16
shading,camera_rgb_wb,0.2,0.2,SONY NEX-5N,FL2,2.22044604925e-16,3.62012374028e-16
shading,spectral_radiance,0.2,0.2,SONY NEX-5N,FL2,0.0,0.0
shading,cie_xyz,0.2,0.2,SONY NEX-5N,FL2,0.0,0.0
shading,camera_rgb_raw,0.2,0.2,SONY NEX-5N,FL2,0.0,0.0
shading,camera_rgb_wb,0.2,0.2,SONY NEX-5N,FL2,0.0,0.0
shading,spectral_radiance,0.2,0.2,Canon 1DMarkIII,FL11,0.0,0.0
shading,cie_xyz,0.2,0.2,Canon 1DMarkIII,FL11,0.0,0.0
shading,camera_rgb_raw,0.2,0.2,Canon 1DMarkIII,FL11,0.0,0.0
shading,camera_rgb_wb,0.2,0.2,Canon 1DMarkIII,FL11,0.0,0.0
shading,spectral_radiance,0.2,0.2,Canon 1DMarkIII,FL11,0.0,0.0
shading,cie_xyz,0.2,0.2,Canon 1DMarkIII,FL11,0.0,0.0
shading,camera_rgb_raw,0.2,0.2,Canon 1DMarkIII,FL11,0.0,0.0
shading,camera_rgb_wb,0.2,0.2,Canon 1DMarkIII,FL11,0.0,0.0
shading,spectral_radiance,0.2,0.2,Canon 1DMarkIII,FL11,3.46944695195e-18,1.20792661407e-16
shading,cie_xyz,0.2,0.2,Canon 1DMarkIII,FL11,2.22044604925e-16,3.64074283703e-16
shading,camera_rgb_raw,0.2,0.2,Canon 1DMarkIII,FL11,1.66533453694e-16,4.98252540277e-16
shading,camera_rgb_wb,0.2,0.2,Canon 1DMarkIII,FL11,2.22044604925e-16,3.29054788022e-16
shading,spectral_radiance,0.2,0.2,Canon 1DMarkIII,FL11,0.0,0.0
shading,cie_xyz,0.2,0.2,Canon 1DMarkIII,FL11,0.0,0.0
shading,camera_rgb_raw,0.2,0.2,Canon 1DMarkIII,FL11,0.0,0.0
shading,camera_rgb_wb,0.2,0.2,Canon 1DMarkIII,FL11,0.0,0.0
shading,spectral_radiance,0.2,0.2,Canon 20D,FL11,0.0,0.0
shading,cie_xyz,0.2,0.2,Canon 20D,FL11,0.0,0.0
shading,camera_rgb_raw,0.2,0.2,Canon 20D,FL11,0.0,0.0
shading,camera_rgb_wb,0.2,0.2,Canon 20D,FL11,0.0,0.0
shading,spectral_radiance,0.2,0.2,Canon 20D,FL11,0.0,0.0
shading,cie_xyz,0.2,0.2,Canon 20D,FL11,0.0,0.0
shading,camera_rgb_raw,0.2,0.2,Canon 20D,FL11,0.0,0.0
shading,camera_rgb_wb,0.2,0.2,Canon 20D,FL11,0.0,0.0
shading,spectral_radiance,0.2,0.2,Canon 20D,FL11,3.46944695195e-18,1.20792661407e-16
shading,cie_xyz,0.2,0.2,Canon 20D,FL11,2.22044604925e-16,3.64074283703e-16
shading,camera_rgb_raw,0.2,0.2,Canon 20D,FL11,5.55111512313e-17,1.60480928903e-16
shading,camera_rgb_wb,0.2,0.2,Canon 20D,FL11,2.22044604925e-16,3.29936118459e-16
shading,spectral_radiance,0.2,0.2,Canon 20D,FL11,0.0,0.0
shading,cie_xyz,0.2,0.2,Canon 20D,FL11,0.0,0.0
shading,camera_rgb_raw,0.2,0.2,Canon 20D,FL11,0.0,0.0
shading,camera_rgb_wb,0.2,0.2,Canon 20D,FL11,0.0,0.0
shading,spectral_radiance,0.2,0.2,Canon 300D,FL11,0.0,0.0
shading,cie_xyz,0.2,0.2,Canon 300D,FL11,0.0,0.0
shading,camera_rgb_raw,0.2,0.2,Canon 300D,FL11,0.0,0.0
shading,camera_rgb_wb,0.2,0.2,Canon 300D,FL11,0.0,0.0
shading,spectral_radiance,0.2,0.2,Canon 300D,FL11,0.0,0.0
shading,cie_xyz,0.2,0.2,Canon 300D,FL11,0.0,0.0
shading,camera_rgb_raw,0.2,0.2,Canon 300D,FL11,0.0,0.0
shading,camera_rgb_wb,0.2,0.2,Canon 300D,FL11,0.0,0.0
shading,spectral_radiance,0.2,0.2,Canon 300D,FL11,3.46944695195e-18,1.20792661407e-16
shading,cie_xyz,0.2,0.2,Canon 300D,FL11,2.22044604925e-16,3.64074283703e-16
shading,camera_rgb_raw,0.2,0.2,Canon 300D,FL11,1.38777878078e-16,4.0394600678e-16
shading,camera_rgb_wb,0.2,0.2,Canon 300D,FL11,2.22044604925e-16,3.15946220396e-16
shading,spectral_radiance,0.2,0.2,Canon 300D,FL11,0.0,0.0
shading,cie_xyz,0.2,0.2,Canon 300D,FL11,0.0,0.0
shading,camera_rgb_raw,0.2,0.2,Canon 300D,FL11,0.0,0.0
shading,camera_rgb_wb,0.2,0.2,Canon 300D,FL11,0.0,0.0
shading,spectral_radiance,0.2,0.2,Canon 40D,FL11,0.0,0.0
shading,cie_xyz,0.2,0.2,Canon 40D,FL11,0.0,0.0
shading,camera_rgb_raw,0.2,0.2,Canon 40D,FL11,0.0,0.0
shading,camera_rgb_wb,0.2,0.2,Canon 40D,FL11,0.0,0.0
shading,spectral_radiance,0.2,0.2,Canon 40D,FL11,0.0,0.0
shading,cie_xyz,0.2,0.2,Canon 40D,FL11,0.0,0.0
shading,camera_rgb_raw,0.2,0.2,Canon 40D,FL11,0.0,0.0
shading,camera_rgb_wb,0.2,0.2,Canon 40D,FL11,0.0,0.0
shading,spectral_radiance,0.2,0.2,Canon 40D,FL11,3.46944695195e-18,1.20792661407e-16
shading,cie_xyz,0.2,0.2,Canon 40D,FL11,2.22044604925e-16,3.64074283703e-16
shading,camera_rgb_raw,0.2,0.2,Canon 40D,FL11,1.66533453694e-16,4.64812080507e-16
shading,camera_rgb_wb,0.2,0.2,Canon 40D,FL11,4.4408920985e-16,6.60639356157e-16
shading,spectral_radiance,0.2,0.2,Canon 40D,FL11,0.0,0.0
shading,cie_xyz,0.2,0.2,Canon 40D,FL11,0.0,0.0
shading,camera_rgb_raw,0.2,0.2,Canon 40D,FL11,0.0,0.0
shading,camera_rgb_wb,0.2,0.2,Canon 40D,FL11,0.0,0.0
shading,spectral_radiance,0.2,0.2,Canon 500D,FL11,0.0,0.0
shading,cie_xyz,0.2,0.2,Canon 500D,FL11,0.0,0.0
shading,camera_rgb_raw,0.2,0.2,Canon 500D,FL11,0.0,0.0
shading,camera_rgb_wb,0.2,0.2,Canon 500D,FL11,0.0,0.0
shading,spectral_radiance,0.2,0.2,Canon 500D,FL11,0.0,0.0
shading,cie_xyz,0.2,0.2,Canon 500D,FL11,0.0,0.0
shading,camera_rgb_raw,0.2,0.2,Canon 500D,FL11,0.0,0.0
shading,camera_rgb_wb,0.2,0.2,Canon 500D,FL11,0.0,0.0
shading,spectral_radiance,0.2,0.2,Canon 500D,FL11,3.46944695195e-18,1.20792661407e-16
shading,cie_xyz,0.2,0.2,Canon 500D,FL11,2.22044604925e-16,3.64074283703e-16
shading,camera_rgb_raw,0.2,0.2,Canon 500D,FL11,1.11022302463e-16,2.71864770614e-16
shading,camera_rgb_wb,0.2,0.2,Canon 500D,FL11,2.22044604925e-16,3.50740301457e-16
shading,spectral_radiance,0.2,0.2,Canon 500D,FL11,0.0,0.0
shading,cie_xyz,0.2,0.2,Canon 500D,FL11,0.0,0.0
shading,camera_rgb_raw,0.2,0.2,Canon 500D,FL11,0.0,0.0
shading,camera_rgb_wb,0.2,0.2,Canon 500D,FL11,0.0,0.0
shading,spectral_radiance,0.2,0.2,Canon 50D,FL11,0.0,0.0
shading,cie_xyz,0.2,0.2,Canon 50D,FL11,0.0,0.0
shading,camera_rgb_raw,0.2,0.2,Canon 50D,FL11,0.0,0.0
shading,camera_rgb_wb,0.2,0.2,Canon 50D,FL11,0.0,0.0
shading,spectral_radiance,0.2,0.2,Canon 50D,FL11,0.0,0.0
shading,cie_xyz,0.2,0.2,Canon 50D,FL11,0.0,0.0
shading,camera_rgb_raw,0.2,0.2,Canon 50D,FL11,0.0,0.0
shading,camera_rgb_wb,0.2,0.2,Canon 50D,FL11,0.0,0.0
shading,spectral_radiance,0.2,0.2,Canon 50D,FL11,3.46944695195e-18,1.20792661407e-16
shading,cie_xyz,0.2,0.2,Canon 50D,FL11,2.22044604925e-16,3.64074283703e-16
shading,camera_rgb_raw,0.2,0.2,Canon 50D,FL11,1.11022302463e-16,2.70839021087e-16
shading,camera_rgb_wb,0.2,0.2,Canon 50D,FL11,3.33066907388e-16,5.1757013454e-16
shading,spectral_radiance,0.2,0.2,Canon 50D,FL11,0.0,0.0
shading,cie_xyz,0.2,0.2,Canon 50D,FL11,0.0,0.0
shading,camera_rgb_raw,0.2,0.2,Canon 50D,FL11,0.0,0.0
shading,camera_rgb_wb,0.2,0.2,Canon 50D,FL11,0.0,0.0
shading,spectral_radiance,0.2,0.2,Canon 5DMarkII,FL11,0.0,0.0
shading,cie_xyz,0.2,0.2,Canon 5DMarkII,FL11,0.0,0.0
shading,camera_rgb_raw,0.2,0.2,Canon 5DMarkII,FL11,0.0,0.0
shading,camera_rgb_wb,0.2,0.2,Canon 5DMarkII,FL11,0.0,0.0
shading,spectral_radiance,0.2,0.2,Canon 5DMarkII,FL11,0.0,0.0
shading,cie_xyz,0.2,0.2,Canon 5DMarkII,FL11,0.0,0.0
shading,camera_rgb_raw,0.2,0.2,Canon 5DMarkII,FL11,0.0,0.0
shading,camera_rgb_wb,0.2,0.2,Canon 5DMarkII,FL11,0.0,0.0
shading,spectral_radiance,0.2,0.2,Canon 5DMarkII,FL11,3.46944695195e-18,1.20792661407e-16
shading,cie_xyz,0.2,0.2,Canon 5DMarkII,FL11,2.22044604925e-16,3.64074283703e-16
shading,camera_rgb_raw,0.2,0.2,Canon 5DMarkII,FL11,5.55111512313e-17,1.5907375295e-16
shading,camera_rgb_wb,0.2,0.2,Canon 5DMarkII,FL11,1.11022302463e-16,1.70194830838e-16
shading,spectral_radiance,0.2,0.2,Canon 5DMarkII,FL11,0.0,0.0
shading,cie_xyz,0.2,0.2,Canon 5DMarkII,FL11,0.0,0.0
shading,camera_rgb_raw,0.2,0.2,Canon 5DMarkII,FL11,0.0,0.0
shading,camera_rgb_wb,0.2,0.2,Canon 5DMarkII,FL11,0.0,0.0
shading,spectral_radiance,0.2,0.2,Canon 600D,FL11,0.0,0.0
shading,cie_xyz,0.2,0.2,Canon 600D,FL11,0.0,0.0
shading,camera_rgb_raw,0.2,0.2,Canon 600D,FL11,0.0,0.0
shading,camera_rgb_wb,0.2,0.2,Canon 600D,FL11,0.0,0.0
shading,spectral_radiance,0.2,0.2,Canon 600D,FL11,0.0,0.0
shading,cie_xyz,0.2,0.2,Canon 600D,FL11,0.0,0.0
shading,camera_rgb_raw,0.2,0.2,Canon 600D,FL11,0.0,0.0
shading,camera_rgb_wb,0.2,0.2,Canon 600D,FL11,0.0,0.0
shading,spectral_radiance,0.2,0.2,Canon 600D,FL11,3.46944695195e-18,1.20792661407e-16
shading,cie_xyz,0.2,0.2,Canon 600D,FL11,2.22044604925e-16,3.64074283703e-16
shading,camera_rgb_raw,0.2,0.2,Canon 600D,FL11,1.11022302463e-16,2.91070237824e-16
shading,camera_rgb_wb,0.2,0.2,Canon 600D,FL11,3.33066907388e-16,5.01260602915e-16
shading,spectral_radiance,0.2,0.2,Canon 600D,FL11,0.0,0.0
shading,cie_xyz,0.2,0.2,Canon 600D,FL11,0.0,0.0
shading,camera_rgb_raw,0.2,0.2,Canon 600D,FL11,0.0,0.0
shading,camera_rgb_wb,0.2,0.2,Canon 600D,FL11,0.0,0.0
shading,spectral_radiance,0.2,0.2,Canon 60D,FL11,0.0,0.0
shading,cie_xyz,0.2,0.2,Canon 60D,FL11,0.0,0.0
shading,camera_rgb_raw,0.2,0.2,Canon 60D,FL11,0.0,0.0
shading,camera_rgb_wb,0.2,0.2,Canon 60D,FL11,0.0,0.0
shading,spectral_radiance,0.2,0.2,Canon 60D,FL11,0.0,0.0
shading,cie_xyz,0.2,0.2,Canon 60D,FL11,0.0,0.0
shading,camera_rgb_raw,0.2,0.2,Canon 60D,FL11,0.0,0.0
shading,camera_rgb_wb,0.2,0.2,Canon 60D,FL11,0.0,0.0
shading,spectral_radiance,0.2,0.2,Canon 60D,FL11,3.46944695195e-18,1.20792661407e-16
shading,cie_xyz,0.2,0.2,Canon 60D,FL11,2.22044604925e-16,3.64074283703e-16
shading,camera_rgb_raw,0.2,0.2,Canon 60D,FL11,1.11022302463e-16,2.87452075903e-16
shading,camera_rgb_wb,0.2,0.2,Canon 60D,FL11,1.11022302463e-16,1.67039820831e-16
shading,spectral_radiance,0.2,0.2,Canon 60D,FL11,0.0,0.0
shading,cie_xyz,0.2,0.2,Canon 60D,FL11,0.0,0.0
shading,camera_rgb_raw,0.2,0.2,Canon 60D,FL11,0.0,0.0
shading,camera_rgb_wb,0.2,0.2,Canon 60D,FL11,0.0,0.0
shading,spectral_radiance,0.2,0.2,Hasselblad H2,FL11,0.0,0.0
shading,cie_xyz,0.2,0.2,Hasselblad H2,FL11,0.0,0.0
shading,camera_rgb_raw,0.2,0.2,Hasselblad H2,FL11,0.0,0.0
shading,camera_rgb_wb,0.2,0.2,Hasselblad H2,FL11,0.0,0.0
shading,spectral_radiance,0.2,0.2,Hasselblad H2,FL11,0.0,0.0
shading,cie_xyz,0.2,0.2,Hasselblad H2,FL11,0.0,0.0
shading,camera_rgb_raw,0.2,0.2,Hasselblad H2,FL11,0.0,0.0
shading,camera_rgb_wb,0.2,0.2,Hasselblad H2,FL11,0.0,0.0
shading,spectral_radiance,0.2,0.2,Hasselblad H2,FL11,3.46944695195e-18,1.20792661407e-16
shading,cie_xyz,0.2,0.2,Hasselblad H2,FL11,2.22044604925e-16,3.64074283703e-16
shading,camera_rgb_raw,0.2,0.2,Hasselblad H2,FL11,1.11022302463e-16,3.42698347046e-16
shading,camera_rgb_wb,0.2,0.2,Hasselblad H2,FL11,1.11022302463e-16,1.58941324973e-16
shading,spectral_radiance,0.2,0.2,Hasselblad H2,FL11,0.0,0.0
shading,cie_xyz,0.2,0.2,Hasselblad H2,FL11,0.0,0.0
shading,camera_rgb_raw,0.2,0.2,Hasselblad H2,FL11,0.0,0.0
shading,camera_rgb_wb,0.2,0.2,Hasselblad H2,FL11,0.0,0.0
shading,spectral_radiance,0.2,0.2,Nikon D3X,FL11,0.0,0.0
shading,cie_xyz,0.2,0.2,Nikon D3X,FL11,0.0,0.0
shading,camera_rgb_raw,0.2,0.2,Nikon D3X,FL11,0.0,0.0
shading,camera_rgb_wb,0.2,0.2,Nikon D3X,FL11,0.0,0.0
shading,spectral_radiance,0.2,0.2,Nikon D3X,FL11,0.0,0.0
shading,cie_xyz,0.2,0.2,Nikon D3X,FL11,0.0,0.0
shading,camera_rgb_raw,0.2,0.2,Nikon D3X,FL11,0.0,0.0
shading,camera_rgb_wb,0.2,0.2,Nikon D3X,FL11,0.0,0.0
shading,spectral_radiance,0.2,0.2,Nikon D3X,FL11,3.46944695195e-18,1.20792661407e-16
shading,cie_xyz,0.2,0.2,Nikon D3X,FL11,2.22044604925e-16,3.64074283703e-16
shading,camera_rgb_raw,0.2,0.2,Nikon D3X,FL11,1.11022302463e-16,3.09799097272e-16
shading,camera_rgb_wb,0.2,0.2,Nikon D3X,FL11,1.66533453694e-16,2.40470490999e-16
shading,spectral_radiance,0.2,0.2,Nikon D3X,FL11,0.0,0.0
shading,cie_xyz,0.2,0.2,Nikon D3X,FL11,0.0,0.0
shading,camera_rgb_raw,0.2,0.2,Nikon D3X,FL11,0.0,0.0
shading,camera_rgb_wb,0.2,0.2,Nikon D3X,FL11,0.0,0.0
shading,spectral_radiance,0.2,0.2,Nikon D200,FL11,0.0,0.0
shading,cie_xyz,0.2,0.2,Nikon D200,FL11,0.0,0.0
shading,camera_rgb_raw,0.2,0.2,Nikon D200,FL11,0.0,0.0
shading,camera_rgb_wb,0.2,0.2,Nikon D200,FL11,0.0,0.0
shading,spectral_radiance,0.2,0.2,Nikon D200,FL11,0.0,0.0
shading,cie_xyz,0.2,0.2,Nikon D200,FL11,0.0,0.0
shading,camera_rgb_raw,0.2,0.2,Nikon D200,FL11,0.0,0.0
shading,camera_rgb_wb,0.2,0.2,Nikon D200,FL11,0.0,0.0
shading,spectral_radiance,0.2,0.2,Nikon D200,FL11,3.46944695195e-18,1.20792661407e-16
shading,cie_xyz,0.2,0.2,Nikon D200,FL11,2.22044604925e-16,3.64074283703e-16
shading,camera_rgb_raw,0.2,0.2,Nikon D200,FL11,5.55111512313e-17,1.7010220616e-16
shading,camera_rgb_wb,0.2,0.2,Nikon D200,FL11,2.22044604925e-16,3.21284540082e-16
shading,spectral_radiance,0.2,0.2,Nikon D200,FL11,0.0,0.0
shading,cie_xyz,0.2,0.2,Nikon D200,FL11,0.0,0.0
shading,camera_rgb_raw,0.2,0.2,Nikon D200,FL11,0.0,0.0
shading,camera_rgb_wb,0.2,0.2,Nikon D200,FL11,0.0,0.0
shading,spectral_radiance,0.2,0.2,Nikon D3,FL11,0.0,0.0
shading,cie_xyz,0.2,0.2,Nikon D3,FL11,0.0,0.0
shading,camera_rgb_raw,0.2,0.2,Nikon D3,FL11,0.0,0.0
shading,camera_rgb_wb,0.2,0.2,Nikon D3,FL11,0.0,0.0
shading,spectral_radiance,0.2,0.2,Nikon D3,FL11,0.0,0.0
shading,cie_xyz,0.2,0.2,Nikon D3,FL11,0.0,0.0
shading,camera_rgb_raw,0.2,0.2,Nikon D3,FL11,0.0,0.0
shading,camera_rgb_wb,0.2,0.2,Nikon D3,FL11,0.0,0.0
shading,spectral_radiance,0.2,0.2,Nikon D3,FL11,3.46944695195e-18,1.20792661407e-16
shading,cie_xyz,0.2,0.2,Nikon D3,FL11,2.22044604925e-16,3.64074283703e-16
shading,camera_rgb_raw,0.2,0.2,Nikon D3,FL11,5.55111512313e-17,1.75990473888e-16
shading,camera_rgb_wb,0.2,0.2,Nikon D3,FL11,1.11022302463e-16,1.61195307304e-16
shading,spectral_radiance,0.2,0.2,Nikon D3,FL11,0.0,0.0
shading,cie_xyz,0.2,0.2,Nikon D3,FL11,0.0,0.0
shading,camera_rgb_raw,0.2,0.2,Nikon D3,FL11,0.0,0.0
shading,camera_rgb_wb,0.2,0.2,Nikon D3,FL11,0.0,0.0
shading,spectral_radiance,0.2,0.2,Nikon D300s,FL11,0.0,0.0
shading,cie_xyz,0.2,0.2,Nikon D300s,FL11,0.0,0.0
shading,camera_rgb_raw,0.2,0.2,Nikon D300s,FL11,0.0,0.0
shading,camera_rgb_wb,0.2,0.2,Nikon D300s,FL11,0.0,0.0
shading,spectral_radiance,0.2,0.2,Nikon D300s,FL11,0.0,0.0
shading,cie_xyz,0.2,0.2,Nikon D300s,FL11,0.0,0.0
shading,camera_rgb_raw,0.2,0.2,Nikon D300s,FL11,0.0,0.0
shading,camera_rgb_wb,0.2,0.2,Nikon D300s,FL11,0.0,0.0
shading,spectral_radiance,0.2,0.2,Nikon D300s,FL11,3.46944695195e-18,1.20792661407e-16
shading,cie_xyz,0.2,0.2,Nikon D300s,FL11,2.22044604925e-16,3.64074283703e-16
shading,camera_rgb_raw,0.2,0.2,Nikon D300s,FL11,1.11022302463e-16,3.03364792037e-16
shading,camera_rgb_wb,0.2,0.2,Nikon D300s,FL11,1.11022302463e-16,1.63121312435e-16
shading,spectral_radiance,0.2,0.2,Nikon D300s,FL11,0.0,0.0
shading,cie_xyz,0.2,0.2,Nikon D300s,FL11,0.0,0.0
shading,camera_rgb_raw,0.2,0.2,Nikon D300s,FL11,0.0,0.0
shading,camera_rgb_wb,0.2,0.2,Nikon D300s,FL11,0.0,0.0
shading,spectral_radiance,0.2,0.2,Nikon D40,FL11,0.0,0.0
shading,cie_xyz,0.2,0.2,Nikon D40,FL11,0.0,0.0
shading,camera_rgb_raw,0.2,0.2,Nikon D40,FL11,0.0,0.0
shading,camera_rgb_wb,0.2,0.2,Nikon D40,FL11,0.0,0.0
shading,spectral_radiance,0.2,0.2,Nikon D40,FL11,0.0,0.0
shading,cie_xyz,0.2,0.2,Nikon D40,FL11,0.0,0.0
shading,camera_rgb_raw,0.2,0.2,Nikon D40,FL11,0.0,0.0
shading,camera_rgb_wb,0.2,0.2,Nikon D40,FL11,0.0,0.0
shading,spectral_radiance,0.2,0.2,Nikon D40,FL11,3.46944695195e-18,1.20792661407e-16
shading,cie_xyz,0.2,0.2,Nikon D40,FL11,2.22044604925e-16,3.64074283703e-16
shading,camera_rgb_raw,0.2,0.2,Nikon D40,FL11,5.55111512313e-17,1.76913682662e-16
shading,camera_rgb_wb,0.2,0.2,Nikon D40,FL11,2.22044604925e-16,3.24093877379e-16
shading,spectral_radiance,0.2,0.2,Nikon D40,FL11,0.0,0.0
shading,cie_xyz,0.2,0.2,Nikon D40,FL11,0.0,0.0
shading,camera_rgb_raw,0.2,0.2,Nikon D40,FL11,0.0,0.0
shading,camera_rgb_wb,0.2,0.2,Nikon D40,FL11,0.0,0.0
shading,spectral_radiance,0.2,0.2,Nikon D50,FL11,0.0,0.0
shading,cie_xyz,0.2,0.2,Nikon D50,FL11,0.0,0.0
shading,camera_rgb_raw,0.2,0.2,Nikon D50,FL11,0.0,0.0
shading,camera_rgb_wb,0.2,0.2,Nikon D50,FL11,0.0,0.0
shading,spectral_radiance,0.2,0.2,Nikon D50,FL11,0.0,0.0
shading,cie_xyz,0.2,0.2,Nikon D50,FL11,0.0,0.0
shading,camera_rgb_raw,0.2,0.2,Nikon D50,FL11,0.0,0.0
shading,camera_rgb_wb,0.2,0.2,Nikon D50,FL11,0.0,0.0
shading,spectral_radiance,0.2,0.2,Nikon D50,FL11,3.46944695195e-18,1.20792661407e-16
shading,cie_xyz,0.2,0.2,Nikon D50,FL11,2.22044604925e-16,3.64074283703e-16
shading,camera_rgb_raw,0.2,0.2,Nikon D50,FL11,0.0,0.0
shading,camera_rgb_wb,0.2,0.2,Nikon D50,FL11,5.55111512313e-17,8.03501192709e-17
shading,spectral_radiance,0.2,0.2,Nikon D50,FL11,0.0,0.0
shading,cie_xyz,0.2,0.2,Nikon D50,FL11,0.0,0.0
shading,camera_rgb_raw,0.2,0.2,Nikon D50,FL11,0.0,0.0
shading,camera_rgb_wb,0.2,0.2,Nikon D50,FL11,0.0,0.0
shading,spectral_radiance,0.2,0.2,Nikon D5100,FL11,0.0,0.0
shading,cie_xyz,0.2,0.2,Nikon D5100,FL11,0.0,0.0
shading,camera_rgb_raw,0.2,0.2,Nikon D5100,FL11,0.0,0.0
shading,camera_rgb_wb,0.2,0.2,Nikon D5100,FL11,0.0,0.0
shading,spectral_radiance,0.2,0.2,Nikon D5100,FL11,0.0,0.0
shading,cie_xyz,0.2,0.2,Nikon D5100,FL11,0.0,0.0
shading,camera_rgb_raw,0.2,0.2,Nikon D5100,FL11,0.0,0.0
shading,camera_rgb_wb,0.2,0.2,Nikon D5100,FL11,0.0,0.0
shading,spectral_radiance,0.2,0.2,Nikon D5100,FL11,3.46944695195e-18,1.20792661407e-16
shading,cie_xyz,0.2,0.2,Nikon D5100,FL11,2.22044604925e-16,3.64074283703e-16
shading,camera_rgb_raw,0.2,0.2,Nikon D5100,FL11,5.55111512313e-17,1.63932132412e-16
shading,camera_rgb_wb,0.2,0.2,Nikon D5100,FL11,1.11022302463e-16,1.63639383802e-16
shading,spectral_radiance,0.2,0.2,Nikon D5100,FL11,0.0,0.0
shading,cie_xyz,0.2,0.2,Nikon D5100,FL11,0.0,0.0
shading,camera_rgb_raw,0.2,0.2,Nikon D5100,FL11,0.0,0.0
shading,camera_rgb_wb,0.2,0.2,Nikon D5100,FL11,0.0,0.0
shading,spectral_radiance,0.2,0.2,Nikon D700,FL11,0.0,0.0
shading,cie_xyz,0.2,0.2,Nikon D700,FL11,0.0,0.0
shading,camera_rgb_raw,0.2,0.2,Nikon D700,FL11,0.0,0.0
shading,camera_rgb_wb,0.2,0.2,Nikon D700,FL11,0.0,0.0
shading,spectral_radiance,0.2,0.2,Nikon D700,FL11,0.0,0.0
shading,cie_xyz,0.2,0.2,Nikon D700,FL11,0.0,0.0
shading,camera_rgb_raw,0.2,0.2,Nikon D700,FL11,0.0,0.0
shading,camera_rgb_wb,0.2,0.2,Nikon D700,FL11,0.0,0.0
shading,spectral_radiance,0.2,0.2,Nikon D700,FL11,3.46944695195e-18,1.20792661407e-16
shading,cie_xyz,0.2,0.2,Nikon D700,FL11,2.22044604925e-16,3.64074283703e-16
shading,camera_rgb_raw,0.2,0.2,Nikon D700,FL11,6.93889390391e-17,2.12033574368e-16
shading,camera_rgb_wb,0.2,0.2,Nikon D700,FL11,1.11022302463e-16,1.61136575954e-16
shading,spectral_radiance,0.2,0.2,Nikon D700,FL11,0.0,0.0
shading,cie_xyz,0.2,0.2,Nikon D700,FL11,0.0,0.0
shading,camera_rgb_raw,0.2,0.2,Nikon D700,FL11,0.0,0.0
shading,camera_rgb_wb,0.2,0.2,Nikon D700,FL11,0.0,0.0
shading,spectral_radiance,0.2,0.2,Nikon D80,FL11,0.0,0.0
shading,cie_xyz,0.2,0.2,Nikon D80,FL11,0.0,0.0
shading,camera_rgb_raw,0.2,0.2,Nikon D80,FL11,0.0,0.0
shading,camera_rgb_wb,0.2,0.2,Nikon D80,FL11,0.0,0.0
shading,spectral_radiance,0.2,0.2,Nikon D80,FL11,0.0,0.0
shading,cie_xyz,0.2,0.2,Nikon D80,FL11,0.0,0.0
shading,camera_rgb_raw,0.2,0.2,Nikon D80,FL11,0.0,0.0
shading,camera_rgb_wb,0.2,0.2,Nikon D80,FL11,0.0,0.0
shading,spectral_radiance,0.2,0.2,Nikon D80,FL11,3.46944695195e-18,1.20792661407e-16
shading,cie_xyz,0.2,0.2,Nikon D80,FL11,2.22044604925e-16,3.64074283703e-16
shading,camera_rgb_raw,0.2,0.2,Nikon D80,FL11,1.38777878078e-17,4.68662236534e-17
shading,camera_rgb_wb,0.2,0.2,Nikon D80,FL11,5.55111512313e-17,8.08175667303e-17
shading,spectral_radiance,0.2,0.2,Nikon D80,FL11,0.0,0.0
shading,cie_xyz,0.2,0.2,Nikon D80,FL11,0.0,0.0
shading,camera_rgb_raw,0.2,0.2,Nikon D80,FL11,0.0,0.0
shading,camera_rgb_wb,0.2,0.2,Nikon D80,FL11,0.0,0.0
shading,spectral_radiance,0.2,0.2,Nikon D90,FL11,0.0,0.0
shading,cie_xyz,0.2,0.2,Nikon D90,FL11,0.0,0.0
shading,camera_rgb_raw,0.2,0.2,Nikon D90,FL11,0.0,0.0
shading,camera_rgb_wb,0.2,0.2,Nikon D90,FL11,0.0,0.0
shading,spectral_radiance,0.2,0.2,Nikon D90,FL11,0.0,0.0
shading,cie_xyz,0.2,0.2,Nikon D90,FL11,0.0,0.0
shading,camera_rgb_raw,0.2,0.2,Nikon D90,FL11,0.0,0.0
shading,camera_rgb_wb,0.2,0.2,Nikon D90,FL11,0.0,0.0
shading,spectral_radiance,0.2,0.2,Nikon D90,FL11,3.46944695195e-18,1.20792661407e-16
shading,cie_xyz,0.2,0.2,Nikon D90,FL11,2.22044604925e-16,3.64074283703e-16
shading,camera_rgb_raw,0.2,0.2,Nikon D90,FL11,1.11022302463e-16,3.48939814099e-16
shading,camera_rgb_wb,0.2,0.2,Nikon D90,FL11,3.33066907388e-16,4.91038037817e-16
shading,spectral_radiance,0.2,0.2,Nikon D90,FL11,0.0,0.0
shading,cie_xyz,0.2,0.2,Nikon D90,FL11,0.0,0.0
shading,camera_rgb_raw,0.2,0.2,Nikon D90,FL11,0.0,0.0
shading,camera_rgb_wb,0.2,0.2,Nikon D90,FL11,0.0,0.0
shading,spectral_radiance,0.2,0.2,Nokia N900,FL11,0.0,0.0
shading,cie_xyz,0.2,0.2,Nokia N900,FL11,0.0,0.0
shading,camera_rgb_raw,0.2,0.2,Nokia N900,FL11,0.0,0.0
shading,camera_rgb_wb,0.2,0.2,Nokia N900,FL11,0.0,0.0
shading,spectral_radiance,0.2,0.2,Nokia N900,FL11,0.0,0.0
shading,cie_xyz,0.2,0.2,Nokia N900,FL11,0.0,0.0
shading,camera_rgb_raw,0.2,0.2,Nokia N900,FL11,0.0,0.0
shading,camera_rgb_wb,0.2,0.2,Nokia N900,FL11,0.0,0.0
shading,spectral_radiance,0.2,0.2,Nokia N900,FL11,3.46944695195e-18,1.20792661407e-16
shading,cie_xyz,0.2,0.2,Nokia N900,FL11,2.22044604925e-16,3.64074283703e-16
shading,camera_rgb_raw,0.2,0.2,Nokia N900,FL11,1.11022302463e-16,2.33659993422e-16
shading,camera_rgb_wb,0.2,0.2,Nokia N900,FL11,1.66533453694e-16,2.41502576833e-16
shading,spectral_radiance,0.2,0.2,Nokia N900,FL11,0.0,0.0
shading,cie_xyz,0.2,0.2,Nokia N900,FL11,0.0,0.0
shading,camera_rgb_raw,0.2,0.2,Nokia N900,FL11,0.0,0.0
shading,camera_rgb_wb,0.2,0.2,Nokia N900,FL11,0.0,0.0
shading,spectral_radiance,0.2,0.2,Olympus E-PL2,FL11,0.0,0.0
shading,cie_xyz,0.2,0.2,Olympus E-PL2,FL11,0.0,0.0
shading,camera_rgb_raw,0.2,0.2,Olympus E-PL2,FL11,0.0,0.0
shading,camera_rgb_wb,0.2,0.2,Olympus E-PL2,FL11,0.0,0.0
shading,spectral_radiance,0.2,0.2,Olympus E-PL2,FL11,0.0,0.0
shading,cie_xyz,0.2,0.2,Olympus E-PL2,FL11,0.0,0.0
shading,camera_rgb_raw,0.2,0.2,Olympus E-PL2,FL11,0.0,0.0
shading,camera_rgb_wb,0.2,0.2,Olympus E-PL2,FL11,0.0,0.0
shading,spectral_radiance,0.2,0.2,Olympus E-PL2,FL11,3.46944695195e-18,1.20792661407e-16
shading,cie_xyz,0.2,0.2,Olympus E-PL2,FL11,2.22044604925e-16,3.64074283703e-16
shading,camera_rgb_raw,0.2,0.2,Olympus E-PL2,FL11,2.22044604925e-16,4.30890988979e-16
shading,camera_rgb_wb,0.2,0.2,Olympus E-PL2,FL11,3.33066907388e-16,4.60603153617e-16
shading,spectral_radiance,0.2,0.2,Olympus E-PL2,FL11,0.0,0.0
shading,cie_xyz,0.2,0.2,Olympus E-PL2,FL11,0.0,0.0
shading,camera_rgb_raw,0.2,0.2,Olympus E-PL2,FL11,0.0,0.0
shading,camera_rgb_wb,0.2,0.2,Olympus E-PL2,FL11,0.0,0.0
shading,spectral_radiance,0.2,0.2,Pentax K-5,FL11,0.0,0.0
shading,cie_xyz,0.2,0.2,Pentax K-5,FL11,0.0,0.0
shading,camera_rgb_raw,0.2,0.2,Pentax K-5,FL11,0.0,0.0
shading,camera_rgb_wb,0.2,0.2,Pentax K-5,FL11,0.0,0.0
shading,spectral_radiance,0.2,0.2,Pentax K-5,FL11,0.0,0.0
shading,cie_xyz,0.2,0.2,Pentax K-5,FL11,0.0,0.0
shading,camera_rgb_raw,0.2,0.2,Pentax K-5,FL11,0.0,0.0
shading,camera_rgb_wb,0.2,0.2,Pentax K-5,FL11,0.0,0.0
shading,spectral_radiance,0.2,0.2,Pentax K-5,FL11,3.46944695195e-18,1.20792661407e-16
shading,cie_xyz,0.2,0.2,Pentax K-5,FL11,2.22044604925e-16,3.64074283703e-16
shading,camera_rgb_raw,0.2,0.2,Pentax K-5,FL11,5.55111512313e-17,1.58210434347e-16
shading,camera_rgb_wb,0.2,0.2,Pentax K-5,FL11,2.22044604925e-16,3.25334451084e-16
shading,spectral_radiance,0.2,0.2,Pentax K-5,FL11,0.0,0.0
shading,cie_xyz,0.2,0.2,Pentax K-5,FL11,0.0,0.0
shading,camera_rgb_raw,0.2,0.2,Pentax K-5,FL11,0.0,0.0
shading,camera_rgb_wb,0.2,0.2,Pentax K-5,FL11,0.0,0.0
shading,spectral_radiance,0.2,0.2,Pentax Q,FL11,0.0,0.0
shading,cie_xyz,0.2,0.2,Pentax Q,FL11,0.0,0.0
shading,camera_rgb_raw,0.2,0.2,Pentax Q,FL11,0.0,0.0
shading,camera_rgb_wb,0.2,0.2,Pentax Q,FL11,0.0,0.0
shading,spectral_radiance,0.2,0.2,Pentax Q,FL11,0.0,0.0
shading,cie_xyz,0.2,0.2,Pentax Q,FL11,0.0,0.0
shading,camera_rgb_raw,0.2,0.2,Pentax Q,FL11,0.0,0.0
shading,camera_rgb_wb,0.2,0.2,Pentax Q,FL11,0.0,0.0
shading,spectral_radiance,0.2,0.2,Pentax Q,FL11,3.46944695195e-18,1.20792661407e-16
shading,cie_xyz,0.2,0.2,Pentax Q,FL11,2.22044604925e-16,3.64074283703e-16
shading,camera_rgb_raw,0.2,0.2,Pentax Q,FL11,1.11022302463e-16,2.26282653504e-16
shading,camera_rgb_wb,0.2,0.2,Pentax Q,FL11,2.22044604925e-16,3.19054462951e-16
shading,spectral_radiance,0.2,0.2,Pentax Q,FL11,0.0,0.0
shading,cie_xyz,0.2,0.2,Pentax Q,FL11,0.0,0.0
shading,camera_rgb_raw,0.2,0.2,Pentax Q,FL11,0.0,0.0
shading,camera_rgb_wb,0.2,0.2,Pentax Q,FL11,0.0,0.0
shading,spectral_radiance,0.2,0.2,Point Grey Grasshopper 50S5C,FL11,0.0,0.0
shading,cie_xyz,0.2,0.2,Point Grey Grasshopper 50S5C,FL11,0.0,0.0
shading,camera_rgb_raw,0.2,0.2,Point Grey Grasshopper 50S5C,FL11,0.0,0.0
shading,camera_rgb_wb,0.2,0.2,Point Grey Grasshopper 50S5C,FL11,0.0,0.0
shading,spectral_radiance,0.2,0.2,Point Grey Grasshopper 50S5C,FL11,0.0,0.0
shading,cie_xyz,0.2,0.2,Point Grey Grasshopper 50S5C,FL11,0.0,0.0
shading,camera_rgb_raw,0.2,0.2,Point Grey Grasshopper 50S5C,FL11,0.0,0.0
shading,camera_rgb_wb,0.2,0.2,Point Grey Grasshopper 50S5C,FL11,0.0,0.0
shading,spectral_radiance,0.2,0.2,Point Grey Grasshopper 50S5C,FL11,3.46944695195e-18,1.20792661407e-16
shading,cie_xyz,0.2,0.2,Point Grey Grasshopper 50S5C,FL11,2.22044604925e-16,3.64074283703e-16
shading,camera_rgb_raw,0.2,0.2,Point Grey Grasshopper 50S5C,FL11,8.32667268469e-17,3.15250642307e-16
shading,camera_rgb_wb,0.2,0.2,Point Grey Grasshopper 50S5C,FL11,1.66533453694e-16,2.237185522e-16
shading,spectral_radiance,0.2,0.2,Point Grey Grasshopper 50S5C,FL11,0.0,0.0
shading,cie_xyz,0.2,0.2,Point Grey Grasshopper 50S5C,FL11,0.0,0.0
shading,camera_rgb_raw,0.2,0.2,Point Grey Grasshopper 50S5C,FL11,0.0,0.0
shading,camera_rgb_wb,0.2,0.2,Point Grey Grasshopper 50S5C,FL11,0.0,0.0
shading,spectral_radiance,0.2,0.2,Point Grey Grasshopper2 14S5C,FL11,0.0,0.0
shading,cie_xyz,0.2,0.2,Point Grey Grasshopper2 14S5C,FL11,0.0,0.0
shading,camera_rgb_raw,0.2,0.2,Point Grey Grasshopper2 14S5C,FL11,0.0,0.0
shading,camera_rgb_wb,0.2,0.2,Point Grey Grasshopper2 14S5C,FL11,0.0,0.0
shading,spectral_radiance,0.2,0.2,Point Grey Grasshopper2 14S5C,FL11,0.0,0.0
shading,cie_xyz,0.2,0.2,Point Grey Grasshopper2 14S5C,FL11,0.0,0.0
shading,camera_rgb_raw,0.2,0.2,Point Grey Grasshopper2 14S5C,FL11,0.0,0.0
shading,camera_rgb_wb,0.2,0.2,Point Grey Grasshopper2 14S5C,FL11,0.0,0.0
shading,spectral_radiance,0.2,0.2,Point Grey Grasshopper2 14S5C,FL11,3.46944695195e-18,1.20792661407e-16
shading,cie_xyz,0.2,0.2,Point Grey Grasshopper2 14S5C,FL11,2.22044604925e-16,3.64074283703e-16
shading,camera_rgb_raw,0.2,0.2,Point Grey Grasshopper2 14S5C,FL11,1.11022302463e-16,3.39889269455e-16
shading,camera_rgb_wb,0.2,0.2,Point Grey Grasshopper2 14S5C,FL11,2.77555756156e-16,3.81991765396e-16
shading,spectral_radiance,0.2,0.2,Point Grey Grasshopper2 14S5C,FL11,0.0,0.0
shading,cie_xyz,0.2,0.2,Point Grey Grasshopper2 14S5C,FL11,0.0,0.0
shading,camera_rgb_raw,0.2,0.2,Point Grey Grasshopper2 14S5C,FL11,0.0,0.0
shading,camera_rgb_wb,0.2,0.2,Point Grey Grasshopper2 14S5C,FL11,0.0,0.0
shading,spectral_radiance,0.2,0.2,Phase One,FL11,0.0,0.0
shading,cie_xyz,0.2,0.2,Phase One,FL11,0.0,0.0
shading,camera_rgb_raw,0.2,0.2,Phase One,FL11,0.0,0.0
shading,camera_rgb_wb,0.2,0.2,Phase One,FL11,0.0,0.0
shading,spectral_radiance,0.2,0.2,Phase One,FL11,0.0,0.0
shading,cie_xyz,0.2,0.2,Phase One,FL11,0.0,0.0
shading,camera_rgb_raw,0.2,0.2,Phase One,FL11,0.0,0.0
shading,camera_rgb_wb,0.2,0.2,Phase One,FL11,0.0,0.0
shading,spectral_radiance,0.2,0.2,Phase One,FL11,3.46944695195e-18,1.20792661407e-16
shading,cie_xyz,0.2,0.2,Phase One,FL11,2.22044604925e-16,3.64074283703e-16
shading,camera_rgb_raw,0.2,0.2,Phase One,FL11,5.55111512313e-17,1.78450571686e-16
shading,camera_rgb_wb,0.2,0.2,Phase One,FL11,1.66533453694e-16,2.60307766898e-16
shading,spectral_radiance,0.2,0.2,Phase One,FL11,0.0,0.0
shading,cie_xyz,0.2,0.2,Phase One,FL11,0.0,0.0
shading,camera_rgb_raw,0.2,0.2,Phase One,FL11,0.0,0.0
shading,camera_rgb_wb,0.2,0.2,Phase One,FL11,0.0,0.0
shading,spectral_radiance,0.2,0.2,SONY NEX-5N,FL11,0.0,0.0
shading,cie_xyz,0.2,0.2,SONY NEX-5N,FL11,0.0,0.0
shading,camera_rgb_raw,0.2,0.2,SONY NEX-5N,FL11,0.0,0.0
shading,camera_rgb_wb,0.2,0.2,SONY NEX-5N,FL11,0.0,0.0
shading,spectral_radiance,0.2,0.2,SONY NEX-5N,FL11,0.0,0.0
shading,cie_xyz,0.2,0.2,SONY NEX-5N,FL11,0.0,0.0
shading,camera_rgb_raw,0.2,0.2,SONY NEX-5N,FL11,0.0,0.0
shading,camera_rgb_wb,0.2,0.2,SONY NEX-5N,FL11,0.0,0.0
shading,spectral_radiance,0.2,0.2,SONY NEX-5N,FL11,3.46944695195e-18,1.20792661407e-16
shading,cie_xyz,0.2,0.2,SONY NEX-5N,FL11,2.22044604925e-16,3.64074283703e-16
shading,camera_rgb_raw,0.2,0.2,SONY NEX-5N,FL11,5.55111512313e-17,1.65565677117e-16
shading,camera_rgb_wb,0.2,0.2,SONY NEX-5N,FL11,1.11022302463e-16,1.65793003562e-16
shading,spectral_radiance,0.2,0.2,SONY NEX-5N,FL11,0.0,0.0
shading,cie_xyz,0.2,0.2,SONY NEX-5N,FL11,0.0,0.0
shading,camera_rgb_raw,0.2,0.2,SONY NEX-5N,FL11,0.0,0.0
shading,camera_rgb_wb,0.2,0.2,SONY NEX-5N,FL11,0.0,0.0
shading,spectral_radiance,0.2,0.5,Canon 1DMarkIII,D65,0.0,0.0
shading,cie_xyz,0.2,0.5,Canon 1DMarkIII,D65,0.0,0.0
shading,camera_rgb_raw,0.2,0.5,Canon 1DMarkIII,D65,0.0,0.0
shading,camera_rgb_wb,0.2,0.5,Canon 1DMarkIII,D65,0.0,0.0
shading,spectral_radiance,0.2,0.5,Canon 1DMarkIII,D65,0.0,0.0
shading,cie_xyz,0.2,0.5,Canon 1DMarkIII,D65,0.0,0.0
shading,camera_rgb_raw,0.2,0.5,Canon 1DMarkIII,D65,0.0,0.0
shading,camera_rgb_wb,0.2,0.5,Canon 1DMarkIII,D65,0.0,0.0
shading,spectral_radiance,0.2,0.5,Canon 1DMarkIII,D65,8.67361737988e-19,1.30909891411e-16
shading,cie_xyz,0.2,0.5,Canon 1DMarkIII,D65,2.77555756156e-16,5.57020080567e-16
shading,camera_rgb_raw,0.2,0.5,Canon 1DMarkIII,D65,5.55111512313e-17,1.48506516833e-16
shading,camera_rgb_wb,0.2,0.5,Canon 1DMarkIII,D65,2.22044604925e-16,3.54929982539e-16
shading,spectral_radiance,0.2,0.5,Canon 1DMarkIII,D65,0.0,0.0
shading,cie_xyz,0.2,0.5,Canon 1DMarkIII,D65,0.0,0.0
shading,camera_rgb_raw,0.2,0.5,Canon 1DMarkIII,D65,0.0,0.0
shading,camera_rgb_wb,0.2,0.5,Canon 1DMarkIII,D65,0.0,0.0
shading,spectral_radiance,0.2,0.5,Canon 20D,D65,0.0,0.0
shading,cie_xyz,0.2,0.5,Canon 20D,D65,0.0,0.0
shading,camera_rgb_raw,0.2,0.5,Canon 20D,D65,0.0,0.0
shading,camera_rgb_wb,0.2,0.5,Canon 20D,D65,0.0,0.0
shading,spectral_radiance,0.2,0.5,Canon 20D,D65,0.0,0.0
shading,cie_xyz,0.2,0.5,Canon 20D,D65,0.0,0.0
shading,camera_rgb_raw,0.2,0.5,Canon 20D,D65,0.0,0.0
shading,camera_rgb_wb,0.2,0.5,Canon 20D,D65,0.0,0.0
shading,spectral_radiance,0.2,0.5,Canon 20D,D65,8.67361737988e-19,1.30909891411e-16
shading,cie_xyz,0.2,0.5,Canon 20D,D65,2.77555756156e-16,5.57020080567e-16
shading,camera_rgb_raw,0.2,0.5,Canon 20D,D65,1.66533453694e-16,4.44762833168e-16
shading,camera_rgb_wb,0.2,0.5,Canon 20D,D65,2.77555756156e-16,4.44103019277e-16
shading,spectral_radiance,0.2,0.5,Canon 20D,D65,0.0,0.0
shading,cie_xyz,0.2,0.5,Canon 20D,D65,0.0,0.0
shading,camera_rgb_raw,0.2,0.5,Canon 20D,D65,0.0,0.0
shading,camera_rgb_wb,0.2,0.5,Canon 20D,D65,0.0,0.0
shading,spectral_radiance,0.2,0.5,Canon 300D,D65,0.0,0.0
shading,cie_xyz,0.2,0.5,Canon 300D,D65,0.0,0.0
shading,camera_rgb_raw,0.2,0.5,Canon 300D,D65,0.0,0.0
shading,camera_rgb_wb,0.2,0.5,Canon 300D,D65,0.0,0.0
shading,spectral_radiance,0.2,0.5,Canon 300D,D65,0.0,0.0
shading,cie_xyz,0.2,0.5,Canon 300D,D65,0.0,0.0
shading,camera_rgb_raw,0.2,0.5,Canon 300D,D65,0.0,0.0
shading,camera_rgb_wb,0.2,0.5,Canon 300D,D65,0.0,0.0
shading,spectral_radiance,0.2,0.5,Canon 300D,D65,8.67361737988e-19,1.30909891411e-16
shading,cie_xyz,0.2,0.5,Canon 300D,D65,2.77555756156e-16,5.57020080567e-16
shading,camera_rgb_raw,0.2,0.5,Canon 300D,D65,5.55111512313e-17,1.43755343076e-16
shading,camera_rgb_wb,0.2,0.5,Canon 300D,D65,1.66533453694e-16,2.62520311497e-16
shading,spectral_radiance,0.2,0.5,Canon 300D,D65,0.0,0.0
shading,cie_xyz,0.2,0.5,Canon 300D,D65,0.0,0.0
shading,camera_rgb_raw,0.2,0.5,Canon 300D,D65,0.0,0.0
shading,camera_rgb_wb,0.2,0.5,Canon 300D,D65,0.0,0.0
shading,spectral_radiance,0.2,0.5,Canon 40D,D65,0.0,0.0
shading,cie_xyz,0.2,0.5,Canon 40D,D65,0.0,0.0
shading,camera_rgb_raw,0.2,0.5,Canon 40D,D65,0.0,0.0
shading,camera_rgb_wb,0.2,0.5,Canon 40D,D65,0.0,0.0
shading,spectral_radiance,0.2,0.5,Canon 40D,D65,0.0,0.0
shading,cie_xyz,0.2,0.5,Canon 40D,D65,0.0,0.0
shading,camera_rgb_raw,0.2,0.5,Canon 40D,D65,0.0,0.0
shading,camera_rgb_wb,0.2,0.5,Canon 40D,D65,0.0,0.0
shading,spectral_radiance,0.2,0.5,Canon 40D,D65,8.67361737988e-19,1.30909891411e-16
shading,cie_xyz,0.2,0.5,Canon 40D,D65,2.77555756156e-16,5.57020080567e-16
shading,camera_rgb_raw,0.2,0.5,Canon 40D,D65,1.11022302463e-16,2.75959491245e-16
shading,camera_rgb_wb,0.2,0.5,Canon 40D,D65,2.22044604925e-16,3.51673936715e-16
shading,spectral_radiance,0.2,0.5,Canon 40D,D65,0.0,0.0
shading,cie_xyz,0.2,0.5,Canon 40D,D65,0.0,0.0
shading,camera_rgb_raw,0.2,0.5,Canon 40D,D65,0.0,0.0
shading,camera_rgb_wb,0.2,0.5,Canon 40D,D65,0.0,0.0
shading,spectral_radiance,0.2,0.5,Canon 500D,D65,0.0,0.0
shading,cie_xyz,0.2,0.5,Canon 500D,D65,0.0,0.0
shading,camera_rgb_raw,0.2,0.5,Canon 500D,D65,0.0,0.0
shading,camera_rgb_wb,0.2,0.5,Canon 500D,D65,0.0,0.0
shading,spectral_radiance,0.2,0.5,Canon 500D,D65,0.0,0.0
shading,cie_xyz,0.2,0.5,Canon 500D,D65,0.0,0.0
shading,camera_rgb_raw,0.2,0.5,Canon 500D,D65,0.0,0.0
shading,camera_rgb_wb,0.2,0.5,Canon 500D,D65,0.0,0.0
shading,spectral_radiance,0.2,0.5,Canon 500D,D65,8.67361737988e-19,1.30909891411e-16
shading,cie_xyz,0.2,0.5,Canon 500D,D65,2.77555756156e-16,5.57020080567e-16
shading,camera_rgb_raw,0.2,0.5,Canon 500D,D65,1.11022302463e-16,2.44408943328e-16
shading,camera_rgb_wb,0.2,0.5,Canon 500D,D65,2.22044604925e-16,3.83745818724e-16
shading,spectral_radiance,0.2,0.5,Canon 500D,D65,0.0,0.0
shading,cie_xyz,0.2,0.5,Canon 500D,D65,0.0,0.0
shading,camera_rgb_raw,0.2,0.5,Canon 500D,D65,0.0,0.0
shading,camera_rgb_wb,0.2,0.5,Canon 500D,D65,0.0,0.0
shading,spectral_radiance,0.2,0.5,Canon 50D,D65,0.0,0.0
shading,cie_xyz,0.2,0.5,Canon 50D,D65,0.0,0.0
shading,camera_rgb_raw,0.2,0.5,Canon 50D,D65,0.0,0.0
shading,camera_rgb_wb,0.2,0.5,Canon 50D,D65,0.0,0.0
shading,spectral_radiance,0.2,0.5,Canon 50D,D65,0.0,0.0
shading,cie_xyz,0.2,0.5,Canon 50D,D65,0.0,0.0
shading,camera_rgb_raw,0.2,0.5,Canon 50D,D65,0.0,0.0
shading,camera_rgb_wb,0.2,0.5,Canon 50D,D65,0.0,0.0
shading,spectral_radiance,0.2,0.5,Canon 50D,D65,8.67361737988e-19,1.30909891411e-16
shading,cie_xyz,0.2,0.5,Canon 50D,D65,2.77555756156e-16,5.57020080567e-16
shading,camera_rgb_raw,0.2,0.5,Canon 50D,D65,5.55111512313e-17,1.22516919454e-16
shading,camera_rgb_wb,0.2,0.5,Canon 50D,D65,1.11022302463e-16,1.8825435523e-16
shading,spectral_radiance,0.2,0.5,Canon 50D,D65,0.0,0.0
shading,cie_xyz,0.2,0.5,Canon 50D,D65,0.0,0.0
shading,camera_rgb_raw,0.2,0.5,Canon 50D,D65,0.0,0.0
shading,camera_rgb_wb,0.2,0.5,Canon 50D,D65,0.0,0.0
shading,spectral_radiance,0.2,0.5,Canon 5DMarkII,D65,0.0,0.0
shading,cie_xyz,0.2,0.5,Canon 5DMarkII,D65,0.0,0.0
shading,camera_rgb_raw,0.2,0.5,Canon 5DMarkII,D65,0.0,0.0
shading,camera_rgb_wb,0.2,0.5,Canon 5DMarkII,D65,0.0,0.0
shading,spectral_radiance,0.2,0.5,Canon 5DMarkII,D65,0.0,0.0
shading,cie_xyz,0.2,0.5,Canon 5DMarkII,D65,0.0,0.0
shading,camera_rgb_raw,0.2,0.5,Canon 5DMarkII,D65,0.0,0.0
shading,camera_rgb_wb,0.2,0.5,Canon 5DMarkII,D65,0.0,0.0
shading,spectral_radiance,0.2,0.5,Canon 5DMarkII,D65,8.67361737988e-19,1.30909891411e-16
shading,cie_xyz,0.2,0.5,Canon 5DMarkII,D65,2.77555756156e-16,5.57020080567e-16
shading,camera_rgb_raw,0.2,0.5,Canon 5DMarkII,D65,5.55111512313e-17,1.40687998657e-16
shading,camera_rgb_wb,0.2,0.5,Canon 5DMarkII,D65,2.22044604925e-16,3.66186877131e-16
shading,spectral_radiance,0.2,0.5,Canon 5DMarkII,D65,0.0,0.0
shading,cie_xyz,0.2,0.5,Canon 5DMarkII,D65,0.0,0.0
shading,camera_rgb_raw,0.2,0.5,Canon 5DMarkII,D65,0.0,0.0
shading,camera_rgb_wb,0.2,0.5,Canon 5DMarkII,D65,0.0,0.0
shading,spectral_radiance,0.2,0.5,Canon 600D,D65,0.0,0.0
shading,cie_xyz,0.2,0.5,Canon 600D,D65,0.0,0.0
shading,camera_rgb_raw,0.2,0.5,Canon 600D,D65,0.0,0.0
shading,camera_rgb_wb,0.2,0.5,Canon 600D,D65,0.0,0.0
shading,spectral_radiance,0.2,0.5,Canon 600D,D65,0.0,0.0
shading,cie_xyz,0.2,0.5,Canon 600D,D65,0.0,0.0
shading,camera_rgb_raw,0.2,0.5,Canon 600D,D65,0.0,0.0
shading,camera_rgb_wb,0.2,0.5,Canon 600D,D65,0.0,0.0
shading,spectral_radiance,0.2,0.5,Canon 600D,D65,8.67361737988e-19,1.30909891411e-16
shading,cie_xyz,0.2,0.5,Canon 600D,D65,2.77555756156e-16,5.57020080567e-16
shading,camera_rgb_raw,0.2,0.5,Canon 600D,D65,5.55111512313e-17,1.30214528997e-16
shading,camera_rgb_wb,0.2,0.5,Canon 600D,D65,1.11022302463e-16,1.80787959391e-16
shading,spectral_radiance,0.2,0.5,Canon 600D,D65,0.0,0.0
shading,cie_xyz,0.2,0.5,Canon 600D,D65,0.0,0.0
shading,camera_rgb_raw,0.2,0.5,Canon 600D,D65,0.0,0.0
shading,camera_rgb_wb,0.2,0.5,Canon 600D,D65,0.0,0.0
shading,spectral_radiance,0.2,0.5,Canon 60D,D65,0.0,0.0
shading,cie_xyz,0.2,0.5,Canon 60D,D65,0.0,0.0
shading,camera_rgb_raw,0.2,0.5,Canon 60D,D65,0.0,0.0
shading,camera_rgb_wb,0.2,0.5,Canon 60D,D65,0.0,0.0
shading,spectral_radiance,0.2,0.5,Canon 60D,D65,0.0,0.0
shading,cie_xyz,0.2,0.5,Canon 60D,D65,0.0,0.0
shading,camera_rgb_raw,0.2,0.5,Canon 60D,D65,0.0,0.0
shading,camera_rgb_wb,0.2,0.5,Canon 60D,D65,0.0,0.0
shading,spectral_radiance,0.2,0.5,Canon 60D,D65,8.67361737988e-19,1.30909891411e-16
shading,cie_xyz,0.2,0.5,Canon 60D,D65,2.77555756156e-16,5.57020080567e-16
shading,camera_rgb_raw,0.2,0.5,Canon 60D,D65,2.77555756156e-17,6.49206445331e-17
shading,camera_rgb_wb,0.2,0.5,Canon 60D,D65,1.11022302463e-16,1.80783750713e-16
shading,spectral_radiance,0.2,0.5,Canon 60D,D65,0.0,0.0
shading,cie_xyz,0.2,0.5,Canon 60D,D65,0.0,0.0
shading,camera_rgb_raw,0.2,0.5,Canon 60D,D65,0.0,0.0
shading,camera_rgb_wb,0.2,0.5,Canon 60D,D65,0.0,0.0
shading,spectral_radiance,0.2,0.5,Hasselblad H2,D65,0.0,0.0
shading,cie_xyz,0.2,0.5,Hasselblad H2,D65,0.0,0.0
shading,camera_rgb_raw,0.2,0.5,Hasselblad H2,D65,0.0,0.0
shading,camera_rgb_wb,0.2,0.5,Hasselblad H2,D65,0.0,0.0
shading,spectral_radiance,0.2,0.5,Hasselblad H2,D65,0.0,0.0
shading,cie_xyz,0.2,0.5,Hasselblad H2,D65,0.0,0.0
shading,camera_rgb_raw,0.2,0.5,Hasselblad H2,D65,0.0,0.0
shading,camera_rgb_wb,0.2,0.5,Hasselblad H2,D65,0.0,0.0
shading,spectral_radiance,0.2,0.5,Hasselblad H2,D65,8.67361737988e-19,1.30909891411e-16
shading,cie_xyz,0.2,0.5,Hasselblad H2,D65,2.77555756156e-16,5.57020080567e-16
shading,camera_rgb_raw,0.2,0.5,Hasselblad H2,D65,1.11022302463e-16,3.25305471798e-16
shading,camera_rgb_wb,0.2,0.5,Hasselblad H2,D65,1.66533453694e-16,2.55421769574e-16
shading,spectral_radiance,0.2,0.5,Hasselblad H2,D65,0.0,0.0
shading,cie_xyz,0.2,0.5,Hasselblad H2,D65,0.0,0.0
shading,camera_rgb_raw,0.2,0.5,Hasselblad H2,D65,0.0,0.0
shading,camera_rgb_wb,0.2,0.5,Hasselblad H2,D65,0.0,0.0
shading,spectral_radiance,0.2,0.5,Nikon D3X,D65,0.0,0.0
shading,cie_xyz,0.2,0.5,Nikon D3X,D65,0.0,0.0
shading,camera_rgb_raw,0.2,0.5,Nikon D3X,D65,0.0,0.0
shading,camera_rgb_wb,0.2,0.5,Nikon D3X,D65,0.0,0.0
shading,spectral_radiance,0.2,0.5,Nikon D3X,D65,0.0,0.0
shading,cie_xyz,0.2,0.5,Nikon D3X,D65,0.0,0.0
shading,camera_rgb_raw,0.2,0.5,Nikon D3X,D65,0.0,0.0
shading,camera_rgb_wb,0.2,0.5,Nikon D3X,D65,0.0,0.0
shading,spectral_radiance,0.2,0.5,Nikon D3X,D65,8.67361737988e-19,1.30909891411e-16
shading,cie_xyz,0.2,0.5,Nikon D3X,D65,2.77555756156e-16,5.57020080567e-16
shading,camera_rgb_raw,0.2,0.5,Nikon D3X,D65,8.32667268469e-17,2.14278686747e-16
shading,camera_rgb_wb,0.2,0.5,Nikon D3X,D65,2.22044604925e-16,3.52893236207e-16
shading,spectral_radiance,0.2,0.5,Nikon D3X,D65,0.0,0.0
shading,cie_xyz,0.2,0.5,Nikon D3X,D65,0.0,0.0
shading,camera_rgb_raw,0.2,0.5,Nikon D3X,D65,0.0,0.0
shading,camera_rgb_wb,0.2,0.5,Nikon D3X,D65,0.0,0.0
shading,spectral_radiance,0.2,0.5,Nikon D200,D65,0.0,0.0
shading,cie_xyz,0.2,0.5,Nikon D200,D65,0.0,0.0
shading,camera_rgb_raw,0.2,0.5,Nikon D200,D65,0.0,0.0
shading,camera_rgb_wb,0.2,0.5,Nikon D200,D65,0.0,0.0
shading,spectral_radiance,0.2,0.5,Nikon D200,D65,0.0,0.0
shading,cie_xyz,0.2,0.5,Nikon D200,D65,0.0,0.0
shading,camera_rgb_raw,0.2,0.5,Nikon D200,D65,0.0,0.0
shading,camera_rgb_wb,0.2,0.5,Nikon D200,D65,0.0,0.0
shading,spectral_radiance,0.2,0.5,Nikon D200,D65,8.67361737988e-19,1.30909891411e-16
shading,cie_xyz,0.2,0.5,Nikon D200,D65,2.77555756156e-16,5.57020080567e-16
shading,camera_rgb_raw,0.2,0.5,Nikon D200,D65,1.11022302463e-16,3.20437972754e-16
shading,camera_rgb_wb,0.2,0.5,Nikon D200,D65,1.66533453694e-16,2.64726962797e-16
shading,spectral_radiance,0.2,0.5,Nikon D200,D65,0.0,0.0
shading,cie_xyz,0.2,0.5,Nikon D200,D65,0.0,0.0
shading,camera_rgb_raw,0.2,0.5,Nikon D200,D65,0.0,0.0
shading,camera_rgb_wb,0.2,0.5,Nikon D200,D65,0.0,0.0
shading,spectral_radiance,0.2,0.5,Nikon D3,D65,0.0,0.0
shading,cie_xyz,0.2,0.5,Nikon D3,D65,0.0,0.0
shading,camera_rgb_raw,0.2,0.5,Nikon D3,D65,0.0,0.0
shading,camera_rgb_wb,0.2,0.5,Nikon D3,D65,0.0,0.0
shading,spectral_radiance,0.2,0.5,Nikon D3,D65,0.0,0.0
shading,cie_xyz,0.2,0.5,Nikon D3,D65,0.0,0.0
shading,camera_rgb_raw,0.2,0.5,Nikon D3,D65,0.0,0.0
shading,camera_rgb_wb,0.2,0.5,Nikon D3,D65,0.0,0.0
shading,spectral_radiance,0.2,0.5,Nikon D3,D65,8.67361737988e-19,1.30909891411e-16
shading,cie_xyz,0.2,0.5,Nikon D3,D65,2.77555756156e-16,5.57020080567e-16
shading,camera_rgb_raw,0.2,0.5,Nikon D3,D65,1.11022302463e-16,3.20106107466e-16
shading,camera_rgb_wb,0.2,0.5,Nikon D3,D65,1.11022302463e-16,1.77712429254e-16
shading,spectral_radiance,0.2,0.5,Nikon D3,D65,0.0,0.0
shading,cie_xyz,0.2,0.5,Nikon D3,D65,0.0,0.0
shading,camera_rgb_raw,0.2,0.5,Nikon D3,D65,0.0,0.0
shading,camera_rgb_wb,0.2,0.5,Nikon D3,D65,0.0,0.0
shading,spectral_radiance,0.2,0.5,Nikon D300s,D65,0.0,0.0
shading,cie_xyz,0.2,0.5,Nikon D300s,D65,0.0,0.0
shading,camera_rgb_raw,0.2,0.5,Nikon D300s,D65,0.0,0.0
shading,camera_rgb_wb,0.2,0.5,Nikon D300s,D65,0.0,0.0
shading,spectral_radiance,0.2,0.5,Nikon D300s,D65,0.0,0.0
shading,cie_xyz,0.2,0.5,Nikon D300s,D65,0.0,0.0
shading,camera_rgb_raw,0.2,0.5,Nikon D300s,D65,0.0,0.0
shading,camera_rgb_wb,0.2,0.5,Nikon D300s,D65,0.0,0.0
shading,spectral_radiance,0.2,0.5,Nikon D300s,D65,8.67361737988e-19,1.30909891411e-16
shading,cie_xyz,0.2,0.5,Nikon D300s,D65,2.77555756156e-16,5.57020080567e-16
shading,camera_rgb_raw,0.2,0.5,Nikon D300s,D65,1.11022302463e-16,3.1725174756e-16
shading,camera_rgb_wb,0.2,0.5,Nikon D300s,D65,2.22044604925e-16,3.63783903815e-16
shading,spectral_radiance,0.2,0.5,Nikon D300s,D65,0.0,0.0
shading,cie_xyz,0.2,0.5,Nikon D300s,D65,0.0,0.0
shading,camera_rgb_raw,0.2,0.5,Nikon D300s,D65,0.0,0.0
shading,camera_rgb_wb,0.2,0.5,Nikon D300s,D65,0.0,0.0
shading,spectral_radiance,0.2,0.5,Nikon D40,D65,0.0,0.0
shading,cie_xyz,0.2,0.5,Nikon D40,D65,0.0,0.0
shading,camera_rgb_raw,0.2,0.5,Nikon D40,D65,0.0,0.0
shading,camera_rgb_wb,0.2,0.5,Nikon D40,D65,0.0,0.0
shading,spectral_radiance,0.2,0.5,Nikon D40,D65,0.0,0.0
shading,cie_xyz,0.2,0.5,Nikon D40,D65,0.0,0.0
shading,camera_rgb_raw,0.2,0.5,Nikon D40,D65,0.0,0.0
shading,camera_rgb_wb,0.2,0.5,Nikon D40,D65,0.0,0.0
shading,spectral_radiance,0.2,0.5,Nikon D40,D65,8.67361737988e-19,1.30909891411e-16
shading,cie_xyz,0.2,0.5,Nikon D40,D65,2.77555756156e-16,5.57020080567e-16
shading,camera_rgb_raw,0.2,0.5,Nikon D40,D65,5.55111512313e-17,1.59024292991e-16
shading,camera_rgb_wb,0.2,0.5,Nikon D40,D65,1.11022302463e-16,1.78295740366e-16
shading,spectral_radiance,0.2,0.5,Nikon D40,D65,0.0,0.0
shading,cie_xyz,0.2,0.5,Nikon D40,D65,0.0,0.0
shading,camera_rgb_raw,0.2,0.5,Nikon D40,D65,0.0,0.0
shading,camera_rgb_wb,0.2,0.5,Nikon D40,D65,0.0,0.0
shading,spectral_radiance,0.2,0.5,Nikon D50,D65,0.0,0.0
shading,cie_xyz,0.2,0.5,Nikon D50,D65,0.0,0.0
shading,camera_rgb_raw,0.2,0.5,Nikon D50,D65,0.0,0.0
shading,camera_rgb_wb,0.2,0.5,Nikon D50,D65,0.0,0.0
shading,spectral_radiance,0.2,0.5,Nikon D50,D65,0.0,0.0
shading,cie_xyz,0.2,0.5,Nikon D50,D65,0.0,0.0
shading,camera_rgb_raw,0.2,0.5,Nikon D50,D65,0.0,0.0
shading,camera_rgb_wb,0.2,0.5,Nikon D50,D65,0.0,0.0
shading,spectral_radiance,0.2,0.5,Nikon D50,D65,8.67361737988e-19,1.30909891411e-16
shading,cie_xyz,0.2,0.5,Nikon D50,D65,2.77555756156e-16,5.57020080567e-16
shading,camera_rgb_raw,0.2,0.5,Nikon D50,D65,5.55111512313e-17,1.59558425773e-16
shading,camera_rgb_wb,0.2,0.5,Nikon D50,D65,1.11022302463e-16,1.7419094523e-16
shading,spectral_radiance,0.2,0.5,Nikon D50,D65,0.0,0.0
shading,cie_xyz,0.2,0.5,Nikon D50,D65,0.0,0.0
shading,camera_rgb_raw,0.2,0.5,Nikon D50,D65,0.0,0.0
shading,camera_rgb_wb,0.2,0.5,Nikon D50,D65,0.0,0.0
shading,spectral_radiance,0.2,0.5,Nikon D5100,D65,0.0,0.0
shading,cie_xyz,0.2,0.5,Nikon D5100,D65,0.0,0.0
shading,camera_rgb_raw,0.2,0.5,Nikon D5100,D65,0.0,0.0
shading,camera_rgb_wb,0.2,0.5,Nikon D5100,D65,0.0,0.0
shading,spectral_radiance,0.2,0.5,Nikon D5100,D65,0.0,0.0
shading,cie_xyz,0.2,0.5,Nikon D5100,D65,0.0,0.0
shading,camera_rgb_raw,0.2,0.5,Nikon D5100,D65,0.0,0.0
shading,camera_rgb_wb,0.2,0.5,Nikon D5100,D65,0.0,0.0
shading,spectral_radiance,0.2,0.5,Nikon D5100,D65,8.67361737988e-19,1.30909891411e-16
shading,cie_xyz,0.2,0.5,Nikon D5100,D65,2.77555756156e-16,5.57020080567e-16
shading,camera_rgb_raw,0.2,0.5,Nikon D5100,D65,1.11022302463e-16,2.90114657423e-16
shading,camera_rgb_wb,0.2,0.5,Nikon D5100,D65,2.22044604925e-16,3.6101273695e-16
shading,spectral_radiance,0.2,0.5,Nikon D5100,D65,0.0,0.0
shading,cie_xyz,0.2,0.5,Nikon D5100,D65,0.0,0.0
shading,camera_rgb_raw,0.2,0.5,Nikon D5100,D65,0.0,0.0
shading,camera_rgb_wb,0.2,0.5,Nikon D5100,D65,0.0,0.0
shading,spectral_radiance,0.2,0.5,Nikon D700,D65,0.0,0.0
shading,cie_xyz,0.2,0.5,Nikon D700,D65,0.0,0.0
shading,camera_rgb_raw,0.2,0.5,Nikon D700,D65,0.0,0.0
shading,camera_rgb_wb,0.2,0.5,Nikon D700,D65,0.0,0.0
shading,spectral_radiance,0.2,0.5,Nikon D700,D65,0.0,0.0
shading,cie_xyz,0.2,0.5,Nikon D700,D65,0.0,0.0
shading,camera_rgb_raw,0.2,0.5,Nikon D700,D65,0.0,0.0
shading,camera_rgb_wb,0.2,0.5,Nikon D700,D65,0.0,0.0
shading,spectral_radiance,0.2,0.5,Nikon D700,D65,8.67361737988e-19,1.30909891411e-16
shading,cie_xyz,0.2,0.5,Nikon D700,D65,2.77555756156e-16,5.57020080567e-16
shading,camera_rgb_raw,0.2,0.5,Nikon D700,D65,8.32667268469e-17,2.34123294109e-16
shading,camera_rgb_wb,0.2,0.5,Nikon D700,D65,1.11022302463e-16,1.77452622569e-16
shading,spectral_radiance,0.2,0.5,Nikon D700,D65,0.0,0.0
shading,cie_xyz,0.2,0.5,Nikon D700,D65,0.0,0.0
shading,camera_rgb_raw,0.2,0.5,Nikon D700,D65,0.0,0.0
shading,camera_rgb_wb,0.2,0.5,Nikon D700,D65,0.0,0.0
shading,spectral_radiance,0.2,0.5,Nikon D80,D65,0.0,0.0
shading,cie_xyz,0.2,0.5,Nikon D80,D65,0.0,0.0
shading,camera_rgb_raw,0.2,0.5,Nikon D80,D65,0.0,0.0
shading,camera_rgb_wb,0.2,0.5,Nikon D80,D65,0.0,0.0
shading,spectral_radiance,0.2,0.5,Nikon D80,D65,0.0,0.0
shading,cie_xyz,0.2,0.5,Nikon D80,D65,0.0,0.0
shading,camera_rgb_raw,0.2,0.5,Nikon D80,D65,0.0,0.0
shading,camera_rgb_wb,0.2,0.5,Nikon D80,D65,0.0,0.0
shading,spectral_radiance,0.2,0.5,Nikon D80,D65,8.67361737988e-19,1.30909891411e-16
shading,cie_xyz,0.2,0.5,Nikon D80,D65,2.77555756156e-16,5.57020080567e-16
shading,camera_rgb_raw,0.2,0.5,Nikon D80,D65,1.11022302463e-16,3.40298565418e-16
shading,camera_rgb_wb,0.2,0.5,Nikon D80,D65,1.11022302463e-16,1.75611425208e-16
shading,spectral_radiance,0.2,0.5,Nikon D80,D65,0.0,0.0
shading,cie_xyz,0.2,0.5,Nikon D80,D65,0.0,0.0
shading,camera_rgb_raw,0.2,0.5,Nikon D80,D65,0.0,0.0
shading,camera_rgb_wb,0.2,0.5,Nikon D80,D65,0.0,0.0
shading,spectral_radiance,0.2,0.5,Nikon D90,D65,0.0,0.0
shading,cie_xyz,0.2,0.5,Nikon D90,D65,0.0,0.0
shading,camera_rgb_raw,0.2,0.5,Nikon D90,D65,0.0,0.0
shading,camera_rgb_wb,0.2,0.5,Nikon D90,D65,0.0,0.0
shading,spectral_radiance,0.2,0.5,Nikon D90,D65,0.0,0.0
shading,cie_xyz,0.2,0.5,Nikon D90,D65,0.0,0.0
shading,camera_rgb_raw,0.2,0.5,Nikon D90,D65,0.0,0.0
shading,camera_rgb_wb,0.2,0.5,Nikon D90,D65,0.0,0.0
shading,spectral_radiance,0.2,0.5,Nikon D90,D65,8.67361737988e-19,1.30909891411e-16
shading,cie_xyz,0.2,0.5,Nikon D90,D65,2.77555756156e-16,5.57020080567e-16
shading,camera_rgb_raw,0.2,0.5,Nikon D90,D65,5.55111512313e-17,1.59736081669e-16
shading,camera_rgb_wb,0.2,0.5,Nikon D90,D65,1.11022302463e-16,1.82430893518e-16
shading,spectral_radiance,0.2,0.5,Nikon D90,D65,0.0,0.0
shading,cie_xyz,0.2,0.5,Nikon D90,D65,0.0,0.0
shading,camera_rgb_raw,0.2,0.5,Nikon D90,D65,0.0,0.0
shading,camera_rgb_wb,0.2,0.5,Nikon D90,D65,0.0,0.0
shading,spectral_radiance,0.2,0.5,Nokia N900,D65,0.0,0.0
shading,cie_xyz,0.2,0.5,Nokia N900,D65,0.0,0.0
shading,camera_rgb_raw,0.2,0.5,Nokia N900,D65,0.0,0.0
shading,camera_rgb_wb,0.2,0.5,Nokia N900,D65,0.0,0.0
shading,spectral_radiance,0.2,0.5,Nokia N900,D65,0.0,0.0
shading,cie_xyz,0.2,0.5,Nokia N900,D65,0.0,0.0
shading,camera_rgb_raw,0.2,0.5,Nokia N900,D65,0.0,0.0
shading,camera_rgb_wb,0.2,0.5,Nokia N900,D65,0.0,0.0
shading,spectral_radiance,0.2,0.5,Nokia N900,D65,8.67361737988e-19,1.30909891411e-16
shading,cie_xyz,0.2,0.5,Nokia N900,D65,2.77555756156e-16,5.57020080567e-16
shading,camera_rgb_raw,0.2,0.5,Nokia N900,D65,1.11022302463e-16,2.69110260178e-16
shading,camera_rgb_wb,0.2,0.5,Nokia N900,D65,1.66533453694e-16,2.54514264312e-16
shading,spectral_radiance,0.2,0.5,Nokia N900,D65,0.0,0.0
shading,cie_xyz,0.2,0.5,Nokia N900,D65,0.0,0.0
shading,camera_rgb_raw,0.2,0.5,Nokia N900,D65,0.0,0.0
shading,camera_rgb_wb,0.2,0.5,Nokia N900,D65,0.0,0.0
shading,spectral_radiance,0.2,0.5,Olympus E-PL2,D65,0.0,0.0
shading,cie_xyz,0.2,0.5,Olympus E-PL2,D65,0.0,0.0
shading,camera_rgb_raw,0.2,0.5,Olympus E-PL2,D65,0.0,0.0
shading,camera_rgb_wb,0.2,0.5,Olympus E-PL2,D65,0.0,0.0
shading,spectral_radiance,0.2,0.5,Olympus E-PL2,D65,0.0,0.0
shading,cie_xyz,0.2,0.5,Olympus E-PL2,D65,0.0,0.0
shading,camera_rgb_raw,0.2,0.5,Olympus E-PL2,D65,0.0,0.0
shading,camera_rgb_wb,0.2,0.5,Olympus E-PL2,D65,0.0,0.0
shading,spectral_radiance,0.2,0.5,Olympus E-PL2,D65,8.67361737988e-19,1.30909891411e-16
shading,cie_xyz,0.2,0.5,Olympus E-PL2,D65,2.77555756156e-16,5.57020080567e-16
shading,camera_rgb_raw,0.2,0.5,Olympus E-PL2,D65,1.11022302463e-16,2.67174441029e-16
shading,camera_rgb_wb,0.2,0.5,Olympus E-PL2,D65,1.11022302463e-16,1.63320218313e-16
shading,spectral_radiance,0.2,0.5,Olympus E-PL2,D65,0.0,0.0
shading,cie_xyz,0.2,0.5,Olympus E-PL2,D65,0.0,0.0
shading,camera_rgb_raw,0.2,0.5,Olympus E-PL2,D65,0.0,0.0
shading,camera_rgb_wb,0.2,0.5,Olympus E-PL2,D65,0.0,0.0
shading,spectral_radiance,0.2,0.5,Pentax K-5,D65,0.0,0.0
shading,cie_xyz,0.2,0.5,Pentax K-5,D65,0.0,0.0
shading,camera_rgb_raw,0.2,0.5,Pentax K-5,D65,0.0,0.0
shading,camera_rgb_wb,0.2,0.5,Pentax K-5,D65,0.0,0.0
shading,spectral_radiance,0.2,0.5,Pentax K-5,D65,0.0,0.0
shading,cie_xyz,0.2,0.5,Pentax K-5,D65,0.0,0.0
shading,camera_rgb_raw,0.2,0.5,Pentax K-5,D65,0.0,0.0
shading,camera_rgb_wb,0.2,0.5,Pentax K-5,D65,0.0,0.0
shading,spectral_radiance,0.2,0.5,Pentax K-5,D65,8.67361737988e-19,1.30909891411e-16
shading,cie_xyz,0.2,0.5,Pentax K-5,D65,2.77555756156e-16,5.57020080567e-16
shading,camera_rgb_raw,0.2,0.5,Pentax K-5,D65,5.55111512313e-17,1.38763867679e-16
shading,camera_rgb_wb,0.2,0.5,Pentax K-5,D65,1.11022302463e-16,1.78414776767e-16
shading,spectral_radiance,0.2,0.5,Pentax K-5,D65,0.0,0.0
shading,cie_xyz,0.2,0.5,Pentax K-5,D65,0.0,0.0
shading,camera_rgb_raw,0.2,0.5,Pentax K-5,D65,0.0,0.0
shading,camera_rgb_wb,0.2,0.5,Pentax K-5,D65,0.0,0.0
shading,spectral_radiance,0.2,0.5,Pentax Q,D65,0.0,0.0
shading,cie_xyz,0.2,0.5,Pentax Q,D65,0.0,0.0
shading,camera_rgb_raw,0.2,0.5,Pentax Q,D65,0.0,0.0
shading,camera_rgb_wb,0.2,0.5,Pentax Q,D65,0.0,0.0
shading,spectral_radiance,0.2,0.5,Pentax Q,D65,0.0,0.0
shading,cie_xyz,0.2,0.5,Pentax Q,D65,0.0,0.0
shading,camera_rgb_raw,0.2,0.5,Pentax Q,D65,0.0,0.0
shading,camera_rgb_wb,0.2,0.5,Pentax Q,D65,0.0,0.0
shading,spectral_radiance,0.2,0.5,Pentax Q,D65,8.67361737988e-19,1.30909891411e-16
shading,cie_xyz,0.2,0.5,Pentax Q,D65,2.77555756156e-16,5.57020080567e-16
shading,camera_rgb_raw,0.2,0.5,Pentax Q,D65,1.11022302463e-16,2.18719743656e-16
shading,camera_rgb_wb,0.2,0.5,Pentax Q,D65,1.66533453694e-16,2.55891178454e-16
shading,spectral_radiance,0.2,0.5,Pentax Q,D65,0.0,0.0
shading,cie_xyz,0.2,0.5,Pentax Q,D65,0.0,0.0
shading,camera_rgb_raw,0.2,0.5,Pentax Q,D65,0.0,0.0
shading,camera_rgb_wb,0.2,0.5,Pentax Q,D65,0.0,0.0
shading,spectral_radiance,0.2,0.5,Point Grey Grasshopper 50S5C,D65,0.0,0.0
shading,cie_xyz,0.2,0.5,Point Grey Grasshopper 50S5C,D65,0.0,0.0
shading,camera_rgb_raw,0.2,0.5,Point Grey Grasshopper 50S5C,D65,0.0,0.0
shading,camera_rgb_wb,0.2,0.5,Point Grey Grasshopper 50S5C,D65,0.0,0.0
shading,spectral_radiance,0.2,0.5,Point Grey Grasshopper 50S5C,D65,0.0,0.0
shading,cie_xyz,0.2,0.5,Point Grey Grasshopper 50S5C,D65,0.0,0.0
shading,camera_rgb_raw,0.2,0.5,Point Grey Grasshopper 50S5C,D65,0.0,0.0
shading,camera_rgb_wb,0.2,0.5,Point Grey Grasshopper 50S5C,D65,0.0,0.0
shading,spectral_radiance,0.2,0.5,Point Grey Grasshopper 50S5C,D65,8.67361737988e-19,1.30909891411e-16
shading,cie_xyz,0.2,0.5,Point Grey Grasshopper 50S5C,D65,2.77555756156e-16,5.57020080567e-16
shading,camera_rgb_raw,0.2,0.5,Point Grey Grasshopper 50S5C,D65,1.11022302463e-16,3.42964785388e-16
shading,camera_rgb_wb,0.2,0.5,Point Grey Grasshopper 50S5C,D65,1.11022302463e-16,1.46376986263e-16
shading,spectral_radiance,0.2,0.5,Point Grey Grasshopper 50S5C,D65,0.0,0.0
shading,cie_xyz,0.2,0.5,Point Grey Grasshopper 50S5C,D65,0.0,0.0
shading,camera_rgb_raw,0.2,0.5,Point Grey Grasshopper 50S5C,D65,0.0,0.0
shading,camera_rgb_wb,0.2,0.5,Point Grey Grasshopper 50S5C,D65,0.0,0.0
shading,spectral_radiance,0.2,0.5,Point Grey Grasshopper2 14S5C,D65,0.0,0.0
shading,cie_xyz,0.2,0.5,Point Grey Grasshopper2 14S5C,D65,0.0,0.0
shading,camera_rgb_raw,0.2,0.5,Point Grey Grasshopper2 14S5C,D65,0.0,0.0
shading,camera_rgb_wb,0.2,0.5,Point Grey Grasshopper2 14S5C,D65,0.0,0.0
shading,spectral_radiance,0.2,0.5,Point Grey Grasshopper2 14S5C,D65,0.0,0.0
shading,cie_xyz,0.2,0.5,Point Grey Grasshopper2 14S5C,D65,0.0,0.0
shading,camera_rgb_raw,0.2,0.5,Point Grey Grasshopper2 14S5C,D65,0.0,0.0
shading,camera_rgb_wb,0.2,0.5,Point Grey Grasshopper2 14S5C,D65,0.0,0.0
shading,spectral_radiance,0.2,0.5,Point Grey Grasshopper2 14S5C,D65,8.67361737988e-19,1.30909891411e-16
shading,cie_xyz,0.2,0.5,Point Grey Grasshopper2 14S5C,D65,2.77555756156e-16,5.57020080567e-16
shading,camera_rgb_raw,0.2,0.5,Point Grey Grasshopper2 14S5C,D65,5.55111512313e-17,1.7200441616e-16
shading,camera_rgb_wb,0.2,0.5,Point Grey Grasshopper2 14S5C,D65,2.22044604925e-16,3.13110038495e-16
shading,spectral_radiance,0.2,0.5,Point Grey Grasshopper2 14S5C,D65,0.0,0.0
shading,cie_xyz,0.2,0.5,Point Grey Grasshopper2 14S5C,D65,0.0,0.0
shading,camera_rgb_raw,0.2,0.5,Point Grey Grasshopper2 14S5C,D65,0.0,0.0
shading,camera_rgb_wb,0.2,0.5,Point Grey Grasshopper2 14S5C,D65,0.0,0.0
shading,spectral_radiance,0.2,0.5,Phase One,D65,0.0,0.0
shading,cie_xyz,0.2,0.5,Phase One,D65,0.0,0.0
shading,camera_rgb_raw,0.2,0.5,Phase One,D65,0.0,0.0
shading,camera_rgb_wb,0.2,0.5,Phase One,D65,0.0,0.0
shading,spectral_radiance,0.2,0.5,Phase One,D65,0.0,0.0
shading,cie_xyz,0.2,0.5,Phase One,D65,0.0,0.0
shading,camera_rgb_raw,0.2,0.5,Phase One,D65,0.0,0.0
shading,camera_rgb_wb,0.2,0.5,Phase One,D65,0.0,0.0
shading,spectral_radiance,0.2,0.5,Phase One,D65,8.67361737988e-19,1.30909891411e-16
shading,cie_xyz,0.2,0.5,Phase One,D65,2.77555756156e-16,5.57020080567e-16
shading,camera_rgb_raw,0.2,0.5,Phase One,D65,5.55111512313e-17,1.7594359909e-16
shading,camera_rgb_wb,0.2,0.5,Phase One,D65,5.55111512313e-17,1.00497326498e-16
shading,spectral_radiance,0.2,0.5,Phase One,D65,0.0,0.0
shading,cie_xyz,0.2,0.5,Phase One,D65,0.0,0.0
shading,camera_rgb_raw,0.2,0.5,Phase One,D65,0.0,0.0
shading,camera_rgb_wb,0.2,0.5,Phase One,D65,0.0,0.0
shading,spectral_radiance,0.2,0.5,SONY NEX-5N,D65,0.0,0.0
shading,cie_xyz,0.2,0.5,SONY NEX-5N,D65,0.0,0.0
shading,camera_rgb_raw,0.2,0.5,SONY NEX-5N,D65,0.0,0.0
shading,camera_rgb_wb,0.2,0.5,SONY NEX-5N,D65,0.0,0.0
shading,spectral_radiance,0.2,0.5,SONY NEX-5N,D65,0.0,0.0
shading,cie_xyz,0.2,0.5,SONY NEX-5N,D65,0.0,0.0
shading,camera_rgb_raw,0.2,0.5,SONY NEX-5N,D65,0.0,0.0
shading,camera_rgb_wb,0.2,0.5,SONY NEX-5N,D65,0.0,0.0
shading,spectral_radiance,0.2,0.5,SONY NEX-5N,D65,8.67361737988e-19,1.30909891411e-16
shading,cie_xyz,0.2,0.5,SONY NEX-5N,D65,2.77555756156e-16,5.57020080567e-16
shading,camera_rgb_raw,0.2,0.5,SONY NEX-5N,D65,2.77555756156e-17,7.27263391935e-17
shading,camera_rgb_wb,0.2,0.5,SONY NEX-5N,D65,1.11022302463e-16,1.87826693399e-16
shading,spectral_radiance,0.2,0.5,SONY NEX-5N,D65,0.0,0.0
shading,cie_xyz,0.2,0.5,SONY NEX-5N,D65,0.0,0.0
shading,camera_rgb_raw,0.2,0.5,SONY NEX-5N,D65,0.0,0.0
shading,camera_rgb_wb,0.2,0.5,SONY NEX-5N,D65,0.0,0.0
shading,spectral_radiance,0.2,0.5,Canon 1DMarkIII,A,0.0,0.0
shading,cie_xyz,0.2,0.5,Canon 1DMarkIII,A,0.0,0.0
shading,camera_rgb_raw,0.2,0.5,Canon 1DMarkIII,A,0.0,0.0
shading,camera_rgb_wb,0.2,0.5,Canon 1DMarkIII,A,0.0,0.0
shading,spectral_radiance,0.2,0.5,Canon 1DMarkIII,A,0.0,0.0
shading,cie_xyz,0.2,0.5,Canon 1DMarkIII,A,0.0,0.0
shading,camera_rgb_raw,0.2,0.5,Canon 1DMarkIII,A,0.0,0.0
shading,camera_rgb_wb,0.2,0.5,Canon 1DMarkIII,A,0.0,0.0
shading,spectral_radiance,0.2,0.5,Canon 1DMarkIII,A,3.46944695195e-18,2.01440665135e-16
shading,cie_xyz,0.2,0.5,Canon 1DMarkIII,A,3.33066907388e-16,4.91434789814e-16
shading,camera_rgb_raw,0.2,0.5,Canon 1DMarkIII,A,1.11022302463e-16,3.21925489095e-16
shading,camera_rgb_wb,0.2,0.5,Canon 1DMarkIII,A,1.11022302463e-16,1.66260617712e-16
shading,spectral_radiance,0.2,0.5,Canon 1DMarkIII,A,0.0,0.0
shading,cie_xyz,0.2,0.5,Canon 1DMarkIII,A,0.0,0.0
shading,camera_rgb_raw,0.2,0.5,Canon 1DMarkIII,A,0.0,0.0
shading,camera_rgb_wb,0.2,0.5,Canon 1DMarkIII,A,0.0,0.0
shading,spectral_radiance,0.2,0.5,Canon 20D,A,0.0,0.0
shading,cie_xyz,0.2,0.5,Canon 20D,A,0.0,0.0
shading,camera_rgb_raw,0.2,0.5,Canon 20D,A,0.0,0.0
shading,camera_rgb_wb,0.2,0.5,Canon 20D,A,0.0,0.0
shading,spectral_radiance,0.2,0.5,Canon 20D,A,0.0,0.0
shading,cie_xyz,0.2,0.5,Canon 20D,A,0.0,0.0
shading,camera_rgb_raw,0.2,0.5,Canon 20D,A,0.0,0.0
shading,camera_rgb_wb,0.2,0.5,Canon 20D,A,0.0,0.0
shading,spectral_radiance,0.2,0.5,Canon 20D,A,3.46944695195e-18,2.01440665135e-16
shading,cie_xyz,0.2,0.5,Canon 20D,A,3.33066907388e-16,4.91434789814e-16
shading,camera_rgb_raw,0.2,0.5,Canon 20D,A,5.55111512313e-17,1.39286214956e-16
shading,camera_rgb_wb,0.2,0.5,Canon 20D,A,5.55111512313e-17,8.25059729892e-17
shading,spectral_radiance,0.2,0.5,Canon 20D,A,0.0,0.0
shading,cie_xyz,0.2,0.5,Canon 20D,A,0.0,0.0
shading,camera_rgb_raw,0.2,0.5,Canon 20D,A,0.0,0.0
shading,camera_rgb_wb,0.2,0.5,Canon 20D,A,0.0,0.0
shading,spectral_radiance,0.2,0.5,Canon 300D,A,0.0,0.0
shading,cie_xyz,0.2,0.5,Canon 300D,A,0.0,0.0
shading,camera_rgb_raw,0.2,0.5,Canon 300D,A,0.0,0.0
shading,camera_rgb_wb,0.2,0.5,Canon 300D,A,0.0,0.0
shading,spectral_radiance,0.2,0.5,Canon 300D,A,0.0,0.0
shading,cie_xyz,0.2,0.5,Canon 300D,A,0.0,0.0
shading,camera_rgb_raw,0.2,0.5,Canon 300D,A,0.0,0.0
shading,camera_rgb_wb,0.2,0.5,Canon 300D,A,0.0,0.0
shading,spectral_radiance,0.2,0.5,Canon 300D,A,3.46944695195e-18,2.01440665135e-16
shading,cie_xyz,0.2,0.5,Canon 300D,A,3.33066907388e-16,4.91434789814e-16
shading,camera_rgb_raw,0.2,0.5,Canon 300D,A,5.55111512313e-17,1.33939071814e-16
shading,camera_rgb_wb,0.2,0.5,Canon 300D,A,1.11022302463e-16,1.65114196219e-16
shading,spectral_radiance,0.2,0.5,Canon 300D,A,0.0,0.0
shading,cie_xyz,0.2,0.5,Canon 300D,A,0.0,0.0
shading,camera_rgb_raw,0.2,0.5,Canon 300D,A,0.0,0.0
shading,camera_rgb_wb,0.2,0.5,Canon 300D,A,0.0,0.0
shading,spectral_radiance,0.2,0.5,Canon 40D,A,0.0,0.0
shading,cie_xyz,0.2,0.5,Canon 40D,A,0.0,0.0
shading,camera_rgb_raw,0.2,0.5,Canon 40D,A,0.0,0.0
shading,camera_rgb_wb,0.2,0.5,Canon 40D,A,0.0,0.0
shading,spectral_radiance,0.2,0.5,Canon 40D,A,0.0,0.0
shading,cie_xyz,0.2,0.5,Canon 40D,A,0.0,0.0
shading,camera_rgb_raw,0.2,0.5,Canon 40D,A,0.0,0.0
shading,camera_rgb_wb,0.2,0.5,Canon 40D,A,0.0,0.0
shading,spectral_radiance,0.2,0.5,Canon 40D,A,3.46944695195e-18,2.01440665135e-16
shading,cie_xyz,0.2,0.5,Canon 40D,A,3.33066907388e-16,4.91434789814e-16
shading,camera_rgb_raw,0.2,0.5,Canon 40D,A,5.55111512313e-17,1.49018359902e-16
shading,camera_rgb_wb,0.2,0.5,Canon 40D,A,2.22044604925e-16,3.27057744705e-16
shading,spectral_radiance,0.2,0.5,Canon 40D,A,0.0,0.0
shading,cie_xyz,0.2,0.5,Canon 40D,A,0.0,0.0
shading,camera_rgb_raw,0.2,0.5,Canon 40D,A,0.0,0.0
shading,camera_rgb_wb,0.2,0.5,Canon 40D,A,0.0,0.0
shading,spectral_radiance,0.2,0.5,Canon 500D,A,0.0,0.0
shading,cie_xyz,0.2,0.5,Canon 500D,A,0.0,0.0
shading,camera_rgb_raw,0.2,0.5,Canon 500D,A,0.0,0.0
shading,camera_rgb_wb,0.2,0.5,Canon 500D,A,0.0,0.0
shading,spectral_radiance,0.2,0.5,Canon 500D,A,0.0,0.0
shading,cie_xyz,0.2,0.5,Canon 500D,A,0.0,0.0
shading,camera_rgb_raw,0.2,0.5,Canon 500D,A,0.0,0.0
shading,camera_rgb_wb,0.2,0.5,Canon 500D,A,0.0,0.0
shading,spectral_radiance,0.2,0.5,Canon 500D,A,3.46944695195e-18,2.01440665135e-16
shading,cie_xyz,0.2,0.5,Canon 500D,A,3.33066907388e-16,4.91434789814e-16
shading,camera_rgb_raw,0.2,0.5,Canon 500D,A,2.77555756156e-17,7.00889582386e-17
shading,camera_rgb_wb,0.2,0.5,Canon 500D,A,1.11022302463e-16,1.74196470936e-16
shading,spectral_radiance,0.2,0.5,Canon 500D,A,0.0,0.0
shading,cie_xyz,0.2,0.5,Canon 500D,A,0.0,0.0
shading,camera_rgb_raw,0.2,0.5,Canon 500D,A,0.0,0.0
shading,camera_rgb_wb,0.2,0.5,Canon 500D,A,0.0,0.0
shading,spectral_radiance,0.2,0.5,Canon 50D,A,0.0,0.0
shading,cie_xyz,0.2,0.5,Canon 50D,A,0.0,0.0
shading,camera_rgb_raw,0.2,0.5,Canon 50D,A,0.0,0.0
shading,camera_rgb_wb,0.2,0.5,Canon 50D,A,0.0,0.0
shading,spectral_radiance,0.2,0.5,Canon 50D,A,0.0,0.0
shading,cie_xyz,0.2,0.5,Canon 50D,A,0.0,0.0
shading,camera_rgb_raw,0.2,0.5,Canon 50D,A,0.0,0.0
shading,camera_rgb_wb,0.2,0.5,Canon 50D,A,0.0,0.0
shading,spectral_radiance,0.2,0.5,Canon 50D,A,3.46944695195e-18,2.01440665135e-16
shading,cie_xyz,0.2,0.5,Canon 50D,A,3.33066907388e-16,4.91434789814e-16
shading,camera_rgb_raw,0.2,0.5,Canon 50D,A,1.11022302463e-16,2.82708511804e-16
shading,camera_rgb_wb,0.2,0.5,Canon 50D,A,1.11022302463e-16,1.71578081053e-16
shading,spectral_radiance,0.2,0.5,Canon 50D,A,0.0,0.0
shading,cie_xyz,0.2,0.5,Canon 50D,A,0.0,0.0
shading,camera_rgb_raw,0.2,0.5,Canon 50D,A,0.0,0.0
shading,camera_rgb_wb,0.2,0.5,Canon 50D,A,0.0,0.0
shading,spectral_radiance,0.2,0.5,Canon 5DMarkII,A,0.0,0.0
shading,cie_xyz,0.2,0.5,Canon 5DMarkII,A,0.0,0.0
shading,camera_rgb_raw,0.2,0.5,Canon 5DMarkII,A,0.0,0.0
shading,camera_rgb_wb,0.2,0.5,Canon 5DMarkII,A,0.0,0.0
shading,spectral_radiance,0.2,0.5,Canon 5DMarkII,A,0.0,0.0
shading,cie_xyz,0.2,0.5,Canon 5DMarkII,A,0.0,0.0
shading,camera_rgb_raw,0.2,0.5,Canon 5DMarkII,A,0.0,0.0
shading,camera_rgb_wb,0.2,0.5,Canon 5DMarkII,A,0.0,0.0
shading,spectral_radiance,0.2,0.5,Canon 5DMarkII,A,3.46944695195e-18,2.01440665135e-16
shading,cie_xyz,0.2,0.5,Canon 5DMarkII,A,3.33066907388e-16,4.91434789814e-16
shading,camera_rgb_raw,0.2,0.5,Canon 5DMarkII,A,1.11022302463e-16,2.90747228967e-16
shading,camera_rgb_wb,0.2,0.5,Canon 5DMarkII,A,1.11022302463e-16,1.6901514391e-16
shading,spectral_radiance,0.2,0.5,Canon 5DMarkII,A,0.0,0.0
shading,cie_xyz,0.2,0.5,Canon 5DMarkII,A,0.0,0.0
shading,camera_rgb_raw,0.2,0.5,Canon 5DMarkII,A,0.0,0.0
shading,camera_rgb_wb,0.2,0.5,Canon 5DMarkII,A,0.0,0.0
shading,spectral_radiance,0.2,0.5,Canon 600D,A,0.0,0.0
shading,cie_xyz,0.2,0.5,Canon 600D,A,0.0,0.0
shading,camera_rgb_raw,0.2,0.5,Canon 600D,A,0.0,0.0
shading,camera_rgb_wb,0.2,0.5,Canon 600D,A,0.0,0.0
shading,spectral_radiance,0.2,0.5,Canon 600D,A,0.0,0.0
shading,cie_xyz,0.2,0.5,Canon 600D,A,0.0,0.0
shading,camera_rgb_raw,0.2,0.5,Canon 600D,A,0.0,0.0
shading,camera_rgb_wb,0.2,0.5,Canon 600D,A,0.0,0.0
shading,spectral_radiance,0.2,0.5,Canon 600D,A,3.46944695195e-18,2.01440665135e-16
shading,cie_xyz,0.2,0.5,Canon 600D,A,3.33066907388e-16,4.91434789814e-16
shading,camera_rgb_raw,0.2,0.5,Canon 600D,A,5.55111512313e-17,1.5004262548e-16
shading,camera_rgb_wb,0.2,0.5,Canon 600D,A,1.66533453694e-16,2.50841054788e-16
shading,spectral_radiance,0.2,0.5,Canon 600D,A,0.0,0.0
shading,cie_xyz,0.2,0.5,Canon 600D,A,0.0,0.0
shading,camera_rgb_raw,0.2,0.5,Canon 600D,A,0.0,0.0
shading,camera_rgb_wb,0.2,0.5,Canon 600D,A,0.0,0.0
shading,spectral_radiance,0.2,0.5,Canon 60D,A,0.0,0.0
shading,cie_xyz,0.2,0.5,Canon 60D,A,0.0,0.0
shading,camera_rgb_raw,0.2,0.5,Canon 60D,A,0.0,0.0
shading,camera_rgb_wb,0.2,0.5,Canon 60D,A,0.0,0.0
shading,spectral_radiance,0.2,0.5,Canon 60D,A,0.0,0.0
shading,cie_xyz,0.2,0.5,Canon 60D,A,0.0,0.0
shading,camera_rgb_raw,0.2,0.5,Canon 60D,A,0.0,0.0
shading,camera_rgb_wb,0.2,0.5,Canon 60D,A,0.0,0.0
shading,spectral_radiance,0.2,0.5,Canon 60D,A,3.46944695195e-18,2.01440665135e-16
shading,cie_xyz,0.2,0.5,Canon 60D,A,3.33066907388e-16,4.91434789814e-16
shading,camera_rgb_raw,0.2,0.5,Canon 60D,A,1.11022302463e-16,2.97017140032e-16
shading,camera_rgb_wb,0.2,0.5,Canon 60D,A,2.77555756156e-16,4.18114216453e-16
shading,spectral_radiance,0.2,0.5,Canon 60D,A,0.0,0.0
shading,cie_xyz,0.2,0.5,Canon 60D,A,0.0,0.0
shading,camera_rgb_raw,0.2,0.5,Canon 60D,A,0.0,0.0
shading,camera_rgb_wb,0.2,0.5,Canon 60D,A,0.0,0.0
shading,spectral_radiance,0.2,0.5,Hasselblad H2,A,0.0,0.0
shading,cie_xyz,0.2,0.5,Hasselblad H2,A,0.0,0.0
shading,camera_rgb_raw,0.2,0.5,Hasselblad H2,A,0.0,0.0
shading,camera_rgb_wb,0.2,0.5,Hasselblad H2,A,0.0,0.0
shading,spectral_radiance,0.2,0.5,Hasselblad H2,A,0.0,0.0
shading,cie_xyz,0.2,0.5,Hasselblad H2,A,0.0,0.0
shading,camera_rgb_raw,0.2,0.5,Hasselblad H2,A,0.0,0.0
shading,camera_rgb_wb,0.2,0.5,Hasselblad H2,A,0.0,0.0
shading,spectral_radiance,0.2,0.5,Hasselblad H2,A,3.46944695195e-18,2.01440665135e-16
shading,cie_xyz,0.2,0.5,Hasselblad H2,A,3.33066907388e-16,4.91434789814e-16
shading,camera_rgb_raw,0.2,0.5,Hasselblad H2,A,1.11022302463e-16,3.85237144847e-16
shading,camera_rgb_wb,0.2,0.5,Hasselblad H2,A,2.22044604925e-16,3.1414330125e-16
shading,spectral_radiance,0.2,0.5,Hasselblad H2,A,0.0,0.0
shading,cie_xyz,0.2,0.5,Hasselblad H2,A,0.0,0.0
shading,camera_rgb_raw,0.2,0.5,Hasselblad H2,A,0.0,0.0
shading,camera_rgb_wb,0.2,0.5,Hasselblad H2,A,0.0,0.0
shading,spectral_radiance,0.2,0.5,Nikon D3X,A,0.0,0.0
shading,cie_xyz,0.2,0.5,Nikon D3X,A,0.0,0.0
shading,camera_rgb_raw,0.2,0.5,Nikon D3X,A,0.0,0.0
shading,camera_rgb_wb,0.2,0.5,Nikon D3X,A,0.0,0.0
shading,spectral_radiance,0.2,0.5,Nikon D3X,A,0.0,0.0
shading,cie_xyz,0.2,0.5,Nikon D3X,A,0.0,0.0
shading,camera_rgb_raw,0.2,0.5,Nikon D3X,A,0.0,0.0
shading,camera_rgb_wb,0.2,0.5,Nikon D3X,A,0.0,0.0
shading,spectral_radiance,0.2,0.5,Nikon D3X,A,3.46944695195e-18,2.01440665135e-16
shading,cie_xyz,0.2,0.5,Nikon D3X,A,3.33066907388e-16,4.91434789814e-16
shading,camera_rgb_raw,0.2,0.5,Nikon D3X,A,1.11022302463e-16,3.06491473244e-16
shading,camera_rgb_wb,0.2,0.5,Nikon D3X,A,1.11022302463e-16,1.63143894143e-16
shading,spectral_radiance,0.2,0.5,Nikon D3X,A,0.0,0.0
shading,cie_xyz,0.2,0.5,Nikon D3X,A,0.0,0.0
shading,camera_rgb_raw,0.2,0.5,Nikon D3X,A,0.0,0.0
shading,camera_rgb_wb,0.2,0.5,Nikon D3X,A,0.0,0.0
shading,spectral_radiance,0.2,0.5,Nikon D200,A,0.0,0.0
shading,cie_xyz,0.2,0.5,Nikon D200,A,0.0,0.0
shading,camera_rgb_raw,0.2,0.5,Nikon D200,A,0.0,0.0
shading,camera_rgb_wb,0.2,0.5,Nikon D200,A,0.0,0.0
shading,spectral_radiance,0.2,0.5,Nikon D200,A,0.0,0.0
shading,cie_xyz,0.2,0.5,Nikon D200,A,0.0,0.0
shading,camera_rgb_raw,0.2,0.5,Nikon D200,A,0.0,0.0
shading,camera_rgb_wb,0.2,0.5,Nikon D200,A,0.0,0.0
shading,spectral_radiance,0.2,0.5,Nikon D200,A,3.46944695195e-18,2.01440665135e-16
shading,cie_xyz,0.2,0.5,Nikon D200,A,3.33066907388e-16,4.91434789814e-16
shading,camera_rgb_raw,0.2,0.5,Nikon D200,A,1.11022302463e-16,2.72489224597e-16
shading,camera_rgb_wb,0.2,0.5,Nikon D200,A,2.22044604925e-16,3.2577941785e-16
shading,spectral_radiance,0.2,0.5,Nikon D200,A,0.0,0.0
shading,cie_xyz,0.2,0.5,Nikon D200,A,0.0,0.0
shading,camera_rgb_raw,0.2,0.5,Nikon D200,A,0.0,0.0
shading,camera_rgb_wb,0.2,0.5,Nikon D200,A,0.0,0.0
shading,spectral_radiance,0.2,0.5,Nikon D3,A,0.0,0.0
shading,cie_xyz,0.2,0.5,Nikon D3,A,0.0,0.0
shading,camera_rgb_raw,0.2,0.5,Nikon D3,A,0.0,0.0
shading,camera_rgb_wb,0.2,0.5,Nikon D3,A,0.0,0.0
shading,spectral_radiance,0.2,0.5,Nikon D3,A,0.0,0.0
shading,cie_xyz,0.2,0.5,Nikon D3,A,0.0,0.0
shading,camera_rgb_raw,0.2,0.5,Nikon D3,A,0.0,0.0
shading,camera_rgb_wb,0.2,0.5,Nikon D3,A,0.0,0.0
shading,spectral_radiance,0.2,0.5,Nikon D3,A,3.46944695195e-18,2.01440665135e-16
shading,cie_xyz,0.2,0.5,Nikon D3,A,3.33066907388e-16,4.91434789814e-16
shading,camera_rgb_raw,0.2,0.5,Nikon D3,A,5.55111512313e-17,1.44456156633e-16
shading,camera_rgb_wb,0.2,0.5,Nikon D3,A,1.66533453694e-16,2.45432409901e-16
shading,spectral_radiance,0.2,0.5,Nikon D3,A,0.0,0.0
shading,cie_xyz,0.2,0.5,Nikon D3,A,0.0,0.0
shading,camera_rgb_raw,0.2,0.5,Nikon D3,A,0.0,0.0
shading,camera_rgb_wb,0.2,0.5,Nikon D3,A,0.0,0.0
shading,spectral_radiance,0.2,0.5,Nikon D300s,A,0.0,0.0
shading,cie_xyz,0.2,0.5,Nikon D300s,A,0.0,0.0
shading,camera_rgb_raw,0.2,0.5,Nikon D300s,A,0.0,0.0
shading,camera_rgb_wb,0.2,0.5,Nikon D300s,A,0.0,0.0
shading,spectral_radiance,0.2,0.5,Nikon D300s,A,0.0,0.0
shading,cie_xyz,0.2,0.5,Nikon D300s,A,0.0,0.0
shading,camera_rgb_raw,0.2,0.5,Nikon D300s,A,0.0,0.0
shading,camera_rgb_wb,0.2,0.5,Nikon D300s,A,0.0,0.0
shading,spectral_radiance,0.2,0.5,Nikon D300s,A,3.46944695195e-18,2.01440665135e-16
shading,cie_xyz,0.2,0.5,Nikon D300s,A,3.33066907388e-16,4.91434789814e-16
shading,camera_rgb_raw,0.2,0.5,Nikon D300s,A,1.11022302463e-16,2.47435679813e-16
shading,camera_rgb_wb,0.2,0.5,Nikon D300s,A,2.22044604925e-16,3.31319877145e-16
shading,spectral_radiance,0.2,0.5,Nikon D300s,A,0.0,0.0
shading,cie_xyz,0.2,0.5,Nikon D300s,A,0.0,0.0
shading,camera_rgb_raw,0.2,0.5,Nikon D300s,A,0.0,0.0
shading,camera_rgb_wb,0.2,0.5,Nikon D300s,A,0.0,0.0
shading,spectral_radiance,0.2,0.5,Nikon D40,A,0.0,0.0
shading,cie_xyz,0.2,0.5,Nikon D40,A,0.0,0.0
shading,camera_rgb_raw,0.2,0.5,Nikon D40,A,0.0,0.0
shading,camera_rgb_wb,0.2,0.5,Nikon D40,A,0.0,0.0
shading,spectral_radiance,0.2,0.5,Nikon D40,A,0.0,0.0
shading,cie_xyz,0.2,0.5,Nikon D40,A,0.0,0.0
shading,camera_rgb_raw,0.2,0.5,Nikon D40,A,0.0,0.0
shading,camera_rgb_wb,0.2,0.5,Nikon D40,A,0.0,0.0
shading,spectral_radiance,0.2,0.5,Nikon D40,A,3.46944695195e-18,2.01440665135e-16
shading,cie_xyz,0.2,0.5,Nikon D40,A,3.33066907388e-16,4.91434789814e-16
shading,camera_rgb_raw,0.2,0.5,Nikon D40,A,5.55111512313e-17,1.65684324811e-16
shading,camera_rgb_wb,0.2,0.5,Nikon D40,A,1.11022302463e-16,1.65086813368e-16
shading,spectral_radiance,0.2,0.5,Nikon D40,A,0.0,0.0
shading,cie_xyz,0.2,0.5,Nikon D40,A,0.0,0.0
shading,camera_rgb_raw,0.2,0.5,Nikon D40,A,0.0,0.0
shading,camera_rgb_wb,0.2,0.5,Nikon D40,A,0.0,0.0
shading,spectral_radiance,0.2,0.5,Nikon D50,A,0.0,0.0
shading,cie_xyz,0.2,0.5,Nikon D50,A,0.0,0.0
shading,camera_rgb_raw,0.2,0.5,Nikon D50,A,0.0,0.0
shading,camera_rgb_wb,0.2,0.5,Nikon D50,A,0.0,0.0
shading,spectral_radiance,0.2,0.5,Nikon D50,A,0.0,0.0
shading,cie_xyz,0.2,0.5,Nikon D50,A,0.0,0.0
shading,camera_rgb_raw,0.2,0.5,Nikon D50,A,0.0,0.0
shading,camera_rgb_wb,0.2,0.5,Nikon D50,A,0.0,0.0
shading,spectral_radiance,0.2,0.5,Nikon D50,A,3.46944695195e-18,2.01440665135e-16
shading,cie_xyz,0.2,0.5,Nikon D50,A,3.33066907388e-16,4.91434789814e-16
shading,camera_rgb_raw,0.2,0.5,Nikon D50,A,5.55111512313e-17,1.62368645865e-16
shading,camera_rgb_wb,0.2,0.5,Nikon D50,A,1.11022302463e-16,1.61447176893e-16
shading,spectral_radiance,0.2,0.5,Nikon D50,A,0.0,0.0
shading,cie_xyz,0.2,0.5,Nikon D50,A,0.0,0.0
shading,camera_rgb_raw,0.2,0.5,Nikon D50,A,0.0,0.0
shading,camera_rgb_wb,0.2,0.5,Nikon D50,A,0.0,0.0
shading,spectral_radiance,0.2,0.5,Nikon D5100,A,0.0,0.0
shading,cie_xyz,0.2,0.5,Nikon D5100,A,0.0,0.0
shading,camera_rgb_raw,0.2,0.5,Nikon D5100,A,0.0,0.0
shading,camera_rgb_wb,0.2,0.5,Nikon D5100,A,0.0,0.0
shading,spectral_radiance,0.2,0.5,Nikon D5100,A,0.0,0.0
shading,cie_xyz,0.2,0.5,Nikon D5100,A,0.0,0.0
shading,camera_rgb_raw,0.2,0.5,Nikon D5100,A,0.0,0.0
shading,camera_rgb_wb,0.2,0.5,Nikon D5100,A,0.0,0.0
shading,spectral_radiance,0.2,0.5,Nikon D5100,A,3.46944695195e-18,2.01440665135e-16
shading,cie_xyz,0.2,0.5,Nikon D5100,A,3.33066907388e-16,4.91434789814e-16
shading,camera_rgb_raw,0.2,0.5,Nikon D5100,A,1.11022302463e-16,2.929822336e-16
shading,camera_rgb_wb,0.2,0.5,Nikon D5100,A,1.11022302463e-16,1.65569630769e-16
shading,spectral_radiance,0.2,0.5,Nikon D5100,A,0.0,0.0
shading,cie_xyz,0.2,0.5,Nikon D5100,A,0.0,0.0
shading,camera_rgb_raw,0.2,0.5,Nikon D5100,A,0.0,0.0
shading,camera_rgb_wb,0.2,0.5,Nikon D5100,A,0.0,0.0
shading,spectral_radiance,0.2,0.5,Nikon D700,A,0.0,0.0
shading,cie_xyz,0.2,0.5,Nikon D700,A,0.0,0.0
shading,camera_rgb_raw,0.2,0.5,Nikon D700,A,0.0,0.0
shading,camera_rgb_wb,0.2,0.5,Nikon D700,A,0.0,0.0
shading,spectral_radiance,0.2,0.5,Nikon D700,A,0.0,0.0
shading,cie_xyz,0.2,0.5,Nikon D700,A,0.0,0.0
shading,camera_rgb_raw,0.2,0.5,Nikon D700,A,0.0,0.0
shading,camera_rgb_wb,0.2,0.5,Nikon D700,A,0.0,0.0
shading,spectral_radiance,0.2,0.5,Nikon D700,A,3.46944695195e-18,2.01440665135e-16
shading,cie_xyz,0.2,0.5,Nikon D700,A,3.33066907388e-16,4.91434789814e-16
shading,camera_rgb_raw,0.2,0.5,Nikon D700,A,5.55111512313e-17,1.36967709732e-16
shading,camera_rgb_wb,0.2,0.5,Nikon D700,A,1.11022302463e-16,1.63220409782e-16
shading,spectral_radiance,0.2,0.5,Nikon D700,A,0.0,0.0
shading,cie_xyz,0.2,0.5,Nikon D700,A,0.0,0.0
shading,camera_rgb_raw,0.2,0.5,Nikon D700,A,0.0,0.0
shading,camera_rgb_wb,0.2,0.5,Nikon D700,A,0.0,0.0
shading,spectral_radiance,0.2,0.5,Nikon D80,A,0.0,0.0
shading,cie_xyz,0.2,0.5,Nikon D80,A,0.0,0.0
shading,camera_rgb_raw,0.2,0.5,Nikon D80,A,0.0,0.0
shading,camera_rgb_wb,0.2,0.5,Nikon D80,A,0.0,0.0
shading,spectral_radiance,0.2,0.5,Nikon D80,A,0.0,0.0
shading,cie_xyz,0.2,0.5,Nikon D80,A,0.0,0.0
shading,camera_rgb_raw,0.2,0.5,Nikon D80,A,0.0,0.0
shading,camera_rgb_wb,0.2,0.5,Nikon D80,A,0.0,0.0
shading,spectral_radiance,0.2,0.5,Nikon D80,A,3.46944695195e-18,2.01440665135e-16
shading,cie_xyz,0.2,0.5,Nikon D80,A,3.33066907388e-16,4.91434789814e-16
shading,camera_rgb_raw,0.2,0.5,Nikon D80,A,5.55111512313e-17,1.52045237481e-16
shading,camera_rgb_wb,0.2,0.5,Nikon D80,A,1.11022302463e-16,1.63442149187e-16
shading,spectral_radiance,0.2,0.5,Nikon D80,A,0.0,0.0
shading,cie_xyz,0.2,0.5,Nikon D80,A,0.0,0.0
shading,camera_rgb_raw,0.2,0.5,Nikon D80,A,0.0,0.0
shading,camera_rgb_wb,0.2,0.5,Nikon D80,A,0.0,0.0
shading,spectral_radiance,0.2,0.5,Nikon D90,A,0.0,0.0
shading,cie_xyz,0.2,0.5,Nikon D90,A,0.0,0.0
shading,camera_rgb_raw,0.2,0.5,Nikon D90,A,0.0,0.0
shading,camera_rgb_wb,0.2,0.5,Nikon D90,A,0.0,0.0
shading,spectral_radiance,0.2,0.5,Nikon D90,A,0.0,0.0
shading,cie_xyz,0.2,0.5,Nikon D90,A,0.0,0.0
shading,camera_rgb_raw,0.2,0.5,Nikon D90,A,0.0,0.0
shading,camera_rgb_wb,0.2,0.5,Nikon D90,A,0.0,0.0
shading,spectral_radiance,0.2,0.5,Nikon D90,A,3.46944695195e-18,2.01440665135e-16
shading,cie_xyz,0.2,0.5,Nikon D90,A,3.33066907388e-16,4.91434789814e-16
shading,camera_rgb_raw,0.2,0.5,Nikon D90,A,5.55111512313e-17,1.5193693659e-16
shading,camera_rgb_wb,0.2,0.5,Nikon D90,A,2.22044604925e-16,3.29885478228e-16
shading,spectral_radiance,0.2,0.5,Nikon D90,A,0.0,0.0
shading,cie_xyz,0.2,0.5,Nikon D90,A,0.0,0.0
shading,camera_rgb_raw,0.2,0.5,Nikon D90,A,0.0,0.0
shading,camera_rgb_wb,0.2,0.5,Nikon D90,A,0.0,0.0
shading,spectral_radiance,0.2,0.5,Nokia N900,A,0.0,0.0
shading,cie_xyz,0.2,0.5,Nokia N900,A,0.0,0.0
shading,camera_rgb_raw,0.2,0.5,Nokia N900,A,0.0,0.0
shading,camera_rgb_wb,0.2,0.5,Nokia N900,A,0.0,0.0
shading,spectral_radiance,0.2,0.5,Nokia N900,A,0.0,0.0
shading,cie_xyz,0.2,0.5,Nokia N900,A,0.0,0.0
shading,camera_rgb_raw,0.2,0.5,Nokia N900,A,0.0,0.0
shading,camera_rgb_wb,0.2,0.5,Nokia N900,A,0.0,0.0
shading,spectral_radiance,0.2,0.5,Nokia N900,A,3.46944695195e-18,2.01440665135e-16
shading,cie_xyz,0.2,0.5,Nokia N900,A,3.33066907388e-16,4.91434789814e-16
shading,camera_rgb_raw,0.2,0.5,Nokia N900,A,2.22044604925e-16,3.50284630808e-16
shading,camera_rgb_wb,0.2,0.5,Nokia N900,A,2.22044604925e-16,3.19923056715e-16
shading,spectral_radiance,0.2,0.5,Nokia N900,A,0.0,0.0
shading,cie_xyz,0.2,0.5,Nokia N900,A,0.0,0.0
shading,camera_rgb_raw,0.2,0.5,Nokia N900,A,0.0,0.0
shading,camera_rgb_wb,0.2,0.5,Nokia N900,A,0.0,0.0
shading,spectral_radiance,0.2,0.5,Olympus E-PL2,A,0.0,0.0
shading,cie_xyz,0.2,0.5,Olympus E-PL2,A,0.0,0.0
shading,camera_rgb_raw,0.2,0.5,Olympus E-PL2,A,0.0,0.0
shading,camera_rgb_wb,0.2,0.5,Olympus E-PL2,A,0.0,0.0
shading,spectral_radiance,0.2,0.5,Olympus E-PL2,A,0.0,0.0
shading,cie_xyz,0.2,0.5,Olympus E-PL2,A,0.0,0.0
shading,camera_rgb_raw,0.2,0.5,Olympus E-PL2,A,0.0,0.0
shading,camera_rgb_wb,0.2,0.5,Olympus E-PL2,A,0.0,0.0
shading,spectral_radiance,0.2,0.5,Olympus E-PL2,A,3.46944695195e-18,2.01440665135e-16
shading,cie_xyz,0.2,0.5,Olympus E-PL2,A,3.33066907388e-16,4.91434789814e-16
shading,camera_rgb_raw,0.2,0.5,Olympus E-PL2,A,2.22044604925e-16,3.39022314839e-16
shading,camera_rgb_wb,0.2,0.5,Olympus E-PL2,A,3.33066907388e-16,4.69920448086e-16
shading,spectral_radiance,0.2,0.5,Olympus E-PL2,A,0.0,0.0
shading,cie_xyz,0.2,0.5,Olympus E-PL2,A,0.0,0.0
shading,camera_rgb_raw,0.2,0.5,Olympus E-PL2,A,0.0,0.0
shading,camera_rgb_wb,0.2,0.5,Olympus E-PL2,A,0.0,0.0
shading,spectral_radiance,0.2,0.5,Pentax K-5,A,0.0,0.0
shading,cie_xyz,0.2,0.5,Pentax K-5,A,0.0,0.0
shading,camera_rgb_raw,0.2,0.5,Pentax K-5,A,0.0,0.0
shading,camera_rgb_wb,0.2,0.5,Pentax K-5,A,0.0,0.0
shading,spectral_radiance,0.2,0.5,Pentax K-5,A,0.0,0.0
shading,cie_xyz,0.2,0.5,Pentax K-5,A,0.0,0.0
shading,camera_rgb_raw,0.2,0.5,Pentax K-5,A,0.0,0.0
shading,camera_rgb_wb,0.2,0.5,Pentax K-5,A,0.0,0.0
shading,spectral_radiance,0.2,0.5,Pentax K-5,A,3.46944695195e-18,2.01440665135e-16
shading,cie_xyz,0.2,0.5,Pentax K-5,A,3.33066907388e-16,4.91434789814e-16
shading,camera_rgb_raw,0.2,0.5,Pentax K-5,A,1.11022302463e-16,2.87375026589e-16
shading,camera_rgb_wb,0.2,0.5,Pentax K-5,A,2.22044604925e-16,3.24967788271e-16
shading,spectral_radiance,0.2,0.5,Pentax K-5,A,0.0,0.0
shading,cie_xyz,0.2,0.5,Pentax K-5,A,0.0,0.0
shading,camera_rgb_raw,0.2,0.5,Pentax K-5,A,0.0,0.0
shading,camera_rgb_wb,0.2,0.5,Pentax K-5,A,0.0,0.0
shading,spectral_radiance,0.2,0.5,Pentax Q,A,0.0,0.0
shading,cie_xyz,0.2,0.5,Pentax Q,A,0.0,0.0
shading,camera_rgb_raw,0.2,0.5,Pentax Q,A,0.0,0.0
shading,camera_rgb_wb,0.2,0.5,Pentax Q,A,0.0,0.0
shading,spectral_radiance,0.2,0.5,Pentax Q,A,0.0,0.0
shading,cie_xyz,0.2,0.5,Pentax Q,A,0.0,0.0
shading,camera_rgb_raw,0.2,0.5,Pentax Q,A,0.0,0.0
shading,camera_rgb_wb,0.2,0.5,Pentax Q,A,0.0,0.0
shading,spectral_radiance,0.2,0.5,Pentax Q,A,3.46944695195e-18,2.01440665135e-16
shading,cie_xyz,0.2,0.5,Pentax Q,A,3.33066907388e-16,4.91434789814e-16
shading,camera_rgb_raw,0.2,0.5,Pentax Q,A,5.55111512313e-17,8.15058380943e-17
shading,camera_rgb_wb,0.2,0.5,Pentax Q,A,1.11022302463e-16,1.58061050207e-16
shading,spectral_radiance,0.2,0.5,Pentax Q,A,0.0,0.0
shading,cie_xyz,0.2,0.5,Pentax Q,A,0.0,0.0
shading,camera_rgb_raw,0.2,0.5,Pentax Q,A,0.0,0.0
shading,camera_rgb_wb,0.2,0.5,Pentax Q,A,0.0,0.0
shading,spectral_radiance,0.2,0.5,Point Grey Grasshopper 50S5C,A,0.0,0.0
shading,cie_xyz,0.2,0.5,Point Grey Grasshopper 50S5C,A,0.0,0.0
shading,camera_rgb_raw,0.2,0.5,Point Grey Grasshopper 50S5C,A,0.0,0.0
shading,camera_rgb_wb,0.2,0.5,Point Grey Grasshopper 50S5C,A,0.0,0.0
shading,spectral_radiance,0.2,0.5,Point Grey Grasshopper 50S5C,A,0.0,0.0
shading,cie_xyz,0.2,0.5,Point Grey Grasshopper 50S5C,A,0.0,0.0
shading,camera_rgb_raw,0.2,0.5,Point Grey Grasshopper 50S5C,A,0.0,0.0
shading,camera_rgb_wb,0.2,0.5,Point Grey Grasshopper 50S5C,A,0.0,0.0
shading,spectral_radiance,0.2,0.5,Point Grey Grasshopper 50S5C,A,3.46944695195e-18,2.01440665135e-16
shading,cie_xyz,0.2,0.5,Point Grey Grasshopper 50S5C,A,3.33066907388e-16,4.91434789814e-16
shading,camera_rgb_raw,0.2,0.5,Point Grey Grasshopper 50S5C,A,1.11022302463e-16,1.92854391229e-16
shading,camera_rgb_wb,0.2,0.5,Point Grey Grasshopper 50S5C,A,1.11022302463e-16,1.3900373202e-16
shading,spectral_radiance,0.2,0.5,Point Grey Grasshopper 50S5C,A,0.0,0.0
shading,cie_xyz,0.2,0.5,Point Grey Grasshopper 50S5C,A,0.0,0.0
shading,camera_rgb_raw,0.2,0.5,Point Grey Grasshopper 50S5C,A,0.0,0.0
shading,camera_rgb_wb,0.2,0.5,Point Grey Grasshopper 50S5C,A,0.0,0.0
shading,spectral_radiance,0.2,0.5,Point Grey Grasshopper2 14S5C,A,0.0,0.0
shading,cie_xyz,0.2,0.5,Point Grey Grasshopper2 14S5C,A,0.0,0.0
shading,camera_rgb_raw,0.2,0.5,Point Grey Grasshopper2 14S5C,A,0.0,0.0
shading,camera_rgb_wb,0.2,0.5,Point Grey Grasshopper2 14S5C,A,0.0,0.0
shading,spectral_radiance,0.2,0.5,Point Grey Grasshopper2 14S5C,A,0.0,0.0
shading,cie_xyz,0.2,0.5,Point Grey Grasshopper2 14S5C,A,0.0,0.0
shading,camera_rgb_raw,0.2,0.5,Point Grey Grasshopper2 14S5C,A,0.0,0.0
shading,camera_rgb_wb,0.2,0.5,Point Grey Grasshopper2 14S5C,A,0.0,0.0
shading,spectral_radiance,0.2,0.5,Point Grey Grasshopper2 14S5C,A,3.46944695195e-18,2.01440665135e-16
shading,cie_xyz,0.2,0.5,Point Grey Grasshopper2 14S5C,A,3.33066907388e-16,4.91434789814e-16
shading,camera_rgb_raw,0.2,0.5,Point Grey Grasshopper2 14S5C,A,1.11022302463e-16,2.01831015075e-16
shading,camera_rgb_wb,0.2,0.5,Point Grey Grasshopper2 14S5C,A,2.22044604925e-16,2.98621518978e-16
shading,spectral_radiance,0.2,0.5,Point Grey Grasshopper2 14S5C,A,0.0,0.0
shading,cie_xyz,0.2,0.5,Point Grey Grasshopper2 14S5C,A,0.0,0.0
shading,camera_rgb_raw,0.2,0.5,Point Grey Grasshopper2 14S5C,A,0.0,0.0
shading,camera_rgb_wb,0.2,0.5,Point Grey Grasshopper2 14S5C,A,0.0,0.0
shading,spectral_radiance,0.2,0.5,Phase One,A,0.0,0.0
shading,cie_xyz,0.2,0.5,Phase One,A,0.0,0.0
shading,camera_rgb_raw,0.2,0.5,Phase One,A,0.0,0.0
shading,camera_rgb_wb,0.2,0.5,Phase One,A,0.0,0.0
shading,spectral_radiance,0.2,0.5,Phase One,A,0.0,0.0
shading,cie_xyz,0.2,0.5,Phase One,A,0.0,0.0
shading,camera_rgb_raw,0.2,0.5,Phase One,A,0.0,0.0
shading,camera_rgb_wb,0.2,0.5,Phase One,A,0.0,0.0
shading,spectral_radiance,0.2,0.5,Phase One,A,3.46944695195e-18,2.01440665135e-16
shading,cie_xyz,0.2,0.5,Phase One,A,3.33066907388e-16,4.91434789814e-16
shading,camera_rgb_raw,0.2,0.5,Phase One,A,8.32667268469e-17,2.2331822575e-16
shading,camera_rgb_wb,0.2,0.5,Phase One,A,1.11022302463e-16,1.83498519483e-16
shading,spectral_radiance,0.2,0.5,Phase One,A,0.0,0.0
shading,cie_xyz,0.2,0.5,Phase One,A,0.0,0.0
shading,camera_rgb_raw,0.2,0.5,Phase One,A,0.0,0.0
shading,camera_rgb_wb,0.2,0.5,Phase One,A,0.0,0.0
shading,spectral_radiance,0.2,0.5,SONY NEX-5N,A,0.0,0.0
shading,cie_xyz,0.2,0.5,SONY NEX-5N,A,0.0,0.0
shading,camera_rgb_raw,0.2,0.5,SONY NEX-5N,A,0.0,0.0
shading,camera_rgb_wb,0.2,0.5,SONY NEX-5N,A,0.0,0.0
shading,spectral_radiance,0.2,0.5,SONY NEX-5N,A,0.0,0.0
shading,cie_xyz,0.2,0.5,SONY NEX-5N,A,0.0,0.0
shading,camera_rgb_raw,0.2,0.5,SONY NEX-5N,A,0.0,0.0
shading,camera_rgb_wb,0.2,0.5,SONY NEX-5N,A,0.0,0.0
shading,spectral_radiance,0.2,0.5,SONY NEX-5N,A,3.46944695195e-18,2.01440665135e-16
shading,cie_xyz,0.2,0.5,SONY NEX-5N,A,3.33066907388e-16,4.91434789814e-16
shading,camera_rgb_raw,0.2,0.5,SONY NEX-5N,A,1.66533453694e-16,5.55621393228e-16
shading,camera_rgb_wb,0.2,0.5,SONY NEX-5N,A,2.22044604925e-16,3.36068482421e-16
shading,spectral_radiance,0.2,0.5,SONY NEX-5N,A,0.0,0.0
shading,cie_xyz,0.2,0.5,SONY NEX-5N,A,0.0,0.0
shading,camera_rgb_raw,0.2,0.5,SONY NEX-5N,A,0.0,0.0
shading,camera_rgb_wb,0.2,0.5,SONY NEX-5N,A,0.0,0.0
shading,spectral_radiance,0.2,0.5,Canon 1DMarkIII,FL2,0.0,0.0
shading,cie_xyz,0.2,0.5,Canon 1DMarkIII,FL2,0.0,0.0
shading,camera_rgb_raw,0.2,0.5,Canon 1DMarkIII,FL2,0.0,0.0
shading,camera_rgb_wb,0.2,0.5,Canon 1DMarkIII,FL2,0.0,0.0
shading,spectral_radiance,0.2,0.5,Canon 1DMarkIII,FL2,0.0,0.0
shading,cie_xyz,0.2,0.5,Canon 1DMarkIII,FL2,0.0,0.0
shading,camera_rgb_raw,0.2,0.5,Canon 1DMarkIII,FL2,0.0,0.0
shading,camera_rgb_wb,0.2,0.5,Canon 1DMarkIII,FL2,0.0,0.0
shading,spectral_radiance,0.2,0.5,Canon 1DMarkIII,FL2,1.73472347598e-18,2.24171632633e-16
shading,cie_xyz,0.2,0.5,Canon 1DMarkIII,FL2,1.11022302463e-16,2.16237160473e-16
shading,camera_rgb_raw,0.2,0.5,Canon 1DMarkIII,FL2,5.55111512313e-17,1.78913232367e-16
shading,camera_rgb_wb,0.2,0.5,Canon 1DMarkIII,FL2,1.11022302463e-16,1.8820646832e-16
shading,spectral_radiance,0.2,0.5,Canon 1DMarkIII,FL2,0.0,0.0
shading,cie_xyz,0.2,0.5,Canon 1DMarkIII,FL2,0.0,0.0
shading,camera_rgb_raw,0.2,0.5,Canon 1DMarkIII,FL2,0.0,0.0
shading,camera_rgb_wb,0.2,0.5,Canon 1DMarkIII,FL2,0.0,0.0
shading,spectral_radiance,0.2,0.5,Canon 20D,FL2,0.0,0.0
shading,cie_xyz,0.2,0.5,Canon 20D,FL2,0.0,0.0
shading,camera_rgb_raw,0.2,0.5,Canon 20D,FL2,0.0,0.0
shading,camera_rgb_wb,0.2,0.5,Canon 20D,FL2,0.0,0.0
shading,spectral_radiance,0.2,0.5,Canon 20D,FL2,0.0,0.0
shading,cie_xyz,0.2,0.5,Canon 20D,FL2,0.0,0.0
shading,camera_rgb_raw,0.2,0.5,Canon 20D,FL2,0.0,0.0
shading,camera_rgb_wb,0.2,0.5,Canon 20D,FL2,0.0,0.0
shading,spectral_radiance,0.2,0.5,Canon 20D,FL2,1.73472347598e-18,2.24171632633e-16
shading,cie_xyz,0.2,0.5,Canon 20D,FL2,1.11022302463e-16,2.16237160473e-16
shading,camera_rgb_raw,0.2,0.5,Canon 20D,FL2,5.55111512313e-17,1.71244851795e-16
shading,camera_rgb_wb,0.2,0.5,Canon 20D,FL2,1.66533453694e-16,2.83837770346e-16
shading,spectral_radiance,0.2,0.5,Canon 20D,FL2,0.0,0.0
shading,cie_xyz,0.2,0.5,Canon 20D,FL2,0.0,0.0
shading,camera_rgb_raw,0.2,0.5,Canon 20D,FL2,0.0,0.0
shading,camera_rgb_wb,0.2,0.5,Canon 20D,FL2,0.0,0.0
shading,spectral_radiance,0.2,0.5,Canon 300D,FL2,0.0,0.0
shading,cie_xyz,0.2,0.5,Canon 300D,FL2,0.0,0.0
shading,camera_rgb_raw,0.2,0.5,Canon 300D,FL2,0.0,0.0
shading,camera_rgb_wb,0.2,0.5,Canon 300D,FL2,0.0,0.0
shading,spectral_radiance,0.2,0.5,Canon 300D,FL2,0.0,0.0
shading,cie_xyz,0.2,0.5,Canon 300D,FL2,0.0,0.0
shading,camera_rgb_raw,0.2,0.5,Canon 300D,FL2,0.0,0.0
shading,camera_rgb_wb,0.2,0.5,Canon 300D,FL2,0.0,0.0
shading,spectral_radiance,0.2,0.5,Canon 300D,FL2,1.73472347598e-18,2.24171632633e-16
shading,cie_xyz,0.2,0.5,Canon 300D,FL2,1.11022302463e-16,2.16237160473e-16
shading,camera_rgb_raw,0.2,0.5,Canon 300D,FL2,5.55111512313e-17,1.76316490973e-16
shading,camera_rgb_wb,0.2,0.5,Canon 300D,FL2,5.55111512313e-17,9.39396923362e-17
shading,spectral_radiance,0.2,0.5,Canon 300D,FL2,0.0,0.0
shading,cie_xyz,0.2,0.5,Canon 300D,FL2,0.0,0.0
shading,camera_rgb_raw,0.2,0.5,Canon 300D,FL2,0.0,0.0
shading,camera_rgb_wb,0.2,0.5,Canon 300D,FL2,0.0,0.0
shading,spectral_radiance,0.2,0.5,Canon 40D,FL2,0.0,0.0
shading,cie_xyz,0.2,0.5,Canon 40D,FL2,0.0,0.0
shading,camera_rgb_raw,0.2,0.5,Canon 40D,FL2,0.0,0.0
shading,camera_rgb_wb,0.2,0.5,Canon 40D,FL2,0.0,0.0
shading,spectral_radiance,0.2,0.5,Canon 40D,FL2,0.0,0.0
shading,cie_xyz,0.2,0.5,Canon 40D,FL2,0.0,0.0
shading,camera_rgb_raw,0.2,0.5,Canon 40D,FL2,0.0,0.0
shading,camera_rgb_wb,0.2,0.5,Canon 40D,FL2,0.0,0.0
shading,spectral_radiance,0.2,0.5,Canon 40D,FL2,1.73472347598e-18,2.24171632633e-16
shading,cie_xyz,0.2,0.5,Canon 40D,FL2,1.11022302463e-16,2.16237160473e-16
shading,camera_rgb_raw,0.2,0.5,Canon 40D,FL2,5.55111512313e-17,1.62297918881e-16
shading,camera_rgb_wb,0.2,0.5,Canon 40D,FL2,1.11022302463e-16,1.8865892766e-16
shading,spectral_radiance,0.2,0.5,Canon 40D,FL2,0.0,0.0
shading,cie_xyz,0.2,0.5,Canon 40D,FL2,0.0,0.0
shading,camera_rgb_raw,0.2,0.5,Canon 40D,FL2,0.0,0.0
shading,camera_rgb_wb,0.2,0.5,Canon 40D,FL2,0.0,0.0
shading,spectral_radiance,0.2,0.5,Canon 500D,FL2,0.0,0.0
shading,cie_xyz,0.2,0.5,Canon 500D,FL2,0.0,0.0
shading,camera_rgb_raw,0.2,0.5,Canon 500D,FL2,0.0,0.0
shading,camera_rgb_wb,0.2,0.5,Canon 500D,FL2,0.0,0.0
shading,spectral_radiance,0.2,0.5,Canon 500D,FL2,0.0,0.0
shading,cie_xyz,0.2,0.5,Canon 500D,FL2,0.0,0.0
shading,camera_rgb_raw,0.2,0.5,Canon 500D,FL2,0.0,0.0
shading,camera_rgb_wb,0.2,0.5,Canon 500D,FL2,0.0,0.0
shading,spectral_radiance,0.2,0.5,Canon 500D,FL2,1.73472347598e-18,2.24171632633e-16
shading,cie_xyz,0.2,0.5,Canon 500D,FL2,1.11022302463e-16,2.16237160473e-16
shading,camera_rgb_raw,0.2,0.5,Canon 500D,FL2,1.11022302463e-16,2.90175306634e-16
shading,camera_rgb_wb,0.2,0.5,Canon 500D,FL2,2.22044604925e-16,4.05115877301e-16
shading,spectral_radiance,0.2,0.5,Canon 500D,FL2,0.0,0.0
shading,cie_xyz,0.2,0.5,Canon 500D,FL2,0.0,0.0
shading,camera_rgb_raw,0.2,0.5,Canon 500D,FL2,0.0,0.0
shading,camera_rgb_wb,0.2,0.5,Canon 500D,FL2,0.0,0.0
shading,spectral_radiance,0.2,0.5,Canon 50D,FL2,0.0,0.0
shading,cie_xyz,0.2,0.5,Canon 50D,FL2,0.0,0.0
shading,camera_rgb_raw,0.2,0.5,Canon 50D,FL2,0.0,0.0
shading,camera_rgb_wb,0.2,0.5,Canon 50D,FL2,0.0,0.0
shading,spectral_radiance,0.2,0.5,Canon 50D,FL2,0.0,0.0
shading,cie_xyz,0.2,0.5,Canon 50D,FL2,0.0,0.0
shading,camera_rgb_raw,0.2,0.5,Canon 50D,FL2,0.0,0.0
shading,camera_rgb_wb,0.2,0.5,Canon 50D,FL2,0.0,0.0
shading,spectral_radiance,0.2,0.5,Canon 50D,FL2,1.73472347598e-18,2.24171632633e-16
shading,cie_xyz,0.2,0.5,Canon 50D,FL2,1.11022302463e-16,2.16237160473e-16
shading,camera_rgb_raw,0.2,0.5,Canon 50D,FL2,1.11022302463e-16,2.89595177238e-16
shading,camera_rgb_wb,0.2,0.5,Canon 50D,FL2,1.66533453694e-16,2.97243326246e-16
shading,spectral_radiance,0.2,0.5,Canon 50D,FL2,0.0,0.0
shading,cie_xyz,0.2,0.5,Canon 50D,FL2,0.0,0.0
shading,camera_rgb_raw,0.2,0.5,Canon 50D,FL2,0.0,0.0
shading,camera_rgb_wb,0.2,0.5,Canon 50D,FL2,0.0,0.0
shading,spectral_radiance,0.2,0.5,Canon 5DMarkII,FL2,0.0,0.0
shading,cie_xyz,0.2,0.5,Canon 5DMarkII,FL2,0.0,0.0
shading,camera_rgb_raw,0.2,0.5,Canon 5DMarkII,FL2,0.0,0.0
shading,camera_rgb_wb,0.2,0.5,Canon 5DMarkII,FL2,0.0,0.0
shading,spectral_radiance,0.2,0.5,Canon 5DMarkII,FL2,0.0,0.0
shading,cie_xyz,0.2,0.5,Canon 5DMarkII,FL2,0.0,0.0
shading,camera_rgb_raw,0.2,0.5,Canon 5DMarkII,FL2,0.0,0.0
shading,camera_rgb_wb,0.2,0.5,Canon 5DMarkII,FL2,0.0,0.0
shading,spectral_radiance,0.2,0.5,Canon 5DMarkII,FL2,1.73472347598e-18,2.24171632633e-16
shading,cie_xyz,0.2,0.5,Canon 5DMarkII,FL2,1.11022302463e-16,2.16237160473e-16
shading,camera_rgb_raw,0.2,0.5,Canon 5DMarkII,FL2,5.55111512313e-17,1.65110725644e-16
shading,camera_rgb_wb,0.2,0.5,Canon 5DMarkII,FL2,5.55111512313e-17,9.73290781252e-17
shading,spectral_radiance,0.2,0.5,Canon 5DMarkII,FL2,0.0,0.0
shading,cie_xyz,0.2,0.5,Canon 5DMarkII,FL2,0.0,0.0
shading,camera_rgb_raw,0.2,0.5,Canon 5DMarkII,FL2,0.0,0.0
shading,camera_rgb_wb,0.2,0.5,Canon 5DMarkII,FL2,0.0,0.0
shading,spectral_radiance,0.2,0.5,Canon 600D,FL2,0.0,0.0
shading,cie_xyz,0.2,0.5,Canon 600D,FL2,0.0,0.0
shading,camera_rgb_raw,0.2,0.5,Canon 600D,FL2,0.0,0.0
shading,camera_rgb_wb,0.2,0.5,Canon 600D,FL2,0.0,0.0
shading,spectral_radiance,0.2,0.5,Canon 600D,FL2,0.0,0.0
shading,cie_xyz,0.2,0.5,Canon 600D,FL2,0.0,0.0
shading,camera_rgb_raw,0.2,0.5,Canon 600D,FL2,0.0,0.0
shading,camera_rgb_wb,0.2,0.5,Canon 600D,FL2,0.0,0.0
shading,spectral_radiance,0.2,0.5,Canon 600D,FL2,1.73472347598e-18,2.24171632633e-16
shading,cie_xyz,0.2,0.5,Canon 600D,FL2,1.11022302463e-16,2.16237160473e-16
shading,camera_rgb_raw,0.2,0.5,Canon 600D,FL2,1.11022302463e-16,3.06963758809e-16
shading,camera_rgb_wb,0.2,0.5,Canon 600D,FL2,2.22044604925e-16,3.86677347984e-16
shading,spectral_radiance,0.2,0.5,Canon 600D,FL2,0.0,0.0
shading,cie_xyz,0.2,0.5,Canon 600D,FL2,0.0,0.0
shading,camera_rgb_raw,0.2,0.5,Canon 600D,FL2,0.0,0.0
shading,camera_rgb_wb,0.2,0.5,Canon 600D,FL2,0.0,0.0
shading,spectral_radiance,0.2,0.5,Canon 60D,FL2,0.0,0.0
shading,cie_xyz,0.2,0.5,Canon 60D,FL2,0.0,0.0
shading,camera_rgb_raw,0.2,0.5,Canon 60D,FL2,0.0,0.0
shading,camera_rgb_wb,0.2,0.5,Canon 60D,FL2,0.0,0.0
shading,spectral_radiance,0.2,0.5,Canon 60D,FL2,0.0,0.0
shading,cie_xyz,0.2,0.5,Canon 60D,FL2,0.0,0.0
shading,camera_rgb_raw,0.2,0.5,Canon 60D,FL2,0.0,0.0
shading,camera_rgb_wb,0.2,0.5,Canon 60D,FL2,0.0,0.0
shading,spectral_radiance,0.2,0.5,Canon 60D,FL2,1.73472347598e-18,2.24171632633e-16
shading,cie_xyz,0.2,0.5,Canon 60D,FL2,1.11022302463e-16,2.16237160473e-16
shading,camera_rgb_raw,0.2,0.5,Canon 60D,FL2,1.11022302463e-16,3.05248740022e-16
shading,camera_rgb_wb,0.2,0.5,Canon 60D,FL2,1.11022302463e-16,1.93019518524e-16
shading,spectral_radiance,0.2,0.5,Canon 60D,FL2,0.0,0.0
shading,cie_xyz,0.2,0.5,Canon 60D,FL2,0.0,0.0
shading,camera_rgb_raw,0.2,0.5,Canon 60D,FL2,0.0,0.0
shading,camera_rgb_wb,0.2,0.5,Canon 60D,FL2,0.0,0.0
shading,spectral_radiance,0.2,0.5,Hasselblad H2,FL2,0.0,0.0
shading,cie_xyz,0.2,0.5,Hasselblad H2,FL2,0.0,0.0
shading,camera_rgb_raw,0.2,0.5,Hasselblad H2,FL2,0.0,0.0
shading,camera_rgb_wb,0.2,0.5,Hasselblad H2,FL2,0.0,0.0
shading,spectral_radiance,0.2,0.5,Hasselblad H2,FL2,0.0,0.0
shading,cie_xyz,0.2,0.5,Hasselblad H2,FL2,0.0,0.0
shading,camera_rgb_raw,0.2,0.5,Hasselblad H2,FL2,0.0,0.0
shading,camera_rgb_wb,0.2,0.5,Hasselblad H2,FL2,0.0,0.0
shading,spectral_radiance,0.2,0.5,Hasselblad H2,FL2,1.73472347598e-18,2.24171632633e-16
shading,cie_xyz,0.2,0.5,Hasselblad H2,FL2,1.11022302463e-16,2.16237160473e-16
shading,camera_rgb_raw,0.2,0.5,Hasselblad H2,FL2,1.11022302463e-16,3.69273817996e-16
shading,camera_rgb_wb,0.2,0.5,Hasselblad H2,FL2,5.55111512313e-17,8.81482560575e-17
shading,spectral_radiance,0.2,0.5,Hasselblad H2,FL2,0.0,0.0
shading,cie_xyz,0.2,0.5,Hasselblad H2,FL2,0.0,0.0
shading,camera_rgb_raw,0.2,0.5,Hasselblad H2,FL2,0.0,0.0
shading,camera_rgb_wb,0.2,0.5,Hasselblad H2,FL2,0.0,0.0
shading,spectral_radiance,0.2,0.5,Nikon D3X,FL2,0.0,0.0
shading,cie_xyz,0.2,0.5,Nikon D3X,FL2,0.0,0.0
shading,camera_rgb_raw,0.2,0.5,Nikon D3X,FL2,0.0,0.0
shading,camera_rgb_wb,0.2,0.5,Nikon D3X,FL2,0.0,0.0
shading,spectral_radiance,0.2,0.5,Nikon D3X,FL2,0.0,0.0
shading,cie_xyz,0.2,0.5,Nikon D3X,FL2,0.0,0.0
shading,camera_rgb_raw,0.2,0.5,Nikon D3X,FL2,0.0,0.0
shading,camera_rgb_wb,0.2,0.5,Nikon D3X,FL2,0.0,0.0
shading,spectral_radiance,0.2,0.5,Nikon D3X,FL2,1.73472347598e-18,2.24171632633e-16
shading,cie_xyz,0.2,0.5,Nikon D3X,FL2,1.11022302463e-16,2.16237160473e-16
shading,camera_rgb_raw,0.2,0.5,Nikon D3X,FL2,1.11022302463e-16,3.38111918929e-16
shading,camera_rgb_wb,0.2,0.5,Nikon D3X,FL2,2.22044604925e-16,3.66441326969e-16
shading,spectral_radiance,0.2,0.5,Nikon D3X,FL2,0.0,0.0
shading,cie_xyz,0.2,0.5,Nikon D3X,FL2,0.0,0.0
shading,camera_rgb_raw,0.2,0.5,Nikon D3X,FL2,0.0,0.0
shading,camera_rgb_wb,0.2,0.5,Nikon D3X,FL2,0.0,0.0
shading,spectral_radiance,0.2,0.5,Nikon D200,FL2,0.0,0.0
shading,cie_xyz,0.2,0.5,Nikon D200,FL2,0.0,0.0
shading,camera_rgb_raw,0.2,0.5,Nikon D200,FL2,0.0,0.0
shading,camera_rgb_wb,0.2,0.5,Nikon D200,FL2,0.0,0.0
shading,spectral_radiance,0.2,0.5,Nikon D200,FL2,0.0,0.0
shading,cie_xyz,0.2,0.5,Nikon D200,FL2,0.0,0.0
shading,camera_rgb_raw,0.2,0.5,Nikon D200,FL2,0.0,0.0
shading,camera_rgb_wb,0.2,0.5,Nikon D200,FL2,0.0,0.0
shading,spectral_radiance,0.2,0.5,Nikon D200,FL2,1.73472347598e-18,2.24171632633e-16
shading,cie_xyz,0.2,0.5,Nikon D200,FL2,1.11022302463e-16,2.16237160473e-16
shading,camera_rgb_raw,0.2,0.5,Nikon D200,FL2,2.22044604925e-16,7.63788539615e-16
shading,camera_rgb_wb,0.2,0.5,Nikon D200,FL2,2.77555756156e-16,4.60272019028e-16
shading,spectral_radiance,0.2,0.5,Nikon D200,FL2,0.0,0.0
shading,cie_xyz,0.2,0.5,Nikon D200,FL2,0.0,0.0
shading,camera_rgb_raw,0.2,0.5,Nikon D200,FL2,0.0,0.0
shading,camera_rgb_wb,0.2,0.5,Nikon D200,FL2,0.0,0.0
shading,spectral_radiance,0.2,0.5,Nikon D3,FL2,0.0,0.0
shading,cie_xyz,0.2,0.5,Nikon D3,FL2,0.0,0.0
shading,camera_rgb_raw,0.2,0.5,Nikon D3,FL2,0.0,0.0
shading,camera_rgb_wb,0.2,0.5,Nikon D3,FL2,0.0,0.0
shading,spectral_radiance,0.2,0.5,Nikon D3,FL2,0.0,0.0
shading,cie_xyz,0.2,0.5,Nikon D3,FL2,0.0,0.0
shading,camera_rgb_raw,0.2,0.5,Nikon D3,FL2,0.0,0.0
shading,camera_rgb_wb,0.2,0.5,Nikon D3,FL2,0.0,0.0
shading,spectral_radiance,0.2,0.5,Nikon D3,FL2,1.73472347598e-18,2.24171632633e-16
shading,cie_xyz,0.2,0.5,Nikon D3,FL2,1.11022302463e-16,2.16237160473e-16
shading,camera_rgb_raw,0.2,0.5,Nikon D3,FL2,1.66533453694e-16,5.6845863013e-16
shading,camera_rgb_wb,0.2,0.5,Nikon D3,FL2,2.22044604925e-16,3.70701612456e-16
shading,spectral_radiance,0.2,0.5,Nikon D3,FL2,0.0,0.0
shading,cie_xyz,0.2,0.5,Nikon D3,FL2,0.0,0.0
shading,camera_rgb_raw,0.2,0.5,Nikon D3,FL2,0.0,0.0
shading,camera_rgb_wb,0.2,0.5,Nikon D3,FL2,0.0,0.0
shading,spectral_radiance,0.2,0.5,Nikon D300s,FL2,0.0,0.0
shading,cie_xyz,0.2,0.5,Nikon D300s,FL2,0.0,0.0
shading,camera_rgb_raw,0.2,0.5,Nikon D300s,FL2,0.0,0.0
shading,camera_rgb_wb,0.2,0.5,Nikon D300s,FL2,0.0,0.0
shading,spectral_radiance,0.2,0.5,Nikon D300s,FL2,0.0,0.0
shading,cie_xyz,0.2,0.5,Nikon D300s,FL2,0.0,0.0
shading,camera_rgb_raw,0.2,0.5,Nikon D300s,FL2,0.0,0.0
shading,camera_rgb_wb,0.2,0.5,Nikon D300s,FL2,0.0,0.0
shading,spectral_radiance,0.2,0.5,Nikon D300s,FL2,1.73472347598e-18,2.24171632633e-16
shading,cie_xyz,0.2,0.5,Nikon D300s,FL2,1.11022302463e-16,2.16237160473e-16
shading,camera_rgb_raw,0.2,0.5,Nikon D300s,FL2,5.55111512313e-17,1.82975836654e-16
shading,camera_rgb_wb,0.2,0.5,Nikon D300s,FL2,1.11022302463e-16,1.87767813379e-16
shading,spectral_radiance,0.2,0.5,Nikon D300s,FL2,0.0,0.0
shading,cie_xyz,0.2,0.5,Nikon D300s,FL2,0.0,0.0
shading,camera_rgb_raw,0.2,0.5,Nikon D300s,FL2,0.0,0.0
shading,camera_rgb_wb,0.2,0.5,Nikon D300s,FL2,0.0,0.0
shading,spectral_radiance,0.2,0.5,Nikon D40,FL2,0.0,0.0
shading,cie_xyz,0.2,0.5,Nikon D40,FL2,0.0,0.0
shading,camera_rgb_raw,0.2,0.5,Nikon D40,FL2,0.0,0.0
shading,camera_rgb_wb,0.2,0.5,Nikon D40,FL2,0.0,0.0
shading,spectral_radiance,0.2,0.5,Nikon D40,FL2,0.0,0.0
shading,cie_xyz,0.2,0.5,Nikon D40,FL2,0.0,0.0
shading,camera_rgb_raw,0.2,0.5,Nikon D40,FL2,0.0,0.0
shading,camera_rgb_wb,0.2,0.5,Nikon D40,FL2,0.0,0.0
shading,spectral_radiance,0.2,0.5,Nikon D40,FL2,1.73472347598e-18,2.24171632633e-16
shading,cie_xyz,0.2,0.5,Nikon D40,FL2,1.11022302463e-16,2.16237160473e-16
shading,camera_rgb_raw,0.2,0.5,Nikon D40,FL2,1.11022302463e-16,3.83728838894e-16
shading,camera_rgb_wb,0.2,0.5,Nikon D40,FL2,1.66533453694e-16,2.81617573765e-16
shading,spectral_radiance,0.2,0.5,Nikon D40,FL2,0.0,0.0
shading,cie_xyz,0.2,0.5,Nikon D40,FL2,0.0,0.0
shading,camera_rgb_raw,0.2,0.5,Nikon D40,FL2,0.0,0.0
shading,camera_rgb_wb,0.2,0.5,Nikon D40,FL2,0.0,0.0
shading,spectral_radiance,0.2,0.5,Nikon D50,FL2,0.0,0.0
shading,cie_xyz,0.2,0.5,Nikon D50,FL2,0.0,0.0
shading,camera_rgb_raw,0.2,0.5,Nikon D50,FL2,0.0,0.0
shading,camera_rgb_wb,0.2,0.5,Nikon D50,FL2,0.0,0.0
shading,spectral_radiance,0.2,0.5,Nikon D50,FL2,0.0,0.0
shading,cie_xyz,0.2,0.5,Nikon D50,FL2,0.0,0.0
shading,camera_rgb_raw,0.2,0.5,Nikon D50,FL2,0.0,0.0
shading,camera_rgb_wb,0.2,0.5,Nikon D50,FL2,0.0,0.0
shading,spectral_radiance,0.2,0.5,Nikon D50,FL2,1.73472347598e-18,2.24171632633e-16
shading,cie_xyz,0.2,0.5,Nikon D50,FL2,1.11022302463e-16,2.16237160473e-16
shading,camera_rgb_raw,0.2,0.5,Nikon D50,FL2,4.16333634234e-17,1.40068490716e-16
shading,camera_rgb_wb,0.2,0.5,Nikon D50,FL2,8.32667268469e-17,1.37854391356e-16
shading,spectral_radiance,0.2,0.5,Nikon D50,FL2,0.0,0.0
shading,cie_xyz,0.2,0.5,Nikon D50,FL2,0.0,0.0
shading,camera_rgb_raw,0.2,0.5,Nikon D50,FL2,0.0,0.0
shading,camera_rgb_wb,0.2,0.5,Nikon D50,FL2,0.0,0.0
shading,spectral_radiance,0.2,0.5,Nikon D5100,FL2,0.0,0.0
shading,cie_xyz,0.2,0.5,Nikon D5100,FL2,0.0,0.0
shading,camera_rgb_raw,0.2,0.5,Nikon D5100,FL2,0.0,0.0
shading,camera_rgb_wb,0.2,0.5,Nikon D5100,FL2,0.0,0.0
shading,spectral_radiance,0.2,0.5,Nikon D5100,FL2,0.0,0.0
shading,cie_xyz,0.2,0.5,Nikon D5100,FL2,0.0,0.0
shading,camera_rgb_raw,0.2,0.5,Nikon D5100,FL2,0.0,0.0
shading,camera_rgb_wb,0.2,0.5,Nikon D5100,FL2,0.0,0.0
shading,spectral_radiance,0.2,0.5,Nikon D5100,FL2,1.73472347598e-18,2.24171632633e-16
shading,cie_xyz,0.2,0.5,Nikon D5100,FL2,1.11022302463e-16,2.16237160473e-16
shading,camera_rgb_raw,0.2,0.5,Nikon D5100,FL2,1.11022302463e-16,3.54261464358e-16
shading,camera_rgb_wb,0.2,0.5,Nikon D5100,FL2,1.11022302463e-16,1.87984298081e-16
shading,spectral_radiance,0.2,0.5,Nikon D5100,FL2,0.0,0.0
shading,cie_xyz,0.2,0.5,Nikon D5100,FL2,0.0,0.0
shading,camera_rgb_raw,0.2,0.5,Nikon D5100,FL2,0.0,0.0
shading,camera_rgb_wb,0.2,0.5,Nikon D5100,FL2,0.0,0.0
shading,spectral_radiance,0.2,0.5,Nikon D700,FL2,0.0,0.0
shading,cie_xyz,0.2,0.5,Nikon D700,FL2,0.0,0.0
shading,camera_rgb_raw,0.2,0.5,Nikon D700,FL2,0.0,0.0
shading,camera_rgb_wb,0.2,0.5,Nikon D700,FL2,0.0,0.0
shading,spectral_radiance,0.2,0.5,Nikon D700,FL2,0.0,0.0
shading,cie_xyz,0.2,0.5,Nikon D700,FL2,0.0,0.0
shading,camera_rgb_raw,0.2,0.5,Nikon D700,FL2,0.0,0.0
shading,camera_rgb_wb,0.2,0.5,Nikon D700,FL2,0.0,0.0
shading,spectral_radiance,0.2,0.5,Nikon D700,FL2,1.73472347598e-18,2.24171632633e-16
shading,cie_xyz,0.2,0.5,Nikon D700,FL2,1.11022302463e-16,2.16237160473e-16
shading,camera_rgb_raw,0.2,0.5,Nikon D700,FL2,1.11022302463e-16,3.66758560151e-16
shading,camera_rgb_wb,0.2,0.5,Nikon D700,FL2,2.22044604925e-16,3.70463586962e-16
shading,spectral_radiance,0.2,0.5,Nikon D700,FL2,0.0,0.0
shading,cie_xyz,0.2,0.5,Nikon D700,FL2,0.0,0.0
shading,camera_rgb_raw,0.2,0.5,Nikon D700,FL2,0.0,0.0
shading,camera_rgb_wb,0.2,0.5,Nikon D700,FL2,0.0,0.0
shading,spectral_radiance,0.2,0.5,Nikon D80,FL2,0.0,0.0
shading,cie_xyz,0.2,0.5,Nikon D80,FL2,0.0,0.0
shading,camera_rgb_raw,0.2,0.5,Nikon D80,FL2,0.0,0.0
shading,camera_rgb_wb,0.2,0.5,Nikon D80,FL2,0.0,0.0
shading,spectral_radiance,0.2,0.5,Nikon D80,FL2,0.0,0.0
shading,cie_xyz,0.2,0.5,Nikon D80,FL2,0.0,0.0
shading,camera_rgb_raw,0.2,0.5,Nikon D80,FL2,0.0,0.0
shading,camera_rgb_wb,0.2,0.5,Nikon D80,FL2,0.0,0.0
shading,spectral_radiance,0.2,0.5,Nikon D80,FL2,1.73472347598e-18,2.24171632633e-16
shading,cie_xyz,0.2,0.5,Nikon D80,FL2,1.11022302463e-16,2.16237160473e-16
shading,camera_rgb_raw,0.2,0.5,Nikon D80,FL2,1.11022302463e-16,4.04789542722e-16
shading,camera_rgb_wb,0.2,0.5,Nikon D80,FL2,2.22044604925e-16,3.69270656861e-16
shading,spectral_radiance,0.2,0.5,Nikon D80,FL2,0.0,0.0
shading,cie_xyz,0.2,0.5,Nikon D80,FL2,0.0,0.0
shading,camera_rgb_raw,0.2,0.5,Nikon D80,FL2,0.0,0.0
shading,camera_rgb_wb,0.2,0.5,Nikon D80,FL2,0.0,0.0
shading,spectral_radiance,0.2,0.5,Nikon D90,FL2,0.0,0.0
shading,cie_xyz,0.2,0.5,Nikon D90,FL2,0.0,0.0
shading,camera_rgb_raw,0.2,0.5,Nikon D90,FL2,0.0,0.0
shading,camera_rgb_wb,0.2,0.5,Nikon D90,FL2,0.0,0.0
shading,spectral_radiance,0.2,0.5,Nikon D90,FL2,0.0,0.0
shading,cie_xyz,0.2,0.5,Nikon D90,FL2,0.0,0.0
shading,camera_rgb_raw,0.2,0.5,Nikon D90,FL2,0.0,0.0
shading,camera_rgb_wb,0.2,0.5,Nikon D90,FL2,0.0,0.0
shading,spectral_radiance,0.2,0.5,Nikon D90,FL2,1.73472347598e-18,2.24171632633e-16
shading,cie_xyz,0.2,0.5,Nikon D90,FL2,1.11022302463e-16,2.16237160473e-16
shading,camera_rgb_raw,0.2,0.5,Nikon D90,FL2,5.55111512313e-17,1.91202231132e-16
shading,camera_rgb_wb,0.2,0.5,Nikon D90,FL2,1.11022302463e-16,1.87273398772e-16
shading,spectral_radiance,0.2,0.5,Nikon D90,FL2,0.0,0.0
shading,cie_xyz,0.2,0.5,Nikon D90,FL2,0.0,0.0
shading,camera_rgb_raw,0.2,0.5,Nikon D90,FL2,0.0,0.0
shading,camera_rgb_wb,0.2,0.5,Nikon D90,FL2,0.0,0.0
shading,spectral_radiance,0.2,0.5,Nokia N900,FL2,0.0,0.0
shading,cie_xyz,0.2,0.5,Nokia N900,FL2,0.0,0.0
shading,camera_rgb_raw,0.2,0.5,Nokia N900,FL2,0.0,0.0
shading,camera_rgb_wb,0.2,0.5,Nokia N900,FL2,0.0,0.0
shading,spectral_radiance,0.2,0.5,Nokia N900,FL2,0.0,0.0
shading,cie_xyz,0.2,0.5,Nokia N900,FL2,0.0,0.0
shading,camera_rgb_raw,0.2,0.5,Nokia N900,FL2,0.0,0.0
shading,camera_rgb_wb,0.2,0.5,Nokia N900,FL2,0.0,0.0
shading,spectral_radiance,0.2,0.5,Nokia N900,FL2,1.73472347598e-18,2.24171632633e-16
shading,cie_xyz,0.2,0.5,Nokia N900,FL2,1.11022302463e-16,2.16237160473e-16
shading,camera_rgb_raw,0.2,0.5,Nokia N900,FL2,1.66533453694e-16,4.23255201541e-16
shading,camera_rgb_wb,0.2,0.5,Nokia N900,FL2,1.11022302463e-16,1.78395768175e-16
shading,spectral_radiance,0.2,0.5,Nokia N900,FL2,0.0,0.0
shading,cie_xyz,0.2,0.5,Nokia N900,FL2,0.0,0.0
shading,camera_rgb_raw,0.2,0.5,Nokia N900,FL2,0.0,0.0
shading,camera_rgb_wb,0.2,0.5,Nokia N900,FL2,0.0,0.0
shading,spectral_radiance,0.2,0.5,Olympus E-PL2,FL2,0.0,0.0
shading,cie_xyz,0.2,0.5,Olympus E-PL2,FL2,0.0,0.0
shading,camera_rgb_raw,0.2,0.5,Olympus E-PL2,FL2,0.0,0.0
shading,camera_rgb_wb,0.2,0.5,Olympus E-PL2,FL2,0.0,0.0
shading,spectral_radiance,0.2,0.5,Olympus E-PL2,FL2,0.0,0.0
shading,cie_xyz,0.2,0.5,Olympus E-PL2,FL2,0.0,0.0
shading,camera_rgb_raw,0.2,0.5,Olympus E-PL2,FL2,0.0,0.0
shading,camera_rgb_wb,0.2,0.5,Olympus E-PL2,FL2,0.0,0.0
shading,spectral_radiance,0.2,0.5,Olympus E-PL2,FL2,1.73472347598e-18,2.24171632633e-16
shading,cie_xyz,0.2,0.5,Olympus E-PL2,FL2,1.11022302463e-16,2.16237160473e-16
shading,camera_rgb_raw,0.2,0.5,Olympus E-PL2,FL2,1.66533453694e-16,4.14170621536e-16
shading,camera_rgb_wb,0.2,0.5,Olympus E-PL2,FL2,1.11022302463e-16,1.72941059186e-16
shading,spectral_radiance,0.2,0.5,Olympus E-PL2,FL2,0.0,0.0
shading,cie_xyz,0.2,0.5,Olympus E-PL2,FL2,0.0,0.0
shading,camera_rgb_raw,0.2,0.5,Olympus E-PL2,FL2,0.0,0.0
shading,camera_rgb_wb,0.2,0.5,Olympus E-PL2,FL2,0.0,0.0
shading,spectral_radiance,0.2,0.5,Pentax K-5,FL2,0.0,0.0
shading,cie_xyz,0.2,0.5,Pentax K-5,FL2,0.0,0.0
shading,camera_rgb_raw,0.2,0.5,Pentax K-5,FL2,0.0,0.0
shading,camera_rgb_wb,0.2,0.5,Pentax K-5,FL2,0.0,0.0
shading,spectral_radiance,0.2,0.5,Pentax K-5,FL2,0.0,0.0
shading,cie_xyz,0.2,0.5,Pentax K-5,FL2,0.0,0.0
shading,camera_rgb_raw,0.2,0.5,Pentax K-5,FL2,0.0,0.0
shading,camera_rgb_wb,0.2,0.5,Pentax K-5,FL2,0.0,0.0
shading,spectral_radiance,0.2,0.5,Pentax K-5,FL2,1.73472347598e-18,2.24171632633e-16
shading,cie_xyz,0.2,0.5,Pentax K-5,FL2,1.11022302463e-16,2.16237160473e-16
shading,camera_rgb_raw,0.2,0.5,Pentax K-5,FL2,1.11022302463e-16,3.39859998935e-16
shading,camera_rgb_wb,0.2,0.5,Pentax K-5,FL2,2.22044604925e-16,3.73763678575e-16
shading,spectral_radiance,0.2,0.5,Pentax K-5,FL2,0.0,0.0
shading,cie_xyz,0.2,0.5,Pentax K-5,FL2,0.0,0.0
shading,camera_rgb_raw,0.2,0.5,Pentax K-5,FL2,0.0,0.0
shading,camera_rgb_wb,0.2,0.5,Pentax K-5,FL2,0.0,0.0
shading,spectral_radiance,0.2,0.5,Pentax Q,FL2,0.0,0.0
shading,cie_xyz,0.2,0.5,Pentax Q,FL2,0.0,0.0
shading,camera_rgb_raw,0.2,0.5,Pentax Q,FL2,0.0,0.0
shading,camera_rgb_wb,0.2,0.5,Pentax Q,FL2,0.0,0.0
shading,spectral_radiance,0.2,0.5,Pentax Q,FL2,0.0,0.0
shading,cie_xyz,0.2,0.5,Pentax Q,FL2,0.0,0.0
shading,camera_rgb_raw,0.2,0.5,Pentax Q,FL2,0.0,0.0
shading,camera_rgb_wb,0.2,0.5,Pentax Q,FL2,0.0,0.0
shading,spectral_radiance,0.2,0.5,Pentax Q,FL2,1.73472347598e-18,2.24171632633e-16
shading,cie_xyz,0.2,0.5,Pentax Q,FL2,1.11022302463e-16,2.16237160473e-16
shading,camera_rgb_raw,0.2,0.5,Pentax Q,FL2,1.11022302463e-16,2.57527980556e-16
shading,camera_rgb_wb,0.2,0.5,Pentax Q,FL2,2.22044604925e-16,3.58905938502e-16
shading,spectral_radiance,0.2,0.5,Pentax Q,FL2,0.0,0.0
shading,cie_xyz,0.2,0.5,Pentax Q,FL2,0.0,0.0
shading,camera_rgb_raw,0.2,0.5,Pentax Q,FL2,0.0,0.0
shading,camera_rgb_wb,0.2,0.5,Pentax Q,FL2,0.0,0.0
shading,spectral_radiance,0.2,0.5,Point Grey Grasshopper 50S5C,FL2,0.0,0.0
shading,cie_xyz,0.2,0.5,Point Grey Grasshopper 50S5C,FL2,0.0,0.0
shading,camera_rgb_raw,0.2,0.5,Point Grey Grasshopper 50S5C,FL2,0.0,0.0
shading,camera_rgb_wb,0.2,0.5,Point Grey Grasshopper 50S5C,FL2,0.0,0.0
shading,spectral_radiance,0.2,0.5,Point Grey Grasshopper 50S5C,FL2,0.0,0.0
shading,cie_xyz,0.2,0.5,Point Grey Grasshopper 50S5C,FL2,0.0,0.0
shading,camera_rgb_raw,0.2,0.5,Point Grey Grasshopper 50S5C,FL2,0.0,0.0
shading,camera_rgb_wb,0.2,0.5,Point Grey Grasshopper 50S5C,FL2,0.0,0.0
shading,spectral_radiance,0.2,0.5,Point Grey Grasshopper 50S5C,FL2,1.73472347598e-18,2.24171632633e-16
shading,cie_xyz,0.2,0.5,Point Grey Grasshopper 50S5C,FL2,1.11022302463e-16,2.16237160473e-16
shading,camera_rgb_raw,0.2,0.5,Point Grey Grasshopper 50S5C,FL2,2.77555756156e-17,1.26656593079e-16
shading,camera_rgb_wb,0.2,0.5,Point Grey Grasshopper 50S5C,FL2,5.55111512313e-17,7.78849521704e-17
shading,spectral_radiance,0.2,0.5,Point Grey Grasshopper 50S5C,FL2,0.0,0.0
shading,cie_xyz,0.2,0.5,Point Grey Grasshopper 50S5C,FL2,0.0,0.0
shading,camera_rgb_raw,0.2,0.5,Point Grey Grasshopper 50S5C,FL2,0.0,0.0
shading,camera_rgb_wb,0.2,0.5,Point Grey Grasshopper 50S5C,FL2,0.0,0.0
shading,spectral_radiance,0.2,0.5,Point Grey Grasshopper2 14S5C,FL2,0.0,0.0
shading,cie_xyz,0.2,0.5,Point Grey Grasshopper2 14S5C,FL2,0.0,0.0
shading,camera_rgb_raw,0.2,0.5,Point Grey Grasshopper2 14S5C,FL2,0.0,0.0
shading,camera_rgb_wb,0.2,0.5,Point Grey Grasshopper2 14S5C,FL2,0.0,0.0
shading,spectral_radiance,0.2,0.5,Point Grey Grasshopper2 14S5C,FL2,0.0,0.0
shading,cie_xyz,0.2,0.5,Point Grey Grasshopper2 14S5C,FL2,0.0,0.0
shading,camera_rgb_raw,0.2,0.5,Point Grey Grasshopper2 14S5C,FL2,0.0,0.0
shading,camera_rgb_wb,0.2,0.5,Point Grey Grasshopper2 14S5C,FL2,0.0,0.0
shading,spectral_radiance,0.2,0.5,Point Grey Grasshopper2 14S5C,FL2,1.73472347598e-18,2.24171632633e-16
shading,cie_xyz,0.2,0.5,Point Grey Grasshopper2 14S5C,FL2,1.11022302463e-16,2.16237160473e-16
shading,camera_rgb_raw,0.2,0.5,Point Grey Grasshopper2 14S5C,FL2,5.55111512313e-17,2.10605664956e-16
shading,camera_rgb_wb,0.2,0.5,Point Grey Grasshopper2 14S5C,FL2,1.11022302463e-16,1.69340388483e-16
shading,spectral_radiance,0.2,0.5,Point Grey Grasshopper2 14S5C,FL2,0.0,0.0
shading,cie_xyz,0.2,0.5,Point Grey Grasshopper2 14S5C,FL2,0.0,0.0
shading,camera_rgb_raw,0.2,0.5,Point Grey Grasshopper2 14S5C,FL2,0.0,0.0
shading,camera_rgb_wb,0.2,0.5,Point Grey Grasshopper2 14S5C,FL2,0.0,0.0
shading,spectral_radiance,0.2,0.5,Phase One,FL2,0.0,0.0
shading,cie_xyz,0.2,0.5,Phase One,FL2,0.0,0.0
shading,camera_rgb_raw,0.2,0.5,Phase One,FL2,0.0,0.0
shading,camera_rgb_wb,0.2,0.5,Phase One,FL2,0.0,0.0
shading,spectral_radiance,0.2,0.5,Phase One,FL2,0.0,0.0
shading,cie_xyz,0.2,0.5,Phase One,FL2,0.0,0.0
shading,camera_rgb_raw,0.2,0.5,Phase One,FL2,0.0,0.0
shading,camera_rgb_wb,0.2,0.5,Phase One,FL2,0.0,0.0
shading,spectral_radiance,0.2,0.5,Phase One,FL2,1.73472347598e-18,2.24171632633e-16
shading,cie_xyz,0.2,0.5,Phase One,FL2,1.11022302463e-16,2.16237160473e-16
shading,camera_rgb_raw,0.2,0.5,Phase One,FL2,5.55111512313e-17,1.83107714342e-16
shading,camera_rgb_wb,0.2,0.5,Phase One,FL2,5.55111512313e-17,1.04118736548e-16
shading,spectral_radiance,0.2,0.5,Phase One,FL2,0.0,0.0
shading,cie_xyz,0.2,0.5,Phase One,FL2,0.0,0.0
shading,camera_rgb_raw,0.2,0.5,Phase One,FL2,0.0,0.0
shading,camera_rgb_wb,0.2,0.5,Phase One,FL2,0.0,0.0
shading,spectral_radiance,0.2,0.5,SONY NEX-5N,FL2,0.0,0.0
shading,cie_xyz,0.2,0.5,SONY NEX-5N,FL2,0.0,0.0
shading,camera_rgb_raw,0.2,0.5,SONY NEX-5N,FL2,0.0,0.0
shading,camera_rgb_wb,0.2,0.5,SONY NEX-5N,FL2,0.0,0.0
shading,spectral_radiance,0.2,0.5,SONY NEX-5N,FL2,0.0,0.0
shading,cie_xyz,0.2,0.5,SONY NEX-5N,FL2,0.0,0.0
shading,camera_rgb_raw,0.2,0.5,SONY NEX-5N,FL2,0.0,0.0
shading,camera_rgb_wb,0.2,0.5,SONY NEX-5N,FL2,0.0,0.0
shading,spectral_radiance,0.2,0.5,SONY NEX-5N,FL2,1.73472347598e-18,2.24171632633e-16
shading,cie_xyz,0.2,0.5,SONY NEX-5N,FL2,1.11022302463e-16,2.16237160473e-16
shading,camera_rgb_raw,0.2,0.5,SONY NEX-5N,FL2,5.55111512313e-17,1.8040923402e-16
shading,camera_rgb_wb,0.2,0.5,SONY NEX-5N,FL2,1.11022302463e-16,1.93179065444e-16
shading,spectral_radiance,0.2,0.5,SONY NEX-5N,FL2,0.0,0.0
shading,cie_xyz,0.2,0.5,SONY NEX-5N,FL2,0.0,0.0
shading,camera_rgb_raw,0.2,0.5,SONY NEX-5N,FL2,0.0,0.0
shading,camera_rgb_wb,0.2,0.5,SONY NEX-5N,FL2,0.0,0.0
shading,spectral_radiance,0.2,0.5,Canon 1DMarkIII,FL11,0.0,0.0
shading,cie_xyz,0.2,0.5,Canon 1DMarkIII,FL11,0.0,0.0
shading,camera_rgb_raw,0.2,0.5,Canon 1DMarkIII,FL11,0.0,0.0
shading,camera_rgb_wb,0.2,0.5,Canon 1DMarkIII,FL11,0.0,0.0
shading,spectral_radiance,0.2,0.5,Canon 1DMarkIII,FL11,0.0,0.0
shading,cie_xyz,0.2,0.5,Canon 1DMarkIII,FL11,0.0,0.0
shading,camera_rgb_raw,0.2,0.5,Canon 1DMarkIII,FL11,0.0,0.0
shading,camera_rgb_wb,0.2,0.5,Canon 1DMarkIII,FL11,0.0,0.0
shading,spectral_radiance,0.2,0.5,Canon 1DMarkIII,FL11,3.46944695195e-18,1.24389758934e-16
shading,cie_xyz,0.2,0.5,Canon 1DMarkIII,FL11,1.66533453694e-16,2.89188897819e-16
shading,camera_rgb_raw,0.2,0.5,Canon 1DMarkIII,FL11,5.55111512313e-17,1.85658433728e-16
shading,camera_rgb_wb,0.2,0.5,Canon 1DMarkIII,FL11,1.66533453694e-16,2.59055641493e-16
shading,spectral_radiance,0.2,0.5,Canon 1DMarkIII,FL11,0.0,0.0
shading,cie_xyz,0.2,0.5,Canon 1DMarkIII,FL11,0.0,0.0
shading,camera_rgb_raw,0.2,0.5,Canon 1DMarkIII,FL11,0.0,0.0
shading,camera_rgb_wb,0.2,0.5,Canon 1DMarkIII,FL11,0.0,0.0
shading,spectral_radiance,0.2,0.5,Canon 20D,FL11,0.0,0.0
shading,cie_xyz,0.2,0.5,Canon 20D,FL11,0.0,0.0
shading,camera_rgb_raw,0.2,0.5,Canon 20D,FL11,0.0,0.0
shading,camera_rgb_wb,0.2,0.5,Canon 20D,FL11,0.0,0.0
shading,spectral_radiance,0.2,0.5,Canon 20D,FL11,0.0,0.0
shading,cie_xyz,0.2,0.5,Canon 20D,FL11,0.0,0.0
shading,camera_rgb_raw,0.2,0.5,Canon 20D,FL11,0.0,0.0
shading,camera_rgb_wb,0.2,0.5,Canon 20D,FL11,0.0,0.0
shading,spectral_radiance,0.2,0.5,Canon 20D,FL11,3.46944695195e-18,1.24389758934e-16
shading,cie_xyz,0.2,0.5,Canon 20D,FL11,1.66533453694e-16,2.89188897819e-16
shading,camera_rgb_raw,0.2,0.5,Canon 20D,FL11,5.55111512313e-17,1.79102654355e-16
shading,camera_rgb_wb,0.2,0.5,Canon 20D,FL11,1.11022302463e-16,1.73116924561e-16
shading,spectral_radiance,0.2,0.5,Canon 20D,FL11,0.0,0.0
shading,cie_xyz,0.2,0.5,Canon 20D,FL11,0.0,0.0
shading,camera_rgb_raw,0.2,0.5,Canon 20D,FL11,0.0,0.0
shading,camera_rgb_wb,0.2,0.5,Canon 20D,FL11,0.0,0.0
shading,spectral_radiance,0.2,0.5,Canon 300D,FL11,0.0,0.0
shading,cie_xyz,0.2,0.5,Canon 300D,FL11,0.0,0.0
shading,camera_rgb_raw,0.2,0.5,Canon 300D,FL11,0.0,0.0
shading,camera_rgb_wb,0.2,0.5,Canon 300D,FL11,0.0,0.0
shading,spectral_radiance,0.2,0.5,Canon 300D,FL11,0.0,0.0
shading,cie_xyz,0.2,0.5,Canon 300D,FL11,0.0,0.0
shading,camera_rgb_raw,0.2,0.5,Canon 300D,FL11,0.0,0.0
shading,camera_rgb_wb,0.2,0.5,Canon 300D,FL11,0.0,0.0
shading,spectral_radiance,0.2,0.5,Canon 300D,FL11,3.46944695195e-18,1.24389758934e-16
shading,cie_xyz,0.2,0.5,Canon 300D,FL11,1.66533453694e-16,2.89188897819e-16
shading,camera_rgb_raw,0.2,0.5,Canon 300D,FL11,2.77555756156e-16,9.03454002087e-16
shading,camera_rgb_wb,0.2,0.5,Canon 300D,FL11,3.33066907388e-16,4.9474826087e-16
shading,spectral_radiance,0.2,0.5,Canon 300D,FL11,0.0,0.0
shading,cie_xyz,0.2,0.5,Canon 300D,FL11,0.0,0.0
shading,camera_rgb_raw,0.2,0.5,Canon 300D,FL11,0.0,0.0
shading,camera_rgb_wb,0.2,0.5,Canon 300D,FL11,0.0,0.0
shading,spectral_radiance,0.2,0.5,Canon 40D,FL11,0.0,0.0
shading,cie_xyz,0.2,0.5,Canon 40D,FL11,0.0,0.0
shading,camera_rgb_raw,0.2,0.5,Canon 40D,FL11,0.0,0.0
shading,camera_rgb_wb,0.2,0.5,Canon 40D,FL11,0.0,0.0
shading,spectral_radiance,0.2,0.5,Canon 40D,FL11,0.0,0.0
shading,cie_xyz,0.2,0.5,Canon 40D,FL11,0.0,0.0
shading,camera_rgb_raw,0.2,0.5,Canon 40D,FL11,0.0,0.0
shading,camera_rgb_wb,0.2,0.5,Canon 40D,FL11,0.0,0.0
shading,spectral_radiance,0.2,0.5,Canon 40D,FL11,3.46944695195e-18,1.24389758934e-16
shading,cie_xyz,0.2,0.5,Canon 40D,FL11,1.66533453694e-16,2.89188897819e-16
shading,camera_rgb_raw,0.2,0.5,Canon 40D,FL11,8.32667268469e-17,2.58538720372e-16
shading,camera_rgb_wb,0.2,0.5,Canon 40D,FL11,2.22044604925e-16,3.46832384051e-16
shading,spectral_radiance,0.2,0.5,Canon 40D,FL11,0.0,0.0
shading,cie_xyz,0.2,0.5,Canon 40D,FL11,0.0,0.0
shading,camera_rgb_raw,0.2,0.5,Canon 40D,FL11,0.0,0.0
shading,camera_rgb_wb,0.2,0.5,Canon 40D,FL11,0.0,0.0
shading,spectral_radiance,0.2,0.5,Canon 500D,FL11,0.0,0.0
shading,cie_xyz,0.2,0.5,Canon 500D,FL11,0.0,0.0
shading,camera_rgb_raw,0.2,0.5,Canon 500D,FL11,0.0,0.0
shading,camera_rgb_wb,0.2,0.5,Canon 500D,FL11,0.0,0.0
shading,spectral_radiance,0.2,0.5,Canon 500D,FL11,0.0,0.0
shading,cie_xyz,0.2,0.5,Canon 500D,FL11,0.0,0.0
shading,camera_rgb_raw,0.2,0.5,Canon 500D,FL11,0.0,0.0
shading,camera_rgb_wb,0.2,0.5,Canon 500D,FL11,0.0,0.0
shading,spectral_radiance,0.2,0.5,Canon 500D,FL11,3.46944695195e-18,1.24389758934e-16
shading,cie_xyz,0.2,0.5,Canon 500D,FL11,1.66533453694e-16,2.89188897819e-16
shading,camera_rgb_raw,0.2,0.5,Canon 500D,FL11,1.66533453694e-16,4.51848999e-16
shading,camera_rgb_wb,0.2,0.5,Canon 500D,FL11,1.66533453694e-16,2.78640629692e-16
shading,spectral_radiance,0.2,0.5,Canon 500D,FL11,0.0,0.0
shading,cie_xyz,0.2,0.5,Canon 500D,FL11,0.0,0.0
shading,camera_rgb_raw,0.2,0.5,Canon 500D,FL11,0.0,0.0
shading,camera_rgb_wb,0.2,0.5,Canon 500D,FL11,0.0,0.0
shading,spectral_radiance,0.2,0.5,Canon 50D,FL11,0.0,0.0
shading,cie_xyz,0.2,0.5,Canon 50D,FL11,0.0,0.0
shading,camera_rgb_raw,0.2,0.5,Canon 50D,FL11,0.0,0.0
shading,camera_rgb_wb,0.2,0.5,Canon 50D,FL11,0.0,0.0
shading,spectral_radiance,0.2,0.5,Canon 50D,FL11,0.0,0.0
shading,cie_xyz,0.2,0.5,Canon 50D,FL11,0.0,0.0
shading,camera_rgb_raw,0.2,0.5,Canon 50D,FL11,0.0,0.0
shading,camera_rgb_wb,0.2,0.5,Canon 50D,FL11,0.0,0.0
shading,spectral_radiance,0.2,0.5,Canon 50D,FL11,3.46944695195e-18,1.24389758934e-16
shading,cie_xyz,0.2,0.5,Canon 50D,FL11,1.66533453694e-16,2.89188897819e-16
shading,camera_rgb_raw,0.2,0.5,Canon 50D,FL11,8.32667268469e-17,2.24874566844e-16
shading,camera_rgb_wb,0.2,0.5,Canon 50D,FL11,1.66533453694e-16,2.73353961023e-16
shading,spectral_radiance,0.2,0.5,Canon 50D,FL11,0.0,0.0
shading,cie_xyz,0.2,0.5,Canon 50D,FL11,0.0,0.0
shading,camera_rgb_raw,0.2,0.5,Canon 50D,FL11,0.0,0.0
shading,camera_rgb_wb,0.2,0.5,Canon 50D,FL11,0.0,0.0
shading,spectral_radiance,0.2,0.5,Canon 5DMarkII,FL11,0.0,0.0
shading,cie_xyz,0.2,0.5,Canon 5DMarkII,FL11,0.0,0.0
shading,camera_rgb_raw,0.2,0.5,Canon 5DMarkII,FL11,0.0,0.0
shading,camera_rgb_wb,0.2,0.5,Canon 5DMarkII,FL11,0.0,0.0
shading,spectral_radiance,0.2,0.5,Canon 5DMarkII,FL11,0.0,0.0
shading,cie_xyz,0.2,0.5,Canon 5DMarkII,FL11,0.0,0.0
shading,camera_rgb_raw,0.2,0.5,Canon 5DMarkII,FL11,0.0,0.0
shading,camera_rgb_wb,0.2,0.5,Canon 5DMarkII,FL11,0.0,0.0
shading,spectral_radiance,0.2,0.5,Canon 5DMarkII,FL11,3.46944695195e-18,1.24389758934e-16
shading,cie_xyz,0.2,0.5,Canon 5DMarkII,FL11,1.66533453694e-16,2.89188897819e-16
shading,camera_rgb_raw,0.2,0.5,Canon 5DMarkII,FL11,1.11022302463e-16,3.5354132915e-16
shading,camera_rgb_wb,0.2,0.5,Canon 5DMarkII,FL11,3.33066907388e-16,5.3867595493e-16
shading,spectral_radiance,0.2,0.5,Canon 5DMarkII,FL11,0.0,0.0
shading,cie_xyz,0.2,0.5,Canon 5DMarkII,FL11,0.0,0.0
shading,camera_rgb_raw,0.2,0.5,Canon 5DMarkII,FL11,0.0,0.0
shading,camera_rgb_wb,0.2,0.5,Canon 5DMarkII,FL11,0.0,0.0
shading,spectral_radiance,0.2,0.5,Canon 600D,FL11,0.0,0.0
shading,cie_xyz,0.2,0.5,Canon 600D,FL11,0.0,0.0
shading,camera_rgb_raw,0.2,0.5,Canon 600D,FL11,0.0,0.0
shading,camera_rgb_wb,0.2,0.5,Canon 600D,FL11,0.0,0.0
shading,spectral_radiance,0.2,0.5,Canon 600D,FL11,0.0,0.0
shading,cie_xyz,0.2,0.5,Canon 600D,FL11,0.0,0.0
shading,camera_rgb_raw,0.2,0.5,Canon 600D,FL11,0.0,0.0
shading,camera_rgb_wb,0.2,0.5,Canon 600D,FL11,0.0,0.0
shading,spectral_radiance,0.2,0.5,Canon 600D,FL11,3.46944695195e-18,1.24389758934e-16
shading,cie_xyz,0.2,0.5,Canon 600D,FL11,1.66533453694e-16,2.89188897819e-16
shading,camera_rgb_raw,0.2,0.5,Canon 600D,FL11,5.55111512313e-17,1.61446961615e-16
shading,camera_rgb_wb,0.2,0.5,Canon 600D,FL11,1.11022302463e-16,1.75762929274e-16
shading,spectral_radiance,0.2,0.5,Canon 600D,FL11,0.0,0.0
shading,cie_xyz,0.2,0.5,Canon 600D,FL11,0.0,0.0
shading,camera_rgb_raw,0.2,0.5,Canon 600D,FL11,0.0,0.0
shading,camera_rgb_wb,0.2,0.5,Canon 600D,FL11,0.0,0.0
shading,spectral_radiance,0.2,0.5,Canon 60D,FL11,0.0,0.0
shading,cie_xyz,0.2,0.5,Canon 60D,FL11,0.0,0.0
shading,camera_rgb_raw,0.2,0.5,Canon 60D,FL11,0.0,0.0
shading,camera_rgb_wb,0.2,0.5,Canon 60D,FL11,0.0,0.0
shading,spectral_radiance,0.2,0.5,Canon 60D,FL11,0.0,0.0
shading,cie_xyz,0.2,0.5,Canon 60D,FL11,0.0,0.0
shading,camera_rgb_raw,0.2,0.5,Canon 60D,FL11,0.0,0.0
shading,camera_rgb_wb,0.2,0.5,Canon 60D,FL11,0.0,0.0
shading,spectral_radiance,0.2,0.5,Canon 60D,FL11,3.46944695195e-18,1.24389758934e-16
shading,cie_xyz,0.2,0.5,Canon 60D,FL11,1.66533453694e-16,2.89188897819e-16
shading,camera_rgb_raw,0.2,0.5,Canon 60D,FL11,5.55111512313e-17,1.59549774526e-16
shading,camera_rgb_wb,0.2,0.5,Canon 60D,FL11,1.11022302463e-16,1.75697621858e-16
shading,spectral_radiance,0.2,0.5,Canon 60D,FL11,0.0,0.0
shading,cie_xyz,0.2,0.5,Canon 60D,FL11,0.0,0.0
shading,camera_rgb_raw,0.2,0.5,Canon 60D,FL11,0.0,0.0
shading,camera_rgb_wb,0.2,0.5,Canon 60D,FL11,0.0,0.0
shading,spectral_radiance,0.2,0.5,Hasselblad H2,FL11,0.0,0.0
shading,cie_xyz,0.2,0.5,Hasselblad H2,FL11,0.0,0.0
shading,camera_rgb_raw,0.2,0.5,Hasselblad H2,FL11,0.0,0.0
shading,camera_rgb_wb,0.2,0.5,Hasselblad H2,FL11,0.0,0.0
shading,spectral_radiance,0.2,0.5,Hasselblad H2,FL11,0.0,0.0
shading,cie_xyz,0.2,0.5,Hasselblad H2,FL11,0.0,0.0
shading,camera_rgb_raw,0.2,0.5,Hasselblad H2,FL11,0.0,0.0
shading,camera_rgb_wb,0.2,0.5,Hasselblad H2,FL11,0.0,0.0
shading,spectral_radiance,0.2,0.5,Hasselblad H2,FL11,3.46944695195e-18,1.24389758934e-16
shading,cie_xyz,0.2,0.5,Hasselblad H2,FL11,1.66533453694e-16,2.89188897819e-16
shading,camera_rgb_raw,0.2,0.5,Hasselblad H2,FL11,1.66533453694e-16,5.77514656487e-16
shading,camera_rgb_wb,0.2,0.5,Hasselblad H2,FL11,2.77555756156e-16,4.13777114386e-16
shading,spectral_radiance,0.2,0.5,Hasselblad H2,FL11,0.0,0.0
shading,cie_xyz,0.2,0.5,Hasselblad H2,FL11,0.0,0.0
shading,camera_rgb_raw,0.2,0.5,Hasselblad H2,FL11,0.0,0.0
shading,camera_rgb_wb,0.2,0.5,Hasselblad H2,FL11,0.0,0.0
shading,spectral_radiance,0.2,0.5,Nikon D3X,FL11,0.0,0.0
shading,cie_xyz,0.2,0.5,Nikon D3X,FL11,0.0,0.0
shading,camera_rgb_raw,0.2,0.5,Nikon D3X,FL11,0.0,0.0
shading,camera_rgb_wb,0.2,0.5,Nikon D3X,FL11,0.0,0.0
shading,spectral_radiance,0.2,0.5,Nikon D3X,FL11,0.0,0.0
shading,cie_xyz,0.2,0.5,Nikon D3X,FL11,0.0,0.0
shading,camera_rgb_raw,0.2,0.5,Nikon D3X,FL11,0.0,0.0
shading,camera_rgb_wb,0.2,0.5,Nikon D3X,FL11,0.0,0.0
shading,spectral_radiance,0.2,0.5,Nikon D3X,FL11,3.46944695195e-18,1.24389758934e-16
shading,cie_xyz,0.2,0.5,Nikon D3X,FL11,1.66533453694e-16,2.89188897819e-16
shading,camera_rgb_raw,0.2,0.5,Nikon D3X,FL11,5.55111512313e-17,1.73402519953e-16
shading,camera_rgb_wb,0.2,0.5,Nikon D3X,FL11,2.22044604925e-16,3.34762882488e-16
shading,spectral_radiance,0.2,0.5,Nikon D3X,FL11,0.0,0.0
shading,cie_xyz,0.2,0.5,Nikon D3X,FL11,0.0,0.0
shading,camera_rgb_raw,0.2,0.5,Nikon D3X,FL11,0.0,0.0
shading,camera_rgb_wb,0.2,0.5,Nikon D3X,FL11,0.0,0.0
shading,spectral_radiance,0.2,0.5,Nikon D200,FL11,0.0,0.0
shading,cie_xyz,0.2,0.5,Nikon D200,FL11,0.0,0.0
shading,camera_rgb_raw,0.2,0.5,Nikon D200,FL11,0.0,0.0
shading,camera_rgb_wb,0.2,0.5,Nikon D200,FL11,0.0,0.0
shading,spectral_radiance,0.2,0.5,Nikon D200,FL11,0.0,0.0
shading,cie_xyz,0.2,0.5,Nikon D200,FL11,0.0,0.0
shading,camera_rgb_raw,0.2,0.5,Nikon D200,FL11,0.0,0.0
shading,camera_rgb_wb,0.2,0.5,Nikon D200,FL11,0.0,0.0
shading,spectral_radiance,0.2,0.5,Nikon D200,FL11,3.46944695195e-18,1.24389758934e-16
shading,cie_xyz,0.2,0.5,Nikon D200,FL11,1.66533453694e-16,2.89188897819e-16
shading,camera_rgb_raw,0.2,0.5,Nikon D200,FL11,5.55111512313e-17,1.77629262108e-16
shading,camera_rgb_wb,0.2,0.5,Nikon D200,FL11,1.11022302463e-16,1.67750721963e-16
shading,spectral_radiance,0.2,0.5,Nikon D200,FL11,0.0,0.0
shading,cie_xyz,0.2,0.5,Nikon D200,FL11,0.0,0.0
shading,camera_rgb_raw,0.2,0.5,Nikon D200,FL11,0.0,0.0
shading,camera_rgb_wb,0.2,0.5,Nikon D200,FL11,0.0,0.0
shading,spectral_radiance,0.2,0.5,Nikon D3,FL11,0.0,0.0
shading,cie_xyz,0.2,0.5,Nikon D3,FL11,0.0,0.0
shading,camera_rgb_raw,0.2,0.5,Nikon D3,FL11,0.0,0.0
shading,camera_rgb_wb,0.2,0.5,Nikon D3,FL11,0.0,0.0
shading,spectral_radiance,0.2,0.5,Nikon D3,FL11,0.0,0.0
shading,cie_xyz,0.2,0.5,Nikon D3,FL11,0.0,0.0
shading,camera_rgb_raw,0.2,0.5,Nikon D3,FL11,0.0,0.0
shading,camera_rgb_wb,0.2,0.5,Nikon D3,FL11,0.0,0.0
shading,spectral_radiance,0.2,0.5,Nikon D3,FL11,3.46944695195e-18,1.24389758934e-16
shading,cie_xyz,0.2,0.5,Nikon D3,FL11,1.66533453694e-16,2.89188897819e-16
shading,camera_rgb_raw,0.2,0.5,Nikon D3,FL11,1.11022302463e-16,3.73240763024e-16
shading,camera_rgb_wb,0.2,0.5,Nikon D3,FL11,1.66533453694e-16,2.52585052033e-16
shading,spectral_radiance,0.2,0.5,Nikon D3,FL11,0.0,0.0
shading,cie_xyz,0.2,0.5,Nikon D3,FL11,0.0,0.0
shading,camera_rgb_raw,0.2,0.5,Nikon D3,FL11,0.0,0.0
shading,camera_rgb_wb,0.2,0.5,Nikon D3,FL11,0.0,0.0
shading,spectral_radiance,0.2,0.5,Nikon D300s,FL11,0.0,0.0
shading,cie_xyz,0.2,0.5,Nikon D300s,FL11,0.0,0.0
shading,camera_rgb_raw,0.2,0.5,Nikon D300s,FL11,0.0,0.0
shading,camera_rgb_wb,0.2,0.5,Nikon D300s,FL11,0.0,0.0
shading,spectral_radiance,0.2,0.5,Nikon D300s,FL11,0.0,0.0
shading,cie_xyz,0.2,0.5,Nikon D300s,FL11,0.0,0.0
shading,camera_rgb_raw,0.2,0.5,Nikon D300s,FL11,0.0,0.0
shading,camera_rgb_wb,0.2,0.5,Nikon D300s,FL11,0.0,0.0
shading,spectral_radiance,0.2,0.5,Nikon D300s,FL11,3.46944695195e-18,1.24389758934e-16
shading,cie_xyz,0.2,0.5,Nikon D300s,FL11,1.66533453694e-16,2.89188897819e-16
shading,camera_rgb_raw,0.2,0.5,Nikon D300s,FL11,1.66533453694e-16,4.76014261159e-16
shading,camera_rgb_wb,0.2,0.5,Nikon D300s,FL11,2.22044604925e-16,3.41274808662e-16
shading,spectral_radiance,0.2,0.5,Nikon D300s,FL11,0.0,0.0
shading,cie_xyz,0.2,0.5,Nikon D300s,FL11,0.0,0.0
shading,camera_rgb_raw,0.2,0.5,Nikon D300s,FL11,0.0,0.0
shading,camera_rgb_wb,0.2,0.5,Nikon D300s,FL11,0.0,0.0
shading,spectral_radiance,0.2,0.5,Nikon D40,FL11,0.0,0.0
shading,cie_xyz,0.2,0.5,Nikon D40,FL11,0.0,0.0
shading,camera_rgb_raw,0.2,0.5,Nikon D40,FL11,0.0,0.0
shading,camera_rgb_wb,0.2,0.5,Nikon D40,FL11,0.0,0.0
shading,spectral_radiance,0.2,0.5,Nikon D40,FL11,0.0,0.0
shading,cie_xyz,0.2,0.5,Nikon D40,FL11,0.0,0.0
shading,camera_rgb_raw,0.2,0.5,Nikon D40,FL11,0.0,0.0
shading,camera_rgb_wb,0.2,0.5,Nikon D40,FL11,0.0,0.0
shading,spectral_radiance,0.2,0.5,Nikon D40,FL11,3.46944695195e-18,1.24389758934e-16
shading,cie_xyz,0.2,0.5,Nikon D40,FL11,1.66533453694e-16,2.89188897819e-16
shading,camera_rgb_raw,0.2,0.5,Nikon D40,FL11,5.55111512313e-17,1.98663235094e-16
shading,camera_rgb_wb,0.2,0.5,Nikon D40,FL11,1.66533453694e-16,2.54595656138e-16
shading,spectral_radiance,0.2,0.5,Nikon D40,FL11,0.0,0.0
shading,cie_xyz,0.2,0.5,Nikon D40,FL11,0.0,0.0
shading,camera_rgb_raw,0.2,0.5,Nikon D40,FL11,0.0,0.0
shading,camera_rgb_wb,0.2,0.5,Nikon D40,FL11,0.0,0.0
shading,spectral_radiance,0.2,0.5,Nikon D50,FL11,0.0,0.0
shading,cie_xyz,0.2,0.5,Nikon D50,FL11,0.0,0.0
shading,camera_rgb_raw,0.2,0.5,Nikon D50,FL11,0.0,0.0
shading,camera_rgb_wb,0.2,0.5,Nikon D50,FL11,0.0,0.0
shading,spectral_radiance,0.2,0.5,Nikon D50,FL11,0.0,0.0
shading,cie_xyz,0.2,0.5,Nikon D50,FL11,0.0,0.0
shading,camera_rgb_raw,0.2,0.5,Nikon D50,FL11,0.0,0.0
shading,camera_rgb_wb,0.2,0.5,Nikon D50,FL11,0.0,0.0
shading,spectral_radiance,0.2,0.5,Nikon D50,FL11,3.46944695195e-18,1.24389758934e-16
shading,cie_xyz,0.2,0.5,Nikon D50,FL11,1.66533453694e-16,2.89188897819e-16
shading,camera_rgb_raw,0.2,0.5,Nikon D50,FL11,5.55111512313e-17,1.94665788532e-16
shading,camera_rgb_wb,0.2,0.5,Nikon D50,FL11,1.66533453694e-16,2.5203278938e-16
shading,spectral_radiance,0.2,0.5,Nikon D50,FL11,0.0,0.0
shading,cie_xyz,0.2,0.5,Nikon D50,FL11,0.0,0.0
shading,camera_rgb_raw,0.2,0.5,Nikon D50,FL11,0.0,0.0
shading,camera_rgb_wb,0.2,0.5,Nikon D50,FL11,0.0,0.0
shading,spectral_radiance,0.2,0.5,Nikon D5100,FL11,0.0,0.0
shading,cie_xyz,0.2,0.5,Nikon D5100,FL11,0.0,0.0
shading,camera_rgb_raw,0.2,0.5,Nikon D5100,FL11,0.0,0.0
shading,camera_rgb_wb,0.2,0.5,Nikon D5100,FL11,0.0,0.0
shading,spectral_radiance,0.2,0.5,Nikon D5100,FL11,0.0,0.0
shading,cie_xyz,0.2,0.5,Nikon D5100,FL11,0.0,0.0
shading,camera_rgb_raw,0.2,0.5,Nikon D5100,FL11,0.0,0.0
shading,camera_rgb_wb,0.2,0.5,Nikon D5100,FL11,0.0,0.0
shading,spectral_radiance,0.2,0.5,Nikon D5100,FL11,3.46944695195e-18,1.24389758934e-16
shading,cie_xyz,0.2,0.5,Nikon D5100,FL11,1.66533453694e-16,2.89188897819e-16
shading,camera_rgb_raw,0.2,0.5,Nikon D5100,FL11,1.11022302463e-16,3.65936445121e-16
shading,camera_rgb_wb,0.2,0.5,Nikon D5100,FL11,2.22044604925e-16,3.42659411865e-16
shading,spectral_radiance,0.2,0.5,Nikon D5100,FL11,0.0,0.0
shading,cie_xyz,0.2,0.5,Nikon D5100,FL11,0.0,0.0
shading,camera_rgb_raw,0.2,0.5,Nikon D5100,FL11,0.0,0.0
shading,camera_rgb_wb,0.2,0.5,Nikon D5100,FL11,0.0,0.0
shading,spectral_radiance,0.2,0.5,Nikon D700,FL11,0.0,0.0
shading,cie_xyz,0.2,0.5,Nikon D700,FL11,0.0,0.0
shading,camera_rgb_raw,0.2,0.5,Nikon D700,FL11,0.0,0.0
shading,camera_rgb_wb,0.2,0.5,Nikon D700,FL11,0.0,0.0
shading,spectral_radiance,0.2,0.5,Nikon D700,FL11,0.0,0.0
shading,cie_xyz,0.2,0.5,Nikon D700,FL11,0.0,0.0
shading,camera_rgb_raw,0.2,0.5,Nikon D700,FL11,0.0,0.0
shading,camera_rgb_wb,0.2,0.5,Nikon D700,FL11,0.0,0.0
shading,spectral_radiance,0.2,0.5,Nikon D700,FL11,3.46944695195e-18,1.24389758934e-16
shading,cie_xyz,0.2,0.5,Nikon D700,FL11,1.66533453694e-16,2.89188897819e-16
shading,camera_rgb_raw,0.2,0.5,Nikon D700,FL11,1.11022302463e-16,3.59173121624e-16
shading,camera_rgb_wb,0.2,0.5,Nikon D700,FL11,1.66533453694e-16,2.52491137354e-16
shading,spectral_radiance,0.2,0.5,Nikon D700,FL11,0.0,0.0
shading,cie_xyz,0.2,0.5,Nikon D700,FL11,0.0,0.0
shading,camera_rgb_raw,0.2,0.5,Nikon D700,FL11,0.0,0.0
shading,camera_rgb_wb,0.2,0.5,Nikon D700,FL11,0.0,0.0
shading,spectral_radiance,0.2,0.5,Nikon D80,FL11,0.0,0.0
shading,cie_xyz,0.2,0.5,Nikon D80,FL11,0.0,0.0
shading,camera_rgb_raw,0.2,0.5,Nikon D80,FL11,0.0,0.0
shading,camera_rgb_wb,0.2,0.5,Nikon D80,FL11,0.0,0.0
shading,spectral_radiance,0.2,0.5,Nikon D80,FL11,0.0,0.0
shading,cie_xyz,0.2,0.5,Nikon D80,FL11,0.0,0.0
shading,camera_rgb_raw,0.2,0.5,Nikon D80,FL11,0.0,0.0
shading,camera_rgb_wb,0.2,0.5,Nikon D80,FL11,0.0,0.0
shading,spectral_radiance,0.2,0.5,Nikon D80,FL11,3.46944695195e-18,1.24389758934e-16
shading,cie_xyz,0.2,0.5,Nikon D80,FL11,1.66533453694e-16,2.89188897819e-16
shading,camera_rgb_raw,0.2,0.5,Nikon D80,FL11,5.55111512313e-17,2.10770128533e-16
shading,camera_rgb_wb,0.2,0.5,Nikon D80,FL11,1.11022302463e-16,1.69187732804e-16
shading,spectral_radiance,0.2,0.5,Nikon D80,FL11,0.0,0.0
shading,cie_xyz,0.2,0.5,Nikon D80,FL11,0.0,0.0
shading,camera_rgb_raw,0.2,0.5,Nikon D80,FL11,0.0,0.0
shading,camera_rgb_wb,0.2,0.5,Nikon D80,FL11,0.0,0.0
shading,spectral_radiance,0.2,0.5,Nikon D90,FL11,0.0,0.0
shading,cie_xyz,0.2,0.5,Nikon D90,FL11,0.0,0.0
shading,camera_rgb_raw,0.2,0.5,Nikon D90,FL11,0.0,0.0
shading,camera_rgb_wb,0.2,0.5,Nikon D90,FL11,0.0,0.0
shading,spectral_radiance,0.2,0.5,Nikon D90,FL11,0.0,0.0
shading,cie_xyz,0.2,0.5,Nikon D90,FL11,0.0,0.0
shading,camera_rgb_raw,0.2,0.5,Nikon D90,FL11,0.0,0.0
shading,camera_rgb_wb,0.2,0.5,Nikon D90,FL11,0.0,0.0
shading,spectral_radiance,0.2,0.5,Nikon D90,FL11,3.46944695195e-18,1.24389758934e-16
shading,cie_xyz,0.2,0.5,Nikon D90,FL11,1.66533453694e-16,2.89188897819e-16
shading,camera_rgb_raw,0.2,0.5,Nikon D90,FL11,5.55111512313e-17,1.9314947793e-16
shading,camera_rgb_wb,0.2,0.5,Nikon D90,FL11,1.11022302463e-16,1.71178725837e-16
shading,spectral_radiance,0.2,0.5,Nikon D90,FL11,0.0,0.0
shading,cie_xyz,0.2,0.5,Nikon D90,FL11,0.0,0.0
shading,camera_rgb_raw,0.2,0.5,Nikon D90,FL11,0.0,0.0
shading,camera_rgb_wb,0.2,0.5,Nikon D90,FL11,0.0,0.0
shading,spectral_radiance,0.2,0.5,Nokia N900,FL11,0.0,0.0
shading,cie_xyz,0.2,0.5,Nokia N900,FL11,0.0,0.0
shading,camera_rgb_raw,0.2,0.5,Nokia N900,FL11,0.0,0.0
shading,camera_rgb_wb,0.2,0.5,Nokia N900,FL11,0.0,0.0
shading,spectral_radiance,0.2,0.5,Nokia N900,FL11,0.0,0.0
shading,cie_xyz,0.2,0.5,Nokia N900,FL11,0.0,0.0
shading,camera_rgb_raw,0.2,0.5,Nokia N900,FL11,0.0,0.0
shading,camera_rgb_wb,0.2,0.5,Nokia N900,FL11,0.0,0.0
shading,spectral_radiance,0.2,0.5,Nokia N900,FL11,3.46944695195e-18,1.24389758934e-16
shading,cie_xyz,0.2,0.5,Nokia N900,FL11,1.66533453694e-16,2.89188897819e-16
shading,camera_rgb_raw,0.2,0.5,Nokia N900,FL11,5.55111512313e-17,1.22152394179e-16
shading,camera_rgb_wb,0.2,0.5,Nokia N900,FL11,1.66533453694e-16,2.5250465455e-16
shading,spectral_radiance,0.2,0.5,Nokia N900,FL11,0.0,0.0
shading,cie_xyz,0.2,0.5,Nokia N900,FL11,0.0,0.0
shading,camera_rgb_raw,0.2,0.5,Nokia N900,FL11,0.0,0.0
shading,camera_rgb_wb,0.2,0.5,Nokia N900,FL11,0.0,0.0
shading,spectral_radiance,0.2,0.5,Olympus E-PL2,FL11,0.0,0.0
shading,cie_xyz,0.2,0.5,Olympus E-PL2,FL11,0.0,0.0
shading,camera_rgb_raw,0.2,0.5,Olympus E-PL2,FL11,0.0,0.0
shading,camera_rgb_wb,0.2,0.5,Olympus E-PL2,FL11,0.0,0.0
shading,spectral_radiance,0.2,0.5,Olympus E-PL2,FL11,0.0,0.0
shading,cie_xyz,0.2,0.5,Olympus E-PL2,FL11,0.0,0.0
shading,camera_rgb_raw,0.2,0.5,Olympus E-PL2,FL11,0.0,0.0
shading,camera_rgb_wb,0.2,0.5,Olympus E-PL2,FL11,0.0,0.0
shading,spectral_radiance,0.2,0.5,Olympus E-PL2,FL11,3.46944695195e-18,1.24389758934e-16
shading,cie_xyz,0.2,0.5,Olympus E-PL2,FL11,1.66533453694e-16,2.89188897819e-16
shading,camera_rgb_raw,0.2,0.5,Olympus E-PL2,FL11,1.11022302463e-16,2.23749534209e-16
shading,camera_rgb_wb,0.2,0.5,Olympus E-PL2,FL11,1.66533453694e-16,2.39178223062e-16
shading,spectral_radiance,0.2,0.5,Olympus E-PL2,FL11,0.0,0.0
shading,cie_xyz,0.2,0.5,Olympus E-PL2,FL11,0.0,0.0
shading,camera_rgb_raw,0.2,0.5,Olympus E-PL2,FL11,0.0,0.0
shading,camera_rgb_wb,0.2,0.5,Olympus E-PL2,FL11,0.0,0.0
shading,spectral_radiance,0.2,0.5,Pentax K-5,FL11,0.0,0.0
shading,cie_xyz,0.2,0.5,Pentax K-5,FL11,0.0,0.0
shading,camera_rgb_raw,0.2,0.5,Pentax K-5,FL11,0.0,0.0
shading,camera_rgb_wb,0.2,0.5,Pentax K-5,FL11,0.0,0.0
shading,spectral_radiance,0.2,0.5,Pentax K-5,FL11,0.0,0.0
shading,cie_xyz,0.2,0.5,Pentax K-5,FL11,0.0,0.0
shading,camera_rgb_raw,0.2,0.5,Pentax K-5,FL11,0.0,0.0
shading,camera_rgb_wb,0.2,0.5,Pentax K-5,FL11,0.0,0.0
shading,spectral_radiance,0.2,0.5,Pentax K-5,FL11,3.46944695195e-18,1.24389758934e-16
shading,cie_xyz,0.2,0.5,Pentax K-5,FL11,1.66533453694e-16,2.89188897819e-16
shading,camera_rgb_raw,0.2,0.5,Pentax K-5,FL11,1.11022302463e-16,3.52882469349e-16
shading,camera_rgb_wb,0.2,0.5,Pentax K-5,FL11,1.11022302463e-16,1.7007324049e-16
shading,spectral_radiance,0.2,0.5,Pentax K-5,FL11,0.0,0.0
shading,cie_xyz,0.2,0.5,Pentax K-5,FL11,0.0,0.0
shading,camera_rgb_raw,0.2,0.5,Pentax K-5,FL11,0.0,0.0
shading,camera_rgb_wb,0.2,0.5,Pentax K-5,FL11,0.0,0.0
shading,spectral_radiance,0.2,0.5,Pentax Q,FL11,0.0,0.0
shading,cie_xyz,0.2,0.5,Pentax Q,FL11,0.0,0.0
shading,camera_rgb_raw,0.2,0.5,Pentax Q,FL11,0.0,0.0
shading,camera_rgb_wb,0.2,0.5,Pentax Q,FL11,0.0,0.0
shading,spectral_radiance,0.2,0.5,Pentax Q,FL11,0.0,0.0
shading,cie_xyz,0.2,0.5,Pentax Q,FL11,0.0,0.0
shading,camera_rgb_raw,0.2,0.5,Pentax Q,FL11,0.0,0.0
shading,camera_rgb_wb,0.2,0.5,Pentax Q,FL11,0.0,0.0
shading,spectral_radiance,0.2,0.5,Pentax Q,FL11,3.46944695195e-18,1.24389758934e-16
shading,cie_xyz,0.2,0.5,Pentax Q,FL11,1.66533453694e-16,2.89188897819e-16
shading,camera_rgb_raw,0.2,0.5,Pentax Q,FL11,1.66533453694e-16,3.53929389468e-16
shading,camera_rgb_wb,0.2,0.5,Pentax Q,FL11,1.66533453694e-16,2.49517029986e-16
shading,spectral_radiance,0.2,0.5,Pentax Q,FL11,0.0,0.0
shading,cie_xyz,0.2,0.5,Pentax Q,FL11,0.0,0.0
shading,camera_rgb_raw,0.2,0.5,Pentax Q,FL11,0.0,0.0
shading,camera_rgb_wb,0.2,0.5,Pentax Q,FL11,0.0,0.0
shading,spectral_radiance,0.2,0.5,Point Grey Grasshopper 50S5C,FL11,0.0,0.0
shading,cie_xyz,0.2,0.5,Point Grey Grasshopper 50S5C,FL11,0.0,0.0
shading,camera_rgb_raw,0.2,0.5,Point Grey Grasshopper 50S5C,FL11,0.0,0.0
shading,camera_rgb_wb,0.2,0.5,Point Grey Grasshopper 50S5C,FL11,0.0,0.0
shading,spectral_radiance,0.2,0.5,Point Grey Grasshopper 50S5C,FL11,0.0,0.0
shading,cie_xyz,0.2,0.5,Point Grey Grasshopper 50S5C,FL11,0.0,0.0
shading,camera_rgb_raw,0.2,0.5,Point Grey Grasshopper 50S5C,FL11,0.0,0.0
shading,camera_rgb_wb,0.2,0.5,Point Grey Grasshopper 50S5C,FL11,0.0,0.0
shading,spectral_radiance,0.2,0.5,Point Grey Grasshopper 50S5C,FL11,3.46944695195e-18,1.24389758934e-16
shading,cie_xyz,0.2,0.5,Point Grey Grasshopper 50S5C,FL11,1.66533453694e-16,2.89188897819e-16
shading,camera_rgb_raw,0.2,0.5,Point Grey Grasshopper 50S5C,FL11,8.32667268469e-17,3.24430131572e-16
shading,camera_rgb_wb,0.2,0.5,Point Grey Grasshopper 50S5C,FL11,1.66533453694e-16,2.30232803949e-16
shading,spectral_radiance,0.2,0.5,Point Grey Grasshopper 50S5C,FL11,0.0,0.0
shading,cie_xyz,0.2,0.5,Point Grey Grasshopper 50S5C,FL11,0.0,0.0
shading,camera_rgb_raw,0.2,0.5,Point Grey Grasshopper 50S5C,FL11,0.0,0.0
shading,camera_rgb_wb,0.2,0.5,Point Grey Grasshopper 50S5C,FL11,0.0,0.0
shading,spectral_radiance,0.2,0.5,Point Grey Grasshopper2 14S5C,FL11,0.0,0.0
shading,cie_xyz,0.2,0.5,Point Grey Grasshopper2 14S5C,FL11,0.0,0.0
shading,camera_rgb_raw,0.2,0.5,Point Grey Grasshopper2 14S5C,FL11,0.0,0.0
shading,camera_rgb_wb,0.2,0.5,Point Grey Grasshopper2 14S5C,FL11,0.0,0.0
shading,spectral_radiance,0.2,0.5,Point Grey Grasshopper2 14S5C,FL11,0.0,0.0
shading,cie_xyz,0.2,0.5,Point Grey Grasshopper2 14S5C,FL11,0.0,0.0
shading,camera_rgb_raw,0.2,0.5,Point Grey Grasshopper2 14S5C,FL11,0.0,0.0
shading,camera_rgb_wb,0.2,0.5,Point Grey Grasshopper2 14S5C,FL11,0.0,0.0
shading,spectral_radiance,0.2,0.5,Point Grey Grasshopper2 14S5C,FL11,3.46944695195e-18,1.24389758934e-16
shading,cie_xyz,0.2,0.5,Point Grey Grasshopper2 14S5C,FL11,1.66533453694e-16,2.89188897819e-16
shading,camera_rgb_raw,0.2,0.5,Point Grey Grasshopper2 14S5C,FL11,1.66533453694e-16,5.2877173109e-16
shading,camera_rgb_wb,0.2,0.5,Point Grey Grasshopper2 14S5C,FL11,3.33066907388e-16,4.75417061266e-16
shading,spectral_radiance,0.2,0.5,Point Grey Grasshopper2 14S5C,FL11,0.0,0.0
shading,cie_xyz,0.2,0.5,Point Grey Grasshopper2 14S5C,FL11,0.0,0.0
shading,camera_rgb_raw,0.2,0.5,Point Grey Grasshopper2 14S5C,FL11,0.0,0.0
shading,camera_rgb_wb,0.2,0.5,Point Grey Grasshopper2 14S5C,FL11,0.0,0.0
shading,spectral_radiance,0.2,0.5,Phase One,FL11,0.0,0.0
shading,cie_xyz,0.2,0.5,Phase One,FL11,0.0,0.0
shading,camera_rgb_raw,0.2,0.5,Phase One,FL11,0.0,0.0
shading,camera_rgb_wb,0.2,0.5,Phase One,FL11,0.0,0.0
shading,spectral_radiance,0.2,0.5,Phase One,FL11,0.0,0.0
shading,cie_xyz,0.2,0.5,Phase One,FL11,0.0,0.0
shading,camera_rgb_raw,0.2,0.5,Phase One,FL11,0.0,0.0
shading,camera_rgb_wb,0.2,0.5,Phase One,FL11,0.0,0.0
shading,spectral_radiance,0.2,0.5,Phase One,FL11,3.46944695195e-18,1.24389758934e-16
shading,cie_xyz,0.2,0.5,Phase One,FL11,1.66533453694e-16,2.89188897819e-16
shading,camera_rgb_raw,0.2,0.5,Phase One,FL11,1.11022302463e-16,3.77695833309e-16
shading,camera_rgb_wb,0.2,0.5,Phase One,FL11,2.22044604925e-16,3.67299314337e-16
shading,spectral_radiance,0.2,0.5,Phase One,FL11,0.0,0.0
shading,cie_xyz,0.2,0.5,Phase One,FL11,0.0,0.0
shading,camera_rgb_raw,0.2,0.5,Phase One,FL11,0.0,0.0
shading,camera_rgb_wb,0.2,0.5,Phase One,FL11,0.0,0.0
shading,spectral_radiance,0.2,0.5,SONY NEX-5N,FL11,0.0,0.0
shading,cie_xyz,0.2,0.5,SONY NEX-5N,FL11,0.0,0.0
shading,camera_rgb_raw,0.2,0.5,SONY NEX-5N,FL11,0.0,0.0
shading,camera_rgb_wb,0.2,0.5,SONY NEX-5N,FL11,0.0,0.0
shading,spectral_radiance,0.2,0.5,SONY NEX-5N,FL11,0.0,0.0
shading,cie_xyz,0.2,0.5,SONY NEX-5N,FL11,0.0,0.0
shading,camera_rgb_raw,0.2,0.5,SONY NEX-5N,FL11,0.0,0.0
shading,camera_rgb_wb,0.2,0.5,SONY NEX-5N,FL11,0.0,0.0
shading,spectral_radiance,0.2,0.5,SONY NEX-5N,FL11,3.46944695195e-18,1.24389758934e-16
shading,cie_xyz,0.2,0.5,SONY NEX-5N,FL11,1.66533453694e-16,2.89188897819e-16
shading,camera_rgb_raw,0.2,0.5,SONY NEX-5N,FL11,5.55111512313e-17,1.84988006003e-16
shading,camera_rgb_wb,0.2,0.5,SONY NEX-5N,FL11,5.55111512313e-17,8.69040604946e-17
shading,spectral_radiance,0.2,0.5,SONY NEX-5N,FL11,0.0,0.0
shading,cie_xyz,0.2,0.5,SONY NEX-5N,FL11,0.0,0.0
shading,camera_rgb_raw,0.2,0.5,SONY NEX-5N,FL11,0.0,0.0
shading,camera_rgb_wb,0.2,0.5,SONY NEX-5N,FL11,0.0,0.0
shading,spectral_radiance,0.2,0.8,Canon 1DMarkIII,D65,0.0,0.0
shading,cie_xyz,0.2,0.8,Canon 1DMarkIII,D65,0.0,0.0
shading,camera_rgb_raw,0.2,0.8,Canon 1DMarkIII,D65,0.0,0.0
shading,camera_rgb_wb,0.2,0.8,Canon 1DMarkIII,D65,0.0,0.0
shading,spectral_radiance,0.2,0.8,Canon 1DMarkIII,D65,0.0,0.0
shading,cie_xyz,0.2,0.8,Canon 1DMarkIII,D65,0.0,0.0
shading,camera_rgb_raw,0.2,0.8,Canon 1DMarkIII,D65,0.0,0.0
shading,camera_rgb_wb,0.2,0.8,Canon 1DMarkIII,D65,0.0,0.0
shading,spectral_radiance,0.2,0.8,Canon 1DMarkIII,D65,1.73472347598e-18,2.64151726361e-16
shading,cie_xyz,0.2,0.8,Canon 1DMarkIII,D65,1.11022302463e-16,2.35246412608e-16
shading,camera_rgb_raw,0.2,0.8,Canon 1DMarkIII,D65,1.11022302463e-16,3.22845099398e-16
shading,camera_rgb_wb,0.2,0.8,Canon 1DMarkIII,D65,1.66533453694e-16,2.78242270862e-16
shading,spectral_radiance,0.2,0.8,Canon 1DMarkIII,D65,0.0,0.0
shading,cie_xyz,0.2,0.8,Canon 1DMarkIII,D65,0.0,0.0
shading,camera_rgb_raw,0.2,0.8,Canon 1DMarkIII,D65,0.0,0.0
shading,camera_rgb_wb,0.2,0.8,Canon 1DMarkIII,D65,0.0,0.0
shading,spectral_radiance,0.2,0.8,Canon 20D,D65,0.0,0.0
shading,cie_xyz,0.2,0.8,Canon 20D,D65,0.0,0.0
shading,camera_rgb_raw,0.2,0.8,Canon 20D,D65,0.0,0.0
shading,camera_rgb_wb,0.2,0.8,Canon 20D,D65,0.0,0.0
shading,spectral_radiance,0.2,0.8,Canon 20D,D65,0.0,0.0
shading,cie_xyz,0.2,0.8,Canon 20D,D65,0.0,0.0
shading,camera_rgb_raw,0.2,0.8,Canon 20D,D65,0.0,0.0
shading,camera_rgb_wb,0.2,0.8,Canon 20D,D65,0.0,0.0
shading,spectral_radiance,0.2,0.8,Canon 20D,D65,1.73472347598e-18,2.64151726361e-16
shading,cie_xyz,0.2,0.8,Canon 20D,D65,1.11022302463e-16,2.35246412608e-16
shading,camera_rgb_raw,0.2,0.8,Canon 20D,D65,1.66533453694e-16,4.83505223513e-16
shading,camera_rgb_wb,0.2,0.8,Canon 20D,D65,1.66533453694e-16,2.78238974424e-16
shading,spectral_radiance,0.2,0.8,Canon 20D,D65,0.0,0.0
shading,cie_xyz,0.2,0.8,Canon 20D,D65,0.0,0.0
shading,camera_rgb_raw,0.2,0.8,Canon 20D,D65,0.0,0.0
shading,camera_rgb_wb,0.2,0.8,Canon 20D,D65,0.0,0.0
shading,spectral_radiance,0.2,0.8,Canon 300D,D65,0.0,0.0
shading,cie_xyz,0.2,0.8,Canon 300D,D65,0.0,0.0
shading,camera_rgb_raw,0.2,0.8,Canon 300D,D65,0.0,0.0
shading,camera_rgb_wb,0.2,0.8,Canon 300D,D65,0.0,0.0
shading,spectral_radiance,0.2,0.8,Canon 300D,D65,0.0,0.0
shading,cie_xyz,0.2,0.8,Canon 300D,D65,0.0,0.0
shading,camera_rgb_raw,0.2,0.8,Canon 300D,D65,0.0,0.0
shading,camera_rgb_wb,0.2,0.8,Canon 300D,D65,0.0,0.0
shading,spectral_radiance,0.2,0.8,Canon 300D,D65,1.73472347598e-18,2.64151726361e-16
shading,cie_xyz,0.2,0.8,Canon 300D,D65,1.11022302463e-16,2.35246412608e-16
shading,camera_rgb_raw,0.2,0.8,Canon 300D,D65,1.66533453694e-16,4.68872056858e-16
shading,camera_rgb_wb,0.2,0.8,Canon 300D,D65,1.66533453694e-16,2.7408673943e-16
shading,spectral_radiance,0.2,0.8,Canon 300D,D65,0.0,0.0
shading,cie_xyz,0.2,0.8,Canon 300D,D65,0.0,0.0
shading,camera_rgb_raw,0.2,0.8,Canon 300D,D65,0.0,0.0
shading,camera_rgb_wb,0.2,0.8,Canon 300D,D65,0.0,0.0
shading,spectral_radiance,0.2,0.8,Canon 40D,D65,0.0,0.0
shading,cie_xyz,0.2,0.8,Canon 40D,D65,0.0,0.0
shading,camera_rgb_raw,0.2,0.8,Canon 40D,D65,0.0,0.0
shading,camera_rgb_wb,0.2,0.8,Canon 40D,D65,0.0,0.0
shading,spectral_radiance,0.2,0.8,Canon 40D,D65,0.0,0.0
shading,cie_xyz,0.2,0.8,Canon 40D,D65,0.0,0.0
shading,camera_rgb_raw,0.2,0.8,Canon 40D,D65,0.0,0.0
shading,camera_rgb_wb,0.2,0.8,Canon 40D,D65,0.0,0.0
shading,spectral_radiance,0.2,0.8,Canon 40D,D65,1.73472347598e-18,2.64151726361e-16
shading,cie_xyz,0.2,0.8,Canon 40D,D65,1.11022302463e-16,2.35246412608e-16
shading,camera_rgb_raw,0.2,0.8,Canon 40D,D65,2.22044604925e-16,5.98880534572e-16
shading,camera_rgb_wb,0.2,0.8,Canon 40D,D65,2.22044604925e-16,3.66896286215e-16
shading,spectral_radiance,0.2,0.8,Canon 40D,D65,0.0,0.0
shading,cie_xyz,0.2,0.8,Canon 40D,D65,0.0,0.0
shading,camera_rgb_raw,0.2,0.8,Canon 40D,D65,0.0,0.0
shading,camera_rgb_wb,0.2,0.8,Canon 40D,D65,0.0,0.0
shading,spectral_radiance,0.2,0.8,Canon 500D,D65,0.0,0.0
shading,cie_xyz,0.2,0.8,Canon 500D,D65,0.0,0.0
shading,camera_rgb_raw,0.2,0.8,Canon 500D,D65,0.0,0.0
shading,camera_rgb_wb,0.2,0.8,Canon 500D,D65,0.0,0.0
shading,spectral_radiance,0.2,0.8,Canon 500D,D65,0.0,0.0
shading,cie_xyz,0.2,0.8,Canon 500D,D65,0.0,0.0
shading,camera_rgb_raw,0.2,0.8,Canon 500D,D65,0.0,0.0
shading,camera_rgb_wb,0.2,0.8,Canon 500D,D65,0.0,0.0
shading,spectral_radiance,0.2,0.8,Canon 500D,D65,1.73472347598e-18,2.64151726361e-16
shading,cie_xyz,0.2,0.8,Canon 500D,D65,1.11022302463e-16,2.35246412608e-16
shading,camera_rgb_raw,0.2,0.8,Canon 500D,D65,1.66533453694e-16,3.96873451298e-16
shading,camera_rgb_wb,0.2,0.8,Canon 500D,D65,3.33066907388e-16,6.05514934229e-16
shading,spectral_radiance,0.2,0.8,Canon 500D,D65,0.0,0.0
shading,cie_xyz,0.2,0.8,Canon 500D,D65,0.0,0.0
shading,camera_rgb_raw,0.2,0.8,Canon 500D,D65,0.0,0.0
shading,camera_rgb_wb,0.2,0.8,Canon 500D,D65,0.0,0.0
shading,spectral_radiance,0.2,0.8,Canon 50D,D65,0.0,0.0
shading,cie_xyz,0.2,0.8,Canon 50D,D65,0.0,0.0
shading,camera_rgb_raw,0.2,0.8,Canon 50D,D65,0.0,0.0
shading,camera_rgb_wb,0.2,0.8,Canon 50D,D65,0.0,0.0
shading,spectral_radiance,0.2,0.8,Canon 50D,D65,0.0,0.0
shading,cie_xyz,0.2,0.8,Canon 50D,D65,0.0,0.0
shading,camera_rgb_raw,0.2,0.8,Canon 50D,D65,0.0,0.0
shading,camera_rgb_wb,0.2,0.8,Canon 50D,D65,0.0,0.0
shading,spectral_radiance,0.2,0.8,Canon 50D,D65,1.73472347598e-18,2.64151726361e-16
shading,cie_xyz,0.2,0.8,Canon 50D,D65,1.11022302463e-16,2.35246412608e-16
shading,camera_rgb_raw,0.2,0.8,Canon 50D,D65,1.66533453694e-16,3.97788043317e-16
shading,camera_rgb_wb,0.2,0.8,Canon 50D,D65,1.11022302463e-16,1.97601134089e-16
shading,spectral_radiance,0.2,0.8,Canon 50D,D65,0.0,0.0
shading,cie_xyz,0.2,0.8,Canon 50D,D65,0.0,0.0
shading,camera_rgb_raw,0.2,0.8,Canon 50D,D65,0.0,0.0
shading,camera_rgb_wb,0.2,0.8,Canon 50D,D65,0.0,0.0
shading,spectral_radiance,0.2,0.8,Canon 5DMarkII,D65,0.0,0.0
shading,cie_xyz,0.2,0.8,Canon 5DMarkII,D65,0.0,0.0
shading,camera_rgb_raw,0.2,0.8,Canon 5DMarkII,D65,0.0,0.0
shading,camera_rgb_wb,0.2,0.8,Canon 5DMarkII,D65,0.0,0.0
shading,spectral_radiance,0.2,0.8,Canon 5DMarkII,D65,0.0,0.0
shading,cie_xyz,0.2,0.8,Canon 5DMarkII,D65,0.0,0.0
shading,camera_rgb_raw,0.2,0.8,Canon 5DMarkII,D65,0.0,0.0
shading,camera_rgb_wb,0.2,0.8,Canon 5DMarkII,D65,0.0,0.0
shading,spectral_radiance,0.2,0.8,Canon 5DMarkII,D65,1.73472347598e-18,2.64151726361e-16
shading,cie_xyz,0.2,0.8,Canon 5DMarkII,D65,1.11022302463e-16,2.35246412608e-16
shading,camera_rgb_raw,0.2,0.8,Canon 5DMarkII,D65,8.32667268469e-17,2.28830547485e-16
shading,camera_rgb_wb,0.2,0.8,Canon 5DMarkII,D65,1.66533453694e-16,2.87800967243e-16
shading,spectral_radiance,0.2,0.8,Canon 5DMarkII,D65,0.0,0.0
shading,cie_xyz,0.2,0.8,Canon 5DMarkII,D65,0.0,0.0
shading,camera_rgb_raw,0.2,0.8,Canon 5DMarkII,D65,0.0,0.0
shading,camera_rgb_wb,0.2,0.8,Canon 5DMarkII,D65,0.0,0.0
shading,spectral_radiance,0.2,0.8,Canon 600D,D65,0.0,0.0
shading,cie_xyz,0.2,0.8,Canon 600D,D65,0.0,0.0
shading,camera_rgb_raw,0.2,0.8,Canon 600D,D65,0.0,0.0
shading,camera_rgb_wb,0.2,0.8,Canon 600D,D65,0.0,0.0
shading,spectral_radiance,0.2,0.8,Canon 600D,D65,0.0,0.0
shading,cie_xyz,0.2,0.8,Canon 600D,D65,0.0,0.0
shading,camera_rgb_raw,0.2,0.8,Canon 600D,D65,0.0,0.0
shading,camera_rgb_wb,0.2,0.8,Canon 600D,D65,0.0,0.0
shading,spectral_radiance,0.2,0.8,Canon 600D,D65,1.73472347598e-18,2.64151726361e-16
shading,cie_xyz,0.2,0.8,Canon 600D,D65,1.11022302463e-16,2.35246412608e-16
shading,camera_rgb_raw,0.2,0.8,Canon 600D,D65,1.66533453694e-16,4.23353170782e-16
shading,camera_rgb_wb,0.2,0.8,Canon 600D,D65,1.66533453694e-16,2.83764385128e-16
shading,spectral_radiance,0.2,0.8,Canon 600D,D65,0.0,0.0
shading,cie_xyz,0.2,0.8,Canon 600D,D65,0.0,0.0
shading,camera_rgb_raw,0.2,0.8,Canon 600D,D65,0.0,0.0
shading,camera_rgb_wb,0.2,0.8,Canon 600D,D65,0.0,0.0
shading,spectral_radiance,0.2,0.8,Canon 60D,D65,0.0,0.0
shading,cie_xyz,0.2,0.8,Canon 60D,D65,0.0,0.0
shading,camera_rgb_raw,0.2,0.8,Canon 60D,D65,0.0,0.0
shading,camera_rgb_wb,0.2,0.8,Canon 60D,D65,0.0,0.0
shading,spectral_radiance,0.2,0.8,Canon 60D,D65,0.0,0.0
shading,cie_xyz,0.2,0.8,Canon 60D,D65,0.0,0.0
shading,camera_rgb_raw,0.2,0.8,Canon 60D,D65,0.0,0.0
shading,camera_rgb_wb,0.2,0.8,Canon 60D,D65,0.0,0.0
shading,spectral_radiance,0.2,0.8,Canon 60D,D65,1.73472347598e-18,2.64151726361e-16
shading,cie_xyz,0.2,0.8,Canon 60D,D65,1.11022302463e-16,2.35246412608e-16
shading,camera_rgb_raw,0.2,0.8,Canon 60D,D65,1.11022302463e-16,2.81513761859e-16
shading,camera_rgb_wb,0.2,0.8,Canon 60D,D65,2.22044604925e-16,3.78304050699e-16
shading,spectral_radiance,0.2,0.8,Canon 60D,D65,0.0,0.0
shading,cie_xyz,0.2,0.8,Canon 60D,D65,0.0,0.0
shading,camera_rgb_raw,0.2,0.8,Canon 60D,D65,0.0,0.0
shading,camera_rgb_wb,0.2,0.8,Canon 60D,D65,0.0,0.0
shading,spectral_radiance,0.2,0.8,Hasselblad H2,D65,0.0,0.0
shading,cie_xyz,0.2,0.8,Hasselblad H2,D65,0.0,0.0
shading,camera_rgb_raw,0.2,0.8,Hasselblad H2,D65,0.0,0.0
shading,camera_rgb_wb,0.2,0.8,Hasselblad H2,D65,0.0,0.0
shading,spectral_radiance,0.2,0.8,Hasselblad H2,D65,0.0,0.0
shading,cie_xyz,0.2,0.8,Hasselblad H2,D65,0.0,0.0
shading,camera_rgb_raw,0.2,0.8,Hasselblad H2,D65,0.0,0.0
shading,camera_rgb_wb,0.2,0.8,Hasselblad H2,D65,0.0,0.0
shading,spectral_radiance,0.2,0.8,Hasselblad H2,D65,1.73472347598e-18,2.64151726361e-16
shading,cie_xyz,0.2,0.8,Hasselblad H2,D65,1.11022302463e-16,2.35246412608e-16
shading,camera_rgb_raw,0.2,0.8,Hasselblad H2,D65,1.11022302463e-16,3.54855612702e-16
shading,camera_rgb_wb,0.2,0.8,Hasselblad H2,D65,1.11022302463e-16,1.76539098502e-16
shading,spectral_radiance,0.2,0.8,Hasselblad H2,D65,0.0,0.0
shading,cie_xyz,0.2,0.8,Hasselblad H2,D65,0.0,0.0
shading,camera_rgb_raw,0.2,0.8,Hasselblad H2,D65,0.0,0.0
shading,camera_rgb_wb,0.2,0.8,Hasselblad H2,D65,0.0,0.0
shading,spectral_radiance,0.2,0.8,Nikon D3X,D65,0.0,0.0
shading,cie_xyz,0.2,0.8,Nikon D3X,D65,0.0,0.0
shading,camera_rgb_raw,0.2,0.8,Nikon D3X,D65,0.0,0.0
shading,camera_rgb_wb,0.2,0.8,Nikon D3X,D65,0.0,0.0
shading,spectral_radiance,0.2,0.8,Nikon D3X,D65,0.0,0.0
shading,cie_xyz,0.2,0.8,Nikon D3X,D65,0.0,0.0
shading,camera_rgb_raw,0.2,0.8,Nikon D3X,D65,0.0,0.0
shading,camera_rgb_wb,0.2,0.8,Nikon D3X,D65,0.0,0.0
shading,spectral_radiance,0.2,0.8,Nikon D3X,D65,1.73472347598e-18,2.64151726361e-16
shading,cie_xyz,0.2,0.8,Nikon D3X,D65,1.11022302463e-16,2.35246412608e-16
shading,camera_rgb_raw,0.2,0.8,Nikon D3X,D65,8.32667268469e-17,2.3319753011e-16
shading,camera_rgb_wb,0.2,0.8,Nikon D3X,D65,1.11022302463e-16,1.83830642944e-16
shading,spectral_radiance,0.2,0.8,Nikon D3X,D65,0.0,0.0
shading,cie_xyz,0.2,0.8,Nikon D3X,D65,0.0,0.0
shading,camera_rgb_raw,0.2,0.8,Nikon D3X,D65,0.0,0.0
shading,camera_rgb_wb,0.2,0.8,Nikon D3X,D65,0.0,0.0
shading,spectral_radiance,0.2,0.8,Nikon D200,D65,0.0,0.0
shading,cie_xyz,0.2,0.8,Nikon D200,D65,0.0,0.0
shading,camera_rgb_raw,0.2,0.8,Nikon D200,D65,0.0,0.0
shading,camera_rgb_wb,0.2,0.8,Nikon D200,D65,0.0,0.0
shading,spectral_radiance,0.2,0.8,Nikon D200,D65,0.0,0.0
shading,cie_xyz,0.2,0.8,Nikon D200,D65,0.0,0.0
shading,camera_rgb_raw,0.2,0.8,Nikon D200,D65,0.0,0.0
shading,camera_rgb_wb,0.2,0.8,Nikon D200,D65,0.0,0.0
shading,spectral_radiance,0.2,0.8,Nikon D200,D65,1.73472347598e-18,2.64151726361e-16
shading,cie_xyz,0.2,0.8,Nikon D200,D65,1.11022302463e-16,2.35246412608e-16
shading,camera_rgb_raw,0.2,0.8,Nikon D200,D65,1.11022302463e-16,3.4890504247e-16
shading,camera_rgb_wb,0.2,0.8,Nikon D200,D65,1.66533453694e-16,2.75797980101e-16
shading,spectral_radiance,0.2,0.8,Nikon D200,D65,0.0,0.0
shading,cie_xyz,0.2,0.8,Nikon D200,D65,0.0,0.0
shading,camera_rgb_raw,0.2,0.8,Nikon D200,D65,0.0,0.0
shading,camera_rgb_wb,0.2,0.8,Nikon D200,D65,0.0,0.0
shading,spectral_radiance,0.2,0.8,Nikon D3,D65,0.0,0.0
shading,cie_xyz,0.2,0.8,Nikon D3,D65,0.0,0.0
shading,camera_rgb_raw,0.2,0.8,Nikon D3,D65,0.0,0.0
shading,camera_rgb_wb,0.2,0.8,Nikon D3,D65,0.0,0.0
shading,spectral_radiance,0.2,0.8,Nikon D3,D65,0.0,0.0
shading,cie_xyz,0.2,0.8,Nikon D3,D65,0.0,0.0
shading,camera_rgb_raw,0.2,0.8,Nikon D3,D65,0.0,0.0
shading,camera_rgb_wb,0.2,0.8,Nikon D3,D65,0.0,0.0
shading,spectral_radiance,0.2,0.8,Nikon D3,D65,1.73472347598e-18,2.64151726361e-16
shading,cie_xyz,0.2,0.8,Nikon D3,D65,1.11022302463e-16,2.35246412608e-16
shading,camera_rgb_raw,0.2,0.8,Nikon D3,D65,5.55111512313e-17,1.74365790267e-16
shading,camera_rgb_wb,0.2,0.8,Nikon D3,D65,5.55111512313e-17,9.26263801835e-17
shading,spectral_radiance,0.2,0.8,Nikon D3,D65,0.0,0.0
shading,cie_xyz,0.2,0.8,Nikon D3,D65,0.0,0.0
shading,camera_rgb_raw,0.2,0.8,Nikon D3,D65,0.0,0.0
shading,camera_rgb_wb,0.2,0.8,Nikon D3,D65,0.0,0.0
shading,spectral_radiance,0.2,0.8,Nikon D300s,D65,0.0,0.0
shading,cie_xyz,0.2,0.8,Nikon D300s,D65,0.0,0.0
shading,camera_rgb_raw,0.2,0.8,Nikon D300s,D65,0.0,0.0
shading,camera_rgb_wb,0.2,0.8,Nikon D300s,D65,0.0,0.0
shading,spectral_radiance,0.2,0.8,Nikon D300s,D65,0.0,0.0
shading,cie_xyz,0.2,0.8,Nikon D300s,D65,0.0,0.0
shading,camera_rgb_raw,0.2,0.8,Nikon D300s,D65,0.0,0.0
shading,camera_rgb_wb,0.2,0.8,Nikon D300s,D65,0.0,0.0
shading,spectral_radiance,0.2,0.8,Nikon D300s,D65,1.73472347598e-18,2.64151726361e-16
shading,cie_xyz,0.2,0.8,Nikon D300s,D65,1.11022302463e-16,2.35246412608e-16
shading,camera_rgb_raw,0.2,0.8,Nikon D300s,D65,1.11022302463e-16,3.45426527086e-16
shading,camera_rgb_wb,0.2,0.8,Nikon D300s,D65,2.22044604925e-16,3.79832384591e-16
shading,spectral_radiance,0.2,0.8,Nikon D300s,D65,0.0,0.0
shading,cie_xyz,0.2,0.8,Nikon D300s,D65,0.0,0.0
shading,camera_rgb_raw,0.2,0.8,Nikon D300s,D65,0.0,0.0
shading,camera_rgb_wb,0.2,0.8,Nikon D300s,D65,0.0,0.0
shading,spectral_radiance,0.2,0.8,Nikon D40,D65,0.0,0.0
shading,cie_xyz,0.2,0.8,Nikon D40,D65,0.0,0.0
shading,camera_rgb_raw,0.2,0.8,Nikon D40,D65,0.0,0.0
shading,camera_rgb_wb,0.2,0.8,Nikon D40,D65,0.0,0.0
shading,spectral_radiance,0.2,0.8,Nikon D40,D65,0.0,0.0
shading,cie_xyz,0.2,0.8,Nikon D40,D65,0.0,0.0
shading,camera_rgb_raw,0.2,0.8,Nikon D40,D65,0.0,0.0
shading,camera_rgb_wb,0.2,0.8,Nikon D40,D65,0.0,0.0
shading,spectral_radiance,0.2,0.8,Nikon D40,D65,1.73472347598e-18,2.64151726361e-16
shading,cie_xyz,0.2,0.8,Nikon D40,D65,1.11022302463e-16,2.35246412608e-16
shading,camera_rgb_raw,0.2,0.8,Nikon D40,D65,5.55111512313e-17,1.73275156104e-16
shading,camera_rgb_wb,0.2,0.8,Nikon D40,D65,1.11022302463e-16,1.86235578679e-16
shading,spectral_radiance,0.2,0.8,Nikon D40,D65,0.0,0.0
shading,cie_xyz,0.2,0.8,Nikon D40,D65,0.0,0.0
shading,camera_rgb_raw,0.2,0.8,Nikon D40,D65,0.0,0.0
shading,camera_rgb_wb,0.2,0.8,Nikon D40,D65,0.0,0.0
shading,spectral_radiance,0.2,0.8,Nikon D50,D65,0.0,0.0
shading,cie_xyz,0.2,0.8,Nikon D50,D65,0.0,0.0
shading,camera_rgb_raw,0.2,0.8,Nikon D50,D65,0.0,0.0
shading,camera_rgb_wb,0.2,0.8,Nikon D50,D65,0.0,0.0
shading,spectral_radiance,0.2,0.8,Nikon D50,D65,0.0,0.0
shading,cie_xyz,0.2,0.8,Nikon D50,D65,0.0,0.0
shading,camera_rgb_raw,0.2,0.8,Nikon D50,D65,0.0,0.0
shading,camera_rgb_wb,0.2,0.8,Nikon D50,D65,0.0,0.0
shading,spectral_radiance,0.2,0.8,Nikon D50,D65,1.73472347598e-18,2.64151726361e-16
shading,cie_xyz,0.2,0.8,Nikon D50,D65,1.11022302463e-16,2.35246412608e-16
shading,camera_rgb_raw,0.2,0.8,Nikon D50,D65,1.11022302463e-16,3.47885980176e-16
shading,camera_rgb_wb,0.2,0.8,Nikon D50,D65,1.11022302463e-16,1.81405276461e-16
shading,spectral_radiance,0.2,0.8,Nikon D50,D65,0.0,0.0
shading,cie_xyz,0.2,0.8,Nikon D50,D65,0.0,0.0
shading,camera_rgb_raw,0.2,0.8,Nikon D50,D65,0.0,0.0
shading,camera_rgb_wb,0.2,0.8,Nikon D50,D65,0.0,0.0
shading,spectral_radiance,0.2,0.8,Nikon D5100,D65,0.0,0.0
shading,cie_xyz,0.2,0.8,Nikon D5100,D65,0.0,0.0
shading,camera_rgb_raw,0.2,0.8,Nikon D5100,D65,0.0,0.0
shading,camera_rgb_wb,0.2,0.8,Nikon D5100,D65,0.0,0.0
shading,spectral_radiance,0.2,0.8,Nikon D5100,D65,0.0,0.0
shading,cie_xyz,0.2,0.8,Nikon D5100,D65,0.0,0.0
shading,camera_rgb_raw,0.2,0.8,Nikon D5100,D65,0.0,0.0
shading,camera_rgb_wb,0.2,0.8,Nikon D5100,D65,0.0,0.0
shading,spectral_radiance,0.2,0.8,Nikon D5100,D65,1.73472347598e-18,2.64151726361e-16
shading,cie_xyz,0.2,0.8,Nikon D5100,D65,1.11022302463e-16,2.35246412608e-16
shading,camera_rgb_raw,0.2,0.8,Nikon D5100,D65,1.11022302463e-16,3.15070265877e-16
shading,camera_rgb_wb,0.2,0.8,Nikon D5100,D65,1.11022302463e-16,1.8849360545e-16
shading,spectral_radiance,0.2,0.8,Nikon D5100,D65,0.0,0.0
shading,cie_xyz,0.2,0.8,Nikon D5100,D65,0.0,0.0
shading,camera_rgb_raw,0.2,0.8,Nikon D5100,D65,0.0,0.0
shading,camera_rgb_wb,0.2,0.8,Nikon D5100,D65,0.0,0.0
shading,spectral_radiance,0.2,0.8,Nikon D700,D65,0.0,0.0
shading,cie_xyz,0.2,0.8,Nikon D700,D65,0.0,0.0
shading,camera_rgb_raw,0.2,0.8,Nikon D700,D65,0.0,0.0
shading,camera_rgb_wb,0.2,0.8,Nikon D700,D65,0.0,0.0
shading,spectral_radiance,0.2,0.8,Nikon D700,D65,0.0,0.0
shading,cie_xyz,0.2,0.8,Nikon D700,D65,0.0,0.0
shading,camera_rgb_raw,0.2,0.8,Nikon D700,D65,0.0,0.0
shading,camera_rgb_wb,0.2,0.8,Nikon D700,D65,0.0,0.0
shading,spectral_radiance,0.2,0.8,Nikon D700,D65,1.73472347598e-18,2.64151726361e-16
shading,cie_xyz,0.2,0.8,Nikon D700,D65,1.11022302463e-16,2.35246412608e-16
shading,camera_rgb_raw,0.2,0.8,Nikon D700,D65,1.66533453694e-16,5.10034616828e-16
shading,camera_rgb_wb,0.2,0.8,Nikon D700,D65,2.22044604925e-16,3.69864634305e-16
shading,spectral_radiance,0.2,0.8,Nikon D700,D65,0.0,0.0
shading,cie_xyz,0.2,0.8,Nikon D700,D65,0.0,0.0
shading,camera_rgb_raw,0.2,0.8,Nikon D700,D65,0.0,0.0
shading,camera_rgb_wb,0.2,0.8,Nikon D700,D65,0.0,0.0
shading,spectral_radiance,0.2,0.8,Nikon D80,D65,0.0,0.0
shading,cie_xyz,0.2,0.8,Nikon D80,D65,0.0,0.0
shading,camera_rgb_raw,0.2,0.8,Nikon D80,D65,0.0,0.0
shading,camera_rgb_wb,0.2,0.8,Nikon D80,D65,0.0,0.0
shading,spectral_radiance,0.2,0.8,Nikon D80,D65,0.0,0.0
shading,cie_xyz,0.2,0.8,Nikon D80,D65,0.0,0.0
shading,camera_rgb_raw,0.2,0.8,Nikon D80,D65,0.0,0.0
shading,camera_rgb_wb,0.2,0.8,Nikon D80,D65,0.0,0.0
shading,spectral_radiance,0.2,0.8,Nikon D80,D65,1.73472347598e-18,2.64151726361e-16
shading,cie_xyz,0.2,0.8,Nikon D80,D65,1.11022302463e-16,2.35246412608e-16
shading,camera_rgb_raw,0.2,0.8,Nikon D80,D65,1.11022302463e-16,3.709515639e-16
shading,camera_rgb_wb,0.2,0.8,Nikon D80,D65,2.22044604925e-16,3.66149165825e-16
shading,spectral_radiance,0.2,0.8,Nikon D80,D65,0.0,0.0
shading,cie_xyz,0.2,0.8,Nikon D80,D65,0.0,0.0
shading,camera_rgb_raw,0.2,0.8,Nikon D80,D65,0.0,0.0
shading,camera_rgb_wb,0.2,0.8,Nikon D80,D65,0.0,0.0
shading,spectral_radiance,0.2,0.8,Nikon D90,D65,0.0,0.0
shading,cie_xyz,0.2,0.8,Nikon D90,D65,0.0,0.0
shading,camera_rgb_raw,0.2,0.8,Nikon D90,D65,0.0,0.0
shading,camera_rgb_wb,0.2,0.8,Nikon D90,D65,0.0,0.0
shading,spectral_radiance,0.2,0.8,Nikon D90,D65,0.0,0.0
shading,cie_xyz,0.2,0.8,Nikon D90,D65,0.0,0.0
shading,camera_rgb_raw,0.2,0.8,Nikon D90,D65,0.0,0.0
shading,camera_rgb_wb,0.2,0.8,Nikon D90,D65,0.0,0.0
shading,spectral_radiance,0.2,0.8,Nikon D90,D65,1.73472347598e-18,2.64151726361e-16
shading,cie_xyz,0.2,0.8,Nikon D90,D65,1.11022302463e-16,2.35246412608e-16
shading,camera_rgb_raw,0.2,0.8,Nikon D90,D65,1.11022302463e-16,3.47871416431e-16
shading,camera_rgb_wb,0.2,0.8,Nikon D90,D65,2.22044604925e-16,3.80728948501e-16
shading,spectral_radiance,0.2,0.8,Nikon D90,D65,0.0,0.0
shading,cie_xyz,0.2,0.8,Nikon D90,D65,0.0,0.0
shading,camera_rgb_raw,0.2,0.8,Nikon D90,D65,0.0,0.0
shading,camera_rgb_wb,0.2,0.8,Nikon D90,D65,0.0,0.0
shading,spectral_radiance,0.2,0.8,Nokia N900,D65,0.0,0.0
shading,cie_xyz,0.2,0.8,Nokia N900,D65,0.0,0.0
shading,camera_rgb_raw,0.2,0.8,Nokia N900,D65,0.0,0.0
shading,camera_rgb_wb,0.2,0.8,Nokia N900,D65,0.0,0.0
shading,spectral_radiance,0.2,0.8,Nokia N900,D65,0.0,0.0
shading,cie_xyz,0.2,0.8,Nokia N900,D65,0.0,0.0
shading,camera_rgb_raw,0.2,0.8,Nokia N900,D65,0.0,0.0
shading,camera_rgb_wb,0.2,0.8,Nokia N900,D65,0.0,0.0
shading,spectral_radiance,0.2,0.8,Nokia N900,D65,1.73472347598e-18,2.64151726361e-16
shading,cie_xyz,0.2,0.8,Nokia N900,D65,1.11022302463e-16,2.35246412608e-16
shading,camera_rgb_raw,0.2,0.8,Nokia N900,D65,1.66533453694e-16,4.1946148311e-16
shading,camera_rgb_wb,0.2,0.8,Nokia N900,D65,2.22044604925e-16,3.52631769959e-16
shading,spectral_radiance,0.2,0.8,Nokia N900,D65,0.0,0.0
shading,cie_xyz,0.2,0.8,Nokia N900,D65,0.0,0.0
shading,camera_rgb_raw,0.2,0.8,Nokia N900,D65,0.0,0.0
shading,camera_rgb_wb,0.2,0.8,Nokia N900,D65,0.0,0.0
shading,spectral_radiance,0.2,0.8,Olympus E-PL2,D65,0.0,0.0
shading,cie_xyz,0.2,0.8,Olympus E-PL2,D65,0.0,0.0
shading,camera_rgb_raw,0.2,0.8,Olympus E-PL2,D65,0.0,0.0
shading,camera_rgb_wb,0.2,0.8,Olympus E-PL2,D65,0.0,0.0
shading,spectral_radiance,0.2,0.8,Olympus E-PL2,D65,0.0,0.0
shading,cie_xyz,0.2,0.8,Olympus E-PL2,D65,0.0,0.0
shading,camera_rgb_raw,0.2,0.8,Olympus E-PL2,D65,0.0,0.0
shading,camera_rgb_wb,0.2,0.8,Olympus E-PL2,D65,0.0,0.0
shading,spectral_radiance,0.2,0.8,Olympus E-PL2,D65,1.73472347598e-18,2.64151726361e-16
shading,cie_xyz,0.2,0.8,Olympus E-PL2,D65,1.11022302463e-16,2.35246412608e-16
shading,camera_rgb_raw,0.2,0.8,Olympus E-PL2,D65,1.11022302463e-16,2.76687094236e-16
shading,camera_rgb_wb,0.2,0.8,Olympus E-PL2,D65,5.55111512313e-17,8.45675889895e-17
shading,spectral_radiance,0.2,0.8,Olympus E-PL2,D65,0.0,0.0
shading,cie_xyz,0.2,0.8,Olympus E-PL2,D65,0.0,0.0
shading,camera_rgb_raw,0.2,0.8,Olympus E-PL2,D65,0.0,0.0
shading,camera_rgb_wb,0.2,0.8,Olympus E-PL2,D65,0.0,0.0
shading,spectral_radiance,0.2,0.8,Pentax K-5,D65,0.0,0.0
shading,cie_xyz,0.2,0.8,Pentax K-5,D65,0.0,0.0
shading,camera_rgb_raw,0.2,0.8,Pentax K-5,D65,0.0,0.0
shading,camera_rgb_wb,0.2,0.8,Pentax K-5,D65,0.0,0.0
shading,spectral_radiance,0.2,0.8,Pentax K-5,D65,0.0,0.0
shading,cie_xyz,0.2,0.8,Pentax K-5,D65,0.0,0.0
shading,camera_rgb_raw,0.2,0.8,Pentax K-5,D65,0.0,0.0
shading,camera_rgb_wb,0.2,0.8,Pentax K-5,D65,0.0,0.0
shading,spectral_radiance,0.2,0.8,Pentax K-5,D65,1.73472347598e-18,2.64151726361e-16
shading,cie_xyz,0.2,0.8,Pentax K-5,D65,1.11022302463e-16,2.35246412608e-16
shading,camera_rgb_raw,0.2,0.8,Pentax K-5,D65,5.55111512313e-17,1.50615439694e-16
shading,camera_rgb_wb,0.2,0.8,Pentax K-5,D65,1.11022302463e-16,1.85869179472e-16
shading,spectral_radiance,0.2,0.8,Pentax K-5,D65,0.0,0.0
shading,cie_xyz,0.2,0.8,Pentax K-5,D65,0.0,0.0
shading,camera_rgb_raw,0.2,0.8,Pentax K-5,D65,0.0,0.0
shading,camera_rgb_wb,0.2,0.8,Pentax K-5,D65,0.0,0.0
shading,spectral_radiance,0.2,0.8,Pentax Q,D65,0.0,0.0
shading,cie_xyz,0.2,0.8,Pentax Q,D65,0.0,0.0
shading,camera_rgb_raw,0.2,0.8,Pentax Q,D65,0.0,0.0
shading,camera_rgb_wb,0.2,0.8,Pentax Q,D65,0.0,0.0
shading,spectral_radiance,0.2,0.8,Pentax Q,D65,0.0,0.0
shading,cie_xyz,0.2,0.8,Pentax Q,D65,0.0,0.0
shading,camera_rgb_raw,0.2,0.8,Pentax Q,D65,0.0,0.0
shading,camera_rgb_wb,0.2,0.8,Pentax Q,D65,0.0,0.0
shading,spectral_radiance,0.2,0.8,Pentax Q,D65,1.73472347598e-18,2.64151726361e-16
shading,cie_xyz,0.2,0.8,Pentax Q,D65,1.11022302463e-16,2.35246412608e-16
shading,camera_rgb_raw,0.2,0.8,Pentax Q,D65,1.38777878078e-16,2.94150126793e-16
shading,camera_rgb_wb,0.2,0.8,Pentax Q,D65,1.66533453694e-16,2.65458429053e-16
shading,spectral_radiance,0.2,0.8,Pentax Q,D65,0.0,0.0
shading,cie_xyz,0.2,0.8,Pentax Q,D65,0.0,0.0
shading,camera_rgb_raw,0.2,0.8,Pentax Q,D65,0.0,0.0
shading,camera_rgb_wb,0.2,0.8,Pentax Q,D65,0.0,0.0
shading,spectral_radiance,0.2,0.8,Point Grey Grasshopper 50S5C,D65,0.0,0.0
shading,cie_xyz,0.2,0.8,Point Grey Grasshopper 50S5C,D65,0.0,0.0
shading,camera_rgb_raw,0.2,0.8,Point Grey Grasshopper 50S5C,D65,0.0,0.0
shading,camera_rgb_wb,0.2,0.8,Point Grey Grasshopper 50S5C,D65,0.0,0.0
shading,spectral_radiance,0.2,0.8,Point Grey Grasshopper 50S5C,D65,0.0,0.0
shading,cie_xyz,0.2,0.8,Point Grey Grasshopper 50S5C,D65,0.0,0.0
shading,camera_rgb_raw,0.2,0.8,Point Grey Grasshopper 50S5C,D65,0.0,0.0
shading,camera_rgb_wb,0.2,0.8,Point Grey Grasshopper 50S5C,D65,0.0,0.0
shading,spectral_radiance,0.2,0.8,Point Grey Grasshopper 50S5C,D65,1.73472347598e-18,2.64151726361e-16
shading,cie_xyz,0.2,0.8,Point Grey Grasshopper 50S5C,D65,1.11022302463e-16,2.35246412608e-16
shading,camera_rgb_raw,0.2,0.8,Point Grey Grasshopper 50S5C,D65,1.11022302463e-16,3.69896353759e-16
shading,camera_rgb_wb,0.2,0.8,Point Grey Grasshopper 50S5C,D65,1.11022302463e-16,1.49157484241e-16
shading,spectral_radiance,0.2,0.8,Point Grey Grasshopper 50S5C,D65,0.0,0.0
shading,cie_xyz,0.2,0.8,Point Grey Grasshopper 50S5C,D65,0.0,0.0
shading,camera_rgb_raw,0.2,0.8,Point Grey Grasshopper 50S5C,D65,0.0,0.0
shading,camera_rgb_wb,0.2,0.8,Point Grey Grasshopper 50S5C,D65,0.0,0.0
shading,spectral_radiance,0.2,0.8,Point Grey Grasshopper2 14S5C,D65,0.0,0.0
shading,cie_xyz,0.2,0.8,Point Grey Grasshopper2 14S5C,D65,0.0,0.0
shading,camera_rgb_raw,0.2,0.8,Point Grey Grasshopper2 14S5C,D65,0.0,0.0
shading,camera_rgb_wb,0.2,0.8,Point Grey Grasshopper2 14S5C,D65,0.0,0.0
shading,spectral_radiance,0.2,0.8,Point Grey Grasshopper2 14S5C,D65,0.0,0.0
shading,cie_xyz,0.2,0.8,Point Grey Grasshopper2 14S5C,D65,0.0,0.0
shading,camera_rgb_raw,0.2,0.8,Point Grey Grasshopper2 14S5C,D65,0.0,0.0
shading,camera_rgb_wb,0.2,0.8,Point Grey Grasshopper2 14S5C,D65,0.0,0.0
shading,spectral_radiance,0.2,0.8,Point Grey Grasshopper2 14S5C,D65,1.73472347598e-18,2.64151726361e-16
shading,cie_xyz,0.2,0.8,Point Grey Grasshopper2 14S5C,D65,1.11022302463e-16,2.35246412608e-16
shading,camera_rgb_raw,0.2,0.8,Point Grey Grasshopper2 14S5C,D65,5.55111512313e-17,1.7707631719e-16
shading,camera_rgb_wb,0.2,0.8,Point Grey Grasshopper2 14S5C,D65,1.11022302463e-16,1.61171363298e-16
shading,spectral_radiance,0.2,0.8,Point Grey Grasshopper2 14S5C,D65,0.0,0.0
shading,cie_xyz,0.2,0.8,Point Grey Grasshopper2 14S5C,D65,0.0,0.0
shading,camera_rgb_raw,0.2,0.8,Point Grey Grasshopper2 14S5C,D65,0.0,0.0
shading,camera_rgb_wb,0.2,0.8,Point Grey Grasshopper2 14S5C,D65,0.0,0.0
shading,spectral_radiance,0.2,0.8,Phase One,D65,0.0,0.0
shading,cie_xyz,0.2,0.8,Phase One,D65,0.0,0.0
shading,camera_rgb_raw,0.2,0.8,Phase One,D65,0.0,0.0
shading,camera_rgb_wb,0.2,0.8,Phase One,D65,0.0,0.0
shading,spectral_radiance,0.2,0.8,Phase One,D65,0.0,0.0
shading,cie_xyz,0.2,0.8,Phase One,D65,0.0,0.0
shading,camera_rgb_raw,0.2,0.8,Phase One,D65,0.0,0.0
shading,camera_rgb_wb,0.2,0.8,Phase One,D65,0.0,0.0
shading,spectral_radiance,0.2,0.8,Phase One,D65,1.73472347598e-18,2.64151726361e-16
shading,cie_xyz,0.2,0.8,Phase One,D65,1.11022302463e-16,2.35246412608e-16
shading,camera_rgb_raw,0.2,0.8,Phase One,D65,5.55111512313e-17,1.91465138674e-16
shading,camera_rgb_wb,0.2,0.8,Phase One,D65,1.11022302463e-16,2.12878819687e-16
shading,spectral_radiance,0.2,0.8,Phase One,D65,0.0,0.0
shading,cie_xyz,0.2,0.8,Phase One,D65,0.0,0.0
shading,camera_rgb_raw,0.2,0.8,Phase One,D65,0.0,0.0
shading,camera_rgb_wb,0.2,0.8,Phase One,D65,0.0,0.0
shading,spectral_radiance,0.2,0.8,SONY NEX-5N,D65,0.0,0.0
shading,cie_xyz,0.2,0.8,SONY NEX-5N,D65,0.0,0.0
shading,camera_rgb_raw,0.2,0.8,SONY NEX-5N,D65,0.0,0.0
shading,camera_rgb_wb,0.2,0.8,SONY NEX-5N,D65,0.0,0.0
shading,spectral_radiance,0.2,0.8,SONY NEX-5N,D65,0.0,0.0
shading,cie_xyz,0.2,0.8,SONY NEX-5N,D65,0.0,0.0
shading,camera_rgb_raw,0.2,0.8,SONY NEX-5N,D65,0.0,0.0
shading,camera_rgb_wb,0.2,0.8,SONY NEX-5N,D65,0.0,0.0
shading,spectral_radiance,0.2,0.8,SONY NEX-5N,D65,1.73472347598e-18,2.64151726361e-16
shading,cie_xyz,0.2,0.8,SONY NEX-5N,D65,1.11022302463e-16,2.35246412608e-16
shading,camera_rgb_raw,0.2,0.8,SONY NEX-5N,D65,1.11022302463e-16,3.16091803775e-16
shading,camera_rgb_wb,0.2,0.8,SONY NEX-5N,D65,1.11022302463e-16,1.96551789022e-16
shading,spectral_radiance,0.2,0.8,SONY NEX-5N,D65,0.0,0.0
shading,cie_xyz,0.2,0.8,SONY NEX-5N,D65,0.0,0.0
shading,camera_rgb_raw,0.2,0.8,SONY NEX-5N,D65,0.0,0.0
shading,camera_rgb_wb,0.2,0.8,SONY NEX-5N,D65,0.0,0.0
shading,spectral_radiance,0.2,0.8,Canon 1DMarkIII,A,0.0,0.0
shading,cie_xyz,0.2,0.8,Canon 1DMarkIII,A,0.0,0.0
shading,camera_rgb_raw,0.2,0.8,Canon 1DMarkIII,A,0.0,0.0
shading,camera_rgb_wb,0.2,0.8,Canon 1DMarkIII,A,0.0,0.0
shading,spectral_radiance,0.2,0.8,Canon 1DMarkIII,A,0.0,0.0
shading,cie_xyz,0.2,0.8,Canon 1DMarkIII,A,0.0,0.0
shading,camera_rgb_raw,0.2,0.8,Canon 1DMarkIII,A,0.0,0.0
shading,camera_rgb_wb,0.2,0.8,Canon 1DMarkIII,A,0.0,0.0
shading,spectral_radiance,0.2,0.8,Canon 1DMarkIII,A,3.46944695195e-18,2.02627752504e-16
shading,cie_xyz,0.2,0.8,Canon 1DMarkIII,A,1.11022302463e-16,1.71129764773e-16
shading,camera_rgb_raw,0.2,0.8,Canon 1DMarkIII,A,5.55111512313e-17,1.67031985955e-16
shading,camera_rgb_wb,0.2,0.8,Canon 1DMarkIII,A,1.11022302463e-16,1.72529620072e-16
shading,spectral_radiance,0.2,0.8,Canon 1DMarkIII,A,0.0,0.0
shading,cie_xyz,0.2,0.8,Canon 1DMarkIII,A,0.0,0.0
shading,camera_rgb_raw,0.2,0.8,Canon 1DMarkIII,A,0.0,0.0
shading,camera_rgb_wb,0.2,0.8,Canon 1DMarkIII,A,0.0,0.0
shading,spectral_radiance,0.2,0.8,Canon 20D,A,0.0,0.0
shading,cie_xyz,0.2,0.8,Canon 20D,A,0.0,0.0
shading,camera_rgb_raw,0.2,0.8,Canon 20D,A,0.0,0.0
shading,camera_rgb_wb,0.2,0.8,Canon 20D,A,0.0,0.0
shading,spectral_radiance,0.2,0.8,Canon 20D,A,0.0,0.0
shading,cie_xyz,0.2,0.8,Canon 20D,A,0.0,0.0
shading,camera_rgb_raw,0.2,0.8,Canon 20D,A,0.0,0.0
shading,camera_rgb_wb,0.2,0.8,Canon 20D,A,0.0,0.0
shading,spectral_radiance,0.2,0.8,Canon 20D,A,3.46944695195e-18,2.02627752504e-16
shading,cie_xyz,0.2,0.8,Canon 20D,A,1.11022302463e-16,1.71129764773e-16
shading,camera_rgb_raw,0.2,0.8,Canon 20D,A,5.55111512313e-17,1.44355418197e-16
shading,camera_rgb_wb,0.2,0.8,Canon 20D,A,1.11022302463e-16,1.71017415303e-16
shading,spectral_radiance,0.2,0.8,Canon 20D,A,0.0,0.0
shading,cie_xyz,0.2,0.8,Canon 20D,A,0.0,0.0
shading,camera_rgb_raw,0.2,0.8,Canon 20D,A,0.0,0.0
shading,camera_rgb_wb,0.2,0.8,Canon 20D,A,0.0,0.0
shading,spectral_radiance,0.2,0.8,Canon 300D,A,0.0,0.0
shading,cie_xyz,0.2,0.8,Canon 300D,A,0.0,0.0
shading,camera_rgb_raw,0.2,0.8,Canon 300D,A,0.0,0.0
shading,camera_rgb_wb,0.2,0.8,Canon 300D,A,0.0,0.0
shading,spectral_radiance,0.2,0.8,Canon 300D,A,0.0,0.0
shading,cie_xyz,0.2,0.8,Canon 300D,A,0.0,0.0
shading,camera_rgb_raw,0.2,0.8,Canon 300D,A,0.0,0.0
shading,camera_rgb_wb,0.2,0.8,Canon 300D,A,0.0,0.0
shading,spectral_radiance,0.2,0.8,Canon 300D,A,3.46944695195e-18,2.02627752504e-16
shading,cie_xyz,0.2,0.8,Canon 300D,A,1.11022302463e-16,1.71129764773e-16
shading,camera_rgb_raw,0.2,0.8,Canon 300D,A,2.77555756156e-16,6.94866171831e-16
shading,camera_rgb_wb,0.2,0.8,Canon 300D,A,4.4408920985e-16,6.85280361513e-16
shading,spectral_radiance,0.2,0.8,Canon 300D,A,0.0,0.0
shading,cie_xyz,0.2,0.8,Canon 300D,A,0.0,0.0
shading,camera_rgb_raw,0.2,0.8,Canon 300D,A,0.0,0.0
shading,camera_rgb_wb,0.2,0.8,Canon 300D,A,0.0,0.0
shading,spectral_radiance,0.2,0.8,Canon 40D,A,0.0,0.0
shading,cie_xyz,0.2,0.8,Canon 40D,A,0.0,0.0
shading,camera_rgb_raw,0.2,0.8,Canon 40D,A,0.0,0.0
shading,camera_rgb_wb,0.2,0.8,Canon 40D,A,0.0,0.0
shading,spectral_radiance,0.2,0.8,Canon 40D,A,0.0,0.0
shading,cie_xyz,0.2,0.8,Canon 40D,A,0.0,0.0
shading,camera_rgb_raw,0.2,0.8,Canon 40D,A,0.0,0.0
shading,camera_rgb_wb,0.2,0.8,Canon 40D,A,0.0,0.0
shading,spectral_radiance,0.2,0.8,Canon 40D,A,3.46944695195e-18,2.02627752504e-16
shading,cie_xyz,0.2,0.8,Canon 40D,A,1.11022302463e-16,1.71129764773e-16
shading,camera_rgb_raw,0.2,0.8,Canon 40D,A,8.32667268469e-17,2.31384648671e-16
shading,camera_rgb_wb,0.2,0.8,Canon 40D,A,2.77555756156e-16,4.23192492317e-16
shading,spectral_radiance,0.2,0.8,Canon 40D,A,0.0,0.0
shading,cie_xyz,0.2,0.8,Canon 40D,A,0.0,0.0
shading,camera_rgb_raw,0.2,0.8,Canon 40D,A,0.0,0.0
shading,camera_rgb_wb,0.2,0.8,Canon 40D,A,0.0,0.0
shading,spectral_radiance,0.2,0.8,Canon 500D,A,0.0,0.0
shading,cie_xyz,0.2,0.8,Canon 500D,A,0.0,0.0
shading,camera_rgb_raw,0.2,0.8,Canon 500D,A,0.0,0.0
shading,camera_rgb_wb,0.2,0.8,Canon 500D,A,0.0,0.0
shading,spectral_radiance,0.2,0.8,Canon 500D,A,0.0,0.0
shading,cie_xyz,0.2,0.8,Canon 500D,A,0.0,0.0
shading,camera_rgb_raw,0.2,0.8,Canon 500D,A,0.0,0.0
shading,camera_rgb_wb,0.2,0.8,Canon 500D,A,0.0,0.0
shading,spectral_radiance,0.2,0.8,Canon 500D,A,3.46944695195e-18,2.02627752504e-16
shading,cie_xyz,0.2,0.8,Canon 500D,A,1.11022302463e-16,1.71129764773e-16
shading,camera_rgb_raw,0.2,0.8,Canon 500D,A,5.55111512313e-17,1.46052636453e-16
shading,camera_rgb_wb,0.2,0.8,Canon 500D,A,1.11022302463e-16,1.81496875403e-16
shading,spectral_radiance,0.2,0.8,Canon 500D,A,0.0,0.0
shading,cie_xyz,0.2,0.8,Canon 500D,A,0.0,0.0
shading,camera_rgb_raw,0.2,0.8,Canon 500D,A,0.0,0.0
shading,camera_rgb_wb,0.2,0.8,Canon 500D,A,0.0,0.0
shading,spectral_radiance,0.2,0.8,Canon 50D,A,0.0,0.0
shading,cie_xyz,0.2,0.8,Canon 50D,A,0.0,0.0
shading,camera_rgb_raw,0.2,0.8,Canon 50D,A,0.0,0.0
shading,camera_rgb_wb,0.2,0.8,Canon 50D,A,0.0,0.0
shading,spectral_radiance,0.2,0.8,Canon 50D,A,0.0,0.0
shading,cie_xyz,0.2,0.8,Canon 50D,A,0.0,0.0
shading,camera_rgb_raw,0.2,0.8,Canon 50D,A,0.0,0.0
shading,camera_rgb_wb,0.2,0.8,Canon 50D,A,0.0,0.0
shading,spectral_radiance,0.2,0.8,Canon 50D,A,3.46944695195e-18,2.02627752504e-16
shading,cie_xyz,0.2,0.8,Canon 50D,A,1.11022302463e-16,1.71129764773e-16
shading,camera_rgb_raw,0.2,0.8,Canon 50D,A,1.11022302463e-16,2.94062312587e-16
shading,camera_rgb_wb,0.2,0.8,Canon 50D,A,2.77555756156e-16,4.46171986313e-16
shading,spectral_radiance,0.2,0.8,Canon 50D,A,0.0,0.0
shading,cie_xyz,0.2,0.8,Canon 50D,A,0.0,0.0
shading,camera_rgb_raw,0.2,0.8,Canon 50D,A,0.0,0.0
shading,camera_rgb_wb,0.2,0.8,Canon 50D,A,0.0,0.0
shading,spectral_radiance,0.2,0.8,Canon 5DMarkII,A,0.0,0.0
shading,cie_xyz,0.2,0.8,Canon 5DMarkII,A,0.0,0.0
shading,camera_rgb_raw,0.2,0.8,Canon 5DMarkII,A,0.0,0.0
shading,camera_rgb_wb,0.2,0.8,Canon 5DMarkII,A,0.0,0.0
shading,spectral_radiance,0.2,0.8,Canon 5DMarkII,A,0.0,0.0
shading,cie_xyz,0.2,0.8,Canon 5DMarkII,A,0.0,0.0
shading,camera_rgb_raw,0.2,0.8,Canon 5DMarkII,A,0.0,0.0
shading,camera_rgb_wb,0.2,0.8,Canon 5DMarkII,A,0.0,0.0
shading,spectral_radiance,0.2,0.8,Canon 5DMarkII,A,3.46944695195e-18,2.02627752504e-16
shading,cie_xyz,0.2,0.8,Canon 5DMarkII,A,1.11022302463e-16,1.71129764773e-16
shading,camera_rgb_raw,0.2,0.8,Canon 5DMarkII,A,1.11022302463e-16,3.02089783237e-16
shading,camera_rgb_wb,0.2,0.8,Canon 5DMarkII,A,1.11022302463e-16,1.7560871816e-16
shading,spectral_radiance,0.2,0.8,Canon 5DMarkII,A,0.0,0.0
shading,cie_xyz,0.2,0.8,Canon 5DMarkII,A,0.0,0.0
shading,camera_rgb_raw,0.2,0.8,Canon 5DMarkII,A,0.0,0.0
shading,camera_rgb_wb,0.2,0.8,Canon 5DMarkII,A,0.0,0.0
shading,spectral_radiance,0.2,0.8,Canon 600D,A,0.0,0.0
shading,cie_xyz,0.2,0.8,Canon 600D,A,0.0,0.0
shading,camera_rgb_raw,0.2,0.8,Canon 600D,A,0.0,0.0
shading,camera_rgb_wb,0.2,0.8,Canon 600D,A,0.0,0.0
shading,spectral_radiance,0.2,0.8,Canon 600D,A,0.0,0.0
shading,cie_xyz,0.2,0.8,Canon 600D,A,0.0,0.0
shading,camera_rgb_raw,0.2,0.8,Canon 600D,A,0.0,0.0
shading,camera_rgb_wb,0.2,0.8,Canon 600D,A,0.0,0.0
shading,spectral_radiance,0.2,0.8,Canon 600D,A,3.46944695195e-18,2.02627752504e-16
shading,cie_xyz,0.2,0.8,Canon 600D,A,1.11022302463e-16,1.71129764773e-16
shading,camera_rgb_raw,0.2,0.8,Canon 600D,A,5.55111512313e-17,1.55718938436e-16
shading,camera_rgb_wb,0.2,0.8,Canon 600D,A,1.11022302463e-16,1.73553804651e-16
shading,spectral_radiance,0.2,0.8,Canon 600D,A,0.0,0.0
shading,cie_xyz,0.2,0.8,Canon 600D,A,0.0,0.0
shading,camera_rgb_raw,0.2,0.8,Canon 600D,A,0.0,0.0
shading,camera_rgb_wb,0.2,0.8,Canon 600D,A,0.0,0.0
shading,spectral_radiance,0.2,0.8,Canon 60D,A,0.0,0.0
shading,cie_xyz,0.2,0.8,Canon 60D,A,0.0,0.0
shading,camera_rgb_raw,0.2,0.8,Canon 60D,A,0.0,0.0
shading,camera_rgb_wb,0.2,0.8,Canon 60D,A,0.0,0.0
shading,spectral_radiance,0.2,0.8,Canon 60D,A,0.0,0.0
shading,cie_xyz,0.2,0.8,Canon 60D,A,0.0,0.0
shading,camera_rgb_raw,0.2,0.8,Canon 60D,A,0.0,0.0
shading,camera_rgb_wb,0.2,0.8,Canon 60D,A,0.0,0.0
shading,spectral_radiance,0.2,0.8,Canon 60D,A,3.46944695195e-18,2.02627752504e-16
shading,cie_xyz,0.2,0.8,Canon 60D,A,1.11022302463e-16,1.71129764773e-16
shading,camera_rgb_raw,0.2,0.8,Canon 60D,A,5.55111512313e-17,1.54131765964e-16
shading,camera_rgb_wb,0.2,0.8,Canon 60D,A,2.22044604925e-16,3.47156706442e-16
shading,spectral_radiance,0.2,0.8,Canon 60D,A,0.0,0.0
shading,cie_xyz,0.2,0.8,Canon 60D,A,0.0,0.0
shading,camera_rgb_raw,0.2,0.8,Canon 60D,A,0.0,0.0
shading,camera_rgb_wb,0.2,0.8,Canon 60D,A,0.0,0.0
shading,spectral_radiance,0.2,0.8,Hasselblad H2,A,0.0,0.0
shading,cie_xyz,0.2,0.8,Hasselblad H2,A,0.0,0.0
shading,camera_rgb_raw,0.2,0.8,Hasselblad H2,A,0.0,0.0
shading,camera_rgb_wb,0.2,0.8,Hasselblad H2,A,0.0,0.0
shading,spectral_radiance,0.2,0.8,Hasselblad H2,A,0.0,0.0
shading,cie_xyz,0.2,0.8,Hasselblad H2,A,0.0,0.0
shading,camera_rgb_raw,0.2,0.8,Hasselblad H2,A,0.0,0.0
shading,camera_rgb_wb,0.2,0.8,Hasselblad H2,A,0.0,0.0
shading,spectral_radiance,0.2,0.8,Hasselblad H2,A,3.46944695195e-18,2.02627752504e-16
shading,cie_xyz,0.2,0.8,Hasselblad H2,A,1.11022302463e-16,1.71129764773e-16
shading,camera_rgb_raw,0.2,0.8,Hasselblad H2,A,1.11022302463e-16,3.96820112726e-16
shading,camera_rgb_wb,0.2,0.8,Hasselblad H2,A,3.33066907388e-16,4.85383023996e-16
shading,spectral_radiance,0.2,0.8,Hasselblad H2,A,0.0,0.0
shading,cie_xyz,0.2,0.8,Hasselblad H2,A,0.0,0.0
shading,camera_rgb_raw,0.2,0.8,Hasselblad H2,A,0.0,0.0
shading,camera_rgb_wb,0.2,0.8,Hasselblad H2,A,0.0,0.0
shading,spectral_radiance,0.2,0.8,Nikon D3X,A,0.0,0.0
shading,cie_xyz,0.2,0.8,Nikon D3X,A,0.0,0.0
shading,camera_rgb_raw,0.2,0.8,Nikon D3X,A,0.0,0.0
shading,camera_rgb_wb,0.2,0.8,Nikon D3X,A,0.0,0.0
shading,spectral_radiance,0.2,0.8,Nikon D3X,A,0.0,0.0
shading,cie_xyz,0.2,0.8,Nikon D3X,A,0.0,0.0
shading,camera_rgb_raw,0.2,0.8,Nikon D3X,A,0.0,0.0
shading,camera_rgb_wb,0.2,0.8,Nikon D3X,A,0.0,0.0
shading,spectral_radiance,0.2,0.8,Nikon D3X,A,3.46944695195e-18,2.02627752504e-16
shading,cie_xyz,0.2,0.8,Nikon D3X,A,1.11022302463e-16,1.71129764773e-16
shading,camera_rgb_raw,0.2,0.8,Nikon D3X,A,5.55111512313e-17,1.58703388506e-16
shading,camera_rgb_wb,0.2,0.8,Nikon D3X,A,2.22044604925e-16,3.37908112622e-16
shading,spectral_radiance,0.2,0.8,Nikon D3X,A,0.0,0.0
shading,cie_xyz,0.2,0.8,Nikon D3X,A,0.0,0.0
shading,camera_rgb_raw,0.2,0.8,Nikon D3X,A,0.0,0.0
shading,camera_rgb_wb,0.2,0.8,Nikon D3X,A,0.0,0.0
shading,spectral_radiance,0.2,0.8,Nikon D200,A,0.0,0.0
shading,cie_xyz,0.2,0.8,Nikon D200,A,0.0,0.0
shading,camera_rgb_raw,0.2,0.8,Nikon D200,A,0.0,0.0
shading,camera_rgb_wb,0.2,0.8,Nikon D200,A,0.0,0.0
shading,spectral_radiance,0.2,0.8,Nikon D200,A,0.0,0.0
shading,cie_xyz,0.2,0.8,Nikon D200,A,0.0,0.0
shading,camera_rgb_raw,0.2,0.8,Nikon D200,A,0.0,0.0
shading,camera_rgb_wb,0.2,0.8,Nikon D200,A,0.0,0.0
shading,spectral_radiance,0.2,0.8,Nikon D200,A,3.46944695195e-18,2.02627752504e-16
shading,cie_xyz,0.2,0.8,Nikon D200,A,1.11022302463e-16,1.71129764773e-16
shading,camera_rgb_raw,0.2,0.8,Nikon D200,A,1.11022302463e-16,2.82118927657e-16
shading,camera_rgb_wb,0.2,0.8,Nikon D200,A,2.22044604925e-16,3.37292383405e-16
shading,spectral_radiance,0.2,0.8,Nikon D200,A,0.0,0.0
shading,cie_xyz,0.2,0.8,Nikon D200,A,0.0,0.0
shading,camera_rgb_raw,0.2,0.8,Nikon D200,A,0.0,0.0
shading,camera_rgb_wb,0.2,0.8,Nikon D200,A,0.0,0.0
shading,spectral_radiance,0.2,0.8,Nikon D3,A,0.0,0.0
shading,cie_xyz,0.2,0.8,Nikon D3,A,0.0,0.0
shading,camera_rgb_raw,0.2,0.8,Nikon D3,A,0.0,0.0
shading,camera_rgb_wb,0.2,0.8,Nikon D3,A,0.0,0.0
shading,spectral_radiance,0.2,0.8,Nikon D3,A,0.0,0.0
shading,cie_xyz,0.2,0.8,Nikon D3,A,0.0,0.0
shading,camera_rgb_raw,0.2,0.8,Nikon D3,A,0.0,0.0
shading,camera_rgb_wb,0.2,0.8,Nikon D3,A,0.0,0.0
shading,spectral_radiance,0.2,0.8,Nikon D3,A,3.46944695195e-18,2.02627752504e-16
shading,cie_xyz,0.2,0.8,Nikon D3,A,1.11022302463e-16,1.71129764773e-16
shading,camera_rgb_raw,0.2,0.8,Nikon D3,A,1.66533453694e-16,4.48890042164e-16
shading,camera_rgb_wb,0.2,0.8,Nikon D3,A,2.22044604925e-16,3.38963791727e-16
shading,spectral_radiance,0.2,0.8,Nikon D3,A,0.0,0.0
shading,cie_xyz,0.2,0.8,Nikon D3,A,0.0,0.0
shading,camera_rgb_raw,0.2,0.8,Nikon D3,A,0.0,0.0
shading,camera_rgb_wb,0.2,0.8,Nikon D3,A,0.0,0.0
shading,spectral_radiance,0.2,0.8,Nikon D300s,A,0.0,0.0
shading,cie_xyz,0.2,0.8,Nikon D300s,A,0.0,0.0
shading,camera_rgb_raw,0.2,0.8,Nikon D300s,A,0.0,0.0
shading,camera_rgb_wb,0.2,0.8,Nikon D300s,A,0.0,0.0
shading,spectral_radiance,0.2,0.8,Nikon D300s,A,0.0,0.0
shading,cie_xyz,0.2,0.8,Nikon D300s,A,0.0,0.0
shading,camera_rgb_raw,0.2,0.8,Nikon D300s,A,0.0,0.0
shading,camera_rgb_wb,0.2,0.8,Nikon D300s,A,0.0,0.0
shading,spectral_radiance,0.2,0.8,Nikon D300s,A,3.46944695195e-18,2.02627752504e-16
shading,cie_xyz,0.2,0.8,Nikon D300s,A,1.11022302463e-16,1.71129764773e-16
shading,camera_rgb_raw,0.2,0.8,Nikon D300s,A,5.55111512313e-17,1.28284301771e-16
shading,camera_rgb_wb,0.2,0.8,Nikon D300s,A,1.11022302463e-16,1.71774495637e-16
shading,spectral_radiance,0.2,0.8,Nikon D300s,A,0.0,0.0
shading,cie_xyz,0.2,0.8,Nikon D300s,A,0.0,0.0
shading,camera_rgb_raw,0.2,0.8,Nikon D300s,A,0.0,0.0
shading,camera_rgb_wb,0.2,0.8,Nikon D300s,A,0.0,0.0
shading,spectral_radiance,0.2,0.8,Nikon D40,A,0.0,0.0
shading,cie_xyz,0.2,0.8,Nikon D40,A,0.0,0.0
shading,camera_rgb_raw,0.2,0.8,Nikon D40,A,0.0,0.0
shading,camera_rgb_wb,0.2,0.8,Nikon D40,A,0.0,0.0
shading,spectral_radiance,0.2,0.8,Nikon D40,A,0.0,0.0
shading,cie_xyz,0.2,0.8,Nikon D40,A,0.0,0.0
shading,camera_rgb_raw,0.2,0.8,Nikon D40,A,0.0,0.0
shading,camera_rgb_wb,0.2,0.8,Nikon D40,A,0.0,0.0
shading,spectral_radiance,0.2,0.8,Nikon D40,A,3.46944695195e-18,2.02627752504e-16
shading,cie_xyz,0.2,0.8,Nikon D40,A,1.11022302463e-16,1.71129764773e-16
shading,camera_rgb_raw,0.2,0.8,Nikon D40,A,5.55111512313e-17,1.71850052183e-16
shading,camera_rgb_wb,0.2,0.8,Nikon D40,A,1.11022302463e-16,1.71230305126e-16
shading,spectral_radiance,0.2,0.8,Nikon D40,A,0.0,0.0
shading,cie_xyz,0.2,0.8,Nikon D40,A,0.0,0.0
shading,camera_rgb_raw,0.2,0.8,Nikon D40,A,0.0,0.0
shading,camera_rgb_wb,0.2,0.8,Nikon D40,A,0.0,0.0
shading,spectral_radiance,0.2,0.8,Nikon D50,A,0.0,0.0
shading,cie_xyz,0.2,0.8,Nikon D50,A,0.0,0.0
shading,camera_rgb_raw,0.2,0.8,Nikon D50,A,0.0,0.0
shading,camera_rgb_wb,0.2,0.8,Nikon D50,A,0.0,0.0
shading,spectral_radiance,0.2,0.8,Nikon D50,A,0.0,0.0
shading,cie_xyz,0.2,0.8,Nikon D50,A,0.0,0.0
shading,camera_rgb_raw,0.2,0.8,Nikon D50,A,0.0,0.0
shading,camera_rgb_wb,0.2,0.8,Nikon D50,A,0.0,0.0
shading,spectral_radiance,0.2,0.8,Nikon D50,A,3.46944695195e-18,2.02627752504e-16
shading,cie_xyz,0.2,0.8,Nikon D50,A,1.11022302463e-16,1.71129764773e-16
shading,camera_rgb_raw,0.2,0.8,Nikon D50,A,4.16333634234e-17,1.25962150128e-16
shading,camera_rgb_wb,0.2,0.8,Nikon D50,A,1.11022302463e-16,1.6699639207e-16
shading,spectral_radiance,0.2,0.8,Nikon D50,A,0.0,0.0
shading,cie_xyz,0.2,0.8,Nikon D50,A,0.0,0.0
shading,camera_rgb_raw,0.2,0.8,Nikon D50,A,0.0,0.0
shading,camera_rgb_wb,0.2,0.8,Nikon D50,A,0.0,0.0
shading,spectral_radiance,0.2,0.8,Nikon D5100,A,0.0,0.0
shading,cie_xyz,0.2,0.8,Nikon D5100,A,0.0,0.0
shading,camera_rgb_raw,0.2,0.8,Nikon D5100,A,0.0,0.0
shading,camera_rgb_wb,0.2,0.8,Nikon D5100,A,0.0,0.0
shading,spectral_radiance,0.2,0.8,Nikon D5100,A,0.0,0.0
shading,cie_xyz,0.2,0.8,Nikon D5100,A,0.0,0.0
shading,camera_rgb_raw,0.2,0.8,Nikon D5100,A,0.0,0.0
shading,camera_rgb_wb,0.2,0.8,Nikon D5100,A,0.0,0.0
shading,spectral_radiance,0.2,0.8,Nikon D5100,A,3.46944695195e-18,2.02627752504e-16
shading,cie_xyz,0.2,0.8,Nikon D5100,A,1.11022302463e-16,1.71129764773e-16
shading,camera_rgb_raw,0.2,0.8,Nikon D5100,A,5.55111512313e-17,1.51919088868e-16
shading,camera_rgb_wb,0.2,0.8,Nikon D5100,A,1.11022302463e-16,1.71704523797e-16
shading,spectral_radiance,0.2,0.8,Nikon D5100,A,0.0,0.0
shading,cie_xyz,0.2,0.8,Nikon D5100,A,0.0,0.0
shading,camera_rgb_raw,0.2,0.8,Nikon D5100,A,0.0,0.0
shading,camera_rgb_wb,0.2,0.8,Nikon D5100,A,0.0,0.0
shading,spectral_radiance,0.2,0.8,Nikon D700,A,0.0,0.0
shading,cie_xyz,0.2,0.8,Nikon D700,A,0.0,0.0
shading,camera_rgb_raw,0.2,0.8,Nikon D700,A,0.0,0.0
shading,camera_rgb_wb,0.2,0.8,Nikon D700,A,0.0,0.0
shading,spectral_radiance,0.2,0.8,Nikon D700,A,0.0,0.0
shading,cie_xyz,0.2,0.8,Nikon D700,A,0.0,0.0
shading,camera_rgb_raw,0.2,0.8,Nikon D700,A,0.0,0.0
shading,camera_rgb_wb,0.2,0.8,Nikon D700,A,0.0,0.0
shading,spectral_radiance,0.2,0.8,Nikon D700,A,3.46944695195e-18,2.02627752504e-16
shading,cie_xyz,0.2,0.8,Nikon D700,A,1.11022302463e-16,1.71129764773e-16
shading,camera_rgb_raw,0.2,0.8,Nikon D700,A,1.66533453694e-16,4.25489349807e-16
shading,camera_rgb_wb,0.2,0.8,Nikon D700,A,2.22044604925e-16,3.38028800944e-16
shading,spectral_radiance,0.2,0.8,Nikon D700,A,0.0,0.0
shading,cie_xyz,0.2,0.8,Nikon D700,A,0.0,0.0
shading,camera_rgb_raw,0.2,0.8,Nikon D700,A,0.0,0.0
shading,camera_rgb_wb,0.2,0.8,Nikon D700,A,0.0,0.0
shading,spectral_radiance,0.2,0.8,Nikon D80,A,0.0,0.0
shading,cie_xyz,0.2,0.8,Nikon D80,A,0.0,0.0
shading,camera_rgb_raw,0.2,0.8,Nikon D80,A,0.0,0.0
shading,camera_rgb_wb,0.2,0.8,Nikon D80,A,0.0,0.0
shading,spectral_radiance,0.2,0.8,Nikon D80,A,0.0,0.0
shading,cie_xyz,0.2,0.8,Nikon D80,A,0.0,0.0
shading,camera_rgb_raw,0.2,0.8,Nikon D80,A,0.0,0.0
shading,camera_rgb_wb,0.2,0.8,Nikon D80,A,0.0,0.0
shading,spectral_radiance,0.2,0.8,Nikon D80,A,3.46944695195e-18,2.02627752504e-16
shading,cie_xyz,0.2,0.8,Nikon D80,A,1.11022302463e-16,1.71129764773e-16
shading,camera_rgb_raw,0.2,0.8,Nikon D80,A,5.55111512313e-17,1.57541182459e-16
shading,camera_rgb_wb,0.2,0.8,Nikon D80,A,2.22044604925e-16,3.38700111534e-16
shading,spectral_radiance,0.2,0.8,Nikon D80,A,0.0,0.0
shading,cie_xyz,0.2,0.8,Nikon D80,A,0.0,0.0
shading,camera_rgb_raw,0.2,0.8,Nikon D80,A,0.0,0.0
shading,camera_rgb_wb,0.2,0.8,Nikon D80,A,0.0,0.0
shading,spectral_radiance,0.2,0.8,Nikon D90,A,0.0,0.0
shading,cie_xyz,0.2,0.8,Nikon D90,A,0.0,0.0
shading,camera_rgb_raw,0.2,0.8,Nikon D90,A,0.0,0.0
shading,camera_rgb_wb,0.2,0.8,Nikon D90,A,0.0,0.0
shading,spectral_radiance,0.2,0.8,Nikon D90,A,0.0,0.0
shading,cie_xyz,0.2,0.8,Nikon D90,A,0.0,0.0
shading,camera_rgb_raw,0.2,0.8,Nikon D90,A,0.0,0.0
shading,camera_rgb_wb,0.2,0.8,Nikon D90,A,0.0,0.0
shading,spectral_radiance,0.2,0.8,Nikon D90,A,3.46944695195e-18,2.02627752504e-16
shading,cie_xyz,0.2,0.8,Nikon D90,A,1.11022302463e-16,1.71129764773e-16
shading,camera_rgb_raw,0.2,0.8,Nikon D90,A,5.55111512313e-17,1.57436796486e-16
shading,camera_rgb_wb,0.2,0.8,Nikon D90,A,0.0,0.0
shading,spectral_radiance,0.2,0.8,Nikon D90,A,0.0,0.0
shading,cie_xyz,0.2,0.8,Nikon D90,A,0.0,0.0
shading,camera_rgb_raw,0.2,0.8,Nikon D90,A,0.0,0.0
shading,camera_rgb_wb,0.2,0.8,Nikon D90,A,0.0,0.0
shading,spectral_radiance,0.2,0.8,Nokia N900,A,0.0,0.0
shading,cie_xyz,0.2,0.8,Nokia N900,A,0.0,0.0
shading,camera_rgb_raw,0.2,0.8,Nokia N900,A,0.0,0.0
shading,camera_rgb_wb,0.2,0.8,Nokia N900,A,0.0,0.0
shading,spectral_radiance,0.2,0.8,Nokia N900,A,0.0,0.0
shading,cie_xyz,0.2,0.8,Nokia N900,A,0.0,0.0
shading,camera_rgb_raw,0.2,0.8,Nokia N900,A,0.0,0.0
shading,camera_rgb_wb,0.2,0.8,Nokia N900,A,0.0,0.0
shading,spectral_radiance,0.2,0.8,Nokia N900,A,3.46944695195e-18,2.02627752504e-16
shading,cie_xyz,0.2,0.8,Nokia N900,A,1.11022302463e-16,1.71129764773e-16
shading,camera_rgb_raw,0.2,0.8,Nokia N900,A,1.11022302463e-16,1.80901753563e-16
shading,camera_rgb_wb,0.2,0.8,Nokia N900,A,1.66533453694e-16,2.47832634698e-16
shading,spectral_radiance,0.2,0.8,Nokia N900,A,0.0,0.0
shading,cie_xyz,0.2,0.8,Nokia N900,A,0.0,0.0
shading,camera_rgb_raw,0.2,0.8,Nokia N900,A,0.0,0.0
shading,camera_rgb_wb,0.2,0.8,Nokia N900,A,0.0,0.0
shading,spectral_radiance,0.2,0.8,Olympus E-PL2,A,0.0,0.0
shading,cie_xyz,0.2,0.8,Olympus E-PL2,A,0.0,0.0
shading,camera_rgb_raw,0.2,0.8,Olympus E-PL2,A,0.0,0.0
shading,camera_rgb_wb,0.2,0.8,Olympus E-PL2,A,0.0,0.0
shading,spectral_radiance,0.2,0.8,Olympus E-PL2,A,0.0,0.0
shading,cie_xyz,0.2,0.8,Olympus E-PL2,A,0.0,0.0
shading,camera_rgb_raw,0.2,0.8,Olympus E-PL2,A,0.0,0.0
shading,camera_rgb_wb,0.2,0.8,Olympus E-PL2,A,0.0,0.0
shading,spectral_radiance,0.2,0.8,Olympus E-PL2,A,3.46944695195e-18,2.02627752504e-16
shading,cie_xyz,0.2,0.8,Olympus E-PL2,A,1.11022302463e-16,1.71129764773e-16
shading,camera_rgb_raw,0.2,0.8,Olympus E-PL2,A,1.11022302463e-16,1.74769419298e-16
shading,camera_rgb_wb,0.2,0.8,Olympus E-PL2,A,2.22044604925e-16,3.22998301227e-16
shading,spectral_radiance,0.2,0.8,Olympus E-PL2,A,0.0,0.0
shading,cie_xyz,0.2,0.8,Olympus E-PL2,A,0.0,0.0
shading,camera_rgb_raw,0.2,0.8,Olympus E-PL2,A,0.0,0.0
shading,camera_rgb_wb,0.2,0.8,Olympus E-PL2,A,0.0,0.0
shading,spectral_radiance,0.2,0.8,Pentax K-5,A,0.0,0.0
shading,cie_xyz,0.2,0.8,Pentax K-5,A,0.0,0.0
shading,camera_rgb_raw,0.2,0.8,Pentax K-5,A,0.0,0.0
shading,camera_rgb_wb,0.2,0.8,Pentax K-5,A,0.0,0.0
shading,spectral_radiance,0.2,0.8,Pentax K-5,A,0.0,0.0
shading,cie_xyz,0.2,0.8,Pentax K-5,A,0.0,0.0
shading,camera_rgb_raw,0.2,0.8,Pentax K-5,A,0.0,0.0
shading,camera_rgb_wb,0.2,0.8,Pentax K-5,A,0.0,0.0
shading,spectral_radiance,0.2,0.8,Pentax K-5,A,3.46944695195e-18,2.02627752504e-16
shading,cie_xyz,0.2,0.8,Pentax K-5,A,1.11022302463e-16,1.71129764773e-16
shading,camera_rgb_raw,0.2,0.8,Pentax K-5,A,5.55111512313e-17,1.48620801505e-16
shading,camera_rgb_wb,0.2,0.8,Pentax K-5,A,1.11022302463e-16,1.68062526969e-16
shading,spectral_radiance,0.2,0.8,Pentax K-5,A,0.0,0.0
shading,cie_xyz,0.2,0.8,Pentax K-5,A,0.0,0.0
shading,camera_rgb_raw,0.2,0.8,Pentax K-5,A,0.0,0.0
shading,camera_rgb_wb,0.2,0.8,Pentax K-5,A,0.0,0.0
shading,spectral_radiance,0.2,0.8,Pentax Q,A,0.0,0.0
shading,cie_xyz,0.2,0.8,Pentax Q,A,0.0,0.0
shading,camera_rgb_raw,0.2,0.8,Pentax Q,A,0.0,0.0
shading,camera_rgb_wb,0.2,0.8,Pentax Q,A,0.0,0.0
shading,spectral_radiance,0.2,0.8,Pentax Q,A,0.0,0.0
shading,cie_xyz,0.2,0.8,Pentax Q,A,0.0,0.0
shading,camera_rgb_raw,0.2,0.8,Pentax Q,A,0.0,0.0
shading,camera_rgb_wb,0.2,0.8,Pentax Q,A,0.0,0.0
shading,spectral_radiance,0.2,0.8,Pentax Q,A,3.46944695195e-18,2.02627752504e-16
shading,cie_xyz,0.2,0.8,Pentax Q,A,1.11022302463e-16,1.71129764773e-16
shading,camera_rgb_raw,0.2,0.8,Pentax Q,A,1.11022302463e-16,1.68036062828e-16
shading,camera_rgb_wb,0.2,0.8,Pentax Q,A,1.11022302463e-16,1.62932847414e-16
shading,spectral_radiance,0.2,0.8,Pentax Q,A,0.0,0.0
shading,cie_xyz,0.2,0.8,Pentax Q,A,0.0,0.0
shading,camera_rgb_raw,0.2,0.8,Pentax Q,A,0.0,0.0
shading,camera_rgb_wb,0.2,0.8,Pentax Q,A,0.0,0.0
shading,spectral_radiance,0.2,0.8,Point Grey Grasshopper 50S5C,A,0.0,0.0
shading,cie_xyz,0.2,0.8,Point Grey Grasshopper 50S5C,A,0.0,0.0
shading,camera_rgb_raw,0.2,0.8,Point Grey Grasshopper 50S5C,A,0.0,0.0
shading,camera_rgb_wb,0.2,0.8,Point Grey Grasshopper 50S5C,A,0.0,0.0
shading,spectral_radiance,0.2,0.8,Point Grey Grasshopper 50S5C,A,0.0,0.0
shading,cie_xyz,0.2,0.8,Point Grey Grasshopper 50S5C,A,0.0,0.0
shading,camera_rgb_raw,0.2,0.8,Point Grey Grasshopper 50S5C,A,0.0,0.0
shading,camera_rgb_wb,0.2,0.8,Point Grey Grasshopper 50S5C,A,0.0,0.0
shading,spectral_radiance,0.2,0.8,Point Grey Grasshopper 50S5C,A,3.46944695195e-18,2.02627752504e-16
shading,cie_xyz,0.2,0.8,Point Grey Grasshopper 50S5C,A,1.11022302463e-16,1.71129764773e-16
shading,camera_rgb_raw,0.2,0.8,Point Grey Grasshopper 50S5C,A,1.11022302463e-16,1.95853547102e-16
shading,camera_rgb_wb,0.2,0.8,Point Grey Grasshopper 50S5C,A,2.22044604925e-16,2.8233086945e-16
shading,spectral_radiance,0.2,0.8,Point Grey Grasshopper 50S5C,A,0.0,0.0
shading,cie_xyz,0.2,0.8,Point Grey Grasshopper 50S5C,A,0.0,0.0
shading,camera_rgb_raw,0.2,0.8,Point Grey Grasshopper 50S5C,A,0.0,0.0
shading,camera_rgb_wb,0.2,0.8,Point Grey Grasshopper 50S5C,A,0.0,0.0
shading,spectral_radiance,0.2,0.8,Point Grey Grasshopper2 14S5C,A,0.0,0.0
shading,cie_xyz,0.2,0.8,Point Grey Grasshopper2 14S5C,A,0.0,0.0
shading,camera_rgb_raw,0.2,0.8,Point Grey Grasshopper2 14S5C,A,0.0,0.0
shading,camera_rgb_wb,0.2,0.8,Point Grey Grasshopper2 14S5C,A,0.0,0.0
shading,spectral_radiance,0.2,0.8,Point Grey Grasshopper2 14S5C,A,0.0,0.0
shading,cie_xyz,0.2,0.8,Point Grey Grasshopper2 14S5C,A,0.0,0.0
shading,camera_rgb_raw,0.2,0.8,Point Grey Grasshopper2 14S5C,A,0.0,0.0
shading,camera_rgb_wb,0.2,0.8,Point Grey Grasshopper2 14S5C,A,0.0,0.0
shading,spectral_radiance,0.2,0.8,Point Grey Grasshopper2 14S5C,A,3.46944695195e-18,2.02627752504e-16
shading,cie_xyz,0.2,0.8,Point Grey Grasshopper2 14S5C,A,1.11022302463e-16,1.71129764773e-16
shading,camera_rgb_raw,0.2,0.8,Point Grey Grasshopper2 14S5C,A,1.11022302463e-16,2.06822194828e-16
shading,camera_rgb_wb,0.2,0.8,Point Grey Grasshopper2 14S5C,A,1.11022302463e-16,1.53003139668e-16
shading,spectral_radiance,0.2,0.8,Point Grey Grasshopper2 14S5C,A,0.0,0.0
shading,cie_xyz,0.2,0.8,Point Grey Grasshopper2 14S5C,A,0.0,0.0
shading,camera_rgb_raw,0.2,0.8,Point Grey Grasshopper2 14S5C,A,0.0,0.0
shading,camera_rgb_wb,0.2,0.8,Point Grey Grasshopper2 14S5C,A,0.0,0.0
shading,spectral_radiance,0.2,0.8,Phase One,A,0.0,0.0
shading,cie_xyz,0.2,0.8,Phase One,A,0.0,0.0
shading,camera_rgb_raw,0.2,0.8,Phase One,A,0.0,0.0
shading,camera_rgb_wb,0.2,0.8,Phase One,A,0.0,0.0
shading,spectral_radiance,0.2,0.8,Phase One,A,0.0,0.0
shading,cie_xyz,0.2,0.8,Phase One,A,0.0,0.0
shading,camera_rgb_raw,0.2,0.8,Phase One,A,0.0,0.0
shading,camera_rgb_wb,0.2,0.8,Phase One,A,0.0,0.0
shading,spectral_radiance,0.2,0.8,Phase One,A,3.46944695195e-18,2.02627752504e-16
shading,cie_xyz,0.2,0.8,Phase One,A,1.11022302463e-16,1.71129764773e-16
shading,camera_rgb_raw,0.2,0.8,Phase One,A,1.11022302463e-16,3.12773398356e-16
shading,camera_rgb_wb,0.2,0.8,Phase One,A,1.11022302463e-16,1.92752255238e-16
shading,spectral_radiance,0.2,0.8,Phase One,A,0.0,0.0
shading,cie_xyz,0.2,0.8,Phase One,A,0.0,0.0
shading,camera_rgb_raw,0.2,0.8,Phase One,A,0.0,0.0
shading,camera_rgb_wb,0.2,0.8,Phase One,A,0.0,0.0
shading,spectral_radiance,0.2,0.8,SONY NEX-5N,A,0.0,0.0
shading,cie_xyz,0.2,0.8,SONY NEX-5N,A,0.0,0.0
shading,camera_rgb_raw,0.2,0.8,SONY NEX-5N,A,0.0,0.0
shading,camera_rgb_wb,0.2,0.8,SONY NEX-5N,A,0.0,0.0
shading,spectral_radiance,0.2,0.8,SONY NEX-5N,A,0.0,0.0
shading,cie_xyz,0.2,0.8,SONY NEX-5N,A,0.0,0.0
shading,camera_rgb_raw,0.2,0.8,SONY NEX-5N,A,0.0,0.0
shading,camera_rgb_wb,0.2,0.8,SONY NEX-5N,A,0.0,0.0
shading,spectral_radiance,0.2,0.8,SONY NEX-5N,A,3.46944695195e-18,2.02627752504e-16
shading,cie_xyz,0.2,0.8,SONY NEX-5N,A,1.11022302463e-16,1.71129764773e-16
shading,camera_rgb_raw,0.2,0.8,SONY NEX-5N,A,1.11022302463e-16,3.98392454339e-16
shading,camera_rgb_wb,0.2,0.8,SONY NEX-5N,A,2.22044604925e-16,3.48969753807e-16
shading,spectral_radiance,0.2,0.8,SONY NEX-5N,A,0.0,0.0
shading,cie_xyz,0.2,0.8,SONY NEX-5N,A,0.0,0.0
shading,camera_rgb_raw,0.2,0.8,SONY NEX-5N,A,0.0,0.0
shading,camera_rgb_wb,0.2,0.8,SONY NEX-5N,A,0.0,0.0
shading,spectral_radiance,0.2,0.8,Canon 1DMarkIII,FL2,0.0,0.0
shading,cie_xyz,0.2,0.8,Canon 1DMarkIII,FL2,0.0,0.0
shading,camera_rgb_raw,0.2,0.8,Canon 1DMarkIII,FL2,0.0,0.0
shading,camera_rgb_wb,0.2,0.8,Canon 1DMarkIII,FL2,0.0,0.0
shading,spectral_radiance,0.2,0.8,Canon 1DMarkIII,FL2,0.0,0.0
shading,cie_xyz,0.2,0.8,Canon 1DMarkIII,FL2,0.0,0.0
shading,camera_rgb_raw,0.2,0.8,Canon 1DMarkIII,FL2,0.0,0.0
shading,camera_rgb_wb,0.2,0.8,Canon 1DMarkIII,FL2,0.0,0.0
shading,spectral_radiance,0.2,0.8,Canon 1DMarkIII,FL2,8.67361737988e-19,1.16739749217e-16
shading,cie_xyz,0.2,0.8,Canon 1DMarkIII,FL2,1.66533453694e-16,3.45301356099e-16
shading,camera_rgb_raw,0.2,0.8,Canon 1DMarkIII,FL2,5.55111512313e-17,1.95631673018e-16
shading,camera_rgb_wb,0.2,0.8,Canon 1DMarkIII,FL2,1.11022302463e-16,1.98646595345e-16
shading,spectral_radiance,0.2,0.8,Canon 1DMarkIII,FL2,0.0,0.0
shading,cie_xyz,0.2,0.8,Canon 1DMarkIII,FL2,0.0,0.0
shading,camera_rgb_raw,0.2,0.8,Canon 1DMarkIII,FL2,0.0,0.0
shading,camera_rgb_wb,0.2,0.8,Canon 1DMarkIII,FL2,0.0,0.0
shading,spectral_radiance,0.2,0.8,Canon 20D,FL2,0.0,0.0
shading,cie_xyz,0.2,0.8,Canon 20D,FL2,0.0,0.0
shading,camera_rgb_raw,0.2,0.8,Canon 20D,FL2,0.0,0.0
shading,camera_rgb_wb,0.2,0.8,Canon 20D,FL2,0.0,0.0
shading,spectral_radiance,0.2,0.8,Canon 20D,FL2,0.0,0.0
shading,cie_xyz,0.2,0.8,Canon 20D,FL2,0.0,0.0
shading,camera_rgb_raw,0.2,0.8,Canon 20D,FL2,0.0,0.0
shading,camera_rgb_wb,0.2,0.8,Canon 20D,FL2,0.0,0.0
shading,spectral_radiance,0.2,0.8,Canon 20D,FL2,8.67361737988e-19,1.16739749217e-16
shading,cie_xyz,0.2,0.8,Canon 20D,FL2,1.66533453694e-16,3.45301356099e-16
shading,camera_rgb_raw,0.2,0.8,Canon 20D,FL2,1.11022302463e-16,3.74513194317e-16
shading,camera_rgb_wb,0.2,0.8,Canon 20D,FL2,2.22044604925e-16,3.99383627994e-16
shading,spectral_radiance,0.2,0.8,Canon 20D,FL2,0.0,0.0
shading,cie_xyz,0.2,0.8,Canon 20D,FL2,0.0,0.0
shading,camera_rgb_raw,0.2,0.8,Canon 20D,FL2,0.0,0.0
shading,camera_rgb_wb,0.2,0.8,Canon 20D,FL2,0.0,0.0
shading,spectral_radiance,0.2,0.8,Canon 300D,FL2,0.0,0.0
shading,cie_xyz,0.2,0.8,Canon 300D,FL2,0.0,0.0
shading,camera_rgb_raw,0.2,0.8,Canon 300D,FL2,0.0,0.0
shading,camera_rgb_wb,0.2,0.8,Canon 300D,FL2,0.0,0.0
shading,spectral_radiance,0.2,0.8,Canon 300D,FL2,0.0,0.0
shading,cie_xyz,0.2,0.8,Canon 300D,FL2,0.0,0.0
shading,camera_rgb_raw,0.2,0.8,Canon 300D,FL2,0.0,0.0
shading,camera_rgb_wb,0.2,0.8,Canon 300D,FL2,0.0,0.0
shading,spectral_radiance,0.2,0.8,Canon 300D,FL2,8.67361737988e-19,1.16739749217e-16
shading,cie_xyz,0.2,0.8,Canon 300D,FL2,1.66533453694e-16,3.45301356099e-16
shading,camera_rgb_raw,0.2,0.8,Canon 300D,FL2,1.11022302463e-16,3.85718248185e-16
shading,camera_rgb_wb,0.2,0.8,Canon 300D,FL2,1.94289029309e-16,3.47185706364e-16
shading,spectral_radiance,0.2,0.8,Canon 300D,FL2,0.0,0.0
shading,cie_xyz,0.2,0.8,Canon 300D,FL2,0.0,0.0
shading,camera_rgb_raw,0.2,0.8,Canon 300D,FL2,0.0,0.0
shading,camera_rgb_wb,0.2,0.8,Canon 300D,FL2,0.0,0.0
shading,spectral_radiance,0.2,0.8,Canon 40D,FL2,0.0,0.0
shading,cie_xyz,0.2,0.8,Canon 40D,FL2,0.0,0.0
shading,camera_rgb_raw,0.2,0.8,Canon 40D,FL2,0.0,0.0
shading,camera_rgb_wb,0.2,0.8,Canon 40D,FL2,0.0,0.0
shading,spectral_radiance,0.2,0.8,Canon 40D,FL2,0.0,0.0
shading,cie_xyz,0.2,0.8,Canon 40D,FL2,0.0,0.0
shading,camera_rgb_raw,0.2,0.8,Canon 40D,FL2,0.0,0.0
shading,camera_rgb_wb,0.2,0.8,Canon 40D,FL2,0.0,0.0
shading,spectral_radiance,0.2,0.8,Canon 40D,FL2,8.67361737988e-19,1.16739749217e-16
shading,cie_xyz,0.2,0.8,Canon 40D,FL2,1.66533453694e-16,3.45301356099e-16
shading,camera_rgb_raw,0.2,0.8,Canon 40D,FL2,4.16333634234e-17,1.32863621695e-16
shading,camera_rgb_wb,0.2,0.8,Canon 40D,FL2,1.11022302463e-16,1.99093015863e-16
shading,spectral_radiance,0.2,0.8,Canon 40D,FL2,0.0,0.0
shading,cie_xyz,0.2,0.8,Canon 40D,FL2,0.0,0.0
shading,camera_rgb_raw,0.2,0.8,Canon 40D,FL2,0.0,0.0
shading,camera_rgb_wb,0.2,0.8,Canon 40D,FL2,0.0,0.0
shading,spectral_radiance,0.2,0.8,Canon 500D,FL2,0.0,0.0
shading,cie_xyz,0.2,0.8,Canon 500D,FL2,0.0,0.0
shading,camera_rgb_raw,0.2,0.8,Canon 500D,FL2,0.0,0.0
shading,camera_rgb_wb,0.2,0.8,Canon 500D,FL2,0.0,0.0
shading,spectral_radiance,0.2,0.8,Canon 500D,FL2,0.0,0.0
shading,cie_xyz,0.2,0.8,Canon 500D,FL2,0.0,0.0
shading,camera_rgb_raw,0.2,0.8,Canon 500D,FL2,0.0,0.0
shading,camera_rgb_wb,0.2,0.8,Canon 500D,FL2,0.0,0.0
shading,spectral_radiance,0.2,0.8,Canon 500D,FL2,8.67361737988e-19,1.16739749217e-16
shading,cie_xyz,0.2,0.8,Canon 500D,FL2,1.66533453694e-16,3.45301356099e-16
shading,camera_rgb_raw,0.2,0.8,Canon 500D,FL2,5.55111512313e-17,1.58044915767e-16
shading,camera_rgb_wb,0.2,0.8,Canon 500D,FL2,2.22044604925e-16,4.30891409724e-16
shading,spectral_radiance,0.2,0.8,Canon 500D,FL2,0.0,0.0
shading,cie_xyz,0.2,0.8,Canon 500D,FL2,0.0,0.0
shading,camera_rgb_raw,0.2,0.8,Canon 500D,FL2,0.0,0.0
shading,camera_rgb_wb,0.2,0.8,Canon 500D,FL2,0.0,0.0
shading,spectral_radiance,0.2,0.8,Canon 50D,FL2,0.0,0.0
shading,cie_xyz,0.2,0.8,Canon 50D,FL2,0.0,0.0
shading,camera_rgb_raw,0.2,0.8,Canon 50D,FL2,0.0,0.0
shading,camera_rgb_wb,0.2,0.8,Canon 50D,FL2,0.0,0.0
shading,spectral_radiance,0.2,0.8,Canon 50D,FL2,0.0,0.0
shading,cie_xyz,0.2,0.8,Canon 50D,FL2,0.0,0.0
shading,camera_rgb_raw,0.2,0.8,Canon 50D,FL2,0.0,0.0
shading,camera_rgb_wb,0.2,0.8,Canon 50D,FL2,0.0,0.0
shading,spectral_radiance,0.2,0.8,Canon 50D,FL2,8.67361737988e-19,1.16739749217e-16
shading,cie_xyz,0.2,0.8,Canon 50D,FL2,1.66533453694e-16,3.45301356099e-16
shading,camera_rgb_raw,0.2,0.8,Canon 50D,FL2,1.11022302463e-16,3.15305206646e-16
shading,camera_rgb_wb,0.2,0.8,Canon 50D,FL2,1.11022302463e-16,2.10174761866e-16
shading,spectral_radiance,0.2,0.8,Canon 50D,FL2,0.0,0.0
shading,cie_xyz,0.2,0.8,Canon 50D,FL2,0.0,0.0
shading,camera_rgb_raw,0.2,0.8,Canon 50D,FL2,0.0,0.0
shading,camera_rgb_wb,0.2,0.8,Canon 50D,FL2,0.0,0.0
shading,spectral_radiance,0.2,0.8,Canon 5DMarkII,FL2,0.0,0.0
shading,cie_xyz,0.2,0.8,Canon 5DMarkII,FL2,0.0,0.0
shading,camera_rgb_raw,0.2,0.8,Canon 5DMarkII,FL2,0.0,0.0
shading,camera_rgb_wb,0.2,0.8,Canon 5DMarkII,FL2,0.0,0.0
shading,spectral_radiance,0.2,0.8,Canon 5DMarkII,FL2,0.0,0.0
shading,cie_xyz,0.2,0.8,Canon 5DMarkII,FL2,0.0,0.0
shading,camera_rgb_raw,0.2,0.8,Canon 5DMarkII,FL2,0.0,0.0
shading,camera_rgb_wb,0.2,0.8,Canon 5DMarkII,FL2,0.0,0.0
shading,spectral_radiance,0.2,0.8,Canon 5DMarkII,FL2,8.67361737988e-19,1.16739749217e-16
shading,cie_xyz,0.2,0.8,Canon 5DMarkII,FL2,1.66533453694e-16,3.45301356099e-16
shading,camera_rgb_raw,0.2,0.8,Canon 5DMarkII,FL2,2.77555756156e-17,9.00322929928e-17
shading,camera_rgb_wb,0.2,0.8,Canon 5DMarkII,FL2,0.0,0.0
shading,spectral_radiance,0.2,0.8,Canon 5DMarkII,FL2,0.0,0.0
shading,cie_xyz,0.2,0.8,Canon 5DMarkII,FL2,0.0,0.0
shading,camera_rgb_raw,0.2,0.8,Canon 5DMarkII,FL2,0.0,0.0
shading,camera_rgb_wb,0.2,0.8,Canon 5DMarkII,FL2,0.0,0.0
shading,spectral_radiance,0.2,0.8,Canon 600D,FL2,0.0,0.0
shading,cie_xyz,0.2,0.8,Canon 600D,FL2,0.0,0.0
shading,camera_rgb_raw,0.2,0.8,Canon 600D,FL2,0.0,0.0
shading,camera_rgb_wb,0.2,0.8,Canon 600D,FL2,0.0,0.0
shading,spectral_radiance,0.2,0.8,Canon 600D,FL2,0.0,0.0
shading,cie_xyz,0.2,0.8,Canon 600D,FL2,0.0,0.0
shading,camera_rgb_raw,0.2,0.8,Canon 600D,FL2,0.0,0.0
shading,camera_rgb_wb,0.2,0.8,Canon 600D,FL2,0.0,0.0
shading,spectral_radiance,0.2,0.8,Canon 600D,FL2,8.67361737988e-19,1.16739749217e-16
shading,cie_xyz,0.2,0.8,Canon 600D,FL2,1.66533453694e-16,3.45301356099e-16
shading,camera_rgb_raw,0.2,0.8,Canon 600D,FL2,5.55111512313e-17,1.67327645194e-16
shading,camera_rgb_wb,0.2,0.8,Canon 600D,FL2,1.11022302463e-16,2.04638867742e-16
shading,spectral_radiance,0.2,0.8,Canon 600D,FL2,0.0,0.0
shading,cie_xyz,0.2,0.8,Canon 600D,FL2,0.0,0.0
shading,camera_rgb_raw,0.2,0.8,Canon 600D,FL2,0.0,0.0
shading,camera_rgb_wb,0.2,0.8,Canon 600D,FL2,0.0,0.0
shading,spectral_radiance,0.2,0.8,Canon 60D,FL2,0.0,0.0
shading,cie_xyz,0.2,0.8,Canon 60D,FL2,0.0,0.0
shading,camera_rgb_raw,0.2,0.8,Canon 60D,FL2,0.0,0.0
shading,camera_rgb_wb,0.2,0.8,Canon 60D,FL2,0.0,0.0
shading,spectral_radiance,0.2,0.8,Canon 60D,FL2,0.0,0.0
shading,cie_xyz,0.2,0.8,Canon 60D,FL2,0.0,0.0
shading,camera_rgb_raw,0.2,0.8,Canon 60D,FL2,0.0,0.0
shading,camera_rgb_wb,0.2,0.8,Canon 60D,FL2,0.0,0.0
shading,spectral_radiance,0.2,0.8,Canon 60D,FL2,8.67361737988e-19,1.16739749217e-16
shading,cie_xyz,0.2,0.8,Canon 60D,FL2,1.66533453694e-16,3.45301356099e-16
shading,camera_rgb_raw,0.2,0.8,Canon 60D,FL2,5.55111512313e-17,1.66436972272e-16
shading,camera_rgb_wb,0.2,0.8,Canon 60D,FL2,2.22044604925e-16,4.08497275565e-16
shading,spectral_radiance,0.2,0.8,Canon 60D,FL2,0.0,0.0
shading,cie_xyz,0.2,0.8,Canon 60D,FL2,0.0,0.0
shading,camera_rgb_raw,0.2,0.8,Canon 60D,FL2,0.0,0.0
shading,camera_rgb_wb,0.2,0.8,Canon 60D,FL2,0.0,0.0
shading,spectral_radiance,0.2,0.8,Hasselblad H2,FL2,0.0,0.0
shading,cie_xyz,0.2,0.8,Hasselblad H2,FL2,0.0,0.0
shading,camera_rgb_raw,0.2,0.8,Hasselblad H2,FL2,0.0,0.0
shading,camera_rgb_wb,0.2,0.8,Hasselblad H2,FL2,0.0,0.0
shading,spectral_radiance,0.2,0.8,Hasselblad H2,FL2,0.0,0.0
shading,cie_xyz,0.2,0.8,Hasselblad H2,FL2,0.0,0.0
shading,camera_rgb_raw,0.2,0.8,Hasselblad H2,FL2,0.0,0.0
shading,camera_rgb_wb,0.2,0.8,Hasselblad H2,FL2,0.0,0.0
shading,spectral_radiance,0.2,0.8,Hasselblad H2,FL2,8.67361737988e-19,1.16739749217e-16
shading,cie_xyz,0.2,0.8,Hasselblad H2,FL2,1.66533453694e-16,3.45301356099e-16
shading,camera_rgb_raw,0.2,0.8,Hasselblad H2,FL2,5.55111512313e-17,2.02631681747e-16
shading,camera_rgb_wb,0.2,0.8,Hasselblad H2,FL2,1.11022302463e-16,1.84156712315e-16
shading,spectral_radiance,0.2,0.8,Hasselblad H2,FL2,0.0,0.0
shading,cie_xyz,0.2,0.8,Hasselblad H2,FL2,0.0,0.0
shading,camera_rgb_raw,0.2,0.8,Hasselblad H2,FL2,0.0,0.0
shading,camera_rgb_wb,0.2,0.8,Hasselblad H2,FL2,0.0,0.0
shading,spectral_radiance,0.2,0.8,Nikon D3X,FL2,0.0,0.0
shading,cie_xyz,0.2,0.8,Nikon D3X,FL2,0.0,0.0
shading,camera_rgb_raw,0.2,0.8,Nikon D3X,FL2,0.0,0.0
shading,camera_rgb_wb,0.2,0.8,Nikon D3X,FL2,0.0,0.0
shading,spectral_radiance,0.2,0.8,Nikon D3X,FL2,0.0,0.0
shading,cie_xyz,0.2,0.8,Nikon D3X,FL2,0.0,0.0
shading,camera_rgb_raw,0.2,0.8,Nikon D3X,FL2,0.0,0.0
shading,camera_rgb_wb,0.2,0.8,Nikon D3X,FL2,0.0,0.0
shading,spectral_radiance,0.2,0.8,Nikon D3X,FL2,8.67361737988e-19,1.16739749217e-16
shading,cie_xyz,0.2,0.8,Nikon D3X,FL2,1.66533453694e-16,3.45301356099e-16
shading,camera_rgb_raw,0.2,0.8,Nikon D3X,FL2,8.32667268469e-17,2.77632547601e-16
shading,camera_rgb_wb,0.2,0.8,Nikon D3X,FL2,2.22044604925e-16,3.85045217085e-16
shading,spectral_radiance,0.2,0.8,Nikon D3X,FL2,0.0,0.0
shading,cie_xyz,0.2,0.8,Nikon D3X,FL2,0.0,0.0
shading,camera_rgb_raw,0.2,0.8,Nikon D3X,FL2,0.0,0.0
shading,camera_rgb_wb,0.2,0.8,Nikon D3X,FL2,0.0,0.0
shading,spectral_radiance,0.2,0.8,Nikon D200,FL2,0.0,0.0
shading,cie_xyz,0.2,0.8,Nikon D200,FL2,0.0,0.0
shading,camera_rgb_raw,0.2,0.8,Nikon D200,FL2,0.0,0.0
shading,camera_rgb_wb,0.2,0.8,Nikon D200,FL2,0.0,0.0
shading,spectral_radiance,0.2,0.8,Nikon D200,FL2,0.0,0.0
shading,cie_xyz,0.2,0.8,Nikon D200,FL2,0.0,0.0
shading,camera_rgb_raw,0.2,0.8,Nikon D200,FL2,0.0,0.0
shading,camera_rgb_wb,0.2,0.8,Nikon D200,FL2,0.0,0.0
shading,spectral_radiance,0.2,0.8,Nikon D200,FL2,8.67361737988e-19,1.16739749217e-16
shading,cie_xyz,0.2,0.8,Nikon D200,FL2,1.66533453694e-16,3.45301356099e-16
shading,camera_rgb_raw,0.2,0.8,Nikon D200,FL2,1.11022302463e-16,4.1837944561e-16
shading,camera_rgb_wb,0.2,0.8,Nikon D200,FL2,3.33066907388e-16,5.8064298471e-16
shading,spectral_radiance,0.2,0.8,Nikon D200,FL2,0.0,0.0
shading,cie_xyz,0.2,0.8,Nikon D200,FL2,0.0,0.0
shading,camera_rgb_raw,0.2,0.8,Nikon D200,FL2,0.0,0.0
shading,camera_rgb_wb,0.2,0.8,Nikon D200,FL2,0.0,0.0
shading,spectral_radiance,0.2,0.8,Nikon D3,FL2,0.0,0.0
shading,cie_xyz,0.2,0.8,Nikon D3,FL2,0.0,0.0
shading,camera_rgb_raw,0.2,0.8,Nikon D3,FL2,0.0,0.0
shading,camera_rgb_wb,0.2,0.8,Nikon D3,FL2,0.0,0.0
shading,spectral_radiance,0.2,0.8,Nikon D3,FL2,0.0,0.0
shading,cie_xyz,0.2,0.8,Nikon D3,FL2,0.0,0.0
shading,camera_rgb_raw,0.2,0.8,Nikon D3,FL2,0.0,0.0
shading,camera_rgb_wb,0.2,0.8,Nikon D3,FL2,0.0,0.0
shading,spectral_radiance,0.2,0.8,Nikon D3,FL2,8.67361737988e-19,1.16739749217e-16
shading,cie_xyz,0.2,0.8,Nikon D3,FL2,1.66533453694e-16,3.45301356099e-16
shading,camera_rgb_raw,0.2,0.8,Nikon D3,FL2,1.11022302463e-16,4.15401130638e-16
shading,camera_rgb_wb,0.2,0.8,Nikon D3,FL2,2.22044604925e-16,3.89956413693e-16
shading,spectral_radiance,0.2,0.8,Nikon D3,FL2,0.0,0.0
shading,cie_xyz,0.2,0.8,Nikon D3,FL2,0.0,0.0
shading,camera_rgb_raw,0.2,0.8,Nikon D3,FL2,0.0,0.0
shading,camera_rgb_wb,0.2,0.8,Nikon D3,FL2,0.0,0.0
shading,spectral_radiance,0.2,0.8,Nikon D300s,FL2,0.0,0.0
shading,cie_xyz,0.2,0.8,Nikon D300s,FL2,0.0,0.0
shading,camera_rgb_raw,0.2,0.8,Nikon D300s,FL2,0.0,0.0
shading,camera_rgb_wb,0.2,0.8,Nikon D300s,FL2,0.0,0.0
shading,spectral_radiance,0.2,0.8,Nikon D300s,FL2,0.0,0.0
shading,cie_xyz,0.2,0.8,Nikon D300s,FL2,0.0,0.0
shading,camera_rgb_raw,0.2,0.8,Nikon D300s,FL2,0.0,0.0
shading,camera_rgb_wb,0.2,0.8,Nikon D300s,FL2,0.0,0.0
shading,spectral_radiance,0.2,0.8,Nikon D300s,FL2,8.67361737988e-19,1.16739749217e-16
shading,cie_xyz,0.2,0.8,Nikon D300s,FL2,1.66533453694e-16,3.45301356099e-16
shading,camera_rgb_raw,0.2,0.8,Nikon D300s,FL2,5.55111512313e-17,1.92674907227e-16
shading,camera_rgb_wb,0.2,0.8,Nikon D300s,FL2,1.11022302463e-16,1.97720894107e-16
shading,spectral_radiance,0.2,0.8,Nikon D300s,FL2,0.0,0.0
shading,cie_xyz,0.2,0.8,Nikon D300s,FL2,0.0,0.0
shading,camera_rgb_raw,0.2,0.8,Nikon D300s,FL2,0.0,0.0
shading,camera_rgb_wb,0.2,0.8,Nikon D300s,FL2,0.0,0.0
shading,spectral_radiance,0.2,0.8,Nikon D40,FL2,0.0,0.0
shading,cie_xyz,0.2,0.8,Nikon D40,FL2,0.0,0.0
shading,camera_rgb_raw,0.2,0.8,Nikon D40,FL2,0.0,0.0
shading,camera_rgb_wb,0.2,0.8,Nikon D40,FL2,0.0,0.0
shading,spectral_radiance,0.2,0.8,Nikon D40,FL2,0.0,0.0
shading,cie_xyz,0.2,0.8,Nikon D40,FL2,0.0,0.0
shading,camera_rgb_raw,0.2,0.8,Nikon D40,FL2,0.0,0.0
shading,camera_rgb_wb,0.2,0.8,Nikon D40,FL2,0.0,0.0
shading,spectral_radiance,0.2,0.8,Nikon D40,FL2,8.67361737988e-19,1.16739749217e-16
shading,cie_xyz,0.2,0.8,Nikon D40,FL2,1.66533453694e-16,3.45301356099e-16
shading,camera_rgb_raw,0.2,0.8,Nikon D40,FL2,2.77555756156e-17,1.0518778659e-16
shading,camera_rgb_wb,0.2,0.8,Nikon D40,FL2,1.11022302463e-16,1.98103483564e-16
shading,spectral_radiance,0.2,0.8,Nikon D40,FL2,0.0,0.0
shading,cie_xyz,0.2,0.8,Nikon D40,FL2,0.0,0.0
shading,camera_rgb_raw,0.2,0.8,Nikon D40,FL2,0.0,0.0
shading,camera_rgb_wb,0.2,0.8,Nikon D40,FL2,0.0,0.0
shading,spectral_radiance,0.2,0.8,Nikon D50,FL2,0.0,0.0
shading,cie_xyz,0.2,0.8,Nikon D50,FL2,0.0,0.0
shading,camera_rgb_raw,0.2,0.8,Nikon D50,FL2,0.0,0.0
shading,camera_rgb_wb,0.2,0.8,Nikon D50,FL2,0.0,0.0
shading,spectral_radiance,0.2,0.8,Nikon D50,FL2,0.0,0.0
shading,cie_xyz,0.2,0.8,Nikon D50,FL2,0.0,0.0
shading,camera_rgb_raw,0.2,0.8,Nikon D50,FL2,0.0,0.0
shading,camera_rgb_wb,0.2,0.8,Nikon D50,FL2,0.0,0.0
shading,spectral_radiance,0.2,0.8,Nikon D50,FL2,8.67361737988e-19,1.16739749217e-16
shading,cie_xyz,0.2,0.8,Nikon D50,FL2,1.66533453694e-16,3.45301356099e-16
shading,camera_rgb_raw,0.2,0.8,Nikon D50,FL2,2.77555756156e-17,1.02421149655e-16
shading,camera_rgb_wb,0.2,0.8,Nikon D50,FL2,8.32667268469e-17,1.45035093688e-16
shading,spectral_radiance,0.2,0.8,Nikon D50,FL2,0.0,0.0
shading,cie_xyz,0.2,0.8,Nikon D50,FL2,0.0,0.0
shading,camera_rgb_raw,0.2,0.8,Nikon D50,FL2,0.0,0.0
shading,camera_rgb_wb,0.2,0.8,Nikon D50,FL2,0.0,0.0
shading,spectral_radiance,0.2,0.8,Nikon D5100,FL2,0.0,0.0
shading,cie_xyz,0.2,0.8,Nikon D5100,FL2,0.0,0.0
shading,camera_rgb_raw,0.2,0.8,Nikon D5100,FL2,0.0,0.0
shading,camera_rgb_wb,0.2,0.8,Nikon D5100,FL2,0.0,0.0
shading,spectral_radiance,0.2,0.8,Nikon D5100,FL2,0.0,0.0
shading,cie_xyz,0.2,0.8,Nikon D5100,FL2,0.0,0.0
shading,camera_rgb_raw,0.2,0.8,Nikon D5100,FL2,0.0,0.0
shading,camera_rgb_wb,0.2,0.8,Nikon D5100,FL2,0.0,0.0
shading,spectral_radiance,0.2,0.8,Nikon D5100,FL2,8.67361737988e-19,1.16739749217e-16
shading,cie_xyz,0.2,0.8,Nikon D5100,FL2,1.66533453694e-16,3.45301356099e-16
shading,camera_rgb_raw,0.2,0.8,Nikon D5100,FL2,5.55111512313e-17,1.93547768407e-16
shading,camera_rgb_wb,0.2,0.8,Nikon D5100,FL2,1.11022302463e-16,1.9808001664e-16
shading,spectral_radiance,0.2,0.8,Nikon D5100,FL2,0.0,0.0
shading,cie_xyz,0.2,0.8,Nikon D5100,FL2,0.0,0.0
shading,camera_rgb_raw,0.2,0.8,Nikon D5100,FL2,0.0,0.0
shading,camera_rgb_wb,0.2,0.8,Nikon D5100,FL2,0.0,0.0
shading,spectral_radiance,0.2,0.8,Nikon D700,FL2,0.0,0.0
shading,cie_xyz,0.2,0.8,Nikon D700,FL2,0.0,0.0
shading,camera_rgb_raw,0.2,0.8,Nikon D700,FL2,0.0,0.0
shading,camera_rgb_wb,0.2,0.8,Nikon D700,FL2,0.0,0.0
shading,spectral_radiance,0.2,0.8,Nikon D700,FL2,0.0,0.0
shading,cie_xyz,0.2,0.8,Nikon D700,FL2,0.0,0.0
shading,camera_rgb_raw,0.2,0.8,Nikon D700,FL2,0.0,0.0
shading,camera_rgb_wb,0.2,0.8,Nikon D700,FL2,0.0,0.0
shading,spectral_radiance,0.2,0.8,Nikon D700,FL2,8.67361737988e-19,1.16739749217e-16
shading,cie_xyz,0.2,0.8,Nikon D700,FL2,1.66533453694e-16,3.45301356099e-16
shading,camera_rgb_raw,0.2,0.8,Nikon D700,FL2,1.11022302463e-16,4.01925147188e-16
shading,camera_rgb_wb,0.2,0.8,Nikon D700,FL2,2.22044604925e-16,3.89684361882e-16
shading,spectral_radiance,0.2,0.8,Nikon D700,FL2,0.0,0.0
shading,cie_xyz,0.2,0.8,Nikon D700,FL2,0.0,0.0
shading,camera_rgb_raw,0.2,0.8,Nikon D700,FL2,0.0,0.0
shading,camera_rgb_wb,0.2,0.8,Nikon D700,FL2,0.0,0.0
shading,spectral_radiance,0.2,0.8,Nikon D80,FL2,0.0,0.0
shading,cie_xyz,0.2,0.8,Nikon D80,FL2,0.0,0.0
shading,camera_rgb_raw,0.2,0.8,Nikon D80,FL2,0.0,0.0
shading,camera_rgb_wb,0.2,0.8,Nikon D80,FL2,0.0,0.0
shading,spectral_radiance,0.2,0.8,Nikon D80,FL2,0.0,0.0
shading,cie_xyz,0.2,0.8,Nikon D80,FL2,0.0,0.0
shading,camera_rgb_raw,0.2,0.8,Nikon D80,FL2,0.0,0.0
shading,camera_rgb_wb,0.2,0.8,Nikon D80,FL2,0.0,0.0
shading,spectral_radiance,0.2,0.8,Nikon D80,FL2,8.67361737988e-19,1.16739749217e-16
shading,cie_xyz,0.2,0.8,Nikon D80,FL2,1.66533453694e-16,3.45301356099e-16
shading,camera_rgb_raw,0.2,0.8,Nikon D80,FL2,5.55111512313e-17,2.22002610428e-16
shading,camera_rgb_wb,0.2,0.8,Nikon D80,FL2,1.11022302463e-16,1.94392159934e-16
shading,spectral_radiance,0.2,0.8,Nikon D80,FL2,0.0,0.0
shading,cie_xyz,0.2,0.8,Nikon D80,FL2,0.0,0.0
shading,camera_rgb_raw,0.2,0.8,Nikon D80,FL2,0.0,0.0
shading,camera_rgb_wb,0.2,0.8,Nikon D80,FL2,0.0,0.0
shading,spectral_radiance,0.2,0.8,Nikon D90,FL2,0.0,0.0
shading,cie_xyz,0.2,0.8,Nikon D90,FL2,0.0,0.0
shading,camera_rgb_raw,0.2,0.8,Nikon D90,FL2,0.0,0.0
shading,camera_rgb_wb,0.2,0.8,Nikon D90,FL2,0.0,0.0
shading,spectral_radiance,0.2,0.8,Nikon D90,FL2,0.0,0.0
shading,cie_xyz,0.2,0.8,Nikon D90,FL2,0.0,0.0
shading,camera_rgb_raw,0.2,0.8,Nikon D90,FL2,0.0,0.0
shading,camera_rgb_wb,0.2,0.8,Nikon D90,FL2,0.0,0.0
shading,spectral_radiance,0.2,0.8,Nikon D90,FL2,8.67361737988e-19,1.16739749217e-16
shading,cie_xyz,0.2,0.8,Nikon D90,FL2,1.66533453694e-16,3.45301356099e-16
shading,camera_rgb_raw,0.2,0.8,Nikon D90,FL2,8.32667268469e-17,3.14196744979e-16
shading,camera_rgb_wb,0.2,0.8,Nikon D90,FL2,2.22044604925e-16,3.94009927823e-16
shading,spectral_radiance,0.2,0.8,Nikon D90,FL2,0.0,0.0
shading,cie_xyz,0.2,0.8,Nikon D90,FL2,0.0,0.0
shading,camera_rgb_raw,0.2,0.8,Nikon D90,FL2,0.0,0.0
shading,camera_rgb_wb,0.2,0.8,Nikon D90,FL2,0.0,0.0
shading,spectral_radiance,0.2,0.8,Nokia N900,FL2,0.0,0.0
shading,cie_xyz,0.2,0.8,Nokia N900,FL2,0.0,0.0
shading,camera_rgb_raw,0.2,0.8,Nokia N900,FL2,0.0,0.0
shading,camera_rgb_wb,0.2,0.8,Nokia N900,FL2,0.0,0.0
shading,spectral_radiance,0.2,0.8,Nokia N900,FL2,0.0,0.0
shading,cie_xyz,0.2,0.8,Nokia N900,FL2,0.0,0.0
shading,camera_rgb_raw,0.2,0.8,Nokia N900,FL2,0.0,0.0
shading,camera_rgb_wb,0.2,0.8,Nokia N900,FL2,0.0,0.0
shading,spectral_radiance,0.2,0.8,Nokia N900,FL2,8.67361737988e-19,1.16739749217e-16
shading,cie_xyz,0.2,0.8,Nokia N900,FL2,1.66533453694e-16,3.45301356099e-16
shading,camera_rgb_raw,0.2,0.8,Nokia N900,FL2,1.11022302463e-16,2.9573202125e-16
shading,camera_rgb_wb,0.2,0.8,Nokia N900,FL2,2.22044604925e-16,3.73939936798e-16
shading,spectral_radiance,0.2,0.8,Nokia N900,FL2,0.0,0.0
shading,cie_xyz,0.2,0.8,Nokia N900,FL2,0.0,0.0
shading,camera_rgb_raw,0.2,0.8,Nokia N900,FL2,0.0,0.0
shading,camera_rgb_wb,0.2,0.8,Nokia N900,FL2,0.0,0.0
shading,spectral_radiance,0.2,0.8,Olympus E-PL2,FL2,0.0,0.0
shading,cie_xyz,0.2,0.8,Olympus E-PL2,FL2,0.0,0.0
shading,camera_rgb_raw,0.2,0.8,Olympus E-PL2,FL2,0.0,0.0
shading,camera_rgb_wb,0.2,0.8,Olympus E-PL2,FL2,0.0,0.0
shading,spectral_radiance,0.2,0.8,Olympus E-PL2,FL2,0.0,0.0
shading,cie_xyz,0.2,0.8,Olympus E-PL2,FL2,0.0,0.0
shading,camera_rgb_raw,0.2,0.8,Olympus E-PL2,FL2,0.0,0.0
shading,camera_rgb_wb,0.2,0.8,Olympus E-PL2,FL2,0.0,0.0
shading,spectral_radiance,0.2,0.8,Olympus E-PL2,FL2,8.67361737988e-19,1.16739749217e-16
shading,cie_xyz,0.2,0.8,Olympus E-PL2,FL2,1.66533453694e-16,3.45301356099e-16
shading,camera_rgb_raw,0.2,0.8,Olympus E-PL2,FL2,5.55111512313e-17,1.44245115715e-16
shading,camera_rgb_wb,0.2,0.8,Olympus E-PL2,FL2,1.11022302463e-16,1.80692944866e-16
shading,spectral_radiance,0.2,0.8,Olympus E-PL2,FL2,0.0,0.0
shading,cie_xyz,0.2,0.8,Olympus E-PL2,FL2,0.0,0.0
shading,camera_rgb_raw,0.2,0.8,Olympus E-PL2,FL2,0.0,0.0
shading,camera_rgb_wb,0.2,0.8,Olympus E-PL2,FL2,0.0,0.0
shading,spectral_radiance,0.2,0.8,Pentax K-5,FL2,0.0,0.0
shading,cie_xyz,0.2,0.8,Pentax K-5,FL2,0.0,0.0
shading,camera_rgb_raw,0.2,0.8,Pentax K-5,FL2,0.0,0.0
shading,camera_rgb_wb,0.2,0.8,Pentax K-5,FL2,0.0,0.0
shading,spectral_radiance,0.2,0.8,Pentax K-5,FL2,0.0,0.0
shading,cie_xyz,0.2,0.8,Pentax K-5,FL2,0.0,0.0
shading,camera_rgb_raw,0.2,0.8,Pentax K-5,FL2,0.0,0.0
shading,camera_rgb_wb,0.2,0.8,Pentax K-5,FL2,0.0,0.0
shading,spectral_radiance,0.2,0.8,Pentax K-5,FL2,8.67361737988e-19,1.16739749217e-16
shading,cie_xyz,0.2,0.8,Pentax K-5,FL2,1.66533453694e-16,3.45301356099e-16
shading,camera_rgb_raw,0.2,0.8,Pentax K-5,FL2,5.55111512313e-17,1.85625417866e-16
shading,camera_rgb_wb,0.2,0.8,Pentax K-5,FL2,2.22044604925e-16,3.93299317764e-16
shading,spectral_radiance,0.2,0.8,Pentax K-5,FL2,0.0,0.0
shading,cie_xyz,0.2,0.8,Pentax K-5,FL2,0.0,0.0
shading,camera_rgb_raw,0.2,0.8,Pentax K-5,FL2,0.0,0.0
shading,camera_rgb_wb,0.2,0.8,Pentax K-5,FL2,0.0,0.0
shading,spectral_radiance,0.2,0.8,Pentax Q,FL2,0.0,0.0
shading,cie_xyz,0.2,0.8,Pentax Q,FL2,0.0,0.0
shading,camera_rgb_raw,0.2,0.8,Pentax Q,FL2,0.0,0.0
shading,camera_rgb_wb,0.2,0.8,Pentax Q,FL2,0.0,0.0
shading,spectral_radiance,0.2,0.8,Pentax Q,FL2,0.0,0.0
shading,cie_xyz,0.2,0.8,Pentax Q,FL2,0.0,0.0
shading,camera_rgb_raw,0.2,0.8,Pentax Q,FL2,0.0,0.0
shading,camera_rgb_wb,0.2,0.8,Pentax Q,FL2,0.0,0.0
shading,spectral_radiance,0.2,0.8,Pentax Q,FL2,8.67361737988e-19,1.16739749217e-16
shading,cie_xyz,0.2,0.8,Pentax Q,FL2,1.66533453694e-16,3.45301356099e-16
shading,camera_rgb_raw,0.2,0.8,Pentax Q,FL2,1.11022302463e-16,2.78742757243e-16
shading,camera_rgb_wb,0.2,0.8,Pentax Q,FL2,1.11022302463e-16,1.87936065519e-16
shading,spectral_radiance,0.2,0.8,Pentax Q,FL2,0.0,0.0
shading,cie_xyz,0.2,0.8,Pentax Q,FL2,0.0,0.0
shading,camera_rgb_raw,0.2,0.8,Pentax Q,FL2,0.0,0.0
shading,camera_rgb_wb,0.2,0.8,Pentax Q,FL2,0.0,0.0
shading,spectral_radiance,0.2,0.8,Point Grey Grasshopper 50S5C,FL2,0.0,0.0
shading,cie_xyz,0.2,0.8,Point Grey Grasshopper 50S5C,FL2,0.0,0.0
shading,camera_rgb_raw,0.2,0.8,Point Grey Grasshopper 50S5C,FL2,0.0,0.0
shading,camera_rgb_wb,0.2,0.8,Point Grey Grasshopper 50S5C,FL2,0.0,0.0
shading,spectral_radiance,0.2,0.8,Point Grey Grasshopper 50S5C,FL2,0.0,0.0
shading,cie_xyz,0.2,0.8,Point Grey Grasshopper 50S5C,FL2,0.0,0.0
shading,camera_rgb_raw,0.2,0.8,Point Grey Grasshopper 50S5C,FL2,0.0,0.0
shading,camera_rgb_wb,0.2,0.8,Point Grey Grasshopper 50S5C,FL2,0.0,0.0
shading,spectral_radiance,0.2,0.8,Point Grey Grasshopper 50S5C,FL2,8.67361737988e-19,1.16739749217e-16
shading,cie_xyz,0.2,0.8,Point Grey Grasshopper 50S5C,FL2,1.66533453694e-16,3.45301356099e-16
shading,camera_rgb_raw,0.2,0.8,Point Grey Grasshopper 50S5C,FL2,2.77555756156e-17,1.37362545007e-16
shading,camera_rgb_wb,0.2,0.8,Point Grey Grasshopper 50S5C,FL2,1.11022302463e-16,1.59959700041e-16
shading,spectral_radiance,0.2,0.8,Point Grey Grasshopper 50S5C,FL2,0.0,0.0
shading,cie_xyz,0.2,0.8,Point Grey Grasshopper 50S5C,FL2,0.0,0.0
shading,camera_rgb_raw,0.2,0.8,Point Grey Grasshopper 50S5C,FL2,0.0,0.0
shading,camera_rgb_wb,0.2,0.8,Point Grey Grasshopper 50S5C,FL2,0.0,0.0
shading,spectral_radiance,0.2,0.8,Point Grey Grasshopper2 14S5C,FL2,0.0,0.0
shading,cie_xyz,0.2,0.8,Point Grey Grasshopper2 14S5C,FL2,0.0,0.0
shading,camera_rgb_raw,0.2,0.8,Point Grey Grasshopper2 14S5C,FL2,0.0,0.0
shading,camera_rgb_wb,0.2,0.8,Point Grey Grasshopper2 14S5C,FL2,0.0,0.0
shading,spectral_radiance,0.2,0.8,Point Grey Grasshopper2 14S5C,FL2,0.0,0.0
shading,cie_xyz,0.2,0.8,Point Grey Grasshopper2 14S5C,FL2,0.0,0.0
shading,camera_rgb_raw,0.2,0.8,Point Grey Grasshopper2 14S5C,FL2,0.0,0.0
shading,camera_rgb_wb,0.2,0.8,Point Grey Grasshopper2 14S5C,FL2,0.0,0.0
shading,spectral_radiance,0.2,0.8,Point Grey Grasshopper2 14S5C,FL2,8.67361737988e-19,1.16739749217e-16
shading,cie_xyz,0.2,0.8,Point Grey Grasshopper2 14S5C,FL2,1.66533453694e-16,3.45301356099e-16
shading,camera_rgb_raw,0.2,0.8,Point Grey Grasshopper2 14S5C,FL2,5.55111512313e-17,2.193220176e-16
shading,camera_rgb_wb,0.2,0.8,Point Grey Grasshopper2 14S5C,FL2,1.11022302463e-16,1.76348891996e-16
shading,spectral_radiance,0.2,0.8,Point Grey Grasshopper2 14S5C,FL2,0.0,0.0
shading,cie_xyz,0.2,0.8,Point Grey Grasshopper2 14S5C,FL2,0.0,0.0
shading,camera_rgb_raw,0.2,0.8,Point Grey Grasshopper2 14S5C,FL2,0.0,0.0
shading,camera_rgb_wb,0.2,0.8,Point Grey Grasshopper2 14S5C,FL2,0.0,0.0
shading,spectral_radiance,0.2,0.8,Phase One,FL2,0.0,0.0
shading,cie_xyz,0.2,0.8,Phase One,FL2,0.0,0.0
shading,camera_rgb_raw,0.2,0.8,Phase One,FL2,0.0,0.0
shading,camera_rgb_wb,0.2,0.8,Phase One,FL2,0.0,0.0
shading,spectral_radiance,0.2,0.8,Phase One,FL2,0.0,0.0
shading,cie_xyz,0.2,0.8,Phase One,FL2,0.0,0.0
shading,camera_rgb_raw,0.2,0.8,Phase One,FL2,0.0,0.0
shading,camera_rgb_wb,0.2,0.8,Phase One,FL2,0.0,0.0
shading,spectral_radiance,0.2,0.8,Phase One,FL2,8.67361737988e-19,1.16739749217e-16
shading,cie_xyz,0.2,0.8,Phase One,FL2,1.66533453694e-16,3.45301356099e-16
shading,camera_rgb_raw,0.2,0.8,Phase One,FL2,5.55111512313e-17,1.95718919733e-16
shading,camera_rgb_wb,0.2,0.8,Phase One,FL2,1.11022302463e-16,2.22579444174e-16
shading,spectral_radiance,0.2,0.8,Phase One,FL2,0.0,0.0
shading,cie_xyz,0.2,0.8,Phase One,FL2,0.0,0.0
shading,camera_rgb_raw,0.2,0.8,Phase One,FL2,0.0,0.0
shading,camera_rgb_wb,0.2,0.8,Phase One,FL2,0.0,0.0
shading,spectral_radiance,0.2,0.8,SONY NEX-5N,FL2,0.0,0.0
shading,cie_xyz,0.2,0.8,SONY NEX-5N,FL2,0.0,0.0
shading,camera_rgb_raw,0.2,0.8,SONY NEX-5N,FL2,0.0,0.0
shading,camera_rgb_wb,0.2,0.8,SONY NEX-5N,FL2,0.0,0.0
shading,spectral_radiance,0.2,0.8,SONY NEX-5N,FL2,0.0,0.0
shading,cie_xyz,0.2,0.8,SONY NEX-5N,FL2,0.0,0.0
shading,camera_rgb_raw,0.2,0.8,SONY NEX-5N,FL2,0.0,0.0
shading,camera_rgb_wb,0.2,0.8,SONY NEX-5N,FL2,0.0,0.0
shading,spectral_radiance,0.2,0.8,SONY NEX-5N,FL2,8.67361737988e-19,1.16739749217e-16
shading,cie_xyz,0.2,0.8,SONY NEX-5N,FL2,1.66533453694e-16,3.45301356099e-16
shading,camera_rgb_raw,0.2,0.8,SONY NEX-5N,FL2,1.66533453694e-16,5.91798904576e-16
shading,camera_rgb_wb,0.2,0.8,SONY NEX-5N,FL2,1.66533453694e-16,3.06031497104e-16
shading,spectral_radiance,0.2,0.8,SONY NEX-5N,FL2,0.0,0.0
shading,cie_xyz,0.2,0.8,SONY NEX-5N,FL2,0.0,0.0
shading,camera_rgb_raw,0.2,0.8,SONY NEX-5N,FL2,0.0,0.0
shading,camera_rgb_wb,0.2,0.8,SONY NEX-5N,FL2,0.0,0.0
shading,spectral_radiance,0.2,0.8,Canon 1DMarkIII,FL11,0.0,0.0
shading,cie_xyz,0.2,0.8,Canon 1DMarkIII,FL11,0.0,0.0
shading,camera_rgb_raw,0.2,0.8,Canon 1DMarkIII,FL11,0.0,0.0
shading,camera_rgb_wb,0.2,0.8,Canon 1DMarkIII,FL11,0.0,0.0
shading,spectral_radiance,0.2,0.8,Canon 1DMarkIII,FL11,0.0,0.0
shading,cie_xyz,0.2,0.8,Canon 1DMarkIII,FL11,0.0,0.0
shading,camera_rgb_raw,0.2,0.8,Canon 1DMarkIII,FL11,0.0,0.0
shading,camera_rgb_wb,0.2,0.8,Canon 1DMarkIII,FL11,0.0,0.0
shading,spectral_radiance,0.2,0.8,Canon 1DMarkIII,FL11,3.46944695195e-18,1.27856764225e-16
shading,cie_xyz,0.2,0.8,Canon 1DMarkIII,FL11,2.22044604925e-16,4.04614204148e-16
shading,camera_rgb_raw,0.2,0.8,Canon 1DMarkIII,FL11,1.66533453694e-16,6.10810369011e-16
shading,camera_rgb_wb,0.2,0.8,Canon 1DMarkIII,FL11,2.22044604925e-16,3.60018855026e-16
shading,spectral_radiance,0.2,0.8,Canon 1DMarkIII,FL11,0.0,0.0
shading,cie_xyz,0.2,0.8,Canon 1DMarkIII,FL11,0.0,0.0
shading,camera_rgb_raw,0.2,0.8,Canon 1DMarkIII,FL11,0.0,0.0
shading,camera_rgb_wb,0.2,0.8,Canon 1DMarkIII,FL11,0.0,0.0
shading,spectral_radiance,0.2,0.8,Canon 20D,FL11,0.0,0.0
shading,cie_xyz,0.2,0.8,Canon 20D,FL11,0.0,0.0
shading,camera_rgb_raw,0.2,0.8,Canon 20D,FL11,0.0,0.0
shading,camera_rgb_wb,0.2,0.8,Canon 20D,FL11,0.0,0.0
shading,spectral_radiance,0.2,0.8,Canon 20D,FL11,0.0,0.0
shading,cie_xyz,0.2,0.8,Canon 20D,FL11,0.0,0.0
shading,camera_rgb_raw,0.2,0.8,Canon 20D,FL11,0.0,0.0
shading,camera_rgb_wb,0.2,0.8,Canon 20D,FL11,0.0,0.0
shading,spectral_radiance,0.2,0.8,Canon 20D,FL11,3.46944695195e-18,1.27856764225e-16
shading,cie_xyz,0.2,0.8,Canon 20D,FL11,2.22044604925e-16,4.04614204148e-16
shading,camera_rgb_raw,0.2,0.8,Canon 20D,FL11,1.66533453694e-16,5.88412079708e-16
shading,camera_rgb_wb,0.2,0.8,Canon 20D,FL11,2.77555756156e-16,4.5098088894e-16
shading,spectral_radiance,0.2,0.8,Canon 20D,FL11,0.0,0.0
shading,cie_xyz,0.2,0.8,Canon 20D,FL11,0.0,0.0
shading,camera_rgb_raw,0.2,0.8,Canon 20D,FL11,0.0,0.0
shading,camera_rgb_wb,0.2,0.8,Canon 20D,FL11,0.0,0.0
shading,spectral_radiance,0.2,0.8,Canon 300D,FL11,0.0,0.0
shading,cie_xyz,0.2,0.8,Canon 300D,FL11,0.0,0.0
shading,camera_rgb_raw,0.2,0.8,Canon 300D,FL11,0.0,0.0
shading,camera_rgb_wb,0.2,0.8,Canon 300D,FL11,0.0,0.0
shading,spectral_radiance,0.2,0.8,Canon 300D,FL11,0.0,0.0
shading,cie_xyz,0.2,0.8,Canon 300D,FL11,0.0,0.0
shading,camera_rgb_raw,0.2,0.8,Canon 300D,FL11,0.0,0.0
shading,camera_rgb_wb,0.2,0.8,Canon 300D,FL11,0.0,0.0
shading,spectral_radiance,0.2,0.8,Canon 300D,FL11,3.46944695195e-18,1.27856764225e-16
shading,cie_xyz,0.2,0.8,Canon 300D,FL11,2.22044604925e-16,4.04614204148e-16
shading,camera_rgb_raw,0.2,0.8,Canon 300D,FL11,1.11022302463e-16,3.76316107348e-16
shading,camera_rgb_wb,0.2,0.8,Canon 300D,FL11,1.11022302463e-16,1.71188427099e-16
shading,spectral_radiance,0.2,0.8,Canon 300D,FL11,0.0,0.0
shading,cie_xyz,0.2,0.8,Canon 300D,FL11,0.0,0.0
shading,camera_rgb_raw,0.2,0.8,Canon 300D,FL11,0.0,0.0
shading,camera_rgb_wb,0.2,0.8,Canon 300D,FL11,0.0,0.0
shading,spectral_radiance,0.2,0.8,Canon 40D,FL11,0.0,0.0
shading,cie_xyz,0.2,0.8,Canon 40D,FL11,0.0,0.0
shading,camera_rgb_raw,0.2,0.8,Canon 40D,FL11,0.0,0.0
shading,camera_rgb_wb,0.2,0.8,Canon 40D,FL11,0.0,0.0
shading,spectral_radiance,0.2,0.8,Canon 40D,FL11,0.0,0.0
shading,cie_xyz,0.2,0.8,Canon 40D,FL11,0.0,0.0
shading,camera_rgb_raw,0.2,0.8,Canon 40D,FL11,0.0,0.0
shading,camera_rgb_wb,0.2,0.8,Canon 40D,FL11,0.0,0.0
shading,spectral_radiance,0.2,0.8,Canon 40D,FL11,3.46944695195e-18,1.27856764225e-16
shading,cie_xyz,0.2,0.8,Canon 40D,FL11,2.22044604925e-16,4.04614204148e-16
shading,camera_rgb_raw,0.2,0.8,Canon 40D,FL11,5.55111512313e-17,1.88257913985e-16
shading,camera_rgb_wb,0.2,0.8,Canon 40D,FL11,5.55111512313e-17,9.03909364821e-17
shading,spectral_radiance,0.2,0.8,Canon 40D,FL11,0.0,0.0
shading,cie_xyz,0.2,0.8,Canon 40D,FL11,0.0,0.0
shading,camera_rgb_raw,0.2,0.8,Canon 40D,FL11,0.0,0.0
shading,camera_rgb_wb,0.2,0.8,Canon 40D,FL11,0.0,0.0
shading,spectral_radiance,0.2,0.8,Canon 500D,FL11,0.0,0.0
shading,cie_xyz,0.2,0.8,Canon 500D,FL11,0.0,0.0
shading,camera_rgb_raw,0.2,0.8,Canon 500D,FL11,0.0,0.0
shading,camera_rgb_wb,0.2,0.8,Canon 500D,FL11,0.0,0.0
shading,spectral_radiance,0.2,0.8,Canon 500D,FL11,0.0,0.0
shading,cie_xyz,0.2,0.8,Canon 500D,FL11,0.0,0.0
shading,camera_rgb_raw,0.2,0.8,Canon 500D,FL11,0.0,0.0
shading,camera_rgb_wb,0.2,0.8,Canon 500D,FL11,0.0,0.0
shading,spectral_radiance,0.2,0.8,Canon 500D,FL11,3.46944695195e-18,1.27856764225e-16
shading,cie_xyz,0.2,0.8,Canon 500D,FL11,2.22044604925e-16,4.04614204148e-16
shading,camera_rgb_raw,0.2,0.8,Canon 500D,FL11,1.11022302463e-16,3.27910980982e-16
shading,camera_rgb_wb,0.2,0.8,Canon 500D,FL11,2.22044604925e-16,3.89927429655e-16
shading,spectral_radiance,0.2,0.8,Canon 500D,FL11,0.0,0.0
shading,cie_xyz,0.2,0.8,Canon 500D,FL11,0.0,0.0
shading,camera_rgb_raw,0.2,0.8,Canon 500D,FL11,0.0,0.0
shading,camera_rgb_wb,0.2,0.8,Canon 500D,FL11,0.0,0.0
shading,spectral_radiance,0.2,0.8,Canon 50D,FL11,0.0,0.0
shading,cie_xyz,0.2,0.8,Canon 50D,FL11,0.0,0.0
shading,camera_rgb_raw,0.2,0.8,Canon 50D,FL11,0.0,0.0
shading,camera_rgb_wb,0.2,0.8,Canon 50D,FL11,0.0,0.0
shading,spectral_radiance,0.2,0.8,Canon 50D,FL11,0.0,0.0
shading,cie_xyz,0.2,0.8,Canon 50D,FL11,0.0,0.0
shading,camera_rgb_raw,0.2,0.8,Canon 50D,FL11,0.0,0.0
shading,camera_rgb_wb,0.2,0.8,Canon 50D,FL11,0.0,0.0
shading,spectral_radiance,0.2,0.8,Canon 50D,FL11,3.46944695195e-18,1.27856764225e-16
shading,cie_xyz,0.2,0.8,Canon 50D,FL11,2.22044604925e-16,4.04614204148e-16
shading,camera_rgb_raw,0.2,0.8,Canon 50D,FL11,1.11022302463e-16,3.26151052386e-16
shading,camera_rgb_wb,0.2,0.8,Canon 50D,FL11,3.33066907388e-16,5.72567573542e-16
shading,spectral_radiance,0.2,0.8,Canon 50D,FL11,0.0,0.0
shading,cie_xyz,0.2,0.8,Canon 50D,FL11,0.0,0.0
shading,camera_rgb_raw,0.2,0.8,Canon 50D,FL11,0.0,0.0
shading,camera_rgb_wb,0.2,0.8,Canon 50D,FL11,0.0,0.0
shading,spectral_radiance,0.2,0.8,Canon 5DMarkII,FL11,0.0,0.0
shading,cie_xyz,0.2,0.8,Canon 5DMarkII,FL11,0.0,0.0
shading,camera_rgb_raw,0.2,0.8,Canon 5DMarkII,FL11,0.0,0.0
shading,camera_rgb_wb,0.2,0.8,Canon 5DMarkII,FL11,0.0,0.0
shading,spectral_radiance,0.2,0.8,Canon 5DMarkII,FL11,0.0,0.0
shading,cie_xyz,0.2,0.8,Canon 5DMarkII,FL11,0.0,0.0
shading,camera_rgb_raw,0.2,0.8,Canon 5DMarkII,FL11,0.0,0.0
shading,camera_rgb_wb,0.2,0.8,Canon 5DMarkII,FL11,0.0,0.0
shading,spectral_radiance,0.2,0.8,Canon 5DMarkII,FL11,3.46944695195e-18,1.27856764225e-16
shading,cie_xyz,0.2,0.8,Canon 5DMarkII,FL11,2.22044604925e-16,4.04614204148e-16
shading,camera_rgb_raw,0.2,0.8,Canon 5DMarkII,FL11,4.16333634234e-17,1.44677977074e-16
shading,camera_rgb_wb,0.2,0.8,Canon 5DMarkII,FL11,1.11022302463e-16,1.87873565918e-16
shading,spectral_radiance,0.2,0.8,Canon 5DMarkII,FL11,0.0,0.0
shading,cie_xyz,0.2,0.8,Canon 5DMarkII,FL11,0.0,0.0
shading,camera_rgb_raw,0.2,0.8,Canon 5DMarkII,FL11,0.0,0.0
shading,camera_rgb_wb,0.2,0.8,Canon 5DMarkII,FL11,0.0,0.0
shading,spectral_radiance,0.2,0.8,Canon 600D,FL11,0.0,0.0
shading,cie_xyz,0.2,0.8,Canon 600D,FL11,0.0,0.0
shading,camera_rgb_raw,0.2,0.8,Canon 600D,FL11,0.0,0.0
shading,camera_rgb_wb,0.2,0.8,Canon 600D,FL11,0.0,0.0
shading,spectral_radiance,0.2,0.8,Canon 600D,FL11,0.0,0.0
shading,cie_xyz,0.2,0.8,Canon 600D,FL11,0.0,0.0
shading,camera_rgb_raw,0.2,0.8,Canon 600D,FL11,0.0,0.0
shading,camera_rgb_wb,0.2,0.8,Canon 600D,FL11,0.0,0.0
shading,spectral_radiance,0.2,0.8,Canon 600D,FL11,3.46944695195e-18,1.27856764225e-16
shading,cie_xyz,0.2,0.8,Canon 600D,FL11,2.22044604925e-16,4.04614204148e-16
shading,camera_rgb_raw,0.2,0.8,Canon 600D,FL11,1.11022302463e-16,3.51848693705e-16
shading,camera_rgb_wb,0.2,0.8,Canon 600D,FL11,2.22044604925e-16,3.66983991843e-16
shading,spectral_radiance,0.2,0.8,Canon 600D,FL11,0.0,0.0
shading,cie_xyz,0.2,0.8,Canon 600D,FL11,0.0,0.0
shading,camera_rgb_raw,0.2,0.8,Canon 600D,FL11,0.0,0.0
shading,camera_rgb_wb,0.2,0.8,Canon 600D,FL11,0.0,0.0
shading,spectral_radiance,0.2,0.8,Canon 60D,FL11,0.0,0.0
shading,cie_xyz,0.2,0.8,Canon 60D,FL11,0.0,0.0
shading,camera_rgb_raw,0.2,0.8,Canon 60D,FL11,0.0,0.0
shading,camera_rgb_wb,0.2,0.8,Canon 60D,FL11,0.0,0.0
shading,spectral_radiance,0.2,0.8,Canon 60D,FL11,0.0,0.0
shading,cie_xyz,0.2,0.8,Canon 60D,FL11,0.0,0.0
shading,camera_rgb_raw,0.2,0.8,Canon 60D,FL11,0.0,0.0
shading,camera_rgb_wb,0.2,0.8,Canon 60D,FL11,0.0,0.0
shading,spectral_radiance,0.2,0.8,Canon 60D,FL11,3.46944695195e-18,1.27856764225e-16
shading,cie_xyz,0.2,0.8,Canon 60D,FL11,2.22044604925e-16,4.04614204148e-16
shading,camera_rgb_raw,0.2,0.8,Canon 60D,FL11,6.93889390391e-17,2.17444179869e-16
shading,camera_rgb_wb,0.2,0.8,Canon 60D,FL11,1.66533453694e-16,2.75115980872e-16
shading,spectral_radiance,0.2,0.8,Canon 60D,FL11,0.0,0.0
shading,cie_xyz,0.2,0.8,Canon 60D,FL11,0.0,0.0
shading,camera_rgb_raw,0.2,0.8,Canon 60D,FL11,0.0,0.0
shading,camera_rgb_wb,0.2,0.8,Canon 60D,FL11,0.0,0.0
shading,spectral_radiance,0.2,0.8,Hasselblad H2,FL11,0.0,0.0
shading,cie_xyz,0.2,0.8,Hasselblad H2,FL11,0.0,0.0
shading,camera_rgb_raw,0.2,0.8,Hasselblad H2,FL11,0.0,0.0
shading,camera_rgb_wb,0.2,0.8,Hasselblad H2,FL11,0.0,0.0
shading,spectral_radiance,0.2,0.8,Hasselblad H2,FL11,0.0,0.0
shading,cie_xyz,0.2,0.8,Hasselblad H2,FL11,0.0,0.0
shading,camera_rgb_raw,0.2,0.8,Hasselblad H2,FL11,0.0,0.0
shading,camera_rgb_wb,0.2,0.8,Hasselblad H2,FL11,0.0,0.0
shading,spectral_radiance,0.2,0.8,Hasselblad H2,FL11,3.46944695195e-18,1.27856764225e-16
shading,cie_xyz,0.2,0.8,Hasselblad H2,FL11,2.22044604925e-16,4.04614204148e-16
shading,camera_rgb_raw,0.2,0.8,Hasselblad H2,FL11,2.77555756156e-17,1.05998882343e-16
shading,camera_rgb_wb,0.2,0.8,Hasselblad H2,FL11,1.11022302463e-16,1.71467540984e-16
shading,spectral_radiance,0.2,0.8,Hasselblad H2,FL11,0.0,0.0
shading,cie_xyz,0.2,0.8,Hasselblad H2,FL11,0.0,0.0
shading,camera_rgb_raw,0.2,0.8,Hasselblad H2,FL11,0.0,0.0
shading,camera_rgb_wb,0.2,0.8,Hasselblad H2,FL11,0.0,0.0
shading,spectral_radiance,0.2,0.8,Nikon D3X,FL11,0.0,0.0
shading,cie_xyz,0.2,0.8,Nikon D3X,FL11,0.0,0.0
shading,camera_rgb_raw,0.2,0.8,Nikon D3X,FL11,0.0,0.0
shading,camera_rgb_wb,0.2,0.8,Nikon D3X,FL11,0.0,0.0
shading,spectral_radiance,0.2,0.8,Nikon D3X,FL11,0.0,0.0
shading,cie_xyz,0.2,0.8,Nikon D3X,FL11,0.0,0.0
shading,camera_rgb_raw,0.2,0.8,Nikon D3X,FL11,0.0,0.0
shading,camera_rgb_wb,0.2,0.8,Nikon D3X,FL11,0.0,0.0
shading,spectral_radiance,0.2,0.8,Nikon D3X,FL11,3.46944695195e-18,1.27856764225e-16
shading,cie_xyz,0.2,0.8,Nikon D3X,FL11,2.22044604925e-16,4.04614204148e-16
shading,camera_rgb_raw,0.2,0.8,Nikon D3X,FL11,2.22044604925e-16,7.61512138454e-16
shading,camera_rgb_wb,0.2,0.8,Nikon D3X,FL11,2.22044604925e-16,3.47534174052e-16
shading,spectral_radiance,0.2,0.8,Nikon D3X,FL11,0.0,0.0
shading,cie_xyz,0.2,0.8,Nikon D3X,FL11,0.0,0.0
shading,camera_rgb_raw,0.2,0.8,Nikon D3X,FL11,0.0,0.0
shading,camera_rgb_wb,0.2,0.8,Nikon D3X,FL11,0.0,0.0
shading,spectral_radiance,0.2,0.8,Nikon D200,FL11,0.0,0.0
shading,cie_xyz,0.2,0.8,Nikon D200,FL11,0.0,0.0
shading,camera_rgb_raw,0.2,0.8,Nikon D200,FL11,0.0,0.0
shading,camera_rgb_wb,0.2,0.8,Nikon D200,FL11,0.0,0.0
shading,spectral_radiance,0.2,0.8,Nikon D200,FL11,0.0,0.0
shading,cie_xyz,0.2,0.8,Nikon D200,FL11,0.0,0.0
shading,camera_rgb_raw,0.2,0.8,Nikon D200,FL11,0.0,0.0
shading,camera_rgb_wb,0.2,0.8,Nikon D200,FL11,0.0,0.0
shading,spectral_radiance,0.2,0.8,Nikon D200,FL11,3.46944695195e-18,1.27856764225e-16
shading,cie_xyz,0.2,0.8,Nikon D200,FL11,2.22044604925e-16,4.04614204148e-16
shading,camera_rgb_raw,0.2,0.8,Nikon D200,FL11,5.55111512313e-17,1.8442976209e-16
shading,camera_rgb_wb,0.2,0.8,Nikon D200,FL11,1.11022302463e-16,1.74173024054e-16
shading,spectral_radiance,0.2,0.8,Nikon D200,FL11,0.0,0.0
shading,cie_xyz,0.2,0.8,Nikon D200,FL11,0.0,0.0
shading,camera_rgb_raw,0.2,0.8,Nikon D200,FL11,0.0,0.0
shading,camera_rgb_wb,0.2,0.8,Nikon D200,FL11,0.0,0.0
shading,spectral_radiance,0.2,0.8,Nikon D3,FL11,0.0,0.0
shading,cie_xyz,0.2,0.8,Nikon D3,FL11,0.0,0.0
shading,camera_rgb_raw,0.2,0.8,Nikon D3,FL11,0.0,0.0
shading,camera_rgb_wb,0.2,0.8,Nikon D3,FL11,0.0,0.0
shading,spectral_radiance,0.2,0.8,Nikon D3,FL11,0.0,0.0
shading,cie_xyz,0.2,0.8,Nikon D3,FL11,0.0,0.0
shading,camera_rgb_raw,0.2,0.8,Nikon D3,FL11,0.0,0.0
shading,camera_rgb_wb,0.2,0.8,Nikon D3,FL11,0.0,0.0
shading,spectral_radiance,0.2,0.8,Nikon D3,FL11,3.46944695195e-18,1.27856764225e-16
shading,cie_xyz,0.2,0.8,Nikon D3,FL11,2.22044604925e-16,4.04614204148e-16
shading,camera_rgb_raw,0.2,0.8,Nikon D3,FL11,1.11022302463e-16,3.87633554541e-16
shading,camera_rgb_wb,0.2,0.8,Nikon D3,FL11,2.22044604925e-16,3.49766875229e-16
shading,spectral_radiance,0.2,0.8,Nikon D3,FL11,0.0,0.0
shading,cie_xyz,0.2,0.8,Nikon D3,FL11,0.0,0.0
shading,camera_rgb_raw,0.2,0.8,Nikon D3,FL11,0.0,0.0
shading,camera_rgb_wb,0.2,0.8,Nikon D3,FL11,0.0,0.0
shading,spectral_radiance,0.2,0.8,Nikon D300s,FL11,0.0,0.0
shading,cie_xyz,0.2,0.8,Nikon D300s,FL11,0.0,0.0
shading,camera_rgb_raw,0.2,0.8,Nikon D300s,FL11,0.0,0.0
shading,camera_rgb_wb,0.2,0.8,Nikon D300s,FL11,0.0,0.0
shading,spectral_radiance,0.2,0.8,Nikon D300s,FL11,0.0,0.0
shading,cie_xyz,0.2,0.8,Nikon D300s,FL11,0.0,0.0
shading,camera_rgb_raw,0.2,0.8,Nikon D300s,FL11,0.0,0.0
shading,camera_rgb_wb,0.2,0.8,Nikon D300s,FL11,0.0,0.0
shading,spectral_radiance,0.2,0.8,Nikon D300s,FL11,3.46944695195e-18,1.27856764225e-16
shading,cie_xyz,0.2,0.8,Nikon D300s,FL11,2.22044604925e-16,4.04614204148e-16
shading,camera_rgb_raw,0.2,0.8,Nikon D300s,FL11,1.11022302463e-16,3.29924966518e-16
shading,camera_rgb_wb,0.2,0.8,Nikon D300s,FL11,2.77555756156e-16,4.43507247348e-16
shading,spectral_radiance,0.2,0.8,Nikon D300s,FL11,0.0,0.0
shading,cie_xyz,0.2,0.8,Nikon D300s,FL11,0.0,0.0
shading,camera_rgb_raw,0.2,0.8,Nikon D300s,FL11,0.0,0.0
shading,camera_rgb_wb,0.2,0.8,Nikon D300s,FL11,0.0,0.0
shading,spectral_radiance,0.2,0.8,Nikon D40,FL11,0.0,0.0
shading,cie_xyz,0.2,0.8,Nikon D40,FL11,0.0,0.0
shading,camera_rgb_raw,0.2,0.8,Nikon D40,FL11,0.0,0.0
shading,camera_rgb_wb,0.2,0.8,Nikon D40,FL11,0.0,0.0
shading,spectral_radiance,0.2,0.8,Nikon D40,FL11,0.0,0.0
shading,cie_xyz,0.2,0.8,Nikon D40,FL11,0.0,0.0
shading,camera_rgb_raw,0.2,0.8,Nikon D40,FL11,0.0,0.0
shading,camera_rgb_wb,0.2,0.8,Nikon D40,FL11,0.0,0.0
shading,spectral_radiance,0.2,0.8,Nikon D40,FL11,3.46944695195e-18,1.27856764225e-16
shading,cie_xyz,0.2,0.8,Nikon D40,FL11,2.22044604925e-16,4.04614204148e-16
shading,camera_rgb_raw,0.2,0.8,Nikon D40,FL11,1.11022302463e-16,4.37393893474e-16
shading,camera_rgb_wb,0.2,0.8,Nikon D40,FL11,3.33066907388e-16,5.29918679625e-16
shading,spectral_radiance,0.2,0.8,Nikon D40,FL11,0.0,0.0
shading,cie_xyz,0.2,0.8,Nikon D40,FL11,0.0,0.0
shading,camera_rgb_raw,0.2,0.8,Nikon D40,FL11,0.0,0.0
shading,camera_rgb_wb,0.2,0.8,Nikon D40,FL11,0.0,0.0
shading,spectral_radiance,0.2,0.8,Nikon D50,FL11,0.0,0.0
shading,cie_xyz,0.2,0.8,Nikon D50,FL11,0.0,0.0
shading,camera_rgb_raw,0.2,0.8,Nikon D50,FL11,0.0,0.0
shading,camera_rgb_wb,0.2,0.8,Nikon D50,FL11,0.0,0.0
shading,spectral_radiance,0.2,0.8,Nikon D50,FL11,0.0,0.0
shading,cie_xyz,0.2,0.8,Nikon D50,FL11,0.0,0.0
shading,camera_rgb_raw,0.2,0.8,Nikon D50,FL11,0.0,0.0
shading,camera_rgb_wb,0.2,0.8,Nikon D50,FL11,0.0,0.0
shading,spectral_radiance,0.2,0.8,Nikon D50,FL11,3.46944695195e-18,1.27856764225e-16
shading,cie_xyz,0.2,0.8,Nikon D50,FL11,2.22044604925e-16,4.04614204148e-16
shading,camera_rgb_raw,0.2,0.8,Nikon D50,FL11,8.32667268469e-17,3.214002503e-16
shading,camera_rgb_wb,0.2,0.8,Nikon D50,FL11,2.22044604925e-16,3.49241204774e-16
shading,spectral_radiance,0.2,0.8,Nikon D50,FL11,0.0,0.0
shading,cie_xyz,0.2,0.8,Nikon D50,FL11,0.0,0.0
shading,camera_rgb_raw,0.2,0.8,Nikon D50,FL11,0.0,0.0
shading,camera_rgb_wb,0.2,0.8,Nikon D50,FL11,0.0,0.0
shading,spectral_radiance,0.2,0.8,Nikon D5100,FL11,0.0,0.0
shading,cie_xyz,0.2,0.8,Nikon D5100,FL11,0.0,0.0
shading,camera_rgb_raw,0.2,0.8,Nikon D5100,FL11,0.0,0.0
shading,camera_rgb_wb,0.2,0.8,Nikon D5100,FL11,0.0,0.0
shading,spectral_radiance,0.2,0.8,Nikon D5100,FL11,0.0,0.0
shading,cie_xyz,0.2,0.8,Nikon D5100,FL11,0.0,0.0
shading,camera_rgb_raw,0.2,0.8,Nikon D5100,FL11,0.0,0.0
shading,camera_rgb_wb,0.2,0.8,Nikon D5100,FL11,0.0,0.0
shading,spectral_radiance,0.2,0.8,Nikon D5100,FL11,3.46944695195e-18,1.27856764225e-16
shading,cie_xyz,0.2,0.8,Nikon D5100,FL11,2.22044604925e-16,4.04614204148e-16
shading,camera_rgb_raw,0.2,0.8,Nikon D5100,FL11,6.93889390391e-17,2.5047621449e-16
shading,camera_rgb_wb,0.2,0.8,Nikon D5100,FL11,1.66533453694e-16,2.67369037393e-16
shading,spectral_radiance,0.2,0.8,Nikon D5100,FL11,0.0,0.0
shading,cie_xyz,0.2,0.8,Nikon D5100,FL11,0.0,0.0
shading,camera_rgb_raw,0.2,0.8,Nikon D5100,FL11,0.0,0.0
shading,camera_rgb_wb,0.2,0.8,Nikon D5100,FL11,0.0,0.0
shading,spectral_radiance,0.2,0.8,Nikon D700,FL11,0.0,0.0
shading,cie_xyz,0.2,0.8,Nikon D700,FL11,0.0,0.0
shading,camera_rgb_raw,0.2,0.8,Nikon D700,FL11,0.0,0.0
shading,camera_rgb_wb,0.2,0.8,Nikon D700,FL11,0.0,0.0
shading,spectral_radiance,0.2,0.8,Nikon D700,FL11,0.0,0.0
shading,cie_xyz,0.2,0.8,Nikon D700,FL11,0.0,0.0
shading,camera_rgb_raw,0.2,0.8,Nikon D700,FL11,0.0,0.0
shading,camera_rgb_wb,0.2,0.8,Nikon D700,FL11,0.0,0.0
shading,spectral_radiance,0.2,0.8,Nikon D700,FL11,3.46944695195e-18,1.27856764225e-16
shading,cie_xyz,0.2,0.8,Nikon D700,FL11,2.22044604925e-16,4.04614204148e-16
shading,camera_rgb_raw,0.2,0.8,Nikon D700,FL11,1.11022302463e-16,3.73018900172e-16
shading,camera_rgb_wb,0.2,0.8,Nikon D700,FL11,1.11022302463e-16,1.74816285311e-16
shading,spectral_radiance,0.2,0.8,Nikon D700,FL11,0.0,0.0
shading,cie_xyz,0.2,0.8,Nikon D700,FL11,0.0,0.0
shading,camera_rgb_raw,0.2,0.8,Nikon D700,FL11,0.0,0.0
shading,camera_rgb_wb,0.2,0.8,Nikon D700,FL11,0.0,0.0
shading,spectral_radiance,0.2,0.8,Nikon D80,FL11,0.0,0.0
shading,cie_xyz,0.2,0.8,Nikon D80,FL11,0.0,0.0
shading,camera_rgb_raw,0.2,0.8,Nikon D80,FL11,0.0,0.0
shading,camera_rgb_wb,0.2,0.8,Nikon D80,FL11,0.0,0.0
shading,spectral_radiance,0.2,0.8,Nikon D80,FL11,0.0,0.0
shading,cie_xyz,0.2,0.8,Nikon D80,FL11,0.0,0.0
shading,camera_rgb_raw,0.2,0.8,Nikon D80,FL11,0.0,0.0
shading,camera_rgb_wb,0.2,0.8,Nikon D80,FL11,0.0,0.0
shading,spectral_radiance,0.2,0.8,Nikon D80,FL11,3.46944695195e-18,1.27856764225e-16
shading,cie_xyz,0.2,0.8,Nikon D80,FL11,2.22044604925e-16,4.04614204148e-16
shading,camera_rgb_raw,0.2,0.8,Nikon D80,FL11,5.55111512313e-17,2.28896989422e-16
shading,camera_rgb_wb,0.2,0.8,Nikon D80,FL11,1.11022302463e-16,1.75978256825e-16
shading,spectral_radiance,0.2,0.8,Nikon D80,FL11,0.0,0.0
shading,cie_xyz,0.2,0.8,Nikon D80,FL11,0.0,0.0
shading,camera_rgb_raw,0.2,0.8,Nikon D80,FL11,0.0,0.0
shading,camera_rgb_wb,0.2,0.8,Nikon D80,FL11,0.0,0.0
shading,spectral_radiance,0.2,0.8,Nikon D90,FL11,0.0,0.0
shading,cie_xyz,0.2,0.8,Nikon D90,FL11,0.0,0.0
shading,camera_rgb_raw,0.2,0.8,Nikon D90,FL11,0.0,0.0
shading,camera_rgb_wb,0.2,0.8,Nikon D90,FL11,0.0,0.0
shading,spectral_radiance,0.2,0.8,Nikon D90,FL11,0.0,0.0
shading,cie_xyz,0.2,0.8,Nikon D90,FL11,0.0,0.0
shading,camera_rgb_raw,0.2,0.8,Nikon D90,FL11,0.0,0.0
shading,camera_rgb_wb,0.2,0.8,Nikon D90,FL11,0.0,0.0
shading,spectral_radiance,0.2,0.8,Nikon D90,FL11,3.46944695195e-18,1.27856764225e-16
shading,cie_xyz,0.2,0.8,Nikon D90,FL11,2.22044604925e-16,4.04614204148e-16
shading,camera_rgb_raw,0.2,0.8,Nikon D90,FL11,1.11022302463e-16,4.01543187221e-16
shading,camera_rgb_wb,0.2,0.8,Nikon D90,FL11,1.66533453694e-16,2.66900738849e-16
shading,spectral_radiance,0.2,0.8,Nikon D90,FL11,0.0,0.0
shading,cie_xyz,0.2,0.8,Nikon D90,FL11,0.0,0.0
shading,camera_rgb_raw,0.2,0.8,Nikon D90,FL11,0.0,0.0
shading,camera_rgb_wb,0.2,0.8,Nikon D90,FL11,0.0,0.0
shading,spectral_radiance,0.2,0.8,Nokia N900,FL11,0.0,0.0
shading,cie_xyz,0.2,0.8,Nokia N900,FL11,0.0,0.0
shading,camera_rgb_raw,0.2,0.8,Nokia N900,FL11,0.0,0.0
shading,camera_rgb_wb,0.2,0.8,Nokia N900,FL11,0.0,0.0
shading,spectral_radiance,0.2,0.8,Nokia N900,FL11,0.0,0.0
shading,cie_xyz,0.2,0.8,Nokia N900,FL11,0.0,0.0
shading,camera_rgb_raw,0.2,0.8,Nokia N900,FL11,0.0,0.0
shading,camera_rgb_wb,0.2,0.8,Nokia N900,FL11,0.0,0.0
shading,spectral_radiance,0.2,0.8,Nokia N900,FL11,3.46944695195e-18,1.27856764225e-16
shading,cie_xyz,0.2,0.8,Nokia N900,FL11,2.22044604925e-16,4.04614204148e-16
shading,camera_rgb_raw,0.2,0.8,Nokia N900,FL11,5.55111512313e-17,1.26925825007e-16
shading,camera_rgb_wb,0.2,0.8,Nokia N900,FL11,5.55111512313e-17,8.74573159543e-17
shading,spectral_radiance,0.2,0.8,Nokia N900,FL11,0.0,0.0
shading,cie_xyz,0.2,0.8,Nokia N900,FL11,0.0,0.0
shading,camera_rgb_raw,0.2,0.8,Nokia N900,FL11,0.0,0.0
shading,camera_rgb_wb,0.2,0.8,Nokia N900,FL11,0.0,0.0
shading,spectral_radiance,0.2,0.8,Olympus E-PL2,FL11,0.0,0.0
shading,cie_xyz,0.2,0.8,Olympus E-PL2,FL11,0.0,0.0
shading,camera_rgb_raw,0.2,0.8,Olympus E-PL2,FL11,0.0,0.0
shading,camera_rgb_wb,0.2,0.8,Olympus E-PL2,FL11,0.0,0.0
shading,spectral_radiance,0.2,0.8,Olympus E-PL2,FL11,0.0,0.0
shading,cie_xyz,0.2,0.8,Olympus E-PL2,FL11,0.0,0.0
shading,camera_rgb_raw,0.2,0.8,Olympus E-PL2,FL11,0.0,0.0
shading,camera_rgb_wb,0.2,0.8,Olympus E-PL2,FL11,0.0,0.0
shading,spectral_radiance,0.2,0.8,Olympus E-PL2,FL11,3.46944695195e-18,1.27856764225e-16
shading,cie_xyz,0.2,0.8,Olympus E-PL2,FL11,2.22044604925e-16,4.04614204148e-16
shading,camera_rgb_raw,0.2,0.8,Olympus E-PL2,FL11,1.66533453694e-16,3.46985799759e-16
shading,camera_rgb_wb,0.2,0.8,Olympus E-PL2,FL11,2.22044604925e-16,3.29699793049e-16
shading,spectral_radiance,0.2,0.8,Olympus E-PL2,FL11,0.0,0.0
shading,cie_xyz,0.2,0.8,Olympus E-PL2,FL11,0.0,0.0
shading,camera_rgb_raw,0.2,0.8,Olympus E-PL2,FL11,0.0,0.0
shading,camera_rgb_wb,0.2,0.8,Olympus E-PL2,FL11,0.0,0.0
shading,spectral_radiance,0.2,0.8,Pentax K-5,FL11,0.0,0.0
shading,cie_xyz,0.2,0.8,Pentax K-5,FL11,0.0,0.0
shading,camera_rgb_raw,0.2,0.8,Pentax K-5,FL11,0.0,0.0
shading,camera_rgb_wb,0.2,0.8,Pentax K-5,FL11,0.0,0.0
shading,spectral_radiance,0.2,0.8,Pentax K-5,FL11,0.0,0.0
shading,cie_xyz,0.2,0.8,Pentax K-5,FL11,0.0,0.0
shading,camera_rgb_raw,0.2,0.8,Pentax K-5,FL11,0.0,0.0
shading,camera_rgb_wb,0.2,0.8,Pentax K-5,FL11,0.0,0.0
shading,spectral_radiance,0.2,0.8,Pentax K-5,FL11,3.46944695195e-18,1.27856764225e-16
shading,cie_xyz,0.2,0.8,Pentax K-5,FL11,2.22044604925e-16,4.04614204148e-16
shading,camera_rgb_raw,0.2,0.8,Pentax K-5,FL11,1.11022302463e-16,3.86197573637e-16
shading,camera_rgb_wb,0.2,0.8,Pentax K-5,FL11,1.66533453694e-16,2.6510790879e-16
shading,spectral_radiance,0.2,0.8,Pentax K-5,FL11,0.0,0.0
shading,cie_xyz,0.2,0.8,Pentax K-5,FL11,0.0,0.0
shading,camera_rgb_raw,0.2,0.8,Pentax K-5,FL11,0.0,0.0
shading,camera_rgb_wb,0.2,0.8,Pentax K-5,FL11,0.0,0.0
shading,spectral_radiance,0.2,0.8,Pentax Q,FL11,0.0,0.0
shading,cie_xyz,0.2,0.8,Pentax Q,FL11,0.0,0.0
shading,camera_rgb_raw,0.2,0.8,Pentax Q,FL11,0.0,0.0
shading,camera_rgb_wb,0.2,0.8,Pentax Q,FL11,0.0,0.0
shading,spectral_radiance,0.2,0.8,Pentax Q,FL11,0.0,0.0
shading,cie_xyz,0.2,0.8,Pentax Q,FL11,0.0,0.0
shading,camera_rgb_raw,0.2,0.8,Pentax Q,FL11,0.0,0.0
shading,camera_rgb_wb,0.2,0.8,Pentax Q,FL11,0.0,0.0
shading,spectral_radiance,0.2,0.8,Pentax Q,FL11,3.46944695195e-18,1.27856764225e-16
shading,cie_xyz,0.2,0.8,Pentax Q,FL11,2.22044604925e-16,4.04614204148e-16
shading,camera_rgb_raw,0.2,0.8,Pentax Q,FL11,1.11022302463e-16,2.44672463772e-16
shading,camera_rgb_wb,0.2,0.8,Pentax Q,FL11,1.11022302463e-16,1.72491881987e-16
shading,spectral_radiance,0.2,0.8,Pentax Q,FL11,0.0,0.0
shading,cie_xyz,0.2,0.8,Pentax Q,FL11,0.0,0.0
shading,camera_rgb_raw,0.2,0.8,Pentax Q,FL11,0.0,0.0
shading,camera_rgb_wb,0.2,0.8,Pentax Q,FL11,0.0,0.0
shading,spectral_radiance,0.2,0.8,Point Grey Grasshopper 50S5C,FL11,0.0,0.0
shading,cie_xyz,0.2,0.8,Point Grey Grasshopper 50S5C,FL11,0.0,0.0
shading,camera_rgb_raw,0.2,0.8,Point Grey Grasshopper 50S5C,FL11,0.0,0.0
shading,camera_rgb_wb,0.2,0.8,Point Grey Grasshopper 50S5C,FL11,0.0,0.0
shading,spectral_radiance,0.2,0.8,Point Grey Grasshopper 50S5C,FL11,0.0,0.0
shading,cie_xyz,0.2,0.8,Point Grey Grasshopper 50S5C,FL11,0.0,0.0
shading,camera_rgb_raw,0.2,0.8,Point Grey Grasshopper 50S5C,FL11,0.0,0.0
shading,camera_rgb_wb,0.2,0.8,Point Grey Grasshopper 50S5C,FL11,0.0,0.0
shading,spectral_radiance,0.2,0.8,Point Grey Grasshopper 50S5C,FL11,3.46944695195e-18,1.27856764225e-16
shading,cie_xyz,0.2,0.8,Point Grey Grasshopper 50S5C,FL11,2.22044604925e-16,4.04614204148e-16
shading,camera_rgb_raw,0.2,0.8,Point Grey Grasshopper 50S5C,FL11,5.55111512313e-17,2.21965804258e-16
shading,camera_rgb_wb,0.2,0.8,Point Grey Grasshopper 50S5C,FL11,1.11022302463e-16,1.57518690535e-16
shading,spectral_radiance,0.2,0.8,Point Grey Grasshopper 50S5C,FL11,0.0,0.0
shading,cie_xyz,0.2,0.8,Point Grey Grasshopper 50S5C,FL11,0.0,0.0
shading,camera_rgb_raw,0.2,0.8,Point Grey Grasshopper 50S5C,FL11,0.0,0.0
shading,camera_rgb_wb,0.2,0.8,Point Grey Grasshopper 50S5C,FL11,0.0,0.0
shading,spectral_radiance,0.2,0.8,Point Grey Grasshopper2 14S5C,FL11,0.0,0.0
shading,cie_xyz,0.2,0.8,Point Grey Grasshopper2 14S5C,FL11,0.0,0.0
shading,camera_rgb_raw,0.2,0.8,Point Grey Grasshopper2 14S5C,FL11,0.0,0.0
shading,camera_rgb_wb,0.2,0.8,Point Grey Grasshopper2 14S5C,FL11,0.0,0.0
shading,spectral_radiance,0.2,0.8,Point Grey Grasshopper2 14S5C,FL11,0.0,0.0
shading,cie_xyz,0.2,0.8,Point Grey Grasshopper2 14S5C,FL11,0.0,0.0
shading,camera_rgb_raw,0.2,0.8,Point Grey Grasshopper2 14S5C,FL11,0.0,0.0
shading,camera_rgb_wb,0.2,0.8,Point Grey Grasshopper2 14S5C,FL11,0.0,0.0
shading,spectral_radiance,0.2,0.8,Point Grey Grasshopper2 14S5C,FL11,3.46944695195e-18,1.27856764225e-16
shading,cie_xyz,0.2,0.8,Point Grey Grasshopper2 14S5C,FL11,2.22044604925e-16,4.04614204148e-16
shading,camera_rgb_raw,0.2,0.8,Point Grey Grasshopper2 14S5C,FL11,5.55111512313e-17,1.8201410038e-16
shading,camera_rgb_wb,0.2,0.8,Point Grey Grasshopper2 14S5C,FL11,2.22044604925e-16,3.27296652313e-16
shading,spectral_radiance,0.2,0.8,Point Grey Grasshopper2 14S5C,FL11,0.0,0.0
shading,cie_xyz,0.2,0.8,Point Grey Grasshopper2 14S5C,FL11,0.0,0.0
shading,camera_rgb_raw,0.2,0.8,Point Grey Grasshopper2 14S5C,FL11,0.0,0.0
shading,camera_rgb_wb,0.2,0.8,Point Grey Grasshopper2 14S5C,FL11,0.0,0.0
shading,spectral_radiance,0.2,0.8,Phase One,FL11,0.0,0.0
shading,cie_xyz,0.2,0.8,Phase One,FL11,0.0,0.0
shading,camera_rgb_raw,0.2,0.8,Phase One,FL11,0.0,0.0
shading,camera_rgb_wb,0.2,0.8,Phase One,FL11,0.0,0.0
shading,spectral_radiance,0.2,0.8,Phase One,FL11,0.0,0.0
shading,cie_xyz,0.2,0.8,Phase One,FL11,0.0,0.0
shading,camera_rgb_raw,0.2,0.8,Phase One,FL11,0.0,0.0
shading,camera_rgb_wb,0.2,0.8,Phase One,FL11,0.0,0.0
shading,spectral_radiance,0.2,0.8,Phase One,FL11,3.46944695195e-18,1.27856764225e-16
shading,cie_xyz,0.2,0.8,Phase One,FL11,2.22044604925e-16,4.04614204148e-16
shading,camera_rgb_raw,0.2,0.8,Phase One,FL11,5.55111512313e-17,1.98103869305e-16
shading,camera_rgb_wb,0.2,0.8,Phase One,FL11,1.11022302463e-16,1.92650828911e-16
shading,spectral_radiance,0.2,0.8,Phase One,FL11,0.0,0.0
shading,cie_xyz,0.2,0.8,Phase One,FL11,0.0,0.0
shading,camera_rgb_raw,0.2,0.8,Phase One,FL11,0.0,0.0
shading,camera_rgb_wb,0.2,0.8,Phase One,FL11,0.0,0.0
shading,spectral_radiance,0.2,0.8,SONY NEX-5N,FL11,0.0,0.0
shading,cie_xyz,0.2,0.8,SONY NEX-5N,FL11,0.0,0.0
shading,camera_rgb_raw,0.2,0.8,SONY NEX-5N,FL11,0.0,0.0
shading,camera_rgb_wb,0.2,0.8,SONY NEX-5N,FL11,0.0,0.0
shading,spectral_radiance,0.2,0.8,SONY NEX-5N,FL11,0.0,0.0
shading,cie_xyz,0.2,0.8,SONY NEX-5N,FL11,0.0,0.0
shading,camera_rgb_raw,0.2,0.8,SONY NEX-5N,FL11,0.0,0.0
shading,camera_rgb_wb,0.2,0.8,SONY NEX-5N,FL11,0.0,0.0
shading,spectral_radiance,0.2,0.8,SONY NEX-5N,FL11,3.46944695195e-18,1.27856764225e-16
shading,cie_xyz,0.2,0.8,SONY NEX-5N,FL11,2.22044604925e-16,4.04614204148e-16
shading,camera_rgb_raw,0.2,0.8,SONY NEX-5N,FL11,8.32667268469e-17,3.04159187822e-16
shading,camera_rgb_wb,0.2,0.8,SONY NEX-5N,FL11,2.22044604925e-16,3.62005281977e-16
shading,spectral_radiance,0.2,0.8,SONY NEX-5N,FL11,0.0,0.0
shading,cie_xyz,0.2,0.8,SONY NEX-5N,FL11,0.0,0.0
shading,camera_rgb_raw,0.2,0.8,SONY NEX-5N,FL11,0.0,0.0
shading,camera_rgb_wb,0.2,0.8,SONY NEX-5N,FL11,0.0,0.0
shading,spectral_radiance,0.5,0.2,Canon 1DMarkIII,D65,0.0,0.0
shading,cie_xyz,0.5,0.2,Canon 1DMarkIII,D65,0.0,0.0
shading,camera_rgb_raw,0.5,0.2,Canon 1DMarkIII,D65,0.0,0.0
shading,camera_rgb_wb,0.5,0.2,Canon 1DMarkIII,D65,0.0,0.0
shading,spectral_radiance,0.5,0.2,Canon 1DMarkIII,D65,0.0,0.0
shading,cie_xyz,0.5,0.2,Canon 1DMarkIII,D65,0.0,0.0
shading,camera_rgb_raw,0.5,0.2,Canon 1DMarkIII,D65,0.0,0.0
shading,camera_rgb_wb,0.5,0.2,Canon 1DMarkIII,D65,0.0,0.0
shading,spectral_radiance,0.5,0.2,Canon 1DMarkIII,D65,8.67361737988e-19,1.88377310372e-16
shading,cie_xyz,0.5,0.2,Canon 1DMarkIII,D65,5.55111512313e-17,1.89936919306e-16
shading,camera_rgb_raw,0.5,0.2,Canon 1DMarkIII,D65,5.55111512313e-17,3.08256710772e-16
shading,camera_rgb_wb,0.5,0.2,Canon 1DMarkIII,D65,1.11022302463e-16,2.87779160096e-16
shading,spectral_radiance,0.5,0.2,Canon 1DMarkIII,D65,0.0,0.0
shading,cie_xyz,0.5,0.2,Canon 1DMarkIII,D65,0.0,0.0
shading,camera_rgb_raw,0.5,0.2,Canon 1DMarkIII,D65,0.0,0.0
shading,camera_rgb_wb,0.5,0.2,Canon 1DMarkIII,D65,0.0,0.0
shading,spectral_radiance,0.5,0.2,Canon 20D,D65,0.0,0.0
shading,cie_xyz,0.5,0.2,Canon 20D,D65,0.0,0.0
shading,camera_rgb_raw,0.5,0.2,Canon 20D,D65,0.0,0.0
shading,camera_rgb_wb,0.5,0.2,Canon 20D,D65,0.0,0.0
shading,spectral_radiance,0.5,0.2,Canon 20D,D65,0.0,0.0
shading,cie_xyz,0.5,0.2,Canon 20D,D65,0.0,0.0
shading,camera_rgb_raw,0.5,0.2,Canon 20D,D65,0.0,0.0
shading,camera_rgb_wb,0.5,0.2,Canon 20D,D65,0.0,0.0
shading,spectral_radiance,0.5,0.2,Canon 20D,D65,8.67361737988e-19,1.88377310372e-16
shading,cie_xyz,0.5,0.2,Canon 20D,D65,5.55111512313e-17,1.89936919306e-16
shading,camera_rgb_raw,0.5,0.2,Canon 20D,D65,5.55111512313e-17,3.0146936404e-16
shading,camera_rgb_wb,0.5,0.2,Canon 20D,D65,1.11022302463e-16,2.87638857155e-16
shading,spectral_radiance,0.5,0.2,Canon 20D,D65,0.0,0.0
shading,cie_xyz,0.5,0.2,Canon 20D,D65,0.0,0.0
shading,camera_rgb_raw,0.5,0.2,Canon 20D,D65,0.0,0.0
shading,camera_rgb_wb,0.5,0.2,Canon 20D,D65,0.0,0.0
shading,spectral_radiance,0.5,0.2,Canon 300D,D65,0.0,0.0
shading,cie_xyz,0.5,0.2,Canon 300D,D65,0.0,0.0
shading,camera_rgb_raw,0.5,0.2,Canon 300D,D65,0.0,0.0
shading,camera_rgb_wb,0.5,0.2,Canon 300D,D65,0.0,0.0
shading,spectral_radiance,0.5,0.2,Canon 300D,D65,0.0,0.0
shading,cie_xyz,0.5,0.2,Canon 300D,D65,0.0,0.0
shading,camera_rgb_raw,0.5,0.2,Canon 300D,D65,0.0,0.0
shading,camera_rgb_wb,0.5,0.2,Canon 300D,D65,0.0,0.0
shading,spectral_radiance,0.5,0.2,Canon 300D,D65,8.67361737988e-19,1.88377310372e-16
shading,cie_xyz,0.5,0.2,Canon 300D,D65,5.55111512313e-17,1.89936919306e-16
shading,camera_rgb_raw,0.5,0.2,Canon 300D,D65,2.77555756156e-17,1.52098799231e-16
shading,camera_rgb_wb,0.5,0.2,Canon 300D,D65,2.77555756156e-17,7.0287530629e-17
shading,spectral_radiance,0.5,0.2,Canon 300D,D65,0.0,0.0
shading,cie_xyz,0.5,0.2,Canon 300D,D65,0.0,0.0
shading,camera_rgb_raw,0.5,0.2,Canon 300D,D65,0.0,0.0
shading,camera_rgb_wb,0.5,0.2,Canon 300D,D65,0.0,0.0
shading,spectral_radiance,0.5,0.2,Canon 40D,D65,0.0,0.0
shading,cie_xyz,0.5,0.2,Canon 40D,D65,0.0,0.0
shading,camera_rgb_raw,0.5,0.2,Canon 40D,D65,0.0,0.0
shading,camera_rgb_wb,0.5,0.2,Canon 40D,D65,0.0,0.0
shading,spectral_radiance,0.5,0.2,Canon 40D,D65,0.0,0.0
shading,cie_xyz,0.5,0.2,Canon 40D,D65,0.0,0.0
shading,camera_rgb_raw,0.5,0.2,Canon 40D,D65,0.0,0.0
shading,camera_rgb_wb,0.5,0.2,Canon 40D,D65,0.0,0.0
shading,spectral_radiance,0.5,0.2,Canon 40D,D65,8.67361737988e-19,1.88377310372e-16
shading,cie_xyz,0.5,0.2,Canon 40D,D65,5.55111512313e-17,1.89936919306e-16
shading,camera_rgb_raw,0.5,0.2,Canon 40D,D65,2.77555756156e-17,1.41527213482e-16
shading,camera_rgb_wb,0.5,0.2,Canon 40D,D65,5.55111512313e-17,1.41879527895e-16
shading,spectral_radiance,0.5,0.2,Canon 40D,D65,0.0,0.0
shading,cie_xyz,0.5,0.2,Canon 40D,D65,0.0,0.0
shading,camera_rgb_raw,0.5,0.2,Canon 40D,D65,0.0,0.0
shading,camera_rgb_wb,0.5,0.2,Canon 40D,D65,0.0,0.0
shading,spectral_radiance,0.5,0.2,Canon 500D,D65,0.0,0.0
shading,cie_xyz,0.5,0.2,Canon 500D,D65,0.0,0.0
shading,camera_rgb_raw,0.5,0.2,Canon 500D,D65,0.0,0.0
shading,camera_rgb_wb,0.5,0.2,Canon 500D,D65,0.0,0.0
shading,spectral_radiance,0.5,0.2,Canon 500D,D65,0.0,0.0
shading,cie_xyz,0.5,0.2,Canon 500D,D65,0.0,0.0
shading,camera_rgb_raw,0.5,0.2,Canon 500D,D65,0.0,0.0
shading,camera_rgb_wb,0.5,0.2,Canon 500D,D65,0.0,0.0
shading,spectral_radiance,0.5,0.2,Canon 500D,D65,8.67361737988e-19,1.88377310372e-16
shading,cie_xyz,0.5,0.2,Canon 500D,D65,5.55111512313e-17,1.89936919306e-16
shading,camera_rgb_raw,0.5,0.2,Canon 500D,D65,8.32667268469e-17,3.76636372213e-16
shading,camera_rgb_wb,0.5,0.2,Canon 500D,D65,5.55111512313e-17,1.59288046831e-16
shading,spectral_radiance,0.5,0.2,Canon 500D,D65,0.0,0.0
shading,cie_xyz,0.5,0.2,Canon 500D,D65,0.0,0.0
shading,camera_rgb_raw,0.5,0.2,Canon 500D,D65,0.0,0.0
shading,camera_rgb_wb,0.5,0.2,Canon 500D,D65,0.0,0.0
shading,spectral_radiance,0.5,0.2,Canon 50D,D65,0.0,0.0
shading,cie_xyz,0.5,0.2,Canon 50D,D65,0.0,0.0
shading,camera_rgb_raw,0.5,0.2,Canon 50D,D65,0.0,0.0
shading,camera_rgb_wb,0.5,0.2,Canon 50D,D65,0.0,0.0
shading,spectral_radiance,0.5,0.2,Canon 50D,D65,0.0,0.0
shading,cie_xyz,0.5,0.2,Canon 50D,D65,0.0,0.0
shading,camera_rgb_raw,0.5,0.2,Canon 50D,D65,0.0,0.0
shading,camera_rgb_wb,0.5,0.2,Canon 50D,D65,0.0,0.0
shading,spectral_radiance,0.5,0.2,Canon 50D,D65,8.67361737988e-19,1.88377310372e-16
shading,cie_xyz,0.5,0.2,Canon 50D,D65,5.55111512313e-17,1.89936919306e-16
shading,camera_rgb_raw,0.5,0.2,Canon 50D,D65,1.38777878078e-16,6.26266179523e-16
shading,camera_rgb_wb,0.5,0.2,Canon 50D,D65,1.11022302463e-16,3.11971965083e-16
shading,spectral_radiance,0.5,0.2,Canon 50D,D65,0.0,0.0
shading,cie_xyz,0.5,0.2,Canon 50D,D65,0.0,0.0
shading,camera_rgb_raw,0.5,0.2,Canon 50D,D65,0.0,0.0
shading,camera_rgb_wb,0.5,0.2,Canon 50D,D65,0.0,0.0
shading,spectral_radiance,0.5,0.2,Canon 5DMarkII,D65,0.0,0.0
shading,cie_xyz,0.5,0.2,Canon 5DMarkII,D65,0.0,0.0
shading,camera_rgb_raw,0.5,0.2,Canon 5DMarkII,D65,0.0,0.0
shading,camera_rgb_wb,0.5,0.2,Canon 5DMarkII,D65,0.0,0.0
shading,spectral_radiance,0.5,0.2,Canon 5DMarkII,D65,0.0,0.0
shading,cie_xyz,0.5,0.2,Canon 5DMarkII,D65,0.0,0.0
shading,camera_rgb_raw,0.5,0.2,Canon 5DMarkII,D65,0.0,0.0
shading,camera_rgb_wb,0.5,0.2,Canon 5DMarkII,D65,0.0,0.0
shading,spectral_radiance,0.5,0.2,Canon 5DMarkII,D65,8.67361737988e-19,1.88377310372e-16
shading,cie_xyz,0.5,0.2,Canon 5DMarkII,D65,5.55111512313e-17,1.89936919306e-16
shading,camera_rgb_raw,0.5,0.2,Canon 5DMarkII,D65,5.55111512313e-17,2.88728288721e-16
shading,camera_rgb_wb,0.5,0.2,Canon 5DMarkII,D65,5.55111512313e-17,1.49350006803e-16
shading,spectral_radiance,0.5,0.2,Canon 5DMarkII,D65,0.0,0.0
shading,cie_xyz,0.5,0.2,Canon 5DMarkII,D65,0.0,0.0
shading,camera_rgb_raw,0.5,0.2,Canon 5DMarkII,D65,0.0,0.0
shading,camera_rgb_wb,0.5,0.2,Canon 5DMarkII,D65,0.0,0.0
shading,spectral_radiance,0.5,0.2,Canon 600D,D65,0.0,0.0
shading,cie_xyz,0.5,0.2,Canon 600D,D65,0.0,0.0
shading,camera_rgb_raw,0.5,0.2,Canon 600D,D65,0.0,0.0
shading,camera_rgb_wb,0.5,0.2,Canon 600D,D65,0.0,0.0
shading,spectral_radiance,0.5,0.2,Canon 600D,D65,0.0,0.0
shading,cie_xyz,0.5,0.2,Canon 600D,D65,0.0,0.0
shading,camera_rgb_raw,0.5,0.2,Canon 600D,D65,0.0,0.0
shading,camera_rgb_wb,0.5,0.2,Canon 600D,D65,0.0,0.0
shading,spectral_radiance,0.5,0.2,Canon 600D,D65,8.67361737988e-19,1.88377310372e-16
shading,cie_xyz,0.5,0.2,Canon 600D,D65,5.55111512313e-17,1.89936919306e-16
shading,camera_rgb_raw,0.5,0.2,Canon 600D,D65,5.55111512313e-17,2.67458534599e-16
shading,camera_rgb_wb,0.5,0.2,Canon 600D,D65,6.93889390391e-17,1.83648954725e-16
shading,spectral_radiance,0.5,0.2,Canon 600D,D65,0.0,0.0
shading,cie_xyz,0.5,0.2,Canon 600D,D65,0.0,0.0
shading,camera_rgb_raw,0.5,0.2,Canon 600D,D65,0.0,0.0
shading,camera_rgb_wb,0.5,0.2,Canon 600D,D65,0.0,0.0
shading,spectral_radiance,0.5,0.2,Canon 60D,D65,0.0,0.0
shading,cie_xyz,0.5,0.2,Canon 60D,D65,0.0,0.0
shading,camera_rgb_raw,0.5,0.2,Canon 60D,D65,0.0,0.0
shading,camera_rgb_wb,0.5,0.2,Canon 60D,D65,0.0,0.0
shading,spectral_radiance,0.5,0.2,Canon 60D,D65,0.0,0.0
shading,cie_xyz,0.5,0.2,Canon 60D,D65,0.0,0.0
shading,camera_rgb_raw,0.5,0.2,Canon 60D,D65,0.0,0.0
shading,camera_rgb_wb,0.5,0.2,Canon 60D,D65,0.0,0.0
shading,spectral_radiance,0.5,0.2,Canon 60D,D65,8.67361737988e-19,1.88377310372e-16
shading,cie_xyz,0.5,0.2,Canon 60D,D65,5.55111512313e-17,1.89936919306e-16
shading,camera_rgb_raw,0.5,0.2,Canon 60D,D65,5.55111512313e-17,2.66743845276e-16
shading,camera_rgb_wb,0.5,0.2,Canon 60D,D65,1.66533453694e-16,4.40899108807e-16
shading,spectral_radiance,0.5,0.2,Canon 60D,D65,0.0,0.0
shading,cie_xyz,0.5,0.2,Canon 60D,D65,0.0,0.0
shading,camera_rgb_raw,0.5,0.2,Canon 60D,D65,0.0,0.0
shading,camera_rgb_wb,0.5,0.2,Canon 60D,D65,0.0,0.0
shading,spectral_radiance,0.5,0.2,Hasselblad H2,D65,0.0,0.0
shading,cie_xyz,0.5,0.2,Hasselblad H2,D65,0.0,0.0
shading,camera_rgb_raw,0.5,0.2,Hasselblad H2,D65,0.0,0.0
shading,camera_rgb_wb,0.5,0.2,Hasselblad H2,D65,0.0,0.0
shading,spectral_radiance,0.5,0.2,Hasselblad H2,D65,0.0,0.0
shading,cie_xyz,0.5,0.2,Hasselblad H2,D65,0.0,0.0
shading,camera_rgb_raw,0.5,0.2,Hasselblad H2,D65,0.0,0.0
shading,camera_rgb_wb,0.5,0.2,Hasselblad H2,D65,0.0,0.0
shading,spectral_radiance,0.5,0.2,Hasselblad H2,D65,8.67361737988e-19,1.88377310372e-16
shading,cie_xyz,0.5,0.2,Hasselblad H2,D65,5.55111512313e-17,1.89936919306e-16
shading,camera_rgb_raw,0.5,0.2,Hasselblad H2,D65,8.32667268469e-17,4.93349010132e-16
shading,camera_rgb_wb,0.5,0.2,Hasselblad H2,D65,1.11022302463e-16,2.77424195394e-16
shading,spectral_radiance,0.5,0.2,Hasselblad H2,D65,0.0,0.0
shading,cie_xyz,0.5,0.2,Hasselblad H2,D65,0.0,0.0
shading,camera_rgb_raw,0.5,0.2,Hasselblad H2,D65,0.0,0.0
shading,camera_rgb_wb,0.5,0.2,Hasselblad H2,D65,0.0,0.0
shading,spectral_radiance,0.5,0.2,Nikon D3X,D65,0.0,0.0
shading,cie_xyz,0.5,0.2,Nikon D3X,D65,0.0,0.0
shading,camera_rgb_raw,0.5,0.2,Nikon D3X,D65,0.0,0.0
shading,camera_rgb_wb,0.5,0.2,Nikon D3X,D65,0.0,0.0
shading,spectral_radiance,0.5,0.2,Nikon D3X,D65,0.0,0.0
shading,cie_xyz,0.5,0.2,Nikon D3X,D65,0.0,0.0
shading,camera_rgb_raw,0.5,0.2,Nikon D3X,D65,0.0,0.0
shading,camera_rgb_wb,0.5,0.2,Nikon D3X,D65,0.0,0.0
shading,spectral_radiance,0.5,0.2,Nikon D3X,D65,8.67361737988e-19,1.88377310372e-16
shading,cie_xyz,0.5,0.2,Nikon D3X,D65,5.55111512313e-17,1.89936919306e-16
shading,camera_rgb_raw,0.5,0.2,Nikon D3X,D65,1.38777878078e-16,7.42421491422e-16
shading,camera_rgb_wb,0.5,0.2,Nikon D3X,D65,1.38777878078e-16,3.59998994362e-16
shading,spectral_radiance,0.5,0.2,Nikon D3X,D65,0.0,0.0
shading,cie_xyz,0.5,0.2,Nikon D3X,D65,0.0,0.0
shading,camera_rgb_raw,0.5,0.2,Nikon D3X,D65,0.0,0.0
shading,camera_rgb_wb,0.5,0.2,Nikon D3X,D65,0.0,0.0
shading,spectral_radiance,0.5,0.2,Nikon D200,D65,0.0,0.0
shading,cie_xyz,0.5,0.2,Nikon D200,D65,0.0,0.0
shading,camera_rgb_raw,0.5,0.2,Nikon D200,D65,0.0,0.0
shading,camera_rgb_wb,0.5,0.2,Nikon D200,D65,0.0,0.0
shading,spectral_radiance,0.5,0.2,Nikon D200,D65,0.0,0.0
shading,cie_xyz,0.5,0.2,Nikon D200,D65,0.0,0.0
shading,camera_rgb_raw,0.5,0.2,Nikon D200,D65,0.0,0.0
shading,camera_rgb_wb,0.5,0.2,Nikon D200,D65,0.0,0.0
shading,spectral_radiance,0.5,0.2,Nikon D200,D65,8.67361737988e-19,1.88377310372e-16
shading,cie_xyz,0.5,0.2,Nikon D200,D65,5.55111512313e-17,1.89936919306e-16
shading,camera_rgb_raw,0.5,0.2,Nikon D200,D65,5.55111512313e-17,3.32576332763e-16
shading,camera_rgb_wb,0.5,0.2,Nikon D200,D65,8.32667268469e-17,2.16009269267e-16
shading,spectral_radiance,0.5,0.2,Nikon D200,D65,0.0,0.0
shading,cie_xyz,0.5,0.2,Nikon D200,D65,0.0,0.0
shading,camera_rgb_raw,0.5,0.2,Nikon D200,D65,0.0,0.0
shading,camera_rgb_wb,0.5,0.2,Nikon D200,D65,0.0,0.0
shading,spectral_radiance,0.5,0.2,Nikon D3,D65,0.0,0.0
shading,cie_xyz,0.5,0.2,Nikon D3,D65,0.0,0.0
shading,camera_rgb_raw,0.5,0.2,Nikon D3,D65,0.0,0.0
shading,camera_rgb_wb,0.5,0.2,Nikon D3,D65,0.0,0.0
shading,spectral_radiance,0.5,0.2,Nikon D3,D65,0.0,0.0
shading,cie_xyz,0.5,0.2,Nikon D3,D65,0.0,0.0
shading,camera_rgb_raw,0.5,0.2,Nikon D3,D65,0.0,0.0
shading,camera_rgb_wb,0.5,0.2,Nikon D3,D65,0.0,0.0
shading,spectral_radiance,0.5,0.2,Nikon D3,D65,8.67361737988e-19,1.88377310372e-16
shading,cie_xyz,0.5,0.2,Nikon D3,D65,5.55111512313e-17,1.89936919306e-16
shading,camera_rgb_raw,0.5,0.2,Nikon D3,D65,2.77555756156e-17,1.65496553184e-16
shading,camera_rgb_wb,0.5,0.2,Nikon D3,D65,5.55111512313e-17,1.4511482835e-16
shading,spectral_radiance,0.5,0.2,Nikon D3,D65,0.0,0.0
shading,cie_xyz,0.5,0.2,Nikon D3,D65,0.0,0.0
shading,camera_rgb_raw,0.5,0.2,Nikon D3,D65,0.0,0.0
shading,camera_rgb_wb,0.5,0.2,Nikon D3,D65,0.0,0.0
shading,spectral_radiance,0.5,0.2,Nikon D300s,D65,0.0,0.0
shading,cie_xyz,0.5,0.2,Nikon D300s,D65,0.0,0.0
shading,camera_rgb_raw,0.5,0.2,Nikon D300s,D65,0.0,0.0
shading,camera_rgb_wb,0.5,0.2,Nikon D300s,D65,0.0,0.0
shading,spectral_radiance,0.5,0.2,Nikon D300s,D65,0.0,0.0
shading,cie_xyz,0.5,0.2,Nikon D300s,D65,0.0,0.0
shading,camera_rgb_raw,0.5,0.2,Nikon D300s,D65,0.0,0.0
shading,camera_rgb_wb,0.5,0.2,Nikon D300s,D65,0.0,0.0
shading,spectral_radiance,0.5,0.2,Nikon D300s,D65,8.67361737988e-19,1.88377310372e-16
shading,cie_xyz,0.5,0.2,Nikon D300s,D65,5.55111512313e-17,1.89936919306e-16
shading,camera_rgb_raw,0.5,0.2,Nikon D300s,D65,2.77555756156e-17,1.50550386928e-16
shading,camera_rgb_wb,0.5,0.2,Nikon D300s,D65,5.55111512313e-17,1.49820885885e-16
shading,spectral_radiance,0.5,0.2,Nikon D300s,D65,0.0,0.0
shading,cie_xyz,0.5,0.2,Nikon D300s,D65,0.0,0.0
shading,camera_rgb_raw,0.5,0.2,Nikon D300s,D65,0.0,0.0
shading,camera_rgb_wb,0.5,0.2,Nikon D300s,D65,0.0,0.0
shading,spectral_radiance,0.5,0.2,Nikon D40,D65,0.0,0.0
shading,cie_xyz,0.5,0.2,Nikon D40,D65,0.0,0.0
shading,camera_rgb_raw,0.5,0.2,Nikon D40,D65,0.0,0.0
shading,camera_rgb_wb,0.5,0.2,Nikon D40,D65,0.0,0.0
shading,spectral_radiance,0.5,0.2,Nikon D40,D65,0.0,0.0
shading,cie_xyz,0.5,0.2,Nikon D40,D65,0.0,0.0
shading,camera_rgb_raw,0.5,0.2,Nikon D40,D65,0.0,0.0
shading,camera_rgb_wb,0.5,0.2,Nikon D40,D65,0.0,0.0
shading,spectral_radiance,0.5,0.2,Nikon D40,D65,8.67361737988e-19,1.88377310372e-16
shading,cie_xyz,0.5,0.2,Nikon D40,D65,5.55111512313e-17,1.89936919306e-16
shading,camera_rgb_raw,0.5,0.2,Nikon D40,D65,2.77555756156e-17,1.67068900017e-16
shading,camera_rgb_wb,0.5,0.2,Nikon D40,D65,4.16333634234e-17,1.08548687356e-16
shading,spectral_radiance,0.5,0.2,Nikon D40,D65,0.0,0.0
shading,cie_xyz,0.5,0.2,Nikon D40,D65,0.0,0.0
shading,camera_rgb_raw,0.5,0.2,Nikon D40,D65,0.0,0.0
shading,camera_rgb_wb,0.5,0.2,Nikon D40,D65,0.0,0.0
shading,spectral_radiance,0.5,0.2,Nikon D50,D65,0.0,0.0
shading,cie_xyz,0.5,0.2,Nikon D50,D65,0.0,0.0
shading,camera_rgb_raw,0.5,0.2,Nikon D50,D65,0.0,0.0
shading,camera_rgb_wb,0.5,0.2,Nikon D50,D65,0.0,0.0
shading,spectral_radiance,0.5,0.2,Nikon D50,D65,0.0,0.0
shading,cie_xyz,0.5,0.2,Nikon D50,D65,0.0,0.0
shading,camera_rgb_raw,0.5,0.2,Nikon D50,D65,0.0,0.0
shading,camera_rgb_wb,0.5,0.2,Nikon D50,D65,0.0,0.0
shading,spectral_radiance,0.5,0.2,Nikon D50,D65,8.67361737988e-19,1.88377310372e-16
shading,cie_xyz,0.5,0.2,Nikon D50,D65,5.55111512313e-17,1.89936919306e-16
shading,camera_rgb_raw,0.5,0.2,Nikon D50,D65,2.77555756156e-17,1.65300056059e-16
shading,camera_rgb_wb,0.5,0.2,Nikon D50,D65,1.11022302463e-16,2.81328460795e-16
shading,spectral_radiance,0.5,0.2,Nikon D50,D65,0.0,0.0
shading,cie_xyz,0.5,0.2,Nikon D50,D65,0.0,0.0
shading,camera_rgb_raw,0.5,0.2,Nikon D50,D65,0.0,0.0
shading,camera_rgb_wb,0.5,0.2,Nikon D50,D65,0.0,0.0
shading,spectral_radiance,0.5,0.2,Nikon D5100,D65,0.0,0.0
shading,cie_xyz,0.5,0.2,Nikon D5100,D65,0.0,0.0
shading,camera_rgb_raw,0.5,0.2,Nikon D5100,D65,0.0,0.0
shading,camera_rgb_wb,0.5,0.2,Nikon D5100,D65,0.0,0.0
shading,spectral_radiance,0.5,0.2,Nikon D5100,D65,0.0,0.0
shading,cie_xyz,0.5,0.2,Nikon D5100,D65,0.0,0.0
shading,camera_rgb_raw,0.5,0.2,Nikon D5100,D65,0.0,0.0
shading,camera_rgb_wb,0.5,0.2,Nikon D5100,D65,0.0,0.0
shading,spectral_radiance,0.5,0.2,Nikon D5100,D65,8.67361737988e-19,1.88377310372e-16
shading,cie_xyz,0.5,0.2,Nikon D5100,D65,5.55111512313e-17,1.89936919306e-16
shading,camera_rgb_raw,0.5,0.2,Nikon D5100,D65,8.32667268469e-17,4.56986820412e-16
shading,camera_rgb_wb,0.5,0.2,Nikon D5100,D65,1.66533453694e-16,4.45278167516e-16
shading,spectral_radiance,0.5,0.2,Nikon D5100,D65,0.0,0.0
shading,cie_xyz,0.5,0.2,Nikon D5100,D65,0.0,0.0
shading,camera_rgb_raw,0.5,0.2,Nikon D5100,D65,0.0,0.0
shading,camera_rgb_wb,0.5,0.2,Nikon D5100,D65,0.0,0.0
shading,spectral_radiance,0.5,0.2,Nikon D700,D65,0.0,0.0
shading,cie_xyz,0.5,0.2,Nikon D700,D65,0.0,0.0
shading,camera_rgb_raw,0.5,0.2,Nikon D700,D65,0.0,0.0
shading,camera_rgb_wb,0.5,0.2,Nikon D700,D65,0.0,0.0
shading,spectral_radiance,0.5,0.2,Nikon D700,D65,0.0,0.0
shading,cie_xyz,0.5,0.2,Nikon D700,D65,0.0,0.0
shading,camera_rgb_raw,0.5,0.2,Nikon D700,D65,0.0,0.0
shading,camera_rgb_wb,0.5,0.2,Nikon D700,D65,0.0,0.0
shading,spectral_radiance,0.5,0.2,Nikon D700,D65,8.67361737988e-19,1.88377310372e-16
shading,cie_xyz,0.5,0.2,Nikon D700,D65,5.55111512313e-17,1.89936919306e-16
shading,camera_rgb_raw,0.5,0.2,Nikon D700,D65,8.32667268469e-17,4.83118646527e-16
shading,camera_rgb_wb,0.5,0.2,Nikon D700,D65,5.55111512313e-17,1.44643412926e-16
shading,spectral_radiance,0.5,0.2,Nikon D700,D65,0.0,0.0
shading,cie_xyz,0.5,0.2,Nikon D700,D65,0.0,0.0
shading,camera_rgb_raw,0.5,0.2,Nikon D700,D65,0.0,0.0
shading,camera_rgb_wb,0.5,0.2,Nikon D700,D65,0.0,0.0
shading,spectral_radiance,0.5,0.2,Nikon D80,D65,0.0,0.0
shading,cie_xyz,0.5,0.2,Nikon D80,D65,0.0,0.0
shading,camera_rgb_raw,0.5,0.2,Nikon D80,D65,0.0,0.0
shading,camera_rgb_wb,0.5,0.2,Nikon D80,D65,0.0,0.0
shading,spectral_radiance,0.5,0.2,Nikon D80,D65,0.0,0.0
shading,cie_xyz,0.5,0.2,Nikon D80,D65,0.0,0.0
shading,camera_rgb_raw,0.5,0.2,Nikon D80,D65,0.0,0.0
shading,camera_rgb_wb,0.5,0.2,Nikon D80,D65,0.0,0.0
shading,spectral_radiance,0.5,0.2,Nikon D80,D65,8.67361737988e-19,1.88377310372e-16
shading,cie_xyz,0.5,0.2,Nikon D80,D65,5.55111512313e-17,1.89936919306e-16
shading,camera_rgb_raw,0.5,0.2,Nikon D80,D65,2.77555756156e-17,1.76211201812e-16
shading,camera_rgb_wb,0.5,0.2,Nikon D80,D65,5.55111512313e-17,1.4244586267e-16
shading,spectral_radiance,0.5,0.2,Nikon D80,D65,0.0,0.0
shading,cie_xyz,0.5,0.2,Nikon D80,D65,0.0,0.0
shading,camera_rgb_raw,0.5,0.2,Nikon D80,D65,0.0,0.0
shading,camera_rgb_wb,0.5,0.2,Nikon D80,D65,0.0,0.0
shading,spectral_radiance,0.5,0.2,Nikon D90,D65,0.0,0.0
shading,cie_xyz,0.5,0.2,Nikon D90,D65,0.0,0.0
shading,camera_rgb_raw,0.5,0.2,Nikon D90,D65,0.0,0.0
shading,camera_rgb_wb,0.5,0.2,Nikon D90,D65,0.0,0.0
shading,spectral_radiance,0.5,0.2,Nikon D90,D65,0.0,0.0
shading,cie_xyz,0.5,0.2,Nikon D90,D65,0.0,0.0
shading,camera_rgb_raw,0.5,0.2,Nikon D90,D65,0.0,0.0
shading,camera_rgb_wb,0.5,0.2,Nikon D90,D65,0.0,0.0
shading,spectral_radiance,0.5,0.2,Nikon D90,D65,8.67361737988e-19,1.88377310372e-16
shading,cie_xyz,0.5,0.2,Nikon D90,D65,5.55111512313e-17,1.89936919306e-16
shading,camera_rgb_raw,0.5,0.2,Nikon D90,D65,5.55111512313e-17,3.32839727304e-16
shading,camera_rgb_wb,0.5,0.2,Nikon D90,D65,8.32667268469e-17,2.25928976594e-16
shading,spectral_radiance,0.5,0.2,Nikon D90,D65,0.0,0.0
shading,cie_xyz,0.5,0.2,Nikon D90,D65,0.0,0.0
shading,camera_rgb_raw,0.5,0.2,Nikon D90,D65,0.0,0.0
shading,camera_rgb_wb,0.5,0.2,Nikon D90,D65,0.0,0.0
shading,spectral_radiance,0.5,0.2,Nokia N900,D65,0.0,0.0
shading,cie_xyz,0.5,0.2,Nokia N900,D65,0.0,0.0
shading,camera_rgb_raw,0.5,0.2,Nokia N900,D65,0.0,0.0
shading,camera_rgb_wb,0.5,0.2,Nokia N900,D65,0.0,0.0
shading,spectral_radiance,0.5,0.2,Nokia N900,D65,0.0,0.0
shading,cie_xyz,0.5,0.2,Nokia N900,D65,0.0,0.0
shading,camera_rgb_raw,0.5,0.2,Nokia N900,D65,0.0,0.0
shading,camera_rgb_wb,0.5,0.2,Nokia N900,D65,0.0,0.0
shading,spectral_radiance,0.5,0.2,Nokia N900,D65,8.67361737988e-19,1.88377310372e-16
shading,cie_xyz,0.5,0.2,Nokia N900,D65,5.55111512313e-17,1.89936919306e-16
shading,camera_rgb_raw,0.5,0.2,Nokia N900,D65,2.77555756156e-17,1.08941408811e-16
shading,camera_rgb_wb,0.5,0.2,Nokia N900,D65,5.55111512313e-17,1.37376863041e-16
shading,spectral_radiance,0.5,0.2,Nokia N900,D65,0.0,0.0
shading,cie_xyz,0.5,0.2,Nokia N900,D65,0.0,0.0
shading,camera_rgb_raw,0.5,0.2,Nokia N900,D65,0.0,0.0
shading,camera_rgb_wb,0.5,0.2,Nokia N900,D65,0.0,0.0
shading,spectral_radiance,0.5,0.2,Olympus E-PL2,D65,0.0,0.0
shading,cie_xyz,0.5,0.2,Olympus E-PL2,D65,0.0,0.0
shading,camera_rgb_raw,0.5,0.2,Olympus E-PL2,D65,0.0,0.0
shading,camera_rgb_wb,0.5,0.2,Olympus E-PL2,D65,0.0,0.0
shading,spectral_radiance,0.5,0.2,Olympus E-PL2,D65,0.0,0.0
shading,cie_xyz,0.5,0.2,Olympus E-PL2,D65,0.0,0.0
shading,camera_rgb_raw,0.5,0.2,Olympus E-PL2,D65,0.0,0.0
shading,camera_rgb_wb,0.5,0.2,Olympus E-PL2,D65,0.0,0.0
shading,spectral_radiance,0.5,0.2,Olympus E-PL2,D65,8.67361737988e-19,1.88377310372e-16
shading,cie_xyz,0.5,0.2,Olympus E-PL2,D65,5.55111512313e-17,1.89936919306e-16
shading,camera_rgb_raw,0.5,0.2,Olympus E-PL2,D65,5.55111512313e-17,2.13922556846e-16
shading,camera_rgb_wb,0.5,0.2,Olympus E-PL2,D65,5.55111512313e-17,1.307680426e-16
shading,spectral_radiance,0.5,0.2,Olympus E-PL2,D65,0.0,0.0
shading,cie_xyz,0.5,0.2,Olympus E-PL2,D65,0.0,0.0
shading,camera_rgb_raw,0.5,0.2,Olympus E-PL2,D65,0.0,0.0
shading,camera_rgb_wb,0.5,0.2,Olympus E-PL2,D65,0.0,0.0
shading,spectral_radiance,0.5,0.2,Pentax K-5,D65,0.0,0.0
shading,cie_xyz,0.5,0.2,Pentax K-5,D65,0.0,0.0
shading,camera_rgb_raw,0.5,0.2,Pentax K-5,D65,0.0,0.0
shading,camera_rgb_wb,0.5,0.2,Pentax K-5,D65,0.0,0.0
shading,spectral_radiance,0.5,0.2,Pentax K-5,D65,0.0,0.0
shading,cie_xyz,0.5,0.2,Pentax K-5,D65,0.0,0.0
shading,camera_rgb_raw,0.5,0.2,Pentax K-5,D65,0.0,0.0
shading,camera_rgb_wb,0.5,0.2,Pentax K-5,D65,0.0,0.0
shading,spectral_radiance,0.5,0.2,Pentax K-5,D65,8.67361737988e-19,1.88377310372e-16
shading,cie_xyz,0.5,0.2,Pentax K-5,D65,5.55111512313e-17,1.89936919306e-16
shading,camera_rgb_raw,0.5,0.2,Pentax K-5,D65,5.55111512313e-17,2.90776070869e-16
shading,camera_rgb_wb,0.5,0.2,Pentax K-5,D65,5.55111512313e-17,1.456598185e-16
shading,spectral_radiance,0.5,0.2,Pentax K-5,D65,0.0,0.0
shading,cie_xyz,0.5,0.2,Pentax K-5,D65,0.0,0.0
shading,camera_rgb_raw,0.5,0.2,Pentax K-5,D65,0.0,0.0
shading,camera_rgb_wb,0.5,0.2,Pentax K-5,D65,0.0,0.0
shading,spectral_radiance,0.5,0.2,Pentax Q,D65,0.0,0.0
shading,cie_xyz,0.5,0.2,Pentax Q,D65,0.0,0.0
shading,camera_rgb_raw,0.5,0.2,Pentax Q,D65,0.0,0.0
shading,camera_rgb_wb,0.5,0.2,Pentax Q,D65,0.0,0.0
shading,spectral_radiance,0.5,0.2,Pentax Q,D65,0.0,0.0
shading,cie_xyz,0.5,0.2,Pentax Q,D65,0.0,0.0
shading,camera_rgb_raw,0.5,0.2,Pentax Q,D65,0.0,0.0
shading,camera_rgb_wb,0.5,0.2,Pentax Q,D65,0.0,0.0
shading,spectral_radiance,0.5,0.2,Pentax Q,D65,8.67361737988e-19,1.88377310372e-16
shading,cie_xyz,0.5,0.2,Pentax Q,D65,5.55111512313e-17,1.89936919306e-16
shading,camera_rgb_raw,0.5,0.2,Pentax Q,D65,5.55111512313e-17,2.05782502233e-16
shading,camera_rgb_wb,0.5,0.2,Pentax Q,D65,5.55111512313e-17,1.38141261208e-16
shading,spectral_radiance,0.5,0.2,Pentax Q,D65,0.0,0.0
shading,cie_xyz,0.5,0.2,Pentax Q,D65,0.0,0.0
shading,camera_rgb_raw,0.5,0.2,Pentax Q,D65,0.0,0.0
shading,camera_rgb_wb,0.5,0.2,Pentax Q,D65,0.0,0.0
shading,spectral_radiance,0.5,0.2,Point Grey Grasshopper 50S5C,D65,0.0,0.0
shading,cie_xyz,0.5,0.2,Point Grey Grasshopper 50S5C,D65,0.0,0.0
shading,camera_rgb_raw,0.5,0.2,Point Grey Grasshopper 50S5C,D65,0.0,0.0
shading,camera_rgb_wb,0.5,0.2,Point Grey Grasshopper 50S5C,D65,0.0,0.0
shading,spectral_radiance,0.5,0.2,Point Grey Grasshopper 50S5C,D65,0.0,0.0
shading,cie_xyz,0.5,0.2,Point Grey Grasshopper 50S5C,D65,0.0,0.0
shading,camera_rgb_raw,0.5,0.2,Point Grey Grasshopper 50S5C,D65,0.0,0.0
shading,camera_rgb_wb,0.5,0.2,Point Grey Grasshopper 50S5C,D65,0.0,0.0
shading,spectral_radiance,0.5,0.2,Point Grey Grasshopper 50S5C,D65,8.67361737988e-19,1.88377310372e-16
shading,cie_xyz,0.5,0.2,Point Grey Grasshopper 50S5C,D65,5.55111512313e-17,1.89936919306e-16
shading,camera_rgb_raw,0.5,0.2,Point Grey Grasshopper 50S5C,D65,5.55111512313e-17,2.79729510368e-16
shading,camera_rgb_wb,0.5,0.2,Point Grey Grasshopper 50S5C,D65,1.11022302463e-16,2.2366797267e-16
shading,spectral_radiance,0.5,0.2,Point Grey Grasshopper 50S5C,D65,0.0,0.0
shading,cie_xyz,0.5,0.2,Point Grey Grasshopper 50S5C,D65,0.0,0.0
shading,camera_rgb_raw,0.5,0.2,Point Grey Grasshopper 50S5C,D65,0.0,0.0
shading,camera_rgb_wb,0.5,0.2,Point Grey Grasshopper 50S5C,D65,0.0,0.0
shading,spectral_radiance,0.5,0.2,Point Grey Grasshopper2 14S5C,D65,0.0,0.0
shading,cie_xyz,0.5,0.2,Point Grey Grasshopper2 14S5C,D65,0.0,0.0
shading,camera_rgb_raw,0.5,0.2,Point Grey Grasshopper2 14S5C,D65,0.0,0.0
shading,camera_rgb_wb,0.5,0.2,Point Grey Grasshopper2 14S5C,D65,0.0,0.0
shading,spectral_radiance,0.5,0.2,Point Grey Grasshopper2 14S5C,D65,0.0,0.0
shading,cie_xyz,0.5,0.2,Point Grey Grasshopper2 14S5C,D65,0.0,0.0
shading,camera_rgb_raw,0.5,0.2,Point Grey Grasshopper2 14S5C,D65,0.0,0.0
shading,camera_rgb_wb,0.5,0.2,Point Grey Grasshopper2 14S5C,D65,0.0,0.0
shading,spectral_radiance,0.5,0.2,Point Grey Grasshopper2 14S5C,D65,8.67361737988e-19,1.88377310372e-16
shading,cie_xyz,0.5,0.2,Point Grey Grasshopper2 14S5C,D65,5.55111512313e-17,1.89936919306e-16
shading,camera_rgb_raw,0.5,0.2,Point Grey Grasshopper2 14S5C,D65,2.77555756156e-17,1.34750511795e-16
shading,camera_rgb_wb,0.5,0.2,Point Grey Grasshopper2 14S5C,D65,5.55111512313e-17,1.22647251964e-16
shading,spectral_radiance,0.5,0.2,Point Grey Grasshopper2 14S5C,D65,0.0,0.0
shading,cie_xyz,0.5,0.2,Point Grey Grasshopper2 14S5C,D65,0.0,0.0
shading,camera_rgb_raw,0.5,0.2,Point Grey Grasshopper2 14S5C,D65,0.0,0.0
shading,camera_rgb_wb,0.5,0.2,Point Grey Grasshopper2 14S5C,D65,0.0,0.0
shading,spectral_radiance,0.5,0.2,Phase One,D65,0.0,0.0
shading,cie_xyz,0.5,0.2,Phase One,D65,0.0,0.0
shading,camera_rgb_raw,0.5,0.2,Phase One,D65,0.0,0.0
shading,camera_rgb_wb,0.5,0.2,Phase One,D65,0.0,0.0
shading,spectral_radiance,0.5,0.2,Phase One,D65,0.0,0.0
shading,cie_xyz,0.5,0.2,Phase One,D65,0.0,0.0
shading,camera_rgb_raw,0.5,0.2,Phase One,D65,0.0,0.0
shading,camera_rgb_wb,0.5,0.2,Phase One,D65,0.0,0.0
shading,spectral_radiance,0.5,0.2,Phase One,D65,8.67361737988e-19,1.88377310372e-16
shading,cie_xyz,0.5,0.2,Phase One,D65,5.55111512313e-17,1.89936919306e-16
shading,camera_rgb_raw,0.5,0.2,Phase One,D65,5.55111512313e-17,3.40847730894e-16
shading,camera_rgb_wb,0.5,0.2,Phase One,D65,1.11022302463e-16,3.35189752511e-16
shading,spectral_radiance,0.5,0.2,Phase One,D65,0.0,0.0
shading,cie_xyz,0.5,0.2,Phase One,D65,0.0,0.0
shading,camera_rgb_raw,0.5,0.2,Phase One,D65,0.0,0.0
shading,camera_rgb_wb,0.5,0.2,Phase One,D65,0.0,0.0
shading,spectral_radiance,0.5,0.2,SONY NEX-5N,D65,0.0,0.0
shading,cie_xyz,0.5,0.2,SONY NEX-5N,D65,0.0,0.0
shading,camera_rgb_raw,0.5,0.2,SONY NEX-5N,D65,0.0,0.0
shading,camera_rgb_wb,0.5,0.2,SONY NEX-5N,D65,0.0,0.0
shading,spectral_radiance,0.5,0.2,SONY NEX-5N,D65,0.0,0.0
shading,cie_xyz,0.5,0.2,SONY NEX-5N,D65,0.0,0.0
shading,camera_rgb_raw,0.5,0.2,SONY NEX-5N,D65,0.0,0.0
shading,camera_rgb_wb,0.5,0.2,SONY NEX-5N,D65,0.0,0.0
shading,spectral_radiance,0.5,0.2,SONY NEX-5N,D65,8.67361737988e-19,1.88377310372e-16
shading,cie_xyz,0.5,0.2,SONY NEX-5N,D65,5.55111512313e-17,1.89936919306e-16
shading,camera_rgb_raw,0.5,0.2,SONY NEX-5N,D65,8.32667268469e-17,4.62748999315e-16
shading,camera_rgb_wb,0.5,0.2,SONY NEX-5N,D65,1.11022302463e-16,3.10395204044e-16
shading,spectral_radiance,0.5,0.2,SONY NEX-5N,D65,0.0,0.0
shading,cie_xyz,0.5,0.2,SONY NEX-5N,D65,0.0,0.0
shading,camera_rgb_raw,0.5,0.2,SONY NEX-5N,D65,0.0,0.0
shading,camera_rgb_wb,0.5,0.2,SONY NEX-5N,D65,0.0,0.0
shading,spectral_radiance,0.5,0.2,Canon 1DMarkIII,A,0.0,0.0
shading,cie_xyz,0.5,0.2,Canon 1DMarkIII,A,0.0,0.0
shading,camera_rgb_raw,0.5,0.2,Canon 1DMarkIII,A,0.0,0.0
shading,camera_rgb_wb,0.5,0.2,Canon 1DMarkIII,A,0.0,0.0
shading,spectral_radiance,0.5,0.2,Canon 1DMarkIII,A,0.0,0.0
shading,cie_xyz,0.5,0.2,Canon 1DMarkIII,A,0.0,0.0
shading,camera_rgb_raw,0.5,0.2,Canon 1DMarkIII,A,0.0,0.0
shading,camera_rgb_wb,0.5,0.2,Canon 1DMarkIII,A,0.0,0.0
shading,spectral_radiance,0.5,0.2,Canon 1DMarkIII,A,1.73472347598e-18,1.3384388128e-16
shading,cie_xyz,0.5,0.2,Canon 1DMarkIII,A,1.66533453694e-16,3.98805638512e-16
shading,camera_rgb_raw,0.5,0.2,Canon 1DMarkIII,A,2.77555756156e-17,1.28391598461e-16
shading,camera_rgb_wb,0.5,0.2,Canon 1DMarkIII,A,5.55111512313e-17,1.32617435974e-16
shading,spectral_radiance,0.5,0.2,Canon 1DMarkIII,A,0.0,0.0
shading,cie_xyz,0.5,0.2,Canon 1DMarkIII,A,0.0,0.0
shading,camera_rgb_raw,0.5,0.2,Canon 1DMarkIII,A,0.0,0.0
shading,camera_rgb_wb,0.5,0.2,Canon 1DMarkIII,A,0.0,0.0
shading,spectral_radiance,0.5,0.2,Canon 20D,A,0.0,0.0
shading,cie_xyz,0.5,0.2,Canon 20D,A,0.0,0.0
shading,camera_rgb_raw,0.5,0.2,Canon 20D,A,0.0,0.0
shading,camera_rgb_wb,0.5,0.2,Canon 20D,A,0.0,0.0
shading,spectral_radiance,0.5,0.2,Canon 20D,A,0.0,0.0
shading,cie_xyz,0.5,0.2,Canon 20D,A,0.0,0.0
shading,camera_rgb_raw,0.5,0.2,Canon 20D,A,0.0,0.0
shading,camera_rgb_wb,0.5,0.2,Canon 20D,A,0.0,0.0
shading,spectral_radiance,0.5,0.2,Canon 20D,A,1.73472347598e-18,1.3384388128e-16
shading,cie_xyz,0.5,0.2,Canon 20D,A,1.66533453694e-16,3.98805638512e-16
shading,camera_rgb_raw,0.5,0.2,Canon 20D,A,5.55111512313e-17,2.21308493555e-16
shading,camera_rgb_wb,0.5,0.2,Canon 20D,A,1.11022302463e-16,2.62183484522e-16
shading,spectral_radiance,0.5,0.2,Canon 20D,A,0.0,0.0
shading,cie_xyz,0.5,0.2,Canon 20D,A,0.0,0.0
shading,camera_rgb_raw,0.5,0.2,Canon 20D,A,0.0,0.0
shading,camera_rgb_wb,0.5,0.2,Canon 20D,A,0.0,0.0
shading,spectral_radiance,0.5,0.2,Canon 300D,A,0.0,0.0
shading,cie_xyz,0.5,0.2,Canon 300D,A,0.0,0.0
shading,camera_rgb_raw,0.5,0.2,Canon 300D,A,0.0,0.0
shading,camera_rgb_wb,0.5,0.2,Canon 300D,A,0.0,0.0
shading,spectral_radiance,0.5,0.2,Canon 300D,A,0.0,0.0
shading,cie_xyz,0.5,0.2,Canon 300D,A,0.0,0.0
shading,camera_rgb_raw,0.5,0.2,Canon 300D,A,0.0,0.0
shading,camera_rgb_wb,0.5,0.2,Canon 300D,A,0.0,0.0
shading,spectral_radiance,0.5,0.2,Canon 300D,A,1.73472347598e-18,1.3384388128e-16
shading,cie_xyz,0.5,0.2,Canon 300D,A,1.66533453694e-16,3.98805638512e-16
shading,camera_rgb_raw,0.5,0.2,Canon 300D,A,1.11022302463e-16,4.24937321449e-16
shading,camera_rgb_wb,0.5,0.2,Canon 300D,A,2.22044604925e-16,5.2384403837e-16
shading,spectral_radiance,0.5,0.2,Canon 300D,A,0.0,0.0
shading,cie_xyz,0.5,0.2,Canon 300D,A,0.0,0.0
shading,camera_rgb_raw,0.5,0.2,Canon 300D,A,0.0,0.0
shading,camera_rgb_wb,0.5,0.2,Canon 300D,A,0.0,0.0
shading,spectral_radiance,0.5,0.2,Canon 40D,A,0.0,0.0
shading,cie_xyz,0.5,0.2,Canon 40D,A,0.0,0.0
shading,camera_rgb_raw,0.5,0.2,Canon 40D,A,0.0,0.0
shading,camera_rgb_wb,0.5,0.2,Canon 40D,A,0.0,0.0
shading,spectral_radiance,0.5,0.2,Canon 40D,A,0.0,0.0
shading,cie_xyz,0.5,0.2,Canon 40D,A,0.0,0.0
shading,camera_rgb_raw,0.5,0.2,Canon 40D,A,0.0,0.0
shading,camera_rgb_wb,0.5,0.2,Canon 40D,A,0.0,0.0
shading,spectral_radiance,0.5,0.2,Canon 40D,A,1.73472347598e-18,1.3384388128e-16
shading,cie_xyz,0.5,0.2,Canon 40D,A,1.66533453694e-16,3.98805638512e-16
shading,camera_rgb_raw,0.5,0.2,Canon 40D,A,5.55111512313e-17,2.35446694535e-16
shading,camera_rgb_wb,0.5,0.2,Canon 40D,A,5.55111512313e-17,1.29186539436e-16
shading,spectral_radiance,0.5,0.2,Canon 40D,A,0.0,0.0
shading,cie_xyz,0.5,0.2,Canon 40D,A,0.0,0.0
shading,camera_rgb_raw,0.5,0.2,Canon 40D,A,0.0,0.0
shading,camera_rgb_wb,0.5,0.2,Canon 40D,A,0.0,0.0
shading,spectral_radiance,0.5,0.2,Canon 500D,A,0.0,0.0
shading,cie_xyz,0.5,0.2,Canon 500D,A,0.0,0.0
shading,camera_rgb_raw,0.5,0.2,Canon 500D,A,0.0,0.0
shading,camera_rgb_wb,0.5,0.2,Canon 500D,A,0.0,0.0
shading,spectral_radiance,0.5,0.2,Canon 500D,A,0.0,0.0
shading,cie_xyz,0.5,0.2,Canon 500D,A,0.0,0.0
shading,camera_rgb_raw,0.5,0.2,Canon 500D,A,0.0,0.0
shading,camera_rgb_wb,0.5,0.2,Canon 500D,A,0.0,0.0
shading,spectral_radiance,0.5,0.2,Canon 500D,A,1.73472347598e-18,1.3384388128e-16
shading,cie_xyz,0.5,0.2,Canon 500D,A,1.66533453694e-16,3.98805638512e-16
shading,camera_rgb_raw,0.5,0.2,Canon 500D,A,5.55111512313e-17,2.250375542e-16
shading,camera_rgb_wb,0.5,0.2,Canon 500D,A,1.11022302463e-16,2.79649953109e-16
shading,spectral_radiance,0.5,0.2,Canon 500D,A,0.0,0.0
shading,cie_xyz,0.5,0.2,Canon 500D,A,0.0,0.0
shading,camera_rgb_raw,0.5,0.2,Canon 500D,A,0.0,0.0
shading,camera_rgb_wb,0.5,0.2,Canon 500D,A,0.0,0.0
shading,spectral_radiance,0.5,0.2,Canon 50D,A,0.0,0.0
shading,cie_xyz,0.5,0.2,Canon 50D,A,0.0,0.0
shading,camera_rgb_raw,0.5,0.2,Canon 50D,A,0.0,0.0
shading,camera_rgb_wb,0.5,0.2,Canon 50D,A,0.0,0.0
shading,spectral_radiance,0.5,0.2,Canon 50D,A,0.0,0.0
shading,cie_xyz,0.5,0.2,Canon 50D,A,0.0,0.0
shading,camera_rgb_raw,0.5,0.2,Canon 50D,A,0.0,0.0
shading,camera_rgb_wb,0.5,0.2,Canon 50D,A,0.0,0.0
shading,spectral_radiance,0.5,0.2,Canon 50D,A,1.73472347598e-18,1.3384388128e-16
shading,cie_xyz,0.5,0.2,Canon 50D,A,1.66533453694e-16,3.98805638512e-16
shading,camera_rgb_raw,0.5,0.2,Canon 50D,A,8.32667268469e-17,3.40234231222e-16
shading,camera_rgb_wb,0.5,0.2,Canon 50D,A,5.55111512313e-17,1.37660603447e-16
shading,spectral_radiance,0.5,0.2,Canon 50D,A,0.0,0.0
shading,cie_xyz,0.5,0.2,Canon 50D,A,0.0,0.0
shading,camera_rgb_raw,0.5,0.2,Canon 50D,A,0.0,0.0
shading,camera_rgb_wb,0.5,0.2,Canon 50D,A,0.0,0.0
shading,spectral_radiance,0.5,0.2,Canon 5DMarkII,A,0.0,0.0
shading,cie_xyz,0.5,0.2,Canon 5DMarkII,A,0.0,0.0
shading,camera_rgb_raw,0.5,0.2,Canon 5DMarkII,A,0.0,0.0
shading,camera_rgb_wb,0.5,0.2,Canon 5DMarkII,A,0.0,0.0
shading,spectral_radiance,0.5,0.2,Canon 5DMarkII,A,0.0,0.0
shading,cie_xyz,0.5,0.2,Canon 5DMarkII,A,0.0,0.0
shading,camera_rgb_raw,0.5,0.2,Canon 5DMarkII,A,0.0,0.0
shading,camera_rgb_wb,0.5,0.2,Canon 5DMarkII,A,0.0,0.0
shading,spectral_radiance,0.5,0.2,Canon 5DMarkII,A,1.73472347598e-18,1.3384388128e-16
shading,cie_xyz,0.5,0.2,Canon 5DMarkII,A,1.66533453694e-16,3.98805638512e-16
shading,camera_rgb_raw,0.5,0.2,Canon 5DMarkII,A,8.32667268469e-17,3.47759383862e-16
shading,camera_rgb_wb,0.5,0.2,Canon 5DMarkII,A,1.66533453694e-16,4.04314101416e-16
shading,spectral_radiance,0.5,0.2,Canon 5DMarkII,A,0.0,0.0
shading,cie_xyz,0.5,0.2,Canon 5DMarkII,A,0.0,0.0
shading,camera_rgb_raw,0.5,0.2,Canon 5DMarkII,A,0.0,0.0
shading,camera_rgb_wb,0.5,0.2,Canon 5DMarkII,A,0.0,0.0
shading,spectral_radiance,0.5,0.2,Canon 600D,A,0.0,0.0
shading,cie_xyz,0.5,0.2,Canon 600D,A,0.0,0.0
shading,camera_rgb_raw,0.5,0.2,Canon 600D,A,0.0,0.0
shading,camera_rgb_wb,0.5,0.2,Canon 600D,A,0.0,0.0
shading,spectral_radiance,0.5,0.2,Canon 600D,A,0.0,0.0
shading,cie_xyz,0.5,0.2,Canon 600D,A,0.0,0.0
shading,camera_rgb_raw,0.5,0.2,Canon 600D,A,0.0,0.0
shading,camera_rgb_wb,0.5,0.2,Canon 600D,A,0.0,0.0
shading,spectral_radiance,0.5,0.2,Canon 600D,A,1.73472347598e-18,1.3384388128e-16
shading,cie_xyz,0.5,0.2,Canon 600D,A,1.66533453694e-16,3.98805638512e-16
shading,camera_rgb_raw,0.5,0.2,Canon 600D,A,2.77555756156e-17,1.19154161219e-16
shading,camera_rgb_wb,0.5,0.2,Canon 600D,A,1.11022302463e-16,2.65602350326e-16
shading,spectral_radiance,0.5,0.2,Canon 600D,A,0.0,0.0
shading,cie_xyz,0.5,0.2,Canon 600D,A,0.0,0.0
shading,camera_rgb_raw,0.5,0.2,Canon 600D,A,0.0,0.0
shading,camera_rgb_wb,0.5,0.2,Canon 600D,A,0.0,0.0
shading,spectral_radiance,0.5,0.2,Canon 60D,A,0.0,0.0
shading,cie_xyz,0.5,0.2,Canon 60D,A,0.0,0.0
shading,camera_rgb_raw,0.5,0.2,Canon 60D,A,0.0,0.0
shading,camera_rgb_wb,0.5,0.2,Canon 60D,A,0.0,0.0
shading,spectral_radiance,0.5,0.2,Canon 60D,A,0.0,0.0
shading,cie_xyz,0.5,0.2,Canon 60D,A,0.0,0.0
shading,camera_rgb_raw,0.5,0.2,Canon 60D,A,0.0,0.0
shading,camera_rgb_wb,0.5,0.2,Canon 60D,A,0.0,0.0
shading,spectral_radiance,0.5,0.2,Canon 60D,A,1.73472347598e-18,1.3384388128e-16
shading,cie_xyz,0.5,0.2,Canon 60D,A,1.66533453694e-16,3.98805638512e-16
shading,camera_rgb_raw,0.5,0.2,Canon 60D,A,2.77555756156e-17,1.1805588007e-16
shading,camera_rgb_wb,0.5,0.2,Canon 60D,A,1.11022302463e-16,2.65901647497e-16
shading,spectral_radiance,0.5,0.2,Canon 60D,A,0.0,0.0
shading,cie_xyz,0.5,0.2,Canon 60D,A,0.0,0.0
shading,camera_rgb_raw,0.5,0.2,Canon 60D,A,0.0,0.0
shading,camera_rgb_wb,0.5,0.2,Canon 60D,A,0.0,0.0
shading,spectral_radiance,0.5,0.2,Hasselblad H2,A,0.0,0.0
shading,cie_xyz,0.5,0.2,Hasselblad H2,A,0.0,0.0
shading,camera_rgb_raw,0.5,0.2,Hasselblad H2,A,0.0,0.0
shading,camera_rgb_wb,0.5,0.2,Hasselblad H2,A,0.0,0.0
shading,spectral_radiance,0.5,0.2,Hasselblad H2,A,0.0,0.0
shading,cie_xyz,0.5,0.2,Hasselblad H2,A,0.0,0.0
shading,camera_rgb_raw,0.5,0.2,Hasselblad H2,A,0.0,0.0
shading,camera_rgb_wb,0.5,0.2,Hasselblad H2,A,0.0,0.0
shading,spectral_radiance,0.5,0.2,Hasselblad H2,A,1.73472347598e-18,1.3384388128e-16
shading,cie_xyz,0.5,0.2,Hasselblad H2,A,1.66533453694e-16,3.98805638512e-16
shading,camera_rgb_raw,0.5,0.2,Hasselblad H2,A,2.77555756156e-17,1.52510024685e-16
shading,camera_rgb_wb,0.5,0.2,Hasselblad H2,A,5.55111512313e-17,1.24364961347e-16
shading,spectral_radiance,0.5,0.2,Hasselblad H2,A,0.0,0.0
shading,cie_xyz,0.5,0.2,Hasselblad H2,A,0.0,0.0
shading,camera_rgb_raw,0.5,0.2,Hasselblad H2,A,0.0,0.0
shading,camera_rgb_wb,0.5,0.2,Hasselblad H2,A,0.0,0.0
shading,spectral_radiance,0.5,0.2,Nikon D3X,A,0.0,0.0
shading,cie_xyz,0.5,0.2,Nikon D3X,A,0.0,0.0
shading,camera_rgb_raw,0.5,0.2,Nikon D3X,A,0.0,0.0
shading,camera_rgb_wb,0.5,0.2,Nikon D3X,A,0.0,0.0
shading,spectral_radiance,0.5,0.2,Nikon D3X,A,0.0,0.0
shading,cie_xyz,0.5,0.2,Nikon D3X,A,0.0,0.0
shading,camera_rgb_raw,0.5,0.2,Nikon D3X,A,0.0,0.0
shading,camera_rgb_wb,0.5,0.2,Nikon D3X,A,0.0,0.0
shading,spectral_radiance,0.5,0.2,Nikon D3X,A,1.73472347598e-18,1.3384388128e-16
shading,cie_xyz,0.5,0.2,Nikon D3X,A,1.66533453694e-16,3.98805638512e-16
shading,camera_rgb_raw,0.5,0.2,Nikon D3X,A,5.55111512313e-17,2.44841220895e-16
shading,camera_rgb_wb,0.5,0.2,Nikon D3X,A,1.11022302463e-16,2.60655539946e-16
shading,spectral_radiance,0.5,0.2,Nikon D3X,A,0.0,0.0
shading,cie_xyz,0.5,0.2,Nikon D3X,A,0.0,0.0
shading,camera_rgb_raw,0.5,0.2,Nikon D3X,A,0.0,0.0
shading,camera_rgb_wb,0.5,0.2,Nikon D3X,A,0.0,0.0
shading,spectral_radiance,0.5,0.2,Nikon D200,A,0.0,0.0
shading,cie_xyz,0.5,0.2,Nikon D200,A,0.0,0.0
shading,camera_rgb_raw,0.5,0.2,Nikon D200,A,0.0,0.0
shading,camera_rgb_wb,0.5,0.2,Nikon D200,A,0.0,0.0
shading,spectral_radiance,0.5,0.2,Nikon D200,A,0.0,0.0
shading,cie_xyz,0.5,0.2,Nikon D200,A,0.0,0.0
shading,camera_rgb_raw,0.5,0.2,Nikon D200,A,0.0,0.0
shading,camera_rgb_wb,0.5,0.2,Nikon D200,A,0.0,0.0
shading,spectral_radiance,0.5,0.2,Nikon D200,A,1.73472347598e-18,1.3384388128e-16
shading,cie_xyz,0.5,0.2,Nikon D200,A,1.66533453694e-16,3.98805638512e-16
shading,camera_rgb_raw,0.5,0.2,Nikon D200,A,5.55111512313e-17,2.17174989e-16
shading,camera_rgb_wb,0.5,0.2,Nikon D200,A,5.55111512313e-17,1.29823741825e-16
shading,spectral_radiance,0.5,0.2,Nikon D200,A,0.0,0.0
shading,cie_xyz,0.5,0.2,Nikon D200,A,0.0,0.0
shading,camera_rgb_raw,0.5,0.2,Nikon D200,A,0.0,0.0
shading,camera_rgb_wb,0.5,0.2,Nikon D200,A,0.0,0.0
shading,spectral_radiance,0.5,0.2,Nikon D3,A,0.0,0.0
shading,cie_xyz,0.5,0.2,Nikon D3,A,0.0,0.0
shading,camera_rgb_raw,0.5,0.2,Nikon D3,A,0.0,0.0
shading,camera_rgb_wb,0.5,0.2,Nikon D3,A,0.0,0.0
shading,spectral_radiance,0.5,0.2,Nikon D3,A,0.0,0.0
shading,cie_xyz,0.5,0.2,Nikon D3,A,0.0,0.0
shading,camera_rgb_raw,0.5,0.2,Nikon D3,A,0.0,0.0
shading,camera_rgb_wb,0.5,0.2,Nikon D3,A,0.0,0.0
shading,spectral_radiance,0.5,0.2,Nikon D3,A,1.73472347598e-18,1.3384388128e-16
shading,cie_xyz,0.5,0.2,Nikon D3,A,1.66533453694e-16,3.98805638512e-16
shading,camera_rgb_raw,0.5,0.2,Nikon D3,A,5.55111512313e-17,2.30406285509e-16
shading,camera_rgb_wb,0.5,0.2,Nikon D3,A,1.11022302463e-16,2.60975007812e-16
shading,spectral_radiance,0.5,0.2,Nikon D3,A,0.0,0.0
shading,cie_xyz,0.5,0.2,Nikon D3,A,0.0,0.0
shading,camera_rgb_raw,0.5,0.2,Nikon D3,A,0.0,0.0
shading,camera_rgb_wb,0.5,0.2,Nikon D3,A,0.0,0.0
shading,spectral_radiance,0.5,0.2,Nikon D300s,A,0.0,0.0
shading,cie_xyz,0.5,0.2,Nikon D300s,A,0.0,0.0
shading,camera_rgb_raw,0.5,0.2,Nikon D300s,A,0.0,0.0
shading,camera_rgb_wb,0.5,0.2,Nikon D300s,A,0.0,0.0
shading,spectral_radiance,0.5,0.2,Nikon D300s,A,0.0,0.0
shading,cie_xyz,0.5,0.2,Nikon D300s,A,0.0,0.0
shading,camera_rgb_raw,0.5,0.2,Nikon D300s,A,0.0,0.0
shading,camera_rgb_wb,0.5,0.2,Nikon D300s,A,0.0,0.0
shading,spectral_radiance,0.5,0.2,Nikon D300s,A,1.73472347598e-18,1.3384388128e-16
shading,cie_xyz,0.5,0.2,Nikon D300s,A,1.66533453694e-16,3.98805638512e-16
shading,camera_rgb_raw,0.5,0.2,Nikon D300s,A,8.32667268469e-17,2.97252546819e-16
shading,camera_rgb_wb,0.5,0.2,Nikon D300s,A,1.11022302463e-16,2.65350244739e-16
shading,spectral_radiance,0.5,0.2,Nikon D300s,A,0.0,0.0
shading,cie_xyz,0.5,0.2,Nikon D300s,A,0.0,0.0
shading,camera_rgb_raw,0.5,0.2,Nikon D300s,A,0.0,0.0
shading,camera_rgb_wb,0.5,0.2,Nikon D300s,A,0.0,0.0
shading,spectral_radiance,0.5,0.2,Nikon D40,A,0.0,0.0
shading,cie_xyz,0.5,0.2,Nikon D40,A,0.0,0.0
shading,camera_rgb_raw,0.5,0.2,Nikon D40,A,0.0,0.0
shading,camera_rgb_wb,0.5,0.2,Nikon D40,A,0.0,0.0
shading,spectral_radiance,0.5,0.2,Nikon D40,A,0.0,0.0
shading,cie_xyz,0.5,0.2,Nikon D40,A,0.0,0.0
shading,camera_rgb_raw,0.5,0.2,Nikon D40,A,0.0,0.0
shading,camera_rgb_wb,0.5,0.2,Nikon D40,A,0.0,0.0
shading,spectral_radiance,0.5,0.2,Nikon D40,A,1.73472347598e-18,1.3384388128e-16
shading,cie_xyz,0.5,0.2,Nikon D40,A,1.66533453694e-16,3.98805638512e-16
shading,camera_rgb_raw,0.5,0.2,Nikon D40,A,8.32667268469e-17,3.9430517909e-16
shading,camera_rgb_wb,0.5,0.2,Nikon D40,A,1.11022302463e-16,2.61922124437e-16
shading,spectral_radiance,0.5,0.2,Nikon D40,A,0.0,0.0
shading,cie_xyz,0.5,0.2,Nikon D40,A,0.0,0.0
shading,camera_rgb_raw,0.5,0.2,Nikon D40,A,0.0,0.0
shading,camera_rgb_wb,0.5,0.2,Nikon D40,A,0.0,0.0
shading,spectral_radiance,0.5,0.2,Nikon D50,A,0.0,0.0
shading,cie_xyz,0.5,0.2,Nikon D50,A,0.0,0.0
shading,camera_rgb_raw,0.5,0.2,Nikon D50,A,0.0,0.0
shading,camera_rgb_wb,0.5,0.2,Nikon D50,A,0.0,0.0
shading,spectral_radiance,0.5,0.2,Nikon D50,A,0.0,0.0
shading,cie_xyz,0.5,0.2,Nikon D50,A,0.0,0.0
shading,camera_rgb_raw,0.5,0.2,Nikon D50,A,0.0,0.0
shading,camera_rgb_wb,0.5,0.2,Nikon D50,A,0.0,0.0
shading,spectral_radiance,0.5,0.2,Nikon D50,A,1.73472347598e-18,1.3384388128e-16
shading,cie_xyz,0.5,0.2,Nikon D50,A,1.66533453694e-16,3.98805638512e-16
shading,camera_rgb_raw,0.5,0.2,Nikon D50,A,5.55111512313e-17,2.56250600336e-16
shading,camera_rgb_wb,0.5,0.2,Nikon D50,A,5.55111512313e-17,1.27398167857e-16
shading,spectral_radiance,0.5,0.2,Nikon D50,A,0.0,0.0
shading,cie_xyz,0.5,0.2,Nikon D50,A,0.0,0.0
shading,camera_rgb_raw,0.5,0.2,Nikon D50,A,0.0,0.0
shading,camera_rgb_wb,0.5,0.2,Nikon D50,A,0.0,0.0
shading,spectral_radiance,0.5,0.2,Nikon D5100,A,0.0,0.0
shading,cie_xyz,0.5,0.2,Nikon D5100,A,0.0,0.0
shading,camera_rgb_raw,0.5,0.2,Nikon D5100,A,0.0,0.0
shading,camera_rgb_wb,0.5,0.2,Nikon D5100,A,0.0,0.0
shading,spectral_radiance,0.5,0.2,Nikon D5100,A,0.0,0.0
shading,cie_xyz,0.5,0.2,Nikon D5100,A,0.0,0.0
shading,camera_rgb_raw,0.5,0.2,Nikon D5100,A,0.0,0.0
shading,camera_rgb_wb,0.5,0.2,Nikon D5100,A,0.0,0.0
shading,spectral_radiance,0.5,0.2,Nikon D5100,A,1.73472347598e-18,1.3384388128e-16
shading,cie_xyz,0.5,0.2,Nikon D5100,A,1.66533453694e-16,3.98805638512e-16
shading,camera_rgb_raw,0.5,0.2,Nikon D5100,A,8.32667268469e-17,3.51345634125e-16
shading,camera_rgb_wb,0.5,0.2,Nikon D5100,A,1.11022302463e-16,2.64735810995e-16
shading,spectral_radiance,0.5,0.2,Nikon D5100,A,0.0,0.0
shading,cie_xyz,0.5,0.2,Nikon D5100,A,0.0,0.0
shading,camera_rgb_raw,0.5,0.2,Nikon D5100,A,0.0,0.0
shading,camera_rgb_wb,0.5,0.2,Nikon D5100,A,0.0,0.0
shading,spectral_radiance,0.5,0.2,Nikon D700,A,0.0,0.0
shading,cie_xyz,0.5,0.2,Nikon D700,A,0.0,0.0
shading,camera_rgb_raw,0.5,0.2,Nikon D700,A,0.0,0.0
shading,camera_rgb_wb,0.5,0.2,Nikon D700,A,0.0,0.0
shading,spectral_radiance,0.5,0.2,Nikon D700,A,0.0,0.0
shading,cie_xyz,0.5,0.2,Nikon D700,A,0.0,0.0
shading,camera_rgb_raw,0.5,0.2,Nikon D700,A,0.0,0.0
shading,camera_rgb_wb,0.5,0.2,Nikon D700,A,0.0,0.0
shading,spectral_radiance,0.5,0.2,Nikon D700,A,1.73472347598e-18,1.3384388128e-16
shading,cie_xyz,0.5,0.2,Nikon D700,A,1.66533453694e-16,3.98805638512e-16
shading,camera_rgb_raw,0.5,0.2,Nikon D700,A,5.55111512313e-17,2.18107882927e-16
shading,camera_rgb_wb,0.5,0.2,Nikon D700,A,1.11022302463e-16,2.59912778695e-16
shading,spectral_radiance,0.5,0.2,Nikon D700,A,0.0,0.0
shading,cie_xyz,0.5,0.2,Nikon D700,A,0.0,0.0
shading,camera_rgb_raw,0.5,0.2,Nikon D700,A,0.0,0.0
shading,camera_rgb_wb,0.5,0.2,Nikon D700,A,0.0,0.0
shading,spectral_radiance,0.5,0.2,Nikon D80,A,0.0,0.0
shading,cie_xyz,0.5,0.2,Nikon D80,A,0.0,0.0
shading,camera_rgb_raw,0.5,0.2,Nikon D80,A,0.0,0.0
shading,camera_rgb_wb,0.5,0.2,Nikon D80,A,0.0,0.0
shading,spectral_radiance,0.5,0.2,Nikon D80,A,0.0,0.0
shading,cie_xyz,0.5,0.2,Nikon D80,A,0.0,0.0
shading,camera_rgb_raw,0.5,0.2,Nikon D80,A,0.0,0.0
shading,camera_rgb_wb,0.5,0.2,Nikon D80,A,0.0,0.0
shading,spectral_radiance,0.5,0.2,Nikon D80,A,1.73472347598e-18,1.3384388128e-16
shading,cie_xyz,0.5,0.2,Nikon D80,A,1.66533453694e-16,3.98805638512e-16
shading,camera_rgb_raw,0.5,0.2,Nikon D80,A,3.46944695195e-18,1.51188943523e-17
shading,camera_rgb_wb,0.5,0.2,Nikon D80,A,5.55111512313e-17,1.30017335746e-16
shading,spectral_radiance,0.5,0.2,Nikon D80,A,0.0,0.0
shading,cie_xyz,0.5,0.2,Nikon D80,A,0.0,0.0
shading,camera_rgb_raw,0.5,0.2,Nikon D80,A,0.0,0.0
shading,camera_rgb_wb,0.5,0.2,Nikon D80,A,0.0,0.0
shading,spectral_radiance,0.5,0.2,Nikon D90,A,0.0,0.0
shading,cie_xyz,0.5,0.2,Nikon D90,A,0.0,0.0
shading,camera_rgb_raw,0.5,0.2,Nikon D90,A,0.0,0.0
shading,camera_rgb_wb,0.5,0.2,Nikon D90,A,0.0,0.0
shading,spectral_radiance,0.5,0.2,Nikon D90,A,0.0,0.0
shading,cie_xyz,0.5,0.2,Nikon D90,A,0.0,0.0
shading,camera_rgb_raw,0.5,0.2,Nikon D90,A,0.0,0.0
shading,camera_rgb_wb,0.5,0.2,Nikon D90,A,0.0,0.0
shading,spectral_radiance,0.5,0.2,Nikon D90,A,1.73472347598e-18,1.3384388128e-16
shading,cie_xyz,0.5,0.2,Nikon D90,A,1.66533453694e-16,3.98805638512e-16
shading,camera_rgb_raw,0.5,0.2,Nikon D90,A,2.77555756156e-17,1.21689359739e-16
shading,camera_rgb_wb,0.5,0.2,Nikon D90,A,6.93889390391e-17,1.65132461918e-16
shading,spectral_radiance,0.5,0.2,Nikon D90,A,0.0,0.0
shading,cie_xyz,0.5,0.2,Nikon D90,A,0.0,0.0
shading,camera_rgb_raw,0.5,0.2,Nikon D90,A,0.0,0.0
shading,camera_rgb_wb,0.5,0.2,Nikon D90,A,0.0,0.0
shading,spectral_radiance,0.5,0.2,Nokia N900,A,0.0,0.0
shading,cie_xyz,0.5,0.2,Nokia N900,A,0.0,0.0
shading,camera_rgb_raw,0.5,0.2,Nokia N900,A,0.0,0.0
shading,camera_rgb_wb,0.5,0.2,Nokia N900,A,0.0,0.0
shading,spectral_radiance,0.5,0.2,Nokia N900,A,0.0,0.0
shading,cie_xyz,0.5,0.2,Nokia N900,A,0.0,0.0
shading,camera_rgb_raw,0.5,0.2,Nokia N900,A,0.0,0.0
shading,camera_rgb_wb,0.5,0.2,Nokia N900,A,0.0,0.0
shading,spectral_radiance,0.5,0.2,Nokia N900,A,1.73472347598e-18,1.3384388128e-16
shading,cie_xyz,0.5,0.2,Nokia N900,A,1.66533453694e-16,3.98805638512e-16
shading,camera_rgb_raw,0.5,0.2,Nokia N900,A,5.55111512313e-17,1.39397400921e-16
shading,camera_rgb_wb,0.5,0.2,Nokia N900,A,8.32667268469e-17,1.90972306569e-16
shading,spectral_radiance,0.5,0.2,Nokia N900,A,0.0,0.0
shading,cie_xyz,0.5,0.2,Nokia N900,A,0.0,0.0
shading,camera_rgb_raw,0.5,0.2,Nokia N900,A,0.0,0.0
shading,camera_rgb_wb,0.5,0.2,Nokia N900,A,0.0,0.0
shading,spectral_radiance,0.5,0.2,Olympus E-PL2,A,0.0,0.0
shading,cie_xyz,0.5,0.2,Olympus E-PL2,A,0.0,0.0
shading,camera_rgb_raw,0.5,0.2,Olympus E-PL2,A,0.0,0.0
shading,camera_rgb_wb,0.5,0.2,Olympus E-PL2,A,0.0,0.0
shading,spectral_radiance,0.5,0.2,Olympus E-PL2,A,0.0,0.0
shading,cie_xyz,0.5,0.2,Olympus E-PL2,A,0.0,0.0
shading,camera_rgb_raw,0.5,0.2,Olympus E-PL2,A,0.0,0.0
shading,camera_rgb_wb,0.5,0.2,Olympus E-PL2,A,0.0,0.0
shading,spectral_radiance,0.5,0.2,Olympus E-PL2,A,1.73472347598e-18,1.3384388128e-16
shading,cie_xyz,0.5,0.2,Olympus E-PL2,A,1.66533453694e-16,3.98805638512e-16
shading,camera_rgb_raw,0.5,0.2,Olympus E-PL2,A,1.11022302463e-16,2.68755110996e-16
shading,camera_rgb_wb,0.5,0.2,Olympus E-PL2,A,1.11022302463e-16,2.48348494395e-16
shading,spectral_radiance,0.5,0.2,Olympus E-PL2,A,0.0,0.0
shading,cie_xyz,0.5,0.2,Olympus E-PL2,A,0.0,0.0
shading,camera_rgb_raw,0.5,0.2,Olympus E-PL2,A,0.0,0.0
shading,camera_rgb_wb,0.5,0.2,Olympus E-PL2,A,0.0,0.0
shading,spectral_radiance,0.5,0.2,Pentax K-5,A,0.0,0.0
shading,cie_xyz,0.5,0.2,Pentax K-5,A,0.0,0.0
shading,camera_rgb_raw,0.5,0.2,Pentax K-5,A,0.0,0.0
shading,camera_rgb_wb,0.5,0.2,Pentax K-5,A,0.0,0.0
shading,spectral_radiance,0.5,0.2,Pentax K-5,A,0.0,0.0
shading,cie_xyz,0.5,0.2,Pentax K-5,A,0.0,0.0
shading,camera_rgb_raw,0.5,0.2,Pentax K-5,A,0.0,0.0
shading,camera_rgb_wb,0.5,0.2,Pentax K-5,A,0.0,0.0
shading,spectral_radiance,0.5,0.2,Pentax K-5,A,1.73472347598e-18,1.3384388128e-16
shading,cie_xyz,0.5,0.2,Pentax K-5,A,1.66533453694e-16,3.98805638512e-16
shading,camera_rgb_raw,0.5,0.2,Pentax K-5,A,2.77555756156e-17,1.13946914197e-16
shading,camera_rgb_wb,0.5,0.2,Pentax K-5,A,5.55111512313e-17,1.28852799516e-16
shading,spectral_radiance,0.5,0.2,Pentax K-5,A,0.0,0.0
shading,cie_xyz,0.5,0.2,Pentax K-5,A,0.0,0.0
shading,camera_rgb_raw,0.5,0.2,Pentax K-5,A,0.0,0.0
shading,camera_rgb_wb,0.5,0.2,Pentax K-5,A,0.0,0.0
shading,spectral_radiance,0.5,0.2,Pentax Q,A,0.0,0.0
shading,cie_xyz,0.5,0.2,Pentax Q,A,0.0,0.0
shading,camera_rgb_raw,0.5,0.2,Pentax Q,A,0.0,0.0
shading,camera_rgb_wb,0.5,0.2,Pentax Q,A,0.0,0.0
shading,spectral_radiance,0.5,0.2,Pentax Q,A,0.0,0.0
shading,cie_xyz,0.5,0.2,Pentax Q,A,0.0,0.0
shading,camera_rgb_raw,0.5,0.2,Pentax Q,A,0.0,0.0
shading,camera_rgb_wb,0.5,0.2,Pentax Q,A,0.0,0.0
shading,spectral_radiance,0.5,0.2,Pentax Q,A,1.73472347598e-18,1.3384388128e-16
shading,cie_xyz,0.5,0.2,Pentax Q,A,1.66533453694e-16,3.98805638512e-16
shading,camera_rgb_raw,0.5,0.2,Pentax Q,A,5.55111512313e-17,1.28982419787e-16
shading,camera_rgb_wb,0.5,0.2,Pentax Q,A,2.77555756156e-17,6.25326271299e-17
shading,spectral_radiance,0.5,0.2,Pentax Q,A,0.0,0.0
shading,cie_xyz,0.5,0.2,Pentax Q,A,0.0,0.0
shading,camera_rgb_raw,0.5,0.2,Pentax Q,A,0.0,0.0
shading,camera_rgb_wb,0.5,0.2,Pentax Q,A,0.0,0.0
shading,spectral_radiance,0.5,0.2,Point Grey Grasshopper 50S5C,A,0.0,0.0
shading,cie_xyz,0.5,0.2,Point Grey Grasshopper 50S5C,A,0.0,0.0
shading,camera_rgb_raw,0.5,0.2,Point Grey Grasshopper 50S5C,A,0.0,0.0
shading,camera_rgb_wb,0.5,0.2,Point Grey Grasshopper 50S5C,A,0.0,0.0
shading,spectral_radiance,0.5,0.2,Point Grey Grasshopper 50S5C,A,0.0,0.0
shading,cie_xyz,0.5,0.2,Point Grey Grasshopper 50S5C,A,0.0,0.0
shading,camera_rgb_raw,0.5,0.2,Point Grey Grasshopper 50S5C,A,0.0,0.0
shading,camera_rgb_wb,0.5,0.2,Point Grey Grasshopper 50S5C,A,0.0,0.0
shading,spectral_radiance,0.5,0.2,Point Grey Grasshopper 50S5C,A,1.73472347598e-18,1.3384388128e-16
shading,cie_xyz,0.5,0.2,Point Grey Grasshopper 50S5C,A,1.66533453694e-16,3.98805638512e-16
shading,camera_rgb_raw,0.5,0.2,Point Grey Grasshopper 50S5C,A,2.77555756156e-17,7.2305097848e-17
shading,camera_rgb_wb,0.5,0.2,Point Grey Grasshopper 50S5C,A,5.55111512313e-17,1.0423074508e-16
shading,spectral_radiance,0.5,0.2,Point Grey Grasshopper 50S5C,A,0.0,0.0
shading,cie_xyz,0.5,0.2,Point Grey Grasshopper 50S5C,A,0.0,0.0
shading,camera_rgb_raw,0.5,0.2,Point Grey Grasshopper 50S5C,A,0.0,0.0
shading,camera_rgb_wb,0.5,0.2,Point Grey Grasshopper 50S5C,A,0.0,0.0
shading,spectral_radiance,0.5,0.2,Point Grey Grasshopper2 14S5C,A,0.0,0.0
shading,cie_xyz,0.5,0.2,Point Grey Grasshopper2 14S5C,A,0.0,0.0
shading,camera_rgb_raw,0.5,0.2,Point Grey Grasshopper2 14S5C,A,0.0,0.0
shading,camera_rgb_wb,0.5,0.2,Point Grey Grasshopper2 14S5C,A,0.0,0.0
shading,spectral_radiance,0.5,0.2,Point Grey Grasshopper2 14S5C,A,0.0,0.0
shading,cie_xyz,0.5,0.2,Point Grey Grasshopper2 14S5C,A,0.0,0.0
shading,camera_rgb_raw,0.5,0.2,Point Grey Grasshopper2 14S5C,A,0.0,0.0
shading,camera_rgb_wb,0.5,0.2,Point Grey Grasshopper2 14S5C,A,0.0,0.0
shading,spectral_radiance,0.5,0.2,Point Grey Grasshopper2 14S5C,A,1.73472347598e-18,1.3384388128e-16
shading,cie_xyz,0.5,0.2,Point Grey Grasshopper2 14S5C,A,1.66533453694e-16,3.98805638512e-16
shading,camera_rgb_raw,0.5,0.2,Point Grey Grasshopper2 14S5C,A,5.55111512313e-17,1.55993883988e-16
shading,camera_rgb_wb,0.5,0.2,Point Grey Grasshopper2 14S5C,A,5.55111512313e-17,1.15401318698e-16
shading,spectral_radiance,0.5,0.2,Point Grey Grasshopper2 14S5C,A,0.0,0.0
shading,cie_xyz,0.5,0.2,Point Grey Grasshopper2 14S5C,A,0.0,0.0
shading,camera_rgb_raw,0.5,0.2,Point Grey Grasshopper2 14S5C,A,0.0,0.0
shading,camera_rgb_wb,0.5,0.2,Point Grey Grasshopper2 14S5C,A,0.0,0.0
shading,spectral_radiance,0.5,0.2,Phase One,A,0.0,0.0
shading,cie_xyz,0.5,0.2,Phase One,A,0.0,0.0
shading,camera_rgb_raw,0.5,0.2,Phase One,A,0.0,0.0
shading,camera_rgb_wb,0.5,0.2,Phase One,A,0.0,0.0
shading,spectral_radiance,0.5,0.2,Phase One,A,0.0,0.0
shading,cie_xyz,0.5,0.2,Phase One,A,0.0,0.0
shading,camera_rgb_raw,0.5,0.2,Phase One,A,0.0,0.0
shading,camera_rgb_wb,0.5,0.2,Phase One,A,0.0,0.0
shading,spectral_radiance,0.5,0.2,Phase One,A,1.73472347598e-18,1.3384388128e-16
shading,cie_xyz,0.5,0.2,Phase One,A,1.66533453694e-16,3.98805638512e-16
shading,camera_rgb_raw,0.5,0.2,Phase One,A,2.77555756156e-17,1.20666240303e-16
shading,camera_rgb_wb,0.5,0.2,Phase One,A,5.55111512313e-17,1.48725499495e-16
shading,spectral_radiance,0.5,0.2,Phase One,A,0.0,0.0
shading,cie_xyz,0.5,0.2,Phase One,A,0.0,0.0
shading,camera_rgb_raw,0.5,0.2,Phase One,A,0.0,0.0
shading,camera_rgb_wb,0.5,0.2,Phase One,A,0.0,0.0
shading,spectral_radiance,0.5,0.2,SONY NEX-5N,A,0.0,0.0
shading,cie_xyz,0.5,0.2,SONY NEX-5N,A,0.0,0.0
shading,camera_rgb_raw,0.5,0.2,SONY NEX-5N,A,0.0,0.0
shading,camera_rgb_wb,0.5,0.2,SONY NEX-5N,A,0.0,0.0
shading,spectral_radiance,0.5,0.2,SONY NEX-5N,A,0.0,0.0
shading,cie_xyz,0.5,0.2,SONY NEX-5N,A,0.0,0.0
shading,camera_rgb_raw,0.5,0.2,SONY NEX-5N,A,0.0,0.0
shading,camera_rgb_wb,0.5,0.2,SONY NEX-5N,A,0.0,0.0
shading,spectral_radiance,0.5,0.2,SONY NEX-5N,A,1.73472347598e-18,1.3384388128e-16
shading,cie_xyz,0.5,0.2,SONY NEX-5N,A,1.66533453694e-16,3.98805638512e-16
shading,camera_rgb_raw,0.5,0.2,SONY NEX-5N,A,5.55111512313e-17,3.06802423572e-16
shading,camera_rgb_wb,0.5,0.2,SONY NEX-5N,A,5.55111512313e-17,1.34370976477e-16
shading,spectral_radiance,0.5,0.2,SONY NEX-5N,A,0.0,0.0
shading,cie_xyz,0.5,0.2,SONY NEX-5N,A,0.0,0.0
shading,camera_rgb_raw,0.5,0.2,SONY NEX-5N,A,0.0,0.0
shading,camera_rgb_wb,0.5,0.2,SONY NEX-5N,A,0.0,0.0
shading,spectral_radiance,0.5,0.2,Canon 1DMarkIII,FL2,0.0,0.0
shading,cie_xyz,0.5,0.2,Canon 1DMarkIII,FL2,0.0,0.0
shading,camera_rgb_raw,0.5,0.2,Canon 1DMarkIII,FL2,0.0,0.0
shading,camera_rgb_wb,0.5,0.2,Canon 1DMarkIII,FL2,0.0,0.0
shading,spectral_radiance,0.5,0.2,Canon 1DMarkIII,FL2,0.0,0.0
shading,cie_xyz,0.5,0.2,Canon 1DMarkIII,FL2,0.0,0.0
shading,camera_rgb_raw,0.5,0.2,Canon 1DMarkIII,FL2,0.0,0.0
shading,camera_rgb_wb,0.5,0.2,Canon 1DMarkIII,FL2,0.0,0.0
shading,spectral_radiance,0.5,0.2,Canon 1DMarkIII,FL2,8.67361737988e-19,1.85317423939e-16
shading,cie_xyz,0.5,0.2,Canon 1DMarkIII,FL2,5.55111512313e-17,1.82393874668e-16
shading,camera_rgb_raw,0.5,0.2,Canon 1DMarkIII,FL2,5.55111512313e-17,3.43971347827e-16
shading,camera_rgb_wb,0.5,0.2,Canon 1DMarkIII,FL2,5.55111512313e-17,1.54043303947e-16
shading,spectral_radiance,0.5,0.2,Canon 1DMarkIII,FL2,0.0,0.0
shading,cie_xyz,0.5,0.2,Canon 1DMarkIII,FL2,0.0,0.0
shading,camera_rgb_raw,0.5,0.2,Canon 1DMarkIII,FL2,0.0,0.0
shading,camera_rgb_wb,0.5,0.2,Canon 1DMarkIII,FL2,0.0,0.0
shading,spectral_radiance,0.5,0.2,Canon 20D,FL2,0.0,0.0
shading,cie_xyz,0.5,0.2,Canon 20D,FL2,0.0,0.0
shading,camera_rgb_raw,0.5,0.2,Canon 20D,FL2,0.0,0.0
shading,camera_rgb_wb,0.5,0.2,Canon 20D,FL2,0.0,0.0
shading,spectral_radiance,0.5,0.2,Canon 20D,FL2,0.0,0.0
shading,cie_xyz,0.5,0.2,Canon 20D,FL2,0.0,0.0
shading,camera_rgb_raw,0.5,0.2,Canon 20D,FL2,0.0,0.0
shading,camera_rgb_wb,0.5,0.2,Canon 20D,FL2,0.0,0.0
shading,spectral_radiance,0.5,0.2,Canon 20D,FL2,8.67361737988e-19,1.85317423939e-16
shading,cie_xyz,0.5,0.2,Canon 20D,FL2,5.55111512313e-17,1.82393874668e-16
shading,camera_rgb_raw,0.5,0.2,Canon 20D,FL2,8.32667268469e-17,4.85057339499e-16
shading,camera_rgb_wb,0.5,0.2,Canon 20D,FL2,8.32667268469e-17,2.32217236393e-16
shading,spectral_radiance,0.5,0.2,Canon 20D,FL2,0.0,0.0
shading,cie_xyz,0.5,0.2,Canon 20D,FL2,0.0,0.0
shading,camera_rgb_raw,0.5,0.2,Canon 20D,FL2,0.0,0.0
shading,camera_rgb_wb,0.5,0.2,Canon 20D,FL2,0.0,0.0
shading,spectral_radiance,0.5,0.2,Canon 300D,FL2,0.0,0.0
shading,cie_xyz,0.5,0.2,Canon 300D,FL2,0.0,0.0
shading,camera_rgb_raw,0.5,0.2,Canon 300D,FL2,0.0,0.0
shading,camera_rgb_wb,0.5,0.2,Canon 300D,FL2,0.0,0.0
shading,spectral_radiance,0.5,0.2,Canon 300D,FL2,0.0,0.0
shading,cie_xyz,0.5,0.2,Canon 300D,FL2,0.0,0.0
shading,camera_rgb_raw,0.5,0.2,Canon 300D,FL2,0.0,0.0
shading,camera_rgb_wb,0.5,0.2,Canon 300D,FL2,0.0,0.0
shading,spectral_radiance,0.5,0.2,Canon 300D,FL2,8.67361737988e-19,1.85317423939e-16
shading,cie_xyz,0.5,0.2,Canon 300D,FL2,5.55111512313e-17,1.82393874668e-16
shading,camera_rgb_raw,0.5,0.2,Canon 300D,FL2,2.77555756156e-17,1.61441354616e-16
shading,camera_rgb_wb,0.5,0.2,Canon 300D,FL2,1.11022302463e-16,3.05275292466e-16
shading,spectral_radiance,0.5,0.2,Canon 300D,FL2,0.0,0.0
shading,cie_xyz,0.5,0.2,Canon 300D,FL2,0.0,0.0
shading,camera_rgb_raw,0.5,0.2,Canon 300D,FL2,0.0,0.0
shading,camera_rgb_wb,0.5,0.2,Canon 300D,FL2,0.0,0.0
shading,spectral_radiance,0.5,0.2,Canon 40D,FL2,0.0,0.0
shading,cie_xyz,0.5,0.2,Canon 40D,FL2,0.0,0.0
shading,camera_rgb_raw,0.5,0.2,Canon 40D,FL2,0.0,0.0
shading,camera_rgb_wb,0.5,0.2,Canon 40D,FL2,0.0,0.0
shading,spectral_radiance,0.5,0.2,Canon 40D,FL2,0.0,0.0
shading,cie_xyz,0.5,0.2,Canon 40D,FL2,0.0,0.0
shading,camera_rgb_raw,0.5,0.2,Canon 40D,FL2,0.0,0.0
shading,camera_rgb_wb,0.5,0.2,Canon 40D,FL2,0.0,0.0
shading,spectral_radiance,0.5,0.2,Canon 40D,FL2,8.67361737988e-19,1.85317423939e-16
shading,cie_xyz,0.5,0.2,Canon 40D,FL2,5.55111512313e-17,1.82393874668e-16
shading,camera_rgb_raw,0.5,0.2,Canon 40D,FL2,2.77555756156e-17,1.54001213615e-16
shading,camera_rgb_wb,0.5,0.2,Canon 40D,FL2,5.55111512313e-17,1.54339285979e-16
shading,spectral_radiance,0.5,0.2,Canon 40D,FL2,0.0,0.0
shading,cie_xyz,0.5,0.2,Canon 40D,FL2,0.0,0.0
shading,camera_rgb_raw,0.5,0.2,Canon 40D,FL2,0.0,0.0
shading,camera_rgb_wb,0.5,0.2,Canon 40D,FL2,0.0,0.0
shading,spectral_radiance,0.5,0.2,Canon 500D,FL2,0.0,0.0
shading,cie_xyz,0.5,0.2,Canon 500D,FL2,0.0,0.0
shading,camera_rgb_raw,0.5,0.2,Canon 500D,FL2,0.0,0.0
shading,camera_rgb_wb,0.5,0.2,Canon 500D,FL2,0.0,0.0
shading,spectral_radiance,0.5,0.2,Canon 500D,FL2,0.0,0.0
shading,cie_xyz,0.5,0.2,Canon 500D,FL2,0.0,0.0
shading,camera_rgb_raw,0.5,0.2,Canon 500D,FL2,0.0,0.0
shading,camera_rgb_wb,0.5,0.2,Canon 500D,FL2,0.0,0.0
shading,spectral_radiance,0.5,0.2,Canon 500D,FL2,8.67361737988e-19,1.85317423939e-16
shading,cie_xyz,0.5,0.2,Canon 500D,FL2,5.55111512313e-17,1.82393874668e-16
shading,camera_rgb_raw,0.5,0.2,Canon 500D,FL2,2.77555756156e-17,1.37738171726e-16
shading,camera_rgb_wb,0.5,0.2,Canon 500D,FL2,1.11022302463e-16,3.36722048059e-16
shading,spectral_radiance,0.5,0.2,Canon 500D,FL2,0.0,0.0
shading,cie_xyz,0.5,0.2,Canon 500D,FL2,0.0,0.0
shading,camera_rgb_raw,0.5,0.2,Canon 500D,FL2,0.0,0.0
shading,camera_rgb_wb,0.5,0.2,Canon 500D,FL2,0.0,0.0
shading,spectral_radiance,0.5,0.2,Canon 50D,FL2,0.0,0.0
shading,cie_xyz,0.5,0.2,Canon 50D,FL2,0.0,0.0
shading,camera_rgb_raw,0.5,0.2,Canon 50D,FL2,0.0,0.0
shading,camera_rgb_wb,0.5,0.2,Canon 50D,FL2,0.0,0.0
shading,spectral_radiance,0.5,0.2,Canon 50D,FL2,0.0,0.0
shading,cie_xyz,0.5,0.2,Canon 50D,FL2,0.0,0.0
shading,camera_rgb_raw,0.5,0.2,Canon 50D,FL2,0.0,0.0
shading,camera_rgb_wb,0.5,0.2,Canon 50D,FL2,0.0,0.0
shading,spectral_radiance,0.5,0.2,Canon 50D,FL2,8.67361737988e-19,1.85317423939e-16
shading,cie_xyz,0.5,0.2,Canon 50D,FL2,5.55111512313e-17,1.82393874668e-16
shading,camera_rgb_raw,0.5,0.2,Canon 50D,FL2,1.38777878078e-17,6.85038262266e-17
shading,camera_rgb_wb,0.5,0.2,Canon 50D,FL2,1.38777878078e-17,4.1108988162e-17
shading,spectral_radiance,0.5,0.2,Canon 50D,FL2,0.0,0.0
shading,cie_xyz,0.5,0.2,Canon 50D,FL2,0.0,0.0
shading,camera_rgb_raw,0.5,0.2,Canon 50D,FL2,0.0,0.0
shading,camera_rgb_wb,0.5,0.2,Canon 50D,FL2,0.0,0.0
shading,spectral_radiance,0.5,0.2,Canon 5DMarkII,FL2,0.0,0.0
shading,cie_xyz,0.5,0.2,Canon 5DMarkII,FL2,0.0,0.0
shading,camera_rgb_raw,0.5,0.2,Canon 5DMarkII,FL2,0.0,0.0
shading,camera_rgb_wb,0.5,0.2,Canon 5DMarkII,FL2,0.0,0.0
shading,spectral_radiance,0.5,0.2,Canon 5DMarkII,FL2,0.0,0.0
shading,cie_xyz,0.5,0.2,Canon 5DMarkII,FL2,0.0,0.0
shading,camera_rgb_raw,0.5,0.2,Canon 5DMarkII,FL2,0.0,0.0
shading,camera_rgb_wb,0.5,0.2,Canon 5DMarkII,FL2,0.0,0.0
shading,spectral_radiance,0.5,0.2,Canon 5DMarkII,FL2,8.67361737988e-19,1.85317423939e-16
shading,cie_xyz,0.5,0.2,Canon 5DMarkII,FL2,5.55111512313e-17,1.82393874668e-16
shading,camera_rgb_raw,0.5,0.2,Canon 5DMarkII,FL2,8.32667268469e-17,4.6942322653e-16
shading,camera_rgb_wb,0.5,0.2,Canon 5DMarkII,FL2,1.11022302463e-16,3.20436730557e-16
shading,spectral_radiance,0.5,0.2,Canon 5DMarkII,FL2,0.0,0.0
shading,cie_xyz,0.5,0.2,Canon 5DMarkII,FL2,0.0,0.0
shading,camera_rgb_raw,0.5,0.2,Canon 5DMarkII,FL2,0.0,0.0
shading,camera_rgb_wb,0.5,0.2,Canon 5DMarkII,FL2,0.0,0.0
shading,spectral_radiance,0.5,0.2,Canon 600D,FL2,0.0,0.0
shading,cie_xyz,0.5,0.2,Canon 600D,FL2,0.0,0.0
shading,camera_rgb_raw,0.5,0.2,Canon 600D,FL2,0.0,0.0
shading,camera_rgb_wb,0.5,0.2,Canon 600D,FL2,0.0,0.0
shading,spectral_radiance,0.5,0.2,Canon 600D,FL2,0.0,0.0
shading,cie_xyz,0.5,0.2,Canon 600D,FL2,0.0,0.0
shading,camera_rgb_raw,0.5,0.2,Canon 600D,FL2,0.0,0.0
shading,camera_rgb_wb,0.5,0.2,Canon 600D,FL2,0.0,0.0
shading,spectral_radiance,0.5,0.2,Canon 600D,FL2,8.67361737988e-19,1.85317423939e-16
shading,cie_xyz,0.5,0.2,Canon 600D,FL2,5.55111512313e-17,1.82393874668e-16
shading,camera_rgb_raw,0.5,0.2,Canon 600D,FL2,2.77555756156e-17,1.45630001816e-16
shading,camera_rgb_wb,0.5,0.2,Canon 600D,FL2,2.77555756156e-17,7.93987605442e-17
shading,spectral_radiance,0.5,0.2,Canon 600D,FL2,0.0,0.0
shading,cie_xyz,0.5,0.2,Canon 600D,FL2,0.0,0.0
shading,camera_rgb_raw,0.5,0.2,Canon 600D,FL2,0.0,0.0
shading,camera_rgb_wb,0.5,0.2,Canon 600D,FL2,0.0,0.0
shading,spectral_radiance,0.5,0.2,Canon 60D,FL2,0.0,0.0
shading,cie_xyz,0.5,0.2,Canon 60D,FL2,0.0,0.0
shading,camera_rgb_raw,0.5,0.2,Canon 60D,FL2,0.0,0.0
shading,camera_rgb_wb,0.5,0.2,Canon 60D,FL2,0.0,0.0
shading,spectral_radiance,0.5,0.2,Canon 60D,FL2,0.0,0.0
shading,cie_xyz,0.5,0.2,Canon 60D,FL2,0.0,0.0
shading,camera_rgb_raw,0.5,0.2,Canon 60D,FL2,0.0,0.0
shading,camera_rgb_wb,0.5,0.2,Canon 60D,FL2,0.0,0.0
shading,spectral_radiance,0.5,0.2,Canon 60D,FL2,8.67361737988e-19,1.85317423939e-16
shading,cie_xyz,0.5,0.2,Canon 60D,FL2,5.55111512313e-17,1.82393874668e-16
shading,camera_rgb_raw,0.5,0.2,Canon 60D,FL2,5.55111512313e-17,2.89579779663e-16
shading,camera_rgb_wb,0.5,0.2,Canon 60D,FL2,2.77555756156e-17,7.92387093364e-17
shading,spectral_radiance,0.5,0.2,Canon 60D,FL2,0.0,0.0
shading,cie_xyz,0.5,0.2,Canon 60D,FL2,0.0,0.0
shading,camera_rgb_raw,0.5,0.2,Canon 60D,FL2,0.0,0.0
shading,camera_rgb_wb,0.5,0.2,Canon 60D,FL2,0.0,0.0
shading,spectral_radiance,0.5,0.2,Hasselblad H2,FL2,0.0,0.0
shading,cie_xyz,0.5,0.2,Hasselblad H2,FL2,0.0,0.0
shading,camera_rgb_raw,0.5,0.2,Hasselblad H2,FL2,0.0,0.0
shading,camera_rgb_wb,0.5,0.2,Hasselblad H2,FL2,0.0,0.0
shading,spectral_radiance,0.5,0.2,Hasselblad H2,FL2,0.0,0.0
shading,cie_xyz,0.5,0.2,Hasselblad H2,FL2,0.0,0.0
shading,camera_rgb_raw,0.5,0.2,Hasselblad H2,FL2,0.0,0.0
shading,camera_rgb_wb,0.5,0.2,Hasselblad H2,FL2,0.0,0.0
shading,spectral_radiance,0.5,0.2,Hasselblad H2,FL2,8.67361737988e-19,1.85317423939e-16
shading,cie_xyz,0.5,0.2,Hasselblad H2,FL2,5.55111512313e-17,1.82393874668e-16
shading,camera_rgb_raw,0.5,0.2,Hasselblad H2,FL2,2.77555756156e-17,1.73997556905e-16
shading,camera_rgb_wb,0.5,0.2,Hasselblad H2,FL2,5.55111512313e-17,1.44707779277e-16
shading,spectral_radiance,0.5,0.2,Hasselblad H2,FL2,0.0,0.0
shading,cie_xyz,0.5,0.2,Hasselblad H2,FL2,0.0,0.0
shading,camera_rgb_raw,0.5,0.2,Hasselblad H2,FL2,0.0,0.0
shading,camera_rgb_wb,0.5,0.2,Hasselblad H2,FL2,0.0,0.0
shading,spectral_radiance,0.5,0.2,Nikon D3X,FL2,0.0,0.0
shading,cie_xyz,0.5,0.2,Nikon D3X,FL2,0.0,0.0
shading,camera_rgb_raw,0.5,0.2,Nikon D3X,FL2,0.0,0.0
shading,camera_rgb_wb,0.5,0.2,Nikon D3X,FL2,0.0,0.0
shading,spectral_radiance,0.5,0.2,Nikon D3X,FL2,0.0,0.0
shading,cie_xyz,0.5,0.2,Nikon D3X,FL2,0.0,0.0
shading,camera_rgb_raw,0.5,0.2,Nikon D3X,FL2,0.0,0.0
shading,camera_rgb_wb,0.5,0.2,Nikon D3X,FL2,0.0,0.0
shading,spectral_radiance,0.5,0.2,Nikon D3X,FL2,8.67361737988e-19,1.85317423939e-16
shading,cie_xyz,0.5,0.2,Nikon D3X,FL2,5.55111512313e-17,1.82393874668e-16
shading,camera_rgb_raw,0.5,0.2,Nikon D3X,FL2,5.55111512313e-17,3.24704837528e-16
shading,camera_rgb_wb,0.5,0.2,Nikon D3X,FL2,1.11022302463e-16,2.99565987314e-16
shading,spectral_radiance,0.5,0.2,Nikon D3X,FL2,0.0,0.0
shading,cie_xyz,0.5,0.2,Nikon D3X,FL2,0.0,0.0
shading,camera_rgb_raw,0.5,0.2,Nikon D3X,FL2,0.0,0.0
shading,camera_rgb_wb,0.5,0.2,Nikon D3X,FL2,0.0,0.0
shading,spectral_radiance,0.5,0.2,Nikon D200,FL2,0.0,0.0
shading,cie_xyz,0.5,0.2,Nikon D200,FL2,0.0,0.0
shading,camera_rgb_raw,0.5,0.2,Nikon D200,FL2,0.0,0.0
shading,camera_rgb_wb,0.5,0.2,Nikon D200,FL2,0.0,0.0
shading,spectral_radiance,0.5,0.2,Nikon D200,FL2,0.0,0.0
shading,cie_xyz,0.5,0.2,Nikon D200,FL2,0.0,0.0
shading,camera_rgb_raw,0.5,0.2,Nikon D200,FL2,0.0,0.0
shading,camera_rgb_wb,0.5,0.2,Nikon D200,FL2,0.0,0.0
shading,spectral_radiance,0.5,0.2,Nikon D200,FL2,8.67361737988e-19,1.85317423939e-16
shading,cie_xyz,0.5,0.2,Nikon D200,FL2,5.55111512313e-17,1.82393874668e-16
shading,camera_rgb_raw,0.5,0.2,Nikon D200,FL2,2.77555756156e-17,1.69267490738e-16
shading,camera_rgb_wb,0.5,0.2,Nikon D200,FL2,5.55111512313e-17,1.50637146926e-16
shading,spectral_radiance,0.5,0.2,Nikon D200,FL2,0.0,0.0
shading,cie_xyz,0.5,0.2,Nikon D200,FL2,0.0,0.0
shading,camera_rgb_raw,0.5,0.2,Nikon D200,FL2,0.0,0.0
shading,camera_rgb_wb,0.5,0.2,Nikon D200,FL2,0.0,0.0
shading,spectral_radiance,0.5,0.2,Nikon D3,FL2,0.0,0.0
shading,cie_xyz,0.5,0.2,Nikon D3,FL2,0.0,0.0
shading,camera_rgb_raw,0.5,0.2,Nikon D3,FL2,0.0,0.0
shading,camera_rgb_wb,0.5,0.2,Nikon D3,FL2,0.0,0.0
shading,spectral_radiance,0.5,0.2,Nikon D3,FL2,0.0,0.0
shading,cie_xyz,0.5,0.2,Nikon D3,FL2,0.0,0.0
shading,camera_rgb_raw,0.5,0.2,Nikon D3,FL2,0.0,0.0
shading,camera_rgb_wb,0.5,0.2,Nikon D3,FL2,0.0,0.0
shading,spectral_radiance,0.5,0.2,Nikon D3,FL2,8.67361737988e-19,1.85317423939e-16
shading,cie_xyz,0.5,0.2,Nikon D3,FL2,5.55111512313e-17,1.82393874668e-16
shading,camera_rgb_raw,0.5,0.2,Nikon D3,FL2,2.77555756156e-17,1.77774495803e-16
shading,camera_rgb_wb,0.5,0.2,Nikon D3,FL2,5.55111512313e-17,1.51730179474e-16
shading,spectral_radiance,0.5,0.2,Nikon D3,FL2,0.0,0.0
shading,cie_xyz,0.5,0.2,Nikon D3,FL2,0.0,0.0
shading,camera_rgb_raw,0.5,0.2,Nikon D3,FL2,0.0,0.0
shading,camera_rgb_wb,0.5,0.2,Nikon D3,FL2,0.0,0.0
shading,spectral_radiance,0.5,0.2,Nikon D300s,FL2,0.0,0.0
shading,cie_xyz,0.5,0.2,Nikon D300s,FL2,0.0,0.0
shading,camera_rgb_raw,0.5,0.2,Nikon D300s,FL2,0.0,0.0
shading,camera_rgb_wb,0.5,0.2,Nikon D300s,FL2,0.0,0.0
shading,spectral_radiance,0.5,0.2,Nikon D300s,FL2,0.0,0.0
shading,cie_xyz,0.5,0.2,Nikon D300s,FL2,0.0,0.0
shading,camera_rgb_raw,0.5,0.2,Nikon D300s,FL2,0.0,0.0
shading,camera_rgb_wb,0.5,0.2,Nikon D300s,FL2,0.0,0.0
shading,spectral_radiance,0.5,0.2,Nikon D300s,FL2,8.67361737988e-19,1.85317423939e-16
shading,cie_xyz,0.5,0.2,Nikon D300s,FL2,5.55111512313e-17,1.82393874668e-16
shading,camera_rgb_raw,0.5,0.2,Nikon D300s,FL2,2.77555756156e-17,1.50436550905e-16
shading,camera_rgb_wb,0.5,0.2,Nikon D300s,FL2,5.55111512313e-17,1.54376352268e-16
shading,spectral_radiance,0.5,0.2,Nikon D300s,FL2,0.0,0.0
shading,cie_xyz,0.5,0.2,Nikon D300s,FL2,0.0,0.0
shading,camera_rgb_raw,0.5,0.2,Nikon D300s,FL2,0.0,0.0
shading,camera_rgb_wb,0.5,0.2,Nikon D300s,FL2,0.0,0.0
shading,spectral_radiance,0.5,0.2,Nikon D40,FL2,0.0,0.0
shading,cie_xyz,0.5,0.2,Nikon D40,FL2,0.0,0.0
shading,camera_rgb_raw,0.5,0.2,Nikon D40,FL2,0.0,0.0
shading,camera_rgb_wb,0.5,0.2,Nikon D40,FL2,0.0,0.0
shading,spectral_radiance,0.5,0.2,Nikon D40,FL2,0.0,0.0
shading,cie_xyz,0.5,0.2,Nikon D40,FL2,0.0,0.0
shading,camera_rgb_raw,0.5,0.2,Nikon D40,FL2,0.0,0.0
shading,camera_rgb_wb,0.5,0.2,Nikon D40,FL2,0.0,0.0
shading,spectral_radiance,0.5,0.2,Nikon D40,FL2,8.67361737988e-19,1.85317423939e-16
shading,cie_xyz,0.5,0.2,Nikon D40,FL2,5.55111512313e-17,1.82393874668e-16
shading,camera_rgb_raw,0.5,0.2,Nikon D40,FL2,2.77555756156e-17,1.86110255382e-16
shading,camera_rgb_wb,0.5,0.2,Nikon D40,FL2,1.11022302463e-16,3.0711942987e-16
shading,spectral_radiance,0.5,0.2,Nikon D40,FL2,0.0,0.0
shading,cie_xyz,0.5,0.2,Nikon D40,FL2,0.0,0.0
shading,camera_rgb_raw,0.5,0.2,Nikon D40,FL2,0.0,0.0
shading,camera_rgb_wb,0.5,0.2,Nikon D40,FL2,0.0,0.0
shading,spectral_radiance,0.5,0.2,Nikon D50,FL2,0.0,0.0
shading,cie_xyz,0.5,0.2,Nikon D50,FL2,0.0,0.0
shading,camera_rgb_raw,0.5,0.2,Nikon D50,FL2,0.0,0.0
shading,camera_rgb_wb,0.5,0.2,Nikon D50,FL2,0.0,0.0
shading,spectral_radiance,0.5,0.2,Nikon D50,FL2,0.0,0.0
shading,cie_xyz,0.5,0.2,Nikon D50,FL2,0.0,0.0
shading,camera_rgb_raw,0.5,0.2,Nikon D50,FL2,0.0,0.0
shading,camera_rgb_wb,0.5,0.2,Nikon D50,FL2,0.0,0.0
shading,spectral_radiance,0.5,0.2,Nikon D50,FL2,8.67361737988e-19,1.85317423939e-16
shading,cie_xyz,0.5,0.2,Nikon D50,FL2,5.55111512313e-17,1.82393874668e-16
shading,camera_rgb_raw,0.5,0.2,Nikon D50,FL2,5.55111512313e-17,3.5793194952e-16
shading,camera_rgb_wb,0.5,0.2,Nikon D50,FL2,1.11022302463e-16,3.00129377777e-16
shading,spectral_radiance,0.5,0.2,Nikon D50,FL2,0.0,0.0
shading,cie_xyz,0.5,0.2,Nikon D50,FL2,0.0,0.0
shading,camera_rgb_raw,0.5,0.2,Nikon D50,FL2,0.0,0.0
shading,camera_rgb_wb,0.5,0.2,Nikon D50,FL2,0.0,0.0
shading,spectral_radiance,0.5,0.2,Nikon D5100,FL2,0.0,0.0
shading,cie_xyz,0.5,0.2,Nikon D5100,FL2,0.0,0.0
shading,camera_rgb_raw,0.5,0.2,Nikon D5100,FL2,0.0,0.0
shading,camera_rgb_wb,0.5,0.2,Nikon D5100,FL2,0.0,0.0
shading,spectral_radiance,0.5,0.2,Nikon D5100,FL2,0.0,0.0
shading,cie_xyz,0.5,0.2,Nikon D5100,FL2,0.0,0.0
shading,camera_rgb_raw,0.5,0.2,Nikon D5100,FL2,0.0,0.0
shading,camera_rgb_wb,0.5,0.2,Nikon D5100,FL2,0.0,0.0
shading,spectral_radiance,0.5,0.2,Nikon D5100,FL2,8.67361737988e-19,1.85317423939e-16
shading,cie_xyz,0.5,0.2,Nikon D5100,FL2,5.55111512313e-17,1.82393874668e-16
shading,camera_rgb_raw,0.5,0.2,Nikon D5100,FL2,2.77555756156e-17,1.71646879001e-16
shading,camera_rgb_wb,0.5,0.2,Nikon D5100,FL2,5.55111512313e-17,1.54555772284e-16
shading,spectral_radiance,0.5,0.2,Nikon D5100,FL2,0.0,0.0
shading,cie_xyz,0.5,0.2,Nikon D5100,FL2,0.0,0.0
shading,camera_rgb_raw,0.5,0.2,Nikon D5100,FL2,0.0,0.0
shading,camera_rgb_wb,0.5,0.2,Nikon D5100,FL2,0.0,0.0
shading,spectral_radiance,0.5,0.2,Nikon D700,FL2,0.0,0.0
shading,cie_xyz,0.5,0.2,Nikon D700,FL2,0.0,0.0
shading,camera_rgb_raw,0.5,0.2,Nikon D700,FL2,0.0,0.0
shading,camera_rgb_wb,0.5,0.2,Nikon D700,FL2,0.0,0.0
shading,spectral_radiance,0.5,0.2,Nikon D700,FL2,0.0,0.0
shading,cie_xyz,0.5,0.2,Nikon D700,FL2,0.0,0.0
shading,camera_rgb_raw,0.5,0.2,Nikon D700,FL2,0.0,0.0
shading,camera_rgb_wb,0.5,0.2,Nikon D700,FL2,0.0,0.0
shading,spectral_radiance,0.5,0.2,Nikon D700,FL2,8.67361737988e-19,1.85317423939e-16
shading,cie_xyz,0.5,0.2,Nikon D700,FL2,5.55111512313e-17,1.82393874668e-16
shading,camera_rgb_raw,0.5,0.2,Nikon D700,FL2,2.77555756156e-17,1.70018435284e-16
shading,camera_rgb_wb,0.5,0.2,Nikon D700,FL2,1.11022302463e-16,3.03052803052e-16
shading,spectral_radiance,0.5,0.2,Nikon D700,FL2,0.0,0.0
shading,cie_xyz,0.5,0.2,Nikon D700,FL2,0.0,0.0
shading,camera_rgb_raw,0.5,0.2,Nikon D700,FL2,0.0,0.0
shading,camera_rgb_wb,0.5,0.2,Nikon D700,FL2,0.0,0.0
shading,spectral_radiance,0.5,0.2,Nikon D80,FL2,0.0,0.0
shading,cie_xyz,0.5,0.2,Nikon D80,FL2,0.0,0.0
shading,camera_rgb_raw,0.5,0.2,Nikon D80,FL2,0.0,0.0
shading,camera_rgb_wb,0.5,0.2,Nikon D80,FL2,0.0,0.0
shading,spectral_radiance,0.5,0.2,Nikon D80,FL2,0.0,0.0
shading,cie_xyz,0.5,0.2,Nikon D80,FL2,0.0,0.0
shading,camera_rgb_raw,0.5,0.2,Nikon D80,FL2,0.0,0.0
shading,camera_rgb_wb,0.5,0.2,Nikon D80,FL2,0.0,0.0
shading,spectral_radiance,0.5,0.2,Nikon D80,FL2,8.67361737988e-19,1.85317423939e-16
shading,cie_xyz,0.5,0.2,Nikon D80,FL2,5.55111512313e-17,1.82393874668e-16
shading,camera_rgb_raw,0.5,0.2,Nikon D80,FL2,2.77555756156e-17,1.87090438351e-16
shading,camera_rgb_wb,0.5,0.2,Nikon D80,FL2,5.55111512313e-17,1.5051809677e-16
shading,spectral_radiance,0.5,0.2,Nikon D80,FL2,0.0,0.0
shading,cie_xyz,0.5,0.2,Nikon D80,FL2,0.0,0.0
shading,camera_rgb_raw,0.5,0.2,Nikon D80,FL2,0.0,0.0
shading,camera_rgb_wb,0.5,0.2,Nikon D80,FL2,0.0,0.0
shading,spectral_radiance,0.5,0.2,Nikon D90,FL2,0.0,0.0
shading,cie_xyz,0.5,0.2,Nikon D90,FL2,0.0,0.0
shading,camera_rgb_raw,0.5,0.2,Nikon D90,FL2,0.0,0.0
shading,camera_rgb_wb,0.5,0.2,Nikon D90,FL2,0.0,0.0
shading,spectral_radiance,0.5,0.2,Nikon D90,FL2,0.0,0.0
shading,cie_xyz,0.5,0.2,Nikon D90,FL2,0.0,0.0
shading,camera_rgb_raw,0.5,0.2,Nikon D90,FL2,0.0,0.0
shading,camera_rgb_wb,0.5,0.2,Nikon D90,FL2,0.0,0.0
shading,spectral_radiance,0.5,0.2,Nikon D90,FL2,8.67361737988e-19,1.85317423939e-16
shading,cie_xyz,0.5,0.2,Nikon D90,FL2,5.55111512313e-17,1.82393874668e-16
shading,camera_rgb_raw,0.5,0.2,Nikon D90,FL2,5.55111512313e-17,3.68572894365e-16
shading,camera_rgb_wb,0.5,0.2,Nikon D90,FL2,8.32667268469e-17,2.31392539663e-16
shading,spectral_radiance,0.5,0.2,Nikon D90,FL2,0.0,0.0
shading,cie_xyz,0.5,0.2,Nikon D90,FL2,0.0,0.0
shading,camera_rgb_raw,0.5,0.2,Nikon D90,FL2,0.0,0.0
shading,camera_rgb_wb,0.5,0.2,Nikon D90,FL2,0.0,0.0
shading,spectral_radiance,0.5,0.2,Nokia N900,FL2,0.0,0.0
shading,cie_xyz,0.5,0.2,Nokia N900,FL2,0.0,0.0
shading,camera_rgb_raw,0.5,0.2,Nokia N900,FL2,0.0,0.0
shading,camera_rgb_wb,0.5,0.2,Nokia N900,FL2,0.0,0.0
shading,spectral_radiance,0.5,0.2,Nokia N900,FL2,0.0,0.0
shading,cie_xyz,0.5,0.2,Nokia N900,FL2,0.0,0.0
shading,camera_rgb_raw,0.5,0.2,Nokia N900,FL2,0.0,0.0
shading,camera_rgb_wb,0.5,0.2,Nokia N900,FL2,0.0,0.0
shading,spectral_radiance,0.5,0.2,Nokia N900,FL2,8.67361737988e-19,1.85317423939e-16
shading,cie_xyz,0.5,0.2,Nokia N900,FL2,5.55111512313e-17,1.82393874668e-16
shading,camera_rgb_raw,0.5,0.2,Nokia N900,FL2,8.32667268469e-17,3.45027468074e-16
shading,camera_rgb_wb,0.5,0.2,Nokia N900,FL2,1.66533453694e-16,4.36271828326e-16
shading,spectral_radiance,0.5,0.2,Nokia N900,FL2,0.0,0.0
shading,cie_xyz,0.5,0.2,Nokia N900,FL2,0.0,0.0
shading,camera_rgb_raw,0.5,0.2,Nokia N900,FL2,0.0,0.0
shading,camera_rgb_wb,0.5,0.2,Nokia N900,FL2,0.0,0.0
shading,spectral_radiance,0.5,0.2,Olympus E-PL2,FL2,0.0,0.0
shading,cie_xyz,0.5,0.2,Olympus E-PL2,FL2,0.0,0.0
shading,camera_rgb_raw,0.5,0.2,Olympus E-PL2,FL2,0.0,0.0
shading,camera_rgb_wb,0.5,0.2,Olympus E-PL2,FL2,0.0,0.0
shading,spectral_radiance,0.5,0.2,Olympus E-PL2,FL2,0.0,0.0
shading,cie_xyz,0.5,0.2,Olympus E-PL2,FL2,0.0,0.0
shading,camera_rgb_raw,0.5,0.2,Olympus E-PL2,FL2,0.0,0.0
shading,camera_rgb_wb,0.5,0.2,Olympus E-PL2,FL2,0.0,0.0
shading,spectral_radiance,0.5,0.2,Olympus E-PL2,FL2,8.67361737988e-19,1.85317423939e-16
shading,cie_xyz,0.5,0.2,Olympus E-PL2,FL2,5.55111512313e-17,1.82393874668e-16
shading,camera_rgb_raw,0.5,0.2,Olympus E-PL2,FL2,5.55111512313e-17,2.23040090944e-16
shading,camera_rgb_wb,0.5,0.2,Olympus E-PL2,FL2,1.11022302463e-16,2.79397819858e-16
shading,spectral_radiance,0.5,0.2,Olympus E-PL2,FL2,0.0,0.0
shading,cie_xyz,0.5,0.2,Olympus E-PL2,FL2,0.0,0.0
shading,camera_rgb_raw,0.5,0.2,Olympus E-PL2,FL2,0.0,0.0
shading,camera_rgb_wb,0.5,0.2,Olympus E-PL2,FL2,0.0,0.0
shading,spectral_radiance,0.5,0.2,Pentax K-5,FL2,0.0,0.0
shading,cie_xyz,0.5,0.2,Pentax K-5,FL2,0.0,0.0
shading,camera_rgb_raw,0.5,0.2,Pentax K-5,FL2,0.0,0.0
shading,camera_rgb_wb,0.5,0.2,Pentax K-5,FL2,0.0,0.0
shading,spectral_radiance,0.5,0.2,Pentax K-5,FL2,0.0,0.0
shading,cie_xyz,0.5,0.2,Pentax K-5,FL2,0.0,0.0
shading,camera_rgb_raw,0.5,0.2,Pentax K-5,FL2,0.0,0.0
shading,camera_rgb_wb,0.5,0.2,Pentax K-5,FL2,0.0,0.0
shading,spectral_radiance,0.5,0.2,Pentax K-5,FL2,8.67361737988e-19,1.85317423939e-16
shading,cie_xyz,0.5,0.2,Pentax K-5,FL2,5.55111512313e-17,1.82393874668e-16
shading,camera_rgb_raw,0.5,0.2,Pentax K-5,FL2,8.32667268469e-17,4.93606600062e-16
shading,camera_rgb_wb,0.5,0.2,Pentax K-5,FL2,1.11022302463e-16,3.06575897665e-16
shading,spectral_radiance,0.5,0.2,Pentax K-5,FL2,0.0,0.0
shading,cie_xyz,0.5,0.2,Pentax K-5,FL2,0.0,0.0
shading,camera_rgb_raw,0.5,0.2,Pentax K-5,FL2,0.0,0.0
shading,camera_rgb_wb,0.5,0.2,Pentax K-5,FL2,0.0,0.0
shading,spectral_radiance,0.5,0.2,Pentax Q,FL2,0.0,0.0
shading,cie_xyz,0.5,0.2,Pentax Q,FL2,0.0,0.0
shading,camera_rgb_raw,0.5,0.2,Pentax Q,FL2,0.0,0.0
shading,camera_rgb_wb,0.5,0.2,Pentax Q,FL2,0.0,0.0
shading,spectral_radiance,0.5,0.2,Pentax Q,FL2,0.0,0.0
shading,cie_xyz,0.5,0.2,Pentax Q,FL2,0.0,0.0
shading,camera_rgb_raw,0.5,0.2,Pentax Q,FL2,0.0,0.0
shading,camera_rgb_wb,0.5,0.2,Pentax Q,FL2,0.0,0.0
shading,spectral_radiance,0.5,0.2,Pentax Q,FL2,8.67361737988e-19,1.85317423939e-16
shading,cie_xyz,0.5,0.2,Pentax Q,FL2,5.55111512313e-17,1.82393874668e-16
shading,camera_rgb_raw,0.5,0.2,Pentax Q,FL2,3.46944695195e-17,1.427672668e-16
shading,camera_rgb_wb,0.5,0.2,Pentax Q,FL2,5.55111512313e-17,1.46300849665e-16
shading,spectral_radiance,0.5,0.2,Pentax Q,FL2,0.0,0.0
shading,cie_xyz,0.5,0.2,Pentax Q,FL2,0.0,0.0
shading,camera_rgb_raw,0.5,0.2,Pentax Q,FL2,0.0,0.0
shading,camera_rgb_wb,0.5,0.2,Pentax Q,FL2,0.0,0.0
shading,spectral_radiance,0.5,0.2,Point Grey Grasshopper 50S5C,FL2,0.0,0.0
shading,cie_xyz,0.5,0.2,Point Grey Grasshopper 50S5C,FL2,0.0,0.0
shading,camera_rgb_raw,0.5,0.2,Point Grey Grasshopper 50S5C,FL2,0.0,0.0
shading,camera_rgb_wb,0.5,0.2,Point Grey Grasshopper 50S5C,FL2,0.0,0.0
shading,spectral_radiance,0.5,0.2,Point Grey Grasshopper 50S5C,FL2,0.0,0.0
shading,cie_xyz,0.5,0.2,Point Grey Grasshopper 50S5C,FL2,0.0,0.0
shading,camera_rgb_raw,0.5,0.2,Point Grey Grasshopper 50S5C,FL2,0.0,0.0
shading,camera_rgb_wb,0.5,0.2,Point Grey Grasshopper 50S5C,FL2,0.0,0.0
shading,spectral_radiance,0.5,0.2,Point Grey Grasshopper 50S5C,FL2,8.67361737988e-19,1.85317423939e-16
shading,cie_xyz,0.5,0.2,Point Grey Grasshopper 50S5C,FL2,5.55111512313e-17,1.82393874668e-16
shading,camera_rgb_raw,0.5,0.2,Point Grey Grasshopper 50S5C,FL2,1.38777878078e-17,1.1224696316e-16
shading,camera_rgb_wb,0.5,0.2,Point Grey Grasshopper 50S5C,FL2,5.55111512313e-17,1.23441229207e-16
shading,spectral_radiance,0.5,0.2,Point Grey Grasshopper 50S5C,FL2,0.0,0.0
shading,cie_xyz,0.5,0.2,Point Grey Grasshopper 50S5C,FL2,0.0,0.0
shading,camera_rgb_raw,0.5,0.2,Point Grey Grasshopper 50S5C,FL2,0.0,0.0
shading,camera_rgb_wb,0.5,0.2,Point Grey Grasshopper 50S5C,FL2,0.0,0.0
shading,spectral_radiance,0.5,0.2,Point Grey Grasshopper2 14S5C,FL2,0.0,0.0
shading,cie_xyz,0.5,0.2,Point Grey Grasshopper2 14S5C,FL2,0.0,0.0
shading,camera_rgb_raw,0.5,0.2,Point Grey Grasshopper2 14S5C,FL2,0.0,0.0
shading,camera_rgb_wb,0.5,0.2,Point Grey Grasshopper2 14S5C,FL2,0.0,0.0
shading,spectral_radiance,0.5,0.2,Point Grey Grasshopper2 14S5C,FL2,0.0,0.0
shading,cie_xyz,0.5,0.2,Point Grey Grasshopper2 14S5C,FL2,0.0,0.0
shading,camera_rgb_raw,0.5,0.2,Point Grey Grasshopper2 14S5C,FL2,0.0,0.0
shading,camera_rgb_wb,0.5,0.2,Point Grey Grasshopper2 14S5C,FL2,0.0,0.0
shading,spectral_radiance,0.5,0.2,Point Grey Grasshopper2 14S5C,FL2,8.67361737988e-19,1.85317423939e-16
shading,cie_xyz,0.5,0.2,Point Grey Grasshopper2 14S5C,FL2,5.55111512313e-17,1.82393874668e-16
shading,camera_rgb_raw,0.5,0.2,Point Grey Grasshopper2 14S5C,FL2,5.55111512313e-17,3.37637607399e-16
shading,camera_rgb_wb,0.5,0.2,Point Grey Grasshopper2 14S5C,FL2,8.32667268469e-17,2.03611629874e-16
shading,spectral_radiance,0.5,0.2,Point Grey Grasshopper2 14S5C,FL2,0.0,0.0
shading,cie_xyz,0.5,0.2,Point Grey Grasshopper2 14S5C,FL2,0.0,0.0
shading,camera_rgb_raw,0.5,0.2,Point Grey Grasshopper2 14S5C,FL2,0.0,0.0
shading,camera_rgb_wb,0.5,0.2,Point Grey Grasshopper2 14S5C,FL2,0.0,0.0
shading,spectral_radiance,0.5,0.2,Phase One,FL2,0.0,0.0
shading,cie_xyz,0.5,0.2,Phase One,FL2,0.0,0.0
shading,camera_rgb_raw,0.5,0.2,Phase One,FL2,0.0,0.0
shading,camera_rgb_wb,0.5,0.2,Phase One,FL2,0.0,0.0
shading,spectral_radiance,0.5,0.2,Phase One,FL2,0.0,0.0
shading,cie_xyz,0.5,0.2,Phase One,FL2,0.0,0.0
shading,camera_rgb_raw,0.5,0.2,Phase One,FL2,0.0,0.0
shading,camera_rgb_wb,0.5,0.2,Phase One,FL2,0.0,0.0
shading,spectral_radiance,0.5,0.2,Phase One,FL2,8.67361737988e-19,1.85317423939e-16
shading,cie_xyz,0.5,0.2,Phase One,FL2,5.55111512313e-17,1.82393874668e-16
shading,camera_rgb_raw,0.5,0.2,Phase One,FL2,5.55111512313e-17,3.03771265622e-16
shading,camera_rgb_wb,0.5,0.2,Phase One,FL2,5.55111512313e-17,1.7273046354e-16
shading,spectral_radiance,0.5,0.2,Phase One,FL2,0.0,0.0
shading,cie_xyz,0.5,0.2,Phase One,FL2,0.0,0.0
shading,camera_rgb_raw,0.5,0.2,Phase One,FL2,0.0,0.0
shading,camera_rgb_wb,0.5,0.2,Phase One,FL2,0.0,0.0
shading,spectral_radiance,0.5,0.2,SONY NEX-5N,FL2,0.0,0.0
shading,cie_xyz,0.5,0.2,SONY NEX-5N,FL2,0.0,0.0
shading,camera_rgb_raw,0.5,0.2,SONY NEX-5N,FL2,0.0,0.0
shading,camera_rgb_wb,0.5,0.2,SONY NEX-5N,FL2,0.0,0.0
shading,spectral_radiance,0.5,0.2,SONY NEX-5N,FL2,0.0,0.0
shading,cie_xyz,0.5,0.2,SONY NEX-5N,FL2,0.0,0.0
shading,camera_rgb_raw,0.5,0.2,SONY NEX-5N,FL2,0.0,0.0
shading,camera_rgb_wb,0.5,0.2,SONY NEX-5N,FL2,0.0,0.0
shading,spectral_radiance,0.5,0.2,SONY NEX-5N,FL2,8.67361737988e-19,1.85317423939e-16
shading,cie_xyz,0.5,0.2,SONY NEX-5N,FL2,5.55111512313e-17,1.82393874668e-16
shading,camera_rgb_raw,0.5,0.2,SONY NEX-5N,FL2,5.55111512313e-17,3.52654128403e-16
shading,camera_rgb_wb,0.5,0.2,SONY NEX-5N,FL2,1.11022302463e-16,3.1860678393e-16
shading,spectral_radiance,0.5,0.2,SONY NEX-5N,FL2,0.0,0.0
shading,cie_xyz,0.5,0.2,SONY NEX-5N,FL2,0.0,0.0
shading,camera_rgb_raw,0.5,0.2,SONY NEX-5N,FL2,0.0,0.0
shading,camera_rgb_wb,0.5,0.2,SONY NEX-5N,FL2,0.0,0.0
shading,spectral_radiance,0.5,0.2,Canon 1DMarkIII,FL11,0.0,0.0
shading,cie_xyz,0.5,0.2,Canon 1DMarkIII,FL11,0.0,0.0
shading,camera_rgb_raw,0.5,0.2,Canon 1DMarkIII,FL11,0.0,0.0
shading,camera_rgb_wb,0.5,0.2,Canon 1DMarkIII,FL11,0.0,0.0
shading,spectral_radiance,0.5,0.2,Canon 1DMarkIII,FL11,0.0,0.0
shading,cie_xyz,0.5,0.2,Canon 1DMarkIII,FL11,0.0,0.0
shading,camera_rgb_raw,0.5,0.2,Canon 1DMarkIII,FL11,0.0,0.0
shading,camera_rgb_wb,0.5,0.2,Canon 1DMarkIII,FL11,0.0,0.0
shading,spectral_radiance,0.5,0.2,Canon 1DMarkIII,FL11,1.73472347598e-18,1.01287842864e-16
shading,cie_xyz,0.5,0.2,Canon 1DMarkIII,FL11,5.55111512313e-17,1.62070666861e-16
shading,camera_rgb_raw,0.5,0.2,Canon 1DMarkIII,FL11,5.55111512313e-17,3.43634191411e-16
shading,camera_rgb_wb,0.5,0.2,Canon 1DMarkIII,FL11,5.55111512313e-17,1.41258523525e-16
shading,spectral_radiance,0.5,0.2,Canon 1DMarkIII,FL11,0.0,0.0
shading,cie_xyz,0.5,0.2,Canon 1DMarkIII,FL11,0.0,0.0
shading,camera_rgb_raw,0.5,0.2,Canon 1DMarkIII,FL11,0.0,0.0
shading,camera_rgb_wb,0.5,0.2,Canon 1DMarkIII,FL11,0.0,0.0
shading,spectral_radiance,0.5,0.2,Canon 20D,FL11,0.0,0.0
shading,cie_xyz,0.5,0.2,Canon 20D,FL11,0.0,0.0
shading,camera_rgb_raw,0.5,0.2,Canon 20D,FL11,0.0,0.0
shading,camera_rgb_wb,0.5,0.2,Canon 20D,FL11,0.0,0.0
shading,spectral_radiance,0.5,0.2,Canon 20D,FL11,0.0,0.0
shading,cie_xyz,0.5,0.2,Canon 20D,FL11,0.0,0.0
shading,camera_rgb_raw,0.5,0.2,Canon 20D,FL11,0.0,0.0
shading,camera_rgb_wb,0.5,0.2,Canon 20D,FL11,0.0,0.0
shading,spectral_radiance,0.5,0.2,Canon 20D,FL11,1.73472347598e-18,1.01287842864e-16
shading,cie_xyz,0.5,0.2,Canon 20D,FL11,5.55111512313e-17,1.62070666861e-16
shading,camera_rgb_raw,0.5,0.2,Canon 20D,FL11,5.55111512313e-17,3.08130812444e-16
shading,camera_rgb_wb,0.5,0.2,Canon 20D,FL11,5.55111512313e-17,1.41542934213e-16
shading,spectral_radiance,0.5,0.2,Canon 20D,FL11,0.0,0.0
shading,cie_xyz,0.5,0.2,Canon 20D,FL11,0.0,0.0
shading,camera_rgb_raw,0.5,0.2,Canon 20D,FL11,0.0,0.0
shading,camera_rgb_wb,0.5,0.2,Canon 20D,FL11,0.0,0.0
shading,spectral_radiance,0.5,0.2,Canon 300D,FL11,0.0,0.0
shading,cie_xyz,0.5,0.2,Canon 300D,FL11,0.0,0.0
shading,camera_rgb_raw,0.5,0.2,Canon 300D,FL11,0.0,0.0
shading,camera_rgb_wb,0.5,0.2,Canon 300D,FL11,0.0,0.0
shading,spectral_radiance,0.5,0.2,Canon 300D,FL11,0.0,0.0
shading,cie_xyz,0.5,0.2,Canon 300D,FL11,0.0,0.0
shading,camera_rgb_raw,0.5,0.2,Canon 300D,FL11,0.0,0.0
shading,camera_rgb_wb,0.5,0.2,Canon 300D,FL11,0.0,0.0
shading,spectral_radiance,0.5,0.2,Canon 300D,FL11,1.73472347598e-18,1.01287842864e-16
shading,cie_xyz,0.5,0.2,Canon 300D,FL11,5.55111512313e-17,1.62070666861e-16
shading,camera_rgb_raw,0.5,0.2,Canon 300D,FL11,8.32667268469e-17,4.40240171462e-16
shading,camera_rgb_wb,0.5,0.2,Canon 300D,FL11,8.32667268469e-17,2.00267862647e-16
shading,spectral_radiance,0.5,0.2,Canon 300D,FL11,0.0,0.0
shading,cie_xyz,0.5,0.2,Canon 300D,FL11,0.0,0.0
shading,camera_rgb_raw,0.5,0.2,Canon 300D,FL11,0.0,0.0
shading,camera_rgb_wb,0.5,0.2,Canon 300D,FL11,0.0,0.0
shading,spectral_radiance,0.5,0.2,Canon 40D,FL11,0.0,0.0
shading,cie_xyz,0.5,0.2,Canon 40D,FL11,0.0,0.0
shading,camera_rgb_raw,0.5,0.2,Canon 40D,FL11,0.0,0.0
shading,camera_rgb_wb,0.5,0.2,Canon 40D,FL11,0.0,0.0
shading,spectral_radiance,0.5,0.2,Canon 40D,FL11,0.0,0.0
shading,cie_xyz,0.5,0.2,Canon 40D,FL11,0.0,0.0
shading,camera_rgb_raw,0.5,0.2,Canon 40D,FL11,0.0,0.0
shading,camera_rgb_wb,0.5,0.2,Canon 40D,FL11,0.0,0.0
shading,spectral_radiance,0.5,0.2,Canon 40D,FL11,1.73472347598e-18,1.01287842864e-16
shading,cie_xyz,0.5,0.2,Canon 40D,FL11,5.55111512313e-17,1.62070666861e-16
shading,camera_rgb_raw,0.5,0.2,Canon 40D,FL11,2.77555756156e-17,1.64576500822e-16
shading,camera_rgb_wb,0.5,0.2,Canon 40D,FL11,0.0,0.0
shading,spectral_radiance,0.5,0.2,Canon 40D,FL11,0.0,0.0
shading,cie_xyz,0.5,0.2,Canon 40D,FL11,0.0,0.0
shading,camera_rgb_raw,0.5,0.2,Canon 40D,FL11,0.0,0.0
shading,camera_rgb_wb,0.5,0.2,Canon 40D,FL11,0.0,0.0
shading,spectral_radiance,0.5,0.2,Canon 500D,FL11,0.0,0.0
shading,cie_xyz,0.5,0.2,Canon 500D,FL11,0.0,0.0
shading,camera_rgb_raw,0.5,0.2,Canon 500D,FL11,0.0,0.0
shading,camera_rgb_wb,0.5,0.2,Canon 500D,FL11,0.0,0.0
shading,spectral_radiance,0.5,0.2,Canon 500D,FL11,0.0,0.0
shading,cie_xyz,0.5,0.2,Canon 500D,FL11,0.0,0.0
shading,camera_rgb_raw,0.5,0.2,Canon 500D,FL11,0.0,0.0
shading,camera_rgb_wb,0.5,0.2,Canon 500D,FL11,0.0,0.0
shading,spectral_radiance,0.5,0.2,Canon 500D,FL11,1.73472347598e-18,1.01287842864e-16
shading,cie_xyz,0.5,0.2,Canon 500D,FL11,5.55111512313e-17,1.62070666861e-16
shading,camera_rgb_raw,0.5,0.2,Canon 500D,FL11,2.77555756156e-17,1.43672411765e-16
shading,camera_rgb_wb,0.5,0.2,Canon 500D,FL11,5.55111512313e-17,1.54196357763e-16
shading,spectral_radiance,0.5,0.2,Canon 500D,FL11,0.0,0.0
shading,cie_xyz,0.5,0.2,Canon 500D,FL11,0.0,0.0
shading,camera_rgb_raw,0.5,0.2,Canon 500D,FL11,0.0,0.0
shading,camera_rgb_wb,0.5,0.2,Canon 500D,FL11,0.0,0.0
shading,spectral_radiance,0.5,0.2,Canon 50D,FL11,0.0,0.0
shading,cie_xyz,0.5,0.2,Canon 50D,FL11,0.0,0.0
shading,camera_rgb_raw,0.5,0.2,Canon 50D,FL11,0.0,0.0
shading,camera_rgb_wb,0.5,0.2,Canon 50D,FL11,0.0,0.0
shading,spectral_radiance,0.5,0.2,Canon 50D,FL11,0.0,0.0
shading,cie_xyz,0.5,0.2,Canon 50D,FL11,0.0,0.0
shading,camera_rgb_raw,0.5,0.2,Canon 50D,FL11,0.0,0.0
shading,camera_rgb_wb,0.5,0.2,Canon 50D,FL11,0.0,0.0
shading,spectral_radiance,0.5,0.2,Canon 50D,FL11,1.73472347598e-18,1.01287842864e-16
shading,cie_xyz,0.5,0.2,Canon 50D,FL11,5.55111512313e-17,1.62070666861e-16
shading,camera_rgb_raw,0.5,0.2,Canon 50D,FL11,8.32667268469e-17,4.27023826312e-16
shading,camera_rgb_wb,0.5,0.2,Canon 50D,FL11,8.32667268469e-17,2.26382804338e-16
shading,spectral_radiance,0.5,0.2,Canon 50D,FL11,0.0,0.0
shading,cie_xyz,0.5,0.2,Canon 50D,FL11,0.0,0.0
shading,camera_rgb_raw,0.5,0.2,Canon 50D,FL11,0.0,0.0
shading,camera_rgb_wb,0.5,0.2,Canon 50D,FL11,0.0,0.0
shading,spectral_radiance,0.5,0.2,Canon 5DMarkII,FL11,0.0,0.0
shading,cie_xyz,0.5,0.2,Canon 5DMarkII,FL11,0.0,0.0
shading,camera_rgb_raw,0.5,0.2,Canon 5DMarkII,FL11,0.0,0.0
shading,camera_rgb_wb,0.5,0.2,Canon 5DMarkII,FL11,0.0,0.0
shading,spectral_radiance,0.5,0.2,Canon 5DMarkII,FL11,0.0,0.0
shading,cie_xyz,0.5,0.2,Canon 5DMarkII,FL11,0.0,0.0
shading,camera_rgb_raw,0.5,0.2,Canon 5DMarkII,FL11,0.0,0.0
shading,camera_rgb_wb,0.5,0.2,Canon 5DMarkII,FL11,0.0,0.0
shading,spectral_radiance,0.5,0.2,Canon 5DMarkII,FL11,1.73472347598e-18,1.01287842864e-16
shading,cie_xyz,0.5,0.2,Canon 5DMarkII,FL11,5.55111512313e-17,1.62070666861e-16
shading,camera_rgb_raw,0.5,0.2,Canon 5DMarkII,FL11,5.55111512313e-17,3.29969755699e-16
shading,camera_rgb_wb,0.5,0.2,Canon 5DMarkII,FL11,5.55111512313e-17,1.47741594308e-16
shading,spectral_radiance,0.5,0.2,Canon 5DMarkII,FL11,0.0,0.0
shading,cie_xyz,0.5,0.2,Canon 5DMarkII,FL11,0.0,0.0
shading,camera_rgb_raw,0.5,0.2,Canon 5DMarkII,FL11,0.0,0.0
shading,camera_rgb_wb,0.5,0.2,Canon 5DMarkII,FL11,0.0,0.0
shading,spectral_radiance,0.5,0.2,Canon 600D,FL11,0.0,0.0
shading,cie_xyz,0.5,0.2,Canon 600D,FL11,0.0,0.0
shading,camera_rgb_raw,0.5,0.2,Canon 600D,FL11,0.0,0.0
shading,camera_rgb_wb,0.5,0.2,Canon 600D,FL11,0.0,0.0
shading,spectral_radiance,0.5,0.2,Canon 600D,FL11,0.0,0.0
shading,cie_xyz,0.5,0.2,Canon 600D,FL11,0.0,0.0
shading,camera_rgb_raw,0.5,0.2,Canon 600D,FL11,0.0,0.0
shading,camera_rgb_wb,0.5,0.2,Canon 600D,FL11,0.0,0.0
shading,spectral_radiance,0.5,0.2,Canon 600D,FL11,1.73472347598e-18,1.01287842864e-16
shading,cie_xyz,0.5,0.2,Canon 600D,FL11,5.55111512313e-17,1.62070666861e-16
shading,camera_rgb_raw,0.5,0.2,Canon 600D,FL11,5.55111512313e-17,3.0813774277e-16
shading,camera_rgb_wb,0.5,0.2,Canon 600D,FL11,8.32667268469e-17,2.16236546153e-16
shading,spectral_radiance,0.5,0.2,Canon 600D,FL11,0.0,0.0
shading,cie_xyz,0.5,0.2,Canon 600D,FL11,0.0,0.0
shading,camera_rgb_raw,0.5,0.2,Canon 600D,FL11,0.0,0.0
shading,camera_rgb_wb,0.5,0.2,Canon 600D,FL11,0.0,0.0
shading,spectral_radiance,0.5,0.2,Canon 60D,FL11,0.0,0.0
shading,cie_xyz,0.5,0.2,Canon 60D,FL11,0.0,0.0
shading,camera_rgb_raw,0.5,0.2,Canon 60D,FL11,0.0,0.0
shading,camera_rgb_wb,0.5,0.2,Canon 60D,FL11,0.0,0.0
shading,spectral_radiance,0.5,0.2,Canon 60D,FL11,0.0,0.0
shading,cie_xyz,0.5,0.2,Canon 60D,FL11,0.0,0.0
shading,camera_rgb_raw,0.5,0.2,Canon 60D,FL11,0.0,0.0
shading,camera_rgb_wb,0.5,0.2,Canon 60D,FL11,0.0,0.0
shading,spectral_radiance,0.5,0.2,Canon 60D,FL11,1.73472347598e-18,1.01287842864e-16
shading,cie_xyz,0.5,0.2,Canon 60D,FL11,5.55111512313e-17,1.62070666861e-16
shading,camera_rgb_raw,0.5,0.2,Canon 60D,FL11,8.32667268469e-17,4.56218168426e-16
shading,camera_rgb_wb,0.5,0.2,Canon 60D,FL11,8.32667268469e-17,2.16152165629e-16
shading,spectral_radiance,0.5,0.2,Canon 60D,FL11,0.0,0.0
shading,cie_xyz,0.5,0.2,Canon 60D,FL11,0.0,0.0
shading,camera_rgb_raw,0.5,0.2,Canon 60D,FL11,0.0,0.0
shading,camera_rgb_wb,0.5,0.2,Canon 60D,FL11,0.0,0.0
shading,spectral_radiance,0.5,0.2,Hasselblad H2,FL11,0.0,0.0
shading,cie_xyz,0.5,0.2,Hasselblad H2,FL11,0.0,0.0
shading,camera_rgb_raw,0.5,0.2,Hasselblad H2,FL11,0.0,0.0
shading,camera_rgb_wb,0.5,0.2,Hasselblad H2,FL11,0.0,0.0
shading,spectral_radiance,0.5,0.2,Hasselblad H2,FL11,0.0,0.0
shading,cie_xyz,0.5,0.2,Hasselblad H2,FL11,0.0,0.0
shading,camera_rgb_raw,0.5,0.2,Hasselblad H2,FL11,0.0,0.0
shading,camera_rgb_wb,0.5,0.2,Hasselblad H2,FL11,0.0,0.0
shading,spectral_radiance,0.5,0.2,Hasselblad H2,FL11,1.73472347598e-18,1.01287842864e-16
shading,cie_xyz,0.5,0.2,Hasselblad H2,FL11,5.55111512313e-17,1.62070666861e-16
shading,camera_rgb_raw,0.5,0.2,Hasselblad H2,FL11,2.77555756156e-17,1.82964381466e-16
shading,camera_rgb_wb,0.5,0.2,Hasselblad H2,FL11,5.55111512313e-17,1.35421120618e-16
shading,spectral_radiance,0.5,0.2,Hasselblad H2,FL11,0.0,0.0
shading,cie_xyz,0.5,0.2,Hasselblad H2,FL11,0.0,0.0
shading,camera_rgb_raw,0.5,0.2,Hasselblad H2,FL11,0.0,0.0
shading,camera_rgb_wb,0.5,0.2,Hasselblad H2,FL11,0.0,0.0
shading,spectral_radiance,0.5,0.2,Nikon D3X,FL11,0.0,0.0
shading,cie_xyz,0.5,0.2,Nikon D3X,FL11,0.0,0.0
shading,camera_rgb_raw,0.5,0.2,Nikon D3X,FL11,0.0,0.0
shading,camera_rgb_wb,0.5,0.2,Nikon D3X,FL11,0.0,0.0
shading,spectral_radiance,0.5,0.2,Nikon D3X,FL11,0.0,0.0
shading,cie_xyz,0.5,0.2,Nikon D3X,FL11,0.0,0.0
shading,camera_rgb_raw,0.5,0.2,Nikon D3X,FL11,0.0,0.0
shading,camera_rgb_wb,0.5,0.2,Nikon D3X,FL11,0.0,0.0
shading,spectral_radiance,0.5,0.2,Nikon D3X,FL11,1.73472347598e-18,1.01287842864e-16
shading,cie_xyz,0.5,0.2,Nikon D3X,FL11,5.55111512313e-17,1.62070666861e-16
shading,camera_rgb_raw,0.5,0.2,Nikon D3X,FL11,5.55111512313e-17,3.23184020878e-16
shading,camera_rgb_wb,0.5,0.2,Nikon D3X,FL11,5.55111512313e-17,1.3638591163e-16
shading,spectral_radiance,0.5,0.2,Nikon D3X,FL11,0.0,0.0
shading,cie_xyz,0.5,0.2,Nikon D3X,FL11,0.0,0.0
shading,camera_rgb_raw,0.5,0.2,Nikon D3X,FL11,0.0,0.0
shading,camera_rgb_wb,0.5,0.2,Nikon D3X,FL11,0.0,0.0
shading,spectral_radiance,0.5,0.2,Nikon D200,FL11,0.0,0.0
shading,cie_xyz,0.5,0.2,Nikon D200,FL11,0.0,0.0
shading,camera_rgb_raw,0.5,0.2,Nikon D200,FL11,0.0,0.0
shading,camera_rgb_wb,0.5,0.2,Nikon D200,FL11,0.0,0.0
shading,spectral_radiance,0.5,0.2,Nikon D200,FL11,0.0,0.0
shading,cie_xyz,0.5,0.2,Nikon D200,FL11,0.0,0.0
shading,camera_rgb_raw,0.5,0.2,Nikon D200,FL11,0.0,0.0
shading,camera_rgb_wb,0.5,0.2,Nikon D200,FL11,0.0,0.0
shading,spectral_radiance,0.5,0.2,Nikon D200,FL11,1.73472347598e-18,1.01287842864e-16
shading,cie_xyz,0.5,0.2,Nikon D200,FL11,5.55111512313e-17,1.62070666861e-16
shading,camera_rgb_raw,0.5,0.2,Nikon D200,FL11,2.77555756156e-17,1.44812112065e-16
shading,camera_rgb_wb,0.5,0.2,Nikon D200,FL11,5.55111512313e-17,1.36758640212e-16
shading,spectral_radiance,0.5,0.2,Nikon D200,FL11,0.0,0.0
shading,cie_xyz,0.5,0.2,Nikon D200,FL11,0.0,0.0
shading,camera_rgb_raw,0.5,0.2,Nikon D200,FL11,0.0,0.0
shading,camera_rgb_wb,0.5,0.2,Nikon D200,FL11,0.0,0.0
shading,spectral_radiance,0.5,0.2,Nikon D3,FL11,0.0,0.0
shading,cie_xyz,0.5,0.2,Nikon D3,FL11,0.0,0.0
shading,camera_rgb_raw,0.5,0.2,Nikon D3,FL11,0.0,0.0
shading,camera_rgb_wb,0.5,0.2,Nikon D3,FL11,0.0,0.0
shading,spectral_radiance,0.5,0.2,Nikon D3,FL11,0.0,0.0
shading,cie_xyz,0.5,0.2,Nikon D3,FL11,0.0,0.0
shading,camera_rgb_raw,0.5,0.2,Nikon D3,FL11,0.0,0.0
shading,camera_rgb_wb,0.5,0.2,Nikon D3,FL11,0.0,0.0
shading,spectral_radiance,0.5,0.2,Nikon D3,FL11,1.73472347598e-18,1.01287842864e-16
shading,cie_xyz,0.5,0.2,Nikon D3,FL11,5.55111512313e-17,1.62070666861e-16
shading,camera_rgb_raw,0.5,0.2,Nikon D3,FL11,8.32667268469e-17,4.56646039667e-16
shading,camera_rgb_wb,0.5,0.2,Nikon D3,FL11,1.66533453694e-16,4.12037751916e-16
shading,spectral_radiance,0.5,0.2,Nikon D3,FL11,0.0,0.0
shading,cie_xyz,0.5,0.2,Nikon D3,FL11,0.0,0.0
shading,camera_rgb_raw,0.5,0.2,Nikon D3,FL11,0.0,0.0
shading,camera_rgb_wb,0.5,0.2,Nikon D3,FL11,0.0,0.0
shading,spectral_radiance,0.5,0.2,Nikon D300s,FL11,0.0,0.0
shading,cie_xyz,0.5,0.2,Nikon D300s,FL11,0.0,0.0
shading,camera_rgb_raw,0.5,0.2,Nikon D300s,FL11,0.0,0.0
shading,camera_rgb_wb,0.5,0.2,Nikon D300s,FL11,0.0,0.0
shading,spectral_radiance,0.5,0.2,Nikon D300s,FL11,0.0,0.0
shading,cie_xyz,0.5,0.2,Nikon D300s,FL11,0.0,0.0
shading,camera_rgb_raw,0.5,0.2,Nikon D300s,FL11,0.0,0.0
shading,camera_rgb_wb,0.5,0.2,Nikon D300s,FL11,0.0,0.0
shading,spectral_radiance,0.5,0.2,Nikon D300s,FL11,1.73472347598e-18,1.01287842864e-16
shading,cie_xyz,0.5,0.2,Nikon D300s,FL11,5.55111512313e-17,1.62070666861e-16
shading,camera_rgb_raw,0.5,0.2,Nikon D300s,FL11,1.11022302463e-16,5.19369169105e-16
shading,camera_rgb_wb,0.5,0.2,Nikon D300s,FL11,2.22044604925e-16,5.58536670876e-16
shading,spectral_radiance,0.5,0.2,Nikon D300s,FL11,0.0,0.0
shading,cie_xyz,0.5,0.2,Nikon D300s,FL11,0.0,0.0
shading,camera_rgb_raw,0.5,0.2,Nikon D300s,FL11,0.0,0.0
shading,camera_rgb_wb,0.5,0.2,Nikon D300s,FL11,0.0,0.0
shading,spectral_radiance,0.5,0.2,Nikon D40,FL11,0.0,0.0
shading,cie_xyz,0.5,0.2,Nikon D40,FL11,0.0,0.0
shading,camera_rgb_raw,0.5,0.2,Nikon D40,FL11,0.0,0.0
shading,camera_rgb_wb,0.5,0.2,Nikon D40,FL11,0.0,0.0
shading,spectral_radiance,0.5,0.2,Nikon D40,FL11,0.0,0.0
shading,cie_xyz,0.5,0.2,Nikon D40,FL11,0.0,0.0
shading,camera_rgb_raw,0.5,0.2,Nikon D40,FL11,0.0,0.0
shading,camera_rgb_wb,0.5,0.2,Nikon D40,FL11,0.0,0.0
shading,spectral_radiance,0.5,0.2,Nikon D40,FL11,1.73472347598e-18,1.01287842864e-16
shading,cie_xyz,0.5,0.2,Nikon D40,FL11,5.55111512313e-17,1.62070666861e-16
shading,camera_rgb_raw,0.5,0.2,Nikon D40,FL11,2.77555756156e-17,1.79992163183e-16
shading,camera_rgb_wb,0.5,0.2,Nikon D40,FL11,5.55111512313e-17,1.38221558636e-16
shading,spectral_radiance,0.5,0.2,Nikon D40,FL11,0.0,0.0
shading,cie_xyz,0.5,0.2,Nikon D40,FL11,0.0,0.0
shading,camera_rgb_raw,0.5,0.2,Nikon D40,FL11,0.0,0.0
shading,camera_rgb_wb,0.5,0.2,Nikon D40,FL11,0.0,0.0
shading,spectral_radiance,0.5,0.2,Nikon D50,FL11,0.0,0.0
shading,cie_xyz,0.5,0.2,Nikon D50,FL11,0.0,0.0
shading,camera_rgb_raw,0.5,0.2,Nikon D50,FL11,0.0,0.0
shading,camera_rgb_wb,0.5,0.2,Nikon D50,FL11,0.0,0.0
shading,spectral_radiance,0.5,0.2,Nikon D50,FL11,0.0,0.0
shading,cie_xyz,0.5,0.2,Nikon D50,FL11,0.0,0.0
shading,camera_rgb_raw,0.5,0.2,Nikon D50,FL11,0.0,0.0
shading,camera_rgb_wb,0.5,0.2,Nikon D50,FL11,0.0,0.0
shading,spectral_radiance,0.5,0.2,Nikon D50,FL11,1.73472347598e-18,1.01287842864e-16
shading,cie_xyz,0.5,0.2,Nikon D50,FL11,5.55111512313e-17,1.62070666861e-16
shading,camera_rgb_raw,0.5,0.2,Nikon D50,FL11,5.55111512313e-17,3.62306193898e-16
shading,camera_rgb_wb,0.5,0.2,Nikon D50,FL11,8.32667268469e-17,2.05082187287e-16
shading,spectral_radiance,0.5,0.2,Nikon D50,FL11,0.0,0.0
shading,cie_xyz,0.5,0.2,Nikon D50,FL11,0.0,0.0
shading,camera_rgb_raw,0.5,0.2,Nikon D50,FL11,0.0,0.0
shading,camera_rgb_wb,0.5,0.2,Nikon D50,FL11,0.0,0.0
shading,spectral_radiance,0.5,0.2,Nikon D5100,FL11,0.0,0.0
shading,cie_xyz,0.5,0.2,Nikon D5100,FL11,0.0,0.0
shading,camera_rgb_raw,0.5,0.2,Nikon D5100,FL11,0.0,0.0
shading,camera_rgb_wb,0.5,0.2,Nikon D5100,FL11,0.0,0.0
shading,spectral_radiance,0.5,0.2,Nikon D5100,FL11,0.0,0.0
shading,cie_xyz,0.5,0.2,Nikon D5100,FL11,0.0,0.0
shading,camera_rgb_raw,0.5,0.2,Nikon D5100,FL11,0.0,0.0
shading,camera_rgb_wb,0.5,0.2,Nikon D5100,FL11,0.0,0.0
shading,spectral_radiance,0.5,0.2,Nikon D5100,FL11,1.73472347598e-18,1.01287842864e-16
shading,cie_xyz,0.5,0.2,Nikon D5100,FL11,5.55111512313e-17,1.62070666861e-16
shading,camera_rgb_raw,0.5,0.2,Nikon D5100,FL11,8.32667268469e-17,4.74439067648e-16
shading,camera_rgb_wb,0.5,0.2,Nikon D5100,FL11,2.22044604925e-16,5.6097646088e-16
shading,spectral_radiance,0.5,0.2,Nikon D5100,FL11,0.0,0.0
shading,cie_xyz,0.5,0.2,Nikon D5100,FL11,0.0,0.0
shading,camera_rgb_raw,0.5,0.2,Nikon D5100,FL11,0.0,0.0
shading,camera_rgb_wb,0.5,0.2,Nikon D5100,FL11,0.0,0.0
shading,spectral_radiance,0.5,0.2,Nikon D700,FL11,0.0,0.0
shading,cie_xyz,0.5,0.2,Nikon D700,FL11,0.0,0.0
shading,camera_rgb_raw,0.5,0.2,Nikon D700,FL11,0.0,0.0
shading,camera_rgb_wb,0.5,0.2,Nikon D700,FL11,0.0,0.0
shading,spectral_radiance,0.5,0.2,Nikon D700,FL11,0.0,0.0
shading,cie_xyz,0.5,0.2,Nikon D700,FL11,0.0,0.0
shading,camera_rgb_raw,0.5,0.2,Nikon D700,FL11,0.0,0.0
shading,camera_rgb_wb,0.5,0.2,Nikon D700,FL11,0.0,0.0
shading,spectral_radiance,0.5,0.2,Nikon D700,FL11,1.73472347598e-18,1.01287842864e-16
shading,cie_xyz,0.5,0.2,Nikon D700,FL11,5.55111512313e-17,1.62070666861e-16
shading,camera_rgb_raw,0.5,0.2,Nikon D700,FL11,8.32667268469e-17,4.39228868254e-16
shading,camera_rgb_wb,0.5,0.2,Nikon D700,FL11,1.66533453694e-16,4.116915208e-16
shading,spectral_radiance,0.5,0.2,Nikon D700,FL11,0.0,0.0
shading,cie_xyz,0.5,0.2,Nikon D700,FL11,0.0,0.0
shading,camera_rgb_raw,0.5,0.2,Nikon D700,FL11,0.0,0.0
shading,camera_rgb_wb,0.5,0.2,Nikon D700,FL11,0.0,0.0
shading,spectral_radiance,0.5,0.2,Nikon D80,FL11,0.0,0.0
shading,cie_xyz,0.5,0.2,Nikon D80,FL11,0.0,0.0
shading,camera_rgb_raw,0.5,0.2,Nikon D80,FL11,0.0,0.0
shading,camera_rgb_wb,0.5,0.2,Nikon D80,FL11,0.0,0.0
shading,spectral_radiance,0.5,0.2,Nikon D80,FL11,0.0,0.0
shading,cie_xyz,0.5,0.2,Nikon D80,FL11,0.0,0.0
shading,camera_rgb_raw,0.5,0.2,Nikon D80,FL11,0.0,0.0
shading,camera_rgb_wb,0.5,0.2,Nikon D80,FL11,0.0,0.0
shading,spectral_radiance,0.5,0.2,Nikon D80,FL11,1.73472347598e-18,1.01287842864e-16
shading,cie_xyz,0.5,0.2,Nikon D80,FL11,5.55111512313e-17,1.62070666861e-16
shading,camera_rgb_raw,0.5,0.2,Nikon D80,FL11,2.77555756156e-17,1.78881580292e-16
shading,camera_rgb_wb,0.5,0.2,Nikon D80,FL11,1.38777878078e-17,3.43814795876e-17
shading,spectral_radiance,0.5,0.2,Nikon D80,FL11,0.0,0.0
shading,cie_xyz,0.5,0.2,Nikon D80,FL11,0.0,0.0
shading,camera_rgb_raw,0.5,0.2,Nikon D80,FL11,0.0,0.0
shading,camera_rgb_wb,0.5,0.2,Nikon D80,FL11,0.0,0.0
shading,spectral_radiance,0.5,0.2,Nikon D90,FL11,0.0,0.0
shading,cie_xyz,0.5,0.2,Nikon D90,FL11,0.0,0.0
shading,camera_rgb_raw,0.5,0.2,Nikon D90,FL11,0.0,0.0
shading,camera_rgb_wb,0.5,0.2,Nikon D90,FL11,0.0,0.0
shading,spectral_radiance,0.5,0.2,Nikon D90,FL11,0.0,0.0
shading,cie_xyz,0.5,0.2,Nikon D90,FL11,0.0,0.0
shading,camera_rgb_raw,0.5,0.2,Nikon D90,FL11,0.0,0.0
shading,camera_rgb_wb,0.5,0.2,Nikon D90,FL11,0.0,0.0
shading,spectral_radiance,0.5,0.2,Nikon D90,FL11,1.73472347598e-18,1.01287842864e-16
shading,cie_xyz,0.5,0.2,Nikon D90,FL11,5.55111512313e-17,1.62070666861e-16
shading,camera_rgb_raw,0.5,0.2,Nikon D90,FL11,6.93889390391e-18,3.95895130071e-17
shading,camera_rgb_wb,0.5,0.2,Nikon D90,FL11,5.55111512313e-17,1.40344824448e-16
shading,spectral_radiance,0.5,0.2,Nikon D90,FL11,0.0,0.0
shading,cie_xyz,0.5,0.2,Nikon D90,FL11,0.0,0.0
shading,camera_rgb_raw,0.5,0.2,Nikon D90,FL11,0.0,0.0
shading,camera_rgb_wb,0.5,0.2,Nikon D90,FL11,0.0,0.0
shading,spectral_radiance,0.5,0.2,Nokia N900,FL11,0.0,0.0
shading,cie_xyz,0.5,0.2,Nokia N900,FL11,0.0,0.0
shading,camera_rgb_raw,0.5,0.2,Nokia N900,FL11,0.0,0.0
shading,camera_rgb_wb,0.5,0.2,Nokia N900,FL11,0.0,0.0
shading,spectral_radiance,0.5,0.2,Nokia N900,FL11,0.0,0.0
shading,cie_xyz,0.5,0.2,Nokia N900,FL11,0.0,0.0
shading,camera_rgb_raw,0.5,0.2,Nokia N900,FL11,0.0,0.0
shading,camera_rgb_wb,0.5,0.2,Nokia N900,FL11,0.0,0.0
shading,spectral_radiance,0.5,0.2,Nokia N900,FL11,1.73472347598e-18,1.01287842864e-16
shading,cie_xyz,0.5,0.2,Nokia N900,FL11,5.55111512313e-17,1.62070666861e-16
shading,camera_rgb_raw,0.5,0.2,Nokia N900,FL11,1.11022302463e-16,3.98185893145e-16
shading,camera_rgb_wb,0.5,0.2,Nokia N900,FL11,1.11022302463e-16,2.74367091672e-16
shading,spectral_radiance,0.5,0.2,Nokia N900,FL11,0.0,0.0
shading,cie_xyz,0.5,0.2,Nokia N900,FL11,0.0,0.0
shading,camera_rgb_raw,0.5,0.2,Nokia N900,FL11,0.0,0.0
shading,camera_rgb_wb,0.5,0.2,Nokia N900,FL11,0.0,0.0
shading,spectral_radiance,0.5,0.2,Olympus E-PL2,FL11,0.0,0.0
shading,cie_xyz,0.5,0.2,Olympus E-PL2,FL11,0.0,0.0
shading,camera_rgb_raw,0.5,0.2,Olympus E-PL2,FL11,0.0,0.0
shading,camera_rgb_wb,0.5,0.2,Olympus E-PL2,FL11,0.0,0.0
shading,spectral_radiance,0.5,0.2,Olympus E-PL2,FL11,0.0,0.0
shading,cie_xyz,0.5,0.2,Olympus E-PL2,FL11,0.0,0.0
shading,camera_rgb_raw,0.5,0.2,Olympus E-PL2,FL11,0.0,0.0
shading,camera_rgb_wb,0.5,0.2,Olympus E-PL2,FL11,0.0,0.0
shading,spectral_radiance,0.5,0.2,Olympus E-PL2,FL11,1.73472347598e-18,1.01287842864e-16
shading,cie_xyz,0.5,0.2,Olympus E-PL2,FL11,5.55111512313e-17,1.62070666861e-16
shading,camera_rgb_raw,0.5,0.2,Olympus E-PL2,FL11,2.77555756156e-17,9.0356979205e-17
shading,camera_rgb_wb,0.5,0.2,Olympus E-PL2,FL11,6.93889390391e-17,1.60979267911e-16
shading,spectral_radiance,0.5,0.2,Olympus E-PL2,FL11,0.0,0.0
shading,cie_xyz,0.5,0.2,Olympus E-PL2,FL11,0.0,0.0
shading,camera_rgb_raw,0.5,0.2,Olympus E-PL2,FL11,0.0,0.0
shading,camera_rgb_wb,0.5,0.2,Olympus E-PL2,FL11,0.0,0.0
shading,spectral_radiance,0.5,0.2,Pentax K-5,FL11,0.0,0.0
shading,cie_xyz,0.5,0.2,Pentax K-5,FL11,0.0,0.0
shading,camera_rgb_raw,0.5,0.2,Pentax K-5,FL11,0.0,0.0
shading,camera_rgb_wb,0.5,0.2,Pentax K-5,FL11,0.0,0.0
shading,spectral_radiance,0.5,0.2,Pentax K-5,FL11,0.0,0.0
shading,cie_xyz,0.5,0.2,Pentax K-5,FL11,0.0,0.0
shading,camera_rgb_raw,0.5,0.2,Pentax K-5,FL11,0.0,0.0
shading,camera_rgb_wb,0.5,0.2,Pentax K-5,FL11,0.0,0.0
shading,spectral_radiance,0.5,0.2,Pentax K-5,FL11,1.73472347598e-18,1.01287842864e-16
shading,cie_xyz,0.5,0.2,Pentax K-5,FL11,5.55111512313e-17,1.62070666861e-16
shading,camera_rgb_raw,0.5,0.2,Pentax K-5,FL11,5.55111512313e-17,3.29996181578e-16
shading,camera_rgb_wb,0.5,0.2,Pentax K-5,FL11,8.32667268469e-17,2.08410159849e-16
shading,spectral_radiance,0.5,0.2,Pentax K-5,FL11,0.0,0.0
shading,cie_xyz,0.5,0.2,Pentax K-5,FL11,0.0,0.0
shading,camera_rgb_raw,0.5,0.2,Pentax K-5,FL11,0.0,0.0
shading,camera_rgb_wb,0.5,0.2,Pentax K-5,FL11,0.0,0.0
shading,spectral_radiance,0.5,0.2,Pentax Q,FL11,0.0,0.0
shading,cie_xyz,0.5,0.2,Pentax Q,FL11,0.0,0.0
shading,camera_rgb_raw,0.5,0.2,Pentax Q,FL11,0.0,0.0
shading,camera_rgb_wb,0.5,0.2,Pentax Q,FL11,0.0,0.0
shading,spectral_radiance,0.5,0.2,Pentax Q,FL11,0.0,0.0
shading,cie_xyz,0.5,0.2,Pentax Q,FL11,0.0,0.0
shading,camera_rgb_raw,0.5,0.2,Pentax Q,FL11,0.0,0.0
shading,camera_rgb_wb,0.5,0.2,Pentax Q,FL11,0.0,0.0
shading,spectral_radiance,0.5,0.2,Pentax Q,FL11,1.73472347598e-18,1.01287842864e-16
shading,cie_xyz,0.5,0.2,Pentax Q,FL11,5.55111512313e-17,1.62070666861e-16
shading,camera_rgb_raw,0.5,0.2,Pentax Q,FL11,1.11022302463e-16,3.84316069098e-16
shading,camera_rgb_wb,0.5,0.2,Pentax Q,FL11,1.11022302463e-16,2.70939365283e-16
shading,spectral_radiance,0.5,0.2,Pentax Q,FL11,0.0,0.0
shading,cie_xyz,0.5,0.2,Pentax Q,FL11,0.0,0.0
shading,camera_rgb_raw,0.5,0.2,Pentax Q,FL11,0.0,0.0
shading,camera_rgb_wb,0.5,0.2,Pentax Q,FL11,0.0,0.0
shading,spectral_radiance,0.5,0.2,Point Grey Grasshopper 50S5C,FL11,0.0,0.0
shading,cie_xyz,0.5,0.2,Point Grey Grasshopper 50S5C,FL11,0.0,0.0
shading,camera_rgb_raw,0.5,0.2,Point Grey Grasshopper 50S5C,FL11,0.0,0.0
shading,camera_rgb_wb,0.5,0.2,Point Grey Grasshopper 50S5C,FL11,0.0,0.0
shading,spectral_radiance,0.5,0.2,Point Grey Grasshopper 50S5C,FL11,0.0,0.0
shading,cie_xyz,0.5,0.2,Point Grey Grasshopper 50S5C,FL11,0.0,0.0
shading,camera_rgb_raw,0.5,0.2,Point Grey Grasshopper 50S5C,FL11,0.0,0.0
shading,camera_rgb_wb,0.5,0.2,Point Grey Grasshopper 50S5C,FL11,0.0,0.0
shading,spectral_radiance,0.5,0.2,Point Grey Grasshopper 50S5C,FL11,1.73472347598e-18,1.01287842864e-16
shading,cie_xyz,0.5,0.2,Point Grey Grasshopper 50S5C,FL11,5.55111512313e-17,1.62070666861e-16
shading,camera_rgb_raw,0.5,0.2,Point Grey Grasshopper 50S5C,FL11,5.55111512313e-17,3.46312315193e-16
shading,camera_rgb_wb,0.5,0.2,Point Grey Grasshopper 50S5C,FL11,1.66533453694e-16,3.68642340569e-16
shading,spectral_radiance,0.5,0.2,Point Grey Grasshopper 50S5C,FL11,0.0,0.0
shading,cie_xyz,0.5,0.2,Point Grey Grasshopper 50S5C,FL11,0.0,0.0
shading,camera_rgb_raw,0.5,0.2,Point Grey Grasshopper 50S5C,FL11,0.0,0.0
shading,camera_rgb_wb,0.5,0.2,Point Grey Grasshopper 50S5C,FL11,0.0,0.0
shading,spectral_radiance,0.5,0.2,Point Grey Grasshopper2 14S5C,FL11,0.0,0.0
shading,cie_xyz,0.5,0.2,Point Grey Grasshopper2 14S5C,FL11,0.0,0.0
shading,camera_rgb_raw,0.5,0.2,Point Grey Grasshopper2 14S5C,FL11,0.0,0.0
shading,camera_rgb_wb,0.5,0.2,Point Grey Grasshopper2 14S5C,FL11,0.0,0.0
shading,spectral_radiance,0.5,0.2,Point Grey Grasshopper2 14S5C,FL11,0.0,0.0
shading,cie_xyz,0.5,0.2,Point Grey Grasshopper2 14S5C,FL11,0.0,0.0
shading,camera_rgb_raw,0.5,0.2,Point Grey Grasshopper2 14S5C,FL11,0.0,0.0
shading,camera_rgb_wb,0.5,0.2,Point Grey Grasshopper2 14S5C,FL11,0.0,0.0
shading,spectral_radiance,0.5,0.2,Point Grey Grasshopper2 14S5C,FL11,1.73472347598e-18,1.01287842864e-16
shading,cie_xyz,0.5,0.2,Point Grey Grasshopper2 14S5C,FL11,5.55111512313e-17,1.62070666861e-16
shading,camera_rgb_raw,0.5,0.2,Point Grey Grasshopper2 14S5C,FL11,8.32667268469e-17,4.25116108048e-16
shading,camera_rgb_wb,0.5,0.2,Point Grey Grasshopper2 14S5C,FL11,2.22044604925e-16,5.09627472882e-16
shading,spectral_radiance,0.5,0.2,Point Grey Grasshopper2 14S5C,FL11,0.0,0.0
shading,cie_xyz,0.5,0.2,Point Grey Grasshopper2 14S5C,FL11,0.0,0.0
shading,camera_rgb_raw,0.5,0.2,Point Grey Grasshopper2 14S5C,FL11,0.0,0.0
shading,camera_rgb_wb,0.5,0.2,Point Grey Grasshopper2 14S5C,FL11,0.0,0.0
shading,spectral_radiance,0.5,0.2,Phase One,FL11,0.0,0.0
shading,cie_xyz,0.5,0.2,Phase One,FL11,0.0,0.0
shading,camera_rgb_raw,0.5,0.2,Phase One,FL11,0.0,0.0
shading,camera_rgb_wb,0.5,0.2,Phase One,FL11,0.0,0.0
shading,spectral_radiance,0.5,0.2,Phase One,FL11,0.0,0.0
shading,cie_xyz,0.5,0.2,Phase One,FL11,0.0,0.0
shading,camera_rgb_raw,0.5,0.2,Phase One,FL11,0.0,0.0
shading,camera_rgb_wb,0.5,0.2,Phase One,FL11,0.0,0.0
shading,spectral_radiance,0.5,0.2,Phase One,FL11,1.73472347598e-18,1.01287842864e-16
shading,cie_xyz,0.5,0.2,Phase One,FL11,5.55111512313e-17,1.62070666861e-16
shading,camera_rgb_raw,0.5,0.2,Phase One,FL11,8.32667268469e-17,4.68065644518e-16
shading,camera_rgb_wb,0.5,0.2,Phase One,FL11,8.32667268469e-17,2.27590795469e-16
shading,spectral_radiance,0.5,0.2,Phase One,FL11,0.0,0.0
shading,cie_xyz,0.5,0.2,Phase One,FL11,0.0,0.0
shading,camera_rgb_raw,0.5,0.2,Phase One,FL11,0.0,0.0
shading,camera_rgb_wb,0.5,0.2,Phase One,FL11,0.0,0.0
shading,spectral_radiance,0.5,0.2,SONY NEX-5N,FL11,0.0,0.0
shading,cie_xyz,0.5,0.2,SONY NEX-5N,FL11,0.0,0.0
shading,camera_rgb_raw,0.5,0.2,SONY NEX-5N,FL11,0.0,0.0
shading,camera_rgb_wb,0.5,0.2,SONY NEX-5N,FL11,0.0,0.0
shading,spectral_radiance,0.5,0.2,SONY NEX-5N,FL11,0.0,0.0
shading,cie_xyz,0.5,0.2,SONY NEX-5N,FL11,0.0,0.0
shading,camera_rgb_raw,0.5,0.2,SONY NEX-5N,FL11,0.0,0.0
shading,camera_rgb_wb,0.5,0.2,SONY NEX-5N,FL11,0.0,0.0
shading,spectral_radiance,0.5,0.2,SONY NEX-5N,FL11,1.73472347598e-18,1.01287842864e-16
shading,cie_xyz,0.5,0.2,SONY NEX-5N,FL11,5.55111512313e-17,1.62070666861e-16
shading,camera_rgb_raw,0.5,0.2,SONY NEX-5N,FL11,2.77555756156e-17,1.80687549259e-16
shading,camera_rgb_wb,0.5,0.2,SONY NEX-5N,FL11,1.11022302463e-16,2.8502948923e-16
shading,spectral_radiance,0.5,0.2,SONY NEX-5N,FL11,0.0,0.0
shading,cie_xyz,0.5,0.2,SONY NEX-5N,FL11,0.0,0.0
shading,camera_rgb_raw,0.5,0.2,SONY NEX-5N,FL11,0.0,0.0
shading,camera_rgb_wb,0.5,0.2,SONY NEX-5N,FL11,0.0,0.0
shading,spectral_radiance,0.5,0.5,Canon 1DMarkIII,D65,0.0,0.0
shading,cie_xyz,0.5,0.5,Canon 1DMarkIII,D65,0.0,0.0
shading,camera_rgb_raw,0.5,0.5,Canon 1DMarkIII,D65,0.0,0.0
shading,camera_rgb_wb,0.5,0.5,Canon 1DMarkIII,D65,0.0,0.0
shading,spectral_radiance,0.5,0.5,Canon 1DMarkIII,D65,0.0,0.0
shading,cie_xyz,0.5,0.5,Canon 1DMarkIII,D65,0.0,0.0
shading,camera_rgb_raw,0.5,0.5,Canon 1DMarkIII,D65,0.0,0.0
shading,camera_rgb_wb,0.5,0.5,Canon 1DMarkIII,D65,0.0,0.0
shading,spectral_radiance,0.5,0.5,Canon 1DMarkIII,D65,8.67361737988e-19,1.90084145641e-16
shading,cie_xyz,0.5,0.5,Canon 1DMarkIII,D65,4.16333634234e-17,1.51057195841e-16
shading,camera_rgb_raw,0.5,0.5,Canon 1DMarkIII,D65,2.77555756156e-17,1.70477853555e-16
shading,camera_rgb_wb,0.5,0.5,Canon 1DMarkIII,D65,5.55111512313e-17,1.51059965601e-16
shading,spectral_radiance,0.5,0.5,Canon 1DMarkIII,D65,0.0,0.0
shading,cie_xyz,0.5,0.5,Canon 1DMarkIII,D65,0.0,0.0
shading,camera_rgb_raw,0.5,0.5,Canon 1DMarkIII,D65,0.0,0.0
shading,camera_rgb_wb,0.5,0.5,Canon 1DMarkIII,D65,0.0,0.0
shading,spectral_radiance,0.5,0.5,Canon 20D,D65,0.0,0.0
shading,cie_xyz,0.5,0.5,Canon 20D,D65,0.0,0.0
shading,camera_rgb_raw,0.5,0.5,Canon 20D,D65,0.0,0.0
shading,camera_rgb_wb,0.5,0.5,Canon 20D,D65,0.0,0.0
shading,spectral_radiance,0.5,0.5,Canon 20D,D65,0.0,0.0
shading,cie_xyz,0.5,0.5,Canon 20D,D65,0.0,0.0
shading,camera_rgb_raw,0.5,0.5,Canon 20D,D65,0.0,0.0
shading,camera_rgb_wb,0.5,0.5,Canon 20D,D65,0.0,0.0
shading,spectral_radiance,0.5,0.5,Canon 20D,D65,8.67361737988e-19,1.90084145641e-16
shading,cie_xyz,0.5,0.5,Canon 20D,D65,4.16333634234e-17,1.51057195841e-16
shading,camera_rgb_raw,0.5,0.5,Canon 20D,D65,2.77555756156e-17,1.66679587821e-16
shading,camera_rgb_wb,0.5,0.5,Canon 20D,D65,2.77555756156e-17,7.53892836967e-17
shading,spectral_radiance,0.5,0.5,Canon 20D,D65,0.0,0.0
shading,cie_xyz,0.5,0.5,Canon 20D,D65,0.0,0.0
shading,camera_rgb_raw,0.5,0.5,Canon 20D,D65,0.0,0.0
shading,camera_rgb_wb,0.5,0.5,Canon 20D,D65,0.0,0.0
shading,spectral_radiance,0.5,0.5,Canon 300D,D65,0.0,0.0
shading,cie_xyz,0.5,0.5,Canon 300D,D65,0.0,0.0
shading,camera_rgb_raw,0.5,0.5,Canon 300D,D65,0.0,0.0
shading,camera_rgb_wb,0.5,0.5,Canon 300D,D65,0.0,0.0
shading,spectral_radiance,0.5,0.5,Canon 300D,D65,0.0,0.0
shading,cie_xyz,0.5,0.5,Canon 300D,D65,0.0,0.0
shading,camera_rgb_raw,0.5,0.5,Canon 300D,D65,0.0,0.0
shading,camera_rgb_wb,0.5,0.5,Canon 300D,D65,0.0,0.0
shading,spectral_radiance,0.5,0.5,Canon 300D,D65,8.67361737988e-19,1.90084145641e-16
shading,cie_xyz,0.5,0.5,Canon 300D,D65,4.16333634234e-17,1.51057195841e-16
shading,camera_rgb_raw,0.5,0.5,Canon 300D,D65,2.77555756156e-17,1.6826980484e-16
shading,camera_rgb_wb,0.5,0.5,Canon 300D,D65,1.11022302463e-16,2.94913706375e-16
shading,spectral_radiance,0.5,0.5,Canon 300D,D65,0.0,0.0
shading,cie_xyz,0.5,0.5,Canon 300D,D65,0.0,0.0
shading,camera_rgb_raw,0.5,0.5,Canon 300D,D65,0.0,0.0
shading,camera_rgb_wb,0.5,0.5,Canon 300D,D65,0.0,0.0
shading,spectral_radiance,0.5,0.5,Canon 40D,D65,0.0,0.0
shading,cie_xyz,0.5,0.5,Canon 40D,D65,0.0,0.0
shading,camera_rgb_raw,0.5,0.5,Canon 40D,D65,0.0,0.0
shading,camera_rgb_wb,0.5,0.5,Canon 40D,D65,0.0,0.0
shading,spectral_radiance,0.5,0.5,Canon 40D,D65,0.0,0.0
shading,cie_xyz,0.5,0.5,Canon 40D,D65,0.0,0.0
shading,camera_rgb_raw,0.5,0.5,Canon 40D,D65,0.0,0.0
shading,camera_rgb_wb,0.5,0.5,Canon 40D,D65,0.0,0.0
shading,spectral_radiance,0.5,0.5,Canon 40D,D65,8.67361737988e-19,1.90084145641e-16
shading,cie_xyz,0.5,0.5,Canon 40D,D65,4.16333634234e-17,1.51057195841e-16
shading,camera_rgb_raw,0.5,0.5,Canon 40D,D65,2.77555756156e-17,1.56149720376e-16
shading,camera_rgb_wb,0.5,0.5,Canon 40D,D65,2.77555756156e-17,7.42913217516e-17
shading,spectral_radiance,0.5,0.5,Canon 40D,D65,0.0,0.0
shading,cie_xyz,0.5,0.5,Canon 40D,D65,0.0,0.0
shading,camera_rgb_raw,0.5,0.5,Canon 40D,D65,0.0,0.0
shading,camera_rgb_wb,0.5,0.5,Canon 40D,D65,0.0,0.0
shading,spectral_radiance,0.5,0.5,Canon 500D,D65,0.0,0.0
shading,cie_xyz,0.5,0.5,Canon 500D,D65,0.0,0.0
shading,camera_rgb_raw,0.5,0.5,Canon 500D,D65,0.0,0.0
shading,camera_rgb_wb,0.5,0.5,Canon 500D,D65,0.0,0.0
shading,spectral_radiance,0.5,0.5,Canon 500D,D65,0.0,0.0
shading,cie_xyz,0.5,0.5,Canon 500D,D65,0.0,0.0
shading,camera_rgb_raw,0.5,0.5,Canon 500D,D65,0.0,0.0
shading,camera_rgb_wb,0.5,0.5,Canon 500D,D65,0.0,0.0
shading,spectral_radiance,0.5,0.5,Canon 500D,D65,8.67361737988e-19,1.90084145641e-16
shading,cie_xyz,0.5,0.5,Canon 500D,D65,4.16333634234e-17,1.51057195841e-16
shading,camera_rgb_raw,0.5,0.5,Canon 500D,D65,6.93889390391e-17,3.44977333909e-16
shading,camera_rgb_wb,0.5,0.5,Canon 500D,D65,1.11022302463e-16,3.36823814617e-16
shading,spectral_radiance,0.5,0.5,Canon 500D,D65,0.0,0.0
shading,cie_xyz,0.5,0.5,Canon 500D,D65,0.0,0.0
shading,camera_rgb_raw,0.5,0.5,Canon 500D,D65,0.0,0.0
shading,camera_rgb_wb,0.5,0.5,Canon 500D,D65,0.0,0.0
shading,spectral_radiance,0.5,0.5,Canon 50D,D65,0.0,0.0
shading,cie_xyz,0.5,0.5,Canon 50D,D65,0.0,0.0
shading,camera_rgb_raw,0.5,0.5,Canon 50D,D65,0.0,0.0
shading,camera_rgb_wb,0.5,0.5,Canon 50D,D65,0.0,0.0
shading,spectral_radiance,0.5,0.5,Canon 50D,D65,0.0,0.0
shading,cie_xyz,0.5,0.5,Canon 50D,D65,0.0,0.0
shading,camera_rgb_raw,0.5,0.5,Canon 50D,D65,0.0,0.0
shading,camera_rgb_wb,0.5,0.5,Canon 50D,D65,0.0,0.0
shading,spectral_radiance,0.5,0.5,Canon 50D,D65,8.67361737988e-19,1.90084145641e-16
shading,cie_xyz,0.5,0.5,Canon 50D,D65,4.16333634234e-17,1.51057195841e-16
shading,camera_rgb_raw,0.5,0.5,Canon 50D,D65,5.55111512313e-17,2.75242622281e-16
shading,camera_rgb_wb,0.5,0.5,Canon 50D,D65,1.11022302463e-16,3.28974432251e-16
shading,spectral_radiance,0.5,0.5,Canon 50D,D65,0.0,0.0
shading,cie_xyz,0.5,0.5,Canon 50D,D65,0.0,0.0
shading,camera_rgb_raw,0.5,0.5,Canon 50D,D65,0.0,0.0
shading,camera_rgb_wb,0.5,0.5,Canon 50D,D65,0.0,0.0
shading,spectral_radiance,0.5,0.5,Canon 5DMarkII,D65,0.0,0.0
shading,cie_xyz,0.5,0.5,Canon 5DMarkII,D65,0.0,0.0
shading,camera_rgb_raw,0.5,0.5,Canon 5DMarkII,D65,0.0,0.0
shading,camera_rgb_wb,0.5,0.5,Canon 5DMarkII,D65,0.0,0.0
shading,spectral_radiance,0.5,0.5,Canon 5DMarkII,D65,0.0,0.0
shading,cie_xyz,0.5,0.5,Canon 5DMarkII,D65,0.0,0.0
shading,camera_rgb_raw,0.5,0.5,Canon 5DMarkII,D65,0.0,0.0
shading,camera_rgb_wb,0.5,0.5,Canon 5DMarkII,D65,0.0,0.0
shading,spectral_radiance,0.5,0.5,Canon 5DMarkII,D65,8.67361737988e-19,1.90084145641e-16
shading,cie_xyz,0.5,0.5,Canon 5DMarkII,D65,4.16333634234e-17,1.51057195841e-16
shading,camera_rgb_raw,0.5,0.5,Canon 5DMarkII,D65,5.55111512313e-17,3.18229371918e-16
shading,camera_rgb_wb,0.5,0.5,Canon 5DMarkII,D65,1.66533453694e-16,4.71654909683e-16
shading,spectral_radiance,0.5,0.5,Canon 5DMarkII,D65,0.0,0.0
shading,cie_xyz,0.5,0.5,Canon 5DMarkII,D65,0.0,0.0
shading,camera_rgb_raw,0.5,0.5,Canon 5DMarkII,D65,0.0,0.0
shading,camera_rgb_wb,0.5,0.5,Canon 5DMarkII,D65,0.0,0.0
shading,spectral_radiance,0.5,0.5,Canon 600D,D65,0.0,0.0
shading,cie_xyz,0.5,0.5,Canon 600D,D65,0.0,0.0
shading,camera_rgb_raw,0.5,0.5,Canon 600D,D65,0.0,0.0
shading,camera_rgb_wb,0.5,0.5,Canon 600D,D65,0.0,0.0
shading,spectral_radiance,0.5,0.5,Canon 600D,D65,0.0,0.0
shading,cie_xyz,0.5,0.5,Canon 600D,D65,0.0,0.0
shading,camera_rgb_raw,0.5,0.5,Canon 600D,D65,0.0,0.0
shading,camera_rgb_wb,0.5,0.5,Canon 600D,D65,0.0,0.0
shading,spectral_radiance,0.5,0.5,Canon 600D,D65,8.67361737988e-19,1.90084145641e-16
shading,cie_xyz,0.5,0.5,Canon 600D,D65,4.16333634234e-17,1.51057195841e-16
shading,camera_rgb_raw,0.5,0.5,Canon 600D,D65,2.77555756156e-17,1.47254289422e-16
shading,camera_rgb_wb,0.5,0.5,Canon 600D,D65,1.11022302463e-16,3.08818015837e-16
shading,spectral_radiance,0.5,0.5,Canon 600D,D65,0.0,0.0
shading,cie_xyz,0.5,0.5,Canon 600D,D65,0.0,0.0
shading,camera_rgb_raw,0.5,0.5,Canon 600D,D65,0.0,0.0
shading,camera_rgb_wb,0.5,0.5,Canon 600D,D65,0.0,0.0
shading,spectral_radiance,0.5,0.5,Canon 60D,D65,0.0,0.0
shading,cie_xyz,0.5,0.5,Canon 60D,D65,0.0,0.0
shading,camera_rgb_raw,0.5,0.5,Canon 60D,D65,0.0,0.0
shading,camera_rgb_wb,0.5,0.5,Canon 60D,D65,0.0,0.0
shading,spectral_radiance,0.5,0.5,Canon 60D,D65,0.0,0.0
shading,cie_xyz,0.5,0.5,Canon 60D,D65,0.0,0.0
shading,camera_rgb_raw,0.5,0.5,Canon 60D,D65,0.0,0.0
shading,camera_rgb_wb,0.5,0.5,Canon 60D,D65,0.0,0.0
shading,spectral_radiance,0.5,0.5,Canon 60D,D65,8.67361737988e-19,1.90084145641e-16
shading,cie_xyz,0.5,0.5,Canon 60D,D65,4.16333634234e-17,1.51057195841e-16
shading,camera_rgb_raw,0.5,0.5,Canon 60D,D65,8.32667268469e-17,4.40796220965e-16
shading,camera_rgb_wb,0.5,0.5,Canon 60D,D65,1.11022302463e-16,3.08885118067e-16
shading,spectral_radiance,0.5,0.5,Canon 60D,D65,0.0,0.0
shading,cie_xyz,0.5,0.5,Canon 60D,D65,0.0,0.0
shading,camera_rgb_raw,0.5,0.5,Canon 60D,D65,0.0,0.0
shading,camera_rgb_wb,0.5,0.5,Canon 60D,D65,0.0,0.0
shading,spectral_radiance,0.5,0.5,Hasselblad H2,D65,0.0,0.0
shading,cie_xyz,0.5,0.5,Hasselblad H2,D65,0.0,0.0
shading,camera_rgb_raw,0.5,0.5,Hasselblad H2,D65,0.0,0.0
shading,camera_rgb_wb,0.5,0.5,Hasselblad H2,D65,0.0,0.0
shading,spectral_radiance,0.5,0.5,Hasselblad H2,D65,0.0,0.0
shading,cie_xyz,0.5,0.5,Hasselblad H2,D65,0.0,0.0
shading,camera_rgb_raw,0.5,0.5,Hasselblad H2,D65,0.0,0.0
shading,camera_rgb_wb,0.5,0.5,Hasselblad H2,D65,0.0,0.0
shading,spectral_radiance,0.5,0.5,Hasselblad H2,D65,8.67361737988e-19,1.90084145641e-16
shading,cie_xyz,0.5,0.5,Hasselblad H2,D65,4.16333634234e-17,1.51057195841e-16
shading,camera_rgb_raw,0.5,0.5,Hasselblad H2,D65,8.32667268469e-17,5.48198211925e-16
shading,camera_rgb_wb,0.5,0.5,Hasselblad H2,D65,1.11022302463e-16,2.88211803869e-16
shading,spectral_radiance,0.5,0.5,Hasselblad H2,D65,0.0,0.0
shading,cie_xyz,0.5,0.5,Hasselblad H2,D65,0.0,0.0
shading,camera_rgb_raw,0.5,0.5,Hasselblad H2,D65,0.0,0.0
shading,camera_rgb_wb,0.5,0.5,Hasselblad H2,D65,0.0,0.0
shading,spectral_radiance,0.5,0.5,Nikon D3X,D65,0.0,0.0
shading,cie_xyz,0.5,0.5,Nikon D3X,D65,0.0,0.0
shading,camera_rgb_raw,0.5,0.5,Nikon D3X,D65,0.0,0.0
shading,camera_rgb_wb,0.5,0.5,Nikon D3X,D65,0.0,0.0
shading,spectral_radiance,0.5,0.5,Nikon D3X,D65,0.0,0.0
shading,cie_xyz,0.5,0.5,Nikon D3X,D65,0.0,0.0
shading,camera_rgb_raw,0.5,0.5,Nikon D3X,D65,0.0,0.0
shading,camera_rgb_wb,0.5,0.5,Nikon D3X,D65,0.0,0.0
shading,spectral_radiance,0.5,0.5,Nikon D3X,D65,8.67361737988e-19,1.90084145641e-16
shading,cie_xyz,0.5,0.5,Nikon D3X,D65,4.16333634234e-17,1.51057195841e-16
shading,camera_rgb_raw,0.5,0.5,Nikon D3X,D65,2.77555756156e-17,1.64467014744e-16
shading,camera_rgb_wb,0.5,0.5,Nikon D3X,D65,1.11022302463e-16,3.01105546024e-16
shading,spectral_radiance,0.5,0.5,Nikon D3X,D65,0.0,0.0
shading,cie_xyz,0.5,0.5,Nikon D3X,D65,0.0,0.0
shading,camera_rgb_raw,0.5,0.5,Nikon D3X,D65,0.0,0.0
shading,camera_rgb_wb,0.5,0.5,Nikon D3X,D65,0.0,0.0
shading,spectral_radiance,0.5,0.5,Nikon D200,D65,0.0,0.0
shading,cie_xyz,0.5,0.5,Nikon D200,D65,0.0,0.0
shading,camera_rgb_raw,0.5,0.5,Nikon D200,D65,0.0,0.0
shading,camera_rgb_wb,0.5,0.5,Nikon D200,D65,0.0,0.0
shading,spectral_radiance,0.5,0.5,Nikon D200,D65,0.0,0.0
shading,cie_xyz,0.5,0.5,Nikon D200,D65,0.0,0.0
shading,camera_rgb_raw,0.5,0.5,Nikon D200,D65,0.0,0.0
shading,camera_rgb_wb,0.5,0.5,Nikon D200,D65,0.0,0.0
shading,spectral_radiance,0.5,0.5,Nikon D200,D65,8.67361737988e-19,1.90084145641e-16
shading,cie_xyz,0.5,0.5,Nikon D200,D65,4.16333634234e-17,1.51057195841e-16
shading,camera_rgb_raw,0.5,0.5,Nikon D200,D65,2.77555756156e-17,1.75551553807e-16
shading,camera_rgb_wb,0.5,0.5,Nikon D200,D65,5.55111512313e-17,1.50542600219e-16
shading,spectral_radiance,0.5,0.5,Nikon D200,D65,0.0,0.0
shading,cie_xyz,0.5,0.5,Nikon D200,D65,0.0,0.0
shading,camera_rgb_raw,0.5,0.5,Nikon D200,D65,0.0,0.0
shading,camera_rgb_wb,0.5,0.5,Nikon D200,D65,0.0,0.0
shading,spectral_radiance,0.5,0.5,Nikon D3,D65,0.0,0.0
shading,cie_xyz,0.5,0.5,Nikon D3,D65,0.0,0.0
shading,camera_rgb_raw,0.5,0.5,Nikon D3,D65,0.0,0.0
shading,camera_rgb_wb,0.5,0.5,Nikon D3,D65,0.0,0.0
shading,spectral_radiance,0.5,0.5,Nikon D3,D65,0.0,0.0
shading,cie_xyz,0.5,0.5,Nikon D3,D65,0.0,0.0
shading,camera_rgb_raw,0.5,0.5,Nikon D3,D65,0.0,0.0
shading,camera_rgb_wb,0.5,0.5,Nikon D3,D65,0.0,0.0
shading,spectral_radiance,0.5,0.5,Nikon D3,D65,8.67361737988e-19,1.90084145641e-16
shading,cie_xyz,0.5,0.5,Nikon D3,D65,4.16333634234e-17,1.51057195841e-16
shading,camera_rgb_raw,0.5,0.5,Nikon D3,D65,5.55111512313e-17,3.67332746085e-16
shading,camera_rgb_wb,0.5,0.5,Nikon D3,D65,1.66533453694e-16,4.55415050198e-16
shading,spectral_radiance,0.5,0.5,Nikon D3,D65,0.0,0.0
shading,cie_xyz,0.5,0.5,Nikon D3,D65,0.0,0.0
shading,camera_rgb_raw,0.5,0.5,Nikon D3,D65,0.0,0.0
shading,camera_rgb_wb,0.5,0.5,Nikon D3,D65,0.0,0.0
shading,spectral_radiance,0.5,0.5,Nikon D300s,D65,0.0,0.0
shading,cie_xyz,0.5,0.5,Nikon D300s,D65,0.0,0.0
shading,camera_rgb_raw,0.5,0.5,Nikon D300s,D65,0.0,0.0
shading,camera_rgb_wb,0.5,0.5,Nikon D300s,D65,0.0,0.0
shading,spectral_radiance,0.5,0.5,Nikon D300s,D65,0.0,0.0
shading,cie_xyz,0.5,0.5,Nikon D300s,D65,0.0,0.0
shading,camera_rgb_raw,0.5,0.5,Nikon D300s,D65,0.0,0.0
shading,camera_rgb_wb,0.5,0.5,Nikon D300s,D65,0.0,0.0
shading,spectral_radiance,0.5,0.5,Nikon D300s,D65,8.67361737988e-19,1.90084145641e-16
shading,cie_xyz,0.5,0.5,Nikon D300s,D65,4.16333634234e-17,1.51057195841e-16
shading,camera_rgb_raw,0.5,0.5,Nikon D300s,D65,5.55111512313e-17,3.15507960536e-16
shading,camera_rgb_wb,0.5,0.5,Nikon D300s,D65,1.11022302463e-16,3.13979147554e-16
shading,spectral_radiance,0.5,0.5,Nikon D300s,D65,0.0,0.0
shading,cie_xyz,0.5,0.5,Nikon D300s,D65,0.0,0.0
shading,camera_rgb_raw,0.5,0.5,Nikon D300s,D65,0.0,0.0
shading,camera_rgb_wb,0.5,0.5,Nikon D300s,D65,0.0,0.0
shading,spectral_radiance,0.5,0.5,Nikon D40,D65,0.0,0.0
shading,cie_xyz,0.5,0.5,Nikon D40,D65,0.0,0.0
shading,camera_rgb_raw,0.5,0.5,Nikon D40,D65,0.0,0.0
shading,camera_rgb_wb,0.5,0.5,Nikon D40,D65,0.0,0.0
shading,spectral_radiance,0.5,0.5,Nikon D40,D65,0.0,0.0
shading,cie_xyz,0.5,0.5,Nikon D40,D65,0.0,0.0
shading,camera_rgb_raw,0.5,0.5,Nikon D40,D65,0.0,0.0
shading,camera_rgb_wb,0.5,0.5,Nikon D40,D65,0.0,0.0
shading,spectral_radiance,0.5,0.5,Nikon D40,D65,8.67361737988e-19,1.90084145641e-16
shading,cie_xyz,0.5,0.5,Nikon D40,D65,4.16333634234e-17,1.51057195841e-16
shading,camera_rgb_raw,0.5,0.5,Nikon D40,D65,5.55111512313e-17,3.70851925953e-16
shading,camera_rgb_wb,0.5,0.5,Nikon D40,D65,5.55111512313e-17,1.51794622577e-16
shading,spectral_radiance,0.5,0.5,Nikon D40,D65,0.0,0.0
shading,cie_xyz,0.5,0.5,Nikon D40,D65,0.0,0.0
shading,camera_rgb_raw,0.5,0.5,Nikon D40,D65,0.0,0.0
shading,camera_rgb_wb,0.5,0.5,Nikon D40,D65,0.0,0.0
shading,spectral_radiance,0.5,0.5,Nikon D50,D65,0.0,0.0
shading,cie_xyz,0.5,0.5,Nikon D50,D65,0.0,0.0
shading,camera_rgb_raw,0.5,0.5,Nikon D50,D65,0.0,0.0
shading,camera_rgb_wb,0.5,0.5,Nikon D50,D65,0.0,0.0
shading,spectral_radiance,0.5,0.5,Nikon D50,D65,0.0,0.0
shading,cie_xyz,0.5,0.5,Nikon D50,D65,0.0,0.0
shading,camera_rgb_raw,0.5,0.5,Nikon D50,D65,0.0,0.0
shading,camera_rgb_wb,0.5,0.5,Nikon D50,D65,0.0,0.0
shading,spectral_radiance,0.5,0.5,Nikon D50,D65,8.67361737988e-19,1.90084145641e-16
shading,cie_xyz,0.5,0.5,Nikon D50,D65,4.16333634234e-17,1.51057195841e-16
shading,camera_rgb_raw,0.5,0.5,Nikon D50,D65,5.55111512313e-17,3.67116176632e-16
shading,camera_rgb_wb,0.5,0.5,Nikon D50,D65,1.11022302463e-16,2.93979099358e-16
shading,spectral_radiance,0.5,0.5,Nikon D50,D65,0.0,0.0
shading,cie_xyz,0.5,0.5,Nikon D50,D65,0.0,0.0
shading,camera_rgb_raw,0.5,0.5,Nikon D50,D65,0.0,0.0
shading,camera_rgb_wb,0.5,0.5,Nikon D50,D65,0.0,0.0
shading,spectral_radiance,0.5,0.5,Nikon D5100,D65,0.0,0.0
shading,cie_xyz,0.5,0.5,Nikon D5100,D65,0.0,0.0
shading,camera_rgb_raw,0.5,0.5,Nikon D5100,D65,0.0,0.0
shading,camera_rgb_wb,0.5,0.5,Nikon D5100,D65,0.0,0.0
shading,spectral_radiance,0.5,0.5,Nikon D5100,D65,0.0,0.0
shading,cie_xyz,0.5,0.5,Nikon D5100,D65,0.0,0.0
shading,camera_rgb_raw,0.5,0.5,Nikon D5100,D65,0.0,0.0
shading,camera_rgb_wb,0.5,0.5,Nikon D5100,D65,0.0,0.0
shading,spectral_radiance,0.5,0.5,Nikon D5100,D65,8.67361737988e-19,1.90084145641e-16
shading,cie_xyz,0.5,0.5,Nikon D5100,D65,4.16333634234e-17,1.51057195841e-16
shading,camera_rgb_raw,0.5,0.5,Nikon D5100,D65,5.55111512313e-17,3.36434311722e-16
shading,camera_rgb_wb,0.5,0.5,Nikon D5100,D65,1.11022302463e-16,3.11140578426e-16
shading,spectral_radiance,0.5,0.5,Nikon D5100,D65,0.0,0.0
shading,cie_xyz,0.5,0.5,Nikon D5100,D65,0.0,0.0
shading,camera_rgb_raw,0.5,0.5,Nikon D5100,D65,0.0,0.0
shading,camera_rgb_wb,0.5,0.5,Nikon D5100,D65,0.0,0.0
shading,spectral_radiance,0.5,0.5,Nikon D700,D65,0.0,0.0
shading,cie_xyz,0.5,0.5,Nikon D700,D65,0.0,0.0
shading,camera_rgb_raw,0.5,0.5,Nikon D700,D65,0.0,0.0
shading,camera_rgb_wb,0.5,0.5,Nikon D700,D65,0.0,0.0
shading,spectral_radiance,0.5,0.5,Nikon D700,D65,0.0,0.0
shading,cie_xyz,0.5,0.5,Nikon D700,D65,0.0,0.0
shading,camera_rgb_raw,0.5,0.5,Nikon D700,D65,0.0,0.0
shading,camera_rgb_wb,0.5,0.5,Nikon D700,D65,0.0,0.0
shading,spectral_radiance,0.5,0.5,Nikon D700,D65,8.67361737988e-19,1.90084145641e-16
shading,cie_xyz,0.5,0.5,Nikon D700,D65,4.16333634234e-17,1.51057195841e-16
shading,camera_rgb_raw,0.5,0.5,Nikon D700,D65,8.32667268469e-17,5.29897224434e-16
shading,camera_rgb_wb,0.5,0.5,Nikon D700,D65,8.32667268469e-17,2.26892364333e-16
shading,spectral_radiance,0.5,0.5,Nikon D700,D65,0.0,0.0
shading,cie_xyz,0.5,0.5,Nikon D700,D65,0.0,0.0
shading,camera_rgb_raw,0.5,0.5,Nikon D700,D65,0.0,0.0
shading,camera_rgb_wb,0.5,0.5,Nikon D700,D65,0.0,0.0
shading,spectral_radiance,0.5,0.5,Nikon D80,D65,0.0,0.0
shading,cie_xyz,0.5,0.5,Nikon D80,D65,0.0,0.0
shading,camera_rgb_raw,0.5,0.5,Nikon D80,D65,0.0,0.0
shading,camera_rgb_wb,0.5,0.5,Nikon D80,D65,0.0,0.0
shading,spectral_radiance,0.5,0.5,Nikon D80,D65,0.0,0.0
shading,cie_xyz,0.5,0.5,Nikon D80,D65,0.0,0.0
shading,camera_rgb_raw,0.5,0.5,Nikon D80,D65,0.0,0.0
shading,camera_rgb_wb,0.5,0.5,Nikon D80,D65,0.0,0.0
shading,spectral_radiance,0.5,0.5,Nikon D80,D65,8.67361737988e-19,1.90084145641e-16
shading,cie_xyz,0.5,0.5,Nikon D80,D65,4.16333634234e-17,1.51057195841e-16
shading,camera_rgb_raw,0.5,0.5,Nikon D80,D65,2.77555756156e-17,1.95676996167e-16
shading,camera_rgb_wb,0.5,0.5,Nikon D80,D65,1.11022302463e-16,2.9814625556e-16
shading,spectral_radiance,0.5,0.5,Nikon D80,D65,0.0,0.0
shading,cie_xyz,0.5,0.5,Nikon D80,D65,0.0,0.0
shading,camera_rgb_raw,0.5,0.5,Nikon D80,D65,0.0,0.0
shading,camera_rgb_wb,0.5,0.5,Nikon D80,D65,0.0,0.0
shading,spectral_radiance,0.5,0.5,Nikon D90,D65,0.0,0.0
shading,cie_xyz,0.5,0.5,Nikon D90,D65,0.0,0.0
shading,camera_rgb_raw,0.5,0.5,Nikon D90,D65,0.0,0.0
shading,camera_rgb_wb,0.5,0.5,Nikon D90,D65,0.0,0.0
shading,spectral_radiance,0.5,0.5,Nikon D90,D65,0.0,0.0
shading,cie_xyz,0.5,0.5,Nikon D90,D65,0.0,0.0
shading,camera_rgb_raw,0.5,0.5,Nikon D90,D65,0.0,0.0
shading,camera_rgb_wb,0.5,0.5,Nikon D90,D65,0.0,0.0
shading,spectral_radiance,0.5,0.5,Nikon D90,D65,8.67361737988e-19,1.90084145641e-16
shading,cie_xyz,0.5,0.5,Nikon D90,D65,4.16333634234e-17,1.51057195841e-16
shading,camera_rgb_raw,0.5,0.5,Nikon D90,D65,2.77555756156e-17,1.84503657061e-16
shading,camera_rgb_wb,0.5,0.5,Nikon D90,D65,5.55111512313e-17,1.57672186542e-16
shading,spectral_radiance,0.5,0.5,Nikon D90,D65,0.0,0.0
shading,cie_xyz,0.5,0.5,Nikon D90,D65,0.0,0.0
shading,camera_rgb_raw,0.5,0.5,Nikon D90,D65,0.0,0.0
shading,camera_rgb_wb,0.5,0.5,Nikon D90,D65,0.0,0.0
shading,spectral_radiance,0.5,0.5,Nokia N900,D65,0.0,0.0
shading,cie_xyz,0.5,0.5,Nokia N900,D65,0.0,0.0
shading,camera_rgb_raw,0.5,0.5,Nokia N900,D65,0.0,0.0
shading,camera_rgb_wb,0.5,0.5,Nokia N900,D65,0.0,0.0
shading,spectral_radiance,0.5,0.5,Nokia N900,D65,0.0,0.0
shading,cie_xyz,0.5,0.5,Nokia N900,D65,0.0,0.0
shading,camera_rgb_raw,0.5,0.5,Nokia N900,D65,0.0,0.0
shading,camera_rgb_wb,0.5,0.5,Nokia N900,D65,0.0,0.0
shading,spectral_radiance,0.5,0.5,Nokia N900,D65,8.67361737988e-19,1.90084145641e-16
shading,cie_xyz,0.5,0.5,Nokia N900,D65,4.16333634234e-17,1.51057195841e-16
shading,camera_rgb_raw,0.5,0.5,Nokia N900,D65,5.55111512313e-17,2.27139380246e-16
shading,camera_rgb_wb,0.5,0.5,Nokia N900,D65,5.55111512313e-17,1.43213199976e-16
shading,spectral_radiance,0.5,0.5,Nokia N900,D65,0.0,0.0
shading,cie_xyz,0.5,0.5,Nokia N900,D65,0.0,0.0
shading,camera_rgb_raw,0.5,0.5,Nokia N900,D65,0.0,0.0
shading,camera_rgb_wb,0.5,0.5,Nokia N900,D65,0.0,0.0
shading,spectral_radiance,0.5,0.5,Olympus E-PL2,D65,0.0,0.0
shading,cie_xyz,0.5,0.5,Olympus E-PL2,D65,0.0,0.0
shading,camera_rgb_raw,0.5,0.5,Olympus E-PL2,D65,0.0,0.0
shading,camera_rgb_wb,0.5,0.5,Olympus E-PL2,D65,0.0,0.0
shading,spectral_radiance,0.5,0.5,Olympus E-PL2,D65,0.0,0.0
shading,cie_xyz,0.5,0.5,Olympus E-PL2,D65,0.0,0.0
shading,camera_rgb_raw,0.5,0.5,Olympus E-PL2,D65,0.0,0.0
shading,camera_rgb_wb,0.5,0.5,Olympus E-PL2,D65,0.0,0.0
shading,spectral_radiance,0.5,0.5,Olympus E-PL2,D65,8.67361737988e-19,1.90084145641e-16
shading,cie_xyz,0.5,0.5,Olympus E-PL2,D65,4.16333634234e-17,1.51057195841e-16
shading,camera_rgb_raw,0.5,0.5,Olympus E-PL2,D65,5.55111512313e-17,2.22239732621e-16
shading,camera_rgb_wb,0.5,0.5,Olympus E-PL2,D65,5.55111512313e-17,1.35852222652e-16
shading,spectral_radiance,0.5,0.5,Olympus E-PL2,D65,0.0,0.0
shading,cie_xyz,0.5,0.5,Olympus E-PL2,D65,0.0,0.0
shading,camera_rgb_raw,0.5,0.5,Olympus E-PL2,D65,0.0,0.0
shading,camera_rgb_wb,0.5,0.5,Olympus E-PL2,D65,0.0,0.0
shading,spectral_radiance,0.5,0.5,Pentax K-5,D65,0.0,0.0
shading,cie_xyz,0.5,0.5,Pentax K-5,D65,0.0,0.0
shading,camera_rgb_raw,0.5,0.5,Pentax K-5,D65,0.0,0.0
shading,camera_rgb_wb,0.5,0.5,Pentax K-5,D65,0.0,0.0
shading,spectral_radiance,0.5,0.5,Pentax K-5,D65,0.0,0.0
shading,cie_xyz,0.5,0.5,Pentax K-5,D65,0.0,0.0
shading,camera_rgb_raw,0.5,0.5,Pentax K-5,D65,0.0,0.0
shading,camera_rgb_wb,0.5,0.5,Pentax K-5,D65,0.0,0.0
shading,spectral_radiance,0.5,0.5,Pentax K-5,D65,8.67361737988e-19,1.90084145641e-16
shading,cie_xyz,0.5,0.5,Pentax K-5,D65,4.16333634234e-17,1.51057195841e-16
shading,camera_rgb_raw,0.5,0.5,Pentax K-5,D65,5.55111512313e-17,3.20749683074e-16
shading,camera_rgb_wb,0.5,0.5,Pentax K-5,D65,1.11022302463e-16,3.04420729122e-16
shading,spectral_radiance,0.5,0.5,Pentax K-5,D65,0.0,0.0
shading,cie_xyz,0.5,0.5,Pentax K-5,D65,0.0,0.0
shading,camera_rgb_raw,0.5,0.5,Pentax K-5,D65,0.0,0.0
shading,camera_rgb_wb,0.5,0.5,Pentax K-5,D65,0.0,0.0
shading,spectral_radiance,0.5,0.5,Pentax Q,D65,0.0,0.0
shading,cie_xyz,0.5,0.5,Pentax Q,D65,0.0,0.0
shading,camera_rgb_raw,0.5,0.5,Pentax Q,D65,0.0,0.0
shading,camera_rgb_wb,0.5,0.5,Pentax Q,D65,0.0,0.0
shading,spectral_radiance,0.5,0.5,Pentax Q,D65,0.0,0.0
shading,cie_xyz,0.5,0.5,Pentax Q,D65,0.0,0.0
shading,camera_rgb_raw,0.5,0.5,Pentax Q,D65,0.0,0.0
shading,camera_rgb_wb,0.5,0.5,Pentax Q,D65,0.0,0.0
shading,spectral_radiance,0.5,0.5,Pentax Q,D65,8.67361737988e-19,1.90084145641e-16
shading,cie_xyz,0.5,0.5,Pentax Q,D65,4.16333634234e-17,1.51057195841e-16
shading,camera_rgb_raw,0.5,0.5,Pentax Q,D65,5.55111512313e-17,2.14020602394e-16
shading,camera_rgb_wb,0.5,0.5,Pentax Q,D65,1.11022302463e-16,2.87342953053e-16
shading,spectral_radiance,0.5,0.5,Pentax Q,D65,0.0,0.0
shading,cie_xyz,0.5,0.5,Pentax Q,D65,0.0,0.0
shading,camera_rgb_raw,0.5,0.5,Pentax Q,D65,0.0,0.0
shading,camera_rgb_wb,0.5,0.5,Pentax Q,D65,0.0,0.0
shading,spectral_radiance,0.5,0.5,Point Grey Grasshopper 50S5C,D65,0.0,0.0
shading,cie_xyz,0.5,0.5,Point Grey Grasshopper 50S5C,D65,0.0,0.0
shading,camera_rgb_raw,0.5,0.5,Point Grey Grasshopper 50S5C,D65,0.0,0.0
shading,camera_rgb_wb,0.5,0.5,Point Grey Grasshopper 50S5C,D65,0.0,0.0
shading,spectral_radiance,0.5,0.5,Point Grey Grasshopper 50S5C,D65,0.0,0.0
shading,cie_xyz,0.5,0.5,Point Grey Grasshopper 50S5C,D65,0.0,0.0
shading,camera_rgb_raw,0.5,0.5,Point Grey Grasshopper 50S5C,D65,0.0,0.0
shading,camera_rgb_wb,0.5,0.5,Point Grey Grasshopper 50S5C,D65,0.0,0.0
shading,spectral_radiance,0.5,0.5,Point Grey Grasshopper 50S5C,D65,8.67361737988e-19,1.90084145641e-16
shading,cie_xyz,0.5,0.5,Point Grey Grasshopper 50S5C,D65,4.16333634234e-17,1.51057195841e-16
shading,camera_rgb_raw,0.5,0.5,Point Grey Grasshopper 50S5C,D65,2.77555756156e-17,1.42506640104e-16
shading,camera_rgb_wb,0.5,0.5,Point Grey Grasshopper 50S5C,D65,5.55111512313e-17,1.13946402159e-16
shading,spectral_radiance,0.5,0.5,Point Grey Grasshopper 50S5C,D65,0.0,0.0
shading,cie_xyz,0.5,0.5,Point Grey Grasshopper 50S5C,D65,0.0,0.0
shading,camera_rgb_raw,0.5,0.5,Point Grey Grasshopper 50S5C,D65,0.0,0.0
shading,camera_rgb_wb,0.5,0.5,Point Grey Grasshopper 50S5C,D65,0.0,0.0
shading,spectral_radiance,0.5,0.5,Point Grey Grasshopper2 14S5C,D65,0.0,0.0
shading,cie_xyz,0.5,0.5,Point Grey Grasshopper2 14S5C,D65,0.0,0.0
shading,camera_rgb_raw,0.5,0.5,Point Grey Grasshopper2 14S5C,D65,0.0,0.0
shading,camera_rgb_wb,0.5,0.5,Point Grey Grasshopper2 14S5C,D65,0.0,0.0
shading,spectral_radiance,0.5,0.5,Point Grey Grasshopper2 14S5C,D65,0.0,0.0
shading,cie_xyz,0.5,0.5,Point Grey Grasshopper2 14S5C,D65,0.0,0.0
shading,camera_rgb_raw,0.5,0.5,Point Grey Grasshopper2 14S5C,D65,0.0,0.0
shading,camera_rgb_wb,0.5,0.5,Point Grey Grasshopper2 14S5C,D65,0.0,0.0
shading,spectral_radiance,0.5,0.5,Point Grey Grasshopper2 14S5C,D65,8.67361737988e-19,1.90084145641e-16
shading,cie_xyz,0.5,0.5,Point Grey Grasshopper2 14S5C,D65,4.16333634234e-17,1.51057195841e-16
shading,camera_rgb_raw,0.5,0.5,Point Grey Grasshopper2 14S5C,D65,8.32667268469e-17,4.16945304303e-16
shading,camera_rgb_wb,0.5,0.5,Point Grey Grasshopper2 14S5C,D65,1.66533453694e-16,3.79495373417e-16
shading,spectral_radiance,0.5,0.5,Point Grey Grasshopper2 14S5C,D65,0.0,0.0
shading,cie_xyz,0.5,0.5,Point Grey Grasshopper2 14S5C,D65,0.0,0.0
shading,camera_rgb_raw,0.5,0.5,Point Grey Grasshopper2 14S5C,D65,0.0,0.0
shading,camera_rgb_wb,0.5,0.5,Point Grey Grasshopper2 14S5C,D65,0.0,0.0
shading,spectral_radiance,0.5,0.5,Phase One,D65,0.0,0.0
shading,cie_xyz,0.5,0.5,Phase One,D65,0.0,0.0
shading,camera_rgb_raw,0.5,0.5,Phase One,D65,0.0,0.0
shading,camera_rgb_wb,0.5,0.5,Phase One,D65,0.0,0.0
shading,spectral_radiance,0.5,0.5,Phase One,D65,0.0,0.0
shading,cie_xyz,0.5,0.5,Phase One,D65,0.0,0.0
shading,camera_rgb_raw,0.5,0.5,Phase One,D65,0.0,0.0
shading,camera_rgb_wb,0.5,0.5,Phase One,D65,0.0,0.0
shading,spectral_radiance,0.5,0.5,Phase One,D65,8.67361737988e-19,1.90084145641e-16
shading,cie_xyz,0.5,0.5,Phase One,D65,4.16333634234e-17,1.51057195841e-16
shading,camera_rgb_raw,0.5,0.5,Phase One,D65,5.55111512313e-17,3.63603030318e-16
shading,camera_rgb_wb,0.5,0.5,Phase One,D65,1.66533453694e-16,5.36350980354e-16
shading,spectral_radiance,0.5,0.5,Phase One,D65,0.0,0.0
shading,cie_xyz,0.5,0.5,Phase One,D65,0.0,0.0
shading,camera_rgb_raw,0.5,0.5,Phase One,D65,0.0,0.0
shading,camera_rgb_wb,0.5,0.5,Phase One,D65,0.0,0.0
shading,spectral_radiance,0.5,0.5,SONY NEX-5N,D65,0.0,0.0
shading,cie_xyz,0.5,0.5,SONY NEX-5N,D65,0.0,0.0
shading,camera_rgb_raw,0.5,0.5,SONY NEX-5N,D65,0.0,0.0
shading,camera_rgb_wb,0.5,0.5,SONY NEX-5N,D65,0.0,0.0
shading,spectral_radiance,0.5,0.5,SONY NEX-5N,D65,0.0,0.0
shading,cie_xyz,0.5,0.5,SONY NEX-5N,D65,0.0,0.0
shading,camera_rgb_raw,0.5,0.5,SONY NEX-5N,D65,0.0,0.0
shading,camera_rgb_wb,0.5,0.5,SONY NEX-5N,D65,0.0,0.0
shading,spectral_radiance,0.5,0.5,SONY NEX-5N,D65,8.67361737988e-19,1.90084145641e-16
shading,cie_xyz,0.5,0.5,SONY NEX-5N,D65,4.16333634234e-17,1.51057195841e-16
shading,camera_rgb_raw,0.5,0.5,SONY NEX-5N,D65,8.32667268469e-17,5.11349468165e-16
shading,camera_rgb_wb,0.5,0.5,SONY NEX-5N,D65,1.11022302463e-16,3.26022062215e-16
shading,spectral_radiance,0.5,0.5,SONY NEX-5N,D65,0.0,0.0
shading,cie_xyz,0.5,0.5,SONY NEX-5N,D65,0.0,0.0
shading,camera_rgb_raw,0.5,0.5,SONY NEX-5N,D65,0.0,0.0
shading,camera_rgb_wb,0.5,0.5,SONY NEX-5N,D65,0.0,0.0
shading,spectral_radiance,0.5,0.5,Canon 1DMarkIII,A,0.0,0.0
shading,cie_xyz,0.5,0.5,Canon 1DMarkIII,A,0.0,0.0
shading,camera_rgb_raw,0.5,0.5,Canon 1DMarkIII,A,0.0,0.0
shading,camera_rgb_wb,0.5,0.5,Canon 1DMarkIII,A,0.0,0.0
shading,spectral_radiance,0.5,0.5,Canon 1DMarkIII,A,0.0,0.0
shading,cie_xyz,0.5,0.5,Canon 1DMarkIII,A,0.0,0.0
shading,camera_rgb_raw,0.5,0.5,Canon 1DMarkIII,A,0.0,0.0
shading,camera_rgb_wb,0.5,0.5,Canon 1DMarkIII,A,0.0,0.0
shading,spectral_radiance,0.5,0.5,Canon 1DMarkIII,A,1.73472347598e-18,1.34640283142e-16
shading,cie_xyz,0.5,0.5,Canon 1DMarkIII,A,5.55111512313e-17,1.39430299949e-16
shading,camera_rgb_raw,0.5,0.5,Canon 1DMarkIII,A,2.77555756156e-17,1.33670662475e-16
shading,camera_rgb_wb,0.5,0.5,Canon 1DMarkIII,A,5.55111512313e-17,1.3807025331e-16
shading,spectral_radiance,0.5,0.5,Canon 1DMarkIII,A,0.0,0.0
shading,cie_xyz,0.5,0.5,Canon 1DMarkIII,A,0.0,0.0
shading,camera_rgb_raw,0.5,0.5,Canon 1DMarkIII,A,0.0,0.0
shading,camera_rgb_wb,0.5,0.5,Canon 1DMarkIII,A,0.0,0.0
shading,spectral_radiance,0.5,0.5,Canon 20D,A,0.0,0.0
shading,cie_xyz,0.5,0.5,Canon 20D,A,0.0,0.0
shading,camera_rgb_raw,0.5,0.5,Canon 20D,A,0.0,0.0
shading,camera_rgb_wb,0.5,0.5,Canon 20D,A,0.0,0.0
shading,spectral_radiance,0.5,0.5,Canon 20D,A,0.0,0.0
shading,cie_xyz,0.5,0.5,Canon 20D,A,0.0,0.0
shading,camera_rgb_raw,0.5,0.5,Canon 20D,A,0.0,0.0
shading,camera_rgb_wb,0.5,0.5,Canon 20D,A,0.0,0.0
shading,spectral_radiance,0.5,0.5,Canon 20D,A,1.73472347598e-18,1.34640283142e-16
shading,cie_xyz,0.5,0.5,Canon 20D,A,5.55111512313e-17,1.39430299949e-16
shading,camera_rgb_raw,0.5,0.5,Canon 20D,A,8.32667268469e-17,3.45083448647e-16
shading,camera_rgb_wb,0.5,0.5,Canon 20D,A,1.11022302463e-16,2.72546192764e-16
shading,spectral_radiance,0.5,0.5,Canon 20D,A,0.0,0.0
shading,cie_xyz,0.5,0.5,Canon 20D,A,0.0,0.0
shading,camera_rgb_raw,0.5,0.5,Canon 20D,A,0.0,0.0
shading,camera_rgb_wb,0.5,0.5,Canon 20D,A,0.0,0.0
shading,spectral_radiance,0.5,0.5,Canon 300D,A,0.0,0.0
shading,cie_xyz,0.5,0.5,Canon 300D,A,0.0,0.0
shading,camera_rgb_raw,0.5,0.5,Canon 300D,A,0.0,0.0
shading,camera_rgb_wb,0.5,0.5,Canon 300D,A,0.0,0.0
shading,spectral_radiance,0.5,0.5,Canon 300D,A,0.0,0.0
shading,cie_xyz,0.5,0.5,Canon 300D,A,0.0,0.0
shading,camera_rgb_raw,0.5,0.5,Canon 300D,A,0.0,0.0
shading,camera_rgb_wb,0.5,0.5,Canon 300D,A,0.0,0.0
shading,spectral_radiance,0.5,0.5,Canon 300D,A,1.73472347598e-18,1.34640283142e-16
shading,cie_xyz,0.5,0.5,Canon 300D,A,5.55111512313e-17,1.39430299949e-16
shading,camera_rgb_raw,0.5,0.5,Canon 300D,A,5.55111512313e-17,2.2126037912e-16
shading,camera_rgb_wb,0.5,0.5,Canon 300D,A,8.32667268469e-17,2.04570047179e-16
shading,spectral_radiance,0.5,0.5,Canon 300D,A,0.0,0.0
shading,cie_xyz,0.5,0.5,Canon 300D,A,0.0,0.0
shading,camera_rgb_raw,0.5,0.5,Canon 300D,A,0.0,0.0
shading,camera_rgb_wb,0.5,0.5,Canon 300D,A,0.0,0.0
shading,spectral_radiance,0.5,0.5,Canon 40D,A,0.0,0.0
shading,cie_xyz,0.5,0.5,Canon 40D,A,0.0,0.0
shading,camera_rgb_raw,0.5,0.5,Canon 40D,A,0.0,0.0
shading,camera_rgb_wb,0.5,0.5,Canon 40D,A,0.0,0.0
shading,spectral_radiance,0.5,0.5,Canon 40D,A,0.0,0.0
shading,cie_xyz,0.5,0.5,Canon 40D,A,0.0,0.0
shading,camera_rgb_raw,0.5,0.5,Canon 40D,A,0.0,0.0
shading,camera_rgb_wb,0.5,0.5,Canon 40D,A,0.0,0.0
shading,spectral_radiance,0.5,0.5,Canon 40D,A,1.73472347598e-18,1.34640283142e-16
shading,cie_xyz,0.5,0.5,Canon 40D,A,5.55111512313e-17,1.39430299949e-16
shading,camera_rgb_raw,0.5,0.5,Canon 40D,A,5.55111512313e-17,2.44377356845e-16
shading,camera_rgb_wb,0.5,0.5,Canon 40D,A,8.32667268469e-17,2.01130016561e-16
shading,spectral_radiance,0.5,0.5,Canon 40D,A,0.0,0.0
shading,cie_xyz,0.5,0.5,Canon 40D,A,0.0,0.0
shading,camera_rgb_raw,0.5,0.5,Canon 40D,A,0.0,0.0
shading,camera_rgb_wb,0.5,0.5,Canon 40D,A,0.0,0.0
shading,spectral_radiance,0.5,0.5,Canon 500D,A,0.0,0.0
shading,cie_xyz,0.5,0.5,Canon 500D,A,0.0,0.0
shading,camera_rgb_raw,0.5,0.5,Canon 500D,A,0.0,0.0
shading,camera_rgb_wb,0.5,0.5,Canon 500D,A,0.0,0.0
shading,spectral_radiance,0.5,0.5,Canon 500D,A,0.0,0.0
shading,cie_xyz,0.5,0.5,Canon 500D,A,0.0,0.0
shading,camera_rgb_raw,0.5,0.5,Canon 500D,A,0.0,0.0
shading,camera_rgb_wb,0.5,0.5,Canon 500D,A,0.0,0.0
shading,spectral_radiance,0.5,0.5,Canon 500D,A,1.73472347598e-18,1.34640283142e-16
shading,cie_xyz,0.5,0.5,Canon 500D,A,5.55111512313e-17,1.39430299949e-16
shading,camera_rgb_raw,0.5,0.5,Canon 500D,A,8.32667268469e-17,3.52975513578e-16
shading,camera_rgb_wb,0.5,0.5,Canon 500D,A,1.66533453694e-16,4.38636058642e-16
shading,spectral_radiance,0.5,0.5,Canon 500D,A,0.0,0.0
shading,cie_xyz,0.5,0.5,Canon 500D,A,0.0,0.0
shading,camera_rgb_raw,0.5,0.5,Canon 500D,A,0.0,0.0
shading,camera_rgb_wb,0.5,0.5,Canon 500D,A,0.0,0.0
shading,spectral_radiance,0.5,0.5,Canon 50D,A,0.0,0.0
shading,cie_xyz,0.5,0.5,Canon 50D,A,0.0,0.0
shading,camera_rgb_raw,0.5,0.5,Canon 50D,A,0.0,0.0
shading,camera_rgb_wb,0.5,0.5,Canon 50D,A,0.0,0.0
shading,spectral_radiance,0.5,0.5,Canon 50D,A,0.0,0.0
shading,cie_xyz,0.5,0.5,Canon 50D,A,0.0,0.0
shading,camera_rgb_raw,0.5,0.5,Canon 50D,A,0.0,0.0
shading,camera_rgb_wb,0.5,0.5,Canon 50D,A,0.0,0.0
shading,spectral_radiance,0.5,0.5,Canon 50D,A,1.73472347598e-18,1.34640283142e-16
shading,cie_xyz,0.5,0.5,Canon 50D,A,5.55111512313e-17,1.39430299949e-16
shading,camera_rgb_raw,0.5,0.5,Canon 50D,A,5.55111512313e-17,2.36719153641e-16
shading,camera_rgb_wb,0.5,0.5,Canon 50D,A,2.77555756156e-17,7.18333839173e-17
shading,spectral_radiance,0.5,0.5,Canon 50D,A,0.0,0.0
shading,cie_xyz,0.5,0.5,Canon 50D,A,0.0,0.0
shading,camera_rgb_raw,0.5,0.5,Canon 50D,A,0.0,0.0
shading,camera_rgb_wb,0.5,0.5,Canon 50D,A,0.0,0.0
shading,spectral_radiance,0.5,0.5,Canon 5DMarkII,A,0.0,0.0
shading,cie_xyz,0.5,0.5,Canon 5DMarkII,A,0.0,0.0
shading,camera_rgb_raw,0.5,0.5,Canon 5DMarkII,A,0.0,0.0
shading,camera_rgb_wb,0.5,0.5,Canon 5DMarkII,A,0.0,0.0
shading,spectral_radiance,0.5,0.5,Canon 5DMarkII,A,0.0,0.0
shading,cie_xyz,0.5,0.5,Canon 5DMarkII,A,0.0,0.0
shading,camera_rgb_raw,0.5,0.5,Canon 5DMarkII,A,0.0,0.0
shading,camera_rgb_wb,0.5,0.5,Canon 5DMarkII,A,0.0,0.0
shading,spectral_radiance,0.5,0.5,Canon 5DMarkII,A,1.73472347598e-18,1.34640283142e-16
shading,cie_xyz,0.5,0.5,Canon 5DMarkII,A,5.55111512313e-17,1.39430299949e-16
shading,camera_rgb_raw,0.5,0.5,Canon 5DMarkII,A,5.55111512313e-17,2.41673735818e-16
shading,camera_rgb_wb,0.5,0.5,Canon 5DMarkII,A,5.55111512313e-17,1.40488084387e-16
shading,spectral_radiance,0.5,0.5,Canon 5DMarkII,A,0.0,0.0
shading,cie_xyz,0.5,0.5,Canon 5DMarkII,A,0.0,0.0
shading,camera_rgb_raw,0.5,0.5,Canon 5DMarkII,A,0.0,0.0
shading,camera_rgb_wb,0.5,0.5,Canon 5DMarkII,A,0.0,0.0
shading,spectral_radiance,0.5,0.5,Canon 600D,A,0.0,0.0
shading,cie_xyz,0.5,0.5,Canon 600D,A,0.0,0.0
shading,camera_rgb_raw,0.5,0.5,Canon 600D,A,0.0,0.0
shading,camera_rgb_wb,0.5,0.5,Canon 600D,A,0.0,0.0
shading,spectral_radiance,0.5,0.5,Canon 600D,A,0.0,0.0
shading,cie_xyz,0.5,0.5,Canon 600D,A,0.0,0.0
shading,camera_rgb_raw,0.5,0.5,Canon 600D,A,0.0,0.0
shading,camera_rgb_wb,0.5,0.5,Canon 600D,A,0.0,0.0
shading,spectral_radiance,0.5,0.5,Canon 600D,A,1.73472347598e-18,1.34640283142e-16
shading,cie_xyz,0.5,0.5,Canon 600D,A,5.55111512313e-17,1.39430299949e-16
shading,camera_rgb_raw,0.5,0.5,Canon 600D,A,5.55111512313e-17,2.4810237462e-16
shading,camera_rgb_wb,0.5,0.5,Canon 600D,A,8.32667268469e-17,2.07388604225e-16
shading,spectral_radiance,0.5,0.5,Canon 600D,A,0.0,0.0
shading,cie_xyz,0.5,0.5,Canon 600D,A,0.0,0.0
shading,camera_rgb_raw,0.5,0.5,Canon 600D,A,0.0,0.0
shading,camera_rgb_wb,0.5,0.5,Canon 600D,A,0.0,0.0
shading,spectral_radiance,0.5,0.5,Canon 60D,A,0.0,0.0
shading,cie_xyz,0.5,0.5,Canon 60D,A,0.0,0.0
shading,camera_rgb_raw,0.5,0.5,Canon 60D,A,0.0,0.0
shading,camera_rgb_wb,0.5,0.5,Canon 60D,A,0.0,0.0
shading,spectral_radiance,0.5,0.5,Canon 60D,A,0.0,0.0
shading,cie_xyz,0.5,0.5,Canon 60D,A,0.0,0.0
shading,camera_rgb_raw,0.5,0.5,Canon 60D,A,0.0,0.0
shading,camera_rgb_wb,0.5,0.5,Canon 60D,A,0.0,0.0
shading,spectral_radiance,0.5,0.5,Canon 60D,A,1.73472347598e-18,1.34640283142e-16
shading,cie_xyz,0.5,0.5,Canon 60D,A,5.55111512313e-17,1.39430299949e-16
shading,camera_rgb_raw,0.5,0.5,Canon 60D,A,6.93889390391e-18,3.07293276862e-17
shading,camera_rgb_wb,0.5,0.5,Canon 60D,A,5.55111512313e-17,1.38425614266e-16
shading,spectral_radiance,0.5,0.5,Canon 60D,A,0.0,0.0
shading,cie_xyz,0.5,0.5,Canon 60D,A,0.0,0.0
shading,camera_rgb_raw,0.5,0.5,Canon 60D,A,0.0,0.0
shading,camera_rgb_wb,0.5,0.5,Canon 60D,A,0.0,0.0
shading,spectral_radiance,0.5,0.5,Hasselblad H2,A,0.0,0.0
shading,cie_xyz,0.5,0.5,Hasselblad H2,A,0.0,0.0
shading,camera_rgb_raw,0.5,0.5,Hasselblad H2,A,0.0,0.0
shading,camera_rgb_wb,0.5,0.5,Hasselblad H2,A,0.0,0.0
shading,spectral_radiance,0.5,0.5,Hasselblad H2,A,0.0,0.0
shading,cie_xyz,0.5,0.5,Hasselblad H2,A,0.0,0.0
shading,camera_rgb_raw,0.5,0.5,Hasselblad H2,A,0.0,0.0
shading,camera_rgb_wb,0.5,0.5,Hasselblad H2,A,0.0,0.0
shading,spectral_radiance,0.5,0.5,Hasselblad H2,A,1.73472347598e-18,1.34640283142e-16
shading,cie_xyz,0.5,0.5,Hasselblad H2,A,5.55111512313e-17,1.39430299949e-16
shading,camera_rgb_raw,0.5,0.5,Hasselblad H2,A,8.32667268469e-17,4.72093548188e-16
shading,camera_rgb_wb,0.5,0.5,Hasselblad H2,A,1.66533453694e-16,3.84970732212e-16
shading,spectral_radiance,0.5,0.5,Hasselblad H2,A,0.0,0.0
shading,cie_xyz,0.5,0.5,Hasselblad H2,A,0.0,0.0
shading,camera_rgb_raw,0.5,0.5,Hasselblad H2,A,0.0,0.0
shading,camera_rgb_wb,0.5,0.5,Hasselblad H2,A,0.0,0.0
shading,spectral_radiance,0.5,0.5,Nikon D3X,A,0.0,0.0
shading,cie_xyz,0.5,0.5,Nikon D3X,A,0.0,0.0
shading,camera_rgb_raw,0.5,0.5,Nikon D3X,A,0.0,0.0
shading,camera_rgb_wb,0.5,0.5,Nikon D3X,A,0.0,0.0
shading,spectral_radiance,0.5,0.5,Nikon D3X,A,0.0,0.0
shading,cie_xyz,0.5,0.5,Nikon D3X,A,0.0,0.0
shading,camera_rgb_raw,0.5,0.5,Nikon D3X,A,0.0,0.0
shading,camera_rgb_wb,0.5,0.5,Nikon D3X,A,0.0,0.0
shading,spectral_radiance,0.5,0.5,Nikon D3X,A,1.73472347598e-18,1.34640283142e-16
shading,cie_xyz,0.5,0.5,Nikon D3X,A,5.55111512313e-17,1.39430299949e-16
shading,camera_rgb_raw,0.5,0.5,Nikon D3X,A,2.77555756156e-17,1.27173951405e-16
shading,camera_rgb_wb,0.5,0.5,Nikon D3X,A,5.55111512313e-17,1.35388129701e-16
shading,spectral_radiance,0.5,0.5,Nikon D3X,A,0.0,0.0
shading,cie_xyz,0.5,0.5,Nikon D3X,A,0.0,0.0
shading,camera_rgb_raw,0.5,0.5,Nikon D3X,A,0.0,0.0
shading,camera_rgb_wb,0.5,0.5,Nikon D3X,A,0.0,0.0
shading,spectral_radiance,0.5,0.5,Nikon D200,A,0.0,0.0
shading,cie_xyz,0.5,0.5,Nikon D200,A,0.0,0.0
shading,camera_rgb_raw,0.5,0.5,Nikon D200,A,0.0,0.0
shading,camera_rgb_wb,0.5,0.5,Nikon D200,A,0.0,0.0
shading,spectral_radiance,0.5,0.5,Nikon D200,A,0.0,0.0
shading,cie_xyz,0.5,0.5,Nikon D200,A,0.0,0.0
shading,camera_rgb_raw,0.5,0.5,Nikon D200,A,0.0,0.0
shading,camera_rgb_wb,0.5,0.5,Nikon D200,A,0.0,0.0
shading,spectral_radiance,0.5,0.5,Nikon D200,A,1.73472347598e-18,1.34640283142e-16
shading,cie_xyz,0.5,0.5,Nikon D200,A,5.55111512313e-17,1.39430299949e-16
shading,camera_rgb_raw,0.5,0.5,Nikon D200,A,5.55111512313e-17,2.25523636469e-16
shading,camera_rgb_wb,0.5,0.5,Nikon D200,A,1.11022302463e-16,2.69628860036e-16
shading,spectral_radiance,0.5,0.5,Nikon D200,A,0.0,0.0
shading,cie_xyz,0.5,0.5,Nikon D200,A,0.0,0.0
shading,camera_rgb_raw,0.5,0.5,Nikon D200,A,0.0,0.0
shading,camera_rgb_wb,0.5,0.5,Nikon D200,A,0.0,0.0
shading,spectral_radiance,0.5,0.5,Nikon D3,A,0.0,0.0
shading,cie_xyz,0.5,0.5,Nikon D3,A,0.0,0.0
shading,camera_rgb_raw,0.5,0.5,Nikon D3,A,0.0,0.0
shading,camera_rgb_wb,0.5,0.5,Nikon D3,A,0.0,0.0
shading,spectral_radiance,0.5,0.5,Nikon D3,A,0.0,0.0
shading,cie_xyz,0.5,0.5,Nikon D3,A,0.0,0.0
shading,camera_rgb_raw,0.5,0.5,Nikon D3,A,0.0,0.0
shading,camera_rgb_wb,0.5,0.5,Nikon D3,A,0.0,0.0
shading,spectral_radiance,0.5,0.5,Nikon D3,A,1.73472347598e-18,1.34640283142e-16
shading,cie_xyz,0.5,0.5,Nikon D3,A,5.55111512313e-17,1.39430299949e-16
shading,camera_rgb_raw,0.5,0.5,Nikon D3,A,5.55111512313e-17,2.39394290026e-16
shading,camera_rgb_wb,0.5,0.5,Nikon D3,A,5.55111512313e-17,1.35577739496e-16
shading,spectral_radiance,0.5,0.5,Nikon D3,A,0.0,0.0
shading,cie_xyz,0.5,0.5,Nikon D3,A,0.0,0.0
shading,camera_rgb_raw,0.5,0.5,Nikon D3,A,0.0,0.0
shading,camera_rgb_wb,0.5,0.5,Nikon D3,A,0.0,0.0
shading,spectral_radiance,0.5,0.5,Nikon D300s,A,0.0,0.0
shading,cie_xyz,0.5,0.5,Nikon D300s,A,0.0,0.0
shading,camera_rgb_raw,0.5,0.5,Nikon D300s,A,0.0,0.0
shading,camera_rgb_wb,0.5,0.5,Nikon D300s,A,0.0,0.0
shading,spectral_radiance,0.5,0.5,Nikon D300s,A,0.0,0.0
shading,cie_xyz,0.5,0.5,Nikon D300s,A,0.0,0.0
shading,camera_rgb_raw,0.5,0.5,Nikon D300s,A,0.0,0.0
shading,camera_rgb_wb,0.5,0.5,Nikon D300s,A,0.0,0.0
shading,spectral_radiance,0.5,0.5,Nikon D300s,A,1.73472347598e-18,1.34640283142e-16
shading,cie_xyz,0.5,0.5,Nikon D300s,A,5.55111512313e-17,1.39430299949e-16
shading,camera_rgb_raw,0.5,0.5,Nikon D300s,A,5.55111512313e-17,2.06131860448e-16
shading,camera_rgb_wb,0.5,0.5,Nikon D300s,A,5.55111512313e-17,1.38006739228e-16
shading,spectral_radiance,0.5,0.5,Nikon D300s,A,0.0,0.0
shading,cie_xyz,0.5,0.5,Nikon D300s,A,0.0,0.0
shading,camera_rgb_raw,0.5,0.5,Nikon D300s,A,0.0,0.0
shading,camera_rgb_wb,0.5,0.5,Nikon D300s,A,0.0,0.0
shading,spectral_radiance,0.5,0.5,Nikon D40,A,0.0,0.0
shading,cie_xyz,0.5,0.5,Nikon D40,A,0.0,0.0
shading,camera_rgb_raw,0.5,0.5,Nikon D40,A,0.0,0.0
shading,camera_rgb_wb,0.5,0.5,Nikon D40,A,0.0,0.0
shading,spectral_radiance,0.5,0.5,Nikon D40,A,0.0,0.0
shading,cie_xyz,0.5,0.5,Nikon D40,A,0.0,0.0
shading,camera_rgb_raw,0.5,0.5,Nikon D40,A,0.0,0.0
shading,camera_rgb_wb,0.5,0.5,Nikon D40,A,0.0,0.0
shading,spectral_radiance,0.5,0.5,Nikon D40,A,1.73472347598e-18,1.34640283142e-16
shading,cie_xyz,0.5,0.5,Nikon D40,A,5.55111512313e-17,1.39430299949e-16
shading,camera_rgb_raw,0.5,0.5,Nikon D40,A,5.55111512313e-17,2.7352426558e-16
shading,camera_rgb_wb,0.5,0.5,Nikon D40,A,1.11022302463e-16,2.72537848314e-16
shading,spectral_radiance,0.5,0.5,Nikon D40,A,0.0,0.0
shading,cie_xyz,0.5,0.5,Nikon D40,A,0.0,0.0
shading,camera_rgb_raw,0.5,0.5,Nikon D40,A,0.0,0.0
shading,camera_rgb_wb,0.5,0.5,Nikon D40,A,0.0,0.0
shading,spectral_radiance,0.5,0.5,Nikon D50,A,0.0,0.0
shading,cie_xyz,0.5,0.5,Nikon D50,A,0.0,0.0
shading,camera_rgb_raw,0.5,0.5,Nikon D50,A,0.0,0.0
shading,camera_rgb_wb,0.5,0.5,Nikon D50,A,0.0,0.0
shading,spectral_radiance,0.5,0.5,Nikon D50,A,0.0,0.0
shading,cie_xyz,0.5,0.5,Nikon D50,A,0.0,0.0
shading,camera_rgb_raw,0.5,0.5,Nikon D50,A,0.0,0.0
shading,camera_rgb_wb,0.5,0.5,Nikon D50,A,0.0,0.0
shading,spectral_radiance,0.5,0.5,Nikon D50,A,1.73472347598e-18,1.34640283142e-16
shading,cie_xyz,0.5,0.5,Nikon D50,A,5.55111512313e-17,1.39430299949e-16
shading,camera_rgb_raw,0.5,0.5,Nikon D50,A,5.55111512313e-17,2.65761469729e-16
shading,camera_rgb_wb,0.5,0.5,Nikon D50,A,5.55111512313e-17,1.32126614674e-16
shading,spectral_radiance,0.5,0.5,Nikon D50,A,0.0,0.0
shading,cie_xyz,0.5,0.5,Nikon D50,A,0.0,0.0
shading,camera_rgb_raw,0.5,0.5,Nikon D50,A,0.0,0.0
shading,camera_rgb_wb,0.5,0.5,Nikon D50,A,0.0,0.0
shading,spectral_radiance,0.5,0.5,Nikon D5100,A,0.0,0.0
shading,cie_xyz,0.5,0.5,Nikon D5100,A,0.0,0.0
shading,camera_rgb_raw,0.5,0.5,Nikon D5100,A,0.0,0.0
shading,camera_rgb_wb,0.5,0.5,Nikon D5100,A,0.0,0.0
shading,spectral_radiance,0.5,0.5,Nikon D5100,A,0.0,0.0
shading,cie_xyz,0.5,0.5,Nikon D5100,A,0.0,0.0
shading,camera_rgb_raw,0.5,0.5,Nikon D5100,A,0.0,0.0
shading,camera_rgb_wb,0.5,0.5,Nikon D5100,A,0.0,0.0
shading,spectral_radiance,0.5,0.5,Nikon D5100,A,1.73472347598e-18,1.34640283142e-16
shading,cie_xyz,0.5,0.5,Nikon D5100,A,5.55111512313e-17,1.39430299949e-16
shading,camera_rgb_raw,0.5,0.5,Nikon D5100,A,8.32667268469e-17,3.65519405393e-16
shading,camera_rgb_wb,0.5,0.5,Nikon D5100,A,1.11022302463e-16,2.75415621606e-16
shading,spectral_radiance,0.5,0.5,Nikon D5100,A,0.0,0.0
shading,cie_xyz,0.5,0.5,Nikon D5100,A,0.0,0.0
shading,camera_rgb_raw,0.5,0.5,Nikon D5100,A,0.0,0.0
shading,camera_rgb_wb,0.5,0.5,Nikon D5100,A,0.0,0.0
shading,spectral_radiance,0.5,0.5,Nikon D700,A,0.0,0.0
shading,cie_xyz,0.5,0.5,Nikon D700,A,0.0,0.0
shading,camera_rgb_raw,0.5,0.5,Nikon D700,A,0.0,0.0
shading,camera_rgb_wb,0.5,0.5,Nikon D700,A,0.0,0.0
shading,spectral_radiance,0.5,0.5,Nikon D700,A,0.0,0.0
shading,cie_xyz,0.5,0.5,Nikon D700,A,0.0,0.0
shading,camera_rgb_raw,0.5,0.5,Nikon D700,A,0.0,0.0
shading,camera_rgb_wb,0.5,0.5,Nikon D700,A,0.0,0.0
shading,spectral_radiance,0.5,0.5,Nikon D700,A,1.73472347598e-18,1.34640283142e-16
shading,cie_xyz,0.5,0.5,Nikon D700,A,5.55111512313e-17,1.39430299949e-16
shading,camera_rgb_raw,0.5,0.5,Nikon D700,A,5.55111512313e-17,2.26532139509e-16
shading,camera_rgb_wb,0.5,0.5,Nikon D700,A,1.11022302463e-16,2.69951718633e-16
shading,spectral_radiance,0.5,0.5,Nikon D700,A,0.0,0.0
shading,cie_xyz,0.5,0.5,Nikon D700,A,0.0,0.0
shading,camera_rgb_raw,0.5,0.5,Nikon D700,A,0.0,0.0
shading,camera_rgb_wb,0.5,0.5,Nikon D700,A,0.0,0.0
shading,spectral_radiance,0.5,0.5,Nikon D80,A,0.0,0.0
shading,cie_xyz,0.5,0.5,Nikon D80,A,0.0,0.0
shading,camera_rgb_raw,0.5,0.5,Nikon D80,A,0.0,0.0
shading,camera_rgb_wb,0.5,0.5,Nikon D80,A,0.0,0.0
shading,spectral_radiance,0.5,0.5,Nikon D80,A,0.0,0.0
shading,cie_xyz,0.5,0.5,Nikon D80,A,0.0,0.0
shading,camera_rgb_raw,0.5,0.5,Nikon D80,A,0.0,0.0
shading,camera_rgb_wb,0.5,0.5,Nikon D80,A,0.0,0.0
shading,spectral_radiance,0.5,0.5,Nikon D80,A,1.73472347598e-18,1.34640283142e-16
shading,cie_xyz,0.5,0.5,Nikon D80,A,5.55111512313e-17,1.39430299949e-16
shading,camera_rgb_raw,0.5,0.5,Nikon D80,A,1.04083408559e-17,4.71491706416e-17
shading,camera_rgb_wb,0.5,0.5,Nikon D80,A,2.77555756156e-17,6.75777982018e-17
shading,spectral_radiance,0.5,0.5,Nikon D80,A,0.0,0.0
shading,cie_xyz,0.5,0.5,Nikon D80,A,0.0,0.0
shading,camera_rgb_raw,0.5,0.5,Nikon D80,A,0.0,0.0
shading,camera_rgb_wb,0.5,0.5,Nikon D80,A,0.0,0.0
shading,spectral_radiance,0.5,0.5,Nikon D90,A,0.0,0.0
shading,cie_xyz,0.5,0.5,Nikon D90,A,0.0,0.0
shading,camera_rgb_raw,0.5,0.5,Nikon D90,A,0.0,0.0
shading,camera_rgb_wb,0.5,0.5,Nikon D90,A,0.0,0.0
shading,spectral_radiance,0.5,0.5,Nikon D90,A,0.0,0.0
shading,cie_xyz,0.5,0.5,Nikon D90,A,0.0,0.0
shading,camera_rgb_raw,0.5,0.5,Nikon D90,A,0.0,0.0
shading,camera_rgb_wb,0.5,0.5,Nikon D90,A,0.0,0.0
shading,spectral_radiance,0.5,0.5,Nikon D90,A,1.73472347598e-18,1.34640283142e-16
shading,cie_xyz,0.5,0.5,Nikon D90,A,5.55111512313e-17,1.39430299949e-16
shading,camera_rgb_raw,0.5,0.5,Nikon D90,A,2.77555756156e-17,1.26465931957e-16
shading,camera_rgb_wb,0.5,0.5,Nikon D90,A,2.77555756156e-17,6.86457081792e-17
shading,spectral_radiance,0.5,0.5,Nikon D90,A,0.0,0.0
shading,cie_xyz,0.5,0.5,Nikon D90,A,0.0,0.0
shading,camera_rgb_raw,0.5,0.5,Nikon D90,A,0.0,0.0
shading,camera_rgb_wb,0.5,0.5,Nikon D90,A,0.0,0.0
shading,spectral_radiance,0.5,0.5,Nokia N900,A,0.0,0.0
shading,cie_xyz,0.5,0.5,Nokia N900,A,0.0,0.0
shading,camera_rgb_raw,0.5,0.5,Nokia N900,A,0.0,0.0
shading,camera_rgb_wb,0.5,0.5,Nokia N900,A,0.0,0.0
shading,spectral_radiance,0.5,0.5,Nokia N900,A,0.0,0.0
shading,cie_xyz,0.5,0.5,Nokia N900,A,0.0,0.0
shading,camera_rgb_raw,0.5,0.5,Nokia N900,A,0.0,0.0
shading,camera_rgb_wb,0.5,0.5,Nokia N900,A,0.0,0.0
shading,spectral_radiance,0.5,0.5,Nokia N900,A,1.73472347598e-18,1.34640283142e-16
shading,cie_xyz,0.5,0.5,Nokia N900,A,5.55111512313e-17,1.39430299949e-16
shading,camera_rgb_raw,0.5,0.5,Nokia N900,A,1.11022302463e-16,2.88687397169e-16
shading,camera_rgb_wb,0.5,0.5,Nokia N900,A,1.11022302463e-16,2.63664878257e-16
shading,spectral_radiance,0.5,0.5,Nokia N900,A,0.0,0.0
shading,cie_xyz,0.5,0.5,Nokia N900,A,0.0,0.0
shading,camera_rgb_raw,0.5,0.5,Nokia N900,A,0.0,0.0
shading,camera_rgb_wb,0.5,0.5,Nokia N900,A,0.0,0.0
shading,spectral_radiance,0.5,0.5,Olympus E-PL2,A,0.0,0.0
shading,cie_xyz,0.5,0.5,Olympus E-PL2,A,0.0,0.0
shading,camera_rgb_raw,0.5,0.5,Olympus E-PL2,A,0.0,0.0
shading,camera_rgb_wb,0.5,0.5,Olympus E-PL2,A,0.0,0.0
shading,spectral_radiance,0.5,0.5,Olympus E-PL2,A,0.0,0.0
shading,cie_xyz,0.5,0.5,Olympus E-PL2,A,0.0,0.0
shading,camera_rgb_raw,0.5,0.5,Olympus E-PL2,A,0.0,0.0
shading,camera_rgb_wb,0.5,0.5,Olympus E-PL2,A,0.0,0.0
shading,spectral_radiance,0.5,0.5,Olympus E-PL2,A,1.73472347598e-18,1.34640283142e-16
shading,cie_xyz,0.5,0.5,Olympus E-PL2,A,5.55111512313e-17,1.39430299949e-16
shading,camera_rgb_raw,0.5,0.5,Olympus E-PL2,A,1.66533453694e-16,4.16698271643e-16
shading,camera_rgb_wb,0.5,0.5,Olympus E-PL2,A,2.22044604925e-16,5.13411077695e-16
shading,spectral_radiance,0.5,0.5,Olympus E-PL2,A,0.0,0.0
shading,cie_xyz,0.5,0.5,Olympus E-PL2,A,0.0,0.0
shading,camera_rgb_raw,0.5,0.5,Olympus E-PL2,A,0.0,0.0
shading,camera_rgb_wb,0.5,0.5,Olympus E-PL2,A,0.0,0.0
shading,spectral_radiance,0.5,0.5,Pentax K-5,A,0.0,0.0
shading,cie_xyz,0.5,0.5,Pentax K-5,A,0.0,0.0
shading,camera_rgb_raw,0.5,0.5,Pentax K-5,A,0.0,0.0
shading,camera_rgb_wb,0.5,0.5,Pentax K-5,A,0.0,0.0
shading,spectral_radiance,0.5,0.5,Pentax K-5,A,0.0,0.0
shading,cie_xyz,0.5,0.5,Pentax K-5,A,0.0,0.0
shading,camera_rgb_raw,0.5,0.5,Pentax K-5,A,0.0,0.0
shading,camera_rgb_wb,0.5,0.5,Pentax K-5,A,0.0,0.0
shading,spectral_radiance,0.5,0.5,Pentax K-5,A,1.73472347598e-18,1.34640283142e-16
shading,cie_xyz,0.5,0.5,Pentax K-5,A,5.55111512313e-17,1.39430299949e-16
shading,camera_rgb_raw,0.5,0.5,Pentax K-5,A,5.55111512313e-17,2.36336077044e-16
shading,camera_rgb_wb,0.5,0.5,Pentax K-5,A,5.55111512313e-17,1.33626107246e-16
shading,spectral_radiance,0.5,0.5,Pentax K-5,A,0.0,0.0
shading,cie_xyz,0.5,0.5,Pentax K-5,A,0.0,0.0
shading,camera_rgb_raw,0.5,0.5,Pentax K-5,A,0.0,0.0
shading,camera_rgb_wb,0.5,0.5,Pentax K-5,A,0.0,0.0
shading,spectral_radiance,0.5,0.5,Pentax Q,A,0.0,0.0
shading,cie_xyz,0.5,0.5,Pentax Q,A,0.0,0.0
shading,camera_rgb_raw,0.5,0.5,Pentax Q,A,0.0,0.0
shading,camera_rgb_wb,0.5,0.5,Pentax Q,A,0.0,0.0
shading,spectral_radiance,0.5,0.5,Pentax Q,A,0.0,0.0
shading,cie_xyz,0.5,0.5,Pentax Q,A,0.0,0.0
shading,camera_rgb_raw,0.5,0.5,Pentax Q,A,0.0,0.0
shading,camera_rgb_wb,0.5,0.5,Pentax Q,A,0.0,0.0
shading,spectral_radiance,0.5,0.5,Pentax Q,A,1.73472347598e-18,1.34640283142e-16
shading,cie_xyz,0.5,0.5,Pentax Q,A,5.55111512313e-17,1.39430299949e-16
shading,camera_rgb_raw,0.5,0.5,Pentax Q,A,1.38777878078e-17,3.33101962267e-17
shading,camera_rgb_wb,0.5,0.5,Pentax Q,A,5.55111512313e-17,1.29194293839e-16
shading,spectral_radiance,0.5,0.5,Pentax Q,A,0.0,0.0
shading,cie_xyz,0.5,0.5,Pentax Q,A,0.0,0.0
shading,camera_rgb_raw,0.5,0.5,Pentax Q,A,0.0,0.0
shading,camera_rgb_wb,0.5,0.5,Pentax Q,A,0.0,0.0
shading,spectral_radiance,0.5,0.5,Point Grey Grasshopper 50S5C,A,0.0,0.0
shading,cie_xyz,0.5,0.5,Point Grey Grasshopper 50S5C,A,0.0,0.0
shading,camera_rgb_raw,0.5,0.5,Point Grey Grasshopper 50S5C,A,0.0,0.0
shading,camera_rgb_wb,0.5,0.5,Point Grey Grasshopper 50S5C,A,0.0,0.0
shading,spectral_radiance,0.5,0.5,Point Grey Grasshopper 50S5C,A,0.0,0.0
shading,cie_xyz,0.5,0.5,Point Grey Grasshopper 50S5C,A,0.0,0.0
shading,camera_rgb_raw,0.5,0.5,Point Grey Grasshopper 50S5C,A,0.0,0.0
shading,camera_rgb_wb,0.5,0.5,Point Grey Grasshopper 50S5C,A,0.0,0.0
shading,spectral_radiance,0.5,0.5,Point Grey Grasshopper 50S5C,A,1.73472347598e-18,1.34640283142e-16
shading,cie_xyz,0.5,0.5,Point Grey Grasshopper 50S5C,A,5.55111512313e-17,1.39430299949e-16
shading,camera_rgb_raw,0.5,0.5,Point Grey Grasshopper 50S5C,A,5.55111512313e-17,1.46879673623e-16
shading,camera_rgb_wb,0.5,0.5,Point Grey Grasshopper 50S5C,A,5.55111512313e-17,1.05866517539e-16
shading,spectral_radiance,0.5,0.5,Point Grey Grasshopper 50S5C,A,0.0,0.0
shading,cie_xyz,0.5,0.5,Point Grey Grasshopper 50S5C,A,0.0,0.0
shading,camera_rgb_raw,0.5,0.5,Point Grey Grasshopper 50S5C,A,0.0,0.0
shading,camera_rgb_wb,0.5,0.5,Point Grey Grasshopper 50S5C,A,0.0,0.0
shading,spectral_radiance,0.5,0.5,Point Grey Grasshopper2 14S5C,A,0.0,0.0
shading,cie_xyz,0.5,0.5,Point Grey Grasshopper2 14S5C,A,0.0,0.0
shading,camera_rgb_raw,0.5,0.5,Point Grey Grasshopper2 14S5C,A,0.0,0.0
shading,camera_rgb_wb,0.5,0.5,Point Grey Grasshopper2 14S5C,A,0.0,0.0
shading,spectral_radiance,0.5,0.5,Point Grey Grasshopper2 14S5C,A,0.0,0.0
shading,cie_xyz,0.5,0.5,Point Grey Grasshopper2 14S5C,A,0.0,0.0
shading,camera_rgb_raw,0.5,0.5,Point Grey Grasshopper2 14S5C,A,0.0,0.0
shading,camera_rgb_wb,0.5,0.5,Point Grey Grasshopper2 14S5C,A,0.0,0.0
shading,spectral_radiance,0.5,0.5,Point Grey Grasshopper2 14S5C,A,1.73472347598e-18,1.34640283142e-16
shading,cie_xyz,0.5,0.5,Point Grey Grasshopper2 14S5C,A,5.55111512313e-17,1.39430299949e-16
shading,camera_rgb_raw,0.5,0.5,Point Grey Grasshopper2 14S5C,A,5.55111512313e-17,1.60075144399e-16
shading,camera_rgb_wb,0.5,0.5,Point Grey Grasshopper2 14S5C,A,5.55111512313e-17,1.18420557795e-16
shading,spectral_radiance,0.5,0.5,Point Grey Grasshopper2 14S5C,A,0.0,0.0
shading,cie_xyz,0.5,0.5,Point Grey Grasshopper2 14S5C,A,0.0,0.0
shading,camera_rgb_raw,0.5,0.5,Point Grey Grasshopper2 14S5C,A,0.0,0.0
shading,camera_rgb_wb,0.5,0.5,Point Grey Grasshopper2 14S5C,A,0.0,0.0
shading,spectral_radiance,0.5,0.5,Phase One,A,0.0,0.0
shading,cie_xyz,0.5,0.5,Phase One,A,0.0,0.0
shading,camera_rgb_raw,0.5,0.5,Phase One,A,0.0,0.0
shading,camera_rgb_wb,0.5,0.5,Phase One,A,0.0,0.0
shading,spectral_radiance,0.5,0.5,Phase One,A,0.0,0.0
shading,cie_xyz,0.5,0.5,Phase One,A,0.0,0.0
shading,camera_rgb_raw,0.5,0.5,Phase One,A,0.0,0.0
shading,camera_rgb_wb,0.5,0.5,Phase One,A,0.0,0.0
shading,spectral_radiance,0.5,0.5,Phase One,A,1.73472347598e-18,1.34640283142e-16
shading,cie_xyz,0.5,0.5,Phase One,A,5.55111512313e-17,1.39430299949e-16
shading,camera_rgb_raw,0.5,0.5,Phase One,A,1.38777878078e-17,6.37441644129e-17
shading,camera_rgb_wb,0.5,0.5,Phase One,A,5.55111512313e-17,1.57133970004e-16
shading,spectral_radiance,0.5,0.5,Phase One,A,0.0,0.0
shading,cie_xyz,0.5,0.5,Phase One,A,0.0,0.0
shading,camera_rgb_raw,0.5,0.5,Phase One,A,0.0,0.0
shading,camera_rgb_wb,0.5,0.5,Phase One,A,0.0,0.0
shading,spectral_radiance,0.5,0.5,SONY NEX-5N,A,0.0,0.0
shading,cie_xyz,0.5,0.5,SONY NEX-5N,A,0.0,0.0
shading,camera_rgb_raw,0.5,0.5,SONY NEX-5N,A,0.0,0.0
shading,camera_rgb_wb,0.5,0.5,SONY NEX-5N,A,0.0,0.0
shading,spectral_radiance,0.5,0.5,SONY NEX-5N,A,0.0,0.0
shading,cie_xyz,0.5,0.5,SONY NEX-5N,A,0.0,0.0
shading,camera_rgb_raw,0.5,0.5,SONY NEX-5N,A,0.0,0.0
shading,camera_rgb_wb,0.5,0.5,SONY NEX-5N,A,0.0,0.0
shading,spectral_radiance,0.5,0.5,SONY NEX-5N,A,1.73472347598e-18,1.34640283142e-16
shading,cie_xyz,0.5,0.5,SONY NEX-5N,A,5.55111512313e-17,1.39430299949e-16
shading,camera_rgb_raw,0.5,0.5,SONY NEX-5N,A,2.77555756156e-17,1.59816487866e-16
shading,camera_rgb_wb,0.5,0.5,SONY NEX-5N,A,2.77555756156e-17,6.99952017381e-17
shading,spectral_radiance,0.5,0.5,SONY NEX-5N,A,0.0,0.0
shading,cie_xyz,0.5,0.5,SONY NEX-5N,A,0.0,0.0
shading,camera_rgb_raw,0.5,0.5,SONY NEX-5N,A,0.0,0.0
shading,camera_rgb_wb,0.5,0.5,SONY NEX-5N,A,0.0,0.0
shading,spectral_radiance,0.5,0.5,Canon 1DMarkIII,FL2,0.0,0.0
shading,cie_xyz,0.5,0.5,Canon 1DMarkIII,FL2,0.0,0.0
shading,camera_rgb_raw,0.5,0.5,Canon 1DMarkIII,FL2,0.0,0.0
shading,camera_rgb_wb,0.5,0.5,Canon 1DMarkIII,FL2,0.0,0.0
shading,spectral_radiance,0.5,0.5,Canon 1DMarkIII,FL2,0.0,0.0
shading,cie_xyz,0.5,0.5,Canon 1DMarkIII,FL2,0.0,0.0
shading,camera_rgb_raw,0.5,0.5,Canon 1DMarkIII,FL2,0.0,0.0
shading,camera_rgb_wb,0.5,0.5,Canon 1DMarkIII,FL2,0.0,0.0
shading,spectral_radiance,0.5,0.5,Canon 1DMarkIII,FL2,8.67361737988e-19,1.93818863506e-16
shading,cie_xyz,0.5,0.5,Canon 1DMarkIII,FL2,5.55111512313e-17,1.95661558982e-16
shading,camera_rgb_raw,0.5,0.5,Canon 1DMarkIII,FL2,8.32667268469e-17,5.74632756194e-16
shading,camera_rgb_wb,0.5,0.5,Canon 1DMarkIII,FL2,2.22044604925e-16,6.54948545983e-16
shading,spectral_radiance,0.5,0.5,Canon 1DMarkIII,FL2,0.0,0.0
shading,cie_xyz,0.5,0.5,Canon 1DMarkIII,FL2,0.0,0.0
shading,camera_rgb_raw,0.5,0.5,Canon 1DMarkIII,FL2,0.0,0.0
shading,camera_rgb_wb,0.5,0.5,Canon 1DMarkIII,FL2,0.0,0.0
shading,spectral_radiance,0.5,0.5,Canon 20D,FL2,0.0,0.0
shading,cie_xyz,0.5,0.5,Canon 20D,FL2,0.0,0.0
shading,camera_rgb_raw,0.5,0.5,Canon 20D,FL2,0.0,0.0
shading,camera_rgb_wb,0.5,0.5,Canon 20D,FL2,0.0,0.0
shading,spectral_radiance,0.5,0.5,Canon 20D,FL2,0.0,0.0
shading,cie_xyz,0.5,0.5,Canon 20D,FL2,0.0,0.0
shading,camera_rgb_raw,0.5,0.5,Canon 20D,FL2,0.0,0.0
shading,camera_rgb_wb,0.5,0.5,Canon 20D,FL2,0.0,0.0
shading,spectral_radiance,0.5,0.5,Canon 20D,FL2,8.67361737988e-19,1.93818863506e-16
shading,cie_xyz,0.5,0.5,Canon 20D,FL2,5.55111512313e-17,1.95661558982e-16
shading,camera_rgb_raw,0.5,0.5,Canon 20D,FL2,2.77555756156e-17,1.8002080858e-16
shading,camera_rgb_wb,0.5,0.5,Canon 20D,FL2,5.55111512313e-17,1.64510202711e-16
shading,spectral_radiance,0.5,0.5,Canon 20D,FL2,0.0,0.0
shading,cie_xyz,0.5,0.5,Canon 20D,FL2,0.0,0.0
shading,camera_rgb_raw,0.5,0.5,Canon 20D,FL2,0.0,0.0
shading,camera_rgb_wb,0.5,0.5,Canon 20D,FL2,0.0,0.0
shading,spectral_radiance,0.5,0.5,Canon 300D,FL2,0.0,0.0
shading,cie_xyz,0.5,0.5,Canon 300D,FL2,0.0,0.0
shading,camera_rgb_raw,0.5,0.5,Canon 300D,FL2,0.0,0.0
shading,camera_rgb_wb,0.5,0.5,Canon 300D,FL2,0.0,0.0
shading,spectral_radiance,0.5,0.5,Canon 300D,FL2,0.0,0.0
shading,cie_xyz,0.5,0.5,Canon 300D,FL2,0.0,0.0
shading,camera_rgb_raw,0.5,0.5,Canon 300D,FL2,0.0,0.0
shading,camera_rgb_wb,0.5,0.5,Canon 300D,FL2,0.0,0.0
shading,spectral_radiance,0.5,0.5,Canon 300D,FL2,8.67361737988e-19,1.93818863506e-16
shading,cie_xyz,0.5,0.5,Canon 300D,FL2,5.55111512313e-17,1.95661558982e-16
shading,camera_rgb_raw,0.5,0.5,Canon 300D,FL2,5.55111512313e-17,3.43545538479e-16
shading,camera_rgb_wb,0.5,0.5,Canon 300D,FL2,8.32667268469e-17,2.43608503342e-16
shading,spectral_radiance,0.5,0.5,Canon 300D,FL2,0.0,0.0
shading,cie_xyz,0.5,0.5,Canon 300D,FL2,0.0,0.0
shading,camera_rgb_raw,0.5,0.5,Canon 300D,FL2,0.0,0.0
shading,camera_rgb_wb,0.5,0.5,Canon 300D,FL2,0.0,0.0
shading,spectral_radiance,0.5,0.5,Canon 40D,FL2,0.0,0.0
shading,cie_xyz,0.5,0.5,Canon 40D,FL2,0.0,0.0
shading,camera_rgb_raw,0.5,0.5,Canon 40D,FL2,0.0,0.0
shading,camera_rgb_wb,0.5,0.5,Canon 40D,FL2,0.0,0.0
shading,spectral_radiance,0.5,0.5,Canon 40D,FL2,0.0,0.0
shading,cie_xyz,0.5,0.5,Canon 40D,FL2,0.0,0.0
shading,camera_rgb_raw,0.5,0.5,Canon 40D,FL2,0.0,0.0
shading,camera_rgb_wb,0.5,0.5,Canon 40D,FL2,0.0,0.0
shading,spectral_radiance,0.5,0.5,Canon 40D,FL2,8.67361737988e-19,1.93818863506e-16
shading,cie_xyz,0.5,0.5,Canon 40D,FL2,5.55111512313e-17,1.95661558982e-16
shading,camera_rgb_raw,0.5,0.5,Canon 40D,FL2,2.77555756156e-17,1.71099869156e-16
shading,camera_rgb_wb,0.5,0.5,Canon 40D,FL2,1.11022302463e-16,3.28021261318e-16
shading,spectral_radiance,0.5,0.5,Canon 40D,FL2,0.0,0.0
shading,cie_xyz,0.5,0.5,Canon 40D,FL2,0.0,0.0
shading,camera_rgb_raw,0.5,0.5,Canon 40D,FL2,0.0,0.0
shading,camera_rgb_wb,0.5,0.5,Canon 40D,FL2,0.0,0.0
shading,spectral_radiance,0.5,0.5,Canon 500D,FL2,0.0,0.0
shading,cie_xyz,0.5,0.5,Canon 500D,FL2,0.0,0.0
shading,camera_rgb_raw,0.5,0.5,Canon 500D,FL2,0.0,0.0
shading,camera_rgb_wb,0.5,0.5,Canon 500D,FL2,0.0,0.0
shading,spectral_radiance,0.5,0.5,Canon 500D,FL2,0.0,0.0
shading,cie_xyz,0.5,0.5,Canon 500D,FL2,0.0,0.0
shading,camera_rgb_raw,0.5,0.5,Canon 500D,FL2,0.0,0.0
shading,camera_rgb_wb,0.5,0.5,Canon 500D,FL2,0.0,0.0
shading,spectral_radiance,0.5,0.5,Canon 500D,FL2,8.67361737988e-19,1.93818863506e-16
shading,cie_xyz,0.5,0.5,Canon 500D,FL2,5.55111512313e-17,1.95661558982e-16
shading,camera_rgb_raw,0.5,0.5,Canon 500D,FL2,5.55111512313e-17,3.05145357817e-16
shading,camera_rgb_wb,0.5,0.5,Canon 500D,FL2,5.55111512313e-17,1.80626184185e-16
shading,spectral_radiance,0.5,0.5,Canon 500D,FL2,0.0,0.0
shading,cie_xyz,0.5,0.5,Canon 500D,FL2,0.0,0.0
shading,camera_rgb_raw,0.5,0.5,Canon 500D,FL2,0.0,0.0
shading,camera_rgb_wb,0.5,0.5,Canon 500D,FL2,0.0,0.0
shading,spectral_radiance,0.5,0.5,Canon 50D,FL2,0.0,0.0
shading,cie_xyz,0.5,0.5,Canon 50D,FL2,0.0,0.0
shading,camera_rgb_raw,0.5,0.5,Canon 50D,FL2,0.0,0.0
shading,camera_rgb_wb,0.5,0.5,Canon 50D,FL2,0.0,0.0
shading,spectral_radiance,0.5,0.5,Canon 50D,FL2,0.0,0.0
shading,cie_xyz,0.5,0.5,Canon 50D,FL2,0.0,0.0
shading,camera_rgb_raw,0.5,0.5,Canon 50D,FL2,0.0,0.0
shading,camera_rgb_wb,0.5,0.5,Canon 50D,FL2,0.0,0.0
shading,spectral_radiance,0.5,0.5,Canon 50D,FL2,8.67361737988e-19,1.93818863506e-16
shading,cie_xyz,0.5,0.5,Canon 50D,FL2,5.55111512313e-17,1.95661558982e-16
shading,camera_rgb_raw,0.5,0.5,Canon 50D,FL2,2.77555756156e-17,1.51659226063e-16
shading,camera_rgb_wb,0.5,0.5,Canon 50D,FL2,5.55111512313e-17,1.75790513683e-16
shading,spectral_radiance,0.5,0.5,Canon 50D,FL2,0.0,0.0
shading,cie_xyz,0.5,0.5,Canon 50D,FL2,0.0,0.0
shading,camera_rgb_raw,0.5,0.5,Canon 50D,FL2,0.0,0.0
shading,camera_rgb_wb,0.5,0.5,Canon 50D,FL2,0.0,0.0
shading,spectral_radiance,0.5,0.5,Canon 5DMarkII,FL2,0.0,0.0
shading,cie_xyz,0.5,0.5,Canon 5DMarkII,FL2,0.0,0.0
shading,camera_rgb_raw,0.5,0.5,Canon 5DMarkII,FL2,0.0,0.0
shading,camera_rgb_wb,0.5,0.5,Canon 5DMarkII,FL2,0.0,0.0
shading,spectral_radiance,0.5,0.5,Canon 5DMarkII,FL2,0.0,0.0
shading,cie_xyz,0.5,0.5,Canon 5DMarkII,FL2,0.0,0.0
shading,camera_rgb_raw,0.5,0.5,Canon 5DMarkII,FL2,0.0,0.0
shading,camera_rgb_wb,0.5,0.5,Canon 5DMarkII,FL2,0.0,0.0
shading,spectral_radiance,0.5,0.5,Canon 5DMarkII,FL2,8.67361737988e-19,1.93818863506e-16
shading,cie_xyz,0.5,0.5,Canon 5DMarkII,FL2,5.55111512313e-17,1.95661558982e-16
shading,camera_rgb_raw,0.5,0.5,Canon 5DMarkII,FL2,2.77555756156e-17,1.73633688168e-16
shading,camera_rgb_wb,0.5,0.5,Canon 5DMarkII,FL2,5.55111512313e-17,1.71017396389e-16
shading,spectral_radiance,0.5,0.5,Canon 5DMarkII,FL2,0.0,0.0
shading,cie_xyz,0.5,0.5,Canon 5DMarkII,FL2,0.0,0.0
shading,camera_rgb_raw,0.5,0.5,Canon 5DMarkII,FL2,0.0,0.0
shading,camera_rgb_wb,0.5,0.5,Canon 5DMarkII,FL2,0.0,0.0
shading,spectral_radiance,0.5,0.5,Canon 600D,FL2,0.0,0.0
shading,cie_xyz,0.5,0.5,Canon 600D,FL2,0.0,0.0
shading,camera_rgb_raw,0.5,0.5,Canon 600D,FL2,0.0,0.0
shading,camera_rgb_wb,0.5,0.5,Canon 600D,FL2,0.0,0.0
shading,spectral_radiance,0.5,0.5,Canon 600D,FL2,0.0,0.0
shading,cie_xyz,0.5,0.5,Canon 600D,FL2,0.0,0.0
shading,camera_rgb_raw,0.5,0.5,Canon 600D,FL2,0.0,0.0
shading,camera_rgb_wb,0.5,0.5,Canon 600D,FL2,0.0,0.0
shading,spectral_radiance,0.5,0.5,Canon 600D,FL2,8.67361737988e-19,1.93818863506e-16
shading,cie_xyz,0.5,0.5,Canon 600D,FL2,5.55111512313e-17,1.95661558982e-16
shading,camera_rgb_raw,0.5,0.5,Canon 600D,FL2,5.55111512313e-17,3.23032257615e-16
shading,camera_rgb_wb,0.5,0.5,Canon 600D,FL2,5.55111512313e-17,1.69367963166e-16
shading,spectral_radiance,0.5,0.5,Canon 600D,FL2,0.0,0.0
shading,cie_xyz,0.5,0.5,Canon 600D,FL2,0.0,0.0
shading,camera_rgb_raw,0.5,0.5,Canon 600D,FL2,0.0,0.0
shading,camera_rgb_wb,0.5,0.5,Canon 600D,FL2,0.0,0.0
shading,spectral_radiance,0.5,0.5,Canon 60D,FL2,0.0,0.0
shading,cie_xyz,0.5,0.5,Canon 60D,FL2,0.0,0.0
shading,camera_rgb_raw,0.5,0.5,Canon 60D,FL2,0.0,0.0
shading,camera_rgb_wb,0.5,0.5,Canon 60D,FL2,0.0,0.0
shading,spectral_radiance,0.5,0.5,Canon 60D,FL2,0.0,0.0
shading,cie_xyz,0.5,0.5,Canon 60D,FL2,0.0,0.0
shading,camera_rgb_raw,0.5,0.5,Canon 60D,FL2,0.0,0.0
shading,camera_rgb_wb,0.5,0.5,Canon 60D,FL2,0.0,0.0
shading,spectral_radiance,0.5,0.5,Canon 60D,FL2,8.67361737988e-19,1.93818863506e-16
shading,cie_xyz,0.5,0.5,Canon 60D,FL2,5.55111512313e-17,1.95661558982e-16
shading,camera_rgb_raw,0.5,0.5,Canon 60D,FL2,8.32667268469e-17,4.81936141534e-16
shading,camera_rgb_wb,0.5,0.5,Canon 60D,FL2,2.22044604925e-16,6.75894436263e-16
shading,spectral_radiance,0.5,0.5,Canon 60D,FL2,0.0,0.0
shading,cie_xyz,0.5,0.5,Canon 60D,FL2,0.0,0.0
shading,camera_rgb_raw,0.5,0.5,Canon 60D,FL2,0.0,0.0
shading,camera_rgb_wb,0.5,0.5,Canon 60D,FL2,0.0,0.0
shading,spectral_radiance,0.5,0.5,Hasselblad H2,FL2,0.0,0.0
shading,cie_xyz,0.5,0.5,Hasselblad H2,FL2,0.0,0.0
shading,camera_rgb_raw,0.5,0.5,Hasselblad H2,FL2,0.0,0.0
shading,camera_rgb_wb,0.5,0.5,Hasselblad H2,FL2,0.0,0.0
shading,spectral_radiance,0.5,0.5,Hasselblad H2,FL2,0.0,0.0
shading,cie_xyz,0.5,0.5,Hasselblad H2,FL2,0.0,0.0
shading,camera_rgb_raw,0.5,0.5,Hasselblad H2,FL2,0.0,0.0
shading,camera_rgb_wb,0.5,0.5,Hasselblad H2,FL2,0.0,0.0
shading,spectral_radiance,0.5,0.5,Hasselblad H2,FL2,8.67361737988e-19,1.93818863506e-16
shading,cie_xyz,0.5,0.5,Hasselblad H2,FL2,5.55111512313e-17,1.95661558982e-16
shading,camera_rgb_raw,0.5,0.5,Hasselblad H2,FL2,2.77555756156e-17,1.94691150216e-16
shading,camera_rgb_wb,0.5,0.5,Hasselblad H2,FL2,5.55111512313e-17,1.51817982215e-16
shading,spectral_radiance,0.5,0.5,Hasselblad H2,FL2,0.0,0.0
shading,cie_xyz,0.5,0.5,Hasselblad H2,FL2,0.0,0.0
shading,camera_rgb_raw,0.5,0.5,Hasselblad H2,FL2,0.0,0.0
shading,camera_rgb_wb,0.5,0.5,Hasselblad H2,FL2,0.0,0.0
shading,spectral_radiance,0.5,0.5,Nikon D3X,FL2,0.0,0.0
shading,cie_xyz,0.5,0.5,Nikon D3X,FL2,0.0,0.0
shading,camera_rgb_raw,0.5,0.5,Nikon D3X,FL2,0.0,0.0
shading,camera_rgb_wb,0.5,0.5,Nikon D3X,FL2,0.0,0.0
shading,spectral_radiance,0.5,0.5,Nikon D3X,FL2,0.0,0.0
shading,cie_xyz,0.5,0.5,Nikon D3X,FL2,0.0,0.0
shading,camera_rgb_raw,0.5,0.5,Nikon D3X,FL2,0.0,0.0
shading,camera_rgb_wb,0.5,0.5,Nikon D3X,FL2,0.0,0.0
shading,spectral_radiance,0.5,0.5,Nikon D3X,FL2,8.67361737988e-19,1.93818863506e-16
shading,cie_xyz,0.5,0.5,Nikon D3X,FL2,5.55111512313e-17,1.95661558982e-16
shading,camera_rgb_raw,0.5,0.5,Nikon D3X,FL2,5.55111512313e-17,3.62158571855e-16
shading,camera_rgb_wb,0.5,0.5,Nikon D3X,FL2,1.11022302463e-16,3.16697302424e-16
shading,spectral_radiance,0.5,0.5,Nikon D3X,FL2,0.0,0.0
shading,cie_xyz,0.5,0.5,Nikon D3X,FL2,0.0,0.0
shading,camera_rgb_raw,0.5,0.5,Nikon D3X,FL2,0.0,0.0
shading,camera_rgb_wb,0.5,0.5,Nikon D3X,FL2,0.0,0.0
shading,spectral_radiance,0.5,0.5,Nikon D200,FL2,0.0,0.0
shading,cie_xyz,0.5,0.5,Nikon D200,FL2,0.0,0.0
shading,camera_rgb_raw,0.5,0.5,Nikon D200,FL2,0.0,0.0
shading,camera_rgb_wb,0.5,0.5,Nikon D200,FL2,0.0,0.0
shading,spectral_radiance,0.5,0.5,Nikon D200,FL2,0.0,0.0
shading,cie_xyz,0.5,0.5,Nikon D200,FL2,0.0,0.0
shading,camera_rgb_raw,0.5,0.5,Nikon D200,FL2,0.0,0.0
shading,camera_rgb_wb,0.5,0.5,Nikon D200,FL2,0.0,0.0
shading,spectral_radiance,0.5,0.5,Nikon D200,FL2,8.67361737988e-19,1.93818863506e-16
shading,cie_xyz,0.5,0.5,Nikon D200,FL2,5.55111512313e-17,1.95661558982e-16
shading,camera_rgb_raw,0.5,0.5,Nikon D200,FL2,1.11022302463e-16,7.16164343263e-16
shading,camera_rgb_wb,0.5,0.5,Nikon D200,FL2,2.77555756156e-16,7.9667508014e-16
shading,spectral_radiance,0.5,0.5,Nikon D200,FL2,0.0,0.0
shading,cie_xyz,0.5,0.5,Nikon D200,FL2,0.0,0.0
shading,camera_rgb_raw,0.5,0.5,Nikon D200,FL2,0.0,0.0
shading,camera_rgb_wb,0.5,0.5,Nikon D200,FL2,0.0,0.0
shading,spectral_radiance,0.5,0.5,Nikon D3,FL2,0.0,0.0
shading,cie_xyz,0.5,0.5,Nikon D3,FL2,0.0,0.0
shading,camera_rgb_raw,0.5,0.5,Nikon D3,FL2,0.0,0.0
shading,camera_rgb_wb,0.5,0.5,Nikon D3,FL2,0.0,0.0
shading,spectral_radiance,0.5,0.5,Nikon D3,FL2,0.0,0.0
shading,cie_xyz,0.5,0.5,Nikon D3,FL2,0.0,0.0
shading,camera_rgb_raw,0.5,0.5,Nikon D3,FL2,0.0,0.0
shading,camera_rgb_wb,0.5,0.5,Nikon D3,FL2,0.0,0.0
shading,spectral_radiance,0.5,0.5,Nikon D3,FL2,8.67361737988e-19,1.93818863506e-16
shading,cie_xyz,0.5,0.5,Nikon D3,FL2,5.55111512313e-17,1.95661558982e-16
shading,camera_rgb_raw,0.5,0.5,Nikon D3,FL2,2.77555756156e-17,1.8818540882e-16
shading,camera_rgb_wb,0.5,0.5,Nikon D3,FL2,5.55111512313e-17,1.6061587308e-16
shading,spectral_radiance,0.5,0.5,Nikon D3,FL2,0.0,0.0
shading,cie_xyz,0.5,0.5,Nikon D3,FL2,0.0,0.0
shading,camera_rgb_raw,0.5,0.5,Nikon D3,FL2,0.0,0.0
shading,camera_rgb_wb,0.5,0.5,Nikon D3,FL2,0.0,0.0
shading,spectral_radiance,0.5,0.5,Nikon D300s,FL2,0.0,0.0
shading,cie_xyz,0.5,0.5,Nikon D300s,FL2,0.0,0.0
shading,camera_rgb_raw,0.5,0.5,Nikon D300s,FL2,0.0,0.0
shading,camera_rgb_wb,0.5,0.5,Nikon D300s,FL2,0.0,0.0
shading,spectral_radiance,0.5,0.5,Nikon D300s,FL2,0.0,0.0
shading,cie_xyz,0.5,0.5,Nikon D300s,FL2,0.0,0.0
shading,camera_rgb_raw,0.5,0.5,Nikon D300s,FL2,0.0,0.0
shading,camera_rgb_wb,0.5,0.5,Nikon D300s,FL2,0.0,0.0
shading,spectral_radiance,0.5,0.5,Nikon D300s,FL2,8.67361737988e-19,1.93818863506e-16
shading,cie_xyz,0.5,0.5,Nikon D300s,FL2,5.55111512313e-17,1.95661558982e-16
shading,camera_rgb_raw,0.5,0.5,Nikon D300s,FL2,5.55111512313e-17,3.18847563758e-16
shading,camera_rgb_wb,0.5,0.5,Nikon D300s,FL2,5.55111512313e-17,1.63598950941e-16
shading,spectral_radiance,0.5,0.5,Nikon D300s,FL2,0.0,0.0
shading,cie_xyz,0.5,0.5,Nikon D300s,FL2,0.0,0.0
shading,camera_rgb_raw,0.5,0.5,Nikon D300s,FL2,0.0,0.0
shading,camera_rgb_wb,0.5,0.5,Nikon D300s,FL2,0.0,0.0
shading,spectral_radiance,0.5,0.5,Nikon D40,FL2,0.0,0.0
shading,cie_xyz,0.5,0.5,Nikon D40,FL2,0.0,0.0
shading,camera_rgb_raw,0.5,0.5,Nikon D40,FL2,0.0,0.0
shading,camera_rgb_wb,0.5,0.5,Nikon D40,FL2,0.0,0.0
shading,spectral_radiance,0.5,0.5,Nikon D40,FL2,0.0,0.0
shading,cie_xyz,0.5,0.5,Nikon D40,FL2,0.0,0.0
shading,camera_rgb_raw,0.5,0.5,Nikon D40,FL2,0.0,0.0
shading,camera_rgb_wb,0.5,0.5,Nikon D40,FL2,0.0,0.0
shading,spectral_radiance,0.5,0.5,Nikon D40,FL2,8.67361737988e-19,1.93818863506e-16
shading,cie_xyz,0.5,0.5,Nikon D40,FL2,5.55111512313e-17,1.95661558982e-16
shading,camera_rgb_raw,0.5,0.5,Nikon D40,FL2,2.77555756156e-17,2.0806669828e-16
shading,camera_rgb_wb,0.5,0.5,Nikon D40,FL2,1.11022302463e-16,3.26394901528e-16
shading,spectral_radiance,0.5,0.5,Nikon D40,FL2,0.0,0.0
shading,cie_xyz,0.5,0.5,Nikon D40,FL2,0.0,0.0
shading,camera_rgb_raw,0.5,0.5,Nikon D40,FL2,0.0,0.0
shading,camera_rgb_wb,0.5,0.5,Nikon D40,FL2,0.0,0.0
shading,spectral_radiance,0.5,0.5,Nikon D50,FL2,0.0,0.0
shading,cie_xyz,0.5,0.5,Nikon D50,FL2,0.0,0.0
shading,camera_rgb_raw,0.5,0.5,Nikon D50,FL2,0.0,0.0
shading,camera_rgb_wb,0.5,0.5,Nikon D50,FL2,0.0,0.0
shading,spectral_radiance,0.5,0.5,Nikon D50,FL2,0.0,0.0
shading,cie_xyz,0.5,0.5,Nikon D50,FL2,0.0,0.0
shading,camera_rgb_raw,0.5,0.5,Nikon D50,FL2,0.0,0.0
shading,camera_rgb_wb,0.5,0.5,Nikon D50,FL2,0.0,0.0
shading,spectral_radiance,0.5,0.5,Nikon D50,FL2,8.67361737988e-19,1.93818863506e-16
shading,cie_xyz,0.5,0.5,Nikon D50,FL2,5.55111512313e-17,1.95661558982e-16
shading,camera_rgb_raw,0.5,0.5,Nikon D50,FL2,2.77555756156e-17,2.0012852192e-16
shading,camera_rgb_wb,0.5,0.5,Nikon D50,FL2,2.77555756156e-17,7.94487471483e-17
shading,spectral_radiance,0.5,0.5,Nikon D50,FL2,0.0,0.0
shading,cie_xyz,0.5,0.5,Nikon D50,FL2,0.0,0.0
shading,camera_rgb_raw,0.5,0.5,Nikon D50,FL2,0.0,0.0
shading,camera_rgb_wb,0.5,0.5,Nikon D50,FL2,0.0,0.0
shading,spectral_radiance,0.5,0.5,Nikon D5100,FL2,0.0,0.0
shading,cie_xyz,0.5,0.5,Nikon D5100,FL2,0.0,0.0
shading,camera_rgb_raw,0.5,0.5,Nikon D5100,FL2,0.0,0.0
shading,camera_rgb_wb,0.5,0.5,Nikon D5100,FL2,0.0,0.0
shading,spectral_radiance,0.5,0.5,Nikon D5100,FL2,0.0,0.0
shading,cie_xyz,0.5,0.5,Nikon D5100,FL2,0.0,0.0
shading,camera_rgb_raw,0.5,0.5,Nikon D5100,FL2,0.0,0.0
shading,camera_rgb_wb,0.5,0.5,Nikon D5100,FL2,0.0,0.0
shading,spectral_radiance,0.5,0.5,Nikon D5100,FL2,8.67361737988e-19,1.93818863506e-16
shading,cie_xyz,0.5,0.5,Nikon D5100,FL2,5.55111512313e-17,1.95661558982e-16
shading,camera_rgb_raw,0.5,0.5,Nikon D5100,FL2,2.77555756156e-17,1.89759974127e-16
shading,camera_rgb_wb,0.5,0.5,Nikon D5100,FL2,1.38777878078e-17,4.09828161069e-17
shading,spectral_radiance,0.5,0.5,Nikon D5100,FL2,0.0,0.0
shading,cie_xyz,0.5,0.5,Nikon D5100,FL2,0.0,0.0
shading,camera_rgb_raw,0.5,0.5,Nikon D5100,FL2,0.0,0.0
shading,camera_rgb_wb,0.5,0.5,Nikon D5100,FL2,0.0,0.0
shading,spectral_radiance,0.5,0.5,Nikon D700,FL2,0.0,0.0
shading,cie_xyz,0.5,0.5,Nikon D700,FL2,0.0,0.0
shading,camera_rgb_raw,0.5,0.5,Nikon D700,FL2,0.0,0.0
shading,camera_rgb_wb,0.5,0.5,Nikon D700,FL2,0.0,0.0
shading,spectral_radiance,0.5,0.5,Nikon D700,FL2,0.0,0.0
shading,cie_xyz,0.5,0.5,Nikon D700,FL2,0.0,0.0
shading,camera_rgb_raw,0.5,0.5,Nikon D700,FL2,0.0,0.0
shading,camera_rgb_wb,0.5,0.5,Nikon D700,FL2,0.0,0.0
shading,spectral_radiance,0.5,0.5,Nikon D700,FL2,8.67361737988e-19,1.93818863506e-16
shading,cie_xyz,0.5,0.5,Nikon D700,FL2,5.55111512313e-17,1.95661558982e-16
shading,camera_rgb_raw,0.5,0.5,Nikon D700,FL2,8.32667268469e-17,5.3989344405e-16
shading,camera_rgb_wb,0.5,0.5,Nikon D700,FL2,1.11022302463e-16,3.20781334283e-16
shading,spectral_radiance,0.5,0.5,Nikon D700,FL2,0.0,0.0
shading,cie_xyz,0.5,0.5,Nikon D700,FL2,0.0,0.0
shading,camera_rgb_raw,0.5,0.5,Nikon D700,FL2,0.0,0.0
shading,camera_rgb_wb,0.5,0.5,Nikon D700,FL2,0.0,0.0
shading,spectral_radiance,0.5,0.5,Nikon D80,FL2,0.0,0.0
shading,cie_xyz,0.5,0.5,Nikon D80,FL2,0.0,0.0
shading,camera_rgb_raw,0.5,0.5,Nikon D80,FL2,0.0,0.0
shading,camera_rgb_wb,0.5,0.5,Nikon D80,FL2,0.0,0.0
shading,spectral_radiance,0.5,0.5,Nikon D80,FL2,0.0,0.0
shading,cie_xyz,0.5,0.5,Nikon D80,FL2,0.0,0.0
shading,camera_rgb_raw,0.5,0.5,Nikon D80,FL2,0.0,0.0
shading,camera_rgb_wb,0.5,0.5,Nikon D80,FL2,0.0,0.0
shading,spectral_radiance,0.5,0.5,Nikon D80,FL2,8.67361737988e-19,1.93818863506e-16
shading,cie_xyz,0.5,0.5,Nikon D80,FL2,5.55111512313e-17,1.95661558982e-16
shading,camera_rgb_raw,0.5,0.5,Nikon D80,FL2,2.77555756156e-17,1.98297204892e-16
shading,camera_rgb_wb,0.5,0.5,Nikon D80,FL2,5.55111512313e-17,1.59534170416e-16
shading,spectral_radiance,0.5,0.5,Nikon D80,FL2,0.0,0.0
shading,cie_xyz,0.5,0.5,Nikon D80,FL2,0.0,0.0
shading,camera_rgb_raw,0.5,0.5,Nikon D80,FL2,0.0,0.0
shading,camera_rgb_wb,0.5,0.5,Nikon D80,FL2,0.0,0.0
shading,spectral_radiance,0.5,0.5,Nikon D90,FL2,0.0,0.0
shading,cie_xyz,0.5,0.5,Nikon D90,FL2,0.0,0.0
shading,camera_rgb_raw,0.5,0.5,Nikon D90,FL2,0.0,0.0
shading,camera_rgb_wb,0.5,0.5,Nikon D90,FL2,0.0,0.0
shading,spectral_radiance,0.5,0.5,Nikon D90,FL2,0.0,0.0
shading,cie_xyz,0.5,0.5,Nikon D90,FL2,0.0,0.0
shading,camera_rgb_raw,0.5,0.5,Nikon D90,FL2,0.0,0.0
shading,camera_rgb_wb,0.5,0.5,Nikon D90,FL2,0.0,0.0
shading,spectral_radiance,0.5,0.5,Nikon D90,FL2,8.67361737988e-19,1.93818863506e-16
shading,cie_xyz,0.5,0.5,Nikon D90,FL2,5.55111512313e-17,1.95661558982e-16
shading,camera_rgb_raw,0.5,0.5,Nikon D90,FL2,2.77555756156e-17,1.97850625084e-16
shading,camera_rgb_wb,0.5,0.5,Nikon D90,FL2,5.55111512313e-17,1.6324903033e-16
shading,spectral_radiance,0.5,0.5,Nikon D90,FL2,0.0,0.0
shading,cie_xyz,0.5,0.5,Nikon D90,FL2,0.0,0.0
shading,camera_rgb_raw,0.5,0.5,Nikon D90,FL2,0.0,0.0
shading,camera_rgb_wb,0.5,0.5,Nikon D90,FL2,0.0,0.0
shading,spectral_radiance,0.5,0.5,Nokia N900,FL2,0.0,0.0
shading,cie_xyz,0.5,0.5,Nokia N900,FL2,0.0,0.0
shading,camera_rgb_raw,0.5,0.5,Nokia N900,FL2,0.0,0.0
shading,camera_rgb_wb,0.5,0.5,Nokia N900,FL2,0.0,0.0
shading,spectral_radiance,0.5,0.5,Nokia N900,FL2,0.0,0.0
shading,cie_xyz,0.5,0.5,Nokia N900,FL2,0.0,0.0
shading,camera_rgb_raw,0.5,0.5,Nokia N900,FL2,0.0,0.0
shading,camera_rgb_wb,0.5,0.5,Nokia N900,FL2,0.0,0.0
shading,spectral_radiance,0.5,0.5,Nokia N900,FL2,8.67361737988e-19,1.93818863506e-16
shading,cie_xyz,0.5,0.5,Nokia N900,FL2,5.55111512313e-17,1.95661558982e-16
shading,camera_rgb_raw,0.5,0.5,Nokia N900,FL2,1.11022302463e-16,4.84794351735e-16
shading,camera_rgb_wb,0.5,0.5,Nokia N900,FL2,2.22044604925e-16,6.13000812296e-16
shading,spectral_radiance,0.5,0.5,Nokia N900,FL2,0.0,0.0
shading,cie_xyz,0.5,0.5,Nokia N900,FL2,0.0,0.0
shading,camera_rgb_raw,0.5,0.5,Nokia N900,FL2,0.0,0.0
shading,camera_rgb_wb,0.5,0.5,Nokia N900,FL2,0.0,0.0
shading,spectral_radiance,0.5,0.5,Olympus E-PL2,FL2,0.0,0.0
shading,cie_xyz,0.5,0.5,Olympus E-PL2,FL2,0.0,0.0
shading,camera_rgb_raw,0.5,0.5,Olympus E-PL2,FL2,0.0,0.0
shading,camera_rgb_wb,0.5,0.5,Olympus E-PL2,FL2,0.0,0.0
shading,spectral_radiance,0.5,0.5,Olympus E-PL2,FL2,0.0,0.0
shading,cie_xyz,0.5,0.5,Olympus E-PL2,FL2,0.0,0.0
shading,camera_rgb_raw,0.5,0.5,Olympus E-PL2,FL2,0.0,0.0
shading,camera_rgb_wb,0.5,0.5,Olympus E-PL2,FL2,0.0,0.0
shading,spectral_radiance,0.5,0.5,Olympus E-PL2,FL2,8.67361737988e-19,1.93818863506e-16
shading,cie_xyz,0.5,0.5,Olympus E-PL2,FL2,5.55111512313e-17,1.95661558982e-16
shading,camera_rgb_raw,0.5,0.5,Olympus E-PL2,FL2,5.55111512313e-17,2.34265446426e-16
shading,camera_rgb_wb,0.5,0.5,Olympus E-PL2,FL2,5.55111512313e-17,1.46729798043e-16
shading,spectral_radiance,0.5,0.5,Olympus E-PL2,FL2,0.0,0.0
shading,cie_xyz,0.5,0.5,Olympus E-PL2,FL2,0.0,0.0
shading,camera_rgb_raw,0.5,0.5,Olympus E-PL2,FL2,0.0,0.0
shading,camera_rgb_wb,0.5,0.5,Olympus E-PL2,FL2,0.0,0.0
shading,spectral_radiance,0.5,0.5,Pentax K-5,FL2,0.0,0.0
shading,cie_xyz,0.5,0.5,Pentax K-5,FL2,0.0,0.0
shading,camera_rgb_raw,0.5,0.5,Pentax K-5,FL2,0.0,0.0
shading,camera_rgb_wb,0.5,0.5,Pentax K-5,FL2,0.0,0.0
shading,spectral_radiance,0.5,0.5,Pentax K-5,FL2,0.0,0.0
shading,cie_xyz,0.5,0.5,Pentax K-5,FL2,0.0,0.0
shading,camera_rgb_raw,0.5,0.5,Pentax K-5,FL2,0.0,0.0
shading,camera_rgb_wb,0.5,0.5,Pentax K-5,FL2,0.0,0.0
shading,spectral_radiance,0.5,0.5,Pentax K-5,FL2,8.67361737988e-19,1.93818863506e-16
shading,cie_xyz,0.5,0.5,Pentax K-5,FL2,5.55111512313e-17,1.95661558982e-16
shading,camera_rgb_raw,0.5,0.5,Pentax K-5,FL2,2.77555756156e-17,1.82928174187e-16
shading,camera_rgb_wb,0.5,0.5,Pentax K-5,FL2,2.77555756156e-17,8.11495313113e-17
shading,spectral_radiance,0.5,0.5,Pentax K-5,FL2,0.0,0.0
shading,cie_xyz,0.5,0.5,Pentax K-5,FL2,0.0,0.0
shading,camera_rgb_raw,0.5,0.5,Pentax K-5,FL2,0.0,0.0
shading,camera_rgb_wb,0.5,0.5,Pentax K-5,FL2,0.0,0.0
shading,spectral_radiance,0.5,0.5,Pentax Q,FL2,0.0,0.0
shading,cie_xyz,0.5,0.5,Pentax Q,FL2,0.0,0.0
shading,camera_rgb_raw,0.5,0.5,Pentax Q,FL2,0.0,0.0
shading,camera_rgb_wb,0.5,0.5,Pentax Q,FL2,0.0,0.0
shading,spectral_radiance,0.5,0.5,Pentax Q,FL2,0.0,0.0
shading,cie_xyz,0.5,0.5,Pentax Q,FL2,0.0,0.0
shading,camera_rgb_raw,0.5,0.5,Pentax Q,FL2,0.0,0.0
shading,camera_rgb_wb,0.5,0.5,Pentax Q,FL2,0.0,0.0
shading,spectral_radiance,0.5,0.5,Pentax Q,FL2,8.67361737988e-19,1.93818863506e-16
shading,cie_xyz,0.5,0.5,Pentax Q,FL2,5.55111512313e-17,1.95661558982e-16
shading,camera_rgb_raw,0.5,0.5,Pentax Q,FL2,2.77555756156e-17,1.20234342148e-16
shading,camera_rgb_wb,0.5,0.5,Pentax Q,FL2,4.16333634234e-17,1.1550958167e-16
shading,spectral_radiance,0.5,0.5,Pentax Q,FL2,0.0,0.0
shading,cie_xyz,0.5,0.5,Pentax Q,FL2,0.0,0.0
shading,camera_rgb_raw,0.5,0.5,Pentax Q,FL2,0.0,0.0
shading,camera_rgb_wb,0.5,0.5,Pentax Q,FL2,0.0,0.0
shading,spectral_radiance,0.5,0.5,Point Grey Grasshopper 50S5C,FL2,0.0,0.0
shading,cie_xyz,0.5,0.5,Point Grey Grasshopper 50S5C,FL2,0.0,0.0
shading,camera_rgb_raw,0.5,0.5,Point Grey Grasshopper 50S5C,FL2,0.0,0.0
shading,camera_rgb_wb,0.5,0.5,Point Grey Grasshopper 50S5C,FL2,0.0,0.0
shading,spectral_radiance,0.5,0.5,Point Grey Grasshopper 50S5C,FL2,0.0,0.0
shading,cie_xyz,0.5,0.5,Point Grey Grasshopper 50S5C,FL2,0.0,0.0
shading,camera_rgb_raw,0.5,0.5,Point Grey Grasshopper 50S5C,FL2,0.0,0.0
shading,camera_rgb_wb,0.5,0.5,Point Grey Grasshopper 50S5C,FL2,0.0,0.0
shading,spectral_radiance,0.5,0.5,Point Grey Grasshopper 50S5C,FL2,8.67361737988e-19,1.93818863506e-16
shading,cie_xyz,0.5,0.5,Point Grey Grasshopper 50S5C,FL2,5.55111512313e-17,1.95661558982e-16
shading,camera_rgb_raw,0.5,0.5,Point Grey Grasshopper 50S5C,FL2,4.16333634234e-17,3.70254240834e-16
shading,camera_rgb_wb,0.5,0.5,Point Grey Grasshopper 50S5C,FL2,1.11022302463e-16,2.53760951089e-16
shading,spectral_radiance,0.5,0.5,Point Grey Grasshopper 50S5C,FL2,0.0,0.0
shading,cie_xyz,0.5,0.5,Point Grey Grasshopper 50S5C,FL2,0.0,0.0
shading,camera_rgb_raw,0.5,0.5,Point Grey Grasshopper 50S5C,FL2,0.0,0.0
shading,camera_rgb_wb,0.5,0.5,Point Grey Grasshopper 50S5C,FL2,0.0,0.0
shading,spectral_radiance,0.5,0.5,Point Grey Grasshopper2 14S5C,FL2,0.0,0.0
shading,cie_xyz,0.5,0.5,Point Grey Grasshopper2 14S5C,FL2,0.0,0.0
shading,camera_rgb_raw,0.5,0.5,Point Grey Grasshopper2 14S5C,FL2,0.0,0.0
shading,camera_rgb_wb,0.5,0.5,Point Grey Grasshopper2 14S5C,FL2,0.0,0.0
shading,spectral_radiance,0.5,0.5,Point Grey Grasshopper2 14S5C,FL2,0.0,0.0
shading,cie_xyz,0.5,0.5,Point Grey Grasshopper2 14S5C,FL2,0.0,0.0
shading,camera_rgb_raw,0.5,0.5,Point Grey Grasshopper2 14S5C,FL2,0.0,0.0
shading,camera_rgb_wb,0.5,0.5,Point Grey Grasshopper2 14S5C,FL2,0.0,0.0
shading,spectral_radiance,0.5,0.5,Point Grey Grasshopper2 14S5C,FL2,8.67361737988e-19,1.93818863506e-16
shading,cie_xyz,0.5,0.5,Point Grey Grasshopper2 14S5C,FL2,5.55111512313e-17,1.95661558982e-16
shading,camera_rgb_raw,0.5,0.5,Point Grey Grasshopper2 14S5C,FL2,2.77555756156e-17,1.76571091193e-16
shading,camera_rgb_wb,0.5,0.5,Point Grey Grasshopper2 14S5C,FL2,5.55111512313e-17,1.41974420221e-16
shading,spectral_radiance,0.5,0.5,Point Grey Grasshopper2 14S5C,FL2,0.0,0.0
shading,cie_xyz,0.5,0.5,Point Grey Grasshopper2 14S5C,FL2,0.0,0.0
shading,camera_rgb_raw,0.5,0.5,Point Grey Grasshopper2 14S5C,FL2,0.0,0.0
shading,camera_rgb_wb,0.5,0.5,Point Grey Grasshopper2 14S5C,FL2,0.0,0.0
shading,spectral_radiance,0.5,0.5,Phase One,FL2,0.0,0.0
shading,cie_xyz,0.5,0.5,Phase One,FL2,0.0,0.0
shading,camera_rgb_raw,0.5,0.5,Phase One,FL2,0.0,0.0
shading,camera_rgb_wb,0.5,0.5,Phase One,FL2,0.0,0.0
shading,spectral_radiance,0.5,0.5,Phase One,FL2,0.0,0.0
shading,cie_xyz,0.5,0.5,Phase One,FL2,0.0,0.0
shading,camera_rgb_raw,0.5,0.5,Phase One,FL2,0.0,0.0
shading,camera_rgb_wb,0.5,0.5,Phase One,FL2,0.0,0.0
shading,spectral_radiance,0.5,0.5,Phase One,FL2,8.67361737988e-19,1.93818863506e-16
shading,cie_xyz,0.5,0.5,Phase One,FL2,5.55111512313e-17,1.95661558982e-16
shading,camera_rgb_raw,0.5,0.5,Phase One,FL2,5.55111512313e-17,3.28025668327e-16
shading,camera_rgb_wb,0.5,0.5,Phase One,FL2,1.11022302463e-16,3.73044011435e-16
shading,spectral_radiance,0.5,0.5,Phase One,FL2,0.0,0.0
shading,cie_xyz,0.5,0.5,Phase One,FL2,0.0,0.0
shading,camera_rgb_raw,0.5,0.5,Phase One,FL2,0.0,0.0
shading,camera_rgb_wb,0.5,0.5,Phase One,FL2,0.0,0.0
shading,spectral_radiance,0.5,0.5,SONY NEX-5N,FL2,0.0,0.0
shading,cie_xyz,0.5,0.5,SONY NEX-5N,FL2,0.0,0.0
shading,camera_rgb_raw,0.5,0.5,SONY NEX-5N,FL2,0.0,0.0
shading,camera_rgb_wb,0.5,0.5,SONY NEX-5N,FL2,0.0,0.0
shading,spectral_radiance,0.5,0.5,SONY NEX-5N,FL2,0.0,0.0
shading,cie_xyz,0.5,0.5,SONY NEX-5N,FL2,0.0,0.0
shading,camera_rgb_raw,0.5,0.5,SONY NEX-5N,FL2,0.0,0.0
shading,camera_rgb_wb,0.5,0.5,SONY NEX-5N,FL2,0.0,0.0
shading,spectral_radiance,0.5,0.5,SONY NEX-5N,FL2,8.67361737988e-19,1.93818863506e-16
shading,cie_xyz,0.5,0.5,SONY NEX-5N,FL2,5.55111512313e-17,1.95661558982e-16
shading,camera_rgb_raw,0.5,0.5,SONY NEX-5N,FL2,8.32667268469e-17,5.89018271877e-16
shading,camera_rgb_wb,0.5,0.5,SONY NEX-5N,FL2,8.32667268469e-17,2.54129587636e-16
shading,spectral_radiance,0.5,0.5,SONY NEX-5N,FL2,0.0,0.0
shading,cie_xyz,0.5,0.5,SONY NEX-5N,FL2,0.0,0.0
shading,camera_rgb_raw,0.5,0.5,SONY NEX-5N,FL2,0.0,0.0
shading,camera_rgb_wb,0.5,0.5,SONY NEX-5N,FL2,0.0,0.0
shading,spectral_radiance,0.5,0.5,Canon 1DMarkIII,FL11,0.0,0.0
shading,cie_xyz,0.5,0.5,Canon 1DMarkIII,FL11,0.0,0.0
shading,camera_rgb_raw,0.5,0.5,Canon 1DMarkIII,FL11,0.0,0.0
shading,camera_rgb_wb,0.5,0.5,Canon 1DMarkIII,FL11,0.0,0.0
shading,spectral_radiance,0.5,0.5,Canon 1DMarkIII,FL11,0.0,0.0
shading,cie_xyz,0.5,0.5,Canon 1DMarkIII,FL11,0.0,0.0
shading,camera_rgb_raw,0.5,0.5,Canon 1DMarkIII,FL11,0.0,0.0
shading,camera_rgb_wb,0.5,0.5,Canon 1DMarkIII,FL11,0.0,0.0
shading,spectral_radiance,0.5,0.5,Canon 1DMarkIII,FL11,3.46944695195e-18,2.08608208647e-16
shading,cie_xyz,0.5,0.5,Canon 1DMarkIII,FL11,5.55111512313e-17,1.70709060667e-16
shading,camera_rgb_raw,0.5,0.5,Canon 1DMarkIII,FL11,5.55111512313e-17,3.59623216849e-16
shading,camera_rgb_wb,0.5,0.5,Canon 1DMarkIII,FL11,1.11022302463e-16,2.95662340403e-16
shading,spectral_radiance,0.5,0.5,Canon 1DMarkIII,FL11,0.0,0.0
shading,cie_xyz,0.5,0.5,Canon 1DMarkIII,FL11,0.0,0.0
shading,camera_rgb_raw,0.5,0.5,Canon 1DMarkIII,FL11,0.0,0.0
shading,camera_rgb_wb,0.5,0.5,Canon 1DMarkIII,FL11,0.0,0.0
shading,spectral_radiance,0.5,0.5,Canon 20D,FL11,0.0,0.0
shading,cie_xyz,0.5,0.5,Canon 20D,FL11,0.0,0.0
shading,camera_rgb_raw,0.5,0.5,Canon 20D,FL11,0.0,0.0
shading,camera_rgb_wb,0.5,0.5,Canon 20D,FL11,0.0,0.0
shading,spectral_radiance,0.5,0.5,Canon 20D,FL11,0.0,0.0
shading,cie_xyz,0.5,0.5,Canon 20D,FL11,0.0,0.0
shading,camera_rgb_raw,0.5,0.5,Canon 20D,FL11,0.0,0.0
shading,camera_rgb_wb,0.5,0.5,Canon 20D,FL11,0.0,0.0
shading,spectral_radiance,0.5,0.5,Canon 20D,FL11,3.46944695195e-18,2.08608208647e-16
shading,cie_xyz,0.5,0.5,Canon 20D,FL11,5.55111512313e-17,1.70709060667e-16
shading,camera_rgb_raw,0.5,0.5,Canon 20D,FL11,2.77555756156e-17,1.61174556055e-16
shading,camera_rgb_wb,0.5,0.5,Canon 20D,FL11,5.55111512313e-17,1.48074250696e-16
shading,spectral_radiance,0.5,0.5,Canon 20D,FL11,0.0,0.0
shading,cie_xyz,0.5,0.5,Canon 20D,FL11,0.0,0.0
shading,camera_rgb_raw,0.5,0.5,Canon 20D,FL11,0.0,0.0
shading,camera_rgb_wb,0.5,0.5,Canon 20D,FL11,0.0,0.0
shading,spectral_radiance,0.5,0.5,Canon 300D,FL11,0.0,0.0
shading,cie_xyz,0.5,0.5,Canon 300D,FL11,0.0,0.0
shading,camera_rgb_raw,0.5,0.5,Canon 300D,FL11,0.0,0.0
shading,camera_rgb_wb,0.5,0.5,Canon 300D,FL11,0.0,0.0
shading,spectral_radiance,0.5,0.5,Canon 300D,FL11,0.0,0.0
shading,cie_xyz,0.5,0.5,Canon 300D,FL11,0.0,0.0
shading,camera_rgb_raw,0.5,0.5,Canon 300D,FL11,0.0,0.0
shading,camera_rgb_wb,0.5,0.5,Canon 300D,FL11,0.0,0.0
shading,spectral_radiance,0.5,0.5,Canon 300D,FL11,3.46944695195e-18,2.08608208647e-16
shading,cie_xyz,0.5,0.5,Canon 300D,FL11,5.55111512313e-17,1.70709060667e-16
shading,camera_rgb_raw,0.5,0.5,Canon 300D,FL11,2.77555756156e-17,1.52926872936e-16
shading,camera_rgb_wb,0.5,0.5,Canon 300D,FL11,1.38777878078e-17,3.47836703344e-17
shading,spectral_radiance,0.5,0.5,Canon 300D,FL11,0.0,0.0
shading,cie_xyz,0.5,0.5,Canon 300D,FL11,0.0,0.0
shading,camera_rgb_raw,0.5,0.5,Canon 300D,FL11,0.0,0.0
shading,camera_rgb_wb,0.5,0.5,Canon 300D,FL11,0.0,0.0
shading,spectral_radiance,0.5,0.5,Canon 40D,FL11,0.0,0.0
shading,cie_xyz,0.5,0.5,Canon 40D,FL11,0.0,0.0
shading,camera_rgb_raw,0.5,0.5,Canon 40D,FL11,0.0,0.0
shading,camera_rgb_wb,0.5,0.5,Canon 40D,FL11,0.0,0.0
shading,spectral_radiance,0.5,0.5,Canon 40D,FL11,0.0,0.0
shading,cie_xyz,0.5,0.5,Canon 40D,FL11,0.0,0.0
shading,camera_rgb_raw,0.5,0.5,Canon 40D,FL11,0.0,0.0
shading,camera_rgb_wb,0.5,0.5,Canon 40D,FL11,0.0,0.0
shading,spectral_radiance,0.5,0.5,Canon 40D,FL11,3.46944695195e-18,2.08608208647e-16
shading,cie_xyz,0.5,0.5,Canon 40D,FL11,5.55111512313e-17,1.70709060667e-16
shading,camera_rgb_raw,0.5,0.5,Canon 40D,FL11,2.77555756156e-17,1.80700836233e-16
shading,camera_rgb_wb,0.5,0.5,Canon 40D,FL11,5.55111512313e-17,1.48497937489e-16
shading,spectral_radiance,0.5,0.5,Canon 40D,FL11,0.0,0.0
shading,cie_xyz,0.5,0.5,Canon 40D,FL11,0.0,0.0
shading,camera_rgb_raw,0.5,0.5,Canon 40D,FL11,0.0,0.0
shading,camera_rgb_wb,0.5,0.5,Canon 40D,FL11,0.0,0.0
shading,spectral_radiance,0.5,0.5,Canon 500D,FL11,0.0,0.0
shading,cie_xyz,0.5,0.5,Canon 500D,FL11,0.0,0.0
shading,camera_rgb_raw,0.5,0.5,Canon 500D,FL11,0.0,0.0
shading,camera_rgb_wb,0.5,0.5,Canon 500D,FL11,0.0,0.0
shading,spectral_radiance,0.5,0.5,Canon 500D,FL11,0.0,0.0
shading,cie_xyz,0.5,0.5,Canon 500D,FL11,0.0,0.0
shading,camera_rgb_raw,0.5,0.5,Canon 500D,FL11,0.0,0.0
shading,camera_rgb_wb,0.5,0.5,Canon 500D,FL11,0.0,0.0
shading,spectral_radiance,0.5,0.5,Canon 500D,FL11,3.46944695195e-18,2.08608208647e-16
shading,cie_xyz,0.5,0.5,Canon 500D,FL11,5.55111512313e-17,1.70709060667e-16
shading,camera_rgb_raw,0.5,0.5,Canon 500D,FL11,2.77555756156e-17,1.58776207812e-16
shading,camera_rgb_wb,0.5,0.5,Canon 500D,FL11,2.77555756156e-17,8.13256804649e-17
shading,spectral_radiance,0.5,0.5,Canon 500D,FL11,0.0,0.0
shading,cie_xyz,0.5,0.5,Canon 500D,FL11,0.0,0.0
shading,camera_rgb_raw,0.5,0.5,Canon 500D,FL11,0.0,0.0
shading,camera_rgb_wb,0.5,0.5,Canon 500D,FL11,0.0,0.0
shading,spectral_radiance,0.5,0.5,Canon 50D,FL11,0.0,0.0
shading,cie_xyz,0.5,0.5,Canon 50D,FL11,0.0,0.0
shading,camera_rgb_raw,0.5,0.5,Canon 50D,FL11,0.0,0.0
shading,camera_rgb_wb,0.5,0.5,Canon 50D,FL11,0.0,0.0
shading,spectral_radiance,0.5,0.5,Canon 50D,FL11,0.0,0.0
shading,cie_xyz,0.5,0.5,Canon 50D,FL11,0.0,0.0
shading,camera_rgb_raw,0.5,0.5,Canon 50D,FL11,0.0,0.0
shading,camera_rgb_wb,0.5,0.5,Canon 50D,FL11,0.0,0.0
shading,spectral_radiance,0.5,0.5,Canon 50D,FL11,3.46944695195e-18,2.08608208647e-16
shading,cie_xyz,0.5,0.5,Canon 50D,FL11,5.55111512313e-17,1.70709060667e-16
shading,camera_rgb_raw,0.5,0.5,Canon 50D,FL11,5.55111512313e-17,3.14287804086e-16
shading,camera_rgb_wb,0.5,0.5,Canon 50D,FL11,1.11022302463e-16,3.17582427243e-16
shading,spectral_radiance,0.5,0.5,Canon 50D,FL11,0.0,0.0
shading,cie_xyz,0.5,0.5,Canon 50D,FL11,0.0,0.0
shading,camera_rgb_raw,0.5,0.5,Canon 50D,FL11,0.0,0.0
shading,camera_rgb_wb,0.5,0.5,Canon 50D,FL11,0.0,0.0
shading,spectral_radiance,0.5,0.5,Canon 5DMarkII,FL11,0.0,0.0
shading,cie_xyz,0.5,0.5,Canon 5DMarkII,FL11,0.0,0.0
shading,camera_rgb_raw,0.5,0.5,Canon 5DMarkII,FL11,0.0,0.0
shading,camera_rgb_wb,0.5,0.5,Canon 5DMarkII,FL11,0.0,0.0
shading,spectral_radiance,0.5,0.5,Canon 5DMarkII,FL11,0.0,0.0
shading,cie_xyz,0.5,0.5,Canon 5DMarkII,FL11,0.0,0.0
shading,camera_rgb_raw,0.5,0.5,Canon 5DMarkII,FL11,0.0,0.0
shading,camera_rgb_wb,0.5,0.5,Canon 5DMarkII,FL11,0.0,0.0
shading,spectral_radiance,0.5,0.5,Canon 5DMarkII,FL11,3.46944695195e-18,2.08608208647e-16
shading,cie_xyz,0.5,0.5,Canon 5DMarkII,FL11,5.55111512313e-17,1.70709060667e-16
shading,camera_rgb_raw,0.5,0.5,Canon 5DMarkII,FL11,2.77555756156e-17,1.73413417951e-16
shading,camera_rgb_wb,0.5,0.5,Canon 5DMarkII,FL11,5.55111512313e-17,1.5528923121e-16
shading,spectral_radiance,0.5,0.5,Canon 5DMarkII,FL11,0.0,0.0
shading,cie_xyz,0.5,0.5,Canon 5DMarkII,FL11,0.0,0.0
shading,camera_rgb_raw,0.5,0.5,Canon 5DMarkII,FL11,0.0,0.0
shading,camera_rgb_wb,0.5,0.5,Canon 5DMarkII,FL11,0.0,0.0
shading,spectral_radiance,0.5,0.5,Canon 600D,FL11,0.0,0.0
shading,cie_xyz,0.5,0.5,Canon 600D,FL11,0.0,0.0
shading,camera_rgb_raw,0.5,0.5,Canon 600D,FL11,0.0,0.0
shading,camera_rgb_wb,0.5,0.5,Canon 600D,FL11,0.0,0.0
shading,spectral_radiance,0.5,0.5,Canon 600D,FL11,0.0,0.0
shading,cie_xyz,0.5,0.5,Canon 600D,FL11,0.0,0.0
shading,camera_rgb_raw,0.5,0.5,Canon 600D,FL11,0.0,0.0
shading,camera_rgb_wb,0.5,0.5,Canon 600D,FL11,0.0,0.0
shading,spectral_radiance,0.5,0.5,Canon 600D,FL11,3.46944695195e-18,2.08608208647e-16
shading,cie_xyz,0.5,0.5,Canon 600D,FL11,5.55111512313e-17,1.70709060667e-16
shading,camera_rgb_raw,0.5,0.5,Canon 600D,FL11,2.77555756156e-17,1.70521798256e-16
shading,camera_rgb_wb,0.5,0.5,Canon 600D,FL11,5.55111512313e-17,1.51145719909e-16
shading,spectral_radiance,0.5,0.5,Canon 600D,FL11,0.0,0.0
shading,cie_xyz,0.5,0.5,Canon 600D,FL11,0.0,0.0
shading,camera_rgb_raw,0.5,0.5,Canon 600D,FL11,0.0,0.0
shading,camera_rgb_wb,0.5,0.5,Canon 600D,FL11,0.0,0.0
shading,spectral_radiance,0.5,0.5,Canon 60D,FL11,0.0,0.0
shading,cie_xyz,0.5,0.5,Canon 60D,FL11,0.0,0.0
shading,camera_rgb_raw,0.5,0.5,Canon 60D,FL11,0.0,0.0
shading,camera_rgb_wb,0.5,0.5,Canon 60D,FL11,0.0,0.0
shading,spectral_radiance,0.5,0.5,Canon 60D,FL11,0.0,0.0
shading,cie_xyz,0.5,0.5,Canon 60D,FL11,0.0,0.0
shading,camera_rgb_raw,0.5,0.5,Canon 60D,FL11,0.0,0.0
shading,camera_rgb_wb,0.5,0.5,Canon 60D,FL11,0.0,0.0
shading,spectral_radiance,0.5,0.5,Canon 60D,FL11,3.46944695195e-18,2.08608208647e-16
shading,cie_xyz,0.5,0.5,Canon 60D,FL11,5.55111512313e-17,1.70709060667e-16
shading,camera_rgb_raw,0.5,0.5,Canon 60D,FL11,2.77555756156e-17,1.68438538851e-16
shading,camera_rgb_wb,0.5,0.5,Canon 60D,FL11,5.55111512313e-17,1.51074407557e-16
shading,spectral_radiance,0.5,0.5,Canon 60D,FL11,0.0,0.0
shading,cie_xyz,0.5,0.5,Canon 60D,FL11,0.0,0.0
shading,camera_rgb_raw,0.5,0.5,Canon 60D,FL11,0.0,0.0
shading,camera_rgb_wb,0.5,0.5,Canon 60D,FL11,0.0,0.0
shading,spectral_radiance,0.5,0.5,Hasselblad H2,FL11,0.0,0.0
shading,cie_xyz,0.5,0.5,Hasselblad H2,FL11,0.0,0.0
shading,camera_rgb_raw,0.5,0.5,Hasselblad H2,FL11,0.0,0.0
shading,camera_rgb_wb,0.5,0.5,Hasselblad H2,FL11,0.0,0.0
shading,spectral_radiance,0.5,0.5,Hasselblad H2,FL11,0.0,0.0
shading,cie_xyz,0.5,0.5,Hasselblad H2,FL11,0.0,0.0
shading,camera_rgb_raw,0.5,0.5,Hasselblad H2,FL11,0.0,0.0
shading,camera_rgb_wb,0.5,0.5,Hasselblad H2,FL11,0.0,0.0
shading,spectral_radiance,0.5,0.5,Hasselblad H2,FL11,3.46944695195e-18,2.08608208647e-16
shading,cie_xyz,0.5,0.5,Hasselblad H2,FL11,5.55111512313e-17,1.70709060667e-16
shading,camera_rgb_raw,0.5,0.5,Hasselblad H2,FL11,5.55111512313e-17,4.10789632227e-16
shading,camera_rgb_wb,0.5,0.5,Hasselblad H2,FL11,1.11022302463e-16,2.81341414657e-16
shading,spectral_radiance,0.5,0.5,Hasselblad H2,FL11,0.0,0.0
shading,cie_xyz,0.5,0.5,Hasselblad H2,FL11,0.0,0.0
shading,camera_rgb_raw,0.5,0.5,Hasselblad H2,FL11,0.0,0.0
shading,camera_rgb_wb,0.5,0.5,Hasselblad H2,FL11,0.0,0.0
shading,spectral_radiance,0.5,0.5,Nikon D3X,FL11,0.0,0.0
shading,cie_xyz,0.5,0.5,Nikon D3X,FL11,0.0,0.0
shading,camera_rgb_raw,0.5,0.5,Nikon D3X,FL11,0.0,0.0
shading,camera_rgb_wb,0.5,0.5,Nikon D3X,FL11,0.0,0.0
shading,spectral_radiance,0.5,0.5,Nikon D3X,FL11,0.0,0.0
shading,cie_xyz,0.5,0.5,Nikon D3X,FL11,0.0,0.0
shading,camera_rgb_raw,0.5,0.5,Nikon D3X,FL11,0.0,0.0
shading,camera_rgb_wb,0.5,0.5,Nikon D3X,FL11,0.0,0.0
shading,spectral_radiance,0.5,0.5,Nikon D3X,FL11,3.46944695195e-18,2.08608208647e-16
shading,cie_xyz,0.5,0.5,Nikon D3X,FL11,5.55111512313e-17,1.70709060667e-16
shading,camera_rgb_raw,0.5,0.5,Nikon D3X,FL11,5.55111512313e-17,3.36688210442e-16
shading,camera_rgb_wb,0.5,0.5,Nikon D3X,FL11,1.11022302463e-16,2.84169547686e-16
shading,spectral_radiance,0.5,0.5,Nikon D3X,FL11,0.0,0.0
shading,cie_xyz,0.5,0.5,Nikon D3X,FL11,0.0,0.0
shading,camera_rgb_raw,0.5,0.5,Nikon D3X,FL11,0.0,0.0
shading,camera_rgb_wb,0.5,0.5,Nikon D3X,FL11,0.0,0.0
shading,spectral_radiance,0.5,0.5,Nikon D200,FL11,0.0,0.0
shading,cie_xyz,0.5,0.5,Nikon D200,FL11,0.0,0.0
shading,camera_rgb_raw,0.5,0.5,Nikon D200,FL11,0.0,0.0
shading,camera_rgb_wb,0.5,0.5,Nikon D200,FL11,0.0,0.0
shading,spectral_radiance,0.5,0.5,Nikon D200,FL11,0.0,0.0
shading,cie_xyz,0.5,0.5,Nikon D200,FL11,0.0,0.0
shading,camera_rgb_raw,0.5,0.5,Nikon D200,FL11,0.0,0.0
shading,camera_rgb_wb,0.5,0.5,Nikon D200,FL11,0.0,0.0
shading,spectral_radiance,0.5,0.5,Nikon D200,FL11,3.46944695195e-18,2.08608208647e-16
shading,cie_xyz,0.5,0.5,Nikon D200,FL11,5.55111512313e-17,1.70709060667e-16
shading,camera_rgb_raw,0.5,0.5,Nikon D200,FL11,2.77555756156e-17,1.50880872109e-16
shading,camera_rgb_wb,0.5,0.5,Nikon D200,FL11,5.55111512313e-17,1.42489896801e-16
shading,spectral_radiance,0.5,0.5,Nikon D200,FL11,0.0,0.0
shading,cie_xyz,0.5,0.5,Nikon D200,FL11,0.0,0.0
shading,camera_rgb_raw,0.5,0.5,Nikon D200,FL11,0.0,0.0
shading,camera_rgb_wb,0.5,0.5,Nikon D200,FL11,0.0,0.0
shading,spectral_radiance,0.5,0.5,Nikon D3,FL11,0.0,0.0
shading,cie_xyz,0.5,0.5,Nikon D3,FL11,0.0,0.0
shading,camera_rgb_raw,0.5,0.5,Nikon D3,FL11,0.0,0.0
shading,camera_rgb_wb,0.5,0.5,Nikon D3,FL11,0.0,0.0
shading,spectral_radiance,0.5,0.5,Nikon D3,FL11,0.0,0.0
shading,cie_xyz,0.5,0.5,Nikon D3,FL11,0.0,0.0
shading,camera_rgb_raw,0.5,0.5,Nikon D3,FL11,0.0,0.0
shading,camera_rgb_wb,0.5,0.5,Nikon D3,FL11,0.0,0.0
shading,spectral_radiance,0.5,0.5,Nikon D3,FL11,3.46944695195e-18,2.08608208647e-16
shading,cie_xyz,0.5,0.5,Nikon D3,FL11,5.55111512313e-17,1.70709060667e-16
shading,camera_rgb_raw,0.5,0.5,Nikon D3,FL11,2.77555756156e-17,1.58640699741e-16
shading,camera_rgb_wb,0.5,0.5,Nikon D3,FL11,5.55111512313e-17,1.43143598336e-16
shading,spectral_radiance,0.5,0.5,Nikon D3,FL11,0.0,0.0
shading,cie_xyz,0.5,0.5,Nikon D3,FL11,0.0,0.0
shading,camera_rgb_raw,0.5,0.5,Nikon D3,FL11,0.0,0.0
shading,camera_rgb_wb,0.5,0.5,Nikon D3,FL11,0.0,0.0
shading,spectral_radiance,0.5,0.5,Nikon D300s,FL11,0.0,0.0
shading,cie_xyz,0.5,0.5,Nikon D300s,FL11,0.0,0.0
shading,camera_rgb_raw,0.5,0.5,Nikon D300s,FL11,0.0,0.0
shading,camera_rgb_wb,0.5,0.5,Nikon D300s,FL11,0.0,0.0
shading,spectral_radiance,0.5,0.5,Nikon D300s,FL11,0.0,0.0
shading,cie_xyz,0.5,0.5,Nikon D300s,FL11,0.0,0.0
shading,camera_rgb_raw,0.5,0.5,Nikon D300s,FL11,0.0,0.0
shading,camera_rgb_wb,0.5,0.5,Nikon D300s,FL11,0.0,0.0
shading,spectral_radiance,0.5,0.5,Nikon D300s,FL11,3.46944695195e-18,2.08608208647e-16
shading,cie_xyz,0.5,0.5,Nikon D300s,FL11,5.55111512313e-17,1.70709060667e-16
shading,camera_rgb_raw,0.5,0.5,Nikon D300s,FL11,2.77555756156e-17,1.35472975844e-16
shading,camera_rgb_wb,0.5,0.5,Nikon D300s,FL11,5.55111512313e-17,1.45689481437e-16
shading,spectral_radiance,0.5,0.5,Nikon D300s,FL11,0.0,0.0
shading,cie_xyz,0.5,0.5,Nikon D300s,FL11,0.0,0.0
shading,camera_rgb_raw,0.5,0.5,Nikon D300s,FL11,0.0,0.0
shading,camera_rgb_wb,0.5,0.5,Nikon D300s,FL11,0.0,0.0
shading,spectral_radiance,0.5,0.5,Nikon D40,FL11,0.0,0.0
shading,cie_xyz,0.5,0.5,Nikon D40,FL11,0.0,0.0
shading,camera_rgb_raw,0.5,0.5,Nikon D40,FL11,0.0,0.0
shading,camera_rgb_wb,0.5,0.5,Nikon D40,FL11,0.0,0.0
shading,spectral_radiance,0.5,0.5,Nikon D40,FL11,0.0,0.0
shading,cie_xyz,0.5,0.5,Nikon D40,FL11,0.0,0.0
shading,camera_rgb_raw,0.5,0.5,Nikon D40,FL11,0.0,0.0
shading,camera_rgb_wb,0.5,0.5,Nikon D40,FL11,0.0,0.0
shading,spectral_radiance,0.5,0.5,Nikon D40,FL11,3.46944695195e-18,2.08608208647e-16
shading,cie_xyz,0.5,0.5,Nikon D40,FL11,5.55111512313e-17,1.70709060667e-16
shading,camera_rgb_raw,0.5,0.5,Nikon D40,FL11,2.77555756156e-17,1.88086353186e-16
shading,camera_rgb_wb,0.5,0.5,Nikon D40,FL11,5.55111512313e-17,1.44437337914e-16
shading,spectral_radiance,0.5,0.5,Nikon D40,FL11,0.0,0.0
shading,cie_xyz,0.5,0.5,Nikon D40,FL11,0.0,0.0
shading,camera_rgb_raw,0.5,0.5,Nikon D40,FL11,0.0,0.0
shading,camera_rgb_wb,0.5,0.5,Nikon D40,FL11,0.0,0.0
shading,spectral_radiance,0.5,0.5,Nikon D50,FL11,0.0,0.0
shading,cie_xyz,0.5,0.5,Nikon D50,FL11,0.0,0.0
shading,camera_rgb_raw,0.5,0.5,Nikon D50,FL11,0.0,0.0
shading,camera_rgb_wb,0.5,0.5,Nikon D50,FL11,0.0,0.0
shading,spectral_radiance,0.5,0.5,Nikon D50,FL11,0.0,0.0
shading,cie_xyz,0.5,0.5,Nikon D50,FL11,0.0,0.0
shading,camera_rgb_raw,0.5,0.5,Nikon D50,FL11,0.0,0.0
shading,camera_rgb_wb,0.5,0.5,Nikon D50,FL11,0.0,0.0
shading,spectral_radiance,0.5,0.5,Nikon D50,FL11,3.46944695195e-18,2.08608208647e-16
shading,cie_xyz,0.5,0.5,Nikon D50,FL11,5.55111512313e-17,1.70709060667e-16
shading,camera_rgb_raw,0.5,0.5,Nikon D50,FL11,5.55111512313e-17,3.77945255251e-16
shading,camera_rgb_wb,0.5,0.5,Nikon D50,FL11,1.11022302463e-16,2.8524616628e-16
shading,spectral_radiance,0.5,0.5,Nikon D50,FL11,0.0,0.0
shading,cie_xyz,0.5,0.5,Nikon D50,FL11,0.0,0.0
shading,camera_rgb_raw,0.5,0.5,Nikon D50,FL11,0.0,0.0
shading,camera_rgb_wb,0.5,0.5,Nikon D50,FL11,0.0,0.0
shading,spectral_radiance,0.5,0.5,Nikon D5100,FL11,0.0,0.0
shading,cie_xyz,0.5,0.5,Nikon D5100,FL11,0.0,0.0
shading,camera_rgb_raw,0.5,0.5,Nikon D5100,FL11,0.0,0.0
shading,camera_rgb_wb,0.5,0.5,Nikon D5100,FL11,0.0,0.0
shading,spectral_radiance,0.5,0.5,Nikon D5100,FL11,0.0,0.0
shading,cie_xyz,0.5,0.5,Nikon D5100,FL11,0.0,0.0
shading,camera_rgb_raw,0.5,0.5,Nikon D5100,FL11,0.0,0.0
shading,camera_rgb_wb,0.5,0.5,Nikon D5100,FL11,0.0,0.0
shading,spectral_radiance,0.5,0.5,Nikon D5100,FL11,3.46944695195e-18,2.08608208647e-16
shading,cie_xyz,0.5,0.5,Nikon D5100,FL11,5.55111512313e-17,1.70709060667e-16
shading,camera_rgb_raw,0.5,0.5,Nikon D5100,FL11,8.32667268469e-17,4.95434968538e-16
shading,camera_rgb_wb,0.5,0.5,Nikon D5100,FL11,1.11022302463e-16,2.9290100057e-16
shading,spectral_radiance,0.5,0.5,Nikon D5100,FL11,0.0,0.0
shading,cie_xyz,0.5,0.5,Nikon D5100,FL11,0.0,0.0
shading,camera_rgb_raw,0.5,0.5,Nikon D5100,FL11,0.0,0.0
shading,camera_rgb_wb,0.5,0.5,Nikon D5100,FL11,0.0,0.0
shading,spectral_radiance,0.5,0.5,Nikon D700,FL11,0.0,0.0
shading,cie_xyz,0.5,0.5,Nikon D700,FL11,0.0,0.0
shading,camera_rgb_raw,0.5,0.5,Nikon D700,FL11,0.0,0.0
shading,camera_rgb_wb,0.5,0.5,Nikon D700,FL11,0.0,0.0
shading,spectral_radiance,0.5,0.5,Nikon D700,FL11,0.0,0.0
shading,cie_xyz,0.5,0.5,Nikon D700,FL11,0.0,0.0
shading,camera_rgb_raw,0.5,0.5,Nikon D700,FL11,0.0,0.0
shading,camera_rgb_wb,0.5,0.5,Nikon D700,FL11,0.0,0.0
shading,spectral_radiance,0.5,0.5,Nikon D700,FL11,3.46944695195e-18,2.08608208647e-16
shading,cie_xyz,0.5,0.5,Nikon D700,FL11,5.55111512313e-17,1.70709060667e-16
shading,camera_rgb_raw,0.5,0.5,Nikon D700,FL11,2.77555756156e-17,1.52589602061e-16
shading,camera_rgb_wb,0.5,0.5,Nikon D700,FL11,1.11022302463e-16,2.86046067876e-16
shading,spectral_radiance,0.5,0.5,Nikon D700,FL11,0.0,0.0
shading,cie_xyz,0.5,0.5,Nikon D700,FL11,0.0,0.0
shading,camera_rgb_raw,0.5,0.5,Nikon D700,FL11,0.0,0.0
shading,camera_rgb_wb,0.5,0.5,Nikon D700,FL11,0.0,0.0
shading,spectral_radiance,0.5,0.5,Nikon D80,FL11,0.0,0.0
shading,cie_xyz,0.5,0.5,Nikon D80,FL11,0.0,0.0
shading,camera_rgb_raw,0.5,0.5,Nikon D80,FL11,0.0,0.0
shading,camera_rgb_wb,0.5,0.5,Nikon D80,FL11,0.0,0.0
shading,spectral_radiance,0.5,0.5,Nikon D80,FL11,0.0,0.0
shading,cie_xyz,0.5,0.5,Nikon D80,FL11,0.0,0.0
shading,camera_rgb_raw,0.5,0.5,Nikon D80,FL11,0.0,0.0
shading,camera_rgb_wb,0.5,0.5,Nikon D80,FL11,0.0,0.0
shading,spectral_radiance,0.5,0.5,Nikon D80,FL11,3.46944695195e-18,2.08608208647e-16
shading,cie_xyz,0.5,0.5,Nikon D80,FL11,5.55111512313e-17,1.70709060667e-16
shading,camera_rgb_raw,0.5,0.5,Nikon D80,FL11,2.77555756156e-17,1.86811593888e-16
shading,camera_rgb_wb,0.5,0.5,Nikon D80,FL11,5.55111512313e-17,1.436225908e-16
shading,spectral_radiance,0.5,0.5,Nikon D80,FL11,0.0,0.0
shading,cie_xyz,0.5,0.5,Nikon D80,FL11,0.0,0.0
shading,camera_rgb_raw,0.5,0.5,Nikon D80,FL11,0.0,0.0
shading,camera_rgb_wb,0.5,0.5,Nikon D80,FL11,0.0,0.0
shading,spectral_radiance,0.5,0.5,Nikon D90,FL11,0.0,0.0
shading,cie_xyz,0.5,0.5,Nikon D90,FL11,0.0,0.0
shading,camera_rgb_raw,0.5,0.5,Nikon D90,FL11,0.0,0.0
shading,camera_rgb_wb,0.5,0.5,Nikon D90,FL11,0.0,0.0
shading,spectral_radiance,0.5,0.5,Nikon D90,FL11,0.0,0.0
shading,cie_xyz,0.5,0.5,Nikon D90,FL11,0.0,0.0
shading,camera_rgb_raw,0.5,0.5,Nikon D90,FL11,0.0,0.0
shading,camera_rgb_wb,0.5,0.5,Nikon D90,FL11,0.0,0.0
shading,spectral_radiance,0.5,0.5,Nikon D90,FL11,3.46944695195e-18,2.08608208647e-16
shading,cie_xyz,0.5,0.5,Nikon D90,FL11,5.55111512313e-17,1.70709060667e-16
shading,camera_rgb_raw,0.5,0.5,Nikon D90,FL11,5.55111512313e-17,3.30326829852e-16
shading,camera_rgb_wb,0.5,0.5,Nikon D90,FL11,5.55111512313e-17,1.46376077352e-16
shading,spectral_radiance,0.5,0.5,Nikon D90,FL11,0.0,0.0
shading,cie_xyz,0.5,0.5,Nikon D90,FL11,0.0,0.0
shading,camera_rgb_raw,0.5,0.5,Nikon D90,FL11,0.0,0.0
shading,camera_rgb_wb,0.5,0.5,Nikon D90,FL11,0.0,0.0
shading,spectral_radiance,0.5,0.5,Nokia N900,FL11,0.0,0.0
shading,cie_xyz,0.5,0.5,Nokia N900,FL11,0.0,0.0
shading,camera_rgb_raw,0.5,0.5,Nokia N900,FL11,0.0,0.0
shading,camera_rgb_wb,0.5,0.5,Nokia N900,FL11,0.0,0.0
shading,spectral_radiance,0.5,0.5,Nokia N900,FL11,0.0,0.0
shading,cie_xyz,0.5,0.5,Nokia N900,FL11,0.0,0.0
shading,camera_rgb_raw,0.5,0.5,Nokia N900,FL11,0.0,0.0
shading,camera_rgb_wb,0.5,0.5,Nokia N900,FL11,0.0,0.0
shading,spectral_radiance,0.5,0.5,Nokia N900,FL11,3.46944695195e-18,2.08608208647e-16
shading,cie_xyz,0.5,0.5,Nokia N900,FL11,5.55111512313e-17,1.70709060667e-16
shading,camera_rgb_raw,0.5,0.5,Nokia N900,FL11,5.55111512313e-17,2.07599658567e-16
shading,camera_rgb_wb,0.5,0.5,Nokia N900,FL11,5.55111512313e-17,1.43045033824e-16
shading,spectral_radiance,0.5,0.5,Nokia N900,FL11,0.0,0.0
shading,cie_xyz,0.5,0.5,Nokia N900,FL11,0.0,0.0
shading,camera_rgb_raw,0.5,0.5,Nokia N900,FL11,0.0,0.0
shading,camera_rgb_wb,0.5,0.5,Nokia N900,FL11,0.0,0.0
shading,spectral_radiance,0.5,0.5,Olympus E-PL2,FL11,0.0,0.0
shading,cie_xyz,0.5,0.5,Olympus E-PL2,FL11,0.0,0.0
shading,camera_rgb_raw,0.5,0.5,Olympus E-PL2,FL11,0.0,0.0
shading,camera_rgb_wb,0.5,0.5,Olympus E-PL2,FL11,0.0,0.0
shading,spectral_radiance,0.5,0.5,Olympus E-PL2,FL11,0.0,0.0
shading,cie_xyz,0.5,0.5,Olympus E-PL2,FL11,0.0,0.0
shading,camera_rgb_raw,0.5,0.5,Olympus E-PL2,FL11,0.0,0.0
shading,camera_rgb_wb,0.5,0.5,Olympus E-PL2,FL11,0.0,0.0
shading,spectral_radiance,0.5,0.5,Olympus E-PL2,FL11,3.46944695195e-18,2.08608208647e-16
shading,cie_xyz,0.5,0.5,Olympus E-PL2,FL11,5.55111512313e-17,1.70709060667e-16
shading,camera_rgb_raw,0.5,0.5,Olympus E-PL2,FL11,1.11022302463e-16,3.74820474211e-16
shading,camera_rgb_wb,0.5,0.5,Olympus E-PL2,FL11,1.66533453694e-16,4.0066628655e-16
shading,spectral_radiance,0.5,0.5,Olympus E-PL2,FL11,0.0,0.0
shading,cie_xyz,0.5,0.5,Olympus E-PL2,FL11,0.0,0.0
shading,camera_rgb_raw,0.5,0.5,Olympus E-PL2,FL11,0.0,0.0
shading,camera_rgb_wb,0.5,0.5,Olympus E-PL2,FL11,0.0,0.0
shading,spectral_radiance,0.5,0.5,Pentax K-5,FL11,0.0,0.0
shading,cie_xyz,0.5,0.5,Pentax K-5,FL11,0.0,0.0
shading,camera_rgb_raw,0.5,0.5,Pentax K-5,FL11,0.0,0.0
shading,camera_rgb_wb,0.5,0.5,Pentax K-5,FL11,0.0,0.0
shading,spectral_radiance,0.5,0.5,Pentax K-5,FL11,0.0,0.0
shading,cie_xyz,0.5,0.5,Pentax K-5,FL11,0.0,0.0
shading,camera_rgb_raw,0.5,0.5,Pentax K-5,FL11,0.0,0.0
shading,camera_rgb_wb,0.5,0.5,Pentax K-5,FL11,0.0,0.0
shading,spectral_radiance,0.5,0.5,Pentax K-5,FL11,3.46944695195e-18,2.08608208647e-16
shading,cie_xyz,0.5,0.5,Pentax K-5,FL11,5.55111512313e-17,1.70709060667e-16
shading,camera_rgb_raw,0.5,0.5,Pentax K-5,FL11,5.55111512313e-17,3.44123269071e-16
shading,camera_rgb_wb,0.5,0.5,Pentax K-5,FL11,5.55111512313e-17,1.44888111881e-16
shading,spectral_radiance,0.5,0.5,Pentax K-5,FL11,0.0,0.0
shading,cie_xyz,0.5,0.5,Pentax K-5,FL11,0.0,0.0
shading,camera_rgb_raw,0.5,0.5,Pentax K-5,FL11,0.0,0.0
shading,camera_rgb_wb,0.5,0.5,Pentax K-5,FL11,0.0,0.0
shading,spectral_radiance,0.5,0.5,Pentax Q,FL11,0.0,0.0
shading,cie_xyz,0.5,0.5,Pentax Q,FL11,0.0,0.0
shading,camera_rgb_raw,0.5,0.5,Pentax Q,FL11,0.0,0.0
shading,camera_rgb_wb,0.5,0.5,Pentax Q,FL11,0.0,0.0
shading,spectral_radiance,0.5,0.5,Pentax Q,FL11,0.0,0.0
shading,cie_xyz,0.5,0.5,Pentax Q,FL11,0.0,0.0
shading,camera_rgb_raw,0.5,0.5,Pentax Q,FL11,0.0,0.0
shading,camera_rgb_wb,0.5,0.5,Pentax Q,FL11,0.0,0.0
shading,spectral_radiance,0.5,0.5,Pentax Q,FL11,3.46944695195e-18,2.08608208647e-16
shading,cie_xyz,0.5,0.5,Pentax Q,FL11,5.55111512313e-17,1.70709060667e-16
shading,camera_rgb_raw,0.5,0.5,Pentax Q,FL11,1.11022302463e-16,3.99759763752e-16
shading,camera_rgb_wb,0.5,0.5,Pentax Q,FL11,1.11022302463e-16,2.81827030836e-16
shading,spectral_radiance,0.5,0.5,Pentax Q,FL11,0.0,0.0
shading,cie_xyz,0.5,0.5,Pentax Q,FL11,0.0,0.0
shading,camera_rgb_raw,0.5,0.5,Pentax Q,FL11,0.0,0.0
shading,camera_rgb_wb,0.5,0.5,Pentax Q,FL11,0.0,0.0
shading,spectral_radiance,0.5,0.5,Point Grey Grasshopper 50S5C,FL11,0.0,0.0
shading,cie_xyz,0.5,0.5,Point Grey Grasshopper 50S5C,FL11,0.0,0.0
shading,camera_rgb_raw,0.5,0.5,Point Grey Grasshopper 50S5C,FL11,0.0,0.0
shading,camera_rgb_wb,0.5,0.5,Point Grey Grasshopper 50S5C,FL11,0.0,0.0
shading,spectral_radiance,0.5,0.5,Point Grey Grasshopper 50S5C,FL11,0.0,0.0
shading,cie_xyz,0.5,0.5,Point Grey Grasshopper 50S5C,FL11,0.0,0.0
shading,camera_rgb_raw,0.5,0.5,Point Grey Grasshopper 50S5C,FL11,0.0,0.0
shading,camera_rgb_wb,0.5,0.5,Point Grey Grasshopper 50S5C,FL11,0.0,0.0
shading,spectral_radiance,0.5,0.5,Point Grey Grasshopper 50S5C,FL11,3.46944695195e-18,2.08608208647e-16
shading,cie_xyz,0.5,0.5,Point Grey Grasshopper 50S5C,FL11,5.55111512313e-17,1.70709060667e-16
shading,camera_rgb_raw,0.5,0.5,Point Grey Grasshopper 50S5C,FL11,4.16333634234e-17,2.66826175371e-16
shading,camera_rgb_wb,0.5,0.5,Point Grey Grasshopper 50S5C,FL11,8.32667268469e-17,1.89353985788e-16
shading,spectral_radiance,0.5,0.5,Point Grey Grasshopper 50S5C,FL11,0.0,0.0
shading,cie_xyz,0.5,0.5,Point Grey Grasshopper 50S5C,FL11,0.0,0.0
shading,camera_rgb_raw,0.5,0.5,Point Grey Grasshopper 50S5C,FL11,0.0,0.0
shading,camera_rgb_wb,0.5,0.5,Point Grey Grasshopper 50S5C,FL11,0.0,0.0
shading,spectral_radiance,0.5,0.5,Point Grey Grasshopper2 14S5C,FL11,0.0,0.0
shading,cie_xyz,0.5,0.5,Point Grey Grasshopper2 14S5C,FL11,0.0,0.0
shading,camera_rgb_raw,0.5,0.5,Point Grey Grasshopper2 14S5C,FL11,0.0,0.0
shading,camera_rgb_wb,0.5,0.5,Point Grey Grasshopper2 14S5C,FL11,0.0,0.0
shading,spectral_radiance,0.5,0.5,Point Grey Grasshopper2 14S5C,FL11,0.0,0.0
shading,cie_xyz,0.5,0.5,Point Grey Grasshopper2 14S5C,FL11,0.0,0.0
shading,camera_rgb_raw,0.5,0.5,Point Grey Grasshopper2 14S5C,FL11,0.0,0.0
shading,camera_rgb_wb,0.5,0.5,Point Grey Grasshopper2 14S5C,FL11,0.0,0.0
shading,spectral_radiance,0.5,0.5,Point Grey Grasshopper2 14S5C,FL11,3.46944695195e-18,2.08608208647e-16
shading,cie_xyz,0.5,0.5,Point Grey Grasshopper2 14S5C,FL11,5.55111512313e-17,1.70709060667e-16
shading,camera_rgb_raw,0.5,0.5,Point Grey Grasshopper2 14S5C,FL11,1.11022302463e-16,5.86946470215e-16
shading,camera_rgb_wb,0.5,0.5,Point Grey Grasshopper2 14S5C,FL11,2.22044604925e-16,5.27721792946e-16
shading,spectral_radiance,0.5,0.5,Point Grey Grasshopper2 14S5C,FL11,0.0,0.0
shading,cie_xyz,0.5,0.5,Point Grey Grasshopper2 14S5C,FL11,0.0,0.0
shading,camera_rgb_raw,0.5,0.5,Point Grey Grasshopper2 14S5C,FL11,0.0,0.0
shading,camera_rgb_wb,0.5,0.5,Point Grey Grasshopper2 14S5C,FL11,0.0,0.0
shading,spectral_radiance,0.5,0.5,Phase One,FL11,0.0,0.0
shading,cie_xyz,0.5,0.5,Phase One,FL11,0.0,0.0
shading,camera_rgb_raw,0.5,0.5,Phase One,FL11,0.0,0.0
shading,camera_rgb_wb,0.5,0.5,Phase One,FL11,0.0,0.0
shading,spectral_radiance,0.5,0.5,Phase One,FL11,0.0,0.0
shading,cie_xyz,0.5,0.5,Phase One,FL11,0.0,0.0
shading,camera_rgb_raw,0.5,0.5,Phase One,FL11,0.0,0.0
shading,camera_rgb_wb,0.5,0.5,Phase One,FL11,0.0,0.0
shading,spectral_radiance,0.5,0.5,Phase One,FL11,3.46944695195e-18,2.08608208647e-16
shading,cie_xyz,0.5,0.5,Phase One,FL11,5.55111512313e-17,1.70709060667e-16
shading,camera_rgb_raw,0.5,0.5,Phase One,FL11,2.77555756156e-17,1.64552620329e-16
shading,camera_rgb_wb,0.5,0.5,Phase One,FL11,1.11022302463e-16,3.20046234503e-16
shading,spectral_radiance,0.5,0.5,Phase One,FL11,0.0,0.0
shading,cie_xyz,0.5,0.5,Phase One,FL11,0.0,0.0
shading,camera_rgb_raw,0.5,0.5,Phase One,FL11,0.0,0.0
shading,camera_rgb_wb,0.5,0.5,Phase One,FL11,0.0,0.0
shading,spectral_radiance,0.5,0.5,SONY NEX-5N,FL11,0.0,0.0
shading,cie_xyz,0.5,0.5,SONY NEX-5N,FL11,0.0,0.0
shading,camera_rgb_raw,0.5,0.5,SONY NEX-5N,FL11,0.0,0.0
shading,camera_rgb_wb,0.5,0.5,SONY NEX-5N,FL11,0.0,0.0
shading,spectral_radiance,0.5,0.5,SONY NEX-5N,FL11,0.0,0.0
shading,cie_xyz,0.5,0.5,SONY NEX-5N,FL11,0.0,0.0
shading,camera_rgb_raw,0.5,0.5,SONY NEX-5N,FL11,0.0,0.0
shading,camera_rgb_wb,0.5,0.5,SONY NEX-5N,FL11,0.0,0.0
shading,spectral_radiance,0.5,0.5,SONY NEX-5N,FL11,3.46944695195e-18,2.08608208647e-16
shading,cie_xyz,0.5,0.5,SONY NEX-5N,FL11,5.55111512313e-17,1.70709060667e-16
shading,camera_rgb_raw,0.5,0.5,SONY NEX-5N,FL11,5.55111512313e-17,4.03187061172e-16
shading,camera_rgb_wb,0.5,0.5,SONY NEX-5N,FL11,8.32667268469e-17,2.23475487743e-16
shading,spectral_radiance,0.5,0.5,SONY NEX-5N,FL11,0.0,0.0
shading,cie_xyz,0.5,0.5,SONY NEX-5N,FL11,0.0,0.0
shading,camera_rgb_raw,0.5,0.5,SONY NEX-5N,FL11,0.0,0.0
shading,camera_rgb_wb,0.5,0.5,SONY NEX-5N,FL11,0.0,0.0
shading,spectral_radiance,0.5,0.8,Canon 1DMarkIII,D65,0.0,0.0
shading,cie_xyz,0.5,0.8,Canon 1DMarkIII,D65,0.0,0.0
shading,camera_rgb_raw,0.5,0.8,Canon 1DMarkIII,D65,0.0,0.0
shading,camera_rgb_wb,0.5,0.8,Canon 1DMarkIII,D65,0.0,0.0
shading,spectral_radiance,0.5,0.8,Canon 1DMarkIII,D65,0.0,0.0
shading,cie_xyz,0.5,0.8,Canon 1DMarkIII,D65,0.0,0.0
shading,camera_rgb_raw,0.5,0.8,Canon 1DMarkIII,D65,0.0,0.0
shading,camera_rgb_wb,0.5,0.8,Canon 1DMarkIII,D65,0.0,0.0
shading,spectral_radiance,0.5,0.8,Canon 1DMarkIII,D65,8.67361737988e-19,1.91335877944e-16
shading,cie_xyz,0.5,0.8,Canon 1DMarkIII,D65,2.77555756156e-17,1.05751732911e-16
shading,camera_rgb_raw,0.5,0.8,Canon 1DMarkIII,D65,5.55111512313e-17,3.70844837075e-16
shading,camera_rgb_wb,0.5,0.8,Canon 1DMarkIII,D65,1.66533453694e-16,4.72174738563e-16
shading,spectral_radiance,0.5,0.8,Canon 1DMarkIII,D65,0.0,0.0
shading,cie_xyz,0.5,0.8,Canon 1DMarkIII,D65,0.0,0.0
shading,camera_rgb_raw,0.5,0.8,Canon 1DMarkIII,D65,0.0,0.0
shading,camera_rgb_wb,0.5,0.8,Canon 1DMarkIII,D65,0.0,0.0
shading,spectral_radiance,0.5,0.8,Canon 20D,D65,0.0,0.0
shading,cie_xyz,0.5,0.8,Canon 20D,D65,0.0,0.0
shading,camera_rgb_raw,0.5,0.8,Canon 20D,D65,0.0,0.0
shading,camera_rgb_wb,0.5,0.8,Canon 20D,D65,0.0,0.0
shading,spectral_radiance,0.5,0.8,Canon 20D,D65,0.0,0.0
shading,cie_xyz,0.5,0.8,Canon 20D,D65,0.0,0.0
shading,camera_rgb_raw,0.5,0.8,Canon 20D,D65,0.0,0.0
shading,camera_rgb_wb,0.5,0.8,Canon 20D,D65,0.0,0.0
shading,spectral_radiance,0.5,0.8,Canon 20D,D65,8.67361737988e-19,1.91335877944e-16
shading,cie_xyz,0.5,0.8,Canon 20D,D65,2.77555756156e-17,1.05751732911e-16
shading,camera_rgb_raw,0.5,0.8,Canon 20D,D65,0.0,0.0
shading,camera_rgb_wb,0.5,0.8,Canon 20D,D65,5.55111512313e-17,1.56912751271e-16
shading,spectral_radiance,0.5,0.8,Canon 20D,D65,0.0,0.0
shading,cie_xyz,0.5,0.8,Canon 20D,D65,0.0,0.0
shading,camera_rgb_raw,0.5,0.8,Canon 20D,D65,0.0,0.0
shading,camera_rgb_wb,0.5,0.8,Canon 20D,D65,0.0,0.0
shading,spectral_radiance,0.5,0.8,Canon 300D,D65,0.0,0.0
shading,cie_xyz,0.5,0.8,Canon 300D,D65,0.0,0.0
shading,camera_rgb_raw,0.5,0.8,Canon 300D,D65,0.0,0.0
shading,camera_rgb_wb,0.5,0.8,Canon 300D,D65,0.0,0.0
shading,spectral_radiance,0.5,0.8,Canon 300D,D65,0.0,0.0
shading,cie_xyz,0.5,0.8,Canon 300D,D65,0.0,0.0
shading,camera_rgb_raw,0.5,0.8,Canon 300D,D65,0.0,0.0
shading,camera_rgb_wb,0.5,0.8,Canon 300D,D65,0.0,0.0
shading,spectral_radiance,0.5,0.8,Canon 300D,D65,8.67361737988e-19,1.91335877944e-16
shading,cie_xyz,0.5,0.8,Canon 300D,D65,2.77555756156e-17,1.05751732911e-16
shading,camera_rgb_raw,0.5,0.8,Canon 300D,D65,5.55111512313e-17,3.60391265805e-16
shading,camera_rgb_wb,0.5,0.8,Canon 300D,D65,5.55111512313e-17,1.53536124375e-16
shading,spectral_radiance,0.5,0.8,Canon 300D,D65,0.0,0.0
shading,cie_xyz,0.5,0.8,Canon 300D,D65,0.0,0.0
shading,camera_rgb_raw,0.5,0.8,Canon 300D,D65,0.0,0.0
shading,camera_rgb_wb,0.5,0.8,Canon 300D,D65,0.0,0.0
shading,spectral_radiance,0.5,0.8,Canon 40D,D65,0.0,0.0
shading,cie_xyz,0.5,0.8,Canon 40D,D65,0.0,0.0
shading,camera_rgb_raw,0.5,0.8,Canon 40D,D65,0.0,0.0
shading,camera_rgb_wb,0.5,0.8,Canon 40D,D65,0.0,0.0
shading,spectral_radiance,0.5,0.8,Canon 40D,D65,0.0,0.0
shading,cie_xyz,0.5,0.8,Canon 40D,D65,0.0,0.0
shading,camera_rgb_raw,0.5,0.8,Canon 40D,D65,0.0,0.0
shading,camera_rgb_wb,0.5,0.8,Canon 40D,D65,0.0,0.0
shading,spectral_radiance,0.5,0.8,Canon 40D,D65,8.67361737988e-19,1.91335877944e-16
shading,cie_xyz,0.5,0.8,Canon 40D,D65,2.77555756156e-17,1.05751732911e-16
shading,camera_rgb_raw,0.5,0.8,Canon 40D,D65,5.55111512313e-17,3.38962635321e-16
shading,camera_rgb_wb,0.5,0.8,Canon 40D,D65,8.32667268469e-17,2.31722233673e-16
shading,spectral_radiance,0.5,0.8,Canon 40D,D65,0.0,0.0
shading,cie_xyz,0.5,0.8,Canon 40D,D65,0.0,0.0
shading,camera_rgb_raw,0.5,0.8,Canon 40D,D65,0.0,0.0
shading,camera_rgb_wb,0.5,0.8,Canon 40D,D65,0.0,0.0
shading,spectral_radiance,0.5,0.8,Canon 500D,D65,0.0,0.0
shading,cie_xyz,0.5,0.8,Canon 500D,D65,0.0,0.0
shading,camera_rgb_raw,0.5,0.8,Canon 500D,D65,0.0,0.0
shading,camera_rgb_wb,0.5,0.8,Canon 500D,D65,0.0,0.0
shading,spectral_radiance,0.5,0.8,Canon 500D,D65,0.0,0.0
shading,cie_xyz,0.5,0.8,Canon 500D,D65,0.0,0.0
shading,camera_rgb_raw,0.5,0.8,Canon 500D,D65,0.0,0.0
shading,camera_rgb_wb,0.5,0.8,Canon 500D,D65,0.0,0.0
shading,spectral_radiance,0.5,0.8,Canon 500D,D65,8.67361737988e-19,1.91335877944e-16
shading,cie_xyz,0.5,0.8,Canon 500D,D65,2.77555756156e-17,1.05751732911e-16
shading,camera_rgb_raw,0.5,0.8,Canon 500D,D65,1.11022302463e-16,5.97135608545e-16
shading,camera_rgb_wb,0.5,0.8,Canon 500D,D65,1.11022302463e-16,3.52828263125e-16
shading,spectral_radiance,0.5,0.8,Canon 500D,D65,0.0,0.0
shading,cie_xyz,0.5,0.8,Canon 500D,D65,0.0,0.0
shading,camera_rgb_raw,0.5,0.8,Canon 500D,D65,0.0,0.0
shading,camera_rgb_wb,0.5,0.8,Canon 500D,D65,0.0,0.0
shading,spectral_radiance,0.5,0.8,Canon 50D,D65,0.0,0.0
shading,cie_xyz,0.5,0.8,Canon 50D,D65,0.0,0.0
shading,camera_rgb_raw,0.5,0.8,Canon 50D,D65,0.0,0.0
shading,camera_rgb_wb,0.5,0.8,Canon 50D,D65,0.0,0.0
shading,spectral_radiance,0.5,0.8,Canon 50D,D65,0.0,0.0
shading,cie_xyz,0.5,0.8,Canon 50D,D65,0.0,0.0
shading,camera_rgb_raw,0.5,0.8,Canon 50D,D65,0.0,0.0
shading,camera_rgb_wb,0.5,0.8,Canon 50D,D65,0.0,0.0
shading,spectral_radiance,0.5,0.8,Canon 50D,D65,8.67361737988e-19,1.91335877944e-16
shading,cie_xyz,0.5,0.8,Canon 50D,D65,2.77555756156e-17,1.05751732911e-16
shading,camera_rgb_raw,0.5,0.8,Canon 50D,D65,2.77555756156e-17,1.48842888243e-16
shading,camera_rgb_wb,0.5,0.8,Canon 50D,D65,5.55111512313e-17,1.71957711006e-16
shading,spectral_radiance,0.5,0.8,Canon 50D,D65,0.0,0.0
shading,cie_xyz,0.5,0.8,Canon 50D,D65,0.0,0.0
shading,camera_rgb_raw,0.5,0.8,Canon 50D,D65,0.0,0.0
shading,camera_rgb_wb,0.5,0.8,Canon 50D,D65,0.0,0.0
shading,spectral_radiance,0.5,0.8,Canon 5DMarkII,D65,0.0,0.0
shading,cie_xyz,0.5,0.8,Canon 5DMarkII,D65,0.0,0.0
shading,camera_rgb_raw,0.5,0.8,Canon 5DMarkII,D65,0.0,0.0
shading,camera_rgb_wb,0.5,0.8,Canon 5DMarkII,D65,0.0,0.0
shading,spectral_radiance,0.5,0.8,Canon 5DMarkII,D65,0.0,0.0
shading,cie_xyz,0.5,0.8,Canon 5DMarkII,D65,0.0,0.0
shading,camera_rgb_raw,0.5,0.8,Canon 5DMarkII,D65,0.0,0.0
shading,camera_rgb_wb,0.5,0.8,Canon 5DMarkII,D65,0.0,0.0
shading,spectral_radiance,0.5,0.8,Canon 5DMarkII,D65,8.67361737988e-19,1.91335877944e-16
shading,cie_xyz,0.5,0.8,Canon 5DMarkII,D65,2.77555756156e-17,1.05751732911e-16
shading,camera_rgb_raw,0.5,0.8,Canon 5DMarkII,D65,6.93889390391e-18,4.31380422939e-17
shading,camera_rgb_wb,0.5,0.8,Canon 5DMarkII,D65,5.55111512313e-17,1.64133248679e-16
shading,spectral_radiance,0.5,0.8,Canon 5DMarkII,D65,0.0,0.0
shading,cie_xyz,0.5,0.8,Canon 5DMarkII,D65,0.0,0.0
shading,camera_rgb_raw,0.5,0.8,Canon 5DMarkII,D65,0.0,0.0
shading,camera_rgb_wb,0.5,0.8,Canon 5DMarkII,D65,0.0,0.0
shading,spectral_radiance,0.5,0.8,Canon 600D,D65,0.0,0.0
shading,cie_xyz,0.5,0.8,Canon 600D,D65,0.0,0.0
shading,camera_rgb_raw,0.5,0.8,Canon 600D,D65,0.0,0.0
shading,camera_rgb_wb,0.5,0.8,Canon 600D,D65,0.0,0.0
shading,spectral_radiance,0.5,0.8,Canon 600D,D65,0.0,0.0
shading,cie_xyz,0.5,0.8,Canon 600D,D65,0.0,0.0
shading,camera_rgb_raw,0.5,0.8,Canon 600D,D65,0.0,0.0
shading,camera_rgb_wb,0.5,0.8,Canon 600D,D65,0.0,0.0
shading,spectral_radiance,0.5,0.8,Canon 600D,D65,8.67361737988e-19,1.91335877944e-16
shading,cie_xyz,0.5,0.8,Canon 600D,D65,2.77555756156e-17,1.05751732911e-16
shading,camera_rgb_raw,0.5,0.8,Canon 600D,D65,5.55111512313e-17,3.19112383292e-16
shading,camera_rgb_wb,0.5,0.8,Canon 600D,D65,1.11022302463e-16,3.21983487098e-16
shading,spectral_radiance,0.5,0.8,Canon 600D,D65,0.0,0.0
shading,cie_xyz,0.5,0.8,Canon 600D,D65,0.0,0.0
shading,camera_rgb_raw,0.5,0.8,Canon 600D,D65,0.0,0.0
shading,camera_rgb_wb,0.5,0.8,Canon 600D,D65,0.0,0.0
shading,spectral_radiance,0.5,0.8,Canon 60D,D65,0.0,0.0
shading,cie_xyz,0.5,0.8,Canon 60D,D65,0.0,0.0
shading,camera_rgb_raw,0.5,0.8,Canon 60D,D65,0.0,0.0
shading,camera_rgb_wb,0.5,0.8,Canon 60D,D65,0.0,0.0
shading,spectral_radiance,0.5,0.8,Canon 60D,D65,0.0,0.0
shading,cie_xyz,0.5,0.8,Canon 60D,D65,0.0,0.0
shading,camera_rgb_raw,0.5,0.8,Canon 60D,D65,0.0,0.0
shading,camera_rgb_wb,0.5,0.8,Canon 60D,D65,0.0,0.0
shading,spectral_radiance,0.5,0.8,Canon 60D,D65,8.67361737988e-19,1.91335877944e-16
shading,cie_xyz,0.5,0.8,Canon 60D,D65,2.77555756156e-17,1.05751732911e-16
shading,camera_rgb_raw,0.5,0.8,Canon 60D,D65,2.77555756156e-17,1.59271941423e-16
shading,camera_rgb_wb,0.5,0.8,Canon 60D,D65,1.11022302463e-16,3.22031613892e-16
shading,spectral_radiance,0.5,0.8,Canon 60D,D65,0.0,0.0
shading,cie_xyz,0.5,0.8,Canon 60D,D65,0.0,0.0
shading,camera_rgb_raw,0.5,0.8,Canon 60D,D65,0.0,0.0
shading,camera_rgb_wb,0.5,0.8,Canon 60D,D65,0.0,0.0
shading,spectral_radiance,0.5,0.8,Hasselblad H2,D65,0.0,0.0
shading,cie_xyz,0.5,0.8,Hasselblad H2,D65,0.0,0.0
shading,camera_rgb_raw,0.5,0.8,Hasselblad H2,D65,0.0,0.0
shading,camera_rgb_wb,0.5,0.8,Hasselblad H2,D65,0.0,0.0
shading,spectral_radiance,0.5,0.8,Hasselblad H2,D65,0.0,0.0
shading,cie_xyz,0.5,0.8,Hasselblad H2,D65,0.0,0.0
shading,camera_rgb_raw,0.5,0.8,Hasselblad H2,D65,0.0,0.0
shading,camera_rgb_wb,0.5,0.8,Hasselblad H2,D65,0.0,0.0
shading,spectral_radiance,0.5,0.8,Hasselblad H2,D65,8.67361737988e-19,1.91335877944e-16
shading,cie_xyz,0.5,0.8,Hasselblad H2,D65,2.77555756156e-17,1.05751732911e-16
shading,camera_rgb_raw,0.5,0.8,Hasselblad H2,D65,4.16333634234e-17,2.99240313285e-16
shading,camera_rgb_wb,0.5,0.8,Hasselblad H2,D65,1.66533453694e-16,4.46821356937e-16
shading,spectral_radiance,0.5,0.8,Hasselblad H2,D65,0.0,0.0
shading,cie_xyz,0.5,0.8,Hasselblad H2,D65,0.0,0.0
shading,camera_rgb_raw,0.5,0.8,Hasselblad H2,D65,0.0,0.0
shading,camera_rgb_wb,0.5,0.8,Hasselblad H2,D65,0.0,0.0
shading,spectral_radiance,0.5,0.8,Nikon D3X,D65,0.0,0.0
shading,cie_xyz,0.5,0.8,Nikon D3X,D65,0.0,0.0
shading,camera_rgb_raw,0.5,0.8,Nikon D3X,D65,0.0,0.0
shading,camera_rgb_wb,0.5,0.8,Nikon D3X,D65,0.0,0.0
shading,spectral_radiance,0.5,0.8,Nikon D3X,D65,0.0,0.0
shading,cie_xyz,0.5,0.8,Nikon D3X,D65,0.0,0.0
shading,camera_rgb_raw,0.5,0.8,Nikon D3X,D65,0.0,0.0
shading,camera_rgb_wb,0.5,0.8,Nikon D3X,D65,0.0,0.0
shading,spectral_radiance,0.5,0.8,Nikon D3X,D65,8.67361737988e-19,1.91335877944e-16
shading,cie_xyz,0.5,0.8,Nikon D3X,D65,2.77555756156e-17,1.05751732911e-16
shading,camera_rgb_raw,0.5,0.8,Nikon D3X,D65,2.77555756156e-17,1.79081329474e-16
shading,camera_rgb_wb,0.5,0.8,Nikon D3X,D65,2.77555756156e-17,7.8197994737e-17
shading,spectral_radiance,0.5,0.8,Nikon D3X,D65,0.0,0.0
shading,cie_xyz,0.5,0.8,Nikon D3X,D65,0.0,0.0
shading,camera_rgb_raw,0.5,0.8,Nikon D3X,D65,0.0,0.0
shading,camera_rgb_wb,0.5,0.8,Nikon D3X,D65,0.0,0.0
shading,spectral_radiance,0.5,0.8,Nikon D200,D65,0.0,0.0
shading,cie_xyz,0.5,0.8,Nikon D200,D65,0.0,0.0
shading,camera_rgb_raw,0.5,0.8,Nikon D200,D65,0.0,0.0
shading,camera_rgb_wb,0.5,0.8,Nikon D200,D65,0.0,0.0
shading,spectral_radiance,0.5,0.8,Nikon D200,D65,0.0,0.0
shading,cie_xyz,0.5,0.8,Nikon D200,D65,0.0,0.0
shading,camera_rgb_raw,0.5,0.8,Nikon D200,D65,0.0,0.0
shading,camera_rgb_wb,0.5,0.8,Nikon D200,D65,0.0,0.0
shading,spectral_radiance,0.5,0.8,Nikon D200,D65,8.67361737988e-19,1.91335877944e-16
shading,cie_xyz,0.5,0.8,Nikon D200,D65,2.77555756156e-17,1.05751732911e-16
shading,camera_rgb_raw,0.5,0.8,Nikon D200,D65,6.93889390391e-18,4.55851674785e-17
shading,camera_rgb_wb,0.5,0.8,Nikon D200,D65,5.55111512313e-17,1.56364543515e-16
shading,spectral_radiance,0.5,0.8,Nikon D200,D65,0.0,0.0
shading,cie_xyz,0.5,0.8,Nikon D200,D65,0.0,0.0
shading,camera_rgb_raw,0.5,0.8,Nikon D200,D65,0.0,0.0
shading,camera_rgb_wb,0.5,0.8,Nikon D200,D65,0.0,0.0
shading,spectral_radiance,0.5,0.8,Nikon D3,D65,0.0,0.0
shading,cie_xyz,0.5,0.8,Nikon D3,D65,0.0,0.0
shading,camera_rgb_raw,0.5,0.8,Nikon D3,D65,0.0,0.0
shading,camera_rgb_wb,0.5,0.8,Nikon D3,D65,0.0,0.0
shading,spectral_radiance,0.5,0.8,Nikon D3,D65,0.0,0.0
shading,cie_xyz,0.5,0.8,Nikon D3,D65,0.0,0.0
shading,camera_rgb_raw,0.5,0.8,Nikon D3,D65,0.0,0.0
shading,camera_rgb_wb,0.5,0.8,Nikon D3,D65,0.0,0.0
shading,spectral_radiance,0.5,0.8,Nikon D3,D65,8.67361737988e-19,1.91335877944e-16
shading,cie_xyz,0.5,0.8,Nikon D3,D65,2.77555756156e-17,1.05751732911e-16
shading,camera_rgb_raw,0.5,0.8,Nikon D3,D65,8.32667268469e-17,5.79056941975e-16
shading,camera_rgb_wb,0.5,0.8,Nikon D3,D65,1.11022302463e-16,3.15515457224e-16
shading,spectral_radiance,0.5,0.8,Nikon D3,D65,0.0,0.0
shading,cie_xyz,0.5,0.8,Nikon D3,D65,0.0,0.0
shading,camera_rgb_raw,0.5,0.8,Nikon D3,D65,0.0,0.0
shading,camera_rgb_wb,0.5,0.8,Nikon D3,D65,0.0,0.0
shading,spectral_radiance,0.5,0.8,Nikon D300s,D65,0.0,0.0
shading,cie_xyz,0.5,0.8,Nikon D300s,D65,0.0,0.0
shading,camera_rgb_raw,0.5,0.8,Nikon D300s,D65,0.0,0.0
shading,camera_rgb_wb,0.5,0.8,Nikon D300s,D65,0.0,0.0
shading,spectral_radiance,0.5,0.8,Nikon D300s,D65,0.0,0.0
shading,cie_xyz,0.5,0.8,Nikon D300s,D65,0.0,0.0
shading,camera_rgb_raw,0.5,0.8,Nikon D300s,D65,0.0,0.0
shading,camera_rgb_wb,0.5,0.8,Nikon D300s,D65,0.0,0.0
shading,spectral_radiance,0.5,0.8,Nikon D300s,D65,8.67361737988e-19,1.91335877944e-16
shading,cie_xyz,0.5,0.8,Nikon D300s,D65,2.77555756156e-17,1.05751732911e-16
shading,camera_rgb_raw,0.5,0.8,Nikon D300s,D65,2.77555756156e-17,1.64155658442e-16
shading,camera_rgb_wb,0.5,0.8,Nikon D300s,D65,5.55111512313e-17,1.6336023223e-16
shading,spectral_radiance,0.5,0.8,Nikon D300s,D65,0.0,0.0
shading,cie_xyz,0.5,0.8,Nikon D300s,D65,0.0,0.0
shading,camera_rgb_raw,0.5,0.8,Nikon D300s,D65,0.0,0.0
shading,camera_rgb_wb,0.5,0.8,Nikon D300s,D65,0.0,0.0
shading,spectral_radiance,0.5,0.8,Nikon D40,D65,0.0,0.0
shading,cie_xyz,0.5,0.8,Nikon D40,D65,0.0,0.0
shading,camera_rgb_raw,0.5,0.8,Nikon D40,D65,0.0,0.0
shading,camera_rgb_wb,0.5,0.8,Nikon D40,D65,0.0,0.0
shading,spectral_radiance,0.5,0.8,Nikon D40,D65,0.0,0.0
shading,cie_xyz,0.5,0.8,Nikon D40,D65,0.0,0.0
shading,camera_rgb_raw,0.5,0.8,Nikon D40,D65,0.0,0.0
shading,camera_rgb_wb,0.5,0.8,Nikon D40,D65,0.0,0.0
shading,spectral_radiance,0.5,0.8,Nikon D40,D65,8.67361737988e-19,1.91335877944e-16
shading,cie_xyz,0.5,0.8,Nikon D40,D65,2.77555756156e-17,1.05751732911e-16
shading,camera_rgb_raw,0.5,0.8,Nikon D40,D65,8.32667268469e-17,6.0676903445e-16
shading,camera_rgb_wb,0.5,0.8,Nikon D40,D65,5.55111512313e-17,1.58052964758e-16
shading,spectral_radiance,0.5,0.8,Nikon D40,D65,0.0,0.0
shading,cie_xyz,0.5,0.8,Nikon D40,D65,0.0,0.0
shading,camera_rgb_raw,0.5,0.8,Nikon D40,D65,0.0,0.0
shading,camera_rgb_wb,0.5,0.8,Nikon D40,D65,0.0,0.0
shading,spectral_radiance,0.5,0.8,Nikon D50,D65,0.0,0.0
shading,cie_xyz,0.5,0.8,Nikon D50,D65,0.0,0.0
shading,camera_rgb_raw,0.5,0.8,Nikon D50,D65,0.0,0.0
shading,camera_rgb_wb,0.5,0.8,Nikon D50,D65,0.0,0.0
shading,spectral_radiance,0.5,0.8,Nikon D50,D65,0.0,0.0
shading,cie_xyz,0.5,0.8,Nikon D50,D65,0.0,0.0
shading,camera_rgb_raw,0.5,0.8,Nikon D50,D65,0.0,0.0
shading,camera_rgb_wb,0.5,0.8,Nikon D50,D65,0.0,0.0
shading,spectral_radiance,0.5,0.8,Nikon D50,D65,8.67361737988e-19,1.91335877944e-16
shading,cie_xyz,0.5,0.8,Nikon D50,D65,2.77555756156e-17,1.05751732911e-16
shading,camera_rgb_raw,0.5,0.8,Nikon D50,D65,4.85722573274e-17,3.50520399146e-16
shading,camera_rgb_wb,0.5,0.8,Nikon D50,D65,8.32667268469e-17,2.28910248295e-16
shading,spectral_radiance,0.5,0.8,Nikon D50,D65,0.0,0.0
shading,cie_xyz,0.5,0.8,Nikon D50,D65,0.0,0.0
shading,camera_rgb_raw,0.5,0.8,Nikon D50,D65,0.0,0.0
shading,camera_rgb_wb,0.5,0.8,Nikon D50,D65,0.0,0.0
shading,spectral_radiance,0.5,0.8,Nikon D5100,D65,0.0,0.0
shading,cie_xyz,0.5,0.8,Nikon D5100,D65,0.0,0.0
shading,camera_rgb_raw,0.5,0.8,Nikon D5100,D65,0.0,0.0
shading,camera_rgb_wb,0.5,0.8,Nikon D5100,D65,0.0,0.0
shading,spectral_radiance,0.5,0.8,Nikon D5100,D65,0.0,0.0
shading,cie_xyz,0.5,0.8,Nikon D5100,D65,0.0,0.0
shading,camera_rgb_raw,0.5,0.8,Nikon D5100,D65,0.0,0.0
shading,camera_rgb_wb,0.5,0.8,Nikon D5100,D65,0.0,0.0
shading,spectral_radiance,0.5,0.8,Nikon D5100,D65,8.67361737988e-19,1.91335877944e-16
shading,cie_xyz,0.5,0.8,Nikon D5100,D65,2.77555756156e-17,1.05751732911e-16
shading,camera_rgb_raw,0.5,0.8,Nikon D5100,D65,2.77555756156e-17,1.82709502286e-16
shading,camera_rgb_wb,0.5,0.8,Nikon D5100,D65,5.55111512313e-17,1.61916602259e-16
shading,spectral_radiance,0.5,0.8,Nikon D5100,D65,0.0,0.0
shading,cie_xyz,0.5,0.8,Nikon D5100,D65,0.0,0.0
shading,camera_rgb_raw,0.5,0.8,Nikon D5100,D65,0.0,0.0
shading,camera_rgb_wb,0.5,0.8,Nikon D5100,D65,0.0,0.0
shading,spectral_radiance,0.5,0.8,Nikon D700,D65,0.0,0.0
shading,cie_xyz,0.5,0.8,Nikon D700,D65,0.0,0.0
shading,camera_rgb_raw,0.5,0.8,Nikon D700,D65,0.0,0.0
shading,camera_rgb_wb,0.5,0.8,Nikon D700,D65,0.0,0.0
shading,spectral_radiance,0.5,0.8,Nikon D700,D65,0.0,0.0
shading,cie_xyz,0.5,0.8,Nikon D700,D65,0.0,0.0
shading,camera_rgb_raw,0.5,0.8,Nikon D700,D65,0.0,0.0
shading,camera_rgb_wb,0.5,0.8,Nikon D700,D65,0.0,0.0
shading,spectral_radiance,0.5,0.8,Nikon D700,D65,8.67361737988e-19,1.91335877944e-16
shading,cie_xyz,0.5,0.8,Nikon D700,D65,2.77555756156e-17,1.05751732911e-16
shading,camera_rgb_raw,0.5,0.8,Nikon D700,D65,2.77555756156e-17,1.83506375642e-16
shading,camera_rgb_wb,0.5,0.8,Nikon D700,D65,2.77555756156e-17,7.85740961072e-17
shading,spectral_radiance,0.5,0.8,Nikon D700,D65,0.0,0.0
shading,cie_xyz,0.5,0.8,Nikon D700,D65,0.0,0.0
shading,camera_rgb_raw,0.5,0.8,Nikon D700,D65,0.0,0.0
shading,camera_rgb_wb,0.5,0.8,Nikon D700,D65,0.0,0.0
shading,spectral_radiance,0.5,0.8,Nikon D80,D65,0.0,0.0
shading,cie_xyz,0.5,0.8,Nikon D80,D65,0.0,0.0
shading,camera_rgb_raw,0.5,0.8,Nikon D80,D65,0.0,0.0
shading,camera_rgb_wb,0.5,0.8,Nikon D80,D65,0.0,0.0
shading,spectral_radiance,0.5,0.8,Nikon D80,D65,0.0,0.0
shading,cie_xyz,0.5,0.8,Nikon D80,D65,0.0,0.0
shading,camera_rgb_raw,0.5,0.8,Nikon D80,D65,0.0,0.0
shading,camera_rgb_wb,0.5,0.8,Nikon D80,D65,0.0,0.0
shading,spectral_radiance,0.5,0.8,Nikon D80,D65,8.67361737988e-19,1.91335877944e-16
shading,cie_xyz,0.5,0.8,Nikon D80,D65,2.77555756156e-17,1.05751732911e-16
shading,camera_rgb_raw,0.5,0.8,Nikon D80,D65,5.55111512313e-17,4.08373093983e-16
shading,camera_rgb_wb,0.5,0.8,Nikon D80,D65,1.11022302463e-16,3.09926727599e-16
shading,spectral_radiance,0.5,0.8,Nikon D80,D65,0.0,0.0
shading,cie_xyz,0.5,0.8,Nikon D80,D65,0.0,0.0
shading,camera_rgb_raw,0.5,0.8,Nikon D80,D65,0.0,0.0
shading,camera_rgb_wb,0.5,0.8,Nikon D80,D65,0.0,0.0
shading,spectral_radiance,0.5,0.8,Nikon D90,D65,0.0,0.0
shading,cie_xyz,0.5,0.8,Nikon D90,D65,0.0,0.0
shading,camera_rgb_raw,0.5,0.8,Nikon D90,D65,0.0,0.0
shading,camera_rgb_wb,0.5,0.8,Nikon D90,D65,0.0,0.0
shading,spectral_radiance,0.5,0.8,Nikon D90,D65,0.0,0.0
shading,cie_xyz,0.5,0.8,Nikon D90,D65,0.0,0.0
shading,camera_rgb_raw,0.5,0.8,Nikon D90,D65,0.0,0.0
shading,camera_rgb_wb,0.5,0.8,Nikon D90,D65,0.0,0.0
shading,spectral_radiance,0.5,0.8,Nikon D90,D65,8.67361737988e-19,1.91335877944e-16
shading,cie_xyz,0.5,0.8,Nikon D90,D65,2.77555756156e-17,1.05751732911e-16
shading,camera_rgb_raw,0.5,0.8,Nikon D90,D65,2.77555756156e-17,2.01059623373e-16
shading,camera_rgb_wb,0.5,0.8,Nikon D90,D65,5.55111512313e-17,1.63949887979e-16
shading,spectral_radiance,0.5,0.8,Nikon D90,D65,0.0,0.0
shading,cie_xyz,0.5,0.8,Nikon D90,D65,0.0,0.0
shading,camera_rgb_raw,0.5,0.8,Nikon D90,D65,0.0,0.0
shading,camera_rgb_wb,0.5,0.8,Nikon D90,D65,0.0,0.0
shading,spectral_radiance,0.5,0.8,Nokia N900,D65,0.0,0.0
shading,cie_xyz,0.5,0.8,Nokia N900,D65,0.0,0.0
shading,camera_rgb_raw,0.5,0.8,Nokia N900,D65,0.0,0.0
shading,camera_rgb_wb,0.5,0.8,Nokia N900,D65,0.0,0.0
shading,spectral_radiance,0.5,0.8,Nokia N900,D65,0.0,0.0
shading,cie_xyz,0.5,0.8,Nokia N900,D65,0.0,0.0
shading,camera_rgb_raw,0.5,0.8,Nokia N900,D65,0.0,0.0
shading,camera_rgb_wb,0.5,0.8,Nokia N900,D65,0.0,0.0
shading,spectral_radiance,0.5,0.8,Nokia N900,D65,8.67361737988e-19,1.91335877944e-16
shading,cie_xyz,0.5,0.8,Nokia N900,D65,2.77555756156e-17,1.05751732911e-16
shading,camera_rgb_raw,0.5,0.8,Nokia N900,D65,1.11022302463e-16,4.70765724026e-16
shading,camera_rgb_wb,0.5,0.8,Nokia N900,D65,8.32667268469e-17,2.22616171963e-16
shading,spectral_radiance,0.5,0.8,Nokia N900,D65,0.0,0.0
shading,cie_xyz,0.5,0.8,Nokia N900,D65,0.0,0.0
shading,camera_rgb_raw,0.5,0.8,Nokia N900,D65,0.0,0.0
shading,camera_rgb_wb,0.5,0.8,Nokia N900,D65,0.0,0.0
shading,spectral_radiance,0.5,0.8,Olympus E-PL2,D65,0.0,0.0
shading,cie_xyz,0.5,0.8,Olympus E-PL2,D65,0.0,0.0
shading,camera_rgb_raw,0.5,0.8,Olympus E-PL2,D65,0.0,0.0
shading,camera_rgb_wb,0.5,0.8,Olympus E-PL2,D65,0.0,0.0
shading,spectral_radiance,0.5,0.8,Olympus E-PL2,D65,0.0,0.0
shading,cie_xyz,0.5,0.8,Olympus E-PL2,D65,0.0,0.0
shading,camera_rgb_raw,0.5,0.8,Olympus E-PL2,D65,0.0,0.0
shading,camera_rgb_wb,0.5,0.8,Olympus E-PL2,D65,0.0,0.0
shading,spectral_radiance,0.5,0.8,Olympus E-PL2,D65,8.67361737988e-19,1.91335877944e-16
shading,cie_xyz,0.5,0.8,Olympus E-PL2,D65,2.77555756156e-17,1.05751732911e-16
shading,camera_rgb_raw,0.5,0.8,Olympus E-PL2,D65,5.55111512313e-17,2.29697285735e-16
shading,camera_rgb_wb,0.5,0.8,Olympus E-PL2,D65,8.32667268469e-17,2.10616390031e-16
shading,spectral_radiance,0.5,0.8,Olympus E-PL2,D65,0.0,0.0
shading,cie_xyz,0.5,0.8,Olympus E-PL2,D65,0.0,0.0
shading,camera_rgb_raw,0.5,0.8,Olympus E-PL2,D65,0.0,0.0
shading,camera_rgb_wb,0.5,0.8,Olympus E-PL2,D65,0.0,0.0
shading,spectral_radiance,0.5,0.8,Pentax K-5,D65,0.0,0.0
shading,cie_xyz,0.5,0.8,Pentax K-5,D65,0.0,0.0
shading,camera_rgb_raw,0.5,0.8,Pentax K-5,D65,0.0,0.0
shading,camera_rgb_wb,0.5,0.8,Pentax K-5,D65,0.0,0.0
shading,spectral_radiance,0.5,0.8,Pentax K-5,D65,0.0,0.0
shading,cie_xyz,0.5,0.8,Pentax K-5,D65,0.0,0.0
shading,camera_rgb_raw,0.5,0.8,Pentax K-5,D65,0.0,0.0
shading,camera_rgb_wb,0.5,0.8,Pentax K-5,D65,0.0,0.0
shading,spectral_radiance,0.5,0.8,Pentax K-5,D65,8.67361737988e-19,1.91335877944e-16
shading,cie_xyz,0.5,0.8,Pentax K-5,D65,2.77555756156e-17,1.05751732911e-16
shading,camera_rgb_raw,0.5,0.8,Pentax K-5,D65,2.77555756156e-17,1.74019933911e-16
shading,camera_rgb_wb,0.5,0.8,Pentax K-5,D65,2.77555756156e-17,7.90098999495e-17
shading,spectral_radiance,0.5,0.8,Pentax K-5,D65,0.0,0.0
shading,cie_xyz,0.5,0.8,Pentax K-5,D65,0.0,0.0
shading,camera_rgb_raw,0.5,0.8,Pentax K-5,D65,0.0,0.0
shading,camera_rgb_wb,0.5,0.8,Pentax K-5,D65,0.0,0.0
shading,spectral_radiance,0.5,0.8,Pentax Q,D65,0.0,0.0
shading,cie_xyz,0.5,0.8,Pentax Q,D65,0.0,0.0
shading,camera_rgb_raw,0.5,0.8,Pentax Q,D65,0.0,0.0
shading,camera_rgb_wb,0.5,0.8,Pentax Q,D65,0.0,0.0
shading,spectral_radiance,0.5,0.8,Pentax Q,D65,0.0,0.0
shading,cie_xyz,0.5,0.8,Pentax Q,D65,0.0,0.0
shading,camera_rgb_raw,0.5,0.8,Pentax Q,D65,0.0,0.0
shading,camera_rgb_wb,0.5,0.8,Pentax Q,D65,0.0,0.0
shading,spectral_radiance,0.5,0.8,Pentax Q,D65,8.67361737988e-19,1.91335877944e-16
shading,cie_xyz,0.5,0.8,Pentax Q,D65,2.77555756156e-17,1.05751732911e-16
shading,camera_rgb_raw,0.5,0.8,Pentax Q,D65,2.77555756156e-17,1.10675771385e-16
shading,camera_rgb_wb,0.5,0.8,Pentax Q,D65,5.55111512313e-17,1.48592717829e-16
shading,spectral_radiance,0.5,0.8,Pentax Q,D65,0.0,0.0
shading,cie_xyz,0.5,0.8,Pentax Q,D65,0.0,0.0
shading,camera_rgb_raw,0.5,0.8,Pentax Q,D65,0.0,0.0
shading,camera_rgb_wb,0.5,0.8,Pentax Q,D65,0.0,0.0
shading,spectral_radiance,0.5,0.8,Point Grey Grasshopper 50S5C,D65,0.0,0.0
shading,cie_xyz,0.5,0.8,Point Grey Grasshopper 50S5C,D65,0.0,0.0
shading,camera_rgb_raw,0.5,0.8,Point Grey Grasshopper 50S5C,D65,0.0,0.0
shading,camera_rgb_wb,0.5,0.8,Point Grey Grasshopper 50S5C,D65,0.0,0.0
shading,spectral_radiance,0.5,0.8,Point Grey Grasshopper 50S5C,D65,0.0,0.0
shading,cie_xyz,0.5,0.8,Point Grey Grasshopper 50S5C,D65,0.0,0.0
shading,camera_rgb_raw,0.5,0.8,Point Grey Grasshopper 50S5C,D65,0.0,0.0
shading,camera_rgb_wb,0.5,0.8,Point Grey Grasshopper 50S5C,D65,0.0,0.0
shading,spectral_radiance,0.5,0.8,Point Grey Grasshopper 50S5C,D65,8.67361737988e-19,1.91335877944e-16
shading,cie_xyz,0.5,0.8,Point Grey Grasshopper 50S5C,D65,2.77555756156e-17,1.05751732911e-16
shading,camera_rgb_raw,0.5,0.8,Point Grey Grasshopper 50S5C,D65,2.77555756156e-17,1.44968271292e-16
shading,camera_rgb_wb,0.5,0.8,Point Grey Grasshopper 50S5C,D65,1.11022302463e-16,2.31829379021e-16
shading,spectral_radiance,0.5,0.8,Point Grey Grasshopper 50S5C,D65,0.0,0.0
shading,cie_xyz,0.5,0.8,Point Grey Grasshopper 50S5C,D65,0.0,0.0
shading,camera_rgb_raw,0.5,0.8,Point Grey Grasshopper 50S5C,D65,0.0,0.0
shading,camera_rgb_wb,0.5,0.8,Point Grey Grasshopper 50S5C,D65,0.0,0.0
shading,spectral_radiance,0.5,0.8,Point Grey Grasshopper2 14S5C,D65,0.0,0.0
shading,cie_xyz,0.5,0.8,Point Grey Grasshopper2 14S5C,D65,0.0,0.0
shading,camera_rgb_raw,0.5,0.8,Point Grey Grasshopper2 14S5C,D65,0.0,0.0
shading,camera_rgb_wb,0.5,0.8,Point Grey Grasshopper2 14S5C,D65,0.0,0.0
shading,spectral_radiance,0.5,0.8,Point Grey Grasshopper2 14S5C,D65,0.0,0.0
shading,cie_xyz,0.5,0.8,Point Grey Grasshopper2 14S5C,D65,0.0,0.0
shading,camera_rgb_raw,0.5,0.8,Point Grey Grasshopper2 14S5C,D65,0.0,0.0
shading,camera_rgb_wb,0.5,0.8,Point Grey Grasshopper2 14S5C,D65,0.0,0.0
shading,spectral_radiance,0.5,0.8,Point Grey Grasshopper2 14S5C,D65,8.67361737988e-19,1.91335877944e-16
shading,cie_xyz,0.5,0.8,Point Grey Grasshopper2 14S5C,D65,2.77555756156e-17,1.05751732911e-16
shading,camera_rgb_raw,0.5,0.8,Point Grey Grasshopper2 14S5C,D65,5.55111512313e-17,2.85564036624e-16
shading,camera_rgb_wb,0.5,0.8,Point Grey Grasshopper2 14S5C,D65,1.66533453694e-16,3.89872111262e-16
shading,spectral_radiance,0.5,0.8,Point Grey Grasshopper2 14S5C,D65,0.0,0.0
shading,cie_xyz,0.5,0.8,Point Grey Grasshopper2 14S5C,D65,0.0,0.0
shading,camera_rgb_raw,0.5,0.8,Point Grey Grasshopper2 14S5C,D65,0.0,0.0
shading,camera_rgb_wb,0.5,0.8,Point Grey Grasshopper2 14S5C,D65,0.0,0.0
shading,spectral_radiance,0.5,0.8,Phase One,D65,0.0,0.0
shading,cie_xyz,0.5,0.8,Phase One,D65,0.0,0.0
shading,camera_rgb_raw,0.5,0.8,Phase One,D65,0.0,0.0
shading,camera_rgb_wb,0.5,0.8,Phase One,D65,0.0,0.0
shading,spectral_radiance,0.5,0.8,Phase One,D65,0.0,0.0
shading,cie_xyz,0.5,0.8,Phase One,D65,0.0,0.0
shading,camera_rgb_raw,0.5,0.8,Phase One,D65,0.0,0.0
shading,camera_rgb_wb,0.5,0.8,Phase One,D65,0.0,0.0
shading,spectral_radiance,0.5,0.8,Phase One,D65,8.67361737988e-19,1.91335877944e-16
shading,cie_xyz,0.5,0.8,Phase One,D65,2.77555756156e-17,1.05751732911e-16
shading,camera_rgb_raw,0.5,0.8,Phase One,D65,2.77555756156e-17,1.91852720149e-16
shading,camera_rgb_wb,0.5,0.8,Phase One,D65,1.11022302463e-16,3.77336035752e-16
shading,spectral_radiance,0.5,0.8,Phase One,D65,0.0,0.0
shading,cie_xyz,0.5,0.8,Phase One,D65,0.0,0.0
shading,camera_rgb_raw,0.5,0.8,Phase One,D65,0.0,0.0
shading,camera_rgb_wb,0.5,0.8,Phase One,D65,0.0,0.0
shading,spectral_radiance,0.5,0.8,SONY NEX-5N,D65,0.0,0.0
shading,cie_xyz,0.5,0.8,SONY NEX-5N,D65,0.0,0.0
shading,camera_rgb_raw,0.5,0.8,SONY NEX-5N,D65,0.0,0.0
shading,camera_rgb_wb,0.5,0.8,SONY NEX-5N,D65,0.0,0.0
shading,spectral_radiance,0.5,0.8,SONY NEX-5N,D65,0.0,0.0
shading,cie_xyz,0.5,0.8,SONY NEX-5N,D65,0.0,0.0
shading,camera_rgb_raw,0.5,0.8,SONY NEX-5N,D65,0.0,0.0
shading,camera_rgb_wb,0.5,0.8,SONY NEX-5N,D65,0.0,0.0
shading,spectral_radiance,0.5,0.8,SONY NEX-5N,D65,8.67361737988e-19,1.91335877944e-16
shading,cie_xyz,0.5,0.8,SONY NEX-5N,D65,2.77555756156e-17,1.05751732911e-16
shading,camera_rgb_raw,0.5,0.8,SONY NEX-5N,D65,0.0,0.0
shading,camera_rgb_wb,0.5,0.8,SONY NEX-5N,D65,5.55111512313e-17,1.69931835655e-16
shading,spectral_radiance,0.5,0.8,SONY NEX-5N,D65,0.0,0.0
shading,cie_xyz,0.5,0.8,SONY NEX-5N,D65,0.0,0.0
shading,camera_rgb_raw,0.5,0.8,SONY NEX-5N,D65,0.0,0.0
shading,camera_rgb_wb,0.5,0.8,SONY NEX-5N,D65,0.0,0.0
shading,spectral_radiance,0.5,0.8,Canon 1DMarkIII,A,0.0,0.0
shading,cie_xyz,0.5,0.8,Canon 1DMarkIII,A,0.0,0.0
shading,camera_rgb_raw,0.5,0.8,Canon 1DMarkIII,A,0.0,0.0
shading,camera_rgb_wb,0.5,0.8,Canon 1DMarkIII,A,0.0,0.0
shading,spectral_radiance,0.5,0.8,Canon 1DMarkIII,A,0.0,0.0
shading,cie_xyz,0.5,0.8,Canon 1DMarkIII,A,0.0,0.0
shading,camera_rgb_raw,0.5,0.8,Canon 1DMarkIII,A,0.0,0.0
shading,camera_rgb_wb,0.5,0.8,Canon 1DMarkIII,A,0.0,0.0
shading,spectral_radiance,0.5,0.8,Canon 1DMarkIII,A,1.73472347598e-18,1.3543371668e-16
shading,cie_xyz,0.5,0.8,Canon 1DMarkIII,A,5.55111512313e-17,1.45155490862e-16
shading,camera_rgb_raw,0.5,0.8,Canon 1DMarkIII,A,2.77555756156e-17,1.3835726426e-16
shading,camera_rgb_wb,0.5,0.8,Canon 1DMarkIII,A,4.16333634234e-17,1.07183331237e-16
shading,spectral_radiance,0.5,0.8,Canon 1DMarkIII,A,0.0,0.0
shading,cie_xyz,0.5,0.8,Canon 1DMarkIII,A,0.0,0.0
shading,camera_rgb_raw,0.5,0.8,Canon 1DMarkIII,A,0.0,0.0
shading,camera_rgb_wb,0.5,0.8,Canon 1DMarkIII,A,0.0,0.0
shading,spectral_radiance,0.5,0.8,Canon 20D,A,0.0,0.0
shading,cie_xyz,0.5,0.8,Canon 20D,A,0.0,0.0
shading,camera_rgb_raw,0.5,0.8,Canon 20D,A,0.0,0.0
shading,camera_rgb_wb,0.5,0.8,Canon 20D,A,0.0,0.0
shading,spectral_radiance,0.5,0.8,Canon 20D,A,0.0,0.0
shading,cie_xyz,0.5,0.8,Canon 20D,A,0.0,0.0
shading,camera_rgb_raw,0.5,0.8,Canon 20D,A,0.0,0.0
shading,camera_rgb_wb,0.5,0.8,Canon 20D,A,0.0,0.0
shading,spectral_radiance,0.5,0.8,Canon 20D,A,1.73472347598e-18,1.3543371668e-16
shading,cie_xyz,0.5,0.8,Canon 20D,A,5.55111512313e-17,1.45155490862e-16
shading,camera_rgb_raw,0.5,0.8,Canon 20D,A,2.77555756156e-17,1.18906039552e-16
shading,camera_rgb_wb,0.5,0.8,Canon 20D,A,5.55111512313e-17,1.40867615515e-16
shading,spectral_radiance,0.5,0.8,Canon 20D,A,0.0,0.0
shading,cie_xyz,0.5,0.8,Canon 20D,A,0.0,0.0
shading,camera_rgb_raw,0.5,0.8,Canon 20D,A,0.0,0.0
shading,camera_rgb_wb,0.5,0.8,Canon 20D,A,0.0,0.0
shading,spectral_radiance,0.5,0.8,Canon 300D,A,0.0,0.0
shading,cie_xyz,0.5,0.8,Canon 300D,A,0.0,0.0
shading,camera_rgb_raw,0.5,0.8,Canon 300D,A,0.0,0.0
shading,camera_rgb_wb,0.5,0.8,Canon 300D,A,0.0,0.0
shading,spectral_radiance,0.5,0.8,Canon 300D,A,0.0,0.0
shading,cie_xyz,0.5,0.8,Canon 300D,A,0.0,0.0
shading,camera_rgb_raw,0.5,0.8,Canon 300D,A,0.0,0.0
shading,camera_rgb_wb,0.5,0.8,Canon 300D,A,0.0,0.0
shading,spectral_radiance,0.5,0.8,Canon 300D,A,1.73472347598e-18,1.3543371668e-16
shading,cie_xyz,0.5,0.8,Canon 300D,A,5.55111512313e-17,1.45155490862e-16
shading,camera_rgb_raw,0.5,0.8,Canon 300D,A,2.77555756156e-17,1.14530328039e-16
shading,camera_rgb_wb,0.5,0.8,Canon 300D,A,5.55111512313e-17,1.41187950616e-16
shading,spectral_radiance,0.5,0.8,Canon 300D,A,0.0,0.0
shading,cie_xyz,0.5,0.8,Canon 300D,A,0.0,0.0
shading,camera_rgb_raw,0.5,0.8,Canon 300D,A,0.0,0.0
shading,camera_rgb_wb,0.5,0.8,Canon 300D,A,0.0,0.0
shading,spectral_radiance,0.5,0.8,Canon 40D,A,0.0,0.0
shading,cie_xyz,0.5,0.8,Canon 40D,A,0.0,0.0
shading,camera_rgb_raw,0.5,0.8,Canon 40D,A,0.0,0.0
shading,camera_rgb_wb,0.5,0.8,Canon 40D,A,0.0,0.0
shading,spectral_radiance,0.5,0.8,Canon 40D,A,0.0,0.0
shading,cie_xyz,0.5,0.8,Canon 40D,A,0.0,0.0
shading,camera_rgb_raw,0.5,0.8,Canon 40D,A,0.0,0.0
shading,camera_rgb_wb,0.5,0.8,Canon 40D,A,0.0,0.0
shading,spectral_radiance,0.5,0.8,Canon 40D,A,1.73472347598e-18,1.3543371668e-16
shading,cie_xyz,0.5,0.8,Canon 40D,A,5.55111512313e-17,1.45155490862e-16
shading,camera_rgb_raw,0.5,0.8,Canon 40D,A,2.08166817117e-17,9.46063980445e-17
shading,camera_rgb_wb,0.5,0.8,Canon 40D,A,8.32667268469e-17,2.07637201211e-16
shading,spectral_radiance,0.5,0.8,Canon 40D,A,0.0,0.0
shading,cie_xyz,0.5,0.8,Canon 40D,A,0.0,0.0
shading,camera_rgb_raw,0.5,0.8,Canon 40D,A,0.0,0.0
shading,camera_rgb_wb,0.5,0.8,Canon 40D,A,0.0,0.0
shading,spectral_radiance,0.5,0.8,Canon 500D,A,0.0,0.0
shading,cie_xyz,0.5,0.8,Canon 500D,A,0.0,0.0
shading,camera_rgb_raw,0.5,0.8,Canon 500D,A,0.0,0.0
shading,camera_rgb_wb,0.5,0.8,Canon 500D,A,0.0,0.0
shading,spectral_radiance,0.5,0.8,Canon 500D,A,0.0,0.0
shading,cie_xyz,0.5,0.8,Canon 500D,A,0.0,0.0
shading,camera_rgb_raw,0.5,0.8,Canon 500D,A,0.0,0.0
shading,camera_rgb_wb,0.5,0.8,Canon 500D,A,0.0,0.0
shading,spectral_radiance,0.5,0.8,Canon 500D,A,1.73472347598e-18,1.3543371668e-16
shading,cie_xyz,0.5,0.8,Canon 500D,A,5.55111512313e-17,1.45155490862e-16
shading,camera_rgb_raw,0.5,0.8,Canon 500D,A,5.55111512313e-17,2.44335630575e-16
shading,camera_rgb_wb,0.5,0.8,Canon 500D,A,1.11022302463e-16,3.03631311121e-16
shading,spectral_radiance,0.5,0.8,Canon 500D,A,0.0,0.0
shading,cie_xyz,0.5,0.8,Canon 500D,A,0.0,0.0
shading,camera_rgb_raw,0.5,0.8,Canon 500D,A,0.0,0.0
shading,camera_rgb_wb,0.5,0.8,Canon 500D,A,0.0,0.0
shading,spectral_radiance,0.5,0.8,Canon 50D,A,0.0,0.0
shading,cie_xyz,0.5,0.8,Canon 50D,A,0.0,0.0
shading,camera_rgb_raw,0.5,0.8,Canon 50D,A,0.0,0.0
shading,camera_rgb_wb,0.5,0.8,Canon 50D,A,0.0,0.0
shading,spectral_radiance,0.5,0.8,Canon 50D,A,0.0,0.0
shading,cie_xyz,0.5,0.8,Canon 50D,A,0.0,0.0
shading,camera_rgb_raw,0.5,0.8,Canon 50D,A,0.0,0.0
shading,camera_rgb_wb,0.5,0.8,Canon 50D,A,0.0,0.0
shading,spectral_radiance,0.5,0.8,Canon 50D,A,1.73472347598e-18,1.3543371668e-16
shading,cie_xyz,0.5,0.8,Canon 50D,A,5.55111512313e-17,1.45155490862e-16
shading,camera_rgb_raw,0.5,0.8,Canon 50D,A,2.77555756156e-17,1.22717511437e-16
shading,camera_rgb_wb,0.5,0.8,Canon 50D,A,5.55111512313e-17,1.48956499326e-16
shading,spectral_radiance,0.5,0.8,Canon 50D,A,0.0,0.0
shading,cie_xyz,0.5,0.8,Canon 50D,A,0.0,0.0
shading,camera_rgb_raw,0.5,0.8,Canon 50D,A,0.0,0.0
shading,camera_rgb_wb,0.5,0.8,Canon 50D,A,0.0,0.0
shading,spectral_radiance,0.5,0.8,Canon 5DMarkII,A,0.0,0.0
shading,cie_xyz,0.5,0.8,Canon 5DMarkII,A,0.0,0.0
shading,camera_rgb_raw,0.5,0.8,Canon 5DMarkII,A,0.0,0.0
shading,camera_rgb_wb,0.5,0.8,Canon 5DMarkII,A,0.0,0.0
shading,spectral_radiance,0.5,0.8,Canon 5DMarkII,A,0.0,0.0
shading,cie_xyz,0.5,0.8,Canon 5DMarkII,A,0.0,0.0
shading,camera_rgb_raw,0.5,0.8,Canon 5DMarkII,A,0.0,0.0
shading,camera_rgb_wb,0.5,0.8,Canon 5DMarkII,A,0.0,0.0
shading,spectral_radiance,0.5,0.8,Canon 5DMarkII,A,1.73472347598e-18,1.3543371668e-16
shading,cie_xyz,0.5,0.8,Canon 5DMarkII,A,5.55111512313e-17,1.45155490862e-16
shading,camera_rgb_raw,0.5,0.8,Canon 5DMarkII,A,1.04083408559e-17,4.69402012021e-17
shading,camera_rgb_wb,0.5,0.8,Canon 5DMarkII,A,5.55111512313e-17,1.45530395632e-16
shading,spectral_radiance,0.5,0.8,Canon 5DMarkII,A,0.0,0.0
shading,cie_xyz,0.5,0.8,Canon 5DMarkII,A,0.0,0.0
shading,camera_rgb_raw,0.5,0.8,Canon 5DMarkII,A,0.0,0.0
shading,camera_rgb_wb,0.5,0.8,Canon 5DMarkII,A,0.0,0.0
shading,spectral_radiance,0.5,0.8,Canon 600D,A,0.0,0.0
shading,cie_xyz,0.5,0.8,Canon 600D,A,0.0,0.0
shading,camera_rgb_raw,0.5,0.8,Canon 600D,A,0.0,0.0
shading,camera_rgb_wb,0.5,0.8,Canon 600D,A,0.0,0.0
shading,spectral_radiance,0.5,0.8,Canon 600D,A,0.0,0.0
shading,cie_xyz,0.5,0.8,Canon 600D,A,0.0,0.0
shading,camera_rgb_raw,0.5,0.8,Canon 600D,A,0.0,0.0
shading,camera_rgb_wb,0.5,0.8,Canon 600D,A,0.0,0.0
shading,spectral_radiance,0.5,0.8,Canon 600D,A,1.73472347598e-18,1.3543371668e-16
shading,cie_xyz,0.5,0.8,Canon 600D,A,5.55111512313e-17,1.45155490862e-16
shading,camera_rgb_raw,0.5,0.8,Canon 600D,A,8.32667268469e-17,3.85115655226e-16
shading,camera_rgb_wb,0.5,0.8,Canon 600D,A,1.66533453694e-16,4.29223881606e-16
shading,spectral_radiance,0.5,0.8,Canon 600D,A,0.0,0.0
shading,cie_xyz,0.5,0.8,Canon 600D,A,0.0,0.0
shading,camera_rgb_raw,0.5,0.8,Canon 600D,A,0.0,0.0
shading,camera_rgb_wb,0.5,0.8,Canon 600D,A,0.0,0.0
shading,spectral_radiance,0.5,0.8,Canon 60D,A,0.0,0.0
shading,cie_xyz,0.5,0.8,Canon 60D,A,0.0,0.0
shading,camera_rgb_raw,0.5,0.8,Canon 60D,A,0.0,0.0
shading,camera_rgb_wb,0.5,0.8,Canon 60D,A,0.0,0.0
shading,spectral_radiance,0.5,0.8,Canon 60D,A,0.0,0.0
shading,cie_xyz,0.5,0.8,Canon 60D,A,0.0,0.0
shading,camera_rgb_raw,0.5,0.8,Canon 60D,A,0.0,0.0
shading,camera_rgb_wb,0.5,0.8,Canon 60D,A,0.0,0.0
shading,spectral_radiance,0.5,0.8,Canon 60D,A,1.73472347598e-18,1.3543371668e-16
shading,cie_xyz,0.5,0.8,Canon 60D,A,5.55111512313e-17,1.45155490862e-16
shading,camera_rgb_raw,0.5,0.8,Canon 60D,A,2.77555756156e-17,1.27209324806e-16
shading,camera_rgb_wb,0.5,0.8,Canon 60D,A,5.55111512313e-17,1.4325914568e-16
shading,spectral_radiance,0.5,0.8,Canon 60D,A,0.0,0.0
shading,cie_xyz,0.5,0.8,Canon 60D,A,0.0,0.0
shading,camera_rgb_raw,0.5,0.8,Canon 60D,A,0.0,0.0
shading,camera_rgb_wb,0.5,0.8,Canon 60D,A,0.0,0.0
shading,spectral_radiance,0.5,0.8,Hasselblad H2,A,0.0,0.0
shading,cie_xyz,0.5,0.8,Hasselblad H2,A,0.0,0.0
shading,camera_rgb_raw,0.5,0.8,Hasselblad H2,A,0.0,0.0
shading,camera_rgb_wb,0.5,0.8,Hasselblad H2,A,0.0,0.0
shading,spectral_radiance,0.5,0.8,Hasselblad H2,A,0.0,0.0
shading,cie_xyz,0.5,0.8,Hasselblad H2,A,0.0,0.0
shading,camera_rgb_raw,0.5,0.8,Hasselblad H2,A,0.0,0.0
shading,camera_rgb_wb,0.5,0.8,Hasselblad H2,A,0.0,0.0
shading,spectral_radiance,0.5,0.8,Hasselblad H2,A,1.73472347598e-18,1.3543371668e-16
shading,cie_xyz,0.5,0.8,Hasselblad H2,A,5.55111512313e-17,1.45155490862e-16
shading,camera_rgb_raw,0.5,0.8,Hasselblad H2,A,2.77555756156e-17,1.61760518196e-16
shading,camera_rgb_wb,0.5,0.8,Hasselblad H2,A,2.77555756156e-17,6.59541582085e-17
shading,spectral_radiance,0.5,0.8,Hasselblad H2,A,0.0,0.0
shading,cie_xyz,0.5,0.8,Hasselblad H2,A,0.0,0.0
shading,camera_rgb_raw,0.5,0.8,Hasselblad H2,A,0.0,0.0
shading,camera_rgb_wb,0.5,0.8,Hasselblad H2,A,0.0,0.0
shading,spectral_radiance,0.5,0.8,Nikon D3X,A,0.0,0.0
shading,cie_xyz,0.5,0.8,Nikon D3X,A,0.0,0.0
shading,camera_rgb_raw,0.5,0.8,Nikon D3X,A,0.0,0.0
shading,camera_rgb_wb,0.5,0.8,Nikon D3X,A,0.0,0.0
shading,spectral_radiance,0.5,0.8,Nikon D3X,A,0.0,0.0
shading,cie_xyz,0.5,0.8,Nikon D3X,A,0.0,0.0
shading,camera_rgb_raw,0.5,0.8,Nikon D3X,A,0.0,0.0
shading,camera_rgb_wb,0.5,0.8,Nikon D3X,A,0.0,0.0
shading,spectral_radiance,0.5,0.8,Nikon D3X,A,1.73472347598e-18,1.3543371668e-16
shading,cie_xyz,0.5,0.8,Nikon D3X,A,5.55111512313e-17,1.45155490862e-16
shading,camera_rgb_raw,0.5,0.8,Nikon D3X,A,2.77555756156e-17,1.31438293501e-16
shading,camera_rgb_wb,0.5,0.8,Nikon D3X,A,1.11022302463e-16,2.79855812161e-16
shading,spectral_radiance,0.5,0.8,Nikon D3X,A,0.0,0.0
shading,cie_xyz,0.5,0.8,Nikon D3X,A,0.0,0.0
shading,camera_rgb_raw,0.5,0.8,Nikon D3X,A,0.0,0.0
shading,camera_rgb_wb,0.5,0.8,Nikon D3X,A,0.0,0.0
shading,spectral_radiance,0.5,0.8,Nikon D200,A,0.0,0.0
shading,cie_xyz,0.5,0.8,Nikon D200,A,0.0,0.0
shading,camera_rgb_raw,0.5,0.8,Nikon D200,A,0.0,0.0
shading,camera_rgb_wb,0.5,0.8,Nikon D200,A,0.0,0.0
shading,spectral_radiance,0.5,0.8,Nikon D200,A,0.0,0.0
shading,cie_xyz,0.5,0.8,Nikon D200,A,0.0,0.0
shading,camera_rgb_raw,0.5,0.8,Nikon D200,A,0.0,0.0
shading,camera_rgb_wb,0.5,0.8,Nikon D200,A,0.0,0.0
shading,spectral_radiance,0.5,0.8,Nikon D200,A,1.73472347598e-18,1.3543371668e-16
shading,cie_xyz,0.5,0.8,Nikon D200,A,5.55111512313e-17,1.45155490862e-16
shading,camera_rgb_raw,0.5,0.8,Nikon D200,A,6.93889390391e-17,2.91253910583e-16
shading,camera_rgb_wb,0.5,0.8,Nikon D200,A,1.11022302463e-16,2.7857110189e-16
shading,spectral_radiance,0.5,0.8,Nikon D200,A,0.0,0.0
shading,cie_xyz,0.5,0.8,Nikon D200,A,0.0,0.0
shading,camera_rgb_raw,0.5,0.8,Nikon D200,A,0.0,0.0
shading,camera_rgb_wb,0.5,0.8,Nikon D200,A,0.0,0.0
shading,spectral_radiance,0.5,0.8,Nikon D3,A,0.0,0.0
shading,cie_xyz,0.5,0.8,Nikon D3,A,0.0,0.0
shading,camera_rgb_raw,0.5,0.8,Nikon D3,A,0.0,0.0
shading,camera_rgb_wb,0.5,0.8,Nikon D3,A,0.0,0.0
shading,spectral_radiance,0.5,0.8,Nikon D3,A,0.0,0.0
shading,cie_xyz,0.5,0.8,Nikon D3,A,0.0,0.0
shading,camera_rgb_raw,0.5,0.8,Nikon D3,A,0.0,0.0
shading,camera_rgb_wb,0.5,0.8,Nikon D3,A,0.0,0.0
shading,spectral_radiance,0.5,0.8,Nikon D3,A,1.73472347598e-18,1.3543371668e-16
shading,cie_xyz,0.5,0.8,Nikon D3,A,5.55111512313e-17,1.45155490862e-16
shading,camera_rgb_raw,0.5,0.8,Nikon D3,A,5.55111512313e-17,2.47437597432e-16
shading,camera_rgb_wb,0.5,0.8,Nikon D3,A,5.55111512313e-17,1.4013295857e-16
shading,spectral_radiance,0.5,0.8,Nikon D3,A,0.0,0.0
shading,cie_xyz,0.5,0.8,Nikon D3,A,0.0,0.0
shading,camera_rgb_raw,0.5,0.8,Nikon D3,A,0.0,0.0
shading,camera_rgb_wb,0.5,0.8,Nikon D3,A,0.0,0.0
shading,spectral_radiance,0.5,0.8,Nikon D300s,A,0.0,0.0
shading,cie_xyz,0.5,0.8,Nikon D300s,A,0.0,0.0
shading,camera_rgb_raw,0.5,0.8,Nikon D300s,A,0.0,0.0
shading,camera_rgb_wb,0.5,0.8,Nikon D300s,A,0.0,0.0
shading,spectral_radiance,0.5,0.8,Nikon D300s,A,0.0,0.0
shading,cie_xyz,0.5,0.8,Nikon D300s,A,0.0,0.0
shading,camera_rgb_raw,0.5,0.8,Nikon D300s,A,0.0,0.0
shading,camera_rgb_wb,0.5,0.8,Nikon D300s,A,0.0,0.0
shading,spectral_radiance,0.5,0.8,Nikon D300s,A,1.73472347598e-18,1.3543371668e-16
shading,cie_xyz,0.5,0.8,Nikon D300s,A,5.55111512313e-17,1.45155490862e-16
shading,camera_rgb_raw,0.5,0.8,Nikon D300s,A,5.55111512313e-17,2.13247991085e-16
shading,camera_rgb_wb,0.5,0.8,Nikon D300s,A,1.11022302463e-16,2.85542078092e-16
shading,spectral_radiance,0.5,0.8,Nikon D300s,A,0.0,0.0
shading,cie_xyz,0.5,0.8,Nikon D300s,A,0.0,0.0
shading,camera_rgb_raw,0.5,0.8,Nikon D300s,A,0.0,0.0
shading,camera_rgb_wb,0.5,0.8,Nikon D300s,A,0.0,0.0
shading,spectral_radiance,0.5,0.8,Nikon D40,A,0.0,0.0
shading,cie_xyz,0.5,0.8,Nikon D40,A,0.0,0.0
shading,camera_rgb_raw,0.5,0.8,Nikon D40,A,0.0,0.0
shading,camera_rgb_wb,0.5,0.8,Nikon D40,A,0.0,0.0
shading,spectral_radiance,0.5,0.8,Nikon D40,A,0.0,0.0
shading,cie_xyz,0.5,0.8,Nikon D40,A,0.0,0.0
shading,camera_rgb_raw,0.5,0.8,Nikon D40,A,0.0,0.0
shading,camera_rgb_wb,0.5,0.8,Nikon D40,A,0.0,0.0
shading,spectral_radiance,0.5,0.8,Nikon D40,A,1.73472347598e-18,1.3543371668e-16
shading,cie_xyz,0.5,0.8,Nikon D40,A,5.55111512313e-17,1.45155490862e-16
shading,camera_rgb_raw,0.5,0.8,Nikon D40,A,4.16333634234e-17,2.12248639604e-16
shading,camera_rgb_wb,0.5,0.8,Nikon D40,A,5.55111512313e-17,1.40988801421e-16
shading,spectral_radiance,0.5,0.8,Nikon D40,A,0.0,0.0
shading,cie_xyz,0.5,0.8,Nikon D40,A,0.0,0.0
shading,camera_rgb_raw,0.5,0.8,Nikon D40,A,0.0,0.0
shading,camera_rgb_wb,0.5,0.8,Nikon D40,A,0.0,0.0
shading,spectral_radiance,0.5,0.8,Nikon D50,A,0.0,0.0
shading,cie_xyz,0.5,0.8,Nikon D50,A,0.0,0.0
shading,camera_rgb_raw,0.5,0.8,Nikon D50,A,0.0,0.0
shading,camera_rgb_wb,0.5,0.8,Nikon D50,A,0.0,0.0
shading,spectral_radiance,0.5,0.8,Nikon D50,A,0.0,0.0
shading,cie_xyz,0.5,0.8,Nikon D50,A,0.0,0.0
shading,camera_rgb_raw,0.5,0.8,Nikon D50,A,0.0,0.0
shading,camera_rgb_wb,0.5,0.8,Nikon D50,A,0.0,0.0
shading,spectral_radiance,0.5,0.8,Nikon D50,A,1.73472347598e-18,1.3543371668e-16
shading,cie_xyz,0.5,0.8,Nikon D50,A,5.55111512313e-17,1.45155490862e-16
shading,camera_rgb_raw,0.5,0.8,Nikon D50,A,8.32667268469e-17,4.11377175963e-16
shading,camera_rgb_wb,0.5,0.8,Nikon D50,A,1.66533453694e-16,4.09042542318e-16
shading,spectral_radiance,0.5,0.8,Nikon D50,A,0.0,0.0
shading,cie_xyz,0.5,0.8,Nikon D50,A,0.0,0.0
shading,camera_rgb_raw,0.5,0.8,Nikon D50,A,0.0,0.0
shading,camera_rgb_wb,0.5,0.8,Nikon D50,A,0.0,0.0
shading,spectral_radiance,0.5,0.8,Nikon D5100,A,0.0,0.0
shading,cie_xyz,0.5,0.8,Nikon D5100,A,0.0,0.0
shading,camera_rgb_raw,0.5,0.8,Nikon D5100,A,0.0,0.0
shading,camera_rgb_wb,0.5,0.8,Nikon D5100,A,0.0,0.0
shading,spectral_radiance,0.5,0.8,Nikon D5100,A,0.0,0.0
shading,cie_xyz,0.5,0.8,Nikon D5100,A,0.0,0.0
shading,camera_rgb_raw,0.5,0.8,Nikon D5100,A,0.0,0.0
shading,camera_rgb_wb,0.5,0.8,Nikon D5100,A,0.0,0.0
shading,spectral_radiance,0.5,0.8,Nikon D5100,A,1.73472347598e-18,1.3543371668e-16
shading,cie_xyz,0.5,0.8,Nikon D5100,A,5.55111512313e-17,1.45155490862e-16
shading,camera_rgb_raw,0.5,0.8,Nikon D5100,A,5.55111512313e-17,2.52113557977e-16
shading,camera_rgb_wb,0.5,0.8,Nikon D5100,A,5.55111512313e-17,1.42473993024e-16
shading,spectral_radiance,0.5,0.8,Nikon D5100,A,0.0,0.0
shading,cie_xyz,0.5,0.8,Nikon D5100,A,0.0,0.0
shading,camera_rgb_raw,0.5,0.8,Nikon D5100,A,0.0,0.0
shading,camera_rgb_wb,0.5,0.8,Nikon D5100,A,0.0,0.0
shading,spectral_radiance,0.5,0.8,Nikon D700,A,0.0,0.0
shading,cie_xyz,0.5,0.8,Nikon D700,A,0.0,0.0
shading,camera_rgb_raw,0.5,0.8,Nikon D700,A,0.0,0.0
shading,camera_rgb_wb,0.5,0.8,Nikon D700,A,0.0,0.0
shading,spectral_radiance,0.5,0.8,Nikon D700,A,0.0,0.0
shading,cie_xyz,0.5,0.8,Nikon D700,A,0.0,0.0
shading,camera_rgb_raw,0.5,0.8,Nikon D700,A,0.0,0.0
shading,camera_rgb_wb,0.5,0.8,Nikon D700,A,0.0,0.0
shading,spectral_radiance,0.5,0.8,Nikon D700,A,1.73472347598e-18,1.3543371668e-16
shading,cie_xyz,0.5,0.8,Nikon D700,A,5.55111512313e-17,1.45155490862e-16
shading,camera_rgb_raw,0.5,0.8,Nikon D700,A,2.77555756156e-17,1.17034508295e-16
shading,camera_rgb_wb,0.5,0.8,Nikon D700,A,5.55111512313e-17,1.39466597199e-16
shading,spectral_radiance,0.5,0.8,Nikon D700,A,0.0,0.0
shading,cie_xyz,0.5,0.8,Nikon D700,A,0.0,0.0
shading,camera_rgb_raw,0.5,0.8,Nikon D700,A,0.0,0.0
shading,camera_rgb_wb,0.5,0.8,Nikon D700,A,0.0,0.0
shading,spectral_radiance,0.5,0.8,Nikon D80,A,0.0,0.0
shading,cie_xyz,0.5,0.8,Nikon D80,A,0.0,0.0
shading,camera_rgb_raw,0.5,0.8,Nikon D80,A,0.0,0.0
shading,camera_rgb_wb,0.5,0.8,Nikon D80,A,0.0,0.0
shading,spectral_radiance,0.5,0.8,Nikon D80,A,0.0,0.0
shading,cie_xyz,0.5,0.8,Nikon D80,A,0.0,0.0
shading,camera_rgb_raw,0.5,0.8,Nikon D80,A,0.0,0.0
shading,camera_rgb_wb,0.5,0.8,Nikon D80,A,0.0,0.0
shading,spectral_radiance,0.5,0.8,Nikon D80,A,1.73472347598e-18,1.3543371668e-16
shading,cie_xyz,0.5,0.8,Nikon D80,A,5.55111512313e-17,1.45155490862e-16
shading,camera_rgb_raw,0.5,0.8,Nikon D80,A,5.55111512313e-17,2.60001145885e-16
shading,camera_rgb_wb,0.5,0.8,Nikon D80,A,1.11022302463e-16,2.79490148975e-16
shading,spectral_radiance,0.5,0.8,Nikon D80,A,0.0,0.0
shading,cie_xyz,0.5,0.8,Nikon D80,A,0.0,0.0
shading,camera_rgb_raw,0.5,0.8,Nikon D80,A,0.0,0.0
shading,camera_rgb_wb,0.5,0.8,Nikon D80,A,0.0,0.0
shading,spectral_radiance,0.5,0.8,Nikon D90,A,0.0,0.0
shading,cie_xyz,0.5,0.8,Nikon D90,A,0.0,0.0
shading,camera_rgb_raw,0.5,0.8,Nikon D90,A,0.0,0.0
shading,camera_rgb_wb,0.5,0.8,Nikon D90,A,0.0,0.0
shading,spectral_radiance,0.5,0.8,Nikon D90,A,0.0,0.0
shading,cie_xyz,0.5,0.8,Nikon D90,A,0.0,0.0
shading,camera_rgb_raw,0.5,0.8,Nikon D90,A,0.0,0.0
shading,camera_rgb_wb,0.5,0.8,Nikon D90,A,0.0,0.0
shading,spectral_radiance,0.5,0.8,Nikon D90,A,1.73472347598e-18,1.3543371668e-16
shading,cie_xyz,0.5,0.8,Nikon D90,A,5.55111512313e-17,1.45155490862e-16
shading,camera_rgb_raw,0.5,0.8,Nikon D90,A,5.55111512313e-17,2.61487652784e-16
shading,camera_rgb_wb,0.5,0.8,Nikon D90,A,8.32667268469e-17,2.12903247867e-16
shading,spectral_radiance,0.5,0.8,Nikon D90,A,0.0,0.0
shading,cie_xyz,0.5,0.8,Nikon D90,A,0.0,0.0
shading,camera_rgb_raw,0.5,0.8,Nikon D90,A,0.0,0.0
shading,camera_rgb_wb,0.5,0.8,Nikon D90,A,0.0,0.0
shading,spectral_radiance,0.5,0.8,Nokia N900,A,0.0,0.0
shading,cie_xyz,0.5,0.8,Nokia N900,A,0.0,0.0
shading,camera_rgb_raw,0.5,0.8,Nokia N900,A,0.0,0.0
shading,camera_rgb_wb,0.5,0.8,Nokia N900,A,0.0,0.0
shading,spectral_radiance,0.5,0.8,Nokia N900,A,0.0,0.0
shading,cie_xyz,0.5,0.8,Nokia N900,A,0.0,0.0
shading,camera_rgb_raw,0.5,0.8,Nokia N900,A,0.0,0.0
shading,camera_rgb_wb,0.5,0.8,Nokia N900,A,0.0,0.0
shading,spectral_radiance,0.5,0.8,Nokia N900,A,1.73472347598e-18,1.3543371668e-16
shading,cie_xyz,0.5,0.8,Nokia N900,A,5.55111512313e-17,1.45155490862e-16
shading,camera_rgb_raw,0.5,0.8,Nokia N900,A,5.55111512313e-17,1.48786594174e-16
shading,camera_rgb_wb,0.5,0.8,Nokia N900,A,8.32667268469e-17,2.03835357677e-16
shading,spectral_radiance,0.5,0.8,Nokia N900,A,0.0,0.0
shading,cie_xyz,0.5,0.8,Nokia N900,A,0.0,0.0
shading,camera_rgb_raw,0.5,0.8,Nokia N900,A,0.0,0.0
shading,camera_rgb_wb,0.5,0.8,Nokia N900,A,0.0,0.0
shading,spectral_radiance,0.5,0.8,Olympus E-PL2,A,0.0,0.0
shading,cie_xyz,0.5,0.8,Olympus E-PL2,A,0.0,0.0
shading,camera_rgb_raw,0.5,0.8,Olympus E-PL2,A,0.0,0.0
shading,camera_rgb_wb,0.5,0.8,Olympus E-PL2,A,0.0,0.0
shading,spectral_radiance,0.5,0.8,Olympus E-PL2,A,0.0,0.0
shading,cie_xyz,0.5,0.8,Olympus E-PL2,A,0.0,0.0
shading,camera_rgb_raw,0.5,0.8,Olympus E-PL2,A,0.0,0.0
shading,camera_rgb_wb,0.5,0.8,Olympus E-PL2,A,0.0,0.0
shading,spectral_radiance,0.5,0.8,Olympus E-PL2,A,1.73472347598e-18,1.3543371668e-16
shading,cie_xyz,0.5,0.8,Olympus E-PL2,A,5.55111512313e-17,1.45155490862e-16
shading,camera_rgb_raw,0.5,0.8,Olympus E-PL2,A,1.11022302463e-16,2.85974098292e-16
shading,camera_rgb_wb,0.5,0.8,Olympus E-PL2,A,1.66533453694e-16,3.96390062035e-16
shading,spectral_radiance,0.5,0.8,Olympus E-PL2,A,0.0,0.0
shading,cie_xyz,0.5,0.8,Olympus E-PL2,A,0.0,0.0
shading,camera_rgb_raw,0.5,0.8,Olympus E-PL2,A,0.0,0.0
shading,camera_rgb_wb,0.5,0.8,Olympus E-PL2,A,0.0,0.0
shading,spectral_radiance,0.5,0.8,Pentax K-5,A,0.0,0.0
shading,cie_xyz,0.5,0.8,Pentax K-5,A,0.0,0.0
shading,camera_rgb_raw,0.5,0.8,Pentax K-5,A,0.0,0.0
shading,camera_rgb_wb,0.5,0.8,Pentax K-5,A,0.0,0.0
shading,spectral_radiance,0.5,0.8,Pentax K-5,A,0.0,0.0
shading,cie_xyz,0.5,0.8,Pentax K-5,A,0.0,0.0
shading,camera_rgb_raw,0.5,0.8,Pentax K-5,A,0.0,0.0
shading,camera_rgb_wb,0.5,0.8,Pentax K-5,A,0.0,0.0
shading,spectral_radiance,0.5,0.8,Pentax K-5,A,1.73472347598e-18,1.3543371668e-16
shading,cie_xyz,0.5,0.8,Pentax K-5,A,5.55111512313e-17,1.45155490862e-16
shading,camera_rgb_raw,0.5,0.8,Pentax K-5,A,5.55111512313e-17,2.43870238669e-16
shading,camera_rgb_wb,0.5,0.8,Pentax K-5,A,1.11022302463e-16,2.75771952163e-16
shading,spectral_radiance,0.5,0.8,Pentax K-5,A,0.0,0.0
shading,cie_xyz,0.5,0.8,Pentax K-5,A,0.0,0.0
shading,camera_rgb_raw,0.5,0.8,Pentax K-5,A,0.0,0.0
shading,camera_rgb_wb,0.5,0.8,Pentax K-5,A,0.0,0.0
shading,spectral_radiance,0.5,0.8,Pentax Q,A,0.0,0.0
shading,cie_xyz,0.5,0.8,Pentax Q,A,0.0,0.0
shading,camera_rgb_raw,0.5,0.8,Pentax Q,A,0.0,0.0
shading,camera_rgb_wb,0.5,0.8,Pentax Q,A,0.0,0.0
shading,spectral_radiance,0.5,0.8,Pentax Q,A,0.0,0.0
shading,cie_xyz,0.5,0.8,Pentax Q,A,0.0,0.0
shading,camera_rgb_raw,0.5,0.8,Pentax Q,A,0.0,0.0
shading,camera_rgb_wb,0.5,0.8,Pentax Q,A,0.0,0.0
shading,spectral_radiance,0.5,0.8,Pentax Q,A,1.73472347598e-18,1.3543371668e-16
shading,cie_xyz,0.5,0.8,Pentax Q,A,5.55111512313e-17,1.45155490862e-16
shading,camera_rgb_raw,0.5,0.8,Pentax Q,A,5.55111512313e-17,1.37067328517e-16
shading,camera_rgb_wb,0.5,0.8,Pentax Q,A,5.55111512313e-17,1.32904626227e-16
shading,spectral_radiance,0.5,0.8,Pentax Q,A,0.0,0.0
shading,cie_xyz,0.5,0.8,Pentax Q,A,0.0,0.0
shading,camera_rgb_raw,0.5,0.8,Pentax Q,A,0.0,0.0
shading,camera_rgb_wb,0.5,0.8,Pentax Q,A,0.0,0.0
shading,spectral_radiance,0.5,0.8,Point Grey Grasshopper 50S5C,A,0.0,0.0
shading,cie_xyz,0.5,0.8,Point Grey Grasshopper 50S5C,A,0.0,0.0
shading,camera_rgb_raw,0.5,0.8,Point Grey Grasshopper 50S5C,A,0.0,0.0
shading,camera_rgb_wb,0.5,0.8,Point Grey Grasshopper 50S5C,A,0.0,0.0
shading,spectral_radiance,0.5,0.8,Point Grey Grasshopper 50S5C,A,0.0,0.0
shading,cie_xyz,0.5,0.8,Point Grey Grasshopper 50S5C,A,0.0,0.0
shading,camera_rgb_raw,0.5,0.8,Point Grey Grasshopper 50S5C,A,0.0,0.0
shading,camera_rgb_wb,0.5,0.8,Point Grey Grasshopper 50S5C,A,0.0,0.0
shading,spectral_radiance,0.5,0.8,Point Grey Grasshopper 50S5C,A,1.73472347598e-18,1.3543371668e-16
shading,cie_xyz,0.5,0.8,Point Grey Grasshopper 50S5C,A,5.55111512313e-17,1.45155490862e-16
shading,camera_rgb_raw,0.5,0.8,Point Grey Grasshopper 50S5C,A,2.77555756156e-17,7.45165127377e-17
shading,camera_rgb_wb,0.5,0.8,Point Grey Grasshopper 50S5C,A,5.55111512313e-17,1.07418589762e-16
shading,spectral_radiance,0.5,0.8,Point Grey Grasshopper 50S5C,A,0.0,0.0
shading,cie_xyz,0.5,0.8,Point Grey Grasshopper 50S5C,A,0.0,0.0
shading,camera_rgb_raw,0.5,0.8,Point Grey Grasshopper 50S5C,A,0.0,0.0
shading,camera_rgb_wb,0.5,0.8,Point Grey Grasshopper 50S5C,A,0.0,0.0
shading,spectral_radiance,0.5,0.8,Point Grey Grasshopper2 14S5C,A,0.0,0.0
shading,cie_xyz,0.5,0.8,Point Grey Grasshopper2 14S5C,A,0.0,0.0
shading,camera_rgb_raw,0.5,0.8,Point Grey Grasshopper2 14S5C,A,0.0,0.0
shading,camera_rgb_wb,0.5,0.8,Point Grey Grasshopper2 14S5C,A,0.0,0.0
shading,spectral_radiance,0.5,0.8,Point Grey Grasshopper2 14S5C,A,0.0,0.0
shading,cie_xyz,0.5,0.8,Point Grey Grasshopper2 14S5C,A,0.0,0.0
shading,camera_rgb_raw,0.5,0.8,Point Grey Grasshopper2 14S5C,A,0.0,0.0
shading,camera_rgb_wb,0.5,0.8,Point Grey Grasshopper2 14S5C,A,0.0,0.0
shading,spectral_radiance,0.5,0.8,Point Grey Grasshopper2 14S5C,A,1.73472347598e-18,1.3543371668e-16
shading,cie_xyz,0.5,0.8,Point Grey Grasshopper2 14S5C,A,5.55111512313e-17,1.45155490862e-16
shading,camera_rgb_raw,0.5,0.8,Point Grey Grasshopper2 14S5C,A,5.55111512313e-17,1.63782669658e-16
shading,camera_rgb_wb,0.5,0.8,Point Grey Grasshopper2 14S5C,A,1.11022302463e-16,2.42326629419e-16
shading,spectral_radiance,0.5,0.8,Point Grey Grasshopper2 14S5C,A,0.0,0.0
shading,cie_xyz,0.5,0.8,Point Grey Grasshopper2 14S5C,A,0.0,0.0
shading,camera_rgb_raw,0.5,0.8,Point Grey Grasshopper2 14S5C,A,0.0,0.0
shading,camera_rgb_wb,0.5,0.8,Point Grey Grasshopper2 14S5C,A,0.0,0.0
shading,spectral_radiance,0.5,0.8,Phase One,A,0.0,0.0
shading,cie_xyz,0.5,0.8,Phase One,A,0.0,0.0
shading,camera_rgb_raw,0.5,0.8,Phase One,A,0.0,0.0
shading,camera_rgb_wb,0.5,0.8,Phase One,A,0.0,0.0
shading,spectral_radiance,0.5,0.8,Phase One,A,0.0,0.0
shading,cie_xyz,0.5,0.8,Phase One,A,0.0,0.0
shading,camera_rgb_raw,0.5,0.8,Phase One,A,0.0,0.0
shading,camera_rgb_wb,0.5,0.8,Phase One,A,0.0,0.0
shading,spectral_radiance,0.5,0.8,Phase One,A,1.73472347598e-18,1.3543371668e-16
shading,cie_xyz,0.5,0.8,Phase One,A,5.55111512313e-17,1.45155490862e-16
shading,camera_rgb_raw,0.5,0.8,Phase One,A,1.11022302463e-16,5.33999227053e-16
shading,camera_rgb_wb,0.5,0.8,Phase One,A,1.66533453694e-16,4.93630001069e-16
shading,spectral_radiance,0.5,0.8,Phase One,A,0.0,0.0
shading,cie_xyz,0.5,0.8,Phase One,A,0.0,0.0
shading,camera_rgb_raw,0.5,0.8,Phase One,A,0.0,0.0
shading,camera_rgb_wb,0.5,0.8,Phase One,A,0.0,0.0
shading,spectral_radiance,0.5,0.8,SONY NEX-5N,A,0.0,0.0
shading,cie_xyz,0.5,0.8,SONY NEX-5N,A,0.0,0.0
shading,camera_rgb_raw,0.5,0.8,SONY NEX-5N,A,0.0,0.0
shading,camera_rgb_wb,0.5,0.8,SONY NEX-5N,A,0.0,0.0
shading,spectral_radiance,0.5,0.8,SONY NEX-5N,A,0.0,0.0
shading,cie_xyz,0.5,0.8,SONY NEX-5N,A,0.0,0.0
shading,camera_rgb_raw,0.5,0.8,SONY NEX-5N,A,0.0,0.0
shading,camera_rgb_wb,0.5,0.8,SONY NEX-5N,A,0.0,0.0
shading,spectral_radiance,0.5,0.8,SONY NEX-5N,A,1.73472347598e-18,1.3543371668e-16
shading,cie_xyz,0.5,0.8,SONY NEX-5N,A,5.55111512313e-17,1.45155490862e-16
shading,camera_rgb_raw,0.5,0.8,SONY NEX-5N,A,2.77555756156e-17,1.65521805472e-16
shading,camera_rgb_wb,0.5,0.8,SONY NEX-5N,A,5.55111512313e-17,1.44987946122e-16
shading,spectral_radiance,0.5,0.8,SONY NEX-5N,A,0.0,0.0
shading,cie_xyz,0.5,0.8,SONY NEX-5N,A,0.0,0.0
shading,camera_rgb_raw,0.5,0.8,SONY NEX-5N,A,0.0,0.0
shading,camera_rgb_wb,0.5,0.8,SONY NEX-5N,A,0.0,0.0
shading,spectral_radiance,0.5,0.8,Canon 1DMarkIII,FL2,0.0,0.0
shading,cie_xyz,0.5,0.8,Canon 1DMarkIII,FL2,0.0,0.0
shading,camera_rgb_raw,0.5,0.8,Canon 1DMarkIII,FL2,0.0,0.0
shading,camera_rgb_wb,0.5,0.8,Canon 1DMarkIII,FL2,0.0,0.0
shading,spectral_radiance,0.5,0.8,Canon 1DMarkIII,FL2,0.0,0.0
shading,cie_xyz,0.5,0.8,Canon 1DMarkIII,FL2,0.0,0.0
shading,camera_rgb_raw,0.5,0.8,Canon 1DMarkIII,FL2,0.0,0.0
shading,camera_rgb_wb,0.5,0.8,Canon 1DMarkIII,FL2,0.0,0.0
shading,spectral_radiance,0.5,0.8,Canon 1DMarkIII,FL2,4.33680868994e-19,1.00933223591e-16
shading,cie_xyz,0.5,0.8,Canon 1DMarkIII,FL2,6.93889390391e-18,2.59293401511e-17
shading,camera_rgb_raw,0.5,0.8,Canon 1DMarkIII,FL2,2.77555756156e-17,2.09481588573e-16
shading,camera_rgb_wb,0.5,0.8,Canon 1DMarkIII,FL2,1.11022302463e-16,3.44692573805e-16
shading,spectral_radiance,0.5,0.8,Canon 1DMarkIII,FL2,0.0,0.0
shading,cie_xyz,0.5,0.8,Canon 1DMarkIII,FL2,0.0,0.0
shading,camera_rgb_raw,0.5,0.8,Canon 1DMarkIII,FL2,0.0,0.0
shading,camera_rgb_wb,0.5,0.8,Canon 1DMarkIII,FL2,0.0,0.0
shading,spectral_radiance,0.5,0.8,Canon 20D,FL2,0.0,0.0
shading,cie_xyz,0.5,0.8,Canon 20D,FL2,0.0,0.0
shading,camera_rgb_raw,0.5,0.8,Canon 20D,FL2,0.0,0.0
shading,camera_rgb_wb,0.5,0.8,Canon 20D,FL2,0.0,0.0
shading,spectral_radiance,0.5,0.8,Canon 20D,FL2,0.0,0.0
shading,cie_xyz,0.5,0.8,Canon 20D,FL2,0.0,0.0
shading,camera_rgb_raw,0.5,0.8,Canon 20D,FL2,0.0,0.0
shading,camera_rgb_wb,0.5,0.8,Canon 20D,FL2,0.0,0.0
shading,spectral_radiance,0.5,0.8,Canon 20D,FL2,4.33680868994e-19,1.00933223591e-16
shading,cie_xyz,0.5,0.8,Canon 20D,FL2,6.93889390391e-18,2.59293401511e-17
shading,camera_rgb_raw,0.5,0.8,Canon 20D,FL2,8.32667268469e-17,5.9045334074e-16
shading,camera_rgb_wb,0.5,0.8,Canon 20D,FL2,1.38777878078e-16,4.3277290649e-16
shading,spectral_radiance,0.5,0.8,Canon 20D,FL2,0.0,0.0
shading,cie_xyz,0.5,0.8,Canon 20D,FL2,0.0,0.0
shading,camera_rgb_raw,0.5,0.8,Canon 20D,FL2,0.0,0.0
shading,camera_rgb_wb,0.5,0.8,Canon 20D,FL2,0.0,0.0
shading,spectral_radiance,0.5,0.8,Canon 300D,FL2,0.0,0.0
shading,cie_xyz,0.5,0.8,Canon 300D,FL2,0.0,0.0
shading,camera_rgb_raw,0.5,0.8,Canon 300D,FL2,0.0,0.0
shading,camera_rgb_wb,0.5,0.8,Canon 300D,FL2,0.0,0.0
shading,spectral_radiance,0.5,0.8,Canon 300D,FL2,0.0,0.0
shading,cie_xyz,0.5,0.8,Canon 300D,FL2,0.0,0.0
shading,camera_rgb_raw,0.5,0.8,Canon 300D,FL2,0.0,0.0
shading,camera_rgb_wb,0.5,0.8,Canon 300D,FL2,0.0,0.0
shading,spectral_radiance,0.5,0.8,Canon 300D,FL2,4.33680868994e-19,1.00933223591e-16
shading,cie_xyz,0.5,0.8,Canon 300D,FL2,6.93889390391e-18,2.59293401511e-17
shading,camera_rgb_raw,0.5,0.8,Canon 300D,FL2,1.11022302463e-16,7.23773972189e-16
shading,camera_rgb_wb,0.5,0.8,Canon 300D,FL2,2.22044604925e-16,6.84305181797e-16
shading,spectral_radiance,0.5,0.8,Canon 300D,FL2,0.0,0.0
shading,cie_xyz,0.5,0.8,Canon 300D,FL2,0.0,0.0
shading,camera_rgb_raw,0.5,0.8,Canon 300D,FL2,0.0,0.0
shading,camera_rgb_wb,0.5,0.8,Canon 300D,FL2,0.0,0.0
shading,spectral_radiance,0.5,0.8,Canon 40D,FL2,0.0,0.0
shading,cie_xyz,0.5,0.8,Canon 40D,FL2,0.0,0.0
shading,camera_rgb_raw,0.5,0.8,Canon 40D,FL2,0.0,0.0
shading,camera_rgb_wb,0.5,0.8,Canon 40D,FL2,0.0,0.0
shading,spectral_radiance,0.5,0.8,Canon 40D,FL2,0.0,0.0
shading,cie_xyz,0.5,0.8,Canon 40D,FL2,0.0,0.0
shading,camera_rgb_raw,0.5,0.8,Canon 40D,FL2,0.0,0.0
shading,camera_rgb_wb,0.5,0.8,Canon 40D,FL2,0.0,0.0
shading,spectral_radiance,0.5,0.8,Canon 40D,FL2,4.33680868994e-19,1.00933223591e-16
shading,cie_xyz,0.5,0.8,Canon 40D,FL2,6.93889390391e-18,2.59293401511e-17
shading,camera_rgb_raw,0.5,0.8,Canon 40D,FL2,2.77555756156e-17,1.86743437372e-16
shading,camera_rgb_wb,0.5,0.8,Canon 40D,FL2,5.55111512313e-17,1.7258188818e-16
shading,spectral_radiance,0.5,0.8,Canon 40D,FL2,0.0,0.0
shading,cie_xyz,0.5,0.8,Canon 40D,FL2,0.0,0.0
shading,camera_rgb_raw,0.5,0.8,Canon 40D,FL2,0.0,0.0
shading,camera_rgb_wb,0.5,0.8,Canon 40D,FL2,0.0,0.0
shading,spectral_radiance,0.5,0.8,Canon 500D,FL2,0.0,0.0
shading,cie_xyz,0.5,0.8,Canon 500D,FL2,0.0,0.0
shading,camera_rgb_raw,0.5,0.8,Canon 500D,FL2,0.0,0.0
shading,camera_rgb_wb,0.5,0.8,Canon 500D,FL2,0.0,0.0
shading,spectral_radiance,0.5,0.8,Canon 500D,FL2,0.0,0.0
shading,cie_xyz,0.5,0.8,Canon 500D,FL2,0.0,0.0
shading,camera_rgb_raw,0.5,0.8,Canon 500D,FL2,0.0,0.0
shading,camera_rgb_wb,0.5,0.8,Canon 500D,FL2,0.0,0.0
shading,spectral_radiance,0.5,0.8,Canon 500D,FL2,4.33680868994e-19,1.00933223591e-16
shading,cie_xyz,0.5,0.8,Canon 500D,FL2,6.93889390391e-18,2.59293401511e-17
shading,camera_rgb_raw,0.5,0.8,Canon 500D,FL2,2.08166817117e-17,1.24569922608e-16
shading,camera_rgb_wb,0.5,0.8,Canon 500D,FL2,4.16333634234e-17,1.43623479955e-16
shading,spectral_radiance,0.5,0.8,Canon 500D,FL2,0.0,0.0
shading,cie_xyz,0.5,0.8,Canon 500D,FL2,0.0,0.0
shading,camera_rgb_raw,0.5,0.8,Canon 500D,FL2,0.0,0.0
shading,camera_rgb_wb,0.5,0.8,Canon 500D,FL2,0.0,0.0
shading,spectral_radiance,0.5,0.8,Canon 50D,FL2,0.0,0.0
shading,cie_xyz,0.5,0.8,Canon 50D,FL2,0.0,0.0
shading,camera_rgb_raw,0.5,0.8,Canon 50D,FL2,0.0,0.0
shading,camera_rgb_wb,0.5,0.8,Canon 50D,FL2,0.0,0.0
shading,spectral_radiance,0.5,0.8,Canon 50D,FL2,0.0,0.0
shading,cie_xyz,0.5,0.8,Canon 50D,FL2,0.0,0.0
shading,camera_rgb_raw,0.5,0.8,Canon 50D,FL2,0.0,0.0
shading,camera_rgb_wb,0.5,0.8,Canon 50D,FL2,0.0,0.0
shading,spectral_radiance,0.5,0.8,Canon 50D,FL2,4.33680868994e-19,1.00933223591e-16
shading,cie_xyz,0.5,0.8,Canon 50D,FL2,6.93889390391e-18,2.59293401511e-17
shading,camera_rgb_raw,0.5,0.8,Canon 50D,FL2,2.08166817117e-17,1.2375550237e-16
shading,camera_rgb_wb,0.5,0.8,Canon 50D,FL2,4.16333634234e-17,1.39392408305e-16
shading,spectral_radiance,0.5,0.8,Canon 50D,FL2,0.0,0.0
shading,cie_xyz,0.5,0.8,Canon 50D,FL2,0.0,0.0
shading,camera_rgb_raw,0.5,0.8,Canon 50D,FL2,0.0,0.0
shading,camera_rgb_wb,0.5,0.8,Canon 50D,FL2,0.0,0.0
shading,spectral_radiance,0.5,0.8,Canon 5DMarkII,FL2,0.0,0.0
shading,cie_xyz,0.5,0.8,Canon 5DMarkII,FL2,0.0,0.0
shading,camera_rgb_raw,0.5,0.8,Canon 5DMarkII,FL2,0.0,0.0
shading,camera_rgb_wb,0.5,0.8,Canon 5DMarkII,FL2,0.0,0.0
shading,spectral_radiance,0.5,0.8,Canon 5DMarkII,FL2,0.0,0.0
shading,cie_xyz,0.5,0.8,Canon 5DMarkII,FL2,0.0,0.0
shading,camera_rgb_raw,0.5,0.8,Canon 5DMarkII,FL2,0.0,0.0
shading,camera_rgb_wb,0.5,0.8,Canon 5DMarkII,FL2,0.0,0.0
shading,spectral_radiance,0.5,0.8,Canon 5DMarkII,FL2,4.33680868994e-19,1.00933223591e-16
shading,cie_xyz,0.5,0.8,Canon 5DMarkII,FL2,6.93889390391e-18,2.59293401511e-17
shading,camera_rgb_raw,0.5,0.8,Canon 5DMarkII,FL2,5.55111512313e-17,3.78629903483e-16
shading,camera_rgb_wb,0.5,0.8,Canon 5DMarkII,FL2,8.32667268469e-17,2.70886857019e-16
shading,spectral_radiance,0.5,0.8,Canon 5DMarkII,FL2,0.0,0.0
shading,cie_xyz,0.5,0.8,Canon 5DMarkII,FL2,0.0,0.0
shading,camera_rgb_raw,0.5,0.8,Canon 5DMarkII,FL2,0.0,0.0
shading,camera_rgb_wb,0.5,0.8,Canon 5DMarkII,FL2,0.0,0.0
shading,spectral_radiance,0.5,0.8,Canon 600D,FL2,0.0,0.0
shading,cie_xyz,0.5,0.8,Canon 600D,FL2,0.0,0.0
shading,camera_rgb_raw,0.5,0.8,Canon 600D,FL2,0.0,0.0
shading,camera_rgb_wb,0.5,0.8,Canon 600D,FL2,0.0,0.0
shading,spectral_radiance,0.5,0.8,Canon 600D,FL2,0.0,0.0
shading,cie_xyz,0.5,0.8,Canon 600D,FL2,0.0,0.0
shading,camera_rgb_raw,0.5,0.8,Canon 600D,FL2,0.0,0.0
shading,camera_rgb_wb,0.5,0.8,Canon 600D,FL2,0.0,0.0
shading,spectral_radiance,0.5,0.8,Canon 600D,FL2,4.33680868994e-19,1.00933223591e-16
shading,cie_xyz,0.5,0.8,Canon 600D,FL2,6.93889390391e-18,2.59293401511e-17
shading,camera_rgb_raw,0.5,0.8,Canon 600D,FL2,8.32667268469e-17,5.28061851829e-16
shading,camera_rgb_wb,0.5,0.8,Canon 600D,FL2,8.32667268469e-17,2.68104997161e-16
shading,spectral_radiance,0.5,0.8,Canon 600D,FL2,0.0,0.0
shading,cie_xyz,0.5,0.8,Canon 600D,FL2,0.0,0.0
shading,camera_rgb_raw,0.5,0.8,Canon 600D,FL2,0.0,0.0
shading,camera_rgb_wb,0.5,0.8,Canon 600D,FL2,0.0,0.0
shading,spectral_radiance,0.5,0.8,Canon 60D,FL2,0.0,0.0
shading,cie_xyz,0.5,0.8,Canon 60D,FL2,0.0,0.0
shading,camera_rgb_raw,0.5,0.8,Canon 60D,FL2,0.0,0.0
shading,camera_rgb_wb,0.5,0.8,Canon 60D,FL2,0.0,0.0
shading,spectral_radiance,0.5,0.8,Canon 60D,FL2,0.0,0.0
shading,cie_xyz,0.5,0.8,Canon 60D,FL2,0.0,0.0
shading,camera_rgb_raw,0.5,0.8,Canon 60D,FL2,0.0,0.0
shading,camera_rgb_wb,0.5,0.8,Canon 60D,FL2,0.0,0.0
shading,spectral_radiance,0.5,0.8,Canon 60D,FL2,4.33680868994e-19,1.00933223591e-16
shading,cie_xyz,0.5,0.8,Canon 60D,FL2,6.93889390391e-18,2.59293401511e-17
shading,camera_rgb_raw,0.5,0.8,Canon 60D,FL2,2.77555756156e-17,1.7512658225e-16
shading,camera_rgb_wb,0.5,0.8,Canon 60D,FL2,5.55111512313e-17,1.78275781506e-16
shading,spectral_radiance,0.5,0.8,Canon 60D,FL2,0.0,0.0
shading,cie_xyz,0.5,0.8,Canon 60D,FL2,0.0,0.0
shading,camera_rgb_raw,0.5,0.8,Canon 60D,FL2,0.0,0.0
shading,camera_rgb_wb,0.5,0.8,Canon 60D,FL2,0.0,0.0
shading,spectral_radiance,0.5,0.8,Hasselblad H2,FL2,0.0,0.0
shading,cie_xyz,0.5,0.8,Hasselblad H2,FL2,0.0,0.0
shading,camera_rgb_raw,0.5,0.8,Hasselblad H2,FL2,0.0,0.0
shading,camera_rgb_wb,0.5,0.8,Hasselblad H2,FL2,0.0,0.0
shading,spectral_radiance,0.5,0.8,Hasselblad H2,FL2,0.0,0.0
shading,cie_xyz,0.5,0.8,Hasselblad H2,FL2,0.0,0.0
shading,camera_rgb_raw,0.5,0.8,Hasselblad H2,FL2,0.0,0.0
shading,camera_rgb_wb,0.5,0.8,Hasselblad H2,FL2,0.0,0.0
shading,spectral_radiance,0.5,0.8,Hasselblad H2,FL2,4.33680868994e-19,1.00933223591e-16
shading,cie_xyz,0.5,0.8,Hasselblad H2,FL2,6.93889390391e-18,2.59293401511e-17
shading,camera_rgb_raw,0.5,0.8,Hasselblad H2,FL2,2.77555756156e-17,2.13743516045e-16
shading,camera_rgb_wb,0.5,0.8,Hasselblad H2,FL2,5.55111512313e-17,1.58198638653e-16
shading,spectral_radiance,0.5,0.8,Hasselblad H2,FL2,0.0,0.0
shading,cie_xyz,0.5,0.8,Hasselblad H2,FL2,0.0,0.0
shading,camera_rgb_raw,0.5,0.8,Hasselblad H2,FL2,0.0,0.0
shading,camera_rgb_wb,0.5,0.8,Hasselblad H2,FL2,0.0,0.0
shading,spectral_radiance,0.5,0.8,Nikon D3X,FL2,0.0,0.0
shading,cie_xyz,0.5,0.8,Nikon D3X,FL2,0.0,0.0
shading,camera_rgb_raw,0.5,0.8,Nikon D3X,FL2,0.0,0.0
shading,camera_rgb_wb,0.5,0.8,Nikon D3X,FL2,0.0,0.0
shading,spectral_radiance,0.5,0.8,Nikon D3X,FL2,0.0,0.0
shading,cie_xyz,0.5,0.8,Nikon D3X,FL2,0.0,0.0
shading,camera_rgb_raw,0.5,0.8,Nikon D3X,FL2,0.0,0.0
shading,camera_rgb_wb,0.5,0.8,Nikon D3X,FL2,0.0,0.0
shading,spectral_radiance,0.5,0.8,Nikon D3X,FL2,4.33680868994e-19,1.00933223591e-16
shading,cie_xyz,0.5,0.8,Nikon D3X,FL2,6.93889390391e-18,2.59293401511e-17
shading,camera_rgb_raw,0.5,0.8,Nikon D3X,FL2,2.77555756156e-17,1.98262468372e-16
shading,camera_rgb_wb,0.5,0.8,Nikon D3X,FL2,5.55111512313e-17,1.65997477046e-16
shading,spectral_radiance,0.5,0.8,Nikon D3X,FL2,0.0,0.0
shading,cie_xyz,0.5,0.8,Nikon D3X,FL2,0.0,0.0
shading,camera_rgb_raw,0.5,0.8,Nikon D3X,FL2,0.0,0.0
shading,camera_rgb_wb,0.5,0.8,Nikon D3X,FL2,0.0,0.0
shading,spectral_radiance,0.5,0.8,Nikon D200,FL2,0.0,0.0
shading,cie_xyz,0.5,0.8,Nikon D200,FL2,0.0,0.0
shading,camera_rgb_raw,0.5,0.8,Nikon D200,FL2,0.0,0.0
shading,camera_rgb_wb,0.5,0.8,Nikon D200,FL2,0.0,0.0
shading,spectral_radiance,0.5,0.8,Nikon D200,FL2,0.0,0.0
shading,cie_xyz,0.5,0.8,Nikon D200,FL2,0.0,0.0
shading,camera_rgb_raw,0.5,0.8,Nikon D200,FL2,0.0,0.0
shading,camera_rgb_wb,0.5,0.8,Nikon D200,FL2,0.0,0.0
shading,spectral_radiance,0.5,0.8,Nikon D200,FL2,4.33680868994e-19,1.00933223591e-16
shading,cie_xyz,0.5,0.8,Nikon D200,FL2,6.93889390391e-18,2.59293401511e-17
shading,camera_rgb_raw,0.5,0.8,Nikon D200,FL2,4.16333634234e-17,2.81649177416e-16
shading,camera_rgb_wb,0.5,0.8,Nikon D200,FL2,5.55111512313e-17,1.67099732047e-16
shading,spectral_radiance,0.5,0.8,Nikon D200,FL2,0.0,0.0
shading,cie_xyz,0.5,0.8,Nikon D200,FL2,0.0,0.0
shading,camera_rgb_raw,0.5,0.8,Nikon D200,FL2,0.0,0.0
shading,camera_rgb_wb,0.5,0.8,Nikon D200,FL2,0.0,0.0
shading,spectral_radiance,0.5,0.8,Nikon D3,FL2,0.0,0.0
shading,cie_xyz,0.5,0.8,Nikon D3,FL2,0.0,0.0
shading,camera_rgb_raw,0.5,0.8,Nikon D3,FL2,0.0,0.0
shading,camera_rgb_wb,0.5,0.8,Nikon D3,FL2,0.0,0.0
shading,spectral_radiance,0.5,0.8,Nikon D3,FL2,0.0,0.0
shading,cie_xyz,0.5,0.8,Nikon D3,FL2,0.0,0.0
shading,camera_rgb_raw,0.5,0.8,Nikon D3,FL2,0.0,0.0
shading,camera_rgb_wb,0.5,0.8,Nikon D3,FL2,0.0,0.0
shading,spectral_radiance,0.5,0.8,Nikon D3,FL2,4.33680868994e-19,1.00933223591e-16
shading,cie_xyz,0.5,0.8,Nikon D3,FL2,6.93889390391e-18,2.59293401511e-17
shading,camera_rgb_raw,0.5,0.8,Nikon D3,FL2,2.77555756156e-17,1.97471554583e-16
shading,camera_rgb_wb,0.5,0.8,Nikon D3,FL2,5.55111512313e-17,1.68541580065e-16
shading,spectral_radiance,0.5,0.8,Nikon D3,FL2,0.0,0.0
shading,cie_xyz,0.5,0.8,Nikon D3,FL2,0.0,0.0
shading,camera_rgb_raw,0.5,0.8,Nikon D3,FL2,0.0,0.0
shading,camera_rgb_wb,0.5,0.8,Nikon D3,FL2,0.0,0.0
shading,spectral_radiance,0.5,0.8,Nikon D300s,FL2,0.0,0.0
shading,cie_xyz,0.5,0.8,Nikon D300s,FL2,0.0,0.0
shading,camera_rgb_raw,0.5,0.8,Nikon D300s,FL2,0.0,0.0
shading,camera_rgb_wb,0.5,0.8,Nikon D300s,FL2,0.0,0.0
shading,spectral_radiance,0.5,0.8,Nikon D300s,FL2,0.0,0.0
shading,cie_xyz,0.5,0.8,Nikon D300s,FL2,0.0,0.0
shading,camera_rgb_raw,0.5,0.8,Nikon D300s,FL2,0.0,0.0
shading,camera_rgb_wb,0.5,0.8,Nikon D300s,FL2,0.0,0.0
shading,spectral_radiance,0.5,0.8,Nikon D300s,FL2,4.33680868994e-19,1.00933223591e-16
shading,cie_xyz,0.5,0.8,Nikon D300s,FL2,6.93889390391e-18,2.59293401511e-17
shading,camera_rgb_raw,0.5,0.8,Nikon D300s,FL2,5.55111512313e-17,3.34872742471e-16
shading,camera_rgb_wb,0.5,0.8,Nikon D300s,FL2,1.11022302463e-16,3.43642765974e-16
shading,spectral_radiance,0.5,0.8,Nikon D300s,FL2,0.0,0.0
shading,cie_xyz,0.5,0.8,Nikon D300s,FL2,0.0,0.0
shading,camera_rgb_raw,0.5,0.8,Nikon D300s,FL2,0.0,0.0
shading,camera_rgb_wb,0.5,0.8,Nikon D300s,FL2,0.0,0.0
shading,spectral_radiance,0.5,0.8,Nikon D40,FL2,0.0,0.0
shading,cie_xyz,0.5,0.8,Nikon D40,FL2,0.0,0.0
shading,camera_rgb_raw,0.5,0.8,Nikon D40,FL2,0.0,0.0
shading,camera_rgb_wb,0.5,0.8,Nikon D40,FL2,0.0,0.0
shading,spectral_radiance,0.5,0.8,Nikon D40,FL2,0.0,0.0
shading,cie_xyz,0.5,0.8,Nikon D40,FL2,0.0,0.0
shading,camera_rgb_raw,0.5,0.8,Nikon D40,FL2,0.0,0.0
shading,camera_rgb_wb,0.5,0.8,Nikon D40,FL2,0.0,0.0
shading,spectral_radiance,0.5,0.8,Nikon D40,FL2,4.33680868994e-19,1.00933223591e-16
shading,cie_xyz,0.5,0.8,Nikon D40,FL2,6.93889390391e-18,2.59293401511e-17
shading,camera_rgb_raw,0.5,0.8,Nikon D40,FL2,1.38777878078e-17,1.14138095453e-16
shading,camera_rgb_wb,0.5,0.8,Nikon D40,FL2,2.77555756156e-17,8.58948719767e-17
shading,spectral_radiance,0.5,0.8,Nikon D40,FL2,0.0,0.0
shading,cie_xyz,0.5,0.8,Nikon D40,FL2,0.0,0.0
shading,camera_rgb_raw,0.5,0.8,Nikon D40,FL2,0.0,0.0
shading,camera_rgb_wb,0.5,0.8,Nikon D40,FL2,0.0,0.0
shading,spectral_radiance,0.5,0.8,Nikon D50,FL2,0.0,0.0
shading,cie_xyz,0.5,0.8,Nikon D50,FL2,0.0,0.0
shading,camera_rgb_raw,0.5,0.8,Nikon D50,FL2,0.0,0.0
shading,camera_rgb_wb,0.5,0.8,Nikon D50,FL2,0.0,0.0
shading,spectral_radiance,0.5,0.8,Nikon D50,FL2,0.0,0.0
shading,cie_xyz,0.5,0.8,Nikon D50,FL2,0.0,0.0
shading,camera_rgb_raw,0.5,0.8,Nikon D50,FL2,0.0,0.0
shading,camera_rgb_wb,0.5,0.8,Nikon D50,FL2,0.0,0.0
shading,spectral_radiance,0.5,0.8,Nikon D50,FL2,4.33680868994e-19,1.00933223591e-16
shading,cie_xyz,0.5,0.8,Nikon D50,FL2,6.93889390391e-18,2.59293401511e-17
shading,camera_rgb_raw,0.5,0.8,Nikon D50,FL2,2.77555756156e-17,2.19607613939e-16
shading,camera_rgb_wb,0.5,0.8,Nikon D50,FL2,1.11022302463e-16,3.33561769662e-16
shading,spectral_radiance,0.5,0.8,Nikon D50,FL2,0.0,0.0
shading,cie_xyz,0.5,0.8,Nikon D50,FL2,0.0,0.0
shading,camera_rgb_raw,0.5,0.8,Nikon D50,FL2,0.0,0.0
shading,camera_rgb_wb,0.5,0.8,Nikon D50,FL2,0.0,0.0
shading,spectral_radiance,0.5,0.8,Nikon D5100,FL2,0.0,0.0
shading,cie_xyz,0.5,0.8,Nikon D5100,FL2,0.0,0.0
shading,camera_rgb_raw,0.5,0.8,Nikon D5100,FL2,0.0,0.0
shading,camera_rgb_wb,0.5,0.8,Nikon D5100,FL2,0.0,0.0
shading,spectral_radiance,0.5,0.8,Nikon D5100,FL2,0.0,0.0
shading,cie_xyz,0.5,0.8,Nikon D5100,FL2,0.0,0.0
shading,camera_rgb_raw,0.5,0.8,Nikon D5100,FL2,0.0,0.0
shading,camera_rgb_wb,0.5,0.8,Nikon D5100,FL2,0.0,0.0
shading,spectral_radiance,0.5,0.8,Nikon D5100,FL2,4.33680868994e-19,1.00933223591e-16
shading,cie_xyz,0.5,0.8,Nikon D5100,FL2,6.93889390391e-18,2.59293401511e-17
shading,camera_rgb_raw,0.5,0.8,Nikon D5100,FL2,2.77555756156e-17,1.99438985083e-16
shading,camera_rgb_wb,0.5,0.8,Nikon D5100,FL2,2.77555756156e-17,8.61464203693e-17
shading,spectral_radiance,0.5,0.8,Nikon D5100,FL2,0.0,0.0
shading,cie_xyz,0.5,0.8,Nikon D5100,FL2,0.0,0.0
shading,camera_rgb_raw,0.5,0.8,Nikon D5100,FL2,0.0,0.0
shading,camera_rgb_wb,0.5,0.8,Nikon D5100,FL2,0.0,0.0
shading,spectral_radiance,0.5,0.8,Nikon D700,FL2,0.0,0.0
shading,cie_xyz,0.5,0.8,Nikon D700,FL2,0.0,0.0
shading,camera_rgb_raw,0.5,0.8,Nikon D700,FL2,0.0,0.0
shading,camera_rgb_wb,0.5,0.8,Nikon D700,FL2,0.0,0.0
shading,spectral_radiance,0.5,0.8,Nikon D700,FL2,0.0,0.0
shading,cie_xyz,0.5,0.8,Nikon D700,FL2,0.0,0.0
shading,camera_rgb_raw,0.5,0.8,Nikon D700,FL2,0.0,0.0
shading,camera_rgb_wb,0.5,0.8,Nikon D700,FL2,0.0,0.0
shading,spectral_radiance,0.5,0.8,Nikon D700,FL2,4.33680868994e-19,1.00933223591e-16
shading,cie_xyz,0.5,0.8,Nikon D700,FL2,6.93889390391e-18,2.59293401511e-17
shading,camera_rgb_raw,0.5,0.8,Nikon D700,FL2,2.77555756156e-17,1.88834529428e-16
shading,camera_rgb_wb,0.5,0.8,Nikon D700,FL2,5.55111512313e-17,1.68295965555e-16
shading,spectral_radiance,0.5,0.8,Nikon D700,FL2,0.0,0.0
shading,cie_xyz,0.5,0.8,Nikon D700,FL2,0.0,0.0
shading,camera_rgb_raw,0.5,0.8,Nikon D700,FL2,0.0,0.0
shading,camera_rgb_wb,0.5,0.8,Nikon D700,FL2,0.0,0.0
shading,spectral_radiance,0.5,0.8,Nikon D80,FL2,0.0,0.0
shading,cie_xyz,0.5,0.8,Nikon D80,FL2,0.0,0.0
shading,camera_rgb_raw,0.5,0.8,Nikon D80,FL2,0.0,0.0
shading,camera_rgb_wb,0.5,0.8,Nikon D80,FL2,0.0,0.0
shading,spectral_radiance,0.5,0.8,Nikon D80,FL2,0.0,0.0
shading,cie_xyz,0.5,0.8,Nikon D80,FL2,0.0,0.0
shading,camera_rgb_raw,0.5,0.8,Nikon D80,FL2,0.0,0.0
shading,camera_rgb_wb,0.5,0.8,Nikon D80,FL2,0.0,0.0
shading,spectral_radiance,0.5,0.8,Nikon D80,FL2,4.33680868994e-19,1.00933223591e-16
shading,cie_xyz,0.5,0.8,Nikon D80,FL2,6.93889390391e-18,2.59293401511e-17
shading,camera_rgb_raw,0.5,0.8,Nikon D80,FL2,5.55111512313e-17,4.16580647857e-16
shading,camera_rgb_wb,0.5,0.8,Nikon D80,FL2,8.32667268469e-17,2.51360759611e-16
shading,spectral_radiance,0.5,0.8,Nikon D80,FL2,0.0,0.0
shading,cie_xyz,0.5,0.8,Nikon D80,FL2,0.0,0.0
shading,camera_rgb_raw,0.5,0.8,Nikon D80,FL2,0.0,0.0
shading,camera_rgb_wb,0.5,0.8,Nikon D80,FL2,0.0,0.0
shading,spectral_radiance,0.5,0.8,Nikon D90,FL2,0.0,0.0
shading,cie_xyz,0.5,0.8,Nikon D90,FL2,0.0,0.0
shading,camera_rgb_raw,0.5,0.8,Nikon D90,FL2,0.0,0.0
shading,camera_rgb_wb,0.5,0.8,Nikon D90,FL2,0.0,0.0
shading,spectral_radiance,0.5,0.8,Nikon D90,FL2,0.0,0.0
shading,cie_xyz,0.5,0.8,Nikon D90,FL2,0.0,0.0
shading,camera_rgb_raw,0.5,0.8,Nikon D90,FL2,0.0,0.0
shading,camera_rgb_wb,0.5,0.8,Nikon D90,FL2,0.0,0.0
shading,spectral_radiance,0.5,0.8,Nikon D90,FL2,4.33680868994e-19,1.00933223591e-16
shading,cie_xyz,0.5,0.8,Nikon D90,FL2,6.93889390391e-18,2.59293401511e-17
shading,camera_rgb_raw,0.5,0.8,Nikon D90,FL2,2.77555756156e-17,2.07577027995e-16
shading,camera_rgb_wb,0.5,0.8,Nikon D90,FL2,5.55111512313e-17,1.71274407268e-16
shading,spectral_radiance,0.5,0.8,Nikon D90,FL2,0.0,0.0
shading,cie_xyz,0.5,0.8,Nikon D90,FL2,0.0,0.0
shading,camera_rgb_raw,0.5,0.8,Nikon D90,FL2,0.0,0.0
shading,camera_rgb_wb,0.5,0.8,Nikon D90,FL2,0.0,0.0
shading,spectral_radiance,0.5,0.8,Nokia N900,FL2,0.0,0.0
shading,cie_xyz,0.5,0.8,Nokia N900,FL2,0.0,0.0
shading,camera_rgb_raw,0.5,0.8,Nokia N900,FL2,0.0,0.0
shading,camera_rgb_wb,0.5,0.8,Nokia N900,FL2,0.0,0.0
shading,spectral_radiance,0.5,0.8,Nokia N900,FL2,0.0,0.0
shading,cie_xyz,0.5,0.8,Nokia N900,FL2,0.0,0.0
shading,camera_rgb_raw,0.5,0.8,Nokia N900,FL2,0.0,0.0
shading,camera_rgb_wb,0.5,0.8,Nokia N900,FL2,0.0,0.0
shading,spectral_radiance,0.5,0.8,Nokia N900,FL2,4.33680868994e-19,1.00933223591e-16
shading,cie_xyz,0.5,0.8,Nokia N900,FL2,6.93889390391e-18,2.59293401511e-17
shading,camera_rgb_raw,0.5,0.8,Nokia N900,FL2,5.55111512313e-17,2.53428498121e-16
shading,camera_rgb_wb,0.5,0.8,Nokia N900,FL2,1.11022302463e-16,3.20449020602e-16
shading,spectral_radiance,0.5,0.8,Nokia N900,FL2,0.0,0.0
shading,cie_xyz,0.5,0.8,Nokia N900,FL2,0.0,0.0
shading,camera_rgb_raw,0.5,0.8,Nokia N900,FL2,0.0,0.0
shading,camera_rgb_wb,0.5,0.8,Nokia N900,FL2,0.0,0.0
shading,spectral_radiance,0.5,0.8,Olympus E-PL2,FL2,0.0,0.0
shading,cie_xyz,0.5,0.8,Olympus E-PL2,FL2,0.0,0.0
shading,camera_rgb_raw,0.5,0.8,Olympus E-PL2,FL2,0.0,0.0
shading,camera_rgb_wb,0.5,0.8,Olympus E-PL2,FL2,0.0,0.0
shading,spectral_radiance,0.5,0.8,Olympus E-PL2,FL2,0.0,0.0
shading,cie_xyz,0.5,0.8,Olympus E-PL2,FL2,0.0,0.0
shading,camera_rgb_raw,0.5,0.8,Olympus E-PL2,FL2,0.0,0.0
shading,camera_rgb_wb,0.5,0.8,Olympus E-PL2,FL2,0.0,0.0
shading,spectral_radiance,0.5,0.8,Olympus E-PL2,FL2,4.33680868994e-19,1.00933223591e-16
shading,cie_xyz,0.5,0.8,Olympus E-PL2,FL2,6.93889390391e-18,2.59293401511e-17
shading,camera_rgb_raw,0.5,0.8,Olympus E-PL2,FL2,5.55111512313e-17,2.44289275533e-16
shading,camera_rgb_wb,0.5,0.8,Olympus E-PL2,FL2,2.77555756156e-17,7.65040611194e-17
shading,spectral_radiance,0.5,0.8,Olympus E-PL2,FL2,0.0,0.0
shading,cie_xyz,0.5,0.8,Olympus E-PL2,FL2,0.0,0.0
shading,camera_rgb_raw,0.5,0.8,Olympus E-PL2,FL2,0.0,0.0
shading,camera_rgb_wb,0.5,0.8,Olympus E-PL2,FL2,0.0,0.0
shading,spectral_radiance,0.5,0.8,Pentax K-5,FL2,0.0,0.0
shading,cie_xyz,0.5,0.8,Pentax K-5,FL2,0.0,0.0
shading,camera_rgb_raw,0.5,0.8,Pentax K-5,FL2,0.0,0.0
shading,camera_rgb_wb,0.5,0.8,Pentax K-5,FL2,0.0,0.0
shading,spectral_radiance,0.5,0.8,Pentax K-5,FL2,0.0,0.0
shading,cie_xyz,0.5,0.8,Pentax K-5,FL2,0.0,0.0
shading,camera_rgb_raw,0.5,0.8,Pentax K-5,FL2,0.0,0.0
shading,camera_rgb_wb,0.5,0.8,Pentax K-5,FL2,0.0,0.0
shading,spectral_radiance,0.5,0.8,Pentax K-5,FL2,4.33680868994e-19,1.00933223591e-16
shading,cie_xyz,0.5,0.8,Pentax K-5,FL2,6.93889390391e-18,2.59293401511e-17
shading,camera_rgb_raw,0.5,0.8,Pentax K-5,FL2,2.77555756156e-17,1.99751250472e-16
shading,camera_rgb_wb,0.5,0.8,Pentax K-5,FL2,5.55111512313e-17,1.70322738296e-16
shading,spectral_radiance,0.5,0.8,Pentax K-5,FL2,0.0,0.0
shading,cie_xyz,0.5,0.8,Pentax K-5,FL2,0.0,0.0
shading,camera_rgb_raw,0.5,0.8,Pentax K-5,FL2,0.0,0.0
shading,camera_rgb_wb,0.5,0.8,Pentax K-5,FL2,0.0,0.0
shading,spectral_radiance,0.5,0.8,Pentax Q,FL2,0.0,0.0
shading,cie_xyz,0.5,0.8,Pentax Q,FL2,0.0,0.0
shading,camera_rgb_raw,0.5,0.8,Pentax Q,FL2,0.0,0.0
shading,camera_rgb_wb,0.5,0.8,Pentax Q,FL2,0.0,0.0
shading,spectral_radiance,0.5,0.8,Pentax Q,FL2,0.0,0.0
shading,cie_xyz,0.5,0.8,Pentax Q,FL2,0.0,0.0
shading,camera_rgb_raw,0.5,0.8,Pentax Q,FL2,0.0,0.0
shading,camera_rgb_wb,0.5,0.8,Pentax Q,FL2,0.0,0.0
shading,spectral_radiance,0.5,0.8,Pentax Q,FL2,4.33680868994e-19,1.00933223591e-16
shading,cie_xyz,0.5,0.8,Pentax Q,FL2,6.93889390391e-18,2.59293401511e-17
shading,camera_rgb_raw,0.5,0.8,Pentax Q,FL2,2.77555756156e-17,1.25589737818e-16
shading,camera_rgb_wb,0.5,0.8,Pentax Q,FL2,5.55111512313e-17,1.60872707062e-16
shading,spectral_radiance,0.5,0.8,Pentax Q,FL2,0.0,0.0
shading,cie_xyz,0.5,0.8,Pentax Q,FL2,0.0,0.0
shading,camera_rgb_raw,0.5,0.8,Pentax Q,FL2,0.0,0.0
shading,camera_rgb_wb,0.5,0.8,Pentax Q,FL2,0.0,0.0
shading,spectral_radiance,0.5,0.8,Point Grey Grasshopper 50S5C,FL2,0.0,0.0
shading,cie_xyz,0.5,0.8,Point Grey Grasshopper 50S5C,FL2,0.0,0.0
shading,camera_rgb_raw,0.5,0.8,Point Grey Grasshopper 50S5C,FL2,0.0,0.0
shading,camera_rgb_wb,0.5,0.8,Point Grey Grasshopper 50S5C,FL2,0.0,0.0
shading,spectral_radiance,0.5,0.8,Point Grey Grasshopper 50S5C,FL2,0.0,0.0
shading,cie_xyz,0.5,0.8,Point Grey Grasshopper 50S5C,FL2,0.0,0.0
shading,camera_rgb_raw,0.5,0.8,Point Grey Grasshopper 50S5C,FL2,0.0,0.0
shading,camera_rgb_wb,0.5,0.8,Point Grey Grasshopper 50S5C,FL2,0.0,0.0
shading,spectral_radiance,0.5,0.8,Point Grey Grasshopper 50S5C,FL2,4.33680868994e-19,1.00933223591e-16
shading,cie_xyz,0.5,0.8,Point Grey Grasshopper 50S5C,FL2,6.93889390391e-18,2.59293401511e-17
shading,camera_rgb_raw,0.5,0.8,Point Grey Grasshopper 50S5C,FL2,2.77555756156e-17,2.59100660113e-16
shading,camera_rgb_wb,0.5,0.8,Point Grey Grasshopper 50S5C,FL2,8.32667268469e-17,1.95058331019e-16
shading,spectral_radiance,0.5,0.8,Point Grey Grasshopper 50S5C,FL2,0.0,0.0
shading,cie_xyz,0.5,0.8,Point Grey Grasshopper 50S5C,FL2,0.0,0.0
shading,camera_rgb_raw,0.5,0.8,Point Grey Grasshopper 50S5C,FL2,0.0,0.0
shading,camera_rgb_wb,0.5,0.8,Point Grey Grasshopper 50S5C,FL2,0.0,0.0
shading,spectral_radiance,0.5,0.8,Point Grey Grasshopper2 14S5C,FL2,0.0,0.0
shading,cie_xyz,0.5,0.8,Point Grey Grasshopper2 14S5C,FL2,0.0,0.0
shading,camera_rgb_raw,0.5,0.8,Point Grey Grasshopper2 14S5C,FL2,0.0,0.0
shading,camera_rgb_wb,0.5,0.8,Point Grey Grasshopper2 14S5C,FL2,0.0,0.0
shading,spectral_radiance,0.5,0.8,Point Grey Grasshopper2 14S5C,FL2,0.0,0.0
shading,cie_xyz,0.5,0.8,Point Grey Grasshopper2 14S5C,FL2,0.0,0.0
shading,camera_rgb_raw,0.5,0.8,Point Grey Grasshopper2 14S5C,FL2,0.0,0.0
shading,camera_rgb_wb,0.5,0.8,Point Grey Grasshopper2 14S5C,FL2,0.0,0.0
shading,spectral_radiance,0.5,0.8,Point Grey Grasshopper2 14S5C,FL2,4.33680868994e-19,1.00933223591e-16
shading,cie_xyz,0.5,0.8,Point Grey Grasshopper2 14S5C,FL2,6.93889390391e-18,2.59293401511e-17
shading,camera_rgb_raw,0.5,0.8,Point Grey Grasshopper2 14S5C,FL2,5.55111512313e-17,3.6698090222e-16
shading,camera_rgb_wb,0.5,0.8,Point Grey Grasshopper2 14S5C,FL2,8.32667268469e-17,2.21307040437e-16
shading,spectral_radiance,0.5,0.8,Point Grey Grasshopper2 14S5C,FL2,0.0,0.0
shading,cie_xyz,0.5,0.8,Point Grey Grasshopper2 14S5C,FL2,0.0,0.0
shading,camera_rgb_raw,0.5,0.8,Point Grey Grasshopper2 14S5C,FL2,0.0,0.0
shading,camera_rgb_wb,0.5,0.8,Point Grey Grasshopper2 14S5C,FL2,0.0,0.0
shading,spectral_radiance,0.5,0.8,Phase One,FL2,0.0,0.0
shading,cie_xyz,0.5,0.8,Phase One,FL2,0.0,0.0
shading,camera_rgb_raw,0.5,0.8,Phase One,FL2,0.0,0.0
shading,camera_rgb_wb,0.5,0.8,Phase One,FL2,0.0,0.0
shading,spectral_radiance,0.5,0.8,Phase One,FL2,0.0,0.0
shading,cie_xyz,0.5,0.8,Phase One,FL2,0.0,0.0
shading,camera_rgb_raw,0.5,0.8,Phase One,FL2,0.0,0.0
shading,camera_rgb_wb,0.5,0.8,Phase One,FL2,0.0,0.0
shading,spectral_radiance,0.5,0.8,Phase One,FL2,4.33680868994e-19,1.00933223591e-16
shading,cie_xyz,0.5,0.8,Phase One,FL2,6.93889390391e-18,2.59293401511e-17
shading,camera_rgb_raw,0.5,0.8,Phase One,FL2,8.32667268469e-17,5.24496249821e-16
shading,camera_rgb_wb,0.5,0.8,Phase One,FL2,1.11022302463e-16,3.97652183774e-16
shading,spectral_radiance,0.5,0.8,Phase One,FL2,0.0,0.0
shading,cie_xyz,0.5,0.8,Phase One,FL2,0.0,0.0
shading,camera_rgb_raw,0.5,0.8,Phase One,FL2,0.0,0.0
shading,camera_rgb_wb,0.5,0.8,Phase One,FL2,0.0,0.0
shading,spectral_radiance,0.5,0.8,SONY NEX-5N,FL2,0.0,0.0
shading,cie_xyz,0.5,0.8,SONY NEX-5N,FL2,0.0,0.0
shading,camera_rgb_raw,0.5,0.8,SONY NEX-5N,FL2,0.0,0.0
shading,camera_rgb_wb,0.5,0.8,SONY NEX-5N,FL2,0.0,0.0
shading,spectral_radiance,0.5,0.8,SONY NEX-5N,FL2,0.0,0.0
shading,cie_xyz,0.5,0.8,SONY NEX-5N,FL2,0.0,0.0
shading,camera_rgb_raw,0.5,0.8,SONY NEX-5N,FL2,0.0,0.0
shading,camera_rgb_wb,0.5,0.8,SONY NEX-5N,FL2,0.0,0.0
shading,spectral_radiance,0.5,0.8,SONY NEX-5N,FL2,4.33680868994e-19,1.00933223591e-16
shading,cie_xyz,0.5,0.8,SONY NEX-5N,FL2,6.93889390391e-18,2.59293401511e-17
shading,camera_rgb_raw,0.5,0.8,SONY NEX-5N,FL2,5.55111512313e-17,4.29357181935e-16
shading,camera_rgb_wb,0.5,0.8,SONY NEX-5N,FL2,1.11022302463e-16,3.56867078683e-16
shading,spectral_radiance,0.5,0.8,SONY NEX-5N,FL2,0.0,0.0
shading,cie_xyz,0.5,0.8,SONY NEX-5N,FL2,0.0,0.0
shading,camera_rgb_raw,0.5,0.8,SONY NEX-5N,FL2,0.0,0.0
shading,camera_rgb_wb,0.5,0.8,SONY NEX-5N,FL2,0.0,0.0
shading,spectral_radiance,0.5,0.8,Canon 1DMarkIII,FL11,0.0,0.0
shading,cie_xyz,0.5,0.8,Canon 1DMarkIII,FL11,0.0,0.0
shading,camera_rgb_raw,0.5,0.8,Canon 1DMarkIII,FL11,0.0,0.0
shading,camera_rgb_wb,0.5,0.8,Canon 1DMarkIII,FL11,0.0,0.0
shading,spectral_radiance,0.5,0.8,Canon 1DMarkIII,FL11,0.0,0.0
shading,cie_xyz,0.5,0.8,Canon 1DMarkIII,FL11,0.0,0.0
shading,camera_rgb_raw,0.5,0.8,Canon 1DMarkIII,FL11,0.0,0.0
shading,camera_rgb_wb,0.5,0.8,Canon 1DMarkIII,FL11,0.0,0.0
shading,spectral_radiance,0.5,0.8,Canon 1DMarkIII,FL11,3.46944695195e-18,2.14422559999e-16
shading,cie_xyz,0.5,0.8,Canon 1DMarkIII,FL11,5.55111512313e-17,1.78389205559e-16
shading,camera_rgb_raw,0.5,0.8,Canon 1DMarkIII,FL11,2.77555756156e-17,1.86982092696e-16
shading,camera_rgb_wb,0.5,0.8,Canon 1DMarkIII,FL11,5.55111512313e-17,1.53726346214e-16
shading,spectral_radiance,0.5,0.8,Canon 1DMarkIII,FL11,0.0,0.0
shading,cie_xyz,0.5,0.8,Canon 1DMarkIII,FL11,0.0,0.0
shading,camera_rgb_raw,0.5,0.8,Canon 1DMarkIII,FL11,0.0,0.0
shading,camera_rgb_wb,0.5,0.8,Canon 1DMarkIII,FL11,0.0,0.0
shading,spectral_radiance,0.5,0.8,Canon 20D,FL11,0.0,0.0
shading,cie_xyz,0.5,0.8,Canon 20D,FL11,0.0,0.0
shading,camera_rgb_raw,0.5,0.8,Canon 20D,FL11,0.0,0.0
shading,camera_rgb_wb,0.5,0.8,Canon 20D,FL11,0.0,0.0
shading,spectral_radiance,0.5,0.8,Canon 20D,FL11,0.0,0.0
shading,cie_xyz,0.5,0.8,Canon 20D,FL11,0.0,0.0
shading,camera_rgb_raw,0.5,0.8,Canon 20D,FL11,0.0,0.0
shading,camera_rgb_wb,0.5,0.8,Canon 20D,FL11,0.0,0.0
shading,spectral_radiance,0.5,0.8,Canon 20D,FL11,3.46944695195e-18,2.14422559999e-16
shading,cie_xyz,0.5,0.8,Canon 20D,FL11,5.55111512313e-17,1.78389205559e-16
shading,camera_rgb_raw,0.5,0.8,Canon 20D,FL11,5.55111512313e-17,3.35096144677e-16
shading,camera_rgb_wb,0.5,0.8,Canon 20D,FL11,8.32667268469e-17,2.30894589143e-16
shading,spectral_radiance,0.5,0.8,Canon 20D,FL11,0.0,0.0
shading,cie_xyz,0.5,0.8,Canon 20D,FL11,0.0,0.0
shading,camera_rgb_raw,0.5,0.8,Canon 20D,FL11,0.0,0.0
shading,camera_rgb_wb,0.5,0.8,Canon 20D,FL11,0.0,0.0
shading,spectral_radiance,0.5,0.8,Canon 300D,FL11,0.0,0.0
shading,cie_xyz,0.5,0.8,Canon 300D,FL11,0.0,0.0
shading,camera_rgb_raw,0.5,0.8,Canon 300D,FL11,0.0,0.0
shading,camera_rgb_wb,0.5,0.8,Canon 300D,FL11,0.0,0.0
shading,spectral_radiance,0.5,0.8,Canon 300D,FL11,0.0,0.0
shading,cie_xyz,0.5,0.8,Canon 300D,FL11,0.0,0.0
shading,camera_rgb_raw,0.5,0.8,Canon 300D,FL11,0.0,0.0
shading,camera_rgb_wb,0.5,0.8,Canon 300D,FL11,0.0,0.0
shading,spectral_radiance,0.5,0.8,Canon 300D,FL11,3.46944695195e-18,2.14422559999e-16
shading,cie_xyz,0.5,0.8,Canon 300D,FL11,5.55111512313e-17,1.78389205559e-16
shading,camera_rgb_raw,0.5,0.8,Canon 300D,FL11,8.32667268469e-17,4.75580998706e-16
shading,camera_rgb_wb,0.5,0.8,Canon 300D,FL11,1.66533453694e-16,4.32689228746e-16
shading,spectral_radiance,0.5,0.8,Canon 300D,FL11,0.0,0.0
shading,cie_xyz,0.5,0.8,Canon 300D,FL11,0.0,0.0
shading,camera_rgb_raw,0.5,0.8,Canon 300D,FL11,0.0,0.0
shading,camera_rgb_wb,0.5,0.8,Canon 300D,FL11,0.0,0.0
shading,spectral_radiance,0.5,0.8,Canon 40D,FL11,0.0,0.0
shading,cie_xyz,0.5,0.8,Canon 40D,FL11,0.0,0.0
shading,camera_rgb_raw,0.5,0.8,Canon 40D,FL11,0.0,0.0
shading,camera_rgb_wb,0.5,0.8,Canon 40D,FL11,0.0,0.0
shading,spectral_radiance,0.5,0.8,Canon 40D,FL11,0.0,0.0
shading,cie_xyz,0.5,0.8,Canon 40D,FL11,0.0,0.0
shading,camera_rgb_raw,0.5,0.8,Canon 40D,FL11,0.0,0.0
shading,camera_rgb_wb,0.5,0.8,Canon 40D,FL11,0.0,0.0
shading,spectral_radiance,0.5,0.8,Canon 40D,FL11,3.46944695195e-18,2.14422559999e-16
shading,cie_xyz,0.5,0.8,Canon 40D,FL11,5.55111512313e-17,1.78389205559e-16
shading,camera_rgb_raw,0.5,0.8,Canon 40D,FL11,2.77555756156e-17,1.87915907589e-16
shading,camera_rgb_wb,0.5,0.8,Canon 40D,FL11,2.77555756156e-17,7.72136014426e-17
shading,spectral_radiance,0.5,0.8,Canon 40D,FL11,0.0,0.0
shading,cie_xyz,0.5,0.8,Canon 40D,FL11,0.0,0.0
shading,camera_rgb_raw,0.5,0.8,Canon 40D,FL11,0.0,0.0
shading,camera_rgb_wb,0.5,0.8,Canon 40D,FL11,0.0,0.0
shading,spectral_radiance,0.5,0.8,Canon 500D,FL11,0.0,0.0
shading,cie_xyz,0.5,0.8,Canon 500D,FL11,0.0,0.0
shading,camera_rgb_raw,0.5,0.8,Canon 500D,FL11,0.0,0.0
shading,camera_rgb_wb,0.5,0.8,Canon 500D,FL11,0.0,0.0
shading,spectral_radiance,0.5,0.8,Canon 500D,FL11,0.0,0.0
shading,cie_xyz,0.5,0.8,Canon 500D,FL11,0.0,0.0
shading,camera_rgb_raw,0.5,0.8,Canon 500D,FL11,0.0,0.0
shading,camera_rgb_wb,0.5,0.8,Canon 500D,FL11,0.0,0.0
shading,spectral_radiance,0.5,0.8,Canon 500D,FL11,3.46944695195e-18,2.14422559999e-16
shading,cie_xyz,0.5,0.8,Canon 500D,FL11,5.55111512313e-17,1.78389205559e-16
shading,camera_rgb_raw,0.5,0.8,Canon 500D,FL11,5.55111512313e-17,3.44901093698e-16
shading,camera_rgb_wb,0.5,0.8,Canon 500D,FL11,1.11022302463e-16,3.40308759874e-16
shading,spectral_radiance,0.5,0.8,Canon 500D,FL11,0.0,0.0
shading,cie_xyz,0.5,0.8,Canon 500D,FL11,0.0,0.0
shading,camera_rgb_raw,0.5,0.8,Canon 500D,FL11,0.0,0.0
shading,camera_rgb_wb,0.5,0.8,Canon 500D,FL11,0.0,0.0
shading,spectral_radiance,0.5,0.8,Canon 50D,FL11,0.0,0.0
shading,cie_xyz,0.5,0.8,Canon 50D,FL11,0.0,0.0
shading,camera_rgb_raw,0.5,0.8,Canon 50D,FL11,0.0,0.0
shading,camera_rgb_wb,0.5,0.8,Canon 50D,FL11,0.0,0.0
shading,spectral_radiance,0.5,0.8,Canon 50D,FL11,0.0,0.0
shading,cie_xyz,0.5,0.8,Canon 50D,FL11,0.0,0.0
shading,camera_rgb_raw,0.5,0.8,Canon 50D,FL11,0.0,0.0
shading,camera_rgb_wb,0.5,0.8,Canon 50D,FL11,0.0,0.0
shading,spectral_radiance,0.5,0.8,Canon 50D,FL11,3.46944695195e-18,2.14422559999e-16
shading,cie_xyz,0.5,0.8,Canon 50D,FL11,5.55111512313e-17,1.78389205559e-16
shading,camera_rgb_raw,0.5,0.8,Canon 50D,FL11,2.77555756156e-17,1.70533390791e-16
shading,camera_rgb_wb,0.5,0.8,Canon 50D,FL11,5.55111512313e-17,1.65793120996e-16
shading,spectral_radiance,0.5,0.8,Canon 50D,FL11,0.0,0.0
shading,cie_xyz,0.5,0.8,Canon 50D,FL11,0.0,0.0
shading,camera_rgb_raw,0.5,0.8,Canon 50D,FL11,0.0,0.0
shading,camera_rgb_wb,0.5,0.8,Canon 50D,FL11,0.0,0.0
shading,spectral_radiance,0.5,0.8,Canon 5DMarkII,FL11,0.0,0.0
shading,cie_xyz,0.5,0.8,Canon 5DMarkII,FL11,0.0,0.0
shading,camera_rgb_raw,0.5,0.8,Canon 5DMarkII,FL11,0.0,0.0
shading,camera_rgb_wb,0.5,0.8,Canon 5DMarkII,FL11,0.0,0.0
shading,spectral_radiance,0.5,0.8,Canon 5DMarkII,FL11,0.0,0.0
shading,cie_xyz,0.5,0.8,Canon 5DMarkII,FL11,0.0,0.0
shading,camera_rgb_raw,0.5,0.8,Canon 5DMarkII,FL11,0.0,0.0
shading,camera_rgb_wb,0.5,0.8,Canon 5DMarkII,FL11,0.0,0.0
shading,spectral_radiance,0.5,0.8,Canon 5DMarkII,FL11,3.46944695195e-18,2.14422559999e-16
shading,cie_xyz,0.5,0.8,Canon 5DMarkII,FL11,5.55111512313e-17,1.78389205559e-16
shading,camera_rgb_raw,0.5,0.8,Canon 5DMarkII,FL11,2.77555756156e-17,1.80919969572e-16
shading,camera_rgb_wb,0.5,0.8,Canon 5DMarkII,FL11,6.93889390391e-17,2.02514050795e-16
shading,spectral_radiance,0.5,0.8,Canon 5DMarkII,FL11,0.0,0.0
shading,cie_xyz,0.5,0.8,Canon 5DMarkII,FL11,0.0,0.0
shading,camera_rgb_raw,0.5,0.8,Canon 5DMarkII,FL11,0.0,0.0
shading,camera_rgb_wb,0.5,0.8,Canon 5DMarkII,FL11,0.0,0.0
shading,spectral_radiance,0.5,0.8,Canon 600D,FL11,0.0,0.0
shading,cie_xyz,0.5,0.8,Canon 600D,FL11,0.0,0.0
shading,camera_rgb_raw,0.5,0.8,Canon 600D,FL11,0.0,0.0
shading,camera_rgb_wb,0.5,0.8,Canon 600D,FL11,0.0,0.0
shading,spectral_radiance,0.5,0.8,Canon 600D,FL11,0.0,0.0
shading,cie_xyz,0.5,0.8,Canon 600D,FL11,0.0,0.0
shading,camera_rgb_raw,0.5,0.8,Canon 600D,FL11,0.0,0.0
shading,camera_rgb_wb,0.5,0.8,Canon 600D,FL11,0.0,0.0
shading,spectral_radiance,0.5,0.8,Canon 600D,FL11,3.46944695195e-18,2.14422559999e-16
shading,cie_xyz,0.5,0.8,Canon 600D,FL11,5.55111512313e-17,1.78389205559e-16
shading,camera_rgb_raw,0.5,0.8,Canon 600D,FL11,8.32667268469e-17,5.54780297728e-16
shading,camera_rgb_wb,0.5,0.8,Canon 600D,FL11,2.22044604925e-16,6.29566621914e-16
shading,spectral_radiance,0.5,0.8,Canon 600D,FL11,0.0,0.0
shading,cie_xyz,0.5,0.8,Canon 600D,FL11,0.0,0.0
shading,camera_rgb_raw,0.5,0.8,Canon 600D,FL11,0.0,0.0
shading,camera_rgb_wb,0.5,0.8,Canon 600D,FL11,0.0,0.0
shading,spectral_radiance,0.5,0.8,Canon 60D,FL11,0.0,0.0
shading,cie_xyz,0.5,0.8,Canon 60D,FL11,0.0,0.0
shading,camera_rgb_raw,0.5,0.8,Canon 60D,FL11,0.0,0.0
shading,camera_rgb_wb,0.5,0.8,Canon 60D,FL11,0.0,0.0
shading,spectral_radiance,0.5,0.8,Canon 60D,FL11,0.0,0.0
shading,cie_xyz,0.5,0.8,Canon 60D,FL11,0.0,0.0
shading,camera_rgb_raw,0.5,0.8,Canon 60D,FL11,0.0,0.0
shading,camera_rgb_wb,0.5,0.8,Canon 60D,FL11,0.0,0.0
shading,spectral_radiance,0.5,0.8,Canon 60D,FL11,3.46944695195e-18,2.14422559999e-16
shading,cie_xyz,0.5,0.8,Canon 60D,FL11,5.55111512313e-17,1.78389205559e-16
shading,camera_rgb_raw,0.5,0.8,Canon 60D,FL11,5.55111512313e-17,3.6341928818e-16
shading,camera_rgb_wb,0.5,0.8,Canon 60D,FL11,1.11022302463e-16,3.14614513053e-16
shading,spectral_radiance,0.5,0.8,Canon 60D,FL11,0.0,0.0
shading,cie_xyz,0.5,0.8,Canon 60D,FL11,0.0,0.0
shading,camera_rgb_raw,0.5,0.8,Canon 60D,FL11,0.0,0.0
shading,camera_rgb_wb,0.5,0.8,Canon 60D,FL11,0.0,0.0
shading,spectral_radiance,0.5,0.8,Hasselblad H2,FL11,0.0,0.0
shading,cie_xyz,0.5,0.8,Hasselblad H2,FL11,0.0,0.0
shading,camera_rgb_raw,0.5,0.8,Hasselblad H2,FL11,0.0,0.0
shading,camera_rgb_wb,0.5,0.8,Hasselblad H2,FL11,0.0,0.0
shading,spectral_radiance,0.5,0.8,Hasselblad H2,FL11,0.0,0.0
shading,cie_xyz,0.5,0.8,Hasselblad H2,FL11,0.0,0.0
shading,camera_rgb_raw,0.5,0.8,Hasselblad H2,FL11,0.0,0.0
shading,camera_rgb_wb,0.5,0.8,Hasselblad H2,FL11,0.0,0.0
shading,spectral_radiance,0.5,0.8,Hasselblad H2,FL11,3.46944695195e-18,2.14422559999e-16
shading,cie_xyz,0.5,0.8,Hasselblad H2,FL11,5.55111512313e-17,1.78389205559e-16
shading,camera_rgb_raw,0.5,0.8,Hasselblad H2,FL11,2.77555756156e-17,2.14863144485e-16
shading,camera_rgb_wb,0.5,0.8,Hasselblad H2,FL11,1.11022302463e-16,2.90916343148e-16
shading,spectral_radiance,0.5,0.8,Hasselblad H2,FL11,0.0,0.0
shading,cie_xyz,0.5,0.8,Hasselblad H2,FL11,0.0,0.0
shading,camera_rgb_raw,0.5,0.8,Hasselblad H2,FL11,0.0,0.0
shading,camera_rgb_wb,0.5,0.8,Hasselblad H2,FL11,0.0,0.0
shading,spectral_radiance,0.5,0.8,Nikon D3X,FL11,0.0,0.0
shading,cie_xyz,0.5,0.8,Nikon D3X,FL11,0.0,0.0
shading,camera_rgb_raw,0.5,0.8,Nikon D3X,FL11,0.0,0.0
shading,camera_rgb_wb,0.5,0.8,Nikon D3X,FL11,0.0,0.0
shading,spectral_radiance,0.5,0.8,Nikon D3X,FL11,0.0,0.0
shading,cie_xyz,0.5,0.8,Nikon D3X,FL11,0.0,0.0
shading,camera_rgb_raw,0.5,0.8,Nikon D3X,FL11,0.0,0.0
shading,camera_rgb_wb,0.5,0.8,Nikon D3X,FL11,0.0,0.0
shading,spectral_radiance,0.5,0.8,Nikon D3X,FL11,3.46944695195e-18,2.14422559999e-16
shading,cie_xyz,0.5,0.8,Nikon D3X,FL11,5.55111512313e-17,1.78389205559e-16
shading,camera_rgb_raw,0.5,0.8,Nikon D3X,FL11,2.77555756156e-17,1.74471677604e-16
shading,camera_rgb_wb,0.5,0.8,Nikon D3X,FL11,5.55111512313e-17,1.47256530437e-16
shading,spectral_radiance,0.5,0.8,Nikon D3X,FL11,0.0,0.0
shading,cie_xyz,0.5,0.8,Nikon D3X,FL11,0.0,0.0
shading,camera_rgb_raw,0.5,0.8,Nikon D3X,FL11,0.0,0.0
shading,camera_rgb_wb,0.5,0.8,Nikon D3X,FL11,0.0,0.0
shading,spectral_radiance,0.5,0.8,Nikon D200,FL11,0.0,0.0
shading,cie_xyz,0.5,0.8,Nikon D200,FL11,0.0,0.0
shading,camera_rgb_raw,0.5,0.8,Nikon D200,FL11,0.0,0.0
shading,camera_rgb_wb,0.5,0.8,Nikon D200,FL11,0.0,0.0
shading,spectral_radiance,0.5,0.8,Nikon D200,FL11,0.0,0.0
shading,cie_xyz,0.5,0.8,Nikon D200,FL11,0.0,0.0
shading,camera_rgb_raw,0.5,0.8,Nikon D200,FL11,0.0,0.0
shading,camera_rgb_wb,0.5,0.8,Nikon D200,FL11,0.0,0.0
shading,spectral_radiance,0.5,0.8,Nikon D200,FL11,3.46944695195e-18,2.14422559999e-16
shading,cie_xyz,0.5,0.8,Nikon D200,FL11,5.55111512313e-17,1.78389205559e-16
shading,camera_rgb_raw,0.5,0.8,Nikon D200,FL11,5.55111512313e-17,3.12776596755e-16
shading,camera_rgb_wb,0.5,0.8,Nikon D200,FL11,5.55111512313e-17,1.47691037208e-16
shading,spectral_radiance,0.5,0.8,Nikon D200,FL11,0.0,0.0
shading,cie_xyz,0.5,0.8,Nikon D200,FL11,0.0,0.0
shading,camera_rgb_raw,0.5,0.8,Nikon D200,FL11,0.0,0.0
shading,camera_rgb_wb,0.5,0.8,Nikon D200,FL11,0.0,0.0
shading,spectral_radiance,0.5,0.8,Nikon D3,FL11,0.0,0.0
shading,cie_xyz,0.5,0.8,Nikon D3,FL11,0.0,0.0
shading,camera_rgb_raw,0.5,0.8,Nikon D3,FL11,0.0,0.0
shading,camera_rgb_wb,0.5,0.8,Nikon D3,FL11,0.0,0.0
shading,spectral_radiance,0.5,0.8,Nikon D3,FL11,0.0,0.0
shading,cie_xyz,0.5,0.8,Nikon D3,FL11,0.0,0.0
shading,camera_rgb_raw,0.5,0.8,Nikon D3,FL11,0.0,0.0
shading,camera_rgb_wb,0.5,0.8,Nikon D3,FL11,0.0,0.0
shading,spectral_radiance,0.5,0.8,Nikon D3,FL11,3.46944695195e-18,2.14422559999e-16
shading,cie_xyz,0.5,0.8,Nikon D3,FL11,5.55111512313e-17,1.78389205559e-16
shading,camera_rgb_raw,0.5,0.8,Nikon D3,FL11,5.55111512313e-17,3.28932885239e-16
shading,camera_rgb_wb,0.5,0.8,Nikon D3,FL11,8.32667268469e-17,2.22600364602e-16
shading,spectral_radiance,0.5,0.8,Nikon D3,FL11,0.0,0.0
shading,cie_xyz,0.5,0.8,Nikon D3,FL11,0.0,0.0
shading,camera_rgb_raw,0.5,0.8,Nikon D3,FL11,0.0,0.0
shading,camera_rgb_wb,0.5,0.8,Nikon D3,FL11,0.0,0.0
shading,spectral_radiance,0.5,0.8,Nikon D300s,FL11,0.0,0.0
shading,cie_xyz,0.5,0.8,Nikon D300s,FL11,0.0,0.0
shading,camera_rgb_raw,0.5,0.8,Nikon D300s,FL11,0.0,0.0
shading,camera_rgb_wb,0.5,0.8,Nikon D300s,FL11,0.0,0.0
shading,spectral_radiance,0.5,0.8,Nikon D300s,FL11,0.0,0.0
shading,cie_xyz,0.5,0.8,Nikon D300s,FL11,0.0,0.0
shading,camera_rgb_raw,0.5,0.8,Nikon D300s,FL11,0.0,0.0
shading,camera_rgb_wb,0.5,0.8,Nikon D300s,FL11,0.0,0.0
shading,spectral_radiance,0.5,0.8,Nikon D300s,FL11,3.46944695195e-18,2.14422559999e-16
shading,cie_xyz,0.5,0.8,Nikon D300s,FL11,5.55111512313e-17,1.78389205559e-16
shading,camera_rgb_raw,0.5,0.8,Nikon D300s,FL11,5.55111512313e-17,2.81130421669e-16
shading,camera_rgb_wb,0.5,0.8,Nikon D300s,FL11,1.66533453694e-16,4.5349722069e-16
shading,spectral_radiance,0.5,0.8,Nikon D300s,FL11,0.0,0.0
shading,cie_xyz,0.5,0.8,Nikon D300s,FL11,0.0,0.0
shading,camera_rgb_raw,0.5,0.8,Nikon D300s,FL11,0.0,0.0
shading,camera_rgb_wb,0.5,0.8,Nikon D300s,FL11,0.0,0.0
shading,spectral_radiance,0.5,0.8,Nikon D40,FL11,0.0,0.0
shading,cie_xyz,0.5,0.8,Nikon D40,FL11,0.0,0.0
shading,camera_rgb_raw,0.5,0.8,Nikon D40,FL11,0.0,0.0
shading,camera_rgb_wb,0.5,0.8,Nikon D40,FL11,0.0,0.0
shading,spectral_radiance,0.5,0.8,Nikon D40,FL11,0.0,0.0
shading,cie_xyz,0.5,0.8,Nikon D40,FL11,0.0,0.0
shading,camera_rgb_raw,0.5,0.8,Nikon D40,FL11,0.0,0.0
shading,camera_rgb_wb,0.5,0.8,Nikon D40,FL11,0.0,0.0
shading,spectral_radiance,0.5,0.8,Nikon D40,FL11,3.46944695195e-18,2.14422559999e-16
shading,cie_xyz,0.5,0.8,Nikon D40,FL11,5.55111512313e-17,1.78389205559e-16
shading,camera_rgb_raw,0.5,0.8,Nikon D40,FL11,5.55111512313e-17,3.90779119135e-16
shading,camera_rgb_wb,0.5,0.8,Nikon D40,FL11,1.66533453694e-16,4.50137089089e-16
shading,spectral_radiance,0.5,0.8,Nikon D40,FL11,0.0,0.0
shading,cie_xyz,0.5,0.8,Nikon D40,FL11,0.0,0.0
shading,camera_rgb_raw,0.5,0.8,Nikon D40,FL11,0.0,0.0
shading,camera_rgb_wb,0.5,0.8,Nikon D40,FL11,0.0,0.0
shading,spectral_radiance,0.5,0.8,Nikon D50,FL11,0.0,0.0
shading,cie_xyz,0.5,0.8,Nikon D50,FL11,0.0,0.0
shading,camera_rgb_raw,0.5,0.8,Nikon D50,FL11,0.0,0.0
shading,camera_rgb_wb,0.5,0.8,Nikon D50,FL11,0.0,0.0
shading,spectral_radiance,0.5,0.8,Nikon D50,FL11,0.0,0.0
shading,cie_xyz,0.5,0.8,Nikon D50,FL11,0.0,0.0
shading,camera_rgb_raw,0.5,0.8,Nikon D50,FL11,0.0,0.0
shading,camera_rgb_wb,0.5,0.8,Nikon D50,FL11,0.0,0.0
shading,spectral_radiance,0.5,0.8,Nikon D50,FL11,3.46944695195e-18,2.14422559999e-16
shading,cie_xyz,0.5,0.8,Nikon D50,FL11,5.55111512313e-17,1.78389205559e-16
shading,camera_rgb_raw,0.5,0.8,Nikon D50,FL11,2.77555756156e-17,1.96046789154e-16
shading,camera_rgb_wb,0.5,0.8,Nikon D50,FL11,1.11022302463e-16,2.95924313062e-16
shading,spectral_radiance,0.5,0.8,Nikon D50,FL11,0.0,0.0
shading,cie_xyz,0.5,0.8,Nikon D50,FL11,0.0,0.0
shading,camera_rgb_raw,0.5,0.8,Nikon D50,FL11,0.0,0.0
shading,camera_rgb_wb,0.5,0.8,Nikon D50,FL11,0.0,0.0
shading,spectral_radiance,0.5,0.8,Nikon D5100,FL11,0.0,0.0
shading,cie_xyz,0.5,0.8,Nikon D5100,FL11,0.0,0.0
shading,camera_rgb_raw,0.5,0.8,Nikon D5100,FL11,0.0,0.0
shading,camera_rgb_wb,0.5,0.8,Nikon D5100,FL11,0.0,0.0
shading,spectral_radiance,0.5,0.8,Nikon D5100,FL11,0.0,0.0
shading,cie_xyz,0.5,0.8,Nikon D5100,FL11,0.0,0.0
shading,camera_rgb_raw,0.5,0.8,Nikon D5100,FL11,0.0,0.0
shading,camera_rgb_wb,0.5,0.8,Nikon D5100,FL11,0.0,0.0
shading,spectral_radiance,0.5,0.8,Nikon D5100,FL11,3.46944695195e-18,2.14422559999e-16
shading,cie_xyz,0.5,0.8,Nikon D5100,FL11,5.55111512313e-17,1.78389205559e-16
shading,camera_rgb_raw,0.5,0.8,Nikon D5100,FL11,2.77555756156e-17,1.71466510511e-16
shading,camera_rgb_wb,0.5,0.8,Nikon D5100,FL11,4.16333634234e-17,1.14042316636e-16
shading,spectral_radiance,0.5,0.8,Nikon D5100,FL11,0.0,0.0
shading,cie_xyz,0.5,0.8,Nikon D5100,FL11,0.0,0.0
shading,camera_rgb_raw,0.5,0.8,Nikon D5100,FL11,0.0,0.0
shading,camera_rgb_wb,0.5,0.8,Nikon D5100,FL11,0.0,0.0
shading,spectral_radiance,0.5,0.8,Nikon D700,FL11,0.0,0.0
shading,cie_xyz,0.5,0.8,Nikon D700,FL11,0.0,0.0
shading,camera_rgb_raw,0.5,0.8,Nikon D700,FL11,0.0,0.0
shading,camera_rgb_wb,0.5,0.8,Nikon D700,FL11,0.0,0.0
shading,spectral_radiance,0.5,0.8,Nikon D700,FL11,0.0,0.0
shading,cie_xyz,0.5,0.8,Nikon D700,FL11,0.0,0.0
shading,camera_rgb_raw,0.5,0.8,Nikon D700,FL11,0.0,0.0
shading,camera_rgb_wb,0.5,0.8,Nikon D700,FL11,0.0,0.0
shading,spectral_radiance,0.5,0.8,Nikon D700,FL11,3.46944695195e-18,2.14422559999e-16
shading,cie_xyz,0.5,0.8,Nikon D700,FL11,5.55111512313e-17,1.78389205559e-16
shading,camera_rgb_raw,0.5,0.8,Nikon D700,FL11,2.77555756156e-17,1.58191823499e-16
shading,camera_rgb_wb,0.5,0.8,Nikon D700,FL11,1.11022302463e-16,2.96548050921e-16
shading,spectral_radiance,0.5,0.8,Nikon D700,FL11,0.0,0.0
shading,cie_xyz,0.5,0.8,Nikon D700,FL11,0.0,0.0
shading,camera_rgb_raw,0.5,0.8,Nikon D700,FL11,0.0,0.0
shading,camera_rgb_wb,0.5,0.8,Nikon D700,FL11,0.0,0.0
shading,spectral_radiance,0.5,0.8,Nikon D80,FL11,0.0,0.0
shading,cie_xyz,0.5,0.8,Nikon D80,FL11,0.0,0.0
shading,camera_rgb_raw,0.5,0.8,Nikon D80,FL11,0.0,0.0
shading,camera_rgb_wb,0.5,0.8,Nikon D80,FL11,0.0,0.0
shading,spectral_radiance,0.5,0.8,Nikon D80,FL11,0.0,0.0
shading,cie_xyz,0.5,0.8,Nikon D80,FL11,0.0,0.0
shading,camera_rgb_raw,0.5,0.8,Nikon D80,FL11,0.0,0.0
shading,camera_rgb_wb,0.5,0.8,Nikon D80,FL11,0.0,0.0
shading,spectral_radiance,0.5,0.8,Nikon D80,FL11,3.46944695195e-18,2.14422559999e-16
shading,cie_xyz,0.5,0.8,Nikon D80,FL11,5.55111512313e-17,1.78389205559e-16
shading,camera_rgb_raw,0.5,0.8,Nikon D80,FL11,4.16333634234e-17,2.90948666303e-16
shading,camera_rgb_wb,0.5,0.8,Nikon D80,FL11,1.11022302463e-16,2.98245595108e-16
shading,spectral_radiance,0.5,0.8,Nikon D80,FL11,0.0,0.0
shading,cie_xyz,0.5,0.8,Nikon D80,FL11,0.0,0.0
shading,camera_rgb_raw,0.5,0.8,Nikon D80,FL11,0.0,0.0
shading,camera_rgb_wb,0.5,0.8,Nikon D80,FL11,0.0,0.0
shading,spectral_radiance,0.5,0.8,Nikon D90,FL11,0.0,0.0
shading,cie_xyz,0.5,0.8,Nikon D90,FL11,0.0,0.0
shading,camera_rgb_raw,0.5,0.8,Nikon D90,FL11,0.0,0.0
shading,camera_rgb_wb,0.5,0.8,Nikon D90,FL11,0.0,0.0
shading,spectral_radiance,0.5,0.8,Nikon D90,FL11,0.0,0.0
shading,cie_xyz,0.5,0.8,Nikon D90,FL11,0.0,0.0
shading,camera_rgb_raw,0.5,0.8,Nikon D90,FL11,0.0,0.0
shading,camera_rgb_wb,0.5,0.8,Nikon D90,FL11,0.0,0.0
shading,spectral_radiance,0.5,0.8,Nikon D90,FL11,3.46944695195e-18,2.14422559999e-16
shading,cie_xyz,0.5,0.8,Nikon D90,FL11,5.55111512313e-17,1.78389205559e-16
shading,camera_rgb_raw,0.5,0.8,Nikon D90,FL11,5.55111512313e-17,3.4265146896e-16
shading,camera_rgb_wb,0.5,0.8,Nikon D90,FL11,1.11022302463e-16,3.03674866179e-16
shading,spectral_radiance,0.5,0.8,Nikon D90,FL11,0.0,0.0
shading,cie_xyz,0.5,0.8,Nikon D90,FL11,0.0,0.0
shading,camera_rgb_raw,0.5,0.8,Nikon D90,FL11,0.0,0.0
shading,camera_rgb_wb,0.5,0.8,Nikon D90,FL11,0.0,0.0
shading,spectral_radiance,0.5,0.8,Nokia N900,FL11,0.0,0.0
shading,cie_xyz,0.5,0.8,Nokia N900,FL11,0.0,0.0
shading,camera_rgb_raw,0.5,0.8,Nokia N900,FL11,0.0,0.0
shading,camera_rgb_wb,0.5,0.8,Nokia N900,FL11,0.0,0.0
shading,spectral_radiance,0.5,0.8,Nokia N900,FL11,0.0,0.0
shading,cie_xyz,0.5,0.8,Nokia N900,FL11,0.0,0.0
shading,camera_rgb_raw,0.5,0.8,Nokia N900,FL11,0.0,0.0
shading,camera_rgb_wb,0.5,0.8,Nokia N900,FL11,0.0,0.0
shading,spectral_radiance,0.5,0.8,Nokia N900,FL11,3.46944695195e-18,2.14422559999e-16
shading,cie_xyz,0.5,0.8,Nokia N900,FL11,5.55111512313e-17,1.78389205559e-16
shading,camera_rgb_raw,0.5,0.8,Nokia N900,FL11,5.55111512313e-17,2.1526161789e-16
shading,camera_rgb_wb,0.5,0.8,Nokia N900,FL11,1.11022302463e-16,2.96648902264e-16
shading,spectral_radiance,0.5,0.8,Nokia N900,FL11,0.0,0.0
shading,cie_xyz,0.5,0.8,Nokia N900,FL11,0.0,0.0
shading,camera_rgb_raw,0.5,0.8,Nokia N900,FL11,0.0,0.0
shading,camera_rgb_wb,0.5,0.8,Nokia N900,FL11,0.0,0.0
shading,spectral_radiance,0.5,0.8,Olympus E-PL2,FL11,0.0,0.0
shading,cie_xyz,0.5,0.8,Olympus E-PL2,FL11,0.0,0.0
shading,camera_rgb_raw,0.5,0.8,Olympus E-PL2,FL11,0.0,0.0
shading,camera_rgb_wb,0.5,0.8,Olympus E-PL2,FL11,0.0,0.0
shading,spectral_radiance,0.5,0.8,Olympus E-PL2,FL11,0.0,0.0
shading,cie_xyz,0.5,0.8,Olympus E-PL2,FL11,0.0,0.0
shading,camera_rgb_raw,0.5,0.8,Olympus E-PL2,FL11,0.0,0.0
shading,camera_rgb_wb,0.5,0.8,Olympus E-PL2,FL11,0.0,0.0
shading,spectral_radiance,0.5,0.8,Olympus E-PL2,FL11,3.46944695195e-18,2.14422559999e-16
shading,cie_xyz,0.5,0.8,Olympus E-PL2,FL11,5.55111512313e-17,1.78389205559e-16
shading,camera_rgb_raw,0.5,0.8,Olympus E-PL2,FL11,1.11022302463e-16,3.87077961291e-16
shading,camera_rgb_wb,0.5,0.8,Olympus E-PL2,FL11,2.22044604925e-16,5.5169198777e-16
shading,spectral_radiance,0.5,0.8,Olympus E-PL2,FL11,0.0,0.0
shading,cie_xyz,0.5,0.8,Olympus E-PL2,FL11,0.0,0.0
shading,camera_rgb_raw,0.5,0.8,Olympus E-PL2,FL11,0.0,0.0
shading,camera_rgb_wb,0.5,0.8,Olympus E-PL2,FL11,0.0,0.0
shading,spectral_radiance,0.5,0.8,Pentax K-5,FL11,0.0,0.0
shading,cie_xyz,0.5,0.8,Pentax K-5,FL11,0.0,0.0
shading,camera_rgb_raw,0.5,0.8,Pentax K-5,FL11,0.0,0.0
shading,camera_rgb_wb,0.5,0.8,Pentax K-5,FL11,0.0,0.0
shading,spectral_radiance,0.5,0.8,Pentax K-5,FL11,0.0,0.0
shading,cie_xyz,0.5,0.8,Pentax K-5,FL11,0.0,0.0
shading,camera_rgb_raw,0.5,0.8,Pentax K-5,FL11,0.0,0.0
shading,camera_rgb_wb,0.5,0.8,Pentax K-5,FL11,0.0,0.0
shading,spectral_radiance,0.5,0.8,Pentax K-5,FL11,3.46944695195e-18,2.14422559999e-16
shading,cie_xyz,0.5,0.8,Pentax K-5,FL11,5.55111512313e-17,1.78389205559e-16
shading,camera_rgb_raw,0.5,0.8,Pentax K-5,FL11,2.77555756156e-17,1.78448770939e-16
shading,camera_rgb_wb,0.5,0.8,Pentax K-5,FL11,2.77555756156e-17,7.51332670954e-17
shading,spectral_radiance,0.5,0.8,Pentax K-5,FL11,0.0,0.0
shading,cie_xyz,0.5,0.8,Pentax K-5,FL11,0.0,0.0
shading,camera_rgb_raw,0.5,0.8,Pentax K-5,FL11,0.0,0.0
shading,camera_rgb_wb,0.5,0.8,Pentax K-5,FL11,0.0,0.0
shading,spectral_radiance,0.5,0.8,Pentax Q,FL11,0.0,0.0
shading,cie_xyz,0.5,0.8,Pentax Q,FL11,0.0,0.0
shading,camera_rgb_raw,0.5,0.8,Pentax Q,FL11,0.0,0.0
shading,camera_rgb_wb,0.5,0.8,Pentax Q,FL11,0.0,0.0
shading,spectral_radiance,0.5,0.8,Pentax Q,FL11,0.0,0.0
shading,cie_xyz,0.5,0.8,Pentax Q,FL11,0.0,0.0
shading,camera_rgb_raw,0.5,0.8,Pentax Q,FL11,0.0,0.0
shading,camera_rgb_wb,0.5,0.8,Pentax Q,FL11,0.0,0.0
shading,spectral_radiance,0.5,0.8,Pentax Q,FL11,3.46944695195e-18,2.14422559999e-16
shading,cie_xyz,0.5,0.8,Pentax Q,FL11,5.55111512313e-17,1.78389205559e-16
shading,camera_rgb_raw,0.5,0.8,Pentax Q,FL11,5.55111512313e-17,2.06876442319e-16
shading,camera_rgb_wb,0.5,0.8,Pentax Q,FL11,5.55111512313e-17,1.45846027478e-16
shading,spectral_radiance,0.5,0.8,Pentax Q,FL11,0.0,0.0
shading,cie_xyz,0.5,0.8,Pentax Q,FL11,0.0,0.0
shading,camera_rgb_raw,0.5,0.8,Pentax Q,FL11,0.0,0.0
shading,camera_rgb_wb,0.5,0.8,Pentax Q,FL11,0.0,0.0
shading,spectral_radiance,0.5,0.8,Point Grey Grasshopper 50S5C,FL11,0.0,0.0
shading,cie_xyz,0.5,0.8,Point Grey Grasshopper 50S5C,FL11,0.0,0.0
shading,camera_rgb_raw,0.5,0.8,Point Grey Grasshopper 50S5C,FL11,0.0,0.0
shading,camera_rgb_wb,0.5,0.8,Point Grey Grasshopper 50S5C,FL11,0.0,0.0
shading,spectral_radiance,0.5,0.8,Point Grey Grasshopper 50S5C,FL11,0.0,0.0
shading,cie_xyz,0.5,0.8,Point Grey Grasshopper 50S5C,FL11,0.0,0.0
shading,camera_rgb_raw,0.5,0.8,Point Grey Grasshopper 50S5C,FL11,0.0,0.0
shading,camera_rgb_wb,0.5,0.8,Point Grey Grasshopper 50S5C,FL11,0.0,0.0
shading,spectral_radiance,0.5,0.8,Point Grey Grasshopper 50S5C,FL11,3.46944695195e-18,2.14422559999e-16
shading,cie_xyz,0.5,0.8,Point Grey Grasshopper 50S5C,FL11,5.55111512313e-17,1.78389205559e-16
shading,camera_rgb_raw,0.5,0.8,Point Grey Grasshopper 50S5C,FL11,4.16333634234e-17,2.73462959855e-16
shading,camera_rgb_wb,0.5,0.8,Point Grey Grasshopper 50S5C,FL11,1.11022302463e-16,2.58751732743e-16
shading,spectral_radiance,0.5,0.8,Point Grey Grasshopper 50S5C,FL11,0.0,0.0
shading,cie_xyz,0.5,0.8,Point Grey Grasshopper 50S5C,FL11,0.0,0.0
shading,camera_rgb_raw,0.5,0.8,Point Grey Grasshopper 50S5C,FL11,0.0,0.0
shading,camera_rgb_wb,0.5,0.8,Point Grey Grasshopper 50S5C,FL11,0.0,0.0
shading,spectral_radiance,0.5,0.8,Point Grey Grasshopper2 14S5C,FL11,0.0,0.0
shading,cie_xyz,0.5,0.8,Point Grey Grasshopper2 14S5C,FL11,0.0,0.0
shading,camera_rgb_raw,0.5,0.8,Point Grey Grasshopper2 14S5C,FL11,0.0,0.0
shading,camera_rgb_wb,0.5,0.8,Point Grey Grasshopper2 14S5C,FL11,0.0,0.0
shading,spectral_radiance,0.5,0.8,Point Grey Grasshopper2 14S5C,FL11,0.0,0.0
shading,cie_xyz,0.5,0.8,Point Grey Grasshopper2 14S5C,FL11,0.0,0.0
shading,camera_rgb_raw,0.5,0.8,Point Grey Grasshopper2 14S5C,FL11,0.0,0.0
shading,camera_rgb_wb,0.5,0.8,Point Grey Grasshopper2 14S5C,FL11,0.0,0.0
shading,spectral_radiance,0.5,0.8,Point Grey Grasshopper2 14S5C,FL11,3.46944695195e-18,2.14422559999e-16
shading,cie_xyz,0.5,0.8,Point Grey Grasshopper2 14S5C,FL11,5.55111512313e-17,1.78389205559e-16
shading,camera_rgb_raw,0.5,0.8,Point Grey Grasshopper2 14S5C,FL11,2.77555756156e-17,1.5134242612e-16
shading,camera_rgb_wb,0.5,0.8,Point Grey Grasshopper2 14S5C,FL11,6.93889390391e-17,1.70089395953e-16
shading,spectral_radiance,0.5,0.8,Point Grey Grasshopper2 14S5C,FL11,0.0,0.0
shading,cie_xyz,0.5,0.8,Point Grey Grasshopper2 14S5C,FL11,0.0,0.0
shading,camera_rgb_raw,0.5,0.8,Point Grey Grasshopper2 14S5C,FL11,0.0,0.0
shading,camera_rgb_wb,0.5,0.8,Point Grey Grasshopper2 14S5C,FL11,0.0,0.0
shading,spectral_radiance,0.5,0.8,Phase One,FL11,0.0,0.0
shading,cie_xyz,0.5,0.8,Phase One,FL11,0.0,0.0
shading,camera_rgb_raw,0.5,0.8,Phase One,FL11,0.0,0.0
shading,camera_rgb_wb,0.5,0.8,Phase One,FL11,0.0,0.0
shading,spectral_radiance,0.5,0.8,Phase One,FL11,0.0,0.0
shading,cie_xyz,0.5,0.8,Phase One,FL11,0.0,0.0
shading,camera_rgb_raw,0.5,0.8,Phase One,FL11,0.0,0.0
shading,camera_rgb_wb,0.5,0.8,Phase One,FL11,0.0,0.0
shading,spectral_radiance,0.5,0.8,Phase One,FL11,3.46944695195e-18,2.14422559999e-16
shading,cie_xyz,0.5,0.8,Phase One,FL11,5.55111512313e-17,1.78389205559e-16
shading,camera_rgb_raw,0.5,0.8,Phase One,FL11,2.77555756156e-17,1.72163469285e-16
shading,camera_rgb_wb,0.5,0.8,Phase One,FL11,8.32667268469e-17,2.51136703051e-16
shading,spectral_radiance,0.5,0.8,Phase One,FL11,0.0,0.0
shading,cie_xyz,0.5,0.8,Phase One,FL11,0.0,0.0
shading,camera_rgb_raw,0.5,0.8,Phase One,FL11,0.0,0.0
shading,camera_rgb_wb,0.5,0.8,Phase One,FL11,0.0,0.0
shading,spectral_radiance,0.5,0.8,SONY NEX-5N,FL11,0.0,0.0
shading,cie_xyz,0.5,0.8,SONY NEX-5N,FL11,0.0,0.0
shading,camera_rgb_raw,0.5,0.8,SONY NEX-5N,FL11,0.0,0.0
shading,camera_rgb_wb,0.5,0.8,SONY NEX-5N,FL11,0.0,0.0
shading,spectral_radiance,0.5,0.8,SONY NEX-5N,FL11,0.0,0.0
shading,cie_xyz,0.5,0.8,SONY NEX-5N,FL11,0.0,0.0
shading,camera_rgb_raw,0.5,0.8,SONY NEX-5N,FL11,0.0,0.0
shading,camera_rgb_wb,0.5,0.8,SONY NEX-5N,FL11,0.0,0.0
shading,spectral_radiance,0.5,0.8,SONY NEX-5N,FL11,3.46944695195e-18,2.14422559999e-16
shading,cie_xyz,0.5,0.8,SONY NEX-5N,FL11,5.55111512313e-17,1.78389205559e-16
shading,camera_rgb_raw,0.5,0.8,SONY NEX-5N,FL11,2.77555756156e-17,2.20701306094e-16
shading,camera_rgb_wb,0.5,0.8,SONY NEX-5N,FL11,5.55111512313e-17,1.54816946991e-16
shading,spectral_radiance,0.5,0.8,SONY NEX-5N,FL11,0.0,0.0
shading,cie_xyz,0.5,0.8,SONY NEX-5N,FL11,0.0,0.0
shading,camera_rgb_raw,0.5,0.8,SONY NEX-5N,FL11,0.0,0.0
shading,camera_rgb_wb,0.5,0.8,SONY NEX-5N,FL11,0.0,0.0
shading,spectral_radiance,0.8,0.2,Canon 1DMarkIII,D65,0.0,0.0
shading,cie_xyz,0.8,0.2,Canon 1DMarkIII,D65,0.0,0.0
shading,camera_rgb_raw,0.8,0.2,Canon 1DMarkIII,D65,0.0,0.0
shading,camera_rgb_wb,0.8,0.2,Canon 1DMarkIII,D65,0.0,0.0
shading,spectral_radiance,0.8,0.2,Canon 1DMarkIII,D65,0.0,0.0
shading,cie_xyz,0.8,0.2,Canon 1DMarkIII,D65,0.0,0.0
shading,camera_rgb_raw,0.8,0.2,Canon 1DMarkIII,D65,0.0,0.0
shading,camera_rgb_wb,0.8,0.2,Canon 1DMarkIII,D65,0.0,0.0
shading,spectral_radiance,0.8,0.2,Canon 1DMarkIII,D65,4.33680868994e-19,1.28164664121e-16
shading,cie_xyz,0.8,0.2,Canon 1DMarkIII,D65,5.55111512313e-17,3.32582154999e-16
shading,camera_rgb_raw,0.8,0.2,Canon 1DMarkIII,D65,4.16333634234e-17,4.96707948098e-16
shading,camera_rgb_wb,0.8,0.2,Canon 1DMarkIII,D65,4.16333634234e-17,1.82313257926e-16
shading,spectral_radiance,0.8,0.2,Canon 1DMarkIII,D65,0.0,0.0
shading,cie_xyz,0.8,0.2,Canon 1DMarkIII,D65,0.0,0.0
shading,camera_rgb_raw,0.8,0.2,Canon 1DMarkIII,D65,0.0,0.0
shading,camera_rgb_wb,0.8,0.2,Canon 1DMarkIII,D65,0.0,0.0
shading,spectral_radiance,0.8,0.2,Canon 20D,D65,0.0,0.0
shading,cie_xyz,0.8,0.2,Canon 20D,D65,0.0,0.0
shading,camera_rgb_raw,0.8,0.2,Canon 20D,D65,0.0,0.0
shading,camera_rgb_wb,0.8,0.2,Canon 20D,D65,0.0,0.0
shading,spectral_radiance,0.8,0.2,Canon 20D,D65,0.0,0.0
shading,cie_xyz,0.8,0.2,Canon 20D,D65,0.0,0.0
shading,camera_rgb_raw,0.8,0.2,Canon 20D,D65,0.0,0.0
shading,camera_rgb_wb,0.8,0.2,Canon 20D,D65,0.0,0.0
shading,spectral_radiance,0.8,0.2,Canon 20D,D65,4.33680868994e-19,1.28164664121e-16
shading,cie_xyz,0.8,0.2,Canon 20D,D65,5.55111512313e-17,3.32582154999e-16
shading,camera_rgb_raw,0.8,0.2,Canon 20D,D65,2.77555756156e-17,2.87904798135e-16
shading,camera_rgb_wb,0.8,0.2,Canon 20D,D65,2.77555756156e-17,1.20930073506e-16
shading,spectral_radiance,0.8,0.2,Canon 20D,D65,0.0,0.0
shading,cie_xyz,0.8,0.2,Canon 20D,D65,0.0,0.0
shading,camera_rgb_raw,0.8,0.2,Canon 20D,D65,0.0,0.0
shading,camera_rgb_wb,0.8,0.2,Canon 20D,D65,0.0,0.0
shading,spectral_radiance,0.8,0.2,Canon 300D,D65,0.0,0.0
shading,cie_xyz,0.8,0.2,Canon 300D,D65,0.0,0.0
shading,camera_rgb_raw,0.8,0.2,Canon 300D,D65,0.0,0.0
shading,camera_rgb_wb,0.8,0.2,Canon 300D,D65,0.0,0.0
shading,spectral_radiance,0.8,0.2,Canon 300D,D65,0.0,0.0
shading,cie_xyz,0.8,0.2,Canon 300D,D65,0.0,0.0
shading,camera_rgb_raw,0.8,0.2,Canon 300D,D65,0.0,0.0
shading,camera_rgb_wb,0.8,0.2,Canon 300D,D65,0.0,0.0
shading,spectral_radiance,0.8,0.2,Canon 300D,D65,4.33680868994e-19,1.28164664121e-16
shading,cie_xyz,0.8,0.2,Canon 300D,D65,5.55111512313e-17,3.32582154999e-16
shading,camera_rgb_raw,0.8,0.2,Canon 300D,D65,2.77555756156e-17,2.76254129762e-16
shading,camera_rgb_wb,0.8,0.2,Canon 300D,D65,2.77555756156e-17,1.17691499353e-16
shading,spectral_radiance,0.8,0.2,Canon 300D,D65,0.0,0.0
shading,cie_xyz,0.8,0.2,Canon 300D,D65,0.0,0.0
shading,camera_rgb_raw,0.8,0.2,Canon 300D,D65,0.0,0.0
shading,camera_rgb_wb,0.8,0.2,Canon 300D,D65,0.0,0.0
shading,spectral_radiance,0.8,0.2,Canon 40D,D65,0.0,0.0
shading,cie_xyz,0.8,0.2,Canon 40D,D65,0.0,0.0
shading,camera_rgb_raw,0.8,0.2,Canon 40D,D65,0.0,0.0
shading,camera_rgb_wb,0.8,0.2,Canon 40D,D65,0.0,0.0
shading,spectral_radiance,0.8,0.2,Canon 40D,D65,0.0,0.0
shading,cie_xyz,0.8,0.2,Canon 40D,D65,0.0,0.0
shading,camera_rgb_raw,0.8,0.2,Canon 40D,D65,0.0,0.0
shading,camera_rgb_wb,0.8,0.2,Canon 40D,D65,0.0,0.0
shading,spectral_radiance,0.8,0.2,Canon 40D,D65,4.33680868994e-19,1.28164664121e-16
shading,cie_xyz,0.8,0.2,Canon 40D,D65,5.55111512313e-17,3.32582154999e-16
shading,camera_rgb_raw,0.8,0.2,Canon 40D,D65,2.77555756156e-17,3.07658500965e-16
shading,camera_rgb_wb,0.8,0.2,Canon 40D,D65,2.77555756156e-17,1.18691026661e-16
shading,spectral_radiance,0.8,0.2,Canon 40D,D65,0.0,0.0
shading,cie_xyz,0.8,0.2,Canon 40D,D65,0.0,0.0
shading,camera_rgb_raw,0.8,0.2,Canon 40D,D65,0.0,0.0
shading,camera_rgb_wb,0.8,0.2,Canon 40D,D65,0.0,0.0
shading,spectral_radiance,0.8,0.2,Canon 500D,D65,0.0,0.0
shading,cie_xyz,0.8,0.2,Canon 500D,D65,0.0,0.0
shading,camera_rgb_raw,0.8,0.2,Canon 500D,D65,0.0,0.0
shading,camera_rgb_wb,0.8,0.2,Canon 500D,D65,0.0,0.0
shading,spectral_radiance,0.8,0.2,Canon 500D,D65,0.0,0.0
shading,cie_xyz,0.8,0.2,Canon 500D,D65,0.0,0.0
shading,camera_rgb_raw,0.8,0.2,Canon 500D,D65,0.0,0.0
shading,camera_rgb_wb,0.8,0.2,Canon 500D,D65,0.0,0.0
shading,spectral_radiance,0.8,0.2,Canon 500D,D65,4.33680868994e-19,1.28164664121e-16
shading,cie_xyz,0.8,0.2,Canon 500D,D65,5.55111512313e-17,3.32582154999e-16
shading,camera_rgb_raw,0.8,0.2,Canon 500D,D65,5.55111512313e-17,5.40472754234e-16
shading,camera_rgb_wb,0.8,0.2,Canon 500D,D65,5.55111512313e-17,2.74726417902e-16
shading,spectral_radiance,0.8,0.2,Canon 500D,D65,0.0,0.0
shading,cie_xyz,0.8,0.2,Canon 500D,D65,0.0,0.0
shading,camera_rgb_raw,0.8,0.2,Canon 500D,D65,0.0,0.0
shading,camera_rgb_wb,0.8,0.2,Canon 500D,D65,0.0,0.0
shading,spectral_radiance,0.8,0.2,Canon 50D,D65,0.0,0.0
shading,cie_xyz,0.8,0.2,Canon 50D,D65,0.0,0.0
shading,camera_rgb_raw,0.8,0.2,Canon 50D,D65,0.0,0.0
shading,camera_rgb_wb,0.8,0.2,Canon 50D,D65,0.0,0.0
shading,spectral_radiance,0.8,0.2,Canon 50D,D65,0.0,0.0
shading,cie_xyz,0.8,0.2,Canon 50D,D65,0.0,0.0
shading,camera_rgb_raw,0.8,0.2,Canon 50D,D65,0.0,0.0
shading,camera_rgb_wb,0.8,0.2,Canon 50D,D65,0.0,0.0
shading,spectral_radiance,0.8,0.2,Canon 50D,D65,4.33680868994e-19,1.28164664121e-16
shading,cie_xyz,0.8,0.2,Canon 50D,D65,5.55111512313e-17,3.32582154999e-16
shading,camera_rgb_raw,0.8,0.2,Canon 50D,D65,2.77555756156e-17,2.6871552665e-16
shading,camera_rgb_wb,0.8,0.2,Canon 50D,D65,8.32667268469e-17,4.01993791397e-16
shading,spectral_radiance,0.8,0.2,Canon 50D,D65,0.0,0.0
shading,cie_xyz,0.8,0.2,Canon 50D,D65,0.0,0.0
shading,camera_rgb_raw,0.8,0.2,Canon 50D,D65,0.0,0.0
shading,camera_rgb_wb,0.8,0.2,Canon 50D,D65,0.0,0.0
shading,spectral_radiance,0.8,0.2,Canon 5DMarkII,D65,0.0,0.0
shading,cie_xyz,0.8,0.2,Canon 5DMarkII,D65,0.0,0.0
shading,camera_rgb_raw,0.8,0.2,Canon 5DMarkII,D65,0.0,0.0
shading,camera_rgb_wb,0.8,0.2,Canon 5DMarkII,D65,0.0,0.0
shading,spectral_radiance,0.8,0.2,Canon 5DMarkII,D65,0.0,0.0
shading,cie_xyz,0.8,0.2,Canon 5DMarkII,D65,0.0,0.0
shading,camera_rgb_raw,0.8,0.2,Canon 5DMarkII,D65,0.0,0.0
shading,camera_rgb_wb,0.8,0.2,Canon 5DMarkII,D65,0.0,0.0
shading,spectral_radiance,0.8,0.2,Canon 5DMarkII,D65,4.33680868994e-19,1.28164664121e-16
shading,cie_xyz,0.8,0.2,Canon 5DMarkII,D65,5.55111512313e-17,3.32582154999e-16
shading,camera_rgb_raw,0.8,0.2,Canon 5DMarkII,D65,4.16333634234e-17,4.47874813245e-16
shading,camera_rgb_wb,0.8,0.2,Canon 5DMarkII,D65,4.16333634234e-17,1.9025415826e-16
shading,spectral_radiance,0.8,0.2,Canon 5DMarkII,D65,0.0,0.0
shading,cie_xyz,0.8,0.2,Canon 5DMarkII,D65,0.0,0.0
shading,camera_rgb_raw,0.8,0.2,Canon 5DMarkII,D65,0.0,0.0
shading,camera_rgb_wb,0.8,0.2,Canon 5DMarkII,D65,0.0,0.0
shading,spectral_radiance,0.8,0.2,Canon 600D,D65,0.0,0.0
shading,cie_xyz,0.8,0.2,Canon 600D,D65,0.0,0.0
shading,camera_rgb_raw,0.8,0.2,Canon 600D,D65,0.0,0.0
shading,camera_rgb_wb,0.8,0.2,Canon 600D,D65,0.0,0.0
shading,spectral_radiance,0.8,0.2,Canon 600D,D65,0.0,0.0
shading,cie_xyz,0.8,0.2,Canon 600D,D65,0.0,0.0
shading,camera_rgb_raw,0.8,0.2,Canon 600D,D65,0.0,0.0
shading,camera_rgb_wb,0.8,0.2,Canon 600D,D65,0.0,0.0
shading,spectral_radiance,0.8,0.2,Canon 600D,D65,4.33680868994e-19,1.28164664121e-16
shading,cie_xyz,0.8,0.2,Canon 600D,D65,5.55111512313e-17,3.32582154999e-16
shading,camera_rgb_raw,0.8,0.2,Canon 600D,D65,6.93889390391e-18,7.22985019022e-17
shading,camera_rgb_wb,0.8,0.2,Canon 600D,D65,1.38777878078e-17,6.20315894355e-17
shading,spectral_radiance,0.8,0.2,Canon 600D,D65,0.0,0.0
shading,cie_xyz,0.8,0.2,Canon 600D,D65,0.0,0.0
shading,camera_rgb_raw,0.8,0.2,Canon 600D,D65,0.0,0.0
shading,camera_rgb_wb,0.8,0.2,Canon 600D,D65,0.0,0.0
shading,spectral_radiance,0.8,0.2,Canon 60D,D65,0.0,0.0
shading,cie_xyz,0.8,0.2,Canon 60D,D65,0.0,0.0
shading,camera_rgb_raw,0.8,0.2,Canon 60D,D65,0.0,0.0
shading,camera_rgb_wb,0.8,0.2,Canon 60D,D65,0.0,0.0
shading,spectral_radiance,0.8,0.2,Canon 60D,D65,0.0,0.0
shading,cie_xyz,0.8,0.2,Canon 60D,D65,0.0,0.0
shading,camera_rgb_raw,0.8,0.2,Canon 60D,D65,0.0,0.0
shading,camera_rgb_wb,0.8,0.2,Canon 60D,D65,0.0,0.0
shading,spectral_radiance,0.8,0.2,Canon 60D,D65,4.33680868994e-19,1.28164664121e-16
shading,cie_xyz,0.8,0.2,Canon 60D,D65,5.55111512313e-17,3.32582154999e-16
shading,camera_rgb_raw,0.8,0.2,Canon 60D,D65,1.73472347598e-17,1.80504515159e-16
shading,camera_rgb_wb,0.8,0.2,Canon 60D,D65,5.55111512313e-17,2.48311047215e-16
shading,spectral_radiance,0.8,0.2,Canon 60D,D65,0.0,0.0
shading,cie_xyz,0.8,0.2,Canon 60D,D65,0.0,0.0
shading,camera_rgb_raw,0.8,0.2,Canon 60D,D65,0.0,0.0
shading,camera_rgb_wb,0.8,0.2,Canon 60D,D65,0.0,0.0
shading,spectral_radiance,0.8,0.2,Hasselblad H2,D65,0.0,0.0
shading,cie_xyz,0.8,0.2,Hasselblad H2,D65,0.0,0.0
shading,camera_rgb_raw,0.8,0.2,Hasselblad H2,D65,0.0,0.0
shading,camera_rgb_wb,0.8,0.2,Hasselblad H2,D65,0.0,0.0
shading,spectral_radiance,0.8,0.2,Hasselblad H2,D65,0.0,0.0
shading,cie_xyz,0.8,0.2,Hasselblad H2,D65,0.0,0.0
shading,camera_rgb_raw,0.8,0.2,Hasselblad H2,D65,0.0,0.0
shading,camera_rgb_wb,0.8,0.2,Hasselblad H2,D65,0.0,0.0
shading,spectral_radiance,0.8,0.2,Hasselblad H2,D65,4.33680868994e-19,1.28164664121e-16
shading,cie_xyz,0.8,0.2,Hasselblad H2,D65,5.55111512313e-17,3.32582154999e-16
shading,camera_rgb_raw,0.8,0.2,Hasselblad H2,D65,1.38777878078e-17,1.78597657517e-16
shading,camera_rgb_wb,0.8,0.2,Hasselblad H2,D65,5.55111512313e-17,2.31197658336e-16
shading,spectral_radiance,0.8,0.2,Hasselblad H2,D65,0.0,0.0
shading,cie_xyz,0.8,0.2,Hasselblad H2,D65,0.0,0.0
shading,camera_rgb_raw,0.8,0.2,Hasselblad H2,D65,0.0,0.0
shading,camera_rgb_wb,0.8,0.2,Hasselblad H2,D65,0.0,0.0
shading,spectral_radiance,0.8,0.2,Nikon D3X,D65,0.0,0.0
shading,cie_xyz,0.8,0.2,Nikon D3X,D65,0.0,0.0
shading,camera_rgb_raw,0.8,0.2,Nikon D3X,D65,0.0,0.0
shading,camera_rgb_wb,0.8,0.2,Nikon D3X,D65,0.0,0.0
shading,spectral_radiance,0.8,0.2,Nikon D3X,D65,0.0,0.0
shading,cie_xyz,0.8,0.2,Nikon D3X,D65,0.0,0.0
shading,camera_rgb_raw,0.8,0.2,Nikon D3X,D65,0.0,0.0
shading,camera_rgb_wb,0.8,0.2,Nikon D3X,D65,0.0,0.0
shading,spectral_radiance,0.8,0.2,Nikon D3X,D65,4.33680868994e-19,1.28164664121e-16
shading,cie_xyz,0.8,0.2,Nikon D3X,D65,5.55111512313e-17,3.32582154999e-16
shading,camera_rgb_raw,0.8,0.2,Nikon D3X,D65,5.55111512313e-17,6.34383162186e-16
shading,camera_rgb_wb,0.8,0.2,Nikon D3X,D65,5.55111512313e-17,2.42656530104e-16
shading,spectral_radiance,0.8,0.2,Nikon D3X,D65,0.0,0.0
shading,cie_xyz,0.8,0.2,Nikon D3X,D65,0.0,0.0
shading,camera_rgb_raw,0.8,0.2,Nikon D3X,D65,0.0,0.0
shading,camera_rgb_wb,0.8,0.2,Nikon D3X,D65,0.0,0.0
shading,spectral_radiance,0.8,0.2,Nikon D200,D65,0.0,0.0
shading,cie_xyz,0.8,0.2,Nikon D200,D65,0.0,0.0
shading,camera_rgb_raw,0.8,0.2,Nikon D200,D65,0.0,0.0
shading,camera_rgb_wb,0.8,0.2,Nikon D200,D65,0.0,0.0
shading,spectral_radiance,0.8,0.2,Nikon D200,D65,0.0,0.0
shading,cie_xyz,0.8,0.2,Nikon D200,D65,0.0,0.0
shading,camera_rgb_raw,0.8,0.2,Nikon D200,D65,0.0,0.0
shading,camera_rgb_wb,0.8,0.2,Nikon D200,D65,0.0,0.0
shading,spectral_radiance,0.8,0.2,Nikon D200,D65,4.33680868994e-19,1.28164664121e-16
shading,cie_xyz,0.8,0.2,Nikon D200,D65,5.55111512313e-17,3.32582154999e-16
shading,camera_rgb_raw,0.8,0.2,Nikon D200,D65,2.77555756156e-17,2.82564392497e-16
shading,camera_rgb_wb,0.8,0.2,Nikon D200,D65,8.32667268469e-17,3.63465695288e-16
shading,spectral_radiance,0.8,0.2,Nikon D200,D65,0.0,0.0
shading,cie_xyz,0.8,0.2,Nikon D200,D65,0.0,0.0
shading,camera_rgb_raw,0.8,0.2,Nikon D200,D65,0.0,0.0
shading,camera_rgb_wb,0.8,0.2,Nikon D200,D65,0.0,0.0
shading,spectral_radiance,0.8,0.2,Nikon D3,D65,0.0,0.0
shading,cie_xyz,0.8,0.2,Nikon D3,D65,0.0,0.0
shading,camera_rgb_raw,0.8,0.2,Nikon D3,D65,0.0,0.0
shading,camera_rgb_wb,0.8,0.2,Nikon D3,D65,0.0,0.0
shading,spectral_radiance,0.8,0.2,Nikon D3,D65,0.0,0.0
shading,cie_xyz,0.8,0.2,Nikon D3,D65,0.0,0.0
shading,camera_rgb_raw,0.8,0.2,Nikon D3,D65,0.0,0.0
shading,camera_rgb_wb,0.8,0.2,Nikon D3,D65,0.0,0.0
shading,spectral_radiance,0.8,0.2,Nikon D3,D65,4.33680868994e-19,1.28164664121e-16
shading,cie_xyz,0.8,0.2,Nikon D3,D65,5.55111512313e-17,3.32582154999e-16
shading,camera_rgb_raw,0.8,0.2,Nikon D3,D65,1.38777878078e-17,1.49568944498e-16
shading,camera_rgb_wb,0.8,0.2,Nikon D3,D65,8.32667268469e-17,3.66735802995e-16
shading,spectral_radiance,0.8,0.2,Nikon D3,D65,0.0,0.0
shading,cie_xyz,0.8,0.2,Nikon D3,D65,0.0,0.0
shading,camera_rgb_raw,0.8,0.2,Nikon D3,D65,0.0,0.0
shading,camera_rgb_wb,0.8,0.2,Nikon D3,D65,0.0,0.0
shading,spectral_radiance,0.8,0.2,Nikon D300s,D65,0.0,0.0
shading,cie_xyz,0.8,0.2,Nikon D300s,D65,0.0,0.0
shading,camera_rgb_raw,0.8,0.2,Nikon D300s,D65,0.0,0.0
shading,camera_rgb_wb,0.8,0.2,Nikon D300s,D65,0.0,0.0
shading,spectral_radiance,0.8,0.2,Nikon D300s,D65,0.0,0.0
shading,cie_xyz,0.8,0.2,Nikon D300s,D65,0.0,0.0
shading,camera_rgb_raw,0.8,0.2,Nikon D300s,D65,0.0,0.0
shading,camera_rgb_wb,0.8,0.2,Nikon D300s,D65,0.0,0.0
shading,spectral_radiance,0.8,0.2,Nikon D300s,D65,4.33680868994e-19,1.28164664121e-16
shading,cie_xyz,0.8,0.2,Nikon D300s,D65,5.55111512313e-17,3.32582154999e-16
shading,camera_rgb_raw,0.8,0.2,Nikon D300s,D65,2.77555756156e-17,2.55585847219e-16
shading,camera_rgb_wb,0.8,0.2,Nikon D300s,D65,5.55111512313e-17,2.54347390475e-16
shading,spectral_radiance,0.8,0.2,Nikon D300s,D65,0.0,0.0
shading,cie_xyz,0.8,0.2,Nikon D300s,D65,0.0,0.0
shading,camera_rgb_raw,0.8,0.2,Nikon D300s,D65,0.0,0.0
shading,camera_rgb_wb,0.8,0.2,Nikon D300s,D65,0.0,0.0
shading,spectral_radiance,0.8,0.2,Nikon D40,D65,0.0,0.0
shading,cie_xyz,0.8,0.2,Nikon D40,D65,0.0,0.0
shading,camera_rgb_raw,0.8,0.2,Nikon D40,D65,0.0,0.0
shading,camera_rgb_wb,0.8,0.2,Nikon D40,D65,0.0,0.0
shading,spectral_radiance,0.8,0.2,Nikon D40,D65,0.0,0.0
shading,cie_xyz,0.8,0.2,Nikon D40,D65,0.0,0.0
shading,camera_rgb_raw,0.8,0.2,Nikon D40,D65,0.0,0.0
shading,camera_rgb_wb,0.8,0.2,Nikon D40,D65,0.0,0.0
shading,spectral_radiance,0.8,0.2,Nikon D40,D65,4.33680868994e-19,1.28164664121e-16
shading,cie_xyz,0.8,0.2,Nikon D40,D65,5.55111512313e-17,3.32582154999e-16
shading,camera_rgb_raw,0.8,0.2,Nikon D40,D65,2.77555756156e-17,3.43522967118e-16
shading,camera_rgb_wb,0.8,0.2,Nikon D40,D65,5.55111512313e-17,2.43526321087e-16
shading,spectral_radiance,0.8,0.2,Nikon D40,D65,0.0,0.0
shading,cie_xyz,0.8,0.2,Nikon D40,D65,0.0,0.0
shading,camera_rgb_raw,0.8,0.2,Nikon D40,D65,0.0,0.0
shading,camera_rgb_wb,0.8,0.2,Nikon D40,D65,0.0,0.0
shading,spectral_radiance,0.8,0.2,Nikon D50,D65,0.0,0.0
shading,cie_xyz,0.8,0.2,Nikon D50,D65,0.0,0.0
shading,camera_rgb_raw,0.8,0.2,Nikon D50,D65,0.0,0.0
shading,camera_rgb_wb,0.8,0.2,Nikon D50,D65,0.0,0.0
shading,spectral_radiance,0.8,0.2,Nikon D50,D65,0.0,0.0
shading,cie_xyz,0.8,0.2,Nikon D50,D65,0.0,0.0
shading,camera_rgb_raw,0.8,0.2,Nikon D50,D65,0.0,0.0
shading,camera_rgb_wb,0.8,0.2,Nikon D50,D65,0.0,0.0
shading,spectral_radiance,0.8,0.2,Nikon D50,D65,4.33680868994e-19,1.28164664121e-16
shading,cie_xyz,0.8,0.2,Nikon D50,D65,5.55111512313e-17,3.32582154999e-16
shading,camera_rgb_raw,0.8,0.2,Nikon D50,D65,1.38777878078e-17,1.69738718877e-16
shading,camera_rgb_wb,0.8,0.2,Nikon D50,D65,2.77555756156e-17,1.17308725946e-16
shading,spectral_radiance,0.8,0.2,Nikon D50,D65,0.0,0.0
shading,cie_xyz,0.8,0.2,Nikon D50,D65,0.0,0.0
shading,camera_rgb_raw,0.8,0.2,Nikon D50,D65,0.0,0.0
shading,camera_rgb_wb,0.8,0.2,Nikon D50,D65,0.0,0.0
shading,spectral_radiance,0.8,0.2,Nikon D5100,D65,0.0,0.0
shading,cie_xyz,0.8,0.2,Nikon D5100,D65,0.0,0.0
shading,camera_rgb_raw,0.8,0.2,Nikon D5100,D65,0.0,0.0
shading,camera_rgb_wb,0.8,0.2,Nikon D5100,D65,0.0,0.0
shading,spectral_radiance,0.8,0.2,Nikon D5100,D65,0.0,0.0
shading,cie_xyz,0.8,0.2,Nikon D5100,D65,0.0,0.0
shading,camera_rgb_raw,0.8,0.2,Nikon D5100,D65,0.0,0.0
shading,camera_rgb_wb,0.8,0.2,Nikon D5100,D65,0.0,0.0
shading,spectral_radiance,0.8,0.2,Nikon D5100,D65,4.33680868994e-19,1.28164664121e-16
shading,cie_xyz,0.8,0.2,Nikon D5100,D65,5.55111512313e-17,3.32582154999e-16
shading,camera_rgb_raw,0.8,0.2,Nikon D5100,D65,1.38777878078e-17,1.51333571301e-16
shading,camera_rgb_wb,0.8,0.2,Nikon D5100,D65,2.77555756156e-17,1.25846220835e-16
shading,spectral_radiance,0.8,0.2,Nikon D5100,D65,0.0,0.0
shading,cie_xyz,0.8,0.2,Nikon D5100,D65,0.0,0.0
shading,camera_rgb_raw,0.8,0.2,Nikon D5100,D65,0.0,0.0
shading,camera_rgb_wb,0.8,0.2,Nikon D5100,D65,0.0,0.0
shading,spectral_radiance,0.8,0.2,Nikon D700,D65,0.0,0.0
shading,cie_xyz,0.8,0.2,Nikon D700,D65,0.0,0.0
shading,camera_rgb_raw,0.8,0.2,Nikon D700,D65,0.0,0.0
shading,camera_rgb_wb,0.8,0.2,Nikon D700,D65,0.0,0.0
shading,spectral_radiance,0.8,0.2,Nikon D700,D65,0.0,0.0
shading,cie_xyz,0.8,0.2,Nikon D700,D65,0.0,0.0
shading,camera_rgb_raw,0.8,0.2,Nikon D700,D65,0.0,0.0
shading,camera_rgb_wb,0.8,0.2,Nikon D700,D65,0.0,0.0
shading,spectral_radiance,0.8,0.2,Nikon D700,D65,4.33680868994e-19,1.28164664121e-16
shading,cie_xyz,0.8,0.2,Nikon D700,D65,5.55111512313e-17,3.32582154999e-16
shading,camera_rgb_raw,0.8,0.2,Nikon D700,D65,1.38777878078e-17,1.42008355882e-16
shading,camera_rgb_wb,0.8,0.2,Nikon D700,D65,2.77555756156e-17,1.21610795963e-16
shading,spectral_radiance,0.8,0.2,Nikon D700,D65,0.0,0.0
shading,cie_xyz,0.8,0.2,Nikon D700,D65,0.0,0.0
shading,camera_rgb_raw,0.8,0.2,Nikon D700,D65,0.0,0.0
shading,camera_rgb_wb,0.8,0.2,Nikon D700,D65,0.0,0.0
shading,spectral_radiance,0.8,0.2,Nikon D80,D65,0.0,0.0
shading,cie_xyz,0.8,0.2,Nikon D80,D65,0.0,0.0
shading,camera_rgb_raw,0.8,0.2,Nikon D80,D65,0.0,0.0
shading,camera_rgb_wb,0.8,0.2,Nikon D80,D65,0.0,0.0
shading,spectral_radiance,0.8,0.2,Nikon D80,D65,0.0,0.0
shading,cie_xyz,0.8,0.2,Nikon D80,D65,0.0,0.0
shading,camera_rgb_raw,0.8,0.2,Nikon D80,D65,0.0,0.0
shading,camera_rgb_wb,0.8,0.2,Nikon D80,D65,0.0,0.0
shading,spectral_radiance,0.8,0.2,Nikon D80,D65,4.33680868994e-19,1.28164664121e-16
shading,cie_xyz,0.8,0.2,Nikon D80,D65,5.55111512313e-17,3.32582154999e-16
shading,camera_rgb_raw,0.8,0.2,Nikon D80,D65,2.77555756156e-17,3.15146181268e-16
shading,camera_rgb_wb,0.8,0.2,Nikon D80,D65,5.55111512313e-17,2.39173995825e-16
shading,spectral_radiance,0.8,0.2,Nikon D80,D65,0.0,0.0
shading,cie_xyz,0.8,0.2,Nikon D80,D65,0.0,0.0
shading,camera_rgb_raw,0.8,0.2,Nikon D80,D65,0.0,0.0
shading,camera_rgb_wb,0.8,0.2,Nikon D80,D65,0.0,0.0
shading,spectral_radiance,0.8,0.2,Nikon D90,D65,0.0,0.0
shading,cie_xyz,0.8,0.2,Nikon D90,D65,0.0,0.0
shading,camera_rgb_raw,0.8,0.2,Nikon D90,D65,0.0,0.0
shading,camera_rgb_wb,0.8,0.2,Nikon D90,D65,0.0,0.0
shading,spectral_radiance,0.8,0.2,Nikon D90,D65,0.0,0.0
shading,cie_xyz,0.8,0.2,Nikon D90,D65,0.0,0.0
shading,camera_rgb_raw,0.8,0.2,Nikon D90,D65,0.0,0.0
shading,camera_rgb_wb,0.8,0.2,Nikon D90,D65,0.0,0.0
shading,spectral_radiance,0.8,0.2,Nikon D90,D65,4.33680868994e-19,1.28164664121e-16
shading,cie_xyz,0.8,0.2,Nikon D90,D65,5.55111512313e-17,3.32582154999e-16
shading,camera_rgb_raw,0.8,0.2,Nikon D90,D65,3.46944695195e-18,3.92953400563e-17
shading,camera_rgb_wb,0.8,0.2,Nikon D90,D65,2.77555756156e-17,1.27811828512e-16
shading,spectral_radiance,0.8,0.2,Nikon D90,D65,0.0,0.0
shading,cie_xyz,0.8,0.2,Nikon D90,D65,0.0,0.0
shading,camera_rgb_raw,0.8,0.2,Nikon D90,D65,0.0,0.0
shading,camera_rgb_wb,0.8,0.2,Nikon D90,D65,0.0,0.0
shading,spectral_radiance,0.8,0.2,Nokia N900,D65,0.0,0.0
shading,cie_xyz,0.8,0.2,Nokia N900,D65,0.0,0.0
shading,camera_rgb_raw,0.8,0.2,Nokia N900,D65,0.0,0.0
shading,camera_rgb_wb,0.8,0.2,Nokia N900,D65,0.0,0.0
shading,spectral_radiance,0.8,0.2,Nokia N900,D65,0.0,0.0
shading,cie_xyz,0.8,0.2,Nokia N900,D65,0.0,0.0
shading,camera_rgb_raw,0.8,0.2,Nokia N900,D65,0.0,0.0
shading,camera_rgb_wb,0.8,0.2,Nokia N900,D65,0.0,0.0
shading,spectral_radiance,0.8,0.2,Nokia N900,D65,4.33680868994e-19,1.28164664121e-16
shading,cie_xyz,0.8,0.2,Nokia N900,D65,5.55111512313e-17,3.32582154999e-16
shading,camera_rgb_raw,0.8,0.2,Nokia N900,D65,2.77555756156e-17,1.82331291017e-16
shading,camera_rgb_wb,0.8,0.2,Nokia N900,D65,4.16333634234e-17,1.72442010808e-16
shading,spectral_radiance,0.8,0.2,Nokia N900,D65,0.0,0.0
shading,cie_xyz,0.8,0.2,Nokia N900,D65,0.0,0.0
shading,camera_rgb_raw,0.8,0.2,Nokia N900,D65,0.0,0.0
shading,camera_rgb_wb,0.8,0.2,Nokia N900,D65,0.0,0.0
shading,spectral_radiance,0.8,0.2,Olympus E-PL2,D65,0.0,0.0
shading,cie_xyz,0.8,0.2,Olympus E-PL2,D65,0.0,0.0
shading,camera_rgb_raw,0.8,0.2,Olympus E-PL2,D65,0.0,0.0
shading,camera_rgb_wb,0.8,0.2,Olympus E-PL2,D65,0.0,0.0
shading,spectral_radiance,0.8,0.2,Olympus E-PL2,D65,0.0,0.0
shading,cie_xyz,0.8,0.2,Olympus E-PL2,D65,0.0,0.0
shading,camera_rgb_raw,0.8,0.2,Olympus E-PL2,D65,0.0,0.0
shading,camera_rgb_wb,0.8,0.2,Olympus E-PL2,D65,0.0,0.0
shading,spectral_radiance,0.8,0.2,Olympus E-PL2,D65,4.33680868994e-19,1.28164664121e-16
shading,cie_xyz,0.8,0.2,Olympus E-PL2,D65,5.55111512313e-17,3.32582154999e-16
shading,camera_rgb_raw,0.8,0.2,Olympus E-PL2,D65,5.55111512313e-17,3.54149175521e-16
shading,camera_rgb_wb,0.8,0.2,Olympus E-PL2,D65,5.55111512313e-17,2.16486728441e-16
shading,spectral_radiance,0.8,0.2,Olympus E-PL2,D65,0.0,0.0
shading,cie_xyz,0.8,0.2,Olympus E-PL2,D65,0.0,0.0
shading,camera_rgb_raw,0.8,0.2,Olympus E-PL2,D65,0.0,0.0
shading,camera_rgb_wb,0.8,0.2,Olympus E-PL2,D65,0.0,0.0
shading,spectral_radiance,0.8,0.2,Pentax K-5,D65,0.0,0.0
shading,cie_xyz,0.8,0.2,Pentax K-5,D65,0.0,0.0
shading,camera_rgb_raw,0.8,0.2,Pentax K-5,D65,0.0,0.0
shading,camera_rgb_wb,0.8,0.2,Pentax K-5,D65,0.0,0.0
shading,spectral_radiance,0.8,0.2,Pentax K-5,D65,0.0,0.0
shading,cie_xyz,0.8,0.2,Pentax K-5,D65,0.0,0.0
shading,camera_rgb_raw,0.8,0.2,Pentax K-5,D65,0.0,0.0
shading,camera_rgb_wb,0.8,0.2,Pentax K-5,D65,0.0,0.0
shading,spectral_radiance,0.8,0.2,Pentax K-5,D65,4.33680868994e-19,1.28164664121e-16
shading,cie_xyz,0.8,0.2,Pentax K-5,D65,5.55111512313e-17,3.32582154999e-16
shading,camera_rgb_raw,0.8,0.2,Pentax K-5,D65,1.38777878078e-17,1.49768611898e-16
shading,camera_rgb_wb,0.8,0.2,Pentax K-5,D65,1.38777878078e-17,6.10992668246e-17
shading,spectral_radiance,0.8,0.2,Pentax K-5,D65,0.0,0.0
shading,cie_xyz,0.8,0.2,Pentax K-5,D65,0.0,0.0
shading,camera_rgb_raw,0.8,0.2,Pentax K-5,D65,0.0,0.0
shading,camera_rgb_wb,0.8,0.2,Pentax K-5,D65,0.0,0.0
shading,spectral_radiance,0.8,0.2,Pentax Q,D65,0.0,0.0
shading,cie_xyz,0.8,0.2,Pentax Q,D65,0.0,0.0
shading,camera_rgb_raw,0.8,0.2,Pentax Q,D65,0.0,0.0
shading,camera_rgb_wb,0.8,0.2,Pentax Q,D65,0.0,0.0
shading,spectral_radiance,0.8,0.2,Pentax Q,D65,0.0,0.0
shading,cie_xyz,0.8,0.2,Pentax Q,D65,0.0,0.0
shading,camera_rgb_raw,0.8,0.2,Pentax Q,D65,0.0,0.0
shading,camera_rgb_wb,0.8,0.2,Pentax Q,D65,0.0,0.0
shading,spectral_radiance,0.8,0.2,Pentax Q,D65,4.33680868994e-19,1.28164664121e-16
shading,cie_xyz,0.8,0.2,Pentax Q,D65,5.55111512313e-17,3.32582154999e-16
shading,camera_rgb_raw,0.8,0.2,Pentax Q,D65,2.77555756156e-17,1.71093309762e-16
shading,camera_rgb_wb,0.8,0.2,Pentax Q,D65,2.77555756156e-17,1.14854496074e-16
shading,spectral_radiance,0.8,0.2,Pentax Q,D65,0.0,0.0
shading,cie_xyz,0.8,0.2,Pentax Q,D65,0.0,0.0
shading,camera_rgb_raw,0.8,0.2,Pentax Q,D65,0.0,0.0
shading,camera_rgb_wb,0.8,0.2,Pentax Q,D65,0.0,0.0
shading,spectral_radiance,0.8,0.2,Point Grey Grasshopper 50S5C,D65,0.0,0.0
shading,cie_xyz,0.8,0.2,Point Grey Grasshopper 50S5C,D65,0.0,0.0
shading,camera_rgb_raw,0.8,0.2,Point Grey Grasshopper 50S5C,D65,0.0,0.0
shading,camera_rgb_wb,0.8,0.2,Point Grey Grasshopper 50S5C,D65,0.0,0.0
shading,spectral_radiance,0.8,0.2,Point Grey Grasshopper 50S5C,D65,0.0,0.0
shading,cie_xyz,0.8,0.2,Point Grey Grasshopper 50S5C,D65,0.0,0.0
shading,camera_rgb_raw,0.8,0.2,Point Grey Grasshopper 50S5C,D65,0.0,0.0
shading,camera_rgb_wb,0.8,0.2,Point Grey Grasshopper 50S5C,D65,0.0,0.0
shading,spectral_radiance,0.8,0.2,Point Grey Grasshopper 50S5C,D65,4.33680868994e-19,1.28164664121e-16
shading,cie_xyz,0.8,0.2,Point Grey Grasshopper 50S5C,D65,5.55111512313e-17,3.32582154999e-16
shading,camera_rgb_raw,0.8,0.2,Point Grey Grasshopper 50S5C,D65,2.77555756156e-17,2.15771486369e-16
shading,camera_rgb_wb,0.8,0.2,Point Grey Grasshopper 50S5C,D65,2.77555756156e-17,8.6263996338e-17
shading,spectral_radiance,0.8,0.2,Point Grey Grasshopper 50S5C,D65,0.0,0.0
shading,cie_xyz,0.8,0.2,Point Grey Grasshopper 50S5C,D65,0.0,0.0
shading,camera_rgb_raw,0.8,0.2,Point Grey Grasshopper 50S5C,D65,0.0,0.0
shading,camera_rgb_wb,0.8,0.2,Point Grey Grasshopper 50S5C,D65,0.0,0.0
shading,spectral_radiance,0.8,0.2,Point Grey Grasshopper2 14S5C,D65,0.0,0.0
shading,cie_xyz,0.8,0.2,Point Grey Grasshopper2 14S5C,D65,0.0,0.0
shading,camera_rgb_raw,0.8,0.2,Point Grey Grasshopper2 14S5C,D65,0.0,0.0
shading,camera_rgb_wb,0.8,0.2,Point Grey Grasshopper2 14S5C,D65,0.0,0.0
shading,spectral_radiance,0.8,0.2,Point Grey Grasshopper2 14S5C,D65,0.0,0.0
shading,cie_xyz,0.8,0.2,Point Grey Grasshopper2 14S5C,D65,0.0,0.0
shading,camera_rgb_raw,0.8,0.2,Point Grey Grasshopper2 14S5C,D65,0.0,0.0
shading,camera_rgb_wb,0.8,0.2,Point Grey Grasshopper2 14S5C,D65,0.0,0.0
shading,spectral_radiance,0.8,0.2,Point Grey Grasshopper2 14S5C,D65,4.33680868994e-19,1.28164664121e-16
shading,cie_xyz,0.8,0.2,Point Grey Grasshopper2 14S5C,D65,5.55111512313e-17,3.32582154999e-16
shading,camera_rgb_raw,0.8,0.2,Point Grey Grasshopper2 14S5C,D65,5.55111512313e-17,4.32781855487e-16
shading,camera_rgb_wb,0.8,0.2,Point Grey Grasshopper2 14S5C,D65,1.11022302463e-16,3.93909489234e-16
shading,spectral_radiance,0.8,0.2,Point Grey Grasshopper2 14S5C,D65,0.0,0.0
shading,cie_xyz,0.8,0.2,Point Grey Grasshopper2 14S5C,D65,0.0,0.0
shading,camera_rgb_raw,0.8,0.2,Point Grey Grasshopper2 14S5C,D65,0.0,0.0
shading,camera_rgb_wb,0.8,0.2,Point Grey Grasshopper2 14S5C,D65,0.0,0.0
shading,spectral_radiance,0.8,0.2,Phase One,D65,0.0,0.0
shading,cie_xyz,0.8,0.2,Phase One,D65,0.0,0.0
shading,camera_rgb_raw,0.8,0.2,Phase One,D65,0.0,0.0
shading,camera_rgb_wb,0.8,0.2,Phase One,D65,0.0,0.0
shading,spectral_radiance,0.8,0.2,Phase One,D65,0.0,0.0
shading,cie_xyz,0.8,0.2,Phase One,D65,0.0,0.0
shading,camera_rgb_raw,0.8,0.2,Phase One,D65,0.0,0.0
shading,camera_rgb_wb,0.8,0.2,Phase One,D65,0.0,0.0
shading,spectral_radiance,0.8,0.2,Phase One,D65,4.33680868994e-19,1.28164664121e-16
shading,cie_xyz,0.8,0.2,Phase One,D65,5.55111512313e-17,3.32582154999e-16
shading,camera_rgb_raw,0.8,0.2,Phase One,D65,1.38777878078e-17,1.49122126989e-16
shading,camera_rgb_wb,0.8,0.2,Phase One,D65,1.38777878078e-17,7.33233703922e-17
shading,spectral_radiance,0.8,0.2,Phase One,D65,0.0,0.0
shading,cie_xyz,0.8,0.2,Phase One,D65,0.0,0.0
shading,camera_rgb_raw,0.8,0.2,Phase One,D65,0.0,0.0
shading,camera_rgb_wb,0.8,0.2,Phase One,D65,0.0,0.0
shading,spectral_radiance,0.8,0.2,SONY NEX-5N,D65,0.0,0.0
shading,cie_xyz,0.8,0.2,SONY NEX-5N,D65,0.0,0.0
shading,camera_rgb_raw,0.8,0.2,SONY NEX-5N,D65,0.0,0.0
shading,camera_rgb_wb,0.8,0.2,SONY NEX-5N,D65,0.0,0.0
shading,spectral_radiance,0.8,0.2,SONY NEX-5N,D65,0.0,0.0
shading,cie_xyz,0.8,0.2,SONY NEX-5N,D65,0.0,0.0
shading,camera_rgb_raw,0.8,0.2,SONY NEX-5N,D65,0.0,0.0
shading,camera_rgb_wb,0.8,0.2,SONY NEX-5N,D65,0.0,0.0
shading,spectral_radiance,0.8,0.2,SONY NEX-5N,D65,4.33680868994e-19,1.28164664121e-16
shading,cie_xyz,0.8,0.2,SONY NEX-5N,D65,5.55111512313e-17,3.32582154999e-16
shading,camera_rgb_raw,0.8,0.2,SONY NEX-5N,D65,2.77555756156e-17,3.44435977566e-16
shading,camera_rgb_wb,0.8,0.2,SONY NEX-5N,D65,2.77555756156e-17,1.32077778101e-16
shading,spectral_radiance,0.8,0.2,SONY NEX-5N,D65,0.0,0.0
shading,cie_xyz,0.8,0.2,SONY NEX-5N,D65,0.0,0.0
shading,camera_rgb_raw,0.8,0.2,SONY NEX-5N,D65,0.0,0.0
shading,camera_rgb_wb,0.8,0.2,SONY NEX-5N,D65,0.0,0.0
shading,spectral_radiance,0.8,0.2,Canon 1DMarkIII,A,0.0,0.0
shading,cie_xyz,0.8,0.2,Canon 1DMarkIII,A,0.0,0.0
shading,camera_rgb_raw,0.8,0.2,Canon 1DMarkIII,A,0.0,0.0
shading,camera_rgb_wb,0.8,0.2,Canon 1DMarkIII,A,0.0,0.0
shading,spectral_radiance,0.8,0.2,Canon 1DMarkIII,A,0.0,0.0
shading,cie_xyz,0.8,0.2,Canon 1DMarkIII,A,0.0,0.0
shading,camera_rgb_raw,0.8,0.2,Canon 1DMarkIII,A,0.0,0.0
shading,camera_rgb_wb,0.8,0.2,Canon 1DMarkIII,A,0.0,0.0
shading,spectral_radiance,0.8,0.2,Canon 1DMarkIII,A,1.73472347598e-18,1.7891896912e-16
shading,cie_xyz,0.8,0.2,Canon 1DMarkIII,A,5.55111512313e-17,2.23777696865e-16
shading,camera_rgb_raw,0.8,0.2,Canon 1DMarkIII,A,2.77555756156e-17,2.12105276231e-16
shading,camera_rgb_wb,0.8,0.2,Canon 1DMarkIII,A,5.55111512313e-17,2.19086437333e-16
shading,spectral_radiance,0.8,0.2,Canon 1DMarkIII,A,0.0,0.0
shading,cie_xyz,0.8,0.2,Canon 1DMarkIII,A,0.0,0.0
shading,camera_rgb_raw,0.8,0.2,Canon 1DMarkIII,A,0.0,0.0
shading,camera_rgb_wb,0.8,0.2,Canon 1DMarkIII,A,0.0,0.0
shading,spectral_radiance,0.8,0.2,Canon 20D,A,0.0,0.0
shading,cie_xyz,0.8,0.2,Canon 20D,A,0.0,0.0
shading,camera_rgb_raw,0.8,0.2,Canon 20D,A,0.0,0.0
shading,camera_rgb_wb,0.8,0.2,Canon 20D,A,0.0,0.0
shading,spectral_radiance,0.8,0.2,Canon 20D,A,0.0,0.0
shading,cie_xyz,0.8,0.2,Canon 20D,A,0.0,0.0
shading,camera_rgb_raw,0.8,0.2,Canon 20D,A,0.0,0.0
shading,camera_rgb_wb,0.8,0.2,Canon 20D,A,0.0,0.0
shading,spectral_radiance,0.8,0.2,Canon 20D,A,1.73472347598e-18,1.7891896912e-16
shading,cie_xyz,0.8,0.2,Canon 20D,A,5.55111512313e-17,2.23777696865e-16
shading,camera_rgb_raw,0.8,0.2,Canon 20D,A,1.73472347598e-18,1.13557127526e-17
shading,camera_rgb_wb,0.8,0.2,Canon 20D,A,1.38777878078e-17,5.38123104248e-17
shading,spectral_radiance,0.8,0.2,Canon 20D,A,0.0,0.0
shading,cie_xyz,0.8,0.2,Canon 20D,A,0.0,0.0
shading,camera_rgb_raw,0.8,0.2,Canon 20D,A,0.0,0.0
shading,camera_rgb_wb,0.8,0.2,Canon 20D,A,0.0,0.0
shading,spectral_radiance,0.8,0.2,Canon 300D,A,0.0,0.0
shading,cie_xyz,0.8,0.2,Canon 300D,A,0.0,0.0
shading,camera_rgb_raw,0.8,0.2,Canon 300D,A,0.0,0.0
shading,camera_rgb_wb,0.8,0.2,Canon 300D,A,0.0,0.0
shading,spectral_radiance,0.8,0.2,Canon 300D,A,0.0,0.0
shading,cie_xyz,0.8,0.2,Canon 300D,A,0.0,0.0
shading,camera_rgb_raw,0.8,0.2,Canon 300D,A,0.0,0.0
shading,camera_rgb_wb,0.8,0.2,Canon 300D,A,0.0,0.0
shading,spectral_radiance,0.8,0.2,Canon 300D,A,1.73472347598e-18,1.7891896912e-16
shading,cie_xyz,0.8,0.2,Canon 300D,A,5.55111512313e-17,2.23777696865e-16
shading,camera_rgb_raw,0.8,0.2,Canon 300D,A,2.77555756156e-17,1.74792231306e-16
shading,camera_rgb_wb,0.8,0.2,Canon 300D,A,1.38777878078e-17,5.38690435634e-17
shading,spectral_radiance,0.8,0.2,Canon 300D,A,0.0,0.0
shading,cie_xyz,0.8,0.2,Canon 300D,A,0.0,0.0
shading,camera_rgb_raw,0.8,0.2,Canon 300D,A,0.0,0.0
shading,camera_rgb_wb,0.8,0.2,Canon 300D,A,0.0,0.0
shading,spectral_radiance,0.8,0.2,Canon 40D,A,0.0,0.0
shading,cie_xyz,0.8,0.2,Canon 40D,A,0.0,0.0
shading,camera_rgb_raw,0.8,0.2,Canon 40D,A,0.0,0.0
shading,camera_rgb_wb,0.8,0.2,Canon 40D,A,0.0,0.0
shading,spectral_radiance,0.8,0.2,Canon 40D,A,0.0,0.0
shading,cie_xyz,0.8,0.2,Canon 40D,A,0.0,0.0
shading,camera_rgb_raw,0.8,0.2,Canon 40D,A,0.0,0.0
shading,camera_rgb_wb,0.8,0.2,Canon 40D,A,0.0,0.0
shading,spectral_radiance,0.8,0.2,Canon 40D,A,1.73472347598e-18,1.7891896912e-16
shading,cie_xyz,0.8,0.2,Canon 40D,A,5.55111512313e-17,2.23777696865e-16
shading,camera_rgb_raw,0.8,0.2,Canon 40D,A,2.77555756156e-17,1.9175411553e-16
shading,camera_rgb_wb,0.8,0.2,Canon 40D,A,1.11022302463e-16,4.20851958137e-16
shading,spectral_radiance,0.8,0.2,Canon 40D,A,0.0,0.0
shading,cie_xyz,0.8,0.2,Canon 40D,A,0.0,0.0
shading,camera_rgb_raw,0.8,0.2,Canon 40D,A,0.0,0.0
shading,camera_rgb_wb,0.8,0.2,Canon 40D,A,0.0,0.0
shading,spectral_radiance,0.8,0.2,Canon 500D,A,0.0,0.0
shading,cie_xyz,0.8,0.2,Canon 500D,A,0.0,0.0
shading,camera_rgb_raw,0.8,0.2,Canon 500D,A,0.0,0.0
shading,camera_rgb_wb,0.8,0.2,Canon 500D,A,0.0,0.0
shading,spectral_radiance,0.8,0.2,Canon 500D,A,0.0,0.0
shading,cie_xyz,0.8,0.2,Canon 500D,A,0.0,0.0
shading,camera_rgb_raw,0.8,0.2,Canon 500D,A,0.0,0.0
shading,camera_rgb_wb,0.8,0.2,Canon 500D,A,0.0,0.0
shading,spectral_radiance,0.8,0.2,Canon 500D,A,1.73472347598e-18,1.7891896912e-16
shading,cie_xyz,0.8,0.2,Canon 500D,A,5.55111512313e-17,2.23777696865e-16
shading,camera_rgb_raw,0.8,0.2,Canon 500D,A,1.38777878078e-17,9.35024802724e-17
shading,camera_rgb_wb,0.8,0.2,Canon 500D,A,2.77555756156e-17,1.16193780708e-16
shading,spectral_radiance,0.8,0.2,Canon 500D,A,0.0,0.0
shading,cie_xyz,0.8,0.2,Canon 500D,A,0.0,0.0
shading,camera_rgb_raw,0.8,0.2,Canon 500D,A,0.0,0.0
shading,camera_rgb_wb,0.8,0.2,Canon 500D,A,0.0,0.0
shading,spectral_radiance,0.8,0.2,Canon 50D,A,0.0,0.0
shading,cie_xyz,0.8,0.2,Canon 50D,A,0.0,0.0
shading,camera_rgb_raw,0.8,0.2,Canon 50D,A,0.0,0.0
shading,camera_rgb_wb,0.8,0.2,Canon 50D,A,0.0,0.0
shading,spectral_radiance,0.8,0.2,Canon 50D,A,0.0,0.0
shading,cie_xyz,0.8,0.2,Canon 50D,A,0.0,0.0
shading,camera_rgb_raw,0.8,0.2,Canon 50D,A,0.0,0.0
shading,camera_rgb_wb,0.8,0.2,Canon 50D,A,0.0,0.0
shading,spectral_radiance,0.8,0.2,Canon 50D,A,1.73472347598e-18,1.7891896912e-16
shading,cie_xyz,0.8,0.2,Canon 50D,A,5.55111512313e-17,2.23777696865e-16
shading,camera_rgb_raw,0.8,0.2,Canon 50D,A,1.38777878078e-17,9.40688713785e-17
shading,camera_rgb_wb,0.8,0.2,Canon 50D,A,2.77555756156e-17,1.14182316867e-16
shading,spectral_radiance,0.8,0.2,Canon 50D,A,0.0,0.0
shading,cie_xyz,0.8,0.2,Canon 50D,A,0.0,0.0
shading,camera_rgb_raw,0.8,0.2,Canon 50D,A,0.0,0.0
shading,camera_rgb_wb,0.8,0.2,Canon 50D,A,0.0,0.0
shading,spectral_radiance,0.8,0.2,Canon 5DMarkII,A,0.0,0.0
shading,cie_xyz,0.8,0.2,Canon 5DMarkII,A,0.0,0.0
shading,camera_rgb_raw,0.8,0.2,Canon 5DMarkII,A,0.0,0.0
shading,camera_rgb_wb,0.8,0.2,Canon 5DMarkII,A,0.0,0.0
shading,spectral_radiance,0.8,0.2,Canon 5DMarkII,A,0.0,0.0
shading,cie_xyz,0.8,0.2,Canon 5DMarkII,A,0.0,0.0
shading,camera_rgb_raw,0.8,0.2,Canon 5DMarkII,A,0.0,0.0
shading,camera_rgb_wb,0.8,0.2,Canon 5DMarkII,A,0.0,0.0
shading,spectral_radiance,0.8,0.2,Canon 5DMarkII,A,1.73472347598e-18,1.7891896912e-16
shading,cie_xyz,0.8,0.2,Canon 5DMarkII,A,5.55111512313e-17,2.23777696865e-16
shading,camera_rgb_raw,0.8,0.2,Canon 5DMarkII,A,2.77555756156e-17,1.91317314679e-16
shading,camera_rgb_wb,0.8,0.2,Canon 5DMarkII,A,5.55111512313e-17,2.22430484292e-16
shading,spectral_radiance,0.8,0.2,Canon 5DMarkII,A,0.0,0.0
shading,cie_xyz,0.8,0.2,Canon 5DMarkII,A,0.0,0.0
shading,camera_rgb_raw,0.8,0.2,Canon 5DMarkII,A,0.0,0.0
shading,camera_rgb_wb,0.8,0.2,Canon 5DMarkII,A,0.0,0.0
shading,spectral_radiance,0.8,0.2,Canon 600D,A,0.0,0.0
shading,cie_xyz,0.8,0.2,Canon 600D,A,0.0,0.0
shading,camera_rgb_raw,0.8,0.2,Canon 600D,A,0.0,0.0
shading,camera_rgb_wb,0.8,0.2,Canon 600D,A,0.0,0.0
shading,spectral_radiance,0.8,0.2,Canon 600D,A,0.0,0.0
shading,cie_xyz,0.8,0.2,Canon 600D,A,0.0,0.0
shading,camera_rgb_raw,0.8,0.2,Canon 600D,A,0.0,0.0
shading,camera_rgb_wb,0.8,0.2,Canon 600D,A,0.0,0.0
shading,spectral_radiance,0.8,0.2,Canon 600D,A,1.73472347598e-18,1.7891896912e-16
shading,cie_xyz,0.8,0.2,Canon 600D,A,5.55111512313e-17,2.23777696865e-16
shading,camera_rgb_raw,0.8,0.2,Canon 600D,A,5.55111512313e-17,3.91219144726e-16
shading,camera_rgb_wb,0.8,0.2,Canon 600D,A,1.66533453694e-16,6.54039627756e-16
shading,spectral_radiance,0.8,0.2,Canon 600D,A,0.0,0.0
shading,cie_xyz,0.8,0.2,Canon 600D,A,0.0,0.0
shading,camera_rgb_raw,0.8,0.2,Canon 600D,A,0.0,0.0
shading,camera_rgb_wb,0.8,0.2,Canon 600D,A,0.0,0.0
shading,spectral_radiance,0.8,0.2,Canon 60D,A,0.0,0.0
shading,cie_xyz,0.8,0.2,Canon 60D,A,0.0,0.0
shading,camera_rgb_raw,0.8,0.2,Canon 60D,A,0.0,0.0
shading,camera_rgb_wb,0.8,0.2,Canon 60D,A,0.0,0.0
shading,spectral_radiance,0.8,0.2,Canon 60D,A,0.0,0.0
shading,cie_xyz,0.8,0.2,Canon 60D,A,0.0,0.0
shading,camera_rgb_raw,0.8,0.2,Canon 60D,A,0.0,0.0
shading,camera_rgb_wb,0.8,0.2,Canon 60D,A,0.0,0.0
shading,spectral_radiance,0.8,0.2,Canon 60D,A,1.73472347598e-18,1.7891896912e-16
shading,cie_xyz,0.8,0.2,Canon 60D,A,5.55111512313e-17,2.23777696865e-16
shading,camera_rgb_raw,0.8,0.2,Canon 60D,A,2.77555756156e-17,1.94072716962e-16
shading,camera_rgb_wb,0.8,0.2,Canon 60D,A,5.55111512313e-17,2.18558597605e-16
shading,spectral_radiance,0.8,0.2,Canon 60D,A,0.0,0.0
shading,cie_xyz,0.8,0.2,Canon 60D,A,0.0,0.0
shading,camera_rgb_raw,0.8,0.2,Canon 60D,A,0.0,0.0
shading,camera_rgb_wb,0.8,0.2,Canon 60D,A,0.0,0.0
shading,spectral_radiance,0.8,0.2,Hasselblad H2,A,0.0,0.0
shading,cie_xyz,0.8,0.2,Hasselblad H2,A,0.0,0.0
shading,camera_rgb_raw,0.8,0.2,Hasselblad H2,A,0.0,0.0
shading,camera_rgb_wb,0.8,0.2,Hasselblad H2,A,0.0,0.0
shading,spectral_radiance,0.8,0.2,Hasselblad H2,A,0.0,0.0
shading,cie_xyz,0.8,0.2,Hasselblad H2,A,0.0,0.0
shading,camera_rgb_raw,0.8,0.2,Hasselblad H2,A,0.0,0.0
shading,camera_rgb_wb,0.8,0.2,Hasselblad H2,A,0.0,0.0
shading,spectral_radiance,0.8,0.2,Hasselblad H2,A,1.73472347598e-18,1.7891896912e-16
shading,cie_xyz,0.8,0.2,Hasselblad H2,A,5.55111512313e-17,2.23777696865e-16
shading,camera_rgb_raw,0.8,0.2,Hasselblad H2,A,4.16333634234e-17,3.70897951161e-16
shading,camera_rgb_wb,0.8,0.2,Hasselblad H2,A,5.55111512313e-17,2.01633562362e-16
shading,spectral_radiance,0.8,0.2,Hasselblad H2,A,0.0,0.0
shading,cie_xyz,0.8,0.2,Hasselblad H2,A,0.0,0.0
shading,camera_rgb_raw,0.8,0.2,Hasselblad H2,A,0.0,0.0
shading,camera_rgb_wb,0.8,0.2,Hasselblad H2,A,0.0,0.0
shading,spectral_radiance,0.8,0.2,Nikon D3X,A,0.0,0.0
shading,cie_xyz,0.8,0.2,Nikon D3X,A,0.0,0.0
shading,camera_rgb_raw,0.8,0.2,Nikon D3X,A,0.0,0.0
shading,camera_rgb_wb,0.8,0.2,Nikon D3X,A,0.0,0.0
shading,spectral_radiance,0.8,0.2,Nikon D3X,A,0.0,0.0
shading,cie_xyz,0.8,0.2,Nikon D3X,A,0.0,0.0
shading,camera_rgb_raw,0.8,0.2,Nikon D3X,A,0.0,0.0
shading,camera_rgb_wb,0.8,0.2,Nikon D3X,A,0.0,0.0
shading,spectral_radiance,0.8,0.2,Nikon D3X,A,1.73472347598e-18,1.7891896912e-16
shading,cie_xyz,0.8,0.2,Nikon D3X,A,5.55111512313e-17,2.23777696865e-16
shading,camera_rgb_raw,0.8,0.2,Nikon D3X,A,2.77555756156e-17,2.02082476427e-16
shading,camera_rgb_wb,0.8,0.2,Nikon D3X,A,5.55111512313e-17,2.15135003877e-16
shading,spectral_radiance,0.8,0.2,Nikon D3X,A,0.0,0.0
shading,cie_xyz,0.8,0.2,Nikon D3X,A,0.0,0.0
shading,camera_rgb_raw,0.8,0.2,Nikon D3X,A,0.0,0.0
shading,camera_rgb_wb,0.8,0.2,Nikon D3X,A,0.0,0.0
shading,spectral_radiance,0.8,0.2,Nikon D200,A,0.0,0.0
shading,cie_xyz,0.8,0.2,Nikon D200,A,0.0,0.0
shading,camera_rgb_raw,0.8,0.2,Nikon D200,A,0.0,0.0
shading,camera_rgb_wb,0.8,0.2,Nikon D200,A,0.0,0.0
shading,spectral_radiance,0.8,0.2,Nikon D200,A,0.0,0.0
shading,cie_xyz,0.8,0.2,Nikon D200,A,0.0,0.0
shading,camera_rgb_raw,0.8,0.2,Nikon D200,A,0.0,0.0
shading,camera_rgb_wb,0.8,0.2,Nikon D200,A,0.0,0.0
shading,spectral_radiance,0.8,0.2,Nikon D200,A,1.73472347598e-18,1.7891896912e-16
shading,cie_xyz,0.8,0.2,Nikon D200,A,5.55111512313e-17,2.23777696865e-16
shading,camera_rgb_raw,0.8,0.2,Nikon D200,A,1.38777878078e-17,8.93298538452e-17
shading,camera_rgb_wb,0.8,0.2,Nikon D200,A,1.38777878078e-17,5.33999607239e-17
shading,spectral_radiance,0.8,0.2,Nikon D200,A,0.0,0.0
shading,cie_xyz,0.8,0.2,Nikon D200,A,0.0,0.0
shading,camera_rgb_raw,0.8,0.2,Nikon D200,A,0.0,0.0
shading,camera_rgb_wb,0.8,0.2,Nikon D200,A,0.0,0.0
shading,spectral_radiance,0.8,0.2,Nikon D3,A,0.0,0.0
shading,cie_xyz,0.8,0.2,Nikon D3,A,0.0,0.0
shading,camera_rgb_raw,0.8,0.2,Nikon D3,A,0.0,0.0
shading,camera_rgb_wb,0.8,0.2,Nikon D3,A,0.0,0.0
shading,spectral_radiance,0.8,0.2,Nikon D3,A,0.0,0.0
shading,cie_xyz,0.8,0.2,Nikon D3,A,0.0,0.0
shading,camera_rgb_raw,0.8,0.2,Nikon D3,A,0.0,0.0
shading,camera_rgb_wb,0.8,0.2,Nikon D3,A,0.0,0.0
shading,spectral_radiance,0.8,0.2,Nikon D3,A,1.73472347598e-18,1.7891896912e-16
shading,cie_xyz,0.8,0.2,Nikon D3,A,5.55111512313e-17,2.23777696865e-16
shading,camera_rgb_raw,0.8,0.2,Nikon D3,A,2.77555756156e-17,1.89759746058e-16
shading,camera_rgb_wb,0.8,0.2,Nikon D3,A,2.77555756156e-17,1.07467882442e-16
shading,spectral_radiance,0.8,0.2,Nikon D3,A,0.0,0.0
shading,cie_xyz,0.8,0.2,Nikon D3,A,0.0,0.0
shading,camera_rgb_raw,0.8,0.2,Nikon D3,A,0.0,0.0
shading,camera_rgb_wb,0.8,0.2,Nikon D3,A,0.0,0.0
shading,spectral_radiance,0.8,0.2,Nikon D300s,A,0.0,0.0
shading,cie_xyz,0.8,0.2,Nikon D300s,A,0.0,0.0
shading,camera_rgb_raw,0.8,0.2,Nikon D300s,A,0.0,0.0
shading,camera_rgb_wb,0.8,0.2,Nikon D300s,A,0.0,0.0
shading,spectral_radiance,0.8,0.2,Nikon D300s,A,0.0,0.0
shading,cie_xyz,0.8,0.2,Nikon D300s,A,0.0,0.0
shading,camera_rgb_raw,0.8,0.2,Nikon D300s,A,0.0,0.0
shading,camera_rgb_wb,0.8,0.2,Nikon D300s,A,0.0,0.0
shading,spectral_radiance,0.8,0.2,Nikon D300s,A,1.73472347598e-18,1.7891896912e-16
shading,cie_xyz,0.8,0.2,Nikon D300s,A,5.55111512313e-17,2.23777696865e-16
shading,camera_rgb_raw,0.8,0.2,Nikon D300s,A,1.38777878078e-17,8.19622272139e-17
shading,camera_rgb_wb,0.8,0.2,Nikon D300s,A,1.38777878078e-17,5.4874291112e-17
shading,spectral_radiance,0.8,0.2,Nikon D300s,A,0.0,0.0
shading,cie_xyz,0.8,0.2,Nikon D300s,A,0.0,0.0
shading,camera_rgb_raw,0.8,0.2,Nikon D300s,A,0.0,0.0
shading,camera_rgb_wb,0.8,0.2,Nikon D300s,A,0.0,0.0
shading,spectral_radiance,0.8,0.2,Nikon D40,A,0.0,0.0
shading,cie_xyz,0.8,0.2,Nikon D40,A,0.0,0.0
shading,camera_rgb_raw,0.8,0.2,Nikon D40,A,0.0,0.0
shading,camera_rgb_wb,0.8,0.2,Nikon D40,A,0.0,0.0
shading,spectral_radiance,0.8,0.2,Nikon D40,A,0.0,0.0
shading,cie_xyz,0.8,0.2,Nikon D40,A,0.0,0.0
shading,camera_rgb_raw,0.8,0.2,Nikon D40,A,0.0,0.0
shading,camera_rgb_wb,0.8,0.2,Nikon D40,A,0.0,0.0
shading,spectral_radiance,0.8,0.2,Nikon D40,A,1.73472347598e-18,1.7891896912e-16
shading,cie_xyz,0.8,0.2,Nikon D40,A,5.55111512313e-17,2.23777696865e-16
shading,camera_rgb_raw,0.8,0.2,Nikon D40,A,4.16333634234e-17,3.23223842922e-16
shading,camera_rgb_wb,0.8,0.2,Nikon D40,A,6.93889390391e-17,2.68381827377e-16
shading,spectral_radiance,0.8,0.2,Nikon D40,A,0.0,0.0
shading,cie_xyz,0.8,0.2,Nikon D40,A,0.0,0.0
shading,camera_rgb_raw,0.8,0.2,Nikon D40,A,0.0,0.0
shading,camera_rgb_wb,0.8,0.2,Nikon D40,A,0.0,0.0
shading,spectral_radiance,0.8,0.2,Nikon D50,A,0.0,0.0
shading,cie_xyz,0.8,0.2,Nikon D50,A,0.0,0.0
shading,camera_rgb_raw,0.8,0.2,Nikon D50,A,0.0,0.0
shading,camera_rgb_wb,0.8,0.2,Nikon D50,A,0.0,0.0
shading,spectral_radiance,0.8,0.2,Nikon D50,A,0.0,0.0
shading,cie_xyz,0.8,0.2,Nikon D50,A,0.0,0.0
shading,camera_rgb_raw,0.8,0.2,Nikon D50,A,0.0,0.0
shading,camera_rgb_wb,0.8,0.2,Nikon D50,A,0.0,0.0
shading,spectral_radiance,0.8,0.2,Nikon D50,A,1.73472347598e-18,1.7891896912e-16
shading,cie_xyz,0.8,0.2,Nikon D50,A,5.55111512313e-17,2.23777696865e-16
shading,camera_rgb_raw,0.8,0.2,Nikon D50,A,5.55111512313e-17,4.165218304e-16
shading,camera_rgb_wb,0.8,0.2,Nikon D50,A,1.11022302463e-16,4.14157999989e-16
shading,spectral_radiance,0.8,0.2,Nikon D50,A,0.0,0.0
shading,cie_xyz,0.8,0.2,Nikon D50,A,0.0,0.0
shading,camera_rgb_raw,0.8,0.2,Nikon D50,A,0.0,0.0
shading,camera_rgb_wb,0.8,0.2,Nikon D50,A,0.0,0.0
shading,spectral_radiance,0.8,0.2,Nikon D5100,A,0.0,0.0
shading,cie_xyz,0.8,0.2,Nikon D5100,A,0.0,0.0
shading,camera_rgb_raw,0.8,0.2,Nikon D5100,A,0.0,0.0
shading,camera_rgb_wb,0.8,0.2,Nikon D5100,A,0.0,0.0
shading,spectral_radiance,0.8,0.2,Nikon D5100,A,0.0,0.0
shading,cie_xyz,0.8,0.2,Nikon D5100,A,0.0,0.0
shading,camera_rgb_raw,0.8,0.2,Nikon D5100,A,0.0,0.0
shading,camera_rgb_wb,0.8,0.2,Nikon D5100,A,0.0,0.0
shading,spectral_radiance,0.8,0.2,Nikon D5100,A,1.73472347598e-18,1.7891896912e-16
shading,cie_xyz,0.8,0.2,Nikon D5100,A,5.55111512313e-17,2.23777696865e-16
shading,camera_rgb_raw,0.8,0.2,Nikon D5100,A,2.77555756156e-17,1.93392898782e-16
shading,camera_rgb_wb,0.8,0.2,Nikon D5100,A,5.55111512313e-17,2.18579744247e-16
shading,spectral_radiance,0.8,0.2,Nikon D5100,A,0.0,0.0
shading,cie_xyz,0.8,0.2,Nikon D5100,A,0.0,0.0
shading,camera_rgb_raw,0.8,0.2,Nikon D5100,A,0.0,0.0
shading,camera_rgb_wb,0.8,0.2,Nikon D5100,A,0.0,0.0
shading,spectral_radiance,0.8,0.2,Nikon D700,A,0.0,0.0
shading,cie_xyz,0.8,0.2,Nikon D700,A,0.0,0.0
shading,camera_rgb_raw,0.8,0.2,Nikon D700,A,0.0,0.0
shading,camera_rgb_wb,0.8,0.2,Nikon D700,A,0.0,0.0
shading,spectral_radiance,0.8,0.2,Nikon D700,A,0.0,0.0
shading,cie_xyz,0.8,0.2,Nikon D700,A,0.0,0.0
shading,camera_rgb_raw,0.8,0.2,Nikon D700,A,0.0,0.0
shading,camera_rgb_wb,0.8,0.2,Nikon D700,A,0.0,0.0
shading,spectral_radiance,0.8,0.2,Nikon D700,A,1.73472347598e-18,1.7891896912e-16
shading,cie_xyz,0.8,0.2,Nikon D700,A,5.55111512313e-17,2.23777696865e-16
shading,camera_rgb_raw,0.8,0.2,Nikon D700,A,5.55111512313e-17,3.58540332857e-16
shading,camera_rgb_wb,0.8,0.2,Nikon D700,A,1.11022302463e-16,4.27262017935e-16
shading,spectral_radiance,0.8,0.2,Nikon D700,A,0.0,0.0
shading,cie_xyz,0.8,0.2,Nikon D700,A,0.0,0.0
shading,camera_rgb_raw,0.8,0.2,Nikon D700,A,0.0,0.0
shading,camera_rgb_wb,0.8,0.2,Nikon D700,A,0.0,0.0
shading,spectral_radiance,0.8,0.2,Nikon D80,A,0.0,0.0
shading,cie_xyz,0.8,0.2,Nikon D80,A,0.0,0.0
shading,camera_rgb_raw,0.8,0.2,Nikon D80,A,0.0,0.0
shading,camera_rgb_wb,0.8,0.2,Nikon D80,A,0.0,0.0
shading,spectral_radiance,0.8,0.2,Nikon D80,A,0.0,0.0
shading,cie_xyz,0.8,0.2,Nikon D80,A,0.0,0.0
shading,camera_rgb_raw,0.8,0.2,Nikon D80,A,0.0,0.0
shading,camera_rgb_wb,0.8,0.2,Nikon D80,A,0.0,0.0
shading,spectral_radiance,0.8,0.2,Nikon D80,A,1.73472347598e-18,1.7891896912e-16
shading,cie_xyz,0.8,0.2,Nikon D80,A,5.55111512313e-17,2.23777696865e-16
shading,camera_rgb_raw,0.8,0.2,Nikon D80,A,2.77555756156e-17,1.98988340624e-16
shading,camera_rgb_wb,0.8,0.2,Nikon D80,A,5.55111512313e-17,2.1390398406e-16
shading,spectral_radiance,0.8,0.2,Nikon D80,A,0.0,0.0
shading,cie_xyz,0.8,0.2,Nikon D80,A,0.0,0.0
shading,camera_rgb_raw,0.8,0.2,Nikon D80,A,0.0,0.0
shading,camera_rgb_wb,0.8,0.2,Nikon D80,A,0.0,0.0
shading,spectral_radiance,0.8,0.2,Nikon D90,A,0.0,0.0
shading,cie_xyz,0.8,0.2,Nikon D90,A,0.0,0.0
shading,camera_rgb_raw,0.8,0.2,Nikon D90,A,0.0,0.0
shading,camera_rgb_wb,0.8,0.2,Nikon D90,A,0.0,0.0
shading,spectral_radiance,0.8,0.2,Nikon D90,A,0.0,0.0
shading,cie_xyz,0.8,0.2,Nikon D90,A,0.0,0.0
shading,camera_rgb_raw,0.8,0.2,Nikon D90,A,0.0,0.0
shading,camera_rgb_wb,0.8,0.2,Nikon D90,A,0.0,0.0
shading,spectral_radiance,0.8,0.2,Nikon D90,A,1.73472347598e-18,1.7891896912e-16
shading,cie_xyz,0.8,0.2,Nikon D90,A,5.55111512313e-17,2.23777696865e-16
shading,camera_rgb_raw,0.8,0.2,Nikon D90,A,2.77555756156e-17,2.01062636916e-16
shading,camera_rgb_wb,0.8,0.2,Nikon D90,A,5.55111512313e-17,2.18273599631e-16
shading,spectral_radiance,0.8,0.2,Nikon D90,A,0.0,0.0
shading,cie_xyz,0.8,0.2,Nikon D90,A,0.0,0.0
shading,camera_rgb_raw,0.8,0.2,Nikon D90,A,0.0,0.0
shading,camera_rgb_wb,0.8,0.2,Nikon D90,A,0.0,0.0
shading,spectral_radiance,0.8,0.2,Nokia N900,A,0.0,0.0
shading,cie_xyz,0.8,0.2,Nokia N900,A,0.0,0.0
shading,camera_rgb_raw,0.8,0.2,Nokia N900,A,0.0,0.0
shading,camera_rgb_wb,0.8,0.2,Nokia N900,A,0.0,0.0
shading,spectral_radiance,0.8,0.2,Nokia N900,A,0.0,0.0
shading,cie_xyz,0.8,0.2,Nokia N900,A,0.0,0.0
shading,camera_rgb_raw,0.8,0.2,Nokia N900,A,0.0,0.0
shading,camera_rgb_wb,0.8,0.2,Nokia N900,A,0.0,0.0
shading,spectral_radiance,0.8,0.2,Nokia N900,A,1.73472347598e-18,1.7891896912e-16
shading,cie_xyz,0.8,0.2,Nokia N900,A,5.55111512313e-17,2.23777696865e-16
shading,camera_rgb_raw,0.8,0.2,Nokia N900,A,8.32667268469e-17,3.42902713444e-16
shading,camera_rgb_wb,0.8,0.2,Nokia N900,A,1.11022302463e-16,4.17574641086e-16
shading,spectral_radiance,0.8,0.2,Nokia N900,A,0.0,0.0
shading,cie_xyz,0.8,0.2,Nokia N900,A,0.0,0.0
shading,camera_rgb_raw,0.8,0.2,Nokia N900,A,0.0,0.0
shading,camera_rgb_wb,0.8,0.2,Nokia N900,A,0.0,0.0
shading,spectral_radiance,0.8,0.2,Olympus E-PL2,A,0.0,0.0
shading,cie_xyz,0.8,0.2,Olympus E-PL2,A,0.0,0.0
shading,camera_rgb_raw,0.8,0.2,Olympus E-PL2,A,0.0,0.0
shading,camera_rgb_wb,0.8,0.2,Olympus E-PL2,A,0.0,0.0
shading,spectral_radiance,0.8,0.2,Olympus E-PL2,A,0.0,0.0
shading,cie_xyz,0.8,0.2,Olympus E-PL2,A,0.0,0.0
shading,camera_rgb_raw,0.8,0.2,Olympus E-PL2,A,0.0,0.0
shading,camera_rgb_wb,0.8,0.2,Olympus E-PL2,A,0.0,0.0
shading,spectral_radiance,0.8,0.2,Olympus E-PL2,A,1.73472347598e-18,1.7891896912e-16
shading,cie_xyz,0.8,0.2,Olympus E-PL2,A,5.55111512313e-17,2.23777696865e-16
shading,camera_rgb_raw,0.8,0.2,Olympus E-PL2,A,5.55111512313e-17,2.19545583663e-16
shading,camera_rgb_wb,0.8,0.2,Olympus E-PL2,A,5.55111512313e-17,2.02875453983e-16
shading,spectral_radiance,0.8,0.2,Olympus E-PL2,A,0.0,0.0
shading,cie_xyz,0.8,0.2,Olympus E-PL2,A,0.0,0.0
shading,camera_rgb_raw,0.8,0.2,Olympus E-PL2,A,0.0,0.0
shading,camera_rgb_wb,0.8,0.2,Olympus E-PL2,A,0.0,0.0
shading,spectral_radiance,0.8,0.2,Pentax K-5,A,0.0,0.0
shading,cie_xyz,0.8,0.2,Pentax K-5,A,0.0,0.0
shading,camera_rgb_raw,0.8,0.2,Pentax K-5,A,0.0,0.0
shading,camera_rgb_wb,0.8,0.2,Pentax K-5,A,0.0,0.0
shading,spectral_radiance,0.8,0.2,Pentax K-5,A,0.0,0.0
shading,cie_xyz,0.8,0.2,Pentax K-5,A,0.0,0.0
shading,camera_rgb_raw,0.8,0.2,Pentax K-5,A,0.0,0.0
shading,camera_rgb_wb,0.8,0.2,Pentax K-5,A,0.0,0.0
shading,spectral_radiance,0.8,0.2,Pentax K-5,A,1.73472347598e-18,1.7891896912e-16
shading,cie_xyz,0.8,0.2,Pentax K-5,A,5.55111512313e-17,2.23777696865e-16
shading,camera_rgb_raw,0.8,0.2,Pentax K-5,A,5.55111512313e-17,3.72005889787e-16
shading,camera_rgb_wb,0.8,0.2,Pentax K-5,A,5.55111512313e-17,2.10334789113e-16
shading,spectral_radiance,0.8,0.2,Pentax K-5,A,0.0,0.0
shading,cie_xyz,0.8,0.2,Pentax K-5,A,0.0,0.0
shading,camera_rgb_raw,0.8,0.2,Pentax K-5,A,0.0,0.0
shading,camera_rgb_wb,0.8,0.2,Pentax K-5,A,0.0,0.0
shading,spectral_radiance,0.8,0.2,Pentax Q,A,0.0,0.0
shading,cie_xyz,0.8,0.2,Pentax Q,A,0.0,0.0
shading,camera_rgb_raw,0.8,0.2,Pentax Q,A,0.0,0.0
shading,camera_rgb_wb,0.8,0.2,Pentax Q,A,0.0,0.0
shading,spectral_radiance,0.8,0.2,Pentax Q,A,0.0,0.0
shading,cie_xyz,0.8,0.2,Pentax Q,A,0.0,0.0
shading,camera_rgb_raw,0.8,0.2,Pentax Q,A,0.0,0.0
shading,camera_rgb_wb,0.8,0.2,Pentax Q,A,0.0,0.0
shading,spectral_radiance,0.8,0.2,Pentax Q,A,1.73472347598e-18,1.7891896912e-16
shading,cie_xyz,0.8,0.2,Pentax Q,A,5.55111512313e-17,2.23777696865e-16
shading,camera_rgb_raw,0.8,0.2,Pentax Q,A,6.93889390391e-18,2.6196441553e-17
shading,camera_rgb_wb,0.8,0.2,Pentax Q,A,0.0,0.0
shading,spectral_radiance,0.8,0.2,Pentax Q,A,0.0,0.0
shading,cie_xyz,0.8,0.2,Pentax Q,A,0.0,0.0
shading,camera_rgb_raw,0.8,0.2,Pentax Q,A,0.0,0.0
shading,camera_rgb_wb,0.8,0.2,Pentax Q,A,0.0,0.0
shading,spectral_radiance,0.8,0.2,Point Grey Grasshopper 50S5C,A,0.0,0.0
shading,cie_xyz,0.8,0.2,Point Grey Grasshopper 50S5C,A,0.0,0.0
shading,camera_rgb_raw,0.8,0.2,Point Grey Grasshopper 50S5C,A,0.0,0.0
shading,camera_rgb_wb,0.8,0.2,Point Grey Grasshopper 50S5C,A,0.0,0.0
shading,spectral_radiance,0.8,0.2,Point Grey Grasshopper 50S5C,A,0.0,0.0
shading,cie_xyz,0.8,0.2,Point Grey Grasshopper 50S5C,A,0.0,0.0
shading,camera_rgb_raw,0.8,0.2,Point Grey Grasshopper 50S5C,A,0.0,0.0
shading,camera_rgb_wb,0.8,0.2,Point Grey Grasshopper 50S5C,A,0.0,0.0
shading,spectral_radiance,0.8,0.2,Point Grey Grasshopper 50S5C,A,1.73472347598e-18,1.7891896912e-16
shading,cie_xyz,0.8,0.2,Point Grey Grasshopper 50S5C,A,5.55111512313e-17,2.23777696865e-16
shading,camera_rgb_raw,0.8,0.2,Point Grey Grasshopper 50S5C,A,0.0,0.0
shading,camera_rgb_wb,0.8,0.2,Point Grey Grasshopper 50S5C,A,2.77555756156e-17,7.89895728516e-17
shading,spectral_radiance,0.8,0.2,Point Grey Grasshopper 50S5C,A,0.0,0.0
shading,cie_xyz,0.8,0.2,Point Grey Grasshopper 50S5C,A,0.0,0.0
shading,camera_rgb_raw,0.8,0.2,Point Grey Grasshopper 50S5C,A,0.0,0.0
shading,camera_rgb_wb,0.8,0.2,Point Grey Grasshopper 50S5C,A,0.0,0.0
shading,spectral_radiance,0.8,0.2,Point Grey Grasshopper2 14S5C,A,0.0,0.0
shading,cie_xyz,0.8,0.2,Point Grey Grasshopper2 14S5C,A,0.0,0.0
shading,camera_rgb_raw,0.8,0.2,Point Grey Grasshopper2 14S5C,A,0.0,0.0
shading,camera_rgb_wb,0.8,0.2,Point Grey Grasshopper2 14S5C,A,0.0,0.0
shading,spectral_radiance,0.8,0.2,Point Grey Grasshopper2 14S5C,A,0.0,0.0
shading,cie_xyz,0.8,0.2,Point Grey Grasshopper2 14S5C,A,0.0,0.0
shading,camera_rgb_raw,0.8,0.2,Point Grey Grasshopper2 14S5C,A,0.0,0.0
shading,camera_rgb_wb,0.8,0.2,Point Grey Grasshopper2 14S5C,A,0.0,0.0
shading,spectral_radiance,0.8,0.2,Point Grey Grasshopper2 14S5C,A,1.73472347598e-18,1.7891896912e-16
shading,cie_xyz,0.8,0.2,Point Grey Grasshopper2 14S5C,A,5.55111512313e-17,2.23777696865e-16
shading,camera_rgb_raw,0.8,0.2,Point Grey Grasshopper2 14S5C,A,5.55111512313e-17,2.46372711005e-16
shading,camera_rgb_wb,0.8,0.2,Point Grey Grasshopper2 14S5C,A,1.11022302463e-16,3.64523723807e-16
shading,spectral_radiance,0.8,0.2,Point Grey Grasshopper2 14S5C,A,0.0,0.0
shading,cie_xyz,0.8,0.2,Point Grey Grasshopper2 14S5C,A,0.0,0.0
shading,camera_rgb_raw,0.8,0.2,Point Grey Grasshopper2 14S5C,A,0.0,0.0
shading,camera_rgb_wb,0.8,0.2,Point Grey Grasshopper2 14S5C,A,0.0,0.0
shading,spectral_radiance,0.8,0.2,Phase One,A,0.0,0.0
shading,cie_xyz,0.8,0.2,Phase One,A,0.0,0.0
shading,camera_rgb_raw,0.8,0.2,Phase One,A,0.0,0.0
shading,camera_rgb_wb,0.8,0.2,Phase One,A,0.0,0.0
shading,spectral_radiance,0.8,0.2,Phase One,A,0.0,0.0
shading,cie_xyz,0.8,0.2,Phase One,A,0.0,0.0
shading,camera_rgb_raw,0.8,0.2,Phase One,A,0.0,0.0
shading,camera_rgb_wb,0.8,0.2,Phase One,A,0.0,0.0
shading,spectral_radiance,0.8,0.2,Phase One,A,1.73472347598e-18,1.7891896912e-16
shading,cie_xyz,0.8,0.2,Phase One,A,5.55111512313e-17,2.23777696865e-16
shading,camera_rgb_raw,0.8,0.2,Phase One,A,2.77555756156e-17,2.05053484735e-16
shading,camera_rgb_wb,0.8,0.2,Phase One,A,5.55111512313e-17,2.52735826224e-16
shading,spectral_radiance,0.8,0.2,Phase One,A,0.0,0.0
shading,cie_xyz,0.8,0.2,Phase One,A,0.0,0.0
shading,camera_rgb_raw,0.8,0.2,Phase One,A,0.0,0.0
shading,camera_rgb_wb,0.8,0.2,Phase One,A,0.0,0.0
shading,spectral_radiance,0.8,0.2,SONY NEX-5N,A,0.0,0.0
shading,cie_xyz,0.8,0.2,SONY NEX-5N,A,0.0,0.0
shading,camera_rgb_raw,0.8,0.2,SONY NEX-5N,A,0.0,0.0
shading,camera_rgb_wb,0.8,0.2,SONY NEX-5N,A,0.0,0.0
shading,spectral_radiance,0.8,0.2,SONY NEX-5N,A,0.0,0.0
shading,cie_xyz,0.8,0.2,SONY NEX-5N,A,0.0,0.0
shading,camera_rgb_raw,0.8,0.2,SONY NEX-5N,A,0.0,0.0
shading,camera_rgb_wb,0.8,0.2,SONY NEX-5N,A,0.0,0.0
shading,spectral_radiance,0.8,0.2,SONY NEX-5N,A,1.73472347598e-18,1.7891896912e-16
shading,cie_xyz,0.8,0.2,SONY NEX-5N,A,5.55111512313e-17,2.23777696865e-16
shading,camera_rgb_raw,0.8,0.2,SONY NEX-5N,A,2.77555756156e-17,2.53475423505e-16
shading,camera_rgb_wb,0.8,0.2,SONY NEX-5N,A,4.16333634234e-17,1.6652283792e-16
shading,spectral_radiance,0.8,0.2,SONY NEX-5N,A,0.0,0.0
shading,cie_xyz,0.8,0.2,SONY NEX-5N,A,0.0,0.0
shading,camera_rgb_raw,0.8,0.2,SONY NEX-5N,A,0.0,0.0
shading,camera_rgb_wb,0.8,0.2,SONY NEX-5N,A,0.0,0.0
shading,spectral_radiance,0.8,0.2,Canon 1DMarkIII,FL2,0.0,0.0
shading,cie_xyz,0.8,0.2,Canon 1DMarkIII,FL2,0.0,0.0
shading,camera_rgb_raw,0.8,0.2,Canon 1DMarkIII,FL2,0.0,0.0
shading,camera_rgb_wb,0.8,0.2,Canon 1DMarkIII,FL2,0.0,0.0
shading,spectral_radiance,0.8,0.2,Canon 1DMarkIII,FL2,0.0,0.0
shading,cie_xyz,0.8,0.2,Canon 1DMarkIII,FL2,0.0,0.0
shading,camera_rgb_raw,0.8,0.2,Canon 1DMarkIII,FL2,0.0,0.0
shading,camera_rgb_wb,0.8,0.2,Canon 1DMarkIII,FL2,0.0,0.0
shading,spectral_radiance,0.8,0.2,Canon 1DMarkIII,FL2,4.33680868994e-19,1.60225502548e-16
shading,cie_xyz,0.8,0.2,Canon 1DMarkIII,FL2,8.32667268469e-17,4.85925813706e-16
shading,camera_rgb_raw,0.8,0.2,Canon 1DMarkIII,FL2,1.38777878078e-17,1.71288466485e-16
shading,camera_rgb_wb,0.8,0.2,Canon 1DMarkIII,FL2,2.77555756156e-17,1.33394589011e-16
shading,spectral_radiance,0.8,0.2,Canon 1DMarkIII,FL2,0.0,0.0
shading,cie_xyz,0.8,0.2,Canon 1DMarkIII,FL2,0.0,0.0
shading,camera_rgb_raw,0.8,0.2,Canon 1DMarkIII,FL2,0.0,0.0
shading,camera_rgb_wb,0.8,0.2,Canon 1DMarkIII,FL2,0.0,0.0
shading,spectral_radiance,0.8,0.2,Canon 20D,FL2,0.0,0.0
shading,cie_xyz,0.8,0.2,Canon 20D,FL2,0.0,0.0
shading,camera_rgb_raw,0.8,0.2,Canon 20D,FL2,0.0,0.0
shading,camera_rgb_wb,0.8,0.2,Canon 20D,FL2,0.0,0.0
shading,spectral_radiance,0.8,0.2,Canon 20D,FL2,0.0,0.0
shading,cie_xyz,0.8,0.2,Canon 20D,FL2,0.0,0.0
shading,camera_rgb_raw,0.8,0.2,Canon 20D,FL2,0.0,0.0
shading,camera_rgb_wb,0.8,0.2,Canon 20D,FL2,0.0,0.0
shading,spectral_radiance,0.8,0.2,Canon 20D,FL2,4.33680868994e-19,1.60225502548e-16
shading,cie_xyz,0.8,0.2,Canon 20D,FL2,8.32667268469e-17,4.85925813706e-16
shading,camera_rgb_raw,0.8,0.2,Canon 20D,FL2,1.38777878078e-17,1.53266015607e-16
shading,camera_rgb_wb,0.8,0.2,Canon 20D,FL2,2.77555756156e-17,1.33822543308e-16
shading,spectral_radiance,0.8,0.2,Canon 20D,FL2,0.0,0.0
shading,cie_xyz,0.8,0.2,Canon 20D,FL2,0.0,0.0
shading,camera_rgb_raw,0.8,0.2,Canon 20D,FL2,0.0,0.0
shading,camera_rgb_wb,0.8,0.2,Canon 20D,FL2,0.0,0.0
shading,spectral_radiance,0.8,0.2,Canon 300D,FL2,0.0,0.0
shading,cie_xyz,0.8,0.2,Canon 300D,FL2,0.0,0.0
shading,camera_rgb_raw,0.8,0.2,Canon 300D,FL2,0.0,0.0
shading,camera_rgb_wb,0.8,0.2,Canon 300D,FL2,0.0,0.0
shading,spectral_radiance,0.8,0.2,Canon 300D,FL2,0.0,0.0
shading,cie_xyz,0.8,0.2,Canon 300D,FL2,0.0,0.0
shading,camera_rgb_raw,0.8,0.2,Canon 300D,FL2,0.0,0.0
shading,camera_rgb_wb,0.8,0.2,Canon 300D,FL2,0.0,0.0
shading,spectral_radiance,0.8,0.2,Canon 300D,FL2,4.33680868994e-19,1.60225502548e-16
shading,cie_xyz,0.8,0.2,Canon 300D,FL2,8.32667268469e-17,4.85925813706e-16
shading,camera_rgb_raw,0.8,0.2,Canon 300D,FL2,1.38777878078e-17,1.39059412924e-16
shading,camera_rgb_wb,0.8,0.2,Canon 300D,FL2,6.93889390391e-18,3.28690587455e-17
shading,spectral_radiance,0.8,0.2,Canon 300D,FL2,0.0,0.0
shading,cie_xyz,0.8,0.2,Canon 300D,FL2,0.0,0.0
shading,camera_rgb_raw,0.8,0.2,Canon 300D,FL2,0.0,0.0
shading,camera_rgb_wb,0.8,0.2,Canon 300D,FL2,0.0,0.0
shading,spectral_radiance,0.8,0.2,Canon 40D,FL2,0.0,0.0
shading,cie_xyz,0.8,0.2,Canon 40D,FL2,0.0,0.0
shading,camera_rgb_raw,0.8,0.2,Canon 40D,FL2,0.0,0.0
shading,camera_rgb_wb,0.8,0.2,Canon 40D,FL2,0.0,0.0
shading,spectral_radiance,0.8,0.2,Canon 40D,FL2,0.0,0.0
shading,cie_xyz,0.8,0.2,Canon 40D,FL2,0.0,0.0
shading,camera_rgb_raw,0.8,0.2,Canon 40D,FL2,0.0,0.0
shading,camera_rgb_wb,0.8,0.2,Canon 40D,FL2,0.0,0.0
shading,spectral_radiance,0.8,0.2,Canon 40D,FL2,4.33680868994e-19,1.60225502548e-16
shading,cie_xyz,0.8,0.2,Canon 40D,FL2,8.32667268469e-17,4.85925813706e-16
shading,camera_rgb_raw,0.8,0.2,Canon 40D,FL2,1.38777878078e-17,1.57647164467e-16
shading,camera_rgb_wb,0.8,0.2,Canon 40D,FL2,1.38777878078e-17,6.67036395543e-17
shading,spectral_radiance,0.8,0.2,Canon 40D,FL2,0.0,0.0
shading,cie_xyz,0.8,0.2,Canon 40D,FL2,0.0,0.0
shading,camera_rgb_raw,0.8,0.2,Canon 40D,FL2,0.0,0.0
shading,camera_rgb_wb,0.8,0.2,Canon 40D,FL2,0.0,0.0
shading,spectral_radiance,0.8,0.2,Canon 500D,FL2,0.0,0.0
shading,cie_xyz,0.8,0.2,Canon 500D,FL2,0.0,0.0
shading,camera_rgb_raw,0.8,0.2,Canon 500D,FL2,0.0,0.0
shading,camera_rgb_wb,0.8,0.2,Canon 500D,FL2,0.0,0.0
shading,spectral_radiance,0.8,0.2,Canon 500D,FL2,0.0,0.0
shading,cie_xyz,0.8,0.2,Canon 500D,FL2,0.0,0.0
shading,camera_rgb_raw,0.8,0.2,Canon 500D,FL2,0.0,0.0
shading,camera_rgb_wb,0.8,0.2,Canon 500D,FL2,0.0,0.0
shading,spectral_radiance,0.8,0.2,Canon 500D,FL2,4.33680868994e-19,1.60225502548e-16
shading,cie_xyz,0.8,0.2,Canon 500D,FL2,8.32667268469e-17,4.85925813706e-16
shading,camera_rgb_raw,0.8,0.2,Canon 500D,FL2,0.0,0.0
shading,camera_rgb_wb,0.8,0.2,Canon 500D,FL2,2.77555756156e-17,1.48703932339e-16
shading,spectral_radiance,0.8,0.2,Canon 500D,FL2,0.0,0.0
shading,cie_xyz,0.8,0.2,Canon 500D,FL2,0.0,0.0
shading,camera_rgb_raw,0.8,0.2,Canon 500D,FL2,0.0,0.0
shading,camera_rgb_wb,0.8,0.2,Canon 500D,FL2,0.0,0.0
shading,spectral_radiance,0.8,0.2,Canon 50D,FL2,0.0,0.0
shading,cie_xyz,0.8,0.2,Canon 50D,FL2,0.0,0.0
shading,camera_rgb_raw,0.8,0.2,Canon 50D,FL2,0.0,0.0
shading,camera_rgb_wb,0.8,0.2,Canon 50D,FL2,0.0,0.0
shading,spectral_radiance,0.8,0.2,Canon 50D,FL2,0.0,0.0
shading,cie_xyz,0.8,0.2,Canon 50D,FL2,0.0,0.0
shading,camera_rgb_raw,0.8,0.2,Canon 50D,FL2,0.0,0.0
shading,camera_rgb_wb,0.8,0.2,Canon 50D,FL2,0.0,0.0
shading,spectral_radiance,0.8,0.2,Canon 50D,FL2,4.33680868994e-19,1.60225502548e-16
shading,cie_xyz,0.8,0.2,Canon 50D,FL2,8.32667268469e-17,4.85925813706e-16
shading,camera_rgb_raw,0.8,0.2,Canon 50D,FL2,1.38777878078e-17,1.38919216958e-16
shading,camera_rgb_wb,0.8,0.2,Canon 50D,FL2,2.77555756156e-17,1.4451629276e-16
shading,spectral_radiance,0.8,0.2,Canon 50D,FL2,0.0,0.0
shading,cie_xyz,0.8,0.2,Canon 50D,FL2,0.0,0.0
shading,camera_rgb_raw,0.8,0.2,Canon 50D,FL2,0.0,0.0
shading,camera_rgb_wb,0.8,0.2,Canon 50D,FL2,0.0,0.0
shading,spectral_radiance,0.8,0.2,Canon 5DMarkII,FL2,0.0,0.0
shading,cie_xyz,0.8,0.2,Canon 5DMarkII,FL2,0.0,0.0
shading,camera_rgb_raw,0.8,0.2,Canon 5DMarkII,FL2,0.0,0.0
shading,camera_rgb_wb,0.8,0.2,Canon 5DMarkII,FL2,0.0,0.0
shading,spectral_radiance,0.8,0.2,Canon 5DMarkII,FL2,0.0,0.0
shading,cie_xyz,0.8,0.2,Canon 5DMarkII,FL2,0.0,0.0
shading,camera_rgb_raw,0.8,0.2,Canon 5DMarkII,FL2,0.0,0.0
shading,camera_rgb_wb,0.8,0.2,Canon 5DMarkII,FL2,0.0,0.0
shading,spectral_radiance,0.8,0.2,Canon 5DMarkII,FL2,4.33680868994e-19,1.60225502548e-16
shading,cie_xyz,0.8,0.2,Canon 5DMarkII,FL2,8.32667268469e-17,4.85925813706e-16
shading,camera_rgb_raw,0.8,0.2,Canon 5DMarkII,FL2,1.38777878078e-17,1.5785656564e-16
shading,camera_rgb_wb,0.8,0.2,Canon 5DMarkII,FL2,2.77555756156e-17,1.39870464366e-16
shading,spectral_radiance,0.8,0.2,Canon 5DMarkII,FL2,0.0,0.0
shading,cie_xyz,0.8,0.2,Canon 5DMarkII,FL2,0.0,0.0
shading,camera_rgb_raw,0.8,0.2,Canon 5DMarkII,FL2,0.0,0.0
shading,camera_rgb_wb,0.8,0.2,Canon 5DMarkII,FL2,0.0,0.0
shading,spectral_radiance,0.8,0.2,Canon 600D,FL2,0.0,0.0
shading,cie_xyz,0.8,0.2,Canon 600D,FL2,0.0,0.0
shading,camera_rgb_raw,0.8,0.2,Canon 600D,FL2,0.0,0.0
shading,camera_rgb_wb,0.8,0.2,Canon 600D,FL2,0.0,0.0
shading,spectral_radiance,0.8,0.2,Canon 600D,FL2,0.0,0.0
shading,cie_xyz,0.8,0.2,Canon 600D,FL2,0.0,0.0
shading,camera_rgb_raw,0.8,0.2,Canon 600D,FL2,0.0,0.0
shading,camera_rgb_wb,0.8,0.2,Canon 600D,FL2,0.0,0.0
shading,spectral_radiance,0.8,0.2,Canon 600D,FL2,4.33680868994e-19,1.60225502548e-16
shading,cie_xyz,0.8,0.2,Canon 600D,FL2,8.32667268469e-17,4.85925813706e-16
shading,camera_rgb_raw,0.8,0.2,Canon 600D,FL2,2.77555756156e-17,2.96858701324e-16
shading,camera_rgb_wb,0.8,0.2,Canon 600D,FL2,5.55111512313e-17,2.76458467658e-16
shading,spectral_radiance,0.8,0.2,Canon 600D,FL2,0.0,0.0
shading,cie_xyz,0.8,0.2,Canon 600D,FL2,0.0,0.0
shading,camera_rgb_raw,0.8,0.2,Canon 600D,FL2,0.0,0.0
shading,camera_rgb_wb,0.8,0.2,Canon 600D,FL2,0.0,0.0
shading,spectral_radiance,0.8,0.2,Canon 60D,FL2,0.0,0.0
shading,cie_xyz,0.8,0.2,Canon 60D,FL2,0.0,0.0
shading,camera_rgb_raw,0.8,0.2,Canon 60D,FL2,0.0,0.0
shading,camera_rgb_wb,0.8,0.2,Canon 60D,FL2,0.0,0.0
shading,spectral_radiance,0.8,0.2,Canon 60D,FL2,0.0,0.0
shading,cie_xyz,0.8,0.2,Canon 60D,FL2,0.0,0.0
shading,camera_rgb_raw,0.8,0.2,Canon 60D,FL2,0.0,0.0
shading,camera_rgb_wb,0.8,0.2,Canon 60D,FL2,0.0,0.0
shading,spectral_radiance,0.8,0.2,Canon 60D,FL2,4.33680868994e-19,1.60225502548e-16
shading,cie_xyz,0.8,0.2,Canon 60D,FL2,8.32667268469e-17,4.85925813706e-16
shading,camera_rgb_raw,0.8,0.2,Canon 60D,FL2,2.77555756156e-17,2.95335687997e-16
shading,camera_rgb_wb,0.8,0.2,Canon 60D,FL2,5.55111512313e-17,2.75723606977e-16
shading,spectral_radiance,0.8,0.2,Canon 60D,FL2,0.0,0.0
shading,cie_xyz,0.8,0.2,Canon 60D,FL2,0.0,0.0
shading,camera_rgb_raw,0.8,0.2,Canon 60D,FL2,0.0,0.0
shading,camera_rgb_wb,0.8,0.2,Canon 60D,FL2,0.0,0.0
shading,spectral_radiance,0.8,0.2,Hasselblad H2,FL2,0.0,0.0
shading,cie_xyz,0.8,0.2,Hasselblad H2,FL2,0.0,0.0
shading,camera_rgb_raw,0.8,0.2,Hasselblad H2,FL2,0.0,0.0
shading,camera_rgb_wb,0.8,0.2,Hasselblad H2,FL2,0.0,0.0
shading,spectral_radiance,0.8,0.2,Hasselblad H2,FL2,0.0,0.0
shading,cie_xyz,0.8,0.2,Hasselblad H2,FL2,0.0,0.0
shading,camera_rgb_raw,0.8,0.2,Hasselblad H2,FL2,0.0,0.0
shading,camera_rgb_wb,0.8,0.2,Hasselblad H2,FL2,0.0,0.0
shading,spectral_radiance,0.8,0.2,Hasselblad H2,FL2,4.33680868994e-19,1.60225502548e-16
shading,cie_xyz,0.8,0.2,Hasselblad H2,FL2,8.32667268469e-17,4.85925813706e-16
shading,camera_rgb_raw,0.8,0.2,Hasselblad H2,FL2,1.04083408559e-17,1.34353037555e-16
shading,camera_rgb_wb,0.8,0.2,Hasselblad H2,FL2,2.77555756156e-17,1.23543454411e-16
shading,spectral_radiance,0.8,0.2,Hasselblad H2,FL2,0.0,0.0
shading,cie_xyz,0.8,0.2,Hasselblad H2,FL2,0.0,0.0
shading,camera_rgb_raw,0.8,0.2,Hasselblad H2,FL2,0.0,0.0
shading,camera_rgb_wb,0.8,0.2,Hasselblad H2,FL2,0.0,0.0
shading,spectral_radiance,0.8,0.2,Nikon D3X,FL2,0.0,0.0
shading,cie_xyz,0.8,0.2,Nikon D3X,FL2,0.0,0.0
shading,camera_rgb_raw,0.8,0.2,Nikon D3X,FL2,0.0,0.0
shading,camera_rgb_wb,0.8,0.2,Nikon D3X,FL2,0.0,0.0
shading,spectral_radiance,0.8,0.2,Nikon D3X,FL2,0.0,0.0
shading,cie_xyz,0.8,0.2,Nikon D3X,FL2,0.0,0.0
shading,camera_rgb_raw,0.8,0.2,Nikon D3X,FL2,0.0,0.0
shading,camera_rgb_wb,0.8,0.2,Nikon D3X,FL2,0.0,0.0
shading,spectral_radiance,0.8,0.2,Nikon D3X,FL2,4.33680868994e-19,1.60225502548e-16
shading,cie_xyz,0.8,0.2,Nikon D3X,FL2,8.32667268469e-17,4.85925813706e-16
shading,camera_rgb_raw,0.8,0.2,Nikon D3X,FL2,4.16333634234e-17,4.81526079977e-16
shading,camera_rgb_wb,0.8,0.2,Nikon D3X,FL2,1.11022302463e-16,5.14231246493e-16
shading,spectral_radiance,0.8,0.2,Nikon D3X,FL2,0.0,0.0
shading,cie_xyz,0.8,0.2,Nikon D3X,FL2,0.0,0.0
shading,camera_rgb_raw,0.8,0.2,Nikon D3X,FL2,0.0,0.0
shading,camera_rgb_wb,0.8,0.2,Nikon D3X,FL2,0.0,0.0
shading,spectral_radiance,0.8,0.2,Nikon D200,FL2,0.0,0.0
shading,cie_xyz,0.8,0.2,Nikon D200,FL2,0.0,0.0
shading,camera_rgb_raw,0.8,0.2,Nikon D200,FL2,0.0,0.0
shading,camera_rgb_wb,0.8,0.2,Nikon D200,FL2,0.0,0.0
shading,spectral_radiance,0.8,0.2,Nikon D200,FL2,0.0,0.0
shading,cie_xyz,0.8,0.2,Nikon D200,FL2,0.0,0.0
shading,camera_rgb_raw,0.8,0.2,Nikon D200,FL2,0.0,0.0
shading,camera_rgb_wb,0.8,0.2,Nikon D200,FL2,0.0,0.0
shading,spectral_radiance,0.8,0.2,Nikon D200,FL2,4.33680868994e-19,1.60225502548e-16
shading,cie_xyz,0.8,0.2,Nikon D200,FL2,8.32667268469e-17,4.85925813706e-16
shading,camera_rgb_raw,0.8,0.2,Nikon D200,FL2,2.77555756156e-17,2.90749974412e-16
shading,camera_rgb_wb,0.8,0.2,Nikon D200,FL2,2.77555756156e-17,1.29374360142e-16
shading,spectral_radiance,0.8,0.2,Nikon D200,FL2,0.0,0.0
shading,cie_xyz,0.8,0.2,Nikon D200,FL2,0.0,0.0
shading,camera_rgb_raw,0.8,0.2,Nikon D200,FL2,0.0,0.0
shading,camera_rgb_wb,0.8,0.2,Nikon D200,FL2,0.0,0.0
shading,spectral_radiance,0.8,0.2,Nikon D3,FL2,0.0,0.0
shading,cie_xyz,0.8,0.2,Nikon D3,FL2,0.0,0.0
shading,camera_rgb_raw,0.8,0.2,Nikon D3,FL2,0.0,0.0
shading,camera_rgb_wb,0.8,0.2,Nikon D3,FL2,0.0,0.0
shading,spectral_radiance,0.8,0.2,Nikon D3,FL2,0.0,0.0
shading,cie_xyz,0.8,0.2,Nikon D3,FL2,0.0,0.0
shading,camera_rgb_raw,0.8,0.2,Nikon D3,FL2,0.0,0.0
shading,camera_rgb_wb,0.8,0.2,Nikon D3,FL2,0.0,0.0
shading,spectral_radiance,0.8,0.2,Nikon D3,FL2,4.33680868994e-19,1.60225502548e-16
shading,cie_xyz,0.8,0.2,Nikon D3,FL2,8.32667268469e-17,4.85925813706e-16
shading,camera_rgb_raw,0.8,0.2,Nikon D3,FL2,2.77555756156e-17,3.0573231263e-16
shading,camera_rgb_wb,0.8,0.2,Nikon D3,FL2,4.16333634234e-17,1.95706441707e-16
shading,spectral_radiance,0.8,0.2,Nikon D3,FL2,0.0,0.0
shading,cie_xyz,0.8,0.2,Nikon D3,FL2,0.0,0.0
shading,camera_rgb_raw,0.8,0.2,Nikon D3,FL2,0.0,0.0
shading,camera_rgb_wb,0.8,0.2,Nikon D3,FL2,0.0,0.0
shading,spectral_radiance,0.8,0.2,Nikon D300s,FL2,0.0,0.0
shading,cie_xyz,0.8,0.2,Nikon D300s,FL2,0.0,0.0
shading,camera_rgb_raw,0.8,0.2,Nikon D300s,FL2,0.0,0.0
shading,camera_rgb_wb,0.8,0.2,Nikon D300s,FL2,0.0,0.0
shading,spectral_radiance,0.8,0.2,Nikon D300s,FL2,0.0,0.0
shading,cie_xyz,0.8,0.2,Nikon D300s,FL2,0.0,0.0
shading,camera_rgb_raw,0.8,0.2,Nikon D300s,FL2,0.0,0.0
shading,camera_rgb_wb,0.8,0.2,Nikon D300s,FL2,0.0,0.0
shading,spectral_radiance,0.8,0.2,Nikon D300s,FL2,4.33680868994e-19,1.60225502548e-16
shading,cie_xyz,0.8,0.2,Nikon D300s,FL2,8.32667268469e-17,4.85925813706e-16
shading,camera_rgb_raw,0.8,0.2,Nikon D300s,FL2,3.46944695195e-18,3.24728199748e-17
shading,camera_rgb_wb,0.8,0.2,Nikon D300s,FL2,1.38777878078e-17,6.66465093144e-17
shading,spectral_radiance,0.8,0.2,Nikon D300s,FL2,0.0,0.0
shading,cie_xyz,0.8,0.2,Nikon D300s,FL2,0.0,0.0
shading,camera_rgb_raw,0.8,0.2,Nikon D300s,FL2,0.0,0.0
shading,camera_rgb_wb,0.8,0.2,Nikon D300s,FL2,0.0,0.0
shading,spectral_radiance,0.8,0.2,Nikon D40,FL2,0.0,0.0
shading,cie_xyz,0.8,0.2,Nikon D40,FL2,0.0,0.0
shading,camera_rgb_raw,0.8,0.2,Nikon D40,FL2,0.0,0.0
shading,camera_rgb_wb,0.8,0.2,Nikon D40,FL2,0.0,0.0
shading,spectral_radiance,0.8,0.2,Nikon D40,FL2,0.0,0.0
shading,cie_xyz,0.8,0.2,Nikon D40,FL2,0.0,0.0
shading,camera_rgb_raw,0.8,0.2,Nikon D40,FL2,0.0,0.0
shading,camera_rgb_wb,0.8,0.2,Nikon D40,FL2,0.0,0.0
shading,spectral_radiance,0.8,0.2,Nikon D40,FL2,4.33680868994e-19,1.60225502548e-16
shading,cie_xyz,0.8,0.2,Nikon D40,FL2,8.32667268469e-17,4.85925813706e-16
shading,camera_rgb_raw,0.8,0.2,Nikon D40,FL2,1.38777878078e-17,1.76566282195e-16
shading,camera_rgb_wb,0.8,0.2,Nikon D40,FL2,2.77555756156e-17,1.32694375275e-16
shading,spectral_radiance,0.8,0.2,Nikon D40,FL2,0.0,0.0
shading,cie_xyz,0.8,0.2,Nikon D40,FL2,0.0,0.0
shading,camera_rgb_raw,0.8,0.2,Nikon D40,FL2,0.0,0.0
shading,camera_rgb_wb,0.8,0.2,Nikon D40,FL2,0.0,0.0
shading,spectral_radiance,0.8,0.2,Nikon D50,FL2,0.0,0.0
shading,cie_xyz,0.8,0.2,Nikon D50,FL2,0.0,0.0
shading,camera_rgb_raw,0.8,0.2,Nikon D50,FL2,0.0,0.0
shading,camera_rgb_wb,0.8,0.2,Nikon D50,FL2,0.0,0.0
shading,spectral_radiance,0.8,0.2,Nikon D50,FL2,0.0,0.0
shading,cie_xyz,0.8,0.2,Nikon D50,FL2,0.0,0.0
shading,camera_rgb_raw,0.8,0.2,Nikon D50,FL2,0.0,0.0
shading,camera_rgb_wb,0.8,0.2,Nikon D50,FL2,0.0,0.0
shading,spectral_radiance,0.8,0.2,Nikon D50,FL2,4.33680868994e-19,1.60225502548e-16
shading,cie_xyz,0.8,0.2,Nikon D50,FL2,8.32667268469e-17,4.85925813706e-16
shading,camera_rgb_raw,0.8,0.2,Nikon D50,FL2,2.77555756156e-17,3.63405956084e-16
shading,camera_rgb_wb,0.8,0.2,Nikon D50,FL2,2.77555756156e-17,1.28950359225e-16
shading,spectral_radiance,0.8,0.2,Nikon D50,FL2,0.0,0.0
shading,cie_xyz,0.8,0.2,Nikon D50,FL2,0.0,0.0
shading,camera_rgb_raw,0.8,0.2,Nikon D50,FL2,0.0,0.0
shading,camera_rgb_wb,0.8,0.2,Nikon D50,FL2,0.0,0.0
shading,spectral_radiance,0.8,0.2,Nikon D5100,FL2,0.0,0.0
shading,cie_xyz,0.8,0.2,Nikon D5100,FL2,0.0,0.0
shading,camera_rgb_raw,0.8,0.2,Nikon D5100,FL2,0.0,0.0
shading,camera_rgb_wb,0.8,0.2,Nikon D5100,FL2,0.0,0.0
shading,spectral_radiance,0.8,0.2,Nikon D5100,FL2,0.0,0.0
shading,cie_xyz,0.8,0.2,Nikon D5100,FL2,0.0,0.0
shading,camera_rgb_raw,0.8,0.2,Nikon D5100,FL2,0.0,0.0
shading,camera_rgb_wb,0.8,0.2,Nikon D5100,FL2,0.0,0.0
shading,spectral_radiance,0.8,0.2,Nikon D5100,FL2,4.33680868994e-19,1.60225502548e-16
shading,cie_xyz,0.8,0.2,Nikon D5100,FL2,8.32667268469e-17,4.85925813706e-16
shading,camera_rgb_raw,0.8,0.2,Nikon D5100,FL2,1.38777878078e-17,1.54630334769e-16
shading,camera_rgb_wb,0.8,0.2,Nikon D5100,FL2,2.77555756156e-17,1.33583209074e-16
shading,spectral_radiance,0.8,0.2,Nikon D5100,FL2,0.0,0.0
shading,cie_xyz,0.8,0.2,Nikon D5100,FL2,0.0,0.0
shading,camera_rgb_raw,0.8,0.2,Nikon D5100,FL2,0.0,0.0
shading,camera_rgb_wb,0.8,0.2,Nikon D5100,FL2,0.0,0.0
shading,spectral_radiance,0.8,0.2,Nikon D700,FL2,0.0,0.0
shading,cie_xyz,0.8,0.2,Nikon D700,FL2,0.0,0.0
shading,camera_rgb_raw,0.8,0.2,Nikon D700,FL2,0.0,0.0
shading,camera_rgb_wb,0.8,0.2,Nikon D700,FL2,0.0,0.0
shading,spectral_radiance,0.8,0.2,Nikon D700,FL2,0.0,0.0
shading,cie_xyz,0.8,0.2,Nikon D700,FL2,0.0,0.0
shading,camera_rgb_raw,0.8,0.2,Nikon D700,FL2,0.0,0.0
shading,camera_rgb_wb,0.8,0.2,Nikon D700,FL2,0.0,0.0
shading,spectral_radiance,0.8,0.2,Nikon D700,FL2,4.33680868994e-19,1.60225502548e-16
shading,cie_xyz,0.8,0.2,Nikon D700,FL2,8.32667268469e-17,4.85925813706e-16
shading,camera_rgb_raw,0.8,0.2,Nikon D700,FL2,5.55111512313e-17,5.84432357453e-16
shading,camera_rgb_wb,0.8,0.2,Nikon D700,FL2,1.11022302463e-16,5.20866645506e-16
shading,spectral_radiance,0.8,0.2,Nikon D700,FL2,0.0,0.0
shading,cie_xyz,0.8,0.2,Nikon D700,FL2,0.0,0.0
shading,camera_rgb_raw,0.8,0.2,Nikon D700,FL2,0.0,0.0
shading,camera_rgb_wb,0.8,0.2,Nikon D700,FL2,0.0,0.0
shading,spectral_radiance,0.8,0.2,Nikon D80,FL2,0.0,0.0
shading,cie_xyz,0.8,0.2,Nikon D80,FL2,0.0,0.0
shading,camera_rgb_raw,0.8,0.2,Nikon D80,FL2,0.0,0.0
shading,camera_rgb_wb,0.8,0.2,Nikon D80,FL2,0.0,0.0
shading,spectral_radiance,0.8,0.2,Nikon D80,FL2,0.0,0.0
shading,cie_xyz,0.8,0.2,Nikon D80,FL2,0.0,0.0
shading,camera_rgb_raw,0.8,0.2,Nikon D80,FL2,0.0,0.0
shading,camera_rgb_wb,0.8,0.2,Nikon D80,FL2,0.0,0.0
shading,spectral_radiance,0.8,0.2,Nikon D80,FL2,4.33680868994e-19,1.60225502548e-16
shading,cie_xyz,0.8,0.2,Nikon D80,FL2,8.32667268469e-17,4.85925813706e-16
shading,camera_rgb_raw,0.8,0.2,Nikon D80,FL2,4.16333634234e-17,4.82068398427e-16
shading,camera_rgb_wb,0.8,0.2,Nikon D80,FL2,8.32667268469e-17,3.8783391863e-16
shading,spectral_radiance,0.8,0.2,Nikon D80,FL2,0.0,0.0
shading,cie_xyz,0.8,0.2,Nikon D80,FL2,0.0,0.0
shading,camera_rgb_raw,0.8,0.2,Nikon D80,FL2,0.0,0.0
shading,camera_rgb_wb,0.8,0.2,Nikon D80,FL2,0.0,0.0
shading,spectral_radiance,0.8,0.2,Nikon D90,FL2,0.0,0.0
shading,cie_xyz,0.8,0.2,Nikon D90,FL2,0.0,0.0
shading,camera_rgb_raw,0.8,0.2,Nikon D90,FL2,0.0,0.0
shading,camera_rgb_wb,0.8,0.2,Nikon D90,FL2,0.0,0.0
shading,spectral_radiance,0.8,0.2,Nikon D90,FL2,0.0,0.0
shading,cie_xyz,0.8,0.2,Nikon D90,FL2,0.0,0.0
shading,camera_rgb_raw,0.8,0.2,Nikon D90,FL2,0.0,0.0
shading,camera_rgb_wb,0.8,0.2,Nikon D90,FL2,0.0,0.0
shading,spectral_radiance,0.8,0.2,Nikon D90,FL2,4.33680868994e-19,1.60225502548e-16
shading,cie_xyz,0.8,0.2,Nikon D90,FL2,8.32667268469e-17,4.85925813706e-16
shading,camera_rgb_raw,0.8,0.2,Nikon D90,FL2,2.77555756156e-17,3.22658150123e-16
shading,camera_rgb_wb,0.8,0.2,Nikon D90,FL2,8.32667268469e-17,3.99343925094e-16
shading,spectral_radiance,0.8,0.2,Nikon D90,FL2,0.0,0.0
shading,cie_xyz,0.8,0.2,Nikon D90,FL2,0.0,0.0
shading,camera_rgb_raw,0.8,0.2,Nikon D90,FL2,0.0,0.0
shading,camera_rgb_wb,0.8,0.2,Nikon D90,FL2,0.0,0.0
shading,spectral_radiance,0.8,0.2,Nokia N900,FL2,0.0,0.0
shading,cie_xyz,0.8,0.2,Nokia N900,FL2,0.0,0.0
shading,camera_rgb_raw,0.8,0.2,Nokia N900,FL2,0.0,0.0
shading,camera_rgb_wb,0.8,0.2,Nokia N900,FL2,0.0,0.0
shading,spectral_radiance,0.8,0.2,Nokia N900,FL2,0.0,0.0
shading,cie_xyz,0.8,0.2,Nokia N900,FL2,0.0,0.0
shading,camera_rgb_raw,0.8,0.2,Nokia N900,FL2,0.0,0.0
shading,camera_rgb_wb,0.8,0.2,Nokia N900,FL2,0.0,0.0
shading,spectral_radiance,0.8,0.2,Nokia N900,FL2,4.33680868994e-19,1.60225502548e-16
shading,cie_xyz,0.8,0.2,Nokia N900,FL2,8.32667268469e-17,4.85925813706e-16
shading,camera_rgb_raw,0.8,0.2,Nokia N900,FL2,2.77555756156e-17,1.96569281362e-16
shading,camera_rgb_wb,0.8,0.2,Nokia N900,FL2,5.55111512313e-17,2.48553079705e-16
shading,spectral_radiance,0.8,0.2,Nokia N900,FL2,0.0,0.0
shading,cie_xyz,0.8,0.2,Nokia N900,FL2,0.0,0.0
shading,camera_rgb_raw,0.8,0.2,Nokia N900,FL2,0.0,0.0
shading,camera_rgb_wb,0.8,0.2,Nokia N900,FL2,0.0,0.0
shading,spectral_radiance,0.8,0.2,Olympus E-PL2,FL2,0.0,0.0
shading,cie_xyz,0.8,0.2,Olympus E-PL2,FL2,0.0,0.0
shading,camera_rgb_raw,0.8,0.2,Olympus E-PL2,FL2,0.0,0.0
shading,camera_rgb_wb,0.8,0.2,Olympus E-PL2,FL2,0.0,0.0
shading,spectral_radiance,0.8,0.2,Olympus E-PL2,FL2,0.0,0.0
shading,cie_xyz,0.8,0.2,Olympus E-PL2,FL2,0.0,0.0
shading,camera_rgb_raw,0.8,0.2,Olympus E-PL2,FL2,0.0,0.0
shading,camera_rgb_wb,0.8,0.2,Olympus E-PL2,FL2,0.0,0.0
shading,spectral_radiance,0.8,0.2,Olympus E-PL2,FL2,4.33680868994e-19,1.60225502548e-16
shading,cie_xyz,0.8,0.2,Olympus E-PL2,FL2,8.32667268469e-17,4.85925813706e-16
shading,camera_rgb_raw,0.8,0.2,Olympus E-PL2,FL2,2.77555756156e-17,1.88667190621e-16
shading,camera_rgb_wb,0.8,0.2,Olympus E-PL2,FL2,5.55111512313e-17,2.36339581441e-16
shading,spectral_radiance,0.8,0.2,Olympus E-PL2,FL2,0.0,0.0
shading,cie_xyz,0.8,0.2,Olympus E-PL2,FL2,0.0,0.0
shading,camera_rgb_raw,0.8,0.2,Olympus E-PL2,FL2,0.0,0.0
shading,camera_rgb_wb,0.8,0.2,Olympus E-PL2,FL2,0.0,0.0
shading,spectral_radiance,0.8,0.2,Pentax K-5,FL2,0.0,0.0
shading,cie_xyz,0.8,0.2,Pentax K-5,FL2,0.0,0.0
shading,camera_rgb_raw,0.8,0.2,Pentax K-5,FL2,0.0,0.0
shading,camera_rgb_wb,0.8,0.2,Pentax K-5,FL2,0.0,0.0
shading,spectral_radiance,0.8,0.2,Pentax K-5,FL2,0.0,0.0
shading,cie_xyz,0.8,0.2,Pentax K-5,FL2,0.0,0.0
shading,camera_rgb_raw,0.8,0.2,Pentax K-5,FL2,0.0,0.0
shading,camera_rgb_wb,0.8,0.2,Pentax K-5,FL2,0.0,0.0
shading,spectral_radiance,0.8,0.2,Pentax K-5,FL2,4.33680868994e-19,1.60225502548e-16
shading,cie_xyz,0.8,0.2,Pentax K-5,FL2,8.32667268469e-17,4.85925813706e-16
shading,camera_rgb_raw,0.8,0.2,Pentax K-5,FL2,1.38777878078e-17,1.61909239297e-16
shading,camera_rgb_wb,0.8,0.2,Pentax K-5,FL2,5.55111512313e-17,2.63780209479e-16
shading,spectral_radiance,0.8,0.2,Pentax K-5,FL2,0.0,0.0
shading,cie_xyz,0.8,0.2,Pentax K-5,FL2,0.0,0.0
shading,camera_rgb_raw,0.8,0.2,Pentax K-5,FL2,0.0,0.0
shading,camera_rgb_wb,0.8,0.2,Pentax K-5,FL2,0.0,0.0
shading,spectral_radiance,0.8,0.2,Pentax Q,FL2,0.0,0.0
shading,cie_xyz,0.8,0.2,Pentax Q,FL2,0.0,0.0
shading,camera_rgb_raw,0.8,0.2,Pentax Q,FL2,0.0,0.0
shading,camera_rgb_wb,0.8,0.2,Pentax Q,FL2,0.0,0.0
shading,spectral_radiance,0.8,0.2,Pentax Q,FL2,0.0,0.0
shading,cie_xyz,0.8,0.2,Pentax Q,FL2,0.0,0.0
shading,camera_rgb_raw,0.8,0.2,Pentax Q,FL2,0.0,0.0
shading,camera_rgb_wb,0.8,0.2,Pentax Q,FL2,0.0,0.0
shading,spectral_radiance,0.8,0.2,Pentax Q,FL2,4.33680868994e-19,1.60225502548e-16
shading,cie_xyz,0.8,0.2,Pentax Q,FL2,8.32667268469e-17,4.85925813706e-16
shading,camera_rgb_raw,0.8,0.2,Pentax Q,FL2,5.55111512313e-17,3.89083533328e-16
shading,camera_rgb_wb,0.8,0.2,Pentax Q,FL2,5.55111512313e-17,2.49196002665e-16
shading,spectral_radiance,0.8,0.2,Pentax Q,FL2,0.0,0.0
shading,cie_xyz,0.8,0.2,Pentax Q,FL2,0.0,0.0
shading,camera_rgb_raw,0.8,0.2,Pentax Q,FL2,0.0,0.0
shading,camera_rgb_wb,0.8,0.2,Pentax Q,FL2,0.0,0.0
shading,spectral_radiance,0.8,0.2,Point Grey Grasshopper 50S5C,FL2,0.0,0.0
shading,cie_xyz,0.8,0.2,Point Grey Grasshopper 50S5C,FL2,0.0,0.0
shading,camera_rgb_raw,0.8,0.2,Point Grey Grasshopper 50S5C,FL2,0.0,0.0
shading,camera_rgb_wb,0.8,0.2,Point Grey Grasshopper 50S5C,FL2,0.0,0.0
shading,spectral_radiance,0.8,0.2,Point Grey Grasshopper 50S5C,FL2,0.0,0.0
shading,cie_xyz,0.8,0.2,Point Grey Grasshopper 50S5C,FL2,0.0,0.0
shading,camera_rgb_raw,0.8,0.2,Point Grey Grasshopper 50S5C,FL2,0.0,0.0
shading,camera_rgb_wb,0.8,0.2,Point Grey Grasshopper 50S5C,FL2,0.0,0.0
shading,spectral_radiance,0.8,0.2,Point Grey Grasshopper 50S5C,FL2,4.33680868994e-19,1.60225502548e-16
shading,cie_xyz,0.8,0.2,Point Grey Grasshopper 50S5C,FL2,8.32667268469e-17,4.85925813706e-16
shading,camera_rgb_raw,0.8,0.2,Point Grey Grasshopper 50S5C,FL2,4.16333634234e-17,5.96226330596e-16
shading,camera_rgb_wb,0.8,0.2,Point Grey Grasshopper 50S5C,FL2,1.11022302463e-16,3.98983203945e-16
shading,spectral_radiance,0.8,0.2,Point Grey Grasshopper 50S5C,FL2,0.0,0.0
shading,cie_xyz,0.8,0.2,Point Grey Grasshopper 50S5C,FL2,0.0,0.0
shading,camera_rgb_raw,0.8,0.2,Point Grey Grasshopper 50S5C,FL2,0.0,0.0
shading,camera_rgb_wb,0.8,0.2,Point Grey Grasshopper 50S5C,FL2,0.0,0.0
shading,spectral_radiance,0.8,0.2,Point Grey Grasshopper2 14S5C,FL2,0.0,0.0
shading,cie_xyz,0.8,0.2,Point Grey Grasshopper2 14S5C,FL2,0.0,0.0
shading,camera_rgb_raw,0.8,0.2,Point Grey Grasshopper2 14S5C,FL2,0.0,0.0
shading,camera_rgb_wb,0.8,0.2,Point Grey Grasshopper2 14S5C,FL2,0.0,0.0
shading,spectral_radiance,0.8,0.2,Point Grey Grasshopper2 14S5C,FL2,0.0,0.0
shading,cie_xyz,0.8,0.2,Point Grey Grasshopper2 14S5C,FL2,0.0,0.0
shading,camera_rgb_raw,0.8,0.2,Point Grey Grasshopper2 14S5C,FL2,0.0,0.0
shading,camera_rgb_wb,0.8,0.2,Point Grey Grasshopper2 14S5C,FL2,0.0,0.0
shading,spectral_radiance,0.8,0.2,Point Grey Grasshopper2 14S5C,FL2,4.33680868994e-19,1.60225502548e-16
shading,cie_xyz,0.8,0.2,Point Grey Grasshopper2 14S5C,FL2,8.32667268469e-17,4.85925813706e-16
shading,camera_rgb_raw,0.8,0.2,Point Grey Grasshopper2 14S5C,FL2,1.73472347598e-18,1.76187074573e-17
shading,camera_rgb_wb,0.8,0.2,Point Grey Grasshopper2 14S5C,FL2,2.77555756156e-17,1.13332517091e-16
shading,spectral_radiance,0.8,0.2,Point Grey Grasshopper2 14S5C,FL2,0.0,0.0
shading,cie_xyz,0.8,0.2,Point Grey Grasshopper2 14S5C,FL2,0.0,0.0
shading,camera_rgb_raw,0.8,0.2,Point Grey Grasshopper2 14S5C,FL2,0.0,0.0
shading,camera_rgb_wb,0.8,0.2,Point Grey Grasshopper2 14S5C,FL2,0.0,0.0
shading,spectral_radiance,0.8,0.2,Phase One,FL2,0.0,0.0
shading,cie_xyz,0.8,0.2,Phase One,FL2,0.0,0.0
shading,camera_rgb_raw,0.8,0.2,Phase One,FL2,0.0,0.0
shading,camera_rgb_wb,0.8,0.2,Phase One,FL2,0.0,0.0
shading,spectral_radiance,0.8,0.2,Phase One,FL2,0.0,0.0
shading,cie_xyz,0.8,0.2,Phase One,FL2,0.0,0.0
shading,camera_rgb_raw,0.8,0.2,Phase One,FL2,0.0,0.0
shading,camera_rgb_wb,0.8,0.2,Phase One,FL2,0.0,0.0
shading,spectral_radiance,0.8,0.2,Phase One,FL2,4.33680868994e-19,1.60225502548e-16
shading,cie_xyz,0.8,0.2,Phase One,FL2,8.32667268469e-17,4.85925813706e-16
shading,camera_rgb_raw,0.8,0.2,Phase One,FL2,1.38777878078e-17,1.34954257224e-16
shading,camera_rgb_wb,0.8,0.2,Phase One,FL2,2.77555756156e-17,1.53475420787e-16
shading,spectral_radiance,0.8,0.2,Phase One,FL2,0.0,0.0
shading,cie_xyz,0.8,0.2,Phase One,FL2,0.0,0.0
shading,camera_rgb_raw,0.8,0.2,Phase One,FL2,0.0,0.0
shading,camera_rgb_wb,0.8,0.2,Phase One,FL2,0.0,0.0
shading,spectral_radiance,0.8,0.2,SONY NEX-5N,FL2,0.0,0.0
shading,cie_xyz,0.8,0.2,SONY NEX-5N,FL2,0.0,0.0
shading,camera_rgb_raw,0.8,0.2,SONY NEX-5N,FL2,0.0,0.0
shading,camera_rgb_wb,0.8,0.2,SONY NEX-5N,FL2,0.0,0.0
shading,spectral_radiance,0.8,0.2,SONY NEX-5N,FL2,0.0,0.0
shading,cie_xyz,0.8,0.2,SONY NEX-5N,FL2,0.0,0.0
shading,camera_rgb_raw,0.8,0.2,SONY NEX-5N,FL2,0.0,0.0
shading,camera_rgb_wb,0.8,0.2,SONY NEX-5N,FL2,0.0,0.0
shading,spectral_radiance,0.8,0.2,SONY NEX-5N,FL2,4.33680868994e-19,1.60225502548e-16
shading,cie_xyz,0.8,0.2,SONY NEX-5N,FL2,8.32667268469e-17,4.85925813706e-16
shading,camera_rgb_raw,0.8,0.2,SONY NEX-5N,FL2,1.38777878078e-17,1.84862305325e-16
shading,camera_rgb_wb,0.8,0.2,SONY NEX-5N,FL2,2.77555756156e-17,1.38275476162e-16
shading,spectral_radiance,0.8,0.2,SONY NEX-5N,FL2,0.0,0.0
shading,cie_xyz,0.8,0.2,SONY NEX-5N,FL2,0.0,0.0
shading,camera_rgb_raw,0.8,0.2,SONY NEX-5N,FL2,0.0,0.0
shading,camera_rgb_wb,0.8,0.2,SONY NEX-5N,FL2,0.0,0.0
shading,spectral_radiance,0.8,0.2,Canon 1DMarkIII,FL11,0.0,0.0
shading,cie_xyz,0.8,0.2,Canon 1DMarkIII,FL11,0.0,0.0
shading,camera_rgb_raw,0.8,0.2,Canon 1DMarkIII,FL11,0.0,0.0
shading,camera_rgb_wb,0.8,0.2,Canon 1DMarkIII,FL11,0.0,0.0
shading,spectral_radiance,0.8,0.2,Canon 1DMarkIII,FL11,0.0,0.0
shading,cie_xyz,0.8,0.2,Canon 1DMarkIII,FL11,0.0,0.0
shading,camera_rgb_raw,0.8,0.2,Canon 1DMarkIII,FL11,0.0,0.0
shading,camera_rgb_wb,0.8,0.2,Canon 1DMarkIII,FL11,0.0,0.0
shading,spectral_radiance,0.8,0.2,Canon 1DMarkIII,FL11,1.73472347598e-18,1.69865072806e-16
shading,cie_xyz,0.8,0.2,Canon 1DMarkIII,FL11,5.55111512313e-17,2.82140345373e-16
shading,camera_rgb_raw,0.8,0.2,Canon 1DMarkIII,FL11,4.16333634234e-17,4.39442252585e-16
shading,camera_rgb_wb,0.8,0.2,Canon 1DMarkIII,FL11,6.93889390391e-17,3.01070951448e-16
shading,spectral_radiance,0.8,0.2,Canon 1DMarkIII,FL11,0.0,0.0
shading,cie_xyz,0.8,0.2,Canon 1DMarkIII,FL11,0.0,0.0
shading,camera_rgb_raw,0.8,0.2,Canon 1DMarkIII,FL11,0.0,0.0
shading,camera_rgb_wb,0.8,0.2,Canon 1DMarkIII,FL11,0.0,0.0
shading,spectral_radiance,0.8,0.2,Canon 20D,FL11,0.0,0.0
shading,cie_xyz,0.8,0.2,Canon 20D,FL11,0.0,0.0
shading,camera_rgb_raw,0.8,0.2,Canon 20D,FL11,0.0,0.0
shading,camera_rgb_wb,0.8,0.2,Canon 20D,FL11,0.0,0.0
shading,spectral_radiance,0.8,0.2,Canon 20D,FL11,0.0,0.0
shading,cie_xyz,0.8,0.2,Canon 20D,FL11,0.0,0.0
shading,camera_rgb_raw,0.8,0.2,Canon 20D,FL11,0.0,0.0
shading,camera_rgb_wb,0.8,0.2,Canon 20D,FL11,0.0,0.0
shading,spectral_radiance,0.8,0.2,Canon 20D,FL11,1.73472347598e-18,1.69865072806e-16
shading,cie_xyz,0.8,0.2,Canon 20D,FL11,5.55111512313e-17,2.82140345373e-16
shading,camera_rgb_raw,0.8,0.2,Canon 20D,FL11,1.38777878078e-17,1.31154615107e-16
shading,camera_rgb_wb,0.8,0.2,Canon 20D,FL11,2.77555756156e-17,1.20494337522e-16
shading,spectral_radiance,0.8,0.2,Canon 20D,FL11,0.0,0.0
shading,cie_xyz,0.8,0.2,Canon 20D,FL11,0.0,0.0
shading,camera_rgb_raw,0.8,0.2,Canon 20D,FL11,0.0,0.0
shading,camera_rgb_wb,0.8,0.2,Canon 20D,FL11,0.0,0.0
shading,spectral_radiance,0.8,0.2,Canon 300D,FL11,0.0,0.0
shading,cie_xyz,0.8,0.2,Canon 300D,FL11,0.0,0.0
shading,camera_rgb_raw,0.8,0.2,Canon 300D,FL11,0.0,0.0
shading,camera_rgb_wb,0.8,0.2,Canon 300D,FL11,0.0,0.0
shading,spectral_radiance,0.8,0.2,Canon 300D,FL11,0.0,0.0
shading,cie_xyz,0.8,0.2,Canon 300D,FL11,0.0,0.0
shading,camera_rgb_raw,0.8,0.2,Canon 300D,FL11,0.0,0.0
shading,camera_rgb_wb,0.8,0.2,Canon 300D,FL11,0.0,0.0
shading,spectral_radiance,0.8,0.2,Canon 300D,FL11,1.73472347598e-18,1.69865072806e-16
shading,cie_xyz,0.8,0.2,Canon 300D,FL11,5.55111512313e-17,2.82140345373e-16
shading,camera_rgb_raw,0.8,0.2,Canon 300D,FL11,4.16333634234e-17,3.70530307892e-16
shading,camera_rgb_wb,0.8,0.2,Canon 300D,FL11,5.55111512313e-17,2.2474191019e-16
shading,spectral_radiance,0.8,0.2,Canon 300D,FL11,0.0,0.0
shading,cie_xyz,0.8,0.2,Canon 300D,FL11,0.0,0.0
shading,camera_rgb_raw,0.8,0.2,Canon 300D,FL11,0.0,0.0
shading,camera_rgb_wb,0.8,0.2,Canon 300D,FL11,0.0,0.0
shading,spectral_radiance,0.8,0.2,Canon 40D,FL11,0.0,0.0
shading,cie_xyz,0.8,0.2,Canon 40D,FL11,0.0,0.0
shading,camera_rgb_raw,0.8,0.2,Canon 40D,FL11,0.0,0.0
shading,camera_rgb_wb,0.8,0.2,Canon 40D,FL11,0.0,0.0
shading,spectral_radiance,0.8,0.2,Canon 40D,FL11,0.0,0.0
shading,cie_xyz,0.8,0.2,Canon 40D,FL11,0.0,0.0
shading,camera_rgb_raw,0.8,0.2,Canon 40D,FL11,0.0,0.0
shading,camera_rgb_wb,0.8,0.2,Canon 40D,FL11,0.0,0.0
shading,spectral_radiance,0.8,0.2,Canon 40D,FL11,1.73472347598e-18,1.69865072806e-16
shading,cie_xyz,0.8,0.2,Canon 40D,FL11,5.55111512313e-17,2.82140345373e-16
shading,camera_rgb_raw,0.8,0.2,Canon 40D,FL11,2.77555756156e-17,2.94228815214e-16
shading,camera_rgb_wb,0.8,0.2,Canon 40D,FL11,5.55111512313e-17,2.41793967975e-16
shading,spectral_radiance,0.8,0.2,Canon 40D,FL11,0.0,0.0
shading,cie_xyz,0.8,0.2,Canon 40D,FL11,0.0,0.0
shading,camera_rgb_raw,0.8,0.2,Canon 40D,FL11,0.0,0.0
shading,camera_rgb_wb,0.8,0.2,Canon 40D,FL11,0.0,0.0
shading,spectral_radiance,0.8,0.2,Canon 500D,FL11,0.0,0.0
shading,cie_xyz,0.8,0.2,Canon 500D,FL11,0.0,0.0
shading,camera_rgb_raw,0.8,0.2,Canon 500D,FL11,0.0,0.0
shading,camera_rgb_wb,0.8,0.2,Canon 500D,FL11,0.0,0.0
shading,spectral_radiance,0.8,0.2,Canon 500D,FL11,0.0,0.0
shading,cie_xyz,0.8,0.2,Canon 500D,FL11,0.0,0.0
shading,camera_rgb_raw,0.8,0.2,Canon 500D,FL11,0.0,0.0
shading,camera_rgb_wb,0.8,0.2,Canon 500D,FL11,0.0,0.0
shading,spectral_radiance,0.8,0.2,Canon 500D,FL11,1.73472347598e-18,1.69865072806e-16
shading,cie_xyz,0.8,0.2,Canon 500D,FL11,5.55111512313e-17,2.82140345373e-16
shading,camera_rgb_raw,0.8,0.2,Canon 500D,FL11,6.93889390391e-17,6.82741559062e-16
shading,camera_rgb_wb,0.8,0.2,Canon 500D,FL11,1.38777878078e-16,6.69215691983e-16
shading,spectral_radiance,0.8,0.2,Canon 500D,FL11,0.0,0.0
shading,cie_xyz,0.8,0.2,Canon 500D,FL11,0.0,0.0
shading,camera_rgb_raw,0.8,0.2,Canon 500D,FL11,0.0,0.0
shading,camera_rgb_wb,0.8,0.2,Canon 500D,FL11,0.0,0.0
shading,spectral_radiance,0.8,0.2,Canon 50D,FL11,0.0,0.0
shading,cie_xyz,0.8,0.2,Canon 50D,FL11,0.0,0.0
shading,camera_rgb_raw,0.8,0.2,Canon 50D,FL11,0.0,0.0
shading,camera_rgb_wb,0.8,0.2,Canon 50D,FL11,0.0,0.0
shading,spectral_radiance,0.8,0.2,Canon 50D,FL11,0.0,0.0
shading,cie_xyz,0.8,0.2,Canon 50D,FL11,0.0,0.0
shading,camera_rgb_raw,0.8,0.2,Canon 50D,FL11,0.0,0.0
shading,camera_rgb_wb,0.8,0.2,Canon 50D,FL11,0.0,0.0
shading,spectral_radiance,0.8,0.2,Canon 50D,FL11,1.73472347598e-18,1.69865072806e-16
shading,cie_xyz,0.8,0.2,Canon 50D,FL11,5.55111512313e-17,2.82140345373e-16
shading,camera_rgb_raw,0.8,0.2,Canon 50D,FL11,2.77555756156e-17,2.71613053328e-16
shading,camera_rgb_wb,0.8,0.2,Canon 50D,FL11,2.77555756156e-17,1.30430774456e-16
shading,spectral_radiance,0.8,0.2,Canon 50D,FL11,0.0,0.0
shading,cie_xyz,0.8,0.2,Canon 50D,FL11,0.0,0.0
shading,camera_rgb_raw,0.8,0.2,Canon 50D,FL11,0.0,0.0
shading,camera_rgb_wb,0.8,0.2,Canon 50D,FL11,0.0,0.0
shading,spectral_radiance,0.8,0.2,Canon 5DMarkII,FL11,0.0,0.0
shading,cie_xyz,0.8,0.2,Canon 5DMarkII,FL11,0.0,0.0
shading,camera_rgb_raw,0.8,0.2,Canon 5DMarkII,FL11,0.0,0.0
shading,camera_rgb_wb,0.8,0.2,Canon 5DMarkII,FL11,0.0,0.0
shading,spectral_radiance,0.8,0.2,Canon 5DMarkII,FL11,0.0,0.0
shading,cie_xyz,0.8,0.2,Canon 5DMarkII,FL11,0.0,0.0
shading,camera_rgb_raw,0.8,0.2,Canon 5DMarkII,FL11,0.0,0.0
shading,camera_rgb_wb,0.8,0.2,Canon 5DMarkII,FL11,0.0,0.0
shading,spectral_radiance,0.8,0.2,Canon 5DMarkII,FL11,1.73472347598e-18,1.69865072806e-16
shading,cie_xyz,0.8,0.2,Canon 5DMarkII,FL11,5.55111512313e-17,2.82140345373e-16
shading,camera_rgb_raw,0.8,0.2,Canon 5DMarkII,FL11,1.38777878078e-17,1.41878223787e-16
shading,camera_rgb_wb,0.8,0.2,Canon 5DMarkII,FL11,4.16333634234e-17,1.9057487498e-16
shading,spectral_radiance,0.8,0.2,Canon 5DMarkII,FL11,0.0,0.0
shading,cie_xyz,0.8,0.2,Canon 5DMarkII,FL11,0.0,0.0
shading,camera_rgb_raw,0.8,0.2,Canon 5DMarkII,FL11,0.0,0.0
shading,camera_rgb_wb,0.8,0.2,Canon 5DMarkII,FL11,0.0,0.0
shading,spectral_radiance,0.8,0.2,Canon 600D,FL11,0.0,0.0
shading,cie_xyz,0.8,0.2,Canon 600D,FL11,0.0,0.0
shading,camera_rgb_raw,0.8,0.2,Canon 600D,FL11,0.0,0.0
shading,camera_rgb_wb,0.8,0.2,Canon 600D,FL11,0.0,0.0
shading,spectral_radiance,0.8,0.2,Canon 600D,FL11,0.0,0.0
shading,cie_xyz,0.8,0.2,Canon 600D,FL11,0.0,0.0
shading,camera_rgb_raw,0.8,0.2,Canon 600D,FL11,0.0,0.0
shading,camera_rgb_wb,0.8,0.2,Canon 600D,FL11,0.0,0.0
shading,spectral_radiance,0.8,0.2,Canon 600D,FL11,1.73472347598e-18,1.69865072806e-16
shading,cie_xyz,0.8,0.2,Canon 600D,FL11,5.55111512313e-17,2.82140345373e-16
shading,camera_rgb_raw,0.8,0.2,Canon 600D,FL11,4.16333634234e-17,4.34589395922e-16
shading,camera_rgb_wb,0.8,0.2,Canon 600D,FL11,1.11022302463e-16,4.9317356624e-16
shading,spectral_radiance,0.8,0.2,Canon 600D,FL11,0.0,0.0
shading,cie_xyz,0.8,0.2,Canon 600D,FL11,0.0,0.0
shading,camera_rgb_raw,0.8,0.2,Canon 600D,FL11,0.0,0.0
shading,camera_rgb_wb,0.8,0.2,Canon 600D,FL11,0.0,0.0
shading,spectral_radiance,0.8,0.2,Canon 60D,FL11,0.0,0.0
shading,cie_xyz,0.8,0.2,Canon 60D,FL11,0.0,0.0
shading,camera_rgb_raw,0.8,0.2,Canon 60D,FL11,0.0,0.0
shading,camera_rgb_wb,0.8,0.2,Canon 60D,FL11,0.0,0.0
shading,spectral_radiance,0.8,0.2,Canon 60D,FL11,0.0,0.0
shading,cie_xyz,0.8,0.2,Canon 60D,FL11,0.0,0.0
shading,camera_rgb_raw,0.8,0.2,Canon 60D,FL11,0.0,0.0
shading,camera_rgb_wb,0.8,0.2,Canon 60D,FL11,0.0,0.0
shading,spectral_radiance,0.8,0.2,Canon 60D,FL11,1.73472347598e-18,1.69865072806e-16
shading,cie_xyz,0.8,0.2,Canon 60D,FL11,5.55111512313e-17,2.82140345373e-16
shading,camera_rgb_raw,0.8,0.2,Canon 60D,FL11,1.38777878078e-17,1.42349595983e-16
shading,camera_rgb_wb,0.8,0.2,Canon 60D,FL11,2.77555756156e-17,1.23232999128e-16
shading,spectral_radiance,0.8,0.2,Canon 60D,FL11,0.0,0.0
shading,cie_xyz,0.8,0.2,Canon 60D,FL11,0.0,0.0
shading,camera_rgb_raw,0.8,0.2,Canon 60D,FL11,0.0,0.0
shading,camera_rgb_wb,0.8,0.2,Canon 60D,FL11,0.0,0.0
shading,spectral_radiance,0.8,0.2,Hasselblad H2,FL11,0.0,0.0
shading,cie_xyz,0.8,0.2,Hasselblad H2,FL11,0.0,0.0
shading,camera_rgb_raw,0.8,0.2,Hasselblad H2,FL11,0.0,0.0
shading,camera_rgb_wb,0.8,0.2,Hasselblad H2,FL11,0.0,0.0
shading,spectral_radiance,0.8,0.2,Hasselblad H2,FL11,0.0,0.0
shading,cie_xyz,0.8,0.2,Hasselblad H2,FL11,0.0,0.0
shading,camera_rgb_raw,0.8,0.2,Hasselblad H2,FL11,0.0,0.0
shading,camera_rgb_wb,0.8,0.2,Hasselblad H2,FL11,0.0,0.0
shading,spectral_radiance,0.8,0.2,Hasselblad H2,FL11,1.73472347598e-18,1.69865072806e-16
shading,cie_xyz,0.8,0.2,Hasselblad H2,FL11,5.55111512313e-17,2.82140345373e-16
shading,camera_rgb_raw,0.8,0.2,Hasselblad H2,FL11,3.46944695195e-18,4.2243598741e-17
shading,camera_rgb_wb,0.8,0.2,Hasselblad H2,FL11,1.38777878078e-17,5.71961901452e-17
shading,spectral_radiance,0.8,0.2,Hasselblad H2,FL11,0.0,0.0
shading,cie_xyz,0.8,0.2,Hasselblad H2,FL11,0.0,0.0
shading,camera_rgb_raw,0.8,0.2,Hasselblad H2,FL11,0.0,0.0
shading,camera_rgb_wb,0.8,0.2,Hasselblad H2,FL11,0.0,0.0
shading,spectral_radiance,0.8,0.2,Nikon D3X,FL11,0.0,0.0
shading,cie_xyz,0.8,0.2,Nikon D3X,FL11,0.0,0.0
shading,camera_rgb_raw,0.8,0.2,Nikon D3X,FL11,0.0,0.0
shading,camera_rgb_wb,0.8,0.2,Nikon D3X,FL11,0.0,0.0
shading,spectral_radiance,0.8,0.2,Nikon D3X,FL11,0.0,0.0
shading,cie_xyz,0.8,0.2,Nikon D3X,FL11,0.0,0.0
shading,camera_rgb_raw,0.8,0.2,Nikon D3X,FL11,0.0,0.0
shading,camera_rgb_wb,0.8,0.2,Nikon D3X,FL11,0.0,0.0
shading,spectral_radiance,0.8,0.2,Nikon D3X,FL11,1.73472347598e-18,1.69865072806e-16
shading,cie_xyz,0.8,0.2,Nikon D3X,FL11,5.55111512313e-17,2.82140345373e-16
shading,camera_rgb_raw,0.8,0.2,Nikon D3X,FL11,4.16333634234e-17,4.09391896577e-16
shading,camera_rgb_wb,0.8,0.2,Nikon D3X,FL11,5.55111512313e-17,2.30354982183e-16
shading,spectral_radiance,0.8,0.2,Nikon D3X,FL11,0.0,0.0
shading,cie_xyz,0.8,0.2,Nikon D3X,FL11,0.0,0.0
shading,camera_rgb_raw,0.8,0.2,Nikon D3X,FL11,0.0,0.0
shading,camera_rgb_wb,0.8,0.2,Nikon D3X,FL11,0.0,0.0
shading,spectral_radiance,0.8,0.2,Nikon D200,FL11,0.0,0.0
shading,cie_xyz,0.8,0.2,Nikon D200,FL11,0.0,0.0
shading,camera_rgb_raw,0.8,0.2,Nikon D200,FL11,0.0,0.0
shading,camera_rgb_wb,0.8,0.2,Nikon D200,FL11,0.0,0.0
shading,spectral_radiance,0.8,0.2,Nikon D200,FL11,0.0,0.0
shading,cie_xyz,0.8,0.2,Nikon D200,FL11,0.0,0.0
shading,camera_rgb_raw,0.8,0.2,Nikon D200,FL11,0.0,0.0
shading,camera_rgb_wb,0.8,0.2,Nikon D200,FL11,0.0,0.0
shading,spectral_radiance,0.8,0.2,Nikon D200,FL11,1.73472347598e-18,1.69865072806e-16
shading,cie_xyz,0.8,0.2,Nikon D200,FL11,5.55111512313e-17,2.82140345373e-16
shading,camera_rgb_raw,0.8,0.2,Nikon D200,FL11,1.38777878078e-17,1.22308712618e-16
shading,camera_rgb_wb,0.8,0.2,Nikon D200,FL11,1.38777878078e-17,5.77533639459e-17
shading,spectral_radiance,0.8,0.2,Nikon D200,FL11,0.0,0.0
shading,cie_xyz,0.8,0.2,Nikon D200,FL11,0.0,0.0
shading,camera_rgb_raw,0.8,0.2,Nikon D200,FL11,0.0,0.0
shading,camera_rgb_wb,0.8,0.2,Nikon D200,FL11,0.0,0.0
shading,spectral_radiance,0.8,0.2,Nikon D3,FL11,0.0,0.0
shading,cie_xyz,0.8,0.2,Nikon D3,FL11,0.0,0.0
shading,camera_rgb_raw,0.8,0.2,Nikon D3,FL11,0.0,0.0
shading,camera_rgb_wb,0.8,0.2,Nikon D3,FL11,0.0,0.0
shading,spectral_radiance,0.8,0.2,Nikon D3,FL11,0.0,0.0
shading,cie_xyz,0.8,0.2,Nikon D3,FL11,0.0,0.0
shading,camera_rgb_raw,0.8,0.2,Nikon D3,FL11,0.0,0.0
shading,camera_rgb_wb,0.8,0.2,Nikon D3,FL11,0.0,0.0
shading,spectral_radiance,0.8,0.2,Nikon D3,FL11,1.73472347598e-18,1.69865072806e-16
shading,cie_xyz,0.8,0.2,Nikon D3,FL11,5.55111512313e-17,2.82140345373e-16
shading,camera_rgb_raw,0.8,0.2,Nikon D3,FL11,1.38777878078e-17,1.28647157309e-16
shading,camera_rgb_wb,0.8,0.2,Nikon D3,FL11,5.55111512313e-17,2.32160057829e-16
shading,spectral_radiance,0.8,0.2,Nikon D3,FL11,0.0,0.0
shading,cie_xyz,0.8,0.2,Nikon D3,FL11,0.0,0.0
shading,camera_rgb_raw,0.8,0.2,Nikon D3,FL11,0.0,0.0
shading,camera_rgb_wb,0.8,0.2,Nikon D3,FL11,0.0,0.0
shading,spectral_radiance,0.8,0.2,Nikon D300s,FL11,0.0,0.0
shading,cie_xyz,0.8,0.2,Nikon D300s,FL11,0.0,0.0
shading,camera_rgb_raw,0.8,0.2,Nikon D300s,FL11,0.0,0.0
shading,camera_rgb_wb,0.8,0.2,Nikon D300s,FL11,0.0,0.0
shading,spectral_radiance,0.8,0.2,Nikon D300s,FL11,0.0,0.0
shading,cie_xyz,0.8,0.2,Nikon D300s,FL11,0.0,0.0
shading,camera_rgb_raw,0.8,0.2,Nikon D300s,FL11,0.0,0.0
shading,camera_rgb_wb,0.8,0.2,Nikon D300s,FL11,0.0,0.0
shading,spectral_radiance,0.8,0.2,Nikon D300s,FL11,1.73472347598e-18,1.69865072806e-16
shading,cie_xyz,0.8,0.2,Nikon D300s,FL11,5.55111512313e-17,2.82140345373e-16
shading,camera_rgb_raw,0.8,0.2,Nikon D300s,FL11,1.38777878078e-17,1.1010082282e-16
shading,camera_rgb_wb,0.8,0.2,Nikon D300s,FL11,2.77555756156e-17,1.18403922868e-16
shading,spectral_radiance,0.8,0.2,Nikon D300s,FL11,0.0,0.0
shading,cie_xyz,0.8,0.2,Nikon D300s,FL11,0.0,0.0
shading,camera_rgb_raw,0.8,0.2,Nikon D300s,FL11,0.0,0.0
shading,camera_rgb_wb,0.8,0.2,Nikon D300s,FL11,0.0,0.0
shading,spectral_radiance,0.8,0.2,Nikon D40,FL11,0.0,0.0
shading,cie_xyz,0.8,0.2,Nikon D40,FL11,0.0,0.0
shading,camera_rgb_raw,0.8,0.2,Nikon D40,FL11,0.0,0.0
shading,camera_rgb_wb,0.8,0.2,Nikon D40,FL11,0.0,0.0
shading,spectral_radiance,0.8,0.2,Nikon D40,FL11,0.0,0.0
shading,cie_xyz,0.8,0.2,Nikon D40,FL11,0.0,0.0
shading,camera_rgb_raw,0.8,0.2,Nikon D40,FL11,0.0,0.0
shading,camera_rgb_wb,0.8,0.2,Nikon D40,FL11,0.0,0.0
shading,spectral_radiance,0.8,0.2,Nikon D40,FL11,1.73472347598e-18,1.69865072806e-16
shading,cie_xyz,0.8,0.2,Nikon D40,FL11,5.55111512313e-17,2.82140345373e-16
shading,camera_rgb_raw,0.8,0.2,Nikon D40,FL11,4.16333634234e-17,4.57521501439e-16
shading,camera_rgb_wb,0.8,0.2,Nikon D40,FL11,5.55111512313e-17,2.34229957276e-16
shading,spectral_radiance,0.8,0.2,Nikon D40,FL11,0.0,0.0
shading,cie_xyz,0.8,0.2,Nikon D40,FL11,0.0,0.0
shading,camera_rgb_raw,0.8,0.2,Nikon D40,FL11,0.0,0.0
shading,camera_rgb_wb,0.8,0.2,Nikon D40,FL11,0.0,0.0
shading,spectral_radiance,0.8,0.2,Nikon D50,FL11,0.0,0.0
shading,cie_xyz,0.8,0.2,Nikon D50,FL11,0.0,0.0
shading,camera_rgb_raw,0.8,0.2,Nikon D50,FL11,0.0,0.0
shading,camera_rgb_wb,0.8,0.2,Nikon D50,FL11,0.0,0.0
shading,spectral_radiance,0.8,0.2,Nikon D50,FL11,0.0,0.0
shading,cie_xyz,0.8,0.2,Nikon D50,FL11,0.0,0.0
shading,camera_rgb_raw,0.8,0.2,Nikon D50,FL11,0.0,0.0
shading,camera_rgb_wb,0.8,0.2,Nikon D50,FL11,0.0,0.0
shading,spectral_radiance,0.8,0.2,Nikon D50,FL11,1.73472347598e-18,1.69865072806e-16
shading,cie_xyz,0.8,0.2,Nikon D50,FL11,5.55111512313e-17,2.82140345373e-16
shading,camera_rgb_raw,0.8,0.2,Nikon D50,FL11,2.77555756156e-17,3.06166243294e-16
shading,camera_rgb_wb,0.8,0.2,Nikon D50,FL11,4.16333634234e-17,1.73304359423e-16
shading,spectral_radiance,0.8,0.2,Nikon D50,FL11,0.0,0.0
shading,cie_xyz,0.8,0.2,Nikon D50,FL11,0.0,0.0
shading,camera_rgb_raw,0.8,0.2,Nikon D50,FL11,0.0,0.0
shading,camera_rgb_wb,0.8,0.2,Nikon D50,FL11,0.0,0.0
shading,spectral_radiance,0.8,0.2,Nikon D5100,FL11,0.0,0.0
shading,cie_xyz,0.8,0.2,Nikon D5100,FL11,0.0,0.0
shading,camera_rgb_raw,0.8,0.2,Nikon D5100,FL11,0.0,0.0
shading,camera_rgb_wb,0.8,0.2,Nikon D5100,FL11,0.0,0.0
shading,spectral_radiance,0.8,0.2,Nikon D5100,FL11,0.0,0.0
shading,cie_xyz,0.8,0.2,Nikon D5100,FL11,0.0,0.0
shading,camera_rgb_raw,0.8,0.2,Nikon D5100,FL11,0.0,0.0
shading,camera_rgb_wb,0.8,0.2,Nikon D5100,FL11,0.0,0.0
shading,spectral_radiance,0.8,0.2,Nikon D5100,FL11,1.73472347598e-18,1.69865072806e-16
shading,cie_xyz,0.8,0.2,Nikon D5100,FL11,5.55111512313e-17,2.82140345373e-16
shading,camera_rgb_raw,0.8,0.2,Nikon D5100,FL11,1.38777878078e-17,1.34239940888e-16
shading,camera_rgb_wb,0.8,0.2,Nikon D5100,FL11,2.77555756156e-17,1.19043917465e-16
shading,spectral_radiance,0.8,0.2,Nikon D5100,FL11,0.0,0.0
shading,cie_xyz,0.8,0.2,Nikon D5100,FL11,0.0,0.0
shading,camera_rgb_raw,0.8,0.2,Nikon D5100,FL11,0.0,0.0
shading,camera_rgb_wb,0.8,0.2,Nikon D5100,FL11,0.0,0.0
shading,spectral_radiance,0.8,0.2,Nikon D700,FL11,0.0,0.0
shading,cie_xyz,0.8,0.2,Nikon D700,FL11,0.0,0.0
shading,camera_rgb_raw,0.8,0.2,Nikon D700,FL11,0.0,0.0
shading,camera_rgb_wb,0.8,0.2,Nikon D700,FL11,0.0,0.0
shading,spectral_radiance,0.8,0.2,Nikon D700,FL11,0.0,0.0
shading,cie_xyz,0.8,0.2,Nikon D700,FL11,0.0,0.0
shading,camera_rgb_raw,0.8,0.2,Nikon D700,FL11,0.0,0.0
shading,camera_rgb_wb,0.8,0.2,Nikon D700,FL11,0.0,0.0
shading,spectral_radiance,0.8,0.2,Nikon D700,FL11,1.73472347598e-18,1.69865072806e-16
shading,cie_xyz,0.8,0.2,Nikon D700,FL11,5.55111512313e-17,2.82140345373e-16
shading,camera_rgb_raw,0.8,0.2,Nikon D700,FL11,2.77555756156e-17,2.47385644845e-16
shading,camera_rgb_wb,0.8,0.2,Nikon D700,FL11,8.32667268469e-17,3.47813792688e-16
shading,spectral_radiance,0.8,0.2,Nikon D700,FL11,0.0,0.0
shading,cie_xyz,0.8,0.2,Nikon D700,FL11,0.0,0.0
shading,camera_rgb_raw,0.8,0.2,Nikon D700,FL11,0.0,0.0
shading,camera_rgb_wb,0.8,0.2,Nikon D700,FL11,0.0,0.0
shading,spectral_radiance,0.8,0.2,Nikon D80,FL11,0.0,0.0
shading,cie_xyz,0.8,0.2,Nikon D80,FL11,0.0,0.0
shading,camera_rgb_raw,0.8,0.2,Nikon D80,FL11,0.0,0.0
shading,camera_rgb_wb,0.8,0.2,Nikon D80,FL11,0.0,0.0
shading,spectral_radiance,0.8,0.2,Nikon D80,FL11,0.0,0.0
shading,cie_xyz,0.8,0.2,Nikon D80,FL11,0.0,0.0
shading,camera_rgb_raw,0.8,0.2,Nikon D80,FL11,0.0,0.0
shading,camera_rgb_wb,0.8,0.2,Nikon D80,FL11,0.0,0.0
shading,spectral_radiance,0.8,0.2,Nikon D80,FL11,1.73472347598e-18,1.69865072806e-16
shading,cie_xyz,0.8,0.2,Nikon D80,FL11,5.55111512313e-17,2.82140345373e-16
shading,camera_rgb_raw,0.8,0.2,Nikon D80,FL11,2.77555756156e-17,3.02245509059e-16
shading,camera_rgb_wb,0.8,0.2,Nikon D80,FL11,5.55111512313e-17,2.32369320154e-16
shading,spectral_radiance,0.8,0.2,Nikon D80,FL11,0.0,0.0
shading,cie_xyz,0.8,0.2,Nikon D80,FL11,0.0,0.0
shading,camera_rgb_raw,0.8,0.2,Nikon D80,FL11,0.0,0.0
shading,camera_rgb_wb,0.8,0.2,Nikon D80,FL11,0.0,0.0
shading,spectral_radiance,0.8,0.2,Nikon D90,FL11,0.0,0.0
shading,cie_xyz,0.8,0.2,Nikon D90,FL11,0.0,0.0
shading,camera_rgb_raw,0.8,0.2,Nikon D90,FL11,0.0,0.0
shading,camera_rgb_wb,0.8,0.2,Nikon D90,FL11,0.0,0.0
shading,spectral_radiance,0.8,0.2,Nikon D90,FL11,0.0,0.0
shading,cie_xyz,0.8,0.2,Nikon D90,FL11,0.0,0.0
shading,camera_rgb_raw,0.8,0.2,Nikon D90,FL11,0.0,0.0
shading,camera_rgb_wb,0.8,0.2,Nikon D90,FL11,0.0,0.0
shading,spectral_radiance,0.8,0.2,Nikon D90,FL11,1.73472347598e-18,1.69865072806e-16
shading,cie_xyz,0.8,0.2,Nikon D90,FL11,5.55111512313e-17,2.82140345373e-16
shading,camera_rgb_raw,0.8,0.2,Nikon D90,FL11,1.38777878078e-17,1.34368364391e-16
shading,camera_rgb_wb,0.8,0.2,Nikon D90,FL11,2.77555756156e-17,1.19083963652e-16
shading,spectral_radiance,0.8,0.2,Nikon D90,FL11,0.0,0.0
shading,cie_xyz,0.8,0.2,Nikon D90,FL11,0.0,0.0
shading,camera_rgb_raw,0.8,0.2,Nikon D90,FL11,0.0,0.0
shading,camera_rgb_wb,0.8,0.2,Nikon D90,FL11,0.0,0.0
shading,spectral_radiance,0.8,0.2,Nokia N900,FL11,0.0,0.0
shading,cie_xyz,0.8,0.2,Nokia N900,FL11,0.0,0.0
shading,camera_rgb_raw,0.8,0.2,Nokia N900,FL11,0.0,0.0
shading,camera_rgb_wb,0.8,0.2,Nokia N900,FL11,0.0,0.0
shading,spectral_radiance,0.8,0.2,Nokia N900,FL11,0.0,0.0
shading,cie_xyz,0.8,0.2,Nokia N900,FL11,0.0,0.0
shading,camera_rgb_raw,0.8,0.2,Nokia N900,FL11,0.0,0.0
shading,camera_rgb_wb,0.8,0.2,Nokia N900,FL11,0.0,0.0
shading,spectral_radiance,0.8,0.2,Nokia N900,FL11,1.73472347598e-18,1.69865072806e-16
shading,cie_xyz,0.8,0.2,Nokia N900,FL11,5.55111512313e-17,2.82140345373e-16
shading,camera_rgb_raw,0.8,0.2,Nokia N900,FL11,1.11022302463e-16,6.73874575315e-16
shading,camera_rgb_wb,0.8,0.2,Nokia N900,FL11,1.66533453694e-16,6.96492557487e-16
shading,spectral_radiance,0.8,0.2,Nokia N900,FL11,0.0,0.0
shading,cie_xyz,0.8,0.2,Nokia N900,FL11,0.0,0.0
shading,camera_rgb_raw,0.8,0.2,Nokia N900,FL11,0.0,0.0
shading,camera_rgb_wb,0.8,0.2,Nokia N900,FL11,0.0,0.0
shading,spectral_radiance,0.8,0.2,Olympus E-PL2,FL11,0.0,0.0
shading,cie_xyz,0.8,0.2,Olympus E-PL2,FL11,0.0,0.0
shading,camera_rgb_raw,0.8,0.2,Olympus E-PL2,FL11,0.0,0.0
shading,camera_rgb_wb,0.8,0.2,Olympus E-PL2,FL11,0.0,0.0
shading,spectral_radiance,0.8,0.2,Olympus E-PL2,FL11,0.0,0.0
shading,cie_xyz,0.8,0.2,Olympus E-PL2,FL11,0.0,0.0
shading,camera_rgb_raw,0.8,0.2,Olympus E-PL2,FL11,0.0,0.0
shading,camera_rgb_wb,0.8,0.2,Olympus E-PL2,FL11,0.0,0.0
shading,spectral_radiance,0.8,0.2,Olympus E-PL2,FL11,1.73472347598e-18,1.69865072806e-16
shading,cie_xyz,0.8,0.2,Olympus E-PL2,FL11,5.55111512313e-17,2.82140345373e-16
shading,camera_rgb_raw,0.8,0.2,Olympus E-PL2,FL11,2.77555756156e-17,1.51092456416e-16
shading,camera_rgb_wb,0.8,0.2,Olympus E-PL2,FL11,5.55111512313e-17,2.15348084761e-16
shading,spectral_radiance,0.8,0.2,Olympus E-PL2,FL11,0.0,0.0
shading,cie_xyz,0.8,0.2,Olympus E-PL2,FL11,0.0,0.0
shading,camera_rgb_raw,0.8,0.2,Olympus E-PL2,FL11,0.0,0.0
shading,camera_rgb_wb,0.8,0.2,Olympus E-PL2,FL11,0.0,0.0
shading,spectral_radiance,0.8,0.2,Pentax K-5,FL11,0.0,0.0
shading,cie_xyz,0.8,0.2,Pentax K-5,FL11,0.0,0.0
shading,camera_rgb_raw,0.8,0.2,Pentax K-5,FL11,0.0,0.0
shading,camera_rgb_wb,0.8,0.2,Pentax K-5,FL11,0.0,0.0
shading,spectral_radiance,0.8,0.2,Pentax K-5,FL11,0.0,0.0
shading,cie_xyz,0.8,0.2,Pentax K-5,FL11,0.0,0.0
shading,camera_rgb_raw,0.8,0.2,Pentax K-5,FL11,0.0,0.0
shading,camera_rgb_wb,0.8,0.2,Pentax K-5,FL11,0.0,0.0
shading,spectral_radiance,0.8,0.2,Pentax K-5,FL11,1.73472347598e-18,1.69865072806e-16
shading,cie_xyz,0.8,0.2,Pentax K-5,FL11,5.55111512313e-17,2.82140345373e-16
shading,camera_rgb_raw,0.8,0.2,Pentax K-5,FL11,2.77555756156e-17,2.79154519061e-16
shading,camera_rgb_wb,0.8,0.2,Pentax K-5,FL11,5.55111512313e-17,2.35067923764e-16
shading,spectral_radiance,0.8,0.2,Pentax K-5,FL11,0.0,0.0
shading,cie_xyz,0.8,0.2,Pentax K-5,FL11,0.0,0.0
shading,camera_rgb_raw,0.8,0.2,Pentax K-5,FL11,0.0,0.0
shading,camera_rgb_wb,0.8,0.2,Pentax K-5,FL11,0.0,0.0
shading,spectral_radiance,0.8,0.2,Pentax Q,FL11,0.0,0.0
shading,cie_xyz,0.8,0.2,Pentax Q,FL11,0.0,0.0
shading,camera_rgb_raw,0.8,0.2,Pentax Q,FL11,0.0,0.0
shading,camera_rgb_wb,0.8,0.2,Pentax Q,FL11,0.0,0.0
shading,spectral_radiance,0.8,0.2,Pentax Q,FL11,0.0,0.0
shading,cie_xyz,0.8,0.2,Pentax Q,FL11,0.0,0.0
shading,camera_rgb_raw,0.8,0.2,Pentax Q,FL11,0.0,0.0
shading,camera_rgb_wb,0.8,0.2,Pentax Q,FL11,0.0,0.0
shading,spectral_radiance,0.8,0.2,Pentax Q,FL11,1.73472347598e-18,1.69865072806e-16
shading,cie_xyz,0.8,0.2,Pentax Q,FL11,5.55111512313e-17,2.82140345373e-16
shading,camera_rgb_raw,0.8,0.2,Pentax Q,FL11,5.55111512313e-17,3.23739810334e-16
shading,camera_rgb_wb,0.8,0.2,Pentax Q,FL11,8.32667268469e-17,3.42350473145e-16
shading,spectral_radiance,0.8,0.2,Pentax Q,FL11,0.0,0.0
shading,cie_xyz,0.8,0.2,Pentax Q,FL11,0.0,0.0
shading,camera_rgb_raw,0.8,0.2,Pentax Q,FL11,0.0,0.0
shading,camera_rgb_wb,0.8,0.2,Pentax Q,FL11,0.0,0.0
shading,spectral_radiance,0.8,0.2,Point Grey Grasshopper 50S5C,FL11,0.0,0.0
shading,cie_xyz,0.8,0.2,Point Grey Grasshopper 50S5C,FL11,0.0,0.0
shading,camera_rgb_raw,0.8,0.2,Point Grey Grasshopper 50S5C,FL11,0.0,0.0
shading,camera_rgb_wb,0.8,0.2,Point Grey Grasshopper 50S5C,FL11,0.0,0.0
shading,spectral_radiance,0.8,0.2,Point Grey Grasshopper 50S5C,FL11,0.0,0.0
shading,cie_xyz,0.8,0.2,Point Grey Grasshopper 50S5C,FL11,0.0,0.0
shading,camera_rgb_raw,0.8,0.2,Point Grey Grasshopper 50S5C,FL11,0.0,0.0
shading,camera_rgb_wb,0.8,0.2,Point Grey Grasshopper 50S5C,FL11,0.0,0.0
shading,spectral_radiance,0.8,0.2,Point Grey Grasshopper 50S5C,FL11,1.73472347598e-18,1.69865072806e-16
shading,cie_xyz,0.8,0.2,Point Grey Grasshopper 50S5C,FL11,5.55111512313e-17,2.82140345373e-16
shading,camera_rgb_raw,0.8,0.2,Point Grey Grasshopper 50S5C,FL11,2.08166817117e-17,2.12423452395e-16
shading,camera_rgb_wb,0.8,0.2,Point Grey Grasshopper 50S5C,FL11,5.55111512313e-17,2.0099590969e-16
shading,spectral_radiance,0.8,0.2,Point Grey Grasshopper 50S5C,FL11,0.0,0.0
shading,cie_xyz,0.8,0.2,Point Grey Grasshopper 50S5C,FL11,0.0,0.0
shading,camera_rgb_raw,0.8,0.2,Point Grey Grasshopper 50S5C,FL11,0.0,0.0
shading,camera_rgb_wb,0.8,0.2,Point Grey Grasshopper 50S5C,FL11,0.0,0.0
shading,spectral_radiance,0.8,0.2,Point Grey Grasshopper2 14S5C,FL11,0.0,0.0
shading,cie_xyz,0.8,0.2,Point Grey Grasshopper2 14S5C,FL11,0.0,0.0
shading,camera_rgb_raw,0.8,0.2,Point Grey Grasshopper2 14S5C,FL11,0.0,0.0
shading,camera_rgb_wb,0.8,0.2,Point Grey Grasshopper2 14S5C,FL11,0.0,0.0
shading,spectral_radiance,0.8,0.2,Point Grey Grasshopper2 14S5C,FL11,0.0,0.0
shading,cie_xyz,0.8,0.2,Point Grey Grasshopper2 14S5C,FL11,0.0,0.0
shading,camera_rgb_raw,0.8,0.2,Point Grey Grasshopper2 14S5C,FL11,0.0,0.0
shading,camera_rgb_wb,0.8,0.2,Point Grey Grasshopper2 14S5C,FL11,0.0,0.0
shading,spectral_radiance,0.8,0.2,Point Grey Grasshopper2 14S5C,FL11,1.73472347598e-18,1.69865072806e-16
shading,cie_xyz,0.8,0.2,Point Grey Grasshopper2 14S5C,FL11,5.55111512313e-17,2.82140345373e-16
shading,camera_rgb_raw,0.8,0.2,Point Grey Grasshopper2 14S5C,FL11,1.38777878078e-17,1.17658705721e-16
shading,camera_rgb_wb,0.8,0.2,Point Grey Grasshopper2 14S5C,FL11,5.55111512313e-17,2.11573171625e-16
shading,spectral_radiance,0.8,0.2,Point Grey Grasshopper2 14S5C,FL11,0.0,0.0
shading,cie_xyz,0.8,0.2,Point Grey Grasshopper2 14S5C,FL11,0.0,0.0
shading,camera_rgb_raw,0.8,0.2,Point Grey Grasshopper2 14S5C,FL11,0.0,0.0
shading,camera_rgb_wb,0.8,0.2,Point Grey Grasshopper2 14S5C,FL11,0.0,0.0
shading,spectral_radiance,0.8,0.2,Phase One,FL11,0.0,0.0
shading,cie_xyz,0.8,0.2,Phase One,FL11,0.0,0.0
shading,camera_rgb_raw,0.8,0.2,Phase One,FL11,0.0,0.0
shading,camera_rgb_wb,0.8,0.2,Phase One,FL11,0.0,0.0
shading,spectral_radiance,0.8,0.2,Phase One,FL11,0.0,0.0
shading,cie_xyz,0.8,0.2,Phase One,FL11,0.0,0.0
shading,camera_rgb_raw,0.8,0.2,Phase One,FL11,0.0,0.0
shading,camera_rgb_wb,0.8,0.2,Phase One,FL11,0.0,0.0
shading,spectral_radiance,0.8,0.2,Phase One,FL11,1.73472347598e-18,1.69865072806e-16
shading,cie_xyz,0.8,0.2,Phase One,FL11,5.55111512313e-17,2.82140345373e-16
shading,camera_rgb_raw,0.8,0.2,Phase One,FL11,1.38777878078e-17,1.34845667964e-16
shading,camera_rgb_wb,0.8,0.2,Phase One,FL11,5.55111512313e-17,2.62267766898e-16
shading,spectral_radiance,0.8,0.2,Phase One,FL11,0.0,0.0
shading,cie_xyz,0.8,0.2,Phase One,FL11,0.0,0.0
shading,camera_rgb_raw,0.8,0.2,Phase One,FL11,0.0,0.0
shading,camera_rgb_wb,0.8,0.2,Phase One,FL11,0.0,0.0
shading,spectral_radiance,0.8,0.2,SONY NEX-5N,FL11,0.0,0.0
shading,cie_xyz,0.8,0.2,SONY NEX-5N,FL11,0.0,0.0
shading,camera_rgb_raw,0.8,0.2,SONY NEX-5N,FL11,0.0,0.0
shading,camera_rgb_wb,0.8,0.2,SONY NEX-5N,FL11,0.0,0.0
shading,spectral_radiance,0.8,0.2,SONY NEX-5N,FL11,0.0,0.0
shading,cie_xyz,0.8,0.2,SONY NEX-5N,FL11,0.0,0.0
shading,camera_rgb_raw,0.8,0.2,SONY NEX-5N,FL11,0.0,0.0
shading,camera_rgb_wb,0.8,0.2,SONY NEX-5N,FL11,0.0,0.0
shading,spectral_radiance,0.8,0.2,SONY NEX-5N,FL11,1.73472347598e-18,1.69865072806e-16
shading,cie_xyz,0.8,0.2,SONY NEX-5N,FL11,5.55111512313e-17,2.82140345373e-16
shading,camera_rgb_raw,0.8,0.2,SONY NEX-5N,FL11,4.16333634234e-17,5.22411305291e-16
shading,camera_rgb_wb,0.8,0.2,SONY NEX-5N,FL11,4.16333634234e-17,1.81804398658e-16
shading,spectral_radiance,0.8,0.2,SONY NEX-5N,FL11,0.0,0.0
shading,cie_xyz,0.8,0.2,SONY NEX-5N,FL11,0.0,0.0
shading,camera_rgb_raw,0.8,0.2,SONY NEX-5N,FL11,0.0,0.0
shading,camera_rgb_wb,0.8,0.2,SONY NEX-5N,FL11,0.0,0.0
shading,spectral_radiance,0.8,0.5,Canon 1DMarkIII,D65,0.0,0.0
shading,cie_xyz,0.8,0.5,Canon 1DMarkIII,D65,0.0,0.0
shading,camera_rgb_raw,0.8,0.5,Canon 1DMarkIII,D65,0.0,0.0
shading,camera_rgb_wb,0.8,0.5,Canon 1DMarkIII,D65,0.0,0.0
shading,spectral_radiance,0.8,0.5,Canon 1DMarkIII,D65,0.0,0.0
shading,cie_xyz,0.8,0.5,Canon 1DMarkIII,D65,0.0,0.0
shading,camera_rgb_raw,0.8,0.5,Canon 1DMarkIII,D65,0.0,0.0
shading,camera_rgb_wb,0.8,0.5,Canon 1DMarkIII,D65,0.0,0.0
shading,spectral_radiance,0.8,0.5,Canon 1DMarkIII,D65,4.33680868994e-19,1.28960628815e-16
shading,cie_xyz,0.8,0.5,Canon 1DMarkIII,D65,2.77555756156e-17,1.75429229986e-16
shading,camera_rgb_raw,0.8,0.5,Canon 1DMarkIII,D65,5.55111512313e-17,6.92739001422e-16
shading,camera_rgb_wb,0.8,0.5,Canon 1DMarkIII,D65,1.66533453694e-16,7.62795349211e-16
shading,spectral_radiance,0.8,0.5,Canon 1DMarkIII,D65,0.0,0.0
shading,cie_xyz,0.8,0.5,Canon 1DMarkIII,D65,0.0,0.0
shading,camera_rgb_raw,0.8,0.5,Canon 1DMarkIII,D65,0.0,0.0
shading,camera_rgb_wb,0.8,0.5,Canon 1DMarkIII,D65,0.0,0.0
shading,spectral_radiance,0.8,0.5,Canon 20D,D65,0.0,0.0
shading,cie_xyz,0.8,0.5,Canon 20D,D65,0.0,0.0
shading,camera_rgb_raw,0.8,0.5,Canon 20D,D65,0.0,0.0
shading,camera_rgb_wb,0.8,0.5,Canon 20D,D65,0.0,0.0
shading,spectral_radiance,0.8,0.5,Canon 20D,D65,0.0,0.0
shading,cie_xyz,0.8,0.5,Canon 20D,D65,0.0,0.0
shading,camera_rgb_raw,0.8,0.5,Canon 20D,D65,0.0,0.0
shading,camera_rgb_wb,0.8,0.5,Canon 20D,D65,0.0,0.0
shading,spectral_radiance,0.8,0.5,Canon 20D,D65,4.33680868994e-19,1.28960628815e-16
shading,cie_xyz,0.8,0.5,Canon 20D,D65,2.77555756156e-17,1.75429229986e-16
shading,camera_rgb_raw,0.8,0.5,Canon 20D,D65,1.38777878078e-17,1.50352503305e-16
shading,camera_rgb_wb,0.8,0.5,Canon 20D,D65,2.77555756156e-17,1.26306608256e-16
shading,spectral_radiance,0.8,0.5,Canon 20D,D65,0.0,0.0
shading,cie_xyz,0.8,0.5,Canon 20D,D65,0.0,0.0
shading,camera_rgb_raw,0.8,0.5,Canon 20D,D65,0.0,0.0
shading,camera_rgb_wb,0.8,0.5,Canon 20D,D65,0.0,0.0
shading,spectral_radiance,0.8,0.5,Canon 300D,D65,0.0,0.0
shading,cie_xyz,0.8,0.5,Canon 300D,D65,0.0,0.0
shading,camera_rgb_raw,0.8,0.5,Canon 300D,D65,0.0,0.0
shading,camera_rgb_wb,0.8,0.5,Canon 300D,D65,0.0,0.0
shading,spectral_radiance,0.8,0.5,Canon 300D,D65,0.0,0.0
shading,cie_xyz,0.8,0.5,Canon 300D,D65,0.0,0.0
shading,camera_rgb_raw,0.8,0.5,Canon 300D,D65,0.0,0.0
shading,camera_rgb_wb,0.8,0.5,Canon 300D,D65,0.0,0.0
shading,spectral_radiance,0.8,0.5,Canon 300D,D65,4.33680868994e-19,1.28960628815e-16
shading,cie_xyz,0.8,0.5,Canon 300D,D65,2.77555756156e-17,1.75429229986e-16
shading,camera_rgb_raw,0.8,0.5,Canon 300D,D65,6.93889390391e-18,7.22200945457e-17
shading,camera_rgb_wb,0.8,0.5,Canon 300D,D65,5.55111512313e-17,2.46141224179e-16
shading,spectral_radiance,0.8,0.5,Canon 300D,D65,0.0,0.0
shading,cie_xyz,0.8,0.5,Canon 300D,D65,0.0,0.0
shading,camera_rgb_raw,0.8,0.5,Canon 300D,D65,0.0,0.0
shading,camera_rgb_wb,0.8,0.5,Canon 300D,D65,0.0,0.0
shading,spectral_radiance,0.8,0.5,Canon 40D,D65,0.0,0.0
shading,cie_xyz,0.8,0.5,Canon 40D,D65,0.0,0.0
shading,camera_rgb_raw,0.8,0.5,Canon 40D,D65,0.0,0.0
shading,camera_rgb_wb,0.8,0.5,Canon 40D,D65,0.0,0.0
shading,spectral_radiance,0.8,0.5,Canon 40D,D65,0.0,0.0
shading,cie_xyz,0.8,0.5,Canon 40D,D65,0.0,0.0
shading,camera_rgb_raw,0.8,0.5,Canon 40D,D65,0.0,0.0
shading,camera_rgb_wb,0.8,0.5,Canon 40D,D65,0.0,0.0
shading,spectral_radiance,0.8,0.5,Canon 40D,D65,4.33680868994e-19,1.28960628815e-16
shading,cie_xyz,0.8,0.5,Canon 40D,D65,2.77555756156e-17,1.75429229986e-16
shading,camera_rgb_raw,0.8,0.5,Canon 40D,D65,2.77555756156e-17,3.23171788808e-16
shading,camera_rgb_wb,0.8,0.5,Canon 40D,D65,8.32667268469e-17,3.71441288e-16
shading,spectral_radiance,0.8,0.5,Canon 40D,D65,0.0,0.0
shading,cie_xyz,0.8,0.5,Canon 40D,D65,0.0,0.0
shading,camera_rgb_raw,0.8,0.5,Canon 40D,D65,0.0,0.0
shading,camera_rgb_wb,0.8,0.5,Canon 40D,D65,0.0,0.0
shading,spectral_radiance,0.8,0.5,Canon 500D,D65,0.0,0.0
shading,cie_xyz,0.8,0.5,Canon 500D,D65,0.0,0.0
shading,camera_rgb_raw,0.8,0.5,Canon 500D,D65,0.0,0.0
shading,camera_rgb_wb,0.8,0.5,Canon 500D,D65,0.0,0.0
shading,spectral_radiance,0.8,0.5,Canon 500D,D65,0.0,0.0
shading,cie_xyz,0.8,0.5,Canon 500D,D65,0.0,0.0
shading,camera_rgb_raw,0.8,0.5,Canon 500D,D65,0.0,0.0
shading,camera_rgb_wb,0.8,0.5,Canon 500D,D65,0.0,0.0
shading,spectral_radiance,0.8,0.5,Canon 500D,D65,4.33680868994e-19,1.28960628815e-16
shading,cie_xyz,0.8,0.5,Canon 500D,D65,2.77555756156e-17,1.75429229986e-16
shading,camera_rgb_raw,0.8,0.5,Canon 500D,D65,2.77555756156e-17,2.9655268769e-16
shading,camera_rgb_wb,0.8,0.5,Canon 500D,D65,8.32667268469e-17,4.33602086026e-16
shading,spectral_radiance,0.8,0.5,Canon 500D,D65,0.0,0.0
shading,cie_xyz,0.8,0.5,Canon 500D,D65,0.0,0.0
shading,camera_rgb_raw,0.8,0.5,Canon 500D,D65,0.0,0.0
shading,camera_rgb_wb,0.8,0.5,Canon 500D,D65,0.0,0.0
shading,spectral_radiance,0.8,0.5,Canon 50D,D65,0.0,0.0
shading,cie_xyz,0.8,0.5,Canon 50D,D65,0.0,0.0
shading,camera_rgb_raw,0.8,0.5,Canon 50D,D65,0.0,0.0
shading,camera_rgb_wb,0.8,0.5,Canon 50D,D65,0.0,0.0
shading,spectral_radiance,0.8,0.5,Canon 50D,D65,0.0,0.0
shading,cie_xyz,0.8,0.5,Canon 50D,D65,0.0,0.0
shading,camera_rgb_raw,0.8,0.5,Canon 50D,D65,0.0,0.0
shading,camera_rgb_wb,0.8,0.5,Canon 50D,D65,0.0,0.0
shading,spectral_radiance,0.8,0.5,Canon 50D,D65,4.33680868994e-19,1.28960628815e-16
shading,cie_xyz,0.8,0.5,Canon 50D,D65,2.77555756156e-17,1.75429229986e-16
shading,camera_rgb_raw,0.8,0.5,Canon 50D,D65,1.38777878078e-17,1.47382666489e-16
shading,camera_rgb_wb,0.8,0.5,Canon 50D,D65,2.77555756156e-17,1.40656275378e-16
shading,spectral_radiance,0.8,0.5,Canon 50D,D65,0.0,0.0
shading,cie_xyz,0.8,0.5,Canon 50D,D65,0.0,0.0
shading,camera_rgb_raw,0.8,0.5,Canon 50D,D65,0.0,0.0
shading,camera_rgb_wb,0.8,0.5,Canon 50D,D65,0.0,0.0
shading,spectral_radiance,0.8,0.5,Canon 5DMarkII,D65,0.0,0.0
shading,cie_xyz,0.8,0.5,Canon 5DMarkII,D65,0.0,0.0
shading,camera_rgb_raw,0.8,0.5,Canon 5DMarkII,D65,0.0,0.0
shading,camera_rgb_wb,0.8,0.5,Canon 5DMarkII,D65,0.0,0.0
shading,spectral_radiance,0.8,0.5,Canon 5DMarkII,D65,0.0,0.0
shading,cie_xyz,0.8,0.5,Canon 5DMarkII,D65,0.0,0.0
shading,camera_rgb_raw,0.8,0.5,Canon 5DMarkII,D65,0.0,0.0
shading,camera_rgb_wb,0.8,0.5,Canon 5DMarkII,D65,0.0,0.0
shading,spectral_radiance,0.8,0.5,Canon 5DMarkII,D65,4.33680868994e-19,1.28960628815e-16
shading,cie_xyz,0.8,0.5,Canon 5DMarkII,D65,2.77555756156e-17,1.75429229986e-16
shading,camera_rgb_raw,0.8,0.5,Canon 5DMarkII,D65,2.77555756156e-17,3.12966966411e-16
shading,camera_rgb_wb,0.8,0.5,Canon 5DMarkII,D65,2.77555756156e-17,1.32946227376e-16
shading,spectral_radiance,0.8,0.5,Canon 5DMarkII,D65,0.0,0.0
shading,cie_xyz,0.8,0.5,Canon 5DMarkII,D65,0.0,0.0
shading,camera_rgb_raw,0.8,0.5,Canon 5DMarkII,D65,0.0,0.0
shading,camera_rgb_wb,0.8,0.5,Canon 5DMarkII,D65,0.0,0.0
shading,spectral_radiance,0.8,0.5,Canon 600D,D65,0.0,0.0
shading,cie_xyz,0.8,0.5,Canon 600D,D65,0.0,0.0
shading,camera_rgb_raw,0.8,0.5,Canon 600D,D65,0.0,0.0
shading,camera_rgb_wb,0.8,0.5,Canon 600D,D65,0.0,0.0
shading,spectral_radiance,0.8,0.5,Canon 600D,D65,0.0,0.0
shading,cie_xyz,0.8,0.5,Canon 600D,D65,0.0,0.0
shading,camera_rgb_raw,0.8,0.5,Canon 600D,D65,0.0,0.0
shading,camera_rgb_wb,0.8,0.5,Canon 600D,D65,0.0,0.0
shading,spectral_radiance,0.8,0.5,Canon 600D,D65,4.33680868994e-19,1.28960628815e-16
shading,cie_xyz,0.8,0.5,Canon 600D,D65,2.77555756156e-17,1.75429229986e-16
shading,camera_rgb_raw,0.8,0.5,Canon 600D,D65,1.73472347598e-17,1.98826768334e-16
shading,camera_rgb_wb,0.8,0.5,Canon 600D,D65,2.08166817117e-17,9.73898189118e-17
shading,spectral_radiance,0.8,0.5,Canon 600D,D65,0.0,0.0
shading,cie_xyz,0.8,0.5,Canon 600D,D65,0.0,0.0
shading,camera_rgb_raw,0.8,0.5,Canon 600D,D65,0.0,0.0
shading,camera_rgb_wb,0.8,0.5,Canon 600D,D65,0.0,0.0
shading,spectral_radiance,0.8,0.5,Canon 60D,D65,0.0,0.0
shading,cie_xyz,0.8,0.5,Canon 60D,D65,0.0,0.0
shading,camera_rgb_raw,0.8,0.5,Canon 60D,D65,0.0,0.0
shading,camera_rgb_wb,0.8,0.5,Canon 60D,D65,0.0,0.0
shading,spectral_radiance,0.8,0.5,Canon 60D,D65,0.0,0.0
shading,cie_xyz,0.8,0.5,Canon 60D,D65,0.0,0.0
shading,camera_rgb_raw,0.8,0.5,Canon 60D,D65,0.0,0.0
shading,camera_rgb_wb,0.8,0.5,Canon 60D,D65,0.0,0.0
shading,spectral_radiance,0.8,0.5,Canon 60D,D65,4.33680868994e-19,1.28960628815e-16
shading,cie_xyz,0.8,0.5,Canon 60D,D65,2.77555756156e-17,1.75429229986e-16
shading,camera_rgb_raw,0.8,0.5,Canon 60D,D65,2.77555756156e-17,3.17898271978e-16
shading,camera_rgb_wb,0.8,0.5,Canon 60D,D65,2.77555756156e-17,1.2994411436e-16
shading,spectral_radiance,0.8,0.5,Canon 60D,D65,0.0,0.0
shading,cie_xyz,0.8,0.5,Canon 60D,D65,0.0,0.0
shading,camera_rgb_raw,0.8,0.5,Canon 60D,D65,0.0,0.0
shading,camera_rgb_wb,0.8,0.5,Canon 60D,D65,0.0,0.0
shading,spectral_radiance,0.8,0.5,Hasselblad H2,D65,0.0,0.0
shading,cie_xyz,0.8,0.5,Hasselblad H2,D65,0.0,0.0
shading,camera_rgb_raw,0.8,0.5,Hasselblad H2,D65,0.0,0.0
shading,camera_rgb_wb,0.8,0.5,Hasselblad H2,D65,0.0,0.0
shading,spectral_radiance,0.8,0.5,Hasselblad H2,D65,0.0,0.0
shading,cie_xyz,0.8,0.5,Hasselblad H2,D65,0.0,0.0
shading,camera_rgb_raw,0.8,0.5,Hasselblad H2,D65,0.0,0.0
shading,camera_rgb_wb,0.8,0.5,Hasselblad H2,D65,0.0,0.0
shading,spectral_radiance,0.8,0.5,Hasselblad H2,D65,4.33680868994e-19,1.28960628815e-16
shading,cie_xyz,0.8,0.5,Hasselblad H2,D65,2.77555756156e-17,1.75429229986e-16
shading,camera_rgb_raw,0.8,0.5,Hasselblad H2,D65,2.77555756156e-17,3.9704828189e-16
shading,camera_rgb_wb,0.8,0.5,Hasselblad H2,D65,4.16333634234e-17,1.79577024707e-16
shading,spectral_radiance,0.8,0.5,Hasselblad H2,D65,0.0,0.0
shading,cie_xyz,0.8,0.5,Hasselblad H2,D65,0.0,0.0
shading,camera_rgb_raw,0.8,0.5,Hasselblad H2,D65,0.0,0.0
shading,camera_rgb_wb,0.8,0.5,Hasselblad H2,D65,0.0,0.0
shading,spectral_radiance,0.8,0.5,Nikon D3X,D65,0.0,0.0
shading,cie_xyz,0.8,0.5,Nikon D3X,D65,0.0,0.0
shading,camera_rgb_raw,0.8,0.5,Nikon D3X,D65,0.0,0.0
shading,camera_rgb_wb,0.8,0.5,Nikon D3X,D65,0.0,0.0
shading,spectral_radiance,0.8,0.5,Nikon D3X,D65,0.0,0.0
shading,cie_xyz,0.8,0.5,Nikon D3X,D65,0.0,0.0
shading,camera_rgb_raw,0.8,0.5,Nikon D3X,D65,0.0,0.0
shading,camera_rgb_wb,0.8,0.5,Nikon D3X,D65,0.0,0.0
shading,spectral_radiance,0.8,0.5,Nikon D3X,D65,4.33680868994e-19,1.28960628815e-16
shading,cie_xyz,0.8,0.5,Nikon D3X,D65,2.77555756156e-17,1.75429229986e-16
shading,camera_rgb_raw,0.8,0.5,Nikon D3X,D65,1.38777878078e-17,1.65326904174e-16
shading,camera_rgb_wb,0.8,0.5,Nikon D3X,D65,2.77555756156e-17,1.26477672457e-16
shading,spectral_radiance,0.8,0.5,Nikon D3X,D65,0.0,0.0
shading,cie_xyz,0.8,0.5,Nikon D3X,D65,0.0,0.0
shading,camera_rgb_raw,0.8,0.5,Nikon D3X,D65,0.0,0.0
shading,camera_rgb_wb,0.8,0.5,Nikon D3X,D65,0.0,0.0
shading,spectral_radiance,0.8,0.5,Nikon D200,D65,0.0,0.0
shading,cie_xyz,0.8,0.5,Nikon D200,D65,0.0,0.0
shading,camera_rgb_raw,0.8,0.5,Nikon D200,D65,0.0,0.0
shading,camera_rgb_wb,0.8,0.5,Nikon D200,D65,0.0,0.0
shading,spectral_radiance,0.8,0.5,Nikon D200,D65,0.0,0.0
shading,cie_xyz,0.8,0.5,Nikon D200,D65,0.0,0.0
shading,camera_rgb_raw,0.8,0.5,Nikon D200,D65,0.0,0.0
shading,camera_rgb_wb,0.8,0.5,Nikon D200,D65,0.0,0.0
shading,spectral_radiance,0.8,0.5,Nikon D200,D65,4.33680868994e-19,1.28960628815e-16
shading,cie_xyz,0.8,0.5,Nikon D200,D65,2.77555756156e-17,1.75429229986e-16
shading,camera_rgb_raw,0.8,0.5,Nikon D200,D65,1.38777878078e-17,1.47244318597e-16
shading,camera_rgb_wb,0.8,0.5,Nikon D200,D65,5.55111512313e-17,2.52535988526e-16
shading,spectral_radiance,0.8,0.5,Nikon D200,D65,0.0,0.0
shading,cie_xyz,0.8,0.5,Nikon D200,D65,0.0,0.0
shading,camera_rgb_raw,0.8,0.5,Nikon D200,D65,0.0,0.0
shading,camera_rgb_wb,0.8,0.5,Nikon D200,D65,0.0,0.0
shading,spectral_radiance,0.8,0.5,Nikon D3,D65,0.0,0.0
shading,cie_xyz,0.8,0.5,Nikon D3,D65,0.0,0.0
shading,camera_rgb_raw,0.8,0.5,Nikon D3,D65,0.0,0.0
shading,camera_rgb_wb,0.8,0.5,Nikon D3,D65,0.0,0.0
shading,spectral_radiance,0.8,0.5,Nikon D3,D65,0.0,0.0
shading,cie_xyz,0.8,0.5,Nikon D3,D65,0.0,0.0
shading,camera_rgb_raw,0.8,0.5,Nikon D3,D65,0.0,0.0
shading,camera_rgb_wb,0.8,0.5,Nikon D3,D65,0.0,0.0
shading,spectral_radiance,0.8,0.5,Nikon D3,D65,4.33680868994e-19,1.28960628815e-16
shading,cie_xyz,0.8,0.5,Nikon D3,D65,2.77555756156e-17,1.75429229986e-16
shading,camera_rgb_raw,0.8,0.5,Nikon D3,D65,1.38777878078e-17,1.55977799291e-16
shading,camera_rgb_wb,0.8,0.5,Nikon D3,D65,1.38777878078e-17,6.37416673896e-17
shading,spectral_radiance,0.8,0.5,Nikon D3,D65,0.0,0.0
shading,cie_xyz,0.8,0.5,Nikon D3,D65,0.0,0.0
shading,camera_rgb_raw,0.8,0.5,Nikon D3,D65,0.0,0.0
shading,camera_rgb_wb,0.8,0.5,Nikon D3,D65,0.0,0.0
shading,spectral_radiance,0.8,0.5,Nikon D300s,D65,0.0,0.0
shading,cie_xyz,0.8,0.5,Nikon D300s,D65,0.0,0.0
shading,camera_rgb_raw,0.8,0.5,Nikon D300s,D65,0.0,0.0
shading,camera_rgb_wb,0.8,0.5,Nikon D300s,D65,0.0,0.0
shading,spectral_radiance,0.8,0.5,Nikon D300s,D65,0.0,0.0
shading,cie_xyz,0.8,0.5,Nikon D300s,D65,0.0,0.0
shading,camera_rgb_raw,0.8,0.5,Nikon D300s,D65,0.0,0.0
shading,camera_rgb_wb,0.8,0.5,Nikon D300s,D65,0.0,0.0
shading,spectral_radiance,0.8,0.5,Nikon D300s,D65,4.33680868994e-19,1.28960628815e-16
shading,cie_xyz,0.8,0.5,Nikon D300s,D65,2.77555756156e-17,1.75429229986e-16
shading,camera_rgb_raw,0.8,0.5,Nikon D300s,D65,1.38777878078e-17,1.33454742899e-16
shading,camera_rgb_wb,0.8,0.5,Nikon D300s,D65,2.77555756156e-17,1.32808079838e-16
shading,spectral_radiance,0.8,0.5,Nikon D300s,D65,0.0,0.0
shading,cie_xyz,0.8,0.5,Nikon D300s,D65,0.0,0.0
shading,camera_rgb_raw,0.8,0.5,Nikon D300s,D65,0.0,0.0
shading,camera_rgb_wb,0.8,0.5,Nikon D300s,D65,0.0,0.0
shading,spectral_radiance,0.8,0.5,Nikon D40,D65,0.0,0.0
shading,cie_xyz,0.8,0.5,Nikon D40,D65,0.0,0.0
shading,camera_rgb_raw,0.8,0.5,Nikon D40,D65,0.0,0.0
shading,camera_rgb_wb,0.8,0.5,Nikon D40,D65,0.0,0.0
shading,spectral_radiance,0.8,0.5,Nikon D40,D65,0.0,0.0
shading,cie_xyz,0.8,0.5,Nikon D40,D65,0.0,0.0
shading,camera_rgb_raw,0.8,0.5,Nikon D40,D65,0.0,0.0
shading,camera_rgb_wb,0.8,0.5,Nikon D40,D65,0.0,0.0
shading,spectral_radiance,0.8,0.5,Nikon D40,D65,4.33680868994e-19,1.28960628815e-16
shading,cie_xyz,0.8,0.5,Nikon D40,D65,2.77555756156e-17,1.75429229986e-16
shading,camera_rgb_raw,0.8,0.5,Nikon D40,D65,1.38777878078e-17,1.79525403057e-16
shading,camera_rgb_wb,0.8,0.5,Nikon D40,D65,1.38777878078e-17,6.36335341927e-17
shading,spectral_radiance,0.8,0.5,Nikon D40,D65,0.0,0.0
shading,cie_xyz,0.8,0.5,Nikon D40,D65,0.0,0.0
shading,camera_rgb_raw,0.8,0.5,Nikon D40,D65,0.0,0.0
shading,camera_rgb_wb,0.8,0.5,Nikon D40,D65,0.0,0.0
shading,spectral_radiance,0.8,0.5,Nikon D50,D65,0.0,0.0
shading,cie_xyz,0.8,0.5,Nikon D50,D65,0.0,0.0
shading,camera_rgb_raw,0.8,0.5,Nikon D50,D65,0.0,0.0
shading,camera_rgb_wb,0.8,0.5,Nikon D50,D65,0.0,0.0
shading,spectral_radiance,0.8,0.5,Nikon D50,D65,0.0,0.0
shading,cie_xyz,0.8,0.5,Nikon D50,D65,0.0,0.0
shading,camera_rgb_raw,0.8,0.5,Nikon D50,D65,0.0,0.0
shading,camera_rgb_wb,0.8,0.5,Nikon D50,D65,0.0,0.0
shading,spectral_radiance,0.8,0.5,Nikon D50,D65,4.33680868994e-19,1.28960628815e-16
shading,cie_xyz,0.8,0.5,Nikon D50,D65,2.77555756156e-17,1.75429229986e-16
shading,camera_rgb_raw,0.8,0.5,Nikon D50,D65,2.77555756156e-17,3.53578738527e-16
shading,camera_rgb_wb,0.8,0.5,Nikon D50,D65,5.55111512313e-17,2.44363051711e-16
shading,spectral_radiance,0.8,0.5,Nikon D50,D65,0.0,0.0
shading,cie_xyz,0.8,0.5,Nikon D50,D65,0.0,0.0
shading,camera_rgb_raw,0.8,0.5,Nikon D50,D65,0.0,0.0
shading,camera_rgb_wb,0.8,0.5,Nikon D50,D65,0.0,0.0
shading,spectral_radiance,0.8,0.5,Nikon D5100,D65,0.0,0.0
shading,cie_xyz,0.8,0.5,Nikon D5100,D65,0.0,0.0
shading,camera_rgb_raw,0.8,0.5,Nikon D5100,D65,0.0,0.0
shading,camera_rgb_wb,0.8,0.5,Nikon D5100,D65,0.0,0.0
shading,spectral_radiance,0.8,0.5,Nikon D5100,D65,0.0,0.0
shading,cie_xyz,0.8,0.5,Nikon D5100,D65,0.0,0.0
shading,camera_rgb_raw,0.8,0.5,Nikon D5100,D65,0.0,0.0
shading,camera_rgb_wb,0.8,0.5,Nikon D5100,D65,0.0,0.0
shading,spectral_radiance,0.8,0.5,Nikon D5100,D65,4.33680868994e-19,1.28960628815e-16
shading,cie_xyz,0.8,0.5,Nikon D5100,D65,2.77555756156e-17,1.75429229986e-16
shading,camera_rgb_raw,0.8,0.5,Nikon D5100,D65,1.38777878078e-17,1.5807766137e-16
shading,camera_rgb_wb,0.8,0.5,Nikon D5100,D65,3.46944695195e-18,1.64318102972e-17
shading,spectral_radiance,0.8,0.5,Nikon D5100,D65,0.0,0.0
shading,cie_xyz,0.8,0.5,Nikon D5100,D65,0.0,0.0
shading,camera_rgb_raw,0.8,0.5,Nikon D5100,D65,0.0,0.0
shading,camera_rgb_wb,0.8,0.5,Nikon D5100,D65,0.0,0.0
shading,spectral_radiance,0.8,0.5,Nikon D700,D65,0.0,0.0
shading,cie_xyz,0.8,0.5,Nikon D700,D65,0.0,0.0
shading,camera_rgb_raw,0.8,0.5,Nikon D700,D65,0.0,0.0
shading,camera_rgb_wb,0.8,0.5,Nikon D700,D65,0.0,0.0
shading,spectral_radiance,0.8,0.5,Nikon D700,D65,0.0,0.0
shading,cie_xyz,0.8,0.5,Nikon D700,D65,0.0,0.0
shading,camera_rgb_raw,0.8,0.5,Nikon D700,D65,0.0,0.0
shading,camera_rgb_wb,0.8,0.5,Nikon D700,D65,0.0,0.0
shading,spectral_radiance,0.8,0.5,Nikon D700,D65,4.33680868994e-19,1.28960628815e-16
shading,cie_xyz,0.8,0.5,Nikon D700,D65,2.77555756156e-17,1.75429229986e-16
shading,camera_rgb_raw,0.8,0.5,Nikon D700,D65,4.16333634234e-17,4.4412832993e-16
shading,camera_rgb_wb,0.8,0.5,Nikon D700,D65,5.55111512313e-17,2.53556909273e-16
shading,spectral_radiance,0.8,0.5,Nikon D700,D65,0.0,0.0
shading,cie_xyz,0.8,0.5,Nikon D700,D65,0.0,0.0
shading,camera_rgb_raw,0.8,0.5,Nikon D700,D65,0.0,0.0
shading,camera_rgb_wb,0.8,0.5,Nikon D700,D65,0.0,0.0
shading,spectral_radiance,0.8,0.5,Nikon D80,D65,0.0,0.0
shading,cie_xyz,0.8,0.5,Nikon D80,D65,0.0,0.0
shading,camera_rgb_raw,0.8,0.5,Nikon D80,D65,0.0,0.0
shading,camera_rgb_wb,0.8,0.5,Nikon D80,D65,0.0,0.0
shading,spectral_radiance,0.8,0.5,Nikon D80,D65,0.0,0.0
shading,cie_xyz,0.8,0.5,Nikon D80,D65,0.0,0.0
shading,camera_rgb_raw,0.8,0.5,Nikon D80,D65,0.0,0.0
shading,camera_rgb_wb,0.8,0.5,Nikon D80,D65,0.0,0.0
shading,spectral_radiance,0.8,0.5,Nikon D80,D65,4.33680868994e-19,1.28960628815e-16
shading,cie_xyz,0.8,0.5,Nikon D80,D65,2.77555756156e-17,1.75429229986e-16
shading,camera_rgb_raw,0.8,0.5,Nikon D80,D65,1.38777878078e-17,1.644091607e-16
shading,camera_rgb_wb,0.8,0.5,Nikon D80,D65,2.77555756156e-17,1.24775098834e-16
shading,spectral_radiance,0.8,0.5,Nikon D80,D65,0.0,0.0
shading,cie_xyz,0.8,0.5,Nikon D80,D65,0.0,0.0
shading,camera_rgb_raw,0.8,0.5,Nikon D80,D65,0.0,0.0
shading,camera_rgb_wb,0.8,0.5,Nikon D80,D65,0.0,0.0
shading,spectral_radiance,0.8,0.5,Nikon D90,D65,0.0,0.0
shading,cie_xyz,0.8,0.5,Nikon D90,D65,0.0,0.0
shading,camera_rgb_raw,0.8,0.5,Nikon D90,D65,0.0,0.0
shading,camera_rgb_wb,0.8,0.5,Nikon D90,D65,0.0,0.0
shading,spectral_radiance,0.8,0.5,Nikon D90,D65,0.0,0.0
shading,cie_xyz,0.8,0.5,Nikon D90,D65,0.0,0.0
shading,camera_rgb_raw,0.8,0.5,Nikon D90,D65,0.0,0.0
shading,camera_rgb_wb,0.8,0.5,Nikon D90,D65,0.0,0.0
shading,spectral_radiance,0.8,0.5,Nikon D90,D65,4.33680868994e-19,1.28960628815e-16
shading,cie_xyz,0.8,0.5,Nikon D90,D65,2.77555756156e-17,1.75429229986e-16
shading,camera_rgb_raw,0.8,0.5,Nikon D90,D65,2.77555756156e-17,3.27960579043e-16
shading,camera_rgb_wb,0.8,0.5,Nikon D90,D65,8.32667268469e-17,4.00021108363e-16
shading,spectral_radiance,0.8,0.5,Nikon D90,D65,0.0,0.0
shading,cie_xyz,0.8,0.5,Nikon D90,D65,0.0,0.0
shading,camera_rgb_raw,0.8,0.5,Nikon D90,D65,0.0,0.0
shading,camera_rgb_wb,0.8,0.5,Nikon D90,D65,0.0,0.0
shading,spectral_radiance,0.8,0.5,Nokia N900,D65,0.0,0.0
shading,cie_xyz,0.8,0.5,Nokia N900,D65,0.0,0.0
shading,camera_rgb_raw,0.8,0.5,Nokia N900,D65,0.0,0.0
shading,camera_rgb_wb,0.8,0.5,Nokia N900,D65,0.0,0.0
shading,spectral_radiance,0.8,0.5,Nokia N900,D65,0.0,0.0
shading,cie_xyz,0.8,0.5,Nokia N900,D65,0.0,0.0
shading,camera_rgb_raw,0.8,0.5,Nokia N900,D65,0.0,0.0
shading,camera_rgb_wb,0.8,0.5,Nokia N900,D65,0.0,0.0
shading,spectral_radiance,0.8,0.5,Nokia N900,D65,4.33680868994e-19,1.28960628815e-16
shading,cie_xyz,0.8,0.5,Nokia N900,D65,2.77555756156e-17,1.75429229986e-16
shading,camera_rgb_raw,0.8,0.5,Nokia N900,D65,2.77555756156e-17,1.89502703954e-16
shading,camera_rgb_wb,0.8,0.5,Nokia N900,D65,5.55111512313e-17,2.38965947762e-16
shading,spectral_radiance,0.8,0.5,Nokia N900,D65,0.0,0.0
shading,cie_xyz,0.8,0.5,Nokia N900,D65,0.0,0.0
shading,camera_rgb_raw,0.8,0.5,Nokia N900,D65,0.0,0.0
shading,camera_rgb_wb,0.8,0.5,Nokia N900,D65,0.0,0.0
shading,spectral_radiance,0.8,0.5,Olympus E-PL2,D65,0.0,0.0
shading,cie_xyz,0.8,0.5,Olympus E-PL2,D65,0.0,0.0
shading,camera_rgb_raw,0.8,0.5,Olympus E-PL2,D65,0.0,0.0
shading,camera_rgb_wb,0.8,0.5,Olympus E-PL2,D65,0.0,0.0
shading,spectral_radiance,0.8,0.5,Olympus E-PL2,D65,0.0,0.0
shading,cie_xyz,0.8,0.5,Olympus E-PL2,D65,0.0,0.0
shading,camera_rgb_raw,0.8,0.5,Olympus E-PL2,D65,0.0,0.0
shading,camera_rgb_wb,0.8,0.5,Olympus E-PL2,D65,0.0,0.0
shading,spectral_radiance,0.8,0.5,Olympus E-PL2,D65,4.33680868994e-19,1.28960628815e-16
shading,cie_xyz,0.8,0.5,Olympus E-PL2,D65,2.77555756156e-17,1.75429229986e-16
shading,camera_rgb_raw,0.8,0.5,Olympus E-PL2,D65,2.77555756156e-17,1.83551668337e-16
shading,camera_rgb_wb,0.8,0.5,Olympus E-PL2,D65,5.55111512313e-17,2.24405436605e-16
shading,spectral_radiance,0.8,0.5,Olympus E-PL2,D65,0.0,0.0
shading,cie_xyz,0.8,0.5,Olympus E-PL2,D65,0.0,0.0
shading,camera_rgb_raw,0.8,0.5,Olympus E-PL2,D65,0.0,0.0
shading,camera_rgb_wb,0.8,0.5,Olympus E-PL2,D65,0.0,0.0
shading,spectral_radiance,0.8,0.5,Pentax K-5,D65,0.0,0.0
shading,cie_xyz,0.8,0.5,Pentax K-5,D65,0.0,0.0
shading,camera_rgb_raw,0.8,0.5,Pentax K-5,D65,0.0,0.0
shading,camera_rgb_wb,0.8,0.5,Pentax K-5,D65,0.0,0.0
shading,spectral_radiance,0.8,0.5,Pentax K-5,D65,0.0,0.0
shading,cie_xyz,0.8,0.5,Pentax K-5,D65,0.0,0.0
shading,camera_rgb_raw,0.8,0.5,Pentax K-5,D65,0.0,0.0
shading,camera_rgb_wb,0.8,0.5,Pentax K-5,D65,0.0,0.0
shading,spectral_radiance,0.8,0.5,Pentax K-5,D65,4.33680868994e-19,1.28960628815e-16
shading,cie_xyz,0.8,0.5,Pentax K-5,D65,2.77555756156e-17,1.75429229986e-16
shading,camera_rgb_raw,0.8,0.5,Pentax K-5,D65,5.55111512313e-17,6.23835744963e-16
shading,camera_rgb_wb,0.8,0.5,Pentax K-5,D65,5.55111512313e-17,2.54498630608e-16
shading,spectral_radiance,0.8,0.5,Pentax K-5,D65,0.0,0.0
shading,cie_xyz,0.8,0.5,Pentax K-5,D65,0.0,0.0
shading,camera_rgb_raw,0.8,0.5,Pentax K-5,D65,0.0,0.0
shading,camera_rgb_wb,0.8,0.5,Pentax K-5,D65,0.0,0.0
shading,spectral_radiance,0.8,0.5,Pentax Q,D65,0.0,0.0
shading,cie_xyz,0.8,0.5,Pentax Q,D65,0.0,0.0
shading,camera_rgb_raw,0.8,0.5,Pentax Q,D65,0.0,0.0
shading,camera_rgb_wb,0.8,0.5,Pentax Q,D65,0.0,0.0
shading,spectral_radiance,0.8,0.5,Pentax Q,D65,0.0,0.0
shading,cie_xyz,0.8,0.5,Pentax Q,D65,0.0,0.0
shading,camera_rgb_raw,0.8,0.5,Pentax Q,D65,0.0,0.0
shading,camera_rgb_wb,0.8,0.5,Pentax Q,D65,0.0,0.0
shading,spectral_radiance,0.8,0.5,Pentax Q,D65,4.33680868994e-19,1.28960628815e-16
shading,cie_xyz,0.8,0.5,Pentax Q,D65,2.77555756156e-17,1.75429229986e-16
shading,camera_rgb_raw,0.8,0.5,Pentax Q,D65,5.55111512313e-17,3.54781212685e-16
shading,camera_rgb_wb,0.8,0.5,Pentax Q,D65,5.55111512313e-17,2.38163709943e-16
shading,spectral_radiance,0.8,0.5,Pentax Q,D65,0.0,0.0
shading,cie_xyz,0.8,0.5,Pentax Q,D65,0.0,0.0
shading,camera_rgb_raw,0.8,0.5,Pentax Q,D65,0.0,0.0
shading,camera_rgb_wb,0.8,0.5,Pentax Q,D65,0.0,0.0
shading,spectral_radiance,0.8,0.5,Point Grey Grasshopper 50S5C,D65,0.0,0.0
shading,cie_xyz,0.8,0.5,Point Grey Grasshopper 50S5C,D65,0.0,0.0
shading,camera_rgb_raw,0.8,0.5,Point Grey Grasshopper 50S5C,D65,0.0,0.0
shading,camera_rgb_wb,0.8,0.5,Point Grey Grasshopper 50S5C,D65,0.0,0.0
shading,spectral_radiance,0.8,0.5,Point Grey Grasshopper 50S5C,D65,0.0,0.0
shading,cie_xyz,0.8,0.5,Point Grey Grasshopper 50S5C,D65,0.0,0.0
shading,camera_rgb_raw,0.8,0.5,Point Grey Grasshopper 50S5C,D65,0.0,0.0
shading,camera_rgb_wb,0.8,0.5,Point Grey Grasshopper 50S5C,D65,0.0,0.0
shading,spectral_radiance,0.8,0.5,Point Grey Grasshopper 50S5C,D65,4.33680868994e-19,1.28960628815e-16
shading,cie_xyz,0.8,0.5,Point Grey Grasshopper 50S5C,D65,2.77555756156e-17,1.75429229986e-16
shading,camera_rgb_raw,0.8,0.5,Point Grey Grasshopper 50S5C,D65,6.93889390391e-18,5.48820686031e-17
shading,camera_rgb_wb,0.8,0.5,Point Grey Grasshopper 50S5C,D65,2.77555756156e-17,8.77659350579e-17
shading,spectral_radiance,0.8,0.5,Point Grey Grasshopper 50S5C,D65,0.0,0.0
shading,cie_xyz,0.8,0.5,Point Grey Grasshopper 50S5C,D65,0.0,0.0
shading,camera_rgb_raw,0.8,0.5,Point Grey Grasshopper 50S5C,D65,0.0,0.0
shading,camera_rgb_wb,0.8,0.5,Point Grey Grasshopper 50S5C,D65,0.0,0.0
shading,spectral_radiance,0.8,0.5,Point Grey Grasshopper2 14S5C,D65,0.0,0.0
shading,cie_xyz,0.8,0.5,Point Grey Grasshopper2 14S5C,D65,0.0,0.0
shading,camera_rgb_raw,0.8,0.5,Point Grey Grasshopper2 14S5C,D65,0.0,0.0
shading,camera_rgb_wb,0.8,0.5,Point Grey Grasshopper2 14S5C,D65,0.0,0.0
shading,spectral_radiance,0.8,0.5,Point Grey Grasshopper2 14S5C,D65,0.0,0.0
shading,cie_xyz,0.8,0.5,Point Grey Grasshopper2 14S5C,D65,0.0,0.0
shading,camera_rgb_raw,0.8,0.5,Point Grey Grasshopper2 14S5C,D65,0.0,0.0
shading,camera_rgb_wb,0.8,0.5,Point Grey Grasshopper2 14S5C,D65,0.0,0.0
shading,spectral_radiance,0.8,0.5,Point Grey Grasshopper2 14S5C,D65,4.33680868994e-19,1.28960628815e-16
shading,cie_xyz,0.8,0.5,Point Grey Grasshopper2 14S5C,D65,2.77555756156e-17,1.75429229986e-16
shading,camera_rgb_raw,0.8,0.5,Point Grey Grasshopper2 14S5C,D65,2.08166817117e-17,1.67016023678e-16
shading,camera_rgb_wb,0.8,0.5,Point Grey Grasshopper2 14S5C,D65,4.16333634234e-17,1.52014683025e-16
shading,spectral_radiance,0.8,0.5,Point Grey Grasshopper2 14S5C,D65,0.0,0.0
shading,cie_xyz,0.8,0.5,Point Grey Grasshopper2 14S5C,D65,0.0,0.0
shading,camera_rgb_raw,0.8,0.5,Point Grey Grasshopper2 14S5C,D65,0.0,0.0
shading,camera_rgb_wb,0.8,0.5,Point Grey Grasshopper2 14S5C,D65,0.0,0.0
shading,spectral_radiance,0.8,0.5,Phase One,D65,0.0,0.0
shading,cie_xyz,0.8,0.5,Phase One,D65,0.0,0.0
shading,camera_rgb_raw,0.8,0.5,Phase One,D65,0.0,0.0
shading,camera_rgb_wb,0.8,0.5,Phase One,D65,0.0,0.0
shading,spectral_radiance,0.8,0.5,Phase One,D65,0.0,0.0
shading,cie_xyz,0.8,0.5,Phase One,D65,0.0,0.0
shading,camera_rgb_raw,0.8,0.5,Phase One,D65,0.0,0.0
shading,camera_rgb_wb,0.8,0.5,Phase One,D65,0.0,0.0
shading,spectral_radiance,0.8,0.5,Phase One,D65,4.33680868994e-19,1.28960628815e-16
shading,cie_xyz,0.8,0.5,Phase One,D65,2.77555756156e-17,1.75429229986e-16
shading,camera_rgb_raw,0.8,0.5,Phase One,D65,1.38777878078e-17,1.58425315294e-16
shading,camera_rgb_wb,0.8,0.5,Phase One,D65,1.38777878078e-17,7.78977493639e-17
shading,spectral_radiance,0.8,0.5,Phase One,D65,0.0,0.0
shading,cie_xyz,0.8,0.5,Phase One,D65,0.0,0.0
shading,camera_rgb_raw,0.8,0.5,Phase One,D65,0.0,0.0
shading,camera_rgb_wb,0.8,0.5,Phase One,D65,0.0,0.0
shading,spectral_radiance,0.8,0.5,SONY NEX-5N,D65,0.0,0.0
shading,cie_xyz,0.8,0.5,SONY NEX-5N,D65,0.0,0.0
shading,camera_rgb_raw,0.8,0.5,SONY NEX-5N,D65,0.0,0.0
shading,camera_rgb_wb,0.8,0.5,SONY NEX-5N,D65,0.0,0.0
shading,spectral_radiance,0.8,0.5,SONY NEX-5N,D65,0.0,0.0
shading,cie_xyz,0.8,0.5,SONY NEX-5N,D65,0.0,0.0
shading,camera_rgb_raw,0.8,0.5,SONY NEX-5N,D65,0.0,0.0
shading,camera_rgb_wb,0.8,0.5,SONY NEX-5N,D65,0.0,0.0
shading,spectral_radiance,0.8,0.5,SONY NEX-5N,D65,4.33680868994e-19,1.28960628815e-16
shading,cie_xyz,0.8,0.5,SONY NEX-5N,D65,2.77555756156e-17,1.75429229986e-16
shading,camera_rgb_raw,0.8,0.5,SONY NEX-5N,D65,1.38777878078e-17,1.90255007408e-16
shading,camera_rgb_wb,0.8,0.5,SONY NEX-5N,D65,2.77555756156e-17,1.3820810043e-16
shading,spectral_radiance,0.8,0.5,SONY NEX-5N,D65,0.0,0.0
shading,cie_xyz,0.8,0.5,SONY NEX-5N,D65,0.0,0.0
shading,camera_rgb_raw,0.8,0.5,SONY NEX-5N,D65,0.0,0.0
shading,camera_rgb_wb,0.8,0.5,SONY NEX-5N,D65,0.0,0.0
shading,spectral_radiance,0.8,0.5,Canon 1DMarkIII,A,0.0,0.0
shading,cie_xyz,0.8,0.5,Canon 1DMarkIII,A,0.0,0.0
shading,camera_rgb_raw,0.8,0.5,Canon 1DMarkIII,A,0.0,0.0
shading,camera_rgb_wb,0.8,0.5,Canon 1DMarkIII,A,0.0,0.0
shading,spectral_radiance,0.8,0.5,Canon 1DMarkIII,A,0.0,0.0
shading,cie_xyz,0.8,0.5,Canon 1DMarkIII,A,0.0,0.0
shading,camera_rgb_raw,0.8,0.5,Canon 1DMarkIII,A,0.0,0.0
shading,camera_rgb_wb,0.8,0.5,Canon 1DMarkIII,A,0.0,0.0
shading,spectral_radiance,0.8,0.5,Canon 1DMarkIII,A,1.73472347598e-18,1.79983578117e-16
shading,cie_xyz,0.8,0.5,Canon 1DMarkIII,A,5.55111512313e-17,2.33837002445e-16
shading,camera_rgb_raw,0.8,0.5,Canon 1DMarkIII,A,1.38777878078e-17,1.10090981706e-16
shading,camera_rgb_wb,0.8,0.5,Canon 1DMarkIII,A,2.77555756156e-17,1.13714478928e-16
shading,spectral_radiance,0.8,0.5,Canon 1DMarkIII,A,0.0,0.0
shading,cie_xyz,0.8,0.5,Canon 1DMarkIII,A,0.0,0.0
shading,camera_rgb_raw,0.8,0.5,Canon 1DMarkIII,A,0.0,0.0
shading,camera_rgb_wb,0.8,0.5,Canon 1DMarkIII,A,0.0,0.0
shading,spectral_radiance,0.8,0.5,Canon 20D,A,0.0,0.0
shading,cie_xyz,0.8,0.5,Canon 20D,A,0.0,0.0
shading,camera_rgb_raw,0.8,0.5,Canon 20D,A,0.0,0.0
shading,camera_rgb_wb,0.8,0.5,Canon 20D,A,0.0,0.0
shading,spectral_radiance,0.8,0.5,Canon 20D,A,0.0,0.0
shading,cie_xyz,0.8,0.5,Canon 20D,A,0.0,0.0
shading,camera_rgb_raw,0.8,0.5,Canon 20D,A,0.0,0.0
shading,camera_rgb_wb,0.8,0.5,Canon 20D,A,0.0,0.0
shading,spectral_radiance,0.8,0.5,Canon 20D,A,1.73472347598e-18,1.79983578117e-16
shading,cie_xyz,0.8,0.5,Canon 20D,A,5.55111512313e-17,2.33837002445e-16
shading,camera_rgb_raw,0.8,0.5,Canon 20D,A,2.77555756156e-17,1.88319532555e-16
shading,camera_rgb_wb,0.8,0.5,Canon 20D,A,5.55111512313e-17,2.2310156495e-16
shading,spectral_radiance,0.8,0.5,Canon 20D,A,0.0,0.0
shading,cie_xyz,0.8,0.5,Canon 20D,A,0.0,0.0
shading,camera_rgb_raw,0.8,0.5,Canon 20D,A,0.0,0.0
shading,camera_rgb_wb,0.8,0.5,Canon 20D,A,0.0,0.0
shading,spectral_radiance,0.8,0.5,Canon 300D,A,0.0,0.0
shading,cie_xyz,0.8,0.5,Canon 300D,A,0.0,0.0
shading,camera_rgb_raw,0.8,0.5,Canon 300D,A,0.0,0.0
shading,camera_rgb_wb,0.8,0.5,Canon 300D,A,0.0,0.0
shading,spectral_radiance,0.8,0.5,Canon 300D,A,0.0,0.0
shading,cie_xyz,0.8,0.5,Canon 300D,A,0.0,0.0
shading,camera_rgb_raw,0.8,0.5,Canon 300D,A,0.0,0.0
shading,camera_rgb_wb,0.8,0.5,Canon 300D,A,0.0,0.0
shading,spectral_radiance,0.8,0.5,Canon 300D,A,1.73472347598e-18,1.79983578117e-16
shading,cie_xyz,0.8,0.5,Canon 300D,A,5.55111512313e-17,2.33837002445e-16
shading,camera_rgb_raw,0.8,0.5,Canon 300D,A,2.77555756156e-17,1.81545794571e-16
shading,camera_rgb_wb,0.8,0.5,Canon 300D,A,2.77555756156e-17,1.1190083499e-16
shading,spectral_radiance,0.8,0.5,Canon 300D,A,0.0,0.0
shading,cie_xyz,0.8,0.5,Canon 300D,A,0.0,0.0
shading,camera_rgb_raw,0.8,0.5,Canon 300D,A,0.0,0.0
shading,camera_rgb_wb,0.8,0.5,Canon 300D,A,0.0,0.0
shading,spectral_radiance,0.8,0.5,Canon 40D,A,0.0,0.0
shading,cie_xyz,0.8,0.5,Canon 40D,A,0.0,0.0
shading,camera_rgb_raw,0.8,0.5,Canon 40D,A,0.0,0.0
shading,camera_rgb_wb,0.8,0.5,Canon 40D,A,0.0,0.0
shading,spectral_radiance,0.8,0.5,Canon 40D,A,0.0,0.0
shading,cie_xyz,0.8,0.5,Canon 40D,A,0.0,0.0
shading,camera_rgb_raw,0.8,0.5,Canon 40D,A,0.0,0.0
shading,camera_rgb_wb,0.8,0.5,Canon 40D,A,0.0,0.0
shading,spectral_radiance,0.8,0.5,Canon 40D,A,1.73472347598e-18,1.79983578117e-16
shading,cie_xyz,0.8,0.5,Canon 40D,A,5.55111512313e-17,2.33837002445e-16
shading,camera_rgb_raw,0.8,0.5,Canon 40D,A,5.55111512313e-17,3.9683741122e-16
shading,camera_rgb_wb,0.8,0.5,Canon 40D,A,5.55111512313e-17,2.17739526884e-16
shading,spectral_radiance,0.8,0.5,Canon 40D,A,0.0,0.0
shading,cie_xyz,0.8,0.5,Canon 40D,A,0.0,0.0
shading,camera_rgb_raw,0.8,0.5,Canon 40D,A,0.0,0.0
shading,camera_rgb_wb,0.8,0.5,Canon 40D,A,0.0,0.0
shading,spectral_radiance,0.8,0.5,Canon 500D,A,0.0,0.0
shading,cie_xyz,0.8,0.5,Canon 500D,A,0.0,0.0
shading,camera_rgb_raw,0.8,0.5,Canon 500D,A,0.0,0.0
shading,camera_rgb_wb,0.8,0.5,Canon 500D,A,0.0,0.0
shading,spectral_radiance,0.8,0.5,Canon 500D,A,0.0,0.0
shading,cie_xyz,0.8,0.5,Canon 500D,A,0.0,0.0
shading,camera_rgb_raw,0.8,0.5,Canon 500D,A,0.0,0.0
shading,camera_rgb_wb,0.8,0.5,Canon 500D,A,0.0,0.0
shading,spectral_radiance,0.8,0.5,Canon 500D,A,1.73472347598e-18,1.79983578117e-16
shading,cie_xyz,0.8,0.5,Canon 500D,A,5.55111512313e-17,2.33837002445e-16
shading,camera_rgb_raw,0.8,0.5,Canon 500D,A,5.55111512313e-17,3.89567920813e-16
shading,camera_rgb_wb,0.8,0.5,Canon 500D,A,8.32667268469e-17,3.63081568237e-16
shading,spectral_radiance,0.8,0.5,Canon 500D,A,0.0,0.0
shading,cie_xyz,0.8,0.5,Canon 500D,A,0.0,0.0
shading,camera_rgb_raw,0.8,0.5,Canon 500D,A,0.0,0.0
shading,camera_rgb_wb,0.8,0.5,Canon 500D,A,0.0,0.0
shading,spectral_radiance,0.8,0.5,Canon 50D,A,0.0,0.0
shading,cie_xyz,0.8,0.5,Canon 50D,A,0.0,0.0
shading,camera_rgb_raw,0.8,0.5,Canon 50D,A,0.0,0.0
shading,camera_rgb_wb,0.8,0.5,Canon 50D,A,0.0,0.0
shading,spectral_radiance,0.8,0.5,Canon 50D,A,0.0,0.0
shading,cie_xyz,0.8,0.5,Canon 50D,A,0.0,0.0
shading,camera_rgb_raw,0.8,0.5,Canon 50D,A,0.0,0.0
shading,camera_rgb_wb,0.8,0.5,Canon 50D,A,0.0,0.0
shading,spectral_radiance,0.8,0.5,Canon 50D,A,1.73472347598e-18,1.79983578117e-16
shading,cie_xyz,0.8,0.5,Canon 50D,A,5.55111512313e-17,2.33837002445e-16
shading,camera_rgb_raw,0.8,0.5,Canon 50D,A,2.77555756156e-17,1.95635554421e-16
shading,camera_rgb_wb,0.8,0.5,Canon 50D,A,5.55111512313e-17,2.37465598748e-16
shading,spectral_radiance,0.8,0.5,Canon 50D,A,0.0,0.0
shading,cie_xyz,0.8,0.5,Canon 50D,A,0.0,0.0
shading,camera_rgb_raw,0.8,0.5,Canon 50D,A,0.0,0.0
shading,camera_rgb_wb,0.8,0.5,Canon 50D,A,0.0,0.0
shading,spectral_radiance,0.8,0.5,Canon 5DMarkII,A,0.0,0.0
shading,cie_xyz,0.8,0.5,Canon 5DMarkII,A,0.0,0.0
shading,camera_rgb_raw,0.8,0.5,Canon 5DMarkII,A,0.0,0.0
shading,camera_rgb_wb,0.8,0.5,Canon 5DMarkII,A,0.0,0.0
shading,spectral_radiance,0.8,0.5,Canon 5DMarkII,A,0.0,0.0
shading,cie_xyz,0.8,0.5,Canon 5DMarkII,A,0.0,0.0
shading,camera_rgb_raw,0.8,0.5,Canon 5DMarkII,A,0.0,0.0
shading,camera_rgb_wb,0.8,0.5,Canon 5DMarkII,A,0.0,0.0
shading,spectral_radiance,0.8,0.5,Canon 5DMarkII,A,1.73472347598e-18,1.79983578117e-16
shading,cie_xyz,0.8,0.5,Canon 5DMarkII,A,5.55111512313e-17,2.33837002445e-16
shading,camera_rgb_raw,0.8,0.5,Canon 5DMarkII,A,1.38777878078e-17,9.93756299677e-17
shading,camera_rgb_wb,0.8,0.5,Canon 5DMarkII,A,2.77555756156e-17,1.15536691165e-16
shading,spectral_radiance,0.8,0.5,Canon 5DMarkII,A,0.0,0.0
shading,cie_xyz,0.8,0.5,Canon 5DMarkII,A,0.0,0.0
shading,camera_rgb_raw,0.8,0.5,Canon 5DMarkII,A,0.0,0.0
shading,camera_rgb_wb,0.8,0.5,Canon 5DMarkII,A,0.0,0.0
shading,spectral_radiance,0.8,0.5,Canon 600D,A,0.0,0.0
shading,cie_xyz,0.8,0.5,Canon 600D,A,0.0,0.0
shading,camera_rgb_raw,0.8,0.5,Canon 600D,A,0.0,0.0
shading,camera_rgb_wb,0.8,0.5,Canon 600D,A,0.0,0.0
shading,spectral_radiance,0.8,0.5,Canon 600D,A,0.0,0.0
shading,cie_xyz,0.8,0.5,Canon 600D,A,0.0,0.0
shading,camera_rgb_raw,0.8,0.5,Canon 600D,A,0.0,0.0
shading,camera_rgb_wb,0.8,0.5,Canon 600D,A,0.0,0.0
shading,spectral_radiance,0.8,0.5,Canon 600D,A,1.73472347598e-18,1.79983578117e-16
shading,cie_xyz,0.8,0.5,Canon 600D,A,5.55111512313e-17,2.33837002445e-16
shading,camera_rgb_raw,0.8,0.5,Canon 600D,A,4.16333634234e-17,3.04466067677e-16
shading,camera_rgb_wb,0.8,0.5,Canon 600D,A,5.55111512313e-17,2.26224867971e-16
shading,spectral_radiance,0.8,0.5,Canon 600D,A,0.0,0.0
shading,cie_xyz,0.8,0.5,Canon 600D,A,0.0,0.0
shading,camera_rgb_raw,0.8,0.5,Canon 600D,A,0.0,0.0
shading,camera_rgb_wb,0.8,0.5,Canon 600D,A,0.0,0.0
shading,spectral_radiance,0.8,0.5,Canon 60D,A,0.0,0.0
shading,cie_xyz,0.8,0.5,Canon 60D,A,0.0,0.0
shading,camera_rgb_raw,0.8,0.5,Canon 60D,A,0.0,0.0
shading,camera_rgb_wb,0.8,0.5,Canon 60D,A,0.0,0.0
shading,spectral_radiance,0.8,0.5,Canon 60D,A,0.0,0.0
shading,cie_xyz,0.8,0.5,Canon 60D,A,0.0,0.0
shading,camera_rgb_raw,0.8,0.5,Canon 60D,A,0.0,0.0
shading,camera_rgb_wb,0.8,0.5,Canon 60D,A,0.0,0.0
shading,spectral_radiance,0.8,0.5,Canon 60D,A,1.73472347598e-18,1.79983578117e-16
shading,cie_xyz,0.8,0.5,Canon 60D,A,5.55111512313e-17,2.33837002445e-16
shading,camera_rgb_raw,0.8,0.5,Canon 60D,A,2.77555756156e-17,2.01410810288e-16
shading,camera_rgb_wb,0.8,0.5,Canon 60D,A,4.16333634234e-17,1.70116895853e-16
shading,spectral_radiance,0.8,0.5,Canon 60D,A,0.0,0.0
shading,cie_xyz,0.8,0.5,Canon 60D,A,0.0,0.0
shading,camera_rgb_raw,0.8,0.5,Canon 60D,A,0.0,0.0
shading,camera_rgb_wb,0.8,0.5,Canon 60D,A,0.0,0.0
shading,spectral_radiance,0.8,0.5,Hasselblad H2,A,0.0,0.0
shading,cie_xyz,0.8,0.5,Hasselblad H2,A,0.0,0.0
shading,camera_rgb_raw,0.8,0.5,Hasselblad H2,A,0.0,0.0
shading,camera_rgb_wb,0.8,0.5,Hasselblad H2,A,0.0,0.0
shading,spectral_radiance,0.8,0.5,Hasselblad H2,A,0.0,0.0
shading,cie_xyz,0.8,0.5,Hasselblad H2,A,0.0,0.0
shading,camera_rgb_raw,0.8,0.5,Hasselblad H2,A,0.0,0.0
shading,camera_rgb_wb,0.8,0.5,Hasselblad H2,A,0.0,0.0
shading,spectral_radiance,0.8,0.5,Hasselblad H2,A,1.73472347598e-18,1.79983578117e-16
shading,cie_xyz,0.8,0.5,Hasselblad H2,A,5.55111512313e-17,2.33837002445e-16
shading,camera_rgb_raw,0.8,0.5,Hasselblad H2,A,1.38777878078e-17,1.27284110121e-16
shading,camera_rgb_wb,0.8,0.5,Hasselblad H2,A,5.55111512313e-17,2.07588759729e-16
shading,spectral_radiance,0.8,0.5,Hasselblad H2,A,0.0,0.0
shading,cie_xyz,0.8,0.5,Hasselblad H2,A,0.0,0.0
shading,camera_rgb_raw,0.8,0.5,Hasselblad H2,A,0.0,0.0
shading,camera_rgb_wb,0.8,0.5,Hasselblad H2,A,0.0,0.0
shading,spectral_radiance,0.8,0.5,Nikon D3X,A,0.0,0.0
shading,cie_xyz,0.8,0.5,Nikon D3X,A,0.0,0.0
shading,camera_rgb_raw,0.8,0.5,Nikon D3X,A,0.0,0.0
shading,camera_rgb_wb,0.8,0.5,Nikon D3X,A,0.0,0.0
shading,spectral_radiance,0.8,0.5,Nikon D3X,A,0.0,0.0
shading,cie_xyz,0.8,0.5,Nikon D3X,A,0.0,0.0
shading,camera_rgb_raw,0.8,0.5,Nikon D3X,A,0.0,0.0
shading,camera_rgb_wb,0.8,0.5,Nikon D3X,A,0.0,0.0
shading,spectral_radiance,0.8,0.5,Nikon D3X,A,1.73472347598e-18,1.79983578117e-16
shading,cie_xyz,0.8,0.5,Nikon D3X,A,5.55111512313e-17,2.33837002445e-16
shading,camera_rgb_raw,0.8,0.5,Nikon D3X,A,5.55111512313e-17,4.18919908985e-16
shading,camera_rgb_wb,0.8,0.5,Nikon D3X,A,8.32667268469e-17,3.34483490988e-16
shading,spectral_radiance,0.8,0.5,Nikon D3X,A,0.0,0.0
shading,cie_xyz,0.8,0.5,Nikon D3X,A,0.0,0.0
shading,camera_rgb_raw,0.8,0.5,Nikon D3X,A,0.0,0.0
shading,camera_rgb_wb,0.8,0.5,Nikon D3X,A,0.0,0.0
shading,spectral_radiance,0.8,0.5,Nikon D200,A,0.0,0.0
shading,cie_xyz,0.8,0.5,Nikon D200,A,0.0,0.0
shading,camera_rgb_raw,0.8,0.5,Nikon D200,A,0.0,0.0
shading,camera_rgb_wb,0.8,0.5,Nikon D200,A,0.0,0.0
shading,spectral_radiance,0.8,0.5,Nikon D200,A,0.0,0.0
shading,cie_xyz,0.8,0.5,Nikon D200,A,0.0,0.0
shading,camera_rgb_raw,0.8,0.5,Nikon D200,A,0.0,0.0
shading,camera_rgb_wb,0.8,0.5,Nikon D200,A,0.0,0.0
shading,spectral_radiance,0.8,0.5,Nikon D200,A,1.73472347598e-18,1.79983578117e-16
shading,cie_xyz,0.8,0.5,Nikon D200,A,5.55111512313e-17,2.33837002445e-16
shading,camera_rgb_raw,0.8,0.5,Nikon D200,A,2.08166817117e-17,1.38821571375e-16
shading,camera_rgb_wb,0.8,0.5,Nikon D200,A,4.16333634234e-17,1.65970638929e-16
shading,spectral_radiance,0.8,0.5,Nikon D200,A,0.0,0.0
shading,cie_xyz,0.8,0.5,Nikon D200,A,0.0,0.0
shading,camera_rgb_raw,0.8,0.5,Nikon D200,A,0.0,0.0
shading,camera_rgb_wb,0.8,0.5,Nikon D200,A,0.0,0.0
shading,spectral_radiance,0.8,0.5,Nikon D3,A,0.0,0.0
shading,cie_xyz,0.8,0.5,Nikon D3,A,0.0,0.0
shading,camera_rgb_raw,0.8,0.5,Nikon D3,A,0.0,0.0
shading,camera_rgb_wb,0.8,0.5,Nikon D3,A,0.0,0.0
shading,spectral_radiance,0.8,0.5,Nikon D3,A,0.0,0.0
shading,cie_xyz,0.8,0.5,Nikon D3,A,0.0,0.0
shading,camera_rgb_raw,0.8,0.5,Nikon D3,A,0.0,0.0
shading,camera_rgb_wb,0.8,0.5,Nikon D3,A,0.0,0.0
shading,spectral_radiance,0.8,0.5,Nikon D3,A,1.73472347598e-18,1.79983578117e-16
shading,cie_xyz,0.8,0.5,Nikon D3,A,5.55111512313e-17,2.33837002445e-16
shading,camera_rgb_raw,0.8,0.5,Nikon D3,A,3.46944695195e-17,2.45866592482e-16
shading,camera_rgb_wb,0.8,0.5,Nikon D3,A,5.55111512313e-17,2.2278918564e-16
shading,spectral_radiance,0.8,0.5,Nikon D3,A,0.0,0.0
shading,cie_xyz,0.8,0.5,Nikon D3,A,0.0,0.0
shading,camera_rgb_raw,0.8,0.5,Nikon D3,A,0.0,0.0
shading,camera_rgb_wb,0.8,0.5,Nikon D3,A,0.0,0.0
shading,spectral_radiance,0.8,0.5,Nikon D300s,A,0.0,0.0
shading,cie_xyz,0.8,0.5,Nikon D300s,A,0.0,0.0
shading,camera_rgb_raw,0.8,0.5,Nikon D300s,A,0.0,0.0
shading,camera_rgb_wb,0.8,0.5,Nikon D300s,A,0.0,0.0
shading,spectral_radiance,0.8,0.5,Nikon D300s,A,0.0,0.0
shading,cie_xyz,0.8,0.5,Nikon D300s,A,0.0,0.0
shading,camera_rgb_raw,0.8,0.5,Nikon D300s,A,0.0,0.0
shading,camera_rgb_wb,0.8,0.5,Nikon D300s,A,0.0,0.0
shading,spectral_radiance,0.8,0.5,Nikon D300s,A,1.73472347598e-18,1.79983578117e-16
shading,cie_xyz,0.8,0.5,Nikon D300s,A,5.55111512313e-17,2.33837002445e-16
shading,camera_rgb_raw,0.8,0.5,Nikon D300s,A,2.77555756156e-17,1.70079900576e-16
shading,camera_rgb_wb,0.8,0.5,Nikon D300s,A,2.77555756156e-17,1.13869696978e-16
shading,spectral_radiance,0.8,0.5,Nikon D300s,A,0.0,0.0
shading,cie_xyz,0.8,0.5,Nikon D300s,A,0.0,0.0
shading,camera_rgb_raw,0.8,0.5,Nikon D300s,A,0.0,0.0
shading,camera_rgb_wb,0.8,0.5,Nikon D300s,A,0.0,0.0
shading,spectral_radiance,0.8,0.5,Nikon D40,A,0.0,0.0
shading,cie_xyz,0.8,0.5,Nikon D40,A,0.0,0.0
shading,camera_rgb_raw,0.8,0.5,Nikon D40,A,0.0,0.0
shading,camera_rgb_wb,0.8,0.5,Nikon D40,A,0.0,0.0
shading,spectral_radiance,0.8,0.5,Nikon D40,A,0.0,0.0
shading,cie_xyz,0.8,0.5,Nikon D40,A,0.0,0.0
shading,camera_rgb_raw,0.8,0.5,Nikon D40,A,0.0,0.0
shading,camera_rgb_wb,0.8,0.5,Nikon D40,A,0.0,0.0
shading,spectral_radiance,0.8,0.5,Nikon D40,A,1.73472347598e-18,1.79983578117e-16
shading,cie_xyz,0.8,0.5,Nikon D40,A,5.55111512313e-17,2.33837002445e-16
shading,camera_rgb_raw,0.8,0.5,Nikon D40,A,1.38777878078e-17,1.11790064241e-16
shading,camera_rgb_wb,0.8,0.5,Nikon D40,A,2.77555756156e-17,1.11386912992e-16
shading,spectral_radiance,0.8,0.5,Nikon D40,A,0.0,0.0
shading,cie_xyz,0.8,0.5,Nikon D40,A,0.0,0.0
shading,camera_rgb_raw,0.8,0.5,Nikon D40,A,0.0,0.0
shading,camera_rgb_wb,0.8,0.5,Nikon D40,A,0.0,0.0
shading,spectral_radiance,0.8,0.5,Nikon D50,A,0.0,0.0
shading,cie_xyz,0.8,0.5,Nikon D50,A,0.0,0.0
shading,camera_rgb_raw,0.8,0.5,Nikon D50,A,0.0,0.0
shading,camera_rgb_wb,0.8,0.5,Nikon D50,A,0.0,0.0
shading,spectral_radiance,0.8,0.5,Nikon D50,A,0.0,0.0
shading,cie_xyz,0.8,0.5,Nikon D50,A,0.0,0.0
shading,camera_rgb_raw,0.8,0.5,Nikon D50,A,0.0,0.0
shading,camera_rgb_wb,0.8,0.5,Nikon D50,A,0.0,0.0
shading,spectral_radiance,0.8,0.5,Nikon D50,A,1.73472347598e-18,1.79983578117e-16
shading,cie_xyz,0.8,0.5,Nikon D50,A,5.55111512313e-17,2.33837002445e-16
shading,camera_rgb_raw,0.8,0.5,Nikon D50,A,1.73472347598e-18,1.34636499994e-17
shading,camera_rgb_wb,0.8,0.5,Nikon D50,A,5.55111512313e-17,2.14195864872e-16
shading,spectral_radiance,0.8,0.5,Nikon D50,A,0.0,0.0
shading,cie_xyz,0.8,0.5,Nikon D50,A,0.0,0.0
shading,camera_rgb_raw,0.8,0.5,Nikon D50,A,0.0,0.0
shading,camera_rgb_wb,0.8,0.5,Nikon D50,A,0.0,0.0
shading,spectral_radiance,0.8,0.5,Nikon D5100,A,0.0,0.0
shading,cie_xyz,0.8,0.5,Nikon D5100,A,0.0,0.0
shading,camera_rgb_raw,0.8,0.5,Nikon D5100,A,0.0,0.0
shading,camera_rgb_wb,0.8,0.5,Nikon D5100,A,0.0,0.0
shading,spectral_radiance,0.8,0.5,Nikon D5100,A,0.0,0.0
shading,cie_xyz,0.8,0.5,Nikon D5100,A,0.0,0.0
shading,camera_rgb_raw,0.8,0.5,Nikon D5100,A,0.0,0.0
shading,camera_rgb_wb,0.8,0.5,Nikon D5100,A,0.0,0.0
shading,spectral_radiance,0.8,0.5,Nikon D5100,A,1.73472347598e-18,1.79983578117e-16
shading,cie_xyz,0.8,0.5,Nikon D5100,A,5.55111512313e-17,2.33837002445e-16
shading,camera_rgb_raw,0.8,0.5,Nikon D5100,A,2.77555756156e-17,2.0066901907e-16
shading,camera_rgb_wb,0.8,0.5,Nikon D5100,A,4.16333634234e-17,1.70102611612e-16
shading,spectral_radiance,0.8,0.5,Nikon D5100,A,0.0,0.0
shading,cie_xyz,0.8,0.5,Nikon D5100,A,0.0,0.0
shading,camera_rgb_raw,0.8,0.5,Nikon D5100,A,0.0,0.0
shading,camera_rgb_wb,0.8,0.5,Nikon D5100,A,0.0,0.0
shading,spectral_radiance,0.8,0.5,Nikon D700,A,0.0,0.0
shading,cie_xyz,0.8,0.5,Nikon D700,A,0.0,0.0
shading,camera_rgb_raw,0.8,0.5,Nikon D700,A,0.0,0.0
shading,camera_rgb_wb,0.8,0.5,Nikon D700,A,0.0,0.0
shading,spectral_radiance,0.8,0.5,Nikon D700,A,0.0,0.0
shading,cie_xyz,0.8,0.5,Nikon D700,A,0.0,0.0
shading,camera_rgb_raw,0.8,0.5,Nikon D700,A,0.0,0.0
shading,camera_rgb_wb,0.8,0.5,Nikon D700,A,0.0,0.0
shading,spectral_radiance,0.8,0.5,Nikon D700,A,1.73472347598e-18,1.79983578117e-16
shading,cie_xyz,0.8,0.5,Nikon D700,A,5.55111512313e-17,2.33837002445e-16
shading,camera_rgb_raw,0.8,0.5,Nikon D700,A,5.55111512313e-17,3.71498400955e-16
shading,camera_rgb_wb,0.8,0.5,Nikon D700,A,1.11022302463e-16,4.42703768323e-16
shading,spectral_radiance,0.8,0.5,Nikon D700,A,0.0,0.0
shading,cie_xyz,0.8,0.5,Nikon D700,A,0.0,0.0
shading,camera_rgb_raw,0.8,0.5,Nikon D700,A,0.0,0.0
shading,camera_rgb_wb,0.8,0.5,Nikon D700,A,0.0,0.0
shading,spectral_radiance,0.8,0.5,Nikon D80,A,0.0,0.0
shading,cie_xyz,0.8,0.5,Nikon D80,A,0.0,0.0
shading,camera_rgb_raw,0.8,0.5,Nikon D80,A,0.0,0.0
shading,camera_rgb_wb,0.8,0.5,Nikon D80,A,0.0,0.0
shading,spectral_radiance,0.8,0.5,Nikon D80,A,0.0,0.0
shading,cie_xyz,0.8,0.5,Nikon D80,A,0.0,0.0
shading,camera_rgb_raw,0.8,0.5,Nikon D80,A,0.0,0.0
shading,camera_rgb_wb,0.8,0.5,Nikon D80,A,0.0,0.0
shading,spectral_radiance,0.8,0.5,Nikon D80,A,1.73472347598e-18,1.79983578117e-16
shading,cie_xyz,0.8,0.5,Nikon D80,A,5.55111512313e-17,2.33837002445e-16
shading,camera_rgb_raw,0.8,0.5,Nikon D80,A,2.77555756156e-17,2.06358116524e-16
shading,camera_rgb_wb,0.8,0.5,Nikon D80,A,4.16333634234e-17,1.66369634256e-16
shading,spectral_radiance,0.8,0.5,Nikon D80,A,0.0,0.0
shading,cie_xyz,0.8,0.5,Nikon D80,A,0.0,0.0
shading,camera_rgb_raw,0.8,0.5,Nikon D80,A,0.0,0.0
shading,camera_rgb_wb,0.8,0.5,Nikon D80,A,0.0,0.0
shading,spectral_radiance,0.8,0.5,Nikon D90,A,0.0,0.0
shading,cie_xyz,0.8,0.5,Nikon D90,A,0.0,0.0
shading,camera_rgb_raw,0.8,0.5,Nikon D90,A,0.0,0.0
shading,camera_rgb_wb,0.8,0.5,Nikon D90,A,0.0,0.0
shading,spectral_radiance,0.8,0.5,Nikon D90,A,0.0,0.0
shading,cie_xyz,0.8,0.5,Nikon D90,A,0.0,0.0
shading,camera_rgb_raw,0.8,0.5,Nikon D90,A,0.0,0.0
shading,camera_rgb_wb,0.8,0.5,Nikon D90,A,0.0,0.0
shading,spectral_radiance,0.8,0.5,Nikon D90,A,1.73472347598e-18,1.79983578117e-16
shading,cie_xyz,0.8,0.5,Nikon D90,A,5.55111512313e-17,2.33837002445e-16
shading,camera_rgb_raw,0.8,0.5,Nikon D90,A,2.77555756156e-17,2.08436371688e-16
shading,camera_rgb_wb,0.8,0.5,Nikon D90,A,2.77555756156e-17,1.13139263068e-16
shading,spectral_radiance,0.8,0.5,Nikon D90,A,0.0,0.0
shading,cie_xyz,0.8,0.5,Nikon D90,A,0.0,0.0
shading,camera_rgb_raw,0.8,0.5,Nikon D90,A,0.0,0.0
shading,camera_rgb_wb,0.8,0.5,Nikon D90,A,0.0,0.0
shading,spectral_radiance,0.8,0.5,Nokia N900,A,0.0,0.0
shading,cie_xyz,0.8,0.5,Nokia N900,A,0.0,0.0
shading,camera_rgb_raw,0.8,0.5,Nokia N900,A,0.0,0.0
shading,camera_rgb_wb,0.8,0.5,Nokia N900,A,0.0,0.0
shading,spectral_radiance,0.8,0.5,Nokia N900,A,0.0,0.0
shading,cie_xyz,0.8,0.5,Nokia N900,A,0.0,0.0
shading,camera_rgb_raw,0.8,0.5,Nokia N900,A,0.0,0.0
shading,camera_rgb_wb,0.8,0.5,Nokia N900,A,0.0,0.0
shading,spectral_radiance,0.8,0.5,Nokia N900,A,1.73472347598e-18,1.79983578117e-16
shading,cie_xyz,0.8,0.5,Nokia N900,A,5.55111512313e-17,2.33837002445e-16
shading,camera_rgb_raw,0.8,0.5,Nokia N900,A,2.77555756156e-17,1.18087046343e-16
shading,camera_rgb_wb,0.8,0.5,Nokia N900,A,5.55111512313e-17,2.15703262443e-16
shading,spectral_radiance,0.8,0.5,Nokia N900,A,0.0,0.0
shading,cie_xyz,0.8,0.5,Nokia N900,A,0.0,0.0
shading,camera_rgb_raw,0.8,0.5,Nokia N900,A,0.0,0.0
shading,camera_rgb_wb,0.8,0.5,Nokia N900,A,0.0,0.0
shading,spectral_radiance,0.8,0.5,Olympus E-PL2,A,0.0,0.0
shading,cie_xyz,0.8,0.5,Olympus E-PL2,A,0.0,0.0
shading,camera_rgb_raw,0.8,0.5,Olympus E-PL2,A,0.0,0.0
shading,camera_rgb_wb,0.8,0.5,Olympus E-PL2,A,0.0,0.0
shading,spectral_radiance,0.8,0.5,Olympus E-PL2,A,0.0,0.0
shading,cie_xyz,0.8,0.5,Olympus E-PL2,A,0.0,0.0
shading,camera_rgb_raw,0.8,0.5,Olympus E-PL2,A,0.0,0.0
shading,camera_rgb_wb,0.8,0.5,Olympus E-PL2,A,0.0,0.0
shading,spectral_radiance,0.8,0.5,Olympus E-PL2,A,1.73472347598e-18,1.79983578117e-16
shading,cie_xyz,0.8,0.5,Olympus E-PL2,A,5.55111512313e-17,2.33837002445e-16
shading,camera_rgb_raw,0.8,0.5,Olympus E-PL2,A,2.77555756156e-17,1.13266150154e-16
shading,camera_rgb_wb,0.8,0.5,Olympus E-PL2,A,5.55111512313e-17,2.09331668167e-16
shading,spectral_radiance,0.8,0.5,Olympus E-PL2,A,0.0,0.0
shading,cie_xyz,0.8,0.5,Olympus E-PL2,A,0.0,0.0
shading,camera_rgb_raw,0.8,0.5,Olympus E-PL2,A,0.0,0.0
shading,camera_rgb_wb,0.8,0.5,Olympus E-PL2,A,0.0,0.0
shading,spectral_radiance,0.8,0.5,Pentax K-5,A,0.0,0.0
shading,cie_xyz,0.8,0.5,Pentax K-5,A,0.0,0.0
shading,camera_rgb_raw,0.8,0.5,Pentax K-5,A,0.0,0.0
shading,camera_rgb_wb,0.8,0.5,Pentax K-5,A,0.0,0.0
shading,spectral_radiance,0.8,0.5,Pentax K-5,A,0.0,0.0
shading,cie_xyz,0.8,0.5,Pentax K-5,A,0.0,0.0
shading,camera_rgb_raw,0.8,0.5,Pentax K-5,A,0.0,0.0
shading,camera_rgb_wb,0.8,0.5,Pentax K-5,A,0.0,0.0
shading,spectral_radiance,0.8,0.5,Pentax K-5,A,1.73472347598e-18,1.79983578117e-16
shading,cie_xyz,0.8,0.5,Pentax K-5,A,5.55111512313e-17,2.33837002445e-16
shading,camera_rgb_raw,0.8,0.5,Pentax K-5,A,1.38777878078e-17,9.61956489898e-17
shading,camera_rgb_wb,0.8,0.5,Pentax K-5,A,5.55111512313e-17,2.17558830109e-16
shading,spectral_radiance,0.8,0.5,Pentax K-5,A,0.0,0.0
shading,cie_xyz,0.8,0.5,Pentax K-5,A,0.0,0.0
shading,camera_rgb_raw,0.8,0.5,Pentax K-5,A,0.0,0.0
shading,camera_rgb_wb,0.8,0.5,Pentax K-5,A,0.0,0.0
shading,spectral_radiance,0.8,0.5,Pentax Q,A,0.0,0.0
shading,cie_xyz,0.8,0.5,Pentax Q,A,0.0,0.0
shading,camera_rgb_raw,0.8,0.5,Pentax Q,A,0.0,0.0
shading,camera_rgb_wb,0.8,0.5,Pentax Q,A,0.0,0.0
shading,spectral_radiance,0.8,0.5,Pentax Q,A,0.0,0.0
shading,cie_xyz,0.8,0.5,Pentax Q,A,0.0,0.0
shading,camera_rgb_raw,0.8,0.5,Pentax Q,A,0.0,0.0
shading,camera_rgb_wb,0.8,0.5,Pentax Q,A,0.0,0.0
shading,spectral_radiance,0.8,0.5,Pentax Q,A,1.73472347598e-18,1.79983578117e-16
shading,cie_xyz,0.8,0.5,Pentax Q,A,5.55111512313e-17,2.33837002445e-16
shading,camera_rgb_raw,0.8,0.5,Pentax Q,A,5.55111512313e-17,2.16009604432e-16
shading,camera_rgb_wb,0.8,0.5,Pentax Q,A,4.16333634234e-17,1.57087082946e-16
shading,spectral_radiance,0.8,0.5,Pentax Q,A,0.0,0.0
shading,cie_xyz,0.8,0.5,Pentax Q,A,0.0,0.0
shading,camera_rgb_raw,0.8,0.5,Pentax Q,A,0.0,0.0
shading,camera_rgb_wb,0.8,0.5,Pentax Q,A,0.0,0.0
shading,spectral_radiance,0.8,0.5,Point Grey Grasshopper 50S5C,A,0.0,0.0
shading,cie_xyz,0.8,0.5,Point Grey Grasshopper 50S5C,A,0.0,0.0
shading,camera_rgb_raw,0.8,0.5,Point Grey Grasshopper 50S5C,A,0.0,0.0
shading,camera_rgb_wb,0.8,0.5,Point Grey Grasshopper 50S5C,A,0.0,0.0
shading,spectral_radiance,0.8,0.5,Point Grey Grasshopper 50S5C,A,0.0,0.0
shading,cie_xyz,0.8,0.5,Point Grey Grasshopper 50S5C,A,0.0,0.0
shading,camera_rgb_raw,0.8,0.5,Point Grey Grasshopper 50S5C,A,0.0,0.0
shading,camera_rgb_wb,0.8,0.5,Point Grey Grasshopper 50S5C,A,0.0,0.0
shading,spectral_radiance,0.8,0.5,Point Grey Grasshopper 50S5C,A,1.73472347598e-18,1.79983578117e-16
shading,cie_xyz,0.8,0.5,Point Grey Grasshopper 50S5C,A,5.55111512313e-17,2.33837002445e-16
shading,camera_rgb_raw,0.8,0.5,Point Grey Grasshopper 50S5C,A,2.77555756156e-17,1.11214612923e-16
shading,camera_rgb_wb,0.8,0.5,Point Grey Grasshopper 50S5C,A,5.55111512313e-17,1.60320396677e-16
shading,spectral_radiance,0.8,0.5,Point Grey Grasshopper 50S5C,A,0.0,0.0
shading,cie_xyz,0.8,0.5,Point Grey Grasshopper 50S5C,A,0.0,0.0
shading,camera_rgb_raw,0.8,0.5,Point Grey Grasshopper 50S5C,A,0.0,0.0
shading,camera_rgb_wb,0.8,0.5,Point Grey Grasshopper 50S5C,A,0.0,0.0
shading,spectral_radiance,0.8,0.5,Point Grey Grasshopper2 14S5C,A,0.0,0.0
shading,cie_xyz,0.8,0.5,Point Grey Grasshopper2 14S5C,A,0.0,0.0
shading,camera_rgb_raw,0.8,0.5,Point Grey Grasshopper2 14S5C,A,0.0,0.0
shading,camera_rgb_wb,0.8,0.5,Point Grey Grasshopper2 14S5C,A,0.0,0.0
shading,spectral_radiance,0.8,0.5,Point Grey Grasshopper2 14S5C,A,0.0,0.0
shading,cie_xyz,0.8,0.5,Point Grey Grasshopper2 14S5C,A,0.0,0.0
shading,camera_rgb_raw,0.8,0.5,Point Grey Grasshopper2 14S5C,A,0.0,0.0
shading,camera_rgb_wb,0.8,0.5,Point Grey Grasshopper2 14S5C,A,0.0,0.0
shading,spectral_radiance,0.8,0.5,Point Grey Grasshopper2 14S5C,A,1.73472347598e-18,1.79983578117e-16
shading,cie_xyz,0.8,0.5,Point Grey Grasshopper2 14S5C,A,5.55111512313e-17,2.33837002445e-16
shading,camera_rgb_raw,0.8,0.5,Point Grey Grasshopper2 14S5C,A,2.77555756156e-17,1.26194232961e-16
shading,camera_rgb_wb,0.8,0.5,Point Grey Grasshopper2 14S5C,A,5.55111512313e-17,1.8671220337e-16
shading,spectral_radiance,0.8,0.5,Point Grey Grasshopper2 14S5C,A,0.0,0.0
shading,cie_xyz,0.8,0.5,Point Grey Grasshopper2 14S5C,A,0.0,0.0
shading,camera_rgb_raw,0.8,0.5,Point Grey Grasshopper2 14S5C,A,0.0,0.0
shading,camera_rgb_wb,0.8,0.5,Point Grey Grasshopper2 14S5C,A,0.0,0.0
shading,spectral_radiance,0.8,0.5,Phase One,A,0.0,0.0
shading,cie_xyz,0.8,0.5,Phase One,A,0.0,0.0
shading,camera_rgb_raw,0.8,0.5,Phase One,A,0.0,0.0
shading,camera_rgb_wb,0.8,0.5,Phase One,A,0.0,0.0
shading,spectral_radiance,0.8,0.5,Phase One,A,0.0,0.0
shading,cie_xyz,0.8,0.5,Phase One,A,0.0,0.0
shading,camera_rgb_raw,0.8,0.5,Phase One,A,0.0,0.0
shading,camera_rgb_wb,0.8,0.5,Phase One,A,0.0,0.0
shading,spectral_radiance,0.8,0.5,Phase One,A,1.73472347598e-18,1.79983578117e-16
shading,cie_xyz,0.8,0.5,Phase One,A,5.55111512313e-17,2.33837002445e-16
shading,camera_rgb_raw,0.8,0.5,Phase One,A,8.32667268469e-17,6.47558860428e-16
shading,camera_rgb_wb,0.8,0.5,Phase One,A,1.11022302463e-16,5.32093123021e-16
shading,spectral_radiance,0.8,0.5,Phase One,A,0.0,0.0
shading,cie_xyz,0.8,0.5,Phase One,A,0.0,0.0
shading,camera_rgb_raw,0.8,0.5,Phase One,A,0.0,0.0
shading,camera_rgb_wb,0.8,0.5,Phase One,A,0.0,0.0
shading,spectral_radiance,0.8,0.5,SONY NEX-5N,A,0.0,0.0
shading,cie_xyz,0.8,0.5,SONY NEX-5N,A,0.0,0.0
shading,camera_rgb_raw,0.8,0.5,SONY NEX-5N,A,0.0,0.0
shading,camera_rgb_wb,0.8,0.5,SONY NEX-5N,A,0.0,0.0
shading,spectral_radiance,0.8,0.5,SONY NEX-5N,A,0.0,0.0
shading,cie_xyz,0.8,0.5,SONY NEX-5N,A,0.0,0.0
shading,camera_rgb_raw,0.8,0.5,SONY NEX-5N,A,0.0,0.0
shading,camera_rgb_wb,0.8,0.5,SONY NEX-5N,A,0.0,0.0
shading,spectral_radiance,0.8,0.5,SONY NEX-5N,A,1.73472347598e-18,1.79983578117e-16
shading,cie_xyz,0.8,0.5,SONY NEX-5N,A,5.55111512313e-17,2.33837002445e-16
shading,camera_rgb_raw,0.8,0.5,SONY NEX-5N,A,1.38777878078e-17,1.31661447989e-16
shading,camera_rgb_wb,0.8,0.5,SONY NEX-5N,A,5.55111512313e-17,2.30656291754e-16
shading,spectral_radiance,0.8,0.5,SONY NEX-5N,A,0.0,0.0
shading,cie_xyz,0.8,0.5,SONY NEX-5N,A,0.0,0.0
shading,camera_rgb_raw,0.8,0.5,SONY NEX-5N,A,0.0,0.0
shading,camera_rgb_wb,0.8,0.5,SONY NEX-5N,A,0.0,0.0
shading,spectral_radiance,0.8,0.5,Canon 1DMarkIII,FL2,0.0,0.0
shading,cie_xyz,0.8,0.5,Canon 1DMarkIII,FL2,0.0,0.0
shading,camera_rgb_raw,0.8,0.5,Canon 1DMarkIII,FL2,0.0,0.0
shading,camera_rgb_wb,0.8,0.5,Canon 1DMarkIII,FL2,0.0,0.0
shading,spectral_radiance,0.8,0.5,Canon 1DMarkIII,FL2,0.0,0.0
shading,cie_xyz,0.8,0.5,Canon 1DMarkIII,FL2,0.0,0.0
shading,camera_rgb_raw,0.8,0.5,Canon 1DMarkIII,FL2,0.0,0.0
shading,camera_rgb_wb,0.8,0.5,Canon 1DMarkIII,FL2,0.0,0.0
shading,spectral_radiance,0.8,0.5,Canon 1DMarkIII,FL2,4.33680868994e-19,1.6757584985e-16
shading,cie_xyz,0.8,0.5,Canon 1DMarkIII,FL2,2.77555756156e-17,1.73031978591e-16
shading,camera_rgb_raw,0.8,0.5,Canon 1DMarkIII,FL2,1.38777878078e-17,1.81471827173e-16
shading,camera_rgb_wb,0.8,0.5,Canon 1DMarkIII,FL2,2.77555756156e-17,1.41325100864e-16
shading,spectral_radiance,0.8,0.5,Canon 1DMarkIII,FL2,0.0,0.0
shading,cie_xyz,0.8,0.5,Canon 1DMarkIII,FL2,0.0,0.0
shading,camera_rgb_raw,0.8,0.5,Canon 1DMarkIII,FL2,0.0,0.0
shading,camera_rgb_wb,0.8,0.5,Canon 1DMarkIII,FL2,0.0,0.0
shading,spectral_radiance,0.8,0.5,Canon 20D,FL2,0.0,0.0
shading,cie_xyz,0.8,0.5,Canon 20D,FL2,0.0,0.0
shading,camera_rgb_raw,0.8,0.5,Canon 20D,FL2,0.0,0.0
shading,camera_rgb_wb,0.8,0.5,Canon 20D,FL2,0.0,0.0
shading,spectral_radiance,0.8,0.5,Canon 20D,FL2,0.0,0.0
shading,cie_xyz,0.8,0.5,Canon 20D,FL2,0.0,0.0
shading,camera_rgb_raw,0.8,0.5,Canon 20D,FL2,0.0,0.0
shading,camera_rgb_wb,0.8,0.5,Canon 20D,FL2,0.0,0.0
shading,spectral_radiance,0.8,0.5,Canon 20D,FL2,4.33680868994e-19,1.6757584985e-16
shading,cie_xyz,0.8,0.5,Canon 20D,FL2,2.77555756156e-17,1.73031978591e-16
shading,camera_rgb_raw,0.8,0.5,Canon 20D,FL2,1.38777878078e-17,1.62319303259e-16
shading,camera_rgb_wb,0.8,0.5,Canon 20D,FL2,5.55111512313e-17,2.83454644581e-16
shading,spectral_radiance,0.8,0.5,Canon 20D,FL2,0.0,0.0
shading,cie_xyz,0.8,0.5,Canon 20D,FL2,0.0,0.0
shading,camera_rgb_raw,0.8,0.5,Canon 20D,FL2,0.0,0.0
shading,camera_rgb_wb,0.8,0.5,Canon 20D,FL2,0.0,0.0
shading,spectral_radiance,0.8,0.5,Canon 300D,FL2,0.0,0.0
shading,cie_xyz,0.8,0.5,Canon 300D,FL2,0.0,0.0
shading,camera_rgb_raw,0.8,0.5,Canon 300D,FL2,0.0,0.0
shading,camera_rgb_wb,0.8,0.5,Canon 300D,FL2,0.0,0.0
shading,spectral_radiance,0.8,0.5,Canon 300D,FL2,0.0,0.0
shading,cie_xyz,0.8,0.5,Canon 300D,FL2,0.0,0.0
shading,camera_rgb_raw,0.8,0.5,Canon 300D,FL2,0.0,0.0
shading,camera_rgb_wb,0.8,0.5,Canon 300D,FL2,0.0,0.0
shading,spectral_radiance,0.8,0.5,Canon 300D,FL2,4.33680868994e-19,1.6757584985e-16
shading,cie_xyz,0.8,0.5,Canon 300D,FL2,2.77555756156e-17,1.73031978591e-16
shading,camera_rgb_raw,0.8,0.5,Canon 300D,FL2,4.16333634234e-17,4.42584583957e-16
shading,camera_rgb_wb,0.8,0.5,Canon 300D,FL2,5.55111512313e-17,2.78966395424e-16
shading,spectral_radiance,0.8,0.5,Canon 300D,FL2,0.0,0.0
shading,cie_xyz,0.8,0.5,Canon 300D,FL2,0.0,0.0
shading,camera_rgb_raw,0.8,0.5,Canon 300D,FL2,0.0,0.0
shading,camera_rgb_wb,0.8,0.5,Canon 300D,FL2,0.0,0.0
shading,spectral_radiance,0.8,0.5,Canon 40D,FL2,0.0,0.0
shading,cie_xyz,0.8,0.5,Canon 40D,FL2,0.0,0.0
shading,camera_rgb_raw,0.8,0.5,Canon 40D,FL2,0.0,0.0
shading,camera_rgb_wb,0.8,0.5,Canon 40D,FL2,0.0,0.0
shading,spectral_radiance,0.8,0.5,Canon 40D,FL2,0.0,0.0
shading,cie_xyz,0.8,0.5,Canon 40D,FL2,0.0,0.0
shading,camera_rgb_raw,0.8,0.5,Canon 40D,FL2,0.0,0.0
shading,camera_rgb_wb,0.8,0.5,Canon 40D,FL2,0.0,0.0
shading,spectral_radiance,0.8,0.5,Canon 40D,FL2,4.33680868994e-19,1.6757584985e-16
shading,cie_xyz,0.8,0.5,Canon 40D,FL2,2.77555756156e-17,1.73031978591e-16
shading,camera_rgb_raw,0.8,0.5,Canon 40D,FL2,1.38777878078e-17,1.75024078808e-16
shading,camera_rgb_wb,0.8,0.5,Canon 40D,FL2,2.77555756156e-17,1.41278419795e-16
shading,spectral_radiance,0.8,0.5,Canon 40D,FL2,0.0,0.0
shading,cie_xyz,0.8,0.5,Canon 40D,FL2,0.0,0.0
shading,camera_rgb_raw,0.8,0.5,Canon 40D,FL2,0.0,0.0
shading,camera_rgb_wb,0.8,0.5,Canon 40D,FL2,0.0,0.0
shading,spectral_radiance,0.8,0.5,Canon 500D,FL2,0.0,0.0
shading,cie_xyz,0.8,0.5,Canon 500D,FL2,0.0,0.0
shading,camera_rgb_raw,0.8,0.5,Canon 500D,FL2,0.0,0.0
shading,camera_rgb_wb,0.8,0.5,Canon 500D,FL2,0.0,0.0
shading,spectral_radiance,0.8,0.5,Canon 500D,FL2,0.0,0.0
shading,cie_xyz,0.8,0.5,Canon 500D,FL2,0.0,0.0
shading,camera_rgb_raw,0.8,0.5,Canon 500D,FL2,0.0,0.0
shading,camera_rgb_wb,0.8,0.5,Canon 500D,FL2,0.0,0.0
shading,spectral_radiance,0.8,0.5,Canon 500D,FL2,4.33680868994e-19,1.6757584985e-16
shading,cie_xyz,0.8,0.5,Canon 500D,FL2,2.77555756156e-17,1.73031978591e-16
shading,camera_rgb_raw,0.8,0.5,Canon 500D,FL2,2.77555756156e-17,3.09754129299e-16
shading,camera_rgb_wb,0.8,0.5,Canon 500D,FL2,5.55111512313e-17,3.17833282365e-16
shading,spectral_radiance,0.8,0.5,Canon 500D,FL2,0.0,0.0
shading,cie_xyz,0.8,0.5,Canon 500D,FL2,0.0,0.0
shading,camera_rgb_raw,0.8,0.5,Canon 500D,FL2,0.0,0.0
shading,camera_rgb_wb,0.8,0.5,Canon 500D,FL2,0.0,0.0
shading,spectral_radiance,0.8,0.5,Canon 50D,FL2,0.0,0.0
shading,cie_xyz,0.8,0.5,Canon 50D,FL2,0.0,0.0
shading,camera_rgb_raw,0.8,0.5,Canon 50D,FL2,0.0,0.0
shading,camera_rgb_wb,0.8,0.5,Canon 50D,FL2,0.0,0.0
shading,spectral_radiance,0.8,0.5,Canon 50D,FL2,0.0,0.0
shading,cie_xyz,0.8,0.5,Canon 50D,FL2,0.0,0.0
shading,camera_rgb_raw,0.8,0.5,Canon 50D,FL2,0.0,0.0
shading,camera_rgb_wb,0.8,0.5,Canon 50D,FL2,0.0,0.0
shading,spectral_radiance,0.8,0.5,Canon 50D,FL2,4.33680868994e-19,1.6757584985e-16
shading,cie_xyz,0.8,0.5,Canon 50D,FL2,2.77555756156e-17,1.73031978591e-16
shading,camera_rgb_raw,0.8,0.5,Canon 50D,FL2,1.38777878078e-17,1.53547606061e-16
shading,camera_rgb_wb,0.8,0.5,Canon 50D,FL2,5.55111512313e-17,3.07821997781e-16
shading,spectral_radiance,0.8,0.5,Canon 50D,FL2,0.0,0.0
shading,cie_xyz,0.8,0.5,Canon 50D,FL2,0.0,0.0
shading,camera_rgb_raw,0.8,0.5,Canon 50D,FL2,0.0,0.0
shading,camera_rgb_wb,0.8,0.5,Canon 50D,FL2,0.0,0.0
shading,spectral_radiance,0.8,0.5,Canon 5DMarkII,FL2,0.0,0.0
shading,cie_xyz,0.8,0.5,Canon 5DMarkII,FL2,0.0,0.0
shading,camera_rgb_raw,0.8,0.5,Canon 5DMarkII,FL2,0.0,0.0
shading,camera_rgb_wb,0.8,0.5,Canon 5DMarkII,FL2,0.0,0.0
shading,spectral_radiance,0.8,0.5,Canon 5DMarkII,FL2,0.0,0.0
shading,cie_xyz,0.8,0.5,Canon 5DMarkII,FL2,0.0,0.0
shading,camera_rgb_raw,0.8,0.5,Canon 5DMarkII,FL2,0.0,0.0
shading,camera_rgb_wb,0.8,0.5,Canon 5DMarkII,FL2,0.0,0.0
shading,spectral_radiance,0.8,0.5,Canon 5DMarkII,FL2,4.33680868994e-19,1.6757584985e-16
shading,cie_xyz,0.8,0.5,Canon 5DMarkII,FL2,2.77555756156e-17,1.73031978591e-16
shading,camera_rgb_raw,0.8,0.5,Canon 5DMarkII,FL2,2.77555756156e-17,3.35761272462e-16
shading,camera_rgb_wb,0.8,0.5,Canon 5DMarkII,FL2,5.55111512313e-17,2.97504794336e-16
shading,spectral_radiance,0.8,0.5,Canon 5DMarkII,FL2,0.0,0.0
shading,cie_xyz,0.8,0.5,Canon 5DMarkII,FL2,0.0,0.0
shading,camera_rgb_raw,0.8,0.5,Canon 5DMarkII,FL2,0.0,0.0
shading,camera_rgb_wb,0.8,0.5,Canon 5DMarkII,FL2,0.0,0.0
shading,spectral_radiance,0.8,0.5,Canon 600D,FL2,0.0,0.0
shading,cie_xyz,0.8,0.5,Canon 600D,FL2,0.0,0.0
shading,camera_rgb_raw,0.8,0.5,Canon 600D,FL2,0.0,0.0
shading,camera_rgb_wb,0.8,0.5,Canon 600D,FL2,0.0,0.0
shading,spectral_radiance,0.8,0.5,Canon 600D,FL2,0.0,0.0
shading,cie_xyz,0.8,0.5,Canon 600D,FL2,0.0,0.0
shading,camera_rgb_raw,0.8,0.5,Canon 600D,FL2,0.0,0.0
shading,camera_rgb_wb,0.8,0.5,Canon 600D,FL2,0.0,0.0
shading,spectral_radiance,0.8,0.5,Canon 600D,FL2,4.33680868994e-19,1.6757584985e-16
shading,cie_xyz,0.8,0.5,Canon 600D,FL2,2.77555756156e-17,1.73031978591e-16
shading,camera_rgb_raw,0.8,0.5,Canon 600D,FL2,1.38777878078e-17,1.64443298077e-16
shading,camera_rgb_wb,0.8,0.5,Canon 600D,FL2,5.55111512313e-17,2.9381622505e-16
shading,spectral_radiance,0.8,0.5,Canon 600D,FL2,0.0,0.0
shading,cie_xyz,0.8,0.5,Canon 600D,FL2,0.0,0.0
shading,camera_rgb_raw,0.8,0.5,Canon 600D,FL2,0.0,0.0
shading,camera_rgb_wb,0.8,0.5,Canon 600D,FL2,0.0,0.0
shading,spectral_radiance,0.8,0.5,Canon 60D,FL2,0.0,0.0
shading,cie_xyz,0.8,0.5,Canon 60D,FL2,0.0,0.0
shading,camera_rgb_raw,0.8,0.5,Canon 60D,FL2,0.0,0.0
shading,camera_rgb_wb,0.8,0.5,Canon 60D,FL2,0.0,0.0
shading,spectral_radiance,0.8,0.5,Canon 60D,FL2,0.0,0.0
shading,cie_xyz,0.8,0.5,Canon 60D,FL2,0.0,0.0
shading,camera_rgb_raw,0.8,0.5,Canon 60D,FL2,0.0,0.0
shading,camera_rgb_wb,0.8,0.5,Canon 60D,FL2,0.0,0.0
shading,spectral_radiance,0.8,0.5,Canon 60D,FL2,4.33680868994e-19,1.6757584985e-16
shading,cie_xyz,0.8,0.5,Canon 60D,FL2,2.77555756156e-17,1.73031978591e-16
shading,camera_rgb_raw,0.8,0.5,Canon 60D,FL2,2.77555756156e-17,3.27341629875e-16
shading,camera_rgb_wb,0.8,0.5,Canon 60D,FL2,2.77555756156e-17,1.46473989623e-16
shading,spectral_radiance,0.8,0.5,Canon 60D,FL2,0.0,0.0
shading,cie_xyz,0.8,0.5,Canon 60D,FL2,0.0,0.0
shading,camera_rgb_raw,0.8,0.5,Canon 60D,FL2,0.0,0.0
shading,camera_rgb_wb,0.8,0.5,Canon 60D,FL2,0.0,0.0
shading,spectral_radiance,0.8,0.5,Hasselblad H2,FL2,0.0,0.0
shading,cie_xyz,0.8,0.5,Hasselblad H2,FL2,0.0,0.0
shading,camera_rgb_raw,0.8,0.5,Hasselblad H2,FL2,0.0,0.0
shading,camera_rgb_wb,0.8,0.5,Hasselblad H2,FL2,0.0,0.0
shading,spectral_radiance,0.8,0.5,Hasselblad H2,FL2,0.0,0.0
shading,cie_xyz,0.8,0.5,Hasselblad H2,FL2,0.0,0.0
shading,camera_rgb_raw,0.8,0.5,Hasselblad H2,FL2,0.0,0.0
shading,camera_rgb_wb,0.8,0.5,Hasselblad H2,FL2,0.0,0.0
shading,spectral_radiance,0.8,0.5,Hasselblad H2,FL2,4.33680868994e-19,1.6757584985e-16
shading,cie_xyz,0.8,0.5,Hasselblad H2,FL2,2.77555756156e-17,1.73031978591e-16
shading,camera_rgb_raw,0.8,0.5,Hasselblad H2,FL2,3.46944695195e-17,5.01061062239e-16
shading,camera_rgb_wb,0.8,0.5,Hasselblad H2,FL2,1.11022302463e-16,5.17071399014e-16
shading,spectral_radiance,0.8,0.5,Hasselblad H2,FL2,0.0,0.0
shading,cie_xyz,0.8,0.5,Hasselblad H2,FL2,0.0,0.0
shading,camera_rgb_raw,0.8,0.5,Hasselblad H2,FL2,0.0,0.0
shading,camera_rgb_wb,0.8,0.5,Hasselblad H2,FL2,0.0,0.0
shading,spectral_radiance,0.8,0.5,Nikon D3X,FL2,0.0,0.0
shading,cie_xyz,0.8,0.5,Nikon D3X,FL2,0.0,0.0
shading,camera_rgb_raw,0.8,0.5,Nikon D3X,FL2,0.0,0.0
shading,camera_rgb_wb,0.8,0.5,Nikon D3X,FL2,0.0,0.0
shading,spectral_radiance,0.8,0.5,Nikon D3X,FL2,0.0,0.0
shading,cie_xyz,0.8,0.5,Nikon D3X,FL2,0.0,0.0
shading,camera_rgb_raw,0.8,0.5,Nikon D3X,FL2,0.0,0.0
shading,camera_rgb_wb,0.8,0.5,Nikon D3X,FL2,0.0,0.0
shading,spectral_radiance,0.8,0.5,Nikon D3X,FL2,4.33680868994e-19,1.6757584985e-16
shading,cie_xyz,0.8,0.5,Nikon D3X,FL2,2.77555756156e-17,1.73031978591e-16
shading,camera_rgb_raw,0.8,0.5,Nikon D3X,FL2,2.77555756156e-17,3.38504391733e-16
shading,camera_rgb_wb,0.8,0.5,Nikon D3X,FL2,5.55111512313e-17,2.71121662786e-16
shading,spectral_radiance,0.8,0.5,Nikon D3X,FL2,0.0,0.0
shading,cie_xyz,0.8,0.5,Nikon D3X,FL2,0.0,0.0
shading,camera_rgb_raw,0.8,0.5,Nikon D3X,FL2,0.0,0.0
shading,camera_rgb_wb,0.8,0.5,Nikon D3X,FL2,0.0,0.0
shading,spectral_radiance,0.8,0.5,Nikon D200,FL2,0.0,0.0
shading,cie_xyz,0.8,0.5,Nikon D200,FL2,0.0,0.0
shading,camera_rgb_raw,0.8,0.5,Nikon D200,FL2,0.0,0.0
shading,camera_rgb_wb,0.8,0.5,Nikon D200,FL2,0.0,0.0
shading,spectral_radiance,0.8,0.5,Nikon D200,FL2,0.0,0.0
shading,cie_xyz,0.8,0.5,Nikon D200,FL2,0.0,0.0
shading,camera_rgb_raw,0.8,0.5,Nikon D200,FL2,0.0,0.0
shading,camera_rgb_wb,0.8,0.5,Nikon D200,FL2,0.0,0.0
shading,spectral_radiance,0.8,0.5,Nikon D200,FL2,4.33680868994e-19,1.6757584985e-16
shading,cie_xyz,0.8,0.5,Nikon D200,FL2,2.77555756156e-17,1.73031978591e-16
shading,camera_rgb_raw,0.8,0.5,Nikon D200,FL2,1.38777878078e-17,1.53365332713e-16
shading,camera_rgb_wb,0.8,0.5,Nikon D200,FL2,2.77555756156e-17,1.36485252168e-16
shading,spectral_radiance,0.8,0.5,Nikon D200,FL2,0.0,0.0
shading,cie_xyz,0.8,0.5,Nikon D200,FL2,0.0,0.0
shading,camera_rgb_raw,0.8,0.5,Nikon D200,FL2,0.0,0.0
shading,camera_rgb_wb,0.8,0.5,Nikon D200,FL2,0.0,0.0
shading,spectral_radiance,0.8,0.5,Nikon D3,FL2,0.0,0.0
shading,cie_xyz,0.8,0.5,Nikon D3,FL2,0.0,0.0
shading,camera_rgb_raw,0.8,0.5,Nikon D3,FL2,0.0,0.0
shading,camera_rgb_wb,0.8,0.5,Nikon D3,FL2,0.0,0.0
shading,spectral_radiance,0.8,0.5,Nikon D3,FL2,0.0,0.0
shading,cie_xyz,0.8,0.5,Nikon D3,FL2,0.0,0.0
shading,camera_rgb_raw,0.8,0.5,Nikon D3,FL2,0.0,0.0
shading,camera_rgb_wb,0.8,0.5,Nikon D3,FL2,0.0,0.0
shading,spectral_radiance,0.8,0.5,Nikon D3,FL2,4.33680868994e-19,1.6757584985e-16
shading,cie_xyz,0.8,0.5,Nikon D3,FL2,2.77555756156e-17,1.73031978591e-16
shading,camera_rgb_raw,0.8,0.5,Nikon D3,FL2,4.16333634234e-17,4.84153397174e-16
shading,camera_rgb_wb,0.8,0.5,Nikon D3,FL2,1.11022302463e-16,5.50965285277e-16
shading,spectral_radiance,0.8,0.5,Nikon D3,FL2,0.0,0.0
shading,cie_xyz,0.8,0.5,Nikon D3,FL2,0.0,0.0
shading,camera_rgb_raw,0.8,0.5,Nikon D3,FL2,0.0,0.0
shading,camera_rgb_wb,0.8,0.5,Nikon D3,FL2,0.0,0.0
shading,spectral_radiance,0.8,0.5,Nikon D300s,FL2,0.0,0.0
shading,cie_xyz,0.8,0.5,Nikon D300s,FL2,0.0,0.0
shading,camera_rgb_raw,0.8,0.5,Nikon D300s,FL2,0.0,0.0
shading,camera_rgb_wb,0.8,0.5,Nikon D300s,FL2,0.0,0.0
shading,spectral_radiance,0.8,0.5,Nikon D300s,FL2,0.0,0.0
shading,cie_xyz,0.8,0.5,Nikon D300s,FL2,0.0,0.0
shading,camera_rgb_raw,0.8,0.5,Nikon D300s,FL2,0.0,0.0
shading,camera_rgb_wb,0.8,0.5,Nikon D300s,FL2,0.0,0.0
shading,spectral_radiance,0.8,0.5,Nikon D300s,FL2,4.33680868994e-19,1.6757584985e-16
shading,cie_xyz,0.8,0.5,Nikon D300s,FL2,2.77555756156e-17,1.73031978591e-16
shading,camera_rgb_raw,0.8,0.5,Nikon D300s,FL2,1.38777878078e-17,1.37262864115e-16
shading,camera_rgb_wb,0.8,0.5,Nikon D300s,FL2,1.38777878078e-17,7.0428829086e-17
shading,spectral_radiance,0.8,0.5,Nikon D300s,FL2,0.0,0.0
shading,cie_xyz,0.8,0.5,Nikon D300s,FL2,0.0,0.0
shading,camera_rgb_raw,0.8,0.5,Nikon D300s,FL2,0.0,0.0
shading,camera_rgb_wb,0.8,0.5,Nikon D300s,FL2,0.0,0.0
shading,spectral_radiance,0.8,0.5,Nikon D40,FL2,0.0,0.0
shading,cie_xyz,0.8,0.5,Nikon D40,FL2,0.0,0.0
shading,camera_rgb_raw,0.8,0.5,Nikon D40,FL2,0.0,0.0
shading,camera_rgb_wb,0.8,0.5,Nikon D40,FL2,0.0,0.0
shading,spectral_radiance,0.8,0.5,Nikon D40,FL2,0.0,0.0
shading,cie_xyz,0.8,0.5,Nikon D40,FL2,0.0,0.0
shading,camera_rgb_raw,0.8,0.5,Nikon D40,FL2,0.0,0.0
shading,camera_rgb_wb,0.8,0.5,Nikon D40,FL2,0.0,0.0
shading,spectral_radiance,0.8,0.5,Nikon D40,FL2,4.33680868994e-19,1.6757584985e-16
shading,cie_xyz,0.8,0.5,Nikon D40,FL2,2.77555756156e-17,1.73031978591e-16
shading,camera_rgb_raw,0.8,0.5,Nikon D40,FL2,3.46944695195e-18,4.67826265692e-17
shading,camera_rgb_wb,0.8,0.5,Nikon D40,FL2,2.77555756156e-17,1.40633677714e-16
shading,spectral_radiance,0.8,0.5,Nikon D40,FL2,0.0,0.0
shading,cie_xyz,0.8,0.5,Nikon D40,FL2,0.0,0.0
shading,camera_rgb_raw,0.8,0.5,Nikon D40,FL2,0.0,0.0
shading,camera_rgb_wb,0.8,0.5,Nikon D40,FL2,0.0,0.0
shading,spectral_radiance,0.8,0.5,Nikon D50,FL2,0.0,0.0
shading,cie_xyz,0.8,0.5,Nikon D50,FL2,0.0,0.0
shading,camera_rgb_raw,0.8,0.5,Nikon D50,FL2,0.0,0.0
shading,camera_rgb_wb,0.8,0.5,Nikon D50,FL2,0.0,0.0
shading,spectral_radiance,0.8,0.5,Nikon D50,FL2,0.0,0.0
shading,cie_xyz,0.8,0.5,Nikon D50,FL2,0.0,0.0
shading,camera_rgb_raw,0.8,0.5,Nikon D50,FL2,0.0,0.0
shading,camera_rgb_wb,0.8,0.5,Nikon D50,FL2,0.0,0.0
shading,spectral_radiance,0.8,0.5,Nikon D50,FL2,4.33680868994e-19,1.6757584985e-16
shading,cie_xyz,0.8,0.5,Nikon D50,FL2,2.77555756156e-17,1.73031978591e-16
shading,camera_rgb_raw,0.8,0.5,Nikon D50,FL2,1.38777878078e-17,1.9188238759e-16
shading,camera_rgb_wb,0.8,0.5,Nikon D50,FL2,2.77555756156e-17,1.36174448407e-16
shading,spectral_radiance,0.8,0.5,Nikon D50,FL2,0.0,0.0
shading,cie_xyz,0.8,0.5,Nikon D50,FL2,0.0,0.0
shading,camera_rgb_raw,0.8,0.5,Nikon D50,FL2,0.0,0.0
shading,camera_rgb_wb,0.8,0.5,Nikon D50,FL2,0.0,0.0
shading,spectral_radiance,0.8,0.5,Nikon D5100,FL2,0.0,0.0
shading,cie_xyz,0.8,0.5,Nikon D5100,FL2,0.0,0.0
shading,camera_rgb_raw,0.8,0.5,Nikon D5100,FL2,0.0,0.0
shading,camera_rgb_wb,0.8,0.5,Nikon D5100,FL2,0.0,0.0
shading,spectral_radiance,0.8,0.5,Nikon D5100,FL2,0.0,0.0
shading,cie_xyz,0.8,0.5,Nikon D5100,FL2,0.0,0.0
shading,camera_rgb_raw,0.8,0.5,Nikon D5100,FL2,0.0,0.0
shading,camera_rgb_wb,0.8,0.5,Nikon D5100,FL2,0.0,0.0
shading,spectral_radiance,0.8,0.5,Nikon D5100,FL2,4.33680868994e-19,1.6757584985e-16
shading,cie_xyz,0.8,0.5,Nikon D5100,FL2,2.77555756156e-17,1.73031978591e-16
shading,camera_rgb_raw,0.8,0.5,Nikon D5100,FL2,4.16333634234e-17,4.90649758641e-16
shading,camera_rgb_wb,0.8,0.5,Nikon D5100,FL2,4.16333634234e-17,2.11933089934e-16
shading,spectral_radiance,0.8,0.5,Nikon D5100,FL2,0.0,0.0
shading,cie_xyz,0.8,0.5,Nikon D5100,FL2,0.0,0.0
shading,camera_rgb_raw,0.8,0.5,Nikon D5100,FL2,0.0,0.0
shading,camera_rgb_wb,0.8,0.5,Nikon D5100,FL2,0.0,0.0
shading,spectral_radiance,0.8,0.5,Nikon D700,FL2,0.0,0.0
shading,cie_xyz,0.8,0.5,Nikon D700,FL2,0.0,0.0
shading,camera_rgb_raw,0.8,0.5,Nikon D700,FL2,0.0,0.0
shading,camera_rgb_wb,0.8,0.5,Nikon D700,FL2,0.0,0.0
shading,spectral_radiance,0.8,0.5,Nikon D700,FL2,0.0,0.0
shading,cie_xyz,0.8,0.5,Nikon D700,FL2,0.0,0.0
shading,camera_rgb_raw,0.8,0.5,Nikon D700,FL2,0.0,0.0
shading,camera_rgb_wb,0.8,0.5,Nikon D700,FL2,0.0,0.0
shading,spectral_radiance,0.8,0.5,Nikon D700,FL2,4.33680868994e-19,1.6757584985e-16
shading,cie_xyz,0.8,0.5,Nikon D700,FL2,2.77555756156e-17,1.73031978591e-16
shading,camera_rgb_raw,0.8,0.5,Nikon D700,FL2,4.16333634234e-17,4.62721098171e-16
shading,camera_rgb_wb,0.8,0.5,Nikon D700,FL2,5.55111512313e-17,2.74928864034e-16
shading,spectral_radiance,0.8,0.5,Nikon D700,FL2,0.0,0.0
shading,cie_xyz,0.8,0.5,Nikon D700,FL2,0.0,0.0
shading,camera_rgb_raw,0.8,0.5,Nikon D700,FL2,0.0,0.0
shading,camera_rgb_wb,0.8,0.5,Nikon D700,FL2,0.0,0.0
shading,spectral_radiance,0.8,0.5,Nikon D80,FL2,0.0,0.0
shading,cie_xyz,0.8,0.5,Nikon D80,FL2,0.0,0.0
shading,camera_rgb_raw,0.8,0.5,Nikon D80,FL2,0.0,0.0
shading,camera_rgb_wb,0.8,0.5,Nikon D80,FL2,0.0,0.0
shading,spectral_radiance,0.8,0.5,Nikon D80,FL2,0.0,0.0
shading,cie_xyz,0.8,0.5,Nikon D80,FL2,0.0,0.0
shading,camera_rgb_raw,0.8,0.5,Nikon D80,FL2,0.0,0.0
shading,camera_rgb_wb,0.8,0.5,Nikon D80,FL2,0.0,0.0
shading,spectral_radiance,0.8,0.5,Nikon D80,FL2,4.33680868994e-19,1.6757584985e-16
shading,cie_xyz,0.8,0.5,Nikon D80,FL2,2.77555756156e-17,1.73031978591e-16
shading,camera_rgb_raw,0.8,0.5,Nikon D80,FL2,2.77555756156e-17,3.39734168755e-16
shading,camera_rgb_wb,0.8,0.5,Nikon D80,FL2,4.16333634234e-17,2.04992332609e-16
shading,spectral_radiance,0.8,0.5,Nikon D80,FL2,0.0,0.0
shading,cie_xyz,0.8,0.5,Nikon D80,FL2,0.0,0.0
shading,camera_rgb_raw,0.8,0.5,Nikon D80,FL2,0.0,0.0
shading,camera_rgb_wb,0.8,0.5,Nikon D80,FL2,0.0,0.0
shading,spectral_radiance,0.8,0.5,Nikon D90,FL2,0.0,0.0
shading,cie_xyz,0.8,0.5,Nikon D90,FL2,0.0,0.0
shading,camera_rgb_raw,0.8,0.5,Nikon D90,FL2,0.0,0.0
shading,camera_rgb_wb,0.8,0.5,Nikon D90,FL2,0.0,0.0
shading,spectral_radiance,0.8,0.5,Nikon D90,FL2,0.0,0.0
shading,cie_xyz,0.8,0.5,Nikon D90,FL2,0.0,0.0
shading,camera_rgb_raw,0.8,0.5,Nikon D90,FL2,0.0,0.0
shading,camera_rgb_wb,0.8,0.5,Nikon D90,FL2,0.0,0.0
shading,spectral_radiance,0.8,0.5,Nikon D90,FL2,4.33680868994e-19,1.6757584985e-16
shading,cie_xyz,0.8,0.5,Nikon D90,FL2,2.77555756156e-17,1.73031978591e-16
shading,camera_rgb_raw,0.8,0.5,Nikon D90,FL2,2.77555756156e-17,3.40501697288e-16
shading,camera_rgb_wb,0.8,0.5,Nikon D90,FL2,8.32667268469e-17,4.2142832668e-16
shading,spectral_radiance,0.8,0.5,Nikon D90,FL2,0.0,0.0
shading,cie_xyz,0.8,0.5,Nikon D90,FL2,0.0,0.0
shading,camera_rgb_raw,0.8,0.5,Nikon D90,FL2,0.0,0.0
shading,camera_rgb_wb,0.8,0.5,Nikon D90,FL2,0.0,0.0
shading,spectral_radiance,0.8,0.5,Nokia N900,FL2,0.0,0.0
shading,cie_xyz,0.8,0.5,Nokia N900,FL2,0.0,0.0
shading,camera_rgb_raw,0.8,0.5,Nokia N900,FL2,0.0,0.0
shading,camera_rgb_wb,0.8,0.5,Nokia N900,FL2,0.0,0.0
shading,spectral_radiance,0.8,0.5,Nokia N900,FL2,0.0,0.0
shading,cie_xyz,0.8,0.5,Nokia N900,FL2,0.0,0.0
shading,camera_rgb_raw,0.8,0.5,Nokia N900,FL2,0.0,0.0
shading,camera_rgb_wb,0.8,0.5,Nokia N900,FL2,0.0,0.0
shading,spectral_radiance,0.8,0.5,Nokia N900,FL2,4.33680868994e-19,1.6757584985e-16
shading,cie_xyz,0.8,0.5,Nokia N900,FL2,2.77555756156e-17,1.73031978591e-16
shading,camera_rgb_raw,0.8,0.5,Nokia N900,FL2,5.55111512313e-17,4.13117563876e-16
shading,camera_rgb_wb,0.8,0.5,Nokia N900,FL2,1.11022302463e-16,5.22368714329e-16
shading,spectral_radiance,0.8,0.5,Nokia N900,FL2,0.0,0.0
shading,cie_xyz,0.8,0.5,Nokia N900,FL2,0.0,0.0
shading,camera_rgb_raw,0.8,0.5,Nokia N900,FL2,0.0,0.0
shading,camera_rgb_wb,0.8,0.5,Nokia N900,FL2,0.0,0.0
shading,spectral_radiance,0.8,0.5,Olympus E-PL2,FL2,0.0,0.0
shading,cie_xyz,0.8,0.5,Olympus E-PL2,FL2,0.0,0.0
shading,camera_rgb_raw,0.8,0.5,Olympus E-PL2,FL2,0.0,0.0
shading,camera_rgb_wb,0.8,0.5,Olympus E-PL2,FL2,0.0,0.0
shading,spectral_radiance,0.8,0.5,Olympus E-PL2,FL2,0.0,0.0
shading,cie_xyz,0.8,0.5,Olympus E-PL2,FL2,0.0,0.0
shading,camera_rgb_raw,0.8,0.5,Olympus E-PL2,FL2,0.0,0.0
shading,camera_rgb_wb,0.8,0.5,Olympus E-PL2,FL2,0.0,0.0
shading,spectral_radiance,0.8,0.5,Olympus E-PL2,FL2,4.33680868994e-19,1.6757584985e-16
shading,cie_xyz,0.8,0.5,Olympus E-PL2,FL2,2.77555756156e-17,1.73031978591e-16
shading,camera_rgb_raw,0.8,0.5,Olympus E-PL2,FL2,5.55111512313e-17,3.95412118149e-16
shading,camera_rgb_wb,0.8,0.5,Olympus E-PL2,FL2,8.32667268469e-17,3.71493584255e-16
shading,spectral_radiance,0.8,0.5,Olympus E-PL2,FL2,0.0,0.0
shading,cie_xyz,0.8,0.5,Olympus E-PL2,FL2,0.0,0.0
shading,camera_rgb_raw,0.8,0.5,Olympus E-PL2,FL2,0.0,0.0
shading,camera_rgb_wb,0.8,0.5,Olympus E-PL2,FL2,0.0,0.0
shading,spectral_radiance,0.8,0.5,Pentax K-5,FL2,0.0,0.0
shading,cie_xyz,0.8,0.5,Pentax K-5,FL2,0.0,0.0
shading,camera_rgb_raw,0.8,0.5,Pentax K-5,FL2,0.0,0.0
shading,camera_rgb_wb,0.8,0.5,Pentax K-5,FL2,0.0,0.0
shading,spectral_radiance,0.8,0.5,Pentax K-5,FL2,0.0,0.0
shading,cie_xyz,0.8,0.5,Pentax K-5,FL2,0.0,0.0
shading,camera_rgb_raw,0.8,0.5,Pentax K-5,FL2,0.0,0.0
shading,camera_rgb_wb,0.8,0.5,Pentax K-5,FL2,0.0,0.0
shading,spectral_radiance,0.8,0.5,Pentax K-5,FL2,4.33680868994e-19,1.6757584985e-16
shading,cie_xyz,0.8,0.5,Pentax K-5,FL2,2.77555756156e-17,1.73031978591e-16
shading,camera_rgb_raw,0.8,0.5,Pentax K-5,FL2,4.16333634234e-17,5.12781415612e-16
shading,camera_rgb_wb,0.8,0.5,Pentax K-5,FL2,8.32667268469e-17,4.1770806229e-16
shading,spectral_radiance,0.8,0.5,Pentax K-5,FL2,0.0,0.0
shading,cie_xyz,0.8,0.5,Pentax K-5,FL2,0.0,0.0
shading,camera_rgb_raw,0.8,0.5,Pentax K-5,FL2,0.0,0.0
shading,camera_rgb_wb,0.8,0.5,Pentax K-5,FL2,0.0,0.0
shading,spectral_radiance,0.8,0.5,Pentax Q,FL2,0.0,0.0
shading,cie_xyz,0.8,0.5,Pentax Q,FL2,0.0,0.0
shading,camera_rgb_raw,0.8,0.5,Pentax Q,FL2,0.0,0.0
shading,camera_rgb_wb,0.8,0.5,Pentax Q,FL2,0.0,0.0
shading,spectral_radiance,0.8,0.5,Pentax Q,FL2,0.0,0.0
shading,cie_xyz,0.8,0.5,Pentax Q,FL2,0.0,0.0
shading,camera_rgb_raw,0.8,0.5,Pentax Q,FL2,0.0,0.0
shading,camera_rgb_wb,0.8,0.5,Pentax Q,FL2,0.0,0.0
shading,spectral_radiance,0.8,0.5,Pentax Q,FL2,4.33680868994e-19,1.6757584985e-16
shading,cie_xyz,0.8,0.5,Pentax Q,FL2,2.77555756156e-17,1.73031978591e-16
shading,camera_rgb_raw,0.8,0.5,Pentax Q,FL2,4.16333634234e-17,3.06300584506e-16
shading,camera_rgb_wb,0.8,0.5,Pentax Q,FL2,4.16333634234e-17,1.96176077203e-16
shading,spectral_radiance,0.8,0.5,Pentax Q,FL2,0.0,0.0
shading,cie_xyz,0.8,0.5,Pentax Q,FL2,0.0,0.0
shading,camera_rgb_raw,0.8,0.5,Pentax Q,FL2,0.0,0.0
shading,camera_rgb_wb,0.8,0.5,Pentax Q,FL2,0.0,0.0
shading,spectral_radiance,0.8,0.5,Point Grey Grasshopper 50S5C,FL2,0.0,0.0
shading,cie_xyz,0.8,0.5,Point Grey Grasshopper 50S5C,FL2,0.0,0.0
shading,camera_rgb_raw,0.8,0.5,Point Grey Grasshopper 50S5C,FL2,0.0,0.0
shading,camera_rgb_wb,0.8,0.5,Point Grey Grasshopper 50S5C,FL2,0.0,0.0
shading,spectral_radiance,0.8,0.5,Point Grey Grasshopper 50S5C,FL2,0.0,0.0
shading,cie_xyz,0.8,0.5,Point Grey Grasshopper 50S5C,FL2,0.0,0.0
shading,camera_rgb_raw,0.8,0.5,Point Grey Grasshopper 50S5C,FL2,0.0,0.0
shading,camera_rgb_wb,0.8,0.5,Point Grey Grasshopper 50S5C,FL2,0.0,0.0
shading,spectral_radiance,0.8,0.5,Point Grey Grasshopper 50S5C,FL2,4.33680868994e-19,1.6757584985e-16
shading,cie_xyz,0.8,0.5,Point Grey Grasshopper 50S5C,FL2,2.77555756156e-17,1.73031978591e-16
shading,camera_rgb_raw,0.8,0.5,Point Grey Grasshopper 50S5C,FL2,1.38777878078e-17,2.03905107427e-16
shading,camera_rgb_wb,0.8,0.5,Point Grey Grasshopper 50S5C,FL2,2.77555756156e-17,1.0233703489e-16
shading,spectral_radiance,0.8,0.5,Point Grey Grasshopper 50S5C,FL2,0.0,0.0
shading,cie_xyz,0.8,0.5,Point Grey Grasshopper 50S5C,FL2,0.0,0.0
shading,camera_rgb_raw,0.8,0.5,Point Grey Grasshopper 50S5C,FL2,0.0,0.0
shading,camera_rgb_wb,0.8,0.5,Point Grey Grasshopper 50S5C,FL2,0.0,0.0
shading,spectral_radiance,0.8,0.5,Point Grey Grasshopper2 14S5C,FL2,0.0,0.0
shading,cie_xyz,0.8,0.5,Point Grey Grasshopper2 14S5C,FL2,0.0,0.0
shading,camera_rgb_raw,0.8,0.5,Point Grey Grasshopper2 14S5C,FL2,0.0,0.0
shading,camera_rgb_wb,0.8,0.5,Point Grey Grasshopper2 14S5C,FL2,0.0,0.0
shading,spectral_radiance,0.8,0.5,Point Grey Grasshopper2 14S5C,FL2,0.0,0.0
shading,cie_xyz,0.8,0.5,Point Grey Grasshopper2 14S5C,FL2,0.0,0.0
shading,camera_rgb_raw,0.8,0.5,Point Grey Grasshopper2 14S5C,FL2,0.0,0.0
shading,camera_rgb_wb,0.8,0.5,Point Grey Grasshopper2 14S5C,FL2,0.0,0.0
shading,spectral_radiance,0.8,0.5,Point Grey Grasshopper2 14S5C,FL2,4.33680868994e-19,1.6757584985e-16
shading,cie_xyz,0.8,0.5,Point Grey Grasshopper2 14S5C,FL2,2.77555756156e-17,1.73031978591e-16
shading,camera_rgb_raw,0.8,0.5,Point Grey Grasshopper2 14S5C,FL2,2.77555756156e-17,2.94127280784e-16
shading,camera_rgb_wb,0.8,0.5,Point Grey Grasshopper2 14S5C,FL2,5.55111512313e-17,2.36497095183e-16
shading,spectral_radiance,0.8,0.5,Point Grey Grasshopper2 14S5C,FL2,0.0,0.0
shading,cie_xyz,0.8,0.5,Point Grey Grasshopper2 14S5C,FL2,0.0,0.0
shading,camera_rgb_raw,0.8,0.5,Point Grey Grasshopper2 14S5C,FL2,0.0,0.0
shading,camera_rgb_wb,0.8,0.5,Point Grey Grasshopper2 14S5C,FL2,0.0,0.0
shading,spectral_radiance,0.8,0.5,Phase One,FL2,0.0,0.0
shading,cie_xyz,0.8,0.5,Phase One,FL2,0.0,0.0
shading,camera_rgb_raw,0.8,0.5,Phase One,FL2,0.0,0.0
shading,camera_rgb_wb,0.8,0.5,Phase One,FL2,0.0,0.0
shading,spectral_radiance,0.8,0.5,Phase One,FL2,0.0,0.0
shading,cie_xyz,0.8,0.5,Phase One,FL2,0.0,0.0
shading,camera_rgb_raw,0.8,0.5,Phase One,FL2,0.0,0.0
shading,camera_rgb_wb,0.8,0.5,Phase One,FL2,0.0,0.0
shading,spectral_radiance,0.8,0.5,Phase One,FL2,4.33680868994e-19,1.6757584985e-16
shading,cie_xyz,0.8,0.5,Phase One,FL2,2.77555756156e-17,1.73031978591e-16
shading,camera_rgb_raw,0.8,0.5,Phase One,FL2,1.38777878078e-17,1.45260115409e-16
shading,camera_rgb_wb,0.8,0.5,Phase One,FL2,2.77555756156e-17,1.65195658102e-16
shading,spectral_radiance,0.8,0.5,Phase One,FL2,0.0,0.0
shading,cie_xyz,0.8,0.5,Phase One,FL2,0.0,0.0
shading,camera_rgb_raw,0.8,0.5,Phase One,FL2,0.0,0.0
shading,camera_rgb_wb,0.8,0.5,Phase One,FL2,0.0,0.0
shading,spectral_radiance,0.8,0.5,SONY NEX-5N,FL2,0.0,0.0
shading,cie_xyz,0.8,0.5,SONY NEX-5N,FL2,0.0,0.0
shading,camera_rgb_raw,0.8,0.5,SONY NEX-5N,FL2,0.0,0.0
shading,camera_rgb_wb,0.8,0.5,SONY NEX-5N,FL2,0.0,0.0
shading,spectral_radiance,0.8,0.5,SONY NEX-5N,FL2,0.0,0.0
shading,cie_xyz,0.8,0.5,SONY NEX-5N,FL2,0.0,0.0
shading,camera_rgb_raw,0.8,0.5,SONY NEX-5N,FL2,0.0,0.0
shading,camera_rgb_wb,0.8,0.5,SONY NEX-5N,FL2,0.0,0.0
shading,spectral_radiance,0.8,0.5,SONY NEX-5N,FL2,4.33680868994e-19,1.6757584985e-16
shading,cie_xyz,0.8,0.5,SONY NEX-5N,FL2,2.77555756156e-17,1.73031978591e-16
shading,camera_rgb_raw,0.8,0.5,SONY NEX-5N,FL2,1.38777878078e-17,2.05749386371e-16
shading,camera_rgb_wb,0.8,0.5,SONY NEX-5N,FL2,5.55111512313e-17,2.93246880395e-16
shading,spectral_radiance,0.8,0.5,SONY NEX-5N,FL2,0.0,0.0
shading,cie_xyz,0.8,0.5,SONY NEX-5N,FL2,0.0,0.0
shading,camera_rgb_raw,0.8,0.5,SONY NEX-5N,FL2,0.0,0.0
shading,camera_rgb_wb,0.8,0.5,SONY NEX-5N,FL2,0.0,0.0
shading,spectral_radiance,0.8,0.5,Canon 1DMarkIII,FL11,0.0,0.0
shading,cie_xyz,0.8,0.5,Canon 1DMarkIII,FL11,0.0,0.0
shading,camera_rgb_raw,0.8,0.5,Canon 1DMarkIII,FL11,0.0,0.0
shading,camera_rgb_wb,0.8,0.5,Canon 1DMarkIII,FL11,0.0,0.0
shading,spectral_radiance,0.8,0.5,Canon 1DMarkIII,FL11,0.0,0.0
shading,cie_xyz,0.8,0.5,Canon 1DMarkIII,FL11,0.0,0.0
shading,camera_rgb_raw,0.8,0.5,Canon 1DMarkIII,FL11,0.0,0.0
shading,camera_rgb_wb,0.8,0.5,Canon 1DMarkIII,FL11,0.0,0.0
shading,spectral_radiance,0.8,0.5,Canon 1DMarkIII,FL11,1.73472347598e-18,1.74923502898e-16
shading,cie_xyz,0.8,0.5,Canon 1DMarkIII,FL11,2.77555756156e-17,1.48004797956e-16
shading,camera_rgb_raw,0.8,0.5,Canon 1DMarkIII,FL11,2.77555756156e-17,3.05783216738e-16
shading,camera_rgb_wb,0.8,0.5,Canon 1DMarkIII,FL11,5.55111512313e-17,2.51398066868e-16
shading,spectral_radiance,0.8,0.5,Canon 1DMarkIII,FL11,0.0,0.0
shading,cie_xyz,0.8,0.5,Canon 1DMarkIII,FL11,0.0,0.0
shading,camera_rgb_raw,0.8,0.5,Canon 1DMarkIII,FL11,0.0,0.0
shading,camera_rgb_wb,0.8,0.5,Canon 1DMarkIII,FL11,0.0,0.0
shading,spectral_radiance,0.8,0.5,Canon 20D,FL11,0.0,0.0
shading,cie_xyz,0.8,0.5,Canon 20D,FL11,0.0,0.0
shading,camera_rgb_raw,0.8,0.5,Canon 20D,FL11,0.0,0.0
shading,camera_rgb_wb,0.8,0.5,Canon 20D,FL11,0.0,0.0
shading,spectral_radiance,0.8,0.5,Canon 20D,FL11,0.0,0.0
shading,cie_xyz,0.8,0.5,Canon 20D,FL11,0.0,0.0
shading,camera_rgb_raw,0.8,0.5,Canon 20D,FL11,0.0,0.0
shading,camera_rgb_wb,0.8,0.5,Canon 20D,FL11,0.0,0.0
shading,spectral_radiance,0.8,0.5,Canon 20D,FL11,1.73472347598e-18,1.74923502898e-16
shading,cie_xyz,0.8,0.5,Canon 20D,FL11,2.77555756156e-17,1.48004797956e-16
shading,camera_rgb_raw,0.8,0.5,Canon 20D,FL11,6.93889390391e-17,6.84221728022e-16
shading,camera_rgb_wb,0.8,0.5,Canon 20D,FL11,1.66533453694e-16,7.54329632419e-16
shading,spectral_radiance,0.8,0.5,Canon 20D,FL11,0.0,0.0
shading,cie_xyz,0.8,0.5,Canon 20D,FL11,0.0,0.0
shading,camera_rgb_raw,0.8,0.5,Canon 20D,FL11,0.0,0.0
shading,camera_rgb_wb,0.8,0.5,Canon 20D,FL11,0.0,0.0
shading,spectral_radiance,0.8,0.5,Canon 300D,FL11,0.0,0.0
shading,cie_xyz,0.8,0.5,Canon 300D,FL11,0.0,0.0
shading,camera_rgb_raw,0.8,0.5,Canon 300D,FL11,0.0,0.0
shading,camera_rgb_wb,0.8,0.5,Canon 300D,FL11,0.0,0.0
shading,spectral_radiance,0.8,0.5,Canon 300D,FL11,0.0,0.0
shading,cie_xyz,0.8,0.5,Canon 300D,FL11,0.0,0.0
shading,camera_rgb_raw,0.8,0.5,Canon 300D,FL11,0.0,0.0
shading,camera_rgb_wb,0.8,0.5,Canon 300D,FL11,0.0,0.0
shading,spectral_radiance,0.8,0.5,Canon 300D,FL11,1.73472347598e-18,1.74923502898e-16
shading,cie_xyz,0.8,0.5,Canon 300D,FL11,2.77555756156e-17,1.48004797956e-16
shading,camera_rgb_raw,0.8,0.5,Canon 300D,FL11,1.38777878078e-17,1.28512536365e-16
shading,camera_rgb_wb,0.8,0.5,Canon 300D,FL11,4.16333634234e-17,1.75383342885e-16
shading,spectral_radiance,0.8,0.5,Canon 300D,FL11,0.0,0.0
shading,cie_xyz,0.8,0.5,Canon 300D,FL11,0.0,0.0
shading,camera_rgb_raw,0.8,0.5,Canon 300D,FL11,0.0,0.0
shading,camera_rgb_wb,0.8,0.5,Canon 300D,FL11,0.0,0.0
shading,spectral_radiance,0.8,0.5,Canon 40D,FL11,0.0,0.0
shading,cie_xyz,0.8,0.5,Canon 40D,FL11,0.0,0.0
shading,camera_rgb_raw,0.8,0.5,Canon 40D,FL11,0.0,0.0
shading,camera_rgb_wb,0.8,0.5,Canon 40D,FL11,0.0,0.0
shading,spectral_radiance,0.8,0.5,Canon 40D,FL11,0.0,0.0
shading,cie_xyz,0.8,0.5,Canon 40D,FL11,0.0,0.0
shading,camera_rgb_raw,0.8,0.5,Canon 40D,FL11,0.0,0.0
shading,camera_rgb_wb,0.8,0.5,Canon 40D,FL11,0.0,0.0
shading,spectral_radiance,0.8,0.5,Canon 40D,FL11,1.73472347598e-18,1.74923502898e-16
shading,cie_xyz,0.8,0.5,Canon 40D,FL11,2.77555756156e-17,1.48004797956e-16
shading,camera_rgb_raw,0.8,0.5,Canon 40D,FL11,2.77555756156e-17,3.07109273798e-16
shading,camera_rgb_wb,0.8,0.5,Canon 40D,FL11,2.77555756156e-17,1.26189492792e-16
shading,spectral_radiance,0.8,0.5,Canon 40D,FL11,0.0,0.0
shading,cie_xyz,0.8,0.5,Canon 40D,FL11,0.0,0.0
shading,camera_rgb_raw,0.8,0.5,Canon 40D,FL11,0.0,0.0
shading,camera_rgb_wb,0.8,0.5,Canon 40D,FL11,0.0,0.0
shading,spectral_radiance,0.8,0.5,Canon 500D,FL11,0.0,0.0
shading,cie_xyz,0.8,0.5,Canon 500D,FL11,0.0,0.0
shading,camera_rgb_raw,0.8,0.5,Canon 500D,FL11,0.0,0.0
shading,camera_rgb_wb,0.8,0.5,Canon 500D,FL11,0.0,0.0
shading,spectral_radiance,0.8,0.5,Canon 500D,FL11,0.0,0.0
shading,cie_xyz,0.8,0.5,Canon 500D,FL11,0.0,0.0
shading,camera_rgb_raw,0.8,0.5,Canon 500D,FL11,0.0,0.0
shading,camera_rgb_wb,0.8,0.5,Canon 500D,FL11,0.0,0.0
shading,spectral_radiance,0.8,0.5,Canon 500D,FL11,1.73472347598e-18,1.74923502898e-16
shading,cie_xyz,0.8,0.5,Canon 500D,FL11,2.77555756156e-17,1.48004797956e-16
shading,camera_rgb_raw,0.8,0.5,Canon 500D,FL11,3.46944695195e-18,3.58761542867e-17
shading,camera_rgb_wb,0.8,0.5,Canon 500D,FL11,2.77555756156e-17,1.40661631612e-16
shading,spectral_radiance,0.8,0.5,Canon 500D,FL11,0.0,0.0
shading,cie_xyz,0.8,0.5,Canon 500D,FL11,0.0,0.0
shading,camera_rgb_raw,0.8,0.5,Canon 500D,FL11,0.0,0.0
shading,camera_rgb_wb,0.8,0.5,Canon 500D,FL11,0.0,0.0
shading,spectral_radiance,0.8,0.5,Canon 50D,FL11,0.0,0.0
shading,cie_xyz,0.8,0.5,Canon 50D,FL11,0.0,0.0
shading,camera_rgb_raw,0.8,0.5,Canon 50D,FL11,0.0,0.0
shading,camera_rgb_wb,0.8,0.5,Canon 50D,FL11,0.0,0.0
shading,spectral_radiance,0.8,0.5,Canon 50D,FL11,0.0,0.0
shading,cie_xyz,0.8,0.5,Canon 50D,FL11,0.0,0.0
shading,camera_rgb_raw,0.8,0.5,Canon 50D,FL11,0.0,0.0
shading,camera_rgb_wb,0.8,0.5,Canon 50D,FL11,0.0,0.0
shading,spectral_radiance,0.8,0.5,Canon 50D,FL11,1.73472347598e-18,1.74923502898e-16
shading,cie_xyz,0.8,0.5,Canon 50D,FL11,2.77555756156e-17,1.48004797956e-16
shading,camera_rgb_raw,0.8,0.5,Canon 50D,FL11,2.77555756156e-17,2.84790227234e-16
shading,camera_rgb_wb,0.8,0.5,Canon 50D,FL11,4.16333634234e-17,2.05137839146e-16
shading,spectral_radiance,0.8,0.5,Canon 50D,FL11,0.0,0.0
shading,cie_xyz,0.8,0.5,Canon 50D,FL11,0.0,0.0
shading,camera_rgb_raw,0.8,0.5,Canon 50D,FL11,0.0,0.0
shading,camera_rgb_wb,0.8,0.5,Canon 50D,FL11,0.0,0.0
shading,spectral_radiance,0.8,0.5,Canon 5DMarkII,FL11,0.0,0.0
shading,cie_xyz,0.8,0.5,Canon 5DMarkII,FL11,0.0,0.0
shading,camera_rgb_raw,0.8,0.5,Canon 5DMarkII,FL11,0.0,0.0
shading,camera_rgb_wb,0.8,0.5,Canon 5DMarkII,FL11,0.0,0.0
shading,spectral_radiance,0.8,0.5,Canon 5DMarkII,FL11,0.0,0.0
shading,cie_xyz,0.8,0.5,Canon 5DMarkII,FL11,0.0,0.0
shading,camera_rgb_raw,0.8,0.5,Canon 5DMarkII,FL11,0.0,0.0
shading,camera_rgb_wb,0.8,0.5,Canon 5DMarkII,FL11,0.0,0.0
shading,spectral_radiance,0.8,0.5,Canon 5DMarkII,FL11,1.73472347598e-18,1.74923502898e-16
shading,cie_xyz,0.8,0.5,Canon 5DMarkII,FL11,2.77555756156e-17,1.48004797956e-16
shading,camera_rgb_raw,0.8,0.5,Canon 5DMarkII,FL11,4.16333634234e-17,4.45912134015e-16
shading,camera_rgb_wb,0.8,0.5,Canon 5DMarkII,FL11,5.55111512313e-17,2.66205284829e-16
shading,spectral_radiance,0.8,0.5,Canon 5DMarkII,FL11,0.0,0.0
shading,cie_xyz,0.8,0.5,Canon 5DMarkII,FL11,0.0,0.0
shading,camera_rgb_raw,0.8,0.5,Canon 5DMarkII,FL11,0.0,0.0
shading,camera_rgb_wb,0.8,0.5,Canon 5DMarkII,FL11,0.0,0.0
shading,spectral_radiance,0.8,0.5,Canon 600D,FL11,0.0,0.0
shading,cie_xyz,0.8,0.5,Canon 600D,FL11,0.0,0.0
shading,camera_rgb_raw,0.8,0.5,Canon 600D,FL11,0.0,0.0
shading,camera_rgb_wb,0.8,0.5,Canon 600D,FL11,0.0,0.0
shading,spectral_radiance,0.8,0.5,Canon 600D,FL11,0.0,0.0
shading,cie_xyz,0.8,0.5,Canon 600D,FL11,0.0,0.0
shading,camera_rgb_raw,0.8,0.5,Canon 600D,FL11,0.0,0.0
shading,camera_rgb_wb,0.8,0.5,Canon 600D,FL11,0.0,0.0
shading,spectral_radiance,0.8,0.5,Canon 600D,FL11,1.73472347598e-18,1.74923502898e-16
shading,cie_xyz,0.8,0.5,Canon 600D,FL11,2.77555756156e-17,1.48004797956e-16
shading,camera_rgb_raw,0.8,0.5,Canon 600D,FL11,2.77555756156e-17,3.02898509421e-16
shading,camera_rgb_wb,0.8,0.5,Canon 600D,FL11,5.55111512313e-17,2.5779771579e-16
shading,spectral_radiance,0.8,0.5,Canon 600D,FL11,0.0,0.0
shading,cie_xyz,0.8,0.5,Canon 600D,FL11,0.0,0.0
shading,camera_rgb_raw,0.8,0.5,Canon 600D,FL11,0.0,0.0
shading,camera_rgb_wb,0.8,0.5,Canon 600D,FL11,0.0,0.0
shading,spectral_radiance,0.8,0.5,Canon 60D,FL11,0.0,0.0
shading,cie_xyz,0.8,0.5,Canon 60D,FL11,0.0,0.0
shading,camera_rgb_raw,0.8,0.5,Canon 60D,FL11,0.0,0.0
shading,camera_rgb_wb,0.8,0.5,Canon 60D,FL11,0.0,0.0
shading,spectral_radiance,0.8,0.5,Canon 60D,FL11,0.0,0.0
shading,cie_xyz,0.8,0.5,Canon 60D,FL11,0.0,0.0
shading,camera_rgb_raw,0.8,0.5,Canon 60D,FL11,0.0,0.0
shading,camera_rgb_wb,0.8,0.5,Canon 60D,FL11,0.0,0.0
shading,spectral_radiance,0.8,0.5,Canon 60D,FL11,1.73472347598e-18,1.74923502898e-16
shading,cie_xyz,0.8,0.5,Canon 60D,FL11,2.77555756156e-17,1.48004797956e-16
shading,camera_rgb_raw,0.8,0.5,Canon 60D,FL11,4.16333634234e-17,4.46433331631e-16
shading,camera_rgb_wb,0.8,0.5,Canon 60D,FL11,5.55111512313e-17,2.57653551164e-16
shading,spectral_radiance,0.8,0.5,Canon 60D,FL11,0.0,0.0
shading,cie_xyz,0.8,0.5,Canon 60D,FL11,0.0,0.0
shading,camera_rgb_raw,0.8,0.5,Canon 60D,FL11,0.0,0.0
shading,camera_rgb_wb,0.8,0.5,Canon 60D,FL11,0.0,0.0
shading,spectral_radiance,0.8,0.5,Hasselblad H2,FL11,0.0,0.0
shading,cie_xyz,0.8,0.5,Hasselblad H2,FL11,0.0,0.0
shading,camera_rgb_raw,0.8,0.5,Hasselblad H2,FL11,0.0,0.0
shading,camera_rgb_wb,0.8,0.5,Hasselblad H2,FL11,0.0,0.0
shading,spectral_radiance,0.8,0.5,Hasselblad H2,FL11,0.0,0.0
shading,cie_xyz,0.8,0.5,Hasselblad H2,FL11,0.0,0.0
shading,camera_rgb_raw,0.8,0.5,Hasselblad H2,FL11,0.0,0.0
shading,camera_rgb_wb,0.8,0.5,Hasselblad H2,FL11,0.0,0.0
shading,spectral_radiance,0.8,0.5,Hasselblad H2,FL11,1.73472347598e-18,1.74923502898e-16
shading,cie_xyz,0.8,0.5,Hasselblad H2,FL11,2.77555756156e-17,1.48004797956e-16
shading,camera_rgb_raw,0.8,0.5,Hasselblad H2,FL11,2.77555756156e-17,3.50354074462e-16
shading,camera_rgb_wb,0.8,0.5,Hasselblad H2,FL11,8.32667268469e-17,3.55774345551e-16
shading,spectral_radiance,0.8,0.5,Hasselblad H2,FL11,0.0,0.0
shading,cie_xyz,0.8,0.5,Hasselblad H2,FL11,0.0,0.0
shading,camera_rgb_raw,0.8,0.5,Hasselblad H2,FL11,0.0,0.0
shading,camera_rgb_wb,0.8,0.5,Hasselblad H2,FL11,0.0,0.0
shading,spectral_radiance,0.8,0.5,Nikon D3X,FL11,0.0,0.0
shading,cie_xyz,0.8,0.5,Nikon D3X,FL11,0.0,0.0
shading,camera_rgb_raw,0.8,0.5,Nikon D3X,FL11,0.0,0.0
shading,camera_rgb_wb,0.8,0.5,Nikon D3X,FL11,0.0,0.0
shading,spectral_radiance,0.8,0.5,Nikon D3X,FL11,0.0,0.0
shading,cie_xyz,0.8,0.5,Nikon D3X,FL11,0.0,0.0
shading,camera_rgb_raw,0.8,0.5,Nikon D3X,FL11,0.0,0.0
shading,camera_rgb_wb,0.8,0.5,Nikon D3X,FL11,0.0,0.0
shading,spectral_radiance,0.8,0.5,Nikon D3X,FL11,1.73472347598e-18,1.74923502898e-16
shading,cie_xyz,0.8,0.5,Nikon D3X,FL11,2.77555756156e-17,1.48004797956e-16
shading,camera_rgb_raw,0.8,0.5,Nikon D3X,FL11,1.38777878078e-17,1.41920645702e-16
shading,camera_rgb_wb,0.8,0.5,Nikon D3X,FL11,5.55111512313e-17,2.39566010603e-16
shading,spectral_radiance,0.8,0.5,Nikon D3X,FL11,0.0,0.0
shading,cie_xyz,0.8,0.5,Nikon D3X,FL11,0.0,0.0
shading,camera_rgb_raw,0.8,0.5,Nikon D3X,FL11,0.0,0.0
shading,camera_rgb_wb,0.8,0.5,Nikon D3X,FL11,0.0,0.0
shading,spectral_radiance,0.8,0.5,Nikon D200,FL11,0.0,0.0
shading,cie_xyz,0.8,0.5,Nikon D200,FL11,0.0,0.0
shading,camera_rgb_raw,0.8,0.5,Nikon D200,FL11,0.0,0.0
shading,camera_rgb_wb,0.8,0.5,Nikon D200,FL11,0.0,0.0
shading,spectral_radiance,0.8,0.5,Nikon D200,FL11,0.0,0.0
shading,cie_xyz,0.8,0.5,Nikon D200,FL11,0.0,0.0
shading,camera_rgb_raw,0.8,0.5,Nikon D200,FL11,0.0,0.0
shading,camera_rgb_wb,0.8,0.5,Nikon D200,FL11,0.0,0.0
shading,spectral_radiance,0.8,0.5,Nikon D200,FL11,1.73472347598e-18,1.74923502898e-16
shading,cie_xyz,0.8,0.5,Nikon D200,FL11,2.77555756156e-17,1.48004797956e-16
shading,camera_rgb_raw,0.8,0.5,Nikon D200,FL11,2.77555756156e-17,2.54426705803e-16
shading,camera_rgb_wb,0.8,0.5,Nikon D200,FL11,4.16333634234e-17,1.80207907801e-16
shading,spectral_radiance,0.8,0.5,Nikon D200,FL11,0.0,0.0
shading,cie_xyz,0.8,0.5,Nikon D200,FL11,0.0,0.0
shading,camera_rgb_raw,0.8,0.5,Nikon D200,FL11,0.0,0.0
shading,camera_rgb_wb,0.8,0.5,Nikon D200,FL11,0.0,0.0
shading,spectral_radiance,0.8,0.5,Nikon D3,FL11,0.0,0.0
shading,cie_xyz,0.8,0.5,Nikon D3,FL11,0.0,0.0
shading,camera_rgb_raw,0.8,0.5,Nikon D3,FL11,0.0,0.0
shading,camera_rgb_wb,0.8,0.5,Nikon D3,FL11,0.0,0.0
shading,spectral_radiance,0.8,0.5,Nikon D3,FL11,0.0,0.0
shading,cie_xyz,0.8,0.5,Nikon D3,FL11,0.0,0.0
shading,camera_rgb_raw,0.8,0.5,Nikon D3,FL11,0.0,0.0
shading,camera_rgb_wb,0.8,0.5,Nikon D3,FL11,0.0,0.0
shading,spectral_radiance,0.8,0.5,Nikon D3,FL11,1.73472347598e-18,1.74923502898e-16
shading,cie_xyz,0.8,0.5,Nikon D3,FL11,2.77555756156e-17,1.48004797956e-16
shading,camera_rgb_raw,0.8,0.5,Nikon D3,FL11,1.38777878078e-17,1.33838568949e-16
shading,camera_rgb_wb,0.8,0.5,Nikon D3,FL11,2.77555756156e-17,1.20764308193e-16
shading,spectral_radiance,0.8,0.5,Nikon D3,FL11,0.0,0.0
shading,cie_xyz,0.8,0.5,Nikon D3,FL11,0.0,0.0
shading,camera_rgb_raw,0.8,0.5,Nikon D3,FL11,0.0,0.0
shading,camera_rgb_wb,0.8,0.5,Nikon D3,FL11,0.0,0.0
shading,spectral_radiance,0.8,0.5,Nikon D300s,FL11,0.0,0.0
shading,cie_xyz,0.8,0.5,Nikon D300s,FL11,0.0,0.0
shading,camera_rgb_raw,0.8,0.5,Nikon D300s,FL11,0.0,0.0
shading,camera_rgb_wb,0.8,0.5,Nikon D300s,FL11,0.0,0.0
shading,spectral_radiance,0.8,0.5,Nikon D300s,FL11,0.0,0.0
shading,cie_xyz,0.8,0.5,Nikon D300s,FL11,0.0,0.0
shading,camera_rgb_raw,0.8,0.5,Nikon D300s,FL11,0.0,0.0
shading,camera_rgb_wb,0.8,0.5,Nikon D300s,FL11,0.0,0.0
shading,spectral_radiance,0.8,0.5,Nikon D300s,FL11,1.73472347598e-18,1.74923502898e-16
shading,cie_xyz,0.8,0.5,Nikon D300s,FL11,2.77555756156e-17,1.48004797956e-16
shading,camera_rgb_raw,0.8,0.5,Nikon D300s,FL11,5.55111512313e-17,4.58585085091e-16
shading,camera_rgb_wb,0.8,0.5,Nikon D300s,FL11,8.32667268469e-17,3.69876479934e-16
shading,spectral_radiance,0.8,0.5,Nikon D300s,FL11,0.0,0.0
shading,cie_xyz,0.8,0.5,Nikon D300s,FL11,0.0,0.0
shading,camera_rgb_raw,0.8,0.5,Nikon D300s,FL11,0.0,0.0
shading,camera_rgb_wb,0.8,0.5,Nikon D300s,FL11,0.0,0.0
shading,spectral_radiance,0.8,0.5,Nikon D40,FL11,0.0,0.0
shading,cie_xyz,0.8,0.5,Nikon D40,FL11,0.0,0.0
shading,camera_rgb_raw,0.8,0.5,Nikon D40,FL11,0.0,0.0
shading,camera_rgb_wb,0.8,0.5,Nikon D40,FL11,0.0,0.0
shading,spectral_radiance,0.8,0.5,Nikon D40,FL11,0.0,0.0
shading,cie_xyz,0.8,0.5,Nikon D40,FL11,0.0,0.0
shading,camera_rgb_raw,0.8,0.5,Nikon D40,FL11,0.0,0.0
shading,camera_rgb_wb,0.8,0.5,Nikon D40,FL11,0.0,0.0
shading,spectral_radiance,0.8,0.5,Nikon D40,FL11,1.73472347598e-18,1.74923502898e-16
shading,cie_xyz,0.8,0.5,Nikon D40,FL11,2.77555756156e-17,1.48004797956e-16
shading,camera_rgb_raw,0.8,0.5,Nikon D40,FL11,6.93889390391e-18,7.95249612773e-17
shading,camera_rgb_wb,0.8,0.5,Nikon D40,FL11,2.77555756156e-17,1.22139363224e-16
shading,spectral_radiance,0.8,0.5,Nikon D40,FL11,0.0,0.0
shading,cie_xyz,0.8,0.5,Nikon D40,FL11,0.0,0.0
shading,camera_rgb_raw,0.8,0.5,Nikon D40,FL11,0.0,0.0
shading,camera_rgb_wb,0.8,0.5,Nikon D40,FL11,0.0,0.0
shading,spectral_radiance,0.8,0.5,Nikon D50,FL11,0.0,0.0
shading,cie_xyz,0.8,0.5,Nikon D50,FL11,0.0,0.0
shading,camera_rgb_raw,0.8,0.5,Nikon D50,FL11,0.0,0.0
shading,camera_rgb_wb,0.8,0.5,Nikon D50,FL11,0.0,0.0
shading,spectral_radiance,0.8,0.5,Nikon D50,FL11,0.0,0.0
shading,cie_xyz,0.8,0.5,Nikon D50,FL11,0.0,0.0
shading,camera_rgb_raw,0.8,0.5,Nikon D50,FL11,0.0,0.0
shading,camera_rgb_wb,0.8,0.5,Nikon D50,FL11,0.0,0.0
shading,spectral_radiance,0.8,0.5,Nikon D50,FL11,1.73472347598e-18,1.74923502898e-16
shading,cie_xyz,0.8,0.5,Nikon D50,FL11,2.77555756156e-17,1.48004797956e-16
shading,camera_rgb_raw,0.8,0.5,Nikon D50,FL11,6.93889390391e-18,7.96919542271e-17
shading,camera_rgb_wb,0.8,0.5,Nikon D50,FL11,1.38777878078e-17,6.01458124181e-17
shading,spectral_radiance,0.8,0.5,Nikon D50,FL11,0.0,0.0
shading,cie_xyz,0.8,0.5,Nikon D50,FL11,0.0,0.0
shading,camera_rgb_raw,0.8,0.5,Nikon D50,FL11,0.0,0.0
shading,camera_rgb_wb,0.8,0.5,Nikon D50,FL11,0.0,0.0
shading,spectral_radiance,0.8,0.5,Nikon D5100,FL11,0.0,0.0
shading,cie_xyz,0.8,0.5,Nikon D5100,FL11,0.0,0.0
shading,camera_rgb_raw,0.8,0.5,Nikon D5100,FL11,0.0,0.0
shading,camera_rgb_wb,0.8,0.5,Nikon D5100,FL11,0.0,0.0
shading,spectral_radiance,0.8,0.5,Nikon D5100,FL11,0.0,0.0
shading,cie_xyz,0.8,0.5,Nikon D5100,FL11,0.0,0.0
shading,camera_rgb_raw,0.8,0.5,Nikon D5100,FL11,0.0,0.0
shading,camera_rgb_wb,0.8,0.5,Nikon D5100,FL11,0.0,0.0
shading,spectral_radiance,0.8,0.5,Nikon D5100,FL11,1.73472347598e-18,1.74923502898e-16
shading,cie_xyz,0.8,0.5,Nikon D5100,FL11,2.77555756156e-17,1.48004797956e-16
shading,camera_rgb_raw,0.8,0.5,Nikon D5100,FL11,1.38777878078e-17,1.39894345855e-16
shading,camera_rgb_wb,0.8,0.5,Nikon D5100,FL11,2.77555756156e-17,1.24058241173e-16
shading,spectral_radiance,0.8,0.5,Nikon D5100,FL11,0.0,0.0
shading,cie_xyz,0.8,0.5,Nikon D5100,FL11,0.0,0.0
shading,camera_rgb_raw,0.8,0.5,Nikon D5100,FL11,0.0,0.0
shading,camera_rgb_wb,0.8,0.5,Nikon D5100,FL11,0.0,0.0
shading,spectral_radiance,0.8,0.5,Nikon D700,FL11,0.0,0.0
shading,cie_xyz,0.8,0.5,Nikon D700,FL11,0.0,0.0
shading,camera_rgb_raw,0.8,0.5,Nikon D700,FL11,0.0,0.0
shading,camera_rgb_wb,0.8,0.5,Nikon D700,FL11,0.0,0.0
shading,spectral_radiance,0.8,0.5,Nikon D700,FL11,0.0,0.0
shading,cie_xyz,0.8,0.5,Nikon D700,FL11,0.0,0.0
shading,camera_rgb_raw,0.8,0.5,Nikon D700,FL11,0.0,0.0
shading,camera_rgb_wb,0.8,0.5,Nikon D700,FL11,0.0,0.0
shading,spectral_radiance,0.8,0.5,Nikon D700,FL11,1.73472347598e-18,1.74923502898e-16
shading,cie_xyz,0.8,0.5,Nikon D700,FL11,2.77555756156e-17,1.48004797956e-16
shading,camera_rgb_raw,0.8,0.5,Nikon D700,FL11,5.55111512313e-17,5.14736134187e-16
shading,camera_rgb_wb,0.8,0.5,Nikon D700,FL11,6.93889390391e-17,3.01540548121e-16
shading,spectral_radiance,0.8,0.5,Nikon D700,FL11,0.0,0.0
shading,cie_xyz,0.8,0.5,Nikon D700,FL11,0.0,0.0
shading,camera_rgb_raw,0.8,0.5,Nikon D700,FL11,0.0,0.0
shading,camera_rgb_wb,0.8,0.5,Nikon D700,FL11,0.0,0.0
shading,spectral_radiance,0.8,0.5,Nikon D80,FL11,0.0,0.0
shading,cie_xyz,0.8,0.5,Nikon D80,FL11,0.0,0.0
shading,camera_rgb_raw,0.8,0.5,Nikon D80,FL11,0.0,0.0
shading,camera_rgb_wb,0.8,0.5,Nikon D80,FL11,0.0,0.0
shading,spectral_radiance,0.8,0.5,Nikon D80,FL11,0.0,0.0
shading,cie_xyz,0.8,0.5,Nikon D80,FL11,0.0,0.0
shading,camera_rgb_raw,0.8,0.5,Nikon D80,FL11,0.0,0.0
shading,camera_rgb_wb,0.8,0.5,Nikon D80,FL11,0.0,0.0
shading,spectral_radiance,0.8,0.5,Nikon D80,FL11,1.73472347598e-18,1.74923502898e-16
shading,cie_xyz,0.8,0.5,Nikon D80,FL11,2.77555756156e-17,1.48004797956e-16
shading,camera_rgb_raw,0.8,0.5,Nikon D80,FL11,3.46944695195e-17,3.93813524854e-16
shading,camera_rgb_wb,0.8,0.5,Nikon D80,FL11,5.55111512313e-17,2.42214169065e-16
shading,spectral_radiance,0.8,0.5,Nikon D80,FL11,0.0,0.0
shading,cie_xyz,0.8,0.5,Nikon D80,FL11,0.0,0.0
shading,camera_rgb_raw,0.8,0.5,Nikon D80,FL11,0.0,0.0
shading,camera_rgb_wb,0.8,0.5,Nikon D80,FL11,0.0,0.0
shading,spectral_radiance,0.8,0.5,Nikon D90,FL11,0.0,0.0
shading,cie_xyz,0.8,0.5,Nikon D90,FL11,0.0,0.0
shading,camera_rgb_raw,0.8,0.5,Nikon D90,FL11,0.0,0.0
shading,camera_rgb_wb,0.8,0.5,Nikon D90,FL11,0.0,0.0
shading,spectral_radiance,0.8,0.5,Nikon D90,FL11,0.0,0.0
shading,cie_xyz,0.8,0.5,Nikon D90,FL11,0.0,0.0
shading,camera_rgb_raw,0.8,0.5,Nikon D90,FL11,0.0,0.0
shading,camera_rgb_wb,0.8,0.5,Nikon D90,FL11,0.0,0.0
shading,spectral_radiance,0.8,0.5,Nikon D90,FL11,1.73472347598e-18,1.74923502898e-16
shading,cie_xyz,0.8,0.5,Nikon D90,FL11,2.77555756156e-17,1.48004797956e-16
shading,camera_rgb_raw,0.8,0.5,Nikon D90,FL11,2.77555756156e-17,2.7971785234e-16
shading,camera_rgb_wb,0.8,0.5,Nikon D90,FL11,2.77555756156e-17,1.23949974058e-16
shading,spectral_radiance,0.8,0.5,Nikon D90,FL11,0.0,0.0
shading,cie_xyz,0.8,0.5,Nikon D90,FL11,0.0,0.0
shading,camera_rgb_raw,0.8,0.5,Nikon D90,FL11,0.0,0.0
shading,camera_rgb_wb,0.8,0.5,Nikon D90,FL11,0.0,0.0
shading,spectral_radiance,0.8,0.5,Nokia N900,FL11,0.0,0.0
shading,cie_xyz,0.8,0.5,Nokia N900,FL11,0.0,0.0
shading,camera_rgb_raw,0.8,0.5,Nokia N900,FL11,0.0,0.0
shading,camera_rgb_wb,0.8,0.5,Nokia N900,FL11,0.0,0.0
shading,spectral_radiance,0.8,0.5,Nokia N900,FL11,0.0,0.0
shading,cie_xyz,0.8,0.5,Nokia N900,FL11,0.0,0.0
shading,camera_rgb_raw,0.8,0.5,Nokia N900,FL11,0.0,0.0
shading,camera_rgb_wb,0.8,0.5,Nokia N900,FL11,0.0,0.0
shading,spectral_radiance,0.8,0.5,Nokia N900,FL11,1.73472347598e-18,1.74923502898e-16
shading,cie_xyz,0.8,0.5,Nokia N900,FL11,2.77555756156e-17,1.48004797956e-16
shading,camera_rgb_raw,0.8,0.5,Nokia N900,FL11,5.55111512313e-17,3.50509800327e-16
shading,camera_rgb_wb,0.8,0.5,Nokia N900,FL11,8.32667268469e-17,3.62274340354e-16
shading,spectral_radiance,0.8,0.5,Nokia N900,FL11,0.0,0.0
shading,cie_xyz,0.8,0.5,Nokia N900,FL11,0.0,0.0
shading,camera_rgb_raw,0.8,0.5,Nokia N900,FL11,0.0,0.0
shading,camera_rgb_wb,0.8,0.5,Nokia N900,FL11,0.0,0.0
shading,spectral_radiance,0.8,0.5,Olympus E-PL2,FL11,0.0,0.0
shading,cie_xyz,0.8,0.5,Olympus E-PL2,FL11,0.0,0.0
shading,camera_rgb_raw,0.8,0.5,Olympus E-PL2,FL11,0.0,0.0
shading,camera_rgb_wb,0.8,0.5,Olympus E-PL2,FL11,0.0,0.0
shading,spectral_radiance,0.8,0.5,Olympus E-PL2,FL11,0.0,0.0
shading,cie_xyz,0.8,0.5,Olympus E-PL2,FL11,0.0,0.0
shading,camera_rgb_raw,0.8,0.5,Olympus E-PL2,FL11,0.0,0.0
shading,camera_rgb_wb,0.8,0.5,Olympus E-PL2,FL11,0.0,0.0
shading,spectral_radiance,0.8,0.5,Olympus E-PL2,FL11,1.73472347598e-18,1.74923502898e-16
shading,cie_xyz,0.8,0.5,Olympus E-PL2,FL11,2.77555756156e-17,1.48004797956e-16
shading,camera_rgb_raw,0.8,0.5,Olympus E-PL2,FL11,2.77555756156e-17,1.5649152922e-16
shading,camera_rgb_wb,0.8,0.5,Olympus E-PL2,FL11,5.55111512313e-17,2.23043240531e-16
shading,spectral_radiance,0.8,0.5,Olympus E-PL2,FL11,0.0,0.0
shading,cie_xyz,0.8,0.5,Olympus E-PL2,FL11,0.0,0.0
shading,camera_rgb_raw,0.8,0.5,Olympus E-PL2,FL11,0.0,0.0
shading,camera_rgb_wb,0.8,0.5,Olympus E-PL2,FL11,0.0,0.0
shading,spectral_radiance,0.8,0.5,Pentax K-5,FL11,0.0,0.0
shading,cie_xyz,0.8,0.5,Pentax K-5,FL11,0.0,0.0
shading,camera_rgb_raw,0.8,0.5,Pentax K-5,FL11,0.0,0.0
shading,camera_rgb_wb,0.8,0.5,Pentax K-5,FL11,0.0,0.0
shading,spectral_radiance,0.8,0.5,Pentax K-5,FL11,0.0,0.0
shading,cie_xyz,0.8,0.5,Pentax K-5,FL11,0.0,0.0
shading,camera_rgb_raw,0.8,0.5,Pentax K-5,FL11,0.0,0.0
shading,camera_rgb_wb,0.8,0.5,Pentax K-5,FL11,0.0,0.0
shading,spectral_radiance,0.8,0.5,Pentax K-5,FL11,1.73472347598e-18,1.74923502898e-16
shading,cie_xyz,0.8,0.5,Pentax K-5,FL11,2.77555756156e-17,1.48004797956e-16
shading,camera_rgb_raw,0.8,0.5,Pentax K-5,FL11,4.16333634234e-17,4.35783370526e-16
shading,camera_rgb_wb,0.8,0.5,Pentax K-5,FL11,5.55111512313e-17,2.44640357761e-16
shading,spectral_radiance,0.8,0.5,Pentax K-5,FL11,0.0,0.0
shading,cie_xyz,0.8,0.5,Pentax K-5,FL11,0.0,0.0
shading,camera_rgb_raw,0.8,0.5,Pentax K-5,FL11,0.0,0.0
shading,camera_rgb_wb,0.8,0.5,Pentax K-5,FL11,0.0,0.0
shading,spectral_radiance,0.8,0.5,Pentax Q,FL11,0.0,0.0
shading,cie_xyz,0.8,0.5,Pentax Q,FL11,0.0,0.0
shading,camera_rgb_raw,0.8,0.5,Pentax Q,FL11,0.0,0.0
shading,camera_rgb_wb,0.8,0.5,Pentax Q,FL11,0.0,0.0
shading,spectral_radiance,0.8,0.5,Pentax Q,FL11,0.0,0.0
shading,cie_xyz,0.8,0.5,Pentax Q,FL11,0.0,0.0
shading,camera_rgb_raw,0.8,0.5,Pentax Q,FL11,0.0,0.0
shading,camera_rgb_wb,0.8,0.5,Pentax Q,FL11,0.0,0.0
shading,spectral_radiance,0.8,0.5,Pentax Q,FL11,1.73472347598e-18,1.74923502898e-16
shading,cie_xyz,0.8,0.5,Pentax Q,FL11,2.77555756156e-17,1.48004797956e-16
shading,camera_rgb_raw,0.8,0.5,Pentax Q,FL11,0.0,0.0
shading,camera_rgb_wb,0.8,0.5,Pentax Q,FL11,6.93889390391e-18,2.96165190894e-17
shading,spectral_radiance,0.8,0.5,Pentax Q,FL11,0.0,0.0
shading,cie_xyz,0.8,0.5,Pentax Q,FL11,0.0,0.0
shading,camera_rgb_raw,0.8,0.5,Pentax Q,FL11,0.0,0.0
shading,camera_rgb_wb,0.8,0.5,Pentax Q,FL11,0.0,0.0
shading,spectral_radiance,0.8,0.5,Point Grey Grasshopper 50S5C,FL11,0.0,0.0
shading,cie_xyz,0.8,0.5,Point Grey Grasshopper 50S5C,FL11,0.0,0.0
shading,camera_rgb_raw,0.8,0.5,Point Grey Grasshopper 50S5C,FL11,0.0,0.0
shading,camera_rgb_wb,0.8,0.5,Point Grey Grasshopper 50S5C,FL11,0.0,0.0
shading,spectral_radiance,0.8,0.5,Point Grey Grasshopper 50S5C,FL11,0.0,0.0
shading,cie_xyz,0.8,0.5,Point Grey Grasshopper 50S5C,FL11,0.0,0.0
shading,camera_rgb_raw,0.8,0.5,Point Grey Grasshopper 50S5C,FL11,0.0,0.0
shading,camera_rgb_wb,0.8,0.5,Point Grey Grasshopper 50S5C,FL11,0.0,0.0
shading,spectral_radiance,0.8,0.5,Point Grey Grasshopper 50S5C,FL11,1.73472347598e-18,1.74923502898e-16
shading,cie_xyz,0.8,0.5,Point Grey Grasshopper 50S5C,FL11,2.77555756156e-17,1.48004797956e-16
shading,camera_rgb_raw,0.8,0.5,Point Grey Grasshopper 50S5C,FL11,2.08166817117e-17,2.17944985081e-16
shading,camera_rgb_wb,0.8,0.5,Point Grey Grasshopper 50S5C,FL11,5.55111512313e-17,2.06220405726e-16
shading,spectral_radiance,0.8,0.5,Point Grey Grasshopper 50S5C,FL11,0.0,0.0
shading,cie_xyz,0.8,0.5,Point Grey Grasshopper 50S5C,FL11,0.0,0.0
shading,camera_rgb_raw,0.8,0.5,Point Grey Grasshopper 50S5C,FL11,0.0,0.0
shading,camera_rgb_wb,0.8,0.5,Point Grey Grasshopper 50S5C,FL11,0.0,0.0
shading,spectral_radiance,0.8,0.5,Point Grey Grasshopper2 14S5C,FL11,0.0,0.0
shading,cie_xyz,0.8,0.5,Point Grey Grasshopper2 14S5C,FL11,0.0,0.0
shading,camera_rgb_raw,0.8,0.5,Point Grey Grasshopper2 14S5C,FL11,0.0,0.0
shading,camera_rgb_wb,0.8,0.5,Point Grey Grasshopper2 14S5C,FL11,0.0,0.0
shading,spectral_radiance,0.8,0.5,Point Grey Grasshopper2 14S5C,FL11,0.0,0.0
shading,cie_xyz,0.8,0.5,Point Grey Grasshopper2 14S5C,FL11,0.0,0.0
shading,camera_rgb_raw,0.8,0.5,Point Grey Grasshopper2 14S5C,FL11,0.0,0.0
shading,camera_rgb_wb,0.8,0.5,Point Grey Grasshopper2 14S5C,FL11,0.0,0.0
shading,spectral_radiance,0.8,0.5,Point Grey Grasshopper2 14S5C,FL11,1.73472347598e-18,1.74923502898e-16
shading,cie_xyz,0.8,0.5,Point Grey Grasshopper2 14S5C,FL11,2.77555756156e-17,1.48004797956e-16
shading,camera_rgb_raw,0.8,0.5,Point Grey Grasshopper2 14S5C,FL11,1.38777878078e-17,1.21668670303e-16
shading,camera_rgb_wb,0.8,0.5,Point Grey Grasshopper2 14S5C,FL11,5.55111512313e-17,2.18783865636e-16
shading,spectral_radiance,0.8,0.5,Point Grey Grasshopper2 14S5C,FL11,0.0,0.0
shading,cie_xyz,0.8,0.5,Point Grey Grasshopper2 14S5C,FL11,0.0,0.0
shading,camera_rgb_raw,0.8,0.5,Point Grey Grasshopper2 14S5C,FL11,0.0,0.0
shading,camera_rgb_wb,0.8,0.5,Point Grey Grasshopper2 14S5C,FL11,0.0,0.0
shading,spectral_radiance,0.8,0.5,Phase One,FL11,0.0,0.0
shading,cie_xyz,0.8,0.5,Phase One,FL11,0.0,0.0
shading,camera_rgb_raw,0.8,0.5,Phase One,FL11,0.0,0.0
shading,camera_rgb_wb,0.8,0.5,Phase One,FL11,0.0,0.0
shading,spectral_radiance,0.8,0.5,Phase One,FL11,0.0,0.0
shading,cie_xyz,0.8,0.5,Phase One,FL11,0.0,0.0
shading,camera_rgb_raw,0.8,0.5,Phase One,FL11,0.0,0.0
shading,camera_rgb_wb,0.8,0.5,Phase One,FL11,0.0,0.0
shading,spectral_radiance,0.8,0.5,Phase One,FL11,1.73472347598e-18,1.74923502898e-16
shading,cie_xyz,0.8,0.5,Phase One,FL11,2.77555756156e-17,1.48004797956e-16
shading,camera_rgb_raw,0.8,0.5,Phase One,FL11,2.77555756156e-17,2.83622718783e-16
shading,camera_rgb_wb,0.8,0.5,Phase One,FL11,2.77555756156e-17,1.37907836084e-16
shading,spectral_radiance,0.8,0.5,Phase One,FL11,0.0,0.0
shading,cie_xyz,0.8,0.5,Phase One,FL11,0.0,0.0
shading,camera_rgb_raw,0.8,0.5,Phase One,FL11,0.0,0.0
shading,camera_rgb_wb,0.8,0.5,Phase One,FL11,0.0,0.0
shading,spectral_radiance,0.8,0.5,SONY NEX-5N,FL11,0.0,0.0
shading,cie_xyz,0.8,0.5,SONY NEX-5N,FL11,0.0,0.0
shading,camera_rgb_raw,0.8,0.5,SONY NEX-5N,FL11,0.0,0.0
shading,camera_rgb_wb,0.8,0.5,SONY NEX-5N,FL11,0.0,0.0
shading,spectral_radiance,0.8,0.5,SONY NEX-5N,FL11,0.0,0.0
shading,cie_xyz,0.8,0.5,SONY NEX-5N,FL11,0.0,0.0
shading,camera_rgb_raw,0.8,0.5,SONY NEX-5N,FL11,0.0,0.0
shading,camera_rgb_wb,0.8,0.5,SONY NEX-5N,FL11,0.0,0.0
shading,spectral_radiance,0.8,0.5,SONY NEX-5N,FL11,1.73472347598e-18,1.74923502898e-16
shading,cie_xyz,0.8,0.5,SONY NEX-5N,FL11,2.77555756156e-17,1.48004797956e-16
shading,camera_rgb_raw,0.8,0.5,SONY NEX-5N,FL11,1.38777878078e-17,1.81653922994e-16
shading,camera_rgb_wb,0.8,0.5,SONY NEX-5N,FL11,5.55111512313e-17,2.52869583022e-16
shading,spectral_radiance,0.8,0.5,SONY NEX-5N,FL11,0.0,0.0
shading,cie_xyz,0.8,0.5,SONY NEX-5N,FL11,0.0,0.0
shading,camera_rgb_raw,0.8,0.5,SONY NEX-5N,FL11,0.0,0.0
shading,camera_rgb_wb,0.8,0.5,SONY NEX-5N,FL11,0.0,0.0
shading,spectral_radiance,0.8,0.8,Canon 1DMarkIII,D65,0.0,0.0
shading,cie_xyz,0.8,0.8,Canon 1DMarkIII,D65,0.0,0.0
shading,camera_rgb_raw,0.8,0.8,Canon 1DMarkIII,D65,0.0,0.0
shading,camera_rgb_wb,0.8,0.8,Canon 1DMarkIII,D65,0.0,0.0
shading,spectral_radiance,0.8,0.8,Canon 1DMarkIII,D65,0.0,0.0
shading,cie_xyz,0.8,0.8,Canon 1DMarkIII,D65,0.0,0.0
shading,camera_rgb_raw,0.8,0.8,Canon 1DMarkIII,D65,0.0,0.0
shading,camera_rgb_wb,0.8,0.8,Canon 1DMarkIII,D65,0.0,0.0
shading,spectral_radiance,0.8,0.8,Canon 1DMarkIII,D65,4.33680868994e-19,1.29753257205e-16
shading,cie_xyz,0.8,0.8,Canon 1DMarkIII,D65,5.55111512313e-17,3.66946808699e-16
shading,camera_rgb_raw,0.8,0.8,Canon 1DMarkIII,D65,1.38777878078e-17,1.79921397672e-16
shading,camera_rgb_wb,0.8,0.8,Canon 1DMarkIII,D65,2.77555756156e-17,1.32077838923e-16
shading,spectral_radiance,0.8,0.8,Canon 1DMarkIII,D65,0.0,0.0
shading,cie_xyz,0.8,0.8,Canon 1DMarkIII,D65,0.0,0.0
shading,camera_rgb_raw,0.8,0.8,Canon 1DMarkIII,D65,0.0,0.0
shading,camera_rgb_wb,0.8,0.8,Canon 1DMarkIII,D65,0.0,0.0
shading,spectral_radiance,0.8,0.8,Canon 20D,D65,0.0,0.0
shading,cie_xyz,0.8,0.8,Canon 20D,D65,0.0,0.0
shading,camera_rgb_raw,0.8,0.8,Canon 20D,D65,0.0,0.0
shading,camera_rgb_wb,0.8,0.8,Canon 20D,D65,0.0,0.0
shading,spectral_radiance,0.8,0.8,Canon 20D,D65,0.0,0.0
shading,cie_xyz,0.8,0.8,Canon 20D,D65,0.0,0.0
shading,camera_rgb_raw,0.8,0.8,Canon 20D,D65,0.0,0.0
shading,camera_rgb_wb,0.8,0.8,Canon 20D,D65,0.0,0.0
shading,spectral_radiance,0.8,0.8,Canon 20D,D65,4.33680868994e-19,1.29753257205e-16
shading,cie_xyz,0.8,0.8,Canon 20D,D65,5.55111512313e-17,3.66946808699e-16
shading,camera_rgb_raw,0.8,0.8,Canon 20D,D65,2.77555756156e-17,3.12011206595e-16
shading,camera_rgb_wb,0.8,0.8,Canon 20D,D65,8.32667268469e-17,3.93166821736e-16
shading,spectral_radiance,0.8,0.8,Canon 20D,D65,0.0,0.0
shading,cie_xyz,0.8,0.8,Canon 20D,D65,0.0,0.0
shading,camera_rgb_raw,0.8,0.8,Canon 20D,D65,0.0,0.0
shading,camera_rgb_wb,0.8,0.8,Canon 20D,D65,0.0,0.0
shading,spectral_radiance,0.8,0.8,Canon 300D,D65,0.0,0.0
shading,cie_xyz,0.8,0.8,Canon 300D,D65,0.0,0.0
shading,camera_rgb_raw,0.8,0.8,Canon 300D,D65,0.0,0.0
shading,camera_rgb_wb,0.8,0.8,Canon 300D,D65,0.0,0.0
shading,spectral_radiance,0.8,0.8,Canon 300D,D65,0.0,0.0
shading,cie_xyz,0.8,0.8,Canon 300D,D65,0.0,0.0
shading,camera_rgb_raw,0.8,0.8,Canon 300D,D65,0.0,0.0
shading,camera_rgb_wb,0.8,0.8,Canon 300D,D65,0.0,0.0
shading,spectral_radiance,0.8,0.8,Canon 300D,D65,4.33680868994e-19,1.29753257205e-16
shading,cie_xyz,0.8,0.8,Canon 300D,D65,5.55111512313e-17,3.66946808699e-16
shading,camera_rgb_raw,0.8,0.8,Canon 300D,D65,1.38777878078e-17,1.5002547794e-16
shading,camera_rgb_wb,0.8,0.8,Canon 300D,D65,2.77555756156e-17,1.27829570947e-16
shading,spectral_radiance,0.8,0.8,Canon 300D,D65,0.0,0.0
shading,cie_xyz,0.8,0.8,Canon 300D,D65,0.0,0.0
shading,camera_rgb_raw,0.8,0.8,Canon 300D,D65,0.0,0.0
shading,camera_rgb_wb,0.8,0.8,Canon 300D,D65,0.0,0.0
shading,spectral_radiance,0.8,0.8,Canon 40D,D65,0.0,0.0
shading,cie_xyz,0.8,0.8,Canon 40D,D65,0.0,0.0
shading,camera_rgb_raw,0.8,0.8,Canon 40D,D65,0.0,0.0
shading,camera_rgb_wb,0.8,0.8,Canon 40D,D65,0.0,0.0
shading,spectral_radiance,0.8,0.8,Canon 40D,D65,0.0,0.0
shading,cie_xyz,0.8,0.8,Canon 40D,D65,0.0,0.0
shading,camera_rgb_raw,0.8,0.8,Canon 40D,D65,0.0,0.0
shading,camera_rgb_wb,0.8,0.8,Canon 40D,D65,0.0,0.0
shading,spectral_radiance,0.8,0.8,Canon 40D,D65,4.33680868994e-19,1.29753257205e-16
shading,cie_xyz,0.8,0.8,Canon 40D,D65,5.55111512313e-17,3.66946808699e-16
shading,camera_rgb_raw,0.8,0.8,Canon 40D,D65,2.77555756156e-17,3.34961234361e-16
shading,camera_rgb_wb,0.8,0.8,Canon 40D,D65,1.38777878078e-17,6.41652709332e-17
shading,spectral_radiance,0.8,0.8,Canon 40D,D65,0.0,0.0
shading,cie_xyz,0.8,0.8,Canon 40D,D65,0.0,0.0
shading,camera_rgb_raw,0.8,0.8,Canon 40D,D65,0.0,0.0
shading,camera_rgb_wb,0.8,0.8,Canon 40D,D65,0.0,0.0
shading,spectral_radiance,0.8,0.8,Canon 500D,D65,0.0,0.0
shading,cie_xyz,0.8,0.8,Canon 500D,D65,0.0,0.0
shading,camera_rgb_raw,0.8,0.8,Canon 500D,D65,0.0,0.0
shading,camera_rgb_wb,0.8,0.8,Canon 500D,D65,0.0,0.0
shading,spectral_radiance,0.8,0.8,Canon 500D,D65,0.0,0.0
shading,cie_xyz,0.8,0.8,Canon 500D,D65,0.0,0.0
shading,camera_rgb_raw,0.8,0.8,Canon 500D,D65,0.0,0.0
shading,camera_rgb_wb,0.8,0.8,Canon 500D,D65,0.0,0.0
shading,spectral_radiance,0.8,0.8,Canon 500D,D65,4.33680868994e-19,1.29753257205e-16
shading,cie_xyz,0.8,0.8,Canon 500D,D65,5.55111512313e-17,3.66946808699e-16
shading,camera_rgb_raw,0.8,0.8,Canon 500D,D65,1.38777878078e-17,1.57178543508e-16
shading,camera_rgb_wb,0.8,0.8,Canon 500D,D65,1.38777878078e-17,7.5409343329e-17
shading,spectral_radiance,0.8,0.8,Canon 500D,D65,0.0,0.0
shading,cie_xyz,0.8,0.8,Canon 500D,D65,0.0,0.0
shading,camera_rgb_raw,0.8,0.8,Canon 500D,D65,0.0,0.0
shading,camera_rgb_wb,0.8,0.8,Canon 500D,D65,0.0,0.0
shading,spectral_radiance,0.8,0.8,Canon 50D,D65,0.0,0.0
shading,cie_xyz,0.8,0.8,Canon 50D,D65,0.0,0.0
shading,camera_rgb_raw,0.8,0.8,Canon 50D,D65,0.0,0.0
shading,camera_rgb_wb,0.8,0.8,Canon 50D,D65,0.0,0.0
shading,spectral_radiance,0.8,0.8,Canon 50D,D65,0.0,0.0
shading,cie_xyz,0.8,0.8,Canon 50D,D65,0.0,0.0
shading,camera_rgb_raw,0.8,0.8,Canon 50D,D65,0.0,0.0
shading,camera_rgb_wb,0.8,0.8,Canon 50D,D65,0.0,0.0
shading,spectral_radiance,0.8,0.8,Canon 50D,D65,4.33680868994e-19,1.29753257205e-16
shading,cie_xyz,0.8,0.8,Canon 50D,D65,5.55111512313e-17,3.66946808699e-16
shading,camera_rgb_raw,0.8,0.8,Canon 50D,D65,4.16333634234e-17,4.750778869e-16
shading,camera_rgb_wb,0.8,0.8,Canon 50D,D65,8.32667268469e-17,4.39523956686e-16
shading,spectral_radiance,0.8,0.8,Canon 50D,D65,0.0,0.0
shading,cie_xyz,0.8,0.8,Canon 50D,D65,0.0,0.0
shading,camera_rgb_raw,0.8,0.8,Canon 50D,D65,0.0,0.0
shading,camera_rgb_wb,0.8,0.8,Canon 50D,D65,0.0,0.0
shading,spectral_radiance,0.8,0.8,Canon 5DMarkII,D65,0.0,0.0
shading,cie_xyz,0.8,0.8,Canon 5DMarkII,D65,0.0,0.0
shading,camera_rgb_raw,0.8,0.8,Canon 5DMarkII,D65,0.0,0.0
shading,camera_rgb_wb,0.8,0.8,Canon 5DMarkII,D65,0.0,0.0
shading,spectral_radiance,0.8,0.8,Canon 5DMarkII,D65,0.0,0.0
shading,cie_xyz,0.8,0.8,Canon 5DMarkII,D65,0.0,0.0
shading,camera_rgb_raw,0.8,0.8,Canon 5DMarkII,D65,0.0,0.0
shading,camera_rgb_wb,0.8,0.8,Canon 5DMarkII,D65,0.0,0.0
shading,spectral_radiance,0.8,0.8,Canon 5DMarkII,D65,4.33680868994e-19,1.29753257205e-16
shading,cie_xyz,0.8,0.8,Canon 5DMarkII,D65,5.55111512313e-17,3.66946808699e-16
shading,camera_rgb_raw,0.8,0.8,Canon 5DMarkII,D65,2.77555756156e-17,3.25618851321e-16
shading,camera_rgb_wb,0.8,0.8,Canon 5DMarkII,D65,5.55111512313e-17,2.76641323154e-16
shading,spectral_radiance,0.8,0.8,Canon 5DMarkII,D65,0.0,0.0
shading,cie_xyz,0.8,0.8,Canon 5DMarkII,D65,0.0,0.0
shading,camera_rgb_raw,0.8,0.8,Canon 5DMarkII,D65,0.0,0.0
shading,camera_rgb_wb,0.8,0.8,Canon 5DMarkII,D65,0.0,0.0
shading,spectral_radiance,0.8,0.8,Canon 600D,D65,0.0,0.0
shading,cie_xyz,0.8,0.8,Canon 600D,D65,0.0,0.0
shading,camera_rgb_raw,0.8,0.8,Canon 600D,D65,0.0,0.0
shading,camera_rgb_wb,0.8,0.8,Canon 600D,D65,0.0,0.0
shading,spectral_radiance,0.8,0.8,Canon 600D,D65,0.0,0.0
shading,cie_xyz,0.8,0.8,Canon 600D,D65,0.0,0.0
shading,camera_rgb_raw,0.8,0.8,Canon 600D,D65,0.0,0.0
shading,camera_rgb_wb,0.8,0.8,Canon 600D,D65,0.0,0.0
shading,spectral_radiance,0.8,0.8,Canon 600D,D65,4.33680868994e-19,1.29753257205e-16
shading,cie_xyz,0.8,0.8,Canon 600D,D65,5.55111512313e-17,3.66946808699e-16
shading,camera_rgb_raw,0.8,0.8,Canon 600D,D65,2.77555756156e-17,3.36778034642e-16
shading,camera_rgb_wb,0.8,0.8,Canon 600D,D65,5.55111512313e-17,2.69893712249e-16
shading,spectral_radiance,0.8,0.8,Canon 600D,D65,0.0,0.0
shading,cie_xyz,0.8,0.8,Canon 600D,D65,0.0,0.0
shading,camera_rgb_raw,0.8,0.8,Canon 600D,D65,0.0,0.0
shading,camera_rgb_wb,0.8,0.8,Canon 600D,D65,0.0,0.0
shading,spectral_radiance,0.8,0.8,Canon 60D,D65,0.0,0.0
shading,cie_xyz,0.8,0.8,Canon 60D,D65,0.0,0.0
shading,camera_rgb_raw,0.8,0.8,Canon 60D,D65,0.0,0.0
shading,camera_rgb_wb,0.8,0.8,Canon 60D,D65,0.0,0.0
shading,spectral_radiance,0.8,0.8,Canon 60D,D65,0.0,0.0
shading,cie_xyz,0.8,0.8,Canon 60D,D65,0.0,0.0
shading,camera_rgb_raw,0.8,0.8,Canon 60D,D65,0.0,0.0
shading,camera_rgb_wb,0.8,0.8,Canon 60D,D65,0.0,0.0
shading,spectral_radiance,0.8,0.8,Canon 60D,D65,4.33680868994e-19,1.29753257205e-16
shading,cie_xyz,0.8,0.8,Canon 60D,D65,5.55111512313e-17,3.66946808699e-16
shading,camera_rgb_raw,0.8,0.8,Canon 60D,D65,1.38777878078e-17,1.66494329924e-16
shading,camera_rgb_wb,0.8,0.8,Canon 60D,D65,5.55111512313e-17,2.70078574986e-16
shading,spectral_radiance,0.8,0.8,Canon 60D,D65,0.0,0.0
shading,cie_xyz,0.8,0.8,Canon 60D,D65,0.0,0.0
shading,camera_rgb_raw,0.8,0.8,Canon 60D,D65,0.0,0.0
shading,camera_rgb_wb,0.8,0.8,Canon 60D,D65,0.0,0.0
shading,spectral_radiance,0.8,0.8,Hasselblad H2,D65,0.0,0.0
shading,cie_xyz,0.8,0.8,Hasselblad H2,D65,0.0,0.0
shading,camera_rgb_raw,0.8,0.8,Hasselblad H2,D65,0.0,0.0
shading,camera_rgb_wb,0.8,0.8,Hasselblad H2,D65,0.0,0.0
shading,spectral_radiance,0.8,0.8,Hasselblad H2,D65,0.0,0.0
shading,cie_xyz,0.8,0.8,Hasselblad H2,D65,0.0,0.0
shading,camera_rgb_raw,0.8,0.8,Hasselblad H2,D65,0.0,0.0
shading,camera_rgb_wb,0.8,0.8,Hasselblad H2,D65,0.0,0.0
shading,spectral_radiance,0.8,0.8,Hasselblad H2,D65,4.33680868994e-19,1.29753257205e-16
shading,cie_xyz,0.8,0.8,Hasselblad H2,D65,5.55111512313e-17,3.66946808699e-16
shading,camera_rgb_raw,0.8,0.8,Hasselblad H2,D65,1.38777878078e-17,2.16188589449e-16
shading,camera_rgb_wb,0.8,0.8,Hasselblad H2,D65,8.32667268469e-17,3.70279744802e-16
shading,spectral_radiance,0.8,0.8,Hasselblad H2,D65,0.0,0.0
shading,cie_xyz,0.8,0.8,Hasselblad H2,D65,0.0,0.0
shading,camera_rgb_raw,0.8,0.8,Hasselblad H2,D65,0.0,0.0
shading,camera_rgb_wb,0.8,0.8,Hasselblad H2,D65,0.0,0.0
shading,spectral_radiance,0.8,0.8,Nikon D3X,D65,0.0,0.0
shading,cie_xyz,0.8,0.8,Nikon D3X,D65,0.0,0.0
shading,camera_rgb_raw,0.8,0.8,Nikon D3X,D65,0.0,0.0
shading,camera_rgb_wb,0.8,0.8,Nikon D3X,D65,0.0,0.0
shading,spectral_radiance,0.8,0.8,Nikon D3X,D65,0.0,0.0
shading,cie_xyz,0.8,0.8,Nikon D3X,D65,0.0,0.0
shading,camera_rgb_raw,0.8,0.8,Nikon D3X,D65,0.0,0.0
shading,camera_rgb_wb,0.8,0.8,Nikon D3X,D65,0.0,0.0
shading,spectral_radiance,0.8,0.8,Nikon D3X,D65,4.33680868994e-19,1.29753257205e-16
shading,cie_xyz,0.8,0.8,Nikon D3X,D65,5.55111512313e-17,3.66946808699e-16
shading,camera_rgb_raw,0.8,0.8,Nikon D3X,D65,0.0,0.0
shading,camera_rgb_wb,0.8,0.8,Nikon D3X,D65,2.77555756156e-17,1.3108144554e-16
shading,spectral_radiance,0.8,0.8,Nikon D3X,D65,0.0,0.0
shading,cie_xyz,0.8,0.8,Nikon D3X,D65,0.0,0.0
shading,camera_rgb_raw,0.8,0.8,Nikon D3X,D65,0.0,0.0
shading,camera_rgb_wb,0.8,0.8,Nikon D3X,D65,0.0,0.0
shading,spectral_radiance,0.8,0.8,Nikon D200,D65,0.0,0.0
shading,cie_xyz,0.8,0.8,Nikon D200,D65,0.0,0.0
shading,camera_rgb_raw,0.8,0.8,Nikon D200,D65,0.0,0.0
shading,camera_rgb_wb,0.8,0.8,Nikon D200,D65,0.0,0.0
shading,spectral_radiance,0.8,0.8,Nikon D200,D65,0.0,0.0
shading,cie_xyz,0.8,0.8,Nikon D200,D65,0.0,0.0
shading,camera_rgb_raw,0.8,0.8,Nikon D200,D65,0.0,0.0
shading,camera_rgb_wb,0.8,0.8,Nikon D200,D65,0.0,0.0
shading,spectral_radiance,0.8,0.8,Nikon D200,D65,4.33680868994e-19,1.29753257205e-16
shading,cie_xyz,0.8,0.8,Nikon D200,D65,5.55111512313e-17,3.66946808699e-16
shading,camera_rgb_raw,0.8,0.8,Nikon D200,D65,1.38777878078e-17,1.52567992741e-16
shading,camera_rgb_wb,0.8,0.8,Nikon D200,D65,2.77555756156e-17,1.30833261451e-16
shading,spectral_radiance,0.8,0.8,Nikon D200,D65,0.0,0.0
shading,cie_xyz,0.8,0.8,Nikon D200,D65,0.0,0.0
shading,camera_rgb_raw,0.8,0.8,Nikon D200,D65,0.0,0.0
shading,camera_rgb_wb,0.8,0.8,Nikon D200,D65,0.0,0.0
shading,spectral_radiance,0.8,0.8,Nikon D3,D65,0.0,0.0
shading,cie_xyz,0.8,0.8,Nikon D3,D65,0.0,0.0
shading,camera_rgb_raw,0.8,0.8,Nikon D3,D65,0.0,0.0
shading,camera_rgb_wb,0.8,0.8,Nikon D3,D65,0.0,0.0
shading,spectral_radiance,0.8,0.8,Nikon D3,D65,0.0,0.0
shading,cie_xyz,0.8,0.8,Nikon D3,D65,0.0,0.0
shading,camera_rgb_raw,0.8,0.8,Nikon D3,D65,0.0,0.0
shading,camera_rgb_wb,0.8,0.8,Nikon D3,D65,0.0,0.0
shading,spectral_radiance,0.8,0.8,Nikon D3,D65,4.33680868994e-19,1.29753257205e-16
shading,cie_xyz,0.8,0.8,Nikon D3,D65,5.55111512313e-17,3.66946808699e-16
shading,camera_rgb_raw,0.8,0.8,Nikon D3,D65,1.04083408559e-17,1.21270663522e-16
shading,camera_rgb_wb,0.8,0.8,Nikon D3,D65,1.04083408559e-17,4.95582982547e-17
shading,spectral_radiance,0.8,0.8,Nikon D3,D65,0.0,0.0
shading,cie_xyz,0.8,0.8,Nikon D3,D65,0.0,0.0
shading,camera_rgb_raw,0.8,0.8,Nikon D3,D65,0.0,0.0
shading,camera_rgb_wb,0.8,0.8,Nikon D3,D65,0.0,0.0
shading,spectral_radiance,0.8,0.8,Nikon D300s,D65,0.0,0.0
shading,cie_xyz,0.8,0.8,Nikon D300s,D65,0.0,0.0
shading,camera_rgb_raw,0.8,0.8,Nikon D300s,D65,0.0,0.0
shading,camera_rgb_wb,0.8,0.8,Nikon D300s,D65,0.0,0.0
shading,spectral_radiance,0.8,0.8,Nikon D300s,D65,0.0,0.0
shading,cie_xyz,0.8,0.8,Nikon D300s,D65,0.0,0.0
shading,camera_rgb_raw,0.8,0.8,Nikon D300s,D65,0.0,0.0
shading,camera_rgb_wb,0.8,0.8,Nikon D300s,D65,0.0,0.0
shading,spectral_radiance,0.8,0.8,Nikon D300s,D65,4.33680868994e-19,1.29753257205e-16
shading,cie_xyz,0.8,0.8,Nikon D300s,D65,5.55111512313e-17,3.66946808699e-16
shading,camera_rgb_raw,0.8,0.8,Nikon D300s,D65,4.16333634234e-17,4.15493916354e-16
shading,camera_rgb_wb,0.8,0.8,Nikon D300s,D65,8.32667268469e-17,4.13480615351e-16
shading,spectral_radiance,0.8,0.8,Nikon D300s,D65,0.0,0.0
shading,cie_xyz,0.8,0.8,Nikon D300s,D65,0.0,0.0
shading,camera_rgb_raw,0.8,0.8,Nikon D300s,D65,0.0,0.0
shading,camera_rgb_wb,0.8,0.8,Nikon D300s,D65,0.0,0.0
shading,spectral_radiance,0.8,0.8,Nikon D40,D65,0.0,0.0
shading,cie_xyz,0.8,0.8,Nikon D40,D65,0.0,0.0
shading,camera_rgb_raw,0.8,0.8,Nikon D40,D65,0.0,0.0
shading,camera_rgb_wb,0.8,0.8,Nikon D40,D65,0.0,0.0
shading,spectral_radiance,0.8,0.8,Nikon D40,D65,0.0,0.0
shading,cie_xyz,0.8,0.8,Nikon D40,D65,0.0,0.0
shading,camera_rgb_raw,0.8,0.8,Nikon D40,D65,0.0,0.0
shading,camera_rgb_wb,0.8,0.8,Nikon D40,D65,0.0,0.0
shading,spectral_radiance,0.8,0.8,Nikon D40,D65,4.33680868994e-19,1.29753257205e-16
shading,cie_xyz,0.8,0.8,Nikon D40,D65,5.55111512313e-17,3.66946808699e-16
shading,camera_rgb_raw,0.8,0.8,Nikon D40,D65,2.77555756156e-17,3.72827861286e-16
shading,camera_rgb_wb,0.8,0.8,Nikon D40,D65,2.77555756156e-17,1.32150403537e-16
shading,spectral_radiance,0.8,0.8,Nikon D40,D65,0.0,0.0
shading,cie_xyz,0.8,0.8,Nikon D40,D65,0.0,0.0
shading,camera_rgb_raw,0.8,0.8,Nikon D40,D65,0.0,0.0
shading,camera_rgb_wb,0.8,0.8,Nikon D40,D65,0.0,0.0
shading,spectral_radiance,0.8,0.8,Nikon D50,D65,0.0,0.0
shading,cie_xyz,0.8,0.8,Nikon D50,D65,0.0,0.0
shading,camera_rgb_raw,0.8,0.8,Nikon D50,D65,0.0,0.0
shading,camera_rgb_wb,0.8,0.8,Nikon D50,D65,0.0,0.0
shading,spectral_radiance,0.8,0.8,Nikon D50,D65,0.0,0.0
shading,cie_xyz,0.8,0.8,Nikon D50,D65,0.0,0.0
shading,camera_rgb_raw,0.8,0.8,Nikon D50,D65,0.0,0.0
shading,camera_rgb_wb,0.8,0.8,Nikon D50,D65,0.0,0.0
shading,spectral_radiance,0.8,0.8,Nikon D50,D65,4.33680868994e-19,1.29753257205e-16
shading,cie_xyz,0.8,0.8,Nikon D50,D65,5.55111512313e-17,3.66946808699e-16
shading,camera_rgb_raw,0.8,0.8,Nikon D50,D65,1.38777878078e-17,1.83063892708e-16
shading,camera_rgb_wb,0.8,0.8,Nikon D50,D65,2.77555756156e-17,1.26517933931e-16
shading,spectral_radiance,0.8,0.8,Nikon D50,D65,0.0,0.0
shading,cie_xyz,0.8,0.8,Nikon D50,D65,0.0,0.0
shading,camera_rgb_raw,0.8,0.8,Nikon D50,D65,0.0,0.0
shading,camera_rgb_wb,0.8,0.8,Nikon D50,D65,0.0,0.0
shading,spectral_radiance,0.8,0.8,Nikon D5100,D65,0.0,0.0
shading,cie_xyz,0.8,0.8,Nikon D5100,D65,0.0,0.0
shading,camera_rgb_raw,0.8,0.8,Nikon D5100,D65,0.0,0.0
shading,camera_rgb_wb,0.8,0.8,Nikon D5100,D65,0.0,0.0
shading,spectral_radiance,0.8,0.8,Nikon D5100,D65,0.0,0.0
shading,cie_xyz,0.8,0.8,Nikon D5100,D65,0.0,0.0
shading,camera_rgb_raw,0.8,0.8,Nikon D5100,D65,0.0,0.0
shading,camera_rgb_wb,0.8,0.8,Nikon D5100,D65,0.0,0.0
shading,spectral_radiance,0.8,0.8,Nikon D5100,D65,4.33680868994e-19,1.29753257205e-16
shading,cie_xyz,0.8,0.8,Nikon D5100,D65,5.55111512313e-17,3.66946808699e-16
shading,camera_rgb_raw,0.8,0.8,Nikon D5100,D65,1.38777878078e-17,1.64079768708e-16
shading,camera_rgb_wb,0.8,0.8,Nikon D5100,D65,1.38777878078e-17,6.82228623487e-17
shading,spectral_radiance,0.8,0.8,Nikon D5100,D65,0.0,0.0
shading,cie_xyz,0.8,0.8,Nikon D5100,D65,0.0,0.0
shading,camera_rgb_raw,0.8,0.8,Nikon D5100,D65,0.0,0.0
shading,camera_rgb_wb,0.8,0.8,Nikon D5100,D65,0.0,0.0
shading,spectral_radiance,0.8,0.8,Nikon D700,D65,0.0,0.0
shading,cie_xyz,0.8,0.8,Nikon D700,D65,0.0,0.0
shading,camera_rgb_raw,0.8,0.8,Nikon D700,D65,0.0,0.0
shading,camera_rgb_wb,0.8,0.8,Nikon D700,D65,0.0,0.0
shading,spectral_radiance,0.8,0.8,Nikon D700,D65,0.0,0.0
shading,cie_xyz,0.8,0.8,Nikon D700,D65,0.0,0.0
shading,camera_rgb_raw,0.8,0.8,Nikon D700,D65,0.0,0.0
shading,camera_rgb_wb,0.8,0.8,Nikon D700,D65,0.0,0.0
shading,spectral_radiance,0.8,0.8,Nikon D700,D65,4.33680868994e-19,1.29753257205e-16
shading,cie_xyz,0.8,0.8,Nikon D700,D65,5.55111512313e-17,3.66946808699e-16
shading,camera_rgb_raw,0.8,0.8,Nikon D700,D65,1.38777878078e-17,1.53423704711e-16
shading,camera_rgb_wb,0.8,0.8,Nikon D700,D65,5.55111512313e-17,2.62772971824e-16
shading,spectral_radiance,0.8,0.8,Nikon D700,D65,0.0,0.0
shading,cie_xyz,0.8,0.8,Nikon D700,D65,0.0,0.0
shading,camera_rgb_raw,0.8,0.8,Nikon D700,D65,0.0,0.0
shading,camera_rgb_wb,0.8,0.8,Nikon D700,D65,0.0,0.0
shading,spectral_radiance,0.8,0.8,Nikon D80,D65,0.0,0.0
shading,cie_xyz,0.8,0.8,Nikon D80,D65,0.0,0.0
shading,camera_rgb_raw,0.8,0.8,Nikon D80,D65,0.0,0.0
shading,camera_rgb_wb,0.8,0.8,Nikon D80,D65,0.0,0.0
shading,spectral_radiance,0.8,0.8,Nikon D80,D65,0.0,0.0
shading,cie_xyz,0.8,0.8,Nikon D80,D65,0.0,0.0
shading,camera_rgb_raw,0.8,0.8,Nikon D80,D65,0.0,0.0
shading,camera_rgb_wb,0.8,0.8,Nikon D80,D65,0.0,0.0
shading,spectral_radiance,0.8,0.8,Nikon D80,D65,4.33680868994e-19,1.29753257205e-16
shading,cie_xyz,0.8,0.8,Nikon D80,D65,5.55111512313e-17,3.66946808699e-16
shading,camera_rgb_raw,0.8,0.8,Nikon D80,D65,2.08166817117e-17,2.55745646039e-16
shading,camera_rgb_wb,0.8,0.8,Nikon D80,D65,4.16333634234e-17,1.94093127932e-16
shading,spectral_radiance,0.8,0.8,Nikon D80,D65,0.0,0.0
shading,cie_xyz,0.8,0.8,Nikon D80,D65,0.0,0.0
shading,camera_rgb_raw,0.8,0.8,Nikon D80,D65,0.0,0.0
shading,camera_rgb_wb,0.8,0.8,Nikon D80,D65,0.0,0.0
shading,spectral_radiance,0.8,0.8,Nikon D90,D65,0.0,0.0
shading,cie_xyz,0.8,0.8,Nikon D90,D65,0.0,0.0
shading,camera_rgb_raw,0.8,0.8,Nikon D90,D65,0.0,0.0
shading,camera_rgb_wb,0.8,0.8,Nikon D90,D65,0.0,0.0
shading,spectral_radiance,0.8,0.8,Nikon D90,D65,0.0,0.0
shading,cie_xyz,0.8,0.8,Nikon D90,D65,0.0,0.0
shading,camera_rgb_raw,0.8,0.8,Nikon D90,D65,0.0,0.0
shading,camera_rgb_wb,0.8,0.8,Nikon D90,D65,0.0,0.0
shading,spectral_radiance,0.8,0.8,Nikon D90,D65,4.33680868994e-19,1.29753257205e-16
shading,cie_xyz,0.8,0.8,Nikon D90,D65,5.55111512313e-17,3.66946808699e-16
shading,camera_rgb_raw,0.8,0.8,Nikon D90,D65,3.46944695195e-17,4.25121664849e-16
shading,camera_rgb_wb,0.8,0.8,Nikon D90,D65,5.55111512313e-17,2.76549724454e-16
shading,spectral_radiance,0.8,0.8,Nikon D90,D65,0.0,0.0
shading,cie_xyz,0.8,0.8,Nikon D90,D65,0.0,0.0
shading,camera_rgb_raw,0.8,0.8,Nikon D90,D65,0.0,0.0
shading,camera_rgb_wb,0.8,0.8,Nikon D90,D65,0.0,0.0
shading,spectral_radiance,0.8,0.8,Nokia N900,D65,0.0,0.0
shading,cie_xyz,0.8,0.8,Nokia N900,D65,0.0,0.0
shading,camera_rgb_raw,0.8,0.8,Nokia N900,D65,0.0,0.0
shading,camera_rgb_wb,0.8,0.8,Nokia N900,D65,0.0,0.0
shading,spectral_radiance,0.8,0.8,Nokia N900,D65,0.0,0.0
shading,cie_xyz,0.8,0.8,Nokia N900,D65,0.0,0.0
shading,camera_rgb_raw,0.8,0.8,Nokia N900,D65,0.0,0.0
shading,camera_rgb_wb,0.8,0.8,Nokia N900,D65,0.0,0.0
shading,spectral_radiance,0.8,0.8,Nokia N900,D65,4.33680868994e-19,1.29753257205e-16
shading,cie_xyz,0.8,0.8,Nokia N900,D65,5.55111512313e-17,3.66946808699e-16
shading,camera_rgb_raw,0.8,0.8,Nokia N900,D65,6.93889390391e-18,4.89776503984e-17
shading,camera_rgb_wb,0.8,0.8,Nokia N900,D65,1.38777878078e-17,6.17616023538e-17
shading,spectral_radiance,0.8,0.8,Nokia N900,D65,0.0,0.0
shading,cie_xyz,0.8,0.8,Nokia N900,D65,0.0,0.0
shading,camera_rgb_raw,0.8,0.8,Nokia N900,D65,0.0,0.0
shading,camera_rgb_wb,0.8,0.8,Nokia N900,D65,0.0,0.0
shading,spectral_radiance,0.8,0.8,Olympus E-PL2,D65,0.0,0.0
shading,cie_xyz,0.8,0.8,Olympus E-PL2,D65,0.0,0.0
shading,camera_rgb_raw,0.8,0.8,Olympus E-PL2,D65,0.0,0.0
shading,camera_rgb_wb,0.8,0.8,Olympus E-PL2,D65,0.0,0.0
shading,spectral_radiance,0.8,0.8,Olympus E-PL2,D65,0.0,0.0
shading,cie_xyz,0.8,0.8,Olympus E-PL2,D65,0.0,0.0
shading,camera_rgb_raw,0.8,0.8,Olympus E-PL2,D65,0.0,0.0
shading,camera_rgb_wb,0.8,0.8,Olympus E-PL2,D65,0.0,0.0
shading,spectral_radiance,0.8,0.8,Olympus E-PL2,D65,4.33680868994e-19,1.29753257205e-16
shading,cie_xyz,0.8,0.8,Olympus E-PL2,D65,5.55111512313e-17,3.66946808699e-16
shading,camera_rgb_raw,0.8,0.8,Olympus E-PL2,D65,2.77555756156e-17,1.89378570253e-16
shading,camera_rgb_wb,0.8,0.8,Olympus E-PL2,D65,5.55111512313e-17,2.31529253459e-16
shading,spectral_radiance,0.8,0.8,Olympus E-PL2,D65,0.0,0.0
shading,cie_xyz,0.8,0.8,Olympus E-PL2,D65,0.0,0.0
shading,camera_rgb_raw,0.8,0.8,Olympus E-PL2,D65,0.0,0.0
shading,camera_rgb_wb,0.8,0.8,Olympus E-PL2,D65,0.0,0.0
shading,spectral_radiance,0.8,0.8,Pentax K-5,D65,0.0,0.0
shading,cie_xyz,0.8,0.8,Pentax K-5,D65,0.0,0.0
shading,camera_rgb_raw,0.8,0.8,Pentax K-5,D65,0.0,0.0
shading,camera_rgb_wb,0.8,0.8,Pentax K-5,D65,0.0,0.0
shading,spectral_radiance,0.8,0.8,Pentax K-5,D65,0.0,0.0
shading,cie_xyz,0.8,0.8,Pentax K-5,D65,0.0,0.0
shading,camera_rgb_raw,0.8,0.8,Pentax K-5,D65,0.0,0.0
shading,camera_rgb_wb,0.8,0.8,Pentax K-5,D65,0.0,0.0
shading,spectral_radiance,0.8,0.8,Pentax K-5,D65,4.33680868994e-19,1.29753257205e-16
shading,cie_xyz,0.8,0.8,Pentax K-5,D65,5.55111512313e-17,3.66946808699e-16
shading,camera_rgb_raw,0.8,0.8,Pentax K-5,D65,1.38777878078e-17,1.61463076886e-16
shading,camera_rgb_wb,0.8,0.8,Pentax K-5,D65,2.77555756156e-17,1.31740229037e-16
shading,spectral_radiance,0.8,0.8,Pentax K-5,D65,0.0,0.0
shading,cie_xyz,0.8,0.8,Pentax K-5,D65,0.0,0.0
shading,camera_rgb_raw,0.8,0.8,Pentax K-5,D65,0.0,0.0
shading,camera_rgb_wb,0.8,0.8,Pentax K-5,D65,0.0,0.0
shading,spectral_radiance,0.8,0.8,Pentax Q,D65,0.0,0.0
shading,cie_xyz,0.8,0.8,Pentax Q,D65,0.0,0.0
shading,camera_rgb_raw,0.8,0.8,Pentax Q,D65,0.0,0.0
shading,camera_rgb_wb,0.8,0.8,Pentax Q,D65,0.0,0.0
shading,spectral_radiance,0.8,0.8,Pentax Q,D65,0.0,0.0
shading,cie_xyz,0.8,0.8,Pentax Q,D65,0.0,0.0
shading,camera_rgb_raw,0.8,0.8,Pentax Q,D65,0.0,0.0
shading,camera_rgb_wb,0.8,0.8,Pentax Q,D65,0.0,0.0
shading,spectral_radiance,0.8,0.8,Pentax Q,D65,4.33680868994e-19,1.29753257205e-16
shading,cie_xyz,0.8,0.8,Pentax Q,D65,5.55111512313e-17,3.66946808699e-16
shading,camera_rgb_raw,0.8,0.8,Pentax Q,D65,5.55111512313e-17,3.66033583566e-16
shading,camera_rgb_wb,0.8,0.8,Pentax Q,D65,5.55111512313e-17,2.45717397396e-16
shading,spectral_radiance,0.8,0.8,Pentax Q,D65,0.0,0.0
shading,cie_xyz,0.8,0.8,Pentax Q,D65,0.0,0.0
shading,camera_rgb_raw,0.8,0.8,Pentax Q,D65,0.0,0.0
shading,camera_rgb_wb,0.8,0.8,Pentax Q,D65,0.0,0.0
shading,spectral_radiance,0.8,0.8,Point Grey Grasshopper 50S5C,D65,0.0,0.0
shading,cie_xyz,0.8,0.8,Point Grey Grasshopper 50S5C,D65,0.0,0.0
shading,camera_rgb_raw,0.8,0.8,Point Grey Grasshopper 50S5C,D65,0.0,0.0
shading,camera_rgb_wb,0.8,0.8,Point Grey Grasshopper 50S5C,D65,0.0,0.0
shading,spectral_radiance,0.8,0.8,Point Grey Grasshopper 50S5C,D65,0.0,0.0
shading,cie_xyz,0.8,0.8,Point Grey Grasshopper 50S5C,D65,0.0,0.0
shading,camera_rgb_raw,0.8,0.8,Point Grey Grasshopper 50S5C,D65,0.0,0.0
shading,camera_rgb_wb,0.8,0.8,Point Grey Grasshopper 50S5C,D65,0.0,0.0
shading,spectral_radiance,0.8,0.8,Point Grey Grasshopper 50S5C,D65,4.33680868994e-19,1.29753257205e-16
shading,cie_xyz,0.8,0.8,Point Grey Grasshopper 50S5C,D65,5.55111512313e-17,3.66946808699e-16
shading,camera_rgb_raw,0.8,0.8,Point Grey Grasshopper 50S5C,D65,2.77555756156e-17,2.23060588486e-16
shading,camera_rgb_wb,0.8,0.8,Point Grey Grasshopper 50S5C,D65,5.55111512313e-17,1.78356261174e-16
shading,spectral_radiance,0.8,0.8,Point Grey Grasshopper 50S5C,D65,0.0,0.0
shading,cie_xyz,0.8,0.8,Point Grey Grasshopper 50S5C,D65,0.0,0.0
shading,camera_rgb_raw,0.8,0.8,Point Grey Grasshopper 50S5C,D65,0.0,0.0
shading,camera_rgb_wb,0.8,0.8,Point Grey Grasshopper 50S5C,D65,0.0,0.0
shading,spectral_radiance,0.8,0.8,Point Grey Grasshopper2 14S5C,D65,0.0,0.0
shading,cie_xyz,0.8,0.8,Point Grey Grasshopper2 14S5C,D65,0.0,0.0
shading,camera_rgb_raw,0.8,0.8,Point Grey Grasshopper2 14S5C,D65,0.0,0.0
shading,camera_rgb_wb,0.8,0.8,Point Grey Grasshopper2 14S5C,D65,0.0,0.0
shading,spectral_radiance,0.8,0.8,Point Grey Grasshopper2 14S5C,D65,0.0,0.0
shading,cie_xyz,0.8,0.8,Point Grey Grasshopper2 14S5C,D65,0.0,0.0
shading,camera_rgb_raw,0.8,0.8,Point Grey Grasshopper2 14S5C,D65,0.0,0.0
shading,camera_rgb_wb,0.8,0.8,Point Grey Grasshopper2 14S5C,D65,0.0,0.0
shading,spectral_radiance,0.8,0.8,Point Grey Grasshopper2 14S5C,D65,4.33680868994e-19,1.29753257205e-16
shading,cie_xyz,0.8,0.8,Point Grey Grasshopper2 14S5C,D65,5.55111512313e-17,3.66946808699e-16
shading,camera_rgb_raw,0.8,0.8,Point Grey Grasshopper2 14S5C,D65,1.38777878078e-17,1.14185222168e-16
shading,camera_rgb_wb,0.8,0.8,Point Grey Grasshopper2 14S5C,D65,2.77555756156e-17,1.03929131899e-16
shading,spectral_radiance,0.8,0.8,Point Grey Grasshopper2 14S5C,D65,0.0,0.0
shading,cie_xyz,0.8,0.8,Point Grey Grasshopper2 14S5C,D65,0.0,0.0
shading,camera_rgb_raw,0.8,0.8,Point Grey Grasshopper2 14S5C,D65,0.0,0.0
shading,camera_rgb_wb,0.8,0.8,Point Grey Grasshopper2 14S5C,D65,0.0,0.0
shading,spectral_radiance,0.8,0.8,Phase One,D65,0.0,0.0
shading,cie_xyz,0.8,0.8,Phase One,D65,0.0,0.0
shading,camera_rgb_raw,0.8,0.8,Phase One,D65,0.0,0.0
shading,camera_rgb_wb,0.8,0.8,Phase One,D65,0.0,0.0
shading,spectral_radiance,0.8,0.8,Phase One,D65,0.0,0.0
shading,cie_xyz,0.8,0.8,Phase One,D65,0.0,0.0
shading,camera_rgb_raw,0.8,0.8,Phase One,D65,0.0,0.0
shading,camera_rgb_wb,0.8,0.8,Phase One,D65,0.0,0.0
shading,spectral_radiance,0.8,0.8,Phase One,D65,4.33680868994e-19,1.29753257205e-16
shading,cie_xyz,0.8,0.8,Phase One,D65,5.55111512313e-17,3.66946808699e-16
shading,camera_rgb_raw,0.8,0.8,Phase One,D65,2.77555756156e-17,3.33263910487e-16
shading,camera_rgb_wb,0.8,0.8,Phase One,D65,2.77555756156e-17,1.63865910716e-16
shading,spectral_radiance,0.8,0.8,Phase One,D65,0.0,0.0
shading,cie_xyz,0.8,0.8,Phase One,D65,0.0,0.0
shading,camera_rgb_raw,0.8,0.8,Phase One,D65,0.0,0.0
shading,camera_rgb_wb,0.8,0.8,Phase One,D65,0.0,0.0
shading,spectral_radiance,0.8,0.8,SONY NEX-5N,D65,0.0,0.0
shading,cie_xyz,0.8,0.8,SONY NEX-5N,D65,0.0,0.0
shading,camera_rgb_raw,0.8,0.8,SONY NEX-5N,D65,0.0,0.0
shading,camera_rgb_wb,0.8,0.8,SONY NEX-5N,D65,0.0,0.0
shading,spectral_radiance,0.8,0.8,SONY NEX-5N,D65,0.0,0.0
shading,cie_xyz,0.8,0.8,SONY NEX-5N,D65,0.0,0.0
shading,camera_rgb_raw,0.8,0.8,SONY NEX-5N,D65,0.0,0.0
shading,camera_rgb_wb,0.8,0.8,SONY NEX-5N,D65,0.0,0.0
shading,spectral_radiance,0.8,0.8,SONY NEX-5N,D65,4.33680868994e-19,1.29753257205e-16
shading,cie_xyz,0.8,0.8,SONY NEX-5N,D65,5.55111512313e-17,3.66946808699e-16
shading,camera_rgb_raw,0.8,0.8,SONY NEX-5N,D65,6.93889390391e-18,1.03341668717e-16
shading,camera_rgb_wb,0.8,0.8,SONY NEX-5N,D65,1.38777878078e-17,7.18236921753e-17
shading,spectral_radiance,0.8,0.8,SONY NEX-5N,D65,0.0,0.0
shading,cie_xyz,0.8,0.8,SONY NEX-5N,D65,0.0,0.0
shading,camera_rgb_raw,0.8,0.8,SONY NEX-5N,D65,0.0,0.0
shading,camera_rgb_wb,0.8,0.8,SONY NEX-5N,D65,0.0,0.0
shading,spectral_radiance,0.8,0.8,Canon 1DMarkIII,A,0.0,0.0
shading,cie_xyz,0.8,0.8,Canon 1DMarkIII,A,0.0,0.0
shading,camera_rgb_raw,0.8,0.8,Canon 1DMarkIII,A,0.0,0.0
shading,camera_rgb_wb,0.8,0.8,Canon 1DMarkIII,A,0.0,0.0
shading,spectral_radiance,0.8,0.8,Canon 1DMarkIII,A,0.0,0.0
shading,cie_xyz,0.8,0.8,Canon 1DMarkIII,A,0.0,0.0
shading,camera_rgb_raw,0.8,0.8,Canon 1DMarkIII,A,0.0,0.0
shading,camera_rgb_wb,0.8,0.8,Canon 1DMarkIII,A,0.0,0.0
shading,spectral_radiance,0.8,0.8,Canon 1DMarkIII,A,1.73472347598e-18,1.81044219136e-16
shading,cie_xyz,0.8,0.8,Canon 1DMarkIII,A,8.67361737988e-19,3.79255543322e-18
shading,camera_rgb_raw,0.8,0.8,Canon 1DMarkIII,A,1.38777878078e-17,1.13688126e-16
shading,camera_rgb_wb,0.8,0.8,Canon 1DMarkIII,A,2.77555756156e-17,1.17430018408e-16
shading,spectral_radiance,0.8,0.8,Canon 1DMarkIII,A,0.0,0.0
shading,cie_xyz,0.8,0.8,Canon 1DMarkIII,A,0.0,0.0
shading,camera_rgb_raw,0.8,0.8,Canon 1DMarkIII,A,0.0,0.0
shading,camera_rgb_wb,0.8,0.8,Canon 1DMarkIII,A,0.0,0.0
shading,spectral_radiance,0.8,0.8,Canon 20D,A,0.0,0.0
shading,cie_xyz,0.8,0.8,Canon 20D,A,0.0,0.0
shading,camera_rgb_raw,0.8,0.8,Canon 20D,A,0.0,0.0
shading,camera_rgb_wb,0.8,0.8,Canon 20D,A,0.0,0.0
shading,spectral_radiance,0.8,0.8,Canon 20D,A,0.0,0.0
shading,cie_xyz,0.8,0.8,Canon 20D,A,0.0,0.0
shading,camera_rgb_raw,0.8,0.8,Canon 20D,A,0.0,0.0
shading,camera_rgb_wb,0.8,0.8,Canon 20D,A,0.0,0.0
shading,spectral_radiance,0.8,0.8,Canon 20D,A,1.73472347598e-18,1.81044219136e-16
shading,cie_xyz,0.8,0.8,Canon 20D,A,8.67361737988e-19,3.79255543322e-18
shading,camera_rgb_raw,0.8,0.8,Canon 20D,A,5.55111512313e-17,3.88436895422e-16
shading,camera_rgb_wb,0.8,0.8,Canon 20D,A,5.55111512313e-17,2.30089991402e-16
shading,spectral_radiance,0.8,0.8,Canon 20D,A,0.0,0.0
shading,cie_xyz,0.8,0.8,Canon 20D,A,0.0,0.0
shading,camera_rgb_raw,0.8,0.8,Canon 20D,A,0.0,0.0
shading,camera_rgb_wb,0.8,0.8,Canon 20D,A,0.0,0.0
shading,spectral_radiance,0.8,0.8,Canon 300D,A,0.0,0.0
shading,cie_xyz,0.8,0.8,Canon 300D,A,0.0,0.0
shading,camera_rgb_raw,0.8,0.8,Canon 300D,A,0.0,0.0
shading,camera_rgb_wb,0.8,0.8,Canon 300D,A,0.0,0.0
shading,spectral_radiance,0.8,0.8,Canon 300D,A,0.0,0.0
shading,cie_xyz,0.8,0.8,Canon 300D,A,0.0,0.0
shading,camera_rgb_raw,0.8,0.8,Canon 300D,A,0.0,0.0
shading,camera_rgb_wb,0.8,0.8,Canon 300D,A,0.0,0.0
shading,spectral_radiance,0.8,0.8,Canon 300D,A,1.73472347598e-18,1.81044219136e-16
shading,cie_xyz,0.8,0.8,Canon 300D,A,8.67361737988e-19,3.79255543322e-18
shading,camera_rgb_raw,0.8,0.8,Canon 300D,A,2.77555756156e-17,1.87553724829e-16
shading,camera_rgb_wb,0.8,0.8,Canon 300D,A,8.32667268469e-17,3.46811973201e-16
shading,spectral_radiance,0.8,0.8,Canon 300D,A,0.0,0.0
shading,cie_xyz,0.8,0.8,Canon 300D,A,0.0,0.0
shading,camera_rgb_raw,0.8,0.8,Canon 300D,A,0.0,0.0
shading,camera_rgb_wb,0.8,0.8,Canon 300D,A,0.0,0.0
shading,spectral_radiance,0.8,0.8,Canon 40D,A,0.0,0.0
shading,cie_xyz,0.8,0.8,Canon 40D,A,0.0,0.0
shading,camera_rgb_raw,0.8,0.8,Canon 40D,A,0.0,0.0
shading,camera_rgb_wb,0.8,0.8,Canon 40D,A,0.0,0.0
shading,spectral_radiance,0.8,0.8,Canon 40D,A,0.0,0.0
shading,cie_xyz,0.8,0.8,Canon 40D,A,0.0,0.0
shading,camera_rgb_raw,0.8,0.8,Canon 40D,A,0.0,0.0
shading,camera_rgb_wb,0.8,0.8,Canon 40D,A,0.0,0.0
shading,spectral_radiance,0.8,0.8,Canon 40D,A,1.73472347598e-18,1.81044219136e-16
shading,cie_xyz,0.8,0.8,Canon 40D,A,8.67361737988e-19,3.79255543322e-18
shading,camera_rgb_raw,0.8,0.8,Canon 40D,A,4.16333634234e-17,3.06512884432e-16
shading,camera_rgb_wb,0.8,0.8,Canon 40D,A,4.16333634234e-17,1.68179633656e-16
shading,spectral_radiance,0.8,0.8,Canon 40D,A,0.0,0.0
shading,cie_xyz,0.8,0.8,Canon 40D,A,0.0,0.0
shading,camera_rgb_raw,0.8,0.8,Canon 40D,A,0.0,0.0
shading,camera_rgb_wb,0.8,0.8,Canon 40D,A,0.0,0.0
shading,spectral_radiance,0.8,0.8,Canon 500D,A,0.0,0.0
shading,cie_xyz,0.8,0.8,Canon 500D,A,0.0,0.0
shading,camera_rgb_raw,0.8,0.8,Canon 500D,A,0.0,0.0
shading,camera_rgb_wb,0.8,0.8,Canon 500D,A,0.0,0.0
shading,spectral_radiance,0.8,0.8,Canon 500D,A,0.0,0.0
shading,cie_xyz,0.8,0.8,Canon 500D,A,0.0,0.0
shading,camera_rgb_raw,0.8,0.8,Canon 500D,A,0.0,0.0
shading,camera_rgb_wb,0.8,0.8,Canon 500D,A,0.0,0.0
shading,spectral_radiance,0.8,0.8,Canon 500D,A,1.73472347598e-18,1.81044219136e-16
shading,cie_xyz,0.8,0.8,Canon 500D,A,8.67361737988e-19,3.79255543322e-18
shading,camera_rgb_raw,0.8,0.8,Canon 500D,A,2.77555756156e-17,2.01623394105e-16
shading,camera_rgb_wb,0.8,0.8,Canon 500D,A,5.55111512313e-17,2.50553614962e-16
shading,spectral_radiance,0.8,0.8,Canon 500D,A,0.0,0.0
shading,cie_xyz,0.8,0.8,Canon 500D,A,0.0,0.0
shading,camera_rgb_raw,0.8,0.8,Canon 500D,A,0.0,0.0
shading,camera_rgb_wb,0.8,0.8,Canon 500D,A,0.0,0.0
shading,spectral_radiance,0.8,0.8,Canon 50D,A,0.0,0.0
shading,cie_xyz,0.8,0.8,Canon 50D,A,0.0,0.0
shading,camera_rgb_raw,0.8,0.8,Canon 50D,A,0.0,0.0
shading,camera_rgb_wb,0.8,0.8,Canon 50D,A,0.0,0.0
shading,spectral_radiance,0.8,0.8,Canon 50D,A,0.0,0.0
shading,cie_xyz,0.8,0.8,Canon 50D,A,0.0,0.0
shading,camera_rgb_raw,0.8,0.8,Canon 50D,A,0.0,0.0
shading,camera_rgb_wb,0.8,0.8,Canon 50D,A,0.0,0.0
shading,spectral_radiance,0.8,0.8,Canon 50D,A,1.73472347598e-18,1.81044219136e-16
shading,cie_xyz,0.8,0.8,Canon 50D,A,8.67361737988e-19,3.79255543322e-18
shading,camera_rgb_raw,0.8,0.8,Canon 50D,A,2.77555756156e-17,2.02257329464e-16
shading,camera_rgb_wb,0.8,0.8,Canon 50D,A,5.55111512313e-17,2.45503216348e-16
shading,spectral_radiance,0.8,0.8,Canon 50D,A,0.0,0.0
shading,cie_xyz,0.8,0.8,Canon 50D,A,0.0,0.0
shading,camera_rgb_raw,0.8,0.8,Canon 50D,A,0.0,0.0
shading,camera_rgb_wb,0.8,0.8,Canon 50D,A,0.0,0.0
shading,spectral_radiance,0.8,0.8,Canon 5DMarkII,A,0.0,0.0
shading,cie_xyz,0.8,0.8,Canon 5DMarkII,A,0.0,0.0
shading,camera_rgb_raw,0.8,0.8,Canon 5DMarkII,A,0.0,0.0
shading,camera_rgb_wb,0.8,0.8,Canon 5DMarkII,A,0.0,0.0
shading,spectral_radiance,0.8,0.8,Canon 5DMarkII,A,0.0,0.0
shading,cie_xyz,0.8,0.8,Canon 5DMarkII,A,0.0,0.0
shading,camera_rgb_raw,0.8,0.8,Canon 5DMarkII,A,0.0,0.0
shading,camera_rgb_wb,0.8,0.8,Canon 5DMarkII,A,0.0,0.0
shading,spectral_radiance,0.8,0.8,Canon 5DMarkII,A,1.73472347598e-18,1.81044219136e-16
shading,cie_xyz,0.8,0.8,Canon 5DMarkII,A,8.67361737988e-19,3.79255543322e-18
shading,camera_rgb_raw,0.8,0.8,Canon 5DMarkII,A,5.20417042793e-18,3.84990899157e-17
shading,camera_rgb_wb,0.8,0.8,Canon 5DMarkII,A,2.77555756156e-17,1.19360114431e-16
shading,spectral_radiance,0.8,0.8,Canon 5DMarkII,A,0.0,0.0
shading,cie_xyz,0.8,0.8,Canon 5DMarkII,A,0.0,0.0
shading,camera_rgb_raw,0.8,0.8,Canon 5DMarkII,A,0.0,0.0
shading,camera_rgb_wb,0.8,0.8,Canon 5DMarkII,A,0.0,0.0
shading,spectral_radiance,0.8,0.8,Canon 600D,A,0.0,0.0
shading,cie_xyz,0.8,0.8,Canon 600D,A,0.0,0.0
shading,camera_rgb_raw,0.8,0.8,Canon 600D,A,0.0,0.0
shading,camera_rgb_wb,0.8,0.8,Canon 600D,A,0.0,0.0
shading,spectral_radiance,0.8,0.8,Canon 600D,A,0.0,0.0
shading,cie_xyz,0.8,0.8,Canon 600D,A,0.0,0.0
shading,camera_rgb_raw,0.8,0.8,Canon 600D,A,0.0,0.0
shading,camera_rgb_wb,0.8,0.8,Canon 600D,A,0.0,0.0
shading,spectral_radiance,0.8,0.8,Canon 600D,A,1.73472347598e-18,1.81044219136e-16
shading,cie_xyz,0.8,0.8,Canon 600D,A,8.67361737988e-19,3.79255543322e-18
shading,camera_rgb_raw,0.8,0.8,Canon 600D,A,2.77555756156e-17,2.09498498743e-16
shading,camera_rgb_wb,0.8,0.8,Canon 600D,A,5.55111512313e-17,2.33492867924e-16
shading,spectral_radiance,0.8,0.8,Canon 600D,A,0.0,0.0
shading,cie_xyz,0.8,0.8,Canon 600D,A,0.0,0.0
shading,camera_rgb_raw,0.8,0.8,Canon 600D,A,0.0,0.0
shading,camera_rgb_wb,0.8,0.8,Canon 600D,A,0.0,0.0
shading,spectral_radiance,0.8,0.8,Canon 60D,A,0.0,0.0
shading,cie_xyz,0.8,0.8,Canon 60D,A,0.0,0.0
shading,camera_rgb_raw,0.8,0.8,Canon 60D,A,0.0,0.0
shading,camera_rgb_wb,0.8,0.8,Canon 60D,A,0.0,0.0
shading,spectral_radiance,0.8,0.8,Canon 60D,A,0.0,0.0
shading,cie_xyz,0.8,0.8,Canon 60D,A,0.0,0.0
shading,camera_rgb_raw,0.8,0.8,Canon 60D,A,0.0,0.0
shading,camera_rgb_wb,0.8,0.8,Canon 60D,A,0.0,0.0
shading,spectral_radiance,0.8,0.8,Canon 60D,A,1.73472347598e-18,1.81044219136e-16
shading,cie_xyz,0.8,0.8,Canon 60D,A,8.67361737988e-19,3.79255543322e-18
shading,camera_rgb_raw,0.8,0.8,Canon 60D,A,2.77555756156e-17,2.07910020968e-16
shading,camera_rgb_wb,0.8,0.8,Canon 60D,A,5.55111512313e-17,2.34141734717e-16
shading,spectral_radiance,0.8,0.8,Canon 60D,A,0.0,0.0
shading,cie_xyz,0.8,0.8,Canon 60D,A,0.0,0.0
shading,camera_rgb_raw,0.8,0.8,Canon 60D,A,0.0,0.0
shading,camera_rgb_wb,0.8,0.8,Canon 60D,A,0.0,0.0
shading,spectral_radiance,0.8,0.8,Hasselblad H2,A,0.0,0.0
shading,cie_xyz,0.8,0.8,Hasselblad H2,A,0.0,0.0
shading,camera_rgb_raw,0.8,0.8,Hasselblad H2,A,0.0,0.0
shading,camera_rgb_wb,0.8,0.8,Hasselblad H2,A,0.0,0.0
shading,spectral_radiance,0.8,0.8,Hasselblad H2,A,0.0,0.0
shading,cie_xyz,0.8,0.8,Hasselblad H2,A,0.0,0.0
shading,camera_rgb_raw,0.8,0.8,Hasselblad H2,A,0.0,0.0
shading,camera_rgb_wb,0.8,0.8,Hasselblad H2,A,0.0,0.0
shading,spectral_radiance,0.8,0.8,Hasselblad H2,A,1.73472347598e-18,1.81044219136e-16
shading,cie_xyz,0.8,0.8,Hasselblad H2,A,8.67361737988e-19,3.79255543322e-18
shading,camera_rgb_raw,0.8,0.8,Hasselblad H2,A,2.77555756156e-17,2.61212449796e-16
shading,camera_rgb_wb,0.8,0.8,Hasselblad H2,A,5.55111512313e-17,2.13006825547e-16
shading,spectral_radiance,0.8,0.8,Hasselblad H2,A,0.0,0.0
shading,cie_xyz,0.8,0.8,Hasselblad H2,A,0.0,0.0
shading,camera_rgb_raw,0.8,0.8,Hasselblad H2,A,0.0,0.0
shading,camera_rgb_wb,0.8,0.8,Hasselblad H2,A,0.0,0.0
shading,spectral_radiance,0.8,0.8,Nikon D3X,A,0.0,0.0
shading,cie_xyz,0.8,0.8,Nikon D3X,A,0.0,0.0
shading,camera_rgb_raw,0.8,0.8,Nikon D3X,A,0.0,0.0
shading,camera_rgb_wb,0.8,0.8,Nikon D3X,A,0.0,0.0
shading,spectral_radiance,0.8,0.8,Nikon D3X,A,0.0,0.0
shading,cie_xyz,0.8,0.8,Nikon D3X,A,0.0,0.0
shading,camera_rgb_raw,0.8,0.8,Nikon D3X,A,0.0,0.0
shading,camera_rgb_wb,0.8,0.8,Nikon D3X,A,0.0,0.0
shading,spectral_radiance,0.8,0.8,Nikon D3X,A,1.73472347598e-18,1.81044219136e-16
shading,cie_xyz,0.8,0.8,Nikon D3X,A,8.67361737988e-19,3.79255543322e-18
shading,camera_rgb_raw,0.8,0.8,Nikon D3X,A,2.77555756156e-17,2.16098319702e-16
shading,camera_rgb_wb,0.8,0.8,Nikon D3X,A,5.55111512313e-17,2.30056131878e-16
shading,spectral_radiance,0.8,0.8,Nikon D3X,A,0.0,0.0
shading,cie_xyz,0.8,0.8,Nikon D3X,A,0.0,0.0
shading,camera_rgb_raw,0.8,0.8,Nikon D3X,A,0.0,0.0
shading,camera_rgb_wb,0.8,0.8,Nikon D3X,A,0.0,0.0
shading,spectral_radiance,0.8,0.8,Nikon D200,A,0.0,0.0
shading,cie_xyz,0.8,0.8,Nikon D200,A,0.0,0.0
shading,camera_rgb_raw,0.8,0.8,Nikon D200,A,0.0,0.0
shading,camera_rgb_wb,0.8,0.8,Nikon D200,A,0.0,0.0
shading,spectral_radiance,0.8,0.8,Nikon D200,A,0.0,0.0
shading,cie_xyz,0.8,0.8,Nikon D200,A,0.0,0.0
shading,camera_rgb_raw,0.8,0.8,Nikon D200,A,0.0,0.0
shading,camera_rgb_wb,0.8,0.8,Nikon D200,A,0.0,0.0
shading,spectral_radiance,0.8,0.8,Nikon D200,A,1.73472347598e-18,1.81044219136e-16
shading,cie_xyz,0.8,0.8,Nikon D200,A,8.67361737988e-19,3.79255543322e-18
shading,camera_rgb_raw,0.8,0.8,Nikon D200,A,6.93889390391e-18,4.77195684054e-17
shading,camera_rgb_wb,0.8,0.8,Nikon D200,A,1.38777878078e-17,5.70519925629e-17
shading,spectral_radiance,0.8,0.8,Nikon D200,A,0.0,0.0
shading,cie_xyz,0.8,0.8,Nikon D200,A,0.0,0.0
shading,camera_rgb_raw,0.8,0.8,Nikon D200,A,0.0,0.0
shading,camera_rgb_wb,0.8,0.8,Nikon D200,A,0.0,0.0
shading,spectral_radiance,0.8,0.8,Nikon D3,A,0.0,0.0
shading,cie_xyz,0.8,0.8,Nikon D3,A,0.0,0.0
shading,camera_rgb_raw,0.8,0.8,Nikon D3,A,0.0,0.0
shading,camera_rgb_wb,0.8,0.8,Nikon D3,A,0.0,0.0
shading,spectral_radiance,0.8,0.8,Nikon D3,A,0.0,0.0
shading,cie_xyz,0.8,0.8,Nikon D3,A,0.0,0.0
shading,camera_rgb_raw,0.8,0.8,Nikon D3,A,0.0,0.0
shading,camera_rgb_wb,0.8,0.8,Nikon D3,A,0.0,0.0
shading,spectral_radiance,0.8,0.8,Nikon D3,A,1.73472347598e-18,1.81044219136e-16
shading,cie_xyz,0.8,0.8,Nikon D3,A,8.67361737988e-19,3.79255543322e-18
shading,camera_rgb_raw,0.8,0.8,Nikon D3,A,2.77555756156e-17,2.02916343463e-16
shading,camera_rgb_wb,0.8,0.8,Nikon D3,A,2.77555756156e-17,1.14918944602e-16
shading,spectral_radiance,0.8,0.8,Nikon D3,A,0.0,0.0
shading,cie_xyz,0.8,0.8,Nikon D3,A,0.0,0.0
shading,camera_rgb_raw,0.8,0.8,Nikon D3,A,0.0,0.0
shading,camera_rgb_wb,0.8,0.8,Nikon D3,A,0.0,0.0
shading,spectral_radiance,0.8,0.8,Nikon D300s,A,0.0,0.0
shading,cie_xyz,0.8,0.8,Nikon D300s,A,0.0,0.0
shading,camera_rgb_raw,0.8,0.8,Nikon D300s,A,0.0,0.0
shading,camera_rgb_wb,0.8,0.8,Nikon D300s,A,0.0,0.0
shading,spectral_radiance,0.8,0.8,Nikon D300s,A,0.0,0.0
shading,cie_xyz,0.8,0.8,Nikon D300s,A,0.0,0.0
shading,camera_rgb_raw,0.8,0.8,Nikon D300s,A,0.0,0.0
shading,camera_rgb_wb,0.8,0.8,Nikon D300s,A,0.0,0.0
shading,spectral_radiance,0.8,0.8,Nikon D300s,A,1.73472347598e-18,1.81044219136e-16
shading,cie_xyz,0.8,0.8,Nikon D300s,A,8.67361737988e-19,3.79255543322e-18
shading,camera_rgb_raw,0.8,0.8,Nikon D300s,A,5.55111512313e-17,3.51193323674e-16
shading,camera_rgb_wb,0.8,0.8,Nikon D300s,A,8.32667268469e-17,3.52689623042e-16
shading,spectral_radiance,0.8,0.8,Nikon D300s,A,0.0,0.0
shading,cie_xyz,0.8,0.8,Nikon D300s,A,0.0,0.0
shading,camera_rgb_raw,0.8,0.8,Nikon D300s,A,0.0,0.0
shading,camera_rgb_wb,0.8,0.8,Nikon D300s,A,0.0,0.0
shading,spectral_radiance,0.8,0.8,Nikon D40,A,0.0,0.0
shading,cie_xyz,0.8,0.8,Nikon D40,A,0.0,0.0
shading,camera_rgb_raw,0.8,0.8,Nikon D40,A,0.0,0.0
shading,camera_rgb_wb,0.8,0.8,Nikon D40,A,0.0,0.0
shading,spectral_radiance,0.8,0.8,Nikon D40,A,0.0,0.0
shading,cie_xyz,0.8,0.8,Nikon D40,A,0.0,0.0
shading,camera_rgb_raw,0.8,0.8,Nikon D40,A,0.0,0.0
shading,camera_rgb_wb,0.8,0.8,Nikon D40,A,0.0,0.0
shading,spectral_radiance,0.8,0.8,Nikon D40,A,1.73472347598e-18,1.81044219136e-16
shading,cie_xyz,0.8,0.8,Nikon D40,A,8.67361737988e-19,3.79255543322e-18
shading,camera_rgb_raw,0.8,0.8,Nikon D40,A,1.38777878078e-17,1.15398897263e-16
shading,camera_rgb_wb,0.8,0.8,Nikon D40,A,2.77555756156e-17,1.14982731391e-16
shading,spectral_radiance,0.8,0.8,Nikon D40,A,0.0,0.0
shading,cie_xyz,0.8,0.8,Nikon D40,A,0.0,0.0
shading,camera_rgb_raw,0.8,0.8,Nikon D40,A,0.0,0.0
shading,camera_rgb_wb,0.8,0.8,Nikon D40,A,0.0,0.0
shading,spectral_radiance,0.8,0.8,Nikon D50,A,0.0,0.0
shading,cie_xyz,0.8,0.8,Nikon D50,A,0.0,0.0
shading,camera_rgb_raw,0.8,0.8,Nikon D50,A,0.0,0.0
shading,camera_rgb_wb,0.8,0.8,Nikon D50,A,0.0,0.0
shading,spectral_radiance,0.8,0.8,Nikon D50,A,0.0,0.0
shading,cie_xyz,0.8,0.8,Nikon D50,A,0.0,0.0
shading,camera_rgb_raw,0.8,0.8,Nikon D50,A,0.0,0.0
shading,camera_rgb_wb,0.8,0.8,Nikon D50,A,0.0,0.0
shading,spectral_radiance,0.8,0.8,Nikon D50,A,1.73472347598e-18,1.81044219136e-16
shading,cie_xyz,0.8,0.8,Nikon D50,A,8.67361737988e-19,3.79255543322e-18
shading,camera_rgb_raw,0.8,0.8,Nikon D50,A,2.77555756156e-17,2.21826591063e-16
shading,camera_rgb_wb,0.8,0.8,Nikon D50,A,5.55111512313e-17,2.20567688399e-16
shading,spectral_radiance,0.8,0.8,Nikon D50,A,0.0,0.0
shading,cie_xyz,0.8,0.8,Nikon D50,A,0.0,0.0
shading,camera_rgb_raw,0.8,0.8,Nikon D50,A,0.0,0.0
shading,camera_rgb_wb,0.8,0.8,Nikon D50,A,0.0,0.0
shading,spectral_radiance,0.8,0.8,Nikon D5100,A,0.0,0.0
shading,cie_xyz,0.8,0.8,Nikon D5100,A,0.0,0.0
shading,camera_rgb_raw,0.8,0.8,Nikon D5100,A,0.0,0.0
shading,camera_rgb_wb,0.8,0.8,Nikon D5100,A,0.0,0.0
shading,spectral_radiance,0.8,0.8,Nikon D5100,A,0.0,0.0
shading,cie_xyz,0.8,0.8,Nikon D5100,A,0.0,0.0
shading,camera_rgb_raw,0.8,0.8,Nikon D5100,A,0.0,0.0
shading,camera_rgb_wb,0.8,0.8,Nikon D5100,A,0.0,0.0
shading,spectral_radiance,0.8,0.8,Nikon D5100,A,1.73472347598e-18,1.81044219136e-16
shading,cie_xyz,0.8,0.8,Nikon D5100,A,8.67361737988e-19,3.79255543322e-18
shading,camera_rgb_raw,0.8,0.8,Nikon D5100,A,2.77555756156e-17,2.07181241908e-16
shading,camera_rgb_wb,0.8,0.8,Nikon D5100,A,8.32667268469e-17,3.51245752722e-16
shading,spectral_radiance,0.8,0.8,Nikon D5100,A,0.0,0.0
shading,cie_xyz,0.8,0.8,Nikon D5100,A,0.0,0.0
shading,camera_rgb_raw,0.8,0.8,Nikon D5100,A,0.0,0.0
shading,camera_rgb_wb,0.8,0.8,Nikon D5100,A,0.0,0.0
shading,spectral_radiance,0.8,0.8,Nikon D700,A,0.0,0.0
shading,cie_xyz,0.8,0.8,Nikon D700,A,0.0,0.0
shading,camera_rgb_raw,0.8,0.8,Nikon D700,A,0.0,0.0
shading,camera_rgb_wb,0.8,0.8,Nikon D700,A,0.0,0.0
shading,spectral_radiance,0.8,0.8,Nikon D700,A,0.0,0.0
shading,cie_xyz,0.8,0.8,Nikon D700,A,0.0,0.0
shading,camera_rgb_raw,0.8,0.8,Nikon D700,A,0.0,0.0
shading,camera_rgb_wb,0.8,0.8,Nikon D700,A,0.0,0.0
shading,spectral_radiance,0.8,0.8,Nikon D700,A,1.73472347598e-18,1.81044219136e-16
shading,cie_xyz,0.8,0.8,Nikon D700,A,8.67361737988e-19,3.79255543322e-18
shading,camera_rgb_raw,0.8,0.8,Nikon D700,A,2.77555756156e-17,1.91563031994e-16
shading,camera_rgb_wb,0.8,0.8,Nikon D700,A,5.55111512313e-17,2.28280056973e-16
shading,spectral_radiance,0.8,0.8,Nikon D700,A,0.0,0.0
shading,cie_xyz,0.8,0.8,Nikon D700,A,0.0,0.0
shading,camera_rgb_raw,0.8,0.8,Nikon D700,A,0.0,0.0
shading,camera_rgb_wb,0.8,0.8,Nikon D700,A,0.0,0.0
shading,spectral_radiance,0.8,0.8,Nikon D80,A,0.0,0.0
shading,cie_xyz,0.8,0.8,Nikon D80,A,0.0,0.0
shading,camera_rgb_raw,0.8,0.8,Nikon D80,A,0.0,0.0
shading,camera_rgb_wb,0.8,0.8,Nikon D80,A,0.0,0.0
shading,spectral_radiance,0.8,0.8,Nikon D80,A,0.0,0.0
shading,cie_xyz,0.8,0.8,Nikon D80,A,0.0,0.0
shading,camera_rgb_raw,0.8,0.8,Nikon D80,A,0.0,0.0
shading,camera_rgb_wb,0.8,0.8,Nikon D80,A,0.0,0.0
shading,spectral_radiance,0.8,0.8,Nikon D80,A,1.73472347598e-18,1.81044219136e-16
shading,cie_xyz,0.8,0.8,Nikon D80,A,8.67361737988e-19,3.79255543322e-18
shading,camera_rgb_raw,0.8,0.8,Nikon D80,A,2.77555756156e-17,2.12958414729e-16
shading,camera_rgb_wb,0.8,0.8,Nikon D80,A,5.55111512313e-17,2.28921218233e-16
shading,spectral_radiance,0.8,0.8,Nikon D80,A,0.0,0.0
shading,cie_xyz,0.8,0.8,Nikon D80,A,0.0,0.0
shading,camera_rgb_raw,0.8,0.8,Nikon D80,A,0.0,0.0
shading,camera_rgb_wb,0.8,0.8,Nikon D80,A,0.0,0.0
shading,spectral_radiance,0.8,0.8,Nikon D90,A,0.0,0.0
shading,cie_xyz,0.8,0.8,Nikon D90,A,0.0,0.0
shading,camera_rgb_raw,0.8,0.8,Nikon D90,A,0.0,0.0
shading,camera_rgb_wb,0.8,0.8,Nikon D90,A,0.0,0.0
shading,spectral_radiance,0.8,0.8,Nikon D90,A,0.0,0.0
shading,cie_xyz,0.8,0.8,Nikon D90,A,0.0,0.0
shading,camera_rgb_raw,0.8,0.8,Nikon D90,A,0.0,0.0
shading,camera_rgb_wb,0.8,0.8,Nikon D90,A,0.0,0.0
shading,spectral_radiance,0.8,0.8,Nikon D90,A,1.73472347598e-18,1.81044219136e-16
shading,cie_xyz,0.8,0.8,Nikon D90,A,8.67361737988e-19,3.79255543322e-18
shading,camera_rgb_raw,0.8,0.8,Nikon D90,A,2.77555756156e-17,2.15060905462e-16
shading,camera_rgb_wb,0.8,0.8,Nikon D90,A,2.77555756156e-17,1.16735060017e-16
shading,spectral_radiance,0.8,0.8,Nikon D90,A,0.0,0.0
shading,cie_xyz,0.8,0.8,Nikon D90,A,0.0,0.0
shading,camera_rgb_raw,0.8,0.8,Nikon D90,A,0.0,0.0
shading,camera_rgb_wb,0.8,0.8,Nikon D90,A,0.0,0.0
shading,spectral_radiance,0.8,0.8,Nokia N900,A,0.0,0.0
shading,cie_xyz,0.8,0.8,Nokia N900,A,0.0,0.0
shading,camera_rgb_raw,0.8,0.8,Nokia N900,A,0.0,0.0
shading,camera_rgb_wb,0.8,0.8,Nokia N900,A,0.0,0.0
shading,spectral_radiance,0.8,0.8,Nokia N900,A,0.0,0.0
shading,cie_xyz,0.8,0.8,Nokia N900,A,0.0,0.0
shading,camera_rgb_raw,0.8,0.8,Nokia N900,A,0.0,0.0
shading,camera_rgb_wb,0.8,0.8,Nokia N900,A,0.0,0.0
shading,spectral_radiance,0.8,0.8,Nokia N900,A,1.73472347598e-18,1.81044219136e-16
shading,cie_xyz,0.8,0.8,Nokia N900,A,8.67361737988e-19,3.79255543322e-18
shading,camera_rgb_raw,0.8,0.8,Nokia N900,A,2.77555756156e-17,1.21502279941e-16
shading,camera_rgb_wb,0.8,0.8,Nokia N900,A,4.16333634234e-17,1.6645626461e-16
shading,spectral_radiance,0.8,0.8,Nokia N900,A,0.0,0.0
shading,cie_xyz,0.8,0.8,Nokia N900,A,0.0,0.0
shading,camera_rgb_raw,0.8,0.8,Nokia N900,A,0.0,0.0
shading,camera_rgb_wb,0.8,0.8,Nokia N900,A,0.0,0.0
shading,spectral_radiance,0.8,0.8,Olympus E-PL2,A,0.0,0.0
shading,cie_xyz,0.8,0.8,Olympus E-PL2,A,0.0,0.0
shading,camera_rgb_raw,0.8,0.8,Olympus E-PL2,A,0.0,0.0
shading,camera_rgb_wb,0.8,0.8,Olympus E-PL2,A,0.0,0.0
shading,spectral_radiance,0.8,0.8,Olympus E-PL2,A,0.0,0.0
shading,cie_xyz,0.8,0.8,Olympus E-PL2,A,0.0,0.0
shading,camera_rgb_raw,0.8,0.8,Olympus E-PL2,A,0.0,0.0
shading,camera_rgb_wb,0.8,0.8,Olympus E-PL2,A,0.0,0.0
shading,spectral_radiance,0.8,0.8,Olympus E-PL2,A,1.73472347598e-18,1.81044219136e-16
shading,cie_xyz,0.8,0.8,Olympus E-PL2,A,8.67361737988e-19,3.79255543322e-18
shading,camera_rgb_raw,0.8,0.8,Olympus E-PL2,A,0.0,0.0
shading,camera_rgb_wb,0.8,0.8,Olympus E-PL2,A,5.55111512313e-17,2.15189727286e-16
shading,spectral_radiance,0.8,0.8,Olympus E-PL2,A,0.0,0.0
shading,cie_xyz,0.8,0.8,Olympus E-PL2,A,0.0,0.0
shading,camera_rgb_raw,0.8,0.8,Olympus E-PL2,A,0.0,0.0
shading,camera_rgb_wb,0.8,0.8,Olympus E-PL2,A,0.0,0.0
shading,spectral_radiance,0.8,0.8,Pentax K-5,A,0.0,0.0
shading,cie_xyz,0.8,0.8,Pentax K-5,A,0.0,0.0
shading,camera_rgb_raw,0.8,0.8,Pentax K-5,A,0.0,0.0
shading,camera_rgb_wb,0.8,0.8,Pentax K-5,A,0.0,0.0
shading,spectral_radiance,0.8,0.8,Pentax K-5,A,0.0,0.0
shading,cie_xyz,0.8,0.8,Pentax K-5,A,0.0,0.0
shading,camera_rgb_raw,0.8,0.8,Pentax K-5,A,0.0,0.0
shading,camera_rgb_wb,0.8,0.8,Pentax K-5,A,0.0,0.0
shading,spectral_radiance,0.8,0.8,Pentax K-5,A,1.73472347598e-18,1.81044219136e-16
shading,cie_xyz,0.8,0.8,Pentax K-5,A,8.67361737988e-19,3.79255543322e-18
shading,camera_rgb_raw,0.8,0.8,Pentax K-5,A,2.77555756156e-17,1.98111913609e-16
shading,camera_rgb_wb,0.8,0.8,Pentax K-5,A,5.55111512313e-17,2.24027784042e-16
shading,spectral_radiance,0.8,0.8,Pentax K-5,A,0.0,0.0
shading,cie_xyz,0.8,0.8,Pentax K-5,A,0.0,0.0
shading,camera_rgb_raw,0.8,0.8,Pentax K-5,A,0.0,0.0
shading,camera_rgb_wb,0.8,0.8,Pentax K-5,A,0.0,0.0
shading,spectral_radiance,0.8,0.8,Pentax Q,A,0.0,0.0
shading,cie_xyz,0.8,0.8,Pentax Q,A,0.0,0.0
shading,camera_rgb_raw,0.8,0.8,Pentax Q,A,0.0,0.0
shading,camera_rgb_wb,0.8,0.8,Pentax Q,A,0.0,0.0
shading,spectral_radiance,0.8,0.8,Pentax Q,A,0.0,0.0
shading,cie_xyz,0.8,0.8,Pentax Q,A,0.0,0.0
shading,camera_rgb_raw,0.8,0.8,Pentax Q,A,0.0,0.0
shading,camera_rgb_wb,0.8,0.8,Pentax Q,A,0.0,0.0
shading,spectral_radiance,0.8,0.8,Pentax Q,A,1.73472347598e-18,1.81044219136e-16
shading,cie_xyz,0.8,0.8,Pentax Q,A,8.67361737988e-19,3.79255543322e-18
shading,camera_rgb_raw,0.8,0.8,Pentax Q,A,5.55111512313e-17,2.21821880244e-16
shading,camera_rgb_wb,0.8,0.8,Pentax Q,A,5.55111512313e-17,2.150852023e-16
shading,spectral_radiance,0.8,0.8,Pentax Q,A,0.0,0.0
shading,cie_xyz,0.8,0.8,Pentax Q,A,0.0,0.0
shading,camera_rgb_raw,0.8,0.8,Pentax Q,A,0.0,0.0
shading,camera_rgb_wb,0.8,0.8,Pentax Q,A,0.0,0.0
shading,spectral_radiance,0.8,0.8,Point Grey Grasshopper 50S5C,A,0.0,0.0
shading,cie_xyz,0.8,0.8,Point Grey Grasshopper 50S5C,A,0.0,0.0
shading,camera_rgb_raw,0.8,0.8,Point Grey Grasshopper 50S5C,A,0.0,0.0
shading,camera_rgb_wb,0.8,0.8,Point Grey Grasshopper 50S5C,A,0.0,0.0
shading,spectral_radiance,0.8,0.8,Point Grey Grasshopper 50S5C,A,0.0,0.0
shading,cie_xyz,0.8,0.8,Point Grey Grasshopper 50S5C,A,0.0,0.0
shading,camera_rgb_raw,0.8,0.8,Point Grey Grasshopper 50S5C,A,0.0,0.0
shading,camera_rgb_wb,0.8,0.8,Point Grey Grasshopper 50S5C,A,0.0,0.0
shading,spectral_radiance,0.8,0.8,Point Grey Grasshopper 50S5C,A,1.73472347598e-18,1.81044219136e-16
shading,cie_xyz,0.8,0.8,Point Grey Grasshopper 50S5C,A,8.67361737988e-19,3.79255543322e-18
shading,camera_rgb_raw,0.8,0.8,Point Grey Grasshopper 50S5C,A,2.77555756156e-17,1.12764095685e-16
shading,camera_rgb_wb,0.8,0.8,Point Grey Grasshopper 50S5C,A,5.55111512313e-17,1.62554039222e-16
shading,spectral_radiance,0.8,0.8,Point Grey Grasshopper 50S5C,A,0.0,0.0
shading,cie_xyz,0.8,0.8,Point Grey Grasshopper 50S5C,A,0.0,0.0
shading,camera_rgb_raw,0.8,0.8,Point Grey Grasshopper 50S5C,A,0.0,0.0
shading,camera_rgb_wb,0.8,0.8,Point Grey Grasshopper 50S5C,A,0.0,0.0
shading,spectral_radiance,0.8,0.8,Point Grey Grasshopper2 14S5C,A,0.0,0.0
shading,cie_xyz,0.8,0.8,Point Grey Grasshopper2 14S5C,A,0.0,0.0
shading,camera_rgb_raw,0.8,0.8,Point Grey Grasshopper2 14S5C,A,0.0,0.0
shading,camera_rgb_wb,0.8,0.8,Point Grey Grasshopper2 14S5C,A,0.0,0.0
shading,spectral_radiance,0.8,0.8,Point Grey Grasshopper2 14S5C,A,0.0,0.0
shading,cie_xyz,0.8,0.8,Point Grey Grasshopper2 14S5C,A,0.0,0.0
shading,camera_rgb_raw,0.8,0.8,Point Grey Grasshopper2 14S5C,A,0.0,0.0
shading,camera_rgb_wb,0.8,0.8,Point Grey Grasshopper2 14S5C,A,0.0,0.0
shading,spectral_radiance,0.8,0.8,Point Grey Grasshopper2 14S5C,A,1.73472347598e-18,1.81044219136e-16
shading,cie_xyz,0.8,0.8,Point Grey Grasshopper2 14S5C,A,8.67361737988e-19,3.79255543322e-18
shading,camera_rgb_raw,0.8,0.8,Point Grey Grasshopper2 14S5C,A,6.93889390391e-18,3.22351057085e-17
shading,camera_rgb_wb,0.8,0.8,Point Grey Grasshopper2 14S5C,A,2.77555756156e-17,9.53876809021e-17
shading,spectral_radiance,0.8,0.8,Point Grey Grasshopper2 14S5C,A,0.0,0.0
shading,cie_xyz,0.8,0.8,Point Grey Grasshopper2 14S5C,A,0.0,0.0
shading,camera_rgb_raw,0.8,0.8,Point Grey Grasshopper2 14S5C,A,0.0,0.0
shading,camera_rgb_wb,0.8,0.8,Point Grey Grasshopper2 14S5C,A,0.0,0.0
shading,spectral_radiance,0.8,0.8,Phase One,A,0.0,0.0
shading,cie_xyz,0.8,0.8,Phase One,A,0.0,0.0
shading,camera_rgb_raw,0.8,0.8,Phase One,A,0.0,0.0
shading,camera_rgb_wb,0.8,0.8,Phase One,A,0.0,0.0
shading,spectral_radiance,0.8,0.8,Phase One,A,0.0,0.0
shading,cie_xyz,0.8,0.8,Phase One,A,0.0,0.0
shading,camera_rgb_raw,0.8,0.8,Phase One,A,0.0,0.0
shading,camera_rgb_wb,0.8,0.8,Phase One,A,0.0,0.0
shading,spectral_radiance,0.8,0.8,Phase One,A,1.73472347598e-18,1.81044219136e-16
shading,cie_xyz,0.8,0.8,Phase One,A,8.67361737988e-19,3.79255543322e-18
shading,camera_rgb_raw,0.8,0.8,Phase One,A,1.38777878078e-17,1.12684670011e-16
shading,camera_rgb_wb,0.8,0.8,Phase One,A,1.38777878078e-17,6.94439629125e-17
shading,spectral_radiance,0.8,0.8,Phase One,A,0.0,0.0
shading,cie_xyz,0.8,0.8,Phase One,A,0.0,0.0
shading,camera_rgb_raw,0.8,0.8,Phase One,A,0.0,0.0
shading,camera_rgb_wb,0.8,0.8,Phase One,A,0.0,0.0
shading,spectral_radiance,0.8,0.8,SONY NEX-5N,A,0.0,0.0
shading,cie_xyz,0.8,0.8,SONY NEX-5N,A,0.0,0.0
shading,camera_rgb_raw,0.8,0.8,SONY NEX-5N,A,0.0,0.0
shading,camera_rgb_wb,0.8,0.8,SONY NEX-5N,A,0.0,0.0
shading,spectral_radiance,0.8,0.8,SONY NEX-5N,A,0.0,0.0
shading,cie_xyz,0.8,0.8,SONY NEX-5N,A,0.0,0.0
shading,camera_rgb_raw,0.8,0.8,SONY NEX-5N,A,0.0,0.0
shading,camera_rgb_wb,0.8,0.8,SONY NEX-5N,A,0.0,0.0
shading,spectral_radiance,0.8,0.8,SONY NEX-5N,A,1.73472347598e-18,1.81044219136e-16
shading,cie_xyz,0.8,0.8,SONY NEX-5N,A,8.67361737988e-19,3.79255543322e-18
shading,camera_rgb_raw,0.8,0.8,SONY NEX-5N,A,4.16333634234e-17,4.08153335412e-16
shading,camera_rgb_wb,0.8,0.8,SONY NEX-5N,A,5.55111512313e-17,2.3834649715e-16
shading,spectral_radiance,0.8,0.8,SONY NEX-5N,A,0.0,0.0
shading,cie_xyz,0.8,0.8,SONY NEX-5N,A,0.0,0.0
shading,camera_rgb_raw,0.8,0.8,SONY NEX-5N,A,0.0,0.0
shading,camera_rgb_wb,0.8,0.8,SONY NEX-5N,A,0.0,0.0
shading,spectral_radiance,0.8,0.8,Canon 1DMarkIII,FL2,0.0,0.0
shading,cie_xyz,0.8,0.8,Canon 1DMarkIII,FL2,0.0,0.0
shading,camera_rgb_raw,0.8,0.8,Canon 1DMarkIII,FL2,0.0,0.0
shading,camera_rgb_wb,0.8,0.8,Canon 1DMarkIII,FL2,0.0,0.0
shading,spectral_radiance,0.8,0.8,Canon 1DMarkIII,FL2,0.0,0.0
shading,cie_xyz,0.8,0.8,Canon 1DMarkIII,FL2,0.0,0.0
shading,camera_rgb_raw,0.8,0.8,Canon 1DMarkIII,FL2,0.0,0.0
shading,camera_rgb_wb,0.8,0.8,Canon 1DMarkIII,FL2,0.0,0.0
shading,spectral_radiance,0.8,0.8,Canon 1DMarkIII,FL2,4.33680868994e-19,1.74533793207e-16
shading,cie_xyz,0.8,0.8,Canon 1DMarkIII,FL2,2.77555756156e-17,1.82836416449e-16
shading,camera_rgb_raw,0.8,0.8,Canon 1DMarkIII,FL2,1.38777878078e-17,1.90515696456e-16
shading,camera_rgb_wb,0.8,0.8,Canon 1DMarkIII,FL2,2.77555756156e-17,1.483682092e-16
shading,spectral_radiance,0.8,0.8,Canon 1DMarkIII,FL2,0.0,0.0
shading,cie_xyz,0.8,0.8,Canon 1DMarkIII,FL2,0.0,0.0
shading,camera_rgb_raw,0.8,0.8,Canon 1DMarkIII,FL2,0.0,0.0
shading,camera_rgb_wb,0.8,0.8,Canon 1DMarkIII,FL2,0.0,0.0
shading,spectral_radiance,0.8,0.8,Canon 20D,FL2,0.0,0.0
shading,cie_xyz,0.8,0.8,Canon 20D,FL2,0.0,0.0
shading,camera_rgb_raw,0.8,0.8,Canon 20D,FL2,0.0,0.0
shading,camera_rgb_wb,0.8,0.8,Canon 20D,FL2,0.0,0.0
shading,spectral_radiance,0.8,0.8,Canon 20D,FL2,0.0,0.0
shading,cie_xyz,0.8,0.8,Canon 20D,FL2,0.0,0.0
shading,camera_rgb_raw,0.8,0.8,Canon 20D,FL2,0.0,0.0
shading,camera_rgb_wb,0.8,0.8,Canon 20D,FL2,0.0,0.0
shading,spectral_radiance,0.8,0.8,Canon 20D,FL2,4.33680868994e-19,1.74533793207e-16
shading,cie_xyz,0.8,0.8,Canon 20D,FL2,2.77555756156e-17,1.82836416449e-16
shading,camera_rgb_raw,0.8,0.8,Canon 20D,FL2,2.77555756156e-17,3.40691625946e-16
shading,camera_rgb_wb,0.8,0.8,Canon 20D,FL2,4.16333634234e-17,2.2310337204e-16
shading,spectral_radiance,0.8,0.8,Canon 20D,FL2,0.0,0.0
shading,cie_xyz,0.8,0.8,Canon 20D,FL2,0.0,0.0
shading,camera_rgb_raw,0.8,0.8,Canon 20D,FL2,0.0,0.0
shading,camera_rgb_wb,0.8,0.8,Canon 20D,FL2,0.0,0.0
shading,spectral_radiance,0.8,0.8,Canon 300D,FL2,0.0,0.0
shading,cie_xyz,0.8,0.8,Canon 300D,FL2,0.0,0.0
shading,camera_rgb_raw,0.8,0.8,Canon 300D,FL2,0.0,0.0
shading,camera_rgb_wb,0.8,0.8,Canon 300D,FL2,0.0,0.0
shading,spectral_radiance,0.8,0.8,Canon 300D,FL2,0.0,0.0
shading,cie_xyz,0.8,0.8,Canon 300D,FL2,0.0,0.0
shading,camera_rgb_raw,0.8,0.8,Canon 300D,FL2,0.0,0.0
shading,camera_rgb_wb,0.8,0.8,Canon 300D,FL2,0.0,0.0
shading,spectral_radiance,0.8,0.8,Canon 300D,FL2,4.33680868994e-19,1.74533793207e-16
shading,cie_xyz,0.8,0.8,Canon 300D,FL2,2.77555756156e-17,1.82836416449e-16
shading,camera_rgb_raw,0.8,0.8,Canon 300D,FL2,1.38777878078e-17,1.55043884396e-16
shading,camera_rgb_wb,0.8,0.8,Canon 300D,FL2,1.38777878078e-17,7.32945212008e-17
shading,spectral_radiance,0.8,0.8,Canon 300D,FL2,0.0,0.0
shading,cie_xyz,0.8,0.8,Canon 300D,FL2,0.0,0.0
shading,camera_rgb_raw,0.8,0.8,Canon 300D,FL2,0.0,0.0
shading,camera_rgb_wb,0.8,0.8,Canon 300D,FL2,0.0,0.0
shading,spectral_radiance,0.8,0.8,Canon 40D,FL2,0.0,0.0
shading,cie_xyz,0.8,0.8,Canon 40D,FL2,0.0,0.0
shading,camera_rgb_raw,0.8,0.8,Canon 40D,FL2,0.0,0.0
shading,camera_rgb_wb,0.8,0.8,Canon 40D,FL2,0.0,0.0
shading,spectral_radiance,0.8,0.8,Canon 40D,FL2,0.0,0.0
shading,cie_xyz,0.8,0.8,Canon 40D,FL2,0.0,0.0
shading,camera_rgb_raw,0.8,0.8,Canon 40D,FL2,0.0,0.0
shading,camera_rgb_wb,0.8,0.8,Canon 40D,FL2,0.0,0.0
shading,spectral_radiance,0.8,0.8,Canon 40D,FL2,4.33680868994e-19,1.74533793207e-16
shading,cie_xyz,0.8,0.8,Canon 40D,FL2,2.77555756156e-17,1.82836416449e-16
shading,camera_rgb_raw,0.8,0.8,Canon 40D,FL2,6.93889390391e-18,9.52667266581e-17
shading,camera_rgb_wb,0.8,0.8,Canon 40D,FL2,1.73472347598e-17,9.26579204851e-17
shading,spectral_radiance,0.8,0.8,Canon 40D,FL2,0.0,0.0
shading,cie_xyz,0.8,0.8,Canon 40D,FL2,0.0,0.0
shading,camera_rgb_raw,0.8,0.8,Canon 40D,FL2,0.0,0.0
shading,camera_rgb_wb,0.8,0.8,Canon 40D,FL2,0.0,0.0
shading,spectral_radiance,0.8,0.8,Canon 500D,FL2,0.0,0.0
shading,cie_xyz,0.8,0.8,Canon 500D,FL2,0.0,0.0
shading,camera_rgb_raw,0.8,0.8,Canon 500D,FL2,0.0,0.0
shading,camera_rgb_wb,0.8,0.8,Canon 500D,FL2,0.0,0.0
shading,spectral_radiance,0.8,0.8,Canon 500D,FL2,0.0,0.0
shading,cie_xyz,0.8,0.8,Canon 500D,FL2,0.0,0.0
shading,camera_rgb_raw,0.8,0.8,Canon 500D,FL2,0.0,0.0
shading,camera_rgb_wb,0.8,0.8,Canon 500D,FL2,0.0,0.0
shading,spectral_radiance,0.8,0.8,Canon 500D,FL2,4.33680868994e-19,1.74533793207e-16
shading,cie_xyz,0.8,0.8,Canon 500D,FL2,2.77555756156e-17,1.82836416449e-16
shading,camera_rgb_raw,0.8,0.8,Canon 500D,FL2,2.77555756156e-17,3.36791800243e-16
shading,camera_rgb_wb,0.8,0.8,Canon 500D,FL2,5.55111512313e-17,3.35905938612e-16
shading,spectral_radiance,0.8,0.8,Canon 500D,FL2,0.0,0.0
shading,cie_xyz,0.8,0.8,Canon 500D,FL2,0.0,0.0
shading,camera_rgb_raw,0.8,0.8,Canon 500D,FL2,0.0,0.0
shading,camera_rgb_wb,0.8,0.8,Canon 500D,FL2,0.0,0.0
shading,spectral_radiance,0.8,0.8,Canon 50D,FL2,0.0,0.0
shading,cie_xyz,0.8,0.8,Canon 50D,FL2,0.0,0.0
shading,camera_rgb_raw,0.8,0.8,Canon 50D,FL2,0.0,0.0
shading,camera_rgb_wb,0.8,0.8,Canon 50D,FL2,0.0,0.0
shading,spectral_radiance,0.8,0.8,Canon 50D,FL2,0.0,0.0
shading,cie_xyz,0.8,0.8,Canon 50D,FL2,0.0,0.0
shading,camera_rgb_raw,0.8,0.8,Canon 50D,FL2,0.0,0.0
shading,camera_rgb_wb,0.8,0.8,Canon 50D,FL2,0.0,0.0
shading,spectral_radiance,0.8,0.8,Canon 50D,FL2,4.33680868994e-19,1.74533793207e-16
shading,cie_xyz,0.8,0.8,Canon 50D,FL2,2.77555756156e-17,1.82836416449e-16
shading,camera_rgb_raw,0.8,0.8,Canon 50D,FL2,4.16333634234e-17,5.0053039431e-16
shading,camera_rgb_wb,0.8,0.8,Canon 50D,FL2,5.55111512313e-17,3.2445895285e-16
shading,spectral_radiance,0.8,0.8,Canon 50D,FL2,0.0,0.0
shading,cie_xyz,0.8,0.8,Canon 50D,FL2,0.0,0.0
shading,camera_rgb_raw,0.8,0.8,Canon 50D,FL2,0.0,0.0
shading,camera_rgb_wb,0.8,0.8,Canon 50D,FL2,0.0,0.0
shading,spectral_radiance,0.8,0.8,Canon 5DMarkII,FL2,0.0,0.0
shading,cie_xyz,0.8,0.8,Canon 5DMarkII,FL2,0.0,0.0
shading,camera_rgb_raw,0.8,0.8,Canon 5DMarkII,FL2,0.0,0.0
shading,camera_rgb_wb,0.8,0.8,Canon 5DMarkII,FL2,0.0,0.0
shading,spectral_radiance,0.8,0.8,Canon 5DMarkII,FL2,0.0,0.0
shading,cie_xyz,0.8,0.8,Canon 5DMarkII,FL2,0.0,0.0
shading,camera_rgb_raw,0.8,0.8,Canon 5DMarkII,FL2,0.0,0.0
shading,camera_rgb_wb,0.8,0.8,Canon 5DMarkII,FL2,0.0,0.0
shading,spectral_radiance,0.8,0.8,Canon 5DMarkII,FL2,4.33680868994e-19,1.74533793207e-16
shading,cie_xyz,0.8,0.8,Canon 5DMarkII,FL2,2.77555756156e-17,1.82836416449e-16
shading,camera_rgb_raw,0.8,0.8,Canon 5DMarkII,FL2,2.77555756156e-17,3.53520727668e-16
shading,camera_rgb_wb,0.8,0.8,Canon 5DMarkII,FL2,5.55111512313e-17,3.13240745745e-16
shading,spectral_radiance,0.8,0.8,Canon 5DMarkII,FL2,0.0,0.0
shading,cie_xyz,0.8,0.8,Canon 5DMarkII,FL2,0.0,0.0
shading,camera_rgb_raw,0.8,0.8,Canon 5DMarkII,FL2,0.0,0.0
shading,camera_rgb_wb,0.8,0.8,Canon 5DMarkII,FL2,0.0,0.0
shading,spectral_radiance,0.8,0.8,Canon 600D,FL2,0.0,0.0
shading,cie_xyz,0.8,0.8,Canon 600D,FL2,0.0,0.0
shading,camera_rgb_raw,0.8,0.8,Canon 600D,FL2,0.0,0.0
shading,camera_rgb_wb,0.8,0.8,Canon 600D,FL2,0.0,0.0
shading,spectral_radiance,0.8,0.8,Canon 600D,FL2,0.0,0.0
shading,cie_xyz,0.8,0.8,Canon 600D,FL2,0.0,0.0
shading,camera_rgb_raw,0.8,0.8,Canon 600D,FL2,0.0,0.0
shading,camera_rgb_wb,0.8,0.8,Canon 600D,FL2,0.0,0.0
shading,spectral_radiance,0.8,0.8,Canon 600D,FL2,4.33680868994e-19,1.74533793207e-16
shading,cie_xyz,0.8,0.8,Canon 600D,FL2,2.77555756156e-17,1.82836416449e-16
shading,camera_rgb_raw,0.8,0.8,Canon 600D,FL2,2.77555756156e-17,3.58074320249e-16
shading,camera_rgb_wb,0.8,0.8,Canon 600D,FL2,5.55111512313e-17,3.09189071257e-16
shading,spectral_radiance,0.8,0.8,Canon 600D,FL2,0.0,0.0
shading,cie_xyz,0.8,0.8,Canon 600D,FL2,0.0,0.0
shading,camera_rgb_raw,0.8,0.8,Canon 600D,FL2,0.0,0.0
shading,camera_rgb_wb,0.8,0.8,Canon 600D,FL2,0.0,0.0
shading,spectral_radiance,0.8,0.8,Canon 60D,FL2,0.0,0.0
shading,cie_xyz,0.8,0.8,Canon 60D,FL2,0.0,0.0
shading,camera_rgb_raw,0.8,0.8,Canon 60D,FL2,0.0,0.0
shading,camera_rgb_wb,0.8,0.8,Canon 60D,FL2,0.0,0.0
shading,spectral_radiance,0.8,0.8,Canon 60D,FL2,0.0,0.0
shading,cie_xyz,0.8,0.8,Canon 60D,FL2,0.0,0.0
shading,camera_rgb_raw,0.8,0.8,Canon 60D,FL2,0.0,0.0
shading,camera_rgb_wb,0.8,0.8,Canon 60D,FL2,0.0,0.0
shading,spectral_radiance,0.8,0.8,Canon 60D,FL2,4.33680868994e-19,1.74533793207e-16
shading,cie_xyz,0.8,0.8,Canon 60D,FL2,2.77555756156e-17,1.82836416449e-16
shading,camera_rgb_raw,0.8,0.8,Canon 60D,FL2,6.93889390391e-17,8.91301455111e-16
shading,camera_rgb_wb,0.8,0.8,Canon 60D,FL2,9.71445146547e-17,5.39354131363e-16
shading,spectral_radiance,0.8,0.8,Canon 60D,FL2,0.0,0.0
shading,cie_xyz,0.8,0.8,Canon 60D,FL2,0.0,0.0
shading,camera_rgb_raw,0.8,0.8,Canon 60D,FL2,0.0,0.0
shading,camera_rgb_wb,0.8,0.8,Canon 60D,FL2,0.0,0.0
shading,spectral_radiance,0.8,0.8,Hasselblad H2,FL2,0.0,0.0
shading,cie_xyz,0.8,0.8,Hasselblad H2,FL2,0.0,0.0
shading,camera_rgb_raw,0.8,0.8,Hasselblad H2,FL2,0.0,0.0
shading,camera_rgb_wb,0.8,0.8,Hasselblad H2,FL2,0.0,0.0
shading,spectral_radiance,0.8,0.8,Hasselblad H2,FL2,0.0,0.0
shading,cie_xyz,0.8,0.8,Hasselblad H2,FL2,0.0,0.0
shading,camera_rgb_raw,0.8,0.8,Hasselblad H2,FL2,0.0,0.0
shading,camera_rgb_wb,0.8,0.8,Hasselblad H2,FL2,0.0,0.0
shading,spectral_radiance,0.8,0.8,Hasselblad H2,FL2,4.33680868994e-19,1.74533793207e-16
shading,cie_xyz,0.8,0.8,Hasselblad H2,FL2,2.77555756156e-17,1.82836416449e-16
shading,camera_rgb_raw,0.8,0.8,Hasselblad H2,FL2,1.38777878078e-17,2.2001015371e-16
shading,camera_rgb_wb,0.8,0.8,Hasselblad H2,FL2,2.77555756156e-17,1.34416416168e-16
shading,spectral_radiance,0.8,0.8,Hasselblad H2,FL2,0.0,0.0
shading,cie_xyz,0.8,0.8,Hasselblad H2,FL2,0.0,0.0
shading,camera_rgb_raw,0.8,0.8,Hasselblad H2,FL2,0.0,0.0
shading,camera_rgb_wb,0.8,0.8,Hasselblad H2,FL2,0.0,0.0
shading,spectral_radiance,0.8,0.8,Nikon D3X,FL2,0.0,0.0
shading,cie_xyz,0.8,0.8,Nikon D3X,FL2,0.0,0.0
shading,camera_rgb_raw,0.8,0.8,Nikon D3X,FL2,0.0,0.0
shading,camera_rgb_wb,0.8,0.8,Nikon D3X,FL2,0.0,0.0
shading,spectral_radiance,0.8,0.8,Nikon D3X,FL2,0.0,0.0
shading,cie_xyz,0.8,0.8,Nikon D3X,FL2,0.0,0.0
shading,camera_rgb_raw,0.8,0.8,Nikon D3X,FL2,0.0,0.0
shading,camera_rgb_wb,0.8,0.8,Nikon D3X,FL2,0.0,0.0
shading,spectral_radiance,0.8,0.8,Nikon D3X,FL2,4.33680868994e-19,1.74533793207e-16
shading,cie_xyz,0.8,0.8,Nikon D3X,FL2,2.77555756156e-17,1.82836416449e-16
shading,camera_rgb_raw,0.8,0.8,Nikon D3X,FL2,1.38777878078e-17,1.7706602438e-16
shading,camera_rgb_wb,0.8,0.8,Nikon D3X,FL2,2.77555756156e-17,1.4181923817e-16
shading,spectral_radiance,0.8,0.8,Nikon D3X,FL2,0.0,0.0
shading,cie_xyz,0.8,0.8,Nikon D3X,FL2,0.0,0.0
shading,camera_rgb_raw,0.8,0.8,Nikon D3X,FL2,0.0,0.0
shading,camera_rgb_wb,0.8,0.8,Nikon D3X,FL2,0.0,0.0
shading,spectral_radiance,0.8,0.8,Nikon D200,FL2,0.0,0.0
shading,cie_xyz,0.8,0.8,Nikon D200,FL2,0.0,0.0
shading,camera_rgb_raw,0.8,0.8,Nikon D200,FL2,0.0,0.0
shading,camera_rgb_wb,0.8,0.8,Nikon D200,FL2,0.0,0.0
shading,spectral_radiance,0.8,0.8,Nikon D200,FL2,0.0,0.0
shading,cie_xyz,0.8,0.8,Nikon D200,FL2,0.0,0.0
shading,camera_rgb_raw,0.8,0.8,Nikon D200,FL2,0.0,0.0
shading,camera_rgb_wb,0.8,0.8,Nikon D200,FL2,0.0,0.0
shading,spectral_radiance,0.8,0.8,Nikon D200,FL2,4.33680868994e-19,1.74533793207e-16
shading,cie_xyz,0.8,0.8,Nikon D200,FL2,2.77555756156e-17,1.82836416449e-16
shading,camera_rgb_raw,0.8,0.8,Nikon D200,FL2,2.77555756156e-17,3.21006207092e-16
shading,camera_rgb_wb,0.8,0.8,Nikon D200,FL2,4.16333634234e-17,2.14256111604e-16
shading,spectral_radiance,0.8,0.8,Nikon D200,FL2,0.0,0.0
shading,cie_xyz,0.8,0.8,Nikon D200,FL2,0.0,0.0
shading,camera_rgb_raw,0.8,0.8,Nikon D200,FL2,0.0,0.0
shading,camera_rgb_wb,0.8,0.8,Nikon D200,FL2,0.0,0.0
shading,spectral_radiance,0.8,0.8,Nikon D3,FL2,0.0,0.0
shading,cie_xyz,0.8,0.8,Nikon D3,FL2,0.0,0.0
shading,camera_rgb_raw,0.8,0.8,Nikon D3,FL2,0.0,0.0
shading,camera_rgb_wb,0.8,0.8,Nikon D3,FL2,0.0,0.0
shading,spectral_radiance,0.8,0.8,Nikon D3,FL2,0.0,0.0
shading,cie_xyz,0.8,0.8,Nikon D3,FL2,0.0,0.0
shading,camera_rgb_raw,0.8,0.8,Nikon D3,FL2,0.0,0.0
shading,camera_rgb_wb,0.8,0.8,Nikon D3,FL2,0.0,0.0
shading,spectral_radiance,0.8,0.8,Nikon D3,FL2,4.33680868994e-19,1.74533793207e-16
shading,cie_xyz,0.8,0.8,Nikon D3,FL2,2.77555756156e-17,1.82836416449e-16
shading,camera_rgb_raw,0.8,0.8,Nikon D3,FL2,1.38777878078e-17,1.68987244313e-16
shading,camera_rgb_wb,0.8,0.8,Nikon D3,FL2,2.77555756156e-17,1.44230277761e-16
shading,spectral_radiance,0.8,0.8,Nikon D3,FL2,0.0,0.0
shading,cie_xyz,0.8,0.8,Nikon D3,FL2,0.0,0.0
shading,camera_rgb_raw,0.8,0.8,Nikon D3,FL2,0.0,0.0
shading,camera_rgb_wb,0.8,0.8,Nikon D3,FL2,0.0,0.0
shading,spectral_radiance,0.8,0.8,Nikon D300s,FL2,0.0,0.0
shading,cie_xyz,0.8,0.8,Nikon D300s,FL2,0.0,0.0
shading,camera_rgb_raw,0.8,0.8,Nikon D300s,FL2,0.0,0.0
shading,camera_rgb_wb,0.8,0.8,Nikon D300s,FL2,0.0,0.0
shading,spectral_radiance,0.8,0.8,Nikon D300s,FL2,0.0,0.0
shading,cie_xyz,0.8,0.8,Nikon D300s,FL2,0.0,0.0
shading,camera_rgb_raw,0.8,0.8,Nikon D300s,FL2,0.0,0.0
shading,camera_rgb_wb,0.8,0.8,Nikon D300s,FL2,0.0,0.0
shading,spectral_radiance,0.8,0.8,Nikon D300s,FL2,4.33680868994e-19,1.74533793207e-16
shading,cie_xyz,0.8,0.8,Nikon D300s,FL2,2.77555756156e-17,1.82836416449e-16
shading,camera_rgb_raw,0.8,0.8,Nikon D300s,FL2,2.77555756156e-17,2.87676891943e-16
shading,camera_rgb_wb,0.8,0.8,Nikon D300s,FL2,5.55111512313e-17,2.95210897503e-16
shading,spectral_radiance,0.8,0.8,Nikon D300s,FL2,0.0,0.0
shading,cie_xyz,0.8,0.8,Nikon D300s,FL2,0.0,0.0
shading,camera_rgb_raw,0.8,0.8,Nikon D300s,FL2,0.0,0.0
shading,camera_rgb_wb,0.8,0.8,Nikon D300s,FL2,0.0,0.0
shading,spectral_radiance,0.8,0.8,Nikon D40,FL2,0.0,0.0
shading,cie_xyz,0.8,0.8,Nikon D40,FL2,0.0,0.0
shading,camera_rgb_raw,0.8,0.8,Nikon D40,FL2,0.0,0.0
shading,camera_rgb_wb,0.8,0.8,Nikon D40,FL2,0.0,0.0
shading,spectral_radiance,0.8,0.8,Nikon D40,FL2,0.0,0.0
shading,cie_xyz,0.8,0.8,Nikon D40,FL2,0.0,0.0
shading,camera_rgb_raw,0.8,0.8,Nikon D40,FL2,0.0,0.0
shading,camera_rgb_wb,0.8,0.8,Nikon D40,FL2,0.0,0.0
shading,spectral_radiance,0.8,0.8,Nikon D40,FL2,4.33680868994e-19,1.74533793207e-16
shading,cie_xyz,0.8,0.8,Nikon D40,FL2,2.77555756156e-17,1.82836416449e-16
shading,camera_rgb_raw,0.8,0.8,Nikon D40,FL2,1.38777878078e-17,1.96548327162e-16
shading,camera_rgb_wb,0.8,0.8,Nikon D40,FL2,5.55111512313e-17,2.95422853785e-16
shading,spectral_radiance,0.8,0.8,Nikon D40,FL2,0.0,0.0
shading,cie_xyz,0.8,0.8,Nikon D40,FL2,0.0,0.0
shading,camera_rgb_raw,0.8,0.8,Nikon D40,FL2,0.0,0.0
shading,camera_rgb_wb,0.8,0.8,Nikon D40,FL2,0.0,0.0
shading,spectral_radiance,0.8,0.8,Nikon D50,FL2,0.0,0.0
shading,cie_xyz,0.8,0.8,Nikon D50,FL2,0.0,0.0
shading,camera_rgb_raw,0.8,0.8,Nikon D50,FL2,0.0,0.0
shading,camera_rgb_wb,0.8,0.8,Nikon D50,FL2,0.0,0.0
shading,spectral_radiance,0.8,0.8,Nikon D50,FL2,0.0,0.0
shading,cie_xyz,0.8,0.8,Nikon D50,FL2,0.0,0.0
shading,camera_rgb_raw,0.8,0.8,Nikon D50,FL2,0.0,0.0
shading,camera_rgb_wb,0.8,0.8,Nikon D50,FL2,0.0,0.0
shading,spectral_radiance,0.8,0.8,Nikon D50,FL2,4.33680868994e-19,1.74533793207e-16
shading,cie_xyz,0.8,0.8,Nikon D50,FL2,2.77555756156e-17,1.82836416449e-16
shading,camera_rgb_raw,0.8,0.8,Nikon D50,FL2,2.08166817117e-17,3.01456575772e-16
shading,camera_rgb_wb,0.8,0.8,Nikon D50,FL2,2.77555756156e-17,1.42624460188e-16
shading,spectral_radiance,0.8,0.8,Nikon D50,FL2,0.0,0.0
shading,cie_xyz,0.8,0.8,Nikon D50,FL2,0.0,0.0
shading,camera_rgb_raw,0.8,0.8,Nikon D50,FL2,0.0,0.0
shading,camera_rgb_wb,0.8,0.8,Nikon D50,FL2,0.0,0.0
shading,spectral_radiance,0.8,0.8,Nikon D5100,FL2,0.0,0.0
shading,cie_xyz,0.8,0.8,Nikon D5100,FL2,0.0,0.0
shading,camera_rgb_raw,0.8,0.8,Nikon D5100,FL2,0.0,0.0
shading,camera_rgb_wb,0.8,0.8,Nikon D5100,FL2,0.0,0.0
shading,spectral_radiance,0.8,0.8,Nikon D5100,FL2,0.0,0.0
shading,cie_xyz,0.8,0.8,Nikon D5100,FL2,0.0,0.0
shading,camera_rgb_raw,0.8,0.8,Nikon D5100,FL2,0.0,0.0
shading,camera_rgb_wb,0.8,0.8,Nikon D5100,FL2,0.0,0.0
shading,spectral_radiance,0.8,0.8,Nikon D5100,FL2,4.33680868994e-19,1.74533793207e-16
shading,cie_xyz,0.8,0.8,Nikon D5100,FL2,2.77555756156e-17,1.82836416449e-16
shading,camera_rgb_raw,0.8,0.8,Nikon D5100,FL2,2.77555756156e-17,3.4301477611e-16
shading,camera_rgb_wb,0.8,0.8,Nikon D5100,FL2,4.16333634234e-17,2.2224462597e-16
shading,spectral_radiance,0.8,0.8,Nikon D5100,FL2,0.0,0.0
shading,cie_xyz,0.8,0.8,Nikon D5100,FL2,0.0,0.0
shading,camera_rgb_raw,0.8,0.8,Nikon D5100,FL2,0.0,0.0
shading,camera_rgb_wb,0.8,0.8,Nikon D5100,FL2,0.0,0.0
shading,spectral_radiance,0.8,0.8,Nikon D700,FL2,0.0,0.0
shading,cie_xyz,0.8,0.8,Nikon D700,FL2,0.0,0.0
shading,camera_rgb_raw,0.8,0.8,Nikon D700,FL2,0.0,0.0
shading,camera_rgb_wb,0.8,0.8,Nikon D700,FL2,0.0,0.0
shading,spectral_radiance,0.8,0.8,Nikon D700,FL2,0.0,0.0
shading,cie_xyz,0.8,0.8,Nikon D700,FL2,0.0,0.0
shading,camera_rgb_raw,0.8,0.8,Nikon D700,FL2,0.0,0.0
shading,camera_rgb_wb,0.8,0.8,Nikon D700,FL2,0.0,0.0
shading,spectral_radiance,0.8,0.8,Nikon D700,FL2,4.33680868994e-19,1.74533793207e-16
shading,cie_xyz,0.8,0.8,Nikon D700,FL2,2.77555756156e-17,1.82836416449e-16
shading,camera_rgb_raw,0.8,0.8,Nikon D700,FL2,1.38777878078e-17,1.6149737053e-16
shading,camera_rgb_wb,0.8,0.8,Nikon D700,FL2,2.77555756156e-17,1.4393212931e-16
shading,spectral_radiance,0.8,0.8,Nikon D700,FL2,0.0,0.0
shading,cie_xyz,0.8,0.8,Nikon D700,FL2,0.0,0.0
shading,camera_rgb_raw,0.8,0.8,Nikon D700,FL2,0.0,0.0
shading,camera_rgb_wb,0.8,0.8,Nikon D700,FL2,0.0,0.0
shading,spectral_radiance,0.8,0.8,Nikon D80,FL2,0.0,0.0
shading,cie_xyz,0.8,0.8,Nikon D80,FL2,0.0,0.0
shading,camera_rgb_raw,0.8,0.8,Nikon D80,FL2,0.0,0.0
shading,camera_rgb_wb,0.8,0.8,Nikon D80,FL2,0.0,0.0
shading,spectral_radiance,0.8,0.8,Nikon D80,FL2,0.0,0.0
shading,cie_xyz,0.8,0.8,Nikon D80,FL2,0.0,0.0
shading,camera_rgb_raw,0.8,0.8,Nikon D80,FL2,0.0,0.0
shading,camera_rgb_wb,0.8,0.8,Nikon D80,FL2,0.0,0.0
shading,spectral_radiance,0.8,0.8,Nikon D80,FL2,4.33680868994e-19,1.74533793207e-16
shading,cie_xyz,0.8,0.8,Nikon D80,FL2,2.77555756156e-17,1.82836416449e-16
shading,camera_rgb_raw,0.8,0.8,Nikon D80,FL2,5.55111512313e-17,7.12209720674e-16
shading,camera_rgb_wb,0.8,0.8,Nikon D80,FL2,1.11022302463e-16,5.72987334903e-16
shading,spectral_radiance,0.8,0.8,Nikon D80,FL2,0.0,0.0
shading,cie_xyz,0.8,0.8,Nikon D80,FL2,0.0,0.0
shading,camera_rgb_raw,0.8,0.8,Nikon D80,FL2,0.0,0.0
shading,camera_rgb_wb,0.8,0.8,Nikon D80,FL2,0.0,0.0
shading,spectral_radiance,0.8,0.8,Nikon D90,FL2,0.0,0.0
shading,cie_xyz,0.8,0.8,Nikon D90,FL2,0.0,0.0
shading,camera_rgb_raw,0.8,0.8,Nikon D90,FL2,0.0,0.0
shading,camera_rgb_wb,0.8,0.8,Nikon D90,FL2,0.0,0.0
shading,spectral_radiance,0.8,0.8,Nikon D90,FL2,0.0,0.0
shading,cie_xyz,0.8,0.8,Nikon D90,FL2,0.0,0.0
shading,camera_rgb_raw,0.8,0.8,Nikon D90,FL2,0.0,0.0
shading,camera_rgb_wb,0.8,0.8,Nikon D90,FL2,0.0,0.0
shading,spectral_radiance,0.8,0.8,Nikon D90,FL2,4.33680868994e-19,1.74533793207e-16
shading,cie_xyz,0.8,0.8,Nikon D90,FL2,2.77555756156e-17,1.82836416449e-16
shading,camera_rgb_raw,0.8,0.8,Nikon D90,FL2,1.38777878078e-17,1.78224282559e-16
shading,camera_rgb_wb,0.8,0.8,Nikon D90,FL2,2.77555756156e-17,1.47055089144e-16
shading,spectral_radiance,0.8,0.8,Nikon D90,FL2,0.0,0.0
shading,cie_xyz,0.8,0.8,Nikon D90,FL2,0.0,0.0
shading,camera_rgb_raw,0.8,0.8,Nikon D90,FL2,0.0,0.0
shading,camera_rgb_wb,0.8,0.8,Nikon D90,FL2,0.0,0.0
shading,spectral_radiance,0.8,0.8,Nokia N900,FL2,0.0,0.0
shading,cie_xyz,0.8,0.8,Nokia N900,FL2,0.0,0.0
shading,camera_rgb_raw,0.8,0.8,Nokia N900,FL2,0.0,0.0
shading,camera_rgb_wb,0.8,0.8,Nokia N900,FL2,0.0,0.0
shading,spectral_radiance,0.8,0.8,Nokia N900,FL2,0.0,0.0
shading,cie_xyz,0.8,0.8,Nokia N900,FL2,0.0,0.0
shading,camera_rgb_raw,0.8,0.8,Nokia N900,FL2,0.0,0.0
shading,camera_rgb_wb,0.8,0.8,Nokia N900,FL2,0.0,0.0
shading,spectral_radiance,0.8,0.8,Nokia N900,FL2,4.33680868994e-19,1.74533793207e-16
shading,cie_xyz,0.8,0.8,Nokia N900,FL2,2.77555756156e-17,1.82836416449e-16
shading,camera_rgb_raw,0.8,0.8,Nokia N900,FL2,2.77555756156e-17,2.15471175387e-16
shading,camera_rgb_wb,0.8,0.8,Nokia N900,FL2,4.16333634234e-17,2.04340260565e-16
shading,spectral_radiance,0.8,0.8,Nokia N900,FL2,0.0,0.0
shading,cie_xyz,0.8,0.8,Nokia N900,FL2,0.0,0.0
shading,camera_rgb_raw,0.8,0.8,Nokia N900,FL2,0.0,0.0
shading,camera_rgb_wb,0.8,0.8,Nokia N900,FL2,0.0,0.0
shading,spectral_radiance,0.8,0.8,Olympus E-PL2,FL2,0.0,0.0
shading,cie_xyz,0.8,0.8,Olympus E-PL2,FL2,0.0,0.0
shading,camera_rgb_raw,0.8,0.8,Olympus E-PL2,FL2,0.0,0.0
shading,camera_rgb_wb,0.8,0.8,Olympus E-PL2,FL2,0.0,0.0
shading,spectral_radiance,0.8,0.8,Olympus E-PL2,FL2,0.0,0.0
shading,cie_xyz,0.8,0.8,Olympus E-PL2,FL2,0.0,0.0
shading,camera_rgb_raw,0.8,0.8,Olympus E-PL2,FL2,0.0,0.0
shading,camera_rgb_wb,0.8,0.8,Olympus E-PL2,FL2,0.0,0.0
shading,spectral_radiance,0.8,0.8,Olympus E-PL2,FL2,4.33680868994e-19,1.74533793207e-16
shading,cie_xyz,0.8,0.8,Olympus E-PL2,FL2,2.77555756156e-17,1.82836416449e-16
shading,camera_rgb_raw,0.8,0.8,Olympus E-PL2,FL2,5.55111512313e-17,4.11577303199e-16
shading,camera_rgb_wb,0.8,0.8,Olympus E-PL2,FL2,5.55111512313e-17,2.57787290012e-16
shading,spectral_radiance,0.8,0.8,Olympus E-PL2,FL2,0.0,0.0
shading,cie_xyz,0.8,0.8,Olympus E-PL2,FL2,0.0,0.0
shading,camera_rgb_raw,0.8,0.8,Olympus E-PL2,FL2,0.0,0.0
shading,camera_rgb_wb,0.8,0.8,Olympus E-PL2,FL2,0.0,0.0
shading,spectral_radiance,0.8,0.8,Pentax K-5,FL2,0.0,0.0
shading,cie_xyz,0.8,0.8,Pentax K-5,FL2,0.0,0.0
shading,camera_rgb_raw,0.8,0.8,Pentax K-5,FL2,0.0,0.0
shading,camera_rgb_wb,0.8,0.8,Pentax K-5,FL2,0.0,0.0
shading,spectral_radiance,0.8,0.8,Pentax K-5,FL2,0.0,0.0
shading,cie_xyz,0.8,0.8,Pentax K-5,FL2,0.0,0.0
shading,camera_rgb_raw,0.8,0.8,Pentax K-5,FL2,0.0,0.0
shading,camera_rgb_wb,0.8,0.8,Pentax K-5,FL2,0.0,0.0
shading,spectral_radiance,0.8,0.8,Pentax K-5,FL2,4.33680868994e-19,1.74533793207e-16
shading,cie_xyz,0.8,0.8,Pentax K-5,FL2,2.77555756156e-17,1.82836416449e-16
shading,camera_rgb_raw,0.8,0.8,Pentax K-5,FL2,1.38777878078e-17,1.789605465e-16
shading,camera_rgb_wb,0.8,0.8,Pentax K-5,FL2,2.77555756156e-17,1.45779977255e-16
shading,spectral_radiance,0.8,0.8,Pentax K-5,FL2,0.0,0.0
shading,cie_xyz,0.8,0.8,Pentax K-5,FL2,0.0,0.0
shading,camera_rgb_raw,0.8,0.8,Pentax K-5,FL2,0.0,0.0
shading,camera_rgb_wb,0.8,0.8,Pentax K-5,FL2,0.0,0.0
shading,spectral_radiance,0.8,0.8,Pentax Q,FL2,0.0,0.0
shading,cie_xyz,0.8,0.8,Pentax Q,FL2,0.0,0.0
shading,camera_rgb_raw,0.8,0.8,Pentax Q,FL2,0.0,0.0
shading,camera_rgb_wb,0.8,0.8,Pentax Q,FL2,0.0,0.0
shading,spectral_radiance,0.8,0.8,Pentax Q,FL2,0.0,0.0
shading,cie_xyz,0.8,0.8,Pentax Q,FL2,0.0,0.0
shading,camera_rgb_raw,0.8,0.8,Pentax Q,FL2,0.0,0.0
shading,camera_rgb_wb,0.8,0.8,Pentax Q,FL2,0.0,0.0
shading,spectral_radiance,0.8,0.8,Pentax Q,FL2,4.33680868994e-19,1.74533793207e-16
shading,cie_xyz,0.8,0.8,Pentax Q,FL2,2.77555756156e-17,1.82836416449e-16
shading,camera_rgb_raw,0.8,0.8,Pentax Q,FL2,5.55111512313e-17,4.25605096053e-16
shading,camera_rgb_wb,0.8,0.8,Pentax Q,FL2,1.11022302463e-16,5.45173874324e-16
shading,spectral_radiance,0.8,0.8,Pentax Q,FL2,0.0,0.0
shading,cie_xyz,0.8,0.8,Pentax Q,FL2,0.0,0.0
shading,camera_rgb_raw,0.8,0.8,Pentax Q,FL2,0.0,0.0
shading,camera_rgb_wb,0.8,0.8,Pentax Q,FL2,0.0,0.0
shading,spectral_radiance,0.8,0.8,Point Grey Grasshopper 50S5C,FL2,0.0,0.0
shading,cie_xyz,0.8,0.8,Point Grey Grasshopper 50S5C,FL2,0.0,0.0
shading,camera_rgb_raw,0.8,0.8,Point Grey Grasshopper 50S5C,FL2,0.0,0.0
shading,camera_rgb_wb,0.8,0.8,Point Grey Grasshopper 50S5C,FL2,0.0,0.0
shading,spectral_radiance,0.8,0.8,Point Grey Grasshopper 50S5C,FL2,0.0,0.0
shading,cie_xyz,0.8,0.8,Point Grey Grasshopper 50S5C,FL2,0.0,0.0
shading,camera_rgb_raw,0.8,0.8,Point Grey Grasshopper 50S5C,FL2,0.0,0.0
shading,camera_rgb_wb,0.8,0.8,Point Grey Grasshopper 50S5C,FL2,0.0,0.0
shading,spectral_radiance,0.8,0.8,Point Grey Grasshopper 50S5C,FL2,4.33680868994e-19,1.74533793207e-16
shading,cie_xyz,0.8,0.8,Point Grey Grasshopper 50S5C,FL2,2.77555756156e-17,1.82836416449e-16
shading,camera_rgb_raw,0.8,0.8,Point Grey Grasshopper 50S5C,FL2,1.38777878078e-17,2.08678481519e-16
shading,camera_rgb_wb,0.8,0.8,Point Grey Grasshopper 50S5C,FL2,5.55111512313e-17,2.09465445113e-16
shading,spectral_radiance,0.8,0.8,Point Grey Grasshopper 50S5C,FL2,0.0,0.0
shading,cie_xyz,0.8,0.8,Point Grey Grasshopper 50S5C,FL2,0.0,0.0
shading,camera_rgb_raw,0.8,0.8,Point Grey Grasshopper 50S5C,FL2,0.0,0.0
shading,camera_rgb_wb,0.8,0.8,Point Grey Grasshopper 50S5C,FL2,0.0,0.0
shading,spectral_radiance,0.8,0.8,Point Grey Grasshopper2 14S5C,FL2,0.0,0.0
shading,cie_xyz,0.8,0.8,Point Grey Grasshopper2 14S5C,FL2,0.0,0.0
shading,camera_rgb_raw,0.8,0.8,Point Grey Grasshopper2 14S5C,FL2,0.0,0.0
shading,camera_rgb_wb,0.8,0.8,Point Grey Grasshopper2 14S5C,FL2,0.0,0.0
shading,spectral_radiance,0.8,0.8,Point Grey Grasshopper2 14S5C,FL2,0.0,0.0
shading,cie_xyz,0.8,0.8,Point Grey Grasshopper2 14S5C,FL2,0.0,0.0
shading,camera_rgb_raw,0.8,0.8,Point Grey Grasshopper2 14S5C,FL2,0.0,0.0
shading,camera_rgb_wb,0.8,0.8,Point Grey Grasshopper2 14S5C,FL2,0.0,0.0
shading,spectral_radiance,0.8,0.8,Point Grey Grasshopper2 14S5C,FL2,4.33680868994e-19,1.74533793207e-16
shading,cie_xyz,0.8,0.8,Point Grey Grasshopper2 14S5C,FL2,2.77555756156e-17,1.82836416449e-16
shading,camera_rgb_raw,0.8,0.8,Point Grey Grasshopper2 14S5C,FL2,1.38777878078e-17,1.52529981988e-16
shading,camera_rgb_wb,0.8,0.8,Point Grey Grasshopper2 14S5C,FL2,2.77555756156e-17,1.22643834915e-16
shading,spectral_radiance,0.8,0.8,Point Grey Grasshopper2 14S5C,FL2,0.0,0.0
shading,cie_xyz,0.8,0.8,Point Grey Grasshopper2 14S5C,FL2,0.0,0.0
shading,camera_rgb_raw,0.8,0.8,Point Grey Grasshopper2 14S5C,FL2,0.0,0.0
shading,camera_rgb_wb,0.8,0.8,Point Grey Grasshopper2 14S5C,FL2,0.0,0.0
shading,spectral_radiance,0.8,0.8,Phase One,FL2,0.0,0.0
shading,cie_xyz,0.8,0.8,Phase One,FL2,0.0,0.0
shading,camera_rgb_raw,0.8,0.8,Phase One,FL2,0.0,0.0
shading,camera_rgb_wb,0.8,0.8,Phase One,FL2,0.0,0.0
shading,spectral_radiance,0.8,0.8,Phase One,FL2,0.0,0.0
shading,cie_xyz,0.8,0.8,Phase One,FL2,0.0,0.0
shading,camera_rgb_raw,0.8,0.8,Phase One,FL2,0.0,0.0
shading,camera_rgb_wb,0.8,0.8,Phase One,FL2,0.0,0.0
shading,spectral_radiance,0.8,0.8,Phase One,FL2,4.33680868994e-19,1.74533793207e-16
shading,cie_xyz,0.8,0.8,Phase One,FL2,2.77555756156e-17,1.82836416449e-16
shading,camera_rgb_raw,0.8,0.8,Phase One,FL2,6.93889390391e-18,7.72197979839e-17
shading,camera_rgb_wb,0.8,0.8,Phase One,FL2,1.38777878078e-17,8.78174666911e-17
shading,spectral_radiance,0.8,0.8,Phase One,FL2,0.0,0.0
shading,cie_xyz,0.8,0.8,Phase One,FL2,0.0,0.0
shading,camera_rgb_raw,0.8,0.8,Phase One,FL2,0.0,0.0
shading,camera_rgb_wb,0.8,0.8,Phase One,FL2,0.0,0.0
shading,spectral_radiance,0.8,0.8,SONY NEX-5N,FL2,0.0,0.0
shading,cie_xyz,0.8,0.8,SONY NEX-5N,FL2,0.0,0.0
shading,camera_rgb_raw,0.8,0.8,SONY NEX-5N,FL2,0.0,0.0
shading,camera_rgb_wb,0.8,0.8,SONY NEX-5N,FL2,0.0,0.0
shading,spectral_radiance,0.8,0.8,SONY NEX-5N,FL2,0.0,0.0
shading,cie_xyz,0.8,0.8,SONY NEX-5N,FL2,0.0,0.0
shading,camera_rgb_raw,0.8,0.8,SONY NEX-5N,FL2,0.0,0.0
shading,camera_rgb_wb,0.8,0.8,SONY NEX-5N,FL2,0.0,0.0
shading,spectral_radiance,0.8,0.8,SONY NEX-5N,FL2,4.33680868994e-19,1.74533793207e-16
shading,cie_xyz,0.8,0.8,SONY NEX-5N,FL2,2.77555756156e-17,1.82836416449e-16
shading,camera_rgb_raw,0.8,0.8,SONY NEX-5N,FL2,4.16333634234e-17,6.72394451295e-16
shading,camera_rgb_wb,0.8,0.8,SONY NEX-5N,FL2,1.11022302463e-16,6.16248414805e-16
shading,spectral_radiance,0.8,0.8,SONY NEX-5N,FL2,0.0,0.0
shading,cie_xyz,0.8,0.8,SONY NEX-5N,FL2,0.0,0.0
shading,camera_rgb_raw,0.8,0.8,SONY NEX-5N,FL2,0.0,0.0
shading,camera_rgb_wb,0.8,0.8,SONY NEX-5N,FL2,0.0,0.0
shading,spectral_radiance,0.8,0.8,Canon 1DMarkIII,FL11,0.0,0.0
shading,cie_xyz,0.8,0.8,Canon 1DMarkIII,FL11,0.0,0.0
shading,camera_rgb_raw,0.8,0.8,Canon 1DMarkIII,FL11,0.0,0.0
shading,camera_rgb_wb,0.8,0.8,Canon 1DMarkIII,FL11,0.0,0.0
shading,spectral_radiance,0.8,0.8,Canon 1DMarkIII,FL11,0.0,0.0
shading,cie_xyz,0.8,0.8,Canon 1DMarkIII,FL11,0.0,0.0
shading,camera_rgb_raw,0.8,0.8,Canon 1DMarkIII,FL11,0.0,0.0
shading,camera_rgb_wb,0.8,0.8,Canon 1DMarkIII,FL11,0.0,0.0
shading,spectral_radiance,0.8,0.8,Canon 1DMarkIII,FL11,1.73472347598e-18,1.79798990359e-16
shading,cie_xyz,0.8,0.8,Canon 1DMarkIII,FL11,2.77555756156e-17,1.54197832792e-16
shading,camera_rgb_raw,0.8,0.8,Canon 1DMarkIII,FL11,1.38777878078e-17,1.58665200233e-16
shading,camera_rgb_wb,0.8,0.8,Canon 1DMarkIII,FL11,5.55111512313e-17,2.6089152337e-16
shading,spectral_radiance,0.8,0.8,Canon 1DMarkIII,FL11,0.0,0.0
shading,cie_xyz,0.8,0.8,Canon 1DMarkIII,FL11,0.0,0.0
shading,camera_rgb_raw,0.8,0.8,Canon 1DMarkIII,FL11,0.0,0.0
shading,camera_rgb_wb,0.8,0.8,Canon 1DMarkIII,FL11,0.0,0.0
shading,spectral_radiance,0.8,0.8,Canon 20D,FL11,0.0,0.0
shading,cie_xyz,0.8,0.8,Canon 20D,FL11,0.0,0.0
shading,camera_rgb_raw,0.8,0.8,Canon 20D,FL11,0.0,0.0
shading,camera_rgb_wb,0.8,0.8,Canon 20D,FL11,0.0,0.0
shading,spectral_radiance,0.8,0.8,Canon 20D,FL11,0.0,0.0
shading,cie_xyz,0.8,0.8,Canon 20D,FL11,0.0,0.0
shading,camera_rgb_raw,0.8,0.8,Canon 20D,FL11,0.0,0.0
shading,camera_rgb_wb,0.8,0.8,Canon 20D,FL11,0.0,0.0
shading,spectral_radiance,0.8,0.8,Canon 20D,FL11,1.73472347598e-18,1.79798990359e-16
shading,cie_xyz,0.8,0.8,Canon 20D,FL11,2.77555756156e-17,1.54197832792e-16
shading,camera_rgb_raw,0.8,0.8,Canon 20D,FL11,4.16333634234e-17,4.25899773508e-16
shading,camera_rgb_wb,0.8,0.8,Canon 20D,FL11,5.55111512313e-17,2.60855027317e-16
shading,spectral_radiance,0.8,0.8,Canon 20D,FL11,0.0,0.0
shading,cie_xyz,0.8,0.8,Canon 20D,FL11,0.0,0.0
shading,camera_rgb_raw,0.8,0.8,Canon 20D,FL11,0.0,0.0
shading,camera_rgb_wb,0.8,0.8,Canon 20D,FL11,0.0,0.0
shading,spectral_radiance,0.8,0.8,Canon 300D,FL11,0.0,0.0
shading,cie_xyz,0.8,0.8,Canon 300D,FL11,0.0,0.0
shading,camera_rgb_raw,0.8,0.8,Canon 300D,FL11,0.0,0.0
shading,camera_rgb_wb,0.8,0.8,Canon 300D,FL11,0.0,0.0
shading,spectral_radiance,0.8,0.8,Canon 300D,FL11,0.0,0.0
shading,cie_xyz,0.8,0.8,Canon 300D,FL11,0.0,0.0
shading,camera_rgb_raw,0.8,0.8,Canon 300D,FL11,0.0,0.0
shading,camera_rgb_wb,0.8,0.8,Canon 300D,FL11,0.0,0.0
shading,spectral_radiance,0.8,0.8,Canon 300D,FL11,1.73472347598e-18,1.79798990359e-16
shading,cie_xyz,0.8,0.8,Canon 300D,FL11,2.77555756156e-17,1.54197832792e-16
shading,camera_rgb_raw,0.8,0.8,Canon 300D,FL11,1.38777878078e-17,1.33058161896e-16
shading,camera_rgb_wb,0.8,0.8,Canon 300D,FL11,2.77555756156e-17,1.21057892569e-16
shading,spectral_radiance,0.8,0.8,Canon 300D,FL11,0.0,0.0
shading,cie_xyz,0.8,0.8,Canon 300D,FL11,0.0,0.0
shading,camera_rgb_raw,0.8,0.8,Canon 300D,FL11,0.0,0.0
shading,camera_rgb_wb,0.8,0.8,Canon 300D,FL11,0.0,0.0
shading,spectral_radiance,0.8,0.8,Canon 40D,FL11,0.0,0.0
shading,cie_xyz,0.8,0.8,Canon 40D,FL11,0.0,0.0
shading,camera_rgb_raw,0.8,0.8,Canon 40D,FL11,0.0,0.0
shading,camera_rgb_wb,0.8,0.8,Canon 40D,FL11,0.0,0.0
shading,spectral_radiance,0.8,0.8,Canon 40D,FL11,0.0,0.0
shading,cie_xyz,0.8,0.8,Canon 40D,FL11,0.0,0.0
shading,camera_rgb_raw,0.8,0.8,Canon 40D,FL11,0.0,0.0
shading,camera_rgb_wb,0.8,0.8,Canon 40D,FL11,0.0,0.0
shading,spectral_radiance,0.8,0.8,Canon 40D,FL11,1.73472347598e-18,1.79798990359e-16
shading,cie_xyz,0.8,0.8,Canon 40D,FL11,2.77555756156e-17,1.54197832792e-16
shading,camera_rgb_raw,0.8,0.8,Canon 40D,FL11,2.77555756156e-17,3.18689257672e-16
shading,camera_rgb_wb,0.8,0.8,Canon 40D,FL11,2.77555756156e-17,1.30947643771e-16
shading,spectral_radiance,0.8,0.8,Canon 40D,FL11,0.0,0.0
shading,cie_xyz,0.8,0.8,Canon 40D,FL11,0.0,0.0
shading,camera_rgb_raw,0.8,0.8,Canon 40D,FL11,0.0,0.0
shading,camera_rgb_wb,0.8,0.8,Canon 40D,FL11,0.0,0.0
shading,spectral_radiance,0.8,0.8,Canon 500D,FL11,0.0,0.0
shading,cie_xyz,0.8,0.8,Canon 500D,FL11,0.0,0.0
shading,camera_rgb_raw,0.8,0.8,Canon 500D,FL11,0.0,0.0
shading,camera_rgb_wb,0.8,0.8,Canon 500D,FL11,0.0,0.0
shading,spectral_radiance,0.8,0.8,Canon 500D,FL11,0.0,0.0
shading,cie_xyz,0.8,0.8,Canon 500D,FL11,0.0,0.0
shading,camera_rgb_raw,0.8,0.8,Canon 500D,FL11,0.0,0.0
shading,camera_rgb_wb,0.8,0.8,Canon 500D,FL11,0.0,0.0
shading,spectral_radiance,0.8,0.8,Canon 500D,FL11,1.73472347598e-18,1.79798990359e-16
shading,cie_xyz,0.8,0.8,Canon 500D,FL11,2.77555756156e-17,1.54197832792e-16
shading,camera_rgb_raw,0.8,0.8,Canon 500D,FL11,1.38777878078e-17,1.49694168288e-16
shading,camera_rgb_wb,0.8,0.8,Canon 500D,FL11,6.93889390391e-18,3.66821402209e-17
shading,spectral_radiance,0.8,0.8,Canon 500D,FL11,0.0,0.0
shading,cie_xyz,0.8,0.8,Canon 500D,FL11,0.0,0.0
shading,camera_rgb_raw,0.8,0.8,Canon 500D,FL11,0.0,0.0
shading,camera_rgb_wb,0.8,0.8,Canon 500D,FL11,0.0,0.0
shading,spectral_radiance,0.8,0.8,Canon 50D,FL11,0.0,0.0
shading,cie_xyz,0.8,0.8,Canon 50D,FL11,0.0,0.0
shading,camera_rgb_raw,0.8,0.8,Canon 50D,FL11,0.0,0.0
shading,camera_rgb_wb,0.8,0.8,Canon 50D,FL11,0.0,0.0
shading,spectral_radiance,0.8,0.8,Canon 50D,FL11,0.0,0.0
shading,cie_xyz,0.8,0.8,Canon 50D,FL11,0.0,0.0
shading,camera_rgb_raw,0.8,0.8,Canon 50D,FL11,0.0,0.0
shading,camera_rgb_wb,0.8,0.8,Canon 50D,FL11,0.0,0.0
shading,spectral_radiance,0.8,0.8,Canon 50D,FL11,1.73472347598e-18,1.79798990359e-16
shading,cie_xyz,0.8,0.8,Canon 50D,FL11,2.77555756156e-17,1.54197832792e-16
shading,camera_rgb_raw,0.8,0.8,Canon 50D,FL11,2.77555756156e-17,2.96553321966e-16
shading,camera_rgb_wb,0.8,0.8,Canon 50D,FL11,2.77555756156e-17,1.42407292204e-16
shading,spectral_radiance,0.8,0.8,Canon 50D,FL11,0.0,0.0
shading,cie_xyz,0.8,0.8,Canon 50D,FL11,0.0,0.0
shading,camera_rgb_raw,0.8,0.8,Canon 50D,FL11,0.0,0.0
shading,camera_rgb_wb,0.8,0.8,Canon 50D,FL11,0.0,0.0
shading,spectral_radiance,0.8,0.8,Canon 5DMarkII,FL11,0.0,0.0
shading,cie_xyz,0.8,0.8,Canon 5DMarkII,FL11,0.0,0.0
shading,camera_rgb_raw,0.8,0.8,Canon 5DMarkII,FL11,0.0,0.0
shading,camera_rgb_wb,0.8,0.8,Canon 5DMarkII,FL11,0.0,0.0
shading,spectral_radiance,0.8,0.8,Canon 5DMarkII,FL11,0.0,0.0
shading,cie_xyz,0.8,0.8,Canon 5DMarkII,FL11,0.0,0.0
shading,camera_rgb_raw,0.8,0.8,Canon 5DMarkII,FL11,0.0,0.0
shading,camera_rgb_wb,0.8,0.8,Canon 5DMarkII,FL11,0.0,0.0
shading,spectral_radiance,0.8,0.8,Canon 5DMarkII,FL11,1.73472347598e-18,1.79798990359e-16
shading,cie_xyz,0.8,0.8,Canon 5DMarkII,FL11,2.77555756156e-17,1.54197832792e-16
shading,camera_rgb_raw,0.8,0.8,Canon 5DMarkII,FL11,1.38777878078e-17,1.54678373233e-16
shading,camera_rgb_wb,0.8,0.8,Canon 5DMarkII,FL11,5.55111512313e-17,2.77024534178e-16
shading,spectral_radiance,0.8,0.8,Canon 5DMarkII,FL11,0.0,0.0
shading,cie_xyz,0.8,0.8,Canon 5DMarkII,FL11,0.0,0.0
shading,camera_rgb_raw,0.8,0.8,Canon 5DMarkII,FL11,0.0,0.0
shading,camera_rgb_wb,0.8,0.8,Canon 5DMarkII,FL11,0.0,0.0
shading,spectral_radiance,0.8,0.8,Canon 600D,FL11,0.0,0.0
shading,cie_xyz,0.8,0.8,Canon 600D,FL11,0.0,0.0
shading,camera_rgb_raw,0.8,0.8,Canon 600D,FL11,0.0,0.0
shading,camera_rgb_wb,0.8,0.8,Canon 600D,FL11,0.0,0.0
shading,spectral_radiance,0.8,0.8,Canon 600D,FL11,0.0,0.0
shading,cie_xyz,0.8,0.8,Canon 600D,FL11,0.0,0.0
shading,camera_rgb_raw,0.8,0.8,Canon 600D,FL11,0.0,0.0
shading,camera_rgb_wb,0.8,0.8,Canon 600D,FL11,0.0,0.0
shading,spectral_radiance,0.8,0.8,Canon 600D,FL11,1.73472347598e-18,1.79798990359e-16
shading,cie_xyz,0.8,0.8,Canon 600D,FL11,2.77555756156e-17,1.54197832792e-16
shading,camera_rgb_raw,0.8,0.8,Canon 600D,FL11,1.38777878078e-17,1.57357659605e-16
shading,camera_rgb_wb,0.8,0.8,Canon 600D,FL11,5.55111512313e-17,2.67855033593e-16
shading,spectral_radiance,0.8,0.8,Canon 600D,FL11,0.0,0.0
shading,cie_xyz,0.8,0.8,Canon 600D,FL11,0.0,0.0
shading,camera_rgb_raw,0.8,0.8,Canon 600D,FL11,0.0,0.0
shading,camera_rgb_wb,0.8,0.8,Canon 600D,FL11,0.0,0.0
shading,spectral_radiance,0.8,0.8,Canon 60D,FL11,0.0,0.0
shading,cie_xyz,0.8,0.8,Canon 60D,FL11,0.0,0.0
shading,camera_rgb_raw,0.8,0.8,Canon 60D,FL11,0.0,0.0
shading,camera_rgb_wb,0.8,0.8,Canon 60D,FL11,0.0,0.0
shading,spectral_radiance,0.8,0.8,Canon 60D,FL11,0.0,0.0
shading,cie_xyz,0.8,0.8,Canon 60D,FL11,0.0,0.0
shading,camera_rgb_raw,0.8,0.8,Canon 60D,FL11,0.0,0.0
shading,camera_rgb_wb,0.8,0.8,Canon 60D,FL11,0.0,0.0
shading,spectral_radiance,0.8,0.8,Canon 60D,FL11,1.73472347598e-18,1.79798990359e-16
shading,cie_xyz,0.8,0.8,Canon 60D,FL11,2.77555756156e-17,1.54197832792e-16
shading,camera_rgb_raw,0.8,0.8,Canon 60D,FL11,4.16333634234e-17,4.63824487946e-16
shading,camera_rgb_wb,0.8,0.8,Canon 60D,FL11,8.32667268469e-17,4.01535967307e-16
shading,spectral_radiance,0.8,0.8,Canon 60D,FL11,0.0,0.0
shading,cie_xyz,0.8,0.8,Canon 60D,FL11,0.0,0.0
shading,camera_rgb_raw,0.8,0.8,Canon 60D,FL11,0.0,0.0
shading,camera_rgb_wb,0.8,0.8,Canon 60D,FL11,0.0,0.0
shading,spectral_radiance,0.8,0.8,Hasselblad H2,FL11,0.0,0.0
shading,cie_xyz,0.8,0.8,Hasselblad H2,FL11,0.0,0.0
shading,camera_rgb_raw,0.8,0.8,Hasselblad H2,FL11,0.0,0.0
shading,camera_rgb_wb,0.8,0.8,Hasselblad H2,FL11,0.0,0.0
shading,spectral_radiance,0.8,0.8,Hasselblad H2,FL11,0.0,0.0
shading,cie_xyz,0.8,0.8,Hasselblad H2,FL11,0.0,0.0
shading,camera_rgb_raw,0.8,0.8,Hasselblad H2,FL11,0.0,0.0
shading,camera_rgb_wb,0.8,0.8,Hasselblad H2,FL11,0.0,0.0
shading,spectral_radiance,0.8,0.8,Hasselblad H2,FL11,1.73472347598e-18,1.79798990359e-16
shading,cie_xyz,0.8,0.8,Hasselblad H2,FL11,2.77555756156e-17,1.54197832792e-16
shading,camera_rgb_raw,0.8,0.8,Hasselblad H2,FL11,1.38777878078e-17,1.80862898046e-16
shading,camera_rgb_wb,0.8,0.8,Hasselblad H2,FL11,2.77555756156e-17,1.22440665747e-16
shading,spectral_radiance,0.8,0.8,Hasselblad H2,FL11,0.0,0.0
shading,cie_xyz,0.8,0.8,Hasselblad H2,FL11,0.0,0.0
shading,camera_rgb_raw,0.8,0.8,Hasselblad H2,FL11,0.0,0.0
shading,camera_rgb_wb,0.8,0.8,Hasselblad H2,FL11,0.0,0.0
shading,spectral_radiance,0.8,0.8,Nikon D3X,FL11,0.0,0.0
shading,cie_xyz,0.8,0.8,Nikon D3X,FL11,0.0,0.0
shading,camera_rgb_raw,0.8,0.8,Nikon D3X,FL11,0.0,0.0
shading,camera_rgb_wb,0.8,0.8,Nikon D3X,FL11,0.0,0.0
shading,spectral_radiance,0.8,0.8,Nikon D3X,FL11,0.0,0.0
shading,cie_xyz,0.8,0.8,Nikon D3X,FL11,0.0,0.0
shading,camera_rgb_raw,0.8,0.8,Nikon D3X,FL11,0.0,0.0
shading,camera_rgb_wb,0.8,0.8,Nikon D3X,FL11,0.0,0.0
shading,spectral_radiance,0.8,0.8,Nikon D3X,FL11,1.73472347598e-18,1.79798990359e-16
shading,cie_xyz,0.8,0.8,Nikon D3X,FL11,2.77555756156e-17,1.54197832792e-16
shading,camera_rgb_raw,0.8,0.8,Nikon D3X,FL11,2.77555756156e-17,2.93779921869e-16
shading,camera_rgb_wb,0.8,0.8,Nikon D3X,FL11,1.11022302463e-16,4.95908706795e-16
shading,spectral_radiance,0.8,0.8,Nikon D3X,FL11,0.0,0.0
shading,cie_xyz,0.8,0.8,Nikon D3X,FL11,0.0,0.0
shading,camera_rgb_raw,0.8,0.8,Nikon D3X,FL11,0.0,0.0
shading,camera_rgb_wb,0.8,0.8,Nikon D3X,FL11,0.0,0.0
shading,spectral_radiance,0.8,0.8,Nikon D200,FL11,0.0,0.0
shading,cie_xyz,0.8,0.8,Nikon D200,FL11,0.0,0.0
shading,camera_rgb_raw,0.8,0.8,Nikon D200,FL11,0.0,0.0
shading,camera_rgb_wb,0.8,0.8,Nikon D200,FL11,0.0,0.0
shading,spectral_radiance,0.8,0.8,Nikon D200,FL11,0.0,0.0
shading,cie_xyz,0.8,0.8,Nikon D200,FL11,0.0,0.0
shading,camera_rgb_raw,0.8,0.8,Nikon D200,FL11,0.0,0.0
shading,camera_rgb_wb,0.8,0.8,Nikon D200,FL11,0.0,0.0
shading,spectral_radiance,0.8,0.8,Nikon D200,FL11,1.73472347598e-18,1.79798990359e-16
shading,cie_xyz,0.8,0.8,Nikon D200,FL11,2.77555756156e-17,1.54197832792e-16
shading,camera_rgb_raw,0.8,0.8,Nikon D200,FL11,1.38777878078e-17,1.31679632406e-16
shading,camera_rgb_wb,0.8,0.8,Nikon D200,FL11,5.55111512313e-17,2.48713000793e-16
shading,spectral_radiance,0.8,0.8,Nikon D200,FL11,0.0,0.0
shading,cie_xyz,0.8,0.8,Nikon D200,FL11,0.0,0.0
shading,camera_rgb_raw,0.8,0.8,Nikon D200,FL11,0.0,0.0
shading,camera_rgb_wb,0.8,0.8,Nikon D200,FL11,0.0,0.0
shading,spectral_radiance,0.8,0.8,Nikon D3,FL11,0.0,0.0
shading,cie_xyz,0.8,0.8,Nikon D3,FL11,0.0,0.0
shading,camera_rgb_raw,0.8,0.8,Nikon D3,FL11,0.0,0.0
shading,camera_rgb_wb,0.8,0.8,Nikon D3,FL11,0.0,0.0
shading,spectral_radiance,0.8,0.8,Nikon D3,FL11,0.0,0.0
shading,cie_xyz,0.8,0.8,Nikon D3,FL11,0.0,0.0
shading,camera_rgb_raw,0.8,0.8,Nikon D3,FL11,0.0,0.0
shading,camera_rgb_wb,0.8,0.8,Nikon D3,FL11,0.0,0.0
shading,spectral_radiance,0.8,0.8,Nikon D3,FL11,1.73472347598e-18,1.79798990359e-16
shading,cie_xyz,0.8,0.8,Nikon D3,FL11,2.77555756156e-17,1.54197832792e-16
shading,camera_rgb_raw,0.8,0.8,Nikon D3,FL11,1.38777878078e-17,1.38562197719e-16
shading,camera_rgb_wb,0.8,0.8,Nikon D3,FL11,2.77555756156e-17,1.25026500811e-16
shading,spectral_radiance,0.8,0.8,Nikon D3,FL11,0.0,0.0
shading,cie_xyz,0.8,0.8,Nikon D3,FL11,0.0,0.0
shading,camera_rgb_raw,0.8,0.8,Nikon D3,FL11,0.0,0.0
shading,camera_rgb_wb,0.8,0.8,Nikon D3,FL11,0.0,0.0
shading,spectral_radiance,0.8,0.8,Nikon D300s,FL11,0.0,0.0
shading,cie_xyz,0.8,0.8,Nikon D300s,FL11,0.0,0.0
shading,camera_rgb_raw,0.8,0.8,Nikon D300s,FL11,0.0,0.0
shading,camera_rgb_wb,0.8,0.8,Nikon D300s,FL11,0.0,0.0
shading,spectral_radiance,0.8,0.8,Nikon D300s,FL11,0.0,0.0
shading,cie_xyz,0.8,0.8,Nikon D300s,FL11,0.0,0.0
shading,camera_rgb_raw,0.8,0.8,Nikon D300s,FL11,0.0,0.0
shading,camera_rgb_wb,0.8,0.8,Nikon D300s,FL11,0.0,0.0
shading,spectral_radiance,0.8,0.8,Nikon D300s,FL11,1.73472347598e-18,1.79798990359e-16
shading,cie_xyz,0.8,0.8,Nikon D300s,FL11,2.77555756156e-17,1.54197832792e-16
shading,camera_rgb_raw,0.8,0.8,Nikon D300s,FL11,0.0,0.0
shading,camera_rgb_wb,0.8,0.8,Nikon D300s,FL11,3.46944695195e-18,1.59661853926e-17
shading,spectral_radiance,0.8,0.8,Nikon D300s,FL11,0.0,0.0
shading,cie_xyz,0.8,0.8,Nikon D300s,FL11,0.0,0.0
shading,camera_rgb_raw,0.8,0.8,Nikon D300s,FL11,0.0,0.0
shading,camera_rgb_wb,0.8,0.8,Nikon D300s,FL11,0.0,0.0
shading,spectral_radiance,0.8,0.8,Nikon D40,FL11,0.0,0.0
shading,cie_xyz,0.8,0.8,Nikon D40,FL11,0.0,0.0
shading,camera_rgb_raw,0.8,0.8,Nikon D40,FL11,0.0,0.0
shading,camera_rgb_wb,0.8,0.8,Nikon D40,FL11,0.0,0.0
shading,spectral_radiance,0.8,0.8,Nikon D40,FL11,0.0,0.0
shading,cie_xyz,0.8,0.8,Nikon D40,FL11,0.0,0.0
shading,camera_rgb_raw,0.8,0.8,Nikon D40,FL11,0.0,0.0
shading,camera_rgb_wb,0.8,0.8,Nikon D40,FL11,0.0,0.0
shading,spectral_radiance,0.8,0.8,Nikon D40,FL11,1.73472347598e-18,1.79798990359e-16
shading,cie_xyz,0.8,0.8,Nikon D40,FL11,2.77555756156e-17,1.54197832792e-16
shading,camera_rgb_raw,0.8,0.8,Nikon D40,FL11,2.77555756156e-17,3.29942754342e-16
shading,camera_rgb_wb,0.8,0.8,Nikon D40,FL11,8.32667268469e-17,3.80059895049e-16
shading,spectral_radiance,0.8,0.8,Nikon D40,FL11,0.0,0.0
shading,cie_xyz,0.8,0.8,Nikon D40,FL11,0.0,0.0
shading,camera_rgb_raw,0.8,0.8,Nikon D40,FL11,0.0,0.0
shading,camera_rgb_wb,0.8,0.8,Nikon D40,FL11,0.0,0.0
shading,spectral_radiance,0.8,0.8,Nikon D50,FL11,0.0,0.0
shading,cie_xyz,0.8,0.8,Nikon D50,FL11,0.0,0.0
shading,camera_rgb_raw,0.8,0.8,Nikon D50,FL11,0.0,0.0
shading,camera_rgb_wb,0.8,0.8,Nikon D50,FL11,0.0,0.0
shading,spectral_radiance,0.8,0.8,Nikon D50,FL11,0.0,0.0
shading,cie_xyz,0.8,0.8,Nikon D50,FL11,0.0,0.0
shading,camera_rgb_raw,0.8,0.8,Nikon D50,FL11,0.0,0.0
shading,camera_rgb_wb,0.8,0.8,Nikon D50,FL11,0.0,0.0
shading,spectral_radiance,0.8,0.8,Nikon D50,FL11,1.73472347598e-18,1.79798990359e-16
shading,cie_xyz,0.8,0.8,Nikon D50,FL11,2.77555756156e-17,1.54197832792e-16
shading,camera_rgb_raw,0.8,0.8,Nikon D50,FL11,2.77555756156e-17,3.30206148317e-16
shading,camera_rgb_wb,0.8,0.8,Nikon D50,FL11,5.55111512313e-17,2.49216087729e-16
shading,spectral_radiance,0.8,0.8,Nikon D50,FL11,0.0,0.0
shading,cie_xyz,0.8,0.8,Nikon D50,FL11,0.0,0.0
shading,camera_rgb_raw,0.8,0.8,Nikon D50,FL11,0.0,0.0
shading,camera_rgb_wb,0.8,0.8,Nikon D50,FL11,0.0,0.0
shading,spectral_radiance,0.8,0.8,Nikon D5100,FL11,0.0,0.0
shading,cie_xyz,0.8,0.8,Nikon D5100,FL11,0.0,0.0
shading,camera_rgb_raw,0.8,0.8,Nikon D5100,FL11,0.0,0.0
shading,camera_rgb_wb,0.8,0.8,Nikon D5100,FL11,0.0,0.0
shading,spectral_radiance,0.8,0.8,Nikon D5100,FL11,0.0,0.0
shading,cie_xyz,0.8,0.8,Nikon D5100,FL11,0.0,0.0
shading,camera_rgb_raw,0.8,0.8,Nikon D5100,FL11,0.0,0.0
shading,camera_rgb_wb,0.8,0.8,Nikon D5100,FL11,0.0,0.0
shading,spectral_radiance,0.8,0.8,Nikon D5100,FL11,1.73472347598e-18,1.79798990359e-16
shading,cie_xyz,0.8,0.8,Nikon D5100,FL11,2.77555756156e-17,1.54197832792e-16
shading,camera_rgb_raw,0.8,0.8,Nikon D5100,FL11,2.77555756156e-17,2.90039384098e-16
shading,camera_rgb_wb,0.8,0.8,Nikon D5100,FL11,5.55111512313e-17,2.57206791613e-16
shading,spectral_radiance,0.8,0.8,Nikon D5100,FL11,0.0,0.0
shading,cie_xyz,0.8,0.8,Nikon D5100,FL11,0.0,0.0
shading,camera_rgb_raw,0.8,0.8,Nikon D5100,FL11,0.0,0.0
shading,camera_rgb_wb,0.8,0.8,Nikon D5100,FL11,0.0,0.0
shading,spectral_radiance,0.8,0.8,Nikon D700,FL11,0.0,0.0
shading,cie_xyz,0.8,0.8,Nikon D700,FL11,0.0,0.0
shading,camera_rgb_raw,0.8,0.8,Nikon D700,FL11,0.0,0.0
shading,camera_rgb_wb,0.8,0.8,Nikon D700,FL11,0.0,0.0
shading,spectral_radiance,0.8,0.8,Nikon D700,FL11,0.0,0.0
shading,cie_xyz,0.8,0.8,Nikon D700,FL11,0.0,0.0
shading,camera_rgb_raw,0.8,0.8,Nikon D700,FL11,0.0,0.0
shading,camera_rgb_wb,0.8,0.8,Nikon D700,FL11,0.0,0.0
shading,spectral_radiance,0.8,0.8,Nikon D700,FL11,1.73472347598e-18,1.79798990359e-16
shading,cie_xyz,0.8,0.8,Nikon D700,FL11,2.77555756156e-17,1.54197832792e-16
shading,camera_rgb_raw,0.8,0.8,Nikon D700,FL11,1.38777878078e-17,1.33224522931e-16
shading,camera_rgb_wb,0.8,0.8,Nikon D700,FL11,2.77555756156e-17,1.24872043751e-16
shading,spectral_radiance,0.8,0.8,Nikon D700,FL11,0.0,0.0
shading,cie_xyz,0.8,0.8,Nikon D700,FL11,0.0,0.0
shading,camera_rgb_raw,0.8,0.8,Nikon D700,FL11,0.0,0.0
shading,camera_rgb_wb,0.8,0.8,Nikon D700,FL11,0.0,0.0
shading,spectral_radiance,0.8,0.8,Nikon D80,FL11,0.0,0.0
shading,cie_xyz,0.8,0.8,Nikon D80,FL11,0.0,0.0
shading,camera_rgb_raw,0.8,0.8,Nikon D80,FL11,0.0,0.0
shading,camera_rgb_wb,0.8,0.8,Nikon D80,FL11,0.0,0.0
shading,spectral_radiance,0.8,0.8,Nikon D80,FL11,0.0,0.0
shading,cie_xyz,0.8,0.8,Nikon D80,FL11,0.0,0.0
shading,camera_rgb_raw,0.8,0.8,Nikon D80,FL11,0.0,0.0
shading,camera_rgb_wb,0.8,0.8,Nikon D80,FL11,0.0,0.0
shading,spectral_radiance,0.8,0.8,Nikon D80,FL11,1.73472347598e-18,1.79798990359e-16
shading,cie_xyz,0.8,0.8,Nikon D80,FL11,2.77555756156e-17,1.54197832792e-16
shading,camera_rgb_raw,0.8,0.8,Nikon D80,FL11,2.77555756156e-17,3.26636166189e-16
shading,camera_rgb_wb,0.8,0.8,Nikon D80,FL11,1.11022302463e-16,5.02242194509e-16
shading,spectral_radiance,0.8,0.8,Nikon D80,FL11,0.0,0.0
shading,cie_xyz,0.8,0.8,Nikon D80,FL11,0.0,0.0
shading,camera_rgb_raw,0.8,0.8,Nikon D80,FL11,0.0,0.0
shading,camera_rgb_wb,0.8,0.8,Nikon D80,FL11,0.0,0.0
shading,spectral_radiance,0.8,0.8,Nikon D90,FL11,0.0,0.0
shading,cie_xyz,0.8,0.8,Nikon D90,FL11,0.0,0.0
shading,camera_rgb_raw,0.8,0.8,Nikon D90,FL11,0.0,0.0
shading,camera_rgb_wb,0.8,0.8,Nikon D90,FL11,0.0,0.0
shading,spectral_radiance,0.8,0.8,Nikon D90,FL11,0.0,0.0
shading,cie_xyz,0.8,0.8,Nikon D90,FL11,0.0,0.0
shading,camera_rgb_raw,0.8,0.8,Nikon D90,FL11,0.0,0.0
shading,camera_rgb_wb,0.8,0.8,Nikon D90,FL11,0.0,0.0
shading,spectral_radiance,0.8,0.8,Nikon D90,FL11,1.73472347598e-18,1.79798990359e-16
shading,cie_xyz,0.8,0.8,Nikon D90,FL11,2.77555756156e-17,1.54197832792e-16
shading,camera_rgb_raw,0.8,0.8,Nikon D90,FL11,2.77555756156e-17,2.89701278685e-16
shading,camera_rgb_wb,0.8,0.8,Nikon D90,FL11,4.16333634234e-17,1.92560819826e-16
shading,spectral_radiance,0.8,0.8,Nikon D90,FL11,0.0,0.0
shading,cie_xyz,0.8,0.8,Nikon D90,FL11,0.0,0.0
shading,camera_rgb_raw,0.8,0.8,Nikon D90,FL11,0.0,0.0
shading,camera_rgb_wb,0.8,0.8,Nikon D90,FL11,0.0,0.0
shading,spectral_radiance,0.8,0.8,Nokia N900,FL11,0.0,0.0
shading,cie_xyz,0.8,0.8,Nokia N900,FL11,0.0,0.0
shading,camera_rgb_raw,0.8,0.8,Nokia N900,FL11,0.0,0.0
shading,camera_rgb_wb,0.8,0.8,Nokia N900,FL11,0.0,0.0
shading,spectral_radiance,0.8,0.8,Nokia N900,FL11,0.0,0.0
shading,cie_xyz,0.8,0.8,Nokia N900,FL11,0.0,0.0
shading,camera_rgb_raw,0.8,0.8,Nokia N900,FL11,0.0,0.0
shading,camera_rgb_wb,0.8,0.8,Nokia N900,FL11,0.0,0.0
shading,spectral_radiance,0.8,0.8,Nokia N900,FL11,1.73472347598e-18,1.79798990359e-16
shading,cie_xyz,0.8,0.8,Nokia N900,FL11,2.77555756156e-17,1.54197832792e-16
shading,camera_rgb_raw,0.8,0.8,Nokia N900,FL11,2.77555756156e-17,1.81394209739e-16
shading,camera_rgb_wb,0.8,0.8,Nokia N900,FL11,5.55111512313e-17,2.49976720065e-16
shading,spectral_radiance,0.8,0.8,Nokia N900,FL11,0.0,0.0
shading,cie_xyz,0.8,0.8,Nokia N900,FL11,0.0,0.0
shading,camera_rgb_raw,0.8,0.8,Nokia N900,FL11,0.0,0.0
shading,camera_rgb_wb,0.8,0.8,Nokia N900,FL11,0.0,0.0
shading,spectral_radiance,0.8,0.8,Olympus E-PL2,FL11,0.0,0.0
shading,cie_xyz,0.8,0.8,Olympus E-PL2,FL11,0.0,0.0
shading,camera_rgb_raw,0.8,0.8,Olympus E-PL2,FL11,0.0,0.0
shading,camera_rgb_wb,0.8,0.8,Olympus E-PL2,FL11,0.0,0.0
shading,spectral_radiance,0.8,0.8,Olympus E-PL2,FL11,0.0,0.0
shading,cie_xyz,0.8,0.8,Olympus E-PL2,FL11,0.0,0.0
shading,camera_rgb_raw,0.8,0.8,Olympus E-PL2,FL11,0.0,0.0
shading,camera_rgb_wb,0.8,0.8,Olympus E-PL2,FL11,0.0,0.0
shading,spectral_radiance,0.8,0.8,Olympus E-PL2,FL11,1.73472347598e-18,1.79798990359e-16
shading,cie_xyz,0.8,0.8,Olympus E-PL2,FL11,2.77555756156e-17,1.54197832792e-16
shading,camera_rgb_raw,0.8,0.8,Olympus E-PL2,FL11,8.32667268469e-17,4.84346646053e-16
shading,camera_rgb_wb,0.8,0.8,Olympus E-PL2,FL11,1.38777878078e-16,5.75272061128e-16
shading,spectral_radiance,0.8,0.8,Olympus E-PL2,FL11,0.0,0.0
shading,cie_xyz,0.8,0.8,Olympus E-PL2,FL11,0.0,0.0
shading,camera_rgb_raw,0.8,0.8,Olympus E-PL2,FL11,0.0,0.0
shading,camera_rgb_wb,0.8,0.8,Olympus E-PL2,FL11,0.0,0.0
shading,spectral_radiance,0.8,0.8,Pentax K-5,FL11,0.0,0.0
shading,cie_xyz,0.8,0.8,Pentax K-5,FL11,0.0,0.0
shading,camera_rgb_raw,0.8,0.8,Pentax K-5,FL11,0.0,0.0
shading,camera_rgb_wb,0.8,0.8,Pentax K-5,FL11,0.0,0.0
shading,spectral_radiance,0.8,0.8,Pentax K-5,FL11,0.0,0.0
shading,cie_xyz,0.8,0.8,Pentax K-5,FL11,0.0,0.0
shading,camera_rgb_raw,0.8,0.8,Pentax K-5,FL11,0.0,0.0
shading,camera_rgb_wb,0.8,0.8,Pentax K-5,FL11,0.0,0.0
shading,spectral_radiance,0.8,0.8,Pentax K-5,FL11,1.73472347598e-18,1.79798990359e-16
shading,cie_xyz,0.8,0.8,Pentax K-5,FL11,2.77555756156e-17,1.54197832792e-16
shading,camera_rgb_raw,0.8,0.8,Pentax K-5,FL11,4.16333634234e-17,4.51259147612e-16
shading,camera_rgb_wb,0.8,0.8,Pentax K-5,FL11,8.32667268469e-17,3.79992239658e-16
shading,spectral_radiance,0.8,0.8,Pentax K-5,FL11,0.0,0.0
shading,cie_xyz,0.8,0.8,Pentax K-5,FL11,0.0,0.0
shading,camera_rgb_raw,0.8,0.8,Pentax K-5,FL11,0.0,0.0
shading,camera_rgb_wb,0.8,0.8,Pentax K-5,FL11,0.0,0.0
shading,spectral_radiance,0.8,0.8,Pentax Q,FL11,0.0,0.0
shading,cie_xyz,0.8,0.8,Pentax Q,FL11,0.0,0.0
shading,camera_rgb_raw,0.8,0.8,Pentax Q,FL11,0.0,0.0
shading,camera_rgb_wb,0.8,0.8,Pentax Q,FL11,0.0,0.0
shading,spectral_radiance,0.8,0.8,Pentax Q,FL11,0.0,0.0
shading,cie_xyz,0.8,0.8,Pentax Q,FL11,0.0,0.0
shading,camera_rgb_raw,0.8,0.8,Pentax Q,FL11,0.0,0.0
shading,camera_rgb_wb,0.8,0.8,Pentax Q,FL11,0.0,0.0
shading,spectral_radiance,0.8,0.8,Pentax Q,FL11,1.73472347598e-18,1.79798990359e-16
shading,cie_xyz,0.8,0.8,Pentax Q,FL11,2.77555756156e-17,1.54197832792e-16
shading,camera_rgb_raw,0.8,0.8,Pentax Q,FL11,5.55111512313e-17,3.47306163211e-16
shading,camera_rgb_wb,0.8,0.8,Pentax Q,FL11,8.32667268469e-17,3.67271572745e-16
shading,spectral_radiance,0.8,0.8,Pentax Q,FL11,0.0,0.0
shading,cie_xyz,0.8,0.8,Pentax Q,FL11,0.0,0.0
shading,camera_rgb_raw,0.8,0.8,Pentax Q,FL11,0.0,0.0
shading,camera_rgb_wb,0.8,0.8,Pentax Q,FL11,0.0,0.0
shading,spectral_radiance,0.8,0.8,Point Grey Grasshopper 50S5C,FL11,0.0,0.0
shading,cie_xyz,0.8,0.8,Point Grey Grasshopper 50S5C,FL11,0.0,0.0
shading,camera_rgb_raw,0.8,0.8,Point Grey Grasshopper 50S5C,FL11,0.0,0.0
shading,camera_rgb_wb,0.8,0.8,Point Grey Grasshopper 50S5C,FL11,0.0,0.0
shading,spectral_radiance,0.8,0.8,Point Grey Grasshopper 50S5C,FL11,0.0,0.0
shading,cie_xyz,0.8,0.8,Point Grey Grasshopper 50S5C,FL11,0.0,0.0
shading,camera_rgb_raw,0.8,0.8,Point Grey Grasshopper 50S5C,FL11,0.0,0.0
shading,camera_rgb_wb,0.8,0.8,Point Grey Grasshopper 50S5C,FL11,0.0,0.0
shading,spectral_radiance,0.8,0.8,Point Grey Grasshopper 50S5C,FL11,1.73472347598e-18,1.79798990359e-16
shading,cie_xyz,0.8,0.8,Point Grey Grasshopper 50S5C,FL11,2.77555756156e-17,1.54197832792e-16
shading,camera_rgb_raw,0.8,0.8,Point Grey Grasshopper 50S5C,FL11,2.08166817117e-17,2.23141743353e-16
shading,camera_rgb_wb,0.8,0.8,Point Grey Grasshopper 50S5C,FL11,5.55111512313e-17,2.11137598929e-16
shading,spectral_radiance,0.8,0.8,Point Grey Grasshopper 50S5C,FL11,0.0,0.0
shading,cie_xyz,0.8,0.8,Point Grey Grasshopper 50S5C,FL11,0.0,0.0
shading,camera_rgb_raw,0.8,0.8,Point Grey Grasshopper 50S5C,FL11,0.0,0.0
shading,camera_rgb_wb,0.8,0.8,Point Grey Grasshopper 50S5C,FL11,0.0,0.0
shading,spectral_radiance,0.8,0.8,Point Grey Grasshopper2 14S5C,FL11,0.0,0.0
shading,cie_xyz,0.8,0.8,Point Grey Grasshopper2 14S5C,FL11,0.0,0.0
shading,camera_rgb_raw,0.8,0.8,Point Grey Grasshopper2 14S5C,FL11,0.0,0.0
shading,camera_rgb_wb,0.8,0.8,Point Grey Grasshopper2 14S5C,FL11,0.0,0.0
shading,spectral_radiance,0.8,0.8,Point Grey Grasshopper2 14S5C,FL11,0.0,0.0
shading,cie_xyz,0.8,0.8,Point Grey Grasshopper2 14S5C,FL11,0.0,0.0
shading,camera_rgb_raw,0.8,0.8,Point Grey Grasshopper2 14S5C,FL11,0.0,0.0
shading,camera_rgb_wb,0.8,0.8,Point Grey Grasshopper2 14S5C,FL11,0.0,0.0
shading,spectral_radiance,0.8,0.8,Point Grey Grasshopper2 14S5C,FL11,1.73472347598e-18,1.79798990359e-16
shading,cie_xyz,0.8,0.8,Point Grey Grasshopper2 14S5C,FL11,2.77555756156e-17,1.54197832792e-16
shading,camera_rgb_raw,0.8,0.8,Point Grey Grasshopper2 14S5C,FL11,2.77555756156e-17,2.5070351624e-16
shading,camera_rgb_wb,0.8,0.8,Point Grey Grasshopper2 14S5C,FL11,5.55111512313e-17,2.2540677183e-16
shading,spectral_radiance,0.8,0.8,Point Grey Grasshopper2 14S5C,FL11,0.0,0.0
shading,cie_xyz,0.8,0.8,Point Grey Grasshopper2 14S5C,FL11,0.0,0.0
shading,camera_rgb_raw,0.8,0.8,Point Grey Grasshopper2 14S5C,FL11,0.0,0.0
shading,camera_rgb_wb,0.8,0.8,Point Grey Grasshopper2 14S5C,FL11,0.0,0.0
shading,spectral_radiance,0.8,0.8,Phase One,FL11,0.0,0.0
shading,cie_xyz,0.8,0.8,Phase One,FL11,0.0,0.0
shading,camera_rgb_raw,0.8,0.8,Phase One,FL11,0.0,0.0
shading,camera_rgb_wb,0.8,0.8,Phase One,FL11,0.0,0.0
shading,spectral_radiance,0.8,0.8,Phase One,FL11,0.0,0.0
shading,cie_xyz,0.8,0.8,Phase One,FL11,0.0,0.0
shading,camera_rgb_raw,0.8,0.8,Phase One,FL11,0.0,0.0
shading,camera_rgb_wb,0.8,0.8,Phase One,FL11,0.0,0.0
shading,spectral_radiance,0.8,0.8,Phase One,FL11,1.73472347598e-18,1.79798990359e-16
shading,cie_xyz,0.8,0.8,Phase One,FL11,2.77555756156e-17,1.54197832792e-16
shading,camera_rgb_raw,0.8,0.8,Phase One,FL11,1.38777878078e-17,1.48040248014e-16
shading,camera_rgb_wb,0.8,0.8,Phase One,FL11,2.77555756156e-17,1.43965267272e-16
shading,spectral_radiance,0.8,0.8,Phase One,FL11,0.0,0.0
shading,cie_xyz,0.8,0.8,Phase One,FL11,0.0,0.0
shading,camera_rgb_raw,0.8,0.8,Phase One,FL11,0.0,0.0
shading,camera_rgb_wb,0.8,0.8,Phase One,FL11,0.0,0.0
shading,spectral_radiance,0.8,0.8,SONY NEX-5N,FL11,0.0,0.0
shading,cie_xyz,0.8,0.8,SONY NEX-5N,FL11,0.0,0.0
shading,camera_rgb_raw,0.8,0.8,SONY NEX-5N,FL11,0.0,0.0
shading,camera_rgb_wb,0.8,0.8,SONY NEX-5N,FL11,0.0,0.0
shading,spectral_radiance,0.8,0.8,SONY NEX-5N,FL11,0.0,0.0
shading,cie_xyz,0.8,0.8,SONY NEX-5N,FL11,0.0,0.0
shading,camera_rgb_raw,0.8,0.8,SONY NEX-5N,FL11,0.0,0.0
shading,camera_rgb_wb,0.8,0.8,SONY NEX-5N,FL11,0.0,0.0
shading,spectral_radiance,0.8,0.8,SONY NEX-5N,FL11,1.73472347598e-18,1.79798990359e-16
shading,cie_xyz,0.8,0.8,SONY NEX-5N,FL11,2.77555756156e-17,1.54197832792e-16
shading,camera_rgb_raw,0.8,0.8,SONY NEX-5N,FL11,1.38777878078e-17,1.88455789721e-16
shading,camera_rgb_wb,0.8,0.8,SONY NEX-5N,FL11,2.77555756156e-17,1.3116902784e-16
shading,spectral_radiance,0.8,0.8,SONY NEX-5N,FL11,0.0,0.0
shading,cie_xyz,0.8,0.8,SONY NEX-5N,FL11,0.0,0.0
shading,camera_rgb_raw,0.8,0.8,SONY NEX-5N,FL11,0.0,0.0
shading,camera_rgb_wb,0.8,0.8,SONY NEX-5N,FL11,0.0,0.0
